time,beamID,lineOfSightWindSpeed1,lineOfSightWindSpeed2,lineOfSightWindSpeed3,lineOfSightWindSpeed4,lineOfSightWindSpeed5,lineOfSightWindSpeed6,lineOfSightWindSpeed7,lineOfSightWindSpeed8,lineOfSightWindSpeed9,lineOfSightWindSpeed10,isValid1,isValid2,isValid3,isValid4,isValid5,isValid6,isValid7,isValid8,isValid9,isValid10
0.0,1.0,15.872970520241008,16.27031386337609,18.10048103601216,19.82912503653288,21.27017029081484,20.05109065028688,19.41968923050523,20.10470649309315,20.183470943845204,20.3848621734966,1.0,1.0,1.0,1.0,1.0,1.0,1.0,1.0,1.0,1.0
0.25,2.0,13.723456640324653,14.742525329946766,16.795612319223554,15.352169409626685,13.745919294618522,14.049036064892434,14.735330416228356,14.27494714933897,14.818986583842882,13.74764960793517,1.0,1.0,1.0,1.0,1.0,1.0,1.0,1.0,1.0,1.0
0.5,3.0,0.0,0.0,0.0,0.0,0.0,0.0,0.0,0.0,0.0,0.0,0.0,0.0,0.0,0.0,0.0,0.0,0.0,0.0,0.0,0.0
0.75,4.0,17.691022150619723,18.324934391434567,17.56863106092992,17.86236001467228,18.70996041843941,19.098907881389227,19.383538715298744,18.96089659199246,17.965077065130377,18.876165728070713,1.0,1.0,1.0,1.0,1.0,1.0,1.0,1.0,1.0,1.0
1.0,1.0,17.860008858600857,16.768618723959985,17.752866087622486,18.942577642785793,20.59111013065573,19.401348261239285,19.734834125299265,19.48629243920577,19.316732251736852,19.18677095266784,1.0,1.0,1.0,1.0,1.0,1.0,1.0,1.0,1.0,1.0
1.25,2.0,14.306104203647251,15.975561576795036,15.772869186803186,15.140615887911366,14.996247616981702,15.77762772609191,16.615291101559983,15.608608151449243,14.73378032646246,13.976274228922412,1.0,1.0,1.0,1.0,1.0,1.0,1.0,1.0,1.0,1.0
1.5,3.0,15.233905973037041,16.02249872083825,17.263273393758258,15.712960086734356,14.743052260919413,14.055877138878365,15.699254053687596,15.782884058064703,15.660358156231393,15.304795307239193,1.0,1.0,1.0,1.0,1.0,1.0,1.0,1.0,1.0,1.0
1.75,4.0,17.025684842165997,17.808231495780127,17.198860689286025,17.29916479398756,17.595818027901995,17.95441472548987,18.11349957002149,18.34142485768698,18.527952395951406,19.38840308664344,1.0,1.0,1.0,1.0,1.0,1.0,1.0,1.0,1.0,1.0
2.0,1.0,0.0,0.0,0.0,0.0,0.0,0.0,0.0,0.0,0.0,0.0,0.0,0.0,0.0,0.0,0.0,0.0,0.0,0.0,0.0,0.0
2.25,2.0,0.0,0.0,0.0,0.0,0.0,0.0,0.0,0.0,0.0,0.0,0.0,0.0,0.0,0.0,0.0,0.0,0.0,0.0,0.0,0.0
2.5,3.0,15.953037286964095,16.656482101607114,16.363632879262877,14.301616915118663,14.629025955654518,14.816664890227358,15.13730786662428,15.974136739628134,15.288776384991426,16.187387002199333,1.0,1.0,1.0,1.0,1.0,1.0,1.0,1.0,1.0,1.0
2.75,4.0,0.0,0.0,0.0,0.0,0.0,0.0,0.0,0.0,0.0,0.0,0.0,0.0,0.0,0.0,0.0,0.0,0.0,0.0,0.0,0.0
3.0,1.0,17.01901487783639,16.05272646341841,17.822859186534703,19.851093288279177,20.195652050594493,20.13116355556455,20.07642731389744,20.761000708991606,20.77110603903144,20.184820567306634,1.0,1.0,1.0,1.0,1.0,1.0,1.0,1.0,1.0,1.0
3.25,2.0,16.374196378334396,16.545957027234177,16.036356078760058,15.103373995839796,16.104511786938403,16.09286688120874,16.619058262318443,15.759972160238044,15.285145320166867,13.891391860851865,1.0,1.0,1.0,1.0,1.0,1.0,1.0,1.0,1.0,1.0
3.5,3.0,0.0,0.0,0.0,0.0,0.0,0.0,0.0,0.0,0.0,0.0,0.0,0.0,0.0,0.0,0.0,0.0,0.0,0.0,0.0,0.0
3.75,4.0,17.498543857365547,18.472994001433612,19.475137914099907,18.91036714713971,18.881105169856077,19.80757046865933,20.264116889326537,20.150147093638115,19.892335268906294,20.36259195835725,1.0,1.0,1.0,1.0,1.0,1.0,1.0,1.0,1.0,1.0
4.0,1.0,18.00403871875974,17.213607197792033,18.04689465508025,19.318234479010215,20.20099180618405,19.757968955173578,20.071811429420478,19.91312634910885,19.371519883460742,19.226076600631025,1.0,1.0,1.0,1.0,1.0,1.0,1.0,1.0,1.0,1.0
4.25,2.0,0.0,0.0,0.0,0.0,0.0,0.0,0.0,0.0,0.0,0.0,0.0,0.0,0.0,0.0,0.0,0.0,0.0,0.0,0.0,0.0
4.5,3.0,17.47757430900028,15.789207257003337,14.806937075196535,14.388060149452953,15.396603852891463,16.277334627864693,16.34133428051754,17.52647970728171,16.561078853263382,17.555677034674428,1.0,1.0,1.0,1.0,1.0,1.0,1.0,1.0,1.0,1.0
4.75,4.0,17.509308844046032,18.7352534134413,18.55252200739489,17.792992080071393,18.643807174102292,19.411174222270642,20.67574074986932,20.431888285403296,20.001272607337437,19.50601145442364,1.0,1.0,1.0,1.0,1.0,1.0,1.0,1.0,1.0,1.0
5.0,1.0,0.0,0.0,0.0,0.0,0.0,0.0,0.0,0.0,0.0,0.0,0.0,0.0,0.0,0.0,0.0,0.0,0.0,0.0,0.0,0.0
5.25,2.0,16.19295622618986,15.602683007630196,15.301259684082883,14.775391905755496,16.324762833007433,17.18395057096053,17.17370160994024,15.433746651161226,14.523060247372337,13.851368355837733,1.0,1.0,1.0,1.0,1.0,1.0,1.0,1.0,1.0,1.0
5.5,3.0,0.0,0.0,0.0,0.0,0.0,0.0,0.0,0.0,0.0,0.0,0.0,0.0,0.0,0.0,0.0,0.0,0.0,0.0,0.0,0.0
5.75,4.0,0.0,0.0,0.0,0.0,0.0,0.0,0.0,0.0,0.0,0.0,0.0,0.0,0.0,0.0,0.0,0.0,0.0,0.0,0.0,0.0
6.0,1.0,17.992616843430387,18.990232654440245,18.50382369312478,20.019260511428445,21.97792167520435,20.446212862437477,21.422088961586415,20.160026596649935,18.919828330680996,19.138338942181726,1.0,1.0,1.0,1.0,1.0,1.0,1.0,1.0,1.0,1.0
6.25,2.0,16.050243259391344,15.644169002050555,16.03406074117206,15.306753722010926,16.841560573610426,17.039176378935128,17.55762866534999,15.345602917761061,15.180638192270003,14.629047027447701,1.0,1.0,1.0,1.0,1.0,1.0,1.0,1.0,1.0,1.0
6.5,3.0,0.0,0.0,0.0,0.0,0.0,0.0,0.0,0.0,0.0,0.0,0.0,0.0,0.0,0.0,0.0,0.0,0.0,0.0,0.0,0.0
6.75,4.0,17.915558999055428,18.80310128509591,19.10889961884982,18.48836421260952,18.716032806081845,18.815802766986703,19.433460147680172,18.818048488992368,18.34068306337459,18.97993792155927,1.0,1.0,1.0,1.0,1.0,1.0,1.0,1.0,1.0,1.0
7.0,1.0,18.214960738920844,17.720504306937517,19.308268906211993,21.281021217121157,22.33058657721265,20.820716424882228,20.719128402153693,19.86482081637975,18.636381670908882,18.388964662964316,1.0,1.0,1.0,1.0,1.0,1.0,1.0,1.0,1.0,1.0
7.25,2.0,0.0,0.0,0.0,0.0,0.0,0.0,0.0,0.0,0.0,0.0,0.0,0.0,0.0,0.0,0.0,0.0,0.0,0.0,0.0,0.0
7.5,3.0,15.036011999689606,16.585464153830987,16.466281688446347,16.619333479536422,17.37818960435707,17.31584947078025,17.644748137621466,18.435208880360225,19.58248245490682,19.80727153687411,1.0,1.0,1.0,1.0,1.0,1.0,1.0,1.0,1.0,1.0
7.75,4.0,19.085757198978325,19.462889760964938,18.661902616647627,18.84412477666766,18.923324060243434,18.886438876268635,18.779616697065833,17.35268883457991,16.899563848560614,18.229571366143837,1.0,1.0,1.0,1.0,1.0,1.0,1.0,1.0,1.0,1.0
8.0,1.0,17.97905024964867,17.790667271562956,20.246672974546275,21.345632657152038,22.114307670190442,20.45686563534845,20.261585988972538,19.535400281545137,18.366906593675527,17.37298315089728,1.0,1.0,1.0,1.0,1.0,1.0,1.0,1.0,1.0,1.0
8.25,2.0,15.68685972510718,16.561520858309382,17.061445386425518,18.16704994482585,16.56488992739292,16.190857116418815,16.62452247418847,16.567028676447396,15.540184935788686,14.761920627354923,1.0,1.0,1.0,1.0,1.0,1.0,1.0,1.0,1.0,1.0
8.5,3.0,0.0,0.0,0.0,0.0,0.0,0.0,0.0,0.0,0.0,0.0,0.0,0.0,0.0,0.0,0.0,0.0,0.0,0.0,0.0,0.0
8.75,4.0,19.03408616597079,18.690240351563393,18.45785384687293,19.04193235332374,20.57333468007015,19.52493723849173,18.747110036862246,16.909613387345978,17.247067724553812,18.118411067838778,1.0,1.0,1.0,1.0,1.0,1.0,1.0,1.0,1.0,1.0
9.0,1.0,19.653466147301845,18.59958394455969,19.9017217932657,19.748890546190292,20.289035541768143,18.774276075578353,18.154092770449886,18.713787655585108,18.63405273916401,18.947068754436025,1.0,1.0,1.0,1.0,1.0,1.0,1.0,1.0,1.0,1.0
9.25,2.0,0.0,0.0,0.0,0.0,0.0,0.0,0.0,0.0,0.0,0.0,0.0,0.0,0.0,0.0,0.0,0.0,0.0,0.0,0.0,0.0
9.5,3.0,16.771374795944105,17.07062834808715,17.18667153961586,18.210719133397248,18.032372210259076,18.060447501220796,18.359103572407673,19.50724153340149,20.0799126737766,19.87701855278367,1.0,1.0,1.0,1.0,1.0,1.0,1.0,1.0,1.0,1.0
9.75,4.0,18.349440915804784,17.630509664135268,17.773002639557536,19.31130591162498,20.314872557907822,18.775565817128566,18.440911396622468,17.660106191236135,17.369379341268157,17.87374758839261,1.0,1.0,1.0,1.0,1.0,1.0,1.0,1.0,1.0,1.0
10.0,1.0,0.0,0.0,0.0,0.0,0.0,0.0,0.0,0.0,0.0,0.0,0.0,0.0,0.0,0.0,0.0,0.0,0.0,0.0,0.0,0.0
10.25,2.0,0.0,0.0,0.0,0.0,0.0,0.0,0.0,0.0,0.0,0.0,0.0,0.0,0.0,0.0,0.0,0.0,0.0,0.0,0.0,0.0
10.5,3.0,16.279297964906092,16.642585509197218,17.15124374611203,18.08936552728688,17.701140348136878,19.34047552727669,19.28479323288025,19.174578371190474,19.274036846613726,19.170561853901052,1.0,1.0,1.0,1.0,1.0,1.0,1.0,1.0,1.0,1.0
10.75,4.0,0.0,0.0,0.0,0.0,0.0,0.0,0.0,0.0,0.0,0.0,0.0,0.0,0.0,0.0,0.0,0.0,0.0,0.0,0.0,0.0
11.0,1.0,18.240511814718825,17.338995274495883,16.95000936202962,16.8039096796565,17.947294465892643,16.97697855367216,17.15593766975853,18.069689899739426,18.797049679853192,18.870696748032778,1.0,1.0,1.0,1.0,1.0,1.0,1.0,1.0,1.0,1.0
11.25,2.0,17.08615561699935,16.738228261259685,16.089584649704175,17.80868610387546,16.96458128294575,16.957129713282086,16.72778583809121,17.05836705630373,16.849375039340654,16.899632719800064,1.0,1.0,1.0,1.0,1.0,1.0,1.0,1.0,1.0,1.0
11.5,3.0,0.0,0.0,0.0,0.0,0.0,0.0,0.0,0.0,0.0,0.0,0.0,0.0,0.0,0.0,0.0,0.0,0.0,0.0,0.0,0.0
11.75,4.0,17.738573300072122,19.141428660681417,19.916663958888655,18.707041886119903,17.621035735446853,17.46490261987568,16.292644363286982,17.084357320616853,16.42088375787551,16.809551885274267,1.0,1.0,1.0,1.0,1.0,1.0,1.0,1.0,1.0,1.0
12.0,1.0,17.74783316661247,17.8099431779759,17.892385618793483,17.181512164890517,18.36216823584949,17.14181836715194,16.585871948883938,17.35446037587094,17.685481855741177,17.410261574032056,1.0,1.0,1.0,1.0,1.0,1.0,1.0,1.0,1.0,1.0
12.25,2.0,0.0,0.0,0.0,0.0,0.0,0.0,0.0,0.0,0.0,0.0,0.0,0.0,0.0,0.0,0.0,0.0,0.0,0.0,0.0,0.0
12.5,3.0,17.455109741603902,18.298894713434077,17.90427718272361,18.831177450600475,18.919791828582518,20.06309636809636,20.386881843266618,20.51692101253898,19.42379927867649,18.110381169203993,1.0,1.0,1.0,1.0,1.0,1.0,1.0,1.0,1.0,1.0
12.75,4.0,17.762388633072725,18.147627407009313,19.483696291420014,19.466955507148867,17.89158395168878,16.44626120345889,15.864645353550916,15.848189921401561,16.02329003359964,16.767804757792604,1.0,1.0,1.0,1.0,1.0,1.0,1.0,1.0,1.0,1.0
13.0,1.0,0.0,0.0,0.0,0.0,0.0,0.0,0.0,0.0,0.0,0.0,0.0,0.0,0.0,0.0,0.0,0.0,0.0,0.0,0.0,0.0
13.25,2.0,17.372857760608028,17.022619230229825,15.357117143431125,18.15547557474384,18.411560726153166,17.881751468285945,16.893358463857968,17.196767604560065,17.169421159939233,16.67011604682655,1.0,1.0,1.0,1.0,1.0,1.0,1.0,1.0,1.0,1.0
13.5,3.0,0.0,0.0,0.0,0.0,0.0,0.0,0.0,0.0,0.0,0.0,0.0,0.0,0.0,0.0,0.0,0.0,0.0,0.0,0.0,0.0
13.75,4.0,0.0,0.0,0.0,0.0,0.0,0.0,0.0,0.0,0.0,0.0,0.0,0.0,0.0,0.0,0.0,0.0,0.0,0.0,0.0,0.0
14.0,1.0,16.973484894651975,18.573040652836195,18.012942753312615,17.913586588017168,17.525086930112302,17.289006752890653,17.302581012656844,17.591672508103613,17.40542448553484,16.750788500424665,1.0,1.0,1.0,1.0,1.0,1.0,1.0,1.0,1.0,1.0
14.25,2.0,16.801309100850098,17.38622808691803,15.994008083490078,16.92646088604819,16.87159249738475,16.36331181375449,15.600698794170077,16.453881096458613,16.47210941569144,16.74416618022508,1.0,1.0,1.0,1.0,1.0,1.0,1.0,1.0,1.0,1.0
14.5,3.0,0.0,0.0,0.0,0.0,0.0,0.0,0.0,0.0,0.0,0.0,0.0,0.0,0.0,0.0,0.0,0.0,0.0,0.0,0.0,0.0
14.75,4.0,15.588414436076357,16.892798917686736,17.544488043982014,17.34241943001263,16.38389671372552,16.34782061232312,15.960652438370703,15.120968821440417,15.371439121649079,15.336025001665911,1.0,1.0,1.0,1.0,1.0,1.0,1.0,1.0,1.0,1.0
15.0,1.0,16.524439473944174,18.053275135716753,18.912078502241695,19.18560894538287,17.41802253624091,17.006554120460446,16.756755641263357,16.821125127062384,16.853900521444917,16.990445779089775,1.0,1.0,1.0,1.0,1.0,1.0,1.0,1.0,1.0,1.0
15.25,2.0,0.0,0.0,0.0,0.0,0.0,0.0,0.0,0.0,0.0,0.0,0.0,0.0,0.0,0.0,0.0,0.0,0.0,0.0,0.0,0.0
15.5,3.0,17.542302036994894,19.25362809182557,18.59196230125206,18.052301174989005,18.93370561863716,17.7134629385291,18.185604547396196,18.172334753303314,18.155568031275077,17.416354048888522,1.0,1.0,1.0,1.0,1.0,1.0,1.0,1.0,1.0,1.0
15.75,4.0,15.975730046524285,16.366229982356792,16.523853223904556,17.46474989783232,16.77783938646137,16.48638610813535,15.834943723596242,15.735589672740401,17.026952170409224,17.368658321389706,1.0,1.0,1.0,1.0,1.0,1.0,1.0,1.0,1.0,1.0
16.0,1.0,16.429055988256103,19.29508160313952,20.306424517427963,19.165401552977137,16.587644089539538,15.735914637589538,17.16341111228221,17.70176608806665,17.972574996854377,18.020970660320828,1.0,1.0,1.0,1.0,1.0,1.0,1.0,1.0,1.0,1.0
16.25,2.0,17.003837350596484,17.72452603077332,16.202694766436757,15.970863403979452,16.538262112559494,15.769011774415166,15.415002918191236,16.511117382533453,16.708273291559674,16.71619008738697,1.0,1.0,1.0,1.0,1.0,1.0,1.0,1.0,1.0,1.0
16.5,3.0,0.0,0.0,0.0,0.0,0.0,0.0,0.0,0.0,0.0,0.0,0.0,0.0,0.0,0.0,0.0,0.0,0.0,0.0,0.0,0.0
16.75,4.0,16.296878431154834,16.32387286687829,17.06154184882137,17.102703354908467,15.203881901921,15.385596339855706,15.20873617407526,16.478957246642537,16.03539400616401,16.254093240691336,1.0,1.0,1.0,1.0,1.0,1.0,1.0,1.0,1.0,1.0
17.0,1.0,17.38116520844208,19.86037950675019,19.877934298055752,17.577462428640533,14.698892395591512,14.95905402217059,16.99207491264036,17.200718370843312,18.02346964132994,18.088042754768086,1.0,1.0,1.0,1.0,1.0,1.0,1.0,1.0,1.0,1.0
17.25,2.0,0.0,0.0,0.0,0.0,0.0,0.0,0.0,0.0,0.0,0.0,0.0,0.0,0.0,0.0,0.0,0.0,0.0,0.0,0.0,0.0
17.5,3.0,18.338216783791385,18.263350015059572,18.087594908241925,18.5912468922435,19.40883145831945,19.08892972893485,18.372648011548517,16.356796582364687,15.570409684615859,14.595341674796577,1.0,1.0,1.0,1.0,1.0,1.0,1.0,1.0,1.0,1.0
17.75,4.0,16.955228051569527,16.812242201737615,16.856585648398124,16.633022993452375,15.554466160799132,16.066134505574926,15.227626273945297,15.770090323164286,16.430590618173092,15.72929115894537,1.0,1.0,1.0,1.0,1.0,1.0,1.0,1.0,1.0,1.0
18.0,1.0,0.0,0.0,0.0,0.0,0.0,0.0,0.0,0.0,0.0,0.0,0.0,0.0,0.0,0.0,0.0,0.0,0.0,0.0,0.0,0.0
18.25,2.0,0.0,0.0,0.0,0.0,0.0,0.0,0.0,0.0,0.0,0.0,0.0,0.0,0.0,0.0,0.0,0.0,0.0,0.0,0.0,0.0
18.5,3.0,18.963535812707857,18.448399536453675,18.249594959050622,19.56810080523624,18.189551716872792,16.885719716212893,15.334611247040135,14.56609546792775,14.795049980489402,13.9490357825158,1.0,1.0,1.0,1.0,1.0,1.0,1.0,1.0,1.0,1.0
18.75,4.0,0.0,0.0,0.0,0.0,0.0,0.0,0.0,0.0,0.0,0.0,0.0,0.0,0.0,0.0,0.0,0.0,0.0,0.0,0.0,0.0
19.0,1.0,20.099235204024513,19.524662833465662,18.865584964089486,17.903832284474202,15.401940889256942,15.97358357306791,18.27561362070956,18.134240751930705,18.04237214234881,17.791565317558852,1.0,1.0,1.0,1.0,1.0,1.0,1.0,1.0,1.0,1.0
19.25,2.0,19.878402392345876,17.79018931388577,16.67549547578927,17.624400315833434,18.27026093913189,17.48440431327179,16.502822487626634,17.151181336951247,18.48223049280729,20.1025268429381,1.0,1.0,1.0,1.0,1.0,1.0,1.0,1.0,1.0,1.0
19.5,3.0,0.0,0.0,0.0,0.0,0.0,0.0,0.0,0.0,0.0,0.0,0.0,0.0,0.0,0.0,0.0,0.0,0.0,0.0,0.0,0.0
19.75,4.0,17.654856410567497,16.057255462808143,16.6586872937761,16.89170327160188,15.319397334973504,15.363880261547255,15.47006250044847,15.883677001212213,15.826641311148597,16.079211795093677,1.0,1.0,1.0,1.0,1.0,1.0,1.0,1.0,1.0,1.0
20.0,1.0,19.497865852896794,19.379246001320645,18.08907683773036,17.15962369698108,15.462733043078092,16.420819431885285,18.056510711359024,17.696572526988135,17.82042970178782,17.668030755499952,1.0,1.0,1.0,1.0,1.0,1.0,1.0,1.0,1.0,1.0
20.25,2.0,0.0,0.0,0.0,0.0,0.0,0.0,0.0,0.0,0.0,0.0,0.0,0.0,0.0,0.0,0.0,0.0,0.0,0.0,0.0,0.0
20.5,3.0,18.547890611654267,18.9914739464424,18.773935691065674,20.118496835069045,19.01888465814931,18.208166921131347,17.41262078277029,15.648418115904187,16.155489307773752,14.413499478594613,1.0,1.0,1.0,1.0,1.0,1.0,1.0,1.0,1.0,1.0
20.75,4.0,17.080362383465204,17.054651571416915,17.248242258472263,16.113794272387096,14.260467973302585,14.410568528650945,14.379375762498467,15.778058477002935,16.366842901896632,17.029079264041723,1.0,1.0,1.0,1.0,1.0,1.0,1.0,1.0,1.0,1.0
21.0,1.0,0.0,0.0,0.0,0.0,0.0,0.0,0.0,0.0,0.0,0.0,0.0,0.0,0.0,0.0,0.0,0.0,0.0,0.0,0.0,0.0
21.25,2.0,16.0829634647482,15.838699291419266,15.703775674592116,16.487673716923013,18.804165447459898,18.23222626248926,18.377932323249112,19.749347161604035,20.320547105997218,21.19737950538069,1.0,1.0,1.0,1.0,1.0,1.0,1.0,1.0,1.0,1.0
21.5,3.0,0.0,0.0,0.0,0.0,0.0,0.0,0.0,0.0,0.0,0.0,0.0,0.0,0.0,0.0,0.0,0.0,0.0,0.0,0.0,0.0
21.75,4.0,0.0,0.0,0.0,0.0,0.0,0.0,0.0,0.0,0.0,0.0,0.0,0.0,0.0,0.0,0.0,0.0,0.0,0.0,0.0,0.0
22.0,1.0,17.653119407980874,17.033055533143557,15.998200762426833,17.3983628760155,16.869368519403295,16.483926581600727,18.362584192170793,17.027554615580645,17.732212810615888,17.847236071580262,1.0,1.0,1.0,1.0,1.0,1.0,1.0,1.0,1.0,1.0
22.25,2.0,15.357224180625767,15.504669878049542,15.663711780894348,16.426513902776424,17.756765661985526,18.092218290358016,18.488652747555246,20.282269277522282,20.375642372600797,20.925046560125537,1.0,1.0,1.0,1.0,1.0,1.0,1.0,1.0,1.0,1.0
22.5,3.0,18.74557837356215,19.76676204413043,19.38414177164164,19.829251408271446,19.66281768119322,17.952442832411755,16.71669033451483,15.656913772377436,15.455099374855768,15.209620011514257,1.0,1.0,1.0,1.0,1.0,1.0,1.0,1.0,1.0,1.0
22.75,4.0,17.80227470189146,17.393376631545728,16.648241205232573,16.035122112683638,14.983177699442416,15.494276803515707,15.45666853399829,15.442253453715017,15.82871436579578,16.09367856158171,1.0,1.0,1.0,1.0,1.0,1.0,1.0,1.0,1.0,1.0
23.0,1.0,17.159555685636594,17.174104059275425,16.304328681521547,17.589343424710936,17.136441720394895,16.383222685156603,17.869550131480807,17.553844657974643,18.01631697572448,18.045978742780783,1.0,1.0,1.0,1.0,1.0,1.0,1.0,1.0,1.0,1.0
23.25,2.0,0.0,0.0,0.0,0.0,0.0,0.0,0.0,0.0,0.0,0.0,0.0,0.0,0.0,0.0,0.0,0.0,0.0,0.0,0.0,0.0
23.5,3.0,19.166406738874088,20.743220470376297,20.026055279942554,20.27749321332659,18.66902511065063,17.51470335583346,15.859977382439029,15.54309007099744,16.110418545806944,16.15585803798489,1.0,1.0,1.0,1.0,1.0,1.0,1.0,1.0,1.0,1.0
23.75,4.0,18.153696180592124,17.626765172372362,16.196699187961524,16.242248779917066,15.52518581858564,15.017620553753572,14.327715503177393,14.675773180485777,15.219279507024723,16.23115760501523,1.0,1.0,1.0,1.0,1.0,1.0,1.0,1.0,1.0,1.0
24.0,1.0,16.36800809195738,17.6644463104225,17.539095879349833,18.1797987002545,16.683612373070602,15.93957873747567,17.659831272734323,18.08415847603187,18.52481381398157,18.31131882889285,1.0,1.0,1.0,1.0,1.0,1.0,1.0,1.0,1.0,1.0
24.25,2.0,15.78618188335527,15.623539983606264,17.56150314358714,18.57063523241688,19.59503130807399,21.1316916934813,21.344463595625193,21.076607470707575,20.082097951801625,19.491796093410397,1.0,1.0,1.0,1.0,1.0,1.0,1.0,1.0,1.0,1.0
24.5,3.0,0.0,0.0,0.0,0.0,0.0,0.0,0.0,0.0,0.0,0.0,0.0,0.0,0.0,0.0,0.0,0.0,0.0,0.0,0.0,0.0
24.75,4.0,19.04326305773788,17.88067359017491,17.29746077233995,16.615607815227467,15.766468301289242,15.781610854350124,15.060117925792401,14.988033580571805,14.637632395873489,15.991029979302605,1.0,1.0,1.0,1.0,1.0,1.0,1.0,1.0,1.0,1.0
25.0,1.0,17.110045420505084,17.1742487668631,17.433198287041495,17.28673993554065,17.116628230398124,16.23737626228147,17.50066971277346,17.18786768229279,17.31920700991566,16.468207261658826,1.0,1.0,1.0,1.0,1.0,1.0,1.0,1.0,1.0,1.0
25.25,2.0,0.0,0.0,0.0,0.0,0.0,0.0,0.0,0.0,0.0,0.0,0.0,0.0,0.0,0.0,0.0,0.0,0.0,0.0,0.0,0.0
25.5,3.0,19.984993239051818,20.334563332374188,19.221214698616606,18.901770670342078,18.09784735787927,17.84520815111614,17.3175391420636,17.281337010195035,18.28361883029767,18.025738112393867,1.0,1.0,1.0,1.0,1.0,1.0,1.0,1.0,1.0,1.0
25.75,4.0,19.002394113848634,20.076769105556146,19.114453985779484,18.74902530585902,17.0545826421136,16.96788272258824,15.904940467399017,16.618114503361806,15.866455677834642,17.010152352490138,1.0,1.0,1.0,1.0,1.0,1.0,1.0,1.0,1.0,1.0
26.0,1.0,0.0,0.0,0.0,0.0,0.0,0.0,0.0,0.0,0.0,0.0,0.0,0.0,0.0,0.0,0.0,0.0,0.0,0.0,0.0,0.0
26.25,2.0,0.0,0.0,0.0,0.0,0.0,0.0,0.0,0.0,0.0,0.0,0.0,0.0,0.0,0.0,0.0,0.0,0.0,0.0,0.0,0.0
26.5,3.0,20.250583634291605,20.227430809174518,18.587376273018087,18.14861487868496,17.78259791938427,17.942477178119997,17.508615018773497,17.228900550847474,17.88707590593619,17.619975386977302,1.0,1.0,1.0,1.0,1.0,1.0,1.0,1.0,1.0,1.0
26.75,4.0,0.0,0.0,0.0,0.0,0.0,0.0,0.0,0.0,0.0,0.0,0.0,0.0,0.0,0.0,0.0,0.0,0.0,0.0,0.0,0.0
27.0,1.0,17.209588162036994,15.080183765637308,16.109552856227772,16.420272799660335,16.423438618794933,15.572095782908157,15.289618951573559,16.163213856157935,16.381116677713056,15.43788836593037,1.0,1.0,1.0,1.0,1.0,1.0,1.0,1.0,1.0,1.0
27.25,2.0,18.899777017394406,18.353645144194104,19.25228303847059,20.35375392412169,19.82235768632366,19.730236175835984,19.83241204110994,19.963796012319413,19.632854505487977,18.722385445372872,1.0,1.0,1.0,1.0,1.0,1.0,1.0,1.0,1.0,1.0
27.5,3.0,0.0,0.0,0.0,0.0,0.0,0.0,0.0,0.0,0.0,0.0,0.0,0.0,0.0,0.0,0.0,0.0,0.0,0.0,0.0,0.0
27.75,4.0,20.411158884947955,21.251457413263335,20.924446554626257,19.68567287567321,18.129495557493648,17.594838203361636,17.41191128007324,18.392410698641974,17.91905035593586,17.441657588572582,1.0,1.0,1.0,1.0,1.0,1.0,1.0,1.0,1.0,1.0
28.0,1.0,17.37647528681807,14.973333592569904,16.750474632343725,16.217176577275048,16.010029171592375,16.013611915548275,16.10167695517088,16.041620064250964,15.945494559505935,15.805040844537102,1.0,1.0,1.0,1.0,1.0,1.0,1.0,1.0,1.0,1.0
28.25,2.0,0.0,0.0,0.0,0.0,0.0,0.0,0.0,0.0,0.0,0.0,0.0,0.0,0.0,0.0,0.0,0.0,0.0,0.0,0.0,0.0
28.5,3.0,19.12488088710492,17.493870399323246,17.168052999166747,16.48677193890279,15.081376201731251,15.907737862767034,16.034495632565438,16.425935292802702,17.097876460999004,17.04673573431349,1.0,1.0,1.0,1.0,1.0,1.0,1.0,1.0,1.0,1.0
28.75,4.0,21.2660192260663,21.944997249776108,20.842997678059824,21.087662009353142,20.520683922185903,19.03365686706477,17.144594530420253,17.822893721279076,17.139071509238036,17.96295071511822,1.0,1.0,1.0,1.0,1.0,1.0,1.0,1.0,1.0,1.0
29.0,1.0,0.0,0.0,0.0,0.0,0.0,0.0,0.0,0.0,0.0,0.0,0.0,0.0,0.0,0.0,0.0,0.0,0.0,0.0,0.0,0.0
29.25,2.0,19.83144116231797,20.233286862476103,20.648029627712702,19.6433337848305,19.43609960491374,18.70331512118404,18.46170988207748,18.66380330785874,19.213935303289155,19.024016317193656,1.0,1.0,1.0,1.0,1.0,1.0,1.0,1.0,1.0,1.0
29.5,3.0,0.0,0.0,0.0,0.0,0.0,0.0,0.0,0.0,0.0,0.0,0.0,0.0,0.0,0.0,0.0,0.0,0.0,0.0,0.0,0.0
29.75,4.0,0.0,0.0,0.0,0.0,0.0,0.0,0.0,0.0,0.0,0.0,0.0,0.0,0.0,0.0,0.0,0.0,0.0,0.0,0.0,0.0
30.0,1.0,19.368943314424133,19.005670615981117,19.72091991732389,18.259034959424774,16.942948291585626,17.0781438143915,17.04468623589328,18.341274483545522,19.604874494870675,20.442384964104182,1.0,1.0,1.0,1.0,1.0,1.0,1.0,1.0,1.0,1.0
30.25,2.0,20.378927021929368,21.046306306987635,19.15489762388991,18.649020533469475,20.005604757839574,18.409472918970962,17.952261073850032,18.220498605169926,19.321716981860252,18.968377617465094,1.0,1.0,1.0,1.0,1.0,1.0,1.0,1.0,1.0,1.0
30.5,3.0,19.548319919264564,18.30220077101463,15.86332839392452,14.18414430258544,15.008392890430311,16.525518490599886,16.417520226074746,16.933956437210878,17.605282182639254,17.212162641391505,1.0,1.0,1.0,1.0,1.0,1.0,1.0,1.0,1.0,1.0
30.75,4.0,20.009017967322464,22.40051918279438,21.76926395791726,21.411200017293897,20.014783225829724,19.583044797381266,18.884981944841535,18.639399892113488,19.37626986410328,20.244174895011273,1.0,1.0,1.0,1.0,1.0,1.0,1.0,1.0,1.0,1.0
31.0,1.0,20.185761476190653,20.35782064223143,19.45591033788685,17.469364525276475,17.027298638649295,17.247799837360763,18.319316268175076,19.276842637943343,20.456777586897022,21.598064559252176,1.0,1.0,1.0,1.0,1.0,1.0,1.0,1.0,1.0,1.0
31.25,2.0,0.0,0.0,0.0,0.0,0.0,0.0,0.0,0.0,0.0,0.0,0.0,0.0,0.0,0.0,0.0,0.0,0.0,0.0,0.0,0.0
31.5,3.0,17.69810739936732,18.567546708084905,15.880281132613002,15.364895636958897,16.129686592008913,16.368317224371857,16.042063218307973,16.465531932109865,16.54091233794731,16.273742187551612,1.0,1.0,1.0,1.0,1.0,1.0,1.0,1.0,1.0,1.0
31.75,4.0,19.867798970975056,22.878707481432745,21.88449359101568,20.938613336228556,20.886425509325267,20.394080963208435,20.220438455086708,20.784653133053045,19.8162801288255,20.441752140877362,1.0,1.0,1.0,1.0,1.0,1.0,1.0,1.0,1.0,1.0
32.0,1.0,19.550697388555896,18.96404664545275,18.63348500966969,17.616889420302535,16.95100222714506,17.36768433391412,17.958893602858964,20.104327569414167,20.328572715568445,21.861678749308172,1.0,1.0,1.0,1.0,1.0,1.0,1.0,1.0,1.0,1.0
32.25,2.0,19.80040259833989,18.10527825998331,18.142350798132025,19.45708901991402,18.963095056516448,17.789913466222416,17.757895130951834,17.82570156846325,17.70943918717964,16.761853923209365,1.0,1.0,1.0,1.0,1.0,1.0,1.0,1.0,1.0,1.0
32.5,3.0,0.0,0.0,0.0,0.0,0.0,0.0,0.0,0.0,0.0,0.0,0.0,0.0,0.0,0.0,0.0,0.0,0.0,0.0,0.0,0.0
32.75,4.0,20.61002793470405,21.590974715941687,20.496794721207987,21.012256761730935,20.856306267827872,20.68030190054419,20.11784119207166,20.29669277280759,21.148524601742885,20.46461975809078,1.0,1.0,1.0,1.0,1.0,1.0,1.0,1.0,1.0,1.0
33.0,1.0,19.169636562373075,18.646112106271964,18.579387787521995,17.602897165310882,18.141152122631894,18.336126588973343,19.304219491432708,21.804828946361418,22.070464851458187,22.53291797255993,1.0,1.0,1.0,1.0,1.0,1.0,1.0,1.0,1.0,1.0
33.25,2.0,0.0,0.0,0.0,0.0,0.0,0.0,0.0,0.0,0.0,0.0,0.0,0.0,0.0,0.0,0.0,0.0,0.0,0.0,0.0,0.0
33.5,3.0,17.964764061264926,17.12612146158712,15.6163629443685,16.377608506139232,15.448204714878438,15.334331604550625,16.019492963715965,15.65148683427592,15.641057535918184,16.698903364363638,1.0,1.0,1.0,1.0,1.0,1.0,1.0,1.0,1.0,1.0
33.75,4.0,21.40044370729592,21.03264020384904,20.730961314055957,20.945695960604283,20.74364825572215,21.13853785619927,21.20187994540981,20.15068544318414,20.446357247326176,19.967826898531005,1.0,1.0,1.0,1.0,1.0,1.0,1.0,1.0,1.0,1.0
34.0,1.0,0.0,0.0,0.0,0.0,0.0,0.0,0.0,0.0,0.0,0.0,0.0,0.0,0.0,0.0,0.0,0.0,0.0,0.0,0.0,0.0
34.25,2.0,18.80434835331778,18.672703704985828,19.56978691139545,20.09389186556518,18.806547079832054,17.762515405311824,17.718139143844198,17.826982069490967,16.482835120008932,16.396351332634442,1.0,1.0,1.0,1.0,1.0,1.0,1.0,1.0,1.0,1.0
34.5,3.0,16.790339943000593,17.821354475570182,17.141030897030653,16.429951374018327,15.992427901515288,15.931340328129883,16.434796757544582,16.61961335051778,16.361302818621606,16.32524044759017,1.0,1.0,1.0,1.0,1.0,1.0,1.0,1.0,1.0,1.0
34.75,4.0,0.0,0.0,0.0,0.0,0.0,0.0,0.0,0.0,0.0,0.0,0.0,0.0,0.0,0.0,0.0,0.0,0.0,0.0,0.0,0.0
35.0,1.0,21.004956923100227,19.563137576546204,19.10888903267151,18.814091870286656,18.826284304367405,19.93865252398107,20.417759479615263,22.781920619510778,22.37020426869754,23.988477590448944,1.0,1.0,1.0,1.0,1.0,1.0,1.0,1.0,1.0,1.0
35.25,2.0,19.27632593491006,19.70859685639905,19.84660001311298,19.920705406764693,19.284028389382385,17.997442813103305,17.967683265596147,17.233826811882043,16.754768415674473,16.322782087925532,1.0,1.0,1.0,1.0,1.0,1.0,1.0,1.0,1.0,1.0
35.5,3.0,0.0,0.0,0.0,0.0,0.0,0.0,0.0,0.0,0.0,0.0,0.0,0.0,0.0,0.0,0.0,0.0,0.0,0.0,0.0,0.0
35.75,4.0,20.491565681320683,22.850121887178737,21.528864829629192,20.95825467382232,20.764991619636447,21.175415974419302,20.48347186376388,19.727196558793803,19.64651033960119,18.59769159587349,1.0,1.0,1.0,1.0,1.0,1.0,1.0,1.0,1.0,1.0
36.0,1.0,19.434388248063474,19.10931233740351,19.40693121431261,18.342331446202913,18.680330814197035,20.552019808500248,21.40050846954678,23.85548257635764,23.079745011948447,23.859789396465313,1.0,1.0,1.0,1.0,1.0,1.0,1.0,1.0,1.0,1.0
36.25,2.0,0.0,0.0,0.0,0.0,0.0,0.0,0.0,0.0,0.0,0.0,0.0,0.0,0.0,0.0,0.0,0.0,0.0,0.0,0.0,0.0
36.5,3.0,17.633538731883196,17.479133761852847,17.55917662802737,18.75097825791672,18.31183158194379,17.93142280674324,17.152573449357128,16.41517873882487,16.047212182507906,16.968299520796975,1.0,1.0,1.0,1.0,1.0,1.0,1.0,1.0,1.0,1.0
36.75,4.0,20.169157109727486,23.31210775703494,21.01333801800876,21.42576643967908,21.29245085639186,21.95843535469555,20.76748221462332,20.535666888078033,20.474769784563737,19.021772096245506,1.0,1.0,1.0,1.0,1.0,1.0,1.0,1.0,1.0,1.0
37.0,1.0,20.721385843267417,19.863289772058565,19.76343582234984,18.684170044122872,20.47700528300738,21.897499288190435,23.52735176621105,23.489866090028638,22.99598621103215,23.12017060246674,1.0,1.0,1.0,1.0,1.0,1.0,1.0,1.0,1.0,1.0
37.25,2.0,19.26866864950805,19.294081929272846,19.023385601123653,18.385718543997026,18.040835199482245,17.378892191940256,16.71666801602561,16.347401185234116,15.863276167083027,16.667238991892564,1.0,1.0,1.0,1.0,1.0,1.0,1.0,1.0,1.0,1.0
37.5,3.0,0.0,0.0,0.0,0.0,0.0,0.0,0.0,0.0,0.0,0.0,0.0,0.0,0.0,0.0,0.0,0.0,0.0,0.0,0.0,0.0
37.75,4.0,22.840900273532025,23.839110597239298,21.46664483594582,22.562502926424493,22.001650015542772,20.397391529187512,18.898411864665476,18.6551341520519,17.395741744188676,17.689607903850735,1.0,1.0,1.0,1.0,1.0,1.0,1.0,1.0,1.0,1.0
38.0,1.0,20.271505633980734,20.376545238015712,19.471949465559042,19.682288165080283,22.09077064016861,23.740222618072274,24.192019498125113,23.08959221768097,22.711624958527402,22.187826768707783,1.0,1.0,1.0,1.0,1.0,1.0,1.0,1.0,1.0,1.0
38.25,2.0,18.37643886652399,18.739669161752264,18.699954767496997,17.386542806965462,17.986651050988762,17.220851069282105,16.935445053412558,16.27196554557551,16.523018963844386,17.520779493535034,1.0,1.0,1.0,1.0,1.0,1.0,1.0,1.0,1.0,1.0
38.5,3.0,18.238595100519504,16.720101079171734,18.04827605527668,18.463983699326146,17.131817766234352,16.149179944502688,16.18400329289908,15.100402634129214,14.808191587376218,15.46666792618024,1.0,1.0,1.0,1.0,1.0,1.0,1.0,1.0,1.0,1.0
38.75,4.0,23.02929613904251,22.80953508329055,22.03283966502996,21.4586690537317,20.348065301400045,18.795012063306118,17.15639316177969,18.473567290515117,17.829834112440633,17.97828821646508,1.0,1.0,1.0,1.0,1.0,1.0,1.0,1.0,1.0,1.0
39.0,1.0,0.0,0.0,0.0,0.0,0.0,0.0,0.0,0.0,0.0,0.0,0.0,0.0,0.0,0.0,0.0,0.0,0.0,0.0,0.0,0.0
39.25,2.0,0.0,0.0,0.0,0.0,0.0,0.0,0.0,0.0,0.0,0.0,0.0,0.0,0.0,0.0,0.0,0.0,0.0,0.0,0.0,0.0
39.5,3.0,17.87205604278774,17.179807768868763,18.030452740348906,18.57964277037752,17.204680037042557,16.524065279106946,15.602981822696375,14.518044041444607,14.374109374018365,14.882170453462201,1.0,1.0,1.0,1.0,1.0,1.0,1.0,1.0,1.0,1.0
39.75,4.0,22.22787146201429,21.947105198136185,21.096576741227747,21.200982871998505,18.981327603155368,18.571028996647804,17.598829642281412,18.49974960779758,17.6752798978321,18.116139536613318,1.0,1.0,1.0,1.0,1.0,1.0,1.0,1.0,1.0,1.0
40.0,1.0,19.36237992921536,18.51108530167124,19.687830637703804,21.885354485967984,23.837361095677736,24.613545052014096,24.174622813998514,22.909207806473898,20.769164144626256,19.88519343793897,1.0,1.0,1.0,1.0,1.0,1.0,1.0,1.0,1.0,1.0
40.25,2.0,19.610554964436453,17.083625283802462,16.53621453221583,17.898954395070366,18.218287852738296,17.556856211372317,17.24086839958845,16.745919127432202,16.902848856031078,17.89852315619194,1.0,1.0,1.0,1.0,1.0,1.0,1.0,1.0,1.0,1.0
40.5,3.0,0.0,0.0,0.0,0.0,0.0,0.0,0.0,0.0,0.0,0.0,0.0,0.0,0.0,0.0,0.0,0.0,0.0,0.0,0.0,0.0
40.75,4.0,21.942150496402427,22.089223383422024,20.874783801452622,20.053588083241266,17.830962577795365,19.03952907240778,18.308610187150126,18.825441521219712,17.214545414157094,17.69782457487082,1.0,1.0,1.0,1.0,1.0,1.0,1.0,1.0,1.0,1.0
41.0,1.0,18.71107903602467,18.57404808208499,20.45884362958637,22.493264657025115,22.397057372925723,22.740046793444105,22.492429319440532,21.93483757807829,21.281962009648467,20.089079449280128,1.0,1.0,1.0,1.0,1.0,1.0,1.0,1.0,1.0,1.0
41.25,2.0,0.0,0.0,0.0,0.0,0.0,0.0,0.0,0.0,0.0,0.0,0.0,0.0,0.0,0.0,0.0,0.0,0.0,0.0,0.0,0.0
41.5,3.0,19.94065036109727,18.937461601190133,19.15321109723164,18.7104896527587,16.01069413550549,16.24405097452989,15.519968732024102,15.230013632474687,14.639798532513563,14.076432542301543,1.0,1.0,1.0,1.0,1.0,1.0,1.0,1.0,1.0,1.0
41.75,4.0,21.830501638325746,21.43747639416152,19.596869094386278,19.543537957706288,17.916371310320432,18.371134456657398,16.93336692246537,18.086691383662195,17.848549556394783,18.68757333491148,1.0,1.0,1.0,1.0,1.0,1.0,1.0,1.0,1.0,1.0
42.0,1.0,0.0,0.0,0.0,0.0,0.0,0.0,0.0,0.0,0.0,0.0,0.0,0.0,0.0,0.0,0.0,0.0,0.0,0.0,0.0,0.0
42.25,2.0,17.20814129699788,18.504558770531215,19.790166756013456,18.765162146417854,17.298064544658175,18.023490155182152,17.012919299440554,16.903765784446843,17.315859335110094,17.40264434370821,1.0,1.0,1.0,1.0,1.0,1.0,1.0,1.0,1.0,1.0
42.5,3.0,20.533527210502736,20.439265550907802,19.60426700724126,18.114772555796147,15.679729377139033,16.94717702923235,16.711607953727455,15.906979353681564,15.200558717198183,14.380317382838093,1.0,1.0,1.0,1.0,1.0,1.0,1.0,1.0,1.0,1.0
42.75,4.0,0.0,0.0,0.0,0.0,0.0,0.0,0.0,0.0,0.0,0.0,0.0,0.0,0.0,0.0,0.0,0.0,0.0,0.0,0.0,0.0
43.0,1.0,20.12783482472661,20.840737943065307,20.97619426753046,20.39427036813098,21.052326346959443,20.957712721044686,20.787838255653078,18.818367919899593,18.451557671423675,18.18096052605786,1.0,1.0,1.0,1.0,1.0,1.0,1.0,1.0,1.0,1.0
43.25,2.0,17.835701055395152,19.61818230174427,19.266369701436723,19.499127657062715,17.84865682619087,17.569097535452837,17.214690473055803,16.698164592131658,17.45944140294584,17.32030674515795,1.0,1.0,1.0,1.0,1.0,1.0,1.0,1.0,1.0,1.0
43.5,3.0,0.0,0.0,0.0,0.0,0.0,0.0,0.0,0.0,0.0,0.0,0.0,0.0,0.0,0.0,0.0,0.0,0.0,0.0,0.0,0.0
43.75,4.0,19.991226640473776,18.64890985339171,18.321069567092,19.186408460858203,17.999234459929315,19.3262647582593,17.754616265636518,18.932375884453812,18.870208447317417,18.082029709123578,1.0,1.0,1.0,1.0,1.0,1.0,1.0,1.0,1.0,1.0
44.0,1.0,21.766106937160828,22.64706754119801,21.1306337466723,20.450471158432283,20.503007225750025,20.203922483807535,20.538310577981964,18.421652988017495,17.422858742468694,17.969859878989084,1.0,1.0,1.0,1.0,1.0,1.0,1.0,1.0,1.0,1.0
44.25,2.0,0.0,0.0,0.0,0.0,0.0,0.0,0.0,0.0,0.0,0.0,0.0,0.0,0.0,0.0,0.0,0.0,0.0,0.0,0.0,0.0
44.5,3.0,21.30107961721122,20.231284598883857,18.19161700870222,17.47667068017869,18.271241323064984,17.49363009940108,15.826038653506751,16.11787259153205,15.972783698793206,15.175984918751963,1.0,1.0,1.0,1.0,1.0,1.0,1.0,1.0,1.0,1.0
44.75,4.0,18.684302325259857,19.209974809071607,18.0796313790849,18.6738865488534,18.998221480767317,18.821908434777548,17.67711149900761,17.01980474236247,17.583026821931796,16.975728234125473,1.0,1.0,1.0,1.0,1.0,1.0,1.0,1.0,1.0,1.0
45.0,1.0,21.77246588278552,21.95499266446831,20.140496898091012,20.133125135001304,20.141552060132568,19.320157509282808,19.2891704704065,17.746926192819636,17.100818946920153,16.81179411311427,1.0,1.0,1.0,1.0,1.0,1.0,1.0,1.0,1.0,1.0
45.25,2.0,20.019684705792827,19.597811862504688,19.281149014865065,18.54838727768633,17.77685309088648,17.92440291453041,16.469898511502354,17.43628202786599,16.5748136989127,16.580141652562,1.0,1.0,1.0,1.0,1.0,1.0,1.0,1.0,1.0,1.0
45.5,3.0,0.0,0.0,0.0,0.0,0.0,0.0,0.0,0.0,0.0,0.0,0.0,0.0,0.0,0.0,0.0,0.0,0.0,0.0,0.0,0.0
45.75,4.0,19.02530141120713,19.531340320452433,17.463390464673573,17.907681453959846,18.7036578873398,18.405170792816957,17.78276923065826,16.379781677275343,16.85186512158225,16.940174324814915,1.0,1.0,1.0,1.0,1.0,1.0,1.0,1.0,1.0,1.0
46.0,1.0,20.887002138657117,20.462870296612824,19.623619014094484,18.350072138232658,18.28962928684587,18.47934213366523,18.037696653478246,17.01242183707433,16.19701200820289,15.901005053802466,1.0,1.0,1.0,1.0,1.0,1.0,1.0,1.0,1.0,1.0
46.25,2.0,19.398471814888687,19.180792617081643,18.868730989452118,18.80400836191815,17.366964791131842,17.14092795436106,16.152175896685755,16.341111062880113,16.631947467384528,16.319675433044832,1.0,1.0,1.0,1.0,1.0,1.0,1.0,1.0,1.0,1.0
46.5,3.0,20.21757337724869,19.878831405734708,18.144115184208808,16.33908936768763,17.86408953555052,16.766686975048838,16.90456736329043,16.364234743330638,15.022102591585217,13.506194589615545,1.0,1.0,1.0,1.0,1.0,1.0,1.0,1.0,1.0,1.0
46.75,4.0,18.954446912324528,20.011735995701365,17.478291791049603,18.927381998299545,18.860811357832926,18.160382780591473,17.45927085201038,17.668546609086548,18.138938905809116,17.656638457492985,1.0,1.0,1.0,1.0,1.0,1.0,1.0,1.0,1.0,1.0
47.0,1.0,0.0,0.0,0.0,0.0,0.0,0.0,0.0,0.0,0.0,0.0,0.0,0.0,0.0,0.0,0.0,0.0,0.0,0.0,0.0,0.0
47.25,2.0,0.0,0.0,0.0,0.0,0.0,0.0,0.0,0.0,0.0,0.0,0.0,0.0,0.0,0.0,0.0,0.0,0.0,0.0,0.0,0.0
47.5,3.0,20.977759307356852,20.22393466510358,18.611777984247507,16.41918532689436,16.86389258256519,16.182651439583307,15.183198863115507,15.351025437228213,13.952114515711358,12.772328120933624,1.0,1.0,1.0,1.0,1.0,1.0,1.0,1.0,1.0,1.0
47.75,4.0,0.0,0.0,0.0,0.0,0.0,0.0,0.0,0.0,0.0,0.0,0.0,0.0,0.0,0.0,0.0,0.0,0.0,0.0,0.0,0.0
48.0,1.0,21.25903399636561,19.45222557602813,18.44850792052594,17.764041260333872,18.249317464731178,18.160531001126948,17.62135198484956,16.10228192917583,15.972044698973118,15.325126058175664,1.0,1.0,1.0,1.0,1.0,1.0,1.0,1.0,1.0,1.0
48.25,2.0,19.71385644284431,19.34003982972384,18.9662540403011,18.546778265758203,17.315676758927427,17.113708921054773,17.899822243660118,17.78734871586536,17.226212844502435,16.527159148610703,1.0,1.0,1.0,1.0,1.0,1.0,1.0,1.0,1.0,1.0
48.5,3.0,0.0,0.0,0.0,0.0,0.0,0.0,0.0,0.0,0.0,0.0,0.0,0.0,0.0,0.0,0.0,0.0,0.0,0.0,0.0,0.0
48.75,4.0,18.68024174525019,19.964521220824274,18.56819376040361,18.294942598911796,18.16151603861046,18.760369733586668,18.547981998613672,19.11243979872027,18.32685369540247,18.158700174928164,1.0,1.0,1.0,1.0,1.0,1.0,1.0,1.0,1.0,1.0
49.0,1.0,20.417428710509963,19.33297090537523,17.915124182071736,17.32103207378008,17.765905381176,16.937035137157373,16.818696576966207,16.076399842815682,16.891852882729836,16.459262852269017,1.0,1.0,1.0,1.0,1.0,1.0,1.0,1.0,1.0,1.0
49.25,2.0,0.0,0.0,0.0,0.0,0.0,0.0,0.0,0.0,0.0,0.0,0.0,0.0,0.0,0.0,0.0,0.0,0.0,0.0,0.0,0.0
49.5,3.0,19.632306941652022,19.423491445062545,18.198559308182965,17.508250972900466,16.38857788329883,15.313265843574262,13.124868041515644,13.752644598454825,13.210952489115787,13.618542095307312,1.0,1.0,1.0,1.0,1.0,1.0,1.0,1.0,1.0,1.0
49.75,4.0,19.464362521440414,19.650007061658492,17.9919304466416,17.434165231763135,18.132237657066366,19.28535147415216,18.285929209353167,16.894644529666902,16.883394461502636,17.009534258369612,1.0,1.0,1.0,1.0,1.0,1.0,1.0,1.0,1.0,1.0
50.0,1.0,0.0,0.0,0.0,0.0,0.0,0.0,0.0,0.0,0.0,0.0,0.0,0.0,0.0,0.0,0.0,0.0,0.0,0.0,0.0,0.0
50.25,2.0,21.402120018779748,19.82196076557287,19.45638590064818,17.430120477339734,17.819344734092116,17.18430099827934,16.009176426514202,15.807596337194234,15.95908966753661,16.612179096801373,1.0,1.0,1.0,1.0,1.0,1.0,1.0,1.0,1.0,1.0
50.5,3.0,0.0,0.0,0.0,0.0,0.0,0.0,0.0,0.0,0.0,0.0,0.0,0.0,0.0,0.0,0.0,0.0,0.0,0.0,0.0,0.0
50.75,4.0,0.0,0.0,0.0,0.0,0.0,0.0,0.0,0.0,0.0,0.0,0.0,0.0,0.0,0.0,0.0,0.0,0.0,0.0,0.0,0.0
51.0,1.0,20.25593050943641,18.89525661120421,18.36795923599368,17.56905067074507,17.009706521729594,18.253384898234984,18.786629333339373,17.68226692005227,16.814085956206757,16.735632100834213,1.0,1.0,1.0,1.0,1.0,1.0,1.0,1.0,1.0,1.0
51.25,2.0,20.19644585232976,19.83733742196852,19.298711657565764,17.8946356976145,17.82102570338217,16.692867169284092,16.34966635020577,15.835195028808261,15.940766968874877,16.478108643949533,1.0,1.0,1.0,1.0,1.0,1.0,1.0,1.0,1.0,1.0
51.5,3.0,0.0,0.0,0.0,0.0,0.0,0.0,0.0,0.0,0.0,0.0,0.0,0.0,0.0,0.0,0.0,0.0,0.0,0.0,0.0,0.0
51.75,4.0,19.15294459780122,18.482696618307052,16.516302002186556,16.927393665346756,18.704639487362897,18.24166634490448,17.469810571229225,16.297369089384453,17.445464560375587,18.413713446083737,1.0,1.0,1.0,1.0,1.0,1.0,1.0,1.0,1.0,1.0
52.0,1.0,20.997265236786053,19.086120403933357,18.000866188039293,16.79708611300575,18.26915502917411,19.065932929509575,18.067468270308186,17.21819319211667,16.963583640323133,16.61275697811112,1.0,1.0,1.0,1.0,1.0,1.0,1.0,1.0,1.0,1.0
52.25,2.0,0.0,0.0,0.0,0.0,0.0,0.0,0.0,0.0,0.0,0.0,0.0,0.0,0.0,0.0,0.0,0.0,0.0,0.0,0.0,0.0
52.5,3.0,18.33150770597372,19.254581240555353,17.1524494658349,14.214773495987572,16.43322141473383,16.41951701833226,15.898311115076869,15.796032422516756,15.388339949368277,15.370585406976552,1.0,1.0,1.0,1.0,1.0,1.0,1.0,1.0,1.0,1.0
52.75,4.0,17.502492988427974,17.65906333770113,17.914892862581706,17.820623771217704,17.511209427264728,18.044977601212153,17.773227240167664,17.374578838337687,18.44821422084686,18.32819362206902,1.0,1.0,1.0,1.0,1.0,1.0,1.0,1.0,1.0,1.0
53.0,1.0,19.110084846027313,17.915258509527607,17.761994608296035,17.649914508206408,18.36069243182657,17.7516280433312,17.434467676012996,16.295396544302648,17.842638394964524,16.737151075718753,1.0,1.0,1.0,1.0,1.0,1.0,1.0,1.0,1.0,1.0
53.25,2.0,17.62323778715705,17.336789601269874,17.28555209466603,17.001902133735303,19.069313441166106,16.632612914958496,16.360593300604833,15.604387893280078,16.280957130126957,17.05438647790079,1.0,1.0,1.0,1.0,1.0,1.0,1.0,1.0,1.0,1.0
53.5,3.0,0.0,0.0,0.0,0.0,0.0,0.0,0.0,0.0,0.0,0.0,0.0,0.0,0.0,0.0,0.0,0.0,0.0,0.0,0.0,0.0
53.75,4.0,17.634325443653957,17.215232666571197,17.778033356030004,17.899478495627477,16.499003873739,17.169093822452044,16.44078512482061,16.227226570232038,16.06250425637904,16.172704780127706,1.0,1.0,1.0,1.0,1.0,1.0,1.0,1.0,1.0,1.0
54.0,1.0,17.66669443868588,17.964987328360102,18.092122004960554,16.928412442560848,17.23992861107513,17.575319483510143,17.492451562043332,17.121919158618205,18.11464142602529,17.701429000483703,1.0,1.0,1.0,1.0,1.0,1.0,1.0,1.0,1.0,1.0
54.25,2.0,0.0,0.0,0.0,0.0,0.0,0.0,0.0,0.0,0.0,0.0,0.0,0.0,0.0,0.0,0.0,0.0,0.0,0.0,0.0,0.0
54.5,3.0,17.038684259181323,17.02969014639069,15.93548128811774,14.902865897111694,17.037479561275045,16.517206064156042,15.388678021429286,15.296792357324437,14.983143912240065,15.902477726283978,1.0,1.0,1.0,1.0,1.0,1.0,1.0,1.0,1.0,1.0
54.75,4.0,17.946008963090954,17.467933440879232,17.435782097315855,16.882705687306437,15.09224643838682,16.666013864915936,16.033432933915666,16.15202773275401,15.52879542712306,16.302986321882887,1.0,1.0,1.0,1.0,1.0,1.0,1.0,1.0,1.0,1.0
55.0,1.0,0.0,0.0,0.0,0.0,0.0,0.0,0.0,0.0,0.0,0.0,0.0,0.0,0.0,0.0,0.0,0.0,0.0,0.0,0.0,0.0
55.25,2.0,0.0,0.0,0.0,0.0,0.0,0.0,0.0,0.0,0.0,0.0,0.0,0.0,0.0,0.0,0.0,0.0,0.0,0.0,0.0,0.0
55.5,3.0,17.225486253636866,17.235852094158716,14.37297609532558,15.712695104727596,17.172908754547937,16.003741396701855,15.748655193692773,15.591643957982457,15.823920386728606,16.28334700001622,1.0,1.0,1.0,1.0,1.0,1.0,1.0,1.0,1.0,1.0
55.75,4.0,0.0,0.0,0.0,0.0,0.0,0.0,0.0,0.0,0.0,0.0,0.0,0.0,0.0,0.0,0.0,0.0,0.0,0.0,0.0,0.0
56.0,1.0,16.156818689020906,16.094897661266504,17.07019144217723,15.693576879449342,17.906596957122424,17.491988541430747,17.61512811457358,18.359847152083248,19.071309981919903,18.373542662354488,1.0,1.0,1.0,1.0,1.0,1.0,1.0,1.0,1.0,1.0
56.25,2.0,16.08875042006239,17.252401715928887,18.153617018889356,18.606902076949847,19.07214506238303,18.079564777872662,18.42545730888352,17.33890310324247,17.051842473372872,16.731426153885742,1.0,1.0,1.0,1.0,1.0,1.0,1.0,1.0,1.0,1.0
56.5,3.0,0.0,0.0,0.0,0.0,0.0,0.0,0.0,0.0,0.0,0.0,0.0,0.0,0.0,0.0,0.0,0.0,0.0,0.0,0.0,0.0
56.75,4.0,17.785449402294212,17.73876979954656,16.149565525028954,16.64788484327068,16.22603918672452,16.776968492231305,15.916352681526632,15.995044185792686,15.21519749324881,16.909936595441174,1.0,1.0,1.0,1.0,1.0,1.0,1.0,1.0,1.0,1.0
57.0,1.0,16.123420676432232,16.659175780184295,17.576689826344797,17.263406452274037,17.89911378868561,18.074885874491965,18.748761319027103,18.487864532953633,18.933526803157463,17.817913257965486,1.0,1.0,1.0,1.0,1.0,1.0,1.0,1.0,1.0,1.0
57.25,2.0,0.0,0.0,0.0,0.0,0.0,0.0,0.0,0.0,0.0,0.0,0.0,0.0,0.0,0.0,0.0,0.0,0.0,0.0,0.0,0.0
57.5,3.0,14.84844119668855,15.965434534624494,15.553261411989261,14.375932949832068,15.438947202045634,14.15776679640787,13.817699373057147,14.426269946775003,14.995588110601584,16.235736144955016,1.0,1.0,1.0,1.0,1.0,1.0,1.0,1.0,1.0,1.0
57.75,4.0,18.151076473377486,17.777466320962095,17.442398048945353,16.008156681237356,15.568594967717145,15.338136700696541,14.865728976203327,16.08573295271356,15.99513678187054,16.867789281071282,1.0,1.0,1.0,1.0,1.0,1.0,1.0,1.0,1.0,1.0
58.0,1.0,0.0,0.0,0.0,0.0,0.0,0.0,0.0,0.0,0.0,0.0,0.0,0.0,0.0,0.0,0.0,0.0,0.0,0.0,0.0,0.0
58.25,2.0,17.317773207013776,18.48584094929973,17.436146282769315,16.877211738792266,16.696924980680627,16.110119921842923,16.139925059350244,16.619202249422628,15.608143402098143,16.010158731042203,1.0,1.0,1.0,1.0,1.0,1.0,1.0,1.0,1.0,1.0
58.5,3.0,0.0,0.0,0.0,0.0,0.0,0.0,0.0,0.0,0.0,0.0,0.0,0.0,0.0,0.0,0.0,0.0,0.0,0.0,0.0,0.0
58.75,4.0,0.0,0.0,0.0,0.0,0.0,0.0,0.0,0.0,0.0,0.0,0.0,0.0,0.0,0.0,0.0,0.0,0.0,0.0,0.0,0.0
59.0,1.0,17.62214393602402,17.323889994310612,17.317368583714124,17.904043527602678,19.581375261583688,18.40311829815837,18.525585671550807,18.021308919718905,17.61410065161285,16.027232766032956,1.0,1.0,1.0,1.0,1.0,1.0,1.0,1.0,1.0,1.0
59.25,2.0,17.892593637012325,18.50674653616117,16.92624973547631,16.872598401754516,16.031193624846164,15.117244975881986,15.898208583876226,15.923806950983879,15.836906798670634,15.790632853541045,1.0,1.0,1.0,1.0,1.0,1.0,1.0,1.0,1.0,1.0
59.5,3.0,0.0,0.0,0.0,0.0,0.0,0.0,0.0,0.0,0.0,0.0,0.0,0.0,0.0,0.0,0.0,0.0,0.0,0.0,0.0,0.0
59.75,4.0,17.37644101703656,17.37339450617494,15.810018661948675,13.915865569793906,14.915875942710025,15.449739480644011,15.782518147863797,14.778177711936777,13.153356313954108,14.700077758431055,1.0,1.0,1.0,1.0,1.0,1.0,1.0,1.0,1.0,1.0
60.0,1.0,17.583853720565152,16.30166415719162,17.619203640777933,18.713288054508777,18.756640601859214,18.086197952981692,17.699328060524422,16.457254320938254,16.75961248119095,15.516287558016279,1.0,1.0,1.0,1.0,1.0,1.0,1.0,1.0,1.0,1.0
60.25,2.0,0.0,0.0,0.0,0.0,0.0,0.0,0.0,0.0,0.0,0.0,0.0,0.0,0.0,0.0,0.0,0.0,0.0,0.0,0.0,0.0
60.5,3.0,16.04061020135983,15.313839705465334,14.875336291550546,14.57938764635633,16.850781595489032,16.523393630741126,16.619090607236597,17.42517341143035,17.011886437794487,17.067465217569044,1.0,1.0,1.0,1.0,1.0,1.0,1.0,1.0,1.0,1.0
60.75,4.0,16.44152064099444,14.964019808416687,13.745314934536859,13.878434941408727,16.468102780699496,15.968553928992842,14.900645537389273,13.65003620486193,12.998826890218213,13.542827077429449,1.0,1.0,1.0,1.0,1.0,1.0,1.0,1.0,1.0,1.0
61.0,1.0,17.732107166434314,17.068468808500892,19.089312965872843,19.158059992108647,18.84692283556062,18.011416521736837,17.253378656716293,16.504789136369233,16.276200125869618,14.905064159627829,1.0,1.0,1.0,1.0,1.0,1.0,1.0,1.0,1.0,1.0
61.25,2.0,16.43101723467248,17.564600564190364,16.933706670091983,16.874231019819074,16.274438010542845,15.49913798022959,16.337913517422,15.52445716309377,16.56886215982898,15.40107060876544,1.0,1.0,1.0,1.0,1.0,1.0,1.0,1.0,1.0,1.0
61.5,3.0,0.0,0.0,0.0,0.0,0.0,0.0,0.0,0.0,0.0,0.0,0.0,0.0,0.0,0.0,0.0,0.0,0.0,0.0,0.0,0.0
61.75,4.0,13.908555343634575,12.977177492685362,13.25070876565871,14.326371064223252,15.5965383810983,15.406353871685235,14.432192912589223,12.896462205315775,12.999495449008156,13.242073368799202,1.0,1.0,1.0,1.0,1.0,1.0,1.0,1.0,1.0,1.0
62.0,1.0,18.396336823408667,17.507061376367258,18.666406706386464,18.490956863436853,16.465973296511876,16.537867324895412,15.782943111055616,16.071247840228594,16.37461710870927,16.131945141068062,1.0,1.0,1.0,1.0,1.0,1.0,1.0,1.0,1.0,1.0
62.25,2.0,0.0,0.0,0.0,0.0,0.0,0.0,0.0,0.0,0.0,0.0,0.0,0.0,0.0,0.0,0.0,0.0,0.0,0.0,0.0,0.0
62.5,3.0,14.82216672866328,14.991060136919948,15.041827132920398,14.69260775173068,16.20745566789505,16.806962502371977,17.583392029834293,17.886162624706454,17.072326551236053,17.33423323313209,1.0,1.0,1.0,1.0,1.0,1.0,1.0,1.0,1.0,1.0
62.75,4.0,13.083673667980204,12.656174063962872,14.232052796279419,15.077109511833196,14.988840894671434,14.63528981848248,13.802856664702112,12.98277644471522,12.235186187044203,12.73050093901041,1.0,1.0,1.0,1.0,1.0,1.0,1.0,1.0,1.0,1.0
63.0,1.0,0.0,0.0,0.0,0.0,0.0,0.0,0.0,0.0,0.0,0.0,0.0,0.0,0.0,0.0,0.0,0.0,0.0,0.0,0.0,0.0
63.25,2.0,0.0,0.0,0.0,0.0,0.0,0.0,0.0,0.0,0.0,0.0,0.0,0.0,0.0,0.0,0.0,0.0,0.0,0.0,0.0,0.0
63.5,3.0,14.861225508693792,14.721190440448765,15.00365902003332,15.946032505926263,16.949899167486027,16.571918013697953,16.695977893955636,16.497431912147988,15.853978462748772,15.67260443241211,1.0,1.0,1.0,1.0,1.0,1.0,1.0,1.0,1.0,1.0
63.75,4.0,0.0,0.0,0.0,0.0,0.0,0.0,0.0,0.0,0.0,0.0,0.0,0.0,0.0,0.0,0.0,0.0,0.0,0.0,0.0,0.0
64.0,1.0,17.051987795554258,18.811855749340307,18.182493681755354,17.4572349117029,17.3314984035382,16.850237753577684,16.675721266180982,16.36358351286161,16.6714015882931,15.200491570520807,1.0,1.0,1.0,1.0,1.0,1.0,1.0,1.0,1.0,1.0
64.25,2.0,17.0778941802009,17.943554380147035,15.537936848505524,16.35656933209625,18.02407111262632,17.3860318453869,15.998208734146859,15.065004335699438,15.329720750579312,14.856762601833122,1.0,1.0,1.0,1.0,1.0,1.0,1.0,1.0,1.0,1.0
64.5,3.0,0.0,0.0,0.0,0.0,0.0,0.0,0.0,0.0,0.0,0.0,0.0,0.0,0.0,0.0,0.0,0.0,0.0,0.0,0.0,0.0
64.75,4.0,12.661808966553876,12.991014799414137,14.253388784806363,13.851314728446708,11.915335981490085,13.24630247633821,11.910953092323819,12.71936651308637,12.314956954710336,12.384267734506315,1.0,1.0,1.0,1.0,1.0,1.0,1.0,1.0,1.0,1.0
65.0,1.0,17.442504052501864,17.891869558293614,16.573197890719317,16.6876766043371,16.231678107544788,16.06244123597805,15.882575133575711,16.16484682520504,16.637843272222636,15.442307785224033,1.0,1.0,1.0,1.0,1.0,1.0,1.0,1.0,1.0,1.0
65.25,2.0,0.0,0.0,0.0,0.0,0.0,0.0,0.0,0.0,0.0,0.0,0.0,0.0,0.0,0.0,0.0,0.0,0.0,0.0,0.0,0.0
65.5,3.0,15.242664957984228,15.942924991898476,16.475839477170165,16.55021840635272,16.755496054696792,16.711268347055473,16.982942077276746,16.124014614656776,16.394033597514163,15.726346653841466,1.0,1.0,1.0,1.0,1.0,1.0,1.0,1.0,1.0,1.0
65.75,4.0,13.188239024766041,13.390271419830395,13.84210969020081,13.296881803839353,12.393552638372686,12.50131177245607,11.961535807961761,12.893348965930507,11.667418097726742,12.098667697111953,1.0,1.0,1.0,1.0,1.0,1.0,1.0,1.0,1.0,1.0
66.0,1.0,0.0,0.0,0.0,0.0,0.0,0.0,0.0,0.0,0.0,0.0,0.0,0.0,0.0,0.0,0.0,0.0,0.0,0.0,0.0,0.0
66.25,2.0,15.601297786662954,14.739685079851144,15.203538568137203,15.600837673989268,15.60612922759044,15.651117724729652,16.350720979016785,16.41921520499995,17.137146708305846,17.09575266663965,1.0,1.0,1.0,1.0,1.0,1.0,1.0,1.0,1.0,1.0
66.5,3.0,0.0,0.0,0.0,0.0,0.0,0.0,0.0,0.0,0.0,0.0,0.0,0.0,0.0,0.0,0.0,0.0,0.0,0.0,0.0,0.0
66.75,4.0,0.0,0.0,0.0,0.0,0.0,0.0,0.0,0.0,0.0,0.0,0.0,0.0,0.0,0.0,0.0,0.0,0.0,0.0,0.0,0.0
67.0,1.0,16.685601509193084,17.820747601722545,18.010294860363132,16.0022511744624,13.846420021619206,15.799373143987633,15.136010607601246,15.846648026275751,16.456241541291934,15.689433846250068,1.0,1.0,1.0,1.0,1.0,1.0,1.0,1.0,1.0,1.0
67.25,2.0,16.337597860368216,15.177371274536688,15.191266691981097,16.054718362807527,15.750084620760614,15.727226309318938,16.910014658144163,17.837986115357307,19.381964116138757,20.079276099867858,1.0,1.0,1.0,1.0,1.0,1.0,1.0,1.0,1.0,1.0
67.5,3.0,15.439730995702487,14.60367596668689,14.921905324863944,15.758608008283664,14.731662677364625,15.323382187559947,16.431382346868084,15.405719503577258,15.526684027240988,15.70505351896573,1.0,1.0,1.0,1.0,1.0,1.0,1.0,1.0,1.0,1.0
67.75,4.0,13.414698308812484,13.320417411541639,13.529616659759672,12.077089744376034,11.130217043631514,11.557596743896056,11.973841805833235,12.701912640594006,12.760353514248449,13.741964703830657,1.0,1.0,1.0,1.0,1.0,1.0,1.0,1.0,1.0,1.0
68.0,1.0,17.148311117157633,18.172747614915387,17.741364553423697,15.43155454305579,14.824649096415541,16.091953623483207,16.783779864777486,16.42738307866996,16.68356011114694,16.878699461215213,1.0,1.0,1.0,1.0,1.0,1.0,1.0,1.0,1.0,1.0
68.25,2.0,0.0,0.0,0.0,0.0,0.0,0.0,0.0,0.0,0.0,0.0,0.0,0.0,0.0,0.0,0.0,0.0,0.0,0.0,0.0,0.0
68.5,3.0,14.174641843733735,14.602777549479834,15.367949365880184,15.534848373202497,14.739961929641229,14.521112191478013,14.961939158056332,14.904333575033622,15.56311702606009,15.196376765023743,1.0,1.0,1.0,1.0,1.0,1.0,1.0,1.0,1.0,1.0
68.75,4.0,14.356016020163771,13.909460068776232,13.766999453590735,11.898503020840359,10.410129147833343,10.44207740503823,10.726763519924258,12.372395926599767,12.46514583819072,13.008402849435013,1.0,1.0,1.0,1.0,1.0,1.0,1.0,1.0,1.0,1.0
69.0,1.0,16.459696492295105,17.28625363167083,16.15011399350078,15.8038693780218,16.57328414526677,16.96016970974502,16.56945856006275,15.963741927057768,16.232626319705915,17.611869821599925,1.0,1.0,1.0,1.0,1.0,1.0,1.0,1.0,1.0,1.0
69.25,2.0,14.501459702198963,14.963581425435832,14.226884235760005,15.340749219281284,17.441838513626998,17.88409065373986,18.920182802939877,18.550427619029083,18.751296726020385,19.06905424971983,1.0,1.0,1.0,1.0,1.0,1.0,1.0,1.0,1.0,1.0
69.5,3.0,0.0,0.0,0.0,0.0,0.0,0.0,0.0,0.0,0.0,0.0,0.0,0.0,0.0,0.0,0.0,0.0,0.0,0.0,0.0,0.0
69.75,4.0,14.91314866967489,14.665616490355287,13.68661391893993,12.070033710186618,9.827175504101938,10.857123244036886,11.436328276164055,13.4750410601892,14.19091591905404,14.28584252814504,1.0,1.0,1.0,1.0,1.0,1.0,1.0,1.0,1.0,1.0
70.0,1.0,16.049792668126223,16.20190853719873,15.886416462059513,16.478917943362035,17.45278435932847,16.88160374301207,17.252060876059417,16.636816035423102,16.704251498551223,17.7088436994622,1.0,1.0,1.0,1.0,1.0,1.0,1.0,1.0,1.0,1.0
70.25,2.0,0.0,0.0,0.0,0.0,0.0,0.0,0.0,0.0,0.0,0.0,0.0,0.0,0.0,0.0,0.0,0.0,0.0,0.0,0.0,0.0
70.5,3.0,14.934137329764244,15.886648247761666,16.552751364661574,15.927949464074475,15.970775210483856,15.238333886994859,16.15631544134702,14.793253128752289,14.961453391856478,13.470764415644503,1.0,1.0,1.0,1.0,1.0,1.0,1.0,1.0,1.0,1.0
70.75,4.0,15.444402851235806,14.318251490524592,13.857569269210714,11.920754733495666,11.653819888046856,12.688611470460003,13.558140885172712,15.069671181490913,16.173269800249354,15.369079044406348,1.0,1.0,1.0,1.0,1.0,1.0,1.0,1.0,1.0,1.0
71.0,1.0,0.0,0.0,0.0,0.0,0.0,0.0,0.0,0.0,0.0,0.0,0.0,0.0,0.0,0.0,0.0,0.0,0.0,0.0,0.0,0.0
71.25,2.0,15.41346226211639,15.386006114023033,14.941496565920895,15.888778553916266,17.507582396645443,18.46286337518428,19.61065775466862,19.065349810458,19.158055067633676,18.58639071465434,1.0,1.0,1.0,1.0,1.0,1.0,1.0,1.0,1.0,1.0
71.5,3.0,16.37644664545454,16.19864721893671,16.061467215419608,14.50141756852026,15.88071497907441,15.347773938118243,17.09544801637565,15.810592578656545,15.830965736357605,14.710315386833583,1.0,1.0,1.0,1.0,1.0,1.0,1.0,1.0,1.0,1.0
71.75,4.0,0.0,0.0,0.0,0.0,0.0,0.0,0.0,0.0,0.0,0.0,0.0,0.0,0.0,0.0,0.0,0.0,0.0,0.0,0.0,0.0
72.0,1.0,16.38858065282103,17.75639833799032,17.36528021239649,17.48552590299073,16.021953191197547,16.167252640731427,17.47219294935633,17.583533992986634,16.909319641160405,16.983734399183955,1.0,1.0,1.0,1.0,1.0,1.0,1.0,1.0,1.0,1.0
72.25,2.0,16.39157997394731,17.39261686929521,16.636219143887544,15.989905537204786,17.489576151584888,17.853686868485365,18.452353267035058,18.512638074925036,18.452885824712805,18.29686897075028,1.0,1.0,1.0,1.0,1.0,1.0,1.0,1.0,1.0,1.0
72.5,3.0,0.0,0.0,0.0,0.0,0.0,0.0,0.0,0.0,0.0,0.0,0.0,0.0,0.0,0.0,0.0,0.0,0.0,0.0,0.0,0.0
72.75,4.0,16.356163152580567,15.26945694345748,13.671931616964699,13.710942839012608,14.401102294994976,13.931611105212758,15.41866851163424,15.81827776471207,15.421268279663622,16.321785405710713,1.0,1.0,1.0,1.0,1.0,1.0,1.0,1.0,1.0,1.0
73.0,1.0,17.031604336368634,18.528275669686533,17.177645505547645,17.00784041923918,16.430797795130147,16.560079948809832,17.007510830105282,16.7025785316491,16.96917006455858,17.265032215573957,1.0,1.0,1.0,1.0,1.0,1.0,1.0,1.0,1.0,1.0
73.25,2.0,0.0,0.0,0.0,0.0,0.0,0.0,0.0,0.0,0.0,0.0,0.0,0.0,0.0,0.0,0.0,0.0,0.0,0.0,0.0,0.0
73.5,3.0,16.536269355827102,16.43172467204492,15.737795689757919,14.884383329995165,15.75047602565505,14.90642545056015,15.2723575201739,15.09790418335909,15.115476213498678,13.257648844028033,1.0,1.0,1.0,1.0,1.0,1.0,1.0,1.0,1.0,1.0
73.75,4.0,16.31167024131905,16.355892709153423,14.543689160283073,14.208664896684006,14.259246861777974,14.408780660252349,14.736635383141827,16.226198188379072,17.292210307093203,17.54162059409216,1.0,1.0,1.0,1.0,1.0,1.0,1.0,1.0,1.0,1.0
74.0,1.0,17.06602247989078,18.384552156137236,18.14844146322961,17.700401545396602,17.89304785319256,17.30168830760956,17.115142425160023,16.87041962731363,17.119500430614266,17.744768023965836,1.0,1.0,1.0,1.0,1.0,1.0,1.0,1.0,1.0,1.0
74.25,2.0,18.157672924087823,17.6439308467096,16.8242546320555,16.640973804185524,16.9267756511776,17.635183193657422,18.005938352383495,18.346148950066073,18.227421452166155,17.907797611166682,1.0,1.0,1.0,1.0,1.0,1.0,1.0,1.0,1.0,1.0
74.5,3.0,0.0,0.0,0.0,0.0,0.0,0.0,0.0,0.0,0.0,0.0,0.0,0.0,0.0,0.0,0.0,0.0,0.0,0.0,0.0,0.0
74.75,4.0,0.0,0.0,0.0,0.0,0.0,0.0,0.0,0.0,0.0,0.0,0.0,0.0,0.0,0.0,0.0,0.0,0.0,0.0,0.0,0.0
75.0,1.0,18.03537117911172,17.466344196552804,17.21888649911762,18.40445109248798,18.40869078568997,17.616530361187195,18.465831902141847,17.42416606780747,18.2916198992614,17.8950614599919,1.0,1.0,1.0,1.0,1.0,1.0,1.0,1.0,1.0,1.0
75.25,2.0,16.206017819642152,16.537423051348238,15.956636517349882,17.038425501748126,18.132064490303257,17.739164359978968,16.808242093380436,17.099549179019387,16.49155130051442,17.15507818454575,1.0,1.0,1.0,1.0,1.0,1.0,1.0,1.0,1.0,1.0
75.5,3.0,16.098634037563045,15.85503447170127,15.56939233074034,14.016978757877549,14.505749118932101,12.55765086269173,11.684467719254906,11.11610566391198,11.041243471365442,11.172064185886054,1.0,1.0,1.0,1.0,1.0,1.0,1.0,1.0,1.0,1.0
75.75,4.0,15.34892174911234,15.401971794479975,14.496006958059413,15.22441055994912,16.198577796238407,16.080430309591964,16.322869200473995,16.261992302520895,17.153407113558178,17.550051341192002,1.0,1.0,1.0,1.0,1.0,1.0,1.0,1.0,1.0,1.0
76.0,1.0,16.78696698724535,16.294545538095264,16.96943863592872,18.74546937344847,18.97019329004172,19.11909612572311,20.52497432208672,19.236119798973036,19.66116790804964,18.95194083187351,1.0,1.0,1.0,1.0,1.0,1.0,1.0,1.0,1.0,1.0
76.25,2.0,0.0,0.0,0.0,0.0,0.0,0.0,0.0,0.0,0.0,0.0,0.0,0.0,0.0,0.0,0.0,0.0,0.0,0.0,0.0,0.0
76.5,3.0,16.31679251648502,16.382517295146787,15.886282710183407,14.515667525687942,12.92865264389394,11.418155705641725,10.352892780257049,10.406336956515995,11.112196817676029,11.720356841283312,1.0,1.0,1.0,1.0,1.0,1.0,1.0,1.0,1.0,1.0
76.75,4.0,15.552703954028456,16.199538312518825,15.87668810051866,15.492028147304321,16.590376053121876,15.74763320222092,15.954989627641261,15.991214734464405,16.661540007987085,17.01153915954735,1.0,1.0,1.0,1.0,1.0,1.0,1.0,1.0,1.0,1.0
77.0,1.0,17.084599494811844,17.432005737587495,17.708654575893775,18.958069838729507,19.460761458649827,19.723863533978342,20.92015892565753,19.28081710349462,18.613628876687038,17.913199817570753,1.0,1.0,1.0,1.0,1.0,1.0,1.0,1.0,1.0,1.0
77.25,2.0,14.36690284703204,15.941840652309189,15.948762548637223,16.7141284787481,16.958640994871416,15.627614696112854,14.586979964611869,14.565478354069896,15.907241691089748,15.565134349039031,1.0,1.0,1.0,1.0,1.0,1.0,1.0,1.0,1.0,1.0
77.5,3.0,0.0,0.0,0.0,0.0,0.0,0.0,0.0,0.0,0.0,0.0,0.0,0.0,0.0,0.0,0.0,0.0,0.0,0.0,0.0,0.0
77.75,4.0,15.196676767044096,17.030506977084766,16.584619993535746,15.730837879903138,16.092170433821128,14.937095315449813,15.378634668132891,15.577572540558794,16.03154813736349,16.679186530150837,1.0,1.0,1.0,1.0,1.0,1.0,1.0,1.0,1.0,1.0
78.0,1.0,16.27871483555466,18.05672981747753,18.18288947630351,20.349061516827774,20.926902398787867,20.46104551704223,20.08422577435191,17.992516698179948,18.168164103011716,17.359113060672104,1.0,1.0,1.0,1.0,1.0,1.0,1.0,1.0,1.0,1.0
78.25,2.0,0.0,0.0,0.0,0.0,0.0,0.0,0.0,0.0,0.0,0.0,0.0,0.0,0.0,0.0,0.0,0.0,0.0,0.0,0.0,0.0
78.5,3.0,15.72071041054359,17.10533307875959,15.41062438056359,13.089251703422075,11.971186261758836,11.875520068042249,13.08633253360699,13.954942541605272,13.721181786619306,12.831997547580677,1.0,1.0,1.0,1.0,1.0,1.0,1.0,1.0,1.0,1.0
78.75,4.0,17.08832586720774,17.62670876542218,17.257205154940053,16.150671568426986,15.6549917398518,15.69755537878245,16.23858790385689,16.51606932592925,16.418821279592027,16.405668109512366,1.0,1.0,1.0,1.0,1.0,1.0,1.0,1.0,1.0,1.0
79.0,1.0,0.0,0.0,0.0,0.0,0.0,0.0,0.0,0.0,0.0,0.0,0.0,0.0,0.0,0.0,0.0,0.0,0.0,0.0,0.0,0.0
79.25,2.0,13.829764246611125,15.443155897100418,15.28544883258247,15.720804626517799,15.309741273753522,15.265730833650142,15.4519909875739,15.658236563757765,16.505975192387076,15.193550742805312,1.0,1.0,1.0,1.0,1.0,1.0,1.0,1.0,1.0,1.0
79.5,3.0,15.793229396281877,15.635858020011488,13.60712267064154,12.53181463063,12.82875061479894,11.77215041985932,13.433127808736183,13.263116487060385,13.796881496421245,12.21093311220328,1.0,1.0,1.0,1.0,1.0,1.0,1.0,1.0,1.0,1.0
79.75,4.0,0.0,0.0,0.0,0.0,0.0,0.0,0.0,0.0,0.0,0.0,0.0,0.0,0.0,0.0,0.0,0.0,0.0,0.0,0.0,0.0
80.0,1.0,18.025139724319022,19.67086943467966,18.331371575717522,20.653304222175713,19.29095170815944,18.76461185343776,18.19265308641452,17.949956176483028,17.913433324355353,18.030952100314597,1.0,1.0,1.0,1.0,1.0,1.0,1.0,1.0,1.0,1.0
80.25,2.0,14.316136406579181,15.815001158102763,14.867215639657946,14.697380875757986,15.712003815233153,15.764538172502858,16.222217961390836,15.721684372651454,15.738136514449401,14.944135377507076,1.0,1.0,1.0,1.0,1.0,1.0,1.0,1.0,1.0,1.0
80.5,3.0,0.0,0.0,0.0,0.0,0.0,0.0,0.0,0.0,0.0,0.0,0.0,0.0,0.0,0.0,0.0,0.0,0.0,0.0,0.0,0.0
80.75,4.0,16.567630723666515,16.93156276673818,17.5507782572953,18.14871071050671,16.735650475878536,15.78042310138107,15.120529625752779,14.659461101989823,15.423853083184623,16.136579004103368,1.0,1.0,1.0,1.0,1.0,1.0,1.0,1.0,1.0,1.0
81.0,1.0,17.509028006621328,19.6555986759266,19.15322074173731,19.79588097365425,17.79393570905527,17.944823510771595,18.112542437012266,17.99215447833812,19.007894259533327,19.342200075539374,1.0,1.0,1.0,1.0,1.0,1.0,1.0,1.0,1.0,1.0
81.25,2.0,0.0,0.0,0.0,0.0,0.0,0.0,0.0,0.0,0.0,0.0,0.0,0.0,0.0,0.0,0.0,0.0,0.0,0.0,0.0,0.0
81.5,3.0,15.053039991537865,14.404650904343962,12.216464802169664,11.924384779919171,12.467346900946307,12.626094934891531,13.476635413981857,12.565606414501028,11.890333179045266,10.903214334317171,1.0,1.0,1.0,1.0,1.0,1.0,1.0,1.0,1.0,1.0
81.75,4.0,16.762063018111235,16.907483792988355,17.81868817516357,17.060918491945444,15.615407435689024,15.720061643281442,15.792872228235154,15.56674117858119,15.591730196308522,15.856042286909307,1.0,1.0,1.0,1.0,1.0,1.0,1.0,1.0,1.0,1.0
82.0,1.0,17.64260171173842,20.002119676105277,18.770145770631476,19.53378018191575,18.541781153898516,18.3851808514997,19.24719711751633,19.13578838793691,20.298827513910258,20.036275421116446,1.0,1.0,1.0,1.0,1.0,1.0,1.0,1.0,1.0,1.0
82.25,2.0,14.733682698962463,15.27481806565002,14.252789183332249,14.518820601286706,16.024184457221757,14.184946715848453,14.266570792543163,15.092372357378979,16.527378927328105,17.186430557819158,1.0,1.0,1.0,1.0,1.0,1.0,1.0,1.0,1.0,1.0
82.5,3.0,0.0,0.0,0.0,0.0,0.0,0.0,0.0,0.0,0.0,0.0,0.0,0.0,0.0,0.0,0.0,0.0,0.0,0.0,0.0,0.0
82.75,4.0,16.22181698157409,16.783585431002667,17.64263138404936,15.136340486282062,15.024811349557162,15.227569357314932,15.719114716012303,15.583864407028438,16.173063793365873,16.040343600278774,1.0,1.0,1.0,1.0,1.0,1.0,1.0,1.0,1.0,1.0
83.0,1.0,18.765809150502495,19.551549295006232,18.577347824895728,19.921697651658754,19.14665178466321,19.00865791527872,20.517935044423357,19.770987803265438,19.444523036061284,20.2365633154375,1.0,1.0,1.0,1.0,1.0,1.0,1.0,1.0,1.0,1.0
83.25,2.0,14.211307475408665,14.74371922379385,13.974698041037525,14.369160036986068,15.8423760853622,15.23302579328014,16.157591704206332,17.506340525408987,18.436329381774435,18.80482328719617,1.0,1.0,1.0,1.0,1.0,1.0,1.0,1.0,1.0,1.0
83.5,3.0,12.591708561533784,11.28719394518594,11.686476313420492,12.10238586883753,13.201755722763595,12.162041136210355,12.743875630742822,12.174030284070462,11.4832675355142,11.320844021483312,1.0,1.0,1.0,1.0,1.0,1.0,1.0,1.0,1.0,1.0
83.75,4.0,16.82007430896871,17.078142513377728,16.610873479950246,14.458729763898772,14.589275718477516,15.29195858574026,15.490793747406693,14.546390858651238,13.895025656825727,14.58147318816605,1.0,1.0,1.0,1.0,1.0,1.0,1.0,1.0,1.0,1.0
84.0,1.0,0.0,0.0,0.0,0.0,0.0,0.0,0.0,0.0,0.0,0.0,0.0,0.0,0.0,0.0,0.0,0.0,0.0,0.0,0.0,0.0
84.25,2.0,0.0,0.0,0.0,0.0,0.0,0.0,0.0,0.0,0.0,0.0,0.0,0.0,0.0,0.0,0.0,0.0,0.0,0.0,0.0,0.0
84.5,3.0,11.984322540142628,10.809382723872435,11.607160880506383,13.849431077741508,13.629326455925986,12.703294735845551,13.153709487188467,11.796494616651056,11.22588790431855,11.946012784288783,1.0,1.0,1.0,1.0,1.0,1.0,1.0,1.0,1.0,1.0
84.75,4.0,0.0,0.0,0.0,0.0,0.0,0.0,0.0,0.0,0.0,0.0,0.0,0.0,0.0,0.0,0.0,0.0,0.0,0.0,0.0,0.0
85.0,1.0,18.280782568588993,17.27745903558338,17.142044319344,16.275988941932436,18.16238210888795,17.76430211472455,18.446652805221802,17.696387224442763,18.044074346834662,18.260407622755547,1.0,1.0,1.0,1.0,1.0,1.0,1.0,1.0,1.0,1.0
85.25,2.0,15.199700731514506,15.773921225007351,15.203095309415975,16.93817256855102,18.74325410076714,19.38994319315184,19.287479139128042,19.970262141738655,19.619502920665848,19.249081435822735,1.0,1.0,1.0,1.0,1.0,1.0,1.0,1.0,1.0,1.0
85.5,3.0,0.0,0.0,0.0,0.0,0.0,0.0,0.0,0.0,0.0,0.0,0.0,0.0,0.0,0.0,0.0,0.0,0.0,0.0,0.0,0.0
85.75,4.0,14.948550117715069,14.639260519382665,15.65564401037822,15.323543099677227,14.662429240119202,14.741992935594013,14.215186401262335,13.71470788589382,13.624413072319587,14.130874044999057,1.0,1.0,1.0,1.0,1.0,1.0,1.0,1.0,1.0,1.0
86.0,1.0,18.42423483788789,17.516044685727845,16.450278357092177,17.372327503253903,17.69969592842799,17.198137961721265,17.153421060837967,16.68387407863001,17.785600425590527,18.848002579113313,1.0,1.0,1.0,1.0,1.0,1.0,1.0,1.0,1.0,1.0
86.25,2.0,0.0,0.0,0.0,0.0,0.0,0.0,0.0,0.0,0.0,0.0,0.0,0.0,0.0,0.0,0.0,0.0,0.0,0.0,0.0,0.0
86.5,3.0,12.543627209677576,15.21501165223087,15.238620397513042,13.91649743276278,12.487875194735949,12.232654687590303,13.721842810806521,13.794482827989112,13.8727354264936,15.141981202737568,1.0,1.0,1.0,1.0,1.0,1.0,1.0,1.0,1.0,1.0
86.75,4.0,14.99347219598021,14.728326850763867,16.141705960631846,16.24152958124509,14.763458932854784,14.809542161060316,14.466184789930601,13.221971147148196,12.835470507868978,14.17634869682293,1.0,1.0,1.0,1.0,1.0,1.0,1.0,1.0,1.0,1.0
87.0,1.0,0.0,0.0,0.0,0.0,0.0,0.0,0.0,0.0,0.0,0.0,0.0,0.0,0.0,0.0,0.0,0.0,0.0,0.0,0.0,0.0
87.25,2.0,14.8580909486622,18.265155624198943,18.29600686045926,17.42736703768302,18.03757157510932,17.313748401863513,16.75054385374513,17.513481446501476,18.17704488781576,17.863661155856054,1.0,1.0,1.0,1.0,1.0,1.0,1.0,1.0,1.0,1.0
87.5,3.0,0.0,0.0,0.0,0.0,0.0,0.0,0.0,0.0,0.0,0.0,0.0,0.0,0.0,0.0,0.0,0.0,0.0,0.0,0.0,0.0
87.75,4.0,0.0,0.0,0.0,0.0,0.0,0.0,0.0,0.0,0.0,0.0,0.0,0.0,0.0,0.0,0.0,0.0,0.0,0.0,0.0,0.0
88.0,1.0,16.84307756566861,16.04282240273901,16.635596323198946,16.82523021063014,16.435234414598312,17.079840990180394,17.9330744910112,18.596134407020255,18.976898389949703,20.406007913074095,1.0,1.0,1.0,1.0,1.0,1.0,1.0,1.0,1.0,1.0
88.25,2.0,15.968778429832286,18.383796806086192,18.629795176410948,17.263690100689942,17.379596374701922,17.65357699415723,17.564743751040567,18.58490981805959,18.762206340172934,18.02899764314303,1.0,1.0,1.0,1.0,1.0,1.0,1.0,1.0,1.0,1.0
88.5,3.0,0.0,0.0,0.0,0.0,0.0,0.0,0.0,0.0,0.0,0.0,0.0,0.0,0.0,0.0,0.0,0.0,0.0,0.0,0.0,0.0
88.75,4.0,14.186128034877768,15.205728609977125,15.445156761036676,13.025034721009291,13.708886734572493,15.209843261436399,15.14112884393466,14.580634756551786,14.98201356387103,14.877034404158461,1.0,1.0,1.0,1.0,1.0,1.0,1.0,1.0,1.0,1.0
89.0,1.0,15.477875589300709,15.422295735623297,16.071981558199727,16.624196930138083,16.882520806149675,16.998149055792823,18.42010736864063,18.383063072483758,18.587512998631908,19.927475198527862,1.0,1.0,1.0,1.0,1.0,1.0,1.0,1.0,1.0,1.0
89.25,2.0,0.0,0.0,0.0,0.0,0.0,0.0,0.0,0.0,0.0,0.0,0.0,0.0,0.0,0.0,0.0,0.0,0.0,0.0,0.0,0.0
89.5,3.0,16.40564845818778,15.879751939608347,13.010098704455542,10.902618714642696,12.573767413711202,13.309621920870905,14.071890188486826,15.31088241571689,15.471795017503846,15.463996745539113,1.0,1.0,1.0,1.0,1.0,1.0,1.0,1.0,1.0,1.0
89.75,4.0,15.828507704690766,14.948161608316127,14.966274761659035,14.36762974351082,15.289842374358189,15.597387487900162,15.353695595822517,14.497471013540379,14.584559538758862,14.223608524626218,1.0,1.0,1.0,1.0,1.0,1.0,1.0,1.0,1.0,1.0
90.0,1.0,15.242993913720007,16.804423003359272,17.197665338099252,17.286257606168046,17.78685597124658,17.701362005653454,18.76814390628833,18.25987558567218,18.07647678238116,19.49338849252993,1.0,1.0,1.0,1.0,1.0,1.0,1.0,1.0,1.0,1.0
90.25,2.0,16.611115807864444,16.655880938313075,15.344353791763888,15.303911089316268,16.183282624187658,18.07604616671963,18.675073121167994,19.86961381204248,18.970100457520807,18.425349012771612,1.0,1.0,1.0,1.0,1.0,1.0,1.0,1.0,1.0,1.0
90.5,3.0,0.0,0.0,0.0,0.0,0.0,0.0,0.0,0.0,0.0,0.0,0.0,0.0,0.0,0.0,0.0,0.0,0.0,0.0,0.0,0.0
90.75,4.0,15.853378463219935,14.648170725909932,15.403143477714607,14.881729579082226,14.444988525021948,15.388875229324666,15.279272913929006,14.273452686694222,14.854968833507753,14.605697540542923,1.0,1.0,1.0,1.0,1.0,1.0,1.0,1.0,1.0,1.0
91.0,1.0,15.8074349746303,17.320631181766046,16.77618232721705,18.029229859619296,19.023135345093777,18.885490650600065,19.007475964815576,19.149624728126753,18.562827497329618,19.96119121020498,1.0,1.0,1.0,1.0,1.0,1.0,1.0,1.0,1.0,1.0
91.25,2.0,17.290655761227733,16.297722002686367,15.87599969316174,16.54764129360434,18.232717165896755,18.837428607318238,19.691271330982527,19.104747826246854,18.419527728607807,18.00060199978008,1.0,1.0,1.0,1.0,1.0,1.0,1.0,1.0,1.0,1.0
91.5,3.0,15.700105330210826,14.794543135149084,14.549236935346945,13.566486356521168,14.552493515106509,15.268219270716264,16.80939017173173,18.058557606809345,17.58169934112749,17.310645491417677,1.0,1.0,1.0,1.0,1.0,1.0,1.0,1.0,1.0,1.0
91.75,4.0,15.116364542634688,15.229995806579169,16.166902232267535,15.963853223576388,15.407738391979674,16.104784559946864,16.596537616990567,15.211944474259377,14.645454758157113,14.369415053937242,1.0,1.0,1.0,1.0,1.0,1.0,1.0,1.0,1.0,1.0
92.0,1.0,0.0,0.0,0.0,0.0,0.0,0.0,0.0,0.0,0.0,0.0,0.0,0.0,0.0,0.0,0.0,0.0,0.0,0.0,0.0,0.0
92.25,2.0,0.0,0.0,0.0,0.0,0.0,0.0,0.0,0.0,0.0,0.0,0.0,0.0,0.0,0.0,0.0,0.0,0.0,0.0,0.0,0.0
92.5,3.0,15.88868186277306,15.515479421954353,15.920523663516603,15.959362593573102,16.943176713147864,17.299214217488124,17.31495937717473,17.743209090516743,16.74908093657166,16.628093820829623,1.0,1.0,1.0,1.0,1.0,1.0,1.0,1.0,1.0,1.0
92.75,4.0,0.0,0.0,0.0,0.0,0.0,0.0,0.0,0.0,0.0,0.0,0.0,0.0,0.0,0.0,0.0,0.0,0.0,0.0,0.0,0.0
93.0,1.0,14.56929528032437,15.374595598760726,17.337707456264315,18.255522607705917,18.016099432932666,18.366638069970165,18.705894549544077,18.18926644168782,18.78036975396744,20.33703604313178,1.0,1.0,1.0,1.0,1.0,1.0,1.0,1.0,1.0,1.0
93.25,2.0,15.755323953167172,15.347041009852912,15.755912787286737,18.853736134440958,19.297467880455443,18.568806963815234,20.31149649849255,18.59121300534353,17.739716222059965,16.558203728119178,1.0,1.0,1.0,1.0,1.0,1.0,1.0,1.0,1.0,1.0
93.5,3.0,0.0,0.0,0.0,0.0,0.0,0.0,0.0,0.0,0.0,0.0,0.0,0.0,0.0,0.0,0.0,0.0,0.0,0.0,0.0,0.0
93.75,4.0,15.882271385375681,16.970813140900233,17.623072695583858,16.40957431504923,16.35351782653406,14.97339008947367,15.196209637511812,13.896590848250566,13.353981626755186,13.162865399342463,1.0,1.0,1.0,1.0,1.0,1.0,1.0,1.0,1.0,1.0
94.0,1.0,15.101675978885188,15.172935197191944,17.081373203082524,18.128213483063785,18.407223485858033,18.786212468345045,18.923167774855173,18.85696605211182,18.952643848552235,20.18823765144999,1.0,1.0,1.0,1.0,1.0,1.0,1.0,1.0,1.0,1.0
94.25,2.0,0.0,0.0,0.0,0.0,0.0,0.0,0.0,0.0,0.0,0.0,0.0,0.0,0.0,0.0,0.0,0.0,0.0,0.0,0.0,0.0
94.5,3.0,17.029447898726158,16.67093817244434,17.253063378057927,17.04970835485719,18.20133317596453,18.287709297514414,18.02858515941137,17.987567730095236,16.923471545238826,16.045931492794207,1.0,1.0,1.0,1.0,1.0,1.0,1.0,1.0,1.0,1.0
94.75,4.0,17.493884308564052,18.201864215009778,18.280722997781364,16.720708060818634,15.448897305059763,15.110946335283554,14.686857753533005,13.674219204932577,13.301376761453286,12.664020757758298,1.0,1.0,1.0,1.0,1.0,1.0,1.0,1.0,1.0,1.0
95.0,1.0,0.0,0.0,0.0,0.0,0.0,0.0,0.0,0.0,0.0,0.0,0.0,0.0,0.0,0.0,0.0,0.0,0.0,0.0,0.0,0.0
95.25,2.0,15.588377134515243,14.157428622382326,18.112115546148637,20.774967203652313,19.209014092468,19.420780578601235,19.79418069731177,18.139499595249887,19.327747312781476,19.42262019108671,1.0,1.0,1.0,1.0,1.0,1.0,1.0,1.0,1.0,1.0
95.5,3.0,0.0,0.0,0.0,0.0,0.0,0.0,0.0,0.0,0.0,0.0,0.0,0.0,0.0,0.0,0.0,0.0,0.0,0.0,0.0,0.0
95.75,4.0,0.0,0.0,0.0,0.0,0.0,0.0,0.0,0.0,0.0,0.0,0.0,0.0,0.0,0.0,0.0,0.0,0.0,0.0,0.0,0.0
96.0,1.0,15.862278542249122,17.10660793683199,17.55782081091145,17.98443627717986,19.08999872364214,20.922530358562266,22.56864223642225,22.396078941826996,21.88002863565293,21.94569277082117,1.0,1.0,1.0,1.0,1.0,1.0,1.0,1.0,1.0,1.0
96.25,2.0,14.744698857038655,15.180478986441175,18.603711437985613,19.8416689196023,18.787058864453975,19.338247253245484,20.210505754506084,19.434523541725753,20.030921741654062,19.878414085786684,1.0,1.0,1.0,1.0,1.0,1.0,1.0,1.0,1.0,1.0
96.5,3.0,0.0,0.0,0.0,0.0,0.0,0.0,0.0,0.0,0.0,0.0,0.0,0.0,0.0,0.0,0.0,0.0,0.0,0.0,0.0,0.0
96.75,4.0,18.3559406223987,19.37007796790518,19.006000548066364,16.49090720308775,14.997748497879277,14.569828584603663,14.496874792837069,14.316567146891265,13.634005201830401,13.16683251152833,1.0,1.0,1.0,1.0,1.0,1.0,1.0,1.0,1.0,1.0
97.0,1.0,16.58862515111652,17.581036068054658,17.3062837693572,18.54577991532062,20.414598380248343,20.867231953596853,21.91700891846805,21.76930991535164,21.359420712363175,21.78295792528252,1.0,1.0,1.0,1.0,1.0,1.0,1.0,1.0,1.0,1.0
97.25,2.0,0.0,0.0,0.0,0.0,0.0,0.0,0.0,0.0,0.0,0.0,0.0,0.0,0.0,0.0,0.0,0.0,0.0,0.0,0.0,0.0
97.5,3.0,17.847689965270984,17.65206922786201,18.115419277312455,19.156317614431966,18.974540492195896,17.702681027016375,17.34085666865245,15.6040009203827,14.140017282531389,13.98572100588093,1.0,1.0,1.0,1.0,1.0,1.0,1.0,1.0,1.0,1.0
97.75,4.0,18.775557199481057,18.81751943206119,18.77893921545986,16.461150516112927,14.67445989409724,15.117510881099676,15.104572091804231,14.25760325542089,14.551788389198967,14.227060094659223,1.0,1.0,1.0,1.0,1.0,1.0,1.0,1.0,1.0,1.0
98.0,1.0,17.190935077269984,18.032807142059774,18.78999242027648,20.18373308910866,20.42797658797473,20.584143870888674,21.409058201758704,20.54252706664922,20.821278676044457,21.625658978052236,1.0,1.0,1.0,1.0,1.0,1.0,1.0,1.0,1.0,1.0
98.25,2.0,17.34901488077955,19.4087567553673,18.75177397575561,18.653574789092502,19.601012859809224,18.866319893010463,18.551796421199324,15.778800505988851,15.500041418626727,15.936882562248215,1.0,1.0,1.0,1.0,1.0,1.0,1.0,1.0,1.0,1.0
98.5,3.0,0.0,0.0,0.0,0.0,0.0,0.0,0.0,0.0,0.0,0.0,0.0,0.0,0.0,0.0,0.0,0.0,0.0,0.0,0.0,0.0
98.75,4.0,18.471051469802557,18.00219890446872,17.572398117231263,15.906603451814776,14.300823495902893,14.552294697589845,13.951789548276718,14.320804062531378,14.195476914665939,13.782063662476263,1.0,1.0,1.0,1.0,1.0,1.0,1.0,1.0,1.0,1.0
99.0,1.0,18.26437637531759,18.972165121958845,19.684120737411703,20.072439507424004,20.013987650424006,19.755135228412755,20.078802392875154,20.366373796135942,19.448445633599135,20.667794599206452,1.0,1.0,1.0,1.0,1.0,1.0,1.0,1.0,1.0,1.0
99.25,2.0,0.0,0.0,0.0,0.0,0.0,0.0,0.0,0.0,0.0,0.0,0.0,0.0,0.0,0.0,0.0,0.0,0.0,0.0,0.0,0.0
99.5,3.0,18.20446367840683,18.283934742821394,19.041875637146145,17.949190829331297,15.891654678646713,15.690233828774785,14.887949336212902,14.677794546154042,15.379838018506469,16.75583202309266,1.0,1.0,1.0,1.0,1.0,1.0,1.0,1.0,1.0,1.0
99.75,4.0,18.48510672941447,17.222101398642074,17.178168310625143,14.789053240989174,14.329859901363879,14.345363212781395,13.81390555054369,13.545811884785532,13.691329171804878,14.320846495704052,1.0,1.0,1.0,1.0,1.0,1.0,1.0,1.0,1.0,1.0
100.0,1.0,0.0,0.0,0.0,0.0,0.0,0.0,0.0,0.0,0.0,0.0,0.0,0.0,0.0,0.0,0.0,0.0,0.0,0.0,0.0,0.0
100.25,2.0,0.0,0.0,0.0,0.0,0.0,0.0,0.0,0.0,0.0,0.0,0.0,0.0,0.0,0.0,0.0,0.0,0.0,0.0,0.0,0.0
100.5,3.0,18.936065916938855,18.004359804076987,18.742125299084314,18.18022972465062,15.406782085223268,15.742325344731068,15.181054011922363,15.055401016497063,15.03500504049672,14.823122933443528,1.0,1.0,1.0,1.0,1.0,1.0,1.0,1.0,1.0,1.0
100.75,4.0,0.0,0.0,0.0,0.0,0.0,0.0,0.0,0.0,0.0,0.0,0.0,0.0,0.0,0.0,0.0,0.0,0.0,0.0,0.0,0.0
101.0,1.0,17.758015632480028,19.1816003369573,18.39879105246372,18.884247873816854,20.53187402870368,19.063761027924787,18.79188128847052,18.396043547294564,18.17067971786188,19.752879836711596,1.0,1.0,1.0,1.0,1.0,1.0,1.0,1.0,1.0,1.0
101.25,2.0,16.92479925970152,17.501522646646343,18.741137329225843,19.201851010874456,17.235944832984362,17.59503888488074,18.068757179006262,17.29411074723655,17.08482364150283,17.721397888530735,1.0,1.0,1.0,1.0,1.0,1.0,1.0,1.0,1.0,1.0
101.5,3.0,0.0,0.0,0.0,0.0,0.0,0.0,0.0,0.0,0.0,0.0,0.0,0.0,0.0,0.0,0.0,0.0,0.0,0.0,0.0,0.0
101.75,4.0,18.5815313343978,16.559203872578596,15.606736088699911,14.242980408040603,15.315565573394199,15.181224160369776,13.868044113521622,13.397302242970083,12.5471224935164,12.869606529230328,1.0,1.0,1.0,1.0,1.0,1.0,1.0,1.0,1.0,1.0
102.0,1.0,18.187324170115218,19.671068946908164,16.77847280252568,17.194768099005728,17.054061342925166,16.823114559704607,17.888621675884796,18.642407027350647,18.734829763237002,19.37520997771061,1.0,1.0,1.0,1.0,1.0,1.0,1.0,1.0,1.0,1.0
102.25,2.0,0.0,0.0,0.0,0.0,0.0,0.0,0.0,0.0,0.0,0.0,0.0,0.0,0.0,0.0,0.0,0.0,0.0,0.0,0.0,0.0
102.5,3.0,19.7429569180018,19.27255415513943,18.102320325276978,16.956694893486087,16.072027622137444,16.910319201243986,16.737877878598002,16.20520701177204,15.801753178685761,15.413750600349111,1.0,1.0,1.0,1.0,1.0,1.0,1.0,1.0,1.0,1.0
102.75,4.0,18.11099096821557,16.552450779588945,15.532592687169155,14.714565882223065,15.687111799339814,14.967322309095756,13.790676895646936,12.553224293282984,13.223423345850373,13.634976047689111,1.0,1.0,1.0,1.0,1.0,1.0,1.0,1.0,1.0,1.0
103.0,1.0,0.0,0.0,0.0,0.0,0.0,0.0,0.0,0.0,0.0,0.0,0.0,0.0,0.0,0.0,0.0,0.0,0.0,0.0,0.0,0.0
103.25,2.0,17.178511497230584,18.591382042214512,18.41942570728803,16.69083747850814,16.106389861237574,16.45057720808065,16.16600222381618,15.994644210245582,15.325172098419824,15.393541035400155,1.0,1.0,1.0,1.0,1.0,1.0,1.0,1.0,1.0,1.0
103.5,3.0,0.0,0.0,0.0,0.0,0.0,0.0,0.0,0.0,0.0,0.0,0.0,0.0,0.0,0.0,0.0,0.0,0.0,0.0,0.0,0.0
103.75,4.0,0.0,0.0,0.0,0.0,0.0,0.0,0.0,0.0,0.0,0.0,0.0,0.0,0.0,0.0,0.0,0.0,0.0,0.0,0.0,0.0
104.0,1.0,16.997639022217022,16.861889022630983,16.68100979272905,16.742943043240494,16.57360086903666,15.595724863690881,16.731766028589515,16.620184783431974,15.699248198778092,15.421710611260796,1.0,1.0,1.0,1.0,1.0,1.0,1.0,1.0,1.0,1.0
104.25,2.0,17.638215288034445,17.96118944117428,17.888606151381136,16.643691486896053,16.480559684000795,16.200407102083357,15.780735844090486,15.517877715536777,14.878110668969294,15.331126237120328,1.0,1.0,1.0,1.0,1.0,1.0,1.0,1.0,1.0,1.0
104.5,3.0,0.0,0.0,0.0,0.0,0.0,0.0,0.0,0.0,0.0,0.0,0.0,0.0,0.0,0.0,0.0,0.0,0.0,0.0,0.0,0.0
104.75,4.0,18.078635633499662,16.879005664037958,15.799696278621049,14.169931565680868,15.19423031057969,15.262821469490357,14.211056945947684,14.55159859189163,13.911331603960747,13.252951647213095,1.0,1.0,1.0,1.0,1.0,1.0,1.0,1.0,1.0,1.0
105.0,1.0,16.14780404281197,16.518967419043673,16.572910243173077,15.454708622258345,16.359153859360244,14.896110198906259,15.960083698983075,15.854302771086113,15.12096537005406,15.065991607376565,1.0,1.0,1.0,1.0,1.0,1.0,1.0,1.0,1.0,1.0
105.25,2.0,0.0,0.0,0.0,0.0,0.0,0.0,0.0,0.0,0.0,0.0,0.0,0.0,0.0,0.0,0.0,0.0,0.0,0.0,0.0,0.0
105.5,3.0,17.825875357018752,16.977007341232316,15.271057422962503,16.597473772525248,15.236348385769235,14.55232921892401,13.973505045433914,14.1756968734882,14.760661176861761,15.229545635196915,1.0,1.0,1.0,1.0,1.0,1.0,1.0,1.0,1.0,1.0
105.75,4.0,17.45968750743194,17.76977832733881,16.31056908063296,14.487227595359466,13.869089430876286,14.248295817261308,13.54711866144848,13.550895971654047,13.847206639387148,14.066853936988272,1.0,1.0,1.0,1.0,1.0,1.0,1.0,1.0,1.0,1.0
106.0,1.0,15.593308938040266,16.17671165932163,15.77280087893435,14.439246629313745,14.76456209427536,13.83555372526967,14.346789291979446,14.348380448830389,14.153756862896678,14.440662533622556,1.0,1.0,1.0,1.0,1.0,1.0,1.0,1.0,1.0,1.0
106.25,2.0,17.28733819669339,17.724226208797784,16.649693529974375,14.2871037167229,14.566177245605358,14.805259621884693,15.544470141924155,15.540835467239884,15.55499913707227,15.912395800017611,1.0,1.0,1.0,1.0,1.0,1.0,1.0,1.0,1.0,1.0
106.5,3.0,0.0,0.0,0.0,0.0,0.0,0.0,0.0,0.0,0.0,0.0,0.0,0.0,0.0,0.0,0.0,0.0,0.0,0.0,0.0,0.0
106.75,4.0,18.13594583054594,18.364311632664993,15.989772857112671,14.238842690891868,13.13942205612502,13.748549916358497,12.566410463885148,13.527704219368276,13.923241586274377,14.202073572803227,1.0,1.0,1.0,1.0,1.0,1.0,1.0,1.0,1.0,1.0
107.0,1.0,17.284255245086094,16.106858948105128,15.712118354768805,13.932130225114243,14.091509136209833,13.058852812902071,13.712667501994565,13.398502881860466,14.407230376218882,16.26076564048793,1.0,1.0,1.0,1.0,1.0,1.0,1.0,1.0,1.0,1.0
107.25,2.0,0.0,0.0,0.0,0.0,0.0,0.0,0.0,0.0,0.0,0.0,0.0,0.0,0.0,0.0,0.0,0.0,0.0,0.0,0.0,0.0
107.5,3.0,15.755236050334263,16.27134052238062,16.11841117841263,15.24612832896885,16.59400927057577,16.71906544709561,16.910811335296778,17.026831535822254,16.522995948227454,17.17304588025239,1.0,1.0,1.0,1.0,1.0,1.0,1.0,1.0,1.0,1.0
107.75,4.0,17.44035551372821,18.290784370570936,16.21290075340975,14.056847172570212,13.784570402554383,14.93594727237324,13.674467900080547,13.911486346848054,14.857292195283998,15.579930680067255,1.0,1.0,1.0,1.0,1.0,1.0,1.0,1.0,1.0,1.0
108.0,1.0,0.0,0.0,0.0,0.0,0.0,0.0,0.0,0.0,0.0,0.0,0.0,0.0,0.0,0.0,0.0,0.0,0.0,0.0,0.0,0.0
108.25,2.0,0.0,0.0,0.0,0.0,0.0,0.0,0.0,0.0,0.0,0.0,0.0,0.0,0.0,0.0,0.0,0.0,0.0,0.0,0.0,0.0
108.5,3.0,16.020206756144074,16.83582519652258,16.784999488908017,16.551958804648855,17.476452302314364,16.907934537120756,16.93294943464774,17.465549316824234,16.67390899933013,17.482895343668634,1.0,1.0,1.0,1.0,1.0,1.0,1.0,1.0,1.0,1.0
108.75,4.0,0.0,0.0,0.0,0.0,0.0,0.0,0.0,0.0,0.0,0.0,0.0,0.0,0.0,0.0,0.0,0.0,0.0,0.0,0.0,0.0
109.0,1.0,16.429305460152097,15.642003262961154,14.558220656853042,13.3226233219021,13.754489860549075,13.607637274520565,15.715053577993475,16.818711077688246,16.800272533461488,17.396386082797267,1.0,1.0,1.0,1.0,1.0,1.0,1.0,1.0,1.0,1.0
109.25,2.0,14.752962258459876,13.786066437148579,12.96211993652416,12.785105263327818,12.396525571742105,12.990146262123055,13.905899479384878,14.858888011906828,14.935190226465062,14.374020729138898,1.0,1.0,1.0,1.0,1.0,1.0,1.0,1.0,1.0,1.0
109.5,3.0,0.0,0.0,0.0,0.0,0.0,0.0,0.0,0.0,0.0,0.0,0.0,0.0,0.0,0.0,0.0,0.0,0.0,0.0,0.0,0.0
109.75,4.0,16.955244473896297,16.462520600794996,14.394473659506563,14.72540570155577,14.778329375152842,16.116618789363105,15.360700362937127,16.00531374524842,16.35667853909393,17.38124331063151,1.0,1.0,1.0,1.0,1.0,1.0,1.0,1.0,1.0,1.0
110.0,1.0,15.818028417030387,15.985634544148827,14.232304127033126,12.575944002612472,13.871664791621033,14.772483449384946,16.57329859443459,18.30747081228221,19.766923767946654,19.62066178274532,1.0,1.0,1.0,1.0,1.0,1.0,1.0,1.0,1.0,1.0
110.25,2.0,0.0,0.0,0.0,0.0,0.0,0.0,0.0,0.0,0.0,0.0,0.0,0.0,0.0,0.0,0.0,0.0,0.0,0.0,0.0,0.0
110.5,3.0,15.490675784494998,16.15941362228411,16.766071496082574,16.800190716629515,16.18195152443232,16.154750882911923,14.995917005968252,15.441304596735376,15.242752349267178,16.093956180013247,1.0,1.0,1.0,1.0,1.0,1.0,1.0,1.0,1.0,1.0
110.75,4.0,15.889080959704563,15.831216667134058,15.717053381546934,16.554729838696204,16.299112164067076,17.21944439678087,16.148901240960402,16.72762743330874,17.634880708649035,17.992140041677818,1.0,1.0,1.0,1.0,1.0,1.0,1.0,1.0,1.0,1.0
111.0,1.0,0.0,0.0,0.0,0.0,0.0,0.0,0.0,0.0,0.0,0.0,0.0,0.0,0.0,0.0,0.0,0.0,0.0,0.0,0.0,0.0
111.25,2.0,15.717932279095706,13.911213803651044,12.529649094434465,12.464629269410857,13.058872583904733,12.456091481283812,13.191093363643017,13.370078378420088,13.828223855615741,13.859092505852628,1.0,1.0,1.0,1.0,1.0,1.0,1.0,1.0,1.0,1.0
111.5,3.0,0.0,0.0,0.0,0.0,0.0,0.0,0.0,0.0,0.0,0.0,0.0,0.0,0.0,0.0,0.0,0.0,0.0,0.0,0.0,0.0
111.75,4.0,0.0,0.0,0.0,0.0,0.0,0.0,0.0,0.0,0.0,0.0,0.0,0.0,0.0,0.0,0.0,0.0,0.0,0.0,0.0,0.0
112.0,1.0,16.704555258011094,15.497119663432436,14.733203652905988,15.337765205841405,16.633337130208833,16.824927476498498,18.059982649633355,18.51995126400751,19.23371279354579,19.91569505344002,1.0,1.0,1.0,1.0,1.0,1.0,1.0,1.0,1.0,1.0
112.25,2.0,15.163297310649993,12.6701719781668,12.384203226995599,11.461240316166032,13.280696959467095,12.812374763757886,14.733590938404925,15.038161747120311,14.441320669130896,13.896549293361547,1.0,1.0,1.0,1.0,1.0,1.0,1.0,1.0,1.0,1.0
112.5,3.0,14.716849685932262,15.374884193888596,14.707914680768301,15.170972939500636,16.18057653904607,16.20566484007771,15.12883271003367,17.277826754278117,17.33249176570667,17.34174208547672,1.0,1.0,1.0,1.0,1.0,1.0,1.0,1.0,1.0,1.0
112.75,4.0,15.302354547668648,16.722490992083507,16.301596157240063,15.731731829817875,17.571431517232732,18.21078806358045,18.692936451394623,19.37579860453148,19.92928960380351,20.03160355837729,1.0,1.0,1.0,1.0,1.0,1.0,1.0,1.0,1.0,1.0
113.0,1.0,14.774591437638026,14.28926987439308,14.547721728978116,15.581848209350266,17.1725356261784,17.85232736701343,19.18716743656707,19.999448732981882,21.14377856479257,21.303979797931632,1.0,1.0,1.0,1.0,1.0,1.0,1.0,1.0,1.0,1.0
113.25,2.0,0.0,0.0,0.0,0.0,0.0,0.0,0.0,0.0,0.0,0.0,0.0,0.0,0.0,0.0,0.0,0.0,0.0,0.0,0.0,0.0
113.5,3.0,15.56933187031201,13.566524336517068,13.375347243620602,16.081992874092624,16.71974155171186,16.883749294723685,16.255792914812975,17.960031962150868,17.8714785005012,17.252802534206822,1.0,1.0,1.0,1.0,1.0,1.0,1.0,1.0,1.0,1.0
113.75,4.0,16.67035618906582,17.624809341012803,16.226097834226476,15.49894382774128,17.92804910364636,18.832731638400688,18.805779219409224,19.539664744454893,20.22317313537512,20.43159865674246,1.0,1.0,1.0,1.0,1.0,1.0,1.0,1.0,1.0,1.0
114.0,1.0,13.681691504309658,14.391558463527398,15.099003970025796,16.34435870850446,17.259627161376656,18.642026713647606,19.779298293619235,21.02916066183858,21.704453687789396,21.339759999993024,1.0,1.0,1.0,1.0,1.0,1.0,1.0,1.0,1.0,1.0
114.25,2.0,13.235646110248462,12.584419970869916,11.467010596406201,12.50676492486924,14.40845311283718,13.786270383164187,14.982960789277792,15.628158882450668,14.997948717996454,15.279332131918851,1.0,1.0,1.0,1.0,1.0,1.0,1.0,1.0,1.0,1.0
114.5,3.0,0.0,0.0,0.0,0.0,0.0,0.0,0.0,0.0,0.0,0.0,0.0,0.0,0.0,0.0,0.0,0.0,0.0,0.0,0.0,0.0
114.75,4.0,16.66624286347529,17.596149491324468,15.9219003906278,15.365042680836352,17.035394800890344,18.188022969686983,18.12427199073249,19.653819757502895,20.34742216325475,20.423624436633325,1.0,1.0,1.0,1.0,1.0,1.0,1.0,1.0,1.0,1.0
115.0,1.0,13.481116124184162,16.080109309496535,15.772157930726804,17.383331561275817,17.865922885237925,19.52829075815588,19.858921733163438,20.213070142056907,20.277078214094686,20.56852760372113,1.0,1.0,1.0,1.0,1.0,1.0,1.0,1.0,1.0,1.0
115.25,2.0,0.0,0.0,0.0,0.0,0.0,0.0,0.0,0.0,0.0,0.0,0.0,0.0,0.0,0.0,0.0,0.0,0.0,0.0,0.0,0.0
115.5,3.0,13.386166088557157,13.499373261514698,15.53787816179556,17.28042527335292,16.654447585492047,17.505934294079548,17.043308668681753,17.57326936928232,17.66778426807527,17.296583582287795,1.0,1.0,1.0,1.0,1.0,1.0,1.0,1.0,1.0,1.0
115.75,4.0,16.6425201802317,16.84207981612651,15.862768196819921,16.403000974987883,17.646839572912928,17.961342132382978,17.566639181255567,18.89616304742809,20.803323469316517,21.05764554347651,1.0,1.0,1.0,1.0,1.0,1.0,1.0,1.0,1.0,1.0
116.0,1.0,0.0,0.0,0.0,0.0,0.0,0.0,0.0,0.0,0.0,0.0,0.0,0.0,0.0,0.0,0.0,0.0,0.0,0.0,0.0,0.0
116.25,2.0,13.178815187079094,13.30052049243907,13.796952936562082,14.538776230628956,14.147922996314088,14.612422103173337,14.640936190164018,15.66869776304857,16.17763962896088,16.32314853789389,1.0,1.0,1.0,1.0,1.0,1.0,1.0,1.0,1.0,1.0
116.5,3.0,15.371017764736736,15.105599910836402,15.678510746748854,17.282808211623326,15.965774684599097,16.214730931035895,15.977301143854712,16.89244823295191,17.87509850854998,19.115618635425918,1.0,1.0,1.0,1.0,1.0,1.0,1.0,1.0,1.0,1.0
116.75,4.0,0.0,0.0,0.0,0.0,0.0,0.0,0.0,0.0,0.0,0.0,0.0,0.0,0.0,0.0,0.0,0.0,0.0,0.0,0.0,0.0
117.0,1.0,14.803167637583968,17.155271745827168,18.354165068979313,19.632242810014773,20.064143602471123,20.127237184368273,19.19762041951398,18.76849762669354,19.783622836495134,19.71271202463758,1.0,1.0,1.0,1.0,1.0,1.0,1.0,1.0,1.0,1.0
117.25,2.0,13.546851860369816,14.076522903107225,14.474578310270648,14.749025734192594,13.798384634084563,15.247043613956695,15.357786399173706,17.188350695039215,18.038826674373624,18.214119398265915,1.0,1.0,1.0,1.0,1.0,1.0,1.0,1.0,1.0,1.0
117.5,3.0,0.0,0.0,0.0,0.0,0.0,0.0,0.0,0.0,0.0,0.0,0.0,0.0,0.0,0.0,0.0,0.0,0.0,0.0,0.0,0.0
117.75,4.0,14.489667200752905,16.675505980601578,17.41780424751814,18.476780788104886,19.02746712894829,19.23165781938998,18.730086314271194,18.349071022363987,20.253922843994303,20.031022976975965,1.0,1.0,1.0,1.0,1.0,1.0,1.0,1.0,1.0,1.0
118.0,1.0,16.13721085795283,17.685515388861887,19.089648962744118,19.932459006949845,20.4085817619366,20.788043717233812,20.24410041770154,20.060566003334213,20.800093192819475,21.01878948191677,1.0,1.0,1.0,1.0,1.0,1.0,1.0,1.0,1.0,1.0
118.25,2.0,0.0,0.0,0.0,0.0,0.0,0.0,0.0,0.0,0.0,0.0,0.0,0.0,0.0,0.0,0.0,0.0,0.0,0.0,0.0,0.0
118.5,3.0,15.621297133684154,15.52680577742124,15.074286717623458,16.279567328434425,15.294802455230021,15.644357854705762,17.25069789330185,17.901560013105986,19.456893010387773,19.690610638606454,1.0,1.0,1.0,1.0,1.0,1.0,1.0,1.0,1.0,1.0
118.75,4.0,15.64032408154057,17.125711873006953,19.23904767941111,19.476643250185695,18.82747501622274,19.632320425344474,19.256424260545813,18.92920200078613,19.807987619835146,20.21026126837591,1.0,1.0,1.0,1.0,1.0,1.0,1.0,1.0,1.0,1.0
119.0,1.0,16.874952007163554,18.66967177840229,19.675822889605946,20.13760304257542,20.467858295370014,20.836176284577327,20.538023315354437,20.89954679959864,21.377247978394607,21.545669678660513,1.0,1.0,1.0,1.0,1.0,1.0,1.0,1.0,1.0,1.0
119.25,2.0,13.503094459977286,15.328069199926997,15.528205930161329,16.607099466872633,16.550339716009336,17.341880469130214,18.265599110489294,19.25557415166897,19.484018521084156,19.56145622768526,1.0,1.0,1.0,1.0,1.0,1.0,1.0,1.0,1.0,1.0
119.5,3.0,0.0,0.0,0.0,0.0,0.0,0.0,0.0,0.0,0.0,0.0,0.0,0.0,0.0,0.0,0.0,0.0,0.0,0.0,0.0,0.0
119.75,4.0,0.0,0.0,0.0,0.0,0.0,0.0,0.0,0.0,0.0,0.0,0.0,0.0,0.0,0.0,0.0,0.0,0.0,0.0,0.0,0.0
120.0,1.0,17.903810096695317,20.354503964557534,20.313506236389408,19.357414971607216,20.305811189056225,21.846032968878813,21.267627613783166,20.90236927668021,21.60546055785508,21.466921426631373,1.0,1.0,1.0,1.0,1.0,1.0,1.0,1.0,1.0,1.0
120.25,2.0,14.017361126791151,15.856746731695727,16.15257427848752,17.715975706599306,17.696755374272016,18.71733074605525,19.0554781561073,19.714481037186943,19.184690535914413,18.44763770061899,1.0,1.0,1.0,1.0,1.0,1.0,1.0,1.0,1.0,1.0
120.5,3.0,16.230592012269067,15.377153761598839,17.0323842467839,17.88686516330661,18.329884013468057,17.93386580193771,18.50350468624214,18.034577953009247,18.61502067734364,18.591250507393635,1.0,1.0,1.0,1.0,1.0,1.0,1.0,1.0,1.0,1.0
120.75,4.0,16.744405767833406,18.280707816777912,20.95113099893434,22.194867139112958,21.27285698708843,22.250170681031342,21.177725034184107,20.536950844738055,20.229357005792338,19.356177155532556,1.0,1.0,1.0,1.0,1.0,1.0,1.0,1.0,1.0,1.0
121.0,1.0,0.0,0.0,0.0,0.0,0.0,0.0,0.0,0.0,0.0,0.0,0.0,0.0,0.0,0.0,0.0,0.0,0.0,0.0,0.0,0.0
121.25,2.0,0.0,0.0,0.0,0.0,0.0,0.0,0.0,0.0,0.0,0.0,0.0,0.0,0.0,0.0,0.0,0.0,0.0,0.0,0.0,0.0
121.5,3.0,17.03893009490082,15.94542959105496,18.264307538896368,18.53190980554616,19.169071463058465,19.011910690904976,19.187547601745475,18.348814142867386,18.95216057221326,17.978954232781863,1.0,1.0,1.0,1.0,1.0,1.0,1.0,1.0,1.0,1.0
121.75,4.0,17.871601696619376,19.105940419817536,21.921410243234575,22.77663128618252,21.762679490820723,21.553323242926176,20.830820206981258,20.234402535804136,21.375984400692012,20.863086029589937,1.0,1.0,1.0,1.0,1.0,1.0,1.0,1.0,1.0,1.0
122.0,1.0,20.735478049990277,22.664486744234306,21.85571740541348,22.135857057239754,22.910430144070766,22.02224960227838,21.790220464896795,21.879841262070403,22.58616664354584,22.532698829738635,1.0,1.0,1.0,1.0,1.0,1.0,1.0,1.0,1.0,1.0
122.25,2.0,15.94811772563564,16.762799030554717,17.962971200157483,18.242917668957073,18.283108977180174,17.765612106823486,17.651707588788472,17.873133133218545,18.25962765817517,18.467997232792815,1.0,1.0,1.0,1.0,1.0,1.0,1.0,1.0,1.0,1.0
122.5,3.0,0.0,0.0,0.0,0.0,0.0,0.0,0.0,0.0,0.0,0.0,0.0,0.0,0.0,0.0,0.0,0.0,0.0,0.0,0.0,0.0
122.75,4.0,19.20914698515076,19.9645964353633,22.77892526852289,23.321887318688585,21.633132597518493,21.531976517094733,21.526595940252378,20.960133192395958,22.520874646224392,21.784100314907693,1.0,1.0,1.0,1.0,1.0,1.0,1.0,1.0,1.0,1.0
123.0,1.0,21.188147948414287,22.610327353888728,22.922412173280417,22.58369981362512,22.37206178361143,22.553980860831796,21.496131009409876,22.77744561193631,23.789433772820203,23.30470654486224,1.0,1.0,1.0,1.0,1.0,1.0,1.0,1.0,1.0,1.0
123.25,2.0,0.0,0.0,0.0,0.0,0.0,0.0,0.0,0.0,0.0,0.0,0.0,0.0,0.0,0.0,0.0,0.0,0.0,0.0,0.0,0.0
123.5,3.0,19.431321812140283,18.27532446784218,18.491396400731702,18.90141955842042,18.914455310183712,19.124309041872213,19.879822979935962,19.441953482510186,19.096728000462047,19.42630463315622,1.0,1.0,1.0,1.0,1.0,1.0,1.0,1.0,1.0,1.0
123.75,4.0,20.014026444378384,20.744567852227615,22.462158886506707,22.24006467563792,22.256412292926342,21.636831663258135,21.71255328754151,21.833025609955914,23.167219968098,22.086159253977666,1.0,1.0,1.0,1.0,1.0,1.0,1.0,1.0,1.0,1.0
124.0,1.0,0.0,0.0,0.0,0.0,0.0,0.0,0.0,0.0,0.0,0.0,0.0,0.0,0.0,0.0,0.0,0.0,0.0,0.0,0.0,0.0
124.25,2.0,17.378966626012534,17.129538919179556,17.60518790096418,17.905627201984032,17.096114032185753,16.412161875924017,15.656300179553252,16.03426853741699,16.632699059170722,16.77996852149996,1.0,1.0,1.0,1.0,1.0,1.0,1.0,1.0,1.0,1.0
124.5,3.0,19.132243212130266,17.959625192139793,18.545602237671588,19.63843302243565,19.260303880810625,19.2286925315048,19.015017636265302,18.80078729036504,18.650750306569243,19.457546594296037,1.0,1.0,1.0,1.0,1.0,1.0,1.0,1.0,1.0,1.0
124.75,4.0,0.0,0.0,0.0,0.0,0.0,0.0,0.0,0.0,0.0,0.0,0.0,0.0,0.0,0.0,0.0,0.0,0.0,0.0,0.0,0.0
125.0,1.0,22.20407145029525,22.306929250475804,23.245065701223922,23.36736611784898,22.096614769146157,23.540343672415936,22.82736104413476,22.48982227964608,23.585113685286235,23.323206985635363,1.0,1.0,1.0,1.0,1.0,1.0,1.0,1.0,1.0,1.0
125.25,2.0,17.69622655537839,17.801080627776237,17.074839503967784,17.377923643187444,16.087510191132157,15.398380012145,14.956814977890385,15.53562567932864,15.969132350831257,16.019482295531198,1.0,1.0,1.0,1.0,1.0,1.0,1.0,1.0,1.0,1.0
125.5,3.0,0.0,0.0,0.0,0.0,0.0,0.0,0.0,0.0,0.0,0.0,0.0,0.0,0.0,0.0,0.0,0.0,0.0,0.0,0.0,0.0
125.75,4.0,19.939848660022694,20.755022172710177,20.19588424478817,20.246697271085303,21.110426671983717,21.841433483704424,21.763728185265958,22.139003268117943,23.072572155713367,21.94997978564976,1.0,1.0,1.0,1.0,1.0,1.0,1.0,1.0,1.0,1.0
126.0,1.0,21.72442399146753,22.811537119739118,22.689956890751333,22.670669719651485,23.244100511760738,23.64241009816614,22.588906289491938,22.127135933315383,22.81747115219314,21.855005883749133,1.0,1.0,1.0,1.0,1.0,1.0,1.0,1.0,1.0,1.0
126.25,2.0,0.0,0.0,0.0,0.0,0.0,0.0,0.0,0.0,0.0,0.0,0.0,0.0,0.0,0.0,0.0,0.0,0.0,0.0,0.0,0.0
126.5,3.0,17.526821843123134,19.749488353009156,19.0140187628857,20.196137071256807,21.371348376915044,21.229510634515954,21.24269968186169,20.704909490473288,19.755708904820377,19.23308423873498,1.0,1.0,1.0,1.0,1.0,1.0,1.0,1.0,1.0,1.0
126.75,4.0,19.579362749410045,19.9675381202499,19.403064424050974,21.086958693351693,21.93775323353215,21.410434311804334,21.902366460572953,22.188045017093472,22.143214620552232,22.504361314471108,1.0,1.0,1.0,1.0,1.0,1.0,1.0,1.0,1.0,1.0
127.0,1.0,21.732380424703848,22.345957326596025,22.9167861991647,23.263904744123206,22.271635132900084,23.091763917529708,22.655154626688226,22.410857073501752,22.196345517624824,21.94211124902494,1.0,1.0,1.0,1.0,1.0,1.0,1.0,1.0,1.0,1.0
127.25,2.0,19.314850449313163,19.058234095377244,19.228559535486156,18.14645746235807,16.168307866262257,16.021682634578216,16.288595266316896,16.284014542270896,16.622744700394307,17.51349059419468,1.0,1.0,1.0,1.0,1.0,1.0,1.0,1.0,1.0,1.0
127.5,3.0,0.0,0.0,0.0,0.0,0.0,0.0,0.0,0.0,0.0,0.0,0.0,0.0,0.0,0.0,0.0,0.0,0.0,0.0,0.0,0.0
127.75,4.0,18.984740875522448,19.180320097244383,20.03156217864709,22.13059745848639,21.728678406140418,20.277693645128604,20.711410808469015,20.952579483930176,23.50326723947191,23.326007709007794,1.0,1.0,1.0,1.0,1.0,1.0,1.0,1.0,1.0,1.0
128.0,1.0,20.666380803836528,22.104428553686738,23.706753941598215,24.197313980105136,23.77573755205421,23.581146388462383,22.896483327695098,21.977841769413832,21.826314456478233,21.47083840935237,1.0,1.0,1.0,1.0,1.0,1.0,1.0,1.0,1.0,1.0
128.25,2.0,20.066379419801113,19.053242820640893,18.767305720126597,16.58499545503887,16.363926965663815,16.631956312079684,17.25432887437571,17.998724908119225,17.87115865690753,18.08234806841212,1.0,1.0,1.0,1.0,1.0,1.0,1.0,1.0,1.0,1.0
128.5,3.0,18.318229846877347,19.466735316915717,19.06121409052796,20.19863670660928,20.275842416130523,20.79388061717251,21.537271164039893,20.92421669936304,20.622777675084222,19.095736462417022,1.0,1.0,1.0,1.0,1.0,1.0,1.0,1.0,1.0,1.0
128.75,4.0,18.21903383116368,19.32628425127893,21.01937207134989,21.136604959539127,20.988932126357444,20.25983829007794,21.922460652433628,23.12748899726471,24.45040114726895,24.863879704984097,1.0,1.0,1.0,1.0,1.0,1.0,1.0,1.0,1.0,1.0
129.0,1.0,0.0,0.0,0.0,0.0,0.0,0.0,0.0,0.0,0.0,0.0,0.0,0.0,0.0,0.0,0.0,0.0,0.0,0.0,0.0,0.0
129.25,2.0,0.0,0.0,0.0,0.0,0.0,0.0,0.0,0.0,0.0,0.0,0.0,0.0,0.0,0.0,0.0,0.0,0.0,0.0,0.0,0.0
129.5,3.0,17.70796778073959,19.093181509233382,19.252803098355784,20.418976591057508,20.91562015323326,21.16515924410455,22.096427870141248,21.37937877007224,20.977288228687943,19.50757913416729,1.0,1.0,1.0,1.0,1.0,1.0,1.0,1.0,1.0,1.0
129.75,4.0,0.0,0.0,0.0,0.0,0.0,0.0,0.0,0.0,0.0,0.0,0.0,0.0,0.0,0.0,0.0,0.0,0.0,0.0,0.0,0.0
130.0,1.0,20.78294487527313,22.011660258086106,22.963516274367983,23.735634852767156,22.91347014091906,21.96996075431793,20.71003830807718,20.65603794663308,21.709442806585265,21.450021765345213,1.0,1.0,1.0,1.0,1.0,1.0,1.0,1.0,1.0,1.0
130.25,2.0,18.25314922185069,17.743505425704097,18.31227085211053,19.38120643329447,19.49492630440872,19.60607545201687,18.912089083067332,17.40381248493155,17.358711261135316,18.27332369939075,1.0,1.0,1.0,1.0,1.0,1.0,1.0,1.0,1.0,1.0
130.5,3.0,0.0,0.0,0.0,0.0,0.0,0.0,0.0,0.0,0.0,0.0,0.0,0.0,0.0,0.0,0.0,0.0,0.0,0.0,0.0,0.0
130.75,4.0,19.40241761051655,20.982383161143904,22.47420296865883,21.19716896433053,22.400635878598465,21.108464831390695,22.272716285042264,23.430996361679913,23.515638773422648,22.334555303877387,1.0,1.0,1.0,1.0,1.0,1.0,1.0,1.0,1.0,1.0
131.0,1.0,19.942941708812626,22.461947239035283,23.900135150167213,23.401191432707666,21.498323468407698,21.7022281759705,20.959701948634233,20.54606036274899,20.49186862373836,21.171002738981773,1.0,1.0,1.0,1.0,1.0,1.0,1.0,1.0,1.0,1.0
131.25,2.0,0.0,0.0,0.0,0.0,0.0,0.0,0.0,0.0,0.0,0.0,0.0,0.0,0.0,0.0,0.0,0.0,0.0,0.0,0.0,0.0
131.5,3.0,18.12012631651123,20.675242787724727,20.194477337143393,21.264364700703148,20.46139181789055,20.106498749895707,19.676453228952475,18.77761209996435,18.190343951677914,17.25425659811705,1.0,1.0,1.0,1.0,1.0,1.0,1.0,1.0,1.0,1.0
131.75,4.0,19.850952604438113,21.343264974675396,21.99200607035557,21.55499411388211,23.451243449767748,22.372840885448028,22.748251210613862,22.971401543794087,22.574305933013818,22.15849470391895,1.0,1.0,1.0,1.0,1.0,1.0,1.0,1.0,1.0,1.0
132.0,1.0,0.0,0.0,0.0,0.0,0.0,0.0,0.0,0.0,0.0,0.0,0.0,0.0,0.0,0.0,0.0,0.0,0.0,0.0,0.0,0.0
132.25,2.0,17.857991123057417,18.911161583565505,20.590217197704995,20.867083150056764,19.20188825989647,18.720680729519895,18.70862590573795,18.232872641295796,19.10179988176486,18.79224547102416,1.0,1.0,1.0,1.0,1.0,1.0,1.0,1.0,1.0,1.0
132.5,3.0,0.0,0.0,0.0,0.0,0.0,0.0,0.0,0.0,0.0,0.0,0.0,0.0,0.0,0.0,0.0,0.0,0.0,0.0,0.0,0.0
132.75,4.0,0.0,0.0,0.0,0.0,0.0,0.0,0.0,0.0,0.0,0.0,0.0,0.0,0.0,0.0,0.0,0.0,0.0,0.0,0.0,0.0
133.0,1.0,20.395947110108537,22.760913644882233,23.531567493015448,22.06017901300018,21.24081550431617,20.917761085445495,19.867183851567436,20.36262965495887,19.991641605025716,19.849052014142007,1.0,1.0,1.0,1.0,1.0,1.0,1.0,1.0,1.0,1.0
133.25,2.0,19.06861514130022,19.782636292604394,20.77145479036167,21.232585819960875,20.04931268577293,19.46630700468516,19.315715330748702,18.454794108290304,17.983256176282737,17.656127146053432,1.0,1.0,1.0,1.0,1.0,1.0,1.0,1.0,1.0,1.0
133.5,3.0,0.0,0.0,0.0,0.0,0.0,0.0,0.0,0.0,0.0,0.0,0.0,0.0,0.0,0.0,0.0,0.0,0.0,0.0,0.0,0.0
133.75,4.0,22.03623246339353,21.651220286586362,22.156902109200587,21.55855888451262,22.889231337667486,22.28402245591605,22.274549212770154,21.93014759369724,21.877186959882344,21.94163962480783,1.0,1.0,1.0,1.0,1.0,1.0,1.0,1.0,1.0,1.0
134.0,1.0,21.62880576638736,23.303703768867003,23.3620972336652,22.286096466154046,20.43081858493855,19.442217803111657,19.554601930183697,20.43267652764037,20.059399463288543,19.925949139008022,1.0,1.0,1.0,1.0,1.0,1.0,1.0,1.0,1.0,1.0
134.25,2.0,0.0,0.0,0.0,0.0,0.0,0.0,0.0,0.0,0.0,0.0,0.0,0.0,0.0,0.0,0.0,0.0,0.0,0.0,0.0,0.0
134.5,3.0,18.451817888079855,19.63355126610894,18.78223863113872,18.443700689569447,16.429578447800157,16.828334946224324,16.315274664272934,17.687638012120242,17.367391573972828,18.57803279218463,1.0,1.0,1.0,1.0,1.0,1.0,1.0,1.0,1.0,1.0
134.75,4.0,21.746057499279924,22.03036729575235,23.3768338590731,22.173665809603428,22.44229420296213,21.713763227513855,21.911613592478744,21.577752890144826,20.859701105612483,21.39654709706886,1.0,1.0,1.0,1.0,1.0,1.0,1.0,1.0,1.0,1.0
135.0,1.0,22.042319745432216,22.68411237113044,23.284434980342034,22.195190574239195,18.917937607819667,18.14005412560936,18.458858546996908,19.445979362129908,18.86996998557445,20.44016985844264,1.0,1.0,1.0,1.0,1.0,1.0,1.0,1.0,1.0,1.0
135.25,2.0,19.877862582485562,20.40165859521587,19.130583631387477,19.400849748598024,19.64853546553544,19.489633581846213,19.536200142199085,19.24384517629736,19.63577695012075,19.224697818869572,1.0,1.0,1.0,1.0,1.0,1.0,1.0,1.0,1.0,1.0
135.5,3.0,0.0,0.0,0.0,0.0,0.0,0.0,0.0,0.0,0.0,0.0,0.0,0.0,0.0,0.0,0.0,0.0,0.0,0.0,0.0,0.0
135.75,4.0,21.822968549899503,22.981000537025587,23.426493386698375,22.20439522148131,22.67278857778997,21.511482620989657,21.787586724827616,21.624552311289733,20.944047150068524,21.99593643755904,1.0,1.0,1.0,1.0,1.0,1.0,1.0,1.0,1.0,1.0
136.0,1.0,23.01981933297118,22.68099663460592,21.279951876584786,19.762762298950268,18.816125312445248,19.484394634067694,19.84349391588935,19.475352823254273,19.090073789114694,20.538065725495237,1.0,1.0,1.0,1.0,1.0,1.0,1.0,1.0,1.0,1.0
136.25,2.0,0.0,0.0,0.0,0.0,0.0,0.0,0.0,0.0,0.0,0.0,0.0,0.0,0.0,0.0,0.0,0.0,0.0,0.0,0.0,0.0
136.5,3.0,19.854409126212627,19.898701307675875,17.654975665795813,17.19854432923575,16.910805410584317,15.359227024276093,17.08456072794883,17.913061114169025,17.468249861485972,18.18505106942739,1.0,1.0,1.0,1.0,1.0,1.0,1.0,1.0,1.0,1.0
136.75,4.0,20.743902615723474,21.867711024308853,23.396345254185846,22.72956876493535,21.61967890353876,21.14974575517718,21.29254774633965,22.137337916027867,21.758304716720566,22.516185847112194,1.0,1.0,1.0,1.0,1.0,1.0,1.0,1.0,1.0,1.0
137.0,1.0,0.0,0.0,0.0,0.0,0.0,0.0,0.0,0.0,0.0,0.0,0.0,0.0,0.0,0.0,0.0,0.0,0.0,0.0,0.0,0.0
137.25,2.0,0.0,0.0,0.0,0.0,0.0,0.0,0.0,0.0,0.0,0.0,0.0,0.0,0.0,0.0,0.0,0.0,0.0,0.0,0.0,0.0
137.5,3.0,18.968138332144854,19.126777760004632,17.491752362257323,17.076403814687122,17.33609053603302,16.431291304633522,17.7865813916732,17.895712459688664,17.405349786978203,17.85201977466705,1.0,1.0,1.0,1.0,1.0,1.0,1.0,1.0,1.0,1.0
137.75,4.0,0.0,0.0,0.0,0.0,0.0,0.0,0.0,0.0,0.0,0.0,0.0,0.0,0.0,0.0,0.0,0.0,0.0,0.0,0.0,0.0
138.0,1.0,21.29697982214928,21.465101993932997,20.03535900900078,20.239383584593767,19.775425412101836,19.58089188021667,19.77900705771261,19.521248303431303,18.727617912476212,18.60887742063427,1.0,1.0,1.0,1.0,1.0,1.0,1.0,1.0,1.0,1.0
138.25,2.0,22.20517105857003,21.501816645127203,21.291957334971745,20.615901818908625,19.83790316959242,20.22030440046896,20.012644107984098,19.22581840256846,18.443454732771208,18.057295595082294,1.0,1.0,1.0,1.0,1.0,1.0,1.0,1.0,1.0,1.0
138.5,3.0,0.0,0.0,0.0,0.0,0.0,0.0,0.0,0.0,0.0,0.0,0.0,0.0,0.0,0.0,0.0,0.0,0.0,0.0,0.0,0.0
138.75,4.0,20.296550784419207,21.130101188062838,22.916331815495475,22.776014248184076,21.803636726523106,22.509971576984515,23.597658625876942,24.392514294565974,23.96527812288823,24.129523955814584,1.0,1.0,1.0,1.0,1.0,1.0,1.0,1.0,1.0,1.0
139.0,1.0,20.726713241288078,20.534494854693893,19.56722747528878,19.685132588286404,19.109178370166145,18.222420287077778,19.18991478176443,18.388962666478207,18.083981361845396,17.65320557132923,1.0,1.0,1.0,1.0,1.0,1.0,1.0,1.0,1.0,1.0
139.25,2.0,0.0,0.0,0.0,0.0,0.0,0.0,0.0,0.0,0.0,0.0,0.0,0.0,0.0,0.0,0.0,0.0,0.0,0.0,0.0,0.0
139.5,3.0,18.937304186473476,18.50780695164274,17.153065179618952,17.83594065742905,18.425678351401828,16.934176467527564,17.244069823455916,17.78964979356124,17.234295754225197,17.652897437636593,1.0,1.0,1.0,1.0,1.0,1.0,1.0,1.0,1.0,1.0
139.75,4.0,20.68013120992482,20.84584770592517,21.82763723809702,22.38662908013113,22.07657502975036,22.860730942860094,22.353408500132048,24.385874430330094,23.997452848508935,23.73702023567313,1.0,1.0,1.0,1.0,1.0,1.0,1.0,1.0,1.0,1.0
140.0,1.0,0.0,0.0,0.0,0.0,0.0,0.0,0.0,0.0,0.0,0.0,0.0,0.0,0.0,0.0,0.0,0.0,0.0,0.0,0.0,0.0
140.25,2.0,22.17842768311715,21.604895350973333,20.798112141723134,20.564023066040292,19.09216303899371,18.94499217893091,19.287553667624696,17.37788390340882,18.182758596628833,17.47301450141342,1.0,1.0,1.0,1.0,1.0,1.0,1.0,1.0,1.0,1.0
140.5,3.0,0.0,0.0,0.0,0.0,0.0,0.0,0.0,0.0,0.0,0.0,0.0,0.0,0.0,0.0,0.0,0.0,0.0,0.0,0.0,0.0
140.75,4.0,0.0,0.0,0.0,0.0,0.0,0.0,0.0,0.0,0.0,0.0,0.0,0.0,0.0,0.0,0.0,0.0,0.0,0.0,0.0,0.0
141.0,1.0,20.157881421641612,20.961436527972214,20.567945445450203,20.56745148564398,18.952161437210275,17.2907837056504,18.062975193989203,17.122150986833468,18.006570696670984,18.431903283339206,1.0,1.0,1.0,1.0,1.0,1.0,1.0,1.0,1.0,1.0
141.25,2.0,21.72021662420063,21.37019574010713,20.571555034743373,20.06459705079355,19.72496478810015,19.32714112565823,19.469795159499498,17.81291023046799,18.160506109964086,17.81671627976661,1.0,1.0,1.0,1.0,1.0,1.0,1.0,1.0,1.0,1.0
141.5,3.0,0.0,0.0,0.0,0.0,0.0,0.0,0.0,0.0,0.0,0.0,0.0,0.0,0.0,0.0,0.0,0.0,0.0,0.0,0.0,0.0
141.75,4.0,20.93966867945294,22.162322319580717,23.04648688532405,22.505030108657728,23.04601094079752,23.492148887181884,22.114433914138548,21.776754369710382,21.698528051473474,20.861336792527577,1.0,1.0,1.0,1.0,1.0,1.0,1.0,1.0,1.0,1.0
142.0,1.0,20.331667541683174,22.296309761375404,21.272662366822157,20.629404653920624,18.043733004673996,16.698877579778035,18.58669807713456,17.664597292400842,17.588763046556863,18.04156696801555,1.0,1.0,1.0,1.0,1.0,1.0,1.0,1.0,1.0,1.0
142.25,2.0,0.0,0.0,0.0,0.0,0.0,0.0,0.0,0.0,0.0,0.0,0.0,0.0,0.0,0.0,0.0,0.0,0.0,0.0,0.0,0.0
142.5,3.0,18.8650757961145,18.144738098882506,17.269914719562404,16.78385306201208,17.485995786892182,17.83812577500412,18.348049860118206,19.51928274468699,19.738587350445137,19.779958632534235,1.0,1.0,1.0,1.0,1.0,1.0,1.0,1.0,1.0,1.0
142.75,4.0,20.63794338417593,21.974535489170073,21.309129633939193,21.945818142029736,22.221848435885835,22.107126415022094,21.204602554855885,21.85393869706376,21.78880894769176,21.636222011721753,1.0,1.0,1.0,1.0,1.0,1.0,1.0,1.0,1.0,1.0
143.0,1.0,20.877476508575597,21.329598976662357,20.66456835877233,20.126473144280467,18.844701887079676,17.867556633728263,19.470775857534345,18.906936478276577,18.47004801598913,18.485640987104965,1.0,1.0,1.0,1.0,1.0,1.0,1.0,1.0,1.0,1.0
143.25,2.0,21.137004522879106,20.300244657870916,20.277610330090422,19.819319620592175,18.03067972509687,17.146387254380702,15.933470256991331,15.774296413123734,15.340594716066006,15.134439202801987,1.0,1.0,1.0,1.0,1.0,1.0,1.0,1.0,1.0,1.0
143.5,3.0,0.0,0.0,0.0,0.0,0.0,0.0,0.0,0.0,0.0,0.0,0.0,0.0,0.0,0.0,0.0,0.0,0.0,0.0,0.0,0.0
143.75,4.0,20.40535741334234,20.444800105406607,20.122991754277976,20.97311928562535,22.798137666393316,21.90583974933513,21.998006422445968,22.421297936813186,22.437802812271528,22.174988152198786,1.0,1.0,1.0,1.0,1.0,1.0,1.0,1.0,1.0,1.0
144.0,1.0,20.258725257312268,20.05148715618873,20.026415017581765,19.328925959279122,19.241403405670788,18.26235079618079,19.82214947303257,18.489644807845902,18.299479246070206,18.380286029187292,1.0,1.0,1.0,1.0,1.0,1.0,1.0,1.0,1.0,1.0
144.25,2.0,0.0,0.0,0.0,0.0,0.0,0.0,0.0,0.0,0.0,0.0,0.0,0.0,0.0,0.0,0.0,0.0,0.0,0.0,0.0,0.0
144.5,3.0,18.20828183146735,16.814794131254263,16.761142623712665,16.709769038163735,18.017181332539828,19.316166210326706,19.691722253394122,19.17149095539202,18.356360963524114,19.32548830626338,1.0,1.0,1.0,1.0,1.0,1.0,1.0,1.0,1.0,1.0
144.75,4.0,19.132539090812056,19.40679143986562,19.40167890146539,19.808654191576373,21.572930712922325,21.513909001595454,22.200585356446236,22.43683998668228,21.746336162401914,20.900720552855354,1.0,1.0,1.0,1.0,1.0,1.0,1.0,1.0,1.0,1.0
145.0,1.0,0.0,0.0,0.0,0.0,0.0,0.0,0.0,0.0,0.0,0.0,0.0,0.0,0.0,0.0,0.0,0.0,0.0,0.0,0.0,0.0
145.25,2.0,0.0,0.0,0.0,0.0,0.0,0.0,0.0,0.0,0.0,0.0,0.0,0.0,0.0,0.0,0.0,0.0,0.0,0.0,0.0,0.0
145.5,3.0,17.59048264244744,16.713885923316802,16.386461475907705,17.088878617732487,18.198866895711188,18.032310026290354,19.267404235553787,19.963025411872007,18.99587881642129,19.56401743775728,1.0,1.0,1.0,1.0,1.0,1.0,1.0,1.0,1.0,1.0
145.75,4.0,0.0,0.0,0.0,0.0,0.0,0.0,0.0,0.0,0.0,0.0,0.0,0.0,0.0,0.0,0.0,0.0,0.0,0.0,0.0,0.0
146.0,1.0,18.983287650394207,19.73005257335321,18.55002042802147,18.25616244023021,18.60498801693426,17.766468347578495,18.560305758279245,16.87788959857093,17.779784909678327,16.71554578181488,1.0,1.0,1.0,1.0,1.0,1.0,1.0,1.0,1.0,1.0
146.25,2.0,18.699001536860894,18.573048342306617,17.335841055375614,16.54765257609744,15.205580711267634,15.747692062526715,15.708009016084487,16.188401165706935,15.169384352981593,15.109255047237108,1.0,1.0,1.0,1.0,1.0,1.0,1.0,1.0,1.0,1.0
146.5,3.0,0.0,0.0,0.0,0.0,0.0,0.0,0.0,0.0,0.0,0.0,0.0,0.0,0.0,0.0,0.0,0.0,0.0,0.0,0.0,0.0
146.75,4.0,18.588110299709435,18.752478633338335,18.391601744783667,18.961496866931192,21.351173093666862,22.012166529070488,22.450156155017595,22.031768953565162,21.140460585790688,20.081274688671837,1.0,1.0,1.0,1.0,1.0,1.0,1.0,1.0,1.0,1.0
147.0,1.0,18.792739512970194,18.54283975050725,18.232469654223323,17.819850844585595,18.087990011687502,17.55025911557243,17.705045812526045,16.64060405926139,17.2321477687371,16.7990230084836,1.0,1.0,1.0,1.0,1.0,1.0,1.0,1.0,1.0,1.0
147.25,2.0,0.0,0.0,0.0,0.0,0.0,0.0,0.0,0.0,0.0,0.0,0.0,0.0,0.0,0.0,0.0,0.0,0.0,0.0,0.0,0.0
147.5,3.0,17.6670647983884,17.389645332069808,16.183130592333534,16.12819191238779,16.89169382936604,18.066349284043138,19.857471618048496,20.029275958797662,18.04768874174603,18.729152032659684,1.0,1.0,1.0,1.0,1.0,1.0,1.0,1.0,1.0,1.0
147.75,4.0,18.78444789162974,17.86235718954603,17.431368349798753,20.244816954999223,21.39044188664046,21.052127489722224,21.39156378887186,21.073951156251525,21.062045581825515,20.85326445880771,1.0,1.0,1.0,1.0,1.0,1.0,1.0,1.0,1.0,1.0
148.0,1.0,0.0,0.0,0.0,0.0,0.0,0.0,0.0,0.0,0.0,0.0,0.0,0.0,0.0,0.0,0.0,0.0,0.0,0.0,0.0,0.0
148.25,2.0,18.98501882248096,19.13285186534664,18.041769659197463,16.848006553559912,14.969624653027239,15.208233454237138,15.630871260180763,14.732682326409027,14.847257264507677,16.10203829094893,1.0,1.0,1.0,1.0,1.0,1.0,1.0,1.0,1.0,1.0
148.5,3.0,0.0,0.0,0.0,0.0,0.0,0.0,0.0,0.0,0.0,0.0,0.0,0.0,0.0,0.0,0.0,0.0,0.0,0.0,0.0,0.0
148.75,4.0,0.0,0.0,0.0,0.0,0.0,0.0,0.0,0.0,0.0,0.0,0.0,0.0,0.0,0.0,0.0,0.0,0.0,0.0,0.0,0.0
149.0,1.0,18.07824667336544,17.848485515475524,18.842643912421646,17.74965522785629,16.6743188676345,17.93110747403014,17.931393358500063,17.02648204631541,17.747208578721757,16.71733894864834,1.0,1.0,1.0,1.0,1.0,1.0,1.0,1.0,1.0,1.0
149.25,2.0,19.056655674781215,18.378255030522656,16.799018878639057,15.401200968515122,15.839584076654212,15.610344706394063,16.75935987622736,16.05217604116747,15.641544640725217,16.317657388104784,1.0,1.0,1.0,1.0,1.0,1.0,1.0,1.0,1.0,1.0
149.5,3.0,17.46099198775794,15.848546470032376,15.007662570300852,15.640010785902945,15.940341029255588,16.324982411122562,16.797123747647362,16.938489769114625,15.796631578308874,15.67776353538068,1.0,1.0,1.0,1.0,1.0,1.0,1.0,1.0,1.0,1.0
149.75,4.0,17.554300222555195,18.12661189847875,19.010407601582646,19.61458121157705,20.879689326293263,19.850499231246335,20.165534442734767,21.028632879815806,22.045206809341792,22.09564341505745,1.0,1.0,1.0,1.0,1.0,1.0,1.0,1.0,1.0,1.0
150.0,1.0,18.078462647317902,18.622903719515033,18.216846893725005,17.850375390245592,17.477823334129543,17.717427610120268,18.19417780647077,18.327082038117208,18.659687774844397,17.69583747065588,1.0,1.0,1.0,1.0,1.0,1.0,1.0,1.0,1.0,1.0
150.25,2.0,0.0,0.0,0.0,0.0,0.0,0.0,0.0,0.0,0.0,0.0,0.0,0.0,0.0,0.0,0.0,0.0,0.0,0.0,0.0,0.0
150.5,3.0,16.438320032341753,14.969661188417273,14.86580351236234,17.204815266007852,16.572149384296555,17.0407799649856,16.726411171179144,16.898927880839725,15.357986195298002,15.57365319721397,1.0,1.0,1.0,1.0,1.0,1.0,1.0,1.0,1.0,1.0
150.75,4.0,18.02013865297609,19.2007185046534,18.717945819336837,18.28624144402262,19.64035904787524,18.855760639034063,20.049908048623628,21.345713942392976,20.88126956894691,21.69241953914382,1.0,1.0,1.0,1.0,1.0,1.0,1.0,1.0,1.0,1.0
151.0,1.0,17.71633504725113,18.37988098865398,17.660890509190843,18.314001391130464,17.069933607965243,17.943535642220443,17.725696618992778,17.46297190387576,17.26957787411505,16.16793898387327,1.0,1.0,1.0,1.0,1.0,1.0,1.0,1.0,1.0,1.0
151.25,2.0,18.59411918854153,16.48152523101078,15.688182474892542,15.29352648860522,15.896611454259112,16.07771397122933,17.14057775976829,16.632271143225243,15.905104202598231,16.396770706766066,1.0,1.0,1.0,1.0,1.0,1.0,1.0,1.0,1.0,1.0
151.5,3.0,0.0,0.0,0.0,0.0,0.0,0.0,0.0,0.0,0.0,0.0,0.0,0.0,0.0,0.0,0.0,0.0,0.0,0.0,0.0,0.0
151.75,4.0,18.746299116669128,19.576377940602,18.802483542143655,17.966925263302336,18.53565031275163,19.145207768691215,20.0934642012187,20.616699176864543,21.322186497284907,21.808701053035065,1.0,1.0,1.0,1.0,1.0,1.0,1.0,1.0,1.0,1.0
152.0,1.0,18.336856877664207,18.39921589445199,18.163348898034634,18.521512597264078,16.936531839188635,18.2222054601588,17.513291550661712,17.130725678908792,16.87389997821861,16.225848970348764,1.0,1.0,1.0,1.0,1.0,1.0,1.0,1.0,1.0,1.0
152.25,2.0,0.0,0.0,0.0,0.0,0.0,0.0,0.0,0.0,0.0,0.0,0.0,0.0,0.0,0.0,0.0,0.0,0.0,0.0,0.0,0.0
152.5,3.0,18.023885884928752,18.588875833059827,16.721793087777904,17.124163791597624,16.313277770352006,15.355938956419319,16.02233899095861,16.283431958454738,15.880429751144115,16.138692038263706,1.0,1.0,1.0,1.0,1.0,1.0,1.0,1.0,1.0,1.0
152.75,4.0,19.504759687101863,19.40600418629539,18.13899787784457,18.922535776242015,19.598544335916923,20.151978712012028,21.31954904710383,21.493737846852635,20.351549499350888,20.333109117062296,1.0,1.0,1.0,1.0,1.0,1.0,1.0,1.0,1.0,1.0
153.0,1.0,0.0,0.0,0.0,0.0,0.0,0.0,0.0,0.0,0.0,0.0,0.0,0.0,0.0,0.0,0.0,0.0,0.0,0.0,0.0,0.0
153.25,2.0,0.0,0.0,0.0,0.0,0.0,0.0,0.0,0.0,0.0,0.0,0.0,0.0,0.0,0.0,0.0,0.0,0.0,0.0,0.0,0.0
153.5,3.0,18.171615876271463,17.89682387324118,16.509474764500425,16.00093564148897,15.18569723035036,16.29191893853424,17.212127065333483,17.606574175638585,16.702498312492857,16.77233230198368,1.0,1.0,1.0,1.0,1.0,1.0,1.0,1.0,1.0,1.0
153.75,4.0,0.0,0.0,0.0,0.0,0.0,0.0,0.0,0.0,0.0,0.0,0.0,0.0,0.0,0.0,0.0,0.0,0.0,0.0,0.0,0.0
154.0,1.0,17.425101937186326,17.940984811214097,18.552174316237153,19.73765718120516,17.414469743033536,17.98837837634645,16.44301344046681,15.745500481222756,15.803389488081594,14.812238815177047,1.0,1.0,1.0,1.0,1.0,1.0,1.0,1.0,1.0,1.0
154.25,2.0,17.44386513727579,18.32781678980745,19.797912145630633,19.72510140282508,18.068135047337908,18.068885726714843,16.865103601588537,17.02481409601194,15.422097214539743,15.703558824871251,1.0,1.0,1.0,1.0,1.0,1.0,1.0,1.0,1.0,1.0
154.5,3.0,0.0,0.0,0.0,0.0,0.0,0.0,0.0,0.0,0.0,0.0,0.0,0.0,0.0,0.0,0.0,0.0,0.0,0.0,0.0,0.0
154.75,4.0,18.737329923911954,18.532124489844588,18.273172289004293,18.658497582555672,20.735158588225726,20.80558506419187,20.34697033920777,19.73386639826593,18.36256466955716,19.311026893262696,1.0,1.0,1.0,1.0,1.0,1.0,1.0,1.0,1.0,1.0
155.0,1.0,17.37225314389219,18.88653282719242,18.669864240854576,18.190059709101845,16.17386385383769,17.262952564689385,16.17222632575881,15.518133772815196,14.163437288205907,13.254551219264654,1.0,1.0,1.0,1.0,1.0,1.0,1.0,1.0,1.0,1.0
155.25,2.0,0.0,0.0,0.0,0.0,0.0,0.0,0.0,0.0,0.0,0.0,0.0,0.0,0.0,0.0,0.0,0.0,0.0,0.0,0.0,0.0
155.5,3.0,15.872933763608339,15.980737279844417,15.046138851564667,15.219840614571755,15.633297274087465,16.187587958811683,16.259534873532033,17.132989158533345,17.819319197180867,19.49142127369487,1.0,1.0,1.0,1.0,1.0,1.0,1.0,1.0,1.0,1.0
155.75,4.0,18.65396014175143,18.995811041676163,18.12284625964348,18.895905123024658,20.056345003952938,19.717109979992895,18.936441616949207,18.24281057682088,18.950304947762675,18.969740138177713,1.0,1.0,1.0,1.0,1.0,1.0,1.0,1.0,1.0,1.0
156.0,1.0,0.0,0.0,0.0,0.0,0.0,0.0,0.0,0.0,0.0,0.0,0.0,0.0,0.0,0.0,0.0,0.0,0.0,0.0,0.0,0.0
156.25,2.0,17.37215478441313,17.82294611569572,18.340824037077592,17.838031592084317,15.479141988081677,15.662510953193493,15.115654825402766,15.045299027006912,13.860556723209692,13.711068329458564,1.0,1.0,1.0,1.0,1.0,1.0,1.0,1.0,1.0,1.0
156.5,3.0,0.0,0.0,0.0,0.0,0.0,0.0,0.0,0.0,0.0,0.0,0.0,0.0,0.0,0.0,0.0,0.0,0.0,0.0,0.0,0.0
156.75,4.0,0.0,0.0,0.0,0.0,0.0,0.0,0.0,0.0,0.0,0.0,0.0,0.0,0.0,0.0,0.0,0.0,0.0,0.0,0.0,0.0
157.0,1.0,18.921681863261277,19.236549987951786,19.20389105060766,18.74965334861219,17.409851954858343,15.897666964959717,15.27257079307518,14.584353895357602,13.90147303599309,14.407432368805143,1.0,1.0,1.0,1.0,1.0,1.0,1.0,1.0,1.0,1.0
157.25,2.0,17.61029039908745,18.555308832846478,18.745730814740984,17.586780365703778,15.723953531496331,16.418252810172344,14.957721128805066,16.149700085090462,15.403462258339133,15.039433290006508,1.0,1.0,1.0,1.0,1.0,1.0,1.0,1.0,1.0,1.0
157.5,3.0,15.976589402729173,15.600673318378433,16.849598375547817,18.631316906685782,17.628930958114974,18.02792001191563,18.485059201473785,19.45035313353863,18.519148919213116,18.552660060608826,1.0,1.0,1.0,1.0,1.0,1.0,1.0,1.0,1.0,1.0
157.75,4.0,21.601306958766905,20.693662295453073,20.42996521252197,20.448623388514953,20.533726842592337,20.592046686737056,19.867425927356344,19.590040428869568,18.99467980427084,19.317474723703885,1.0,1.0,1.0,1.0,1.0,1.0,1.0,1.0,1.0,1.0
158.0,1.0,18.938568697832252,19.43776969905307,20.220566924600398,18.285177809419586,15.804709163490505,15.006206655190804,14.476672688496034,14.643941521806315,14.846621677115875,15.168286695783413,1.0,1.0,1.0,1.0,1.0,1.0,1.0,1.0,1.0,1.0
158.25,2.0,0.0,0.0,0.0,0.0,0.0,0.0,0.0,0.0,0.0,0.0,0.0,0.0,0.0,0.0,0.0,0.0,0.0,0.0,0.0,0.0
158.5,3.0,14.812257596339967,15.167707040937508,17.99967228581772,18.17369504382555,17.524135550490595,16.972906981178678,17.36614317936486,18.43112763234321,17.135432408745665,18.235882667243235,1.0,1.0,1.0,1.0,1.0,1.0,1.0,1.0,1.0,1.0
158.75,4.0,20.54623504681074,20.793452305476684,18.5337849797724,20.075244800787214,20.782816815139967,20.290629452636608,19.024623896771107,19.28062624533093,19.980741604074478,20.067745173590037,1.0,1.0,1.0,1.0,1.0,1.0,1.0,1.0,1.0,1.0
159.0,1.0,18.361953329500054,18.83919954133301,19.013292331059024,15.947732185047625,14.918335392754301,14.909485307451599,14.650078502889892,15.057613495963412,14.656944450858436,15.57767965385336,1.0,1.0,1.0,1.0,1.0,1.0,1.0,1.0,1.0,1.0
159.25,2.0,17.818166142336143,16.80345849643804,16.54312633813544,15.679291499540344,15.462415414464417,15.961224834339532,16.492747985560044,16.921703075125208,16.30955861300093,16.173827586380014,1.0,1.0,1.0,1.0,1.0,1.0,1.0,1.0,1.0,1.0
159.5,3.0,0.0,0.0,0.0,0.0,0.0,0.0,0.0,0.0,0.0,0.0,0.0,0.0,0.0,0.0,0.0,0.0,0.0,0.0,0.0,0.0
159.75,4.0,19.769252978842726,19.14990208399043,18.63697502714294,19.899691980202114,20.7127861421725,20.058878364860114,19.893055364959732,19.382398181392247,19.488352174906012,19.348944944642145,1.0,1.0,1.0,1.0,1.0,1.0,1.0,1.0,1.0,1.0
160.0,1.0,17.78404486243552,17.68035447013168,17.11607524993937,15.828699833257721,15.867284900724155,15.07001281808275,14.089413255086608,15.262303976944555,14.830326141811145,15.912804769502774,1.0,1.0,1.0,1.0,1.0,1.0,1.0,1.0,1.0,1.0
160.25,2.0,0.0,0.0,0.0,0.0,0.0,0.0,0.0,0.0,0.0,0.0,0.0,0.0,0.0,0.0,0.0,0.0,0.0,0.0,0.0,0.0
160.5,3.0,15.429986389474927,16.58746966332776,16.424032979532672,16.463806616644362,17.341555691746898,17.089207143007666,17.900925250741153,17.925121640549744,17.76428679906103,19.286059236399815,1.0,1.0,1.0,1.0,1.0,1.0,1.0,1.0,1.0,1.0
160.75,4.0,18.381047826080668,19.056438503256068,18.891303835894092,20.456502467842736,20.80613904778546,20.00220413482852,20.27354269391169,20.056183096809743,18.803113428540776,18.365372427301207,1.0,1.0,1.0,1.0,1.0,1.0,1.0,1.0,1.0,1.0
161.0,1.0,0.0,0.0,0.0,0.0,0.0,0.0,0.0,0.0,0.0,0.0,0.0,0.0,0.0,0.0,0.0,0.0,0.0,0.0,0.0,0.0
161.25,2.0,16.017861752971797,14.34234613992431,13.987432981475768,15.664163308396038,15.399536822424016,16.234533376440098,16.650200420836995,16.7116385252514,15.950714795265512,15.641447577108725,1.0,1.0,1.0,1.0,1.0,1.0,1.0,1.0,1.0,1.0
161.5,3.0,16.182139313116814,17.613167898364644,18.178078974959067,17.431972411110284,17.431059978079123,16.584669446067974,17.908349052188843,18.81201322362508,19.533301824528596,20.326329821723164,1.0,1.0,1.0,1.0,1.0,1.0,1.0,1.0,1.0,1.0
161.75,4.0,0.0,0.0,0.0,0.0,0.0,0.0,0.0,0.0,0.0,0.0,0.0,0.0,0.0,0.0,0.0,0.0,0.0,0.0,0.0,0.0
162.0,1.0,19.530251145001955,18.076721025884414,17.073364184496157,15.363921533120044,15.516566017138715,15.337051946333103,15.80622999121411,17.652979012783646,18.07246392226467,18.293519248460203,1.0,1.0,1.0,1.0,1.0,1.0,1.0,1.0,1.0,1.0
162.25,2.0,15.146037599929272,14.168693981554036,14.717986807745586,16.016155237572207,14.9897780215896,15.338416634614509,15.945752888817266,16.153925372880526,15.007667499822146,15.10723682538695,1.0,1.0,1.0,1.0,1.0,1.0,1.0,1.0,1.0,1.0
162.5,3.0,0.0,0.0,0.0,0.0,0.0,0.0,0.0,0.0,0.0,0.0,0.0,0.0,0.0,0.0,0.0,0.0,0.0,0.0,0.0,0.0
162.75,4.0,18.30522039998691,19.639262909509867,16.750689959716325,18.11296802266614,20.179761606004003,20.306688690342906,19.36660346977184,18.732444378572875,18.11973732719363,17.49651349142822,1.0,1.0,1.0,1.0,1.0,1.0,1.0,1.0,1.0,1.0
163.0,1.0,18.375362038842166,17.41381944498865,16.345506865423186,15.641746980647369,14.906613355223733,16.220317405167954,16.459064643116744,17.774353263305343,17.740249575624404,17.919402838234387,1.0,1.0,1.0,1.0,1.0,1.0,1.0,1.0,1.0,1.0
163.25,2.0,0.0,0.0,0.0,0.0,0.0,0.0,0.0,0.0,0.0,0.0,0.0,0.0,0.0,0.0,0.0,0.0,0.0,0.0,0.0,0.0
163.5,3.0,17.791457381293167,17.352100875334408,17.225251159171652,16.925717621964328,16.49360660717081,16.922648897582704,18.289488680308025,19.630235617729483,19.30228828862446,18.769324029717,1.0,1.0,1.0,1.0,1.0,1.0,1.0,1.0,1.0,1.0
163.75,4.0,18.177308064665272,18.85100017786477,16.93140742938729,17.120364429659585,18.351007106521337,18.95169426248631,18.14829875040915,17.30383738686468,16.823972962992425,16.33935926011884,1.0,1.0,1.0,1.0,1.0,1.0,1.0,1.0,1.0,1.0
164.0,1.0,17.65182971904505,16.107991806547442,15.638376393338953,16.567307183177174,17.236234337742694,17.909047886354667,17.4751282920197,18.46981094662657,17.72724434479831,17.520136512697587,1.0,1.0,1.0,1.0,1.0,1.0,1.0,1.0,1.0,1.0
164.25,2.0,15.161861337726508,14.721024848277406,13.799063604388378,14.854785886715078,14.669454405845636,14.440009726750036,14.953795920751928,16.07252008377091,14.99211874744427,15.006240479813988,1.0,1.0,1.0,1.0,1.0,1.0,1.0,1.0,1.0,1.0
164.5,3.0,0.0,0.0,0.0,0.0,0.0,0.0,0.0,0.0,0.0,0.0,0.0,0.0,0.0,0.0,0.0,0.0,0.0,0.0,0.0,0.0
164.75,4.0,17.487391251805956,18.16390967921697,15.843058739378636,17.110757467010046,17.92298149035792,17.81958973317879,17.05895350522478,17.056949449681813,16.546374605853988,15.68480686002337,1.0,1.0,1.0,1.0,1.0,1.0,1.0,1.0,1.0,1.0
165.0,1.0,17.318654075292855,15.34100662023583,16.062416281941935,17.34242838524942,18.59279044749472,18.734153816236528,18.593325940789043,18.742471476154904,17.60604569238937,17.24328873401775,1.0,1.0,1.0,1.0,1.0,1.0,1.0,1.0,1.0,1.0
165.25,2.0,14.386721688952543,13.16921912655469,13.290078677390694,15.05371497297791,15.275125773574025,14.68754168473397,15.86313859866573,16.29698228096703,15.404455386832154,15.735212330554596,1.0,1.0,1.0,1.0,1.0,1.0,1.0,1.0,1.0,1.0
165.5,3.0,16.90604851269002,18.76925691144654,17.43180224589637,16.2934582403602,15.998878594736418,17.494556042513654,19.175019240253537,19.83612430543474,19.383031340988495,19.127079486945227,1.0,1.0,1.0,1.0,1.0,1.0,1.0,1.0,1.0,1.0
165.75,4.0,16.67508652825137,17.556870102351905,16.227737501175614,17.18584053987674,16.745724839541992,17.327459444706378,16.939722131407933,16.444520382876178,15.897868836955789,16.27827327659041,1.0,1.0,1.0,1.0,1.0,1.0,1.0,1.0,1.0,1.0
166.0,1.0,0.0,0.0,0.0,0.0,0.0,0.0,0.0,0.0,0.0,0.0,0.0,0.0,0.0,0.0,0.0,0.0,0.0,0.0,0.0,0.0
166.25,2.0,0.0,0.0,0.0,0.0,0.0,0.0,0.0,0.0,0.0,0.0,0.0,0.0,0.0,0.0,0.0,0.0,0.0,0.0,0.0,0.0
166.5,3.0,17.769224516202627,17.71275606196944,16.43036763725805,16.36803108722345,16.85495264895967,17.863555592913,19.819563412885145,20.01776844829031,18.73007998856431,19.397379188575588,1.0,1.0,1.0,1.0,1.0,1.0,1.0,1.0,1.0,1.0
166.75,4.0,0.0,0.0,0.0,0.0,0.0,0.0,0.0,0.0,0.0,0.0,0.0,0.0,0.0,0.0,0.0,0.0,0.0,0.0,0.0,0.0
167.0,1.0,15.77390556828935,16.22315973473212,16.917529436126095,17.14700416365643,18.68745811204801,17.83217425798537,17.831770412120754,17.177807370333973,17.287405473982655,17.805387364137026,1.0,1.0,1.0,1.0,1.0,1.0,1.0,1.0,1.0,1.0
167.25,2.0,11.854615590828708,12.158746084046077,12.977835052513335,14.721228213977213,16.323649869715634,15.730475637007194,16.222807762482134,16.588196587319803,14.99523954560623,14.786144915013006,1.0,1.0,1.0,1.0,1.0,1.0,1.0,1.0,1.0,1.0
167.5,3.0,0.0,0.0,0.0,0.0,0.0,0.0,0.0,0.0,0.0,0.0,0.0,0.0,0.0,0.0,0.0,0.0,0.0,0.0,0.0,0.0
167.75,4.0,15.01065523074208,16.240970308534322,16.217681551800958,16.450287000226886,15.678348082616383,16.889269448625313,17.156481924876893,17.1835151529515,16.505400739890796,18.199500989705196,1.0,1.0,1.0,1.0,1.0,1.0,1.0,1.0,1.0,1.0
168.0,1.0,16.15644009775812,16.174940928282457,18.176712801830256,17.95160977790534,18.875948034308625,18.97629459095688,18.954940812362292,18.748234968174895,18.440649884910847,17.37310388261859,1.0,1.0,1.0,1.0,1.0,1.0,1.0,1.0,1.0,1.0
168.25,2.0,0.0,0.0,0.0,0.0,0.0,0.0,0.0,0.0,0.0,0.0,0.0,0.0,0.0,0.0,0.0,0.0,0.0,0.0,0.0,0.0
168.5,3.0,17.052356741361535,16.54483948199061,15.908142228929472,17.090818834323503,17.6829444225928,17.930568758447205,17.986632641006857,18.228680655269063,18.205314611455687,18.642006167113717,1.0,1.0,1.0,1.0,1.0,1.0,1.0,1.0,1.0,1.0
168.75,4.0,15.096015976970246,16.5809936492295,15.912659779464638,16.439281307573133,17.212545349742616,18.529036352228413,18.33789551030194,18.61568625728469,17.55593670116523,18.894129624605362,1.0,1.0,1.0,1.0,1.0,1.0,1.0,1.0,1.0,1.0
169.0,1.0,0.0,0.0,0.0,0.0,0.0,0.0,0.0,0.0,0.0,0.0,0.0,0.0,0.0,0.0,0.0,0.0,0.0,0.0,0.0,0.0
169.25,2.0,13.528219058537422,13.437922058908057,13.693915774386808,15.329223025056125,16.898273927882837,16.106061206160046,17.34811861492195,16.734596294885918,15.47548877471667,15.599715762932968,1.0,1.0,1.0,1.0,1.0,1.0,1.0,1.0,1.0,1.0
169.5,3.0,0.0,0.0,0.0,0.0,0.0,0.0,0.0,0.0,0.0,0.0,0.0,0.0,0.0,0.0,0.0,0.0,0.0,0.0,0.0,0.0
169.75,4.0,0.0,0.0,0.0,0.0,0.0,0.0,0.0,0.0,0.0,0.0,0.0,0.0,0.0,0.0,0.0,0.0,0.0,0.0,0.0,0.0
170.0,1.0,15.895760446335613,16.900097702731355,19.64362345061774,18.67568099655077,18.033033164348755,17.88114760952022,18.01838965546875,17.597370524716396,17.40740741968376,18.293681410567594,1.0,1.0,1.0,1.0,1.0,1.0,1.0,1.0,1.0,1.0
170.25,2.0,14.591182339347377,14.05636609327597,14.035126753237897,17.191558810939025,17.077965819662815,17.330246772282106,17.599862311902456,17.44749084193057,16.46055037500786,16.40482187609398,1.0,1.0,1.0,1.0,1.0,1.0,1.0,1.0,1.0,1.0
170.5,3.0,0.0,0.0,0.0,0.0,0.0,0.0,0.0,0.0,0.0,0.0,0.0,0.0,0.0,0.0,0.0,0.0,0.0,0.0,0.0,0.0
170.75,4.0,16.06721750286289,16.783033482939906,16.79185141329182,17.892540617354875,19.086494235092363,20.727607200047576,19.67785807366998,20.277049136852906,20.256584088219384,21.647894031630397,1.0,1.0,1.0,1.0,1.0,1.0,1.0,1.0,1.0,1.0
171.0,1.0,16.244700205255658,16.619093954843443,18.760335176974593,19.159281740323976,17.500898433553456,17.436665465433332,17.94589507726505,18.319195838199235,17.66351061270397,18.09634631881634,1.0,1.0,1.0,1.0,1.0,1.0,1.0,1.0,1.0,1.0
171.25,2.0,0.0,0.0,0.0,0.0,0.0,0.0,0.0,0.0,0.0,0.0,0.0,0.0,0.0,0.0,0.0,0.0,0.0,0.0,0.0,0.0
171.5,3.0,15.02017079283208,17.515208679870806,18.694978395144446,19.098949465158746,17.958978628070426,15.884301646682655,16.38115321636561,16.894729344381325,16.31617259533584,17.291783381064974,1.0,1.0,1.0,1.0,1.0,1.0,1.0,1.0,1.0,1.0
171.75,4.0,15.618992695335614,18.239105483461923,18.08328760113721,18.564650241092497,20.218995791682815,20.401101143531623,20.004545429778485,20.729479899234214,20.670197039588118,21.673205119695236,1.0,1.0,1.0,1.0,1.0,1.0,1.0,1.0,1.0,1.0
172.0,1.0,16.341583482239145,17.43340735014616,18.924508698152867,19.099115997677913,18.355812741244232,18.003816482141236,18.620431923867656,17.868075208860667,17.663653476334513,17.253493353419103,1.0,1.0,1.0,1.0,1.0,1.0,1.0,1.0,1.0,1.0
172.25,2.0,15.935929242872144,15.600320236346803,15.081447646232505,15.628336112536893,15.86035286457386,16.2868860024262,16.414307902959685,16.3688436754075,15.005332710816669,15.335914788312296,1.0,1.0,1.0,1.0,1.0,1.0,1.0,1.0,1.0,1.0
172.5,3.0,0.0,0.0,0.0,0.0,0.0,0.0,0.0,0.0,0.0,0.0,0.0,0.0,0.0,0.0,0.0,0.0,0.0,0.0,0.0,0.0
172.75,4.0,16.26584069176572,18.379826966326267,17.9992572132819,17.723499075329052,18.803238395026582,19.27492298435106,19.639015375213344,20.76064423358825,20.560484965737796,21.619747269174685,1.0,1.0,1.0,1.0,1.0,1.0,1.0,1.0,1.0,1.0
173.0,1.0,18.85391998994483,19.043339665466814,20.200048040983358,18.93528828610996,18.33678003659389,19.198923561281962,18.862097617337895,17.260271851584598,17.908206153926667,17.206434516896497,1.0,1.0,1.0,1.0,1.0,1.0,1.0,1.0,1.0,1.0
173.25,2.0,15.874685355370422,15.914083960074304,14.655149844658386,15.028198038733736,14.920671498478777,16.174105994030445,16.087602623424395,16.659447506291098,15.905636987535,16.34288725581935,1.0,1.0,1.0,1.0,1.0,1.0,1.0,1.0,1.0,1.0
173.5,3.0,15.48939335352443,16.48136030663858,16.87782816892861,17.13573661117806,18.26897018982942,17.994039244919296,17.834322746435884,17.90676176012687,16.766191339409716,15.95619981122285,1.0,1.0,1.0,1.0,1.0,1.0,1.0,1.0,1.0,1.0
173.75,4.0,17.031943319046718,17.90795602150469,17.854019687958157,18.492380552440636,18.60452536768532,19.180673694799545,19.381468954455936,21.15915822496272,21.32729551741969,21.950213134256952,1.0,1.0,1.0,1.0,1.0,1.0,1.0,1.0,1.0,1.0
174.0,1.0,0.0,0.0,0.0,0.0,0.0,0.0,0.0,0.0,0.0,0.0,0.0,0.0,0.0,0.0,0.0,0.0,0.0,0.0,0.0,0.0
174.25,2.0,0.0,0.0,0.0,0.0,0.0,0.0,0.0,0.0,0.0,0.0,0.0,0.0,0.0,0.0,0.0,0.0,0.0,0.0,0.0,0.0
174.5,3.0,14.872827456231821,15.738683693046402,16.036375139512177,16.51145905158095,17.89081497007054,17.820443765190017,17.130952480328457,17.23961857861555,16.602188108581927,16.34492871086069,1.0,1.0,1.0,1.0,1.0,1.0,1.0,1.0,1.0,1.0
174.75,4.0,0.0,0.0,0.0,0.0,0.0,0.0,0.0,0.0,0.0,0.0,0.0,0.0,0.0,0.0,0.0,0.0,0.0,0.0,0.0,0.0
175.0,1.0,20.224360624344598,18.851052772554027,18.39054627583949,16.946724744114483,17.698132185473032,18.633693960085488,18.413762369012574,18.22716583366946,18.574374702922324,19.613095374662734,1.0,1.0,1.0,1.0,1.0,1.0,1.0,1.0,1.0,1.0
175.25,2.0,14.6069375483353,15.091311951370818,14.1162225255805,14.596402692200478,15.979413345164275,16.541578817414802,17.385459861107076,18.190217968097596,17.74644196666118,17.424077348058706,1.0,1.0,1.0,1.0,1.0,1.0,1.0,1.0,1.0,1.0
175.5,3.0,0.0,0.0,0.0,0.0,0.0,0.0,0.0,0.0,0.0,0.0,0.0,0.0,0.0,0.0,0.0,0.0,0.0,0.0,0.0,0.0
175.75,4.0,16.364796183771524,16.16572637222845,16.688613073120415,17.28791977941433,16.310985842562832,18.079296984932444,18.170874689508004,20.637532557917787,20.291376961550732,19.725862537717617,1.0,1.0,1.0,1.0,1.0,1.0,1.0,1.0,1.0,1.0
176.0,1.0,20.069365681516885,17.630253061088453,16.298700021718773,15.326516237108947,17.732405888755864,18.161798725946678,18.178846729933166,18.840984104399226,19.68053716773798,20.61098499215671,1.0,1.0,1.0,1.0,1.0,1.0,1.0,1.0,1.0,1.0
176.25,2.0,0.0,0.0,0.0,0.0,0.0,0.0,0.0,0.0,0.0,0.0,0.0,0.0,0.0,0.0,0.0,0.0,0.0,0.0,0.0,0.0
176.5,3.0,13.66810295160501,14.2388370545601,14.76421152904837,15.131965207177617,15.904231866446025,16.720531153252132,16.179010020794603,16.636441892808445,16.670956501320404,16.741435065482754,1.0,1.0,1.0,1.0,1.0,1.0,1.0,1.0,1.0,1.0
176.75,4.0,15.496631741942874,15.710716728119833,15.822416675644218,17.191706794942245,17.00617446812626,18.32507342036667,18.31968625772207,19.39999262840317,18.11166286139621,19.213426228044106,1.0,1.0,1.0,1.0,1.0,1.0,1.0,1.0,1.0,1.0
177.0,1.0,0.0,0.0,0.0,0.0,0.0,0.0,0.0,0.0,0.0,0.0,0.0,0.0,0.0,0.0,0.0,0.0,0.0,0.0,0.0,0.0
177.25,2.0,14.625467883187936,15.09002838117588,15.718621112305179,15.883175205015307,16.758266816901358,17.309573729168232,18.718124131669263,19.29684447762558,17.943295274960125,17.8916334837706,1.0,1.0,1.0,1.0,1.0,1.0,1.0,1.0,1.0,1.0
177.5,3.0,0.0,0.0,0.0,0.0,0.0,0.0,0.0,0.0,0.0,0.0,0.0,0.0,0.0,0.0,0.0,0.0,0.0,0.0,0.0,0.0
177.75,4.0,0.0,0.0,0.0,0.0,0.0,0.0,0.0,0.0,0.0,0.0,0.0,0.0,0.0,0.0,0.0,0.0,0.0,0.0,0.0,0.0
178.0,1.0,16.12136655060668,16.30525028131533,17.635534114842017,17.26842529080038,18.19600399187081,17.950506812415945,17.52102474354047,19.185611725368616,18.31362377926146,19.027926212235098,1.0,1.0,1.0,1.0,1.0,1.0,1.0,1.0,1.0,1.0
178.25,2.0,14.098439573120066,16.114031221789926,16.2329728364972,16.38935880874366,16.83615703769087,17.972443502644282,17.947392499048313,18.497063674736207,17.142188147302317,17.364182644918984,1.0,1.0,1.0,1.0,1.0,1.0,1.0,1.0,1.0,1.0
178.5,3.0,0.0,0.0,0.0,0.0,0.0,0.0,0.0,0.0,0.0,0.0,0.0,0.0,0.0,0.0,0.0,0.0,0.0,0.0,0.0,0.0
178.75,4.0,15.02769847442399,15.47629378170116,16.389918665323297,17.876316326572514,17.69072764878642,17.113080150237387,17.690375364938507,18.723144267273206,19.324772115918634,18.951731543945165,1.0,1.0,1.0,1.0,1.0,1.0,1.0,1.0,1.0,1.0
179.0,1.0,16.72693589030034,17.63988262004653,18.484607254188955,17.985195152185597,18.777768951586527,18.668874956338534,19.195111388975747,20.10326148786722,19.968806844004337,20.696915792680656,1.0,1.0,1.0,1.0,1.0,1.0,1.0,1.0,1.0,1.0
179.25,2.0,0.0,0.0,0.0,0.0,0.0,0.0,0.0,0.0,0.0,0.0,0.0,0.0,0.0,0.0,0.0,0.0,0.0,0.0,0.0,0.0
179.5,3.0,15.11830768243385,14.135835671263582,15.127663038910226,16.545418307162535,17.13223705388878,17.445931427879238,16.624420484180995,15.68891151292404,15.982104621564062,16.087710078199624,1.0,1.0,1.0,1.0,1.0,1.0,1.0,1.0,1.0,1.0
179.75,4.0,15.831595624328017,16.55397665205963,17.741380044617053,18.575249477681233,17.763646821484716,17.887041687408654,18.62668355502667,19.93447877361687,19.172173800683314,18.490996286477426,1.0,1.0,1.0,1.0,1.0,1.0,1.0,1.0,1.0,1.0
180.0,1.0,17.666221406337073,17.804558309949474,18.945523794124092,18.478046404523074,19.441229603842913,19.45760096861856,19.18314619796705,20.368054803052395,19.76022095913536,20.199475051274057,1.0,1.0,1.0,1.0,1.0,1.0,1.0,1.0,1.0,1.0
180.25,2.0,16.29725554964566,15.8459723676523,15.138416796373434,16.305369706979345,17.138013920664086,17.677171401106865,17.957579955795833,18.920263101290878,18.319753279123375,17.058225835461624,1.0,1.0,1.0,1.0,1.0,1.0,1.0,1.0,1.0,1.0
180.5,3.0,0.0,0.0,0.0,0.0,0.0,0.0,0.0,0.0,0.0,0.0,0.0,0.0,0.0,0.0,0.0,0.0,0.0,0.0,0.0,0.0
180.75,4.0,16.508085458198405,17.31699354659166,18.15943071750307,18.1323489243189,18.465097660193035,18.346474364859137,18.82985757246084,19.289145062359207,19.803229483082443,18.74345300840979,1.0,1.0,1.0,1.0,1.0,1.0,1.0,1.0,1.0,1.0
181.0,1.0,17.55563856535729,17.056645586757558,19.14273759277166,19.725289312603064,19.93588234261644,19.86053042262498,19.607120018369713,20.489688170350462,19.686424302656302,20.704252814996774,1.0,1.0,1.0,1.0,1.0,1.0,1.0,1.0,1.0,1.0
181.25,2.0,0.0,0.0,0.0,0.0,0.0,0.0,0.0,0.0,0.0,0.0,0.0,0.0,0.0,0.0,0.0,0.0,0.0,0.0,0.0,0.0
181.5,3.0,15.240628121644308,17.664065919446337,17.33250870408819,15.750824333598322,17.169996862182977,18.078147580874134,18.102250960959864,16.871719757286993,16.067650028860037,16.262848625776684,1.0,1.0,1.0,1.0,1.0,1.0,1.0,1.0,1.0,1.0
181.75,4.0,16.461557338251048,16.989084756897263,18.398758297711804,18.76662620965392,20.20336142178229,19.77608118176985,19.310086732512328,20.17002072826992,20.454960938741685,19.33346795956221,1.0,1.0,1.0,1.0,1.0,1.0,1.0,1.0,1.0,1.0
182.0,1.0,0.0,0.0,0.0,0.0,0.0,0.0,0.0,0.0,0.0,0.0,0.0,0.0,0.0,0.0,0.0,0.0,0.0,0.0,0.0,0.0
182.25,2.0,0.0,0.0,0.0,0.0,0.0,0.0,0.0,0.0,0.0,0.0,0.0,0.0,0.0,0.0,0.0,0.0,0.0,0.0,0.0,0.0
182.5,3.0,15.361226065133419,18.705954637867208,17.43337190234921,17.054659681052243,18.11767396098137,17.705558956045312,17.66464604350409,16.1532275512429,15.583983706415127,16.20813628207651,1.0,1.0,1.0,1.0,1.0,1.0,1.0,1.0,1.0,1.0
182.75,4.0,0.0,0.0,0.0,0.0,0.0,0.0,0.0,0.0,0.0,0.0,0.0,0.0,0.0,0.0,0.0,0.0,0.0,0.0,0.0,0.0
183.0,1.0,17.567323784828982,17.979870086535403,17.965448627349588,17.567131100803916,19.022076345677807,20.08566124718892,19.34118694550904,21.160906141430228,20.286615949415683,20.85830817067526,1.0,1.0,1.0,1.0,1.0,1.0,1.0,1.0,1.0,1.0
183.25,2.0,15.327460121309242,14.4859904639718,16.028558891943483,14.478757050685134,15.35416938699135,15.461682392447843,16.05292298095547,16.686472075033276,15.529649534119015,15.010682718104862,1.0,1.0,1.0,1.0,1.0,1.0,1.0,1.0,1.0,1.0
183.5,3.0,0.0,0.0,0.0,0.0,0.0,0.0,0.0,0.0,0.0,0.0,0.0,0.0,0.0,0.0,0.0,0.0,0.0,0.0,0.0,0.0
183.75,4.0,18.064535731388794,19.4109528360066,20.658722680983438,20.088764535470553,21.47254234723718,20.63330327713428,19.539052003370088,19.991008749645616,19.823016316497934,18.476246459289914,1.0,1.0,1.0,1.0,1.0,1.0,1.0,1.0,1.0,1.0
184.0,1.0,17.447143127206832,17.713511304885877,18.142203946653886,18.945091245804395,18.54294167311417,20.34017846328051,19.97728453932496,21.93436481813267,21.245659964077127,20.489378747970818,1.0,1.0,1.0,1.0,1.0,1.0,1.0,1.0,1.0,1.0
184.25,2.0,0.0,0.0,0.0,0.0,0.0,0.0,0.0,0.0,0.0,0.0,0.0,0.0,0.0,0.0,0.0,0.0,0.0,0.0,0.0,0.0
184.5,3.0,16.712216109530246,17.57022249783219,16.60727384371068,15.748561813798046,16.412169491223594,16.94813560619152,17.714927510111085,17.03241091995912,17.573110613226977,17.063441840709515,1.0,1.0,1.0,1.0,1.0,1.0,1.0,1.0,1.0,1.0
184.75,4.0,17.999274794678385,20.754823629107165,21.20228337094697,20.73147618441483,21.798252628164697,20.38218201408579,19.520327083672623,19.298783728059064,19.177516191711526,17.699485530339878,1.0,1.0,1.0,1.0,1.0,1.0,1.0,1.0,1.0,1.0
185.0,1.0,0.0,0.0,0.0,0.0,0.0,0.0,0.0,0.0,0.0,0.0,0.0,0.0,0.0,0.0,0.0,0.0,0.0,0.0,0.0,0.0
185.25,2.0,15.365415407349833,15.70668060969791,16.290961334485498,14.623108842784053,14.15571510736872,14.280628795348969,14.282461461163134,14.754483296123414,14.556207994128783,15.445535286915739,1.0,1.0,1.0,1.0,1.0,1.0,1.0,1.0,1.0,1.0
185.5,3.0,0.0,0.0,0.0,0.0,0.0,0.0,0.0,0.0,0.0,0.0,0.0,0.0,0.0,0.0,0.0,0.0,0.0,0.0,0.0,0.0
185.75,4.0,0.0,0.0,0.0,0.0,0.0,0.0,0.0,0.0,0.0,0.0,0.0,0.0,0.0,0.0,0.0,0.0,0.0,0.0,0.0,0.0
186.0,1.0,18.517452646315547,18.017479087808912,18.449032811070186,19.05433768786356,20.459923142356597,21.101779779669506,20.529233338641966,20.745129922626845,20.83131204209299,21.210579004628627,1.0,1.0,1.0,1.0,1.0,1.0,1.0,1.0,1.0,1.0
186.25,2.0,16.249235331754747,16.23422722512443,16.233388998139013,14.486113161060613,14.99856418894697,15.56791682693191,15.239775390263715,15.79049997624591,15.554041598160204,15.283704535103231,1.0,1.0,1.0,1.0,1.0,1.0,1.0,1.0,1.0,1.0
186.5,3.0,0.0,0.0,0.0,0.0,0.0,0.0,0.0,0.0,0.0,0.0,0.0,0.0,0.0,0.0,0.0,0.0,0.0,0.0,0.0,0.0
186.75,4.0,21.512557047578245,22.163984925702174,20.236039001627148,18.929931174642014,20.21415061983126,18.504801298101302,18.19762144990197,18.2987043481271,16.800215362820133,17.034349601841527,1.0,1.0,1.0,1.0,1.0,1.0,1.0,1.0,1.0,1.0
187.0,1.0,19.14541759813639,17.346427020757062,18.315259153780953,19.822245330372017,19.056472788699434,19.893783711373924,19.971248310667292,20.830035510053847,20.984048825649392,20.49103029712145,1.0,1.0,1.0,1.0,1.0,1.0,1.0,1.0,1.0,1.0
187.25,2.0,0.0,0.0,0.0,0.0,0.0,0.0,0.0,0.0,0.0,0.0,0.0,0.0,0.0,0.0,0.0,0.0,0.0,0.0,0.0,0.0
187.5,3.0,17.69800964715362,18.17522241502319,17.014658710411062,17.185397672306323,17.26011810921741,16.914089358086954,16.535260997004876,15.053035605997431,14.941031676771718,14.765769853136455,1.0,1.0,1.0,1.0,1.0,1.0,1.0,1.0,1.0,1.0
187.75,4.0,20.41859412701513,21.711955288806916,19.596476974118467,18.04931184154547,18.972692221746563,18.501224394974773,18.003485745185543,18.8296664858169,17.356115310432983,17.076746500558144,1.0,1.0,1.0,1.0,1.0,1.0,1.0,1.0,1.0,1.0
188.0,1.0,18.69654480638934,17.365122184950582,19.64676895745134,19.860952269167555,18.373091081559718,19.261102232675412,19.874604815579882,20.443625661586758,20.210308191630492,19.260705482606365,1.0,1.0,1.0,1.0,1.0,1.0,1.0,1.0,1.0,1.0
188.25,2.0,17.438919378809253,16.793505897803133,15.892799153536322,14.046237825162711,15.553880959625378,15.732852669572726,15.111152060203477,15.698013647114774,14.46458481448619,15.283094487957129,1.0,1.0,1.0,1.0,1.0,1.0,1.0,1.0,1.0,1.0
188.5,3.0,0.0,0.0,0.0,0.0,0.0,0.0,0.0,0.0,0.0,0.0,0.0,0.0,0.0,0.0,0.0,0.0,0.0,0.0,0.0,0.0
188.75,4.0,20.14176267878312,21.09959974628877,18.943593635996233,18.37111035321148,19.276318965714452,18.498102401639628,17.512245294377152,17.550325721102634,17.090416405362074,16.29881752807476,1.0,1.0,1.0,1.0,1.0,1.0,1.0,1.0,1.0,1.0
189.0,1.0,18.18272844070409,18.837837372410444,20.379881921143784,19.924475908546217,19.55930430721588,20.472890108252127,20.08954950476397,19.534043852310546,18.66049666521621,17.359827292778995,1.0,1.0,1.0,1.0,1.0,1.0,1.0,1.0,1.0,1.0
189.25,2.0,0.0,0.0,0.0,0.0,0.0,0.0,0.0,0.0,0.0,0.0,0.0,0.0,0.0,0.0,0.0,0.0,0.0,0.0,0.0,0.0
189.5,3.0,18.114377860135367,17.508794676553972,17.223605679226736,15.810154979597822,16.18405047509333,17.27908563062216,17.12562763482602,17.149870644262997,16.596821878861594,16.175611021685377,1.0,1.0,1.0,1.0,1.0,1.0,1.0,1.0,1.0,1.0
189.75,4.0,19.31306410595251,20.39082420442839,18.65495401254437,17.958706664996747,17.720572614307383,17.70929106895912,16.263544126971947,17.024520074158954,16.628725962326513,16.023451764132002,1.0,1.0,1.0,1.0,1.0,1.0,1.0,1.0,1.0,1.0
190.0,1.0,0.0,0.0,0.0,0.0,0.0,0.0,0.0,0.0,0.0,0.0,0.0,0.0,0.0,0.0,0.0,0.0,0.0,0.0,0.0,0.0
190.25,2.0,0.0,0.0,0.0,0.0,0.0,0.0,0.0,0.0,0.0,0.0,0.0,0.0,0.0,0.0,0.0,0.0,0.0,0.0,0.0,0.0
190.5,3.0,17.358594948737178,17.6864055610513,16.5836667029516,16.550506411021345,16.16398077129797,16.319023798040213,16.930762533133333,16.219382724313974,15.769107076067549,16.403809436531443,1.0,1.0,1.0,1.0,1.0,1.0,1.0,1.0,1.0,1.0
190.75,4.0,0.0,0.0,0.0,0.0,0.0,0.0,0.0,0.0,0.0,0.0,0.0,0.0,0.0,0.0,0.0,0.0,0.0,0.0,0.0,0.0
191.0,1.0,18.486051038647602,18.476148928685294,20.058679053151423,20.749806518098683,20.397217099324624,20.491293990623426,18.362596454835376,18.229323895484804,17.803140781490008,16.90122413056739,1.0,1.0,1.0,1.0,1.0,1.0,1.0,1.0,1.0,1.0
191.25,2.0,15.813948202313048,16.105478815128205,14.8352540764231,13.1034686617253,13.740755673473535,14.747231184651119,15.359841197190391,15.632970124361313,15.640052003356791,15.406174127652248,1.0,1.0,1.0,1.0,1.0,1.0,1.0,1.0,1.0,1.0
191.5,3.0,0.0,0.0,0.0,0.0,0.0,0.0,0.0,0.0,0.0,0.0,0.0,0.0,0.0,0.0,0.0,0.0,0.0,0.0,0.0,0.0
191.75,4.0,17.880771154515628,16.962946440114955,17.2225465781794,16.973487390409666,15.965915620226733,16.674316418679684,16.110224039289758,17.423832529158254,18.69154208105188,19.666367262821648,1.0,1.0,1.0,1.0,1.0,1.0,1.0,1.0,1.0,1.0
192.0,1.0,17.445195801117585,18.047238359543282,20.410268107540855,21.248997766813673,19.847263040104558,19.812055608106157,18.46912468704206,17.49845288106626,17.9695480667924,16.192877292555593,1.0,1.0,1.0,1.0,1.0,1.0,1.0,1.0,1.0,1.0
192.25,2.0,0.0,0.0,0.0,0.0,0.0,0.0,0.0,0.0,0.0,0.0,0.0,0.0,0.0,0.0,0.0,0.0,0.0,0.0,0.0,0.0
192.5,3.0,15.938477748068404,16.81584414182846,17.596967648673463,16.344541246058245,15.94262527105759,15.859892264444504,15.618181881534657,15.271585780032224,15.199363747410018,15.19668687452259,1.0,1.0,1.0,1.0,1.0,1.0,1.0,1.0,1.0,1.0
192.75,4.0,17.469550177955554,17.38956618892912,16.08730555070817,16.473772376265796,15.07821385750724,15.515801145889645,15.984283291368714,18.03644702269743,19.67892197726073,21.01998094595069,1.0,1.0,1.0,1.0,1.0,1.0,1.0,1.0,1.0,1.0
193.0,1.0,0.0,0.0,0.0,0.0,0.0,0.0,0.0,0.0,0.0,0.0,0.0,0.0,0.0,0.0,0.0,0.0,0.0,0.0,0.0,0.0
193.25,2.0,15.02227934734796,14.864229241875629,14.79007717919266,15.243274198387072,15.110547098792653,15.912658157681706,16.668329834556847,16.873838143084374,15.711666041215436,15.141915230723637,1.0,1.0,1.0,1.0,1.0,1.0,1.0,1.0,1.0,1.0
193.5,3.0,0.0,0.0,0.0,0.0,0.0,0.0,0.0,0.0,0.0,0.0,0.0,0.0,0.0,0.0,0.0,0.0,0.0,0.0,0.0,0.0
193.75,4.0,0.0,0.0,0.0,0.0,0.0,0.0,0.0,0.0,0.0,0.0,0.0,0.0,0.0,0.0,0.0,0.0,0.0,0.0,0.0,0.0
194.0,1.0,18.65354306317373,19.162063434200224,20.664347856538186,20.8123495148455,20.316028198654536,20.304024423379058,19.062237235532795,17.609993031244883,17.089721373742428,16.8684741201056,1.0,1.0,1.0,1.0,1.0,1.0,1.0,1.0,1.0,1.0
194.25,2.0,15.247846271668026,14.829670164092475,15.070635956503416,15.175857646818516,15.800770654947126,15.924965879991904,17.16631300396465,16.125747303524516,15.547974231527682,15.53153808756434,1.0,1.0,1.0,1.0,1.0,1.0,1.0,1.0,1.0,1.0
194.5,3.0,16.622975977574367,16.123225226967058,16.749722269228336,16.243668630297478,15.953342123194444,15.994407633996087,16.697068846956824,16.534120733274467,17.16692714787216,18.066101748595184,1.0,1.0,1.0,1.0,1.0,1.0,1.0,1.0,1.0,1.0
194.75,4.0,16.42471660747842,16.975048876532405,17.15837055944367,17.00767194028995,16.780944443435462,18.09164815535862,18.100495422732966,20.04585005826354,21.394716228668617,22.380040906918197,1.0,1.0,1.0,1.0,1.0,1.0,1.0,1.0,1.0,1.0
195.0,1.0,18.99776320470587,19.696027417883844,21.288449079215017,20.5178332520553,20.482909070856806,19.454588554183886,18.99939852780353,18.334863537753275,17.582107871580604,17.259980017201215,1.0,1.0,1.0,1.0,1.0,1.0,1.0,1.0,1.0,1.0
195.25,2.0,0.0,0.0,0.0,0.0,0.0,0.0,0.0,0.0,0.0,0.0,0.0,0.0,0.0,0.0,0.0,0.0,0.0,0.0,0.0,0.0
195.5,3.0,16.216320402848485,15.454412724196699,15.868080958595312,16.005165034216766,16.645558905429226,16.39891077624081,16.631185343571172,16.671648466765525,17.139999434534943,17.94668203992816,1.0,1.0,1.0,1.0,1.0,1.0,1.0,1.0,1.0,1.0
195.75,4.0,17.233193388843194,17.8999979509723,17.57536028304105,18.297134504704722,18.001473155460033,19.069796676239754,19.944050479565533,21.446275366387447,21.727567280810675,22.019155459320444,1.0,1.0,1.0,1.0,1.0,1.0,1.0,1.0,1.0,1.0
196.0,1.0,19.05594023393441,20.533855611918096,21.263409099300876,19.779594227615778,19.521104755943494,19.067012725178852,19.26131796723051,18.5795855665515,18.137519355650582,17.239012007712702,1.0,1.0,1.0,1.0,1.0,1.0,1.0,1.0,1.0,1.0
196.25,2.0,14.627269672646875,14.441939167644735,16.40936250206954,18.309856743581186,18.422362926005004,17.76259895061257,17.327510540335528,16.120288887427655,14.923029194025657,15.040964717444636,1.0,1.0,1.0,1.0,1.0,1.0,1.0,1.0,1.0,1.0
196.5,3.0,0.0,0.0,0.0,0.0,0.0,0.0,0.0,0.0,0.0,0.0,0.0,0.0,0.0,0.0,0.0,0.0,0.0,0.0,0.0,0.0
196.75,4.0,18.418301825915304,18.307320079766665,17.90762568468211,19.023305313072886,20.261892802589628,21.8076406503478,22.878238612934442,22.18826535642303,22.24506279053457,22.200964382194737,1.0,1.0,1.0,1.0,1.0,1.0,1.0,1.0,1.0,1.0
197.0,1.0,19.19966877728337,21.126089672682674,20.55330895938374,20.02703913779102,19.274506840303324,19.281952301200135,18.857592100520268,18.40469212027892,18.543816553241665,17.98482220422064,1.0,1.0,1.0,1.0,1.0,1.0,1.0,1.0,1.0,1.0
197.25,2.0,0.0,0.0,0.0,0.0,0.0,0.0,0.0,0.0,0.0,0.0,0.0,0.0,0.0,0.0,0.0,0.0,0.0,0.0,0.0,0.0
197.5,3.0,14.955017020911225,14.035163077871465,17.33846670853782,18.09535695766368,16.536825538988914,16.86071183846122,17.832178521835793,17.911075553805635,18.622416343209807,18.137612277869675,1.0,1.0,1.0,1.0,1.0,1.0,1.0,1.0,1.0,1.0
197.75,4.0,18.667923577900606,18.778216642294613,19.344174867568565,21.11552124704912,23.064764313767423,23.280837595506604,22.981458489949468,21.604955240347916,21.93822768738036,21.798775396215834,1.0,1.0,1.0,1.0,1.0,1.0,1.0,1.0,1.0,1.0
198.0,1.0,0.0,0.0,0.0,0.0,0.0,0.0,0.0,0.0,0.0,0.0,0.0,0.0,0.0,0.0,0.0,0.0,0.0,0.0,0.0,0.0
198.25,2.0,14.587558927584114,17.221553689435677,18.916542418905916,18.25076120065713,17.160112834123602,15.791631705909825,15.251810579063555,14.545880746908805,13.880620381057525,13.8117627634893,1.0,1.0,1.0,1.0,1.0,1.0,1.0,1.0,1.0,1.0
198.5,3.0,15.86355999819155,15.24727663584304,17.33182903557581,17.75478377253872,16.4045994612744,16.53408911824789,16.465143423733647,17.067131604267214,17.670701702729406,17.73494316569711,1.0,1.0,1.0,1.0,1.0,1.0,1.0,1.0,1.0,1.0
198.75,4.0,0.0,0.0,0.0,0.0,0.0,0.0,0.0,0.0,0.0,0.0,0.0,0.0,0.0,0.0,0.0,0.0,0.0,0.0,0.0,0.0
199.0,1.0,19.899569619244804,21.260270543422088,20.461334108968824,20.231136328297257,19.983471735069163,20.455245770757365,20.69686638913335,20.109933000670594,20.570437794163748,19.978193587405283,1.0,1.0,1.0,1.0,1.0,1.0,1.0,1.0,1.0,1.0
199.25,2.0,15.760724715256679,18.533571591239458,18.92812607850114,16.858678210596892,15.982002626834008,15.479104402081981,14.51550603874797,14.927222054849514,14.14720287238313,14.502610195854484,1.0,1.0,1.0,1.0,1.0,1.0,1.0,1.0,1.0,1.0
199.5,3.0,0.0,0.0,0.0,0.0,0.0,0.0,0.0,0.0,0.0,0.0,0.0,0.0,0.0,0.0,0.0,0.0,0.0,0.0,0.0,0.0
199.75,4.0,19.713280200689244,22.027941297734863,20.90652402738089,20.693424905999972,22.267067522058234,21.259485019294893,22.79282071795902,22.85376518070021,22.858323175109415,23.441592405604315,1.0,1.0,1.0,1.0,1.0,1.0,1.0,1.0,1.0,1.0
200.0,1.0,20.801652404867667,21.403841571600395,21.270884325601937,21.600961587114863,21.210578550567035,20.90916197200203,21.123807730220076,20.667126873776038,21.691092502830912,20.59528144823227,1.0,1.0,1.0,1.0,1.0,1.0,1.0,1.0,1.0,1.0
200.25,2.0,0.0,0.0,0.0,0.0,0.0,0.0,0.0,0.0,0.0,0.0,0.0,0.0,0.0,0.0,0.0,0.0,0.0,0.0,0.0,0.0
200.5,3.0,16.991870922839656,17.76901989190758,17.26130752973869,18.903153231110856,18.58603031043254,17.463194490052135,17.022921125165094,17.262723823127033,17.87861297618558,18.0945542418161,1.0,1.0,1.0,1.0,1.0,1.0,1.0,1.0,1.0,1.0
200.75,4.0,20.87805253191769,21.913376393336236,19.899400098820394,19.16002222616491,20.55369580220179,21.281896040027394,22.696636879905782,22.566014610168832,22.303952754284293,22.45526304759777,1.0,1.0,1.0,1.0,1.0,1.0,1.0,1.0,1.0,1.0
201.0,1.0,20.501944727370187,21.205030632869864,22.391562718087737,22.26114937870534,22.037452221617453,21.948591931967822,22.090902362912438,21.64354776770114,21.889690859681757,20.22165448573873,1.0,1.0,1.0,1.0,1.0,1.0,1.0,1.0,1.0,1.0
201.25,2.0,18.017327814574504,18.911891247553505,18.724969630932854,17.119181308571317,16.449396496258775,15.886921544653378,15.454520571367034,15.428090996034394,15.92928249263367,17.180718092141746,1.0,1.0,1.0,1.0,1.0,1.0,1.0,1.0,1.0,1.0
201.5,3.0,0.0,0.0,0.0,0.0,0.0,0.0,0.0,0.0,0.0,0.0,0.0,0.0,0.0,0.0,0.0,0.0,0.0,0.0,0.0,0.0
201.75,4.0,0.0,0.0,0.0,0.0,0.0,0.0,0.0,0.0,0.0,0.0,0.0,0.0,0.0,0.0,0.0,0.0,0.0,0.0,0.0,0.0
202.0,1.0,20.85096237352159,21.8167211547993,22.449511516529636,22.838769361074874,22.856867965191427,22.16885329950589,22.654609912980703,20.116585700476303,20.55526366098677,18.599233628906358,1.0,1.0,1.0,1.0,1.0,1.0,1.0,1.0,1.0,1.0
202.25,2.0,18.206150630722057,19.347943862493448,17.655947288537394,16.251440263435406,15.89649500726352,16.4082009525056,16.213243804754093,15.35276763097098,16.153475086536314,16.34216749595978,1.0,1.0,1.0,1.0,1.0,1.0,1.0,1.0,1.0,1.0
202.5,3.0,17.93795983687876,17.36589781320246,20.048795621097984,20.115976138166463,19.22755456264716,18.79859452502596,19.54371938903748,18.15055679064694,18.77538708544187,18.740436109978162,1.0,1.0,1.0,1.0,1.0,1.0,1.0,1.0,1.0,1.0
202.75,4.0,20.281143360091395,20.5559712771031,19.188554747258173,22.01581229676966,21.46843965770035,21.802362918865505,22.069181250063846,22.68041143437885,22.313202680133855,22.553885088725067,1.0,1.0,1.0,1.0,1.0,1.0,1.0,1.0,1.0,1.0
203.0,1.0,0.0,0.0,0.0,0.0,0.0,0.0,0.0,0.0,0.0,0.0,0.0,0.0,0.0,0.0,0.0,0.0,0.0,0.0,0.0,0.0
203.25,2.0,0.0,0.0,0.0,0.0,0.0,0.0,0.0,0.0,0.0,0.0,0.0,0.0,0.0,0.0,0.0,0.0,0.0,0.0,0.0,0.0
203.5,3.0,18.44321388869141,18.741248230434163,20.036364946081417,19.858701765065987,20.527994315569813,19.98452148419084,20.669637695013503,19.944050474091313,19.84602968167689,19.531027312042003,1.0,1.0,1.0,1.0,1.0,1.0,1.0,1.0,1.0,1.0
203.75,4.0,19.25126436977416,19.56824166476623,20.868107921786507,21.84424095877843,19.649423145612023,21.03600974864157,21.36821203413855,21.76001234268416,21.988626605510486,22.480644153279677,1.0,1.0,1.0,1.0,1.0,1.0,1.0,1.0,1.0,1.0
204.0,1.0,21.301664539879493,22.27727568936606,22.100478917681176,22.581757436307893,22.93233441808065,20.98113505989465,21.278575539541944,19.25499306663753,19.705084783525837,18.22962434933692,1.0,1.0,1.0,1.0,1.0,1.0,1.0,1.0,1.0,1.0
204.25,2.0,19.22496195845528,18.700743199510928,19.127417382672736,18.363916177176648,16.706700977364545,16.35440506950259,16.023613971099447,14.201738287888697,14.419712463785551,14.155192195263725,1.0,1.0,1.0,1.0,1.0,1.0,1.0,1.0,1.0,1.0
204.5,3.0,0.0,0.0,0.0,0.0,0.0,0.0,0.0,0.0,0.0,0.0,0.0,0.0,0.0,0.0,0.0,0.0,0.0,0.0,0.0,0.0
204.75,4.0,19.494025309277184,20.13175160347512,22.086596986096247,21.649790388199047,19.868719718225258,21.435319708169114,21.859987806200575,21.50356558983832,22.244367560598427,22.035216208227656,1.0,1.0,1.0,1.0,1.0,1.0,1.0,1.0,1.0,1.0
205.0,1.0,20.72424575406281,22.50837357939098,22.032763340555547,22.269755506588474,22.154894508910793,19.530923776579723,19.38370636282795,17.87912214554992,19.370666219462862,18.08889250869714,1.0,1.0,1.0,1.0,1.0,1.0,1.0,1.0,1.0,1.0
205.25,2.0,0.0,0.0,0.0,0.0,0.0,0.0,0.0,0.0,0.0,0.0,0.0,0.0,0.0,0.0,0.0,0.0,0.0,0.0,0.0,0.0
205.5,3.0,19.055191724123727,19.73971890947293,21.046890078056116,21.1967554532693,19.825088063417333,19.26111587319923,19.448799197768032,19.31312868498275,19.257633914012278,19.312459774772595,1.0,1.0,1.0,1.0,1.0,1.0,1.0,1.0,1.0,1.0
205.75,4.0,19.292016997765014,20.70798280626284,22.19549090757437,23.287056604228486,21.3004947278058,22.947170624065855,22.547676103741406,21.52172623403605,22.21266540595226,21.86140859383367,1.0,1.0,1.0,1.0,1.0,1.0,1.0,1.0,1.0,1.0
206.0,1.0,0.0,0.0,0.0,0.0,0.0,0.0,0.0,0.0,0.0,0.0,0.0,0.0,0.0,0.0,0.0,0.0,0.0,0.0,0.0,0.0
206.25,2.0,19.35555594493334,19.62798130976299,18.746781281477443,15.701369092999567,14.617765317197211,15.311226904084265,15.862079819054289,16.091386025374376,16.377487261717896,16.72076317749152,1.0,1.0,1.0,1.0,1.0,1.0,1.0,1.0,1.0,1.0
206.5,3.0,20.239251938964028,19.999278202502754,21.723987745586026,21.723071808323095,20.44511891514366,19.79091227214044,19.78317380978307,18.99241802370614,19.25642970317693,19.55633660512671,1.0,1.0,1.0,1.0,1.0,1.0,1.0,1.0,1.0,1.0
206.75,4.0,0.0,0.0,0.0,0.0,0.0,0.0,0.0,0.0,0.0,0.0,0.0,0.0,0.0,0.0,0.0,0.0,0.0,0.0,0.0,0.0
207.0,1.0,20.00660771640243,20.446605572432595,19.69865411266447,20.144772213600454,19.183014305495487,19.187186193511,18.7365889264253,17.99806256715286,18.27512927711058,16.89185484830383,1.0,1.0,1.0,1.0,1.0,1.0,1.0,1.0,1.0,1.0
207.25,2.0,18.70506752723921,19.555173752473987,18.606364552259137,16.46152482343862,15.679226395821765,15.542462681540869,15.866514083712671,17.028351907749553,17.300864860821846,17.54459101606702,1.0,1.0,1.0,1.0,1.0,1.0,1.0,1.0,1.0,1.0
207.5,3.0,0.0,0.0,0.0,0.0,0.0,0.0,0.0,0.0,0.0,0.0,0.0,0.0,0.0,0.0,0.0,0.0,0.0,0.0,0.0,0.0
207.75,4.0,20.584849824673388,21.102669478620353,23.292964277593413,24.29838954431067,21.097783111151312,21.419945968778233,20.195785227376202,20.428028665765694,18.925308100601594,19.04797789042985,1.0,1.0,1.0,1.0,1.0,1.0,1.0,1.0,1.0,1.0
208.0,1.0,19.31030240629222,19.466990807473678,19.40481932022497,20.048996841504326,19.508884310249883,19.314536139802332,18.981077466903365,17.99189700701837,17.544247593609203,16.615880624237608,1.0,1.0,1.0,1.0,1.0,1.0,1.0,1.0,1.0,1.0
208.25,2.0,0.0,0.0,0.0,0.0,0.0,0.0,0.0,0.0,0.0,0.0,0.0,0.0,0.0,0.0,0.0,0.0,0.0,0.0,0.0,0.0
208.5,3.0,21.642724089477976,20.576408289104553,21.311798627286613,22.425724097443954,21.484990500184047,20.72300916238797,20.178435756554805,18.653469886690758,19.007870057461844,19.59978657260995,1.0,1.0,1.0,1.0,1.0,1.0,1.0,1.0,1.0,1.0
208.75,4.0,20.697218432265338,21.017676521474524,23.020826795472118,23.59365054365517,20.757071629211207,20.137906255919443,18.848826117389947,17.640860355938567,16.590779974776297,16.73276705500675,1.0,1.0,1.0,1.0,1.0,1.0,1.0,1.0,1.0,1.0
209.0,1.0,19.151403221858676,19.66630668102297,19.22750361684464,19.59149053704814,17.9726379828103,17.952899292218092,17.697338468954865,17.733595194729226,17.634737495533425,17.458331002560914,1.0,1.0,1.0,1.0,1.0,1.0,1.0,1.0,1.0,1.0
209.25,2.0,16.756573174758916,15.698913122316524,15.911079233705516,17.887613068427516,18.12800375809463,18.593346460502786,18.06642729938882,18.971505060040524,17.611835945432652,16.968040687889726,1.0,1.0,1.0,1.0,1.0,1.0,1.0,1.0,1.0,1.0
209.5,3.0,0.0,0.0,0.0,0.0,0.0,0.0,0.0,0.0,0.0,0.0,0.0,0.0,0.0,0.0,0.0,0.0,0.0,0.0,0.0,0.0
209.75,4.0,21.118014495604935,20.165225516824663,21.528220010830392,21.713484360823102,21.68022137096956,21.45042466484927,19.577398350453453,18.278951142528836,17.971479343798453,19.15469410829945,1.0,1.0,1.0,1.0,1.0,1.0,1.0,1.0,1.0,1.0
210.0,1.0,20.277320464116887,19.95419302952618,18.625569575733167,17.717336524613575,17.592348188804213,17.918113707137945,18.598258014418047,18.048007075294436,18.323779769157102,18.403182463857274,1.0,1.0,1.0,1.0,1.0,1.0,1.0,1.0,1.0,1.0
210.25,2.0,15.888931017562971,15.446928975719928,16.2106226435207,17.989799513865673,18.785378751692235,18.814501243502438,18.531011600762632,18.42684434583594,17.799930555004728,16.974892360558314,1.0,1.0,1.0,1.0,1.0,1.0,1.0,1.0,1.0,1.0
210.5,3.0,20.712475651831305,21.041450377455508,20.856034476306405,19.641020750024374,19.221572391889698,18.655738396537064,18.204083535327563,17.49854604532124,18.089405103804303,17.848921601328954,1.0,1.0,1.0,1.0,1.0,1.0,1.0,1.0,1.0,1.0
210.75,4.0,21.033137020114612,20.86566554072487,21.86175423814583,21.569945960935584,21.258408326506185,21.1743227558064,19.581420605011644,19.565054047407294,20.008290605345273,19.519194195483138,1.0,1.0,1.0,1.0,1.0,1.0,1.0,1.0,1.0,1.0
211.0,1.0,0.0,0.0,0.0,0.0,0.0,0.0,0.0,0.0,0.0,0.0,0.0,0.0,0.0,0.0,0.0,0.0,0.0,0.0,0.0,0.0
211.25,2.0,0.0,0.0,0.0,0.0,0.0,0.0,0.0,0.0,0.0,0.0,0.0,0.0,0.0,0.0,0.0,0.0,0.0,0.0,0.0,0.0
211.5,3.0,21.367227368043814,21.261974251201202,20.723267891439207,18.81770494436553,18.65951452858554,18.30263627736653,18.767429219843727,18.376397488223514,19.097547562463532,18.34106629590201,1.0,1.0,1.0,1.0,1.0,1.0,1.0,1.0,1.0,1.0
211.75,4.0,0.0,0.0,0.0,0.0,0.0,0.0,0.0,0.0,0.0,0.0,0.0,0.0,0.0,0.0,0.0,0.0,0.0,0.0,0.0,0.0
212.0,1.0,19.89304595734364,18.418327830259763,18.09902561797465,17.82765681073218,17.187251452542583,17.9228793082258,18.219164040800266,16.742320515364963,17.015099763387095,17.726592315341488,1.0,1.0,1.0,1.0,1.0,1.0,1.0,1.0,1.0,1.0
212.25,2.0,16.537315255145124,18.20827134012021,18.49533580320012,18.768845726975364,19.91710875838148,19.546538235483645,19.533112599676045,18.60847467993189,17.905851848727067,16.506172299405982,1.0,1.0,1.0,1.0,1.0,1.0,1.0,1.0,1.0,1.0
212.5,3.0,0.0,0.0,0.0,0.0,0.0,0.0,0.0,0.0,0.0,0.0,0.0,0.0,0.0,0.0,0.0,0.0,0.0,0.0,0.0,0.0
212.75,4.0,19.79771359060614,18.977764724495668,19.304234821456294,19.882877442095594,20.53669024383066,20.607301609272092,19.249620647538624,18.701385759882463,18.454093127485763,18.726787803283017,1.0,1.0,1.0,1.0,1.0,1.0,1.0,1.0,1.0,1.0
213.0,1.0,20.054801286121904,18.152305907780985,18.956186325757923,18.619375277563815,18.8147257494694,18.739352101897722,18.105650746015232,16.98893831601858,17.267856191895564,17.592290015446608,1.0,1.0,1.0,1.0,1.0,1.0,1.0,1.0,1.0,1.0
213.25,2.0,0.0,0.0,0.0,0.0,0.0,0.0,0.0,0.0,0.0,0.0,0.0,0.0,0.0,0.0,0.0,0.0,0.0,0.0,0.0,0.0
213.5,3.0,21.99731237696792,19.437423277910877,20.302352614316376,19.39873120453201,20.267805167306904,19.961563167101815,20.070342886963864,19.324159953674563,19.57551381420894,18.54599400797396,1.0,1.0,1.0,1.0,1.0,1.0,1.0,1.0,1.0,1.0
213.75,4.0,19.901404887936813,19.60898651492865,20.039471255289595,19.479839732293268,20.392214802730418,20.287898020207678,18.307402556046828,17.812533275419113,18.333159490483645,18.59692321366234,1.0,1.0,1.0,1.0,1.0,1.0,1.0,1.0,1.0,1.0
214.0,1.0,0.0,0.0,0.0,0.0,0.0,0.0,0.0,0.0,0.0,0.0,0.0,0.0,0.0,0.0,0.0,0.0,0.0,0.0,0.0,0.0
214.25,2.0,18.329758651027028,18.40413187863316,18.687142835732026,20.660987212154545,19.408189495342338,19.70123243996234,19.382329753249017,19.0648328271422,19.519347579143346,18.381897679495474,1.0,1.0,1.0,1.0,1.0,1.0,1.0,1.0,1.0,1.0
214.5,3.0,0.0,0.0,0.0,0.0,0.0,0.0,0.0,0.0,0.0,0.0,0.0,0.0,0.0,0.0,0.0,0.0,0.0,0.0,0.0,0.0
214.75,4.0,0.0,0.0,0.0,0.0,0.0,0.0,0.0,0.0,0.0,0.0,0.0,0.0,0.0,0.0,0.0,0.0,0.0,0.0,0.0,0.0
215.0,1.0,21.092621203473456,20.983542033745334,19.155948318247432,18.66908936792379,18.25095218915497,17.454616153564675,17.970034548048837,17.100108873402615,17.757947541844636,17.588040919826337,1.0,1.0,1.0,1.0,1.0,1.0,1.0,1.0,1.0,1.0
215.25,2.0,18.847634669803675,18.874684465689988,20.376534596918727,19.68696656512809,18.699333885065094,20.39620683631829,20.9510888681359,20.336789083456722,19.757706219009837,18.12165838524625,1.0,1.0,1.0,1.0,1.0,1.0,1.0,1.0,1.0,1.0
215.5,3.0,0.0,0.0,0.0,0.0,0.0,0.0,0.0,0.0,0.0,0.0,0.0,0.0,0.0,0.0,0.0,0.0,0.0,0.0,0.0,0.0
215.75,4.0,21.808411933352225,21.705669989165212,22.20013426602789,19.603065011021958,18.990924943569095,20.034337590266233,19.391277682020398,19.70582532883504,19.93040645732779,21.09365617187682,1.0,1.0,1.0,1.0,1.0,1.0,1.0,1.0,1.0,1.0
216.0,1.0,20.58746442190918,20.056242578389572,18.907966793837584,18.93427645724565,18.550979196019153,19.03698983453644,19.221005840409273,17.778968474694278,18.094143367026593,17.54879887703846,1.0,1.0,1.0,1.0,1.0,1.0,1.0,1.0,1.0,1.0
216.25,2.0,0.0,0.0,0.0,0.0,0.0,0.0,0.0,0.0,0.0,0.0,0.0,0.0,0.0,0.0,0.0,0.0,0.0,0.0,0.0,0.0
216.5,3.0,20.69431135556856,21.02844150666301,20.214408168549102,19.93194415862316,19.55814285900668,20.207214137989997,20.231916385902274,19.615830323923035,20.7565618175349,20.467268614983112,1.0,1.0,1.0,1.0,1.0,1.0,1.0,1.0,1.0,1.0
216.75,4.0,22.20949553767986,21.806665997847983,20.724760566140667,19.59325761543674,18.787152142013092,19.625811361366207,20.068117985574982,20.7090864263741,20.54165251793772,21.046334352305742,1.0,1.0,1.0,1.0,1.0,1.0,1.0,1.0,1.0,1.0
217.0,1.0,20.95949573001388,19.907077840623266,19.07122568789524,18.69724912060511,19.656839824153472,19.814724269566536,19.79672301618722,17.691492257076533,17.10451123933982,16.702832589550425,1.0,1.0,1.0,1.0,1.0,1.0,1.0,1.0,1.0,1.0
217.25,2.0,19.683629267476892,19.8270312076814,18.86696398016759,19.15493478420637,19.121513209834912,18.843191587603062,18.861843084645677,18.7683151456588,18.1801987911164,18.068199149101495,1.0,1.0,1.0,1.0,1.0,1.0,1.0,1.0,1.0,1.0
217.5,3.0,0.0,0.0,0.0,0.0,0.0,0.0,0.0,0.0,0.0,0.0,0.0,0.0,0.0,0.0,0.0,0.0,0.0,0.0,0.0,0.0
217.75,4.0,22.03003874001595,21.52168578166074,20.42540937259429,20.4298568743396,21.000713640441955,21.170718880399523,21.835904162529946,20.855052602943054,20.9391567370142,20.914177063849827,1.0,1.0,1.0,1.0,1.0,1.0,1.0,1.0,1.0,1.0
218.0,1.0,20.03139384632337,19.992321201185053,19.001536555725636,19.334262456769714,19.177720836587444,19.915763729312975,19.234322179009965,17.80239197997014,17.240927756170745,16.605090849727407,1.0,1.0,1.0,1.0,1.0,1.0,1.0,1.0,1.0,1.0
218.25,2.0,0.0,0.0,0.0,0.0,0.0,0.0,0.0,0.0,0.0,0.0,0.0,0.0,0.0,0.0,0.0,0.0,0.0,0.0,0.0,0.0
218.5,3.0,19.179000636585577,19.130017061866532,18.6147918186197,19.225547184247716,19.297508344685742,20.077654146951904,20.607100043758184,19.430793100644387,20.552914827753956,19.994642596419517,1.0,1.0,1.0,1.0,1.0,1.0,1.0,1.0,1.0,1.0
218.75,4.0,21.652188109008804,20.64377257403201,20.636810068081754,20.72724237902748,21.42499043199219,20.79900475392006,20.93410591943066,20.424761987196984,20.42550685283759,20.927604159610752,1.0,1.0,1.0,1.0,1.0,1.0,1.0,1.0,1.0,1.0
219.0,1.0,0.0,0.0,0.0,0.0,0.0,0.0,0.0,0.0,0.0,0.0,0.0,0.0,0.0,0.0,0.0,0.0,0.0,0.0,0.0,0.0
219.25,2.0,0.0,0.0,0.0,0.0,0.0,0.0,0.0,0.0,0.0,0.0,0.0,0.0,0.0,0.0,0.0,0.0,0.0,0.0,0.0,0.0
219.5,3.0,18.76327796328061,18.536650840211514,19.573959818851044,20.313813221922754,20.69724996725382,21.21924219655034,20.77986099329462,20.21208420688276,20.782474383403603,20.392901600275533,1.0,1.0,1.0,1.0,1.0,1.0,1.0,1.0,1.0,1.0
219.75,4.0,0.0,0.0,0.0,0.0,0.0,0.0,0.0,0.0,0.0,0.0,0.0,0.0,0.0,0.0,0.0,0.0,0.0,0.0,0.0,0.0
220.0,1.0,20.225664018179003,20.37988873177985,18.99638445995457,18.186368960100236,18.341142406660076,18.990563954890895,18.30709442916968,18.09789281348907,17.65195795514369,17.080962452065048,1.0,1.0,1.0,1.0,1.0,1.0,1.0,1.0,1.0,1.0
220.25,2.0,20.027692730277906,19.25993254183446,20.599805250424954,20.09477381735381,20.90508673120005,20.212309712623554,20.365916162613967,20.518678755733468,20.598300266069078,18.392129983226166,1.0,1.0,1.0,1.0,1.0,1.0,1.0,1.0,1.0,1.0
220.5,3.0,0.0,0.0,0.0,0.0,0.0,0.0,0.0,0.0,0.0,0.0,0.0,0.0,0.0,0.0,0.0,0.0,0.0,0.0,0.0,0.0
220.75,4.0,20.922177480141954,20.745532093310416,20.21858687126265,21.10725106958169,21.16483797921459,20.58732281022649,21.225922172491707,20.518273690647614,20.677347861399234,20.94991257700307,1.0,1.0,1.0,1.0,1.0,1.0,1.0,1.0,1.0,1.0
221.0,1.0,20.411197071351125,21.15226012298515,18.483462056171756,18.298390640058,19.29657849390061,18.764824664405218,18.877615838807134,18.574857112899736,17.789435758246217,17.022650300302853,1.0,1.0,1.0,1.0,1.0,1.0,1.0,1.0,1.0,1.0
221.25,2.0,0.0,0.0,0.0,0.0,0.0,0.0,0.0,0.0,0.0,0.0,0.0,0.0,0.0,0.0,0.0,0.0,0.0,0.0,0.0,0.0
221.5,3.0,19.37233657803801,20.24660569967409,23.483073162675037,22.242567142092962,21.519623630813257,22.290305224436505,21.683376510397753,21.28158795666038,21.449591547509403,21.529276721876432,1.0,1.0,1.0,1.0,1.0,1.0,1.0,1.0,1.0,1.0
221.75,4.0,20.48084859921366,20.80729808248999,21.399501832144654,21.32215350908682,21.386245991077875,20.159761878970393,21.583943808020464,20.84227194632935,20.606841181532186,20.924185973803716,1.0,1.0,1.0,1.0,1.0,1.0,1.0,1.0,1.0,1.0
222.0,1.0,0.0,0.0,0.0,0.0,0.0,0.0,0.0,0.0,0.0,0.0,0.0,0.0,0.0,0.0,0.0,0.0,0.0,0.0,0.0,0.0
222.25,2.0,18.820800715368488,18.98724760623453,18.8701634807274,20.270771553196813,21.97396909928301,21.21858137609583,20.482762092660874,19.174336814949868,18.067461581417618,16.79786278149984,1.0,1.0,1.0,1.0,1.0,1.0,1.0,1.0,1.0,1.0
222.5,3.0,0.0,0.0,0.0,0.0,0.0,0.0,0.0,0.0,0.0,0.0,0.0,0.0,0.0,0.0,0.0,0.0,0.0,0.0,0.0,0.0
222.75,4.0,0.0,0.0,0.0,0.0,0.0,0.0,0.0,0.0,0.0,0.0,0.0,0.0,0.0,0.0,0.0,0.0,0.0,0.0,0.0,0.0
223.0,1.0,20.33132990531817,19.925206738479478,19.595700517440036,18.847169071435687,17.950950872506244,18.312019232255928,18.10962559572457,17.807534858445887,17.268096324646333,17.826952273152234,1.0,1.0,1.0,1.0,1.0,1.0,1.0,1.0,1.0,1.0
223.25,2.0,18.06579661997133,18.817152588955956,19.258368004441632,20.674894484027025,21.481877642566626,19.956169648196138,19.665006757479503,18.938664974566528,17.92472440243409,16.093221464557125,1.0,1.0,1.0,1.0,1.0,1.0,1.0,1.0,1.0,1.0
223.5,3.0,0.0,0.0,0.0,0.0,0.0,0.0,0.0,0.0,0.0,0.0,0.0,0.0,0.0,0.0,0.0,0.0,0.0,0.0,0.0,0.0
223.75,4.0,21.61294347104063,23.25933572934363,22.05836179148833,19.92274725735915,18.657699992094923,18.213413563389675,21.174900328751914,20.017696823710473,19.682730524972428,21.74647127214935,1.0,1.0,1.0,1.0,1.0,1.0,1.0,1.0,1.0,1.0
224.0,1.0,21.3549227210719,21.22837207967987,19.8319428027026,17.62841544303522,17.739123164224534,18.139382937789687,17.367334028769655,17.008330348202858,16.605704182502166,17.1797356077633,1.0,1.0,1.0,1.0,1.0,1.0,1.0,1.0,1.0,1.0
224.25,2.0,0.0,0.0,0.0,0.0,0.0,0.0,0.0,0.0,0.0,0.0,0.0,0.0,0.0,0.0,0.0,0.0,0.0,0.0,0.0,0.0
224.5,3.0,21.189812207313597,23.09251624531001,23.19475187474083,22.64151182964875,22.95957850494156,22.105339454577344,21.65128250199443,20.147690402898995,20.49444965080155,20.629986180352468,1.0,1.0,1.0,1.0,1.0,1.0,1.0,1.0,1.0,1.0
224.75,4.0,21.948132380677954,21.902109342149757,20.899266470575775,19.26433632263265,17.752951938252217,17.693568110736493,19.947321661441503,20.158631156695698,20.15395992567159,21.310554471334765,1.0,1.0,1.0,1.0,1.0,1.0,1.0,1.0,1.0,1.0
225.0,1.0,21.048518696148342,20.91676172130828,19.330926896526506,17.940847567838617,17.721599172500866,17.09500883993977,16.716690092859405,17.211427084847045,17.619460035279946,17.60245728706352,1.0,1.0,1.0,1.0,1.0,1.0,1.0,1.0,1.0,1.0
225.25,2.0,18.963986171797796,19.960479720609513,19.105359655015235,18.777931038263233,19.4141821422686,17.943905730271865,17.660544058876724,16.393722311712086,15.450125582624157,14.995101801646054,1.0,1.0,1.0,1.0,1.0,1.0,1.0,1.0,1.0,1.0
225.5,3.0,0.0,0.0,0.0,0.0,0.0,0.0,0.0,0.0,0.0,0.0,0.0,0.0,0.0,0.0,0.0,0.0,0.0,0.0,0.0,0.0
225.75,4.0,21.997782225561473,21.93959668605149,20.63742429183368,20.449816579797925,18.72080329071641,18.332696832968647,20.25471182154194,21.27436297965208,21.496734961288848,23.049196173490717,1.0,1.0,1.0,1.0,1.0,1.0,1.0,1.0,1.0,1.0
226.0,1.0,20.9004377598926,21.106189827598623,19.41507236863559,17.736698675009553,17.191965338655383,16.943792495141498,16.568514763827277,16.70324294592555,16.665311385554165,17.26558040361703,1.0,1.0,1.0,1.0,1.0,1.0,1.0,1.0,1.0,1.0
226.25,2.0,0.0,0.0,0.0,0.0,0.0,0.0,0.0,0.0,0.0,0.0,0.0,0.0,0.0,0.0,0.0,0.0,0.0,0.0,0.0,0.0
226.5,3.0,21.357561234878418,22.805516868505414,21.81364014856374,22.19440318008105,22.130594925645273,22.327337969134256,21.77303757082248,20.773184478350892,20.262996793900996,20.616496822780437,1.0,1.0,1.0,1.0,1.0,1.0,1.0,1.0,1.0,1.0
226.75,4.0,22.00933720274705,21.817170773513638,21.148368477308374,20.27609551025411,19.922661542803436,19.20141947273288,20.56266275240839,21.51022489389578,21.337390645609222,23.236939744101093,1.0,1.0,1.0,1.0,1.0,1.0,1.0,1.0,1.0,1.0
227.0,1.0,0.0,0.0,0.0,0.0,0.0,0.0,0.0,0.0,0.0,0.0,0.0,0.0,0.0,0.0,0.0,0.0,0.0,0.0,0.0,0.0
227.25,2.0,0.0,0.0,0.0,0.0,0.0,0.0,0.0,0.0,0.0,0.0,0.0,0.0,0.0,0.0,0.0,0.0,0.0,0.0,0.0,0.0
227.5,3.0,21.48509280816783,22.75287826034632,22.21572624932756,21.354864680586893,22.01356813906011,22.02099038756056,22.207218847949473,20.801154053318566,20.689140847420283,20.278917507593633,1.0,1.0,1.0,1.0,1.0,1.0,1.0,1.0,1.0,1.0
227.75,4.0,0.0,0.0,0.0,0.0,0.0,0.0,0.0,0.0,0.0,0.0,0.0,0.0,0.0,0.0,0.0,0.0,0.0,0.0,0.0,0.0
228.0,1.0,19.986844794404767,20.298367088041,20.382896025051497,18.762378500103193,17.894622055396812,18.59639540332386,18.19142312809734,18.36272759629808,18.5330948141741,19.061134275543605,1.0,1.0,1.0,1.0,1.0,1.0,1.0,1.0,1.0,1.0
228.25,2.0,20.137915443791197,19.125248152539463,17.87092973380635,17.43200327898047,17.075986081119478,16.17524583122418,17.68570782773737,17.11844284986117,17.923929648334166,18.346799412125943,1.0,1.0,1.0,1.0,1.0,1.0,1.0,1.0,1.0,1.0
228.5,3.0,0.0,0.0,0.0,0.0,0.0,0.0,0.0,0.0,0.0,0.0,0.0,0.0,0.0,0.0,0.0,0.0,0.0,0.0,0.0,0.0
228.75,4.0,21.789924537512874,22.31781060609252,21.626411403183614,20.18041327315033,19.33828353724253,20.102308725682644,21.906882073954314,22.85784015260386,23.992617567930004,23.028342127759874,1.0,1.0,1.0,1.0,1.0,1.0,1.0,1.0,1.0,1.0
229.0,1.0,20.41829242884558,19.633344001563714,19.01824846270914,18.74549747772952,19.523923146374727,19.423894367192702,19.035195675690552,19.72831765294992,19.549140664066936,19.587683262201935,1.0,1.0,1.0,1.0,1.0,1.0,1.0,1.0,1.0,1.0
229.25,2.0,0.0,0.0,0.0,0.0,0.0,0.0,0.0,0.0,0.0,0.0,0.0,0.0,0.0,0.0,0.0,0.0,0.0,0.0,0.0,0.0
229.5,3.0,21.229862983298577,22.088132479292153,23.212955277302868,22.842562092937953,21.01568098682104,20.779151359950397,20.089198499239593,19.533708859794903,19.262912787386114,19.161694860082015,1.0,1.0,1.0,1.0,1.0,1.0,1.0,1.0,1.0,1.0
229.75,4.0,21.556984985373695,21.868633361387815,22.109297534037317,20.67682478389523,22.223182516289565,22.773345767778782,24.162815674154363,23.80001730378515,23.989208686310032,23.711506931408636,1.0,1.0,1.0,1.0,1.0,1.0,1.0,1.0,1.0,1.0
230.0,1.0,0.0,0.0,0.0,0.0,0.0,0.0,0.0,0.0,0.0,0.0,0.0,0.0,0.0,0.0,0.0,0.0,0.0,0.0,0.0,0.0
230.25,2.0,19.2523476456709,18.274389655656577,17.852350695098703,17.27805906967842,16.39891555591634,15.837190429863245,16.39584160582448,17.84534688647045,18.239070416561812,18.652094439006156,1.0,1.0,1.0,1.0,1.0,1.0,1.0,1.0,1.0,1.0
230.5,3.0,0.0,0.0,0.0,0.0,0.0,0.0,0.0,0.0,0.0,0.0,0.0,0.0,0.0,0.0,0.0,0.0,0.0,0.0,0.0,0.0
230.75,4.0,0.0,0.0,0.0,0.0,0.0,0.0,0.0,0.0,0.0,0.0,0.0,0.0,0.0,0.0,0.0,0.0,0.0,0.0,0.0,0.0
231.0,1.0,19.540854515740907,19.12557097178405,19.6262895763395,20.024964359671,19.018500680855727,19.733825166424964,19.105005727005288,20.142630568083305,19.91101192904333,20.53864642624559,1.0,1.0,1.0,1.0,1.0,1.0,1.0,1.0,1.0,1.0
231.25,2.0,19.6849832438047,18.654691402055363,18.34065058270846,16.490544160863223,16.922527568643076,16.547782422045266,17.3598456896727,17.520886028653884,17.891638709624544,18.20235925114951,1.0,1.0,1.0,1.0,1.0,1.0,1.0,1.0,1.0,1.0
231.5,3.0,21.611506751848346,21.583223663638208,22.085651011726892,21.878393695884988,19.52648605286963,19.52205364599997,19.22704523567236,18.740118603461802,18.652040150391663,18.852650222887902,1.0,1.0,1.0,1.0,1.0,1.0,1.0,1.0,1.0,1.0
231.75,4.0,22.06980336259403,22.365763172718925,22.85036373741427,22.282236149271878,22.862049248090287,22.661095571856908,23.12988237837412,23.29570090795406,22.760537941183472,21.606647256132998,1.0,1.0,1.0,1.0,1.0,1.0,1.0,1.0,1.0,1.0
232.0,1.0,19.673034642904284,20.228902421829336,19.816842234036223,19.576694696961997,19.1206331390145,20.277068298305757,20.058523732798843,21.051174333041562,20.492473375850114,20.536931970724122,1.0,1.0,1.0,1.0,1.0,1.0,1.0,1.0,1.0,1.0
232.25,2.0,0.0,0.0,0.0,0.0,0.0,0.0,0.0,0.0,0.0,0.0,0.0,0.0,0.0,0.0,0.0,0.0,0.0,0.0,0.0,0.0
232.5,3.0,21.780323965408396,20.7377595614051,20.900098063342337,20.898302796628467,19.829065553677,19.03547184550428,17.967539456812993,16.719303786846766,17.571133806985163,17.082034643717716,1.0,1.0,1.0,1.0,1.0,1.0,1.0,1.0,1.0,1.0
232.75,4.0,22.02056793294466,22.263992575228464,21.81308190587857,21.45614663995275,22.474051873092172,22.758698876834476,22.633993944452953,22.19257418224136,21.033224912877714,20.08530832813066,1.0,1.0,1.0,1.0,1.0,1.0,1.0,1.0,1.0,1.0
233.0,1.0,20.292333524106375,19.92886864530266,18.493034820432232,18.19881593701188,18.618855949949683,20.551474336062846,21.35438803228083,21.07528199067551,21.471474601618436,20.980394775318253,1.0,1.0,1.0,1.0,1.0,1.0,1.0,1.0,1.0,1.0
233.25,2.0,19.022048931898986,18.596413739582516,18.4398375888878,17.089279664252384,18.061422643734627,19.516281731866506,20.608066835893514,20.354665097408724,20.843895508642998,19.936077718298826,1.0,1.0,1.0,1.0,1.0,1.0,1.0,1.0,1.0,1.0
233.5,3.0,0.0,0.0,0.0,0.0,0.0,0.0,0.0,0.0,0.0,0.0,0.0,0.0,0.0,0.0,0.0,0.0,0.0,0.0,0.0,0.0
233.75,4.0,21.705440805314204,22.46999494973436,22.291223823209904,21.934537018032398,23.191400306586498,22.47252158216116,20.54561502440434,20.135946929183806,19.411837251944558,18.92673841898058,1.0,1.0,1.0,1.0,1.0,1.0,1.0,1.0,1.0,1.0
234.0,1.0,20.883932315515615,18.664903871935525,18.28222271930532,19.583120616554687,20.489354373615523,20.977441499137743,20.99420516794901,21.1152321688595,21.12803817580822,20.588739673912748,1.0,1.0,1.0,1.0,1.0,1.0,1.0,1.0,1.0,1.0
234.25,2.0,0.0,0.0,0.0,0.0,0.0,0.0,0.0,0.0,0.0,0.0,0.0,0.0,0.0,0.0,0.0,0.0,0.0,0.0,0.0,0.0
234.5,3.0,21.44437018960413,20.86241993322401,20.460741952885524,20.323890059238675,20.185386510600647,19.224123980486787,17.91249830668507,17.393447561062043,17.598130894363397,16.72655840736617,1.0,1.0,1.0,1.0,1.0,1.0,1.0,1.0,1.0,1.0
234.75,4.0,21.63281352116359,21.886680065992188,22.202331533424346,23.35637016533699,22.398994851398506,21.427483548892823,20.95300954869884,20.365851908677158,20.135662303621437,19.13995809781881,1.0,1.0,1.0,1.0,1.0,1.0,1.0,1.0,1.0,1.0
235.0,1.0,0.0,0.0,0.0,0.0,0.0,0.0,0.0,0.0,0.0,0.0,0.0,0.0,0.0,0.0,0.0,0.0,0.0,0.0,0.0,0.0
235.25,2.0,0.0,0.0,0.0,0.0,0.0,0.0,0.0,0.0,0.0,0.0,0.0,0.0,0.0,0.0,0.0,0.0,0.0,0.0,0.0,0.0
235.5,3.0,22.689589830302133,21.486867716054604,20.517556970605312,19.50099360309484,17.922466471085187,18.528203298693647,17.467336106775022,17.722054252406082,16.8494303921087,15.754399677664155,1.0,1.0,1.0,1.0,1.0,1.0,1.0,1.0,1.0,1.0
235.75,4.0,0.0,0.0,0.0,0.0,0.0,0.0,0.0,0.0,0.0,0.0,0.0,0.0,0.0,0.0,0.0,0.0,0.0,0.0,0.0,0.0
236.0,1.0,18.695992943538396,18.658072522483202,20.117160062753715,20.061679660462428,20.71631547307086,21.62204988239094,20.710807546322744,20.88278371114685,19.759357885420407,19.451153728911585,1.0,1.0,1.0,1.0,1.0,1.0,1.0,1.0,1.0,1.0
236.25,2.0,20.73867602210194,19.508338912394674,20.23737757800565,20.90877108554781,20.48158920998434,19.80719636831314,19.197404943356073,18.664664564702644,17.94073940837348,17.51368524257135,1.0,1.0,1.0,1.0,1.0,1.0,1.0,1.0,1.0,1.0
236.5,3.0,0.0,0.0,0.0,0.0,0.0,0.0,0.0,0.0,0.0,0.0,0.0,0.0,0.0,0.0,0.0,0.0,0.0,0.0,0.0,0.0
236.75,4.0,21.360530229675312,21.126154515745398,23.302921706027576,22.371125957171582,20.794634071814446,20.173437305614534,20.755509322504672,21.2401381312415,21.585244572640796,21.76973867877216,1.0,1.0,1.0,1.0,1.0,1.0,1.0,1.0,1.0,1.0
237.0,1.0,18.4187539958307,18.63695745473897,20.60893161184179,20.65372854966149,20.524628060573402,20.885129376857684,19.818946140533345,19.821616716128357,20.14796889617351,18.837006466427802,1.0,1.0,1.0,1.0,1.0,1.0,1.0,1.0,1.0,1.0
237.25,2.0,0.0,0.0,0.0,0.0,0.0,0.0,0.0,0.0,0.0,0.0,0.0,0.0,0.0,0.0,0.0,0.0,0.0,0.0,0.0,0.0
237.5,3.0,21.499612683626705,21.05588213634268,19.72166365159673,18.681461025032018,17.299564697882783,17.446370987785446,15.999698788556163,15.445471758006343,16.222870262884715,16.73785893043957,1.0,1.0,1.0,1.0,1.0,1.0,1.0,1.0,1.0,1.0
237.75,4.0,22.740740473098562,22.250762179684383,21.944422011818965,21.987373294554022,21.03518522103679,21.00175047763457,21.20230482753453,21.704624976268192,21.30472338320401,22.075471588971237,1.0,1.0,1.0,1.0,1.0,1.0,1.0,1.0,1.0,1.0
238.0,1.0,0.0,0.0,0.0,0.0,0.0,0.0,0.0,0.0,0.0,0.0,0.0,0.0,0.0,0.0,0.0,0.0,0.0,0.0,0.0,0.0
238.25,2.0,21.203701393855216,19.62195826981619,21.558297458741873,21.58076401988868,20.92991181756898,19.77773194142007,19.680716438477223,18.344598197849578,18.146492484913562,18.125824393603438,1.0,1.0,1.0,1.0,1.0,1.0,1.0,1.0,1.0,1.0
238.5,3.0,0.0,0.0,0.0,0.0,0.0,0.0,0.0,0.0,0.0,0.0,0.0,0.0,0.0,0.0,0.0,0.0,0.0,0.0,0.0,0.0
238.75,4.0,0.0,0.0,0.0,0.0,0.0,0.0,0.0,0.0,0.0,0.0,0.0,0.0,0.0,0.0,0.0,0.0,0.0,0.0,0.0,0.0
239.0,1.0,18.908416520233594,18.986136391415563,20.874625722068505,19.623792015968068,19.351549107061587,19.78972909535752,19.809244242801913,20.629104066713246,20.66245757951509,20.489197391858596,1.0,1.0,1.0,1.0,1.0,1.0,1.0,1.0,1.0,1.0
239.25,2.0,20.663403530944052,21.433442619874377,21.758865847651922,21.89308221830154,20.896252215332556,18.868273129569502,17.395958195415005,17.4027150251833,17.46870277597698,17.537992918042015,1.0,1.0,1.0,1.0,1.0,1.0,1.0,1.0,1.0,1.0
239.5,3.0,20.265756883212884,19.166399339170216,18.92461503418936,18.109705185337187,17.04161320498144,16.64187066697334,15.895444459004601,16.55699919823089,17.515134406424448,18.384540103861777,1.0,1.0,1.0,1.0,1.0,1.0,1.0,1.0,1.0,1.0
239.75,4.0,21.847903226016413,20.226448200080267,21.393948286713915,21.77568374636834,21.70561767212844,20.978302907698602,21.768885324451794,21.16207066295124,19.514644051242616,19.39016376378094,1.0,1.0,1.0,1.0,1.0,1.0,1.0,1.0,1.0,1.0
240.0,1.0,20.502451125617277,20.166876668689593,21.265570678281172,20.29180434021949,19.133921944060994,19.667681945122805,19.59789654365707,20.822328639110726,20.865148779277334,20.599370197425202,1.0,1.0,1.0,1.0,1.0,1.0,1.0,1.0,1.0,1.0
240.25,2.0,0.0,0.0,0.0,0.0,0.0,0.0,0.0,0.0,0.0,0.0,0.0,0.0,0.0,0.0,0.0,0.0,0.0,0.0,0.0,0.0
240.5,3.0,20.197504583202427,18.3283630642474,19.653047051763394,19.0940541978991,17.414741624800033,16.96282744848178,17.499806343638802,17.57220751553959,18.566361196401427,19.940198062284125,1.0,1.0,1.0,1.0,1.0,1.0,1.0,1.0,1.0,1.0
240.75,4.0,21.429586970246003,20.692295839050153,20.353347654605194,21.51670817907413,21.39442851064597,20.93246725912569,21.690501783898892,20.995826870456362,18.890043463536717,18.915454452958585,1.0,1.0,1.0,1.0,1.0,1.0,1.0,1.0,1.0,1.0
241.0,1.0,20.95719464008972,21.095048485392848,21.54959895569711,20.931237108068835,21.066081209504773,21.46373176318759,20.53782671852303,20.020344356301198,20.74245172976575,20.291309036558214,1.0,1.0,1.0,1.0,1.0,1.0,1.0,1.0,1.0,1.0
241.25,2.0,22.35461810129618,21.580045008158926,20.514748976958206,19.58501238239045,18.51591396273024,17.90801597633008,17.687264596717856,17.775818114265483,17.710360976808758,18.062475176095887,1.0,1.0,1.0,1.0,1.0,1.0,1.0,1.0,1.0,1.0
241.5,3.0,0.0,0.0,0.0,0.0,0.0,0.0,0.0,0.0,0.0,0.0,0.0,0.0,0.0,0.0,0.0,0.0,0.0,0.0,0.0,0.0
241.75,4.0,21.61217496132387,20.24862031621164,19.949945052448474,21.42623457186168,20.656262493957257,20.849862702390244,21.60395412958326,18.915635172199153,18.21597972555052,18.839692308390394,1.0,1.0,1.0,1.0,1.0,1.0,1.0,1.0,1.0,1.0
242.0,1.0,21.72536324414779,21.25280331300207,21.377557981204575,22.841042605570717,22.28697461537624,22.34169509884521,21.471312031624624,21.195786465595575,20.428284399118574,20.74237034762902,1.0,1.0,1.0,1.0,1.0,1.0,1.0,1.0,1.0,1.0
242.25,2.0,0.0,0.0,0.0,0.0,0.0,0.0,0.0,0.0,0.0,0.0,0.0,0.0,0.0,0.0,0.0,0.0,0.0,0.0,0.0,0.0
242.5,3.0,20.483632706001636,17.889511102348138,19.60022976687984,19.145591276781865,18.359615826137578,17.884197173225296,18.711746752873573,18.13601296034031,18.42360115285171,19.739826913919735,1.0,1.0,1.0,1.0,1.0,1.0,1.0,1.0,1.0,1.0
242.75,4.0,19.70366447757326,20.046433064563487,20.714034410357865,21.441008768670855,19.714055872023216,19.968936413734358,20.043751568922552,18.692251087119693,18.098368719935273,17.95189402851971,1.0,1.0,1.0,1.0,1.0,1.0,1.0,1.0,1.0,1.0
243.0,1.0,0.0,0.0,0.0,0.0,0.0,0.0,0.0,0.0,0.0,0.0,0.0,0.0,0.0,0.0,0.0,0.0,0.0,0.0,0.0,0.0
243.25,2.0,21.782166866906636,19.620858556440425,18.491386668164914,18.560296912219677,17.34332902781089,17.968618719861706,17.81324567134109,17.547338040139504,19.112390346720645,19.28895275791461,1.0,1.0,1.0,1.0,1.0,1.0,1.0,1.0,1.0,1.0
243.5,3.0,20.542797489799096,18.188241386145478,19.444184272594516,18.08250508428031,18.38472618625078,17.876015771327356,18.16140917756781,17.46300106956014,17.380908058594432,18.651208983144503,1.0,1.0,1.0,1.0,1.0,1.0,1.0,1.0,1.0,1.0
243.75,4.0,0.0,0.0,0.0,0.0,0.0,0.0,0.0,0.0,0.0,0.0,0.0,0.0,0.0,0.0,0.0,0.0,0.0,0.0,0.0,0.0
244.0,1.0,22.027706465131452,21.623960182702845,22.65280585761199,22.85728587064632,20.884795866519777,21.15572268054764,20.08855763757701,20.735540917148064,20.527807190503864,20.52508969297957,1.0,1.0,1.0,1.0,1.0,1.0,1.0,1.0,1.0,1.0
244.25,2.0,20.77278093108335,17.752255374025285,17.947078178436584,19.562036407489014,19.521066538640607,19.648259363783,19.037963198719652,18.631413491372417,19.356878242406122,18.756346716261547,1.0,1.0,1.0,1.0,1.0,1.0,1.0,1.0,1.0,1.0
244.5,3.0,0.0,0.0,0.0,0.0,0.0,0.0,0.0,0.0,0.0,0.0,0.0,0.0,0.0,0.0,0.0,0.0,0.0,0.0,0.0,0.0
244.75,4.0,20.27973309135855,19.248198549374187,18.72830475424625,18.90180812926345,18.582050577387687,18.93902567186441,19.428341639880806,18.000352378213375,18.56308033375674,18.144035100333532,1.0,1.0,1.0,1.0,1.0,1.0,1.0,1.0,1.0,1.0
245.0,1.0,21.719901972479846,21.37372676695783,21.814894230966438,20.128493262068215,20.207136949422676,20.566629486863157,20.73630612012514,20.50680872178153,20.247276493941996,19.913207363691843,1.0,1.0,1.0,1.0,1.0,1.0,1.0,1.0,1.0,1.0
245.25,2.0,0.0,0.0,0.0,0.0,0.0,0.0,0.0,0.0,0.0,0.0,0.0,0.0,0.0,0.0,0.0,0.0,0.0,0.0,0.0,0.0
245.5,3.0,19.640275640546015,19.48453444885446,19.520169548851225,17.68543755264828,16.503287632182037,17.31223253034418,17.0002953808212,17.702648893599576,18.311253263663875,18.695158730548247,1.0,1.0,1.0,1.0,1.0,1.0,1.0,1.0,1.0,1.0
245.75,4.0,19.1463936142988,18.120521160228424,16.902368638729353,19.262714347557633,19.506998487511762,19.798811614006276,19.570913294304685,18.022227847048665,18.306515190490334,18.145827773292204,1.0,1.0,1.0,1.0,1.0,1.0,1.0,1.0,1.0,1.0
246.0,1.0,21.20846425269736,20.77665388728156,20.995801071230627,20.2739709746429,20.873230138745676,22.00926911851832,21.253193243286177,20.625341697454566,20.59488371454393,20.884753307578947,1.0,1.0,1.0,1.0,1.0,1.0,1.0,1.0,1.0,1.0
246.25,2.0,20.397962456990953,17.976041507626753,19.268130649710645,20.907115337569383,19.86618240750617,20.345424740287644,18.16800430727924,17.305743525557915,18.19026100305861,17.740939261619722,1.0,1.0,1.0,1.0,1.0,1.0,1.0,1.0,1.0,1.0
246.5,3.0,0.0,0.0,0.0,0.0,0.0,0.0,0.0,0.0,0.0,0.0,0.0,0.0,0.0,0.0,0.0,0.0,0.0,0.0,0.0,0.0
246.75,4.0,18.463115831732317,17.681711672090525,16.93185160843212,18.967739245029335,18.478791745874435,19.506066533258892,18.52137874183349,18.758597401510684,18.75486803242921,19.679162779828072,1.0,1.0,1.0,1.0,1.0,1.0,1.0,1.0,1.0,1.0
247.0,1.0,20.907690787604622,20.32978121321549,20.33337081560252,20.986972359469448,21.043446766924546,21.47629135585039,21.12065039571318,20.640419334120534,20.920577629932467,20.73652352137526,1.0,1.0,1.0,1.0,1.0,1.0,1.0,1.0,1.0,1.0
247.25,2.0,20.320567390139374,18.104882175040235,18.880586067032812,21.08788284237901,19.641281041408096,19.72014827998873,17.909240516001553,17.175867526868707,17.66044152655772,17.39375631982186,1.0,1.0,1.0,1.0,1.0,1.0,1.0,1.0,1.0,1.0
247.5,3.0,19.8035406948828,18.708961039668417,18.41162487690666,17.34997934081357,18.320654699415048,18.21940025816552,18.355585397503106,18.67342530041331,18.268325502592788,17.352903769378006,1.0,1.0,1.0,1.0,1.0,1.0,1.0,1.0,1.0,1.0
247.75,4.0,18.146355955375796,18.150365706483854,18.23271707390178,19.31327947967434,18.315042003985102,19.153782306318995,19.844760657776117,19.47353335631853,19.334953552973193,20.668500830148005,1.0,1.0,1.0,1.0,1.0,1.0,1.0,1.0,1.0,1.0
248.0,1.0,0.0,0.0,0.0,0.0,0.0,0.0,0.0,0.0,0.0,0.0,0.0,0.0,0.0,0.0,0.0,0.0,0.0,0.0,0.0,0.0
248.25,2.0,0.0,0.0,0.0,0.0,0.0,0.0,0.0,0.0,0.0,0.0,0.0,0.0,0.0,0.0,0.0,0.0,0.0,0.0,0.0,0.0
248.5,3.0,20.046680351118955,18.412204421267315,19.297452817558465,17.65486518254755,18.10931278032726,18.51694293486859,18.84423589431736,17.61106223318521,16.545268925629845,15.785087094770848,1.0,1.0,1.0,1.0,1.0,1.0,1.0,1.0,1.0,1.0
248.75,4.0,18.356266050714268,18.635448759009094,20.115124920468986,20.12443681231167,18.692006675659083,19.613076228849422,20.458296322719963,20.625479361532538,20.446585018519272,21.063043696557287,1.0,1.0,1.0,1.0,1.0,1.0,1.0,1.0,1.0,1.0
249.0,1.0,18.10428650479237,19.457733500151836,19.7414720488236,18.386810812417725,19.884752386516457,19.284138415336905,19.638126937419404,19.890221736135267,20.788938268317157,20.846278913918617,1.0,1.0,1.0,1.0,1.0,1.0,1.0,1.0,1.0,1.0
249.25,2.0,19.607027336597756,16.666821194857206,18.559952524978137,19.306078079887932,18.813423230711585,19.778821808990713,19.201682206461875,18.40128730794588,19.604993517728108,20.072899141921592,1.0,1.0,1.0,1.0,1.0,1.0,1.0,1.0,1.0,1.0
249.5,3.0,0.0,0.0,0.0,0.0,0.0,0.0,0.0,0.0,0.0,0.0,0.0,0.0,0.0,0.0,0.0,0.0,0.0,0.0,0.0,0.0
249.75,4.0,18.784582632139056,19.462041335588662,20.25937396854911,19.69481895881166,18.627455910276712,19.580860341755766,20.42774783508633,21.327082069273295,22.20398006160954,22.897538936172435,1.0,1.0,1.0,1.0,1.0,1.0,1.0,1.0,1.0,1.0
250.0,1.0,18.217314405971127,19.893716220752555,18.3984430832882,18.654088106977042,19.642135296765872,19.589055375722587,20.572183256276926,20.72640776295248,21.655518045963714,21.38481107098758,1.0,1.0,1.0,1.0,1.0,1.0,1.0,1.0,1.0,1.0
250.25,2.0,0.0,0.0,0.0,0.0,0.0,0.0,0.0,0.0,0.0,0.0,0.0,0.0,0.0,0.0,0.0,0.0,0.0,0.0,0.0,0.0
250.5,3.0,20.88316307458102,19.522133253707395,19.86266756606038,18.813719657997158,18.58369114471813,18.315408783682866,18.68416549088107,17.79116158215732,18.418464748288326,17.497639329091818,1.0,1.0,1.0,1.0,1.0,1.0,1.0,1.0,1.0,1.0
250.75,4.0,20.07579237244949,19.83605131867204,20.350520561231317,19.88537491095681,19.298377327843674,21.45952286181513,21.106611261310345,22.232005275056025,22.019737724176945,22.63624238254896,1.0,1.0,1.0,1.0,1.0,1.0,1.0,1.0,1.0,1.0
251.0,1.0,0.0,0.0,0.0,0.0,0.0,0.0,0.0,0.0,0.0,0.0,0.0,0.0,0.0,0.0,0.0,0.0,0.0,0.0,0.0,0.0
251.25,2.0,20.389295181269215,20.339665238288866,18.99818842048385,19.209639401922164,19.853348373160635,19.48749058863886,19.47106979596924,18.589826973404016,18.279514016191285,18.84117349716252,1.0,1.0,1.0,1.0,1.0,1.0,1.0,1.0,1.0,1.0
251.5,3.0,20.49155332105976,19.670492762276854,19.622885169656385,18.95986445623268,19.765322275782008,19.783909222773953,19.291757500677434,19.120050732092764,18.11321258834361,17.54760143491301,1.0,1.0,1.0,1.0,1.0,1.0,1.0,1.0,1.0,1.0
251.75,4.0,0.0,0.0,0.0,0.0,0.0,0.0,0.0,0.0,0.0,0.0,0.0,0.0,0.0,0.0,0.0,0.0,0.0,0.0,0.0,0.0
252.0,1.0,18.460648475946545,19.769265211660812,19.07821416055291,17.79460983578223,18.887245902270266,19.159385244829558,19.463789242389876,19.41251951339973,20.12704980270125,20.024523617367578,1.0,1.0,1.0,1.0,1.0,1.0,1.0,1.0,1.0,1.0
252.25,2.0,20.6852933728084,18.863990553649014,18.38806220631584,19.28028005108374,19.485832520725435,18.400688946899084,19.342331676179818,17.569976723172775,17.86539671243731,17.614721503006457,1.0,1.0,1.0,1.0,1.0,1.0,1.0,1.0,1.0,1.0
252.5,3.0,0.0,0.0,0.0,0.0,0.0,0.0,0.0,0.0,0.0,0.0,0.0,0.0,0.0,0.0,0.0,0.0,0.0,0.0,0.0,0.0
252.75,4.0,19.278445052612227,19.250737454771382,18.94617646448886,20.763345075391047,19.35666222289622,20.046487944222022,20.640528397171288,20.436802006098414,20.700733920173857,20.362430982303902,1.0,1.0,1.0,1.0,1.0,1.0,1.0,1.0,1.0,1.0
253.0,1.0,18.589280267648498,19.018602231111824,18.496865438109477,17.10690888359168,18.00824201099259,18.991370352268184,19.233785294948568,18.989244875221313,19.098894560149997,19.841611638832962,1.0,1.0,1.0,1.0,1.0,1.0,1.0,1.0,1.0,1.0
253.25,2.0,0.0,0.0,0.0,0.0,0.0,0.0,0.0,0.0,0.0,0.0,0.0,0.0,0.0,0.0,0.0,0.0,0.0,0.0,0.0,0.0
253.5,3.0,19.656667957997,18.91039605042622,20.425351471434794,20.153895184270745,19.057518378354096,17.471568303036833,16.96846729146657,15.923611880241362,16.15790598868651,16.42790881854906,1.0,1.0,1.0,1.0,1.0,1.0,1.0,1.0,1.0,1.0
253.75,4.0,18.025140477273975,18.849805808833242,19.323190634927794,21.042139852185663,20.421038645257205,20.33523431788797,20.0753840299593,19.953515284377687,19.042440059885102,18.728346565998155,1.0,1.0,1.0,1.0,1.0,1.0,1.0,1.0,1.0,1.0
254.0,1.0,19.11841956562029,18.818866662913656,19.062512491840668,17.892730162790894,17.990323368214202,19.068412788107487,18.67919595010679,18.872433195967293,18.679612154405387,19.609935397058877,1.0,1.0,1.0,1.0,1.0,1.0,1.0,1.0,1.0,1.0
254.25,2.0,20.35195948365626,19.82567410968118,19.523754523276224,19.169501377907785,20.3936304668414,20.121120770256315,19.691181914534198,17.942002552093893,19.602710127818497,18.4633387842335,1.0,1.0,1.0,1.0,1.0,1.0,1.0,1.0,1.0,1.0
254.5,3.0,0.0,0.0,0.0,0.0,0.0,0.0,0.0,0.0,0.0,0.0,0.0,0.0,0.0,0.0,0.0,0.0,0.0,0.0,0.0,0.0
254.75,4.0,18.55343879761718,18.86488701228438,19.7149015576256,20.26722871090203,18.525339379804553,19.000069162869313,18.320106700722267,18.015376200321697,17.938540124962426,17.720592912082992,1.0,1.0,1.0,1.0,1.0,1.0,1.0,1.0,1.0,1.0
255.0,1.0,20.424874309194067,19.70818062017604,19.197010757970773,17.733551847261037,18.01107162796532,18.80353357911722,18.57379518545482,18.87993806180634,19.304607401229767,19.010853043340095,1.0,1.0,1.0,1.0,1.0,1.0,1.0,1.0,1.0,1.0
255.25,2.0,20.899688346107204,18.68192300121962,17.98689259955263,18.85374293409552,19.50331790917081,19.282062656978745,19.26841395215493,18.736266430236178,19.72021140024647,19.712009928673204,1.0,1.0,1.0,1.0,1.0,1.0,1.0,1.0,1.0,1.0
255.5,3.0,19.969163005240606,19.642507929418304,18.719845544751117,17.57625449152807,18.254690734938084,17.409509701293704,17.728386628126003,17.108758311834094,15.979388208518005,14.67187199822634,1.0,1.0,1.0,1.0,1.0,1.0,1.0,1.0,1.0,1.0
255.75,4.0,18.536410784694553,19.19220272896695,19.31742337618095,18.97210259285568,17.909213257343474,17.35718394439345,16.788387448937208,16.8113982826474,17.551015267676725,18.347869131554056,1.0,1.0,1.0,1.0,1.0,1.0,1.0,1.0,1.0,1.0
256.0,1.0,0.0,0.0,0.0,0.0,0.0,0.0,0.0,0.0,0.0,0.0,0.0,0.0,0.0,0.0,0.0,0.0,0.0,0.0,0.0,0.0
256.25,2.0,0.0,0.0,0.0,0.0,0.0,0.0,0.0,0.0,0.0,0.0,0.0,0.0,0.0,0.0,0.0,0.0,0.0,0.0,0.0,0.0
256.5,3.0,20.01381810294434,20.0372061925732,18.69449495524476,17.95020019218192,20.0324415815214,18.717933468885715,18.62802249764794,17.395941001079873,16.671971637236705,15.064978193065361,1.0,1.0,1.0,1.0,1.0,1.0,1.0,1.0,1.0,1.0
256.75,4.0,0.0,0.0,0.0,0.0,0.0,0.0,0.0,0.0,0.0,0.0,0.0,0.0,0.0,0.0,0.0,0.0,0.0,0.0,0.0,0.0
257.0,1.0,20.00956812605771,19.488986097763227,19.363775827051853,18.497712174553005,17.060979032408355,17.400275896153975,17.228654462347475,18.621227337196082,18.01148907635884,18.8972216123572,1.0,1.0,1.0,1.0,1.0,1.0,1.0,1.0,1.0,1.0
257.25,2.0,20.926129056510636,18.355254226875815,16.966978167748984,17.39847362316515,18.91946043384662,19.11239835177305,17.8794319674371,17.260029190525678,17.731601254971782,17.640827134367072,1.0,1.0,1.0,1.0,1.0,1.0,1.0,1.0,1.0,1.0
257.5,3.0,0.0,0.0,0.0,0.0,0.0,0.0,0.0,0.0,0.0,0.0,0.0,0.0,0.0,0.0,0.0,0.0,0.0,0.0,0.0,0.0
257.75,4.0,19.992059204997844,19.44451372028962,19.361736405265603,17.586157719977702,16.759493810910886,17.719859891941027,17.619232586497198,18.744410374047305,18.516506517454953,19.09025508061332,1.0,1.0,1.0,1.0,1.0,1.0,1.0,1.0,1.0,1.0
258.0,1.0,19.71482039237235,19.402262998339552,19.483156561805373,18.233815673649598,16.125782857491874,17.36842141817116,17.756828990329993,18.295037345304173,18.000969395727154,18.527346271527698,1.0,1.0,1.0,1.0,1.0,1.0,1.0,1.0,1.0,1.0
258.25,2.0,0.0,0.0,0.0,0.0,0.0,0.0,0.0,0.0,0.0,0.0,0.0,0.0,0.0,0.0,0.0,0.0,0.0,0.0,0.0,0.0
258.5,3.0,20.060353670978287,19.388407859908476,19.747400880615874,18.478847889456468,18.588827194114323,17.35951372594549,17.068946549566206,17.25002435069465,16.84429615285823,17.198413707512508,1.0,1.0,1.0,1.0,1.0,1.0,1.0,1.0,1.0,1.0
258.75,4.0,19.90947000579965,19.27422945737612,18.450064002185652,17.336049612923983,17.47975868643097,17.695329387896543,18.12117344825915,18.085792218926745,18.14125540022653,18.867709087749923,1.0,1.0,1.0,1.0,1.0,1.0,1.0,1.0,1.0,1.0
259.0,1.0,0.0,0.0,0.0,0.0,0.0,0.0,0.0,0.0,0.0,0.0,0.0,0.0,0.0,0.0,0.0,0.0,0.0,0.0,0.0,0.0
259.25,2.0,20.32672260339197,18.681478068877958,17.641376169472416,18.675981766806945,18.14257541743539,18.870212062085212,18.4492021202194,17.74614559192873,18.95280532699671,18.331295099168056,1.0,1.0,1.0,1.0,1.0,1.0,1.0,1.0,1.0,1.0
259.5,3.0,0.0,0.0,0.0,0.0,0.0,0.0,0.0,0.0,0.0,0.0,0.0,0.0,0.0,0.0,0.0,0.0,0.0,0.0,0.0,0.0
259.75,4.0,0.0,0.0,0.0,0.0,0.0,0.0,0.0,0.0,0.0,0.0,0.0,0.0,0.0,0.0,0.0,0.0,0.0,0.0,0.0,0.0
260.0,1.0,20.66374158801249,20.34962499651238,19.658544439071218,17.09832341913936,16.9084397553577,17.00299849308168,16.64564025514767,17.25051871953049,17.099369101020265,16.987391926583133,1.0,1.0,1.0,1.0,1.0,1.0,1.0,1.0,1.0,1.0
260.25,2.0,20.058296161682097,17.462558020164412,17.266631768522075,18.916932508978114,18.829958733937215,19.358592085167675,18.585659409404645,17.615625049207342,17.07323949341614,16.901240223219208,1.0,1.0,1.0,1.0,1.0,1.0,1.0,1.0,1.0,1.0
260.5,3.0,0.0,0.0,0.0,0.0,0.0,0.0,0.0,0.0,0.0,0.0,0.0,0.0,0.0,0.0,0.0,0.0,0.0,0.0,0.0,0.0
260.75,4.0,19.960969272092733,18.938989475190155,17.660235603388312,16.017532425629483,16.386585904757183,15.465299695620779,16.753896794320074,15.992310321103915,16.660577651281272,16.680116803225964,1.0,1.0,1.0,1.0,1.0,1.0,1.0,1.0,1.0,1.0
261.0,1.0,20.62017679884234,20.860877782254796,18.37503292024362,16.928374286267424,18.47380676549961,17.33598011004895,16.539258152755657,16.47675910826812,16.416789509363912,18.039804097620134,1.0,1.0,1.0,1.0,1.0,1.0,1.0,1.0,1.0,1.0
261.25,2.0,0.0,0.0,0.0,0.0,0.0,0.0,0.0,0.0,0.0,0.0,0.0,0.0,0.0,0.0,0.0,0.0,0.0,0.0,0.0,0.0
261.5,3.0,21.998268638451048,20.479808118147833,20.720119319827052,18.126967980167752,18.77023590250163,18.568827488214033,17.569860296919856,16.32333137817659,15.650862153536401,15.261614462241448,1.0,1.0,1.0,1.0,1.0,1.0,1.0,1.0,1.0,1.0
261.75,4.0,20.427272169263333,19.306969110518438,17.79906161004126,16.42851602254131,16.603020517555265,15.732657709544988,16.960516111490662,15.835716881281542,16.712303436566415,18.079609523023812,1.0,1.0,1.0,1.0,1.0,1.0,1.0,1.0,1.0,1.0
262.0,1.0,20.469615852782145,20.485510971065818,17.47674057502642,16.28645753524396,17.590526725371234,17.449739891539835,16.743454175791925,18.43302481979162,18.81203567863815,20.42973434508712,1.0,1.0,1.0,1.0,1.0,1.0,1.0,1.0,1.0,1.0
262.25,2.0,17.924687182469253,17.965328130488302,18.9411223267986,18.628133725871667,18.193154462130074,17.841007155852694,17.554648416428495,17.401952202730254,16.737745051626298,16.834079635292525,1.0,1.0,1.0,1.0,1.0,1.0,1.0,1.0,1.0,1.0
262.5,3.0,0.0,0.0,0.0,0.0,0.0,0.0,0.0,0.0,0.0,0.0,0.0,0.0,0.0,0.0,0.0,0.0,0.0,0.0,0.0,0.0
262.75,4.0,20.437195854521143,19.062001514750936,18.15896196809987,17.422029035097573,16.15283681707655,16.17701144461271,17.290266497979935,17.064287256906205,17.112414514299747,17.01586573458271,1.0,1.0,1.0,1.0,1.0,1.0,1.0,1.0,1.0,1.0
263.0,1.0,20.383866183733918,19.746980869087324,17.32515908569769,16.827452594962654,17.811420525388193,18.118890477932542,18.199363048601203,20.017135350012488,21.199947273418978,22.339444468422904,1.0,1.0,1.0,1.0,1.0,1.0,1.0,1.0,1.0,1.0
263.25,2.0,0.0,0.0,0.0,0.0,0.0,0.0,0.0,0.0,0.0,0.0,0.0,0.0,0.0,0.0,0.0,0.0,0.0,0.0,0.0,0.0
263.5,3.0,22.893143194410747,20.33147396015881,18.638733498329856,14.829280781388771,15.828670963179578,15.683549665294557,14.459209685759799,14.463669434968029,13.69391468832961,14.20075466192498,1.0,1.0,1.0,1.0,1.0,1.0,1.0,1.0,1.0,1.0
263.75,4.0,19.891423549548126,18.297248132208672,18.577640271506837,16.617664782529445,16.62766193964118,17.0795225344433,17.341807510552744,16.85693956944103,16.435597480842244,16.030615853285177,1.0,1.0,1.0,1.0,1.0,1.0,1.0,1.0,1.0,1.0
264.0,1.0,0.0,0.0,0.0,0.0,0.0,0.0,0.0,0.0,0.0,0.0,0.0,0.0,0.0,0.0,0.0,0.0,0.0,0.0,0.0,0.0
264.25,2.0,0.0,0.0,0.0,0.0,0.0,0.0,0.0,0.0,0.0,0.0,0.0,0.0,0.0,0.0,0.0,0.0,0.0,0.0,0.0,0.0
264.5,3.0,20.80625908123038,18.39406111706602,17.031401344797647,14.928888925437438,15.990879174100165,15.183482477390049,14.4076604824651,14.522402567241706,14.554396439593916,14.911914623228716,1.0,1.0,1.0,1.0,1.0,1.0,1.0,1.0,1.0,1.0
264.75,4.0,0.0,0.0,0.0,0.0,0.0,0.0,0.0,0.0,0.0,0.0,0.0,0.0,0.0,0.0,0.0,0.0,0.0,0.0,0.0,0.0
265.0,1.0,18.29472350055257,18.224973498857782,16.744716190279703,18.40255903936398,18.233525218412566,19.928856899596187,20.591864642295278,21.692560219321518,22.11672839428315,22.589350775381906,1.0,1.0,1.0,1.0,1.0,1.0,1.0,1.0,1.0,1.0
265.25,2.0,17.720062025302354,17.6009850497215,17.804131775591685,16.96053594384002,17.459827901126744,17.044954795430264,16.980554312384594,16.730873131776647,17.232700492377614,17.576993946740497,1.0,1.0,1.0,1.0,1.0,1.0,1.0,1.0,1.0,1.0
265.5,3.0,0.0,0.0,0.0,0.0,0.0,0.0,0.0,0.0,0.0,0.0,0.0,0.0,0.0,0.0,0.0,0.0,0.0,0.0,0.0,0.0
265.75,4.0,19.581189464825425,18.501573149782615,17.09607650694648,17.511589409201076,16.354227537264542,16.1807166054106,16.41896999752851,15.223337393978818,16.164228355800915,14.470495051503578,1.0,1.0,1.0,1.0,1.0,1.0,1.0,1.0,1.0,1.0
266.0,1.0,17.63320802461954,18.36390141108199,17.7194347001607,17.817501080817657,20.07009086539705,21.10817035945409,21.573040153149197,22.075076050147484,21.71960321092437,22.077200397158023,1.0,1.0,1.0,1.0,1.0,1.0,1.0,1.0,1.0,1.0
266.25,2.0,0.0,0.0,0.0,0.0,0.0,0.0,0.0,0.0,0.0,0.0,0.0,0.0,0.0,0.0,0.0,0.0,0.0,0.0,0.0,0.0
266.5,3.0,17.547483545053314,16.78337328717279,16.827761011061046,15.159935283536809,15.20901941545998,15.714293472019635,14.810410097898439,14.262544718082372,13.699373627160314,13.829562495761335,1.0,1.0,1.0,1.0,1.0,1.0,1.0,1.0,1.0,1.0
266.75,4.0,18.655895196854882,17.059186413239114,17.271782880634017,17.276905974099623,14.968737334799183,14.363905354282302,14.914011772485493,14.189489541394849,15.315791411466133,14.214377505343872,1.0,1.0,1.0,1.0,1.0,1.0,1.0,1.0,1.0,1.0
267.0,1.0,0.0,0.0,0.0,0.0,0.0,0.0,0.0,0.0,0.0,0.0,0.0,0.0,0.0,0.0,0.0,0.0,0.0,0.0,0.0,0.0
267.25,2.0,17.651824170126368,17.977496742566935,16.96435546222852,15.88613250480685,18.22232799638864,19.209314137398792,18.774962823566035,17.908534882258547,17.415979512927247,17.175356293993456,1.0,1.0,1.0,1.0,1.0,1.0,1.0,1.0,1.0,1.0
267.5,3.0,0.0,0.0,0.0,0.0,0.0,0.0,0.0,0.0,0.0,0.0,0.0,0.0,0.0,0.0,0.0,0.0,0.0,0.0,0.0,0.0
267.75,4.0,0.0,0.0,0.0,0.0,0.0,0.0,0.0,0.0,0.0,0.0,0.0,0.0,0.0,0.0,0.0,0.0,0.0,0.0,0.0,0.0
268.0,1.0,17.914230069079565,19.04868903379261,18.913538372925526,18.477462854144864,20.051282336458584,20.474803548913513,20.96476978201139,20.486605279869277,19.863383637209648,20.723168721964996,1.0,1.0,1.0,1.0,1.0,1.0,1.0,1.0,1.0,1.0
268.25,2.0,17.02885644790015,17.985990308446834,17.070122456032436,18.602256726286374,19.72833682008144,18.99330036814803,18.929794560918072,17.695450760715744,17.636873396798393,18.083735236741656,1.0,1.0,1.0,1.0,1.0,1.0,1.0,1.0,1.0,1.0
268.5,3.0,0.0,0.0,0.0,0.0,0.0,0.0,0.0,0.0,0.0,0.0,0.0,0.0,0.0,0.0,0.0,0.0,0.0,0.0,0.0,0.0
268.75,4.0,17.929142838378134,17.802202633607088,17.743651188417644,15.903531564203092,15.84401576378817,15.978488883989453,17.232754782292968,17.588163949333378,18.10665245930124,17.411555926677615,1.0,1.0,1.0,1.0,1.0,1.0,1.0,1.0,1.0,1.0
269.0,1.0,19.12357676199682,20.025952667365853,19.634911613862247,19.877450545626658,21.295519302787426,21.39207851840416,21.069061032690133,20.530935899573826,21.49071746131786,21.111253089312,1.0,1.0,1.0,1.0,1.0,1.0,1.0,1.0,1.0,1.0
269.25,2.0,0.0,0.0,0.0,0.0,0.0,0.0,0.0,0.0,0.0,0.0,0.0,0.0,0.0,0.0,0.0,0.0,0.0,0.0,0.0,0.0
269.5,3.0,15.078187191814976,14.982333124436725,16.350841962371856,15.47951053311856,15.55002426546166,14.807339561142335,14.43455444864554,14.999072398483804,15.94327271484919,17.002828987648854,1.0,1.0,1.0,1.0,1.0,1.0,1.0,1.0,1.0,1.0
269.75,4.0,17.746195337008356,17.571978629700773,17.768952395833583,16.72923872055313,17.255688656550614,16.029173784380035,16.873831255528266,16.22787080704765,17.34483975706539,16.88207978673483,1.0,1.0,1.0,1.0,1.0,1.0,1.0,1.0,1.0,1.0
270.0,1.0,19.62625541420785,19.80325657071384,20.680704827007066,21.44218557089167,21.097557726123558,21.26215479408405,21.016294098637456,20.615015205327968,20.649910314588258,21.53577580372748,1.0,1.0,1.0,1.0,1.0,1.0,1.0,1.0,1.0,1.0
270.25,2.0,16.750406318947803,16.74743928319993,16.961075144920105,18.197052226725596,18.385879360632693,18.917539550928307,18.452086862112814,17.300669127325783,16.38266178691776,16.13495853900619,1.0,1.0,1.0,1.0,1.0,1.0,1.0,1.0,1.0,1.0
270.5,3.0,0.0,0.0,0.0,0.0,0.0,0.0,0.0,0.0,0.0,0.0,0.0,0.0,0.0,0.0,0.0,0.0,0.0,0.0,0.0,0.0
270.75,4.0,17.564416265909504,17.051980481041625,18.09558742165651,17.020616372788947,16.478319152047014,16.545273987421112,17.078999474363584,17.10227783589042,18.057912860254298,18.34062437630353,1.0,1.0,1.0,1.0,1.0,1.0,1.0,1.0,1.0,1.0
271.0,1.0,19.2381724243429,19.46607347016159,20.16241793025551,21.44512747381588,21.02611325964537,19.75019599028917,19.65904698584951,20.012366808766615,20.48309594002629,20.70891888643246,1.0,1.0,1.0,1.0,1.0,1.0,1.0,1.0,1.0,1.0
271.25,2.0,0.0,0.0,0.0,0.0,0.0,0.0,0.0,0.0,0.0,0.0,0.0,0.0,0.0,0.0,0.0,0.0,0.0,0.0,0.0,0.0
271.5,3.0,17.186828717410048,16.154721922650683,16.955936697701027,14.058905903228673,14.721607424813753,14.094869882476244,14.130527359654767,15.107039969098782,15.316042663631993,16.410503344988953,1.0,1.0,1.0,1.0,1.0,1.0,1.0,1.0,1.0,1.0
271.75,4.0,17.148565785279686,17.831118230921458,18.452648393672675,17.999331906360677,16.77307160129,17.934261062581825,18.019060826494286,17.876454552194524,19.145160111075526,18.739103210998284,1.0,1.0,1.0,1.0,1.0,1.0,1.0,1.0,1.0,1.0
272.0,1.0,0.0,0.0,0.0,0.0,0.0,0.0,0.0,0.0,0.0,0.0,0.0,0.0,0.0,0.0,0.0,0.0,0.0,0.0,0.0,0.0
272.25,2.0,0.0,0.0,0.0,0.0,0.0,0.0,0.0,0.0,0.0,0.0,0.0,0.0,0.0,0.0,0.0,0.0,0.0,0.0,0.0,0.0
272.5,3.0,16.90163904430876,16.857430943713233,16.52487828671098,14.403175966317635,14.723289119299125,14.303790101520564,13.852821500556447,15.13141541445047,14.91492002504616,15.585113909169129,1.0,1.0,1.0,1.0,1.0,1.0,1.0,1.0,1.0,1.0
272.75,4.0,0.0,0.0,0.0,0.0,0.0,0.0,0.0,0.0,0.0,0.0,0.0,0.0,0.0,0.0,0.0,0.0,0.0,0.0,0.0,0.0
273.0,1.0,19.216394691893225,18.962608240122858,19.01104810079866,19.067902663846482,18.094342790341273,18.26119741808247,17.73978702345367,18.490324713444906,19.67968559901081,20.504786288477423,1.0,1.0,1.0,1.0,1.0,1.0,1.0,1.0,1.0,1.0
273.25,2.0,16.807885533671392,19.009156790193114,18.89448140835334,19.09683289860335,18.763744745367777,17.56984108488156,16.289651425527506,14.876434650945635,15.490274944786654,16.403514640732837,1.0,1.0,1.0,1.0,1.0,1.0,1.0,1.0,1.0,1.0
273.5,3.0,0.0,0.0,0.0,0.0,0.0,0.0,0.0,0.0,0.0,0.0,0.0,0.0,0.0,0.0,0.0,0.0,0.0,0.0,0.0,0.0
273.75,4.0,19.194958807790318,18.334136946175263,18.194792950483468,17.525288064975676,17.87225717867902,18.138615959469092,18.3420891614311,17.633858315487053,18.061893009674684,18.857940899308993,1.0,1.0,1.0,1.0,1.0,1.0,1.0,1.0,1.0,1.0
274.0,1.0,17.359685276778485,18.833590996766738,19.52144582886148,19.040488028830996,17.166668968151026,18.482714569515586,19.04236061676176,19.910438244109546,20.26215527314121,20.82336903520836,1.0,1.0,1.0,1.0,1.0,1.0,1.0,1.0,1.0,1.0
274.25,2.0,0.0,0.0,0.0,0.0,0.0,0.0,0.0,0.0,0.0,0.0,0.0,0.0,0.0,0.0,0.0,0.0,0.0,0.0,0.0,0.0
274.5,3.0,18.430473294755192,17.041706891273467,15.534835682581353,13.816772820040644,13.726710755296196,14.901918909166447,14.687868619371715,15.836029354469327,14.906527104940842,14.545826824416883,1.0,1.0,1.0,1.0,1.0,1.0,1.0,1.0,1.0,1.0
274.75,4.0,19.34248862328772,17.867489827734037,18.06737848284472,17.42703132510834,18.4932429334853,18.69361516323481,18.718082372157877,17.995523798487575,18.407963123888127,18.675390506754862,1.0,1.0,1.0,1.0,1.0,1.0,1.0,1.0,1.0,1.0
275.0,1.0,0.0,0.0,0.0,0.0,0.0,0.0,0.0,0.0,0.0,0.0,0.0,0.0,0.0,0.0,0.0,0.0,0.0,0.0,0.0,0.0
275.25,2.0,18.677650411916073,19.902758285770112,18.41026855928967,18.51954802617018,18.317012857098142,17.94386467033832,18.390364795470724,16.616533225143776,15.388669947664404,15.343450892395246,1.0,1.0,1.0,1.0,1.0,1.0,1.0,1.0,1.0,1.0
275.5,3.0,0.0,0.0,0.0,0.0,0.0,0.0,0.0,0.0,0.0,0.0,0.0,0.0,0.0,0.0,0.0,0.0,0.0,0.0,0.0,0.0
275.75,4.0,0.0,0.0,0.0,0.0,0.0,0.0,0.0,0.0,0.0,0.0,0.0,0.0,0.0,0.0,0.0,0.0,0.0,0.0,0.0,0.0
276.0,1.0,18.658985774779442,18.37016862866681,18.78526397810182,18.609401222114204,19.903059376393227,20.87405071577646,21.06679963933004,21.279885293890576,20.337140250788703,20.90601852353031,1.0,1.0,1.0,1.0,1.0,1.0,1.0,1.0,1.0,1.0
276.25,2.0,19.173962810649535,19.02568049804452,17.873488601507965,19.29960771722503,20.01126047522751,17.888020931740446,17.622173584204706,15.779923685185747,15.18552616584006,16.36831691547727,1.0,1.0,1.0,1.0,1.0,1.0,1.0,1.0,1.0,1.0
276.5,3.0,15.940987461212858,16.951144838726965,15.54357998109141,14.654037948831387,15.447406689196669,16.531957954029693,16.62085636084731,17.223669583993967,16.670663222838733,16.83903174085956,1.0,1.0,1.0,1.0,1.0,1.0,1.0,1.0,1.0,1.0
276.75,4.0,19.047065154564905,17.172415534751423,19.045895214368265,20.25715742797653,19.992669826382887,20.7178104439767,20.90110859176006,20.675195553095342,19.874303565667766,19.0470832115998,1.0,1.0,1.0,1.0,1.0,1.0,1.0,1.0,1.0,1.0
277.0,1.0,18.018794141690563,18.135695982994818,17.931767909293853,17.235838656578206,20.78757026023301,21.373805279818214,21.318440989156215,21.479299475289494,21.136346403906405,21.879561219074297,1.0,1.0,1.0,1.0,1.0,1.0,1.0,1.0,1.0,1.0
277.25,2.0,0.0,0.0,0.0,0.0,0.0,0.0,0.0,0.0,0.0,0.0,0.0,0.0,0.0,0.0,0.0,0.0,0.0,0.0,0.0,0.0
277.5,3.0,15.420667133730644,15.617436665558955,15.12462976289198,16.20200551887784,16.280409030858067,16.69986479289402,16.03947572879489,16.257989821562553,16.384646989766953,16.359052528436056,1.0,1.0,1.0,1.0,1.0,1.0,1.0,1.0,1.0,1.0
277.75,4.0,17.94991125508575,18.299138319563983,19.957831110387232,20.18599380822892,19.349612485162698,19.994783969990767,20.2999520460682,18.93831212166309,19.032687970021957,18.88132522286716,1.0,1.0,1.0,1.0,1.0,1.0,1.0,1.0,1.0,1.0
278.0,1.0,16.34877840695105,17.100237767587593,16.443722995511592,17.646527823172093,20.169025460618286,20.679557581344447,20.482792534689356,20.866167190874457,20.644520938582545,21.055908363670326,1.0,1.0,1.0,1.0,1.0,1.0,1.0,1.0,1.0,1.0
278.25,2.0,18.199209961291338,19.221276242018607,18.69525088626193,18.893556069699123,19.36032348214641,17.937934082765693,17.883517574596038,17.228368150457268,16.679422538864806,16.14100958521227,1.0,1.0,1.0,1.0,1.0,1.0,1.0,1.0,1.0,1.0
278.5,3.0,0.0,0.0,0.0,0.0,0.0,0.0,0.0,0.0,0.0,0.0,0.0,0.0,0.0,0.0,0.0,0.0,0.0,0.0,0.0,0.0
278.75,4.0,19.272558677005986,19.527647083105045,19.89501393595708,20.4174141528788,20.087706353339843,19.876404790283544,19.882283861482428,18.177855237171883,18.076760436598196,18.251651924974848,1.0,1.0,1.0,1.0,1.0,1.0,1.0,1.0,1.0,1.0
279.0,1.0,16.19387591336623,16.327461481685088,16.715409980902326,18.36365672641953,19.380837073369563,19.864016964199678,19.830720992072344,20.824586076580367,21.101931291445837,21.419173735003284,1.0,1.0,1.0,1.0,1.0,1.0,1.0,1.0,1.0,1.0
279.25,2.0,0.0,0.0,0.0,0.0,0.0,0.0,0.0,0.0,0.0,0.0,0.0,0.0,0.0,0.0,0.0,0.0,0.0,0.0,0.0,0.0
279.5,3.0,14.95635776054936,15.900231051618457,17.17220296999991,16.584400352748276,15.733903408534111,16.458104848538607,15.315278443033339,14.715491400902437,14.50283041801619,15.865884130365457,1.0,1.0,1.0,1.0,1.0,1.0,1.0,1.0,1.0,1.0
279.75,4.0,20.003481119070653,20.458766187179958,20.385026417486795,20.14250903662678,19.690286702188722,19.510073448324345,19.058784090016818,17.475627427198315,17.322095196486874,18.19568656234388,1.0,1.0,1.0,1.0,1.0,1.0,1.0,1.0,1.0,1.0
280.0,1.0,0.0,0.0,0.0,0.0,0.0,0.0,0.0,0.0,0.0,0.0,0.0,0.0,0.0,0.0,0.0,0.0,0.0,0.0,0.0,0.0
280.25,2.0,18.905907223394,20.302652387793987,19.418175535323773,18.641951335553756,18.81843243170551,17.58477045963223,17.920226926137246,17.748793885342664,16.429419073160773,15.235753827245434,1.0,1.0,1.0,1.0,1.0,1.0,1.0,1.0,1.0,1.0
280.5,3.0,15.288027937928607,16.702548983763126,17.0168938218547,16.797443151145867,16.43716162949928,15.79593733099553,14.869267248880291,14.749890925122592,15.008282949588835,16.557757494486047,1.0,1.0,1.0,1.0,1.0,1.0,1.0,1.0,1.0,1.0
280.75,4.0,0.0,0.0,0.0,0.0,0.0,0.0,0.0,0.0,0.0,0.0,0.0,0.0,0.0,0.0,0.0,0.0,0.0,0.0,0.0,0.0
281.0,1.0,16.2976904692289,16.19229374672352,15.569899560107523,18.5468167660782,20.920146796313116,21.258310751258794,21.254224943332293,20.5163551341847,21.83280297499727,21.593956600250557,1.0,1.0,1.0,1.0,1.0,1.0,1.0,1.0,1.0,1.0
281.25,2.0,19.866092896227403,19.553191703453635,19.307174221803923,18.54108590307358,18.698591714615564,18.174325821303633,18.723198453610966,17.71187209186082,15.69319064930985,14.539108672664073,1.0,1.0,1.0,1.0,1.0,1.0,1.0,1.0,1.0,1.0
281.5,3.0,0.0,0.0,0.0,0.0,0.0,0.0,0.0,0.0,0.0,0.0,0.0,0.0,0.0,0.0,0.0,0.0,0.0,0.0,0.0,0.0
281.75,4.0,20.72324570020075,19.185893593230325,18.915772399945556,19.279088720291213,19.479458646650126,19.522495467588854,19.44725895519472,19.17872308059806,18.777278432540975,19.61231012932615,1.0,1.0,1.0,1.0,1.0,1.0,1.0,1.0,1.0,1.0
282.0,1.0,15.9852299771343,15.925440715484367,16.24754427359942,19.078183279579516,21.639929224773727,21.53792396115127,21.06558462482997,21.598702180947328,22.58265864548072,22.445621390158745,1.0,1.0,1.0,1.0,1.0,1.0,1.0,1.0,1.0,1.0
282.25,2.0,0.0,0.0,0.0,0.0,0.0,0.0,0.0,0.0,0.0,0.0,0.0,0.0,0.0,0.0,0.0,0.0,0.0,0.0,0.0,0.0
282.5,3.0,15.428847895803049,16.234834546084276,17.436948981023495,17.90332983032454,16.577501172217538,16.496596575487423,16.30633999785105,16.99449762814262,17.24659553871245,17.86668673433913,1.0,1.0,1.0,1.0,1.0,1.0,1.0,1.0,1.0,1.0
282.75,4.0,18.89620409595595,18.746816302416818,19.382105897147856,19.487411452180986,19.686923132610826,19.49418165798423,20.323557133992704,18.781041826120145,19.07948089689733,19.154165067179843,1.0,1.0,1.0,1.0,1.0,1.0,1.0,1.0,1.0,1.0
283.0,1.0,16.068800394739352,15.631897648255038,17.68308924549285,19.735400039643164,21.2647017171275,22.37447719670132,21.712580921868827,22.28142622161852,22.705657391633984,22.63400262154017,1.0,1.0,1.0,1.0,1.0,1.0,1.0,1.0,1.0,1.0
283.25,2.0,20.627976155857347,18.55305846398435,19.571098081345582,19.325438397327087,18.67999499186782,18.371484312163922,18.20014376819474,17.44315140757141,16.727784642991942,15.631940042924418,1.0,1.0,1.0,1.0,1.0,1.0,1.0,1.0,1.0,1.0
283.5,3.0,0.0,0.0,0.0,0.0,0.0,0.0,0.0,0.0,0.0,0.0,0.0,0.0,0.0,0.0,0.0,0.0,0.0,0.0,0.0,0.0
283.75,4.0,0.0,0.0,0.0,0.0,0.0,0.0,0.0,0.0,0.0,0.0,0.0,0.0,0.0,0.0,0.0,0.0,0.0,0.0,0.0,0.0
284.0,1.0,17.178467955837295,16.948923384911716,18.49022170009022,19.833446704512895,20.6865641116239,21.511495673420505,20.8122974663887,21.57469221930494,22.1169921945576,22.026399442338537,1.0,1.0,1.0,1.0,1.0,1.0,1.0,1.0,1.0,1.0
284.25,2.0,20.05509679278931,19.852773257620807,19.460392733826186,18.223015791784913,16.861883919732353,17.248750220585826,16.87196608090646,17.18088082966196,17.95673548458497,17.07182959295458,1.0,1.0,1.0,1.0,1.0,1.0,1.0,1.0,1.0,1.0
284.5,3.0,17.31311004457674,17.450537324464243,16.969632101585773,17.60060324755967,17.082002051362632,17.408842991941075,17.69076292182679,16.495857252244058,15.709722883121325,14.269111046157093,1.0,1.0,1.0,1.0,1.0,1.0,1.0,1.0,1.0,1.0
284.75,4.0,18.430633934345376,19.78717986002839,19.986192394279257,20.20447628117968,20.491685755676382,20.755089947938824,19.74750106711468,20.297797775006856,18.81001302784218,19.2323684435612,1.0,1.0,1.0,1.0,1.0,1.0,1.0,1.0,1.0,1.0
285.0,1.0,18.687337459659375,17.39457401855018,18.626813778253968,19.84199826379742,20.233732141760022,21.100517552898722,21.14092140022985,21.489444818142804,22.3023999766576,22.751551506896696,1.0,1.0,1.0,1.0,1.0,1.0,1.0,1.0,1.0,1.0
285.25,2.0,0.0,0.0,0.0,0.0,0.0,0.0,0.0,0.0,0.0,0.0,0.0,0.0,0.0,0.0,0.0,0.0,0.0,0.0,0.0,0.0
285.5,3.0,18.036450946832467,17.466867553230102,16.624311164429525,15.779317679709218,16.32328632832679,16.081107519843727,15.62300313369167,14.872184055109544,14.605721692909656,13.10006848514213,1.0,1.0,1.0,1.0,1.0,1.0,1.0,1.0,1.0,1.0
285.75,4.0,17.672790066144692,19.4931232676865,20.024870506244948,20.52814842031669,20.403729899190065,20.225184934216035,19.167264721996325,18.49191204412025,18.64844015226708,19.303669841580135,1.0,1.0,1.0,1.0,1.0,1.0,1.0,1.0,1.0,1.0
286.0,1.0,19.510580037352863,18.92974957744848,19.338855239128165,19.367690530483717,19.71811000138682,21.475701148721992,21.020925448972047,21.441940159928304,21.94934277457067,22.04158286479999,1.0,1.0,1.0,1.0,1.0,1.0,1.0,1.0,1.0,1.0
286.25,2.0,20.415724047031976,20.87540519820194,19.480584883336284,17.553794453352772,16.697554238150182,17.553788720507637,18.3031233020083,16.912449782085414,17.154547532879068,15.91773839333283,1.0,1.0,1.0,1.0,1.0,1.0,1.0,1.0,1.0,1.0
286.5,3.0,0.0,0.0,0.0,0.0,0.0,0.0,0.0,0.0,0.0,0.0,0.0,0.0,0.0,0.0,0.0,0.0,0.0,0.0,0.0,0.0
286.75,4.0,18.482018799268772,19.717982277783452,19.23848450877259,19.669696987862483,20.407916530161735,20.239976604908144,19.820452852536185,18.235899296700268,18.955960571356187,20.042183330902958,1.0,1.0,1.0,1.0,1.0,1.0,1.0,1.0,1.0,1.0
287.0,1.0,19.92117583895457,19.618310837539497,19.351761132425484,19.74903551565983,19.896550277164927,21.668266637506964,20.992439910025322,20.702243200466082,20.512897647859155,20.649026773428943,1.0,1.0,1.0,1.0,1.0,1.0,1.0,1.0,1.0,1.0
287.25,2.0,0.0,0.0,0.0,0.0,0.0,0.0,0.0,0.0,0.0,0.0,0.0,0.0,0.0,0.0,0.0,0.0,0.0,0.0,0.0,0.0
287.5,3.0,17.9371779794034,17.635762479455742,16.273318534325757,14.029861618114639,13.551156957619883,13.55135038521179,13.075552621432127,11.904098298359544,13.439050064132948,12.560143681308178,1.0,1.0,1.0,1.0,1.0,1.0,1.0,1.0,1.0,1.0
287.75,4.0,19.24744417309319,20.127299471371547,19.273270053966797,21.022123237367165,19.712749265282785,18.275698701137173,18.032791574483937,17.4560546994979,18.09517482788035,19.040941695003877,1.0,1.0,1.0,1.0,1.0,1.0,1.0,1.0,1.0,1.0
288.0,1.0,0.0,0.0,0.0,0.0,0.0,0.0,0.0,0.0,0.0,0.0,0.0,0.0,0.0,0.0,0.0,0.0,0.0,0.0,0.0,0.0
288.25,2.0,20.098502132811262,20.285434948154567,18.334201065667795,16.779932392673544,15.964569062741703,16.100128859928812,15.90263985912636,15.661660124549408,15.142804989668807,15.200249325116268,1.0,1.0,1.0,1.0,1.0,1.0,1.0,1.0,1.0,1.0
288.5,3.0,17.17333423532751,17.555488958758836,14.707041303340612,13.881926724644487,13.513461985716049,14.072118709814472,13.52284586996495,13.026189560565333,14.207247901703385,12.609485520436321,1.0,1.0,1.0,1.0,1.0,1.0,1.0,1.0,1.0,1.0
288.75,4.0,0.0,0.0,0.0,0.0,0.0,0.0,0.0,0.0,0.0,0.0,0.0,0.0,0.0,0.0,0.0,0.0,0.0,0.0,0.0,0.0
289.0,1.0,20.86818782615683,19.85491699503058,18.846203505204556,18.871791454206342,20.20338698096571,21.058660888437462,20.495349163216865,19.582708418402767,19.413173987920146,20.237297522966287,1.0,1.0,1.0,1.0,1.0,1.0,1.0,1.0,1.0,1.0
289.25,2.0,20.291979877102804,21.313137526023603,18.407522224830032,17.060498670201152,15.215442064838902,15.579709405147813,15.282714904309,14.573763545637856,14.43524538961601,15.410915644250828,1.0,1.0,1.0,1.0,1.0,1.0,1.0,1.0,1.0,1.0
289.5,3.0,0.0,0.0,0.0,0.0,0.0,0.0,0.0,0.0,0.0,0.0,0.0,0.0,0.0,0.0,0.0,0.0,0.0,0.0,0.0,0.0
289.75,4.0,19.08797516379116,19.43758055066386,18.94336135877137,19.816594727514374,17.872250403583852,16.998335729811846,16.584172711181637,16.035456697630277,14.939238156430909,15.66692524885285,1.0,1.0,1.0,1.0,1.0,1.0,1.0,1.0,1.0,1.0
290.0,1.0,20.594031556570183,19.070701344263643,18.575004805962738,19.30731223842062,20.812665306128828,21.34001298808787,20.359766325031416,19.744994359488288,19.93801215148491,19.133835685377036,1.0,1.0,1.0,1.0,1.0,1.0,1.0,1.0,1.0,1.0
290.25,2.0,0.0,0.0,0.0,0.0,0.0,0.0,0.0,0.0,0.0,0.0,0.0,0.0,0.0,0.0,0.0,0.0,0.0,0.0,0.0,0.0
290.5,3.0,17.396083720369543,15.62210806523549,14.895038276008362,13.491146988331112,14.399907968611547,14.480951126431485,14.182952573931946,13.929039113024146,14.579173783621554,13.826313474438045,1.0,1.0,1.0,1.0,1.0,1.0,1.0,1.0,1.0,1.0
290.75,4.0,18.188468908427165,18.7660454748086,18.45245240898071,19.141103551614034,16.760478501225585,16.446554244259612,15.990120499603936,15.816351020628442,15.584415092058789,16.477218724048402,1.0,1.0,1.0,1.0,1.0,1.0,1.0,1.0,1.0,1.0
291.0,1.0,20.23046442536912,17.944665517949325,18.761243292641208,19.791006759631166,19.585190753811922,20.736220112417215,19.297542029878837,19.48607259157959,18.524304556349808,18.387324485295345,1.0,1.0,1.0,1.0,1.0,1.0,1.0,1.0,1.0,1.0
291.25,2.0,21.06711536006245,21.439905983038816,18.316174187948825,14.583497800612855,14.780806852974646,15.385604027349471,16.047237794444516,15.70454631724211,15.368524977160387,15.055081314251087,1.0,1.0,1.0,1.0,1.0,1.0,1.0,1.0,1.0,1.0
291.5,3.0,0.0,0.0,0.0,0.0,0.0,0.0,0.0,0.0,0.0,0.0,0.0,0.0,0.0,0.0,0.0,0.0,0.0,0.0,0.0,0.0
291.75,4.0,17.92355429408093,18.747814557952548,17.844188005102904,18.14775911114893,17.2200923347691,16.91529838675931,16.89237135361779,16.085958818842272,16.105539042384763,16.725784874517515,1.0,1.0,1.0,1.0,1.0,1.0,1.0,1.0,1.0,1.0
292.0,1.0,18.87349861545024,18.817588483336447,19.720988350258963,19.45707953041524,18.158757672970093,19.267233475237315,18.090459561748318,17.97224283218432,17.876426233050523,17.80908293872255,1.0,1.0,1.0,1.0,1.0,1.0,1.0,1.0,1.0,1.0
292.25,2.0,20.380152143781906,20.147803128282522,17.47510286518188,14.568848559195688,14.888463691362727,15.800202106090687,16.441602466827266,16.02098458470284,15.876667789258937,16.487530179924228,1.0,1.0,1.0,1.0,1.0,1.0,1.0,1.0,1.0,1.0
292.5,3.0,17.367075788589162,15.25707497288208,13.731178318395877,15.1775394852255,14.179649829353385,14.006246040634947,13.327920150486769,13.458341922857695,12.68040162756847,12.361013768206076,1.0,1.0,1.0,1.0,1.0,1.0,1.0,1.0,1.0,1.0
292.75,4.0,17.522235021835666,18.61245101294881,17.15577572630731,15.808148407714098,17.25916676945532,18.106770286103153,17.512008761134396,17.667073262006053,17.43219930399866,17.8828020878891,1.0,1.0,1.0,1.0,1.0,1.0,1.0,1.0,1.0,1.0
293.0,1.0,0.0,0.0,0.0,0.0,0.0,0.0,0.0,0.0,0.0,0.0,0.0,0.0,0.0,0.0,0.0,0.0,0.0,0.0,0.0,0.0
293.25,2.0,0.0,0.0,0.0,0.0,0.0,0.0,0.0,0.0,0.0,0.0,0.0,0.0,0.0,0.0,0.0,0.0,0.0,0.0,0.0,0.0
293.5,3.0,15.146796063158623,15.099787762678744,14.449674900163021,13.485426228392056,13.009740480239628,12.984161599343508,11.95816127563292,13.514837426951484,12.976533932636448,14.16268714158844,1.0,1.0,1.0,1.0,1.0,1.0,1.0,1.0,1.0,1.0
293.75,4.0,0.0,0.0,0.0,0.0,0.0,0.0,0.0,0.0,0.0,0.0,0.0,0.0,0.0,0.0,0.0,0.0,0.0,0.0,0.0,0.0
294.0,1.0,17.933389771631763,19.23287288522028,18.510466040643546,18.08124271533728,19.057860581904198,19.346381770570865,18.724659598282106,19.30055369493125,19.605640116352713,18.94185446764599,1.0,1.0,1.0,1.0,1.0,1.0,1.0,1.0,1.0,1.0
294.25,2.0,16.861699122665076,16.45322925556772,15.141519969836295,13.414974167625125,14.757317551623848,15.73492964893314,16.34297799205975,16.179080368688687,16.570081745085773,17.331437997651985,1.0,1.0,1.0,1.0,1.0,1.0,1.0,1.0,1.0,1.0
294.5,3.0,0.0,0.0,0.0,0.0,0.0,0.0,0.0,0.0,0.0,0.0,0.0,0.0,0.0,0.0,0.0,0.0,0.0,0.0,0.0,0.0
294.75,4.0,15.154643695412439,17.332200613682637,16.475742499258264,17.292779039955764,19.00723665165636,18.8940087310313,18.697110539077187,18.42791514697338,17.76373372950656,19.097118036503304,1.0,1.0,1.0,1.0,1.0,1.0,1.0,1.0,1.0,1.0
295.0,1.0,18.665770324415696,18.932876468442895,18.69906768431735,17.87156995745851,17.74383519671245,18.86462940734058,18.338796999289315,19.688201759224974,19.957710660260155,19.629140270979207,1.0,1.0,1.0,1.0,1.0,1.0,1.0,1.0,1.0,1.0
295.25,2.0,0.0,0.0,0.0,0.0,0.0,0.0,0.0,0.0,0.0,0.0,0.0,0.0,0.0,0.0,0.0,0.0,0.0,0.0,0.0,0.0
295.5,3.0,14.694400478629555,13.457910420535656,13.262243413178902,12.895452966772478,12.741435141133849,13.357182618469013,13.223597259521126,13.765161871625821,13.870863328552518,13.032178306384862,1.0,1.0,1.0,1.0,1.0,1.0,1.0,1.0,1.0,1.0
295.75,4.0,16.10767578879716,18.393174843265783,17.67460122294332,17.928328580091257,19.20720964780852,19.847091555832865,19.414242844537533,18.526825966289802,18.07064483865043,18.0102234275695,1.0,1.0,1.0,1.0,1.0,1.0,1.0,1.0,1.0,1.0
296.0,1.0,0.0,0.0,0.0,0.0,0.0,0.0,0.0,0.0,0.0,0.0,0.0,0.0,0.0,0.0,0.0,0.0,0.0,0.0,0.0,0.0
296.25,2.0,14.54655720469937,14.761073444060493,14.061282296782275,14.035527497970293,14.757028528888746,15.527471873075687,16.245357711932044,16.24144899729187,17.319316121340453,17.423894293685798,1.0,1.0,1.0,1.0,1.0,1.0,1.0,1.0,1.0,1.0
296.5,3.0,0.0,0.0,0.0,0.0,0.0,0.0,0.0,0.0,0.0,0.0,0.0,0.0,0.0,0.0,0.0,0.0,0.0,0.0,0.0,0.0
296.75,4.0,0.0,0.0,0.0,0.0,0.0,0.0,0.0,0.0,0.0,0.0,0.0,0.0,0.0,0.0,0.0,0.0,0.0,0.0,0.0,0.0
297.0,1.0,18.225905475925757,18.099060223928436,18.473744490149702,17.920151453140473,18.27015014882623,18.15404703055983,16.62013280067038,16.02467717925188,17.02012021156116,17.17799630486914,1.0,1.0,1.0,1.0,1.0,1.0,1.0,1.0,1.0,1.0
297.25,2.0,13.556486923473388,13.546458035702516,13.901051767987433,14.78096279687433,15.295195580545366,16.043748752956553,15.672199220400115,16.69935853898084,17.844326110911968,18.08479860609538,1.0,1.0,1.0,1.0,1.0,1.0,1.0,1.0,1.0,1.0
297.5,3.0,0.0,0.0,0.0,0.0,0.0,0.0,0.0,0.0,0.0,0.0,0.0,0.0,0.0,0.0,0.0,0.0,0.0,0.0,0.0,0.0
297.75,4.0,15.702246523080392,18.362205012962036,18.16174573471451,19.58567714089149,18.687337652198188,17.925045516844264,18.389666684102664,19.54726772681826,19.74458978148423,19.891832771986234,1.0,1.0,1.0,1.0,1.0,1.0,1.0,1.0,1.0,1.0
298.0,1.0,17.5076797986213,18.444167427811532,18.401434546187605,17.77018629517459,17.81696151464247,18.07162566428547,17.172110896594,17.392551224769445,17.935199329764416,18.34284467030445,1.0,1.0,1.0,1.0,1.0,1.0,1.0,1.0,1.0,1.0
298.25,2.0,0.0,0.0,0.0,0.0,0.0,0.0,0.0,0.0,0.0,0.0,0.0,0.0,0.0,0.0,0.0,0.0,0.0,0.0,0.0,0.0
298.5,3.0,15.63824978464619,14.61549578891607,15.552106431498629,14.73261084108919,15.003877645939253,14.719738805894725,12.574279439485421,10.909781117636184,10.68847171383284,9.750911411728621,1.0,1.0,1.0,1.0,1.0,1.0,1.0,1.0,1.0,1.0
298.75,4.0,15.390569370997035,17.76117456122284,18.611566200575286,20.00292867073416,18.58631105178223,18.576890987857414,19.300810234605095,19.379701307594082,19.739171511954613,20.536273840636024,1.0,1.0,1.0,1.0,1.0,1.0,1.0,1.0,1.0,1.0
299.0,1.0,18.39095390707744,18.906374012920384,18.31306505069589,17.85347939521216,18.035722291591004,17.518407345315442,17.103298049626265,18.240430624172244,19.10823633877334,19.425847888869193,1.0,1.0,1.0,1.0,1.0,1.0,1.0,1.0,1.0,1.0
299.25,2.0,15.03967939143462,14.789338365137704,15.241554331174758,14.296012320532801,14.935056096128704,16.03248179339654,16.4128720837333,17.769496973195302,18.07435452078503,18.110543886572646,1.0,1.0,1.0,1.0,1.0,1.0,1.0,1.0,1.0,1.0
299.5,3.0,0.0,0.0,0.0,0.0,0.0,0.0,0.0,0.0,0.0,0.0,0.0,0.0,0.0,0.0,0.0,0.0,0.0,0.0,0.0,0.0
299.75,4.0,16.207465603409343,18.549650481202583,19.11854354666029,19.910758426515713,18.124716727570725,19.05118283861018,20.028131438722266,20.91679791834684,20.889453733353683,19.814681062469607,1.0,1.0,1.0,1.0,1.0,1.0,1.0,1.0,1.0,1.0
300.0,1.0,18.485297091315896,18.0968805223083,17.548264608921023,18.117473424898083,19.26783188461495,17.614750388864625,17.746650999418442,16.981306819358096,17.957339349899083,17.76453017495811,1.0,1.0,1.0,1.0,1.0,1.0,1.0,1.0,1.0,1.0
300.25,2.0,15.916279711473733,15.04795069329241,15.426362803024777,14.168542725415453,14.54870604727247,15.884522177734247,16.52262996501264,17.8473578446307,17.18350828165416,16.327806846528986,1.0,1.0,1.0,1.0,1.0,1.0,1.0,1.0,1.0,1.0
300.5,3.0,16.182596253232393,16.686447377242672,15.84561609272794,14.361044665017184,13.69639729351019,13.056735560680005,12.311822571764102,11.870962599398206,12.292666793367864,12.841010324506154,1.0,1.0,1.0,1.0,1.0,1.0,1.0,1.0,1.0,1.0
300.75,4.0,16.468653478792717,18.57911748868902,17.780372748872164,18.793558488035142,19.381873493647266,19.42730902770979,20.754037824804854,19.979427374220645,19.391858732133365,19.24582000589793,1.0,1.0,1.0,1.0,1.0,1.0,1.0,1.0,1.0,1.0
301.0,1.0,0.0,0.0,0.0,0.0,0.0,0.0,0.0,0.0,0.0,0.0,0.0,0.0,0.0,0.0,0.0,0.0,0.0,0.0,0.0,0.0
301.25,2.0,0.0,0.0,0.0,0.0,0.0,0.0,0.0,0.0,0.0,0.0,0.0,0.0,0.0,0.0,0.0,0.0,0.0,0.0,0.0,0.0
301.5,3.0,16.863023826861692,17.350636621786865,15.676970343108536,14.076576784829978,13.136474697597333,13.055587026333283,12.423602957485546,12.413309373865815,12.16606871304032,12.964488343596425,1.0,1.0,1.0,1.0,1.0,1.0,1.0,1.0,1.0,1.0
301.75,4.0,0.0,0.0,0.0,0.0,0.0,0.0,0.0,0.0,0.0,0.0,0.0,0.0,0.0,0.0,0.0,0.0,0.0,0.0,0.0,0.0
302.0,1.0,18.174709759395043,18.171866315061422,17.855525601864294,17.716915044240526,18.173383288774428,16.977949993041463,16.550634958904563,15.950541185405784,16.29877702468543,16.29992800986147,1.0,1.0,1.0,1.0,1.0,1.0,1.0,1.0,1.0,1.0
302.25,2.0,17.540404896411236,16.816732608708527,15.950639075500439,14.460368799171066,15.245935216243945,16.29978485063796,16.098977715782112,15.952037513926374,15.505149929127182,14.973815532971294,1.0,1.0,1.0,1.0,1.0,1.0,1.0,1.0,1.0,1.0
302.5,3.0,0.0,0.0,0.0,0.0,0.0,0.0,0.0,0.0,0.0,0.0,0.0,0.0,0.0,0.0,0.0,0.0,0.0,0.0,0.0,0.0
302.75,4.0,16.16821868168527,16.978732501312823,16.080296213180674,17.589815167980998,18.739408184987788,20.16069027692831,20.56925922713789,20.628488524060643,20.393619435634694,19.93845030909746,1.0,1.0,1.0,1.0,1.0,1.0,1.0,1.0,1.0,1.0
303.0,1.0,17.933467140055292,17.80224308386434,17.471380044983135,16.518651645523306,17.27079191090954,16.188414678882896,15.39877059067846,15.227430646389543,17.356060340045094,16.81187167354948,1.0,1.0,1.0,1.0,1.0,1.0,1.0,1.0,1.0,1.0
303.25,2.0,0.0,0.0,0.0,0.0,0.0,0.0,0.0,0.0,0.0,0.0,0.0,0.0,0.0,0.0,0.0,0.0,0.0,0.0,0.0,0.0
303.5,3.0,15.76603296561867,14.920601211961912,14.342656397240626,14.749223281405955,13.751004874892715,14.556692530104991,13.637477426550529,14.209701825541595,14.615825045822415,13.88321437514642,1.0,1.0,1.0,1.0,1.0,1.0,1.0,1.0,1.0,1.0
303.75,4.0,15.332860950551677,15.437921039613135,15.64536214271647,17.761295081733,19.7222523418993,21.726279283452897,21.916343127005955,21.15723423304565,20.984903707251572,19.360616056534177,1.0,1.0,1.0,1.0,1.0,1.0,1.0,1.0,1.0,1.0
304.0,1.0,0.0,0.0,0.0,0.0,0.0,0.0,0.0,0.0,0.0,0.0,0.0,0.0,0.0,0.0,0.0,0.0,0.0,0.0,0.0,0.0
304.25,2.0,17.908779721520144,18.575143483852468,16.89785096792902,15.94992814095574,17.112155792263323,16.940210184607327,17.447553441246775,16.26884742999958,16.0907959753572,15.419848690809907,1.0,1.0,1.0,1.0,1.0,1.0,1.0,1.0,1.0,1.0
304.5,3.0,0.0,0.0,0.0,0.0,0.0,0.0,0.0,0.0,0.0,0.0,0.0,0.0,0.0,0.0,0.0,0.0,0.0,0.0,0.0,0.0
304.75,4.0,0.0,0.0,0.0,0.0,0.0,0.0,0.0,0.0,0.0,0.0,0.0,0.0,0.0,0.0,0.0,0.0,0.0,0.0,0.0,0.0
305.0,1.0,17.500690891409207,18.398438354670326,16.707869352046146,15.949496914074352,19.173596275060444,19.125196271088324,18.993034541227125,18.545366480987354,17.754083508240477,17.485478562388842,1.0,1.0,1.0,1.0,1.0,1.0,1.0,1.0,1.0,1.0
305.25,2.0,18.182341461090633,17.79314577796598,17.39832106213868,17.57367237053838,17.514413844498836,17.163977301838557,17.68893630333503,16.603006703660647,17.15043322071488,16.9529732059677,1.0,1.0,1.0,1.0,1.0,1.0,1.0,1.0,1.0,1.0
305.5,3.0,0.0,0.0,0.0,0.0,0.0,0.0,0.0,0.0,0.0,0.0,0.0,0.0,0.0,0.0,0.0,0.0,0.0,0.0,0.0,0.0
305.75,4.0,15.16780588716531,15.507246417635399,16.363175880471,18.88598237308377,19.769092004421864,19.770587860302783,18.819932473064075,18.77168048941035,18.727834245338244,18.217248666445858,1.0,1.0,1.0,1.0,1.0,1.0,1.0,1.0,1.0,1.0
306.0,1.0,17.746390530317974,17.263057885241437,15.77234165640434,17.187633709308944,18.54795445708112,18.253773607906766,18.10428179984061,17.9583720773628,18.006689012305024,18.464765168279627,1.0,1.0,1.0,1.0,1.0,1.0,1.0,1.0,1.0,1.0
306.25,2.0,0.0,0.0,0.0,0.0,0.0,0.0,0.0,0.0,0.0,0.0,0.0,0.0,0.0,0.0,0.0,0.0,0.0,0.0,0.0,0.0
306.5,3.0,16.90414804757412,17.928114553056318,17.904366535862856,16.391310588606924,15.475233739690204,15.261868261016026,14.948099740887834,14.539666420795704,14.68131447773515,13.533746359298567,1.0,1.0,1.0,1.0,1.0,1.0,1.0,1.0,1.0,1.0
306.75,4.0,15.5460557775267,14.945227962073307,16.7352755231407,18.727197152812902,19.180604912598135,18.828613064964998,18.84477641112464,20.24348277872997,19.99499128294474,19.09757774418364,1.0,1.0,1.0,1.0,1.0,1.0,1.0,1.0,1.0,1.0
307.0,1.0,16.57889298042887,15.796033514925355,16.157184417846675,16.64514655793175,18.113578184948064,17.500983577804654,17.628092555498977,17.365764464042034,17.888332269244934,18.482604661277026,1.0,1.0,1.0,1.0,1.0,1.0,1.0,1.0,1.0,1.0
307.25,2.0,18.365270062355457,17.87424587020054,18.218353721771507,16.667502997047393,17.089048102448267,17.449542584191573,17.530827391320035,16.132822595682,16.921521598362034,17.067384446317757,1.0,1.0,1.0,1.0,1.0,1.0,1.0,1.0,1.0,1.0
307.5,3.0,0.0,0.0,0.0,0.0,0.0,0.0,0.0,0.0,0.0,0.0,0.0,0.0,0.0,0.0,0.0,0.0,0.0,0.0,0.0,0.0
307.75,4.0,16.4982789787189,16.106955596062775,18.31508613002078,18.589364145651036,18.42843430374102,19.23463741588965,18.86674874988601,19.836486223759323,18.71970939671446,18.57883612925005,1.0,1.0,1.0,1.0,1.0,1.0,1.0,1.0,1.0,1.0
308.0,1.0,16.629395571117193,16.45498280869338,17.26182960114671,16.505350784550554,17.93040872937482,16.714662259015597,16.777753613666537,17.474918946426676,17.557126151323764,17.890276146202265,1.0,1.0,1.0,1.0,1.0,1.0,1.0,1.0,1.0,1.0
308.25,2.0,0.0,0.0,0.0,0.0,0.0,0.0,0.0,0.0,0.0,0.0,0.0,0.0,0.0,0.0,0.0,0.0,0.0,0.0,0.0,0.0
308.5,3.0,18.059217129256265,18.11298131905582,17.77125744316214,16.52450736434557,15.175867952568499,15.297780238590523,14.839185026208277,13.425203332312403,13.052818988025772,13.498831165970806,1.0,1.0,1.0,1.0,1.0,1.0,1.0,1.0,1.0,1.0
308.75,4.0,18.302235658746874,17.941873488737482,19.127125080155807,18.76652516453044,19.95145162954445,19.470943642110868,18.7935020500572,20.000415640796042,19.321803066209036,19.169372710892706,1.0,1.0,1.0,1.0,1.0,1.0,1.0,1.0,1.0,1.0
309.0,1.0,0.0,0.0,0.0,0.0,0.0,0.0,0.0,0.0,0.0,0.0,0.0,0.0,0.0,0.0,0.0,0.0,0.0,0.0,0.0,0.0
309.25,2.0,0.0,0.0,0.0,0.0,0.0,0.0,0.0,0.0,0.0,0.0,0.0,0.0,0.0,0.0,0.0,0.0,0.0,0.0,0.0,0.0
309.5,3.0,17.973505883886865,17.661270114374897,17.461441369802806,16.354855269326595,14.8965927064175,15.593939465333085,13.80728035141747,13.259083809725213,12.61665456222177,12.988163709469514,1.0,1.0,1.0,1.0,1.0,1.0,1.0,1.0,1.0,1.0
309.75,4.0,0.0,0.0,0.0,0.0,0.0,0.0,0.0,0.0,0.0,0.0,0.0,0.0,0.0,0.0,0.0,0.0,0.0,0.0,0.0,0.0
310.0,1.0,18.811692236743358,19.20952355682544,18.256645160332248,17.01482766428278,17.72800331089322,16.54049915685378,15.49126865381542,15.843458746380087,14.927938136881926,15.050281363229994,1.0,1.0,1.0,1.0,1.0,1.0,1.0,1.0,1.0,1.0
310.25,2.0,19.16750938433837,18.556594464607244,18.05412886956835,17.636313214493676,18.081556433182318,18.92975268303548,17.222546114983196,16.628891997158,15.866764213564842,15.37888924928436,1.0,1.0,1.0,1.0,1.0,1.0,1.0,1.0,1.0,1.0
310.5,3.0,0.0,0.0,0.0,0.0,0.0,0.0,0.0,0.0,0.0,0.0,0.0,0.0,0.0,0.0,0.0,0.0,0.0,0.0,0.0,0.0
310.75,4.0,19.10966969821563,17.96527628761742,18.7536056128582,19.189113173764564,20.279237841825214,20.005131810243178,19.901416510998832,19.312513489726868,17.73162524010963,17.914446371170015,1.0,1.0,1.0,1.0,1.0,1.0,1.0,1.0,1.0,1.0
311.0,1.0,19.70924343563556,18.463699215212888,17.27463627532853,15.85886655219966,16.922715146364293,16.820944062109195,15.163717185333535,15.020868564567397,15.477112236563398,15.426230051675354,1.0,1.0,1.0,1.0,1.0,1.0,1.0,1.0,1.0,1.0
311.25,2.0,0.0,0.0,0.0,0.0,0.0,0.0,0.0,0.0,0.0,0.0,0.0,0.0,0.0,0.0,0.0,0.0,0.0,0.0,0.0,0.0
311.5,3.0,17.472467500795855,16.569887581464876,18.19990292888167,17.14653639469971,14.685681173454121,14.51579767830797,13.679036588673783,13.005403607735161,14.247639600875932,14.066474259531205,1.0,1.0,1.0,1.0,1.0,1.0,1.0,1.0,1.0,1.0
311.75,4.0,17.754968828978797,17.44324471858022,18.321113100451722,18.898211824053742,20.854246902327777,20.32962204077822,19.138424510448292,20.10179373040203,19.305283545662217,18.87240952434117,1.0,1.0,1.0,1.0,1.0,1.0,1.0,1.0,1.0,1.0
312.0,1.0,0.0,0.0,0.0,0.0,0.0,0.0,0.0,0.0,0.0,0.0,0.0,0.0,0.0,0.0,0.0,0.0,0.0,0.0,0.0,0.0
312.25,2.0,17.722949408838062,18.080670415841723,18.39586231141135,17.87174394357829,16.95497580603964,16.870728472227245,15.408502204313223,15.57543851983764,15.346475817960323,16.790112878233945,1.0,1.0,1.0,1.0,1.0,1.0,1.0,1.0,1.0,1.0
312.5,3.0,0.0,0.0,0.0,0.0,0.0,0.0,0.0,0.0,0.0,0.0,0.0,0.0,0.0,0.0,0.0,0.0,0.0,0.0,0.0,0.0
312.75,4.0,0.0,0.0,0.0,0.0,0.0,0.0,0.0,0.0,0.0,0.0,0.0,0.0,0.0,0.0,0.0,0.0,0.0,0.0,0.0,0.0
313.0,1.0,18.206214839561376,17.428119244836537,16.673493032829533,15.904295050249035,16.127006366960625,15.172985210007297,14.923575408228974,15.442189137627103,15.570523842815657,15.974431875724786,1.0,1.0,1.0,1.0,1.0,1.0,1.0,1.0,1.0,1.0
313.25,2.0,18.565216665157866,18.700473495272746,18.96990261547605,17.669923660578323,16.60768415731483,16.377973841332604,15.11065884702377,15.696814147852754,15.833177731144547,16.085264004807527,1.0,1.0,1.0,1.0,1.0,1.0,1.0,1.0,1.0,1.0
313.5,3.0,0.0,0.0,0.0,0.0,0.0,0.0,0.0,0.0,0.0,0.0,0.0,0.0,0.0,0.0,0.0,0.0,0.0,0.0,0.0,0.0
313.75,4.0,17.408953534261503,15.838493402978305,18.461336510519583,17.2478148734788,18.837677056696453,18.817681567072658,19.482972845655347,19.287834576485878,18.64610052480941,18.141415789547853,1.0,1.0,1.0,1.0,1.0,1.0,1.0,1.0,1.0,1.0
314.0,1.0,16.860204267793048,16.350335609618533,16.768545693966754,15.069060260591739,16.15700210715766,15.204703453286868,15.38429954461723,15.55282776199444,15.520105743706345,15.696618053353204,1.0,1.0,1.0,1.0,1.0,1.0,1.0,1.0,1.0,1.0
314.25,2.0,0.0,0.0,0.0,0.0,0.0,0.0,0.0,0.0,0.0,0.0,0.0,0.0,0.0,0.0,0.0,0.0,0.0,0.0,0.0,0.0
314.5,3.0,18.160312653191752,18.491530258203653,17.95432882289097,16.041905860585846,14.11615665100202,14.441664491326808,13.68243264521146,14.58290375503355,15.08901906508864,14.840600173127926,1.0,1.0,1.0,1.0,1.0,1.0,1.0,1.0,1.0,1.0
314.75,4.0,17.30943073091325,16.184597362406887,17.84762522965254,17.01342830897039,19.762793026243457,18.021362568670646,18.783128639461108,18.09758205592481,17.98662630299355,18.308070468185715,1.0,1.0,1.0,1.0,1.0,1.0,1.0,1.0,1.0,1.0
315.0,1.0,16.713802689322296,16.57087494950854,16.76662431601764,14.668049016772049,15.476472547357067,14.45235323621454,14.061085008487547,14.165921281468464,14.180761046792874,14.921610069298326,1.0,1.0,1.0,1.0,1.0,1.0,1.0,1.0,1.0,1.0
315.25,2.0,17.18241830740451,17.067808041233516,17.897324152737596,17.140632834510157,14.420083692433673,14.689964255071086,14.320040623558704,15.193219489028115,16.21814457575464,16.554140215280704,1.0,1.0,1.0,1.0,1.0,1.0,1.0,1.0,1.0,1.0
315.5,3.0,0.0,0.0,0.0,0.0,0.0,0.0,0.0,0.0,0.0,0.0,0.0,0.0,0.0,0.0,0.0,0.0,0.0,0.0,0.0,0.0
315.75,4.0,16.9242427255495,16.548212514943582,16.406561828226998,16.75620294266639,18.335477397644908,17.02759973361893,17.364332352676595,17.02805519480869,16.68580088313095,17.184261398702443,1.0,1.0,1.0,1.0,1.0,1.0,1.0,1.0,1.0,1.0
316.0,1.0,16.718303597338547,16.434644035331072,15.7486130475976,14.42743971467436,16.118992717359124,14.9486546934465,14.158375417913598,13.687724112874559,14.17944975912549,15.306082863936169,1.0,1.0,1.0,1.0,1.0,1.0,1.0,1.0,1.0,1.0
316.25,2.0,0.0,0.0,0.0,0.0,0.0,0.0,0.0,0.0,0.0,0.0,0.0,0.0,0.0,0.0,0.0,0.0,0.0,0.0,0.0,0.0
316.5,3.0,17.185244488468587,16.468837826843814,15.499967570229057,14.211926298183855,14.323851527389818,13.079551589551965,12.888217470347502,12.58924591273681,12.560477691899372,12.863300873761043,1.0,1.0,1.0,1.0,1.0,1.0,1.0,1.0,1.0,1.0
316.75,4.0,16.8047838248042,16.049824016550144,16.767244761903513,15.967496492817197,16.278811582362206,16.092766642272842,16.18892413374055,16.909771971903808,17.34833137756609,16.87720437725745,1.0,1.0,1.0,1.0,1.0,1.0,1.0,1.0,1.0,1.0
317.0,1.0,0.0,0.0,0.0,0.0,0.0,0.0,0.0,0.0,0.0,0.0,0.0,0.0,0.0,0.0,0.0,0.0,0.0,0.0,0.0,0.0
317.25,2.0,0.0,0.0,0.0,0.0,0.0,0.0,0.0,0.0,0.0,0.0,0.0,0.0,0.0,0.0,0.0,0.0,0.0,0.0,0.0,0.0
317.5,3.0,16.931030340488793,16.793179192533078,15.598142915672716,14.766526492458595,14.168773215916204,13.544842279639914,14.366878676132426,13.915337717735326,14.535004747186669,14.552053733195113,1.0,1.0,1.0,1.0,1.0,1.0,1.0,1.0,1.0,1.0
317.75,4.0,0.0,0.0,0.0,0.0,0.0,0.0,0.0,0.0,0.0,0.0,0.0,0.0,0.0,0.0,0.0,0.0,0.0,0.0,0.0,0.0
318.0,1.0,16.244211559058137,15.077090396402093,14.847654733633766,16.0065923344144,15.34579016191688,15.69052466347585,15.711371640254129,15.071460022978455,16.92852663609868,16.854740732466826,1.0,1.0,1.0,1.0,1.0,1.0,1.0,1.0,1.0,1.0
318.25,2.0,17.65097120491957,17.34476935991304,16.98167624258681,15.755553193835135,14.120695783891636,15.008504399527569,14.518109076253166,15.66056686882709,15.123175192899282,16.751877900968022,1.0,1.0,1.0,1.0,1.0,1.0,1.0,1.0,1.0,1.0
318.5,3.0,0.0,0.0,0.0,0.0,0.0,0.0,0.0,0.0,0.0,0.0,0.0,0.0,0.0,0.0,0.0,0.0,0.0,0.0,0.0,0.0
318.75,4.0,16.50344439420901,16.82197549301978,17.32834576416198,16.524952810381716,17.495861802418702,18.009588159168544,16.851371677353608,17.34286703978984,15.978006820942678,16.498569876930997,1.0,1.0,1.0,1.0,1.0,1.0,1.0,1.0,1.0,1.0
319.0,1.0,16.32207221205127,15.006651922883322,15.19529237422767,16.429528844321737,16.62811594289197,16.682091889440862,16.269103958053318,16.228919908221254,16.538509944516683,17.234407672822137,1.0,1.0,1.0,1.0,1.0,1.0,1.0,1.0,1.0,1.0
319.25,2.0,0.0,0.0,0.0,0.0,0.0,0.0,0.0,0.0,0.0,0.0,0.0,0.0,0.0,0.0,0.0,0.0,0.0,0.0,0.0,0.0
319.5,3.0,16.791714264375255,16.534314899834072,15.280529616628103,15.8493038083588,14.433085827799475,14.941037584973232,15.276439393342537,15.835499086758448,16.212995076138434,15.567006967325817,1.0,1.0,1.0,1.0,1.0,1.0,1.0,1.0,1.0,1.0
319.75,4.0,17.434273600650176,18.01967412583027,17.297609619828336,17.042075059003277,17.77516653241796,17.78785175510943,16.508014395178023,16.877949006936547,16.225136004045176,16.218722570115524,1.0,1.0,1.0,1.0,1.0,1.0,1.0,1.0,1.0,1.0
320.0,1.0,0.0,0.0,0.0,0.0,0.0,0.0,0.0,0.0,0.0,0.0,0.0,0.0,0.0,0.0,0.0,0.0,0.0,0.0,0.0,0.0
320.25,2.0,14.602801110904783,14.438737426926311,15.237817205281422,14.74449513543577,14.971258759211288,14.864572280314544,15.294055073023301,16.014826926580074,15.428341778449843,15.188927602044076,1.0,1.0,1.0,1.0,1.0,1.0,1.0,1.0,1.0,1.0
320.5,3.0,0.0,0.0,0.0,0.0,0.0,0.0,0.0,0.0,0.0,0.0,0.0,0.0,0.0,0.0,0.0,0.0,0.0,0.0,0.0,0.0
320.75,4.0,0.0,0.0,0.0,0.0,0.0,0.0,0.0,0.0,0.0,0.0,0.0,0.0,0.0,0.0,0.0,0.0,0.0,0.0,0.0,0.0
321.0,1.0,16.736158586656746,15.830229425529582,15.948583230579416,16.137614932979293,16.8616696644972,18.257931537181584,18.070183782919223,18.728288013091717,19.972174832183477,19.302672396772458,1.0,1.0,1.0,1.0,1.0,1.0,1.0,1.0,1.0,1.0
321.25,2.0,15.08831687342593,14.467343801425741,15.240835978112,15.618946150561179,14.251798032643798,13.986314631687383,14.00758903556636,14.922541358792285,14.606136665249998,14.753744768966738,1.0,1.0,1.0,1.0,1.0,1.0,1.0,1.0,1.0,1.0
321.5,3.0,16.30534095331842,15.391573582607,16.0449756902178,17.11357108641156,16.989633108727897,16.685244637691863,16.5862324076293,17.20726491928734,16.2907836478064,16.10810692009153,1.0,1.0,1.0,1.0,1.0,1.0,1.0,1.0,1.0,1.0
321.75,4.0,17.628038967608987,16.973240326597132,17.09024011000774,16.229873932871012,16.244962225508434,15.47670118772093,15.258130310365527,16.122102450996174,16.097222652066304,15.709180762302633,1.0,1.0,1.0,1.0,1.0,1.0,1.0,1.0,1.0,1.0
322.0,1.0,16.40178554915319,16.547867473955808,15.802478485942235,15.867041185705624,18.158280808408833,18.441570382612934,19.05090079080029,20.003582036172965,19.753311479062862,20.197627170391552,1.0,1.0,1.0,1.0,1.0,1.0,1.0,1.0,1.0,1.0
322.25,2.0,0.0,0.0,0.0,0.0,0.0,0.0,0.0,0.0,0.0,0.0,0.0,0.0,0.0,0.0,0.0,0.0,0.0,0.0,0.0,0.0
322.5,3.0,15.339626484069276,15.531923146154176,16.91785792714533,18.048753996886425,16.360383868784755,16.171233024906044,15.612755277325032,17.07852644162852,16.789198136017085,17.696797966789198,1.0,1.0,1.0,1.0,1.0,1.0,1.0,1.0,1.0,1.0
322.75,4.0,18.009105692292277,16.98210996994039,17.27456530620756,15.42222437092812,15.181318308752841,15.433012794593186,16.05158783633972,16.390197781559205,16.444480859802482,15.653109602699535,1.0,1.0,1.0,1.0,1.0,1.0,1.0,1.0,1.0,1.0
323.0,1.0,16.231046499098987,16.39168346778704,14.81256914894443,14.64158316778453,17.733165501051833,17.697472873549174,18.645115392250634,19.146521646493344,19.68656916934949,20.38807679777593,1.0,1.0,1.0,1.0,1.0,1.0,1.0,1.0,1.0,1.0
323.25,2.0,14.713929940955914,14.64888296410918,15.192765545139885,14.124870536080845,12.800094834744323,13.217753482937763,13.159116776101905,13.958577011831606,12.625570714338263,12.641303220183946,1.0,1.0,1.0,1.0,1.0,1.0,1.0,1.0,1.0,1.0
323.5,3.0,0.0,0.0,0.0,0.0,0.0,0.0,0.0,0.0,0.0,0.0,0.0,0.0,0.0,0.0,0.0,0.0,0.0,0.0,0.0,0.0
323.75,4.0,17.28624006120562,17.499349313843457,16.928872855516897,16.054457091449052,16.116700835593242,15.907331384132634,15.956221040558026,16.22246221700086,15.734773782523643,15.529134864353129,1.0,1.0,1.0,1.0,1.0,1.0,1.0,1.0,1.0,1.0
324.0,1.0,15.520809828297605,15.204489574486002,13.855608119106376,14.657139215015398,17.155004688082727,18.037004461852955,18.52628239589039,20.062699965155655,19.45411857538239,20.061067404802674,1.0,1.0,1.0,1.0,1.0,1.0,1.0,1.0,1.0,1.0
324.25,2.0,0.0,0.0,0.0,0.0,0.0,0.0,0.0,0.0,0.0,0.0,0.0,0.0,0.0,0.0,0.0,0.0,0.0,0.0,0.0,0.0
324.5,3.0,17.097923407725116,17.279894309345973,18.019197444017138,18.133651770639595,16.495169439833116,16.051765596402582,15.580374000728758,16.000935557212713,16.821975925603393,15.690346709728361,1.0,1.0,1.0,1.0,1.0,1.0,1.0,1.0,1.0,1.0
324.75,4.0,16.757491797023082,16.57976177228806,16.974472459339083,16.665081387605493,16.500499238498044,16.00402334172836,15.818710287861087,16.438956956701887,15.597719160313618,15.627466422842772,1.0,1.0,1.0,1.0,1.0,1.0,1.0,1.0,1.0,1.0
325.0,1.0,0.0,0.0,0.0,0.0,0.0,0.0,0.0,0.0,0.0,0.0,0.0,0.0,0.0,0.0,0.0,0.0,0.0,0.0,0.0,0.0
325.25,2.0,15.317830990627687,14.699723002620669,13.123485327438452,12.001484885411797,12.359516622167527,13.334613726447543,13.267135481053723,13.932166946392078,13.316774154463111,13.305793145937855,1.0,1.0,1.0,1.0,1.0,1.0,1.0,1.0,1.0,1.0
325.5,3.0,17.96033986326253,17.54294149776333,18.602055546748943,19.395326082282043,15.37768864015503,15.533629546763061,15.80782675767368,16.595237195245105,16.949628043545264,15.871620761909368,1.0,1.0,1.0,1.0,1.0,1.0,1.0,1.0,1.0,1.0
325.75,4.0,0.0,0.0,0.0,0.0,0.0,0.0,0.0,0.0,0.0,0.0,0.0,0.0,0.0,0.0,0.0,0.0,0.0,0.0,0.0,0.0
326.0,1.0,14.95727885606104,12.629010915882693,15.35050251392251,18.036528627443882,19.91851241164738,19.221153530255435,19.627642877477967,19.566782221640366,19.246216081131873,19.65407210873309,1.0,1.0,1.0,1.0,1.0,1.0,1.0,1.0,1.0,1.0
326.25,2.0,14.009636463823158,13.338417596097258,12.775939116909964,12.344960594611235,13.275746677947744,13.959942628721203,14.392446260471493,13.529969121364624,13.255884858026253,12.191416894706142,1.0,1.0,1.0,1.0,1.0,1.0,1.0,1.0,1.0,1.0
326.5,3.0,0.0,0.0,0.0,0.0,0.0,0.0,0.0,0.0,0.0,0.0,0.0,0.0,0.0,0.0,0.0,0.0,0.0,0.0,0.0,0.0
326.75,4.0,16.702466108374125,15.651636127908892,15.79801293407306,15.573619758178834,15.328441808118576,15.90390095035853,15.0071709474656,14.205562895560188,14.603535745851048,14.336991943057553,1.0,1.0,1.0,1.0,1.0,1.0,1.0,1.0,1.0,1.0
327.0,1.0,13.9635088694347,13.48886302798759,16.810269294655267,18.243668375203196,18.59802661409626,18.795666766350468,18.232102388135115,18.32572345446398,19.44691821547311,20.138237754023795,1.0,1.0,1.0,1.0,1.0,1.0,1.0,1.0,1.0,1.0
327.25,2.0,0.0,0.0,0.0,0.0,0.0,0.0,0.0,0.0,0.0,0.0,0.0,0.0,0.0,0.0,0.0,0.0,0.0,0.0,0.0,0.0
327.5,3.0,16.215638947421258,16.659954528852982,17.773402495070037,16.51622692571938,14.816880184247813,14.980602282248798,14.343127165965988,14.062964281197628,13.793303279480714,14.038798829448112,1.0,1.0,1.0,1.0,1.0,1.0,1.0,1.0,1.0,1.0
327.75,4.0,16.851342279958473,15.341829098161314,16.187819761833627,17.209057657871238,15.748535093308302,15.141684637428718,13.998989026039391,13.999968618526623,13.893596982282077,13.828934900744802,1.0,1.0,1.0,1.0,1.0,1.0,1.0,1.0,1.0,1.0
328.0,1.0,14.32524647485467,14.137085154000689,16.9546133457734,17.59000562462373,18.47962950263927,18.18482066717149,17.937512770985617,19.197369454652705,20.08829111290495,21.37864760436555,1.0,1.0,1.0,1.0,1.0,1.0,1.0,1.0,1.0,1.0
328.25,2.0,15.078290843162923,14.871122986061161,15.40364503004715,13.901525727733533,15.110052329010228,15.2431362862517,15.394384242217455,13.856808799110237,14.010488437412796,13.394487616602955,1.0,1.0,1.0,1.0,1.0,1.0,1.0,1.0,1.0,1.0
328.5,3.0,0.0,0.0,0.0,0.0,0.0,0.0,0.0,0.0,0.0,0.0,0.0,0.0,0.0,0.0,0.0,0.0,0.0,0.0,0.0,0.0
328.75,4.0,0.0,0.0,0.0,0.0,0.0,0.0,0.0,0.0,0.0,0.0,0.0,0.0,0.0,0.0,0.0,0.0,0.0,0.0,0.0,0.0
329.0,1.0,15.186076349995686,14.967276191999813,17.894509726653606,17.558652265871636,18.016303571185713,18.15301721740345,18.00399527887032,19.997030103158558,20.746432705636117,21.775979427820705,1.0,1.0,1.0,1.0,1.0,1.0,1.0,1.0,1.0,1.0
329.25,2.0,15.482937475153959,15.891654505842011,15.613710769200834,13.784606952906813,14.971333765386806,15.358040964672522,15.443727404490097,13.889394941435258,14.246590759585343,13.446074439448775,1.0,1.0,1.0,1.0,1.0,1.0,1.0,1.0,1.0,1.0
329.5,3.0,17.097080999271995,17.230862570655674,17.00193983598133,15.214097615227532,13.320385331578425,13.658597887209803,15.274872857638403,15.019398736893097,14.661750936264314,14.119272690743296,1.0,1.0,1.0,1.0,1.0,1.0,1.0,1.0,1.0,1.0
329.75,4.0,15.920788564085168,14.833632094493701,16.037630598688683,14.579363558903019,14.694104295150286,14.18373648656812,14.476944150150228,15.175597054030277,13.974211923147118,15.148781326806882,1.0,1.0,1.0,1.0,1.0,1.0,1.0,1.0,1.0,1.0
330.0,1.0,0.0,0.0,0.0,0.0,0.0,0.0,0.0,0.0,0.0,0.0,0.0,0.0,0.0,0.0,0.0,0.0,0.0,0.0,0.0,0.0
330.25,2.0,0.0,0.0,0.0,0.0,0.0,0.0,0.0,0.0,0.0,0.0,0.0,0.0,0.0,0.0,0.0,0.0,0.0,0.0,0.0,0.0
330.5,3.0,17.324570114161553,17.741866326018076,17.139525560956365,15.062462417793446,15.05196157852972,15.746789605773007,16.033354749329693,15.571368802606933,15.354360685378985,14.315171268141187,1.0,1.0,1.0,1.0,1.0,1.0,1.0,1.0,1.0,1.0
330.75,4.0,15.786496665093715,16.784051134588452,16.111249909896095,14.191515599293846,15.003328238437645,13.991620048685677,14.24530225738904,15.092469274212338,15.982514583505786,16.39750776753089,1.0,1.0,1.0,1.0,1.0,1.0,1.0,1.0,1.0,1.0
331.0,1.0,15.263787325954105,14.565187516897316,15.701460961704425,16.637235415642053,19.821981041075194,20.02617833129052,19.536825435022983,20.020107913812012,20.272039407004993,21.02941151307127,1.0,1.0,1.0,1.0,1.0,1.0,1.0,1.0,1.0,1.0
331.25,2.0,16.610123372431687,16.991970785600337,16.37235208960985,14.249626429002888,16.339775489048648,16.02810241850485,16.959380307976634,15.406524499010864,15.312927230910228,13.442322423620794,1.0,1.0,1.0,1.0,1.0,1.0,1.0,1.0,1.0,1.0
331.5,3.0,0.0,0.0,0.0,0.0,0.0,0.0,0.0,0.0,0.0,0.0,0.0,0.0,0.0,0.0,0.0,0.0,0.0,0.0,0.0,0.0
331.75,4.0,17.535227914935643,17.857059543045267,15.622015423830382,13.881956198814402,14.325498732513756,14.513821026651442,15.027644430220786,15.7675356581061,15.938215524112854,15.590810031117401,1.0,1.0,1.0,1.0,1.0,1.0,1.0,1.0,1.0,1.0
332.0,1.0,15.675750815358203,16.212587326486055,17.15019623488889,19.04199747768231,20.549589241102474,19.891239037598176,20.00837917813592,19.715213138491013,20.1607550057788,20.71073388095635,1.0,1.0,1.0,1.0,1.0,1.0,1.0,1.0,1.0,1.0
332.25,2.0,0.0,0.0,0.0,0.0,0.0,0.0,0.0,0.0,0.0,0.0,0.0,0.0,0.0,0.0,0.0,0.0,0.0,0.0,0.0,0.0
332.5,3.0,16.426164278228164,15.562320753317346,15.466735642648791,15.145549500370183,15.24490040108367,15.21357341441083,14.637767282396904,14.085815184936816,14.3378641634401,13.052075120429462,1.0,1.0,1.0,1.0,1.0,1.0,1.0,1.0,1.0,1.0
332.75,4.0,17.419454324491863,16.849920569472886,15.244937250987665,15.134937549152712,14.901706641385394,15.342417474249613,15.702474444146668,16.23298546511778,16.60457584992964,15.861009921713919,1.0,1.0,1.0,1.0,1.0,1.0,1.0,1.0,1.0,1.0
333.0,1.0,0.0,0.0,0.0,0.0,0.0,0.0,0.0,0.0,0.0,0.0,0.0,0.0,0.0,0.0,0.0,0.0,0.0,0.0,0.0,0.0
333.25,2.0,15.569519632123841,16.159925792107753,15.316159425502118,13.506811978959645,16.6885229303944,16.284299349377463,16.212196070950654,16.225803284496582,16.3154623495855,15.799537858862704,1.0,1.0,1.0,1.0,1.0,1.0,1.0,1.0,1.0,1.0
333.5,3.0,16.01292553301718,15.315089808669121,16.11963742249941,16.95714535584197,15.122357437736083,14.546863220164397,14.627811735230937,13.685169217541073,13.527265143069107,13.362801143035032,1.0,1.0,1.0,1.0,1.0,1.0,1.0,1.0,1.0,1.0
333.75,4.0,0.0,0.0,0.0,0.0,0.0,0.0,0.0,0.0,0.0,0.0,0.0,0.0,0.0,0.0,0.0,0.0,0.0,0.0,0.0,0.0
334.0,1.0,16.629361207847527,16.26758627444999,17.03345086049708,18.40512875181447,18.33828753954244,18.56009734564102,18.581040469217562,18.34627027330089,19.60599538818605,19.487196691764012,1.0,1.0,1.0,1.0,1.0,1.0,1.0,1.0,1.0,1.0
334.25,2.0,15.708439935793143,16.63843542883527,14.454015619703661,14.269090460460866,17.499870656909327,16.50460418717546,16.71415209862135,16.667913845702685,17.24229310404304,16.707635638116052,1.0,1.0,1.0,1.0,1.0,1.0,1.0,1.0,1.0,1.0
334.5,3.0,0.0,0.0,0.0,0.0,0.0,0.0,0.0,0.0,0.0,0.0,0.0,0.0,0.0,0.0,0.0,0.0,0.0,0.0,0.0,0.0
334.75,4.0,16.566194663398814,15.268778346912367,16.139023348149333,15.796961541241535,15.769534494537595,16.162495482746774,16.70783048444964,15.544601834471658,16.729987290688403,17.04518041391109,1.0,1.0,1.0,1.0,1.0,1.0,1.0,1.0,1.0,1.0
335.0,1.0,17.0495364662603,15.449513747584245,16.527410042737625,17.67476702166301,17.905482941043502,18.294542055800076,18.075021923685014,18.026605142052478,18.628628231207013,18.42573430540311,1.0,1.0,1.0,1.0,1.0,1.0,1.0,1.0,1.0,1.0
335.25,2.0,0.0,0.0,0.0,0.0,0.0,0.0,0.0,0.0,0.0,0.0,0.0,0.0,0.0,0.0,0.0,0.0,0.0,0.0,0.0,0.0
335.5,3.0,14.959836097163599,16.696049418978568,16.626591774347283,15.31066939664532,13.488707710766263,12.214621808432451,12.838147342360154,12.478014216557257,14.561313475797245,14.872679036941808,1.0,1.0,1.0,1.0,1.0,1.0,1.0,1.0,1.0,1.0
335.75,4.0,16.661925586152787,16.680121238787834,15.599985044658297,15.981661740197897,15.794024439861634,16.02194923126074,16.583584496234675,16.16229411760002,16.15159357551184,17.04295054495369,1.0,1.0,1.0,1.0,1.0,1.0,1.0,1.0,1.0,1.0
336.0,1.0,15.844411597919049,15.667694618984878,17.31329907621439,17.766914078693716,17.564932703291866,17.502770077383673,18.103439906840393,18.050804160369456,18.398880809980287,19.249142099526814,1.0,1.0,1.0,1.0,1.0,1.0,1.0,1.0,1.0,1.0
336.25,2.0,15.967599547077986,16.7239965063458,16.37971889672065,18.407542607267697,18.100642023372384,17.524731431849236,17.722430570673016,15.97476981168618,17.13575660015359,15.852667937481192,1.0,1.0,1.0,1.0,1.0,1.0,1.0,1.0,1.0,1.0
336.5,3.0,0.0,0.0,0.0,0.0,0.0,0.0,0.0,0.0,0.0,0.0,0.0,0.0,0.0,0.0,0.0,0.0,0.0,0.0,0.0,0.0
336.75,4.0,16.341105025166378,15.537900867393827,15.05593957095477,15.421353909399693,15.831615236732453,16.09168037215683,17.172857782790786,16.65231265100595,15.37137167920778,16.387820427373015,1.0,1.0,1.0,1.0,1.0,1.0,1.0,1.0,1.0,1.0
337.0,1.0,15.107182592298729,15.91327627817147,16.88185945296274,16.866828909687776,16.958116721356188,17.355879251532148,18.16047148750702,18.542864101451986,18.01108910472534,19.404911429247303,1.0,1.0,1.0,1.0,1.0,1.0,1.0,1.0,1.0,1.0
337.25,2.0,14.510268305553382,17.012307000317715,17.656864930412052,18.30649779569856,18.39369497884493,17.07908243132409,16.539179912372497,15.75040629849759,17.378249005819526,16.945626003090812,1.0,1.0,1.0,1.0,1.0,1.0,1.0,1.0,1.0,1.0
337.5,3.0,15.776448617561037,17.7291605241656,16.886925316512862,14.256372640236446,12.575054078690439,13.287555888209715,14.306620682676732,14.507772060171552,15.56579355027763,15.375875709718535,1.0,1.0,1.0,1.0,1.0,1.0,1.0,1.0,1.0,1.0
337.75,4.0,15.388519109603028,15.75132811631367,15.474602400400887,15.998813388879197,15.30862301613202,15.288311931029913,15.472399851156831,16.506304528112558,15.763771583034822,16.614146971237112,1.0,1.0,1.0,1.0,1.0,1.0,1.0,1.0,1.0,1.0
338.0,1.0,0.0,0.0,0.0,0.0,0.0,0.0,0.0,0.0,0.0,0.0,0.0,0.0,0.0,0.0,0.0,0.0,0.0,0.0,0.0,0.0
338.25,2.0,0.0,0.0,0.0,0.0,0.0,0.0,0.0,0.0,0.0,0.0,0.0,0.0,0.0,0.0,0.0,0.0,0.0,0.0,0.0,0.0
338.5,3.0,17.42577144599978,18.322797460622137,16.31685322179738,15.021733583354917,15.158071483911915,15.078751387290952,15.444023159232218,14.482703758593562,14.70284124105612,14.029905847063533,1.0,1.0,1.0,1.0,1.0,1.0,1.0,1.0,1.0,1.0
338.75,4.0,0.0,0.0,0.0,0.0,0.0,0.0,0.0,0.0,0.0,0.0,0.0,0.0,0.0,0.0,0.0,0.0,0.0,0.0,0.0,0.0
339.0,1.0,14.28812886344184,16.040233920553224,16.187469796382892,16.978422441524263,17.143780144194796,17.41853432061366,18.19493509124442,19.024311523398097,19.342947923299555,20.362556618666233,1.0,1.0,1.0,1.0,1.0,1.0,1.0,1.0,1.0,1.0
339.25,2.0,15.440298453047868,17.89295385611618,18.51268053927423,16.770197326945038,14.923634744525337,14.900759513495613,14.67816440472229,15.46826553717265,16.76441878771812,16.65676225328891,1.0,1.0,1.0,1.0,1.0,1.0,1.0,1.0,1.0,1.0
339.5,3.0,0.0,0.0,0.0,0.0,0.0,0.0,0.0,0.0,0.0,0.0,0.0,0.0,0.0,0.0,0.0,0.0,0.0,0.0,0.0,0.0
339.75,4.0,15.760841038286287,15.540774655956158,15.328172687716354,14.862930922681723,15.886649684976481,15.393568516810927,16.128408655187474,16.45008228415373,15.812512088986177,16.857416940431364,1.0,1.0,1.0,1.0,1.0,1.0,1.0,1.0,1.0,1.0
340.0,1.0,14.969346580333312,16.060679249795257,17.81582503735116,17.701081502002523,17.19710938218185,17.093121445039706,18.70210853406181,20.455761132415386,20.675688828495527,22.25038407270042,1.0,1.0,1.0,1.0,1.0,1.0,1.0,1.0,1.0,1.0
340.25,2.0,0.0,0.0,0.0,0.0,0.0,0.0,0.0,0.0,0.0,0.0,0.0,0.0,0.0,0.0,0.0,0.0,0.0,0.0,0.0,0.0
340.5,3.0,16.307640818622165,16.919104472808662,16.95132182881525,17.04069919127831,17.172010213211475,16.888155777313568,15.358281407880462,14.127031706331202,13.736242455286602,13.017343761698417,1.0,1.0,1.0,1.0,1.0,1.0,1.0,1.0,1.0,1.0
340.75,4.0,15.599092351950338,16.151348628385005,16.014680037086872,16.723685140094698,16.1917822030738,16.1300796963515,16.536391159959024,16.927929762855076,17.405134744339552,16.94546615827602,1.0,1.0,1.0,1.0,1.0,1.0,1.0,1.0,1.0,1.0
341.0,1.0,0.0,0.0,0.0,0.0,0.0,0.0,0.0,0.0,0.0,0.0,0.0,0.0,0.0,0.0,0.0,0.0,0.0,0.0,0.0,0.0
341.25,2.0,15.687988746923784,16.423429495002193,16.87421228212361,15.667261452349615,14.967460832766502,15.164942116557874,15.729901644035465,14.824454749298743,15.539495900549532,15.499445870146406,1.0,1.0,1.0,1.0,1.0,1.0,1.0,1.0,1.0,1.0
341.5,3.0,0.0,0.0,0.0,0.0,0.0,0.0,0.0,0.0,0.0,0.0,0.0,0.0,0.0,0.0,0.0,0.0,0.0,0.0,0.0,0.0
341.75,4.0,0.0,0.0,0.0,0.0,0.0,0.0,0.0,0.0,0.0,0.0,0.0,0.0,0.0,0.0,0.0,0.0,0.0,0.0,0.0,0.0
342.0,1.0,15.401157344628489,16.96107837604994,18.218870524687144,18.642547864977242,18.98077774143135,18.336581896716194,19.59814180092488,20.48175555490496,21.440289878019726,22.432098391945768,1.0,1.0,1.0,1.0,1.0,1.0,1.0,1.0,1.0,1.0
342.25,2.0,14.527932966602103,17.108628830015128,17.38001503019514,15.235356354884775,15.731321335740343,15.476751878180258,14.757199578244796,14.47406927652654,15.185824861083246,15.61219202271828,1.0,1.0,1.0,1.0,1.0,1.0,1.0,1.0,1.0,1.0
342.5,3.0,0.0,0.0,0.0,0.0,0.0,0.0,0.0,0.0,0.0,0.0,0.0,0.0,0.0,0.0,0.0,0.0,0.0,0.0,0.0,0.0
342.75,4.0,17.271105926731604,16.95283910661727,17.298691134729776,18.016083808083575,16.42087902946678,16.801902735791337,16.643728475323673,16.564391633336562,16.80789571850258,16.79089402197994,1.0,1.0,1.0,1.0,1.0,1.0,1.0,1.0,1.0,1.0
343.0,1.0,15.098116210342107,17.332028511080708,19.546193796718462,19.510331903843127,19.322291668303613,18.697254481224732,19.299091420414186,20.317077829422722,21.70631038055234,21.976228936674485,1.0,1.0,1.0,1.0,1.0,1.0,1.0,1.0,1.0,1.0
343.25,2.0,0.0,0.0,0.0,0.0,0.0,0.0,0.0,0.0,0.0,0.0,0.0,0.0,0.0,0.0,0.0,0.0,0.0,0.0,0.0,0.0
343.5,3.0,16.909356600540335,16.724353522685192,15.215189998494047,14.067745605969188,14.579471045100203,13.962153473765085,14.069411601106678,14.107513255481102,14.671181330034678,15.206875148152552,1.0,1.0,1.0,1.0,1.0,1.0,1.0,1.0,1.0,1.0
343.75,4.0,17.542359776022423,17.160277563186554,16.966290845208512,17.33772296360666,17.469244113759295,16.4916716251149,17.712690261916993,16.680489416838803,17.41964980650549,17.842878825120863,1.0,1.0,1.0,1.0,1.0,1.0,1.0,1.0,1.0,1.0
344.0,1.0,16.696477797643134,19.192526007885174,19.771879927761027,19.268681873607775,19.266231401312243,19.42405150951211,19.74935956311806,21.135681976419754,22.431561849238562,22.610667897435036,1.0,1.0,1.0,1.0,1.0,1.0,1.0,1.0,1.0,1.0
344.25,2.0,17.043443551436788,19.194308482858112,17.77503078184607,15.463239703210904,14.534872121398015,13.983431255446112,13.333532247415567,14.874540269886744,16.618070163472023,17.737275146783748,1.0,1.0,1.0,1.0,1.0,1.0,1.0,1.0,1.0,1.0
344.5,3.0,0.0,0.0,0.0,0.0,0.0,0.0,0.0,0.0,0.0,0.0,0.0,0.0,0.0,0.0,0.0,0.0,0.0,0.0,0.0,0.0
344.75,4.0,17.388174991760224,16.940156549544266,17.159250917215118,16.984195441620983,17.4001140270305,15.961079688574392,17.028043835484286,16.78432584111013,17.43260440501799,18.40296230936005,1.0,1.0,1.0,1.0,1.0,1.0,1.0,1.0,1.0,1.0
345.0,1.0,18.374998962697035,20.44107450459885,19.624935756886284,19.56945944873362,19.048459675987406,19.699743102815937,20.62584299982149,22.24514542616366,22.66298907707653,23.28674342566359,1.0,1.0,1.0,1.0,1.0,1.0,1.0,1.0,1.0,1.0
345.25,2.0,0.0,0.0,0.0,0.0,0.0,0.0,0.0,0.0,0.0,0.0,0.0,0.0,0.0,0.0,0.0,0.0,0.0,0.0,0.0,0.0
345.5,3.0,17.03142012706075,15.886943862034965,14.864576008871413,14.60268738787563,14.076509678200086,13.911872150546012,12.94550944477012,12.665673769541753,12.528616233470999,13.12674606447646,1.0,1.0,1.0,1.0,1.0,1.0,1.0,1.0,1.0,1.0
345.75,4.0,17.76751594799511,18.033095423095737,17.67967000019605,17.798299306126655,17.316886035443282,15.51155611804129,15.984336618618721,15.119030585381902,15.055002055687392,15.679748217116972,1.0,1.0,1.0,1.0,1.0,1.0,1.0,1.0,1.0,1.0
346.0,1.0,0.0,0.0,0.0,0.0,0.0,0.0,0.0,0.0,0.0,0.0,0.0,0.0,0.0,0.0,0.0,0.0,0.0,0.0,0.0,0.0
346.25,2.0,0.0,0.0,0.0,0.0,0.0,0.0,0.0,0.0,0.0,0.0,0.0,0.0,0.0,0.0,0.0,0.0,0.0,0.0,0.0,0.0
346.5,3.0,17.39531351918615,16.49601247278055,15.197337280563334,14.015708230495243,14.25094111478948,13.979778509857526,13.193037070844785,13.917574964621789,14.13344942581231,14.241446653534322,1.0,1.0,1.0,1.0,1.0,1.0,1.0,1.0,1.0,1.0
346.75,4.0,0.0,0.0,0.0,0.0,0.0,0.0,0.0,0.0,0.0,0.0,0.0,0.0,0.0,0.0,0.0,0.0,0.0,0.0,0.0,0.0
347.0,1.0,18.377680658089165,19.563698590917127,20.028777764304845,19.764017902589934,21.673519244931658,20.235820842476027,21.607992811022058,22.243459002512502,22.112113013578064,21.55146040348382,1.0,1.0,1.0,1.0,1.0,1.0,1.0,1.0,1.0,1.0
347.25,2.0,16.504591343904647,17.33428049799755,14.886236434510737,12.828562202303797,14.647692889002043,13.870229171601942,14.971257106431667,15.841636526667518,16.995809601440495,17.091224274068633,1.0,1.0,1.0,1.0,1.0,1.0,1.0,1.0,1.0,1.0
347.5,3.0,0.0,0.0,0.0,0.0,0.0,0.0,0.0,0.0,0.0,0.0,0.0,0.0,0.0,0.0,0.0,0.0,0.0,0.0,0.0,0.0
347.75,4.0,18.502015092673467,17.749801276461152,16.85346470766215,15.785449811431512,14.200906396775155,13.89709737139093,15.137666628006674,15.33235285695313,15.679924168752573,16.80343611926509,1.0,1.0,1.0,1.0,1.0,1.0,1.0,1.0,1.0,1.0
348.0,1.0,18.008652064103575,19.512974352880587,21.113685616711106,19.80436250379874,21.07192399408634,21.189258720751045,21.834165340743585,21.792109856652562,21.817436302032053,22.056326408485482,1.0,1.0,1.0,1.0,1.0,1.0,1.0,1.0,1.0,1.0
348.25,2.0,0.0,0.0,0.0,0.0,0.0,0.0,0.0,0.0,0.0,0.0,0.0,0.0,0.0,0.0,0.0,0.0,0.0,0.0,0.0,0.0
348.5,3.0,16.221035068475146,14.728442270666456,14.138145197233957,13.074955741731078,15.060324487418555,15.709437650827628,14.74775986042205,14.976011558194518,14.622865092219266,14.059774106794428,1.0,1.0,1.0,1.0,1.0,1.0,1.0,1.0,1.0,1.0
348.75,4.0,17.662003562476478,17.076344657173557,16.123277702271533,14.414470754397644,14.564038853978893,15.445044894932964,16.451830464802235,17.070963137093525,17.46855745780895,17.387120043854694,1.0,1.0,1.0,1.0,1.0,1.0,1.0,1.0,1.0,1.0
349.0,1.0,0.0,0.0,0.0,0.0,0.0,0.0,0.0,0.0,0.0,0.0,0.0,0.0,0.0,0.0,0.0,0.0,0.0,0.0,0.0,0.0
349.25,2.0,15.829351088830228,15.390275398930688,15.8484774253836,15.514464723075706,15.63831663090994,15.233631102799542,16.027923748632592,17.22785040271296,17.18101515659683,16.75765886819007,1.0,1.0,1.0,1.0,1.0,1.0,1.0,1.0,1.0,1.0
349.5,3.0,0.0,0.0,0.0,0.0,0.0,0.0,0.0,0.0,0.0,0.0,0.0,0.0,0.0,0.0,0.0,0.0,0.0,0.0,0.0,0.0
349.75,4.0,0.0,0.0,0.0,0.0,0.0,0.0,0.0,0.0,0.0,0.0,0.0,0.0,0.0,0.0,0.0,0.0,0.0,0.0,0.0,0.0
350.0,1.0,18.524795650648485,19.401412223943424,21.288367044492272,21.0769746913161,22.254517349914334,22.504722138649004,22.27030903268743,20.821911308074792,20.904592979974343,19.728076047039423,1.0,1.0,1.0,1.0,1.0,1.0,1.0,1.0,1.0,1.0
350.25,2.0,15.929040180671134,15.749973193169932,16.02800506970153,14.672831529768853,14.957651078115092,15.348398777952696,17.476366634847526,17.90336152760337,17.15749809451371,16.476481425026897,1.0,1.0,1.0,1.0,1.0,1.0,1.0,1.0,1.0,1.0
350.5,3.0,0.0,0.0,0.0,0.0,0.0,0.0,0.0,0.0,0.0,0.0,0.0,0.0,0.0,0.0,0.0,0.0,0.0,0.0,0.0,0.0
350.75,4.0,16.1400638471158,14.83441175444909,15.094594611068043,15.815594023629659,14.902210992639663,16.171475040989105,15.807868986930183,17.32718504231655,18.164062349987663,18.271620159170535,1.0,1.0,1.0,1.0,1.0,1.0,1.0,1.0,1.0,1.0
351.0,1.0,19.397107693405147,20.808652296898302,21.45180890994633,21.583169212494955,22.200869613976913,22.032426012044418,20.594338822081387,20.662483185252345,20.417024855022984,19.864075075249662,1.0,1.0,1.0,1.0,1.0,1.0,1.0,1.0,1.0,1.0
351.25,2.0,0.0,0.0,0.0,0.0,0.0,0.0,0.0,0.0,0.0,0.0,0.0,0.0,0.0,0.0,0.0,0.0,0.0,0.0,0.0,0.0
351.5,3.0,13.620471925508909,13.53044191458442,14.570589740203495,14.822376348483317,16.708677238469757,17.546724661867987,17.117604643552237,15.836958974517014,15.15679240473043,15.155855021406094,1.0,1.0,1.0,1.0,1.0,1.0,1.0,1.0,1.0,1.0
351.75,4.0,16.749861507382636,13.933626254408074,14.940849735593048,16.371422254507934,16.122339976955132,17.035534022747335,17.4510762780544,18.423497419646164,19.26910402131353,18.93080916380523,1.0,1.0,1.0,1.0,1.0,1.0,1.0,1.0,1.0,1.0
352.0,1.0,20.16582255804652,20.335114562525092,21.438617555507783,21.90463437614839,21.91246485335304,21.515086036693305,20.27702222141738,19.55805525067338,20.320852140800906,19.92201446031915,1.0,1.0,1.0,1.0,1.0,1.0,1.0,1.0,1.0,1.0
352.25,2.0,17.048836953351902,16.98748722691648,16.29181322452685,16.669063156834067,17.279075805731377,17.155636787001963,17.097581777237465,17.31952310846269,18.560099438858146,17.084741947971033,1.0,1.0,1.0,1.0,1.0,1.0,1.0,1.0,1.0,1.0
352.5,3.0,0.0,0.0,0.0,0.0,0.0,0.0,0.0,0.0,0.0,0.0,0.0,0.0,0.0,0.0,0.0,0.0,0.0,0.0,0.0,0.0
352.75,4.0,17.48470774544069,14.400216169732062,16.107789605621736,17.83264342347313,16.69147807871825,17.478284071777388,17.74243652695021,19.420615071254915,20.331932304839615,19.83455754751603,1.0,1.0,1.0,1.0,1.0,1.0,1.0,1.0,1.0,1.0
353.0,1.0,20.44080848397422,20.542153054269072,21.200788599531148,21.553530272623078,21.36262706663897,20.80259420856422,19.77255677644868,19.045644850381453,20.958531708148428,22.245150583701953,1.0,1.0,1.0,1.0,1.0,1.0,1.0,1.0,1.0,1.0
353.25,2.0,0.0,0.0,0.0,0.0,0.0,0.0,0.0,0.0,0.0,0.0,0.0,0.0,0.0,0.0,0.0,0.0,0.0,0.0,0.0,0.0
353.5,3.0,15.92300952098079,16.01670244285576,15.937962772146514,16.321165622707667,17.383144432411445,16.960829719959662,16.03531756946977,15.85813601931389,16.596720840474738,16.79842945952348,1.0,1.0,1.0,1.0,1.0,1.0,1.0,1.0,1.0,1.0
353.75,4.0,16.635553403869853,14.365080280170742,16.719155389257867,17.97733273313058,17.172527390402347,17.74084635876939,18.797318682875044,19.69906839308688,21.46644976413029,20.047228550975504,1.0,1.0,1.0,1.0,1.0,1.0,1.0,1.0,1.0,1.0
354.0,1.0,0.0,0.0,0.0,0.0,0.0,0.0,0.0,0.0,0.0,0.0,0.0,0.0,0.0,0.0,0.0,0.0,0.0,0.0,0.0,0.0
354.25,2.0,0.0,0.0,0.0,0.0,0.0,0.0,0.0,0.0,0.0,0.0,0.0,0.0,0.0,0.0,0.0,0.0,0.0,0.0,0.0,0.0
354.5,3.0,16.60811656517536,16.054393606458852,15.996788519195576,17.09436159758321,15.830903127844453,15.866747946078835,15.826268562342186,17.109626684544118,17.574624194777467,16.935094403919063,1.0,1.0,1.0,1.0,1.0,1.0,1.0,1.0,1.0,1.0
354.75,4.0,0.0,0.0,0.0,0.0,0.0,0.0,0.0,0.0,0.0,0.0,0.0,0.0,0.0,0.0,0.0,0.0,0.0,0.0,0.0,0.0
355.0,1.0,18.337909201765328,19.581986652041124,20.894427342855668,20.082072015873358,19.728137992814613,21.1814636855344,20.917691444408298,20.489632500720734,21.015243936097722,21.663572544652656,1.0,1.0,1.0,1.0,1.0,1.0,1.0,1.0,1.0,1.0
355.25,2.0,17.31405737884424,16.93525372585684,17.559184421407462,18.060133901148436,18.49097793487273,19.14389293505658,20.02132456796575,19.837554433928222,20.776104327226047,19.626168899768178,1.0,1.0,1.0,1.0,1.0,1.0,1.0,1.0,1.0,1.0
355.5,3.0,0.0,0.0,0.0,0.0,0.0,0.0,0.0,0.0,0.0,0.0,0.0,0.0,0.0,0.0,0.0,0.0,0.0,0.0,0.0,0.0
355.75,4.0,16.020369737015844,15.828326222833624,17.707275586524478,19.90967377298089,20.691046071817734,20.203824717462204,21.4841057920733,21.141985348365697,20.424426054564087,18.570207563107164,1.0,1.0,1.0,1.0,1.0,1.0,1.0,1.0,1.0,1.0
356.0,1.0,18.907627139922297,19.68297761768999,19.7036850794,19.722876917199418,19.512685025635808,21.403388381473512,21.03533000445182,20.837254911539656,20.595609075089328,21.328600689389692,1.0,1.0,1.0,1.0,1.0,1.0,1.0,1.0,1.0,1.0
356.25,2.0,0.0,0.0,0.0,0.0,0.0,0.0,0.0,0.0,0.0,0.0,0.0,0.0,0.0,0.0,0.0,0.0,0.0,0.0,0.0,0.0
356.5,3.0,16.528267021117287,16.065877808746087,17.597894897825796,16.83794287027718,17.37439662701947,17.21174944580356,16.605997006763644,16.78374297073256,16.934926104123075,15.558210776315745,1.0,1.0,1.0,1.0,1.0,1.0,1.0,1.0,1.0,1.0
356.75,4.0,16.770132944207976,17.444906155881295,19.329375280123394,21.652557935489984,21.44186534192672,20.504791994909567,20.076524577048623,20.256938814008606,19.323296513307618,18.095393815034843,1.0,1.0,1.0,1.0,1.0,1.0,1.0,1.0,1.0,1.0
357.0,1.0,0.0,0.0,0.0,0.0,0.0,0.0,0.0,0.0,0.0,0.0,0.0,0.0,0.0,0.0,0.0,0.0,0.0,0.0,0.0,0.0
357.25,2.0,18.8641893612741,18.50962481936032,18.5053612019545,19.70971561502281,18.83778422990802,19.295666415047613,19.054217977748415,18.649303128707817,19.584596784996325,18.033239037317106,1.0,1.0,1.0,1.0,1.0,1.0,1.0,1.0,1.0,1.0
357.5,3.0,0.0,0.0,0.0,0.0,0.0,0.0,0.0,0.0,0.0,0.0,0.0,0.0,0.0,0.0,0.0,0.0,0.0,0.0,0.0,0.0
357.75,4.0,0.0,0.0,0.0,0.0,0.0,0.0,0.0,0.0,0.0,0.0,0.0,0.0,0.0,0.0,0.0,0.0,0.0,0.0,0.0,0.0
358.0,1.0,18.434556218554185,18.271546501588602,17.66914395652419,18.36811033847352,19.314844498548833,19.736143244773167,20.889795202556435,20.773994444604813,22.140993308963683,22.572478769104887,1.0,1.0,1.0,1.0,1.0,1.0,1.0,1.0,1.0,1.0
358.25,2.0,19.3484195511186,18.228500340573678,19.04926137744585,20.08207995333411,19.182637695886694,19.41325600080691,19.60637129946534,19.316361129571856,20.025434051044527,18.06222832349482,1.0,1.0,1.0,1.0,1.0,1.0,1.0,1.0,1.0,1.0
358.5,3.0,17.930825956653567,18.558359640178068,17.47698779154404,17.149053340820487,17.73661526520627,18.805090285857112,17.639808801917706,17.36484430758442,16.444368880274403,15.445567666939326,1.0,1.0,1.0,1.0,1.0,1.0,1.0,1.0,1.0,1.0
358.75,4.0,18.394568266028102,19.807346478270652,20.967378888876965,20.862273829348055,20.529954656940703,19.586965845319956,19.10684950447052,17.543575766476625,17.67931711876804,17.903073648916678,1.0,1.0,1.0,1.0,1.0,1.0,1.0,1.0,1.0,1.0
359.0,1.0,18.312457057352407,19.430191163242203,18.998851034739825,18.751010711963797,20.018282796376646,20.221552334574348,21.273212653846347,21.78066655557785,21.804332236098936,22.177138568471552,1.0,1.0,1.0,1.0,1.0,1.0,1.0,1.0,1.0,1.0
359.25,2.0,0.0,0.0,0.0,0.0,0.0,0.0,0.0,0.0,0.0,0.0,0.0,0.0,0.0,0.0,0.0,0.0,0.0,0.0,0.0,0.0
359.5,3.0,19.292470968351196,18.500647014893342,18.120522231541827,17.34413824363576,18.259935570600007,18.176949428130204,17.01397985364712,16.51181662929568,16.36325852345034,16.22952381768479,1.0,1.0,1.0,1.0,1.0,1.0,1.0,1.0,1.0,1.0
359.75,4.0,18.674613788897567,18.525996872611465,19.9618479284799,21.2166422747626,20.929987599280235,19.521291274983675,19.520929219359346,19.3630956385496,18.498832727925983,17.76775433577214,1.0,1.0,1.0,1.0,1.0,1.0,1.0,1.0,1.0,1.0
360.0,1.0,18.173371363229375,18.699209937466616,18.824878718822767,18.875868277042944,19.526867610883865,20.29736146721445,20.613672724567458,20.181744046021564,20.093680336547596,20.894400805167578,1.0,1.0,1.0,1.0,1.0,1.0,1.0,1.0,1.0,1.0
360.25,2.0,19.11068948534109,19.47452539905752,20.828634205096712,19.580757340083967,19.86141025835896,19.617794002981366,19.75251221358396,19.941095836988964,19.929594554966236,19.46360226650809,1.0,1.0,1.0,1.0,1.0,1.0,1.0,1.0,1.0,1.0
360.5,3.0,0.0,0.0,0.0,0.0,0.0,0.0,0.0,0.0,0.0,0.0,0.0,0.0,0.0,0.0,0.0,0.0,0.0,0.0,0.0,0.0
360.75,4.0,18.873635939096612,17.681803603590275,20.785193966209334,20.24336698100389,19.74655074694235,18.723361782443988,19.51982121481833,18.920479486276566,17.83084183018144,16.539601793556212,1.0,1.0,1.0,1.0,1.0,1.0,1.0,1.0,1.0,1.0
361.0,1.0,18.02288451875508,18.012773551571684,18.444759872353586,18.03482960946738,19.97263169506605,20.14920789380845,19.94561768099149,19.677553454832015,19.76037356277015,20.809624035041782,1.0,1.0,1.0,1.0,1.0,1.0,1.0,1.0,1.0,1.0
361.25,2.0,0.0,0.0,0.0,0.0,0.0,0.0,0.0,0.0,0.0,0.0,0.0,0.0,0.0,0.0,0.0,0.0,0.0,0.0,0.0,0.0
361.5,3.0,18.958494476411385,19.59988381406106,19.669232280471697,18.630385427333138,18.887405558406527,18.991047134346267,18.124047550119663,17.542794398323828,17.645126689669926,17.934177770555426,1.0,1.0,1.0,1.0,1.0,1.0,1.0,1.0,1.0,1.0
361.75,4.0,19.98406584107428,19.578403869164585,20.163873469537652,20.428002740837748,20.530483776428138,19.958536836504702,19.583417556358782,18.097253916682284,17.394492492821847,15.466337829280217,1.0,1.0,1.0,1.0,1.0,1.0,1.0,1.0,1.0,1.0
362.0,1.0,0.0,0.0,0.0,0.0,0.0,0.0,0.0,0.0,0.0,0.0,0.0,0.0,0.0,0.0,0.0,0.0,0.0,0.0,0.0,0.0
362.25,2.0,19.9726845542964,20.42578911497546,20.83668313304054,18.969175703789983,18.00448365571638,18.827279181619115,19.850948888210915,21.039172548329198,21.54007042674424,21.26226826485762,1.0,1.0,1.0,1.0,1.0,1.0,1.0,1.0,1.0,1.0
362.5,3.0,19.871770972061555,19.85778764860276,19.278028613444096,18.52070847040779,18.947298753933584,18.792110315450426,17.992940965468527,17.726602074724443,17.695464626709377,18.565338424958547,1.0,1.0,1.0,1.0,1.0,1.0,1.0,1.0,1.0,1.0
362.75,4.0,0.0,0.0,0.0,0.0,0.0,0.0,0.0,0.0,0.0,0.0,0.0,0.0,0.0,0.0,0.0,0.0,0.0,0.0,0.0,0.0
363.0,1.0,20.037965733131156,19.062460893686236,18.749678278076228,18.32336760477519,20.074929625425657,19.65051900938156,20.124646628702507,20.458396764364593,21.985507445365176,21.711895745966633,1.0,1.0,1.0,1.0,1.0,1.0,1.0,1.0,1.0,1.0
363.25,2.0,20.31665845185063,21.07740349491938,20.170521494881513,19.075119475662554,18.904299801225765,19.308899063921256,20.409173019456265,21.11583198077945,21.90182938997695,23.04553036535345,1.0,1.0,1.0,1.0,1.0,1.0,1.0,1.0,1.0,1.0
363.5,3.0,0.0,0.0,0.0,0.0,0.0,0.0,0.0,0.0,0.0,0.0,0.0,0.0,0.0,0.0,0.0,0.0,0.0,0.0,0.0,0.0
363.75,4.0,20.4439674768664,19.029707034383495,19.49122941495335,22.651795093328808,21.357183437729468,19.656896936588446,19.53797029317202,18.15355062020012,18.111019427628364,17.9141826952675,1.0,1.0,1.0,1.0,1.0,1.0,1.0,1.0,1.0,1.0
364.0,1.0,21.33518467698596,20.236739065689473,18.648636211135432,19.316510141780938,19.654036065113424,20.665325745065616,21.616122750683555,22.239682859953202,22.452494952766674,22.692452665263453,1.0,1.0,1.0,1.0,1.0,1.0,1.0,1.0,1.0,1.0
364.25,2.0,0.0,0.0,0.0,0.0,0.0,0.0,0.0,0.0,0.0,0.0,0.0,0.0,0.0,0.0,0.0,0.0,0.0,0.0,0.0,0.0
364.5,3.0,20.64257700030791,19.874607085390146,20.14638683481506,19.161917139658147,19.801421419732026,19.273005663502914,19.317390770916454,19.373324923824963,19.24744807135593,18.669988975702342,1.0,1.0,1.0,1.0,1.0,1.0,1.0,1.0,1.0,1.0
364.75,4.0,20.952282395447035,19.3498092676349,21.164557154580304,22.435859427798416,20.161232292105627,19.94279545888329,19.60460691131908,18.59795743672746,18.118500001791936,18.811026620811944,1.0,1.0,1.0,1.0,1.0,1.0,1.0,1.0,1.0,1.0
365.0,1.0,0.0,0.0,0.0,0.0,0.0,0.0,0.0,0.0,0.0,0.0,0.0,0.0,0.0,0.0,0.0,0.0,0.0,0.0,0.0,0.0
365.25,2.0,20.985181239017734,20.25714111009835,20.066671600257482,19.9963401232232,20.58549143493831,21.28108618614869,21.530359735224234,22.929683203418335,23.04630518968836,24.401777219119115,1.0,1.0,1.0,1.0,1.0,1.0,1.0,1.0,1.0,1.0
365.5,3.0,0.0,0.0,0.0,0.0,0.0,0.0,0.0,0.0,0.0,0.0,0.0,0.0,0.0,0.0,0.0,0.0,0.0,0.0,0.0,0.0
365.75,4.0,0.0,0.0,0.0,0.0,0.0,0.0,0.0,0.0,0.0,0.0,0.0,0.0,0.0,0.0,0.0,0.0,0.0,0.0,0.0,0.0
366.0,1.0,20.236515338403294,19.504801529521167,19.83352771308464,21.700536293102203,23.81662435841418,23.708947356270475,23.069662559458532,23.299586278238557,23.07333355252944,22.412609989181913,1.0,1.0,1.0,1.0,1.0,1.0,1.0,1.0,1.0,1.0
366.25,2.0,21.778831409970504,21.633338492296048,20.78694893942387,20.81878973699803,21.561007769054353,21.88915196211696,22.766221598054706,23.606830054493056,23.5079870193843,24.035254354919118,1.0,1.0,1.0,1.0,1.0,1.0,1.0,1.0,1.0,1.0
366.5,3.0,19.386221984394183,19.081029059598265,19.389602951799734,18.131998541328574,18.882754249865055,17.125912521739433,17.43752381898617,17.154350567061016,16.801878389505173,16.893844118761688,1.0,1.0,1.0,1.0,1.0,1.0,1.0,1.0,1.0,1.0
366.75,4.0,23.54118410440651,23.264344004833777,21.26986231097681,20.450023396794812,21.432216067042724,21.097038431987098,20.290420791056555,18.201882359829526,18.268440560927736,19.040606278141077,1.0,1.0,1.0,1.0,1.0,1.0,1.0,1.0,1.0,1.0
367.0,1.0,20.55884109538555,20.97245905813896,21.418871318660734,22.493611963490032,23.779067415611944,24.095379840311615,22.983298365531866,22.969549012270036,22.692430025170488,22.159371874761067,1.0,1.0,1.0,1.0,1.0,1.0,1.0,1.0,1.0,1.0
367.25,2.0,0.0,0.0,0.0,0.0,0.0,0.0,0.0,0.0,0.0,0.0,0.0,0.0,0.0,0.0,0.0,0.0,0.0,0.0,0.0,0.0
367.5,3.0,20.477218035352877,19.211132825303597,19.307865592270165,17.79284097502136,17.76298004232662,17.57856944688391,17.778400688036783,17.013606999614858,16.713857229918823,17.006632044961997,1.0,1.0,1.0,1.0,1.0,1.0,1.0,1.0,1.0,1.0
367.75,4.0,23.787218175062122,21.34425961091363,18.73460015506073,20.178694705438517,19.78282892326142,18.907402814447714,18.350366590988408,17.904778969184832,18.319783223086326,19.619709011696514,1.0,1.0,1.0,1.0,1.0,1.0,1.0,1.0,1.0,1.0
368.0,1.0,21.332751992374103,22.16379221622653,22.474206728556883,23.462610084502167,24.126716427109727,22.629674589040068,22.208566744533556,21.322146786755134,21.798727115622984,21.786524161293297,1.0,1.0,1.0,1.0,1.0,1.0,1.0,1.0,1.0,1.0
368.25,2.0,21.88507747825272,21.78515931553458,21.4719011653053,20.53112026024156,22.548365240752236,23.06110398285101,24.06386303578123,24.74178568493935,25.01781816079686,24.309595751997737,1.0,1.0,1.0,1.0,1.0,1.0,1.0,1.0,1.0,1.0
368.5,3.0,0.0,0.0,0.0,0.0,0.0,0.0,0.0,0.0,0.0,0.0,0.0,0.0,0.0,0.0,0.0,0.0,0.0,0.0,0.0,0.0
368.75,4.0,22.291923079749036,19.667796463910136,18.70471187590102,19.71953436056383,18.522526616886964,19.114452901111708,18.988339559928548,17.533200263399582,18.585363472528936,19.14324049878744,1.0,1.0,1.0,1.0,1.0,1.0,1.0,1.0,1.0,1.0
369.0,1.0,21.48743590245552,21.828688998998217,22.56947308586088,23.640914927889995,23.694717912260963,22.067174711461767,21.53208376929099,20.875941764857206,20.32914626279803,21.31963876380619,1.0,1.0,1.0,1.0,1.0,1.0,1.0,1.0,1.0,1.0
369.25,2.0,0.0,0.0,0.0,0.0,0.0,0.0,0.0,0.0,0.0,0.0,0.0,0.0,0.0,0.0,0.0,0.0,0.0,0.0,0.0,0.0
369.5,3.0,20.31870714326703,19.71853456305884,18.971733439518395,17.5380607907827,17.511267880863272,17.37795291049091,17.625412633927176,16.60694400685942,15.421560261674069,16.138454132262815,1.0,1.0,1.0,1.0,1.0,1.0,1.0,1.0,1.0,1.0
369.75,4.0,21.232712362085653,19.30989672519768,20.22644785219993,20.822188198906968,20.022349921709868,19.44921709472965,18.622742697038465,18.374387072434935,19.18581008402889,19.655289945527727,1.0,1.0,1.0,1.0,1.0,1.0,1.0,1.0,1.0,1.0
370.0,1.0,0.0,0.0,0.0,0.0,0.0,0.0,0.0,0.0,0.0,0.0,0.0,0.0,0.0,0.0,0.0,0.0,0.0,0.0,0.0,0.0
370.25,2.0,21.88433061120114,22.452227809126505,22.300204364237207,22.73825232335553,24.459596592168207,24.0630357995732,23.30740065075421,23.090998495224596,23.183683788966526,23.655982833970988,1.0,1.0,1.0,1.0,1.0,1.0,1.0,1.0,1.0,1.0
370.5,3.0,19.785577972211144,19.210138051841763,18.88267060244434,19.173690430901072,19.65065049508291,18.191566866857208,18.024703233864066,17.050845067381104,16.29770319965918,16.446170753198572,1.0,1.0,1.0,1.0,1.0,1.0,1.0,1.0,1.0,1.0
370.75,4.0,0.0,0.0,0.0,0.0,0.0,0.0,0.0,0.0,0.0,0.0,0.0,0.0,0.0,0.0,0.0,0.0,0.0,0.0,0.0,0.0
371.0,1.0,21.805265857528823,21.702515553033763,22.952802246986984,22.444035281122066,23.14019657467299,23.142833369279103,23.17928903306756,23.03580820615204,22.173713203914684,22.588439693158314,1.0,1.0,1.0,1.0,1.0,1.0,1.0,1.0,1.0,1.0
371.25,2.0,21.051369064403225,22.15121306673891,21.6323082621285,22.953904715511648,24.42331519172088,24.2685128262324,23.403402992195055,23.995126806778682,23.951689637997468,23.41249685460809,1.0,1.0,1.0,1.0,1.0,1.0,1.0,1.0,1.0,1.0
371.5,3.0,0.0,0.0,0.0,0.0,0.0,0.0,0.0,0.0,0.0,0.0,0.0,0.0,0.0,0.0,0.0,0.0,0.0,0.0,0.0,0.0
371.75,4.0,21.52576935524285,21.240842710420964,21.474249414280948,21.028095416615464,20.733057106122047,19.906208978916858,20.146963162960915,20.677862154943682,19.89313546047768,19.957626357686006,1.0,1.0,1.0,1.0,1.0,1.0,1.0,1.0,1.0,1.0
372.0,1.0,21.49954850908941,22.068608115625278,22.377327143068296,22.754229218052192,24.58581972287449,23.379233846649235,22.474099463836925,22.644854781627735,22.355479624887302,23.216717873212996,1.0,1.0,1.0,1.0,1.0,1.0,1.0,1.0,1.0,1.0
372.25,2.0,0.0,0.0,0.0,0.0,0.0,0.0,0.0,0.0,0.0,0.0,0.0,0.0,0.0,0.0,0.0,0.0,0.0,0.0,0.0,0.0
372.5,3.0,19.515482284468696,20.300434497412564,20.850406043307174,19.969878056855674,19.984152671887664,19.256183563850154,19.175029804236313,19.495173033172286,19.476584366828586,18.855666325197056,1.0,1.0,1.0,1.0,1.0,1.0,1.0,1.0,1.0,1.0
372.75,4.0,20.922726677752873,21.757432629017828,21.49622980574902,21.22978301560186,20.792342085876793,20.26540351510967,21.123397063244397,20.813892458467762,20.63623435137907,20.738405796976494,1.0,1.0,1.0,1.0,1.0,1.0,1.0,1.0,1.0,1.0
373.0,1.0,21.799417872619948,21.286875095123417,21.300107791809353,22.555983569673813,24.022791882697994,24.073748333690073,22.75777103513592,23.158851648080798,22.363149053709623,21.842502608486697,1.0,1.0,1.0,1.0,1.0,1.0,1.0,1.0,1.0,1.0
373.25,2.0,20.876533428433387,21.750049573257982,22.391322396652686,21.35332241668018,22.508397475506726,22.455997845648223,22.084907083113013,22.049292191637658,22.615866597952873,21.78639899446034,1.0,1.0,1.0,1.0,1.0,1.0,1.0,1.0,1.0,1.0
373.5,3.0,0.0,0.0,0.0,0.0,0.0,0.0,0.0,0.0,0.0,0.0,0.0,0.0,0.0,0.0,0.0,0.0,0.0,0.0,0.0,0.0
373.75,4.0,21.093565849821456,21.659134054807268,21.247292058206746,22.31822143388545,21.020845588082956,21.069937164634954,21.054430911778283,20.64363391391274,19.35263780189484,20.555242399842864,1.0,1.0,1.0,1.0,1.0,1.0,1.0,1.0,1.0,1.0
374.0,1.0,21.312927481328078,20.068483078940137,21.916700986757014,23.497175151931756,23.17763804293338,23.583228064577177,22.528824425552774,22.310173138195257,21.101089305678055,21.43524994903601,1.0,1.0,1.0,1.0,1.0,1.0,1.0,1.0,1.0,1.0
374.25,2.0,22.004425871269927,22.01200869731132,22.30978969436415,22.608480478957155,23.37358564327233,24.103391254195408,23.706690128659517,23.01911698373739,22.3627080786671,21.42789098432402,1.0,1.0,1.0,1.0,1.0,1.0,1.0,1.0,1.0,1.0
374.5,3.0,22.59572189189353,22.7609920674889,22.58388923617806,21.40289181077032,20.62545756982638,20.565268700321177,20.936515629905212,19.94045191231137,19.135001855545397,18.72011452184426,1.0,1.0,1.0,1.0,1.0,1.0,1.0,1.0,1.0,1.0
374.75,4.0,22.072287679476478,22.042420502567026,22.079891066852365,22.134038399768098,20.386233437626146,20.677818026762257,20.236656658624355,20.520131871812985,19.100506184686758,19.637274412871314,1.0,1.0,1.0,1.0,1.0,1.0,1.0,1.0,1.0,1.0
375.0,1.0,0.0,0.0,0.0,0.0,0.0,0.0,0.0,0.0,0.0,0.0,0.0,0.0,0.0,0.0,0.0,0.0,0.0,0.0,0.0,0.0
375.25,2.0,0.0,0.0,0.0,0.0,0.0,0.0,0.0,0.0,0.0,0.0,0.0,0.0,0.0,0.0,0.0,0.0,0.0,0.0,0.0,0.0
375.5,3.0,21.721592823975072,21.965738230065977,21.671187184709243,20.582895239438738,20.54916560893922,20.23253672494563,20.223647907928925,19.787561338680952,19.29251145846386,19.383698967878363,1.0,1.0,1.0,1.0,1.0,1.0,1.0,1.0,1.0,1.0
375.75,4.0,0.0,0.0,0.0,0.0,0.0,0.0,0.0,0.0,0.0,0.0,0.0,0.0,0.0,0.0,0.0,0.0,0.0,0.0,0.0,0.0
376.0,1.0,22.493543719731772,22.170611840922174,23.467367121338405,23.45806106911258,21.601416794334572,21.750239984390475,21.104153117201353,21.252733267569553,20.611187780856625,19.943357256903905,1.0,1.0,1.0,1.0,1.0,1.0,1.0,1.0,1.0,1.0
376.25,2.0,21.582516082722744,21.503277678753427,23.7229425462672,24.368610067649705,22.908727861141045,21.564339923580942,20.829101186635935,21.403325833702176,22.14614210769972,22.46656137585301,1.0,1.0,1.0,1.0,1.0,1.0,1.0,1.0,1.0,1.0
376.5,3.0,0.0,0.0,0.0,0.0,0.0,0.0,0.0,0.0,0.0,0.0,0.0,0.0,0.0,0.0,0.0,0.0,0.0,0.0,0.0,0.0
376.75,4.0,22.71820215207818,21.999026691256535,20.867616842586433,20.131128799964035,19.90251117484672,19.069982778639012,17.817790707258485,17.4502480128837,17.412871621299914,17.376183753937397,1.0,1.0,1.0,1.0,1.0,1.0,1.0,1.0,1.0,1.0
377.0,1.0,22.086298121600713,22.285048136821583,23.73187955847795,23.273183947237825,21.004085023290685,20.850705295242904,19.96680970854993,19.75721047125009,20.040688615793407,20.176325909048458,1.0,1.0,1.0,1.0,1.0,1.0,1.0,1.0,1.0,1.0
377.25,2.0,0.0,0.0,0.0,0.0,0.0,0.0,0.0,0.0,0.0,0.0,0.0,0.0,0.0,0.0,0.0,0.0,0.0,0.0,0.0,0.0
377.5,3.0,21.40294364478377,21.37380172368487,21.483005355973596,21.360872530070473,21.715772014388545,21.54480676452845,22.401515241521498,22.950383132928778,22.50214960678195,22.680481478446097,1.0,1.0,1.0,1.0,1.0,1.0,1.0,1.0,1.0,1.0
377.75,4.0,22.427008898094975,20.779590329982735,20.139871286178707,19.888199831201568,20.725382440568374,19.367726500392163,18.018460752579404,17.251343018214218,16.720190164164087,16.36922011841168,1.0,1.0,1.0,1.0,1.0,1.0,1.0,1.0,1.0,1.0
378.0,1.0,0.0,0.0,0.0,0.0,0.0,0.0,0.0,0.0,0.0,0.0,0.0,0.0,0.0,0.0,0.0,0.0,0.0,0.0,0.0,0.0
378.25,2.0,20.0032178028731,21.524209983086898,22.38883851646758,22.469914966779445,22.654777339252043,21.861219087593003,22.26904627051018,21.827474137612807,22.032581795644735,22.223965860508443,1.0,1.0,1.0,1.0,1.0,1.0,1.0,1.0,1.0,1.0
378.5,3.0,0.0,0.0,0.0,0.0,0.0,0.0,0.0,0.0,0.0,0.0,0.0,0.0,0.0,0.0,0.0,0.0,0.0,0.0,0.0,0.0
378.75,4.0,0.0,0.0,0.0,0.0,0.0,0.0,0.0,0.0,0.0,0.0,0.0,0.0,0.0,0.0,0.0,0.0,0.0,0.0,0.0,0.0
379.0,1.0,23.45715195754942,22.43515788934835,22.62098827927612,21.17666105788852,20.49671229507813,19.487212344959215,18.840890623751097,17.854543946411013,18.846035898365535,18.543359472558492,1.0,1.0,1.0,1.0,1.0,1.0,1.0,1.0,1.0,1.0
379.25,2.0,21.356984563842417,21.486190739739303,22.27182114135061,22.211712400859934,22.165783779210717,20.68979364401412,20.21401635525055,21.23673912435731,21.177653344048792,21.659343588079178,1.0,1.0,1.0,1.0,1.0,1.0,1.0,1.0,1.0,1.0
379.5,3.0,0.0,0.0,0.0,0.0,0.0,0.0,0.0,0.0,0.0,0.0,0.0,0.0,0.0,0.0,0.0,0.0,0.0,0.0,0.0,0.0
379.75,4.0,20.4419164592192,19.976316695246435,20.94863878307315,20.216166235831835,18.92861188297415,17.639772704809506,17.398490180372658,17.30762651148343,17.446214155869598,17.10434256471002,1.0,1.0,1.0,1.0,1.0,1.0,1.0,1.0,1.0,1.0
380.0,1.0,25.019007796336957,23.605313842286836,22.571228814927505,20.950727029829903,19.937393246595402,19.422848953346513,19.745247714902142,19.194970873851215,19.55432678192566,18.369671074598678,1.0,1.0,1.0,1.0,1.0,1.0,1.0,1.0,1.0,1.0
380.25,2.0,0.0,0.0,0.0,0.0,0.0,0.0,0.0,0.0,0.0,0.0,0.0,0.0,0.0,0.0,0.0,0.0,0.0,0.0,0.0,0.0
380.5,3.0,19.78583023784912,20.721212711921954,20.874243514122803,20.096617173623677,21.698282788217732,21.257364346947693,21.146838041201917,21.94677490038654,20.625688448130173,20.64133375258495,1.0,1.0,1.0,1.0,1.0,1.0,1.0,1.0,1.0,1.0
380.75,4.0,20.606043108855832,20.021800339137492,20.901327051364184,18.771092428233626,17.613276216909224,16.81968084399749,17.072315086606935,17.22552652356787,17.546762782369555,17.727102687217634,1.0,1.0,1.0,1.0,1.0,1.0,1.0,1.0,1.0,1.0
381.0,1.0,23.360003892468285,23.27248569179237,21.305663159701542,19.58758160682257,18.1771555834379,17.997585513325543,18.383943597127594,18.124391611489024,18.72854299813435,18.418660175519427,1.0,1.0,1.0,1.0,1.0,1.0,1.0,1.0,1.0,1.0
381.25,2.0,21.09610690290728,20.409321784967943,21.49239981273594,20.946235485980736,21.246129072922816,21.28952247833207,21.548376749152236,20.51223896480384,20.540600743853208,20.942416854114494,1.0,1.0,1.0,1.0,1.0,1.0,1.0,1.0,1.0,1.0
381.5,3.0,0.0,0.0,0.0,0.0,0.0,0.0,0.0,0.0,0.0,0.0,0.0,0.0,0.0,0.0,0.0,0.0,0.0,0.0,0.0,0.0
381.75,4.0,20.127303825580427,19.759634721985076,19.801741429350912,18.000899792538906,16.92329628388473,17.10772435584287,16.84050029037965,18.107943899536803,16.70516367513264,18.18195126920709,1.0,1.0,1.0,1.0,1.0,1.0,1.0,1.0,1.0,1.0
382.0,1.0,21.706408269760416,21.974832909907494,19.307241082733643,18.490449432670253,16.958413611751627,17.4651933784838,18.548849280992275,18.693043220637087,19.884413548255203,19.105780949279993,1.0,1.0,1.0,1.0,1.0,1.0,1.0,1.0,1.0,1.0
382.25,2.0,22.06853467919531,21.444666087008827,20.67757104309278,19.48142701598014,20.12874055603421,20.40783471468734,20.68635307261204,19.72755922074423,19.617343353959026,20.358764299481944,1.0,1.0,1.0,1.0,1.0,1.0,1.0,1.0,1.0,1.0
382.5,3.0,20.197497082279817,21.75074166300898,19.94437330575925,19.52150452099481,20.326644600906533,20.621259833978584,20.284607571659965,21.704340436796745,20.620592527090686,20.38301393990515,1.0,1.0,1.0,1.0,1.0,1.0,1.0,1.0,1.0,1.0
382.75,4.0,20.99267030186898,19.68727810559761,18.39744753034056,17.24163309200009,16.4847437014822,16.326078679764336,17.013682866947708,17.009656687088636,17.636176947386137,18.39055266855096,1.0,1.0,1.0,1.0,1.0,1.0,1.0,1.0,1.0,1.0
383.0,1.0,0.0,0.0,0.0,0.0,0.0,0.0,0.0,0.0,0.0,0.0,0.0,0.0,0.0,0.0,0.0,0.0,0.0,0.0,0.0,0.0
383.25,2.0,0.0,0.0,0.0,0.0,0.0,0.0,0.0,0.0,0.0,0.0,0.0,0.0,0.0,0.0,0.0,0.0,0.0,0.0,0.0,0.0
383.5,3.0,20.935925837306677,21.21643023088501,19.829555862807517,18.9789517468001,20.055787396959186,20.22951828320321,20.18953838779038,21.35689505324867,19.865125562257088,19.12388484596395,1.0,1.0,1.0,1.0,1.0,1.0,1.0,1.0,1.0,1.0
383.75,4.0,0.0,0.0,0.0,0.0,0.0,0.0,0.0,0.0,0.0,0.0,0.0,0.0,0.0,0.0,0.0,0.0,0.0,0.0,0.0,0.0
384.0,1.0,21.691957166296636,20.61724113042964,19.069217488214758,18.49616046098411,16.63722206126903,16.819832543325948,17.427936456754146,18.079027834154516,18.440394705006206,18.720122277885697,1.0,1.0,1.0,1.0,1.0,1.0,1.0,1.0,1.0,1.0
384.25,2.0,21.11681879696396,19.67732893748303,18.53021066545742,16.913984882521994,17.0819723797219,18.624974458330797,19.21570824779786,18.204487392402037,18.279066271920286,19.227694301564647,1.0,1.0,1.0,1.0,1.0,1.0,1.0,1.0,1.0,1.0
384.5,3.0,0.0,0.0,0.0,0.0,0.0,0.0,0.0,0.0,0.0,0.0,0.0,0.0,0.0,0.0,0.0,0.0,0.0,0.0,0.0,0.0
384.75,4.0,18.63070389542525,15.998498570637908,17.208601264630648,17.042895829046266,17.487305683435522,17.626342323068023,17.21242011402439,16.878161979078346,18.021937590266756,17.97858067830568,1.0,1.0,1.0,1.0,1.0,1.0,1.0,1.0,1.0,1.0
385.0,1.0,21.646268641429177,20.38107600609966,18.474376869204423,17.934571143589324,16.03180321808343,17.157063511207,17.045917837816937,17.569928240884266,17.496145199570798,18.40280560142775,1.0,1.0,1.0,1.0,1.0,1.0,1.0,1.0,1.0,1.0
385.25,2.0,0.0,0.0,0.0,0.0,0.0,0.0,0.0,0.0,0.0,0.0,0.0,0.0,0.0,0.0,0.0,0.0,0.0,0.0,0.0,0.0
385.5,3.0,19.807317260273337,19.913383656913012,19.728803420296824,19.88781716589826,20.731158675374196,19.280100970517736,19.366899449014824,18.615939063185458,18.29490857692623,18.36078818935133,1.0,1.0,1.0,1.0,1.0,1.0,1.0,1.0,1.0,1.0
385.75,4.0,18.627468194520826,17.4563666152972,18.52246053801162,18.125329580989956,16.911489643056758,17.359347853646288,16.798336245657147,16.886694746301902,17.902053970855363,18.274270690751955,1.0,1.0,1.0,1.0,1.0,1.0,1.0,1.0,1.0,1.0
386.0,1.0,0.0,0.0,0.0,0.0,0.0,0.0,0.0,0.0,0.0,0.0,0.0,0.0,0.0,0.0,0.0,0.0,0.0,0.0,0.0,0.0
386.25,2.0,18.871332024997837,17.045919744517892,16.8585980582437,17.530836191948584,18.159432815747387,17.906389721934108,17.66204736635319,17.51865204748897,17.869161962626055,17.27519141389682,1.0,1.0,1.0,1.0,1.0,1.0,1.0,1.0,1.0,1.0
386.5,3.0,0.0,0.0,0.0,0.0,0.0,0.0,0.0,0.0,0.0,0.0,0.0,0.0,0.0,0.0,0.0,0.0,0.0,0.0,0.0,0.0
386.75,4.0,0.0,0.0,0.0,0.0,0.0,0.0,0.0,0.0,0.0,0.0,0.0,0.0,0.0,0.0,0.0,0.0,0.0,0.0,0.0,0.0
387.0,1.0,19.091874423228642,18.970380820518553,18.16176061587962,17.647145469556186,17.806148039344812,17.84280018208252,17.96157202313569,17.74103262569812,18.32199584507177,18.399378768824857,1.0,1.0,1.0,1.0,1.0,1.0,1.0,1.0,1.0,1.0
387.25,2.0,17.01682512867071,17.079131319929008,16.587677066910143,16.532301746271514,17.544782680313645,18.12963277254591,17.763390735411186,18.270520422541054,17.281392963328898,16.799580167279327,1.0,1.0,1.0,1.0,1.0,1.0,1.0,1.0,1.0,1.0
387.5,3.0,0.0,0.0,0.0,0.0,0.0,0.0,0.0,0.0,0.0,0.0,0.0,0.0,0.0,0.0,0.0,0.0,0.0,0.0,0.0,0.0
387.75,4.0,18.986560974235434,21.024157616969777,19.993669836287328,19.480983251854816,18.87145386032979,19.04839059892922,18.84007671798514,18.516788594976152,19.439186196800044,19.99732535812919,1.0,1.0,1.0,1.0,1.0,1.0,1.0,1.0,1.0,1.0
388.0,1.0,19.136632032647956,19.34801111189241,19.75140229861847,18.797303748752576,18.99892353454252,19.07111504998588,18.4736033811314,18.3070809108472,18.106618160598273,17.402156885713232,1.0,1.0,1.0,1.0,1.0,1.0,1.0,1.0,1.0,1.0
388.25,2.0,0.0,0.0,0.0,0.0,0.0,0.0,0.0,0.0,0.0,0.0,0.0,0.0,0.0,0.0,0.0,0.0,0.0,0.0,0.0,0.0
388.5,3.0,20.32279186119762,20.15089709329353,17.930181193059394,18.250652286023772,18.522334620227227,17.678922018846034,17.7298954855075,18.95045802652933,18.835300471149722,19.687269902788206,1.0,1.0,1.0,1.0,1.0,1.0,1.0,1.0,1.0,1.0
388.75,4.0,19.66812115569635,20.796838828180405,19.927632868338268,19.310348883059255,19.28466432074606,19.44680884805937,19.96875140425538,20.540141140723694,21.572476807414873,20.55195569543041,1.0,1.0,1.0,1.0,1.0,1.0,1.0,1.0,1.0,1.0
389.0,1.0,20.421018950815014,20.089831626688124,20.265777002624123,20.16565065479242,18.6669324555054,17.842446716466426,18.272370548533022,18.00788152341941,18.65336387555783,17.334847397171274,1.0,1.0,1.0,1.0,1.0,1.0,1.0,1.0,1.0,1.0
389.25,2.0,18.780244517420762,17.275268453896665,17.017130476932415,16.394577729906104,17.166728463053357,18.005722858619308,16.760212847200716,17.841885513178052,18.15055154318986,17.064706628149807,1.0,1.0,1.0,1.0,1.0,1.0,1.0,1.0,1.0,1.0
389.5,3.0,0.0,0.0,0.0,0.0,0.0,0.0,0.0,0.0,0.0,0.0,0.0,0.0,0.0,0.0,0.0,0.0,0.0,0.0,0.0,0.0
389.75,4.0,19.83369690972598,20.160431405738006,19.038659212280926,19.831297811358404,19.644468301701156,19.18667226224221,19.600507933135514,19.90380979122136,20.450288708786715,19.837551643604755,1.0,1.0,1.0,1.0,1.0,1.0,1.0,1.0,1.0,1.0
390.0,1.0,20.017685197901535,20.704723770699875,18.359767056251098,18.877367595524632,17.957472537923664,17.415363441715296,17.930626442398193,17.504836210620148,17.42255487137259,16.51636079539602,1.0,1.0,1.0,1.0,1.0,1.0,1.0,1.0,1.0,1.0
390.25,2.0,0.0,0.0,0.0,0.0,0.0,0.0,0.0,0.0,0.0,0.0,0.0,0.0,0.0,0.0,0.0,0.0,0.0,0.0,0.0,0.0
390.5,3.0,18.719499727786577,19.232489798956824,17.64065173341924,17.994565626226823,18.56422960110134,18.436606114979696,18.02513774220171,18.660332153487303,18.44436368368145,18.87206483218517,1.0,1.0,1.0,1.0,1.0,1.0,1.0,1.0,1.0,1.0
390.75,4.0,20.166025031599816,19.485671162264307,18.166085859717672,19.257801741548118,20.00373513992494,19.89074051024063,21.101459949611808,20.62866685245178,20.815991772927678,19.889865858958277,1.0,1.0,1.0,1.0,1.0,1.0,1.0,1.0,1.0,1.0
391.0,1.0,0.0,0.0,0.0,0.0,0.0,0.0,0.0,0.0,0.0,0.0,0.0,0.0,0.0,0.0,0.0,0.0,0.0,0.0,0.0,0.0
391.25,2.0,0.0,0.0,0.0,0.0,0.0,0.0,0.0,0.0,0.0,0.0,0.0,0.0,0.0,0.0,0.0,0.0,0.0,0.0,0.0,0.0
391.5,3.0,19.653727035487652,19.692185395732007,18.083337418806533,18.467185844379795,19.300735138469594,19.191322637812185,18.29765246581578,18.553952520778612,18.4753431294181,19.094554843418454,1.0,1.0,1.0,1.0,1.0,1.0,1.0,1.0,1.0,1.0
391.75,4.0,0.0,0.0,0.0,0.0,0.0,0.0,0.0,0.0,0.0,0.0,0.0,0.0,0.0,0.0,0.0,0.0,0.0,0.0,0.0,0.0
392.0,1.0,19.33746430684033,19.27891270339567,16.688908435092372,17.73302713723167,18.690632364175862,17.266011030953244,17.839816590727278,17.47747309910318,18.062872338201533,18.048284242629176,1.0,1.0,1.0,1.0,1.0,1.0,1.0,1.0,1.0,1.0
392.25,2.0,17.952786938749824,17.939468121922438,18.00786512667858,17.739804730756227,16.564763388344872,17.652026038555366,16.36508706803429,15.943090676936722,16.85435813539694,16.276086408550224,1.0,1.0,1.0,1.0,1.0,1.0,1.0,1.0,1.0,1.0
392.5,3.0,0.0,0.0,0.0,0.0,0.0,0.0,0.0,0.0,0.0,0.0,0.0,0.0,0.0,0.0,0.0,0.0,0.0,0.0,0.0,0.0
392.75,4.0,19.971781963868647,19.58134241249958,18.274683810856057,19.116773993904758,21.129831878460532,20.19921085063781,19.63037907982082,19.728712193021792,19.385121974267182,19.524322485729403,1.0,1.0,1.0,1.0,1.0,1.0,1.0,1.0,1.0,1.0
393.0,1.0,19.154627313648128,19.073942503872427,17.282223110874103,17.559834910236418,17.53412757960573,16.85512845144265,17.848699281703205,17.776156334476944,17.670792934482684,17.63806684526684,1.0,1.0,1.0,1.0,1.0,1.0,1.0,1.0,1.0,1.0
393.25,2.0,0.0,0.0,0.0,0.0,0.0,0.0,0.0,0.0,0.0,0.0,0.0,0.0,0.0,0.0,0.0,0.0,0.0,0.0,0.0,0.0
393.5,3.0,18.34666418141781,18.390784786917674,16.76988231259324,17.71163700107654,17.06443363225223,17.43016280905324,18.32671790305274,18.201920096509827,17.333441671574384,17.878778753048206,1.0,1.0,1.0,1.0,1.0,1.0,1.0,1.0,1.0,1.0
393.75,4.0,18.862957009379222,18.612808844079606,18.25865987764181,19.09049057125195,19.98729136152888,19.131170443621063,18.940298531033424,18.927838001516694,19.892408888068655,19.397294869344204,1.0,1.0,1.0,1.0,1.0,1.0,1.0,1.0,1.0,1.0
394.0,1.0,0.0,0.0,0.0,0.0,0.0,0.0,0.0,0.0,0.0,0.0,0.0,0.0,0.0,0.0,0.0,0.0,0.0,0.0,0.0,0.0
394.25,2.0,16.553093156629025,18.100911110919785,17.544329786393114,14.428020808743444,15.8453443515751,17.563691968728858,17.47646858778356,17.445256023786314,18.041145783036814,16.81213348882685,1.0,1.0,1.0,1.0,1.0,1.0,1.0,1.0,1.0,1.0
394.5,3.0,0.0,0.0,0.0,0.0,0.0,0.0,0.0,0.0,0.0,0.0,0.0,0.0,0.0,0.0,0.0,0.0,0.0,0.0,0.0,0.0
394.75,4.0,0.0,0.0,0.0,0.0,0.0,0.0,0.0,0.0,0.0,0.0,0.0,0.0,0.0,0.0,0.0,0.0,0.0,0.0,0.0,0.0
395.0,1.0,18.194427910123082,18.250429240042482,18.33911429028399,19.767284645049283,18.74394900679607,16.630316314472495,17.490376043083035,17.755062631466416,18.574580413427956,18.90964810050124,1.0,1.0,1.0,1.0,1.0,1.0,1.0,1.0,1.0,1.0
395.25,2.0,17.42235561798046,17.071991307087004,15.962366083855372,16.246970182297925,16.94586446112594,18.9843836462486,17.162621657627785,16.67830937930827,17.29487225112935,16.884319147882035,1.0,1.0,1.0,1.0,1.0,1.0,1.0,1.0,1.0,1.0
395.5,3.0,0.0,0.0,0.0,0.0,0.0,0.0,0.0,0.0,0.0,0.0,0.0,0.0,0.0,0.0,0.0,0.0,0.0,0.0,0.0,0.0
395.75,4.0,18.188070745753567,18.69599046420111,18.57860691488593,18.78346709510963,19.20936329119108,19.418423607013683,19.795208198046588,19.414751122616188,19.327134157844934,19.652074816650313,1.0,1.0,1.0,1.0,1.0,1.0,1.0,1.0,1.0,1.0
396.0,1.0,17.871920337312066,18.177642003646884,18.16696488040447,18.78930952803709,17.51281441561518,16.762727976942053,17.500435150451406,17.831349711865155,18.832717591723142,18.598147143674588,1.0,1.0,1.0,1.0,1.0,1.0,1.0,1.0,1.0,1.0
396.25,2.0,0.0,0.0,0.0,0.0,0.0,0.0,0.0,0.0,0.0,0.0,0.0,0.0,0.0,0.0,0.0,0.0,0.0,0.0,0.0,0.0
396.5,3.0,16.78051436726622,16.050593457161227,17.7024524366853,18.474564993100284,18.308039266027233,17.188706168191267,16.490305293739034,15.911256826638638,16.60697988886401,16.867255765123172,1.0,1.0,1.0,1.0,1.0,1.0,1.0,1.0,1.0,1.0
396.75,4.0,17.394611765181782,18.30339387720459,17.988843827090474,17.70639818094891,18.703349589019176,18.99268150247654,19.341555341810807,19.45017980579258,20.314305398696092,19.997048985167737,1.0,1.0,1.0,1.0,1.0,1.0,1.0,1.0,1.0,1.0
397.0,1.0,18.07034490659703,18.927607627993005,18.76206365654672,18.711069864946708,17.007924944467785,16.465493287087888,17.090498359449477,17.8274627482514,18.46852652108327,18.766901917465336,1.0,1.0,1.0,1.0,1.0,1.0,1.0,1.0,1.0,1.0
397.25,2.0,16.971796152385313,16.784490925889614,17.694759553788103,17.672112105463775,16.58023440555976,17.291163144117448,16.465283285800254,17.7227311644777,18.409409687711072,18.18327248080769,1.0,1.0,1.0,1.0,1.0,1.0,1.0,1.0,1.0,1.0
397.5,3.0,0.0,0.0,0.0,0.0,0.0,0.0,0.0,0.0,0.0,0.0,0.0,0.0,0.0,0.0,0.0,0.0,0.0,0.0,0.0,0.0
397.75,4.0,16.849990665815827,16.943723243673194,17.427219029416552,16.996076105251984,17.496928496165236,18.174993014306153,18.790208436560334,18.331784441606633,19.672938054112564,18.96179837109306,1.0,1.0,1.0,1.0,1.0,1.0,1.0,1.0,1.0,1.0
398.0,1.0,18.58608960310085,19.16979326425789,19.202691267175688,18.06568962700373,15.625462512230985,16.7729672747908,17.53006866190244,17.537166049503426,18.861198238293625,19.01171179946154,1.0,1.0,1.0,1.0,1.0,1.0,1.0,1.0,1.0,1.0
398.25,2.0,0.0,0.0,0.0,0.0,0.0,0.0,0.0,0.0,0.0,0.0,0.0,0.0,0.0,0.0,0.0,0.0,0.0,0.0,0.0,0.0
398.5,3.0,16.198974600279676,15.619963740753281,17.823811579461047,18.807054172138027,18.827051807595765,16.867804620027556,16.76789834520913,15.779585166960137,16.384204298924338,17.2065209644009,1.0,1.0,1.0,1.0,1.0,1.0,1.0,1.0,1.0,1.0
398.75,4.0,16.822207067355208,16.529384131586202,16.34252746526653,16.69789544800035,16.30609902981578,17.113767801988814,17.5313610166587,17.856622647229134,19.2119671453696,19.0055538274366,1.0,1.0,1.0,1.0,1.0,1.0,1.0,1.0,1.0,1.0
399.0,1.0,0.0,0.0,0.0,0.0,0.0,0.0,0.0,0.0,0.0,0.0,0.0,0.0,0.0,0.0,0.0,0.0,0.0,0.0,0.0,0.0
399.25,2.0,0.0,0.0,0.0,0.0,0.0,0.0,0.0,0.0,0.0,0.0,0.0,0.0,0.0,0.0,0.0,0.0,0.0,0.0,0.0,0.0
399.5,3.0,16.361792030189378,17.792895338501708,18.561045175945242,18.315905004572176,18.215857330648717,17.307785480618133,17.078889348365436,16.76394577605087,16.405643774196136,17.126559323793707,1.0,1.0,1.0,1.0,1.0,1.0,1.0,1.0,1.0,1.0
399.75,4.0,0.0,0.0,0.0,0.0,0.0,0.0,0.0,0.0,0.0,0.0,0.0,0.0,0.0,0.0,0.0,0.0,0.0,0.0,0.0,0.0
400.0,1.0,18.252056199072612,19.769116271184213,18.54022542807117,18.421917512579242,19.283459908422067,19.937902858570272,20.39454947181332,19.751773940240895,19.846040569539827,19.780052715246583,1.0,1.0,1.0,1.0,1.0,1.0,1.0,1.0,1.0,1.0
400.25,2.0,16.396275898613194,15.992401524420167,15.50581174707833,15.023207228708928,14.748405757771684,15.427252343998276,14.830432593585446,15.341489977681425,13.89143668048759,14.367098273006505,1.0,1.0,1.0,1.0,1.0,1.0,1.0,1.0,1.0,1.0
400.5,3.0,0.0,0.0,0.0,0.0,0.0,0.0,0.0,0.0,0.0,0.0,0.0,0.0,0.0,0.0,0.0,0.0,0.0,0.0,0.0,0.0
400.75,4.0,15.637995510099419,15.896235124341299,15.736189207655832,15.597011179787348,16.186425271181193,17.424692404245963,18.00559899840755,17.976466767475145,19.154186063491913,18.498259368918443,1.0,1.0,1.0,1.0,1.0,1.0,1.0,1.0,1.0,1.0
401.0,1.0,18.18037202732354,19.655012651865935,18.624808719403827,18.848409185611477,20.12881451147571,20.822619847265276,20.73784672717897,20.254236719764716,19.886222374947835,19.51401005044976,1.0,1.0,1.0,1.0,1.0,1.0,1.0,1.0,1.0,1.0
401.25,2.0,0.0,0.0,0.0,0.0,0.0,0.0,0.0,0.0,0.0,0.0,0.0,0.0,0.0,0.0,0.0,0.0,0.0,0.0,0.0,0.0
401.5,3.0,17.39345130163965,18.551122466277132,19.590439320207903,18.40948128290045,17.942890413248076,18.003930307142557,18.0535180755477,16.79937929156535,17.295963503592986,17.445382436757416,1.0,1.0,1.0,1.0,1.0,1.0,1.0,1.0,1.0,1.0
401.75,4.0,16.29697533679552,15.758277722018665,16.13139060444621,16.01356789008673,16.25439451825901,17.093571096676406,16.498895877006976,16.759787930293363,17.93631864829061,18.268070403450814,1.0,1.0,1.0,1.0,1.0,1.0,1.0,1.0,1.0,1.0
402.0,1.0,0.0,0.0,0.0,0.0,0.0,0.0,0.0,0.0,0.0,0.0,0.0,0.0,0.0,0.0,0.0,0.0,0.0,0.0,0.0,0.0
402.25,2.0,16.90578664064423,16.781103915042607,15.571083633775245,15.157394543087404,15.592992838963236,15.48096240122768,14.318859167285657,14.442717804575222,13.760553874186657,14.422167560130925,1.0,1.0,1.0,1.0,1.0,1.0,1.0,1.0,1.0,1.0
402.5,3.0,0.0,0.0,0.0,0.0,0.0,0.0,0.0,0.0,0.0,0.0,0.0,0.0,0.0,0.0,0.0,0.0,0.0,0.0,0.0,0.0
402.75,4.0,0.0,0.0,0.0,0.0,0.0,0.0,0.0,0.0,0.0,0.0,0.0,0.0,0.0,0.0,0.0,0.0,0.0,0.0,0.0,0.0
403.0,1.0,18.30151622586262,19.786494568849324,19.976931295620442,19.819489399297993,18.866866820628225,18.663907269472805,18.9716370745507,19.925688657032,19.779217695715303,20.78048632405914,1.0,1.0,1.0,1.0,1.0,1.0,1.0,1.0,1.0,1.0
403.25,2.0,16.60420052626729,16.598656191408985,15.78532004805589,16.208092685715272,15.4022776354574,15.220339072309756,14.182536814301688,14.1143095637447,14.145489062878637,15.684466596895573,1.0,1.0,1.0,1.0,1.0,1.0,1.0,1.0,1.0,1.0
403.5,3.0,17.25547211218511,18.844317567095672,19.68746592047043,20.75809777714264,19.796842062382403,18.199262363807215,17.453734701054973,15.870818029118666,16.27018051243199,16.048897974221568,1.0,1.0,1.0,1.0,1.0,1.0,1.0,1.0,1.0,1.0
403.75,4.0,16.59752821818717,16.52949129079149,15.735295118209105,15.787816107896608,17.250898497178696,18.18482319200287,18.0066611593784,18.419047461664448,18.90739159933356,18.6876295542263,1.0,1.0,1.0,1.0,1.0,1.0,1.0,1.0,1.0,1.0
404.0,1.0,19.047355097081585,19.37248968915734,20.681041183988032,21.335232766342177,18.496592864959098,18.39648546675318,19.161228140794556,19.040439369082755,18.96043265577937,19.839662408058842,1.0,1.0,1.0,1.0,1.0,1.0,1.0,1.0,1.0,1.0
404.25,2.0,0.0,0.0,0.0,0.0,0.0,0.0,0.0,0.0,0.0,0.0,0.0,0.0,0.0,0.0,0.0,0.0,0.0,0.0,0.0,0.0
404.5,3.0,17.391245626199204,19.443783663976564,19.879679463191756,19.694108762975013,16.625845078922747,15.959800593295565,16.79237012477494,15.701286799908395,16.46202415102486,16.29045988478262,1.0,1.0,1.0,1.0,1.0,1.0,1.0,1.0,1.0,1.0
404.75,4.0,17.291840651469233,16.396131010602666,14.601852151256944,15.835814409600252,18.67013105484471,18.6906460217206,18.418503813100227,17.261888339474798,17.58726758558311,16.58396249656764,1.0,1.0,1.0,1.0,1.0,1.0,1.0,1.0,1.0,1.0
405.0,1.0,18.179118457555575,19.49070537373124,20.972969674498078,19.634478924553346,17.14142488705857,17.218793004317355,18.350358528141072,18.47839179436437,19.35918547511775,19.380843793952806,1.0,1.0,1.0,1.0,1.0,1.0,1.0,1.0,1.0,1.0
405.25,2.0,18.77112554415263,19.50558639938098,17.839950004046845,18.004474392781063,16.076493834971174,16.04380174694341,13.574152713052944,14.734236836887488,13.849427317605086,15.220843562278452,1.0,1.0,1.0,1.0,1.0,1.0,1.0,1.0,1.0,1.0
405.5,3.0,0.0,0.0,0.0,0.0,0.0,0.0,0.0,0.0,0.0,0.0,0.0,0.0,0.0,0.0,0.0,0.0,0.0,0.0,0.0,0.0
405.75,4.0,17.35987871535209,16.548120050226608,15.793718585612032,16.31604196802405,17.73335837820104,17.730242983693138,16.675869936353795,15.78193665473147,15.840142372352034,15.45303482517255,1.0,1.0,1.0,1.0,1.0,1.0,1.0,1.0,1.0,1.0
406.0,1.0,18.59410460760808,19.25266622164634,18.831590676792853,18.585244306259355,16.580651615502717,17.308789881474727,18.572658415965158,19.200961159839732,20.306967994317784,20.650798185013777,1.0,1.0,1.0,1.0,1.0,1.0,1.0,1.0,1.0,1.0
406.25,2.0,0.0,0.0,0.0,0.0,0.0,0.0,0.0,0.0,0.0,0.0,0.0,0.0,0.0,0.0,0.0,0.0,0.0,0.0,0.0,0.0
406.5,3.0,17.449059676007206,18.242286230345485,18.485103471276613,17.440043964046744,15.955144806458426,16.483367251843124,17.1312476496503,16.95258918266606,17.735357159763005,17.15380117844065,1.0,1.0,1.0,1.0,1.0,1.0,1.0,1.0,1.0,1.0
406.75,4.0,17.892711834367542,16.79459333168941,16.00907762624675,15.645814019739259,16.36887683868608,17.623812270067575,16.990233786815626,16.73355154622168,15.876558050970473,16.09143410198121,1.0,1.0,1.0,1.0,1.0,1.0,1.0,1.0,1.0,1.0
407.0,1.0,0.0,0.0,0.0,0.0,0.0,0.0,0.0,0.0,0.0,0.0,0.0,0.0,0.0,0.0,0.0,0.0,0.0,0.0,0.0,0.0
407.25,2.0,17.92918267541469,17.44813113859116,17.623081520687222,17.5206994474945,14.719772596432504,14.937628368324898,13.102659783158055,14.976829000053211,15.494110647062314,16.2237446660939,1.0,1.0,1.0,1.0,1.0,1.0,1.0,1.0,1.0,1.0
407.5,3.0,17.86657167911889,18.752544190995938,18.241657161594286,17.831211390991957,17.76768265334704,17.394826546877685,18.0071046738989,17.794650442193902,18.1943728972347,17.07711147379508,1.0,1.0,1.0,1.0,1.0,1.0,1.0,1.0,1.0,1.0
407.75,4.0,0.0,0.0,0.0,0.0,0.0,0.0,0.0,0.0,0.0,0.0,0.0,0.0,0.0,0.0,0.0,0.0,0.0,0.0,0.0,0.0
408.0,1.0,16.813252590101893,17.821774433048112,16.7450496031081,17.90018740932094,18.353917214345014,18.830537934070165,19.835670550598973,20.281270457339687,20.14367756275216,19.395768789518723,1.0,1.0,1.0,1.0,1.0,1.0,1.0,1.0,1.0,1.0
408.25,2.0,19.666016632281387,17.365192405938494,17.768669628919312,17.126467417406936,15.87620724798139,16.495287529717267,15.644678104386541,16.52168351245426,16.170316278203995,17.011510362826797,1.0,1.0,1.0,1.0,1.0,1.0,1.0,1.0,1.0,1.0
408.5,3.0,0.0,0.0,0.0,0.0,0.0,0.0,0.0,0.0,0.0,0.0,0.0,0.0,0.0,0.0,0.0,0.0,0.0,0.0,0.0,0.0
408.75,4.0,17.51937122850153,15.858966371927723,15.599275252854051,15.196731668497486,15.574326467550765,16.885820318123567,17.069983423258773,17.60705294973553,17.70581339865735,17.73439307749458,1.0,1.0,1.0,1.0,1.0,1.0,1.0,1.0,1.0,1.0
409.0,1.0,16.807148748402756,17.66809775646925,17.415288795965438,20.246144534703646,19.441258485576224,19.32404990227909,19.437991114676635,18.566475130745452,18.638876155428196,18.50937771787546,1.0,1.0,1.0,1.0,1.0,1.0,1.0,1.0,1.0,1.0
409.25,2.0,0.0,0.0,0.0,0.0,0.0,0.0,0.0,0.0,0.0,0.0,0.0,0.0,0.0,0.0,0.0,0.0,0.0,0.0,0.0,0.0
409.5,3.0,18.56821882319684,17.381482143217397,18.41990491314655,19.180865860212073,18.515485264036162,17.627682829414848,17.345632887378972,16.664368712037323,16.481994325767293,15.517504057382979,1.0,1.0,1.0,1.0,1.0,1.0,1.0,1.0,1.0,1.0
409.75,4.0,16.62717379781282,15.898557392001292,15.736339703674593,16.46783374347368,16.809580671914233,18.005375103251225,17.18801814259055,17.52312117700053,18.377990622402834,17.934773772812186,1.0,1.0,1.0,1.0,1.0,1.0,1.0,1.0,1.0,1.0
410.0,1.0,14.498122708568811,18.113179435462683,18.6693467193781,20.344964260791762,20.50647945762934,19.841804651106088,19.504635619448706,19.382949401676836,18.73729770496038,18.529632670486027,1.0,1.0,1.0,1.0,1.0,1.0,1.0,1.0,1.0,1.0
410.25,2.0,16.995619657016174,16.359667937261285,18.264007410479064,18.582965916835278,17.03824865682987,16.21136001310781,14.885852710885695,15.537252701913024,14.881698922735517,15.843791112654175,1.0,1.0,1.0,1.0,1.0,1.0,1.0,1.0,1.0,1.0
410.5,3.0,0.0,0.0,0.0,0.0,0.0,0.0,0.0,0.0,0.0,0.0,0.0,0.0,0.0,0.0,0.0,0.0,0.0,0.0,0.0,0.0
410.75,4.0,0.0,0.0,0.0,0.0,0.0,0.0,0.0,0.0,0.0,0.0,0.0,0.0,0.0,0.0,0.0,0.0,0.0,0.0,0.0,0.0
411.0,1.0,15.936280141775702,18.893416382024608,19.693589134006587,20.952601155955932,19.790903893797825,19.696693562602704,19.752302896357403,18.763030633580403,17.74788430513876,17.560580697309632,1.0,1.0,1.0,1.0,1.0,1.0,1.0,1.0,1.0,1.0
411.25,2.0,17.50852873357162,16.83779051584274,18.25246905914659,17.779821491717716,15.964097055506107,16.367708289552347,16.176266332388714,16.00909774806658,14.981811366215663,15.638481586273967,1.0,1.0,1.0,1.0,1.0,1.0,1.0,1.0,1.0,1.0
411.5,3.0,16.34021519183175,16.725832834896735,16.934679672990068,18.86400137535042,16.785818747357133,15.960331861343185,15.114669430185243,14.038510363461278,12.692468341581304,11.963696437130615,1.0,1.0,1.0,1.0,1.0,1.0,1.0,1.0,1.0,1.0
411.75,4.0,16.465613215361206,16.65502267671254,17.72091182530147,19.361434031904146,17.791499508754477,18.103219334063716,18.538236773826874,17.486256553381022,17.563598807483167,17.285693028010858,1.0,1.0,1.0,1.0,1.0,1.0,1.0,1.0,1.0,1.0
412.0,1.0,0.0,0.0,0.0,0.0,0.0,0.0,0.0,0.0,0.0,0.0,0.0,0.0,0.0,0.0,0.0,0.0,0.0,0.0,0.0,0.0
412.25,2.0,0.0,0.0,0.0,0.0,0.0,0.0,0.0,0.0,0.0,0.0,0.0,0.0,0.0,0.0,0.0,0.0,0.0,0.0,0.0,0.0
412.5,3.0,17.296303577951747,17.206304558064776,17.884995875457566,18.866151625360402,15.41183956815061,14.739296481398455,13.576665292458188,13.194786252306939,12.973148775933856,12.941487365107653,1.0,1.0,1.0,1.0,1.0,1.0,1.0,1.0,1.0,1.0
412.75,4.0,16.73529488142481,17.507607288320315,19.422130441178425,19.910259898075903,17.31663431940275,17.768360072507473,16.91079759876815,16.959251176834034,17.907101782619687,17.2001278152292,1.0,1.0,1.0,1.0,1.0,1.0,1.0,1.0,1.0,1.0
413.0,1.0,20.299680636241174,20.777614962741307,20.803849896890604,20.448167968638224,19.27969338974517,19.29487944540193,18.570441655132985,17.618699861604824,18.499869896517342,18.499211413135466,1.0,1.0,1.0,1.0,1.0,1.0,1.0,1.0,1.0,1.0
413.25,2.0,17.236898875230935,17.551560691725793,17.044180949793784,16.33772940978082,15.864579163111353,16.214005955137807,15.401620943596805,15.162322497117037,15.889162995929306,16.81296839043717,1.0,1.0,1.0,1.0,1.0,1.0,1.0,1.0,1.0,1.0
413.5,3.0,0.0,0.0,0.0,0.0,0.0,0.0,0.0,0.0,0.0,0.0,0.0,0.0,0.0,0.0,0.0,0.0,0.0,0.0,0.0,0.0
413.75,4.0,17.547029513234275,18.240346430473,19.390059107864136,19.288147657752162,16.816071684360228,16.618331442941912,16.933415332841687,16.387882668597328,18.589903034655663,18.62499167707521,1.0,1.0,1.0,1.0,1.0,1.0,1.0,1.0,1.0,1.0
414.0,1.0,20.261995043838667,20.098975823309345,20.335000170091963,20.15370764399598,18.412234779827248,19.761576826225927,19.11856956993894,18.66775854635969,19.427310222483428,18.969008211199743,1.0,1.0,1.0,1.0,1.0,1.0,1.0,1.0,1.0,1.0
414.25,2.0,0.0,0.0,0.0,0.0,0.0,0.0,0.0,0.0,0.0,0.0,0.0,0.0,0.0,0.0,0.0,0.0,0.0,0.0,0.0,0.0
414.5,3.0,18.37653128362997,18.133518727830378,17.11874440184688,16.85946955733401,13.884910650487937,13.263672765735043,13.137415148079066,13.205237297965335,13.389651871444725,13.169727379802595,1.0,1.0,1.0,1.0,1.0,1.0,1.0,1.0,1.0,1.0
414.75,4.0,18.344384907738533,18.449743255147183,18.7351543913388,19.136252896454014,16.944595534289686,16.607052678626975,16.687928082153213,17.24717269616683,18.545356253426164,18.401873373522264,1.0,1.0,1.0,1.0,1.0,1.0,1.0,1.0,1.0,1.0
415.0,1.0,0.0,0.0,0.0,0.0,0.0,0.0,0.0,0.0,0.0,0.0,0.0,0.0,0.0,0.0,0.0,0.0,0.0,0.0,0.0,0.0
415.25,2.0,16.899284003447722,16.472737818311135,16.181535523114242,17.340094761562295,16.877056476393218,16.131755068032646,16.454403120527296,15.496948807862108,16.056124343767777,16.40213259683965,1.0,1.0,1.0,1.0,1.0,1.0,1.0,1.0,1.0,1.0
415.5,3.0,17.831619496669575,17.034756521637423,16.51513674343898,16.116987597375413,13.392119140718341,13.31148512917714,12.867440580907635,12.419665020761734,12.284581982206554,11.838910525991372,1.0,1.0,1.0,1.0,1.0,1.0,1.0,1.0,1.0,1.0
415.75,4.0,0.0,0.0,0.0,0.0,0.0,0.0,0.0,0.0,0.0,0.0,0.0,0.0,0.0,0.0,0.0,0.0,0.0,0.0,0.0,0.0
416.0,1.0,18.397840643478926,17.722876461880908,18.227850237119977,18.61342100860056,17.19848118673489,17.631544250547055,17.195159192676623,17.721414405392625,17.83081117753465,17.44762156836096,1.0,1.0,1.0,1.0,1.0,1.0,1.0,1.0,1.0,1.0
416.25,2.0,15.780356973171267,16.231537108862202,16.27787285844011,17.37179066112882,17.346661155728704,17.1088600106382,16.697844565546614,16.00843120313083,16.00818242637845,16.38967893845107,1.0,1.0,1.0,1.0,1.0,1.0,1.0,1.0,1.0,1.0
416.5,3.0,0.0,0.0,0.0,0.0,0.0,0.0,0.0,0.0,0.0,0.0,0.0,0.0,0.0,0.0,0.0,0.0,0.0,0.0,0.0,0.0
416.75,4.0,18.506136390800737,17.83644875555825,18.257258101974596,17.061581331084277,17.12289211532856,16.84131006355886,16.998207045608794,16.76955027812412,17.086836243945005,16.983403945960855,1.0,1.0,1.0,1.0,1.0,1.0,1.0,1.0,1.0,1.0
417.0,1.0,17.00357992412954,16.916415642198302,17.29157928585773,17.63212901192551,16.864655412840925,16.978599586666547,16.245941090010145,17.743234011674215,17.22697946383039,17.028768967196672,1.0,1.0,1.0,1.0,1.0,1.0,1.0,1.0,1.0,1.0
417.25,2.0,0.0,0.0,0.0,0.0,0.0,0.0,0.0,0.0,0.0,0.0,0.0,0.0,0.0,0.0,0.0,0.0,0.0,0.0,0.0,0.0
417.5,3.0,17.78466178887141,16.794841313996407,14.305715067853066,14.260612335605732,12.128357525455362,11.521457738581981,12.4697722059406,12.14833612752002,11.938419016930643,11.924280697012728,1.0,1.0,1.0,1.0,1.0,1.0,1.0,1.0,1.0,1.0
417.75,4.0,18.14943775207541,17.145339639147874,16.451805940065622,16.88034751092951,16.496416298843815,16.697135448629137,16.743627109951078,17.483635051828188,17.633524605566578,16.08309607864552,1.0,1.0,1.0,1.0,1.0,1.0,1.0,1.0,1.0,1.0
418.0,1.0,17.07368224053348,16.411092931251364,16.9272021459842,17.55458943678245,15.374721015161501,16.42640742076221,15.844843351529764,17.409958111484983,16.986559489043664,16.421996689589395,1.0,1.0,1.0,1.0,1.0,1.0,1.0,1.0,1.0,1.0
418.25,2.0,17.311293936777542,18.792349290347573,18.515471016583234,19.006933067026395,16.635546617279793,17.2780004652553,16.469014357841942,16.68875806213319,15.569023732641767,15.211886293103507,1.0,1.0,1.0,1.0,1.0,1.0,1.0,1.0,1.0,1.0
418.5,3.0,0.0,0.0,0.0,0.0,0.0,0.0,0.0,0.0,0.0,0.0,0.0,0.0,0.0,0.0,0.0,0.0,0.0,0.0,0.0,0.0
418.75,4.0,17.113274344956274,16.761936146579984,16.172715913945204,16.359539273355686,15.597314805758693,17.394311911470098,16.93348344248317,16.40128035544155,15.569786509547995,14.21252630390806,1.0,1.0,1.0,1.0,1.0,1.0,1.0,1.0,1.0,1.0
419.0,1.0,16.89247626120448,16.311085214885882,17.050318886322103,17.559949725175347,15.418653099567015,16.043419665129846,15.902557174117423,16.96650516245449,16.976671337202053,16.996947001158627,1.0,1.0,1.0,1.0,1.0,1.0,1.0,1.0,1.0,1.0
419.25,2.0,18.74087318718526,18.411290279891105,17.461660465232022,17.074263348437473,15.680793402443735,16.544230606088433,15.48436465005553,15.363254093243881,14.331950374269267,13.78594715704123,1.0,1.0,1.0,1.0,1.0,1.0,1.0,1.0,1.0,1.0
419.5,3.0,16.115963076173333,14.50842442196978,13.571895765005213,13.992311223180817,12.705138732487775,12.781945779290522,12.244019360676003,12.619728581437588,12.441067672763007,12.92679262226679,1.0,1.0,1.0,1.0,1.0,1.0,1.0,1.0,1.0,1.0
419.75,4.0,17.105255876340376,16.03690275093013,15.365683979431592,16.008360530315745,16.185785448107833,16.444154712917914,15.12764298892339,14.327234928992247,14.72299288770386,14.566285797770018,1.0,1.0,1.0,1.0,1.0,1.0,1.0,1.0,1.0,1.0
420.0,1.0,0.0,0.0,0.0,0.0,0.0,0.0,0.0,0.0,0.0,0.0,0.0,0.0,0.0,0.0,0.0,0.0,0.0,0.0,0.0,0.0
420.25,2.0,0.0,0.0,0.0,0.0,0.0,0.0,0.0,0.0,0.0,0.0,0.0,0.0,0.0,0.0,0.0,0.0,0.0,0.0,0.0,0.0
420.5,3.0,15.463170344770607,14.64214662753263,12.516720217978444,12.628877618409838,11.282067680672323,11.654392327846386,11.138970355472475,12.023448171640883,11.873329448135275,12.910607987990847,1.0,1.0,1.0,1.0,1.0,1.0,1.0,1.0,1.0,1.0
420.75,4.0,0.0,0.0,0.0,0.0,0.0,0.0,0.0,0.0,0.0,0.0,0.0,0.0,0.0,0.0,0.0,0.0,0.0,0.0,0.0,0.0
421.0,1.0,16.189843926573698,15.772442646337772,14.760016514617302,16.744581305577352,15.7886304124684,16.500837877762773,15.132501691988352,16.781872114332362,16.42809994416426,16.394460595737375,1.0,1.0,1.0,1.0,1.0,1.0,1.0,1.0,1.0,1.0
421.25,2.0,17.338602200542702,16.207144925993518,16.020996545121214,15.757850864960064,14.765353823204897,15.26116104935717,14.339297955396187,14.371311102003833,13.690029597396467,14.116227113964344,1.0,1.0,1.0,1.0,1.0,1.0,1.0,1.0,1.0,1.0
421.5,3.0,0.0,0.0,0.0,0.0,0.0,0.0,0.0,0.0,0.0,0.0,0.0,0.0,0.0,0.0,0.0,0.0,0.0,0.0,0.0,0.0
421.75,4.0,15.998156175324342,15.006946513183697,15.88493618167828,15.262085890192706,14.16508813015991,14.519569960333403,15.154946108738969,14.679863105924523,13.750113543133807,13.797895350624328,1.0,1.0,1.0,1.0,1.0,1.0,1.0,1.0,1.0,1.0
422.0,1.0,15.145648439162382,14.84639044125706,14.45707336362438,16.902284663213276,16.837845141624886,16.664596048043002,15.432032827221981,16.842019147106345,17.185109009644016,17.617205636885,1.0,1.0,1.0,1.0,1.0,1.0,1.0,1.0,1.0,1.0
422.25,2.0,0.0,0.0,0.0,0.0,0.0,0.0,0.0,0.0,0.0,0.0,0.0,0.0,0.0,0.0,0.0,0.0,0.0,0.0,0.0,0.0
422.5,3.0,14.258315130302764,13.458325997553162,11.917340173177193,12.696762432808752,10.639400513184336,11.08436458575209,10.902996088994811,12.052880018102165,11.905184214185331,13.308096466748196,1.0,1.0,1.0,1.0,1.0,1.0,1.0,1.0,1.0,1.0
422.75,4.0,15.701914212795874,15.323921033708693,14.950234193816936,14.674912713624604,14.63150260571615,13.546884692562934,14.18421201260967,14.158064975399098,14.534282330372209,14.70693946338692,1.0,1.0,1.0,1.0,1.0,1.0,1.0,1.0,1.0,1.0
423.0,1.0,0.0,0.0,0.0,0.0,0.0,0.0,0.0,0.0,0.0,0.0,0.0,0.0,0.0,0.0,0.0,0.0,0.0,0.0,0.0,0.0
423.25,2.0,16.173843813057182,15.429133768407931,15.501254815286755,13.934153477901138,14.127720293809395,14.545035743963922,13.524631208234759,13.318673606380237,13.477328312370203,13.844747011960358,1.0,1.0,1.0,1.0,1.0,1.0,1.0,1.0,1.0,1.0
423.5,3.0,0.0,0.0,0.0,0.0,0.0,0.0,0.0,0.0,0.0,0.0,0.0,0.0,0.0,0.0,0.0,0.0,0.0,0.0,0.0,0.0
423.75,4.0,0.0,0.0,0.0,0.0,0.0,0.0,0.0,0.0,0.0,0.0,0.0,0.0,0.0,0.0,0.0,0.0,0.0,0.0,0.0,0.0
424.0,1.0,15.312173583341808,16.002484816538953,16.616314649580815,17.617913547094684,17.287022756245815,17.276765584100314,16.480011876804983,18.156876255092108,17.481871640244133,18.186796733156804,1.0,1.0,1.0,1.0,1.0,1.0,1.0,1.0,1.0,1.0
424.25,2.0,15.408247059587374,15.751826713906661,15.79395506021229,13.77142086805266,14.411503544837252,14.40804922648106,13.437986158868625,13.68077114863754,13.102612484080359,13.853671256000474,1.0,1.0,1.0,1.0,1.0,1.0,1.0,1.0,1.0,1.0
424.5,3.0,0.0,0.0,0.0,0.0,0.0,0.0,0.0,0.0,0.0,0.0,0.0,0.0,0.0,0.0,0.0,0.0,0.0,0.0,0.0,0.0
424.75,4.0,14.923709537054805,12.97022186773395,13.48984099062058,14.083833865447748,14.4946704853217,15.18919549380198,15.87146642677329,15.845685008899004,16.08748148894985,15.730399625149154,1.0,1.0,1.0,1.0,1.0,1.0,1.0,1.0,1.0,1.0
425.0,1.0,15.531903002362041,16.63691205139184,16.27425556349639,16.605229841628645,17.925024266205735,17.740235193613554,16.39027727403386,17.206934776575423,17.1326707252669,17.137350445867913,1.0,1.0,1.0,1.0,1.0,1.0,1.0,1.0,1.0,1.0
425.25,2.0,0.0,0.0,0.0,0.0,0.0,0.0,0.0,0.0,0.0,0.0,0.0,0.0,0.0,0.0,0.0,0.0,0.0,0.0,0.0,0.0
425.5,3.0,12.285143707124936,12.502066102465502,11.911166386719191,13.16445527125823,14.270570964474476,14.38591322694414,14.15684041927251,14.549474943674914,15.308890832732931,15.461948221911872,1.0,1.0,1.0,1.0,1.0,1.0,1.0,1.0,1.0,1.0
425.75,4.0,13.02292704649318,11.504739057100545,13.247011324249497,14.606322603387104,15.681310592809918,16.088356744615638,16.109211922559663,15.85366554710031,15.166170358171806,15.040606077963456,1.0,1.0,1.0,1.0,1.0,1.0,1.0,1.0,1.0,1.0
426.0,1.0,14.926445049942044,15.37064890110006,15.714887631902664,16.92283620403676,18.163127171456228,17.4931031323471,16.510462094996914,17.236563938132168,16.671990881979568,16.463023388938332,1.0,1.0,1.0,1.0,1.0,1.0,1.0,1.0,1.0,1.0
426.25,2.0,13.414287432053559,13.783370668623682,14.589621958929053,13.85647777518123,13.773815238767813,13.535520627304095,12.917467843523552,12.599242236893097,12.357617555812325,12.46913747434432,1.0,1.0,1.0,1.0,1.0,1.0,1.0,1.0,1.0,1.0
426.5,3.0,0.0,0.0,0.0,0.0,0.0,0.0,0.0,0.0,0.0,0.0,0.0,0.0,0.0,0.0,0.0,0.0,0.0,0.0,0.0,0.0
426.75,4.0,13.15553739558379,11.416331384584781,13.711541755741402,15.018713087777924,17.279409009163384,16.943243207412674,16.67903774244923,15.80066454175872,16.43172301835107,16.00824395935707,1.0,1.0,1.0,1.0,1.0,1.0,1.0,1.0,1.0,1.0
427.0,1.0,14.256916911079394,15.053669956609678,15.057808490715885,14.467019683034644,16.800814718109166,16.735793995915856,16.034375148490586,16.73637831101479,16.058482242398526,15.354930133885022,1.0,1.0,1.0,1.0,1.0,1.0,1.0,1.0,1.0,1.0
427.25,2.0,0.0,0.0,0.0,0.0,0.0,0.0,0.0,0.0,0.0,0.0,0.0,0.0,0.0,0.0,0.0,0.0,0.0,0.0,0.0,0.0
427.5,3.0,13.548237143818957,13.328486675856183,14.417113267016028,15.185752870010834,15.405252628802497,16.395529983651148,16.222259625391455,17.15239168659436,16.24279056232528,15.251019332292017,1.0,1.0,1.0,1.0,1.0,1.0,1.0,1.0,1.0,1.0
427.75,4.0,12.947929662738968,11.857271716806277,13.996816177287702,14.581525751248979,16.79000153790367,15.970044194948281,16.252015853542098,15.259949625357917,15.341852601593834,14.844747357656376,1.0,1.0,1.0,1.0,1.0,1.0,1.0,1.0,1.0,1.0
428.0,1.0,0.0,0.0,0.0,0.0,0.0,0.0,0.0,0.0,0.0,0.0,0.0,0.0,0.0,0.0,0.0,0.0,0.0,0.0,0.0,0.0
428.25,2.0,0.0,0.0,0.0,0.0,0.0,0.0,0.0,0.0,0.0,0.0,0.0,0.0,0.0,0.0,0.0,0.0,0.0,0.0,0.0,0.0
428.5,3.0,14.20368789678664,13.446897388547468,15.299677440170278,15.528533194205684,15.908234903247067,16.582398772572777,16.433868665994353,15.967508574914412,15.428824521998623,15.514125026322136,1.0,1.0,1.0,1.0,1.0,1.0,1.0,1.0,1.0,1.0
428.75,4.0,0.0,0.0,0.0,0.0,0.0,0.0,0.0,0.0,0.0,0.0,0.0,0.0,0.0,0.0,0.0,0.0,0.0,0.0,0.0,0.0
429.0,1.0,13.917480042407938,14.293405879436275,14.067815523663983,14.739121076610296,15.774583518591125,15.755655387969266,15.427965705579512,15.652996654934602,15.13126228762808,15.765366169388065,1.0,1.0,1.0,1.0,1.0,1.0,1.0,1.0,1.0,1.0
429.25,2.0,13.550423263030753,14.47350637307177,14.070379242468784,13.346268376912322,13.444563997817868,13.964651155692632,13.28604979021766,13.527388317841291,13.824642698097678,14.39000550302852,1.0,1.0,1.0,1.0,1.0,1.0,1.0,1.0,1.0,1.0
429.5,3.0,0.0,0.0,0.0,0.0,0.0,0.0,0.0,0.0,0.0,0.0,0.0,0.0,0.0,0.0,0.0,0.0,0.0,0.0,0.0,0.0
429.75,4.0,12.920736464771048,14.106515779262098,14.681911544834529,14.542828269322383,15.736208565160473,14.903903688597527,15.09198489110535,14.573271890607993,14.33381293949168,13.952458506322488,1.0,1.0,1.0,1.0,1.0,1.0,1.0,1.0,1.0,1.0
430.0,1.0,13.471187304972679,13.805604700499362,13.231875976309254,14.429431687439829,15.438656791981911,15.687427089831036,15.168708216964514,15.661250842772413,14.505517121430225,15.77116708797523,1.0,1.0,1.0,1.0,1.0,1.0,1.0,1.0,1.0,1.0
430.25,2.0,0.0,0.0,0.0,0.0,0.0,0.0,0.0,0.0,0.0,0.0,0.0,0.0,0.0,0.0,0.0,0.0,0.0,0.0,0.0,0.0
430.5,3.0,15.005958866657734,15.316024217428042,16.285433937965585,16.380972954586863,15.467278658953083,16.46031690088204,15.951839314351199,16.265322139814096,16.494502205729386,15.506040671997757,1.0,1.0,1.0,1.0,1.0,1.0,1.0,1.0,1.0,1.0
430.75,4.0,14.364144511075105,15.158757563448171,14.948290468812282,14.627051605062142,15.48881862393486,15.67887325644821,15.998844063940906,15.831439012948524,16.510450155912313,15.490433866655684,1.0,1.0,1.0,1.0,1.0,1.0,1.0,1.0,1.0,1.0
431.0,1.0,0.0,0.0,0.0,0.0,0.0,0.0,0.0,0.0,0.0,0.0,0.0,0.0,0.0,0.0,0.0,0.0,0.0,0.0,0.0,0.0
431.25,2.0,13.344338277581697,13.35448337743383,13.234802844330815,12.665586946044439,14.301479824540241,13.797209463937358,13.316385138669895,13.871806927117419,14.658195447205834,15.57331433243327,1.0,1.0,1.0,1.0,1.0,1.0,1.0,1.0,1.0,1.0
431.5,3.0,0.0,0.0,0.0,0.0,0.0,0.0,0.0,0.0,0.0,0.0,0.0,0.0,0.0,0.0,0.0,0.0,0.0,0.0,0.0,0.0
431.75,4.0,0.0,0.0,0.0,0.0,0.0,0.0,0.0,0.0,0.0,0.0,0.0,0.0,0.0,0.0,0.0,0.0,0.0,0.0,0.0,0.0
432.0,1.0,12.282418747108286,13.491621846708169,13.063339152468211,13.759344211247626,14.682609796366677,15.223440241993247,14.655364934290406,15.643378220909728,14.623098242735342,15.149110345517867,1.0,1.0,1.0,1.0,1.0,1.0,1.0,1.0,1.0,1.0
432.25,2.0,13.352025172485568,13.548425021130083,13.737732217747935,13.84774104403558,14.991158162763861,14.430122265523433,14.894862383418038,15.195944460163636,15.617978127175908,15.094872995860898,1.0,1.0,1.0,1.0,1.0,1.0,1.0,1.0,1.0,1.0
432.5,3.0,0.0,0.0,0.0,0.0,0.0,0.0,0.0,0.0,0.0,0.0,0.0,0.0,0.0,0.0,0.0,0.0,0.0,0.0,0.0,0.0
432.75,4.0,13.33330314566188,13.65687100010573,15.509803568061908,15.786324684055476,15.637013436537034,15.830667933912805,15.369718964510112,15.254150945448808,16.258964225406704,16.874180725073224,1.0,1.0,1.0,1.0,1.0,1.0,1.0,1.0,1.0,1.0
433.0,1.0,13.312701589486501,15.044753935455422,13.502034383593742,13.89455518507398,14.217428215642848,14.149809364214244,14.681011428163124,15.432299405915133,14.45445693681406,14.882259876764115,1.0,1.0,1.0,1.0,1.0,1.0,1.0,1.0,1.0,1.0
433.25,2.0,0.0,0.0,0.0,0.0,0.0,0.0,0.0,0.0,0.0,0.0,0.0,0.0,0.0,0.0,0.0,0.0,0.0,0.0,0.0,0.0
433.5,3.0,17.96393860291647,17.410177081538432,17.986233547646275,16.48822823052462,15.36024403138848,16.590272600091392,16.681651245215566,16.37809280454004,16.567618643985337,15.46021764909415,1.0,1.0,1.0,1.0,1.0,1.0,1.0,1.0,1.0,1.0
433.75,4.0,13.513184905244826,13.979511878896258,15.861359321945917,15.100508233571896,15.433758970933395,16.651129722525337,16.41593161563332,17.782744679427726,18.098232413138476,16.76133506560392,1.0,1.0,1.0,1.0,1.0,1.0,1.0,1.0,1.0,1.0
434.0,1.0,14.715210685195427,15.3637049390115,13.724346548637582,13.667715430954814,13.514666976743541,13.352277717189892,14.34029005460735,16.0578110576365,14.903935169885454,14.975051192882605,1.0,1.0,1.0,1.0,1.0,1.0,1.0,1.0,1.0,1.0
434.25,2.0,15.086173935932377,15.9604506255984,16.386550222201226,17.410107229382273,17.18424015905108,16.76210013922634,16.219952217979085,16.000323342723675,15.193686256156777,14.137218073893328,1.0,1.0,1.0,1.0,1.0,1.0,1.0,1.0,1.0,1.0
434.5,3.0,0.0,0.0,0.0,0.0,0.0,0.0,0.0,0.0,0.0,0.0,0.0,0.0,0.0,0.0,0.0,0.0,0.0,0.0,0.0,0.0
434.75,4.0,13.409161519968583,14.337495219511352,15.53542855538993,15.726715730805024,16.341769701388873,16.841475796137658,17.046434700741603,17.627412297033718,17.908792498765308,17.22503688630168,1.0,1.0,1.0,1.0,1.0,1.0,1.0,1.0,1.0,1.0
435.0,1.0,13.721124526685573,15.41199755917414,13.6682449130766,12.703764927841544,13.821465131535025,13.707851906381412,14.425534102137236,13.877804698376293,12.505510926972638,12.820342583589465,1.0,1.0,1.0,1.0,1.0,1.0,1.0,1.0,1.0,1.0
435.25,2.0,0.0,0.0,0.0,0.0,0.0,0.0,0.0,0.0,0.0,0.0,0.0,0.0,0.0,0.0,0.0,0.0,0.0,0.0,0.0,0.0
435.5,3.0,16.833623387762014,15.359193855374917,15.827386059149447,16.503229167745708,15.908064401679928,16.392181013719437,15.424397909243549,15.358681922605466,14.523149080439113,13.845330466942203,1.0,1.0,1.0,1.0,1.0,1.0,1.0,1.0,1.0,1.0
435.75,4.0,13.621808450448704,13.641545351869475,15.28418816477916,16.587017817067824,17.033139655408487,16.897200744943873,17.458707931625828,18.55757279088509,17.935789960555717,17.331300251598886,1.0,1.0,1.0,1.0,1.0,1.0,1.0,1.0,1.0,1.0
436.0,1.0,0.0,0.0,0.0,0.0,0.0,0.0,0.0,0.0,0.0,0.0,0.0,0.0,0.0,0.0,0.0,0.0,0.0,0.0,0.0,0.0
436.25,2.0,0.0,0.0,0.0,0.0,0.0,0.0,0.0,0.0,0.0,0.0,0.0,0.0,0.0,0.0,0.0,0.0,0.0,0.0,0.0,0.0
436.5,3.0,15.68510434113369,15.47318602175006,16.226140587786173,16.67146316562037,14.799147350976089,15.262636608516427,14.907554880829162,14.472341278897517,15.011040573988259,14.45039412707496,1.0,1.0,1.0,1.0,1.0,1.0,1.0,1.0,1.0,1.0
436.75,4.0,0.0,0.0,0.0,0.0,0.0,0.0,0.0,0.0,0.0,0.0,0.0,0.0,0.0,0.0,0.0,0.0,0.0,0.0,0.0,0.0
437.0,1.0,13.799342943906128,14.574182664985523,13.513175182370597,12.693546782614263,13.681969125156705,13.529185966594893,13.147124400598505,12.835860656445835,12.431273591240362,13.019061718404819,1.0,1.0,1.0,1.0,1.0,1.0,1.0,1.0,1.0,1.0
437.25,2.0,16.503966592970198,15.54247678134663,16.292686074371698,15.868412544001083,15.29140747312039,14.898824948486185,14.22786158772193,15.28112520807992,15.313084946717641,14.393396222182506,1.0,1.0,1.0,1.0,1.0,1.0,1.0,1.0,1.0,1.0
437.5,3.0,0.0,0.0,0.0,0.0,0.0,0.0,0.0,0.0,0.0,0.0,0.0,0.0,0.0,0.0,0.0,0.0,0.0,0.0,0.0,0.0
437.75,4.0,12.352814479488021,13.597967930918884,14.64585556014141,15.912009830184978,17.49708085445376,18.106510564832046,17.654335155287683,18.2849866763824,17.353697277465738,16.36798876125219,1.0,1.0,1.0,1.0,1.0,1.0,1.0,1.0,1.0,1.0
438.0,1.0,13.391434865266467,13.574892932206994,13.45096837665332,13.13934866083112,13.811853067322552,13.549541850534348,13.372524348737993,13.469126809622459,13.604779286785845,14.658475130517282,1.0,1.0,1.0,1.0,1.0,1.0,1.0,1.0,1.0,1.0
438.25,2.0,0.0,0.0,0.0,0.0,0.0,0.0,0.0,0.0,0.0,0.0,0.0,0.0,0.0,0.0,0.0,0.0,0.0,0.0,0.0,0.0
438.5,3.0,15.330806485424992,15.025488476374663,15.133506401742899,14.018266245987471,12.293852041866854,12.777750834949572,12.823499276898758,14.901742967834764,16.24059432853681,15.976091065860023,1.0,1.0,1.0,1.0,1.0,1.0,1.0,1.0,1.0,1.0
438.75,4.0,12.514755559958935,14.070912194856989,15.96643745970209,17.564170551424496,18.376755670580337,18.465604786965603,17.633820437175018,16.73149774994773,15.824966812539998,15.9226328825961,1.0,1.0,1.0,1.0,1.0,1.0,1.0,1.0,1.0,1.0
439.0,1.0,0.0,0.0,0.0,0.0,0.0,0.0,0.0,0.0,0.0,0.0,0.0,0.0,0.0,0.0,0.0,0.0,0.0,0.0,0.0,0.0
439.25,2.0,15.972001050011912,15.22486772364492,16.635628742857502,16.562477220989503,14.887054581603241,16.08040411978269,16.066253368622053,17.175971982995677,16.371760290197617,15.280095516295209,1.0,1.0,1.0,1.0,1.0,1.0,1.0,1.0,1.0,1.0
439.5,3.0,0.0,0.0,0.0,0.0,0.0,0.0,0.0,0.0,0.0,0.0,0.0,0.0,0.0,0.0,0.0,0.0,0.0,0.0,0.0,0.0
439.75,4.0,0.0,0.0,0.0,0.0,0.0,0.0,0.0,0.0,0.0,0.0,0.0,0.0,0.0,0.0,0.0,0.0,0.0,0.0,0.0,0.0
440.0,1.0,11.91789221267821,12.528177092098208,14.78586126040983,13.786766197191476,13.055273920189338,13.289500806298323,14.664676956632828,13.919962558220497,14.61057631997981,14.953800641236118,1.0,1.0,1.0,1.0,1.0,1.0,1.0,1.0,1.0,1.0
440.25,2.0,15.180630572978385,15.513598518786623,16.822556311809727,16.37820881837889,15.80665046051587,15.962437818719781,15.49801594450819,16.38741635380478,16.15837034527656,15.522361348425708,1.0,1.0,1.0,1.0,1.0,1.0,1.0,1.0,1.0,1.0
440.5,3.0,14.136957985046303,14.665149245060077,14.968890406245471,14.729509194207195,14.160663451144986,15.171628301266516,15.56301438547101,15.529944780917413,17.033940650339158,17.023999295048725,1.0,1.0,1.0,1.0,1.0,1.0,1.0,1.0,1.0,1.0
440.75,4.0,13.43303893909581,17.052617112574,16.553586080450028,16.230506530466773,17.996523448426718,18.21322462802122,17.870997162722972,17.84837727177583,17.059453387469777,16.353544568487635,1.0,1.0,1.0,1.0,1.0,1.0,1.0,1.0,1.0,1.0
441.0,1.0,13.1038718009936,11.97660028533318,14.44565166414499,14.573080042082841,13.421437144038114,14.357896680349626,15.46961168022267,14.988534761531772,14.775971437153515,15.025452479125061,1.0,1.0,1.0,1.0,1.0,1.0,1.0,1.0,1.0,1.0
441.25,2.0,0.0,0.0,0.0,0.0,0.0,0.0,0.0,0.0,0.0,0.0,0.0,0.0,0.0,0.0,0.0,0.0,0.0,0.0,0.0,0.0
441.5,3.0,15.444376643388486,15.14386102880311,15.165652781059922,16.754761018830248,15.918356791342164,16.479218582774582,16.57591739799047,16.420317150100907,17.53111140881447,16.393011109059387,1.0,1.0,1.0,1.0,1.0,1.0,1.0,1.0,1.0,1.0
441.75,4.0,15.188724464801716,16.375114813725745,15.913741002776113,15.927860121170806,18.065267787430756,17.515899082235617,17.47860423297431,16.67285881642089,16.40832813704475,15.729944934406605,1.0,1.0,1.0,1.0,1.0,1.0,1.0,1.0,1.0,1.0
442.0,1.0,13.592456758049643,12.254043525803366,14.356513057328238,14.978307744353803,13.917806933796289,15.287341926887018,15.350898243665895,15.371357458674126,14.863019277683335,15.72591855240593,1.0,1.0,1.0,1.0,1.0,1.0,1.0,1.0,1.0,1.0
442.25,2.0,17.152223068488183,17.625541499562537,17.320111237549284,16.344309526054076,15.424204406475845,15.829222841030788,16.437913315995768,17.264681450310444,17.348534433498727,16.255543974150566,1.0,1.0,1.0,1.0,1.0,1.0,1.0,1.0,1.0,1.0
442.5,3.0,0.0,0.0,0.0,0.0,0.0,0.0,0.0,0.0,0.0,0.0,0.0,0.0,0.0,0.0,0.0,0.0,0.0,0.0,0.0,0.0
442.75,4.0,14.535406851027167,15.796785426981673,16.98068110419016,16.959704024167504,18.38420884254284,17.075375318190492,16.718872244971667,15.584340789615451,15.663007329298495,16.05269235994866,1.0,1.0,1.0,1.0,1.0,1.0,1.0,1.0,1.0,1.0
443.0,1.0,13.86681001503128,13.15188197240274,15.676137223981979,15.142323900722285,14.639198334961998,16.14971606806469,16.503046517317394,16.382370538220126,16.05219351578982,15.734111592831669,1.0,1.0,1.0,1.0,1.0,1.0,1.0,1.0,1.0,1.0
443.25,2.0,0.0,0.0,0.0,0.0,0.0,0.0,0.0,0.0,0.0,0.0,0.0,0.0,0.0,0.0,0.0,0.0,0.0,0.0,0.0,0.0
443.5,3.0,16.178143497864095,17.65068505531093,18.538664359684407,17.78044239130095,16.95238455502217,16.21232474095268,15.976224909232341,16.214086800798253,16.452591798887,16.132038985108554,1.0,1.0,1.0,1.0,1.0,1.0,1.0,1.0,1.0,1.0
443.75,4.0,15.153238190038895,16.71584425162961,18.146182561243908,16.744577624400613,16.770970266387835,15.534248404654635,15.911830745557346,16.077169573900722,16.23735477193893,16.4549146526307,1.0,1.0,1.0,1.0,1.0,1.0,1.0,1.0,1.0,1.0
444.0,1.0,0.0,0.0,0.0,0.0,0.0,0.0,0.0,0.0,0.0,0.0,0.0,0.0,0.0,0.0,0.0,0.0,0.0,0.0,0.0,0.0
444.25,2.0,0.0,0.0,0.0,0.0,0.0,0.0,0.0,0.0,0.0,0.0,0.0,0.0,0.0,0.0,0.0,0.0,0.0,0.0,0.0,0.0
444.5,3.0,16.491242180783143,18.830634963020085,19.438386909630513,18.14262325037285,16.65053799695581,15.5689533803996,16.911585320865694,16.361448983531282,15.77418310176993,15.199017815861145,1.0,1.0,1.0,1.0,1.0,1.0,1.0,1.0,1.0,1.0
444.75,4.0,0.0,0.0,0.0,0.0,0.0,0.0,0.0,0.0,0.0,0.0,0.0,0.0,0.0,0.0,0.0,0.0,0.0,0.0,0.0,0.0
445.0,1.0,15.527321959599176,16.243569879605644,16.526603022432816,15.597276395711269,15.39183474822423,17.276120865736193,16.92335319815542,17.30141938785438,15.27585165996203,16.346098859767206,1.0,1.0,1.0,1.0,1.0,1.0,1.0,1.0,1.0,1.0
445.25,2.0,17.540769992047988,18.119163568696905,17.715601827279194,18.047513455456738,16.626625326905838,16.60440653380767,16.775933132834442,16.495143882490297,16.138423357087426,16.361280988458788,1.0,1.0,1.0,1.0,1.0,1.0,1.0,1.0,1.0,1.0
445.5,3.0,0.0,0.0,0.0,0.0,0.0,0.0,0.0,0.0,0.0,0.0,0.0,0.0,0.0,0.0,0.0,0.0,0.0,0.0,0.0,0.0
445.75,4.0,16.590109299822267,17.389018703545467,17.851322097382738,16.87567943347589,17.336858403071624,15.557647011924715,16.48652767685914,15.471060981283339,15.779487456883906,15.711869836718241,1.0,1.0,1.0,1.0,1.0,1.0,1.0,1.0,1.0,1.0
446.0,1.0,14.978241323447666,15.953665476984739,16.24363814946891,15.435709260677998,14.385116414777901,16.251761086990783,16.190874984002228,16.325222258991687,15.082233119897388,15.639896813042126,1.0,1.0,1.0,1.0,1.0,1.0,1.0,1.0,1.0,1.0
446.25,2.0,0.0,0.0,0.0,0.0,0.0,0.0,0.0,0.0,0.0,0.0,0.0,0.0,0.0,0.0,0.0,0.0,0.0,0.0,0.0,0.0
446.5,3.0,18.386546176018918,17.622683460298926,18.350567931451057,17.010750895115006,16.335207872936625,15.966526248892352,16.029332310467097,17.163283347602416,16.350087647525136,16.103796357185026,1.0,1.0,1.0,1.0,1.0,1.0,1.0,1.0,1.0,1.0
446.75,4.0,17.36768945845436,17.008367520231108,16.90682286332226,17.11570038441354,17.503840262387254,15.469939454002242,16.149058044173497,15.13700100030826,15.60012927236611,15.496036602149587,1.0,1.0,1.0,1.0,1.0,1.0,1.0,1.0,1.0,1.0
447.0,1.0,0.0,0.0,0.0,0.0,0.0,0.0,0.0,0.0,0.0,0.0,0.0,0.0,0.0,0.0,0.0,0.0,0.0,0.0,0.0,0.0
447.25,2.0,16.44604918448181,17.55382700495676,18.047127803175727,19.150088944969845,16.348719268186453,16.410001669688427,16.121997834137087,15.672876617978591,14.337066166900602,15.269420160793294,1.0,1.0,1.0,1.0,1.0,1.0,1.0,1.0,1.0,1.0
447.5,3.0,0.0,0.0,0.0,0.0,0.0,0.0,0.0,0.0,0.0,0.0,0.0,0.0,0.0,0.0,0.0,0.0,0.0,0.0,0.0,0.0
447.75,4.0,0.0,0.0,0.0,0.0,0.0,0.0,0.0,0.0,0.0,0.0,0.0,0.0,0.0,0.0,0.0,0.0,0.0,0.0,0.0,0.0
448.0,1.0,16.444686244551587,15.082915523447777,16.33279733588606,16.160048439226017,15.808160732136125,16.32354365715206,16.293379914772874,15.823144836475176,14.360720401548697,15.134110144928716,1.0,1.0,1.0,1.0,1.0,1.0,1.0,1.0,1.0,1.0
448.25,2.0,16.78474069358777,16.081158334498237,17.83805429027575,19.07469943541399,15.94269642566574,15.025305688121481,13.881295618537827,14.51244942098136,13.773952965248531,14.25117901875129,1.0,1.0,1.0,1.0,1.0,1.0,1.0,1.0,1.0,1.0
448.5,3.0,17.625400834827555,16.26706618113916,16.50967003811305,16.602186259951072,17.503055927837707,17.80420767421477,17.47826604700428,17.996089331289383,17.344062499453972,17.0409958239217,1.0,1.0,1.0,1.0,1.0,1.0,1.0,1.0,1.0,1.0
448.75,4.0,16.20368163896378,16.68554343781222,16.371190591320254,16.775321117271968,16.20767858135687,16.260740612991448,16.70557143613216,15.539219622496518,16.32170850695788,16.48828134847595,1.0,1.0,1.0,1.0,1.0,1.0,1.0,1.0,1.0,1.0
449.0,1.0,14.89149293218272,14.594324683510326,16.057462469072473,16.31282003891507,16.994933235308523,17.207381829323676,17.090007386937337,17.1589805437182,15.432873303870654,16.091365526091742,1.0,1.0,1.0,1.0,1.0,1.0,1.0,1.0,1.0,1.0
449.25,2.0,0.0,0.0,0.0,0.0,0.0,0.0,0.0,0.0,0.0,0.0,0.0,0.0,0.0,0.0,0.0,0.0,0.0,0.0,0.0,0.0
449.5,3.0,16.024960309990924,15.03936305348022,15.184745178741155,17.788900323601816,18.345161045836363,18.152061806653897,17.241097552384975,17.591543657245047,17.43119179776859,17.499504096087186,1.0,1.0,1.0,1.0,1.0,1.0,1.0,1.0,1.0,1.0
449.75,4.0,15.723329634171685,16.70943246765748,16.495575359653508,17.031900937035847,17.82913652066834,16.539778289259587,15.538625469430631,14.483163423284447,15.354425958160071,16.241775311035187,1.0,1.0,1.0,1.0,1.0,1.0,1.0,1.0,1.0,1.0
450.0,1.0,15.716502352408991,16.010378267802,17.84520077665964,17.773429503423568,18.00149043186421,17.252936283149822,17.384801239004197,16.829915587612877,15.374104172012245,16.012650715554702,1.0,1.0,1.0,1.0,1.0,1.0,1.0,1.0,1.0,1.0
450.25,2.0,15.850661908981255,16.20314000863406,17.047154066506327,16.82787079226868,16.457890817120653,15.464972872449566,14.26639736061109,14.644202943632248,14.037039528460557,14.79921300328935,1.0,1.0,1.0,1.0,1.0,1.0,1.0,1.0,1.0,1.0
450.5,3.0,0.0,0.0,0.0,0.0,0.0,0.0,0.0,0.0,0.0,0.0,0.0,0.0,0.0,0.0,0.0,0.0,0.0,0.0,0.0,0.0
450.75,4.0,15.830337203306279,17.99356897350128,17.603873483868583,17.60477156277233,17.992955071649376,16.6070647069107,16.242389083124394,15.834900712371729,16.213180273680422,16.682616172727933,1.0,1.0,1.0,1.0,1.0,1.0,1.0,1.0,1.0,1.0
451.0,1.0,16.3372932373947,16.411070607447126,18.090578054281643,18.15966864907072,18.036771805011792,17.1956002703211,16.85048321015656,15.679891485042663,15.003251480327805,15.374034168926736,1.0,1.0,1.0,1.0,1.0,1.0,1.0,1.0,1.0,1.0
451.25,2.0,0.0,0.0,0.0,0.0,0.0,0.0,0.0,0.0,0.0,0.0,0.0,0.0,0.0,0.0,0.0,0.0,0.0,0.0,0.0,0.0
451.5,3.0,15.399486104709814,14.465856381683412,16.51821776237552,17.866718842252006,16.62168983447323,16.40486650070891,16.114883489889174,17.34977866521199,16.28902083171726,15.615379081466632,1.0,1.0,1.0,1.0,1.0,1.0,1.0,1.0,1.0,1.0
451.75,4.0,17.12204086083057,18.096876039486702,17.569262871735575,17.10094855408729,17.334631651623017,16.838448110798744,16.242817817614164,16.46401842325585,17.134802897576332,16.737189558326218,1.0,1.0,1.0,1.0,1.0,1.0,1.0,1.0,1.0,1.0
452.0,1.0,0.0,0.0,0.0,0.0,0.0,0.0,0.0,0.0,0.0,0.0,0.0,0.0,0.0,0.0,0.0,0.0,0.0,0.0,0.0,0.0
452.25,2.0,16.487602473180036,15.93326204987881,17.444793563099175,15.760749403502942,14.921950181810502,14.438646938161236,14.936062727294665,15.232804201957848,14.52762463318769,15.564281198461451,1.0,1.0,1.0,1.0,1.0,1.0,1.0,1.0,1.0,1.0
452.5,3.0,15.933780967214703,16.05778130792338,17.33444362993067,17.633818025700457,15.954137059654029,16.931879645016956,16.56824288169349,17.232971996899376,16.137431289256913,15.581608951673768,1.0,1.0,1.0,1.0,1.0,1.0,1.0,1.0,1.0,1.0
452.75,4.0,0.0,0.0,0.0,0.0,0.0,0.0,0.0,0.0,0.0,0.0,0.0,0.0,0.0,0.0,0.0,0.0,0.0,0.0,0.0,0.0
453.0,1.0,15.727450336778318,16.92468044799228,19.004384175334202,17.88786277808331,16.66114134839917,16.25262617409898,15.86849357448181,15.670600487860844,16.695514012846395,17.074574058732686,1.0,1.0,1.0,1.0,1.0,1.0,1.0,1.0,1.0,1.0
453.25,2.0,16.123459690805515,16.907879635494965,18.272840268955655,16.3646496412319,14.681490195140636,14.873139306701932,15.37039022798467,15.168856951141791,14.241796414606386,13.837793476939014,1.0,1.0,1.0,1.0,1.0,1.0,1.0,1.0,1.0,1.0
453.5,3.0,0.0,0.0,0.0,0.0,0.0,0.0,0.0,0.0,0.0,0.0,0.0,0.0,0.0,0.0,0.0,0.0,0.0,0.0,0.0,0.0
453.75,4.0,16.71748705546123,16.374357524119315,16.312945153261214,16.873962791603894,17.113859021765546,17.23216215238919,17.88088924149966,18.73725787310858,18.378987771730277,18.437442801817113,1.0,1.0,1.0,1.0,1.0,1.0,1.0,1.0,1.0,1.0
454.0,1.0,15.925219884095146,17.3017041864962,18.006592222119483,16.70985225894495,16.020380203098608,16.66291407729328,16.595061331312785,16.05419185578743,16.479545080735065,16.95012691849184,1.0,1.0,1.0,1.0,1.0,1.0,1.0,1.0,1.0,1.0
454.25,2.0,0.0,0.0,0.0,0.0,0.0,0.0,0.0,0.0,0.0,0.0,0.0,0.0,0.0,0.0,0.0,0.0,0.0,0.0,0.0,0.0
454.5,3.0,16.332307753900853,15.86955991271675,15.999714112734118,15.327013322895121,17.35331477639991,17.88338230321348,17.442802080762643,16.49911917272764,15.567092538223196,15.880233139850269,1.0,1.0,1.0,1.0,1.0,1.0,1.0,1.0,1.0,1.0
454.75,4.0,15.765185075476385,15.607979140306153,15.966425528777913,16.7335105714348,18.097462304322036,18.38114842204851,18.68096697036421,18.348019382019675,18.079041199130828,17.66378421801724,1.0,1.0,1.0,1.0,1.0,1.0,1.0,1.0,1.0,1.0
455.0,1.0,16.349528242942668,17.23956458253135,16.231312746836263,16.322051026790604,16.39937155143106,18.16072077596694,17.73731280775605,17.32210992510737,16.512049112505608,16.891577432242833,1.0,1.0,1.0,1.0,1.0,1.0,1.0,1.0,1.0,1.0
455.25,2.0,17.121844139668454,16.062761952336924,16.670984811937835,16.673115809987483,14.64697598972226,14.986293969778112,15.164207536126945,14.47923671572572,14.996123989246595,14.1298907320371,1.0,1.0,1.0,1.0,1.0,1.0,1.0,1.0,1.0,1.0
455.5,3.0,0.0,0.0,0.0,0.0,0.0,0.0,0.0,0.0,0.0,0.0,0.0,0.0,0.0,0.0,0.0,0.0,0.0,0.0,0.0,0.0
455.75,4.0,13.575711457896132,14.863710009487987,16.199233485177857,16.66695489208313,18.802745804114835,18.57630971375502,18.602924763075503,18.094611227772223,17.757711522054834,17.17965056950733,1.0,1.0,1.0,1.0,1.0,1.0,1.0,1.0,1.0,1.0
456.0,1.0,15.968792794168639,16.060119520978887,16.006586780777276,15.9760583334263,16.427735344115643,18.044447999572487,16.673598363320778,16.20577790235579,15.340627691031367,14.958934909600117,1.0,1.0,1.0,1.0,1.0,1.0,1.0,1.0,1.0,1.0
456.25,2.0,16.087692351189194,15.196172270044773,17.815810539862902,17.163426873597476,15.276164949477572,15.952539008817055,16.409616875693384,15.032051553072067,14.80762325884793,13.984953208730257,1.0,1.0,1.0,1.0,1.0,1.0,1.0,1.0,1.0,1.0
456.5,3.0,16.387280858768094,17.257098743457615,17.909451611486862,18.128284001327344,16.91807660361545,17.287711243325866,17.81385140288369,16.690036395823128,16.394651740849042,16.05257045640794,1.0,1.0,1.0,1.0,1.0,1.0,1.0,1.0,1.0,1.0
456.75,4.0,15.021250275087809,16.033277857762613,17.23642543893184,16.519422792428248,18.876684922310268,18.968544301406265,18.83672538998633,18.805736838260263,18.107466653125506,18.013446847153393,1.0,1.0,1.0,1.0,1.0,1.0,1.0,1.0,1.0,1.0
457.0,1.0,0.0,0.0,0.0,0.0,0.0,0.0,0.0,0.0,0.0,0.0,0.0,0.0,0.0,0.0,0.0,0.0,0.0,0.0,0.0,0.0
457.25,2.0,0.0,0.0,0.0,0.0,0.0,0.0,0.0,0.0,0.0,0.0,0.0,0.0,0.0,0.0,0.0,0.0,0.0,0.0,0.0,0.0
457.5,3.0,16.752093449016822,17.051478177583775,18.751665113314,18.434517982073608,16.893657374657195,16.685819814854433,17.071057004787384,16.925733007509702,16.63091774239977,15.875003646522227,1.0,1.0,1.0,1.0,1.0,1.0,1.0,1.0,1.0,1.0
457.75,4.0,16.798943405584982,17.444085542406317,17.822209766308585,17.697637060989386,18.889040422048605,18.48227287425006,18.01125918153947,19.02941240600965,17.669818654145747,17.79720711835566,1.0,1.0,1.0,1.0,1.0,1.0,1.0,1.0,1.0,1.0
458.0,1.0,16.96316114872887,16.81811525463769,17.09655573224904,16.846759758388202,15.857722316990607,16.459570114590772,14.720099839668647,15.079652380235014,14.041344873317433,14.541026420033305,1.0,1.0,1.0,1.0,1.0,1.0,1.0,1.0,1.0,1.0
458.25,2.0,16.98035913381146,16.254129547222767,17.349549578098664,15.471994180892606,14.466229769127976,14.773551780999378,15.0514537474145,15.498744418450062,15.727723592234232,15.794127362348107,1.0,1.0,1.0,1.0,1.0,1.0,1.0,1.0,1.0,1.0
458.5,3.0,0.0,0.0,0.0,0.0,0.0,0.0,0.0,0.0,0.0,0.0,0.0,0.0,0.0,0.0,0.0,0.0,0.0,0.0,0.0,0.0
458.75,4.0,16.8754012530074,17.34943732362356,17.531420789286265,17.843166067524443,18.457250781877537,17.93163890501499,18.112050900952696,17.68267869037655,17.521646518519926,17.050780685270503,1.0,1.0,1.0,1.0,1.0,1.0,1.0,1.0,1.0,1.0
459.0,1.0,17.44447868204903,16.84918411517935,16.13947751969246,16.115474779252917,15.910654376076474,16.068349022860488,13.81614939263816,15.113812743395593,14.745901224008398,13.900501091349017,1.0,1.0,1.0,1.0,1.0,1.0,1.0,1.0,1.0,1.0
459.25,2.0,0.0,0.0,0.0,0.0,0.0,0.0,0.0,0.0,0.0,0.0,0.0,0.0,0.0,0.0,0.0,0.0,0.0,0.0,0.0,0.0
459.5,3.0,18.733702534948307,18.91428377249102,18.11173604896813,18.463136663287646,16.680761063962635,16.869885627534575,16.57485715680806,17.59041899718061,17.415691859927033,17.07148242684932,1.0,1.0,1.0,1.0,1.0,1.0,1.0,1.0,1.0,1.0
459.75,4.0,16.637467755248693,17.92994102255519,17.864508212611373,17.961141893054748,17.62015444477573,17.593942820822082,17.90307152333695,16.457429620424968,16.410525499803274,15.97677889214821,1.0,1.0,1.0,1.0,1.0,1.0,1.0,1.0,1.0,1.0
460.0,1.0,0.0,0.0,0.0,0.0,0.0,0.0,0.0,0.0,0.0,0.0,0.0,0.0,0.0,0.0,0.0,0.0,0.0,0.0,0.0,0.0
460.25,2.0,16.579830384542515,17.14466871970034,18.293945630887833,15.624758927090037,15.379698441960954,16.130815040589493,15.309866741482292,15.81423045028213,16.09952020766593,16.206004657069215,1.0,1.0,1.0,1.0,1.0,1.0,1.0,1.0,1.0,1.0
460.5,3.0,18.108719692643668,18.44280814925106,18.25857753129447,18.711425815620288,16.717553036584782,16.853652770835982,17.82177496895987,17.919511499824992,17.35615212824082,15.8794713758576,1.0,1.0,1.0,1.0,1.0,1.0,1.0,1.0,1.0,1.0
460.75,4.0,0.0,0.0,0.0,0.0,0.0,0.0,0.0,0.0,0.0,0.0,0.0,0.0,0.0,0.0,0.0,0.0,0.0,0.0,0.0,0.0
461.0,1.0,16.065884755714276,16.00785244967902,18.189604906797843,16.60727469668988,15.009103628854012,15.580102265979018,13.564373053608444,14.9829548923282,14.515040497234912,15.05273377998266,1.0,1.0,1.0,1.0,1.0,1.0,1.0,1.0,1.0,1.0
461.25,2.0,16.56780316819278,18.256259551451425,18.23557306077574,16.185738400367793,16.36661000113856,16.608826577246848,15.639236893843846,16.279444765452983,16.549915157480118,16.568750884476803,1.0,1.0,1.0,1.0,1.0,1.0,1.0,1.0,1.0,1.0
461.5,3.0,0.0,0.0,0.0,0.0,0.0,0.0,0.0,0.0,0.0,0.0,0.0,0.0,0.0,0.0,0.0,0.0,0.0,0.0,0.0,0.0
461.75,4.0,18.77700029211752,18.108521848804994,15.94514674821659,16.4659532321966,17.311226112182514,15.900525915045163,14.93459126810872,15.037536209057077,15.864025594692292,16.45000188337794,1.0,1.0,1.0,1.0,1.0,1.0,1.0,1.0,1.0,1.0
462.0,1.0,17.684950294748624,18.231596964179307,18.8702385403894,16.42954063822859,14.503999976046236,14.849216388991511,14.778089646390692,16.49580658306109,15.409974287940237,16.026433719420332,1.0,1.0,1.0,1.0,1.0,1.0,1.0,1.0,1.0,1.0
462.25,2.0,0.0,0.0,0.0,0.0,0.0,0.0,0.0,0.0,0.0,0.0,0.0,0.0,0.0,0.0,0.0,0.0,0.0,0.0,0.0,0.0
462.5,3.0,18.007012334630588,17.934185433175635,16.03341263803091,15.81482642931165,15.23093554017017,16.183042333570178,17.28581332734979,16.84010262701443,16.174506709804106,15.37306082370246,1.0,1.0,1.0,1.0,1.0,1.0,1.0,1.0,1.0,1.0
462.75,4.0,17.994810715677982,17.960202952415898,16.67901574560293,17.02227928315029,16.041993484199,15.786301780901903,14.77005296169783,15.523666090780548,16.31185054319472,17.278359420523444,1.0,1.0,1.0,1.0,1.0,1.0,1.0,1.0,1.0,1.0
463.0,1.0,19.069361817632156,19.44593313144642,18.58058715719549,16.427731826949373,14.83335869314015,14.985156538788182,14.469684123471838,14.806276780120772,15.93142421956783,15.452355362740516,1.0,1.0,1.0,1.0,1.0,1.0,1.0,1.0,1.0,1.0
463.25,2.0,17.40560418835709,18.665760126379304,19.311839117315927,18.795508717708888,16.309293589092,15.894712857764903,15.065737432442562,15.6742147529546,16.127417849350497,17.177374761257546,1.0,1.0,1.0,1.0,1.0,1.0,1.0,1.0,1.0,1.0
463.5,3.0,0.0,0.0,0.0,0.0,0.0,0.0,0.0,0.0,0.0,0.0,0.0,0.0,0.0,0.0,0.0,0.0,0.0,0.0,0.0,0.0
463.75,4.0,18.49163811105379,17.876168414903514,16.854820122653692,16.64918564944895,15.265839895140584,15.534699577963908,15.744831018744668,17.328581609119635,17.418882108746214,17.620696222921065,1.0,1.0,1.0,1.0,1.0,1.0,1.0,1.0,1.0,1.0
464.0,1.0,18.898936027119333,19.375151304689812,18.159336496243597,16.840901970130528,16.551538465157446,16.731941275418933,15.633776444501065,16.363137555974756,16.214689125831892,15.206717812128554,1.0,1.0,1.0,1.0,1.0,1.0,1.0,1.0,1.0,1.0
464.25,2.0,17.724569721890205,17.972773039240344,18.38048413405396,17.356619629426394,15.172880710785902,15.33332655993772,15.072811610573144,15.575535006247353,16.827141970439136,17.83459993342835,1.0,1.0,1.0,1.0,1.0,1.0,1.0,1.0,1.0,1.0
464.5,3.0,17.82153663561797,17.363994370995453,15.527089897981412,14.401060423332915,13.973683154651908,14.92714169637197,15.230391937130403,15.861493591917313,15.409267747751457,13.942903042801802,1.0,1.0,1.0,1.0,1.0,1.0,1.0,1.0,1.0,1.0
464.75,4.0,17.8256151714244,17.979380007792194,16.521275137887706,15.50420985806338,15.98461882373544,16.15089216559506,16.714654861766817,17.180240246315805,17.584417032258983,17.925085544741073,1.0,1.0,1.0,1.0,1.0,1.0,1.0,1.0,1.0,1.0
465.0,1.0,0.0,0.0,0.0,0.0,0.0,0.0,0.0,0.0,0.0,0.0,0.0,0.0,0.0,0.0,0.0,0.0,0.0,0.0,0.0,0.0
465.25,2.0,0.0,0.0,0.0,0.0,0.0,0.0,0.0,0.0,0.0,0.0,0.0,0.0,0.0,0.0,0.0,0.0,0.0,0.0,0.0,0.0
465.5,3.0,16.75669535615982,17.439911083718233,15.359618507291591,14.090361512994159,14.598235496755215,15.479286362643808,16.22318997272959,15.408550061380264,14.26407271382656,12.238322494854978,1.0,1.0,1.0,1.0,1.0,1.0,1.0,1.0,1.0,1.0
465.75,4.0,0.0,0.0,0.0,0.0,0.0,0.0,0.0,0.0,0.0,0.0,0.0,0.0,0.0,0.0,0.0,0.0,0.0,0.0,0.0,0.0
466.0,1.0,19.091634849099485,19.314038138560537,18.91814698086443,16.824958106700056,16.08595158971075,16.386269967579423,17.23554170791271,17.42832202136015,18.16564730842838,16.677900020712528,1.0,1.0,1.0,1.0,1.0,1.0,1.0,1.0,1.0,1.0
466.25,2.0,17.128327919680206,16.772902291939328,16.201135172745953,15.484988107270201,13.91351584544649,14.7654233445797,14.615293581486915,14.803260150375554,16.576871481363256,16.459735472454938,1.0,1.0,1.0,1.0,1.0,1.0,1.0,1.0,1.0,1.0
466.5,3.0,0.0,0.0,0.0,0.0,0.0,0.0,0.0,0.0,0.0,0.0,0.0,0.0,0.0,0.0,0.0,0.0,0.0,0.0,0.0,0.0
466.75,4.0,17.59128371958635,17.319021045662158,15.3802731378214,15.743330514928347,17.357576026609944,17.80497041582173,18.14225045202471,17.605805091841326,16.918693290790433,16.881138729508066,1.0,1.0,1.0,1.0,1.0,1.0,1.0,1.0,1.0,1.0
467.0,1.0,20.17681282784638,19.554611023195655,17.467188225195915,16.77286420830886,17.353857592646815,17.492313121929072,17.903147560347794,18.63453319405627,18.073886269915672,17.084514292698685,1.0,1.0,1.0,1.0,1.0,1.0,1.0,1.0,1.0,1.0
467.25,2.0,0.0,0.0,0.0,0.0,0.0,0.0,0.0,0.0,0.0,0.0,0.0,0.0,0.0,0.0,0.0,0.0,0.0,0.0,0.0,0.0
467.5,3.0,15.15277171650173,16.50731762238949,15.072886840314643,13.791118543158847,13.677890111898678,14.363871490657546,14.276080784933173,13.999479213927264,13.806463670266664,12.744834995963888,1.0,1.0,1.0,1.0,1.0,1.0,1.0,1.0,1.0,1.0
467.75,4.0,17.771193303654762,17.332837520612316,16.4574834167742,17.151955359710872,18.309235282156138,19.322493038677635,18.906997895488406,19.10750141752456,18.365081189795966,18.407286179519115,1.0,1.0,1.0,1.0,1.0,1.0,1.0,1.0,1.0,1.0
468.0,1.0,0.0,0.0,0.0,0.0,0.0,0.0,0.0,0.0,0.0,0.0,0.0,0.0,0.0,0.0,0.0,0.0,0.0,0.0,0.0,0.0
468.25,2.0,17.388271103666685,14.778491305583845,15.429302856934951,16.562934602396005,16.002224433160656,16.33648825608952,16.311709686631737,15.658170419734438,15.444051120599761,15.046399378731092,1.0,1.0,1.0,1.0,1.0,1.0,1.0,1.0,1.0,1.0
468.5,3.0,0.0,0.0,0.0,0.0,0.0,0.0,0.0,0.0,0.0,0.0,0.0,0.0,0.0,0.0,0.0,0.0,0.0,0.0,0.0,0.0
468.75,4.0,0.0,0.0,0.0,0.0,0.0,0.0,0.0,0.0,0.0,0.0,0.0,0.0,0.0,0.0,0.0,0.0,0.0,0.0,0.0,0.0
469.0,1.0,19.05497407382104,19.239260071979,17.306985198720778,17.406838357675962,17.091965304939137,17.942568296037035,17.32055123763063,17.18157562295216,16.409542324123436,15.63714313507374,1.0,1.0,1.0,1.0,1.0,1.0,1.0,1.0,1.0,1.0
469.25,2.0,16.831746470053922,15.51520455135569,15.627160300047679,17.012611103610755,15.324146774233714,15.156652817482414,15.744949211770885,15.040844182948401,15.589612121448173,14.661573548595946,1.0,1.0,1.0,1.0,1.0,1.0,1.0,1.0,1.0,1.0
469.5,3.0,0.0,0.0,0.0,0.0,0.0,0.0,0.0,0.0,0.0,0.0,0.0,0.0,0.0,0.0,0.0,0.0,0.0,0.0,0.0,0.0
469.75,4.0,17.08489437013873,15.21871957645974,16.228906428849122,17.740993965096635,18.522913519099443,19.305861175057426,19.58390477988919,20.20192285259018,20.431954678143356,20.490120137979787,1.0,1.0,1.0,1.0,1.0,1.0,1.0,1.0,1.0,1.0
470.0,1.0,19.053414841339876,18.62882927904003,16.630804903605895,16.574836359578217,16.265911785994508,16.625002988687555,16.339618343439994,16.633383811321664,16.888058837382385,16.046836691802692,1.0,1.0,1.0,1.0,1.0,1.0,1.0,1.0,1.0,1.0
470.25,2.0,0.0,0.0,0.0,0.0,0.0,0.0,0.0,0.0,0.0,0.0,0.0,0.0,0.0,0.0,0.0,0.0,0.0,0.0,0.0,0.0
470.5,3.0,15.629093040243863,14.918509300513323,15.300420911872829,16.65344762725501,14.96330631166808,15.087960989106623,17.077464558461248,16.351271407427934,16.716301755947505,16.081921473649423,1.0,1.0,1.0,1.0,1.0,1.0,1.0,1.0,1.0,1.0
470.75,4.0,16.621727684300513,15.346462398679341,16.602581618480958,19.18523745189559,19.039848064611924,20.071974287317897,21.04214543591774,20.911950813301594,21.85191233069948,22.37855246460183,1.0,1.0,1.0,1.0,1.0,1.0,1.0,1.0,1.0,1.0
471.0,1.0,17.083413054117088,16.717569390743098,15.768834532420298,15.798358987440572,16.629110626090775,17.206936863496015,16.823908543556147,16.591090164127415,16.13366548751758,15.937301033149971,1.0,1.0,1.0,1.0,1.0,1.0,1.0,1.0,1.0,1.0
471.25,2.0,17.546407964151648,16.611478264893798,16.987034867027884,16.327517447905404,15.575798970605726,15.581348263532101,15.724999812381535,15.086962556676042,15.237374725950382,14.455875943623978,1.0,1.0,1.0,1.0,1.0,1.0,1.0,1.0,1.0,1.0
471.5,3.0,0.0,0.0,0.0,0.0,0.0,0.0,0.0,0.0,0.0,0.0,0.0,0.0,0.0,0.0,0.0,0.0,0.0,0.0,0.0,0.0
471.75,4.0,17.14194950191206,17.01512216559924,16.518455302796482,18.122788570074643,18.476073703619505,19.874119058985606,21.315867297788667,22.306384110955822,22.03194414773572,21.89415514723887,1.0,1.0,1.0,1.0,1.0,1.0,1.0,1.0,1.0,1.0
472.0,1.0,16.902389050601254,16.862181385124934,15.292398149764972,15.621761258291674,15.990968429843896,17.237559377151616,16.24864558372207,16.908725116159996,16.320741328582663,16.744491589329932,1.0,1.0,1.0,1.0,1.0,1.0,1.0,1.0,1.0,1.0
472.25,2.0,0.0,0.0,0.0,0.0,0.0,0.0,0.0,0.0,0.0,0.0,0.0,0.0,0.0,0.0,0.0,0.0,0.0,0.0,0.0,0.0
472.5,3.0,15.756816483779094,15.72455239811073,14.857885007301558,14.974107336880797,15.711572214474177,16.5778286178761,17.435186911366518,17.952982854712456,17.34801629502621,16.777258722393377,1.0,1.0,1.0,1.0,1.0,1.0,1.0,1.0,1.0,1.0
472.75,4.0,18.125109536717705,17.71592113943148,17.60553123788328,17.911148863144344,19.487228059920962,19.825015311056987,21.032922501529836,21.09563014711332,21.310000409725266,20.310263730328696,1.0,1.0,1.0,1.0,1.0,1.0,1.0,1.0,1.0,1.0
473.0,1.0,0.0,0.0,0.0,0.0,0.0,0.0,0.0,0.0,0.0,0.0,0.0,0.0,0.0,0.0,0.0,0.0,0.0,0.0,0.0,0.0
473.25,2.0,0.0,0.0,0.0,0.0,0.0,0.0,0.0,0.0,0.0,0.0,0.0,0.0,0.0,0.0,0.0,0.0,0.0,0.0,0.0,0.0
473.5,3.0,15.918263405096733,14.454506663591262,13.701335704857287,14.702569453388463,16.419229789734292,17.331255741961648,18.316433262661352,16.943913943689726,17.400655326480667,17.59341994046856,1.0,1.0,1.0,1.0,1.0,1.0,1.0,1.0,1.0,1.0
473.75,4.0,0.0,0.0,0.0,0.0,0.0,0.0,0.0,0.0,0.0,0.0,0.0,0.0,0.0,0.0,0.0,0.0,0.0,0.0,0.0,0.0
474.0,1.0,16.356047482835873,15.994357643203884,15.226880074313609,14.93431887772859,15.7898145656848,16.412503110837037,17.78883782558771,18.165566216401697,17.731134028566572,18.12320478114395,1.0,1.0,1.0,1.0,1.0,1.0,1.0,1.0,1.0,1.0
474.25,2.0,16.741655084389645,15.516492970024293,15.17887763927572,14.73442860017945,14.819446333594197,14.360850185886127,14.866438779360601,14.076167498904121,14.74073386580895,14.103337573928759,1.0,1.0,1.0,1.0,1.0,1.0,1.0,1.0,1.0,1.0
474.5,3.0,0.0,0.0,0.0,0.0,0.0,0.0,0.0,0.0,0.0,0.0,0.0,0.0,0.0,0.0,0.0,0.0,0.0,0.0,0.0,0.0
474.75,4.0,16.40962120737458,17.06943244306047,17.880801755541068,17.818121550146728,18.98969289568981,20.368158969216662,19.436914326183533,18.99488380561979,18.51157098742345,17.832812307048588,1.0,1.0,1.0,1.0,1.0,1.0,1.0,1.0,1.0,1.0
475.0,1.0,15.408483320706363,14.93056940897712,14.509163631582398,14.952933344990091,15.4402678403086,16.12061664004279,16.999284011308397,17.017342066464657,16.533790642767453,17.214551915854344,1.0,1.0,1.0,1.0,1.0,1.0,1.0,1.0,1.0,1.0
475.25,2.0,0.0,0.0,0.0,0.0,0.0,0.0,0.0,0.0,0.0,0.0,0.0,0.0,0.0,0.0,0.0,0.0,0.0,0.0,0.0,0.0
475.5,3.0,15.944100078863993,16.318324147988797,16.30620363339818,16.287722360582723,17.935494653654484,18.53529364684062,17.785373263858187,16.356102485166147,15.583555942644685,15.936199837047267,1.0,1.0,1.0,1.0,1.0,1.0,1.0,1.0,1.0,1.0
475.75,4.0,17.213551595956048,17.905793393165414,17.925295275309225,18.29570214392065,20.215098389493445,20.847139430803285,19.487878115975526,19.311887550076626,19.13179299323011,18.557577227090853,1.0,1.0,1.0,1.0,1.0,1.0,1.0,1.0,1.0,1.0
476.0,1.0,0.0,0.0,0.0,0.0,0.0,0.0,0.0,0.0,0.0,0.0,0.0,0.0,0.0,0.0,0.0,0.0,0.0,0.0,0.0,0.0
476.25,2.0,15.210117174723068,14.954365760202112,14.372438789165832,14.03758280990657,13.551127499873987,13.41637433461108,13.189066153048202,14.042300947199841,14.437607711603093,14.426596450835126,1.0,1.0,1.0,1.0,1.0,1.0,1.0,1.0,1.0,1.0
476.5,3.0,0.0,0.0,0.0,0.0,0.0,0.0,0.0,0.0,0.0,0.0,0.0,0.0,0.0,0.0,0.0,0.0,0.0,0.0,0.0,0.0
476.75,4.0,0.0,0.0,0.0,0.0,0.0,0.0,0.0,0.0,0.0,0.0,0.0,0.0,0.0,0.0,0.0,0.0,0.0,0.0,0.0,0.0
477.0,1.0,14.816569748264477,13.989580236389386,14.885508402706211,16.06501161678477,16.116565931044235,16.3382536329427,17.212783883521485,17.073767697731874,16.84708469783799,17.062049990163256,1.0,1.0,1.0,1.0,1.0,1.0,1.0,1.0,1.0,1.0
477.25,2.0,15.36691953497459,15.245427286656092,15.162205082069072,14.91609315164906,13.331340010384983,13.310427156260065,13.340134266137706,14.36282500696339,14.49482093516425,13.82284299523886,1.0,1.0,1.0,1.0,1.0,1.0,1.0,1.0,1.0,1.0
477.5,3.0,0.0,0.0,0.0,0.0,0.0,0.0,0.0,0.0,0.0,0.0,0.0,0.0,0.0,0.0,0.0,0.0,0.0,0.0,0.0,0.0
477.75,4.0,16.343230996012753,16.56083754630641,18.84667992176596,19.699135517752957,18.704334073385567,20.37656988921844,20.272584176119352,18.990953385903524,18.592529692569578,17.631329740981467,1.0,1.0,1.0,1.0,1.0,1.0,1.0,1.0,1.0,1.0
478.0,1.0,15.103641609328509,15.403007616457499,16.094539783005857,16.249368496361242,17.295552264744593,17.868687855048012,17.150800635215962,17.620501005573384,16.603388644620416,17.505306082331884,1.0,1.0,1.0,1.0,1.0,1.0,1.0,1.0,1.0,1.0
478.25,2.0,0.0,0.0,0.0,0.0,0.0,0.0,0.0,0.0,0.0,0.0,0.0,0.0,0.0,0.0,0.0,0.0,0.0,0.0,0.0,0.0
478.5,3.0,15.490103229174446,15.503913530483452,15.53688216476904,15.950443959956903,16.336097358408846,15.948226150377907,15.536487890578755,16.25454105833788,16.132653314975396,15.697339855484069,1.0,1.0,1.0,1.0,1.0,1.0,1.0,1.0,1.0,1.0
478.75,4.0,16.117841810182654,18.244781282857225,20.109790576102224,18.93601531939992,18.6060418572667,19.52329579964286,19.578929078160648,18.280515179997593,18.27268901045696,18.58226751100559,1.0,1.0,1.0,1.0,1.0,1.0,1.0,1.0,1.0,1.0
479.0,1.0,15.43296212560613,15.581991313831335,14.770154830137166,16.00819990274511,17.26591600766046,17.368696913437518,16.78074137831939,17.525413322332557,15.936799947547946,16.472160661538496,1.0,1.0,1.0,1.0,1.0,1.0,1.0,1.0,1.0,1.0
479.25,2.0,17.600694624112222,15.766328368839217,15.888710327220986,13.477803311789257,12.651289593061309,12.251343445575523,13.269826486482293,14.831600123068148,15.13371919859836,15.3230957510554,1.0,1.0,1.0,1.0,1.0,1.0,1.0,1.0,1.0,1.0
479.5,3.0,0.0,0.0,0.0,0.0,0.0,0.0,0.0,0.0,0.0,0.0,0.0,0.0,0.0,0.0,0.0,0.0,0.0,0.0,0.0,0.0
479.75,4.0,17.73890104068288,19.205267242906007,19.050573492329104,19.58168224163978,18.045886730934154,18.55304322991552,18.31805843061197,17.975451279313845,18.97255090815742,18.88552684115802,1.0,1.0,1.0,1.0,1.0,1.0,1.0,1.0,1.0,1.0
480.0,1.0,16.404769754045464,15.970515210658641,16.41278405341192,16.2333130483561,15.853737142541782,16.433190548388485,15.918100137131313,16.517834375026702,15.072680284199386,15.46232661361766,1.0,1.0,1.0,1.0,1.0,1.0,1.0,1.0,1.0,1.0
480.25,2.0,0.0,0.0,0.0,0.0,0.0,0.0,0.0,0.0,0.0,0.0,0.0,0.0,0.0,0.0,0.0,0.0,0.0,0.0,0.0,0.0
480.5,3.0,15.696591744047932,14.682396340874154,15.312051520910023,15.72905531984337,16.454106932634858,16.677084986945133,17.79507415570243,17.55337344960154,18.822377058220923,19.09442021537524,1.0,1.0,1.0,1.0,1.0,1.0,1.0,1.0,1.0,1.0
480.75,4.0,16.831608662238263,18.136112140197188,18.05599043944031,18.27904964023321,19.18660423109869,19.53323840494407,19.585564443771275,19.061150402859717,19.512078565330274,19.4857136214705,1.0,1.0,1.0,1.0,1.0,1.0,1.0,1.0,1.0,1.0
481.0,1.0,0.0,0.0,0.0,0.0,0.0,0.0,0.0,0.0,0.0,0.0,0.0,0.0,0.0,0.0,0.0,0.0,0.0,0.0,0.0,0.0
481.25,2.0,0.0,0.0,0.0,0.0,0.0,0.0,0.0,0.0,0.0,0.0,0.0,0.0,0.0,0.0,0.0,0.0,0.0,0.0,0.0,0.0
481.5,3.0,15.224453074038362,15.42458851176403,15.253940298038321,15.428703508620517,16.912934451154175,17.059503059952238,18.376214816766254,17.59479016223862,18.20283999861701,18.113026085504668,1.0,1.0,1.0,1.0,1.0,1.0,1.0,1.0,1.0,1.0
481.75,4.0,0.0,0.0,0.0,0.0,0.0,0.0,0.0,0.0,0.0,0.0,0.0,0.0,0.0,0.0,0.0,0.0,0.0,0.0,0.0,0.0
482.0,1.0,17.612116911826448,17.047125934788845,14.931999516480184,15.985304027193028,16.180084076631946,15.921363498801693,14.930398678421987,14.342299990101422,13.67562851617626,13.940376950374269,1.0,1.0,1.0,1.0,1.0,1.0,1.0,1.0,1.0,1.0
482.25,2.0,16.572642630516565,17.067639065374504,15.437784168015714,14.722186182392784,13.864541327559033,13.783482122651316,14.503636278333126,15.216444495463126,15.298865500918902,14.194338180506984,1.0,1.0,1.0,1.0,1.0,1.0,1.0,1.0,1.0,1.0
482.5,3.0,0.0,0.0,0.0,0.0,0.0,0.0,0.0,0.0,0.0,0.0,0.0,0.0,0.0,0.0,0.0,0.0,0.0,0.0,0.0,0.0
482.75,4.0,15.915840834808318,15.822743841377902,17.355745997301298,18.29601764854922,17.112712966782155,16.640602639800843,17.53272225043124,18.614018317409847,19.213834364542816,19.390434507472097,1.0,1.0,1.0,1.0,1.0,1.0,1.0,1.0,1.0,1.0
483.0,1.0,16.196468601290285,16.21070663703032,15.04634768879722,15.68410319211959,15.013759978527109,14.910029073896883,14.466143865870661,13.680788355397818,14.604227680845362,15.080998541017987,1.0,1.0,1.0,1.0,1.0,1.0,1.0,1.0,1.0,1.0
483.25,2.0,0.0,0.0,0.0,0.0,0.0,0.0,0.0,0.0,0.0,0.0,0.0,0.0,0.0,0.0,0.0,0.0,0.0,0.0,0.0,0.0
483.5,3.0,14.388576822685748,15.52049882406617,16.508406693497896,17.534785858465366,17.99694402616925,17.08136260406228,18.088804884372696,16.07031933527532,16.999470414022614,17.2127612944585,1.0,1.0,1.0,1.0,1.0,1.0,1.0,1.0,1.0,1.0
483.75,4.0,16.558791891544907,16.24229043873864,17.057981695807335,16.608445475789356,15.232098252804551,16.156641061475558,17.056846465718888,18.48056454688379,18.686146241873157,19.38961547406746,1.0,1.0,1.0,1.0,1.0,1.0,1.0,1.0,1.0,1.0
484.0,1.0,0.0,0.0,0.0,0.0,0.0,0.0,0.0,0.0,0.0,0.0,0.0,0.0,0.0,0.0,0.0,0.0,0.0,0.0,0.0,0.0
484.25,2.0,15.880379826326477,15.105568356371595,14.005220255189274,13.261021798826794,13.078049635250094,13.929292226768759,13.941911025655548,14.835567619973498,15.467930186245093,15.388897827002594,1.0,1.0,1.0,1.0,1.0,1.0,1.0,1.0,1.0,1.0
484.5,3.0,0.0,0.0,0.0,0.0,0.0,0.0,0.0,0.0,0.0,0.0,0.0,0.0,0.0,0.0,0.0,0.0,0.0,0.0,0.0,0.0
484.75,4.0,0.0,0.0,0.0,0.0,0.0,0.0,0.0,0.0,0.0,0.0,0.0,0.0,0.0,0.0,0.0,0.0,0.0,0.0,0.0,0.0
485.0,1.0,16.521528864361944,15.775731186284833,15.920941150604946,16.643732161181898,16.576582021800228,16.93957230988359,17.878481369484337,16.859135311615265,15.937225743693078,15.394166592759316,1.0,1.0,1.0,1.0,1.0,1.0,1.0,1.0,1.0,1.0
485.25,2.0,16.36198930691093,14.494562137747904,13.440203397947874,12.170378843652118,12.257005856054787,12.80835085549841,12.790008612503359,15.004081621018145,15.443029953376993,16.624325701720025,1.0,1.0,1.0,1.0,1.0,1.0,1.0,1.0,1.0,1.0
485.5,3.0,14.853393954161842,16.29272703855273,17.07417462464607,17.465235865358405,16.916663485578628,16.441092576188506,17.338150973428366,16.661945788037695,17.183187413218125,16.472659796281768,1.0,1.0,1.0,1.0,1.0,1.0,1.0,1.0,1.0,1.0
485.75,4.0,17.725756503732807,17.84127349188656,16.644099614568372,17.46057925012399,17.04843382886705,18.78667712761255,18.77067849711138,20.163065189664525,20.464248897993023,20.360777198947297,1.0,1.0,1.0,1.0,1.0,1.0,1.0,1.0,1.0,1.0
486.0,1.0,17.245721778558845,16.530667140266004,16.396320498712623,16.945816026197367,16.848782499987653,16.90017992792296,17.237623340057898,17.025887052152147,16.50181389519313,15.65538269417323,1.0,1.0,1.0,1.0,1.0,1.0,1.0,1.0,1.0,1.0
486.25,2.0,0.0,0.0,0.0,0.0,0.0,0.0,0.0,0.0,0.0,0.0,0.0,0.0,0.0,0.0,0.0,0.0,0.0,0.0,0.0,0.0
486.5,3.0,14.661682811233847,16.20967612848925,16.68085532617648,16.45915541900138,15.9052600774911,16.27864070855105,17.020673335191436,16.383668535918915,16.255835514244836,17.038555832650452,1.0,1.0,1.0,1.0,1.0,1.0,1.0,1.0,1.0,1.0
486.75,4.0,17.328123342789432,17.236543146827817,16.554366683004137,18.117114290151118,19.31360536666007,19.440522131521536,19.70512544424253,19.678808605113176,20.048284387914965,19.874728918937063,1.0,1.0,1.0,1.0,1.0,1.0,1.0,1.0,1.0,1.0
487.0,1.0,16.390871705246933,17.11359155097893,17.17212104794479,18.173849341591204,17.497000809621674,16.723697227154403,16.021773825465022,15.338440855970314,15.096833047655723,15.319451731880678,1.0,1.0,1.0,1.0,1.0,1.0,1.0,1.0,1.0,1.0
487.25,2.0,14.911435321295231,13.525703067871849,12.911872416217648,12.974302369608617,12.93034904814426,14.307614476106965,14.566367089284938,16.586300732004315,17.19781282979303,17.65982502511673,1.0,1.0,1.0,1.0,1.0,1.0,1.0,1.0,1.0,1.0
487.5,3.0,0.0,0.0,0.0,0.0,0.0,0.0,0.0,0.0,0.0,0.0,0.0,0.0,0.0,0.0,0.0,0.0,0.0,0.0,0.0,0.0
487.75,4.0,16.741551542490146,17.722051785520375,17.459396606134103,18.772960244718337,20.265971610133978,19.745585409516135,20.019386544013372,19.779957231417235,20.459951751831902,20.021752418568887,1.0,1.0,1.0,1.0,1.0,1.0,1.0,1.0,1.0,1.0
488.0,1.0,17.239504660780167,16.97812697737345,17.27634611634055,16.542480702685317,17.000330230223067,15.914466913932763,15.106102891216771,14.681008683760457,14.613094536395902,14.779816674772093,1.0,1.0,1.0,1.0,1.0,1.0,1.0,1.0,1.0,1.0
488.25,2.0,0.0,0.0,0.0,0.0,0.0,0.0,0.0,0.0,0.0,0.0,0.0,0.0,0.0,0.0,0.0,0.0,0.0,0.0,0.0,0.0
488.5,3.0,16.096570329562002,15.895494566851587,15.39209129602249,13.987890133951343,15.072723436461246,15.805618778474166,16.720428610962013,16.72969410002347,15.816326121234733,16.062382971524876,1.0,1.0,1.0,1.0,1.0,1.0,1.0,1.0,1.0,1.0
488.75,4.0,18.21494319755554,18.76611702734555,18.409253145500724,19.34777656137805,20.218816156342783,19.999781524850807,21.17521947989476,20.408292189532457,20.236308669640646,18.78011646006415,1.0,1.0,1.0,1.0,1.0,1.0,1.0,1.0,1.0,1.0
489.0,1.0,0.0,0.0,0.0,0.0,0.0,0.0,0.0,0.0,0.0,0.0,0.0,0.0,0.0,0.0,0.0,0.0,0.0,0.0,0.0,0.0
489.25,2.0,14.104587482244883,14.568182649819667,14.376896082744665,14.050028998462718,13.703742224332077,15.260158629630233,15.893735750336063,16.203673012207616,16.290107400543807,15.845994782273635,1.0,1.0,1.0,1.0,1.0,1.0,1.0,1.0,1.0,1.0
489.5,3.0,15.330516658332757,15.078630143230994,15.520702651729993,14.100007351917597,15.159138345962226,15.04744411928093,16.065033391924807,16.192031050209568,15.99872992264678,15.953181973594683,1.0,1.0,1.0,1.0,1.0,1.0,1.0,1.0,1.0,1.0
489.75,4.0,0.0,0.0,0.0,0.0,0.0,0.0,0.0,0.0,0.0,0.0,0.0,0.0,0.0,0.0,0.0,0.0,0.0,0.0,0.0,0.0
490.0,1.0,16.565169671741682,16.12393829218131,16.11838661399998,16.868950172739712,16.744070733523703,15.53117960871486,16.18154698924102,15.705772825425427,15.899100288301709,14.68274999089652,1.0,1.0,1.0,1.0,1.0,1.0,1.0,1.0,1.0,1.0
490.25,2.0,15.298468410360105,15.294129565327363,14.186255399662457,12.997821178802447,13.615688078706436,15.290447056318252,15.388451189081099,14.985251650506495,14.908732562880298,15.698087252741752,1.0,1.0,1.0,1.0,1.0,1.0,1.0,1.0,1.0,1.0
490.5,3.0,0.0,0.0,0.0,0.0,0.0,0.0,0.0,0.0,0.0,0.0,0.0,0.0,0.0,0.0,0.0,0.0,0.0,0.0,0.0,0.0
490.75,4.0,18.188449691984896,19.130828603846425,17.572306294408655,18.61108172896048,20.098926036137012,18.68053566748005,19.930389690916634,20.367480052637774,19.791547973837528,18.82436606516703,1.0,1.0,1.0,1.0,1.0,1.0,1.0,1.0,1.0,1.0
491.0,1.0,15.753281398327527,15.731139936958893,16.98312834334551,16.87698328239076,17.17382797274733,16.783455101984213,16.622093479973703,15.977434168562391,15.516711182096182,14.102711697161013,1.0,1.0,1.0,1.0,1.0,1.0,1.0,1.0,1.0,1.0
491.25,2.0,0.0,0.0,0.0,0.0,0.0,0.0,0.0,0.0,0.0,0.0,0.0,0.0,0.0,0.0,0.0,0.0,0.0,0.0,0.0,0.0
491.5,3.0,15.040705469892236,14.833609898358189,15.43923601246281,14.835316149695819,15.954698887132954,16.428551567365584,16.66055606438319,16.25476272525684,16.23897527010606,16.036172597232284,1.0,1.0,1.0,1.0,1.0,1.0,1.0,1.0,1.0,1.0
491.75,4.0,18.242624099583196,19.066100357357474,17.920012204608273,19.185923519853187,20.292701070258623,18.384573361739204,19.351982702462614,19.931072619755884,20.46762349349526,19.99791090468812,1.0,1.0,1.0,1.0,1.0,1.0,1.0,1.0,1.0,1.0
492.0,1.0,16.813509556314738,16.928204864045703,16.85621323451692,17.801629138476535,17.379558048252715,16.742564092476037,16.8274462704897,15.713585645924839,15.979836401747715,15.575017324536319,1.0,1.0,1.0,1.0,1.0,1.0,1.0,1.0,1.0,1.0
492.25,2.0,16.519968691312126,14.717043043171827,13.089736317524451,12.973596432842749,12.756841808845673,13.71789741456495,13.1382713920382,12.958081483638576,15.244558853283072,16.041900702800536,1.0,1.0,1.0,1.0,1.0,1.0,1.0,1.0,1.0,1.0
492.5,3.0,0.0,0.0,0.0,0.0,0.0,0.0,0.0,0.0,0.0,0.0,0.0,0.0,0.0,0.0,0.0,0.0,0.0,0.0,0.0,0.0
492.75,4.0,0.0,0.0,0.0,0.0,0.0,0.0,0.0,0.0,0.0,0.0,0.0,0.0,0.0,0.0,0.0,0.0,0.0,0.0,0.0,0.0
493.0,1.0,16.12598296030522,16.54421731994683,16.246529247012333,17.098293964636134,16.715161265096306,15.859547408528327,15.709877726670316,14.702693012268412,15.271884209869098,15.378321477330028,1.0,1.0,1.0,1.0,1.0,1.0,1.0,1.0,1.0,1.0
493.25,2.0,16.034765152282123,14.54547731450468,12.680595766086782,12.291735997507914,11.88205167623176,12.650458491915872,12.734595712082182,12.929593923239093,14.423943083105371,14.336873578119096,1.0,1.0,1.0,1.0,1.0,1.0,1.0,1.0,1.0,1.0
493.5,3.0,14.484703891927957,14.63433378174943,16.171336723346386,17.938114723904004,18.502128475007364,19.29588518222813,19.391791939389677,17.23785139373224,16.861847649077028,15.408548230931792,1.0,1.0,1.0,1.0,1.0,1.0,1.0,1.0,1.0,1.0
493.75,4.0,17.85198430905079,18.21482499785439,18.52753983417526,18.660637917603612,18.58390793775738,19.03610688474127,19.834836192669883,21.757753680615725,21.880259682441167,20.337834572716485,1.0,1.0,1.0,1.0,1.0,1.0,1.0,1.0,1.0,1.0
494.0,1.0,16.630536803432065,17.028282064265866,15.674647123282542,17.009118056901475,16.25997059785815,15.676705627160727,15.6989627403162,14.749947272316952,15.648539828999471,15.043535057009363,1.0,1.0,1.0,1.0,1.0,1.0,1.0,1.0,1.0,1.0
494.25,2.0,0.0,0.0,0.0,0.0,0.0,0.0,0.0,0.0,0.0,0.0,0.0,0.0,0.0,0.0,0.0,0.0,0.0,0.0,0.0,0.0
494.5,3.0,15.200278819534509,15.661836933052719,16.911407699326567,18.052575373154887,19.04807233029588,19.343212199440483,19.83977726099845,17.856268445637944,17.159838493068953,15.830557325463866,1.0,1.0,1.0,1.0,1.0,1.0,1.0,1.0,1.0,1.0
494.75,4.0,17.78010449247023,17.995884964567324,17.997270803457422,17.77767704908242,18.849260390500632,20.40899375716468,20.847448440942316,21.49287960078072,20.955866656997664,18.99038943970513,1.0,1.0,1.0,1.0,1.0,1.0,1.0,1.0,1.0,1.0
495.0,1.0,16.96752934395424,17.55759372293682,15.432111746840441,16.565898290739295,15.7262972436924,15.097673354449128,15.957568442665282,14.467380003287158,15.238633790215104,15.093059149807825,1.0,1.0,1.0,1.0,1.0,1.0,1.0,1.0,1.0,1.0
495.25,2.0,14.417691229952657,14.894790833393156,13.311765312431847,13.914194792758014,13.81158630399596,14.320916914171645,14.273982946610163,13.16711238040549,13.215581459969076,12.632397364425788,1.0,1.0,1.0,1.0,1.0,1.0,1.0,1.0,1.0,1.0
495.5,3.0,0.0,0.0,0.0,0.0,0.0,0.0,0.0,0.0,0.0,0.0,0.0,0.0,0.0,0.0,0.0,0.0,0.0,0.0,0.0,0.0
495.75,4.0,17.667881777764705,18.172131592569027,17.66583580174118,18.861755015624713,21.09602065188974,21.274956332517657,20.743856542172065,21.359998178273408,20.866886875699343,18.70749627308679,1.0,1.0,1.0,1.0,1.0,1.0,1.0,1.0,1.0,1.0
496.0,1.0,15.992771978857366,18.037579743624097,15.86157525698072,16.349732011687884,15.189655079992555,14.971260882274962,15.31893948668418,15.434506913749308,15.162330782630221,15.694539506382544,1.0,1.0,1.0,1.0,1.0,1.0,1.0,1.0,1.0,1.0
496.25,2.0,0.0,0.0,0.0,0.0,0.0,0.0,0.0,0.0,0.0,0.0,0.0,0.0,0.0,0.0,0.0,0.0,0.0,0.0,0.0,0.0
496.5,3.0,14.903006883726913,15.353231363758741,16.21654726477902,17.79797539637091,18.973527234869895,19.611820078335306,19.90703296928554,18.994137190010516,20.125510866877235,20.7973787244362,1.0,1.0,1.0,1.0,1.0,1.0,1.0,1.0,1.0,1.0
496.75,4.0,18.068533039828463,18.704416507250173,18.179186215706622,19.053965934526484,21.915417118804786,21.328164183293847,20.87835625430655,20.865006389732713,20.555663707444463,19.80061106289312,1.0,1.0,1.0,1.0,1.0,1.0,1.0,1.0,1.0,1.0
497.0,1.0,0.0,0.0,0.0,0.0,0.0,0.0,0.0,0.0,0.0,0.0,0.0,0.0,0.0,0.0,0.0,0.0,0.0,0.0,0.0,0.0
497.25,2.0,14.61680577555018,16.72474778218332,15.833505030212722,16.301911773431105,15.625692560380566,14.366162683372593,13.550442228695461,12.055316321541431,12.74695678801478,13.35588655835529,1.0,1.0,1.0,1.0,1.0,1.0,1.0,1.0,1.0,1.0
497.5,3.0,14.65531927436422,15.547237388684355,16.946329881750895,18.13079553524079,19.194894182799192,19.554900355509314,20.220052343154663,19.88940584636174,20.4712752813898,21.679147073792116,1.0,1.0,1.0,1.0,1.0,1.0,1.0,1.0,1.0,1.0
497.75,4.0,0.0,0.0,0.0,0.0,0.0,0.0,0.0,0.0,0.0,0.0,0.0,0.0,0.0,0.0,0.0,0.0,0.0,0.0,0.0,0.0
498.0,1.0,18.24532136682935,18.940299810874205,17.119504936525985,15.922658897399332,15.273455164106243,15.476187885096087,16.40035994084697,16.438429099911218,16.315110652643337,17.68438430433976,1.0,1.0,1.0,1.0,1.0,1.0,1.0,1.0,1.0,1.0
498.25,2.0,15.11875396992121,17.782910792100942,15.926873500960216,16.063620118643843,15.053413074505661,14.596547035172835,14.824011824156964,13.24236059133888,14.389388682785881,14.160603278809003,1.0,1.0,1.0,1.0,1.0,1.0,1.0,1.0,1.0,1.0
498.5,3.0,0.0,0.0,0.0,0.0,0.0,0.0,0.0,0.0,0.0,0.0,0.0,0.0,0.0,0.0,0.0,0.0,0.0,0.0,0.0,0.0
498.75,4.0,17.524943929503955,17.202035819573904,17.79924602759327,18.625692722615426,21.448343847621064,20.269720370983578,20.640895834328013,21.463270104388588,21.252544419700985,21.38763803507747,1.0,1.0,1.0,1.0,1.0,1.0,1.0,1.0,1.0,1.0
499.0,1.0,18.315449977792312,17.547110117960578,16.277351497166563,16.039164221614104,16.087603251385868,17.10659942126576,17.672843444909862,17.38707959762796,16.392389742628527,17.51580128289141,1.0,1.0,1.0,1.0,1.0,1.0,1.0,1.0,1.0,1.0
499.25,2.0,0.0,0.0,0.0,0.0,0.0,0.0,0.0,0.0,0.0,0.0,0.0,0.0,0.0,0.0,0.0,0.0,0.0,0.0,0.0,0.0
499.5,3.0,15.058931372258364,16.211194858666683,17.126381666203407,19.342460836432544,19.110438212908477,19.605637430221382,20.55718214739605,21.431377387856163,20.336791122146348,20.291634687705606,1.0,1.0,1.0,1.0,1.0,1.0,1.0,1.0,1.0,1.0
499.75,4.0,17.55401682223876,16.55716102464444,18.562720670881326,19.171389255153397,20.690430570079414,20.126879908604003,20.37878608248171,21.89381706158166,21.24450298838473,20.290516691189353,1.0,1.0,1.0,1.0,1.0,1.0,1.0,1.0,1.0,1.0
500.0,1.0,17.3723138527632,15.716670732482216,15.653805791486988,16.12163901052938,18.367861524988722,17.56721141059044,17.370579903879523,16.912182285099203,16.250051667807814,17.69873547346457,1.0,1.0,1.0,1.0,1.0,1.0,1.0,1.0,1.0,1.0
500.25,2.0,16.301007804321696,18.248849028832286,16.45893978871683,15.68612312107885,15.257353545176056,16.057901507744866,16.104140055241675,14.844849986484615,14.248206551132325,14.285187111406982,1.0,1.0,1.0,1.0,1.0,1.0,1.0,1.0,1.0,1.0
500.5,3.0,0.0,0.0,0.0,0.0,0.0,0.0,0.0,0.0,0.0,0.0,0.0,0.0,0.0,0.0,0.0,0.0,0.0,0.0,0.0,0.0
500.75,4.0,18.20019128387532,16.909255672975473,19.08275813597864,19.085959475052757,20.373742674163434,20.79540022407374,21.565897725793093,21.86548021419594,20.060526916541114,19.480207775739167,1.0,1.0,1.0,1.0,1.0,1.0,1.0,1.0,1.0,1.0
501.0,1.0,17.00553801780054,15.883674177100973,16.34475083437286,17.617059473401913,17.855454829715544,16.529119683402453,16.558804697919985,17.20502904833518,17.440511466763127,18.60783764103105,1.0,1.0,1.0,1.0,1.0,1.0,1.0,1.0,1.0,1.0
501.25,2.0,18.281981159419047,18.714874542681688,17.243243313698162,16.61917336818518,16.159726788352522,16.026774558964444,15.415236018791301,13.94290822499335,13.912275660676553,14.009101785594252,1.0,1.0,1.0,1.0,1.0,1.0,1.0,1.0,1.0,1.0
501.5,3.0,18.696809700037885,18.28496479326155,18.61755676185073,19.211983402917845,19.74440842284085,21.030161280186704,21.157055899882813,20.51914947056069,19.988402726343267,20.210646315334326,1.0,1.0,1.0,1.0,1.0,1.0,1.0,1.0,1.0,1.0
501.75,4.0,18.016100129908278,17.18341118754663,18.82949114683284,19.537481650650925,20.634241096978556,18.97880709882312,20.535475393639754,19.766945373007616,19.36795617177721,19.455735874182533,1.0,1.0,1.0,1.0,1.0,1.0,1.0,1.0,1.0,1.0
502.0,1.0,0.0,0.0,0.0,0.0,0.0,0.0,0.0,0.0,0.0,0.0,0.0,0.0,0.0,0.0,0.0,0.0,0.0,0.0,0.0,0.0
502.25,2.0,0.0,0.0,0.0,0.0,0.0,0.0,0.0,0.0,0.0,0.0,0.0,0.0,0.0,0.0,0.0,0.0,0.0,0.0,0.0,0.0
502.5,3.0,19.09670869275184,18.11857785550834,18.267229594429807,20.29780026427165,20.70830060906874,21.140520487654047,20.455044802037992,19.390978113206526,19.189167402481715,19.437623783136793,1.0,1.0,1.0,1.0,1.0,1.0,1.0,1.0,1.0,1.0
502.75,4.0,0.0,0.0,0.0,0.0,0.0,0.0,0.0,0.0,0.0,0.0,0.0,0.0,0.0,0.0,0.0,0.0,0.0,0.0,0.0,0.0
503.0,1.0,16.103642663864395,16.413017986992994,16.185742259874132,17.670438513290122,18.886252271962235,18.026140502937245,17.992542912324996,18.6703434737098,18.272145054950172,18.455921716471266,1.0,1.0,1.0,1.0,1.0,1.0,1.0,1.0,1.0,1.0
503.25,2.0,17.0902462874867,16.719618846278514,15.739496075717168,15.798718342104369,13.874951474836106,13.28464470409793,13.269372524951374,12.888727516656413,13.079473564559517,14.200625907292878,1.0,1.0,1.0,1.0,1.0,1.0,1.0,1.0,1.0,1.0
503.5,3.0,0.0,0.0,0.0,0.0,0.0,0.0,0.0,0.0,0.0,0.0,0.0,0.0,0.0,0.0,0.0,0.0,0.0,0.0,0.0,0.0
503.75,4.0,18.541601221557684,18.983854326889084,18.22817902010941,18.311391248818488,18.883498279524005,17.83984489125179,18.789425481462885,17.911435715383675,16.162694845871012,16.687607060193553,1.0,1.0,1.0,1.0,1.0,1.0,1.0,1.0,1.0,1.0
504.0,1.0,16.98230350933209,16.482597367484765,16.105154878321933,17.19765197636384,17.766110157944237,17.774591585678053,17.91856101976302,18.36922890937756,17.864570129123965,18.40880166528461,1.0,1.0,1.0,1.0,1.0,1.0,1.0,1.0,1.0,1.0
504.25,2.0,0.0,0.0,0.0,0.0,0.0,0.0,0.0,0.0,0.0,0.0,0.0,0.0,0.0,0.0,0.0,0.0,0.0,0.0,0.0,0.0
504.5,3.0,17.560498090575717,17.490378401273066,18.175813819397174,19.12859581913691,19.709858665389735,20.521015888301417,18.946839545996834,18.074060375004645,17.810411430266555,17.85472528700489,1.0,1.0,1.0,1.0,1.0,1.0,1.0,1.0,1.0,1.0
504.75,4.0,18.728361577484737,18.885629270667582,18.502582909049046,18.50430233109662,18.80315644280721,18.290169549461876,18.53809442382332,18.34807816535938,17.565367600124276,17.725773390769053,1.0,1.0,1.0,1.0,1.0,1.0,1.0,1.0,1.0,1.0
505.0,1.0,0.0,0.0,0.0,0.0,0.0,0.0,0.0,0.0,0.0,0.0,0.0,0.0,0.0,0.0,0.0,0.0,0.0,0.0,0.0,0.0
505.25,2.0,15.581312261474146,16.028144775269702,14.88442266867423,13.840175958664952,13.823864650166987,13.598184341175035,15.347764763072897,15.096192950678407,15.329058449351978,14.755756213995234,1.0,1.0,1.0,1.0,1.0,1.0,1.0,1.0,1.0,1.0
505.5,3.0,0.0,0.0,0.0,0.0,0.0,0.0,0.0,0.0,0.0,0.0,0.0,0.0,0.0,0.0,0.0,0.0,0.0,0.0,0.0,0.0
505.75,4.0,0.0,0.0,0.0,0.0,0.0,0.0,0.0,0.0,0.0,0.0,0.0,0.0,0.0,0.0,0.0,0.0,0.0,0.0,0.0,0.0
506.0,1.0,17.733387164950127,16.43248446160728,15.990563563126532,16.023488578621738,16.7083144036774,16.580042391433356,17.097282653679187,16.880395106392342,17.531113567467767,17.459674734441354,1.0,1.0,1.0,1.0,1.0,1.0,1.0,1.0,1.0,1.0
506.25,2.0,16.05646372545269,15.715066027293942,15.06539684333607,14.85785263170793,15.789642065038178,15.733526836781515,16.275089205051994,16.249720304033318,15.866849784037157,15.104899421258283,1.0,1.0,1.0,1.0,1.0,1.0,1.0,1.0,1.0,1.0
506.5,3.0,0.0,0.0,0.0,0.0,0.0,0.0,0.0,0.0,0.0,0.0,0.0,0.0,0.0,0.0,0.0,0.0,0.0,0.0,0.0,0.0
506.75,4.0,19.211351586285716,19.294389255284106,17.954185189317002,16.94565582173605,17.248569595317882,16.99383733736791,16.797155165137923,17.49427696803657,16.792959964981854,17.95620131854963,1.0,1.0,1.0,1.0,1.0,1.0,1.0,1.0,1.0,1.0
507.0,1.0,17.339144962969975,16.86506863446083,15.32227756535826,16.155562868083347,15.796734343725047,16.094806004703287,16.81458450863423,16.71851360194204,15.801992328046566,15.336344643468065,1.0,1.0,1.0,1.0,1.0,1.0,1.0,1.0,1.0,1.0
507.25,2.0,0.0,0.0,0.0,0.0,0.0,0.0,0.0,0.0,0.0,0.0,0.0,0.0,0.0,0.0,0.0,0.0,0.0,0.0,0.0,0.0
507.5,3.0,18.074980895896072,17.164685397838696,16.023601167147724,16.764079970761138,17.287591175751817,18.1308461956208,17.389526060342227,17.76765791376474,16.812977606552085,16.60694410908097,1.0,1.0,1.0,1.0,1.0,1.0,1.0,1.0,1.0,1.0
507.75,4.0,18.147399890322667,18.206291623321057,17.65641592051975,16.127946131222075,16.851560620289618,17.193756824277507,16.808073439838548,17.61473127818779,17.539648404086766,17.665396214082,1.0,1.0,1.0,1.0,1.0,1.0,1.0,1.0,1.0,1.0
508.0,1.0,17.038855866009197,15.951323679878483,15.011025951745031,15.99434328913989,14.97580026980004,15.00630763137952,15.286458888851737,15.284431230646861,14.981785128138043,14.784413029773042,1.0,1.0,1.0,1.0,1.0,1.0,1.0,1.0,1.0,1.0
508.25,2.0,15.17491144277541,14.986027264736634,14.543519171749692,15.94323131514694,15.485191685765619,15.3022539639239,15.126539315745818,14.968657885525605,14.934615491820262,14.660744727698084,1.0,1.0,1.0,1.0,1.0,1.0,1.0,1.0,1.0,1.0
508.5,3.0,0.0,0.0,0.0,0.0,0.0,0.0,0.0,0.0,0.0,0.0,0.0,0.0,0.0,0.0,0.0,0.0,0.0,0.0,0.0,0.0
508.75,4.0,18.079107915361103,17.438463841151957,17.246393577625323,16.055888337949902,16.482423734857967,16.456869906227436,16.777418523382483,17.27044320579226,17.16148547030692,16.96997961850845,1.0,1.0,1.0,1.0,1.0,1.0,1.0,1.0,1.0,1.0
509.0,1.0,16.35173049790517,14.943508555285796,14.926143500100768,15.167317540096942,14.260278476377247,13.92773756035038,14.278807220966717,14.8426273602454,14.494552275160038,14.511833684473439,1.0,1.0,1.0,1.0,1.0,1.0,1.0,1.0,1.0,1.0
509.25,2.0,0.0,0.0,0.0,0.0,0.0,0.0,0.0,0.0,0.0,0.0,0.0,0.0,0.0,0.0,0.0,0.0,0.0,0.0,0.0,0.0
509.5,3.0,16.89357224955276,14.587104737872787,14.468131913659782,15.61677490410205,17.754921420892792,17.150456248535345,16.655909945869194,17.85296702002454,16.628026359125673,16.699103625922092,1.0,1.0,1.0,1.0,1.0,1.0,1.0,1.0,1.0,1.0
509.75,4.0,18.124805112978123,16.81320591982916,16.65737199104627,14.804253628399564,15.561589901784576,15.678030827175125,15.018446143034907,15.828797866058064,15.007141395355672,14.758526341665467,1.0,1.0,1.0,1.0,1.0,1.0,1.0,1.0,1.0,1.0
510.0,1.0,0.0,0.0,0.0,0.0,0.0,0.0,0.0,0.0,0.0,0.0,0.0,0.0,0.0,0.0,0.0,0.0,0.0,0.0,0.0,0.0
510.25,2.0,0.0,0.0,0.0,0.0,0.0,0.0,0.0,0.0,0.0,0.0,0.0,0.0,0.0,0.0,0.0,0.0,0.0,0.0,0.0,0.0
510.5,3.0,15.619071040278213,14.8114907611124,15.902255952622035,16.981967768259008,17.408141279337052,17.035314173272347,17.212753278377832,16.88326119901952,15.083427025227033,15.378485253512556,1.0,1.0,1.0,1.0,1.0,1.0,1.0,1.0,1.0,1.0
510.75,4.0,0.0,0.0,0.0,0.0,0.0,0.0,0.0,0.0,0.0,0.0,0.0,0.0,0.0,0.0,0.0,0.0,0.0,0.0,0.0,0.0
511.0,1.0,15.15213848664111,13.389374127493646,12.381866284528355,13.435425388602539,12.664078382669535,11.847582035894758,12.066288302313792,13.142075375454578,13.070911376360645,14.084330275646407,1.0,1.0,1.0,1.0,1.0,1.0,1.0,1.0,1.0,1.0
511.25,2.0,12.794283497527577,15.552277084741077,15.094760703219382,16.33438615481944,14.989899828312941,14.69863406488199,14.600894808065386,13.926682998675766,13.559054085465199,13.574396646618364,1.0,1.0,1.0,1.0,1.0,1.0,1.0,1.0,1.0,1.0
511.5,3.0,0.0,0.0,0.0,0.0,0.0,0.0,0.0,0.0,0.0,0.0,0.0,0.0,0.0,0.0,0.0,0.0,0.0,0.0,0.0,0.0
511.75,4.0,15.422933288351935,14.941403751187835,16.00821646341143,14.57736133951046,13.587600627183612,13.846940378640653,12.856667272136015,14.700250966931659,13.826538481611824,14.767742277273218,1.0,1.0,1.0,1.0,1.0,1.0,1.0,1.0,1.0,1.0
512.0,1.0,13.289609152582742,11.658686259167167,12.095327481584736,11.619121305389628,11.126628514548878,10.700833609700494,11.916426879500781,12.510159845880343,12.291073505194467,13.592474916663944,1.0,1.0,1.0,1.0,1.0,1.0,1.0,1.0,1.0,1.0
512.25,2.0,0.0,0.0,0.0,0.0,0.0,0.0,0.0,0.0,0.0,0.0,0.0,0.0,0.0,0.0,0.0,0.0,0.0,0.0,0.0,0.0
512.5,3.0,16.561373411595675,15.790345785041895,14.997047584015597,16.342884800261018,16.404617127985887,15.009564973221295,14.81075348567005,15.07141625012683,13.372278708721163,13.190627676188065,1.0,1.0,1.0,1.0,1.0,1.0,1.0,1.0,1.0,1.0
512.75,4.0,14.776608746472956,13.751770371227687,14.527044671937377,13.33270639725893,13.454780160834693,14.290992993156411,14.523547523088773,15.505658497866454,14.115979047908247,14.681415644017717,1.0,1.0,1.0,1.0,1.0,1.0,1.0,1.0,1.0,1.0
513.0,1.0,0.0,0.0,0.0,0.0,0.0,0.0,0.0,0.0,0.0,0.0,0.0,0.0,0.0,0.0,0.0,0.0,0.0,0.0,0.0,0.0
513.25,2.0,15.211367219962822,17.85322649959188,16.63864794687985,16.466094404041918,15.415640282839743,14.331837344362341,13.004668356850797,12.758775296689521,12.092943007681402,11.580180508729716,1.0,1.0,1.0,1.0,1.0,1.0,1.0,1.0,1.0,1.0
513.5,3.0,0.0,0.0,0.0,0.0,0.0,0.0,0.0,0.0,0.0,0.0,0.0,0.0,0.0,0.0,0.0,0.0,0.0,0.0,0.0,0.0
513.75,4.0,0.0,0.0,0.0,0.0,0.0,0.0,0.0,0.0,0.0,0.0,0.0,0.0,0.0,0.0,0.0,0.0,0.0,0.0,0.0,0.0
514.0,1.0,11.855269805027099,11.684926906151274,10.820294746124794,11.440757205762445,12.463937375405626,12.8125929370898,13.588542230472067,13.236076151601457,12.794305847356409,13.579057012347073,1.0,1.0,1.0,1.0,1.0,1.0,1.0,1.0,1.0,1.0
514.25,2.0,15.873069594497984,17.977648432217674,16.644119615364282,15.14691039438741,14.803096691203015,13.483355319787723,13.044512499542087,12.812475154032226,11.902360240544786,12.176384076784169,1.0,1.0,1.0,1.0,1.0,1.0,1.0,1.0,1.0,1.0
514.5,3.0,0.0,0.0,0.0,0.0,0.0,0.0,0.0,0.0,0.0,0.0,0.0,0.0,0.0,0.0,0.0,0.0,0.0,0.0,0.0,0.0
514.75,4.0,11.38499254273934,12.427378353233713,14.061727199866453,14.772952059823693,16.620508096720535,16.30691877916277,16.385702724226327,15.763508893139182,16.02421387450373,16.29520023814502,1.0,1.0,1.0,1.0,1.0,1.0,1.0,1.0,1.0,1.0
515.0,1.0,10.861480442638689,10.86270152537233,9.556221361402402,11.710410920652832,12.665496652705926,11.91922593098849,13.06661456810142,13.708780796577178,13.819573922663071,14.450123030478755,1.0,1.0,1.0,1.0,1.0,1.0,1.0,1.0,1.0,1.0
515.25,2.0,0.0,0.0,0.0,0.0,0.0,0.0,0.0,0.0,0.0,0.0,0.0,0.0,0.0,0.0,0.0,0.0,0.0,0.0,0.0,0.0
515.5,3.0,15.658098270409807,14.115618151252113,13.947612721579313,14.486153059205444,16.443432418166534,16.275134100330348,16.16231422406185,17.110577902569407,18.174656294947205,19.062024359814732,1.0,1.0,1.0,1.0,1.0,1.0,1.0,1.0,1.0,1.0
515.75,4.0,13.462840501811156,12.652638905522709,14.873627086253135,16.21881712455511,18.32907839433414,17.026825829754742,17.294322347488677,16.31456990890396,15.533241843027035,16.227700070809526,1.0,1.0,1.0,1.0,1.0,1.0,1.0,1.0,1.0,1.0
516.0,1.0,11.101785994679435,10.28037755913651,9.783551632463887,11.251832667264503,11.735754302305008,12.034869528309146,13.055913929638443,13.654079109490862,13.786807012251499,14.930264501816087,1.0,1.0,1.0,1.0,1.0,1.0,1.0,1.0,1.0,1.0
516.25,2.0,17.387280296621466,17.964345082402037,16.096003313325376,15.190468092349223,14.947029953470071,13.204295094481433,12.409315916887529,12.507654642647324,11.435626057417904,11.464946472427782,1.0,1.0,1.0,1.0,1.0,1.0,1.0,1.0,1.0,1.0
516.5,3.0,0.0,0.0,0.0,0.0,0.0,0.0,0.0,0.0,0.0,0.0,0.0,0.0,0.0,0.0,0.0,0.0,0.0,0.0,0.0,0.0
516.75,4.0,13.59667989563472,12.440783755064437,14.423160226820636,15.400134711476761,17.65280468962707,15.68617141969721,15.443859067510738,15.26647637495806,15.06635592363596,15.518246714793168,1.0,1.0,1.0,1.0,1.0,1.0,1.0,1.0,1.0,1.0
517.0,1.0,12.417824489459617,11.10237541639254,10.715941896220086,12.361932100615691,12.246837556288206,12.864660686017121,13.89704429654189,14.116670534152249,14.32970140769418,15.19544424968382,1.0,1.0,1.0,1.0,1.0,1.0,1.0,1.0,1.0,1.0
517.25,2.0,0.0,0.0,0.0,0.0,0.0,0.0,0.0,0.0,0.0,0.0,0.0,0.0,0.0,0.0,0.0,0.0,0.0,0.0,0.0,0.0
517.5,3.0,13.83124915175045,13.95460367543574,12.193171161260944,12.81104928772756,16.41485090889259,17.148043124030917,17.66781114298719,18.315610983732768,18.254513853215357,17.385272511806157,1.0,1.0,1.0,1.0,1.0,1.0,1.0,1.0,1.0,1.0
517.75,4.0,13.745478232641634,12.787464204393078,14.438643788902086,15.634337073023644,17.423492384533223,16.708992250685903,16.83584592090434,16.753626789792268,16.360351737979745,16.12189411553592,1.0,1.0,1.0,1.0,1.0,1.0,1.0,1.0,1.0,1.0
518.0,1.0,0.0,0.0,0.0,0.0,0.0,0.0,0.0,0.0,0.0,0.0,0.0,0.0,0.0,0.0,0.0,0.0,0.0,0.0,0.0,0.0
518.25,2.0,0.0,0.0,0.0,0.0,0.0,0.0,0.0,0.0,0.0,0.0,0.0,0.0,0.0,0.0,0.0,0.0,0.0,0.0,0.0,0.0
518.5,3.0,13.750724792560707,13.94433480849118,11.449410724429889,14.467292119245236,17.80648291116885,18.115181114699165,18.497787355265697,18.5293929558928,17.7775348330936,17.418299861889622,1.0,1.0,1.0,1.0,1.0,1.0,1.0,1.0,1.0,1.0
518.75,4.0,0.0,0.0,0.0,0.0,0.0,0.0,0.0,0.0,0.0,0.0,0.0,0.0,0.0,0.0,0.0,0.0,0.0,0.0,0.0,0.0
519.0,1.0,11.8237258700156,12.286850703870638,13.639540119798141,13.872817913014918,13.634939702001594,13.895161462553986,14.508407778821319,14.772318233110239,15.447806887890463,16.08733007213619,1.0,1.0,1.0,1.0,1.0,1.0,1.0,1.0,1.0,1.0
519.25,2.0,14.919681281610035,13.227934026944094,14.486812254588118,14.2452896275738,12.675970781816279,11.895116259545278,12.12201295511478,12.801411657901694,12.574632805807816,12.577290848294373,1.0,1.0,1.0,1.0,1.0,1.0,1.0,1.0,1.0,1.0
519.5,3.0,0.0,0.0,0.0,0.0,0.0,0.0,0.0,0.0,0.0,0.0,0.0,0.0,0.0,0.0,0.0,0.0,0.0,0.0,0.0,0.0
519.75,4.0,13.681322350815272,13.730998706837056,15.411298263331277,14.885506093639139,17.273323540729226,17.72626867407015,17.167144163797413,16.991439424600394,16.4808239174183,16.22746438091485,1.0,1.0,1.0,1.0,1.0,1.0,1.0,1.0,1.0,1.0
520.0,1.0,13.118147234927703,12.993991528442919,13.593484176385523,13.617470734638731,13.802462652056722,13.90154572338949,14.091308200852419,15.335113334465158,14.403563803369343,14.37984934317528,1.0,1.0,1.0,1.0,1.0,1.0,1.0,1.0,1.0,1.0
520.25,2.0,0.0,0.0,0.0,0.0,0.0,0.0,0.0,0.0,0.0,0.0,0.0,0.0,0.0,0.0,0.0,0.0,0.0,0.0,0.0,0.0
520.5,3.0,13.444720339601895,13.95182801324795,13.354263308330806,15.393530215208795,19.004718319525782,17.915819225521627,18.115485849452543,17.120269310632644,17.1475434956847,15.579142978277225,1.0,1.0,1.0,1.0,1.0,1.0,1.0,1.0,1.0,1.0
520.75,4.0,15.54498451154265,15.464126460525923,15.120360196164127,15.780662266288381,18.70800582595648,18.38644468783197,17.58158473558843,17.010277463618447,17.22342364219399,16.973462106679868,1.0,1.0,1.0,1.0,1.0,1.0,1.0,1.0,1.0,1.0
521.0,1.0,0.0,0.0,0.0,0.0,0.0,0.0,0.0,0.0,0.0,0.0,0.0,0.0,0.0,0.0,0.0,0.0,0.0,0.0,0.0,0.0
521.25,2.0,15.72782423390747,13.65260984393562,13.762975715027396,12.72360052470675,11.383111767260663,12.001139761273642,11.685433595572134,12.727517128373423,13.359688811870864,14.881993609180148,1.0,1.0,1.0,1.0,1.0,1.0,1.0,1.0,1.0,1.0
521.5,3.0,0.0,0.0,0.0,0.0,0.0,0.0,0.0,0.0,0.0,0.0,0.0,0.0,0.0,0.0,0.0,0.0,0.0,0.0,0.0,0.0
521.75,4.0,0.0,0.0,0.0,0.0,0.0,0.0,0.0,0.0,0.0,0.0,0.0,0.0,0.0,0.0,0.0,0.0,0.0,0.0,0.0,0.0
522.0,1.0,14.164103765239496,13.063774959494598,13.863427696743386,14.506285419751949,12.451283353282435,12.876444460494893,14.959580249172497,16.067763263423043,15.812391088220561,14.743629322635764,1.0,1.0,1.0,1.0,1.0,1.0,1.0,1.0,1.0,1.0
522.25,2.0,15.822122207411073,13.614325047710906,12.277392893756064,10.842718958758073,10.785501950901631,11.668751732170838,12.048202307453382,13.846312595748735,14.43046017118811,15.569008066783857,1.0,1.0,1.0,1.0,1.0,1.0,1.0,1.0,1.0,1.0
522.5,3.0,0.0,0.0,0.0,0.0,0.0,0.0,0.0,0.0,0.0,0.0,0.0,0.0,0.0,0.0,0.0,0.0,0.0,0.0,0.0,0.0
522.75,4.0,14.945877871482828,16.099871764354496,16.85725026154855,17.73108475642725,19.07881995153913,20.059236161005632,19.168007538094976,18.821647921978023,18.20333790301555,16.931655895593565,1.0,1.0,1.0,1.0,1.0,1.0,1.0,1.0,1.0,1.0
523.0,1.0,13.896575200614276,11.947820938958866,13.58839530163546,13.345847862567114,11.823978011435946,13.088275209405008,15.428579712064863,16.353415207487004,16.140555460038765,14.800158795373932,1.0,1.0,1.0,1.0,1.0,1.0,1.0,1.0,1.0,1.0
523.25,2.0,0.0,0.0,0.0,0.0,0.0,0.0,0.0,0.0,0.0,0.0,0.0,0.0,0.0,0.0,0.0,0.0,0.0,0.0,0.0,0.0
523.5,3.0,14.706074226512241,15.370079635982323,15.124065324423157,16.385805400259056,16.9499174981227,16.114729075263302,15.25738923838155,15.745452375486227,14.809649109867623,13.613817341844353,1.0,1.0,1.0,1.0,1.0,1.0,1.0,1.0,1.0,1.0
523.75,4.0,16.643579965350433,17.16043242798949,16.932508060862613,18.11155292583366,18.675775326569628,19.11074692464534,18.95773753888932,18.299638780072865,16.797365915117517,16.15593853223694,1.0,1.0,1.0,1.0,1.0,1.0,1.0,1.0,1.0,1.0
524.0,1.0,13.410324763334593,12.142436407954465,13.135146116000591,12.898819935177213,13.163477314036562,13.490753024168583,15.277015733977903,15.565685776587685,15.52916756825926,15.302316563885924,1.0,1.0,1.0,1.0,1.0,1.0,1.0,1.0,1.0,1.0
524.25,2.0,13.786749567383252,12.619403588178702,12.542552803858221,12.959640828034804,14.07242377594815,14.533673938691448,14.644000214204228,14.552972273877769,16.061239444303528,16.143081887809302,1.0,1.0,1.0,1.0,1.0,1.0,1.0,1.0,1.0,1.0
524.5,3.0,0.0,0.0,0.0,0.0,0.0,0.0,0.0,0.0,0.0,0.0,0.0,0.0,0.0,0.0,0.0,0.0,0.0,0.0,0.0,0.0
524.75,4.0,16.263586768347515,16.40574094565303,16.758628318170334,17.572835311759984,16.848819254046283,17.025941815363947,18.27772893370225,17.540661318077742,17.29966890843813,16.69564635577799,1.0,1.0,1.0,1.0,1.0,1.0,1.0,1.0,1.0,1.0
525.0,1.0,14.580473994536765,12.881534701928503,13.196119029557359,12.584019086114692,14.679519121283098,15.010399733006949,16.499704394645864,15.137789832780017,15.90750163023423,15.745077766745812,1.0,1.0,1.0,1.0,1.0,1.0,1.0,1.0,1.0,1.0
525.25,2.0,0.0,0.0,0.0,0.0,0.0,0.0,0.0,0.0,0.0,0.0,0.0,0.0,0.0,0.0,0.0,0.0,0.0,0.0,0.0,0.0
525.5,3.0,15.70221981047232,14.44167876334801,14.626300843586714,15.915109716449477,14.354358851128534,14.024211142983116,14.472858491417835,15.250703571848197,15.444980498015347,15.424841713254086,1.0,1.0,1.0,1.0,1.0,1.0,1.0,1.0,1.0,1.0
525.75,4.0,17.0004074617008,15.718117308869777,16.42590562371277,16.64586924278243,16.42197033820708,16.855246584425142,18.424737027069277,18.1015123468386,17.543611869606696,17.694737522864358,1.0,1.0,1.0,1.0,1.0,1.0,1.0,1.0,1.0,1.0
526.0,1.0,0.0,0.0,0.0,0.0,0.0,0.0,0.0,0.0,0.0,0.0,0.0,0.0,0.0,0.0,0.0,0.0,0.0,0.0,0.0,0.0
526.25,2.0,0.0,0.0,0.0,0.0,0.0,0.0,0.0,0.0,0.0,0.0,0.0,0.0,0.0,0.0,0.0,0.0,0.0,0.0,0.0,0.0
526.5,3.0,14.992935335497675,14.181736052286446,13.92756133845597,13.838311734405933,12.615188853109368,13.586197533932499,14.438250865817556,15.494233722590119,15.143547740475691,14.767502247588233,1.0,1.0,1.0,1.0,1.0,1.0,1.0,1.0,1.0,1.0
526.75,4.0,0.0,0.0,0.0,0.0,0.0,0.0,0.0,0.0,0.0,0.0,0.0,0.0,0.0,0.0,0.0,0.0,0.0,0.0,0.0,0.0
527.0,1.0,13.733196654753701,12.472676290187735,12.704802408699509,13.116097425877161,14.10323281145001,14.788815949699666,15.087545568725842,16.088156677469627,16.959405141042833,16.531221746137245,1.0,1.0,1.0,1.0,1.0,1.0,1.0,1.0,1.0,1.0
527.25,2.0,13.786397748115872,13.349240011345238,13.950843567920433,16.172031040776513,15.845442741702113,15.291925658607093,15.471975482917996,16.07509779008163,16.066619011968832,15.510442614692318,1.0,1.0,1.0,1.0,1.0,1.0,1.0,1.0,1.0,1.0
527.5,3.0,0.0,0.0,0.0,0.0,0.0,0.0,0.0,0.0,0.0,0.0,0.0,0.0,0.0,0.0,0.0,0.0,0.0,0.0,0.0,0.0
527.75,4.0,16.62789558996752,15.806264408414812,15.868398942304214,15.35035424463036,15.961082673978508,14.860962531499082,16.02676944169658,16.170224742893343,17.159868878854347,16.74302128134926,1.0,1.0,1.0,1.0,1.0,1.0,1.0,1.0,1.0,1.0
528.0,1.0,14.167203633892722,13.232367768885856,13.10590632074712,13.423364193547474,13.810229415701354,14.012206381733208,14.995280966548119,16.703586951027116,17.55695989109365,18.114137298180353,1.0,1.0,1.0,1.0,1.0,1.0,1.0,1.0,1.0,1.0
528.25,2.0,0.0,0.0,0.0,0.0,0.0,0.0,0.0,0.0,0.0,0.0,0.0,0.0,0.0,0.0,0.0,0.0,0.0,0.0,0.0,0.0
528.5,3.0,15.533115421412514,14.67164269146688,13.702455450647697,12.642560055042644,13.68184531941384,14.767570503589438,14.523541554933344,14.900153620195937,14.203277622818975,14.23229741324309,1.0,1.0,1.0,1.0,1.0,1.0,1.0,1.0,1.0,1.0
528.75,4.0,16.8261891064558,14.966332339424397,14.510569733680798,15.274119132992652,16.82297222174539,15.21648780314089,17.02946245818439,17.42885802587175,16.9121734785854,16.43182982825261,1.0,1.0,1.0,1.0,1.0,1.0,1.0,1.0,1.0,1.0
529.0,1.0,0.0,0.0,0.0,0.0,0.0,0.0,0.0,0.0,0.0,0.0,0.0,0.0,0.0,0.0,0.0,0.0,0.0,0.0,0.0,0.0
529.25,2.0,14.324765015063665,14.24003799740046,14.112232511997847,13.166412897466202,13.956239075477567,13.938566310729048,14.170255779762325,14.660653484014025,13.6418315554683,12.885520370725558,1.0,1.0,1.0,1.0,1.0,1.0,1.0,1.0,1.0,1.0
529.5,3.0,0.0,0.0,0.0,0.0,0.0,0.0,0.0,0.0,0.0,0.0,0.0,0.0,0.0,0.0,0.0,0.0,0.0,0.0,0.0,0.0
529.75,4.0,0.0,0.0,0.0,0.0,0.0,0.0,0.0,0.0,0.0,0.0,0.0,0.0,0.0,0.0,0.0,0.0,0.0,0.0,0.0,0.0
530.0,1.0,15.002359231034568,13.670728484085291,13.486786108986626,14.275732382834603,15.484144178023616,15.44799247909135,15.687291383735074,17.156042182649312,17.20964622738995,17.07870367869323,1.0,1.0,1.0,1.0,1.0,1.0,1.0,1.0,1.0,1.0
530.25,2.0,14.246297848796036,14.777291545223324,14.31654560387895,13.512364929216075,14.14497790909278,13.753941289677845,13.825060091967083,13.487183606826946,12.181180136113047,10.676894781647507,1.0,1.0,1.0,1.0,1.0,1.0,1.0,1.0,1.0,1.0
530.5,3.0,15.245405155165294,14.64966764490119,13.783326015939657,13.060623446937122,11.956092889260985,12.434090577396486,12.327068047386478,12.889440882642834,13.941822147934662,13.75754428779305,1.0,1.0,1.0,1.0,1.0,1.0,1.0,1.0,1.0,1.0
530.75,4.0,15.783172704183055,15.166425683585315,16.154365338456167,16.45284811626783,16.436039803586187,15.746540483318286,17.22264101956635,17.361566831926247,17.851745505534314,17.748044123989622,1.0,1.0,1.0,1.0,1.0,1.0,1.0,1.0,1.0,1.0
531.0,1.0,14.368395468954896,13.458593156855288,14.005227353560299,14.19433705093938,14.182478923950972,14.120678362771372,15.02285652666813,17.041989290370623,16.6790149646508,18.025850648553366,1.0,1.0,1.0,1.0,1.0,1.0,1.0,1.0,1.0,1.0
531.25,2.0,0.0,0.0,0.0,0.0,0.0,0.0,0.0,0.0,0.0,0.0,0.0,0.0,0.0,0.0,0.0,0.0,0.0,0.0,0.0,0.0
531.5,3.0,15.30744263847921,13.771406471996036,13.012374328074506,12.205777491716756,12.539026284224521,12.553529547654058,13.099597077989063,13.109285643792516,13.732644682028091,13.48816760165384,1.0,1.0,1.0,1.0,1.0,1.0,1.0,1.0,1.0,1.0
531.75,4.0,16.101420014229006,15.183171942175294,16.12358644719438,16.87136832394709,16.742317781422926,16.672490520423874,17.62756454442284,17.95421916976931,18.339023338597492,17.46241316081103,1.0,1.0,1.0,1.0,1.0,1.0,1.0,1.0,1.0,1.0
532.0,1.0,14.386544525146752,14.057537033891121,14.109989027870188,13.963373142438087,14.561302014872915,15.046347661164491,16.118581360784034,16.668017407062756,17.037443793725974,17.139017933127963,1.0,1.0,1.0,1.0,1.0,1.0,1.0,1.0,1.0,1.0
532.25,2.0,14.879165919531257,13.664546072489584,13.990410999258811,12.634242811265365,12.70528980266723,12.443489408808196,12.311390935525559,11.87451752972019,10.147625849949701,9.416077796244062,1.0,1.0,1.0,1.0,1.0,1.0,1.0,1.0,1.0,1.0
532.5,3.0,0.0,0.0,0.0,0.0,0.0,0.0,0.0,0.0,0.0,0.0,0.0,0.0,0.0,0.0,0.0,0.0,0.0,0.0,0.0,0.0
532.75,4.0,15.83764805853294,15.465628599011636,16.574819576325893,16.22934349215286,17.617600721018604,17.055613485585628,18.434815587030368,18.339373860631554,19.17112016862016,18.215903656694085,1.0,1.0,1.0,1.0,1.0,1.0,1.0,1.0,1.0,1.0
533.0,1.0,15.425278533668493,14.509979861311288,13.866121012143658,14.153797746653865,15.941347776040532,15.586914241342784,16.76978783660142,17.379686887121174,17.034298296337706,16.893389256835174,1.0,1.0,1.0,1.0,1.0,1.0,1.0,1.0,1.0,1.0
533.25,2.0,0.0,0.0,0.0,0.0,0.0,0.0,0.0,0.0,0.0,0.0,0.0,0.0,0.0,0.0,0.0,0.0,0.0,0.0,0.0,0.0
533.5,3.0,13.247359252673052,12.914436572595228,12.897442671235703,12.863389238306889,12.786451351870486,13.10106101699052,13.825691983531382,13.958158001745756,15.514810242729684,14.623398886596972,1.0,1.0,1.0,1.0,1.0,1.0,1.0,1.0,1.0,1.0
533.75,4.0,16.423529346137087,15.639083065136598,15.336229788157658,14.758633916361411,17.230257109230962,17.42135024263851,19.117935260533752,19.152244134886306,18.96521005917837,19.062162858353084,1.0,1.0,1.0,1.0,1.0,1.0,1.0,1.0,1.0,1.0
534.0,1.0,0.0,0.0,0.0,0.0,0.0,0.0,0.0,0.0,0.0,0.0,0.0,0.0,0.0,0.0,0.0,0.0,0.0,0.0,0.0,0.0
534.25,2.0,14.87019596989519,14.441535115019455,13.271864048690537,12.73277178459943,11.360334148509972,11.166840159709476,10.92303435987848,9.913388380602788,9.6707364545134,8.018898537083317,1.0,1.0,1.0,1.0,1.0,1.0,1.0,1.0,1.0,1.0
534.5,3.0,12.71251456700504,13.399717201799307,13.364237195807634,14.595270291697858,13.233308788215663,13.959155110024886,14.17356126200029,14.716066291699638,15.082795690690059,14.46140105350219,1.0,1.0,1.0,1.0,1.0,1.0,1.0,1.0,1.0,1.0
534.75,4.0,0.0,0.0,0.0,0.0,0.0,0.0,0.0,0.0,0.0,0.0,0.0,0.0,0.0,0.0,0.0,0.0,0.0,0.0,0.0,0.0
535.0,1.0,15.05502056724148,15.085073512758685,14.728728773482834,16.331095751363897,16.837190393196465,17.12249861060962,17.419812997398317,17.527331893994763,17.695236686028448,16.720647620929366,1.0,1.0,1.0,1.0,1.0,1.0,1.0,1.0,1.0,1.0
535.25,2.0,15.82464442177855,14.759442166645735,14.067484715636606,12.148815355403359,11.412630679269148,11.175159338542965,10.634360983144777,9.947210009137399,10.121817866174577,9.432110770702392,1.0,1.0,1.0,1.0,1.0,1.0,1.0,1.0,1.0,1.0
535.5,3.0,0.0,0.0,0.0,0.0,0.0,0.0,0.0,0.0,0.0,0.0,0.0,0.0,0.0,0.0,0.0,0.0,0.0,0.0,0.0,0.0
535.75,4.0,15.632427164077397,14.91312615225502,15.086790798403966,15.493380926214439,14.603897560445432,15.743703213817218,17.111626059217663,17.95420947421049,17.195129082766144,17.83263661499979,1.0,1.0,1.0,1.0,1.0,1.0,1.0,1.0,1.0,1.0
536.0,1.0,14.609948226347731,14.509150687919416,16.264832508542803,17.4235395885813,17.33836245802737,16.945917509926737,17.398727261054,16.440282737670604,16.264339829243177,16.31360944764835,1.0,1.0,1.0,1.0,1.0,1.0,1.0,1.0,1.0,1.0
536.25,2.0,0.0,0.0,0.0,0.0,0.0,0.0,0.0,0.0,0.0,0.0,0.0,0.0,0.0,0.0,0.0,0.0,0.0,0.0,0.0,0.0
536.5,3.0,14.01670638161707,15.07588008455318,14.854200720410393,14.437805650557326,14.088899697406312,13.901165552238009,13.36441302751766,13.190778125752953,14.107460764402395,14.005674725748081,1.0,1.0,1.0,1.0,1.0,1.0,1.0,1.0,1.0,1.0
536.75,4.0,16.090027435359225,15.147835775982683,15.506440108902545,15.439085396554566,14.836693722485556,16.34463649469527,17.233700077023045,18.17508317548726,17.97780689224968,18.543405999162296,1.0,1.0,1.0,1.0,1.0,1.0,1.0,1.0,1.0,1.0
537.0,1.0,14.59301480044255,14.793646325705891,16.959747694345218,16.743663614065795,17.392664018387354,17.20621012271693,17.355686283815537,16.81157342810379,17.253527074873467,16.316615083759636,1.0,1.0,1.0,1.0,1.0,1.0,1.0,1.0,1.0,1.0
537.25,2.0,14.548836257248885,12.754956587781296,12.356232648606774,11.348033693517865,11.028706135162246,10.650203895813114,10.879143487894126,10.376798087936043,11.574868592526073,12.025493776617393,1.0,1.0,1.0,1.0,1.0,1.0,1.0,1.0,1.0,1.0
537.5,3.0,0.0,0.0,0.0,0.0,0.0,0.0,0.0,0.0,0.0,0.0,0.0,0.0,0.0,0.0,0.0,0.0,0.0,0.0,0.0,0.0
537.75,4.0,14.97942975126655,15.15050630909648,14.872416258665112,14.766574093509831,14.864393937296093,16.078180366280385,16.853873519756604,16.670186921265564,16.50278461580628,16.78737644021178,1.0,1.0,1.0,1.0,1.0,1.0,1.0,1.0,1.0,1.0
538.0,1.0,14.227631808714694,15.00152845278023,17.12209147738204,16.575677665325113,16.875849178325307,16.316102046964374,17.444041617141714,16.89604339272758,16.986970556046263,15.982693115399117,1.0,1.0,1.0,1.0,1.0,1.0,1.0,1.0,1.0,1.0
538.25,2.0,13.367647241323729,12.617075381728554,11.7180870715924,10.545821229781511,10.522887904295416,10.79161577663477,10.641773663356838,11.469404630073226,12.951428301200794,12.58033381764802,1.0,1.0,1.0,1.0,1.0,1.0,1.0,1.0,1.0,1.0
538.5,3.0,16.14367338729569,14.562136304394985,12.697314209636579,14.060002661652604,13.286614614749919,13.840210480272281,13.419642391734156,13.02046150468868,14.548464318756517,15.118700881300406,1.0,1.0,1.0,1.0,1.0,1.0,1.0,1.0,1.0,1.0
538.75,4.0,14.502510958743416,14.746201796485819,14.505120536422393,15.258730256605247,14.647313952963199,15.413508855647361,15.231927150059292,15.861618780869508,15.446241468808612,15.602798194490385,1.0,1.0,1.0,1.0,1.0,1.0,1.0,1.0,1.0,1.0
539.0,1.0,0.0,0.0,0.0,0.0,0.0,0.0,0.0,0.0,0.0,0.0,0.0,0.0,0.0,0.0,0.0,0.0,0.0,0.0,0.0,0.0
539.25,2.0,0.0,0.0,0.0,0.0,0.0,0.0,0.0,0.0,0.0,0.0,0.0,0.0,0.0,0.0,0.0,0.0,0.0,0.0,0.0,0.0
539.5,3.0,15.693804503138463,12.840664364416476,12.100799030680328,12.603618056761954,12.814200091200835,14.007108410072908,13.1277584403263,12.992500048166841,14.423851154939323,15.55468218266295,1.0,1.0,1.0,1.0,1.0,1.0,1.0,1.0,1.0,1.0
539.75,4.0,14.449336258353284,15.223648122468664,15.53993464405884,15.00287987531454,14.899981631242133,15.094102850607335,14.938135236632617,14.60225947162535,14.168253432011026,14.922662058037085,1.0,1.0,1.0,1.0,1.0,1.0,1.0,1.0,1.0,1.0
540.0,1.0,16.086625755223036,16.969938840025947,17.92714821692374,16.78884983164337,16.548791638689693,15.926739492549482,16.32737841013349,15.83290114035841,16.341495426163547,16.49394581774394,1.0,1.0,1.0,1.0,1.0,1.0,1.0,1.0,1.0,1.0
540.25,2.0,12.398581283407486,11.17669720713437,12.216435942553494,12.721641114804624,12.092884374392728,13.01150298046002,12.433758816424378,12.83348891355766,14.024970632150048,14.796907154042698,1.0,1.0,1.0,1.0,1.0,1.0,1.0,1.0,1.0,1.0
540.5,3.0,0.0,0.0,0.0,0.0,0.0,0.0,0.0,0.0,0.0,0.0,0.0,0.0,0.0,0.0,0.0,0.0,0.0,0.0,0.0,0.0
540.75,4.0,14.452995485949645,14.13155592140281,14.381418517851419,13.930228289694739,14.397928222053384,15.080106747537705,15.839264924118465,16.059142087173047,16.80610386124538,16.64906143425329,1.0,1.0,1.0,1.0,1.0,1.0,1.0,1.0,1.0,1.0
541.0,1.0,16.48592300247015,17.729393475535886,18.759214128870006,17.34509349905441,17.348599877841384,15.710671391714701,16.48460356688127,16.45640638750936,17.392985805428726,17.50290276946494,1.0,1.0,1.0,1.0,1.0,1.0,1.0,1.0,1.0,1.0
541.25,2.0,0.0,0.0,0.0,0.0,0.0,0.0,0.0,0.0,0.0,0.0,0.0,0.0,0.0,0.0,0.0,0.0,0.0,0.0,0.0,0.0
541.5,3.0,12.2741133683927,10.671356313132353,10.980597261756923,13.198256083044562,14.577938782943763,15.278750764711338,15.365000168010399,14.925147660232062,14.839698261236121,15.922355639868345,1.0,1.0,1.0,1.0,1.0,1.0,1.0,1.0,1.0,1.0
541.75,4.0,13.574256815685043,13.50045763480534,14.83424073205209,13.965668252346768,14.952958693834258,14.491144245515908,15.729947985343948,16.33733944584593,17.284191557991413,17.636673648558702,1.0,1.0,1.0,1.0,1.0,1.0,1.0,1.0,1.0,1.0
542.0,1.0,0.0,0.0,0.0,0.0,0.0,0.0,0.0,0.0,0.0,0.0,0.0,0.0,0.0,0.0,0.0,0.0,0.0,0.0,0.0,0.0
542.25,2.0,11.674885917656136,11.767732553811417,14.071872863649428,14.024034251025624,14.505330876466171,14.645660920506147,12.918681995841329,13.461869619364164,13.952986962238574,15.457336066418783,1.0,1.0,1.0,1.0,1.0,1.0,1.0,1.0,1.0,1.0
542.5,3.0,11.5748107945387,11.301584187480852,13.143284558071063,13.898383955558161,14.846960667114878,15.14532873564496,14.799141241042067,15.300551111890595,14.79398891096804,16.164042474541297,1.0,1.0,1.0,1.0,1.0,1.0,1.0,1.0,1.0,1.0
542.75,4.0,0.0,0.0,0.0,0.0,0.0,0.0,0.0,0.0,0.0,0.0,0.0,0.0,0.0,0.0,0.0,0.0,0.0,0.0,0.0,0.0
543.0,1.0,17.022492976705564,17.446749274761434,16.439941713795044,15.550604284371442,16.277312091713092,16.43193828204288,16.889038339388183,16.290773896992267,16.425659225613128,15.11720560173415,1.0,1.0,1.0,1.0,1.0,1.0,1.0,1.0,1.0,1.0
543.25,2.0,13.58391192537953,13.466178073179975,15.275895778979434,15.240624616109827,14.770254806516594,14.342327039195911,13.969916099770357,13.840193417736435,14.394510863846314,15.263327817038409,1.0,1.0,1.0,1.0,1.0,1.0,1.0,1.0,1.0,1.0
543.5,3.0,0.0,0.0,0.0,0.0,0.0,0.0,0.0,0.0,0.0,0.0,0.0,0.0,0.0,0.0,0.0,0.0,0.0,0.0,0.0,0.0
543.75,4.0,13.276090890844634,13.417793211085202,15.68513261431815,16.166969900812266,15.18534858287593,15.071941457881598,16.475826702026627,17.678945273887678,18.86694282416877,19.119962350595564,1.0,1.0,1.0,1.0,1.0,1.0,1.0,1.0,1.0,1.0
544.0,1.0,17.300673132062975,17.633340907691387,16.18224357047235,16.88954793157604,18.37666519148535,18.47645955231007,17.07401043159723,16.805046121506027,16.079317341952397,15.739811961941404,1.0,1.0,1.0,1.0,1.0,1.0,1.0,1.0,1.0,1.0
544.25,2.0,0.0,0.0,0.0,0.0,0.0,0.0,0.0,0.0,0.0,0.0,0.0,0.0,0.0,0.0,0.0,0.0,0.0,0.0,0.0,0.0
544.5,3.0,12.744781671128404,11.722064380867861,12.067043320694617,14.50030325238326,13.210891134415547,13.886769522532903,14.187033325821783,14.787719953887159,15.388031759137156,17.19658922250172,1.0,1.0,1.0,1.0,1.0,1.0,1.0,1.0,1.0,1.0
544.75,4.0,12.67783062010017,13.279675470401468,15.814400386682376,16.521485142046018,15.212071711501066,15.273362211706035,15.799010313902741,16.77980493873345,17.2189121405498,17.79505658652258,1.0,1.0,1.0,1.0,1.0,1.0,1.0,1.0,1.0,1.0
545.0,1.0,17.04155134278472,18.18927824863351,17.06853380650298,17.497309584992944,19.46542495675436,18.144277555902875,16.935145591505115,17.143790549148214,16.667257213899067,17.232552508134145,1.0,1.0,1.0,1.0,1.0,1.0,1.0,1.0,1.0,1.0
545.25,2.0,15.197907640885198,15.421871364594516,16.29073755156663,15.514422511402413,15.45059107086661,15.709195925828885,14.993646516724652,14.733289676533957,15.276361824346855,14.678597758371321,1.0,1.0,1.0,1.0,1.0,1.0,1.0,1.0,1.0,1.0
545.5,3.0,0.0,0.0,0.0,0.0,0.0,0.0,0.0,0.0,0.0,0.0,0.0,0.0,0.0,0.0,0.0,0.0,0.0,0.0,0.0,0.0
545.75,4.0,13.48045574338786,13.803244452026474,15.810686829900122,17.56180338805254,17.32628202926063,16.311681234912285,16.304713589151085,16.527171759864387,15.91733801890273,16.1865346021289,1.0,1.0,1.0,1.0,1.0,1.0,1.0,1.0,1.0,1.0
546.0,1.0,16.67511734364002,18.005049051798668,16.785672450028255,17.06621082435947,18.69108922376979,17.606480884807898,17.20556507103976,17.094890696084473,17.347676778791953,16.532076494842926,1.0,1.0,1.0,1.0,1.0,1.0,1.0,1.0,1.0,1.0
546.25,2.0,15.989862457573736,15.261409324268634,16.219509184834255,14.954206615220052,16.057171473248495,16.11283464868739,16.253391867255292,14.487759700082174,15.451294956436499,15.551217844806356,1.0,1.0,1.0,1.0,1.0,1.0,1.0,1.0,1.0,1.0
546.5,3.0,12.793396521657629,12.464326165246035,13.87284784822432,15.089110531311718,14.705319581812518,15.265551961183322,15.868701408040772,17.14435562370904,16.814577224900663,17.720980620677516,1.0,1.0,1.0,1.0,1.0,1.0,1.0,1.0,1.0,1.0
546.75,4.0,13.525673219749633,13.718449720212023,15.929685230425692,17.011606634355296,17.88193010580149,15.668058726008105,16.149151132327855,15.329241158915714,15.104373538717764,15.083998442575805,1.0,1.0,1.0,1.0,1.0,1.0,1.0,1.0,1.0,1.0
547.0,1.0,0.0,0.0,0.0,0.0,0.0,0.0,0.0,0.0,0.0,0.0,0.0,0.0,0.0,0.0,0.0,0.0,0.0,0.0,0.0,0.0
547.25,2.0,0.0,0.0,0.0,0.0,0.0,0.0,0.0,0.0,0.0,0.0,0.0,0.0,0.0,0.0,0.0,0.0,0.0,0.0,0.0,0.0
547.5,3.0,12.91079945841586,13.78652868705032,14.722003183225965,15.284674045019578,15.323414501478936,15.979676511380823,16.01499573761303,17.34231399594068,18.16231815117856,17.879296877403593,1.0,1.0,1.0,1.0,1.0,1.0,1.0,1.0,1.0,1.0
547.75,4.0,0.0,0.0,0.0,0.0,0.0,0.0,0.0,0.0,0.0,0.0,0.0,0.0,0.0,0.0,0.0,0.0,0.0,0.0,0.0,0.0
548.0,1.0,17.036044046645358,17.932668737230106,17.09415877897753,18.378633455216786,17.079254662772627,16.231469816552195,15.871319363851145,15.889786371375815,16.68204596407242,15.903728054446917,1.0,1.0,1.0,1.0,1.0,1.0,1.0,1.0,1.0,1.0
548.25,2.0,16.099256823674885,15.683979176307215,16.64549700805029,16.27190498536677,17.703581140109563,16.74737693929967,16.483964741027787,15.223264060625446,15.64426265907166,15.97153485456404,1.0,1.0,1.0,1.0,1.0,1.0,1.0,1.0,1.0,1.0
548.5,3.0,0.0,0.0,0.0,0.0,0.0,0.0,0.0,0.0,0.0,0.0,0.0,0.0,0.0,0.0,0.0,0.0,0.0,0.0,0.0,0.0
548.75,4.0,13.979231661252436,15.152090469724422,15.726449626062312,15.212585442384256,15.030068594413432,14.3336962425338,15.416204308409272,15.631979649044986,15.245228264706357,16.673267030983023,1.0,1.0,1.0,1.0,1.0,1.0,1.0,1.0,1.0,1.0
549.0,1.0,15.903663468855715,16.70106667701185,17.59658317578937,17.475475486056688,16.73167120116184,17.218367099219915,16.364654996030787,16.765935062419114,16.630034194625505,15.249139964684252,1.0,1.0,1.0,1.0,1.0,1.0,1.0,1.0,1.0,1.0
549.25,2.0,0.0,0.0,0.0,0.0,0.0,0.0,0.0,0.0,0.0,0.0,0.0,0.0,0.0,0.0,0.0,0.0,0.0,0.0,0.0,0.0
549.5,3.0,14.090737583659692,14.257540449610842,16.75914000922424,17.630356326621,16.77709870336189,17.113493330403852,16.96703064279085,16.914052772685984,16.823677127614054,17.35876587092447,1.0,1.0,1.0,1.0,1.0,1.0,1.0,1.0,1.0,1.0
549.75,4.0,15.14890467945524,15.789418646547917,15.108217575447261,14.195581802238326,15.296522782160041,15.37506768691889,16.086628200338232,16.70295991656191,16.25393466998946,16.457963905392877,1.0,1.0,1.0,1.0,1.0,1.0,1.0,1.0,1.0,1.0
550.0,1.0,0.0,0.0,0.0,0.0,0.0,0.0,0.0,0.0,0.0,0.0,0.0,0.0,0.0,0.0,0.0,0.0,0.0,0.0,0.0,0.0
550.25,2.0,16.30675447035035,16.147230384942716,15.567164110485766,14.632939032444973,15.301437599163119,14.545516989836058,15.184945568799435,14.480665583780466,14.924095623964831,15.690738959073448,1.0,1.0,1.0,1.0,1.0,1.0,1.0,1.0,1.0,1.0
550.5,3.0,0.0,0.0,0.0,0.0,0.0,0.0,0.0,0.0,0.0,0.0,0.0,0.0,0.0,0.0,0.0,0.0,0.0,0.0,0.0,0.0
550.75,4.0,0.0,0.0,0.0,0.0,0.0,0.0,0.0,0.0,0.0,0.0,0.0,0.0,0.0,0.0,0.0,0.0,0.0,0.0,0.0,0.0
551.0,1.0,17.48249190961004,18.015398165474647,16.75562149705029,16.694033458816445,16.582416317382954,16.69461864662083,14.965853350113699,14.618679358851226,14.735985493063195,13.74206866323031,1.0,1.0,1.0,1.0,1.0,1.0,1.0,1.0,1.0,1.0
551.25,2.0,16.51288585138345,16.66676564863344,15.957005766810203,14.961525096481505,15.013114405295065,13.95395375811807,14.295791069029537,14.907116192681679,15.48154382849366,15.931847508149033,1.0,1.0,1.0,1.0,1.0,1.0,1.0,1.0,1.0,1.0
551.5,3.0,0.0,0.0,0.0,0.0,0.0,0.0,0.0,0.0,0.0,0.0,0.0,0.0,0.0,0.0,0.0,0.0,0.0,0.0,0.0,0.0
551.75,4.0,16.62936003778591,15.936293260347894,15.120137777020709,15.7020767952686,15.946088891336714,16.304545338546692,17.61428045411231,17.912323731906895,17.225529371603624,18.20487155129105,1.0,1.0,1.0,1.0,1.0,1.0,1.0,1.0,1.0,1.0
552.0,1.0,17.382346623911996,16.80293062692992,15.862002755186824,16.709621226949203,16.59830553769186,15.753557627039674,15.187895993553147,15.611760001019332,14.778119418271066,15.615561123791014,1.0,1.0,1.0,1.0,1.0,1.0,1.0,1.0,1.0,1.0
552.25,2.0,0.0,0.0,0.0,0.0,0.0,0.0,0.0,0.0,0.0,0.0,0.0,0.0,0.0,0.0,0.0,0.0,0.0,0.0,0.0,0.0
552.5,3.0,14.106660002377453,15.031699994243732,16.547426657888447,16.58612358319229,15.250259199246173,16.284837851781628,16.056094304591678,17.67794433045626,18.724737332012406,18.924364587880685,1.0,1.0,1.0,1.0,1.0,1.0,1.0,1.0,1.0,1.0
552.75,4.0,17.42708257435644,15.901644001675015,16.80527124359027,16.201333876098765,16.681959871598092,16.850527033356475,18.205010261764436,17.978654497688822,18.701633507995897,19.611401925412256,1.0,1.0,1.0,1.0,1.0,1.0,1.0,1.0,1.0,1.0
553.0,1.0,17.210573731313847,15.52223873614754,16.871286225341535,16.099984483513477,16.116091479887125,15.9030831381217,15.80890389641151,16.473124674603806,17.0641832346181,15.464048155246825,1.0,1.0,1.0,1.0,1.0,1.0,1.0,1.0,1.0,1.0
553.25,2.0,17.0711191682119,17.121118817871082,15.6250918242199,13.997316193766384,14.73251209925983,14.84643819985544,16.63248252188535,15.78238814977446,17.36740551388326,16.660673705088684,1.0,1.0,1.0,1.0,1.0,1.0,1.0,1.0,1.0,1.0
553.5,3.0,0.0,0.0,0.0,0.0,0.0,0.0,0.0,0.0,0.0,0.0,0.0,0.0,0.0,0.0,0.0,0.0,0.0,0.0,0.0,0.0
553.75,4.0,16.84116409648919,15.197073937785444,16.622246047444502,17.235873692975122,16.829216688312773,17.391437266009632,18.523202168719266,19.23354433811488,19.71400552904704,20.051797855249735,1.0,1.0,1.0,1.0,1.0,1.0,1.0,1.0,1.0,1.0
554.0,1.0,16.972376969119612,16.04292447845716,16.584569582490435,15.804124458150737,16.229192600210332,16.230396183040586,16.441017582916338,15.917114940928247,15.350718212043512,14.631553479525026,1.0,1.0,1.0,1.0,1.0,1.0,1.0,1.0,1.0,1.0
554.25,2.0,0.0,0.0,0.0,0.0,0.0,0.0,0.0,0.0,0.0,0.0,0.0,0.0,0.0,0.0,0.0,0.0,0.0,0.0,0.0,0.0
554.5,3.0,13.73950162201633,15.161000747629028,15.557385260302151,16.98243335188485,18.01752440475919,19.217983928046895,20.099586071691082,19.359260560688796,18.462222340307296,17.13405640642296,1.0,1.0,1.0,1.0,1.0,1.0,1.0,1.0,1.0,1.0
554.75,4.0,15.528933290825043,14.212989679803723,17.16942276268847,17.13788886745876,16.1052627954346,17.466718578290067,19.1369669923254,19.700794865639356,18.70432567787539,19.35566427674758,1.0,1.0,1.0,1.0,1.0,1.0,1.0,1.0,1.0,1.0
555.0,1.0,0.0,0.0,0.0,0.0,0.0,0.0,0.0,0.0,0.0,0.0,0.0,0.0,0.0,0.0,0.0,0.0,0.0,0.0,0.0,0.0
555.25,2.0,0.0,0.0,0.0,0.0,0.0,0.0,0.0,0.0,0.0,0.0,0.0,0.0,0.0,0.0,0.0,0.0,0.0,0.0,0.0,0.0
555.5,3.0,14.23348511400887,16.568189240248316,16.31654634945863,16.86528570504558,19.157994372817072,18.94742368188264,19.102576270259156,18.076983597067567,17.559545143673432,16.330098237440218,1.0,1.0,1.0,1.0,1.0,1.0,1.0,1.0,1.0,1.0
555.75,4.0,0.0,0.0,0.0,0.0,0.0,0.0,0.0,0.0,0.0,0.0,0.0,0.0,0.0,0.0,0.0,0.0,0.0,0.0,0.0,0.0
556.0,1.0,16.230541382285036,15.351466379462478,15.506470933495416,15.814453230417259,16.763971115948046,16.323701949460336,16.610022767726143,15.92570676678013,15.615049602373261,14.221501326509403,1.0,1.0,1.0,1.0,1.0,1.0,1.0,1.0,1.0,1.0
556.25,2.0,17.369486030478836,16.662851989947317,17.20778118187541,16.44259534156296,16.361936696022973,16.346028028465266,16.917197736886664,17.680712037689158,18.48595722121728,18.538906858654233,1.0,1.0,1.0,1.0,1.0,1.0,1.0,1.0,1.0,1.0
556.5,3.0,0.0,0.0,0.0,0.0,0.0,0.0,0.0,0.0,0.0,0.0,0.0,0.0,0.0,0.0,0.0,0.0,0.0,0.0,0.0,0.0
556.75,4.0,16.12061156147307,15.041020929499517,16.352601742517276,16.204882580140325,16.72229596524699,18.89949537164693,19.337977838236725,20.867678353706495,20.32061607830548,19.14099629110956,1.0,1.0,1.0,1.0,1.0,1.0,1.0,1.0,1.0,1.0
557.0,1.0,16.143368394555413,16.501719917045644,17.016601505564616,17.41564771802651,17.780038788724436,16.425581308902416,16.010793353652847,14.6066470445489,14.52988179288262,14.195657654831932,1.0,1.0,1.0,1.0,1.0,1.0,1.0,1.0,1.0,1.0
557.25,2.0,0.0,0.0,0.0,0.0,0.0,0.0,0.0,0.0,0.0,0.0,0.0,0.0,0.0,0.0,0.0,0.0,0.0,0.0,0.0,0.0
557.5,3.0,14.614076586635202,17.344658676044556,18.12728509849094,19.08876269002107,18.31545099672435,16.863945438717725,15.542481754264866,13.684787495257082,13.587807892348794,14.90239310363728,1.0,1.0,1.0,1.0,1.0,1.0,1.0,1.0,1.0,1.0
557.75,4.0,16.171754209739827,15.184937466472824,16.10281080209712,17.335050037920226,18.3224182825525,19.55996661137373,19.40173779884747,20.24671461206985,19.503693250425844,18.722328567851545,1.0,1.0,1.0,1.0,1.0,1.0,1.0,1.0,1.0,1.0
558.0,1.0,0.0,0.0,0.0,0.0,0.0,0.0,0.0,0.0,0.0,0.0,0.0,0.0,0.0,0.0,0.0,0.0,0.0,0.0,0.0,0.0
558.25,2.0,16.00310344404094,15.471137439069992,15.75613981607506,16.492981074237047,16.952206463022712,17.408886138154372,17.700838130462888,18.351597874491294,17.878499719661036,17.685516599348926,1.0,1.0,1.0,1.0,1.0,1.0,1.0,1.0,1.0,1.0
558.5,3.0,0.0,0.0,0.0,0.0,0.0,0.0,0.0,0.0,0.0,0.0,0.0,0.0,0.0,0.0,0.0,0.0,0.0,0.0,0.0,0.0
558.75,4.0,0.0,0.0,0.0,0.0,0.0,0.0,0.0,0.0,0.0,0.0,0.0,0.0,0.0,0.0,0.0,0.0,0.0,0.0,0.0,0.0
559.0,1.0,17.653596805477335,17.424941559807625,17.949355872649157,17.12866482646054,16.620082093018862,17.09888037700074,16.634563738484736,17.64349941138082,17.47765771818164,17.395882307098493,1.0,1.0,1.0,1.0,1.0,1.0,1.0,1.0,1.0,1.0
559.25,2.0,15.532479885543763,16.599967221116504,17.435417036053135,17.620957626557622,18.23691986174601,19.02483170881665,19.333592561916742,18.908356917327364,17.607009259511514,17.47031992942122,1.0,1.0,1.0,1.0,1.0,1.0,1.0,1.0,1.0,1.0
559.5,3.0,0.0,0.0,0.0,0.0,0.0,0.0,0.0,0.0,0.0,0.0,0.0,0.0,0.0,0.0,0.0,0.0,0.0,0.0,0.0,0.0
559.75,4.0,17.44015342699538,18.20393449220161,18.894839485288983,19.83547137260678,18.32118721484108,16.455165117464418,16.61125723738864,16.777128717838565,16.673115055491213,16.218616289251695,1.0,1.0,1.0,1.0,1.0,1.0,1.0,1.0,1.0,1.0
560.0,1.0,16.728201716190092,16.710723236736747,16.405790113018032,17.236540172122517,18.099647341197702,17.151002107455742,16.98711682257043,16.847904128490715,17.060351977793005,16.362097119847675,1.0,1.0,1.0,1.0,1.0,1.0,1.0,1.0,1.0,1.0
560.25,2.0,0.0,0.0,0.0,0.0,0.0,0.0,0.0,0.0,0.0,0.0,0.0,0.0,0.0,0.0,0.0,0.0,0.0,0.0,0.0,0.0
560.5,3.0,17.316683875071327,18.094834412817217,17.037814643452226,14.862038933883733,13.5872097247868,14.195033846124824,13.694827027652646,13.97290862314385,14.59548919923533,14.574886658209223,1.0,1.0,1.0,1.0,1.0,1.0,1.0,1.0,1.0,1.0
560.75,4.0,17.29969816163561,18.486116812888934,19.735870753602235,20.599731694808007,17.48329601041244,16.08131390424548,15.728052465274583,16.50513886976228,16.250782417692882,15.019302531192341,1.0,1.0,1.0,1.0,1.0,1.0,1.0,1.0,1.0,1.0
561.0,1.0,15.859170660560808,16.410672703796784,16.46578146322388,17.340719242729193,17.995938302644237,17.530492828274127,16.53358957619006,16.71702335928406,16.744290247853616,16.527088975500142,1.0,1.0,1.0,1.0,1.0,1.0,1.0,1.0,1.0,1.0
561.25,2.0,16.90181433397813,15.224385175946086,15.934506004176304,18.586167086802984,19.89131639627001,17.752813781742255,16.821197517371044,16.134984551966248,15.852818590026642,16.548807483472302,1.0,1.0,1.0,1.0,1.0,1.0,1.0,1.0,1.0,1.0
561.5,3.0,0.0,0.0,0.0,0.0,0.0,0.0,0.0,0.0,0.0,0.0,0.0,0.0,0.0,0.0,0.0,0.0,0.0,0.0,0.0,0.0
561.75,4.0,17.652530584889618,17.737662902855973,18.974276331702104,19.126426962727766,15.84715288503965,14.954820559541181,15.149753240888757,15.321012586685551,15.782327686603187,15.107108567821241,1.0,1.0,1.0,1.0,1.0,1.0,1.0,1.0,1.0,1.0
562.0,1.0,15.92682868207567,16.499265223356943,17.123610903633356,17.62693810770805,17.26564332756952,17.32270144604362,16.099622463366995,16.926303121179327,17.32684863336447,16.652431370757537,1.0,1.0,1.0,1.0,1.0,1.0,1.0,1.0,1.0,1.0
562.25,2.0,0.0,0.0,0.0,0.0,0.0,0.0,0.0,0.0,0.0,0.0,0.0,0.0,0.0,0.0,0.0,0.0,0.0,0.0,0.0,0.0
562.5,3.0,16.574294652745536,16.404221835359976,14.807969761813457,14.488888188183044,14.582775550633537,14.83711292663037,13.718582849902786,13.681154961811384,13.947580122847677,13.30529179504839,1.0,1.0,1.0,1.0,1.0,1.0,1.0,1.0,1.0,1.0
562.75,4.0,17.84249851496202,18.478656527999956,17.875876684146583,17.64897753753108,15.491868303890662,14.97053218324911,14.909994645398392,14.51651137228508,14.820718465704267,14.06482507554378,1.0,1.0,1.0,1.0,1.0,1.0,1.0,1.0,1.0,1.0
563.0,1.0,0.0,0.0,0.0,0.0,0.0,0.0,0.0,0.0,0.0,0.0,0.0,0.0,0.0,0.0,0.0,0.0,0.0,0.0,0.0,0.0
563.25,2.0,0.0,0.0,0.0,0.0,0.0,0.0,0.0,0.0,0.0,0.0,0.0,0.0,0.0,0.0,0.0,0.0,0.0,0.0,0.0,0.0
563.5,3.0,16.354004455870932,16.161049614083623,14.968564242128924,14.756584527064698,13.980889169017189,13.406415913077081,12.92789332591453,13.708148048754198,14.487421287181698,14.146328029434704,1.0,1.0,1.0,1.0,1.0,1.0,1.0,1.0,1.0,1.0
563.75,4.0,0.0,0.0,0.0,0.0,0.0,0.0,0.0,0.0,0.0,0.0,0.0,0.0,0.0,0.0,0.0,0.0,0.0,0.0,0.0,0.0
564.0,1.0,16.264269771263077,15.602710947141762,18.265793667960768,19.09881888731926,17.722527106684417,17.28108964108232,17.801761463223084,18.308178767759895,19.41962962357304,18.633809224070063,1.0,1.0,1.0,1.0,1.0,1.0,1.0,1.0,1.0,1.0
564.25,2.0,17.672198861189536,16.128331273949826,16.022638527374742,16.333532059969137,16.16437207790124,15.817551966794968,16.23955985109273,15.997315561482312,14.692266432162567,14.855071604738535,1.0,1.0,1.0,1.0,1.0,1.0,1.0,1.0,1.0,1.0
564.5,3.0,0.0,0.0,0.0,0.0,0.0,0.0,0.0,0.0,0.0,0.0,0.0,0.0,0.0,0.0,0.0,0.0,0.0,0.0,0.0,0.0
564.75,4.0,17.37378587244289,18.795183375414556,16.003741379025595,14.677745963988144,13.563396309573076,12.598054038457747,13.210678958444234,12.79416148631417,13.9221820028177,15.33177074549737,1.0,1.0,1.0,1.0,1.0,1.0,1.0,1.0,1.0,1.0
565.0,1.0,16.268029127430214,15.731414017454457,18.367371987212053,17.943533104398508,16.93456563996671,17.305061767445267,18.791206126989835,19.22159568343542,19.493743522114425,19.00292391807417,1.0,1.0,1.0,1.0,1.0,1.0,1.0,1.0,1.0,1.0
565.25,2.0,0.0,0.0,0.0,0.0,0.0,0.0,0.0,0.0,0.0,0.0,0.0,0.0,0.0,0.0,0.0,0.0,0.0,0.0,0.0,0.0
565.5,3.0,16.09605601722969,14.931511399995207,14.326092471957322,13.678395355358774,13.608201409087403,13.351358838287883,13.636670451744978,14.694489450677727,14.30924304805249,14.217091278854769,1.0,1.0,1.0,1.0,1.0,1.0,1.0,1.0,1.0,1.0
565.75,4.0,17.495770201888167,15.935156627141241,14.026993073388045,13.624422291058124,13.835345342525741,13.033337162026882,13.804770637694808,15.35129210341045,16.014685937743653,17.605742291419794,1.0,1.0,1.0,1.0,1.0,1.0,1.0,1.0,1.0,1.0
566.0,1.0,0.0,0.0,0.0,0.0,0.0,0.0,0.0,0.0,0.0,0.0,0.0,0.0,0.0,0.0,0.0,0.0,0.0,0.0,0.0,0.0
566.25,2.0,16.712803115867263,15.289610842277101,14.798729362189654,15.745738224680279,15.328865223356004,14.593386092057846,15.320950370005573,14.765691649732972,13.455833782457132,13.606727617244058,1.0,1.0,1.0,1.0,1.0,1.0,1.0,1.0,1.0,1.0
566.5,3.0,0.0,0.0,0.0,0.0,0.0,0.0,0.0,0.0,0.0,0.0,0.0,0.0,0.0,0.0,0.0,0.0,0.0,0.0,0.0,0.0
566.75,4.0,0.0,0.0,0.0,0.0,0.0,0.0,0.0,0.0,0.0,0.0,0.0,0.0,0.0,0.0,0.0,0.0,0.0,0.0,0.0,0.0
567.0,1.0,16.448134880510455,16.27084989939002,17.14057575540806,18.536071558065956,17.872422175645585,18.16151855826609,18.702112683713967,19.29023181005148,17.54586886554627,17.276951416994446,1.0,1.0,1.0,1.0,1.0,1.0,1.0,1.0,1.0,1.0
567.25,2.0,16.182991286088633,15.038834980704504,14.558593752688815,14.032890511182796,15.021063693820043,14.08992198536516,15.045045026125191,13.705464675274058,13.874570675257345,14.409716096285887,1.0,1.0,1.0,1.0,1.0,1.0,1.0,1.0,1.0,1.0
567.5,3.0,15.558150491427213,14.376505326208012,14.58612090061199,14.990660507896555,12.747263189007771,14.489159389164834,14.753256091580893,16.333389709372923,15.623828858542733,14.768134495589763,1.0,1.0,1.0,1.0,1.0,1.0,1.0,1.0,1.0,1.0
567.75,4.0,13.702836268838277,13.141409288234117,12.991356378780393,14.746805993849144,17.51254044282828,17.042094747410715,17.747512765166725,16.33134056864099,17.003374762834376,17.125470396611686,1.0,1.0,1.0,1.0,1.0,1.0,1.0,1.0,1.0,1.0
568.0,1.0,15.358791441092224,15.879695759000377,17.274710964999542,18.391755455501702,17.579784125676948,17.793100705750117,18.273124422618924,18.42398552306703,17.710948367009944,17.31773616846592,1.0,1.0,1.0,1.0,1.0,1.0,1.0,1.0,1.0,1.0
568.25,2.0,0.0,0.0,0.0,0.0,0.0,0.0,0.0,0.0,0.0,0.0,0.0,0.0,0.0,0.0,0.0,0.0,0.0,0.0,0.0,0.0
568.5,3.0,14.958488855321942,13.084112717258277,12.713006470990296,14.556889941047203,14.481688395266826,16.143187574085157,16.056287432105446,16.46445658562741,15.800573179321699,14.057413812387214,1.0,1.0,1.0,1.0,1.0,1.0,1.0,1.0,1.0,1.0
568.75,4.0,13.017661462480424,12.80608989708161,13.740825744075874,15.428409164895722,17.128746780111577,16.748742920541854,17.04151585158908,16.305270464381344,17.971948795858964,18.224495238007226,1.0,1.0,1.0,1.0,1.0,1.0,1.0,1.0,1.0,1.0
569.0,1.0,15.308775298869904,15.856195977410446,17.01132202657084,18.030603898962955,16.965376008581686,17.77860060993139,17.863921202565457,17.980337005652807,17.948158287863034,17.90023687367081,1.0,1.0,1.0,1.0,1.0,1.0,1.0,1.0,1.0,1.0
569.25,2.0,14.595217302535701,13.010098879530137,13.194999268544422,13.867052633654918,14.263984993455583,13.554884130250345,12.907950518880561,13.508362407457435,13.771770869941308,14.641143726334526,1.0,1.0,1.0,1.0,1.0,1.0,1.0,1.0,1.0,1.0
569.5,3.0,0.0,0.0,0.0,0.0,0.0,0.0,0.0,0.0,0.0,0.0,0.0,0.0,0.0,0.0,0.0,0.0,0.0,0.0,0.0,0.0
569.75,4.0,12.550928198170757,12.866710917938587,13.630441458413713,15.17159220707429,16.97582009987691,16.934249605095946,17.378781502079608,18.85743733979619,19.091995258128456,18.956204127868006,1.0,1.0,1.0,1.0,1.0,1.0,1.0,1.0,1.0,1.0
570.0,1.0,14.533805555677855,14.848164680516724,16.806212561169477,17.71960119637092,16.188736767921387,16.68068549064445,16.24768088127093,16.964800204649052,16.524581425700955,17.09116680043147,1.0,1.0,1.0,1.0,1.0,1.0,1.0,1.0,1.0,1.0
570.25,2.0,0.0,0.0,0.0,0.0,0.0,0.0,0.0,0.0,0.0,0.0,0.0,0.0,0.0,0.0,0.0,0.0,0.0,0.0,0.0,0.0
570.5,3.0,13.623007351044778,13.024138564787942,14.475109818746743,15.826620932151869,15.775312300688736,16.853400555777256,16.46230355346853,16.00794875805583,15.26846973440032,14.855778107603763,1.0,1.0,1.0,1.0,1.0,1.0,1.0,1.0,1.0,1.0
570.75,4.0,13.406905061222613,13.71687355677028,13.657354489055828,16.40686856348014,17.034194295217233,16.78815124036008,17.31930892341367,17.52086199470457,18.77766928604612,18.87469647059153,1.0,1.0,1.0,1.0,1.0,1.0,1.0,1.0,1.0,1.0
571.0,1.0,0.0,0.0,0.0,0.0,0.0,0.0,0.0,0.0,0.0,0.0,0.0,0.0,0.0,0.0,0.0,0.0,0.0,0.0,0.0,0.0
571.25,2.0,14.52554987875319,13.512955597470333,14.077071519157702,14.198357166111546,13.641223707397746,13.971449886784926,14.316870145199386,14.436630963217212,14.000250532036489,14.586888670524841,1.0,1.0,1.0,1.0,1.0,1.0,1.0,1.0,1.0,1.0
571.5,3.0,14.135041452240621,14.150079037058468,15.205620452132786,16.390777486128833,15.179001755303458,15.71875804373889,15.915097407499811,15.92260043651323,16.637436424634192,15.8602282926668,1.0,1.0,1.0,1.0,1.0,1.0,1.0,1.0,1.0,1.0
571.75,4.0,0.0,0.0,0.0,0.0,0.0,0.0,0.0,0.0,0.0,0.0,0.0,0.0,0.0,0.0,0.0,0.0,0.0,0.0,0.0,0.0
572.0,1.0,14.118322641138658,14.109213780199273,16.313912149206377,16.310742146644873,15.391379497051835,15.073873277782095,15.22238496013861,16.049494582408993,17.02964311381134,17.962758833502825,1.0,1.0,1.0,1.0,1.0,1.0,1.0,1.0,1.0,1.0
572.25,2.0,14.432459711895222,13.692158666197242,14.821733965579854,16.021061194819723,14.662210505087298,14.752310587028166,15.975288647466755,15.465826029372302,15.577375720620797,15.129823983880318,1.0,1.0,1.0,1.0,1.0,1.0,1.0,1.0,1.0,1.0
572.5,3.0,0.0,0.0,0.0,0.0,0.0,0.0,0.0,0.0,0.0,0.0,0.0,0.0,0.0,0.0,0.0,0.0,0.0,0.0,0.0,0.0
572.75,4.0,14.551091589015263,15.978625325641778,16.012263000398324,17.102106826445638,16.456170304705555,17.39008266837222,17.234782096399506,18.264626967098234,18.927392554742923,18.40519664688385,1.0,1.0,1.0,1.0,1.0,1.0,1.0,1.0,1.0,1.0
573.0,1.0,15.093331107983497,14.34879471425762,15.19544012635164,15.90553377625154,13.980741210969484,14.48999182167452,15.63953246278745,16.11754102585482,17.51522041101791,17.59157331313036,1.0,1.0,1.0,1.0,1.0,1.0,1.0,1.0,1.0,1.0
573.25,2.0,0.0,0.0,0.0,0.0,0.0,0.0,0.0,0.0,0.0,0.0,0.0,0.0,0.0,0.0,0.0,0.0,0.0,0.0,0.0,0.0
573.5,3.0,14.55537669746044,13.659093556956162,14.39549684634805,15.687962798644083,16.533004163185776,16.334112555986803,15.891848182685731,15.477492724910462,14.96807386177034,13.523376158348924,1.0,1.0,1.0,1.0,1.0,1.0,1.0,1.0,1.0,1.0
573.75,4.0,14.754091251608715,15.84083866526647,15.749545333699603,16.449664257209488,16.246341257796114,18.17476572852551,18.628389794646406,18.126275040556145,18.031477006184147,17.11861706131482,1.0,1.0,1.0,1.0,1.0,1.0,1.0,1.0,1.0,1.0
574.0,1.0,14.862335214180911,14.860396241112333,15.138219911906583,15.120408284971512,14.214707119487299,15.447763489804267,16.193347801261908,16.397257095089763,16.30087367032783,16.8449344898395,1.0,1.0,1.0,1.0,1.0,1.0,1.0,1.0,1.0,1.0
574.25,2.0,12.900038319610006,13.413002720900568,15.270490278729222,16.10351844276096,14.493993157458187,14.62750425231293,13.774608944775245,14.83142544061156,15.42511137495502,15.324399911060903,1.0,1.0,1.0,1.0,1.0,1.0,1.0,1.0,1.0,1.0
574.5,3.0,0.0,0.0,0.0,0.0,0.0,0.0,0.0,0.0,0.0,0.0,0.0,0.0,0.0,0.0,0.0,0.0,0.0,0.0,0.0,0.0
574.75,4.0,0.0,0.0,0.0,0.0,0.0,0.0,0.0,0.0,0.0,0.0,0.0,0.0,0.0,0.0,0.0,0.0,0.0,0.0,0.0,0.0
575.0,1.0,15.999660006243012,15.834353537564619,14.562165114664039,15.038062894192892,15.467506117045788,15.406871818552762,16.245335013208532,15.48553467351648,15.06050588167053,14.848010867686614,1.0,1.0,1.0,1.0,1.0,1.0,1.0,1.0,1.0,1.0
575.25,2.0,14.395625181544665,14.317883050146637,15.848648254011811,16.289556820990104,14.250007801342853,14.552771063302517,14.212757478059716,14.310704215195468,14.716953133134854,14.208579976388194,1.0,1.0,1.0,1.0,1.0,1.0,1.0,1.0,1.0,1.0
575.5,3.0,15.562538864815346,15.41215165333244,14.313428759361148,13.459427960774946,13.385310953919861,12.99214767617171,12.974449081842954,12.894885234456307,12.148058541059862,11.653818380638702,1.0,1.0,1.0,1.0,1.0,1.0,1.0,1.0,1.0,1.0
575.75,4.0,16.18463409152768,15.45445871608216,16.426254214509623,18.47176499586166,17.854855798783344,17.70633712775163,17.406900072123094,17.84025201000973,18.117818098735196,18.677762416523663,1.0,1.0,1.0,1.0,1.0,1.0,1.0,1.0,1.0,1.0
576.0,1.0,15.45519923824606,14.411968318704469,13.832052510963583,14.152020535134849,16.127492752058007,15.70780168664774,15.971655802506907,15.172617658403059,13.983195964154033,14.505169072930405,1.0,1.0,1.0,1.0,1.0,1.0,1.0,1.0,1.0,1.0
576.25,2.0,0.0,0.0,0.0,0.0,0.0,0.0,0.0,0.0,0.0,0.0,0.0,0.0,0.0,0.0,0.0,0.0,0.0,0.0,0.0,0.0
576.5,3.0,15.32513630458303,14.524451320616539,13.65360878066665,13.168544936689818,12.176496750831312,12.082108304627381,12.185861066858422,12.779249247898337,12.208259070155949,11.567606711434777,1.0,1.0,1.0,1.0,1.0,1.0,1.0,1.0,1.0,1.0
576.75,4.0,16.985382950246755,16.128671047543172,16.583372502472336,16.942678886728476,15.350509895436396,17.82037353126857,17.85092707890224,18.08647364269453,18.14268241592159,17.61885476816058,1.0,1.0,1.0,1.0,1.0,1.0,1.0,1.0,1.0,1.0
577.0,1.0,13.610010796815809,12.59950350911857,13.949579092511454,15.461695193179828,16.85548260848903,16.122126474979655,15.639201793260565,14.602020965831422,13.946124486408218,14.329018789719095,1.0,1.0,1.0,1.0,1.0,1.0,1.0,1.0,1.0,1.0
577.25,2.0,14.989807732103516,14.75021652760452,16.21054486761885,15.618279803343997,14.273632827852753,14.62899555144225,14.443245041825536,14.938805413329632,15.265128023659653,14.185958242686844,1.0,1.0,1.0,1.0,1.0,1.0,1.0,1.0,1.0,1.0
577.5,3.0,0.0,0.0,0.0,0.0,0.0,0.0,0.0,0.0,0.0,0.0,0.0,0.0,0.0,0.0,0.0,0.0,0.0,0.0,0.0,0.0
577.75,4.0,17.371596592433693,16.50821932884097,16.029523686172208,15.876033389041249,16.149769544287256,17.095630341704776,17.74860543481656,16.731240294997107,16.92716794853045,16.701595808084658,1.0,1.0,1.0,1.0,1.0,1.0,1.0,1.0,1.0,1.0
578.0,1.0,12.648045611799539,13.573560954781302,15.165222107258941,15.502157652368867,15.872418229676313,14.39048516969259,14.810225837193439,13.70902523635667,13.986645406741046,14.05808576809525,1.0,1.0,1.0,1.0,1.0,1.0,1.0,1.0,1.0,1.0
578.25,2.0,0.0,0.0,0.0,0.0,0.0,0.0,0.0,0.0,0.0,0.0,0.0,0.0,0.0,0.0,0.0,0.0,0.0,0.0,0.0,0.0
578.5,3.0,12.749279576158774,13.211827704842673,12.235942038497193,14.495161582953083,12.26381240594077,12.114575290908817,12.01099181607577,12.494213676858077,11.888318088268543,12.051821607018505,1.0,1.0,1.0,1.0,1.0,1.0,1.0,1.0,1.0,1.0
578.75,4.0,16.7117147042965,15.439832152048405,15.898396361213624,15.472244361520643,16.845595705114803,17.669096318088933,16.88798913312491,16.845960138380175,16.100237513871182,15.611013321498481,1.0,1.0,1.0,1.0,1.0,1.0,1.0,1.0,1.0,1.0
579.0,1.0,0.0,0.0,0.0,0.0,0.0,0.0,0.0,0.0,0.0,0.0,0.0,0.0,0.0,0.0,0.0,0.0,0.0,0.0,0.0,0.0
579.25,2.0,12.676632094905449,14.94514339270635,15.220634197436983,15.807423284012273,15.348736265655765,15.626627529759016,14.817520934294297,14.586540596188238,14.191544886444307,13.21685994890086,1.0,1.0,1.0,1.0,1.0,1.0,1.0,1.0,1.0,1.0
579.5,3.0,12.835472656873923,13.022353863103291,13.022673629836225,14.422398038914997,12.427396153844542,11.89309040642263,12.061615368529473,11.982747980140255,11.81614055707324,12.115911347363484,1.0,1.0,1.0,1.0,1.0,1.0,1.0,1.0,1.0,1.0
579.75,4.0,0.0,0.0,0.0,0.0,0.0,0.0,0.0,0.0,0.0,0.0,0.0,0.0,0.0,0.0,0.0,0.0,0.0,0.0,0.0,0.0
580.0,1.0,13.490116453374263,15.002341488865298,15.534892307649306,15.734147384900597,15.966360363426991,15.222377045409372,15.04287276266799,15.756547783610337,14.977274684968519,15.57504568240516,1.0,1.0,1.0,1.0,1.0,1.0,1.0,1.0,1.0,1.0
580.25,2.0,12.513502713056345,15.845180470326637,16.266927391895738,15.099122754869994,14.635132765097433,14.435354635977799,13.634599614108499,13.471819542879606,12.389281196981882,12.406154382889126,1.0,1.0,1.0,1.0,1.0,1.0,1.0,1.0,1.0,1.0
580.5,3.0,0.0,0.0,0.0,0.0,0.0,0.0,0.0,0.0,0.0,0.0,0.0,0.0,0.0,0.0,0.0,0.0,0.0,0.0,0.0,0.0
580.75,4.0,16.23656225009659,15.72227096159267,14.663008419592394,14.286719497250093,14.470387748022043,15.80726402941711,15.849269395823256,17.478726666247248,18.230222181574966,18.060246924839486,1.0,1.0,1.0,1.0,1.0,1.0,1.0,1.0,1.0,1.0
581.0,1.0,14.449093781961258,15.796146877847436,15.349292385101855,15.509771660918894,15.625268349627783,15.026333944760298,15.35657836046844,15.818049982264762,15.632178775374182,15.77045143786542,1.0,1.0,1.0,1.0,1.0,1.0,1.0,1.0,1.0,1.0
581.25,2.0,0.0,0.0,0.0,0.0,0.0,0.0,0.0,0.0,0.0,0.0,0.0,0.0,0.0,0.0,0.0,0.0,0.0,0.0,0.0,0.0
581.5,3.0,13.583312900528071,13.346449168397337,13.154310027021769,14.02229812766444,13.13121457288412,12.67902479309402,13.522278700605602,13.842511238477806,13.917984658169354,13.926742393612951,1.0,1.0,1.0,1.0,1.0,1.0,1.0,1.0,1.0,1.0
581.75,4.0,15.281486296163648,15.525673035583337,14.70573954135585,15.481063425802224,16.480517099112742,18.123973372336785,18.404205048733758,19.32212587647868,18.88273916908299,18.813115716617855,1.0,1.0,1.0,1.0,1.0,1.0,1.0,1.0,1.0,1.0
582.0,1.0,14.04256008975662,15.43457144643769,13.861044081902895,14.016263903764877,15.339809059544562,14.709497645450174,15.397439963510957,16.674968266821296,15.925065377185991,16.863177522331608,1.0,1.0,1.0,1.0,1.0,1.0,1.0,1.0,1.0,1.0
582.25,2.0,13.885185902910894,15.665528781233487,15.537381162058258,15.232009374454407,13.61340922667531,13.847773077202337,14.359391083721384,13.4321963848871,12.857187053781628,11.959631356205835,1.0,1.0,1.0,1.0,1.0,1.0,1.0,1.0,1.0,1.0
582.5,3.0,0.0,0.0,0.0,0.0,0.0,0.0,0.0,0.0,0.0,0.0,0.0,0.0,0.0,0.0,0.0,0.0,0.0,0.0,0.0,0.0
582.75,4.0,14.391893235631686,14.45121972942764,15.301553034297807,15.953852901524217,17.875993777784817,17.495830955278155,17.628183012540404,18.029288527040727,18.75667944494551,18.72852077350491,1.0,1.0,1.0,1.0,1.0,1.0,1.0,1.0,1.0,1.0
583.0,1.0,14.12068671113425,14.177783914116503,12.329465772024415,13.391260541805533,14.934924325755425,14.427364046850801,15.511285990901987,16.856042501677614,16.5603703276917,17.27981830254687,1.0,1.0,1.0,1.0,1.0,1.0,1.0,1.0,1.0,1.0
583.25,2.0,14.289913432611243,14.519933400160902,14.265379666328199,13.68344859741241,11.746155959742048,12.62514109143522,12.980520887081877,12.26809179015529,11.473932902785918,10.983078387701836,1.0,1.0,1.0,1.0,1.0,1.0,1.0,1.0,1.0,1.0
583.5,3.0,13.84620264328359,13.800975931498412,13.624785039668778,14.731876352630932,14.4861563747259,14.381621673768812,14.73979591819433,15.163051557946797,15.993613497898957,16.11965298981033,1.0,1.0,1.0,1.0,1.0,1.0,1.0,1.0,1.0,1.0
583.75,4.0,13.595727401103876,13.495800838944065,15.00750616724127,15.855341666449322,16.567705505303046,16.509869024076345,17.365933796763013,17.25495725387507,18.263690456702026,18.841874486621272,1.0,1.0,1.0,1.0,1.0,1.0,1.0,1.0,1.0,1.0
584.0,1.0,0.0,0.0,0.0,0.0,0.0,0.0,0.0,0.0,0.0,0.0,0.0,0.0,0.0,0.0,0.0,0.0,0.0,0.0,0.0,0.0
584.25,2.0,0.0,0.0,0.0,0.0,0.0,0.0,0.0,0.0,0.0,0.0,0.0,0.0,0.0,0.0,0.0,0.0,0.0,0.0,0.0,0.0
584.5,3.0,12.791365984137,12.750515249033295,13.38270318059554,14.791577124629487,14.572205521949565,14.990405855390259,15.16408453242988,15.907310795038958,15.943359408692613,16.34128573304381,1.0,1.0,1.0,1.0,1.0,1.0,1.0,1.0,1.0,1.0
584.75,4.0,0.0,0.0,0.0,0.0,0.0,0.0,0.0,0.0,0.0,0.0,0.0,0.0,0.0,0.0,0.0,0.0,0.0,0.0,0.0,0.0
585.0,1.0,13.686824956443845,11.855100125189143,11.772253408780877,12.76545190931831,14.115919325141673,13.97451938508796,14.974192578872952,15.670537319430276,15.586241242260126,16.2376586553499,1.0,1.0,1.0,1.0,1.0,1.0,1.0,1.0,1.0,1.0
585.25,2.0,13.742593805409532,14.643830138465352,12.32146615018715,13.04333090459546,10.077479822666495,10.042230714426466,11.271084491157566,11.89580762744294,11.729469985812194,11.187997303890102,1.0,1.0,1.0,1.0,1.0,1.0,1.0,1.0,1.0,1.0
585.5,3.0,0.0,0.0,0.0,0.0,0.0,0.0,0.0,0.0,0.0,0.0,0.0,0.0,0.0,0.0,0.0,0.0,0.0,0.0,0.0,0.0
585.75,4.0,14.506130900697231,14.239168432979351,14.994100652937966,15.699936602691078,18.149143335101787,18.864423339530127,19.02093564701391,20.052185475165395,20.80397809486609,21.03251929790217,1.0,1.0,1.0,1.0,1.0,1.0,1.0,1.0,1.0,1.0
586.0,1.0,12.762053986455259,11.996841355871926,12.194450795627661,12.910390362084273,15.962466237657958,15.749966670019063,15.913893071022162,15.378912249255473,14.362170361440372,14.221929281094935,1.0,1.0,1.0,1.0,1.0,1.0,1.0,1.0,1.0,1.0
586.25,2.0,0.0,0.0,0.0,0.0,0.0,0.0,0.0,0.0,0.0,0.0,0.0,0.0,0.0,0.0,0.0,0.0,0.0,0.0,0.0,0.0
586.5,3.0,13.3703849190777,13.230661238651692,14.818212655077362,15.78395739419104,14.275999178815802,14.250498369734697,14.34506513021827,15.281563447184812,15.303097517702076,15.234969180334364,1.0,1.0,1.0,1.0,1.0,1.0,1.0,1.0,1.0,1.0
586.75,4.0,13.482802394367862,14.093677477080599,14.9460660122699,17.007352369832972,19.435264416802035,19.410943241670186,19.083515028702788,20.58472793257436,21.032949154962346,20.92827210765807,1.0,1.0,1.0,1.0,1.0,1.0,1.0,1.0,1.0,1.0
587.0,1.0,0.0,0.0,0.0,0.0,0.0,0.0,0.0,0.0,0.0,0.0,0.0,0.0,0.0,0.0,0.0,0.0,0.0,0.0,0.0,0.0
587.25,2.0,11.1306298285172,12.059573276472216,11.25261818675398,11.905205040011953,12.267661019159151,12.423411893170185,11.97127046458155,12.427086118334545,10.742709267081148,9.685695107548328,1.0,1.0,1.0,1.0,1.0,1.0,1.0,1.0,1.0,1.0
587.5,3.0,0.0,0.0,0.0,0.0,0.0,0.0,0.0,0.0,0.0,0.0,0.0,0.0,0.0,0.0,0.0,0.0,0.0,0.0,0.0,0.0
587.75,4.0,0.0,0.0,0.0,0.0,0.0,0.0,0.0,0.0,0.0,0.0,0.0,0.0,0.0,0.0,0.0,0.0,0.0,0.0,0.0,0.0
588.0,1.0,13.652973652200725,13.192964491885945,14.377384554736961,15.756187859470622,16.330034056199274,14.999308132999047,15.102187569193328,14.387573254936534,13.954848386373182,14.163758533041277,1.0,1.0,1.0,1.0,1.0,1.0,1.0,1.0,1.0,1.0
588.25,2.0,11.192057653280893,10.788722309280287,11.359300519124515,11.763041266834781,11.401975802088328,11.9739039491171,11.81907779455506,11.996945061439378,11.333261559804816,10.758688903256273,1.0,1.0,1.0,1.0,1.0,1.0,1.0,1.0,1.0,1.0
588.5,3.0,0.0,0.0,0.0,0.0,0.0,0.0,0.0,0.0,0.0,0.0,0.0,0.0,0.0,0.0,0.0,0.0,0.0,0.0,0.0,0.0
588.75,4.0,15.14498606766733,14.90788635067879,17.003258941417457,16.721483053083475,18.495457197758277,18.566294383870854,18.039324950603252,18.096244565184705,18.401810348885245,19.179555708436443,1.0,1.0,1.0,1.0,1.0,1.0,1.0,1.0,1.0,1.0
589.0,1.0,13.955944681897465,12.95963285817676,13.914299082852773,14.384029534919957,14.659929364772797,13.982518056156946,15.006560381205814,14.595197202402218,14.740217990070992,14.058148184717053,1.0,1.0,1.0,1.0,1.0,1.0,1.0,1.0,1.0,1.0
589.25,2.0,0.0,0.0,0.0,0.0,0.0,0.0,0.0,0.0,0.0,0.0,0.0,0.0,0.0,0.0,0.0,0.0,0.0,0.0,0.0,0.0
589.5,3.0,13.765453536910462,12.667975241718876,13.037898023540382,12.778055176005234,11.663461391510236,12.140165346059527,12.260966447728702,12.072387964188408,12.438861543938827,12.614241315918344,1.0,1.0,1.0,1.0,1.0,1.0,1.0,1.0,1.0,1.0
589.75,4.0,15.484134164856021,14.668827722967874,16.71397481791433,16.267760468207204,18.21694113601822,19.18828106842212,18.933704554921444,19.090184411509867,19.711790419092075,19.469249850398473,1.0,1.0,1.0,1.0,1.0,1.0,1.0,1.0,1.0,1.0
590.0,1.0,13.614470219597184,12.101235990915399,13.810090916095508,13.172095637771235,15.338528132680793,14.619209831435793,14.783538284751216,13.905295639224116,14.304845510435717,15.739072819743031,1.0,1.0,1.0,1.0,1.0,1.0,1.0,1.0,1.0,1.0
590.25,2.0,9.24182200256636,8.052382496257385,9.523791207160428,12.4535787249508,12.655135828626365,12.224988551603657,12.484803194296058,12.17576677226131,11.233467542944396,11.902450259484862,1.0,1.0,1.0,1.0,1.0,1.0,1.0,1.0,1.0,1.0
590.5,3.0,0.0,0.0,0.0,0.0,0.0,0.0,0.0,0.0,0.0,0.0,0.0,0.0,0.0,0.0,0.0,0.0,0.0,0.0,0.0,0.0
590.75,4.0,15.139080214395445,15.483766905584034,16.248988251570267,16.439960497598122,18.12363007681047,19.040719626148483,19.14770724009366,19.278816172811048,19.163602441362016,19.304114828461067,1.0,1.0,1.0,1.0,1.0,1.0,1.0,1.0,1.0,1.0
591.0,1.0,14.073206800730816,12.058021040209757,12.645871540821062,13.593222938231966,15.953637881711874,15.051385846613865,15.163009786168347,14.89913522284158,15.4912534608479,15.925023343019589,1.0,1.0,1.0,1.0,1.0,1.0,1.0,1.0,1.0,1.0
591.25,2.0,7.4256459624587094,7.181366340463595,9.574477081613042,11.743476454487606,12.239159091269736,11.406554367295366,11.973954113094141,12.652155403171397,11.6093885446552,11.55663555913339,1.0,1.0,1.0,1.0,1.0,1.0,1.0,1.0,1.0,1.0
591.5,3.0,12.648050468671142,11.296846307362136,10.507835368950442,10.989936976723353,10.222307733424975,11.261503301995035,11.566112125544826,10.678582429936343,11.85268810706653,12.138767585687667,1.0,1.0,1.0,1.0,1.0,1.0,1.0,1.0,1.0,1.0
591.75,4.0,14.103404069701153,15.65202598632645,16.663253966816207,16.22499317968855,18.061569204725963,19.42919319907209,20.087026967614168,19.71021438216771,19.379074081092856,19.081499486733716,1.0,1.0,1.0,1.0,1.0,1.0,1.0,1.0,1.0,1.0
592.0,1.0,0.0,0.0,0.0,0.0,0.0,0.0,0.0,0.0,0.0,0.0,0.0,0.0,0.0,0.0,0.0,0.0,0.0,0.0,0.0,0.0
592.25,2.0,0.0,0.0,0.0,0.0,0.0,0.0,0.0,0.0,0.0,0.0,0.0,0.0,0.0,0.0,0.0,0.0,0.0,0.0,0.0,0.0
592.5,3.0,11.340777025503792,10.481943470840681,10.779900302424526,11.59326311579645,8.572034516625589,9.775016500259667,10.884415883043772,10.56030510744573,11.401772816765268,12.712001749647094,1.0,1.0,1.0,1.0,1.0,1.0,1.0,1.0,1.0,1.0
592.75,4.0,0.0,0.0,0.0,0.0,0.0,0.0,0.0,0.0,0.0,0.0,0.0,0.0,0.0,0.0,0.0,0.0,0.0,0.0,0.0,0.0
593.0,1.0,13.496410381366923,11.642183776838625,13.641655697133068,14.27602356272548,15.963223737196957,15.281694441314206,15.226562647986881,16.235436930830595,15.904078820485045,15.142681970820917,1.0,1.0,1.0,1.0,1.0,1.0,1.0,1.0,1.0,1.0
593.25,2.0,8.316504255103268,8.697717733998244,10.90721722999882,12.266221363121053,12.746692757304231,13.52812785056595,13.958528417984288,13.062847087644998,13.002071886157447,13.27110035585518,1.0,1.0,1.0,1.0,1.0,1.0,1.0,1.0,1.0,1.0
593.5,3.0,0.0,0.0,0.0,0.0,0.0,0.0,0.0,0.0,0.0,0.0,0.0,0.0,0.0,0.0,0.0,0.0,0.0,0.0,0.0,0.0
593.75,4.0,15.736571152862966,16.67755295354473,15.521285621410794,15.755785319795214,16.739948012101628,16.741466668996768,17.626017275459287,17.029442437563553,17.851056385519627,17.976072639351415,1.0,1.0,1.0,1.0,1.0,1.0,1.0,1.0,1.0,1.0
594.0,1.0,12.055701677894342,12.052449997675849,14.461987969649911,14.756104865365096,16.006975055311727,15.534621697054677,16.218307449635688,16.063418306502967,15.594934149731529,14.477769588807092,1.0,1.0,1.0,1.0,1.0,1.0,1.0,1.0,1.0,1.0
594.25,2.0,0.0,0.0,0.0,0.0,0.0,0.0,0.0,0.0,0.0,0.0,0.0,0.0,0.0,0.0,0.0,0.0,0.0,0.0,0.0,0.0
594.5,3.0,12.666058111377513,12.26858545361177,12.033245913899602,11.687430999112118,11.822910834211864,12.89741666245713,13.742351792662532,12.765578092859263,13.278399754045935,13.223693284837202,1.0,1.0,1.0,1.0,1.0,1.0,1.0,1.0,1.0,1.0
594.75,4.0,15.371560795744006,14.883500631550238,13.690793714226603,15.352745840739429,15.905623084201896,16.309335340584216,17.325909353943782,16.61414408042263,17.335807451635688,17.572713249939753,1.0,1.0,1.0,1.0,1.0,1.0,1.0,1.0,1.0,1.0
595.0,1.0,0.0,0.0,0.0,0.0,0.0,0.0,0.0,0.0,0.0,0.0,0.0,0.0,0.0,0.0,0.0,0.0,0.0,0.0,0.0,0.0
595.25,2.0,10.979661435096011,11.58046509531111,12.123821722875388,13.612587343952615,13.391266852639603,14.039507826808103,13.77874124858584,13.622687637765768,13.393303807907674,13.810551494822713,1.0,1.0,1.0,1.0,1.0,1.0,1.0,1.0,1.0,1.0
595.5,3.0,0.0,0.0,0.0,0.0,0.0,0.0,0.0,0.0,0.0,0.0,0.0,0.0,0.0,0.0,0.0,0.0,0.0,0.0,0.0,0.0
595.75,4.0,0.0,0.0,0.0,0.0,0.0,0.0,0.0,0.0,0.0,0.0,0.0,0.0,0.0,0.0,0.0,0.0,0.0,0.0,0.0,0.0
596.0,1.0,12.664156951702772,13.279302556005154,14.407886629715803,15.457663134564658,17.110004556625757,15.720128814975267,15.426354943690304,15.486968574000464,16.21997599080511,15.827226765816636,1.0,1.0,1.0,1.0,1.0,1.0,1.0,1.0,1.0,1.0
596.25,2.0,12.499975194698528,11.935754591350488,12.639585857411904,14.65980471244622,14.653888106113435,13.50792600389945,14.145039891602696,12.425080562611436,13.582533765869538,13.265865047619329,1.0,1.0,1.0,1.0,1.0,1.0,1.0,1.0,1.0,1.0
596.5,3.0,0.0,0.0,0.0,0.0,0.0,0.0,0.0,0.0,0.0,0.0,0.0,0.0,0.0,0.0,0.0,0.0,0.0,0.0,0.0,0.0
596.75,4.0,14.045734576938527,14.276871918964982,15.445586253509797,15.713871422478222,14.306950284475363,14.994899437588119,16.81699333383018,18.1555370958234,18.562894769697067,18.9068779591894,1.0,1.0,1.0,1.0,1.0,1.0,1.0,1.0,1.0,1.0
597.0,1.0,12.549688774237982,12.822311397986539,15.63508853191933,16.521708162331834,18.064829209447986,16.160992553025196,16.98942465577687,17.476045353944357,17.82365949066059,17.46219632016541,1.0,1.0,1.0,1.0,1.0,1.0,1.0,1.0,1.0,1.0
597.25,2.0,0.0,0.0,0.0,0.0,0.0,0.0,0.0,0.0,0.0,0.0,0.0,0.0,0.0,0.0,0.0,0.0,0.0,0.0,0.0,0.0
597.5,3.0,13.406414197240458,13.525865555438365,13.895097569649934,13.964066238835375,13.719152257301847,14.394261496761077,14.752781949323413,15.472591880177518,15.30997319155171,15.560025662243769,1.0,1.0,1.0,1.0,1.0,1.0,1.0,1.0,1.0,1.0
597.75,4.0,15.542721473512136,16.174649572932623,16.09340013499583,15.322382752758502,14.758672278840567,16.50126320322348,18.33981652084223,18.548503633750208,18.095038255576426,17.812471628750664,1.0,1.0,1.0,1.0,1.0,1.0,1.0,1.0,1.0,1.0
598.0,1.0,13.829918981101441,14.234002557592147,17.028430071107696,17.485565411841105,19.91265984967569,18.28216692355738,18.921213310987756,18.191555809128413,18.762353377683127,18.73599067860711,1.0,1.0,1.0,1.0,1.0,1.0,1.0,1.0,1.0,1.0
598.25,2.0,13.288254087179777,12.586132829659356,14.304954357548336,15.403448298647527,14.640848336670286,13.687582576487445,14.407553893175281,13.676545384010396,13.74769251477209,13.033574667314237,1.0,1.0,1.0,1.0,1.0,1.0,1.0,1.0,1.0,1.0
598.5,3.0,0.0,0.0,0.0,0.0,0.0,0.0,0.0,0.0,0.0,0.0,0.0,0.0,0.0,0.0,0.0,0.0,0.0,0.0,0.0,0.0
598.75,4.0,16.106110440932767,17.52035456470548,16.207303206194993,16.113586506856887,16.40741426800665,17.86213187286933,18.893290624452167,18.849457250901708,18.323146733021698,18.96214668553424,1.0,1.0,1.0,1.0,1.0,1.0,1.0,1.0,1.0,1.0
599.0,1.0,15.259530924773477,15.715573729617919,17.912112478908305,19.303030865218215,20.727132109513747,19.38063068807543,18.83543262340219,18.8350392274409,19.507744179406412,19.993819316355598,1.0,1.0,1.0,1.0,1.0,1.0,1.0,1.0,1.0,1.0
599.25,2.0,0.0,0.0,0.0,0.0,0.0,0.0,0.0,0.0,0.0,0.0,0.0,0.0,0.0,0.0,0.0,0.0,0.0,0.0,0.0,0.0
599.5,3.0,14.500737862950599,14.976930128177852,15.972268321198657,15.794978392018473,14.274563089674572,14.354488869456816,13.9288431432855,15.170315633229997,15.546624881821712,16.359949362455392,1.0,1.0,1.0,1.0,1.0,1.0,1.0,1.0,1.0,1.0
599.75,4.0,17.41149398236479,18.392788210091215,17.615031259295,18.054475837232022,18.78676139655209,17.60725538446599,18.061739873279368,17.62844482780261,17.8845164496714,18.894416698328314,1.0,1.0,1.0,1.0,1.0,1.0,1.0,1.0,1.0,1.0
600.0,1.0,0.0,0.0,0.0,0.0,0.0,0.0,0.0,0.0,0.0,0.0,0.0,0.0,0.0,0.0,0.0,0.0,0.0,0.0,0.0,0.0
600.25,2.0,0.0,0.0,0.0,0.0,0.0,0.0,0.0,0.0,0.0,0.0,0.0,0.0,0.0,0.0,0.0,0.0,0.0,0.0,0.0,0.0
600.5,3.0,15.94768054810923,15.407355278900479,15.998182063626178,15.79676491307384,15.030323445497988,13.594851085037426,14.356433209928422,15.140577309505765,16.192410354409816,15.887379748354512,1.0,1.0,1.0,1.0,1.0,1.0,1.0,1.0,1.0,1.0
600.75,4.0,0.0,0.0,0.0,0.0,0.0,0.0,0.0,0.0,0.0,0.0,0.0,0.0,0.0,0.0,0.0,0.0,0.0,0.0,0.0,0.0
601.0,1.0,17.696648877067172,16.341896441652615,17.728401321289493,18.826772727973133,20.414226400644154,18.904957695913424,19.608419867311692,19.56873836731145,19.317174918011514,19.31935333550113,1.0,1.0,1.0,1.0,1.0,1.0,1.0,1.0,1.0,1.0
601.25,2.0,14.487699207009394,16.131228733727937,16.275997712750975,15.429150877338683,15.681838097571987,16.015547709747565,16.81473816159006,16.169562734250462,15.42234135494764,14.393120590793217,1.0,1.0,1.0,1.0,1.0,1.0,1.0,1.0,1.0,1.0
601.5,3.0,0.0,0.0,0.0,0.0,0.0,0.0,0.0,0.0,0.0,0.0,0.0,0.0,0.0,0.0,0.0,0.0,0.0,0.0,0.0,0.0
601.75,4.0,17.025444008287867,18.328759340581538,17.377798202722175,17.356599579058926,16.97417362498533,18.243852480134418,18.097375093605116,18.472790407978714,18.88666733174472,19.633992618364633,1.0,1.0,1.0,1.0,1.0,1.0,1.0,1.0,1.0,1.0
602.0,1.0,17.221802517407255,15.93223092216103,18.071940787506954,20.057290522193906,19.590248015312,18.867592103213116,19.355906059300935,19.092336536580255,19.828537253343093,20.318734032981087,1.0,1.0,1.0,1.0,1.0,1.0,1.0,1.0,1.0,1.0
602.25,2.0,0.0,0.0,0.0,0.0,0.0,0.0,0.0,0.0,0.0,0.0,0.0,0.0,0.0,0.0,0.0,0.0,0.0,0.0,0.0,0.0
602.5,3.0,16.276323884837854,16.278297721714093,16.213242810011028,14.34244058711815,14.607195786349234,14.798826354378768,15.283766751977703,16.103604469048793,15.411027755306826,16.303324031317157,1.0,1.0,1.0,1.0,1.0,1.0,1.0,1.0,1.0,1.0
602.75,4.0,17.34408334000773,18.084107854958972,18.71307739339902,19.013775508068502,17.70930314663285,18.814581875897073,19.516534793379037,19.98774375166701,19.680597988230677,19.449548961051935,1.0,1.0,1.0,1.0,1.0,1.0,1.0,1.0,1.0,1.0
603.0,1.0,0.0,0.0,0.0,0.0,0.0,0.0,0.0,0.0,0.0,0.0,0.0,0.0,0.0,0.0,0.0,0.0,0.0,0.0,0.0,0.0
603.25,2.0,16.225500992901,16.611860946802324,16.05323859854754,15.19948894213839,16.390463269610866,16.683474086732105,17.1404673395695,16.476181590166085,15.586708069150434,13.886936137870837,1.0,1.0,1.0,1.0,1.0,1.0,1.0,1.0,1.0,1.0
603.5,3.0,0.0,0.0,0.0,0.0,0.0,0.0,0.0,0.0,0.0,0.0,0.0,0.0,0.0,0.0,0.0,0.0,0.0,0.0,0.0,0.0
603.75,4.0,0.0,0.0,0.0,0.0,0.0,0.0,0.0,0.0,0.0,0.0,0.0,0.0,0.0,0.0,0.0,0.0,0.0,0.0,0.0,0.0
604.0,1.0,17.916079468237072,17.322412109711852,17.981512881521283,19.20021666794371,20.635183039297896,19.618301293055197,19.98348015051077,20.039384187161048,19.40033456320302,19.331387678967754,1.0,1.0,1.0,1.0,1.0,1.0,1.0,1.0,1.0,1.0
604.25,2.0,16.90324425158821,16.14561632106846,15.490090447531937,15.265702531729483,16.074814555689795,17.800535723112937,18.34811070847492,16.709818420149336,15.445710053058846,14.15424385867866,1.0,1.0,1.0,1.0,1.0,1.0,1.0,1.0,1.0,1.0
604.5,3.0,0.0,0.0,0.0,0.0,0.0,0.0,0.0,0.0,0.0,0.0,0.0,0.0,0.0,0.0,0.0,0.0,0.0,0.0,0.0,0.0
604.75,4.0,17.284070631337784,18.79726741938773,17.85665415980038,17.507794259875677,18.577637763016973,19.273319148894373,20.83800581181148,19.880479932156696,20.01204050035772,19.398450769684207,1.0,1.0,1.0,1.0,1.0,1.0,1.0,1.0,1.0,1.0
605.0,1.0,17.728914626556595,19.008826687851105,19.06842406397731,19.523268138737812,21.02826577776016,19.59653193571325,20.44282012343463,20.807778591836062,20.083665825294513,20.162905966078046,1.0,1.0,1.0,1.0,1.0,1.0,1.0,1.0,1.0,1.0
605.25,2.0,0.0,0.0,0.0,0.0,0.0,0.0,0.0,0.0,0.0,0.0,0.0,0.0,0.0,0.0,0.0,0.0,0.0,0.0,0.0,0.0
605.5,3.0,15.03322588756685,15.284965370842492,16.028395412372525,15.777903389914346,16.607133713710052,16.152678968509495,16.689083286474176,17.33032971585019,16.56214052888909,17.512821272222176,1.0,1.0,1.0,1.0,1.0,1.0,1.0,1.0,1.0,1.0
605.75,4.0,17.18788148291064,18.604652857812166,17.718077711087883,17.86387897717253,18.69680252813745,18.997343817115905,20.441250606556327,19.4289470654629,18.59084511535459,18.93917678817613,1.0,1.0,1.0,1.0,1.0,1.0,1.0,1.0,1.0,1.0
606.0,1.0,18.288881931741262,18.59314487008578,18.385775870950923,20.129470781230324,21.760548211147686,20.547421894634198,20.95667541805286,20.125708768412157,19.214511851358996,18.765516006725708,1.0,1.0,1.0,1.0,1.0,1.0,1.0,1.0,1.0,1.0
606.25,2.0,15.965674853808231,15.608651921780616,16.377453792935004,15.95869645823434,16.709397101522764,16.825540134568413,17.86110680424589,16.15136213815214,15.4790827894505,15.138626030585106,1.0,1.0,1.0,1.0,1.0,1.0,1.0,1.0,1.0,1.0
606.5,3.0,0.0,0.0,0.0,0.0,0.0,0.0,0.0,0.0,0.0,0.0,0.0,0.0,0.0,0.0,0.0,0.0,0.0,0.0,0.0,0.0
606.75,4.0,18.279486267045762,19.38577754077214,18.85407952574273,18.313683161829594,18.553667150500885,18.69723770821928,18.956658665455034,18.91123512721954,18.380014275805912,18.36598986374238,1.0,1.0,1.0,1.0,1.0,1.0,1.0,1.0,1.0,1.0
607.0,1.0,17.855216163629624,17.45548073359836,19.948551541301857,21.441815198571724,22.428855700030898,20.835478534506457,20.217597919138125,19.541629563950902,18.013193786286976,18.24951788345344,1.0,1.0,1.0,1.0,1.0,1.0,1.0,1.0,1.0,1.0
607.25,2.0,0.0,0.0,0.0,0.0,0.0,0.0,0.0,0.0,0.0,0.0,0.0,0.0,0.0,0.0,0.0,0.0,0.0,0.0,0.0,0.0
607.5,3.0,15.174528458083351,16.594265998309872,15.957301340352696,16.834678843664832,17.80278519245728,17.237682435129305,18.127581415975698,18.91504043779372,20.14608251239756,19.8838416228979,1.0,1.0,1.0,1.0,1.0,1.0,1.0,1.0,1.0,1.0
607.75,4.0,18.88124414379675,19.130892407697736,18.816422613783576,19.230821594358723,19.389004913098685,18.69401490164958,18.49948177955171,17.323243301401778,16.601987317526987,17.834981336614234,1.0,1.0,1.0,1.0,1.0,1.0,1.0,1.0,1.0,1.0
608.0,1.0,0.0,0.0,0.0,0.0,0.0,0.0,0.0,0.0,0.0,0.0,0.0,0.0,0.0,0.0,0.0,0.0,0.0,0.0,0.0,0.0
608.25,2.0,0.0,0.0,0.0,0.0,0.0,0.0,0.0,0.0,0.0,0.0,0.0,0.0,0.0,0.0,0.0,0.0,0.0,0.0,0.0,0.0
608.5,3.0,15.535487202480459,16.603960114260243,16.59796557735693,17.92509104893909,17.81721552093407,18.96992615246851,18.911260637553298,19.540256204640684,19.79843356632553,19.197764489324218,1.0,1.0,1.0,1.0,1.0,1.0,1.0,1.0,1.0,1.0
608.75,4.0,0.0,0.0,0.0,0.0,0.0,0.0,0.0,0.0,0.0,0.0,0.0,0.0,0.0,0.0,0.0,0.0,0.0,0.0,0.0,0.0
609.0,1.0,19.629640102166583,18.735507976644662,19.807617325041836,19.712233640115524,19.592641335012264,18.45521754815058,18.162531292292144,18.690146495921322,18.47948488495837,19.125371138250102,1.0,1.0,1.0,1.0,1.0,1.0,1.0,1.0,1.0,1.0
609.25,2.0,16.327370588470476,17.059867748986,16.896130691619273,18.647260033181073,17.431541928482034,17.365396268891303,17.779397347100424,17.435463570246203,16.87240396577719,16.87385208668904,1.0,1.0,1.0,1.0,1.0,1.0,1.0,1.0,1.0,1.0
609.5,3.0,0.0,0.0,0.0,0.0,0.0,0.0,0.0,0.0,0.0,0.0,0.0,0.0,0.0,0.0,0.0,0.0,0.0,0.0,0.0,0.0
609.75,4.0,17.767431585835784,17.372524065552845,17.78153377716128,18.989208091500302,19.700923629920577,19.123741505589017,18.38318761322756,17.320714499835493,17.74155561094392,18.048087947081587,1.0,1.0,1.0,1.0,1.0,1.0,1.0,1.0,1.0,1.0
610.0,1.0,18.750708850172522,18.46760442647188,17.99813835433738,17.70724689163837,17.743310069884647,17.660978862460954,17.737221574730512,19.173572115594055,19.462366492011654,20.127160035813166,1.0,1.0,1.0,1.0,1.0,1.0,1.0,1.0,1.0,1.0
610.25,2.0,0.0,0.0,0.0,0.0,0.0,0.0,0.0,0.0,0.0,0.0,0.0,0.0,0.0,0.0,0.0,0.0,0.0,0.0,0.0,0.0
610.5,3.0,16.065502845430103,16.856854376915706,17.433292501679794,17.992811209025945,17.878752934202662,19.332040957865644,19.455218006181557,18.90671370395361,19.462716001838384,19.417811948370215,1.0,1.0,1.0,1.0,1.0,1.0,1.0,1.0,1.0,1.0
610.75,4.0,17.26097723795042,17.954627382089075,19.5888916387769,19.938485238344935,18.33209934005979,18.209693482365275,17.949975124520876,17.42890744021641,17.481015091570534,17.462737969764202,1.0,1.0,1.0,1.0,1.0,1.0,1.0,1.0,1.0,1.0
611.0,1.0,0.0,0.0,0.0,0.0,0.0,0.0,0.0,0.0,0.0,0.0,0.0,0.0,0.0,0.0,0.0,0.0,0.0,0.0,0.0,0.0
611.25,2.0,16.999944004019653,17.274135580331315,16.189696380206374,17.9555718633098,16.796756116168787,17.141170797927817,16.385446065526274,17.085027089195965,17.20360451183449,16.583531715503938,1.0,1.0,1.0,1.0,1.0,1.0,1.0,1.0,1.0,1.0
611.5,3.0,0.0,0.0,0.0,0.0,0.0,0.0,0.0,0.0,0.0,0.0,0.0,0.0,0.0,0.0,0.0,0.0,0.0,0.0,0.0,0.0
611.75,4.0,0.0,0.0,0.0,0.0,0.0,0.0,0.0,0.0,0.0,0.0,0.0,0.0,0.0,0.0,0.0,0.0,0.0,0.0,0.0,0.0
612.0,1.0,17.946803175067558,17.831124510428978,17.97334350088121,16.97852745586198,18.36418146825178,16.922225720592177,16.736011322051862,17.366835190400703,17.6180194260468,16.707095228411895,1.0,1.0,1.0,1.0,1.0,1.0,1.0,1.0,1.0,1.0
612.25,2.0,17.408922581828595,16.8684944875649,15.509872432720865,18.206487243902373,18.125021456289907,17.964357239320794,17.22934320370043,18.19726288565872,17.548109141460955,16.262200351298354,1.0,1.0,1.0,1.0,1.0,1.0,1.0,1.0,1.0,1.0
612.5,3.0,17.230910010807204,18.599123031334564,17.880794577599833,19.307132088681485,19.25520142622229,19.899299697453806,19.873974661470793,19.749675001724665,18.862356274940087,17.939735054373926,1.0,1.0,1.0,1.0,1.0,1.0,1.0,1.0,1.0,1.0
612.75,4.0,17.894435735602723,17.783092898471235,19.222238837821816,19.227184240871114,17.59136232960715,16.61205426274669,15.90432915526805,16.273388186893904,15.720283994784634,16.79952908517387,1.0,1.0,1.0,1.0,1.0,1.0,1.0,1.0,1.0,1.0
613.0,1.0,17.73082588898816,18.894834478136687,17.646364715356604,17.460492900872115,17.652798751556215,17.49135309577662,17.72279136161056,18.04575788657082,17.607430530963516,16.899644297319504,1.0,1.0,1.0,1.0,1.0,1.0,1.0,1.0,1.0,1.0
613.25,2.0,0.0,0.0,0.0,0.0,0.0,0.0,0.0,0.0,0.0,0.0,0.0,0.0,0.0,0.0,0.0,0.0,0.0,0.0,0.0,0.0
613.5,3.0,17.87879725930535,19.269366602917525,19.079506721140593,19.38793514546102,19.231712216121107,18.833695170082713,18.912976409610113,18.196663288267512,18.845506172973703,17.66228467165805,1.0,1.0,1.0,1.0,1.0,1.0,1.0,1.0,1.0,1.0
613.75,4.0,16.402449341630085,16.67815732082213,18.595355082409636,17.862445649659193,16.68870518131007,16.422962894628444,16.066383578983487,16.531241506633354,15.732567376431025,15.937653315516066,1.0,1.0,1.0,1.0,1.0,1.0,1.0,1.0,1.0,1.0
614.0,1.0,17.00083331404435,18.71934839961665,18.051537833644563,18.311026959306904,17.80824348795213,17.43693259833839,17.369743553584104,17.058196262915793,17.485326446847434,16.72517318754837,1.0,1.0,1.0,1.0,1.0,1.0,1.0,1.0,1.0,1.0
614.25,2.0,17.23270676198592,17.296089152543402,16.212230905459545,16.555219424937476,16.565701322996674,15.833966781372352,15.127968079208962,16.048139063651632,16.084806905670252,17.005849336224003,1.0,1.0,1.0,1.0,1.0,1.0,1.0,1.0,1.0,1.0
614.5,3.0,0.0,0.0,0.0,0.0,0.0,0.0,0.0,0.0,0.0,0.0,0.0,0.0,0.0,0.0,0.0,0.0,0.0,0.0,0.0,0.0
614.75,4.0,15.3846662439946,17.06687183645506,17.497326347313596,17.208015644384176,16.823606082814784,16.360703618810202,16.275683600876462,15.067857960630263,15.350674856097065,15.75104873889838,1.0,1.0,1.0,1.0,1.0,1.0,1.0,1.0,1.0,1.0
615.0,1.0,16.155486610444637,18.408696212020647,19.563009865596246,19.365151309730077,17.423352498906716,16.865606692843496,17.015647105502595,17.300458781632194,17.716929805413688,17.281320871578064,1.0,1.0,1.0,1.0,1.0,1.0,1.0,1.0,1.0,1.0
615.25,2.0,0.0,0.0,0.0,0.0,0.0,0.0,0.0,0.0,0.0,0.0,0.0,0.0,0.0,0.0,0.0,0.0,0.0,0.0,0.0,0.0
615.5,3.0,18.170512137601964,19.21016642079138,18.683326533073508,17.80340149621449,18.98109029834255,18.053430599612735,18.64155480881911,18.509480431962416,18.377688355619707,17.14506607468961,1.0,1.0,1.0,1.0,1.0,1.0,1.0,1.0,1.0,1.0
615.75,4.0,15.769797455623896,16.27354728150677,16.802378536718212,17.224851554536386,16.755667791291202,16.45870860290374,15.50561218290981,16.773462118451736,17.09043343466434,17.3279787030982,1.0,1.0,1.0,1.0,1.0,1.0,1.0,1.0,1.0,1.0
616.0,1.0,0.0,0.0,0.0,0.0,0.0,0.0,0.0,0.0,0.0,0.0,0.0,0.0,0.0,0.0,0.0,0.0,0.0,0.0,0.0,0.0
616.25,2.0,17.13485957456979,17.952188734620727,16.337394846835263,15.953340958043723,16.25906432157835,15.477906681940764,15.830143044186665,16.563335115975107,16.44280657555698,16.2963391740213,1.0,1.0,1.0,1.0,1.0,1.0,1.0,1.0,1.0,1.0
616.5,3.0,18.159323828636627,18.40619944219832,17.882916419011945,17.78943624794467,18.989336386233084,18.95523262521609,19.758298739103672,18.51487751514172,17.45477297964153,15.701163255834151,1.0,1.0,1.0,1.0,1.0,1.0,1.0,1.0,1.0,1.0
616.75,4.0,0.0,0.0,0.0,0.0,0.0,0.0,0.0,0.0,0.0,0.0,0.0,0.0,0.0,0.0,0.0,0.0,0.0,0.0,0.0,0.0
617.0,1.0,17.91327044801931,20.06741905026449,19.388214020953903,17.24661747296683,14.547613234014637,14.88199864686952,16.610066903003034,16.9769560392686,17.872639116286617,18.33256868884794,1.0,1.0,1.0,1.0,1.0,1.0,1.0,1.0,1.0,1.0
617.25,2.0,18.285998799605373,18.14528179269016,17.309334947609546,16.60042841098275,17.195749742140002,16.35672932257747,16.855666598817606,16.86008267861603,17.068178151838715,17.63626541589548,1.0,1.0,1.0,1.0,1.0,1.0,1.0,1.0,1.0,1.0
617.5,3.0,0.0,0.0,0.0,0.0,0.0,0.0,0.0,0.0,0.0,0.0,0.0,0.0,0.0,0.0,0.0,0.0,0.0,0.0,0.0,0.0
617.75,4.0,17.403942620591014,17.0642389838617,16.619945781634044,16.767138548294927,16.231402549006027,16.465854602415195,15.931126612465853,16.083304448598653,16.31734640275094,15.99274734003043,1.0,1.0,1.0,1.0,1.0,1.0,1.0,1.0,1.0,1.0
618.0,1.0,18.872849199294762,19.840210328818383,19.32051021283847,17.85752427431854,14.82286779969214,15.887448448257894,17.890921540788813,18.472875184212764,18.885051563477,18.09370989028458,1.0,1.0,1.0,1.0,1.0,1.0,1.0,1.0,1.0,1.0
618.25,2.0,0.0,0.0,0.0,0.0,0.0,0.0,0.0,0.0,0.0,0.0,0.0,0.0,0.0,0.0,0.0,0.0,0.0,0.0,0.0,0.0
618.5,3.0,18.93529060439828,17.826779971184862,18.581411624245312,19.225289931970416,17.91384638867692,16.622485743882425,15.16782555794744,14.549143504202389,14.682907100864377,14.29042598872426,1.0,1.0,1.0,1.0,1.0,1.0,1.0,1.0,1.0,1.0
618.75,4.0,17.96070288038627,16.245700728583564,16.02838596049751,16.981502002755473,16.349129592468415,15.476149947734825,15.121538066698863,15.751278754908082,16.782581491416913,15.667141648895468,1.0,1.0,1.0,1.0,1.0,1.0,1.0,1.0,1.0,1.0
619.0,1.0,20.824491909841793,19.11861273240698,18.96417008820092,17.37928855262471,15.330296391238644,16.407589222331932,17.971709430249025,17.603462784159003,17.654166936269323,17.410744259476168,1.0,1.0,1.0,1.0,1.0,1.0,1.0,1.0,1.0,1.0
619.25,2.0,19.207166110203136,17.26078412040848,16.432348782368518,17.37016878785635,17.95853676796821,17.334884198465513,16.532326600981932,17.85614176756095,19.050503588098586,20.187789800293917,1.0,1.0,1.0,1.0,1.0,1.0,1.0,1.0,1.0,1.0
619.5,3.0,0.0,0.0,0.0,0.0,0.0,0.0,0.0,0.0,0.0,0.0,0.0,0.0,0.0,0.0,0.0,0.0,0.0,0.0,0.0,0.0
619.75,4.0,0.0,0.0,0.0,0.0,0.0,0.0,0.0,0.0,0.0,0.0,0.0,0.0,0.0,0.0,0.0,0.0,0.0,0.0,0.0,0.0
620.0,1.0,19.465870874594874,18.970445350066665,17.503640568619897,16.686072278379314,15.365160502886006,15.912241521819517,18.212634666851557,17.31505200480098,17.879275590570632,17.124625907562354,1.0,1.0,1.0,1.0,1.0,1.0,1.0,1.0,1.0,1.0
620.25,2.0,18.01555535634183,16.231396193486052,15.970190874809797,17.13607706785199,18.365308713861523,18.14521917029659,17.939561775018607,19.383415004272376,20.1367890024109,21.113962905971807,1.0,1.0,1.0,1.0,1.0,1.0,1.0,1.0,1.0,1.0
620.5,3.0,18.48092890923208,19.204382401180272,19.124237367838255,19.578044276696048,18.896323532157748,18.408273135450578,17.653482596419366,15.571303455017706,15.65946180058765,14.023018556078641,1.0,1.0,1.0,1.0,1.0,1.0,1.0,1.0,1.0,1.0
620.75,4.0,17.50039510572485,17.074935848838024,17.140974499193202,16.239009189666447,14.369883450649429,14.513645184039646,14.287405845790728,16.134838842273876,16.33871365139924,16.896441721675075,1.0,1.0,1.0,1.0,1.0,1.0,1.0,1.0,1.0,1.0
621.0,1.0,0.0,0.0,0.0,0.0,0.0,0.0,0.0,0.0,0.0,0.0,0.0,0.0,0.0,0.0,0.0,0.0,0.0,0.0,0.0,0.0
621.25,2.0,0.0,0.0,0.0,0.0,0.0,0.0,0.0,0.0,0.0,0.0,0.0,0.0,0.0,0.0,0.0,0.0,0.0,0.0,0.0,0.0
621.5,3.0,18.05019099421744,19.78620352443111,19.298629067677332,19.308153442247946,20.14775358130398,18.932063453387084,17.724493519354706,15.661500691707264,15.301030081001947,14.049306757043908,1.0,1.0,1.0,1.0,1.0,1.0,1.0,1.0,1.0,1.0
621.75,4.0,17.29176962926537,16.505385933856246,15.915348455014952,16.29461440070186,14.857753077468987,14.799177760430112,15.053230462387242,15.95622894663803,16.22055866236179,16.476757331673298,1.0,1.0,1.0,1.0,1.0,1.0,1.0,1.0,1.0,1.0
622.0,1.0,17.387682440031583,16.637023515268588,16.141872355635073,17.48586065402242,17.15737039213966,16.881335302876888,18.19221595649688,17.238120845789698,17.932819388563406,17.935020419869833,1.0,1.0,1.0,1.0,1.0,1.0,1.0,1.0,1.0,1.0
622.25,2.0,15.855327836119665,15.345800276318656,15.359314942034358,16.775985518539954,17.811702402126883,18.477265255135382,18.918492742062035,20.356828567977452,20.99607214697467,20.82588622173041,1.0,1.0,1.0,1.0,1.0,1.0,1.0,1.0,1.0,1.0
622.5,3.0,0.0,0.0,0.0,0.0,0.0,0.0,0.0,0.0,0.0,0.0,0.0,0.0,0.0,0.0,0.0,0.0,0.0,0.0,0.0,0.0
622.75,4.0,17.93850698143949,17.48219809252976,16.946569922640847,16.33555511148302,15.401209898557353,15.330561494085366,14.995932518505386,15.10246055178463,15.891484330147359,16.062513485146717,1.0,1.0,1.0,1.0,1.0,1.0,1.0,1.0,1.0,1.0
623.0,1.0,17.00046560004329,17.14689307811267,17.026293401097664,17.559486248030545,17.04950610243467,16.451275678861638,17.643798517651597,17.65013194045591,18.390979039800538,18.541871249238707,1.0,1.0,1.0,1.0,1.0,1.0,1.0,1.0,1.0,1.0
623.25,2.0,0.0,0.0,0.0,0.0,0.0,0.0,0.0,0.0,0.0,0.0,0.0,0.0,0.0,0.0,0.0,0.0,0.0,0.0,0.0,0.0
623.5,3.0,19.52890004002179,20.397772292181834,19.87000747690621,20.167072331798323,18.616550293143412,17.551808178814802,16.135653015775713,15.124505028722384,15.68848598350352,16.052626133371835,1.0,1.0,1.0,1.0,1.0,1.0,1.0,1.0,1.0,1.0
623.75,4.0,18.379252882599435,17.840690972076207,16.073142315278726,16.162169411747236,15.453711874039415,15.797511713391891,14.53421821017231,14.971204914107389,15.48535486313599,15.518301845195317,1.0,1.0,1.0,1.0,1.0,1.0,1.0,1.0,1.0,1.0
624.0,1.0,0.0,0.0,0.0,0.0,0.0,0.0,0.0,0.0,0.0,0.0,0.0,0.0,0.0,0.0,0.0,0.0,0.0,0.0,0.0,0.0
624.25,2.0,15.84370843810066,16.346278174109624,17.39960658766447,18.89111696147284,20.129186700691104,21.321777189305813,21.807781636113724,21.610446994522395,20.049936859878418,19.38648208036027,1.0,1.0,1.0,1.0,1.0,1.0,1.0,1.0,1.0,1.0
624.5,3.0,20.097951533506635,20.87243304203998,19.551346675616955,19.946884049237596,18.505516772669715,17.272114753504987,15.756368728081062,15.948202467808917,16.895138853834084,17.796997278257624,1.0,1.0,1.0,1.0,1.0,1.0,1.0,1.0,1.0,1.0
624.75,4.0,0.0,0.0,0.0,0.0,0.0,0.0,0.0,0.0,0.0,0.0,0.0,0.0,0.0,0.0,0.0,0.0,0.0,0.0,0.0,0.0
625.0,1.0,17.08920903572413,16.57779813641198,17.24027094419524,17.345205204104865,17.690995658730813,16.474804450695984,17.60530072608392,16.877558011705876,17.20799487976289,16.311798837650866,1.0,1.0,1.0,1.0,1.0,1.0,1.0,1.0,1.0,1.0
625.25,2.0,16.577960293126296,17.853419177195534,18.508548995784604,20.379835323726795,22.1424241936262,21.46954888696561,20.779213788889347,20.589747245189187,19.25665739384283,18.550322314780427,1.0,1.0,1.0,1.0,1.0,1.0,1.0,1.0,1.0,1.0
625.5,3.0,0.0,0.0,0.0,0.0,0.0,0.0,0.0,0.0,0.0,0.0,0.0,0.0,0.0,0.0,0.0,0.0,0.0,0.0,0.0,0.0
625.75,4.0,19.33624030830922,20.152520543522638,19.15554700414838,19.354041704173753,17.226126773168378,16.916824048515508,16.170891683808392,16.91603479386364,16.45731367385042,16.960040423373762,1.0,1.0,1.0,1.0,1.0,1.0,1.0,1.0,1.0,1.0
626.0,1.0,16.609312393442742,15.240810390645768,15.868062575012372,17.07583365482175,17.783245110160003,16.297709444364493,16.589481061943808,16.4277366533464,16.87061021246996,16.264680922528697,1.0,1.0,1.0,1.0,1.0,1.0,1.0,1.0,1.0,1.0
626.25,2.0,0.0,0.0,0.0,0.0,0.0,0.0,0.0,0.0,0.0,0.0,0.0,0.0,0.0,0.0,0.0,0.0,0.0,0.0,0.0,0.0
626.5,3.0,20.367604862010595,19.778712781762387,18.431072181254038,18.634592389982114,17.979266875036938,18.065186992185524,17.42702525409468,17.12139497282349,17.72073149404549,17.518278308993285,1.0,1.0,1.0,1.0,1.0,1.0,1.0,1.0,1.0,1.0
626.75,4.0,20.15122245194793,20.4123903786655,20.58992000335248,20.409339240236456,17.778728186141056,17.271185032729502,16.342919273329997,17.676561318011107,17.886172192757456,17.76498407740165,1.0,1.0,1.0,1.0,1.0,1.0,1.0,1.0,1.0,1.0
627.0,1.0,16.910946350842995,15.105074121811821,16.33822720006314,16.291393093151907,16.133944599932576,15.56030657589247,16.006391831453783,16.25851340461489,16.407669933513592,15.857198097255266,1.0,1.0,1.0,1.0,1.0,1.0,1.0,1.0,1.0,1.0
627.25,2.0,18.830607932904876,18.449305474293354,19.069069985714275,20.042612219921665,19.405526675168392,19.84931082621379,20.36277448339781,20.226570519662445,19.897683459364362,18.17950707218877,1.0,1.0,1.0,1.0,1.0,1.0,1.0,1.0,1.0,1.0
627.5,3.0,0.0,0.0,0.0,0.0,0.0,0.0,0.0,0.0,0.0,0.0,0.0,0.0,0.0,0.0,0.0,0.0,0.0,0.0,0.0,0.0
627.75,4.0,20.389023804069986,21.371429796437035,21.1301313261118,19.916667699926975,18.403123044683106,18.253324643549597,17.41680823697064,17.5397946984213,17.82415028212327,17.50936915214364,1.0,1.0,1.0,1.0,1.0,1.0,1.0,1.0,1.0,1.0
628.0,1.0,17.09254304541008,15.712360934984005,17.00013181243485,16.703839352598216,16.33903576781061,16.77571582929711,15.80196906626395,16.217963158196618,16.589974486707096,16.5594854044821,1.0,1.0,1.0,1.0,1.0,1.0,1.0,1.0,1.0,1.0
628.25,2.0,20.031247106126244,18.977825523668994,19.8051670978578,19.937550900207,19.361022684418835,18.95967812877653,19.31110955307734,19.402108132753987,18.953857086639868,18.577077306064993,1.0,1.0,1.0,1.0,1.0,1.0,1.0,1.0,1.0,1.0
628.5,3.0,19.28812037751251,17.56771242169923,16.83542540194573,16.024172513915882,14.189531029355608,16.088009076045534,15.143175258704657,15.984848103971018,17.336700919026065,16.999169883420173,1.0,1.0,1.0,1.0,1.0,1.0,1.0,1.0,1.0,1.0
628.75,4.0,21.062163138928266,22.186472749300375,21.012310934125797,20.58909721649135,20.63553306966701,18.79170179882517,16.94650513919554,17.816198100398154,17.157021441864135,18.318110504864134,1.0,1.0,1.0,1.0,1.0,1.0,1.0,1.0,1.0,1.0
629.0,1.0,0.0,0.0,0.0,0.0,0.0,0.0,0.0,0.0,0.0,0.0,0.0,0.0,0.0,0.0,0.0,0.0,0.0,0.0,0.0,0.0
629.25,2.0,0.0,0.0,0.0,0.0,0.0,0.0,0.0,0.0,0.0,0.0,0.0,0.0,0.0,0.0,0.0,0.0,0.0,0.0,0.0,0.0
629.5,3.0,19.49185522151067,18.126387749658225,15.995713290138537,15.080348266417355,14.130225872330481,15.728851557356974,15.696372808840996,16.138510772537327,17.40789097054658,17.505238265050867,1.0,1.0,1.0,1.0,1.0,1.0,1.0,1.0,1.0,1.0
629.75,4.0,0.0,0.0,0.0,0.0,0.0,0.0,0.0,0.0,0.0,0.0,0.0,0.0,0.0,0.0,0.0,0.0,0.0,0.0,0.0,0.0
630.0,1.0,19.826175684287065,19.33721270257578,20.110024862324472,18.109188325045533,16.719478471463287,17.566986910516253,17.425367743542367,19.231460719921067,20.249609840506338,21.164237565452975,1.0,1.0,1.0,1.0,1.0,1.0,1.0,1.0,1.0,1.0
630.25,2.0,20.284597411287688,20.365277377103833,18.82494287489481,18.90763622183551,20.358307236017,18.123340015118995,18.13043313728589,18.288941679314476,19.49476316838414,18.86301939945375,1.0,1.0,1.0,1.0,1.0,1.0,1.0,1.0,1.0,1.0
630.5,3.0,0.0,0.0,0.0,0.0,0.0,0.0,0.0,0.0,0.0,0.0,0.0,0.0,0.0,0.0,0.0,0.0,0.0,0.0,0.0,0.0
630.75,4.0,19.972998791939258,22.099894599672997,21.954937446694714,21.451175450926907,20.25444843948422,19.831203135861,18.87208814885331,19.231866770418268,19.825099625592962,20.597015498706718,1.0,1.0,1.0,1.0,1.0,1.0,1.0,1.0,1.0,1.0
631.0,1.0,19.66381397239141,19.90355859352848,19.349425530161774,17.601320977715535,17.426875343621944,17.22035685034385,18.340321653183704,19.145162457840332,20.24090414542111,21.47722829057012,1.0,1.0,1.0,1.0,1.0,1.0,1.0,1.0,1.0,1.0
631.25,2.0,0.0,0.0,0.0,0.0,0.0,0.0,0.0,0.0,0.0,0.0,0.0,0.0,0.0,0.0,0.0,0.0,0.0,0.0,0.0,0.0
631.5,3.0,17.595396319378455,18.697346140683944,15.62539847212287,15.771631691723666,16.186152949919336,16.09368299505004,16.321772633812685,16.795780867023822,16.668116246587473,15.943122851172731,1.0,1.0,1.0,1.0,1.0,1.0,1.0,1.0,1.0,1.0
631.75,4.0,19.799945213444616,22.871249306781436,21.588562489507538,20.85701762375885,21.17322014759112,20.628705052948025,20.205830543547926,20.467685937917395,19.67964001151146,20.45041907232468,1.0,1.0,1.0,1.0,1.0,1.0,1.0,1.0,1.0,1.0
632.0,1.0,0.0,0.0,0.0,0.0,0.0,0.0,0.0,0.0,0.0,0.0,0.0,0.0,0.0,0.0,0.0,0.0,0.0,0.0,0.0,0.0
632.25,2.0,20.033044366576867,17.822756818799192,17.387994839119866,19.68075077415224,19.044319428674573,17.569282078486207,18.008756330289106,18.202149153928904,17.029533912709933,16.699955724031042,1.0,1.0,1.0,1.0,1.0,1.0,1.0,1.0,1.0,1.0
632.5,3.0,0.0,0.0,0.0,0.0,0.0,0.0,0.0,0.0,0.0,0.0,0.0,0.0,0.0,0.0,0.0,0.0,0.0,0.0,0.0,0.0
632.75,4.0,0.0,0.0,0.0,0.0,0.0,0.0,0.0,0.0,0.0,0.0,0.0,0.0,0.0,0.0,0.0,0.0,0.0,0.0,0.0,0.0
633.0,1.0,19.225753560157855,18.88530640976972,18.976292074091184,17.92382377384396,18.491172183336083,18.606684828511213,19.801237025843832,21.832076876504136,21.897479065457944,23.253430526867156,1.0,1.0,1.0,1.0,1.0,1.0,1.0,1.0,1.0,1.0
633.25,2.0,18.707517645320703,17.456173060744817,19.42091662591265,20.475208737034897,18.62712971430008,18.05520766791845,17.896054689572626,17.986584156126867,16.545490339557453,16.79166420157749,1.0,1.0,1.0,1.0,1.0,1.0,1.0,1.0,1.0,1.0
633.5,3.0,0.0,0.0,0.0,0.0,0.0,0.0,0.0,0.0,0.0,0.0,0.0,0.0,0.0,0.0,0.0,0.0,0.0,0.0,0.0,0.0
633.75,4.0,21.263208420721217,21.044151151377037,21.353299104294546,21.597737565745295,21.45971365420138,20.668103474022015,21.272897666858846,20.596252608650534,20.6276454739424,20.2291800410462,1.0,1.0,1.0,1.0,1.0,1.0,1.0,1.0,1.0,1.0
634.0,1.0,21.02144727676192,19.987960008984018,18.990010953022413,17.963325862106206,18.99898204770255,19.283810450342866,20.326993070606484,22.259796144922227,21.904373215429125,23.329753473184336,1.0,1.0,1.0,1.0,1.0,1.0,1.0,1.0,1.0,1.0
634.25,2.0,0.0,0.0,0.0,0.0,0.0,0.0,0.0,0.0,0.0,0.0,0.0,0.0,0.0,0.0,0.0,0.0,0.0,0.0,0.0,0.0
634.5,3.0,16.66522588786426,18.07830766114529,17.525398042779404,16.34655578795565,15.93831970408775,16.467929218389052,16.760433866010093,16.929427222951432,15.81624686240717,15.967115833766094,1.0,1.0,1.0,1.0,1.0,1.0,1.0,1.0,1.0,1.0
634.75,4.0,20.58723479562658,22.214161406148676,21.851015169523045,21.433176048172612,20.697102333848278,20.42477338635817,21.050090053483135,19.87615521984239,19.365155329802672,18.488540763816886,1.0,1.0,1.0,1.0,1.0,1.0,1.0,1.0,1.0,1.0
635.0,1.0,20.494170387790795,19.162786442770425,19.10667917119544,18.80018630953547,19.045992606677032,19.585333430279228,20.830815155472063,23.137203244299407,22.620447667939008,23.96523318870506,1.0,1.0,1.0,1.0,1.0,1.0,1.0,1.0,1.0,1.0
635.25,2.0,19.490294562670876,19.706999442843014,19.2632289943444,19.855834854140507,19.03872884767643,17.54533262568913,18.003920719721073,17.048959316265517,16.45458679150107,16.33536513737215,1.0,1.0,1.0,1.0,1.0,1.0,1.0,1.0,1.0,1.0
635.5,3.0,0.0,0.0,0.0,0.0,0.0,0.0,0.0,0.0,0.0,0.0,0.0,0.0,0.0,0.0,0.0,0.0,0.0,0.0,0.0,0.0
635.75,4.0,20.223578224033677,22.98433837615026,21.5539368214442,21.163359497478663,20.801490096392197,21.56813715438787,20.41587375180678,20.54885572972549,19.69649213464805,19.136042031314147,1.0,1.0,1.0,1.0,1.0,1.0,1.0,1.0,1.0,1.0
636.0,1.0,19.764832614474503,19.463093496393032,19.274288940920933,18.11580492077449,19.292105491911517,20.51571782651601,22.289550881521762,23.687246564046863,23.118195528631023,23.628450803954387,1.0,1.0,1.0,1.0,1.0,1.0,1.0,1.0,1.0,1.0
636.25,2.0,0.0,0.0,0.0,0.0,0.0,0.0,0.0,0.0,0.0,0.0,0.0,0.0,0.0,0.0,0.0,0.0,0.0,0.0,0.0,0.0
636.5,3.0,17.758290329518648,18.037244125982923,17.68043122760029,18.892136035362533,18.290853531786812,17.515864072816754,16.63779490315035,15.842592307879006,16.155282724349135,16.660475955383408,1.0,1.0,1.0,1.0,1.0,1.0,1.0,1.0,1.0,1.0
636.75,4.0,21.422943040366434,23.289631607832067,21.43848025029124,21.152870000457167,21.404158623153037,21.503175217130533,20.328766558338522,20.374651669687836,19.501856064745624,18.735709155725736,1.0,1.0,1.0,1.0,1.0,1.0,1.0,1.0,1.0,1.0
637.0,1.0,0.0,0.0,0.0,0.0,0.0,0.0,0.0,0.0,0.0,0.0,0.0,0.0,0.0,0.0,0.0,0.0,0.0,0.0,0.0,0.0
637.25,2.0,0.0,0.0,0.0,0.0,0.0,0.0,0.0,0.0,0.0,0.0,0.0,0.0,0.0,0.0,0.0,0.0,0.0,0.0,0.0,0.0
637.5,3.0,17.75682539062145,17.297419120204925,17.653514741089214,18.530965877014303,18.549934404750594,17.396032146656346,16.84253639380948,15.346591448792505,15.074175226210084,16.027368327856294,1.0,1.0,1.0,1.0,1.0,1.0,1.0,1.0,1.0,1.0
637.75,4.0,0.0,0.0,0.0,0.0,0.0,0.0,0.0,0.0,0.0,0.0,0.0,0.0,0.0,0.0,0.0,0.0,0.0,0.0,0.0,0.0
638.0,1.0,20.240857442869558,20.079689345224608,19.32886769617326,20.513536011947075,22.492291403790233,23.745997288872363,23.632857682787172,23.515009376162435,22.586836151288015,21.901036890988195,1.0,1.0,1.0,1.0,1.0,1.0,1.0,1.0,1.0,1.0
638.25,2.0,18.925980243498426,18.264625353246263,18.087429188019073,17.31927631059024,17.8708361637899,16.89907676562764,16.648813492750076,16.541374338873094,16.804254792717668,17.41320375131441,1.0,1.0,1.0,1.0,1.0,1.0,1.0,1.0,1.0,1.0
638.5,3.0,0.0,0.0,0.0,0.0,0.0,0.0,0.0,0.0,0.0,0.0,0.0,0.0,0.0,0.0,0.0,0.0,0.0,0.0,0.0,0.0
638.75,4.0,22.76805680804279,23.07803533248581,21.475982519764095,21.33261527868965,19.805959424286353,18.700596014009147,17.60503748306888,17.99690333710248,17.611143577720817,18.09072009344985,1.0,1.0,1.0,1.0,1.0,1.0,1.0,1.0,1.0,1.0
639.0,1.0,20.030146690733297,19.20201533532843,19.37924811225238,20.96947125595613,23.05293477283308,24.183127767098682,23.636623594559858,23.2351290935169,21.40450050304066,20.15624387600841,1.0,1.0,1.0,1.0,1.0,1.0,1.0,1.0,1.0,1.0
639.25,2.0,0.0,0.0,0.0,0.0,0.0,0.0,0.0,0.0,0.0,0.0,0.0,0.0,0.0,0.0,0.0,0.0,0.0,0.0,0.0,0.0
639.5,3.0,18.067374843577856,17.33712300858403,17.98860888145731,18.40824602512257,17.01549888443227,16.01005607953526,15.421216889213223,14.367082816016225,14.307082870568832,14.895441979385488,1.0,1.0,1.0,1.0,1.0,1.0,1.0,1.0,1.0,1.0
639.75,4.0,21.840404700460052,22.234507850922483,20.97472300503607,20.86867303104807,18.268437857269546,18.7508663566276,17.531799868744557,18.56956041474226,17.55172762136333,18.53724235614497,1.0,1.0,1.0,1.0,1.0,1.0,1.0,1.0,1.0,1.0
640.0,1.0,0.0,0.0,0.0,0.0,0.0,0.0,0.0,0.0,0.0,0.0,0.0,0.0,0.0,0.0,0.0,0.0,0.0,0.0,0.0,0.0
640.25,2.0,19.333194115191095,17.123169059292188,17.192723523879362,18.97466007723466,17.967451785283824,17.434711868396505,16.720574762592822,16.346584870797606,17.29109361560885,17.919868668513843,1.0,1.0,1.0,1.0,1.0,1.0,1.0,1.0,1.0,1.0
640.5,3.0,0.0,0.0,0.0,0.0,0.0,0.0,0.0,0.0,0.0,0.0,0.0,0.0,0.0,0.0,0.0,0.0,0.0,0.0,0.0,0.0
640.75,4.0,0.0,0.0,0.0,0.0,0.0,0.0,0.0,0.0,0.0,0.0,0.0,0.0,0.0,0.0,0.0,0.0,0.0,0.0,0.0,0.0
641.0,1.0,19.032183803776103,18.189134581971313,20.59383625232218,21.89917453081527,21.515135649495136,22.13871908970344,22.398665661144534,21.719996957699827,21.176695830491724,19.773975759640724,1.0,1.0,1.0,1.0,1.0,1.0,1.0,1.0,1.0,1.0
641.25,2.0,18.613078989422362,17.84057023114994,18.821577405639673,19.48541042250805,16.986328708047946,16.572649844550863,15.828041703764141,16.287000844594008,17.837556189837162,18.56812795350248,1.0,1.0,1.0,1.0,1.0,1.0,1.0,1.0,1.0,1.0
641.5,3.0,0.0,0.0,0.0,0.0,0.0,0.0,0.0,0.0,0.0,0.0,0.0,0.0,0.0,0.0,0.0,0.0,0.0,0.0,0.0,0.0
641.75,4.0,21.919302941214244,20.805300863987235,19.370966487621928,19.293772522694276,17.827686809331027,18.551978809498998,17.038265759122602,18.055662234070873,18.50684215193807,18.82972476197016,1.0,1.0,1.0,1.0,1.0,1.0,1.0,1.0,1.0,1.0
642.0,1.0,19.512190531699115,19.02225679688103,21.034685344506087,20.715538191996476,21.08379360874577,21.12904617079506,21.65909489553166,20.175230692946254,19.488326020737656,18.8187997246255,1.0,1.0,1.0,1.0,1.0,1.0,1.0,1.0,1.0,1.0
642.25,2.0,0.0,0.0,0.0,0.0,0.0,0.0,0.0,0.0,0.0,0.0,0.0,0.0,0.0,0.0,0.0,0.0,0.0,0.0,0.0,0.0
642.5,3.0,21.09596064012409,20.50337950248678,19.59805342874531,18.513541197183194,16.19406260826167,17.505294997556824,17.524049159547513,15.708248370054884,15.66165433498131,15.092641734957303,1.0,1.0,1.0,1.0,1.0,1.0,1.0,1.0,1.0,1.0
642.75,4.0,20.10349543273097,18.834157425280395,18.527827030129444,19.669344569453717,18.742209523566324,18.930002902382082,17.502118646596706,18.86040779158801,18.9245644927734,18.166373008439148,1.0,1.0,1.0,1.0,1.0,1.0,1.0,1.0,1.0,1.0
643.0,1.0,20.45878125580163,21.35474460007949,21.257790611354796,19.922121893059444,20.750122695886958,20.275547948979447,20.8134293326401,19.054528478833554,18.305824989653388,17.960058898303917,1.0,1.0,1.0,1.0,1.0,1.0,1.0,1.0,1.0,1.0
643.25,2.0,18.400420537661912,19.897050848760994,19.334907112006434,19.240614424250225,17.360529282190807,17.75677989826615,16.777081256734565,16.878700813795444,17.38044605612648,17.569006624707523,1.0,1.0,1.0,1.0,1.0,1.0,1.0,1.0,1.0,1.0
643.5,3.0,0.0,0.0,0.0,0.0,0.0,0.0,0.0,0.0,0.0,0.0,0.0,0.0,0.0,0.0,0.0,0.0,0.0,0.0,0.0,0.0
643.75,4.0,19.795304942312274,18.703428027353976,18.322636463606653,19.130045155074928,18.211251418795158,18.67974540748436,17.64074583499366,18.254127621420654,18.7363694698972,17.8883212353581,1.0,1.0,1.0,1.0,1.0,1.0,1.0,1.0,1.0,1.0
644.0,1.0,21.704652504997927,22.24331413268305,20.816756988973175,20.260275608577256,20.338907685185525,20.2687005816699,19.86618145424628,18.13010282693442,17.35003451457966,17.522436387809336,1.0,1.0,1.0,1.0,1.0,1.0,1.0,1.0,1.0,1.0
644.25,2.0,0.0,0.0,0.0,0.0,0.0,0.0,0.0,0.0,0.0,0.0,0.0,0.0,0.0,0.0,0.0,0.0,0.0,0.0,0.0,0.0
644.5,3.0,20.7009298613322,19.927249882940785,18.04380694930021,17.226590476215055,17.85633383545997,16.67017153104608,15.618664076063515,15.643946095673089,15.734088741872322,14.630917120442579,1.0,1.0,1.0,1.0,1.0,1.0,1.0,1.0,1.0,1.0
644.75,4.0,18.70851605247767,19.048983170620488,18.084272690827454,18.087118990653178,18.692689433643167,18.236346094744107,17.298420777448477,16.858614027008972,17.590024169932242,16.74698224453311,1.0,1.0,1.0,1.0,1.0,1.0,1.0,1.0,1.0,1.0
645.0,1.0,0.0,0.0,0.0,0.0,0.0,0.0,0.0,0.0,0.0,0.0,0.0,0.0,0.0,0.0,0.0,0.0,0.0,0.0,0.0,0.0
645.25,2.0,0.0,0.0,0.0,0.0,0.0,0.0,0.0,0.0,0.0,0.0,0.0,0.0,0.0,0.0,0.0,0.0,0.0,0.0,0.0,0.0
645.5,3.0,20.558780740446792,19.271352370150584,17.761811028313485,16.681280404941948,17.668991335396072,16.865800603647774,16.367222451182723,15.633435206542208,15.059360445131286,13.797299192476927,1.0,1.0,1.0,1.0,1.0,1.0,1.0,1.0,1.0,1.0
645.75,4.0,0.0,0.0,0.0,0.0,0.0,0.0,0.0,0.0,0.0,0.0,0.0,0.0,0.0,0.0,0.0,0.0,0.0,0.0,0.0,0.0
646.0,1.0,20.881342280621396,20.799779014525893,19.252693675256204,18.268102194718775,18.243273159431745,18.028856142518723,17.940835487236697,16.394520930985244,16.458081811374843,15.783355925140865,1.0,1.0,1.0,1.0,1.0,1.0,1.0,1.0,1.0,1.0
646.25,2.0,19.67104529100967,19.31669765409351,19.004277681833784,18.102070779752818,17.106073434995043,16.99283966830245,16.285949349279385,16.173358754281818,16.38761381016877,16.10975541014488,1.0,1.0,1.0,1.0,1.0,1.0,1.0,1.0,1.0,1.0
646.5,3.0,0.0,0.0,0.0,0.0,0.0,0.0,0.0,0.0,0.0,0.0,0.0,0.0,0.0,0.0,0.0,0.0,0.0,0.0,0.0,0.0
646.75,4.0,18.83063919063528,19.442799263869382,17.703360914142607,19.024504708051044,18.382535148980683,18.043001158682603,17.49268043636065,17.57566937354141,18.09278227923699,17.91762408136748,1.0,1.0,1.0,1.0,1.0,1.0,1.0,1.0,1.0,1.0
647.0,1.0,21.503658280222073,20.25394334752383,18.674072249698536,18.313347170137682,18.62523147329436,18.613772060755906,18.868149583391254,17.222514016160805,16.233651465663804,15.298553469920309,1.0,1.0,1.0,1.0,1.0,1.0,1.0,1.0,1.0,1.0
647.25,2.0,0.0,0.0,0.0,0.0,0.0,0.0,0.0,0.0,0.0,0.0,0.0,0.0,0.0,0.0,0.0,0.0,0.0,0.0,0.0,0.0
647.5,3.0,21.036828311645692,20.313572937002583,18.550501299209845,16.771306782496286,16.594459168632945,15.495240131577228,14.995341481218697,14.984728521196429,13.792859460479185,13.038231569249556,1.0,1.0,1.0,1.0,1.0,1.0,1.0,1.0,1.0,1.0
647.75,4.0,18.63236271239936,20.1390034960882,19.130215784660376,19.390067986687583,18.467703803279605,18.5007511914602,18.397742846626173,18.74095009623785,18.69783351237522,18.485658179370176,1.0,1.0,1.0,1.0,1.0,1.0,1.0,1.0,1.0,1.0
648.0,1.0,0.0,0.0,0.0,0.0,0.0,0.0,0.0,0.0,0.0,0.0,0.0,0.0,0.0,0.0,0.0,0.0,0.0,0.0,0.0,0.0
648.25,2.0,19.97600328176463,19.23452032166252,19.215864429415284,18.419134317553368,17.33981477696303,17.17646688060319,17.90302793740325,17.90363779631219,17.05110160098884,16.678913960226833,1.0,1.0,1.0,1.0,1.0,1.0,1.0,1.0,1.0,1.0
648.5,3.0,0.0,0.0,0.0,0.0,0.0,0.0,0.0,0.0,0.0,0.0,0.0,0.0,0.0,0.0,0.0,0.0,0.0,0.0,0.0,0.0
648.75,4.0,0.0,0.0,0.0,0.0,0.0,0.0,0.0,0.0,0.0,0.0,0.0,0.0,0.0,0.0,0.0,0.0,0.0,0.0,0.0,0.0
649.0,1.0,20.53307012898666,19.11885895937148,18.01589465736176,17.68622755890634,17.32536525459173,16.9360726113419,16.5376863788358,16.086526550231515,16.76157389295152,16.344758369339647,1.0,1.0,1.0,1.0,1.0,1.0,1.0,1.0,1.0,1.0
649.25,2.0,21.185172261864768,19.119899678783213,18.56776837430891,17.319096464850585,17.72715753267846,18.095014408701,17.13419553885455,17.074765889403874,16.251970863725102,16.581450755304573,1.0,1.0,1.0,1.0,1.0,1.0,1.0,1.0,1.0,1.0
649.5,3.0,19.65315811511347,19.372921403412217,18.117764001667442,17.148175968985182,16.16835769012656,15.215286886840962,13.891371846219688,13.62063610044028,13.56388981974616,14.087122248298082,1.0,1.0,1.0,1.0,1.0,1.0,1.0,1.0,1.0,1.0
649.75,4.0,19.52118901264012,19.19057499812855,17.42612632733283,17.218118263629755,18.140112779253638,19.084362604686646,17.662992463860515,16.54331762277813,16.55058063276527,16.73197028353429,1.0,1.0,1.0,1.0,1.0,1.0,1.0,1.0,1.0,1.0
650.0,1.0,20.69213675421416,18.54430037082175,18.079703722577523,17.607336404002986,16.687177917107135,16.86695925574522,17.284568792354552,16.878347789085193,17.760017513976294,16.982390840074245,1.0,1.0,1.0,1.0,1.0,1.0,1.0,1.0,1.0,1.0
650.25,2.0,0.0,0.0,0.0,0.0,0.0,0.0,0.0,0.0,0.0,0.0,0.0,0.0,0.0,0.0,0.0,0.0,0.0,0.0,0.0,0.0
650.5,3.0,19.369573603621944,19.438105149188203,17.768379042478497,15.193669758221644,15.585158423251041,15.959974198366103,15.168713839008683,15.310866752009717,15.258734370364056,14.678165170024144,1.0,1.0,1.0,1.0,1.0,1.0,1.0,1.0,1.0,1.0
650.75,4.0,19.44133546198271,19.24378755296426,16.91109450444256,16.752529598769055,18.142562909539194,18.58223185745092,17.39737442430986,16.024742688068972,16.755357378139585,18.100798504000867,1.0,1.0,1.0,1.0,1.0,1.0,1.0,1.0,1.0,1.0
651.0,1.0,20.32675296841725,19.267158048320017,18.60191455865983,17.32865026830117,17.25479941044417,18.282551137654586,18.618958834507325,17.665544919015538,16.62679938939349,16.936249989865626,1.0,1.0,1.0,1.0,1.0,1.0,1.0,1.0,1.0,1.0
651.25,2.0,19.869394137503985,19.86664052455877,18.71477471575881,17.569668629483143,17.928000924204632,16.695836906624432,16.390885193996418,16.218709636430972,16.006352546918933,16.21444279629875,1.0,1.0,1.0,1.0,1.0,1.0,1.0,1.0,1.0,1.0
651.5,3.0,0.0,0.0,0.0,0.0,0.0,0.0,0.0,0.0,0.0,0.0,0.0,0.0,0.0,0.0,0.0,0.0,0.0,0.0,0.0,0.0
651.75,4.0,18.731466770618233,18.252312262116167,16.60657256943492,17.50356275013148,18.64210473861693,18.253489067479155,17.54299195883665,16.47169141191266,18.10213626969484,18.114125213237507,1.0,1.0,1.0,1.0,1.0,1.0,1.0,1.0,1.0,1.0
652.0,1.0,20.167279056120194,18.75333930731546,17.689077796515168,17.16923335590192,18.565733238321318,18.874101079047854,17.882837748625047,16.84959078750697,16.63684236428835,16.477822319246563,1.0,1.0,1.0,1.0,1.0,1.0,1.0,1.0,1.0,1.0
652.25,2.0,0.0,0.0,0.0,0.0,0.0,0.0,0.0,0.0,0.0,0.0,0.0,0.0,0.0,0.0,0.0,0.0,0.0,0.0,0.0,0.0
652.5,3.0,18.429186371430717,18.727845693490057,16.80065686898494,14.582718906140045,16.691875487287653,16.46148938710366,16.27104752173304,15.51372735840192,15.770858486474028,15.263802455337457,1.0,1.0,1.0,1.0,1.0,1.0,1.0,1.0,1.0,1.0
652.75,4.0,17.795661790178677,17.64470755635616,17.916250328227125,18.221957652771724,17.452735568877692,17.911936606660237,17.703352650707604,17.4117694393084,18.168725258102764,17.893336745750858,1.0,1.0,1.0,1.0,1.0,1.0,1.0,1.0,1.0,1.0
653.0,1.0,0.0,0.0,0.0,0.0,0.0,0.0,0.0,0.0,0.0,0.0,0.0,0.0,0.0,0.0,0.0,0.0,0.0,0.0,0.0,0.0
653.25,2.0,0.0,0.0,0.0,0.0,0.0,0.0,0.0,0.0,0.0,0.0,0.0,0.0,0.0,0.0,0.0,0.0,0.0,0.0,0.0,0.0
653.5,3.0,17.84653886314429,17.040827025208788,16.281844708874168,15.2366787891341,16.700875408360126,17.519503403965754,16.72217540749173,16.28162070206297,15.459158061031987,15.967849917655663,1.0,1.0,1.0,1.0,1.0,1.0,1.0,1.0,1.0,1.0
653.75,4.0,0.0,0.0,0.0,0.0,0.0,0.0,0.0,0.0,0.0,0.0,0.0,0.0,0.0,0.0,0.0,0.0,0.0,0.0,0.0,0.0
654.0,1.0,17.556958487554116,17.62795639054257,17.671489398488433,16.825693840252516,17.146550510121543,17.256391664383237,17.140495093225812,17.382180095206667,18.117121533275856,17.77688322226222,1.0,1.0,1.0,1.0,1.0,1.0,1.0,1.0,1.0,1.0
654.25,2.0,15.886867114630201,17.216625563934347,18.67707544361651,18.325960873766338,18.86284466061476,17.49594083769275,17.050355885500817,16.931343387543624,17.40058319527634,17.3519856930739,1.0,1.0,1.0,1.0,1.0,1.0,1.0,1.0,1.0,1.0
654.5,3.0,0.0,0.0,0.0,0.0,0.0,0.0,0.0,0.0,0.0,0.0,0.0,0.0,0.0,0.0,0.0,0.0,0.0,0.0,0.0,0.0
654.75,4.0,18.03798406777761,17.217957463006055,17.482383599296583,16.887291124794235,14.99796006511745,16.88132783239228,16.32566206610115,16.126386865085603,15.400958173323223,16.68368368245445,1.0,1.0,1.0,1.0,1.0,1.0,1.0,1.0,1.0,1.0
655.0,1.0,16.635930004544765,16.652523920095,16.897101205671216,15.897818552096728,16.937795659149504,17.456493073102216,18.106765141426532,17.811533033178666,18.124317823820096,17.441447167077676,1.0,1.0,1.0,1.0,1.0,1.0,1.0,1.0,1.0,1.0
655.25,2.0,0.0,0.0,0.0,0.0,0.0,0.0,0.0,0.0,0.0,0.0,0.0,0.0,0.0,0.0,0.0,0.0,0.0,0.0,0.0,0.0
655.5,3.0,17.339506751349283,16.48908335801929,14.427300042209243,16.017212209366612,16.580580732183225,16.089378680939735,15.786894782123657,15.922986977401042,15.78257213906724,15.691378879840109,1.0,1.0,1.0,1.0,1.0,1.0,1.0,1.0,1.0,1.0
655.75,4.0,17.775346284784366,17.879126064627762,16.546577007673108,16.990164634972178,16.051353329352143,16.223796601010633,15.588637031327751,16.00975144158749,15.686473700180636,17.08046338235194,1.0,1.0,1.0,1.0,1.0,1.0,1.0,1.0,1.0,1.0
656.0,1.0,0.0,0.0,0.0,0.0,0.0,0.0,0.0,0.0,0.0,0.0,0.0,0.0,0.0,0.0,0.0,0.0,0.0,0.0,0.0,0.0
656.25,2.0,15.724423056571418,17.426071390919862,18.405378251638194,18.580716872646278,18.79586355512918,17.96815447346747,18.105189948300943,17.440978203184933,17.293608698767475,17.001555249398514,1.0,1.0,1.0,1.0,1.0,1.0,1.0,1.0,1.0,1.0
656.5,3.0,0.0,0.0,0.0,0.0,0.0,0.0,0.0,0.0,0.0,0.0,0.0,0.0,0.0,0.0,0.0,0.0,0.0,0.0,0.0,0.0
656.75,4.0,0.0,0.0,0.0,0.0,0.0,0.0,0.0,0.0,0.0,0.0,0.0,0.0,0.0,0.0,0.0,0.0,0.0,0.0,0.0,0.0
657.0,1.0,16.565808115248903,16.700610308143755,17.42859608280436,17.441918861025954,18.350064574419026,18.247058138746052,19.22261428465477,18.558500251061332,19.583523163872236,17.952003779771935,1.0,1.0,1.0,1.0,1.0,1.0,1.0,1.0,1.0,1.0
657.25,2.0,16.41430560072912,18.57093997387487,18.253811716167455,18.1121672410586,17.135181625798896,16.888007325559155,17.370320465796393,17.554624197622335,16.502093910326163,16.394474041181343,1.0,1.0,1.0,1.0,1.0,1.0,1.0,1.0,1.0,1.0
657.5,3.0,14.99946068931633,16.13292138118934,15.45662293601856,14.386197642957143,15.122304188492325,14.359544151764984,14.391674149023217,14.813473399065588,15.653688122421755,16.39883668305006,1.0,1.0,1.0,1.0,1.0,1.0,1.0,1.0,1.0,1.0
657.75,4.0,17.89168782095703,17.70232874027966,17.60350600959817,15.900892676686935,14.771341960207616,15.278399700298126,15.194071357282446,15.95115567155523,15.62314611688866,16.508179176783173,1.0,1.0,1.0,1.0,1.0,1.0,1.0,1.0,1.0,1.0
658.0,1.0,17.45328576709416,17.79240438624854,17.882306042009954,17.90994101145243,19.07196955413605,18.774400395966587,18.8352010016794,17.512053662296335,18.02418459791352,16.8331256704869,1.0,1.0,1.0,1.0,1.0,1.0,1.0,1.0,1.0,1.0
658.25,2.0,0.0,0.0,0.0,0.0,0.0,0.0,0.0,0.0,0.0,0.0,0.0,0.0,0.0,0.0,0.0,0.0,0.0,0.0,0.0,0.0
658.5,3.0,14.677173610808792,14.798278730965727,14.311262614459528,13.248977410772714,15.133934662579328,14.913022589917162,15.288398485842622,15.64795449947576,16.28738838535025,16.280553966673963,1.0,1.0,1.0,1.0,1.0,1.0,1.0,1.0,1.0,1.0
658.75,4.0,18.163733200876056,18.201513135081445,16.70012136355718,15.209601429887735,14.13172931490532,15.300754829743477,15.169775129910946,15.757042617830873,13.98409904976264,15.486287763538211,1.0,1.0,1.0,1.0,1.0,1.0,1.0,1.0,1.0,1.0
659.0,1.0,17.576687227780415,16.706664520089088,17.25283027778445,17.845750082527033,19.70761782381177,18.538951423203834,18.285286942490657,17.758956666437452,17.488524343290443,15.621710245250789,1.0,1.0,1.0,1.0,1.0,1.0,1.0,1.0,1.0,1.0
659.25,2.0,18.36602225349616,18.139935881647354,16.44345803687252,16.421932417204943,15.940256516792747,15.404141457067356,16.243146497207437,16.26205599245585,16.06560614802768,15.593548291225636,1.0,1.0,1.0,1.0,1.0,1.0,1.0,1.0,1.0,1.0
659.5,3.0,0.0,0.0,0.0,0.0,0.0,0.0,0.0,0.0,0.0,0.0,0.0,0.0,0.0,0.0,0.0,0.0,0.0,0.0,0.0,0.0
659.75,4.0,17.377584848976582,16.86898157378092,15.108435158128144,13.769991154174875,15.565735146661218,15.360697807414516,15.627707163572756,14.371005235019096,12.99697869149113,13.787508363236672,1.0,1.0,1.0,1.0,1.0,1.0,1.0,1.0,1.0,1.0
