time,beamID,lineOfSightWindSpeed1,lineOfSightWindSpeed2,lineOfSightWindSpeed3,lineOfSightWindSpeed4,lineOfSightWindSpeed5,lineOfSightWindSpeed6,lineOfSightWindSpeed7,lineOfSightWindSpeed8,lineOfSightWindSpeed9,lineOfSightWindSpeed10,isValid1,isValid2,isValid3,isValid4,isValid5,isValid6,isValid7,isValid8,isValid9,isValid10
0.0,1.0,15.555235092629136,14.649618478390112,15.534698973851224,17.21877998263379,17.224349259726285,16.824576139648318,15.569222120149707,16.012290400293786,16.421907577881374,16.096182212965065,1.0,1.0,1.0,1.0,1.0,1.0,1.0,1.0,1.0,1.0
0.25,2.0,15.833972185670145,16.655679309882803,16.75991436317374,15.33396716506184,14.115624648879837,14.48671955341051,15.475669868497572,15.886004479179118,16.462147209359554,17.540151659013656,1.0,1.0,1.0,1.0,1.0,1.0,1.0,1.0,1.0,1.0
0.5,3.0,0.0,0.0,0.0,0.0,0.0,0.0,0.0,0.0,0.0,0.0,0.0,0.0,0.0,0.0,0.0,0.0,0.0,0.0,0.0,0.0
0.75,4.0,15.788779258520282,14.873083000573033,16.48216894244462,18.522776956483202,18.982102333652143,18.341311964243513,17.211888931973235,17.06833801601687,17.339245915185877,18.335747836397005,1.0,1.0,1.0,1.0,1.0,1.0,1.0,1.0,1.0,1.0
1.0,1.0,16.489631190447195,15.753966047461827,17.0416641148509,17.243934196091388,16.296922132897997,16.832917339667098,15.756965352736467,15.868767078960673,17.117292250023024,16.631073497981035,1.0,1.0,1.0,1.0,1.0,1.0,1.0,1.0,1.0,1.0
1.25,2.0,17.228188420183685,17.75997670021214,16.558517537595595,14.34678285207552,14.757876919654292,16.091244176341196,16.480889679823356,16.80541344233817,16.835636271355916,17.338760039330413,1.0,1.0,1.0,1.0,1.0,1.0,1.0,1.0,1.0,1.0
1.5,3.0,17.417247886425987,17.1878248076892,16.506717061600618,15.752229424301,14.468368858052168,15.489616055401786,15.748782434032035,15.102512941167957,14.852735740429825,15.92914940483587,1.0,1.0,1.0,1.0,1.0,1.0,1.0,1.0,1.0,1.0
1.75,4.0,16.502259644531538,15.52965176998637,16.58969198481301,18.50499291572049,17.56764820032075,18.442283087935092,17.963822093826572,18.54802064164311,19.584911048381613,19.46138474900139,1.0,1.0,1.0,1.0,1.0,1.0,1.0,1.0,1.0,1.0
2.0,1.0,0.0,0.0,0.0,0.0,0.0,0.0,0.0,0.0,0.0,0.0,0.0,0.0,0.0,0.0,0.0,0.0,0.0,0.0,0.0,0.0
2.25,2.0,0.0,0.0,0.0,0.0,0.0,0.0,0.0,0.0,0.0,0.0,0.0,0.0,0.0,0.0,0.0,0.0,0.0,0.0,0.0,0.0
2.5,3.0,17.619483270458957,17.302228744529405,15.742574293562013,15.746824064558146,15.376445455619264,15.654446724123089,15.551108967820463,15.342204508445517,15.316571234846995,16.533558342734487,1.0,1.0,1.0,1.0,1.0,1.0,1.0,1.0,1.0,1.0
2.75,4.0,0.0,0.0,0.0,0.0,0.0,0.0,0.0,0.0,0.0,0.0,0.0,0.0,0.0,0.0,0.0,0.0,0.0,0.0,0.0,0.0
3.0,1.0,16.13292613430078,17.2152556954696,16.870506870902208,18.070909800993256,17.11323212309773,16.372857474047223,15.926092840428048,16.662808857809118,16.588262984079364,16.579059652172845,1.0,1.0,1.0,1.0,1.0,1.0,1.0,1.0,1.0,1.0
3.25,2.0,17.563777072630703,15.389620175778887,15.117149052744548,16.025599161617812,16.13176901554557,16.638587549135913,16.978059454925596,16.996388746503317,16.589680500988248,17.012335954667044,1.0,1.0,1.0,1.0,1.0,1.0,1.0,1.0,1.0,1.0
3.5,3.0,0.0,0.0,0.0,0.0,0.0,0.0,0.0,0.0,0.0,0.0,0.0,0.0,0.0,0.0,0.0,0.0,0.0,0.0,0.0,0.0
3.75,4.0,17.225158747217137,16.02882208529641,14.979786029359483,16.17851802522134,18.726628451745693,19.081495592010583,19.3881244407374,18.19017054421548,18.466708600755307,18.404314473782716,1.0,1.0,1.0,1.0,1.0,1.0,1.0,1.0,1.0,1.0
4.0,1.0,14.228187774264843,16.673610388016385,16.858099580035244,18.449307419989374,16.960645265230422,16.25960191320543,16.266775233794153,17.41149865208683,18.030026867655206,17.909520299851287,1.0,1.0,1.0,1.0,1.0,1.0,1.0,1.0,1.0,1.0
4.25,2.0,0.0,0.0,0.0,0.0,0.0,0.0,0.0,0.0,0.0,0.0,0.0,0.0,0.0,0.0,0.0,0.0,0.0,0.0,0.0,0.0
4.5,3.0,16.0245909596327,14.710480633138696,15.096901835963576,15.80467997740246,14.080728260888502,14.515781338819766,16.15513882277046,16.534042009589815,16.74155581167946,17.44287566153704,1.0,1.0,1.0,1.0,1.0,1.0,1.0,1.0,1.0,1.0
4.75,4.0,16.948456664710783,15.085566914632174,13.821828448560474,15.757074133379305,19.47713163049865,20.219882393928774,18.896632620446937,18.905146397992805,18.739268357724608,19.06159925339837,1.0,1.0,1.0,1.0,1.0,1.0,1.0,1.0,1.0,1.0
5.0,1.0,0.0,0.0,0.0,0.0,0.0,0.0,0.0,0.0,0.0,0.0,0.0,0.0,0.0,0.0,0.0,0.0,0.0,0.0,0.0,0.0
5.25,2.0,17.87459521248242,16.599699358943756,15.574142925149312,14.7881030879733,16.236297568849224,15.382308130064429,15.128093506755205,16.02909323537585,16.20572993183571,15.630474972077804,1.0,1.0,1.0,1.0,1.0,1.0,1.0,1.0,1.0,1.0
5.5,3.0,0.0,0.0,0.0,0.0,0.0,0.0,0.0,0.0,0.0,0.0,0.0,0.0,0.0,0.0,0.0,0.0,0.0,0.0,0.0,0.0
5.75,4.0,0.0,0.0,0.0,0.0,0.0,0.0,0.0,0.0,0.0,0.0,0.0,0.0,0.0,0.0,0.0,0.0,0.0,0.0,0.0,0.0
6.0,1.0,15.96836081263679,17.279200911911104,15.984274470550297,16.465068274703647,16.939647523039202,16.512613320309583,17.48019491697285,18.322375911428033,18.66407182965382,18.978467173716336,1.0,1.0,1.0,1.0,1.0,1.0,1.0,1.0,1.0,1.0
6.25,2.0,16.498647453792866,15.293230760700498,14.859988707290029,16.028388990665338,14.580565191037248,13.876073078131766,13.858169992381821,14.844041311473159,14.382654741223426,14.958926020312795,1.0,1.0,1.0,1.0,1.0,1.0,1.0,1.0,1.0,1.0
6.5,3.0,0.0,0.0,0.0,0.0,0.0,0.0,0.0,0.0,0.0,0.0,0.0,0.0,0.0,0.0,0.0,0.0,0.0,0.0,0.0,0.0
6.75,4.0,15.77233500913094,15.378465352534173,15.265053343150697,17.874963253302315,18.145049038541647,19.292395472604703,19.10816168120777,19.509547359712762,19.48643143743103,19.125227891878133,1.0,1.0,1.0,1.0,1.0,1.0,1.0,1.0,1.0,1.0
7.0,1.0,16.10621043093332,16.32576436612861,16.53708075901104,17.65508239405835,18.571590057521956,18.1608157866956,19.44226630388119,19.49896232133906,19.789294343146338,19.613212428539544,1.0,1.0,1.0,1.0,1.0,1.0,1.0,1.0,1.0,1.0
7.25,2.0,0.0,0.0,0.0,0.0,0.0,0.0,0.0,0.0,0.0,0.0,0.0,0.0,0.0,0.0,0.0,0.0,0.0,0.0,0.0,0.0
7.5,3.0,17.23802865291392,16.063896673068434,16.484649080957634,17.194641788237735,17.49091353309924,18.173666917775765,18.882753995170614,18.770044144318636,17.720356570398256,17.050304870173143,1.0,1.0,1.0,1.0,1.0,1.0,1.0,1.0,1.0,1.0
7.75,4.0,16.796428012316813,17.513411145039605,17.239610860426733,18.0353614460295,17.660911112603323,18.039458082560753,18.65966060156274,19.398666881451078,19.36444293406707,19.565047313734954,1.0,1.0,1.0,1.0,1.0,1.0,1.0,1.0,1.0,1.0
8.0,1.0,14.246790323317208,15.492222739857727,16.76596526500927,17.195068900529293,19.29233588943522,19.185091197352474,19.92128277337482,19.349182063924946,20.444829667908262,20.50740682482449,1.0,1.0,1.0,1.0,1.0,1.0,1.0,1.0,1.0,1.0
8.25,2.0,15.352660354534176,16.80403344432581,15.560997932382879,15.685933987941839,13.886163233168046,14.908433449053623,14.465821797150571,14.824925560509595,14.532538209223084,14.872164788751725,1.0,1.0,1.0,1.0,1.0,1.0,1.0,1.0,1.0,1.0
8.5,3.0,0.0,0.0,0.0,0.0,0.0,0.0,0.0,0.0,0.0,0.0,0.0,0.0,0.0,0.0,0.0,0.0,0.0,0.0,0.0,0.0
8.75,4.0,17.458792222902314,17.513889855741432,16.9380668230346,18.193198830149505,17.328109671473317,18.106640889257992,19.46962717636184,19.98750735190475,19.17111871420326,19.367072192312058,1.0,1.0,1.0,1.0,1.0,1.0,1.0,1.0,1.0,1.0
9.0,1.0,13.889634727992245,16.21268558631968,16.549363606389633,17.475335547782326,19.802408281848063,18.864742533263495,20.07298701059188,20.27731340915108,21.056666433064237,21.22855389844088,1.0,1.0,1.0,1.0,1.0,1.0,1.0,1.0,1.0,1.0
9.25,2.0,0.0,0.0,0.0,0.0,0.0,0.0,0.0,0.0,0.0,0.0,0.0,0.0,0.0,0.0,0.0,0.0,0.0,0.0,0.0,0.0
9.5,3.0,16.87846580794252,16.58818053430198,17.18833810777683,17.984599248123406,18.418283318049046,19.641817573671887,19.090019681378028,17.410215489935023,16.693107095667788,15.398793718824722,1.0,1.0,1.0,1.0,1.0,1.0,1.0,1.0,1.0,1.0
9.75,4.0,17.60454842356421,17.47140977246394,17.90422231175884,18.62469335788731,18.15241585627448,19.75139306668525,20.275793535779403,19.369880862648976,18.678385275831143,19.745242660484333,1.0,1.0,1.0,1.0,1.0,1.0,1.0,1.0,1.0,1.0
10.0,1.0,0.0,0.0,0.0,0.0,0.0,0.0,0.0,0.0,0.0,0.0,0.0,0.0,0.0,0.0,0.0,0.0,0.0,0.0,0.0,0.0
10.25,2.0,0.0,0.0,0.0,0.0,0.0,0.0,0.0,0.0,0.0,0.0,0.0,0.0,0.0,0.0,0.0,0.0,0.0,0.0,0.0,0.0
10.5,3.0,16.10216424220907,17.043272615366188,17.783916117852474,18.63336780064803,19.458035445476135,18.988853580089064,17.922424505877903,16.25945163836756,15.134785878212227,15.060806329505079,1.0,1.0,1.0,1.0,1.0,1.0,1.0,1.0,1.0,1.0
10.75,4.0,0.0,0.0,0.0,0.0,0.0,0.0,0.0,0.0,0.0,0.0,0.0,0.0,0.0,0.0,0.0,0.0,0.0,0.0,0.0,0.0
11.0,1.0,17.03072091774449,17.042109716879814,17.17228620395047,18.4855969697937,20.54901766637844,19.99479630181012,20.94668666084079,20.523787246180532,20.143745106666106,18.80899189798675,1.0,1.0,1.0,1.0,1.0,1.0,1.0,1.0,1.0,1.0
11.25,2.0,17.16667301322579,17.56841310453935,17.003189203944704,16.220785780139373,14.661419169175122,15.6104098079572,16.0228120905972,17.919335850800117,17.841774252427452,19.077755762910638,1.0,1.0,1.0,1.0,1.0,1.0,1.0,1.0,1.0,1.0
11.5,3.0,0.0,0.0,0.0,0.0,0.0,0.0,0.0,0.0,0.0,0.0,0.0,0.0,0.0,0.0,0.0,0.0,0.0,0.0,0.0,0.0
11.75,4.0,17.342059663263072,16.556797454959337,17.551836741263823,19.34337961795469,18.903206835698825,19.324856533596805,19.791013443640434,19.96928532540241,20.26670990696477,20.45488003201092,1.0,1.0,1.0,1.0,1.0,1.0,1.0,1.0,1.0,1.0
12.0,1.0,17.664088701367437,18.281241376879066,18.631130533181462,18.898260431862635,20.725116690813135,19.47256842904301,19.516870136063087,18.76945265615553,18.451910846715144,17.650589317207857,1.0,1.0,1.0,1.0,1.0,1.0,1.0,1.0,1.0,1.0
12.25,2.0,0.0,0.0,0.0,0.0,0.0,0.0,0.0,0.0,0.0,0.0,0.0,0.0,0.0,0.0,0.0,0.0,0.0,0.0,0.0,0.0
12.5,3.0,17.935100057606974,17.816506628007637,19.167460990399345,19.681333352116845,17.177171364760987,16.54619668283328,16.487949167741714,15.29120849917419,13.355985669428232,12.518547006101437,1.0,1.0,1.0,1.0,1.0,1.0,1.0,1.0,1.0,1.0
12.75,4.0,17.303122022077492,17.384809315410855,18.75376368800517,19.810555545660925,18.83543704207463,19.331006940184114,19.726658109370526,20.078947926635937,19.566339690535106,20.049818758107016,1.0,1.0,1.0,1.0,1.0,1.0,1.0,1.0,1.0,1.0
13.0,1.0,0.0,0.0,0.0,0.0,0.0,0.0,0.0,0.0,0.0,0.0,0.0,0.0,0.0,0.0,0.0,0.0,0.0,0.0,0.0,0.0
13.25,2.0,17.989416965988426,18.424426709624925,17.039353198565355,16.27921113121682,15.992115732876426,17.68656311211624,18.167194547142415,19.172697885998943,19.7644774638923,20.098040434509247,1.0,1.0,1.0,1.0,1.0,1.0,1.0,1.0,1.0,1.0
13.5,3.0,0.0,0.0,0.0,0.0,0.0,0.0,0.0,0.0,0.0,0.0,0.0,0.0,0.0,0.0,0.0,0.0,0.0,0.0,0.0,0.0
13.75,4.0,0.0,0.0,0.0,0.0,0.0,0.0,0.0,0.0,0.0,0.0,0.0,0.0,0.0,0.0,0.0,0.0,0.0,0.0,0.0,0.0
14.0,1.0,18.171015713122227,18.001113207110997,17.81850644908505,19.224766760559252,17.66487596988991,16.76886094717352,17.144506474157872,16.973062448113804,17.536347446421853,17.85541512122012,1.0,1.0,1.0,1.0,1.0,1.0,1.0,1.0,1.0,1.0
14.25,2.0,18.93733358267819,19.16133924078949,16.749835727403315,16.258259995519474,17.063881309793487,18.68829110174794,18.347389942404924,18.61247816351709,19.75441342791224,20.101145025578138,1.0,1.0,1.0,1.0,1.0,1.0,1.0,1.0,1.0,1.0
14.5,3.0,0.0,0.0,0.0,0.0,0.0,0.0,0.0,0.0,0.0,0.0,0.0,0.0,0.0,0.0,0.0,0.0,0.0,0.0,0.0,0.0
14.75,4.0,20.247131988465963,18.332724290723405,18.520627731969412,19.255317197711967,18.774685968580545,18.83779116818509,19.12778410542213,19.467843997671004,19.840747890432233,21.228527918875624,1.0,1.0,1.0,1.0,1.0,1.0,1.0,1.0,1.0,1.0
15.0,1.0,18.214651293574,17.71826910128132,18.052516387165586,18.756746973036176,17.72466228268186,17.987479062253914,18.928443023950027,19.110177117391142,18.5707601190967,18.142355761142337,1.0,1.0,1.0,1.0,1.0,1.0,1.0,1.0,1.0,1.0
15.25,2.0,0.0,0.0,0.0,0.0,0.0,0.0,0.0,0.0,0.0,0.0,0.0,0.0,0.0,0.0,0.0,0.0,0.0,0.0,0.0,0.0
15.5,3.0,19.64199541658631,20.56041681824282,17.212875970913323,15.482464988652493,14.98106194397606,15.255362688739345,14.54638477031837,14.445365209806123,15.508204128207455,15.548159611523815,1.0,1.0,1.0,1.0,1.0,1.0,1.0,1.0,1.0,1.0
15.75,4.0,19.505768771660225,17.95436280742599,17.689803887870692,17.784445076606442,18.3058683666967,18.622119588852428,19.236716065740772,20.231024702947913,21.50590806996358,22.848854853253652,1.0,1.0,1.0,1.0,1.0,1.0,1.0,1.0,1.0,1.0
16.0,1.0,17.87307116992282,18.235772240882156,17.956528723558478,18.949164607242146,18.75803958640696,19.422834230549338,19.276468350323725,18.72943540908412,18.518081212117412,19.10678661587138,1.0,1.0,1.0,1.0,1.0,1.0,1.0,1.0,1.0,1.0
16.25,2.0,19.13163677760833,18.72731219007765,16.938564108455502,17.053131571844148,17.383395777412428,18.458382871303712,17.762391107524866,18.18108248743779,19.27265068762585,19.200682539080248,1.0,1.0,1.0,1.0,1.0,1.0,1.0,1.0,1.0,1.0
16.5,3.0,0.0,0.0,0.0,0.0,0.0,0.0,0.0,0.0,0.0,0.0,0.0,0.0,0.0,0.0,0.0,0.0,0.0,0.0,0.0,0.0
16.75,4.0,17.995808773214794,18.557167962090833,17.41570496221006,17.42799301758962,18.156201887955675,18.596484315739094,19.97243722416306,19.151814254616372,19.737820464366894,21.683555053027426,1.0,1.0,1.0,1.0,1.0,1.0,1.0,1.0,1.0,1.0
17.0,1.0,18.335275769038123,18.251144160572526,18.67771329218049,18.05679645662747,19.12177139110318,18.000370944821338,18.858672795136794,18.787984002834325,18.85427506316447,19.052228910111054,1.0,1.0,1.0,1.0,1.0,1.0,1.0,1.0,1.0,1.0
17.25,2.0,0.0,0.0,0.0,0.0,0.0,0.0,0.0,0.0,0.0,0.0,0.0,0.0,0.0,0.0,0.0,0.0,0.0,0.0,0.0,0.0
17.5,3.0,17.771470690932983,17.221074633191794,14.975644806008088,13.878109794162294,14.692252486923241,15.473254502997476,15.318050267591692,16.622243374109683,16.53318820504815,16.967074672946715,1.0,1.0,1.0,1.0,1.0,1.0,1.0,1.0,1.0,1.0
17.75,4.0,17.832531422580875,18.24232831258698,17.614539353694354,18.20482742643161,18.12904774161339,18.696628191893698,19.94092850024846,19.508240756334345,20.777315880458897,21.12544250848458,1.0,1.0,1.0,1.0,1.0,1.0,1.0,1.0,1.0,1.0
18.0,1.0,0.0,0.0,0.0,0.0,0.0,0.0,0.0,0.0,0.0,0.0,0.0,0.0,0.0,0.0,0.0,0.0,0.0,0.0,0.0,0.0
18.25,2.0,0.0,0.0,0.0,0.0,0.0,0.0,0.0,0.0,0.0,0.0,0.0,0.0,0.0,0.0,0.0,0.0,0.0,0.0,0.0,0.0
18.5,3.0,17.748488849517823,17.794213000083303,15.402457532835712,14.383437659767768,15.189042972095695,15.994822498951695,15.947552171582966,16.679060687697763,17.30002874257066,17.377574793058713,1.0,1.0,1.0,1.0,1.0,1.0,1.0,1.0,1.0,1.0
18.75,4.0,0.0,0.0,0.0,0.0,0.0,0.0,0.0,0.0,0.0,0.0,0.0,0.0,0.0,0.0,0.0,0.0,0.0,0.0,0.0,0.0
19.0,1.0,17.846301454503234,18.530604876622338,18.753154075987393,19.316136426530214,20.732424372568506,19.64483642156489,20.05668562048418,18.875306483881293,18.142298750796446,17.535503034177523,1.0,1.0,1.0,1.0,1.0,1.0,1.0,1.0,1.0,1.0
19.25,2.0,19.707065844972522,20.571277361955932,19.852662024577434,17.851421918478795,17.096119472289892,17.912985648851762,16.76845258531686,17.72078507336385,17.312162522760918,17.247238025126745,1.0,1.0,1.0,1.0,1.0,1.0,1.0,1.0,1.0,1.0
19.5,3.0,0.0,0.0,0.0,0.0,0.0,0.0,0.0,0.0,0.0,0.0,0.0,0.0,0.0,0.0,0.0,0.0,0.0,0.0,0.0,0.0
19.75,4.0,16.435112797557366,16.993212398587918,16.42029669818035,16.75571720225554,16.877130721691863,18.37056508002906,19.595521843823654,20.66761961136352,20.800426303011424,20.448039214608084,1.0,1.0,1.0,1.0,1.0,1.0,1.0,1.0,1.0,1.0
20.0,1.0,17.574114872634325,18.53536407956873,19.129556957267162,19.315586693822148,19.32532407083873,18.161373311472566,17.54714111544738,16.924702476837744,16.167528490178718,17.00132400027545,1.0,1.0,1.0,1.0,1.0,1.0,1.0,1.0,1.0,1.0
20.25,2.0,0.0,0.0,0.0,0.0,0.0,0.0,0.0,0.0,0.0,0.0,0.0,0.0,0.0,0.0,0.0,0.0,0.0,0.0,0.0,0.0
20.5,3.0,18.68680957933079,16.92700808682494,15.432525252466892,14.817929419676439,13.807662019057382,16.20024850111916,16.926075278187287,16.90319532598287,16.06967859451918,16.446067592007505,1.0,1.0,1.0,1.0,1.0,1.0,1.0,1.0,1.0,1.0
20.75,4.0,16.173262758043844,16.70500826274643,16.145116248709197,16.181146039534582,18.38819684874565,19.900786398934716,21.41254883896106,20.901528974638456,20.902922335522227,19.974184906262007,1.0,1.0,1.0,1.0,1.0,1.0,1.0,1.0,1.0,1.0
21.0,1.0,0.0,0.0,0.0,0.0,0.0,0.0,0.0,0.0,0.0,0.0,0.0,0.0,0.0,0.0,0.0,0.0,0.0,0.0,0.0,0.0
21.25,2.0,17.670832510574225,17.08380517262012,16.321110758854367,15.518287384093805,15.896339889860146,17.478107552567426,15.957051472970441,15.145539016390723,14.782808062785177,14.11695048050606,1.0,1.0,1.0,1.0,1.0,1.0,1.0,1.0,1.0,1.0
21.5,3.0,0.0,0.0,0.0,0.0,0.0,0.0,0.0,0.0,0.0,0.0,0.0,0.0,0.0,0.0,0.0,0.0,0.0,0.0,0.0,0.0
21.75,4.0,0.0,0.0,0.0,0.0,0.0,0.0,0.0,0.0,0.0,0.0,0.0,0.0,0.0,0.0,0.0,0.0,0.0,0.0,0.0,0.0
22.0,1.0,18.216486076754343,16.485699703520098,15.565860093190311,14.854223277806586,15.106207612705028,15.628839364772404,16.122280276660828,16.128789274155174,16.715184541775926,16.99998160065934,1.0,1.0,1.0,1.0,1.0,1.0,1.0,1.0,1.0,1.0
22.25,2.0,17.182966738454734,17.736667800197992,16.14694221566905,14.846038361924569,14.718869456932275,15.352816699483096,14.004591353411104,13.549264344598624,13.753239776365852,12.89257334885767,1.0,1.0,1.0,1.0,1.0,1.0,1.0,1.0,1.0,1.0
22.5,3.0,17.03760278569055,16.38179785348855,14.617448431798744,15.048675733252617,15.607762069436406,16.613031529413096,17.23557305504968,17.97660650741064,17.082886701826265,17.969942793489604,1.0,1.0,1.0,1.0,1.0,1.0,1.0,1.0,1.0,1.0
22.75,4.0,15.556645735572546,14.980510385940132,17.34378001364266,19.257404897411455,20.503467559308522,21.358038135780443,20.95399151556703,19.610420212070323,19.617254431122973,19.229094348650936,1.0,1.0,1.0,1.0,1.0,1.0,1.0,1.0,1.0,1.0
23.0,1.0,16.093674971945095,14.552743501088171,13.180319427183159,14.48294480841128,14.361468777989504,14.919978376805327,15.883451185003922,16.646887535133715,16.981047853119144,17.595700914783706,1.0,1.0,1.0,1.0,1.0,1.0,1.0,1.0,1.0,1.0
23.25,2.0,0.0,0.0,0.0,0.0,0.0,0.0,0.0,0.0,0.0,0.0,0.0,0.0,0.0,0.0,0.0,0.0,0.0,0.0,0.0,0.0
23.5,3.0,16.909493504859295,16.025604286769227,15.665087100574508,15.395627475614795,16.715772752079612,17.67931332664654,18.567532559457,18.57806287675953,18.555850478812495,18.69307337945327,1.0,1.0,1.0,1.0,1.0,1.0,1.0,1.0,1.0,1.0
23.75,4.0,14.179284867541499,15.20358164954549,18.357542314581732,20.12849163133072,20.173424609752775,20.128956723667066,19.969669774679453,19.194247811184283,18.705036069841963,18.652274929396786,1.0,1.0,1.0,1.0,1.0,1.0,1.0,1.0,1.0,1.0
24.0,1.0,14.331505672246703,12.602848225013869,11.391929987754345,12.47809534502489,13.940132818555362,15.190134044181386,17.076959982185745,18.345878839398296,17.68967064742066,17.687862983276997,1.0,1.0,1.0,1.0,1.0,1.0,1.0,1.0,1.0,1.0
24.25,2.0,15.880392817271016,15.712204907275005,15.60557220821137,13.775030092580783,13.022133075178289,14.180075327052363,13.518388719301766,13.411128530117441,13.749621808031494,13.878749226770553,1.0,1.0,1.0,1.0,1.0,1.0,1.0,1.0,1.0,1.0
24.5,3.0,0.0,0.0,0.0,0.0,0.0,0.0,0.0,0.0,0.0,0.0,0.0,0.0,0.0,0.0,0.0,0.0,0.0,0.0,0.0,0.0
24.75,4.0,16.173823792942336,17.88255005904282,19.6299718072547,19.162524561819506,18.358950064483714,18.154031979495013,19.383022939130427,19.192335002424464,19.36290708334451,19.375210573334453,1.0,1.0,1.0,1.0,1.0,1.0,1.0,1.0,1.0,1.0
25.0,1.0,12.870875830616855,11.67871062689793,10.846425989134724,13.151640910470954,13.854246951326623,15.141020918517619,16.523488446355515,17.32460764707326,17.30411593072561,17.630836760607497,1.0,1.0,1.0,1.0,1.0,1.0,1.0,1.0,1.0,1.0
25.25,2.0,0.0,0.0,0.0,0.0,0.0,0.0,0.0,0.0,0.0,0.0,0.0,0.0,0.0,0.0,0.0,0.0,0.0,0.0,0.0,0.0
25.5,3.0,15.782712847722976,16.763917424083683,17.069628662261245,17.126734745297785,17.461594550152505,18.256614797974205,18.18603627759338,18.40658947551267,19.44348073960424,19.18791793746047,1.0,1.0,1.0,1.0,1.0,1.0,1.0,1.0,1.0,1.0
25.75,4.0,16.41428585310032,18.812795297520232,17.51358651636189,17.739029704713783,17.987425805759223,18.312901633308766,19.550154071636072,19.95028420850318,20.169318676593882,20.50263676456619,1.0,1.0,1.0,1.0,1.0,1.0,1.0,1.0,1.0,1.0
26.0,1.0,0.0,0.0,0.0,0.0,0.0,0.0,0.0,0.0,0.0,0.0,0.0,0.0,0.0,0.0,0.0,0.0,0.0,0.0,0.0,0.0
26.25,2.0,0.0,0.0,0.0,0.0,0.0,0.0,0.0,0.0,0.0,0.0,0.0,0.0,0.0,0.0,0.0,0.0,0.0,0.0,0.0,0.0
26.5,3.0,15.972042962436023,17.122959682229865,18.625492782295225,17.761941380626286,17.732076635721935,18.886083149768062,19.388533888951148,19.118893980812235,19.317200291736874,18.954138254794817,1.0,1.0,1.0,1.0,1.0,1.0,1.0,1.0,1.0,1.0
26.75,4.0,0.0,0.0,0.0,0.0,0.0,0.0,0.0,0.0,0.0,0.0,0.0,0.0,0.0,0.0,0.0,0.0,0.0,0.0,0.0,0.0
27.0,1.0,11.321578884720873,12.090037573758377,13.079897182694472,14.927802290870082,14.540643581252542,15.70293827643037,16.631037401561343,17.512453872980345,16.488237293373096,17.85665249770998,1.0,1.0,1.0,1.0,1.0,1.0,1.0,1.0,1.0,1.0
27.25,2.0,13.090904488232233,14.583684724819477,13.059521100532585,10.879051655471585,13.842082973928758,15.232739117662552,16.033479709983606,15.813784788660618,15.708502964528714,14.690603073331927,1.0,1.0,1.0,1.0,1.0,1.0,1.0,1.0,1.0,1.0
27.5,3.0,0.0,0.0,0.0,0.0,0.0,0.0,0.0,0.0,0.0,0.0,0.0,0.0,0.0,0.0,0.0,0.0,0.0,0.0,0.0,0.0
27.75,4.0,17.94378481869685,17.562953592944567,16.448890767814067,17.80402266292695,18.19312718887596,18.32496086475764,20.046442984078848,20.54323308084995,20.980291764642555,21.216289185595418,1.0,1.0,1.0,1.0,1.0,1.0,1.0,1.0,1.0,1.0
28.0,1.0,10.874721202390495,13.706398993630444,14.747531213306596,15.287784234576845,15.520545747737643,16.494986737176582,16.58920297938845,17.25836828806811,15.91090619821057,17.638507714689936,1.0,1.0,1.0,1.0,1.0,1.0,1.0,1.0,1.0,1.0
28.25,2.0,0.0,0.0,0.0,0.0,0.0,0.0,0.0,0.0,0.0,0.0,0.0,0.0,0.0,0.0,0.0,0.0,0.0,0.0,0.0,0.0
28.5,3.0,17.25786451614262,18.16679067010339,19.52706103850558,19.664249922030827,19.31661837210959,19.161048238071835,18.993736723333917,18.70349330034459,18.81490968824785,18.75902468168725,1.0,1.0,1.0,1.0,1.0,1.0,1.0,1.0,1.0,1.0
28.75,4.0,17.83022626999884,17.069136483367217,18.396992763929823,19.607786650761298,19.838945569643133,20.192369078336945,21.574387020168743,20.98875438871422,21.34638806876673,21.86936180188443,1.0,1.0,1.0,1.0,1.0,1.0,1.0,1.0,1.0,1.0
29.0,1.0,0.0,0.0,0.0,0.0,0.0,0.0,0.0,0.0,0.0,0.0,0.0,0.0,0.0,0.0,0.0,0.0,0.0,0.0,0.0,0.0
29.25,2.0,13.605394977603826,12.946840448020252,12.784838105567498,14.433957664512487,15.528236923810407,16.298163627269624,15.269420610782877,15.298574133584383,14.478113891209759,14.608987453316363,1.0,1.0,1.0,1.0,1.0,1.0,1.0,1.0,1.0,1.0
29.5,3.0,0.0,0.0,0.0,0.0,0.0,0.0,0.0,0.0,0.0,0.0,0.0,0.0,0.0,0.0,0.0,0.0,0.0,0.0,0.0,0.0
29.75,4.0,0.0,0.0,0.0,0.0,0.0,0.0,0.0,0.0,0.0,0.0,0.0,0.0,0.0,0.0,0.0,0.0,0.0,0.0,0.0,0.0
30.0,1.0,13.996537365559677,15.199642060190728,15.74366390391849,15.998892698183125,16.428516986077767,17.19438475505725,17.2361912886481,18.155630387262928,17.873470713005727,19.725395125562304,1.0,1.0,1.0,1.0,1.0,1.0,1.0,1.0,1.0,1.0
30.25,2.0,15.371612209520052,13.177615453900792,14.145991198904456,14.793252361705566,15.757597257360603,15.605352523434139,14.86887609723198,14.379063179906804,14.161770882316675,14.66472194174953,1.0,1.0,1.0,1.0,1.0,1.0,1.0,1.0,1.0,1.0
30.5,3.0,18.176399529930425,19.40883038291248,20.01032104701597,19.187349543287564,19.183274173240253,19.549471345485014,18.96031391591421,18.239730615284696,19.02422510767692,19.5592760696335,1.0,1.0,1.0,1.0,1.0,1.0,1.0,1.0,1.0,1.0
30.75,4.0,16.90093548742976,15.656401083591799,17.51518121028955,20.165222712069554,20.48094981573599,21.10791662374322,21.97552561604471,22.24309661343114,21.313515297606223,22.139698706519297,1.0,1.0,1.0,1.0,1.0,1.0,1.0,1.0,1.0,1.0
31.0,1.0,14.44420696455925,15.832397360733488,15.6434585619158,15.886049195585949,16.839017979413093,18.122868435070945,18.387611241678552,19.80940015372724,19.975950901052794,20.062081756640833,1.0,1.0,1.0,1.0,1.0,1.0,1.0,1.0,1.0,1.0
31.25,2.0,0.0,0.0,0.0,0.0,0.0,0.0,0.0,0.0,0.0,0.0,0.0,0.0,0.0,0.0,0.0,0.0,0.0,0.0,0.0,0.0
31.5,3.0,18.141829993828548,18.620434610274348,19.033574399356183,20.72916141757812,19.60178674158307,19.17944398058573,18.1723341300954,16.68440860682014,18.75097102728222,17.945302946652145,1.0,1.0,1.0,1.0,1.0,1.0,1.0,1.0,1.0,1.0
31.75,4.0,16.07153644319566,14.927617177288253,17.838737822116915,19.848515437819277,21.063763928411618,21.05609106827744,21.70433377053721,21.73056380700639,20.646831160990153,20.856788789611436,1.0,1.0,1.0,1.0,1.0,1.0,1.0,1.0,1.0,1.0
32.0,1.0,14.571481820093657,15.049925957660967,15.663057283456986,16.27203356963224,17.92453079024092,18.900260751885693,19.222726447834884,19.713163342357273,18.838995396122076,18.48084762588934,1.0,1.0,1.0,1.0,1.0,1.0,1.0,1.0,1.0,1.0
32.25,2.0,17.585002278651952,15.51927381458395,14.890447021511026,14.64134750467585,14.771961355431166,15.378941480745153,13.613692741398234,13.593642226593824,13.446067642891826,12.717765883293863,1.0,1.0,1.0,1.0,1.0,1.0,1.0,1.0,1.0,1.0
32.5,3.0,0.0,0.0,0.0,0.0,0.0,0.0,0.0,0.0,0.0,0.0,0.0,0.0,0.0,0.0,0.0,0.0,0.0,0.0,0.0,0.0
32.75,4.0,16.040416621933762,15.316367157774922,18.7857884163081,20.09741178808436,20.100109523397638,19.979933051476195,20.960869504373907,21.47613124496708,20.71541610663326,20.142050723503605,1.0,1.0,1.0,1.0,1.0,1.0,1.0,1.0,1.0,1.0
33.0,1.0,15.798787356983423,15.271476833132487,16.576870074812433,18.01558025907501,18.760522207635766,18.126888264908732,18.834519639677424,18.161076530353753,17.917226096965607,18.14599572353799,1.0,1.0,1.0,1.0,1.0,1.0,1.0,1.0,1.0,1.0
33.25,2.0,0.0,0.0,0.0,0.0,0.0,0.0,0.0,0.0,0.0,0.0,0.0,0.0,0.0,0.0,0.0,0.0,0.0,0.0,0.0,0.0
33.5,3.0,17.504664636714697,17.35443476309204,18.07428001765709,18.605370664968795,17.73286102652595,17.08554602432427,16.3227954858762,15.557325498455723,16.16247903594563,16.95615864951489,1.0,1.0,1.0,1.0,1.0,1.0,1.0,1.0,1.0,1.0
33.75,4.0,16.59696199718733,16.738032908767043,18.599322188516084,18.936804976835955,18.90256753192421,19.26606961501497,20.36841411152753,20.93173774158305,20.7388952253615,20.393457720216652,1.0,1.0,1.0,1.0,1.0,1.0,1.0,1.0,1.0,1.0
34.0,1.0,0.0,0.0,0.0,0.0,0.0,0.0,0.0,0.0,0.0,0.0,0.0,0.0,0.0,0.0,0.0,0.0,0.0,0.0,0.0,0.0
34.25,2.0,16.803978461946983,13.774069357998174,13.685513109035872,14.077083800330874,12.96285555517713,12.139467147686888,10.95075900872702,10.993131375314588,12.245677824638518,12.890800124547484,1.0,1.0,1.0,1.0,1.0,1.0,1.0,1.0,1.0,1.0
34.5,3.0,16.16002041743015,16.078340305661342,17.981114278931532,17.477090190619464,17.542133159318173,17.582664118627996,16.71620675019524,15.819049514219616,16.68485047891496,17.06950851578579,1.0,1.0,1.0,1.0,1.0,1.0,1.0,1.0,1.0,1.0
34.75,4.0,0.0,0.0,0.0,0.0,0.0,0.0,0.0,0.0,0.0,0.0,0.0,0.0,0.0,0.0,0.0,0.0,0.0,0.0,0.0,0.0
35.0,1.0,16.156310342987265,17.59820278531847,18.11043048397708,17.75073907492773,16.73158879503458,16.609135765264526,17.074584378055143,16.472782764417964,17.14908408041048,17.60697968113482,1.0,1.0,1.0,1.0,1.0,1.0,1.0,1.0,1.0,1.0
35.25,2.0,16.651256149505876,14.28966710043877,13.243590399492708,14.429328853868716,13.33972015355307,12.890399681271427,13.389932126376122,12.508084557179062,12.787621169699065,13.408883629058126,1.0,1.0,1.0,1.0,1.0,1.0,1.0,1.0,1.0,1.0
35.5,3.0,0.0,0.0,0.0,0.0,0.0,0.0,0.0,0.0,0.0,0.0,0.0,0.0,0.0,0.0,0.0,0.0,0.0,0.0,0.0,0.0
35.75,4.0,17.43588252506901,17.125556485202228,16.804676624102303,17.188762806596166,19.250347821412987,18.82583753889054,19.629178999702134,19.83237431323689,18.747589421124694,18.089178990806584,1.0,1.0,1.0,1.0,1.0,1.0,1.0,1.0,1.0,1.0
36.0,1.0,15.829916997387329,17.493020398871774,17.46201345960499,17.15618528008332,15.897734006960787,16.86683032437551,16.87249964134282,17.52059953951537,17.954756031971495,18.097928459790154,1.0,1.0,1.0,1.0,1.0,1.0,1.0,1.0,1.0,1.0
36.25,2.0,0.0,0.0,0.0,0.0,0.0,0.0,0.0,0.0,0.0,0.0,0.0,0.0,0.0,0.0,0.0,0.0,0.0,0.0,0.0,0.0
36.5,3.0,18.018275265426407,16.59913577294122,15.265322712933127,15.878672483311908,15.863018155096839,17.884943480141185,18.42478031209932,18.03253579101092,18.819555830095833,18.766224939368627,1.0,1.0,1.0,1.0,1.0,1.0,1.0,1.0,1.0,1.0
36.75,4.0,17.42635972502119,18.254095685443602,17.25570911648505,17.58959633706983,18.86454270494622,17.94129153517434,18.940202875160136,19.257559609773107,18.030003893898005,17.007315143309746,1.0,1.0,1.0,1.0,1.0,1.0,1.0,1.0,1.0,1.0
37.0,1.0,15.939919831259434,17.013655231932436,16.35004120805877,16.755405191440936,16.618839605170617,17.48826613625093,17.825798806591933,18.017724711516436,17.43926847486493,17.258800207269328,1.0,1.0,1.0,1.0,1.0,1.0,1.0,1.0,1.0,1.0
37.25,2.0,13.919597608692422,12.864030731044918,12.583354437320146,15.974460095094836,14.994549514700063,15.445214793008795,14.585939637827881,15.059253947842773,15.189124218067288,16.126938717859154,1.0,1.0,1.0,1.0,1.0,1.0,1.0,1.0,1.0,1.0
37.5,3.0,0.0,0.0,0.0,0.0,0.0,0.0,0.0,0.0,0.0,0.0,0.0,0.0,0.0,0.0,0.0,0.0,0.0,0.0,0.0,0.0
37.75,4.0,17.608044516512653,17.623584086142927,16.940005716021815,16.478718571969722,17.682122901804643,16.515753042072394,17.836250661284335,17.66915225979336,17.198506817502942,16.996001033052526,1.0,1.0,1.0,1.0,1.0,1.0,1.0,1.0,1.0,1.0
38.0,1.0,16.044373676282767,15.672912574909692,15.66333812095521,16.973238409839464,16.830505279415437,17.29042965263238,16.293786140673955,17.183030080756886,16.402988198052093,16.95814833381402,1.0,1.0,1.0,1.0,1.0,1.0,1.0,1.0,1.0,1.0
38.25,2.0,13.008658130774386,13.334637167638576,13.476512644907759,15.999801536368613,15.47685046260238,15.81333637986391,14.485177892339056,15.03893437272816,15.236519469062264,15.658973745084998,1.0,1.0,1.0,1.0,1.0,1.0,1.0,1.0,1.0,1.0
38.5,3.0,15.516198977889717,15.26301663666134,15.671543380681594,17.192542395675623,15.344967893052008,16.063129979392162,16.538205560636232,17.376554971715144,19.098794236009212,18.966074305508833,1.0,1.0,1.0,1.0,1.0,1.0,1.0,1.0,1.0,1.0
38.75,4.0,16.8558039674124,16.49565013804786,16.22020384967297,16.786744357122934,16.565307185357142,16.19484176668444,17.713054193577534,17.927354073910422,16.896287153111217,17.25537664473713,1.0,1.0,1.0,1.0,1.0,1.0,1.0,1.0,1.0,1.0
39.0,1.0,0.0,0.0,0.0,0.0,0.0,0.0,0.0,0.0,0.0,0.0,0.0,0.0,0.0,0.0,0.0,0.0,0.0,0.0,0.0,0.0
39.25,2.0,0.0,0.0,0.0,0.0,0.0,0.0,0.0,0.0,0.0,0.0,0.0,0.0,0.0,0.0,0.0,0.0,0.0,0.0,0.0,0.0
39.5,3.0,14.477424768496318,15.055259520894861,15.048343375564498,15.44851771186593,15.526669306858844,16.874715584625573,17.575129531483984,18.071726400826094,18.224165821181508,17.70505092682384,1.0,1.0,1.0,1.0,1.0,1.0,1.0,1.0,1.0,1.0
39.75,4.0,16.226773629857597,16.194370911435005,16.208157817788187,16.775862352906895,15.517642300701201,15.616963302608944,17.20793213328444,16.772723566806764,15.81252326822329,17.189442983313267,1.0,1.0,1.0,1.0,1.0,1.0,1.0,1.0,1.0,1.0
40.0,1.0,15.700840893627456,15.345404346768685,14.935049345612633,16.164101336483217,15.1636705771585,16.315669973005615,16.018997778489137,15.919981107963483,13.8702927669326,13.262568699916025,1.0,1.0,1.0,1.0,1.0,1.0,1.0,1.0,1.0,1.0
40.25,2.0,13.644537990558298,15.393928212971623,15.230777668757908,15.245547324545885,15.713690830619425,16.419210128286565,15.320049092325474,15.08256220948144,15.262961609172615,15.950547077695628,1.0,1.0,1.0,1.0,1.0,1.0,1.0,1.0,1.0,1.0
40.5,3.0,0.0,0.0,0.0,0.0,0.0,0.0,0.0,0.0,0.0,0.0,0.0,0.0,0.0,0.0,0.0,0.0,0.0,0.0,0.0,0.0
40.75,4.0,16.51202894563044,15.329900838962386,15.273078047537648,16.205328831918333,14.846822067658273,15.327671357534964,16.374997977600103,17.078517509978358,16.89406982095198,17.71046918525743,1.0,1.0,1.0,1.0,1.0,1.0,1.0,1.0,1.0,1.0
41.0,1.0,17.463636308402986,16.890333327962928,15.655781745417759,16.35865870220632,15.037568725877426,16.085102015416894,15.64165937446184,14.462429418354146,13.184417833400813,13.171583987880227,1.0,1.0,1.0,1.0,1.0,1.0,1.0,1.0,1.0,1.0
41.25,2.0,0.0,0.0,0.0,0.0,0.0,0.0,0.0,0.0,0.0,0.0,0.0,0.0,0.0,0.0,0.0,0.0,0.0,0.0,0.0,0.0
41.5,3.0,14.31457066319174,16.16028063063328,16.412759115775398,16.817317192979733,16.397554884761686,17.032805686294132,17.6385105277294,17.725872982640876,18.606300197488405,17.967243227320772,1.0,1.0,1.0,1.0,1.0,1.0,1.0,1.0,1.0,1.0
41.75,4.0,15.324445701131234,15.284168766659183,16.00643757744899,17.258236132524054,15.434782122202243,16.41712085693534,17.7149760218619,17.260003612735666,17.817582933035975,18.188132753327768,1.0,1.0,1.0,1.0,1.0,1.0,1.0,1.0,1.0,1.0
42.0,1.0,0.0,0.0,0.0,0.0,0.0,0.0,0.0,0.0,0.0,0.0,0.0,0.0,0.0,0.0,0.0,0.0,0.0,0.0,0.0,0.0
42.25,2.0,15.739705904552023,14.928983529107121,14.865880161355594,16.5260055089101,16.01254766209951,15.972227070594808,15.699533410608133,14.30109712879213,12.90251104379058,13.307653277428509,1.0,1.0,1.0,1.0,1.0,1.0,1.0,1.0,1.0,1.0
42.5,3.0,16.096801476171503,17.692688543067206,17.71919758086291,17.29738033544659,15.967194026570445,16.840447990377918,18.598203461124527,18.3537123008941,19.4235446835621,18.117388392420544,1.0,1.0,1.0,1.0,1.0,1.0,1.0,1.0,1.0,1.0
42.75,4.0,0.0,0.0,0.0,0.0,0.0,0.0,0.0,0.0,0.0,0.0,0.0,0.0,0.0,0.0,0.0,0.0,0.0,0.0,0.0,0.0
43.0,1.0,15.764335006004442,12.426988798080098,13.871279165940166,14.484725502672225,14.798604878959775,14.255780789235912,14.919885416553933,14.710028636742326,13.614832437761697,14.191261703151023,1.0,1.0,1.0,1.0,1.0,1.0,1.0,1.0,1.0,1.0
43.25,2.0,12.229401804233053,12.908890996133035,14.367238247173635,15.978851943943578,14.378058630651152,14.759412987123739,14.408803620233861,13.77513134445827,11.785819993595052,12.406121602903799,1.0,1.0,1.0,1.0,1.0,1.0,1.0,1.0,1.0,1.0
43.5,3.0,0.0,0.0,0.0,0.0,0.0,0.0,0.0,0.0,0.0,0.0,0.0,0.0,0.0,0.0,0.0,0.0,0.0,0.0,0.0,0.0
43.75,4.0,18.208353315413675,16.96460708008054,17.532963061603038,18.140504367439267,18.180525174012516,19.704127173601478,19.235651419839794,18.593935185969823,18.96506187834575,18.823375882033158,1.0,1.0,1.0,1.0,1.0,1.0,1.0,1.0,1.0,1.0
44.0,1.0,13.860041870014538,13.390662447245074,13.541498410987172,14.601672111966552,14.743139720652792,14.49496300346286,15.118673021413741,14.873695460541887,14.450001966245322,14.363297061582541,1.0,1.0,1.0,1.0,1.0,1.0,1.0,1.0,1.0,1.0
44.25,2.0,0.0,0.0,0.0,0.0,0.0,0.0,0.0,0.0,0.0,0.0,0.0,0.0,0.0,0.0,0.0,0.0,0.0,0.0,0.0,0.0
44.5,3.0,17.59577193260613,17.698037020854724,16.368983952731153,16.80364735869391,16.074911898980275,18.04137110574332,19.199888460646935,18.445434383673867,17.933983028333607,16.547574404357107,1.0,1.0,1.0,1.0,1.0,1.0,1.0,1.0,1.0,1.0
44.75,4.0,17.56148705276317,16.829117522591496,17.412518018095923,18.68769624493421,18.8419721102311,20.401408059857342,20.232031821020623,19.419232013823077,19.91143902165288,19.20254387647488,1.0,1.0,1.0,1.0,1.0,1.0,1.0,1.0,1.0,1.0
45.0,1.0,13.46151873899388,13.38307960945162,14.42846844761044,16.058139852136225,15.16121523723654,14.446923417701086,14.589428144078013,15.266833516182158,15.463810278818386,14.766789719726187,1.0,1.0,1.0,1.0,1.0,1.0,1.0,1.0,1.0,1.0
45.25,2.0,12.097424501630238,14.425816768688067,14.123316246147274,12.832334246173952,12.048816100604231,12.900309457414208,11.594911914048692,13.106817908798803,13.569552288145564,13.567884821285855,1.0,1.0,1.0,1.0,1.0,1.0,1.0,1.0,1.0,1.0
45.5,3.0,0.0,0.0,0.0,0.0,0.0,0.0,0.0,0.0,0.0,0.0,0.0,0.0,0.0,0.0,0.0,0.0,0.0,0.0,0.0,0.0
45.75,4.0,18.14575036821272,18.030938663147463,19.499270717367196,20.393317558002256,18.746442016547725,19.723657728737376,19.681623533578495,19.69280490010284,20.515880423649786,18.95020555916287,1.0,1.0,1.0,1.0,1.0,1.0,1.0,1.0,1.0,1.0
46.0,1.0,14.019864081078191,13.101366158582323,15.016978164375937,15.986515971355637,14.050589258631687,14.158282519354264,13.993836347071275,14.367209648592949,13.32912207919538,13.756574375093122,1.0,1.0,1.0,1.0,1.0,1.0,1.0,1.0,1.0,1.0
46.25,2.0,12.614943419034116,14.56861278447655,13.645737242068154,13.453999093471635,12.69476870523007,13.907258975866922,12.985634206639041,13.370147809587042,13.659450574906723,14.319600651602144,1.0,1.0,1.0,1.0,1.0,1.0,1.0,1.0,1.0,1.0
46.5,3.0,15.945375933780578,16.25050085035013,15.14925284679458,16.84165847708884,17.54978003918377,17.059524852045723,17.623716966619497,14.484532449617566,15.415689196376562,14.872710623886642,1.0,1.0,1.0,1.0,1.0,1.0,1.0,1.0,1.0,1.0
46.75,4.0,18.377737852676084,19.442998116028004,20.336130625610444,21.23307813137171,18.682180755905158,19.247956796086207,18.970693137189183,18.876981165828596,19.66112863111199,17.78486947440092,1.0,1.0,1.0,1.0,1.0,1.0,1.0,1.0,1.0,1.0
47.0,1.0,0.0,0.0,0.0,0.0,0.0,0.0,0.0,0.0,0.0,0.0,0.0,0.0,0.0,0.0,0.0,0.0,0.0,0.0,0.0,0.0
47.25,2.0,0.0,0.0,0.0,0.0,0.0,0.0,0.0,0.0,0.0,0.0,0.0,0.0,0.0,0.0,0.0,0.0,0.0,0.0,0.0,0.0
47.5,3.0,16.747605146618078,16.469242345593663,16.473730989530964,17.58751788092533,16.941080060139353,16.103586902831786,16.381285190787985,14.923747944120121,15.361528697223324,14.835940472315857,1.0,1.0,1.0,1.0,1.0,1.0,1.0,1.0,1.0,1.0
47.75,4.0,0.0,0.0,0.0,0.0,0.0,0.0,0.0,0.0,0.0,0.0,0.0,0.0,0.0,0.0,0.0,0.0,0.0,0.0,0.0,0.0
48.0,1.0,14.917153735975493,16.618349499153982,17.933168618662794,14.500707400370642,14.414849117866229,13.776647334966995,15.137826439972562,16.082212558518066,16.162044559600876,16.746195567790593,1.0,1.0,1.0,1.0,1.0,1.0,1.0,1.0,1.0,1.0
48.25,2.0,13.985494703984774,15.230606606160459,13.975882521100555,13.302123186995733,13.320810853399355,13.851807398612436,12.43091786954457,13.549090711498918,13.617016908841519,13.967437130076753,1.0,1.0,1.0,1.0,1.0,1.0,1.0,1.0,1.0,1.0
48.5,3.0,0.0,0.0,0.0,0.0,0.0,0.0,0.0,0.0,0.0,0.0,0.0,0.0,0.0,0.0,0.0,0.0,0.0,0.0,0.0,0.0
48.75,4.0,19.513276889258172,19.52453420987643,19.695147013473377,18.138095535998826,16.561665409511463,18.193335751934455,18.669971904460173,18.764207848384032,19.243066088852032,18.573000576173197,1.0,1.0,1.0,1.0,1.0,1.0,1.0,1.0,1.0,1.0
49.0,1.0,17.54693202209303,17.067493279254556,15.954194620024806,13.427910986976942,14.48900587091438,14.317336835627312,16.21606894398351,17.650091806208685,17.897562636816755,18.041888483108394,1.0,1.0,1.0,1.0,1.0,1.0,1.0,1.0,1.0,1.0
49.25,2.0,0.0,0.0,0.0,0.0,0.0,0.0,0.0,0.0,0.0,0.0,0.0,0.0,0.0,0.0,0.0,0.0,0.0,0.0,0.0,0.0
49.5,3.0,16.61872194729006,18.06354416248777,17.082897981228882,17.013787746517867,15.281702208297403,14.109849980522194,14.606500011026743,14.626940118230078,16.577976862097124,16.769976194063716,1.0,1.0,1.0,1.0,1.0,1.0,1.0,1.0,1.0,1.0
49.75,4.0,19.76099140263179,18.284006218077717,17.915163648886402,17.239205211552143,16.988645742587813,17.682957563859976,17.551872113900544,18.095961571418307,18.800672598900817,18.678706000520144,1.0,1.0,1.0,1.0,1.0,1.0,1.0,1.0,1.0,1.0
50.0,1.0,0.0,0.0,0.0,0.0,0.0,0.0,0.0,0.0,0.0,0.0,0.0,0.0,0.0,0.0,0.0,0.0,0.0,0.0,0.0,0.0
50.25,2.0,13.927429615092098,15.60329093053357,15.803205549191897,14.981190885328246,12.241326242029167,13.136624443405479,13.231901434058884,14.061344517375156,13.304120845725153,12.920803844863418,1.0,1.0,1.0,1.0,1.0,1.0,1.0,1.0,1.0,1.0
50.5,3.0,0.0,0.0,0.0,0.0,0.0,0.0,0.0,0.0,0.0,0.0,0.0,0.0,0.0,0.0,0.0,0.0,0.0,0.0,0.0,0.0
50.75,4.0,0.0,0.0,0.0,0.0,0.0,0.0,0.0,0.0,0.0,0.0,0.0,0.0,0.0,0.0,0.0,0.0,0.0,0.0,0.0,0.0
51.0,1.0,17.591564037125654,15.425679724471024,16.17846972131212,15.143815798124944,16.862446687108708,16.672324757419055,16.847714295339248,16.94356555081299,17.044379353560256,17.987092458309206,1.0,1.0,1.0,1.0,1.0,1.0,1.0,1.0,1.0,1.0
51.25,2.0,15.576720381152564,14.976667146484512,15.236435830539715,14.110392845768217,11.902623301527637,12.70379522634564,13.443584290067495,13.642914381523623,12.995070670294519,12.349344317137085,1.0,1.0,1.0,1.0,1.0,1.0,1.0,1.0,1.0,1.0
51.5,3.0,0.0,0.0,0.0,0.0,0.0,0.0,0.0,0.0,0.0,0.0,0.0,0.0,0.0,0.0,0.0,0.0,0.0,0.0,0.0,0.0
51.75,4.0,18.729735844554256,16.34167739216798,16.619093746519905,16.308366003313377,15.862470442109812,16.401428913568058,16.828320663184165,17.70943630904132,19.59021643677404,18.64534610139356,1.0,1.0,1.0,1.0,1.0,1.0,1.0,1.0,1.0,1.0
52.0,1.0,16.054465536859166,16.082065802789657,17.4745181692031,15.294631602510245,17.86084365841001,17.63968692034435,17.23524545616736,18.486150449447294,18.011553672216518,19.596286227307417,1.0,1.0,1.0,1.0,1.0,1.0,1.0,1.0,1.0,1.0
52.25,2.0,0.0,0.0,0.0,0.0,0.0,0.0,0.0,0.0,0.0,0.0,0.0,0.0,0.0,0.0,0.0,0.0,0.0,0.0,0.0,0.0
52.5,3.0,16.596041621784252,15.121283638694809,13.904808583863677,13.419069153714927,15.221783466928407,15.617746213869983,16.95615886284894,17.884464575784428,17.987393901708895,17.304479240764728,1.0,1.0,1.0,1.0,1.0,1.0,1.0,1.0,1.0,1.0
52.75,4.0,16.976792776769678,15.454401867714232,15.316165300504725,15.29996364776736,15.882275074972519,17.31505830169319,17.088980767578455,17.889520767339132,18.61428617454038,17.87714197121263,1.0,1.0,1.0,1.0,1.0,1.0,1.0,1.0,1.0,1.0
53.0,1.0,16.7011929359157,16.52449888894528,16.706441485047918,15.647233179251069,18.371809276033417,19.087383482564167,18.971710027081915,20.005811625791946,19.228998396872562,20.169977076137087,1.0,1.0,1.0,1.0,1.0,1.0,1.0,1.0,1.0,1.0
53.25,2.0,15.363450178611274,14.647330495482134,14.342895334536657,13.063036510522473,13.085292206490616,13.08784930567421,13.072751304826008,13.689482477013064,14.234934612687718,13.668038495273652,1.0,1.0,1.0,1.0,1.0,1.0,1.0,1.0,1.0,1.0
53.5,3.0,0.0,0.0,0.0,0.0,0.0,0.0,0.0,0.0,0.0,0.0,0.0,0.0,0.0,0.0,0.0,0.0,0.0,0.0,0.0,0.0
53.75,4.0,14.239877387344883,14.822874951956175,15.013937052385305,15.192538815521091,17.012641373262845,18.359184392097973,17.290140896673233,17.62293514045413,17.22219395122954,16.774034788735204,1.0,1.0,1.0,1.0,1.0,1.0,1.0,1.0,1.0,1.0
54.0,1.0,14.83941506283843,15.592840799461545,18.76530893442144,18.34253447941436,18.965593177024466,20.643339182350555,20.45332599194205,21.373483739952167,20.218583423289854,20.848388521550515,1.0,1.0,1.0,1.0,1.0,1.0,1.0,1.0,1.0,1.0
54.25,2.0,0.0,0.0,0.0,0.0,0.0,0.0,0.0,0.0,0.0,0.0,0.0,0.0,0.0,0.0,0.0,0.0,0.0,0.0,0.0,0.0
54.5,3.0,14.714666707968618,14.312981579165024,14.368971434183301,15.267228603867549,17.20165569783941,16.30938844552658,15.992460260923455,16.198568470976234,16.807722750578986,16.337592105178146,1.0,1.0,1.0,1.0,1.0,1.0,1.0,1.0,1.0,1.0
54.75,4.0,14.782053203681532,16.620602879590862,14.84922589666865,15.771326146245231,16.540526455814913,16.150992816131698,14.77865914208926,16.925679632089313,17.108172555715456,17.606978198362572,1.0,1.0,1.0,1.0,1.0,1.0,1.0,1.0,1.0,1.0
55.0,1.0,0.0,0.0,0.0,0.0,0.0,0.0,0.0,0.0,0.0,0.0,0.0,0.0,0.0,0.0,0.0,0.0,0.0,0.0,0.0,0.0
55.25,2.0,0.0,0.0,0.0,0.0,0.0,0.0,0.0,0.0,0.0,0.0,0.0,0.0,0.0,0.0,0.0,0.0,0.0,0.0,0.0,0.0
55.5,3.0,14.95309522961756,15.277461854012834,15.267538017235653,17.140934521561334,17.36741788725359,16.130150667929207,15.902632553609998,16.10430770059187,16.3872646741294,15.339084927538055,1.0,1.0,1.0,1.0,1.0,1.0,1.0,1.0,1.0,1.0
55.75,4.0,0.0,0.0,0.0,0.0,0.0,0.0,0.0,0.0,0.0,0.0,0.0,0.0,0.0,0.0,0.0,0.0,0.0,0.0,0.0,0.0
56.0,1.0,15.970603572215074,16.890228233551746,18.122302869489225,19.191374885536327,20.80582144618168,21.92951843053506,21.622639916479475,21.921367834516612,20.757692742898755,20.35474943185373,1.0,1.0,1.0,1.0,1.0,1.0,1.0,1.0,1.0,1.0
56.25,2.0,15.635855461189932,15.614852508773224,13.819795894475169,12.922163265972682,13.887735819628178,13.941272819484453,14.104257078246626,13.115680492764438,13.77525236332681,14.866730812901764,1.0,1.0,1.0,1.0,1.0,1.0,1.0,1.0,1.0,1.0
56.5,3.0,0.0,0.0,0.0,0.0,0.0,0.0,0.0,0.0,0.0,0.0,0.0,0.0,0.0,0.0,0.0,0.0,0.0,0.0,0.0,0.0
56.75,4.0,16.805570667872285,16.139186693665796,15.613275047028955,16.149924776729804,16.064061147509154,16.78556861508988,15.592097384253826,16.756076936903558,17.553014489946463,17.703896778705857,1.0,1.0,1.0,1.0,1.0,1.0,1.0,1.0,1.0,1.0
57.0,1.0,16.429911901306784,16.314016204489537,17.528534971442326,19.880817095850336,21.376280479901517,21.278313345778365,21.56907092407243,21.037612087191356,20.39928911002534,21.11637021658552,1.0,1.0,1.0,1.0,1.0,1.0,1.0,1.0,1.0,1.0
57.25,2.0,0.0,0.0,0.0,0.0,0.0,0.0,0.0,0.0,0.0,0.0,0.0,0.0,0.0,0.0,0.0,0.0,0.0,0.0,0.0,0.0
57.5,3.0,15.053732824197706,16.56002280230566,16.279577594521374,17.175953489723838,16.74003799432968,15.859899310648432,16.070348073888518,15.595681486466727,15.603117164456249,14.77072524832454,1.0,1.0,1.0,1.0,1.0,1.0,1.0,1.0,1.0,1.0
57.75,4.0,16.40809641120533,14.99287304096235,15.120161653241743,15.531036960110402,16.35414801845131,16.18417380339076,16.33340900051031,17.144357688540314,18.478044714573556,17.909957410176816,1.0,1.0,1.0,1.0,1.0,1.0,1.0,1.0,1.0,1.0
58.0,1.0,0.0,0.0,0.0,0.0,0.0,0.0,0.0,0.0,0.0,0.0,0.0,0.0,0.0,0.0,0.0,0.0,0.0,0.0,0.0,0.0
58.25,2.0,12.839428175406427,13.44373262885883,13.564968022331106,13.457213506889138,13.34301590710423,13.166244194484438,13.65581750589872,13.511895437732855,13.875898532307918,14.713604170220531,1.0,1.0,1.0,1.0,1.0,1.0,1.0,1.0,1.0,1.0
58.5,3.0,0.0,0.0,0.0,0.0,0.0,0.0,0.0,0.0,0.0,0.0,0.0,0.0,0.0,0.0,0.0,0.0,0.0,0.0,0.0,0.0
58.75,4.0,0.0,0.0,0.0,0.0,0.0,0.0,0.0,0.0,0.0,0.0,0.0,0.0,0.0,0.0,0.0,0.0,0.0,0.0,0.0,0.0
59.0,1.0,15.254656423748484,15.470959293580933,18.388744985071412,21.61651094716942,22.150174916518996,20.589387933060287,20.832937490838283,20.53243009061225,20.42076073042922,21.710854269560866,1.0,1.0,1.0,1.0,1.0,1.0,1.0,1.0,1.0,1.0
59.25,2.0,12.954800402619677,13.633268555059793,12.793513760951543,12.787575380246874,13.044581802468283,13.624043795423216,13.684683288922095,13.836139377694089,15.469248305295231,16.396020235769626,1.0,1.0,1.0,1.0,1.0,1.0,1.0,1.0,1.0,1.0
59.5,3.0,0.0,0.0,0.0,0.0,0.0,0.0,0.0,0.0,0.0,0.0,0.0,0.0,0.0,0.0,0.0,0.0,0.0,0.0,0.0,0.0
59.75,4.0,15.640258994892458,14.461005089559986,14.070168151426346,14.718960146675657,17.969842409008056,17.708470885350476,17.27247040457142,17.585906677116725,18.149723642422963,18.41689558054416,1.0,1.0,1.0,1.0,1.0,1.0,1.0,1.0,1.0,1.0
60.0,1.0,15.071174218956816,16.173259608174007,19.77241979868766,22.22295367602988,23.235939958526238,22.082822886984783,22.169438772428265,21.60359629882352,21.558925432314886,21.61616300739377,1.0,1.0,1.0,1.0,1.0,1.0,1.0,1.0,1.0,1.0
60.25,2.0,0.0,0.0,0.0,0.0,0.0,0.0,0.0,0.0,0.0,0.0,0.0,0.0,0.0,0.0,0.0,0.0,0.0,0.0,0.0,0.0
60.5,3.0,15.014450333675084,13.719150580839889,14.814003845619697,16.14831152825866,17.407036404810615,16.957353928590283,17.54586056668961,17.398166850945135,17.555393872058033,16.107740811976413,1.0,1.0,1.0,1.0,1.0,1.0,1.0,1.0,1.0,1.0
60.75,4.0,14.789309321704277,14.702393159768718,13.485861624480282,14.159497768582911,16.160940594174217,16.70572912645669,17.10967196674965,17.44445910453773,17.03676193913795,17.977249130757365,1.0,1.0,1.0,1.0,1.0,1.0,1.0,1.0,1.0,1.0
61.0,1.0,14.740936927018303,17.65336940519795,20.959839265377095,22.426900519725894,22.906759095074793,21.538750683197378,21.0359739244841,20.452129809323388,19.88922897096125,20.297063880267874,1.0,1.0,1.0,1.0,1.0,1.0,1.0,1.0,1.0,1.0
61.25,2.0,13.496281019335276,14.477676728998297,13.90740871712385,12.905118107463164,14.356817583439296,15.327067384331633,16.458676712621077,16.84737351905668,16.789009170528264,17.303430959520615,1.0,1.0,1.0,1.0,1.0,1.0,1.0,1.0,1.0,1.0
61.5,3.0,0.0,0.0,0.0,0.0,0.0,0.0,0.0,0.0,0.0,0.0,0.0,0.0,0.0,0.0,0.0,0.0,0.0,0.0,0.0,0.0
61.75,4.0,14.395914469366094,14.279909917127807,14.795420533840547,14.123206754090228,15.982941008394588,16.612472578343297,17.00546040577177,18.11735827543842,18.137746794616696,19.165897096687246,1.0,1.0,1.0,1.0,1.0,1.0,1.0,1.0,1.0,1.0
62.0,1.0,17.33599770425787,18.486721441381896,22.48756885190864,24.65053636749323,23.37164189823016,21.582658919249038,21.01556581890358,19.893631120721594,18.507803173926135,19.48884572320691,1.0,1.0,1.0,1.0,1.0,1.0,1.0,1.0,1.0,1.0
62.25,2.0,0.0,0.0,0.0,0.0,0.0,0.0,0.0,0.0,0.0,0.0,0.0,0.0,0.0,0.0,0.0,0.0,0.0,0.0,0.0,0.0
62.5,3.0,14.561008594280253,13.973843176829426,14.846425444424078,15.512773213075036,16.35333071602834,16.393535398496645,16.736784459288717,17.01933475419281,17.981549835347156,16.995417619142785,1.0,1.0,1.0,1.0,1.0,1.0,1.0,1.0,1.0,1.0
62.75,4.0,14.239516623994318,14.599199020488003,15.513527654957626,15.662042321836369,16.504509775793657,17.363303413631357,18.247212213441724,19.29830103115207,20.37416856985085,20.52021174851377,1.0,1.0,1.0,1.0,1.0,1.0,1.0,1.0,1.0,1.0
63.0,1.0,0.0,0.0,0.0,0.0,0.0,0.0,0.0,0.0,0.0,0.0,0.0,0.0,0.0,0.0,0.0,0.0,0.0,0.0,0.0,0.0
63.25,2.0,0.0,0.0,0.0,0.0,0.0,0.0,0.0,0.0,0.0,0.0,0.0,0.0,0.0,0.0,0.0,0.0,0.0,0.0,0.0,0.0
63.5,3.0,15.509914106061814,15.003773295342352,15.019584305536222,16.07210883522059,15.27338917162807,14.904061094154972,16.44491959331705,16.669107707648866,17.85869802686793,16.67645493289105,1.0,1.0,1.0,1.0,1.0,1.0,1.0,1.0,1.0,1.0
63.75,4.0,0.0,0.0,0.0,0.0,0.0,0.0,0.0,0.0,0.0,0.0,0.0,0.0,0.0,0.0,0.0,0.0,0.0,0.0,0.0,0.0
64.0,1.0,18.91594744554979,20.619022826329896,23.267046705173314,23.82350776134444,22.663736934924238,21.355383436717602,19.557405680087708,18.7019700387643,18.15554998534538,18.44569717190914,1.0,1.0,1.0,1.0,1.0,1.0,1.0,1.0,1.0,1.0
64.25,2.0,15.124020694272199,14.974947489421229,15.232366651590237,14.714630085891596,16.838362934404866,17.741287915137498,17.104902650853912,17.547660244766558,18.537235461329512,19.24003576206488,1.0,1.0,1.0,1.0,1.0,1.0,1.0,1.0,1.0,1.0
64.5,3.0,0.0,0.0,0.0,0.0,0.0,0.0,0.0,0.0,0.0,0.0,0.0,0.0,0.0,0.0,0.0,0.0,0.0,0.0,0.0,0.0
64.75,4.0,15.298301076571772,15.46700774988554,16.416704857030766,16.619148456429347,18.691404765782213,20.345665734537146,19.543849153661565,20.038250020403478,19.902820440893016,19.90645392520924,1.0,1.0,1.0,1.0,1.0,1.0,1.0,1.0,1.0,1.0
65.0,1.0,19.969453149177504,21.311450456926732,22.377233108263525,20.93560116389009,20.362706857346666,20.04015953793457,19.62932571186898,20.121687051985635,19.842627188889228,19.2529103577672,1.0,1.0,1.0,1.0,1.0,1.0,1.0,1.0,1.0,1.0
65.25,2.0,0.0,0.0,0.0,0.0,0.0,0.0,0.0,0.0,0.0,0.0,0.0,0.0,0.0,0.0,0.0,0.0,0.0,0.0,0.0,0.0
65.5,3.0,14.995078360023713,15.28150102296795,15.070341124251877,16.203312176869556,16.8336149450039,16.475975145887013,17.817493205633845,16.784978946645353,16.752617596604196,14.989186149677517,1.0,1.0,1.0,1.0,1.0,1.0,1.0,1.0,1.0,1.0
65.75,4.0,15.322713305146255,15.99309015778574,16.741868365617016,17.138238099123367,19.19768825971923,20.466076856173608,18.808991601523037,19.049070574196342,19.65508379413339,19.93394598404271,1.0,1.0,1.0,1.0,1.0,1.0,1.0,1.0,1.0,1.0
66.0,1.0,0.0,0.0,0.0,0.0,0.0,0.0,0.0,0.0,0.0,0.0,0.0,0.0,0.0,0.0,0.0,0.0,0.0,0.0,0.0,0.0
66.25,2.0,16.24044417610698,15.244874911515645,16.01151234986357,16.750736758548577,17.908984608256855,18.685188052103406,18.691829843269154,18.159895457050094,19.207168014694897,18.918406740950463,1.0,1.0,1.0,1.0,1.0,1.0,1.0,1.0,1.0,1.0
66.5,3.0,0.0,0.0,0.0,0.0,0.0,0.0,0.0,0.0,0.0,0.0,0.0,0.0,0.0,0.0,0.0,0.0,0.0,0.0,0.0,0.0
66.75,4.0,0.0,0.0,0.0,0.0,0.0,0.0,0.0,0.0,0.0,0.0,0.0,0.0,0.0,0.0,0.0,0.0,0.0,0.0,0.0,0.0
67.0,1.0,20.01258345063329,19.89092535646429,19.731101651979696,20.282688962363668,20.1501109863035,20.061378459281755,19.972455503125875,20.10547866915901,20.180523480130468,18.806303915802665,1.0,1.0,1.0,1.0,1.0,1.0,1.0,1.0,1.0,1.0
67.25,2.0,15.453482321730549,15.686214513014866,16.386368311705393,16.196162638251703,17.896605846510045,17.81911151235675,18.035786510547954,17.97086955617395,18.358528631144146,17.92662935762786,1.0,1.0,1.0,1.0,1.0,1.0,1.0,1.0,1.0,1.0
67.5,3.0,14.9356687523685,16.507080992617336,16.214298769798322,16.121742264222462,16.902281783404103,16.205349388531783,17.2838900540108,15.967794059949266,15.949086251039763,14.781534228126425,1.0,1.0,1.0,1.0,1.0,1.0,1.0,1.0,1.0,1.0
67.75,4.0,17.486709732548018,17.077343543281593,17.7991002007387,17.436174261059172,20.596649117558105,20.363786120856318,20.137841367831957,21.370343218789948,21.317921985438442,21.54464294483369,1.0,1.0,1.0,1.0,1.0,1.0,1.0,1.0,1.0,1.0
68.0,1.0,17.890824087368532,20.2234884738805,21.26114616037516,19.98620950873421,20.36256307760184,20.041932968357607,19.24579670216154,20.118793778916377,19.97779684170025,19.624945887549163,1.0,1.0,1.0,1.0,1.0,1.0,1.0,1.0,1.0,1.0
68.25,2.0,0.0,0.0,0.0,0.0,0.0,0.0,0.0,0.0,0.0,0.0,0.0,0.0,0.0,0.0,0.0,0.0,0.0,0.0,0.0,0.0
68.5,3.0,15.199661277765522,16.400030227668914,15.469490442957184,14.349551572754164,16.423133886460867,16.99807265328173,17.181616899073383,16.550739158751707,16.821940464799557,15.85479639739825,1.0,1.0,1.0,1.0,1.0,1.0,1.0,1.0,1.0,1.0
68.75,4.0,17.569761625069983,18.86183865450328,18.338938770872662,18.457501579319278,21.014214064272565,21.054218389938832,20.804482852137046,20.926291476489276,21.751789731910186,20.36714521524185,1.0,1.0,1.0,1.0,1.0,1.0,1.0,1.0,1.0,1.0
69.0,1.0,17.80954315071577,20.416302810676047,20.164578253774703,18.632941893795703,19.500887604050668,19.563281580396,19.235560791904707,19.75839407513255,19.810557309081975,18.753154318812985,1.0,1.0,1.0,1.0,1.0,1.0,1.0,1.0,1.0,1.0
69.25,2.0,17.064208173010424,16.736406898309188,16.24553705754322,16.28258135680918,17.832956886268313,18.70469984825761,18.07242995918986,18.161619013136036,18.76321127926863,19.22993016056331,1.0,1.0,1.0,1.0,1.0,1.0,1.0,1.0,1.0,1.0
69.5,3.0,0.0,0.0,0.0,0.0,0.0,0.0,0.0,0.0,0.0,0.0,0.0,0.0,0.0,0.0,0.0,0.0,0.0,0.0,0.0,0.0
69.75,4.0,18.98000557849864,18.325121058060056,18.412961046853194,19.102949950159616,21.955986020974095,21.57708912478385,21.0287675198024,20.389002452902716,20.28882580575966,20.409883146657513,1.0,1.0,1.0,1.0,1.0,1.0,1.0,1.0,1.0,1.0
70.0,1.0,18.16397759400039,19.43182144320079,17.777522797668023,17.62225203161875,19.104975149011683,18.389409331861962,18.70144748452218,18.177410170924965,17.9947173848249,17.24609150800389,1.0,1.0,1.0,1.0,1.0,1.0,1.0,1.0,1.0,1.0
70.25,2.0,0.0,0.0,0.0,0.0,0.0,0.0,0.0,0.0,0.0,0.0,0.0,0.0,0.0,0.0,0.0,0.0,0.0,0.0,0.0,0.0
70.5,3.0,15.46189284590341,15.19566436346457,16.181713844072135,15.995266176365735,15.8120509975824,16.40010908346136,16.871791526212753,16.271900645360507,17.94726242678047,16.93696627516433,1.0,1.0,1.0,1.0,1.0,1.0,1.0,1.0,1.0,1.0
70.75,4.0,19.05968290286729,19.16813425416641,19.271244913182244,20.261213116761965,21.90218427905538,21.330051847019547,19.93076369923487,20.506080020472297,20.358924897086897,19.463671288203063,1.0,1.0,1.0,1.0,1.0,1.0,1.0,1.0,1.0,1.0
71.0,1.0,0.0,0.0,0.0,0.0,0.0,0.0,0.0,0.0,0.0,0.0,0.0,0.0,0.0,0.0,0.0,0.0,0.0,0.0,0.0,0.0
71.25,2.0,15.717950030251485,15.161699340469472,14.386262429772897,15.69056196157897,17.754317218184333,18.040308267953396,17.40378429362689,17.68391545684121,18.53364144382339,19.281464897330867,1.0,1.0,1.0,1.0,1.0,1.0,1.0,1.0,1.0,1.0
71.5,3.0,15.639834951594715,14.66624813110476,16.06597435221247,16.281302254379487,15.447247785992301,15.7141983116963,16.425704025679266,17.173754540627524,18.226741744015047,17.01923494518629,1.0,1.0,1.0,1.0,1.0,1.0,1.0,1.0,1.0,1.0
71.75,4.0,0.0,0.0,0.0,0.0,0.0,0.0,0.0,0.0,0.0,0.0,0.0,0.0,0.0,0.0,0.0,0.0,0.0,0.0,0.0,0.0
72.0,1.0,17.835547342095126,18.109930503067464,17.799781335705696,17.72557528495902,18.161689160969484,18.712653665954225,17.64071722424101,17.83076471727505,16.716685945086727,16.443029394959407,1.0,1.0,1.0,1.0,1.0,1.0,1.0,1.0,1.0,1.0
72.25,2.0,15.802134468787289,15.880760447188587,16.121765104003412,16.11518802146201,16.949300390139477,17.27953385927321,16.759966397428133,17.58715043951886,18.70869660702142,19.25649668892053,1.0,1.0,1.0,1.0,1.0,1.0,1.0,1.0,1.0,1.0
72.5,3.0,0.0,0.0,0.0,0.0,0.0,0.0,0.0,0.0,0.0,0.0,0.0,0.0,0.0,0.0,0.0,0.0,0.0,0.0,0.0,0.0
72.75,4.0,19.765416515068797,21.114931296072136,22.50429119952615,20.83280287218105,21.239847587062478,20.00122462056002,18.951443685612528,19.371126808346375,19.967602305305935,19.379935563957094,1.0,1.0,1.0,1.0,1.0,1.0,1.0,1.0,1.0,1.0
73.0,1.0,18.388405023078025,17.938147502671374,17.840004325407705,17.442741039476438,18.043426879414724,18.72232336358394,17.887810277852342,17.584781798792616,17.42018668828396,16.48165017128921,1.0,1.0,1.0,1.0,1.0,1.0,1.0,1.0,1.0,1.0
73.25,2.0,0.0,0.0,0.0,0.0,0.0,0.0,0.0,0.0,0.0,0.0,0.0,0.0,0.0,0.0,0.0,0.0,0.0,0.0,0.0,0.0
73.5,3.0,15.73176861834902,17.695023812794176,16.586182035794717,15.612850929593087,17.35538896516734,16.952501346305507,17.395009863562255,17.26369847819133,18.014731317407684,16.581020776798315,1.0,1.0,1.0,1.0,1.0,1.0,1.0,1.0,1.0,1.0
73.75,4.0,20.086414491065145,21.32331420242443,20.340572560687395,18.96898512181982,19.660743827970727,19.170215324923685,18.550105131358308,19.53614324184838,19.20016225905433,18.78722547713048,1.0,1.0,1.0,1.0,1.0,1.0,1.0,1.0,1.0,1.0
74.0,1.0,17.643821158205576,18.322747898544314,17.732023450522068,18.717432904317395,18.322103910030854,17.989431397075506,18.09313805162344,17.580706465647506,17.517446254344843,16.659082760110223,1.0,1.0,1.0,1.0,1.0,1.0,1.0,1.0,1.0,1.0
74.25,2.0,16.45324308086373,16.166596632740617,16.609566441936728,17.522298585657644,17.406072694404443,18.391565878742774,17.610099457875652,18.39387966003047,18.315341756649307,17.146721217837488,1.0,1.0,1.0,1.0,1.0,1.0,1.0,1.0,1.0,1.0
74.5,3.0,0.0,0.0,0.0,0.0,0.0,0.0,0.0,0.0,0.0,0.0,0.0,0.0,0.0,0.0,0.0,0.0,0.0,0.0,0.0,0.0
74.75,4.0,0.0,0.0,0.0,0.0,0.0,0.0,0.0,0.0,0.0,0.0,0.0,0.0,0.0,0.0,0.0,0.0,0.0,0.0,0.0,0.0
75.0,1.0,18.79043356259315,18.890175013719077,18.910548496777853,17.678525834138505,18.06034055761841,18.607292739033486,18.717753519537933,17.568213434716345,16.999268444853822,17.208163963122452,1.0,1.0,1.0,1.0,1.0,1.0,1.0,1.0,1.0,1.0
75.25,2.0,16.998005909593292,18.23554430153365,19.375157989022586,18.347775688725118,18.028203627319662,19.158271033198705,18.9260257740382,18.577199075271583,17.393505169104774,16.847695878418985,1.0,1.0,1.0,1.0,1.0,1.0,1.0,1.0,1.0,1.0
75.5,3.0,17.154097841925513,17.24058966819746,16.304490796205933,17.432532445966125,19.072133430792956,18.901805908862887,18.91284924827761,18.63862165660601,19.5573056635275,19.317528496655026,1.0,1.0,1.0,1.0,1.0,1.0,1.0,1.0,1.0,1.0
75.75,4.0,20.23156999039967,20.010490747008383,19.22369537099306,17.725521526896436,17.789965697589917,18.134401455653485,16.682267159504867,17.69269303340821,18.471152978811247,18.644234149422072,1.0,1.0,1.0,1.0,1.0,1.0,1.0,1.0,1.0,1.0
76.0,1.0,18.552166168028748,18.824171451185634,18.252040209132506,18.06046897037643,18.74539618971739,18.638165278469522,18.12971066466989,18.486193145085526,17.904186910550607,18.750390814123076,1.0,1.0,1.0,1.0,1.0,1.0,1.0,1.0,1.0,1.0
76.25,2.0,0.0,0.0,0.0,0.0,0.0,0.0,0.0,0.0,0.0,0.0,0.0,0.0,0.0,0.0,0.0,0.0,0.0,0.0,0.0,0.0
76.5,3.0,15.73948965853679,17.992582087605236,18.083641950488573,19.148484928276158,20.136388350778567,19.222406505666715,20.56091700087111,20.158789459920822,21.334056651551013,20.549994932193055,1.0,1.0,1.0,1.0,1.0,1.0,1.0,1.0,1.0,1.0
76.75,4.0,18.466433609772697,19.053136791442974,17.90018906124992,17.09410015591802,17.59462318201489,18.203386296626885,17.274901640872695,19.475742874118847,19.95807728318772,20.561037108710824,1.0,1.0,1.0,1.0,1.0,1.0,1.0,1.0,1.0,1.0
77.0,1.0,18.474280629813755,18.519893908602334,18.569026458523364,18.616572477511937,18.170863252557993,17.29249910604838,17.781690474056646,18.650751452428658,18.727456570308977,19.293901727311976,1.0,1.0,1.0,1.0,1.0,1.0,1.0,1.0,1.0,1.0
77.25,2.0,18.890665836906443,19.275560035378312,19.643193690341647,17.81045439634333,18.166882100403676,17.886264447966205,18.125827997742554,18.377777049267653,16.63069079058235,15.21402951623927,1.0,1.0,1.0,1.0,1.0,1.0,1.0,1.0,1.0,1.0
77.5,3.0,0.0,0.0,0.0,0.0,0.0,0.0,0.0,0.0,0.0,0.0,0.0,0.0,0.0,0.0,0.0,0.0,0.0,0.0,0.0,0.0
77.75,4.0,17.57875049315603,17.446538097741282,17.58477446824104,17.67897592801529,17.6502560632459,18.04390376492536,17.522616259488846,19.46757093860719,19.599542512223334,20.65939127650409,1.0,1.0,1.0,1.0,1.0,1.0,1.0,1.0,1.0,1.0
78.0,1.0,18.341092102454706,18.080156623009792,18.02012516776181,17.812074123535712,17.157880926983434,16.534828086566414,17.181471970882967,18.62066864450333,18.31401602545409,18.342950643717117,1.0,1.0,1.0,1.0,1.0,1.0,1.0,1.0,1.0,1.0
78.25,2.0,0.0,0.0,0.0,0.0,0.0,0.0,0.0,0.0,0.0,0.0,0.0,0.0,0.0,0.0,0.0,0.0,0.0,0.0,0.0,0.0
78.5,3.0,16.07894919907377,20.158004634440893,19.045728143759906,19.92948057559399,19.605063389386927,20.985580149051223,20.63506398902023,21.278145362584826,21.04215400581871,19.10725957452524,1.0,1.0,1.0,1.0,1.0,1.0,1.0,1.0,1.0,1.0
78.75,4.0,17.184413250447466,16.841042374713567,17.492127833659012,17.642247745212497,18.38036060473395,18.264817515739047,17.918099670203087,19.340547023934647,20.18621080515533,20.41685251021331,1.0,1.0,1.0,1.0,1.0,1.0,1.0,1.0,1.0,1.0
79.0,1.0,0.0,0.0,0.0,0.0,0.0,0.0,0.0,0.0,0.0,0.0,0.0,0.0,0.0,0.0,0.0,0.0,0.0,0.0,0.0,0.0
79.25,2.0,17.033274988577677,17.030815211777146,18.44334731261195,17.43446310586237,16.97999513579635,16.28425408747455,16.198446911210798,15.883729038548822,15.737769947393364,14.806440866987469,1.0,1.0,1.0,1.0,1.0,1.0,1.0,1.0,1.0,1.0
79.5,3.0,16.987649516204677,19.855772915885808,17.870597881998357,18.869088209317034,19.83583194244464,20.977342036760405,19.69923907985393,19.652277144362248,18.663862826912748,18.033641281808283,1.0,1.0,1.0,1.0,1.0,1.0,1.0,1.0,1.0,1.0
79.75,4.0,0.0,0.0,0.0,0.0,0.0,0.0,0.0,0.0,0.0,0.0,0.0,0.0,0.0,0.0,0.0,0.0,0.0,0.0,0.0,0.0
80.0,1.0,15.21028553548962,17.140929062283476,17.134591833325484,17.211003401883964,17.811300325264156,17.80244047953859,16.948652339491627,17.0227131945901,16.763465173740766,17.119381883243506,1.0,1.0,1.0,1.0,1.0,1.0,1.0,1.0,1.0,1.0
80.25,2.0,17.158941554103123,18.355089277975914,19.013275361540604,17.50619981420467,16.399600825151985,16.19310577887174,16.15308108920216,15.54904940096506,15.319132941463575,14.221301186806876,1.0,1.0,1.0,1.0,1.0,1.0,1.0,1.0,1.0,1.0
80.5,3.0,0.0,0.0,0.0,0.0,0.0,0.0,0.0,0.0,0.0,0.0,0.0,0.0,0.0,0.0,0.0,0.0,0.0,0.0,0.0,0.0
80.75,4.0,14.572616254750782,17.286258711452895,15.687995662177736,16.731728031658005,17.778667688093503,17.05769296793174,17.88818979354922,18.756390993230678,18.553173713857,19.219314196477068,1.0,1.0,1.0,1.0,1.0,1.0,1.0,1.0,1.0,1.0
81.0,1.0,15.263132989009634,16.88308815597485,15.96130144975712,16.161986270383338,17.41597990474148,17.406989876474206,17.17859280446927,16.926923680194253,16.86712156792697,17.224855773696056,1.0,1.0,1.0,1.0,1.0,1.0,1.0,1.0,1.0,1.0
81.25,2.0,0.0,0.0,0.0,0.0,0.0,0.0,0.0,0.0,0.0,0.0,0.0,0.0,0.0,0.0,0.0,0.0,0.0,0.0,0.0,0.0
81.5,3.0,16.788838657888554,19.19287434140625,18.414691925550287,19.40507429600256,19.305168880522984,18.676590205659334,17.883396941704216,17.356721244260594,16.98006242238729,16.279567596776797,1.0,1.0,1.0,1.0,1.0,1.0,1.0,1.0,1.0,1.0
81.75,4.0,14.376182946847218,16.996037858141605,16.954150628873535,17.46151082353085,17.232940679261255,16.839736608709334,16.692773924843785,18.026204794118634,18.122027612266677,18.513665958186532,1.0,1.0,1.0,1.0,1.0,1.0,1.0,1.0,1.0,1.0
82.0,1.0,15.321843089045217,17.123591905287746,16.284099684088698,16.601253760630144,17.263919735437778,16.668663063218276,16.49167879645438,16.096499327751882,16.542581293028807,17.21752066667711,1.0,1.0,1.0,1.0,1.0,1.0,1.0,1.0,1.0,1.0
82.25,2.0,18.409078108309615,18.52834267024081,17.243937187793225,13.857748382746129,14.929996525507464,13.970300659573105,14.302806651230998,15.51471567602193,15.984301625790042,15.826945139638568,1.0,1.0,1.0,1.0,1.0,1.0,1.0,1.0,1.0,1.0
82.5,3.0,0.0,0.0,0.0,0.0,0.0,0.0,0.0,0.0,0.0,0.0,0.0,0.0,0.0,0.0,0.0,0.0,0.0,0.0,0.0,0.0
82.75,4.0,14.937219975218365,17.247498671397825,16.60716623759079,16.891286438555785,17.588002976161444,17.12903360873266,16.30237463790733,17.569392534271326,18.53259186628774,18.879441131201016,1.0,1.0,1.0,1.0,1.0,1.0,1.0,1.0,1.0,1.0
83.0,1.0,16.125944142557497,17.057966923199583,16.384979469121603,16.757323540667798,17.131016688889297,16.997939959260183,16.677308206826677,17.635087396132832,17.03011529282156,17.824046297762745,1.0,1.0,1.0,1.0,1.0,1.0,1.0,1.0,1.0,1.0
83.25,2.0,17.63843793333811,18.019832708347014,15.166498688057171,12.959517527259429,14.61901292406757,14.602184336574496,15.056942390030127,15.570996066882795,15.957547501211579,15.745326041910582,1.0,1.0,1.0,1.0,1.0,1.0,1.0,1.0,1.0,1.0
83.5,3.0,17.952487535833413,19.315427981061706,18.078817841958585,17.12505928003883,17.00684577105689,16.72779657543551,16.372749005986737,15.253113537930306,14.651047192694072,14.634456871306798,1.0,1.0,1.0,1.0,1.0,1.0,1.0,1.0,1.0,1.0
83.75,4.0,13.838972796668262,16.447614150277968,16.005345099761673,15.799455752280402,17.872456128534747,17.00649601517236,16.913796161790835,17.422627778355345,18.312614031519544,19.14551414374416,1.0,1.0,1.0,1.0,1.0,1.0,1.0,1.0,1.0,1.0
84.0,1.0,0.0,0.0,0.0,0.0,0.0,0.0,0.0,0.0,0.0,0.0,0.0,0.0,0.0,0.0,0.0,0.0,0.0,0.0,0.0,0.0
84.25,2.0,0.0,0.0,0.0,0.0,0.0,0.0,0.0,0.0,0.0,0.0,0.0,0.0,0.0,0.0,0.0,0.0,0.0,0.0,0.0,0.0
84.5,3.0,17.393456748728426,17.57098919837232,16.40137870693569,15.577950386795232,15.428656470786542,15.80930588556876,15.228846057443548,14.751703915592785,15.3188481718906,15.318028989317726,1.0,1.0,1.0,1.0,1.0,1.0,1.0,1.0,1.0,1.0
84.75,4.0,0.0,0.0,0.0,0.0,0.0,0.0,0.0,0.0,0.0,0.0,0.0,0.0,0.0,0.0,0.0,0.0,0.0,0.0,0.0,0.0
85.0,1.0,16.662556790941697,16.63034467090014,16.176482929239558,17.165969694520996,17.450261709669178,18.337115482765014,17.832508170027964,18.26196848759023,18.05928529796644,18.104011749727913,1.0,1.0,1.0,1.0,1.0,1.0,1.0,1.0,1.0,1.0
85.25,2.0,18.144462977412456,15.55139606874866,15.681669569885932,14.76021860078612,13.926630264969601,14.01683696299629,13.520859861945121,14.851267062297612,14.170021785565307,13.659606042572364,1.0,1.0,1.0,1.0,1.0,1.0,1.0,1.0,1.0,1.0
85.5,3.0,0.0,0.0,0.0,0.0,0.0,0.0,0.0,0.0,0.0,0.0,0.0,0.0,0.0,0.0,0.0,0.0,0.0,0.0,0.0,0.0
85.75,4.0,14.215894215883766,14.45927060349429,13.375965194290336,14.958715670468852,16.443056681421133,16.17101217012647,16.90545654344022,18.463334224497466,19.306934972704802,20.199749347495633,1.0,1.0,1.0,1.0,1.0,1.0,1.0,1.0,1.0,1.0
86.0,1.0,16.733955064525723,16.53501717812037,17.439445213028527,17.902218042982756,17.936134792662425,18.119654498178598,17.269327165126683,17.44901763893756,17.233743920076623,18.51072589405257,1.0,1.0,1.0,1.0,1.0,1.0,1.0,1.0,1.0,1.0
86.25,2.0,0.0,0.0,0.0,0.0,0.0,0.0,0.0,0.0,0.0,0.0,0.0,0.0,0.0,0.0,0.0,0.0,0.0,0.0,0.0,0.0
86.5,3.0,15.880677492718155,15.999894948127729,14.910287107924452,14.110996898322725,16.19135000523836,15.510905307722014,14.622893278153157,14.743238817929738,14.30607065420634,15.394492782501892,1.0,1.0,1.0,1.0,1.0,1.0,1.0,1.0,1.0,1.0
86.75,4.0,13.744651079562983,14.200222721570219,15.103629504041507,15.894436735385014,17.000268288831926,17.529255516996443,18.259876596727135,19.52829946554487,19.375916004707243,19.625414301016505,1.0,1.0,1.0,1.0,1.0,1.0,1.0,1.0,1.0,1.0
87.0,1.0,0.0,0.0,0.0,0.0,0.0,0.0,0.0,0.0,0.0,0.0,0.0,0.0,0.0,0.0,0.0,0.0,0.0,0.0,0.0,0.0
87.25,2.0,15.359348473869437,16.309855362747125,15.296821199557783,14.795280138332748,14.091737006635354,13.874413288924393,13.403097035692868,14.087160955345418,13.72211650815763,13.001047425086245,1.0,1.0,1.0,1.0,1.0,1.0,1.0,1.0,1.0,1.0
87.5,3.0,0.0,0.0,0.0,0.0,0.0,0.0,0.0,0.0,0.0,0.0,0.0,0.0,0.0,0.0,0.0,0.0,0.0,0.0,0.0,0.0
87.75,4.0,0.0,0.0,0.0,0.0,0.0,0.0,0.0,0.0,0.0,0.0,0.0,0.0,0.0,0.0,0.0,0.0,0.0,0.0,0.0,0.0
88.0,1.0,15.276342882637634,15.03958432999853,17.16682630781968,17.078976989812602,18.259703385247846,18.327059186652075,18.27427926328902,18.127549874319755,17.84478357232807,18.069496603470743,1.0,1.0,1.0,1.0,1.0,1.0,1.0,1.0,1.0,1.0
88.25,2.0,15.157192456747278,15.976870750059971,15.490897495756094,14.685860286936121,14.580152873514589,14.78592508049994,15.225043604746984,15.078100723092344,14.895644435950782,13.589190029186504,1.0,1.0,1.0,1.0,1.0,1.0,1.0,1.0,1.0,1.0
88.5,3.0,0.0,0.0,0.0,0.0,0.0,0.0,0.0,0.0,0.0,0.0,0.0,0.0,0.0,0.0,0.0,0.0,0.0,0.0,0.0,0.0
88.75,4.0,14.86228752177089,16.587181676030475,16.50161640253431,15.732355705735417,16.94644601210069,16.85495798009211,17.446055679906333,17.01043911142184,16.474119976654826,17.18093468612084,1.0,1.0,1.0,1.0,1.0,1.0,1.0,1.0,1.0,1.0
89.0,1.0,15.351153366335163,15.981374171327095,16.67861653244686,16.41948761695518,17.95595855113728,18.006001399330042,18.18462389758293,17.0447635313353,16.064050544413305,16.917521711680045,1.0,1.0,1.0,1.0,1.0,1.0,1.0,1.0,1.0,1.0
89.25,2.0,0.0,0.0,0.0,0.0,0.0,0.0,0.0,0.0,0.0,0.0,0.0,0.0,0.0,0.0,0.0,0.0,0.0,0.0,0.0,0.0
89.5,3.0,14.120891425591903,14.344610440851758,15.597364848143167,14.19842087159458,14.603838334203077,14.262770139515675,15.491487227692641,15.958504353868694,15.175519966849603,15.335621017195669,1.0,1.0,1.0,1.0,1.0,1.0,1.0,1.0,1.0,1.0
89.75,4.0,17.16039475671914,17.06346691207056,16.554932114545068,15.955538383449968,16.813890612176507,16.036427333335194,16.140174229236518,16.851586799762625,15.63302385293495,16.6485379938072,1.0,1.0,1.0,1.0,1.0,1.0,1.0,1.0,1.0,1.0
90.0,1.0,16.50369885726993,15.965965266385352,16.526158599971634,18.23993207422683,19.168357898290953,17.842441207781235,18.074602385916453,17.050409593250635,16.145378068037324,16.473288521020574,1.0,1.0,1.0,1.0,1.0,1.0,1.0,1.0,1.0,1.0
90.25,2.0,17.88936684449476,16.963743087377384,16.255268546576954,16.53297311746306,15.795338778531395,15.51884086052049,14.991630353064982,15.668284430337629,15.767889177616949,13.717285289382337,1.0,1.0,1.0,1.0,1.0,1.0,1.0,1.0,1.0,1.0
90.5,3.0,0.0,0.0,0.0,0.0,0.0,0.0,0.0,0.0,0.0,0.0,0.0,0.0,0.0,0.0,0.0,0.0,0.0,0.0,0.0,0.0
90.75,4.0,17.043076130851155,16.389922710458386,16.23964276845949,15.618841979416768,15.349582380478942,14.477146928771587,15.922307557091823,16.162035798700796,16.517533876606144,18.076369622056337,1.0,1.0,1.0,1.0,1.0,1.0,1.0,1.0,1.0,1.0
91.0,1.0,16.02281673820985,15.233371403078266,17.344933691176422,18.217206032304436,19.241898474592716,17.71329416752087,17.695601756660707,17.02478962099774,16.230536427434508,17.257653592581608,1.0,1.0,1.0,1.0,1.0,1.0,1.0,1.0,1.0,1.0
91.25,2.0,17.45722461082193,15.845331733073731,16.453547150441505,14.755055525873143,14.035349314485032,15.42573520271267,15.296218249968495,15.853835975922584,14.679906673094417,12.438151568458089,1.0,1.0,1.0,1.0,1.0,1.0,1.0,1.0,1.0,1.0
91.5,3.0,16.004208930250613,14.674124950547194,15.953863582484248,15.52265048526664,14.97722820910574,15.712125076586492,16.031315836367042,16.59099894827776,15.746432244040069,16.21698244821362,1.0,1.0,1.0,1.0,1.0,1.0,1.0,1.0,1.0,1.0
91.75,4.0,16.892368076986077,16.65021856829886,17.208110700424232,16.198455124870005,15.092501727838291,14.053770922698044,15.33681616720284,16.677990521146995,16.037014310843986,18.398745425334905,1.0,1.0,1.0,1.0,1.0,1.0,1.0,1.0,1.0,1.0
92.0,1.0,0.0,0.0,0.0,0.0,0.0,0.0,0.0,0.0,0.0,0.0,0.0,0.0,0.0,0.0,0.0,0.0,0.0,0.0,0.0,0.0
92.25,2.0,0.0,0.0,0.0,0.0,0.0,0.0,0.0,0.0,0.0,0.0,0.0,0.0,0.0,0.0,0.0,0.0,0.0,0.0,0.0,0.0
92.5,3.0,16.187932804279384,15.64185949422667,15.152122214355257,15.346056959697977,15.248907803944451,15.751662451294695,15.717736266618838,16.227844191339997,16.22363533892181,16.804020219808713,1.0,1.0,1.0,1.0,1.0,1.0,1.0,1.0,1.0,1.0
92.75,4.0,0.0,0.0,0.0,0.0,0.0,0.0,0.0,0.0,0.0,0.0,0.0,0.0,0.0,0.0,0.0,0.0,0.0,0.0,0.0,0.0
93.0,1.0,15.571792171521205,16.015457835526327,18.980203917089412,18.057236642592375,18.095438392392886,16.722195563496047,16.7222686009237,15.87311020630916,14.890010454440318,16.225926450940253,1.0,1.0,1.0,1.0,1.0,1.0,1.0,1.0,1.0,1.0
93.25,2.0,16.902112222243527,17.07606507387014,17.274799202649557,16.26405471764369,16.106671657762348,15.485115445398755,14.431529400761052,14.263222220040488,13.783198327413478,12.639605544196735,1.0,1.0,1.0,1.0,1.0,1.0,1.0,1.0,1.0,1.0
93.5,3.0,0.0,0.0,0.0,0.0,0.0,0.0,0.0,0.0,0.0,0.0,0.0,0.0,0.0,0.0,0.0,0.0,0.0,0.0,0.0,0.0
93.75,4.0,17.412520199701444,16.949924862503725,16.76378498287328,16.68845027303793,17.844962823065035,18.423130080511417,18.75128692380509,19.40741260190121,17.93642069386923,19.407576507101663,1.0,1.0,1.0,1.0,1.0,1.0,1.0,1.0,1.0,1.0
94.0,1.0,16.397459287020308,17.84702145064147,17.60137641175868,17.808989641259426,16.90725461037042,15.631323997983325,15.598580453114291,15.44890499137827,15.573985983536184,16.01112322722906,1.0,1.0,1.0,1.0,1.0,1.0,1.0,1.0,1.0,1.0
94.25,2.0,0.0,0.0,0.0,0.0,0.0,0.0,0.0,0.0,0.0,0.0,0.0,0.0,0.0,0.0,0.0,0.0,0.0,0.0,0.0,0.0
94.5,3.0,17.313459499756846,15.939642887197097,16.345850908249666,16.281634156709273,15.756583343785017,16.32697683875868,15.994020506258597,16.253060978272114,15.566497857584613,16.039345546000742,1.0,1.0,1.0,1.0,1.0,1.0,1.0,1.0,1.0,1.0
94.75,4.0,16.55816132265165,17.223597994799878,16.361512409959467,16.395948055292013,18.428104517788046,18.61684644713513,18.63876675622525,19.51714485503099,18.137490235710334,19.0234770303978,1.0,1.0,1.0,1.0,1.0,1.0,1.0,1.0,1.0,1.0
95.0,1.0,0.0,0.0,0.0,0.0,0.0,0.0,0.0,0.0,0.0,0.0,0.0,0.0,0.0,0.0,0.0,0.0,0.0,0.0,0.0,0.0
95.25,2.0,16.505673902150942,15.892643734544558,15.825676224633673,15.770081158203398,16.383298822368207,16.316554342300275,16.46171816464496,15.783012357973883,15.003251373460307,14.170551973116083,1.0,1.0,1.0,1.0,1.0,1.0,1.0,1.0,1.0,1.0
95.5,3.0,0.0,0.0,0.0,0.0,0.0,0.0,0.0,0.0,0.0,0.0,0.0,0.0,0.0,0.0,0.0,0.0,0.0,0.0,0.0,0.0
95.75,4.0,0.0,0.0,0.0,0.0,0.0,0.0,0.0,0.0,0.0,0.0,0.0,0.0,0.0,0.0,0.0,0.0,0.0,0.0,0.0,0.0
96.0,1.0,16.199392762929165,15.72171409764203,15.02758336766859,14.63105777481995,16.30057410747067,16.06690480885485,15.699428526865262,15.605735490591732,15.195925925864229,16.134222184733066,1.0,1.0,1.0,1.0,1.0,1.0,1.0,1.0,1.0,1.0
96.25,2.0,17.83878485377625,17.20714666802186,16.458701788156482,16.480097238260836,15.416561612792597,15.263785313059815,15.773550881074257,15.294846372005747,14.785960673959574,14.694873779935046,1.0,1.0,1.0,1.0,1.0,1.0,1.0,1.0,1.0,1.0
96.5,3.0,0.0,0.0,0.0,0.0,0.0,0.0,0.0,0.0,0.0,0.0,0.0,0.0,0.0,0.0,0.0,0.0,0.0,0.0,0.0,0.0
96.75,4.0,15.986624425455023,17.395830659908015,17.193086798011077,18.559314931409208,18.437920028275265,17.87835825280707,18.16734761739426,18.768045573965452,18.60087230896443,19.825439892105415,1.0,1.0,1.0,1.0,1.0,1.0,1.0,1.0,1.0,1.0
97.0,1.0,14.942451841019013,13.697361913317184,13.093272509502189,13.49232041174044,15.987013156737213,16.67494832845855,16.369704252074747,15.857761591213244,16.314645838602054,17.262830011258302,1.0,1.0,1.0,1.0,1.0,1.0,1.0,1.0,1.0,1.0
97.25,2.0,0.0,0.0,0.0,0.0,0.0,0.0,0.0,0.0,0.0,0.0,0.0,0.0,0.0,0.0,0.0,0.0,0.0,0.0,0.0,0.0
97.5,3.0,16.427541458137277,15.508025945965256,14.620053068028069,15.603172826890255,15.899366307906043,16.17800472303386,15.16062606185142,15.111549225080525,15.514631037307852,16.446721882476403,1.0,1.0,1.0,1.0,1.0,1.0,1.0,1.0,1.0,1.0
97.75,4.0,15.780807434815062,17.317058450354363,17.8845756517126,18.792461174781387,18.212705412832733,17.974518187749123,18.709703297697775,19.095514494596447,19.125619994264486,20.333824521288403,1.0,1.0,1.0,1.0,1.0,1.0,1.0,1.0,1.0,1.0
98.0,1.0,15.140127684124046,13.058109543027143,12.039664769819634,13.220292147258252,16.298962090821302,16.938403373360327,16.894515169029766,17.242589927388448,17.76746463103773,18.91742978635789,1.0,1.0,1.0,1.0,1.0,1.0,1.0,1.0,1.0,1.0
98.25,2.0,16.148901606284838,16.00689950478321,14.320361117031725,15.193531967591804,15.35378891372464,14.743361370383065,14.91886676284123,15.402305981994127,15.800185215520687,15.496381620345263,1.0,1.0,1.0,1.0,1.0,1.0,1.0,1.0,1.0,1.0
98.5,3.0,0.0,0.0,0.0,0.0,0.0,0.0,0.0,0.0,0.0,0.0,0.0,0.0,0.0,0.0,0.0,0.0,0.0,0.0,0.0,0.0
98.75,4.0,15.712254412092642,18.40592831678107,18.215829963831116,18.74820188058513,19.229873258357806,18.750084216219634,20.071126492424153,20.69360813302955,21.0797454092463,21.485837974411062,1.0,1.0,1.0,1.0,1.0,1.0,1.0,1.0,1.0,1.0
99.0,1.0,14.52631812941847,12.943097469202163,12.564058506554797,14.077864829856294,16.36814080729149,17.295242883247745,18.151882774961546,17.73069186650967,17.080681091150645,18.17246340261195,1.0,1.0,1.0,1.0,1.0,1.0,1.0,1.0,1.0,1.0
99.25,2.0,0.0,0.0,0.0,0.0,0.0,0.0,0.0,0.0,0.0,0.0,0.0,0.0,0.0,0.0,0.0,0.0,0.0,0.0,0.0,0.0
99.5,3.0,14.639984098469592,13.517064710645727,14.821406695984912,16.65590307406718,15.136100012067065,15.322035354273023,13.790017737523337,14.449424076119692,14.966079667811943,16.29525952748897,1.0,1.0,1.0,1.0,1.0,1.0,1.0,1.0,1.0,1.0
99.75,4.0,16.282056087885728,18.53327143667515,18.47029877420324,19.113125327821756,20.523617104495244,19.29917464854086,19.779656835656727,19.754441467973336,19.996588406866866,20.83824682525334,1.0,1.0,1.0,1.0,1.0,1.0,1.0,1.0,1.0,1.0
100.0,1.0,0.0,0.0,0.0,0.0,0.0,0.0,0.0,0.0,0.0,0.0,0.0,0.0,0.0,0.0,0.0,0.0,0.0,0.0,0.0,0.0
100.25,2.0,0.0,0.0,0.0,0.0,0.0,0.0,0.0,0.0,0.0,0.0,0.0,0.0,0.0,0.0,0.0,0.0,0.0,0.0,0.0,0.0
100.5,3.0,14.771741148986617,14.691884439590474,16.238804021537224,16.954621568352984,15.593115074404093,15.14640593051634,13.959287986201206,14.460346583129288,15.258444679084514,16.28661347973688,1.0,1.0,1.0,1.0,1.0,1.0,1.0,1.0,1.0,1.0
100.75,4.0,0.0,0.0,0.0,0.0,0.0,0.0,0.0,0.0,0.0,0.0,0.0,0.0,0.0,0.0,0.0,0.0,0.0,0.0,0.0,0.0
101.0,1.0,13.404114784776525,13.876867125781818,14.256605676044579,15.751785514573344,17.44406938820453,17.887339043312206,16.83819974500951,17.29794476544589,17.624965124144687,18.91160896525582,1.0,1.0,1.0,1.0,1.0,1.0,1.0,1.0,1.0,1.0
101.25,2.0,17.126322615781632,13.952838549838889,13.812195380150044,15.131570481065593,15.653320304517422,16.150617872893314,16.487505317512678,17.20847031373336,17.13703934268321,16.883671861377696,1.0,1.0,1.0,1.0,1.0,1.0,1.0,1.0,1.0,1.0
101.5,3.0,0.0,0.0,0.0,0.0,0.0,0.0,0.0,0.0,0.0,0.0,0.0,0.0,0.0,0.0,0.0,0.0,0.0,0.0,0.0,0.0
101.75,4.0,16.540904819114058,18.59755852954742,21.109037655653182,20.42218174253002,19.037358244324388,18.827763778748537,18.95965964213015,19.5265527232283,20.909010641330717,20.822743269558508,1.0,1.0,1.0,1.0,1.0,1.0,1.0,1.0,1.0,1.0
102.0,1.0,14.586892613105032,13.345208343301188,13.68027133833606,16.040396421598878,17.020900731613896,17.693521909036253,17.994338262668627,18.358457410370026,18.477665749574818,19.394780945788515,1.0,1.0,1.0,1.0,1.0,1.0,1.0,1.0,1.0,1.0
102.25,2.0,0.0,0.0,0.0,0.0,0.0,0.0,0.0,0.0,0.0,0.0,0.0,0.0,0.0,0.0,0.0,0.0,0.0,0.0,0.0,0.0
102.5,3.0,15.699651604034036,17.24864392281459,17.860052840212223,16.87195603114125,15.918177253409292,15.502141921657657,15.379625929786101,15.823869688673305,15.689742181471265,16.317509111542652,1.0,1.0,1.0,1.0,1.0,1.0,1.0,1.0,1.0,1.0
102.75,4.0,17.73479410412847,19.54128624479942,21.487816199889497,21.047506960325027,18.454362776965304,18.42136619311336,19.238528505991532,20.23103331397512,21.39908826465097,21.882319492350014,1.0,1.0,1.0,1.0,1.0,1.0,1.0,1.0,1.0,1.0
103.0,1.0,0.0,0.0,0.0,0.0,0.0,0.0,0.0,0.0,0.0,0.0,0.0,0.0,0.0,0.0,0.0,0.0,0.0,0.0,0.0,0.0
103.25,2.0,15.278123978541629,13.891796442444186,14.660385661723938,15.989985254182116,14.575008823025255,15.590337925419801,16.710403417573115,16.5414566657562,17.397960711082792,16.66675785312619,1.0,1.0,1.0,1.0,1.0,1.0,1.0,1.0,1.0,1.0
103.5,3.0,0.0,0.0,0.0,0.0,0.0,0.0,0.0,0.0,0.0,0.0,0.0,0.0,0.0,0.0,0.0,0.0,0.0,0.0,0.0,0.0
103.75,4.0,0.0,0.0,0.0,0.0,0.0,0.0,0.0,0.0,0.0,0.0,0.0,0.0,0.0,0.0,0.0,0.0,0.0,0.0,0.0,0.0
104.0,1.0,14.56306631745677,13.726438315048565,14.274468215045708,16.84382942454049,18.887547103566174,19.20624215835663,18.13687406858974,17.659747694263135,17.06202882326697,17.822721467615622,1.0,1.0,1.0,1.0,1.0,1.0,1.0,1.0,1.0,1.0
104.25,2.0,15.722903893948784,15.156757245825373,15.697866956129117,16.467555283837083,15.930648870911625,16.478712620219575,16.83986513003812,15.6283483253401,16.725049030692343,16.641318195778506,1.0,1.0,1.0,1.0,1.0,1.0,1.0,1.0,1.0,1.0
104.5,3.0,0.0,0.0,0.0,0.0,0.0,0.0,0.0,0.0,0.0,0.0,0.0,0.0,0.0,0.0,0.0,0.0,0.0,0.0,0.0,0.0
104.75,4.0,19.13793004293066,19.898820014579464,20.876745628298362,19.012093249504396,19.387311041010832,19.09787584847401,20.591997239260873,20.263339798379526,21.523055946081758,21.823636744919106,1.0,1.0,1.0,1.0,1.0,1.0,1.0,1.0,1.0,1.0
105.0,1.0,15.37379105521208,15.891799755992281,16.221723727407756,18.575269185368875,19.781097087902673,19.202213690235688,18.461277883936976,17.277885727465165,16.542091427190975,17.257192937958266,1.0,1.0,1.0,1.0,1.0,1.0,1.0,1.0,1.0,1.0
105.25,2.0,0.0,0.0,0.0,0.0,0.0,0.0,0.0,0.0,0.0,0.0,0.0,0.0,0.0,0.0,0.0,0.0,0.0,0.0,0.0,0.0
105.5,3.0,18.32297399965256,16.42501289230427,15.742115089317323,14.752197348310814,14.074243898853695,15.181514363581712,16.328412356935925,16.472232879214395,17.124146290685342,16.827695464003572,1.0,1.0,1.0,1.0,1.0,1.0,1.0,1.0,1.0,1.0
105.75,4.0,19.130372736150598,18.887753845028506,18.208367321394554,17.10714216871412,21.133201220237233,21.00009202904024,21.792373499373777,20.622177760648988,21.160852035840623,20.941218260414587,1.0,1.0,1.0,1.0,1.0,1.0,1.0,1.0,1.0,1.0
106.0,1.0,16.06941506388134,17.45522141560676,18.09795770544782,19.524760415965876,19.532906558475865,18.958021131095737,17.440337537513596,17.197720245409457,15.735217069007224,17.267662694671827,1.0,1.0,1.0,1.0,1.0,1.0,1.0,1.0,1.0,1.0
106.25,2.0,16.239686896493073,14.676253619514975,13.51223566701024,15.638164572376274,16.841673157068758,17.51996072940645,17.76265370382275,16.499452280752813,17.492625064688916,17.558653080985938,1.0,1.0,1.0,1.0,1.0,1.0,1.0,1.0,1.0,1.0
106.5,3.0,0.0,0.0,0.0,0.0,0.0,0.0,0.0,0.0,0.0,0.0,0.0,0.0,0.0,0.0,0.0,0.0,0.0,0.0,0.0,0.0
106.75,4.0,17.774460899562783,17.605106741371678,16.90519450457395,18.317117416446937,19.99144318482368,20.304755527659637,21.052526629484028,19.996348539830706,21.30097001841631,21.1696302931225,1.0,1.0,1.0,1.0,1.0,1.0,1.0,1.0,1.0,1.0
107.0,1.0,17.37879228035408,19.515186736526285,19.020475502651212,18.469640111661867,18.38484244830814,18.802881206160514,17.476460926621805,16.965451496284356,16.969392132663074,18.151561440320474,1.0,1.0,1.0,1.0,1.0,1.0,1.0,1.0,1.0,1.0
107.25,2.0,0.0,0.0,0.0,0.0,0.0,0.0,0.0,0.0,0.0,0.0,0.0,0.0,0.0,0.0,0.0,0.0,0.0,0.0,0.0,0.0
107.5,3.0,16.760737853042496,16.314878034911622,14.687285657521526,14.145314562233057,15.94360463416106,17.437631843625265,16.985066206676002,17.951233288402005,18.30454968145187,17.476533609042864,1.0,1.0,1.0,1.0,1.0,1.0,1.0,1.0,1.0,1.0
107.75,4.0,16.397503505437186,16.290897034679816,18.085443852524833,19.816358604350253,19.49015695145364,19.939990381997323,19.669494361567928,20.40687273533663,20.015559413134405,20.353472421776733,1.0,1.0,1.0,1.0,1.0,1.0,1.0,1.0,1.0,1.0
108.0,1.0,0.0,0.0,0.0,0.0,0.0,0.0,0.0,0.0,0.0,0.0,0.0,0.0,0.0,0.0,0.0,0.0,0.0,0.0,0.0,0.0
108.25,2.0,0.0,0.0,0.0,0.0,0.0,0.0,0.0,0.0,0.0,0.0,0.0,0.0,0.0,0.0,0.0,0.0,0.0,0.0,0.0,0.0
108.5,3.0,17.45580891263387,16.626702885801453,15.844311859129514,16.205821818815103,16.731774423545662,18.260180942959785,18.067688060793966,18.750405333523815,18.644267994026926,17.30246339634427,1.0,1.0,1.0,1.0,1.0,1.0,1.0,1.0,1.0,1.0
108.75,4.0,0.0,0.0,0.0,0.0,0.0,0.0,0.0,0.0,0.0,0.0,0.0,0.0,0.0,0.0,0.0,0.0,0.0,0.0,0.0,0.0
109.0,1.0,18.344636982454414,18.50505860062058,17.786796165898764,18.72009015162157,17.74837222424544,18.37731539808238,17.039283522318332,16.95684194719504,17.510898554604207,17.865288173604526,1.0,1.0,1.0,1.0,1.0,1.0,1.0,1.0,1.0,1.0
109.25,2.0,16.43638368944384,15.569119625408005,15.825022508654303,18.957053396680216,17.84912228937115,17.537026401991948,16.80962911613384,16.10593490017123,16.88853391103192,17.235252161318417,1.0,1.0,1.0,1.0,1.0,1.0,1.0,1.0,1.0,1.0
109.5,3.0,0.0,0.0,0.0,0.0,0.0,0.0,0.0,0.0,0.0,0.0,0.0,0.0,0.0,0.0,0.0,0.0,0.0,0.0,0.0,0.0
109.75,4.0,17.732455482764983,17.92004819616367,18.57151582149257,19.98564464217456,21.748617371504803,21.159959147608348,19.97377367660506,19.56584352464007,19.25003145531688,19.845331047140657,1.0,1.0,1.0,1.0,1.0,1.0,1.0,1.0,1.0,1.0
110.0,1.0,19.088584137921288,17.194097004191384,17.264095215881618,19.132591998175315,18.393342541893503,18.940286121000522,17.5488042388421,18.195956633195216,17.472548732116557,17.652695989549663,1.0,1.0,1.0,1.0,1.0,1.0,1.0,1.0,1.0,1.0
110.25,2.0,0.0,0.0,0.0,0.0,0.0,0.0,0.0,0.0,0.0,0.0,0.0,0.0,0.0,0.0,0.0,0.0,0.0,0.0,0.0,0.0
110.5,3.0,18.235931200309228,18.273148796748124,17.93796042320786,18.20221069859901,19.259570109874616,18.346284367515384,17.97536799001875,17.32606388233977,17.618139530625935,17.828653523018648,1.0,1.0,1.0,1.0,1.0,1.0,1.0,1.0,1.0,1.0
110.75,4.0,19.011341621588837,19.630983989566516,19.041427686576355,19.059506384837952,21.88595512111541,21.307121479050842,20.215705762472545,19.854627017199945,20.506671435032565,21.843603861223915,1.0,1.0,1.0,1.0,1.0,1.0,1.0,1.0,1.0,1.0
111.0,1.0,0.0,0.0,0.0,0.0,0.0,0.0,0.0,0.0,0.0,0.0,0.0,0.0,0.0,0.0,0.0,0.0,0.0,0.0,0.0,0.0
111.25,2.0,16.714825779823055,17.561440174891324,18.222747247540326,17.678388942539264,15.995376624601684,16.321941288650294,16.05098443996806,18.637077604749088,18.123243687894995,18.608917480355736,1.0,1.0,1.0,1.0,1.0,1.0,1.0,1.0,1.0,1.0
111.5,3.0,0.0,0.0,0.0,0.0,0.0,0.0,0.0,0.0,0.0,0.0,0.0,0.0,0.0,0.0,0.0,0.0,0.0,0.0,0.0,0.0
111.75,4.0,0.0,0.0,0.0,0.0,0.0,0.0,0.0,0.0,0.0,0.0,0.0,0.0,0.0,0.0,0.0,0.0,0.0,0.0,0.0,0.0
112.0,1.0,16.883697234895386,16.841726442686333,16.61730950508896,17.529079181587285,15.341561798002417,17.626035254102977,16.690402427279587,16.96078118815151,17.494073636689528,17.97467092391177,1.0,1.0,1.0,1.0,1.0,1.0,1.0,1.0,1.0,1.0
112.25,2.0,17.413924426822465,17.459678046186415,17.05805699647656,16.44400589197604,15.699410907378912,17.044624542745748,17.182440230351766,18.746780719726353,18.007927349377006,19.584614339757827,1.0,1.0,1.0,1.0,1.0,1.0,1.0,1.0,1.0,1.0
112.5,3.0,19.1892047677288,19.877685894886653,18.29596506509092,19.603131425118868,18.66914900659056,18.48051665954604,17.45782872775919,16.666946471942634,18.042002053526147,17.692327643954226,1.0,1.0,1.0,1.0,1.0,1.0,1.0,1.0,1.0,1.0
112.75,4.0,19.77368384366311,20.312599432942285,20.348922514994165,20.847560704290682,20.23020531678574,20.2241662524624,20.13945619234433,21.241308108306058,22.114276912486538,22.555820313136937,1.0,1.0,1.0,1.0,1.0,1.0,1.0,1.0,1.0,1.0
113.0,1.0,16.159757506546445,17.390505460353044,17.086996569038252,18.04434680319425,16.885125238187438,18.14400392740846,17.45855532198316,17.290383867794542,18.529878510062822,19.213269531471752,1.0,1.0,1.0,1.0,1.0,1.0,1.0,1.0,1.0,1.0
113.25,2.0,0.0,0.0,0.0,0.0,0.0,0.0,0.0,0.0,0.0,0.0,0.0,0.0,0.0,0.0,0.0,0.0,0.0,0.0,0.0,0.0
113.5,3.0,19.266414726530474,20.541459555165922,19.562675138602142,19.08536289204842,18.553448718155913,19.20484586890893,18.305574759795896,17.891978027526946,18.50179866657506,17.245692856259602,1.0,1.0,1.0,1.0,1.0,1.0,1.0,1.0,1.0,1.0
113.75,4.0,19.91347932091795,20.807352237662723,19.891391029144703,19.850097104882988,19.298529810140828,19.681376465736285,20.62331488412834,21.841016906540833,22.224524981566443,22.637339731636366,1.0,1.0,1.0,1.0,1.0,1.0,1.0,1.0,1.0,1.0
114.0,1.0,17.03412877550572,17.936155730202938,17.139493613955306,18.25706068002443,17.3160406203936,17.732355960096093,17.823327939758332,18.913634820016448,19.211557399427818,20.58474631298095,1.0,1.0,1.0,1.0,1.0,1.0,1.0,1.0,1.0,1.0
114.25,2.0,16.01788068292528,15.313484612496499,15.165514213576035,17.020452168462395,18.921110967214535,17.666324348460527,18.027613964600498,17.780931034896504,18.26799361633097,19.43935451204655,1.0,1.0,1.0,1.0,1.0,1.0,1.0,1.0,1.0,1.0
114.5,3.0,0.0,0.0,0.0,0.0,0.0,0.0,0.0,0.0,0.0,0.0,0.0,0.0,0.0,0.0,0.0,0.0,0.0,0.0,0.0,0.0
114.75,4.0,18.937694619265926,19.21823948531128,19.24632507621047,19.268001381479035,20.157250758262656,20.8664611899679,21.53503721133767,23.16787398191312,23.71225643869349,24.653311020502077,1.0,1.0,1.0,1.0,1.0,1.0,1.0,1.0,1.0,1.0
115.0,1.0,16.96988594079099,16.747645851439987,17.23075066837396,17.693811345982546,17.46609309938403,18.253850475086995,18.355545369445473,19.00220512170821,18.643440485563985,19.29500439473782,1.0,1.0,1.0,1.0,1.0,1.0,1.0,1.0,1.0,1.0
115.25,2.0,0.0,0.0,0.0,0.0,0.0,0.0,0.0,0.0,0.0,0.0,0.0,0.0,0.0,0.0,0.0,0.0,0.0,0.0,0.0,0.0
115.5,3.0,20.105775771136226,19.43467317481576,19.610655068142552,19.04055160206941,18.70076573735041,18.853874043961397,18.36563422673821,18.016102449626384,18.457513226312415,18.15359027461868,1.0,1.0,1.0,1.0,1.0,1.0,1.0,1.0,1.0,1.0
115.75,4.0,19.51961521238427,20.68821523621007,20.045939477570734,20.3051919266641,22.321707805016924,23.149950581478283,23.910824735153923,24.85264284696999,24.64520341348898,24.822008185677962,1.0,1.0,1.0,1.0,1.0,1.0,1.0,1.0,1.0,1.0
116.0,1.0,0.0,0.0,0.0,0.0,0.0,0.0,0.0,0.0,0.0,0.0,0.0,0.0,0.0,0.0,0.0,0.0,0.0,0.0,0.0,0.0
116.25,2.0,15.52728910621638,15.50327380193405,16.24929394647015,19.218827829834286,18.970149713067897,17.824184772783994,18.367405014357743,17.714499294802607,17.997053241911544,18.7692208721458,1.0,1.0,1.0,1.0,1.0,1.0,1.0,1.0,1.0,1.0
116.5,3.0,19.899606378934205,19.672609431547247,20.26467621425883,19.762713750533642,20.049632304089876,19.984321274635967,19.74830073772859,19.81675931861425,20.065463886340343,19.633931107430666,1.0,1.0,1.0,1.0,1.0,1.0,1.0,1.0,1.0,1.0
116.75,4.0,0.0,0.0,0.0,0.0,0.0,0.0,0.0,0.0,0.0,0.0,0.0,0.0,0.0,0.0,0.0,0.0,0.0,0.0,0.0,0.0
117.0,1.0,15.954659804496085,16.489531095320327,16.78434105554186,16.544385651184122,16.832514741952505,18.9887788205937,18.43044688980283,19.28677947919542,19.663882661724372,20.46035488026264,1.0,1.0,1.0,1.0,1.0,1.0,1.0,1.0,1.0,1.0
117.25,2.0,16.298329973434846,17.258330091148103,18.960377873545518,18.950935231077974,17.10354541345836,17.686221812856743,18.23681307934204,18.73651898955053,17.66427844266375,18.09092257377347,1.0,1.0,1.0,1.0,1.0,1.0,1.0,1.0,1.0,1.0
117.5,3.0,0.0,0.0,0.0,0.0,0.0,0.0,0.0,0.0,0.0,0.0,0.0,0.0,0.0,0.0,0.0,0.0,0.0,0.0,0.0,0.0
117.75,4.0,20.85209901261729,20.164487276512173,19.12306022125901,19.43221877796322,21.137740938508575,21.559468060700162,21.33574895670917,21.93051790029861,20.657553999439585,20.20010621333213,1.0,1.0,1.0,1.0,1.0,1.0,1.0,1.0,1.0,1.0
118.0,1.0,16.90255324803585,17.64725410947846,17.39080077156259,16.32510677950478,17.62053320848784,19.17395882454717,18.525207599890123,19.107556574505413,20.17288857418086,20.50065038291238,1.0,1.0,1.0,1.0,1.0,1.0,1.0,1.0,1.0,1.0
118.25,2.0,0.0,0.0,0.0,0.0,0.0,0.0,0.0,0.0,0.0,0.0,0.0,0.0,0.0,0.0,0.0,0.0,0.0,0.0,0.0,0.0
118.5,3.0,19.843146965372007,20.11862589523154,20.076550047199284,18.600462357297157,20.329977677697503,20.489147336081015,20.131871573945247,20.76631203764857,19.707342445225947,19.566164447525153,1.0,1.0,1.0,1.0,1.0,1.0,1.0,1.0,1.0,1.0
118.75,4.0,20.58475876697746,20.255318880250655,19.149660191282564,19.570197540508026,19.436043062182883,19.693246796535544,19.734274137546212,20.387588150168625,20.60114038252427,19.704633904023975,1.0,1.0,1.0,1.0,1.0,1.0,1.0,1.0,1.0,1.0
119.0,1.0,16.430022995850265,18.638878282249983,16.891691913574068,17.00527507458194,18.875259432997137,20.347900315396245,20.465174163821768,21.66703985026108,22.17850254814861,22.516746841322043,1.0,1.0,1.0,1.0,1.0,1.0,1.0,1.0,1.0,1.0
119.25,2.0,18.177766853300966,20.854174166529376,18.930663188547516,17.809214146402432,17.812778013878646,18.29704222064725,18.0100225002473,18.352205215475596,17.668454471466283,16.671792608375394,1.0,1.0,1.0,1.0,1.0,1.0,1.0,1.0,1.0,1.0
119.5,3.0,0.0,0.0,0.0,0.0,0.0,0.0,0.0,0.0,0.0,0.0,0.0,0.0,0.0,0.0,0.0,0.0,0.0,0.0,0.0,0.0
119.75,4.0,0.0,0.0,0.0,0.0,0.0,0.0,0.0,0.0,0.0,0.0,0.0,0.0,0.0,0.0,0.0,0.0,0.0,0.0,0.0,0.0
120.0,1.0,17.829845697877857,18.230884479221807,17.588485550723338,18.645615039893283,20.396424757614053,22.136084956578554,21.77873309755089,22.4530817044753,22.125622479914366,23.3528282525665,1.0,1.0,1.0,1.0,1.0,1.0,1.0,1.0,1.0,1.0
120.25,2.0,19.699210439040556,20.171242486498954,19.197041265131762,18.842140284427597,17.313102370295404,17.346119792327812,17.647810842187543,17.410068100073335,16.882003437363323,16.175185302947828,1.0,1.0,1.0,1.0,1.0,1.0,1.0,1.0,1.0,1.0
120.5,3.0,20.33848170853802,20.371002623672446,20.265634500127955,18.464176070032096,19.918670321411458,19.921008834411243,19.378999668239523,19.77610060064247,20.119766271340037,20.373031818780525,1.0,1.0,1.0,1.0,1.0,1.0,1.0,1.0,1.0,1.0
120.75,4.0,20.48599062876751,20.870699197613767,20.667917804940664,20.56195466377955,19.182287136802834,18.5644102482271,18.998514003588202,18.646959700485528,18.471501666398982,18.522760002526674,1.0,1.0,1.0,1.0,1.0,1.0,1.0,1.0,1.0,1.0
121.0,1.0,0.0,0.0,0.0,0.0,0.0,0.0,0.0,0.0,0.0,0.0,0.0,0.0,0.0,0.0,0.0,0.0,0.0,0.0,0.0,0.0
121.25,2.0,0.0,0.0,0.0,0.0,0.0,0.0,0.0,0.0,0.0,0.0,0.0,0.0,0.0,0.0,0.0,0.0,0.0,0.0,0.0,0.0
121.5,3.0,21.670751809199796,21.13871071412712,20.84452559385494,19.702412400138673,20.422837297883664,20.24570416463063,19.635650921792518,21.041057362608633,20.673469683558032,20.270311578530713,1.0,1.0,1.0,1.0,1.0,1.0,1.0,1.0,1.0,1.0
121.75,4.0,20.410315398674623,21.345164919103357,20.322813075112943,20.422650164406523,19.339408131942122,19.139971844906974,19.65324080430156,18.913686815253705,19.021507496641362,18.36976428166145,1.0,1.0,1.0,1.0,1.0,1.0,1.0,1.0,1.0,1.0
122.0,1.0,17.49032125026357,18.055421922136908,20.093460825756427,21.497084466940468,20.3691482068813,22.434759306922505,21.875320196062823,23.210949762560936,22.445727494056754,24.03751864934935,1.0,1.0,1.0,1.0,1.0,1.0,1.0,1.0,1.0,1.0
122.25,2.0,19.416048335355057,19.034940553632257,18.51362607048694,17.452867222953337,17.779758804569557,18.235921083969583,18.41880613565615,18.04805381084173,17.545883412978636,17.389144366756895,1.0,1.0,1.0,1.0,1.0,1.0,1.0,1.0,1.0,1.0
122.5,3.0,0.0,0.0,0.0,0.0,0.0,0.0,0.0,0.0,0.0,0.0,0.0,0.0,0.0,0.0,0.0,0.0,0.0,0.0,0.0,0.0
122.75,4.0,20.68795033965869,21.96151659917571,21.310711104517924,20.985029913498906,20.798216704571935,19.576096588190033,19.502752484418522,19.741068062768722,19.895146608838996,20.130732539233712,1.0,1.0,1.0,1.0,1.0,1.0,1.0,1.0,1.0,1.0
123.0,1.0,18.326654638337782,19.817671989121312,21.585265082040877,20.831086321478615,21.19714409842409,23.11793757749764,23.08286731290801,23.43575434641387,22.38351611151258,22.89229578198398,1.0,1.0,1.0,1.0,1.0,1.0,1.0,1.0,1.0,1.0
123.25,2.0,0.0,0.0,0.0,0.0,0.0,0.0,0.0,0.0,0.0,0.0,0.0,0.0,0.0,0.0,0.0,0.0,0.0,0.0,0.0,0.0
123.5,3.0,22.200036898945196,21.259451571686704,20.221143769409718,18.96659269280802,19.12541407865952,19.206725824677186,19.91104355456,20.443231133672427,19.91111657244866,19.160145643739067,1.0,1.0,1.0,1.0,1.0,1.0,1.0,1.0,1.0,1.0
123.75,4.0,22.049293843148288,23.65285281670762,21.929174049150184,21.06968753851806,19.285148408652258,19.01827497658755,19.189991660653103,19.44619292651769,19.717250642563087,20.481915767430312,1.0,1.0,1.0,1.0,1.0,1.0,1.0,1.0,1.0,1.0
124.0,1.0,0.0,0.0,0.0,0.0,0.0,0.0,0.0,0.0,0.0,0.0,0.0,0.0,0.0,0.0,0.0,0.0,0.0,0.0,0.0,0.0
124.25,2.0,18.45201289290668,18.221697598127875,16.82991087501266,16.180261257249782,16.616494016277194,17.09983012562777,18.182214954516724,17.025723930552026,16.940704017796424,18.048243848985205,1.0,1.0,1.0,1.0,1.0,1.0,1.0,1.0,1.0,1.0
124.5,3.0,22.136910822231826,21.42361192782693,19.266973956224003,18.35473694257506,19.791525774656968,19.872047824036308,20.70427235282989,20.65223442091363,20.91112907925823,19.700019671115886,1.0,1.0,1.0,1.0,1.0,1.0,1.0,1.0,1.0,1.0
124.75,4.0,0.0,0.0,0.0,0.0,0.0,0.0,0.0,0.0,0.0,0.0,0.0,0.0,0.0,0.0,0.0,0.0,0.0,0.0,0.0,0.0
125.0,1.0,22.231955992514063,22.126544831316167,22.632257092749313,21.190123803641118,23.994831447151906,25.229912599738917,24.693047303314202,22.700004655450254,21.203849463217008,22.503642029598947,1.0,1.0,1.0,1.0,1.0,1.0,1.0,1.0,1.0,1.0
125.25,2.0,18.421945546449766,17.108800801717223,16.76966068928375,17.77150831498203,18.910200090317108,17.99622851659473,18.64065617985657,17.23607740266376,16.89719659081002,17.674218319581414,1.0,1.0,1.0,1.0,1.0,1.0,1.0,1.0,1.0,1.0
125.5,3.0,0.0,0.0,0.0,0.0,0.0,0.0,0.0,0.0,0.0,0.0,0.0,0.0,0.0,0.0,0.0,0.0,0.0,0.0,0.0,0.0
125.75,4.0,21.85529347240331,21.359413177025747,19.570590089757175,20.066230331289482,19.557838593736818,18.803525459948776,19.425270545176815,19.748343057456896,18.75189970374575,18.3251569152845,1.0,1.0,1.0,1.0,1.0,1.0,1.0,1.0,1.0,1.0
126.0,1.0,21.488084432185975,21.645345440919268,21.44956278113443,22.60092382204767,23.456442268586105,24.34286067038404,23.593169702675066,22.25339412088152,22.580318478194357,23.835854957760258,1.0,1.0,1.0,1.0,1.0,1.0,1.0,1.0,1.0,1.0
126.25,2.0,0.0,0.0,0.0,0.0,0.0,0.0,0.0,0.0,0.0,0.0,0.0,0.0,0.0,0.0,0.0,0.0,0.0,0.0,0.0,0.0
126.5,3.0,20.623182708536927,17.96632937820705,16.93483353230398,19.200857180901423,21.236427661154725,20.773161113774172,20.627780827734778,20.283317234362617,20.481448347594277,20.307223272835724,1.0,1.0,1.0,1.0,1.0,1.0,1.0,1.0,1.0,1.0
126.75,4.0,21.260978557849956,21.188851153933243,20.262964011797493,21.308944868084918,19.638166496283375,18.344660369842362,17.919399504249746,17.755341340516846,17.423318012676265,16.09252629824164,1.0,1.0,1.0,1.0,1.0,1.0,1.0,1.0,1.0,1.0
127.0,1.0,20.763557793558586,21.251936424794668,21.252562517641557,22.331586604658753,22.94532847152009,24.65511348223991,24.642608297832243,24.554431848597822,23.830705065240362,23.662941499181464,1.0,1.0,1.0,1.0,1.0,1.0,1.0,1.0,1.0,1.0
127.25,2.0,17.695275919403972,19.45649090974479,20.145681669470473,19.545403486673578,18.51835134589907,17.20537053193488,15.835748038794035,16.958490569118304,16.87607511285338,17.474027482574062,1.0,1.0,1.0,1.0,1.0,1.0,1.0,1.0,1.0,1.0
127.5,3.0,0.0,0.0,0.0,0.0,0.0,0.0,0.0,0.0,0.0,0.0,0.0,0.0,0.0,0.0,0.0,0.0,0.0,0.0,0.0,0.0
127.75,4.0,21.001084937038577,22.11838426749317,21.354795795062874,21.40461740571067,18.415547711494867,16.810101797185204,17.586461422478077,17.390625612340827,17.243066412297797,16.524889520341546,1.0,1.0,1.0,1.0,1.0,1.0,1.0,1.0,1.0,1.0
128.0,1.0,20.51250024270211,21.064803641459726,21.4673169822717,23.04967948667049,23.051873676902353,25.262350602209942,25.580369745979027,25.00504504744074,23.541938650435135,22.60488925065421,1.0,1.0,1.0,1.0,1.0,1.0,1.0,1.0,1.0,1.0
128.25,2.0,18.583756468318008,19.65185877606289,19.66557971187894,18.858390952754405,17.967874629676825,17.160875107124543,16.933855272605335,17.38306574519127,16.82610888365155,17.670369599287415,1.0,1.0,1.0,1.0,1.0,1.0,1.0,1.0,1.0,1.0
128.5,3.0,18.508941416377525,18.677882137496752,18.42027697222874,18.764137329798732,19.490309195781386,19.805246629428872,19.305152742158818,19.326276207768338,19.05232003774902,19.169071306506037,1.0,1.0,1.0,1.0,1.0,1.0,1.0,1.0,1.0,1.0
128.75,4.0,21.26798643241298,22.390316993420367,21.254661141383277,19.712465393957697,17.259062257209784,16.948771325419816,18.028128597709443,18.04329217195283,17.4600211931892,17.35458050315169,1.0,1.0,1.0,1.0,1.0,1.0,1.0,1.0,1.0,1.0
129.0,1.0,0.0,0.0,0.0,0.0,0.0,0.0,0.0,0.0,0.0,0.0,0.0,0.0,0.0,0.0,0.0,0.0,0.0,0.0,0.0,0.0
129.25,2.0,0.0,0.0,0.0,0.0,0.0,0.0,0.0,0.0,0.0,0.0,0.0,0.0,0.0,0.0,0.0,0.0,0.0,0.0,0.0,0.0
129.5,3.0,19.490036498942864,20.486765802480154,19.55721169772073,18.809600789178656,18.76718323899954,18.360324713884914,18.116616364405115,17.993966571378024,17.30831258505316,18.673157916584156,1.0,1.0,1.0,1.0,1.0,1.0,1.0,1.0,1.0,1.0
129.75,4.0,0.0,0.0,0.0,0.0,0.0,0.0,0.0,0.0,0.0,0.0,0.0,0.0,0.0,0.0,0.0,0.0,0.0,0.0,0.0,0.0
130.0,1.0,20.938970839679772,19.988781598750357,22.435502987316156,23.454360082658845,23.280255078587196,23.790001991843635,23.032638970149474,21.66293964093684,20.494078205126684,20.487827259689293,1.0,1.0,1.0,1.0,1.0,1.0,1.0,1.0,1.0,1.0
130.25,2.0,20.524761847006552,19.88269531514504,19.838933208263704,19.094712894845866,17.86906202977241,17.05405303267382,16.66828228687066,17.674956017875573,16.539817040023635,16.89351511200788,1.0,1.0,1.0,1.0,1.0,1.0,1.0,1.0,1.0,1.0
130.5,3.0,0.0,0.0,0.0,0.0,0.0,0.0,0.0,0.0,0.0,0.0,0.0,0.0,0.0,0.0,0.0,0.0,0.0,0.0,0.0,0.0
130.75,4.0,22.048217276519438,20.55956667040577,19.613007929992225,19.16025113629424,18.07285046811682,16.764829102535504,16.745477816934216,17.114300954352256,17.422843477433076,16.502890166834977,1.0,1.0,1.0,1.0,1.0,1.0,1.0,1.0,1.0,1.0
131.0,1.0,20.35303038201415,20.283547023935437,20.810159993119075,22.45618543690537,21.754355458074382,22.191452337477948,21.280681405452896,20.085044956066888,19.11819737272444,19.63924232949908,1.0,1.0,1.0,1.0,1.0,1.0,1.0,1.0,1.0,1.0
131.25,2.0,0.0,0.0,0.0,0.0,0.0,0.0,0.0,0.0,0.0,0.0,0.0,0.0,0.0,0.0,0.0,0.0,0.0,0.0,0.0,0.0
131.5,3.0,21.52540453947723,20.45613429857051,18.314150828820324,17.140902627558866,16.639250263189474,16.98351622676642,16.89611506475605,16.862464303652274,17.08443343090786,17.438717264278818,1.0,1.0,1.0,1.0,1.0,1.0,1.0,1.0,1.0,1.0
131.75,4.0,21.44996278023302,19.511262914205066,19.88854946596798,19.32960802014889,18.812850139129175,17.127212939997683,16.90945515386639,17.182682221119258,17.56137156093298,17.38634262331403,1.0,1.0,1.0,1.0,1.0,1.0,1.0,1.0,1.0,1.0
132.0,1.0,0.0,0.0,0.0,0.0,0.0,0.0,0.0,0.0,0.0,0.0,0.0,0.0,0.0,0.0,0.0,0.0,0.0,0.0,0.0,0.0
132.25,2.0,19.14823953214188,19.902886061671982,19.03157066776468,20.001542332714386,19.349234313311822,19.070319951626043,18.046429088996558,17.941231000560133,16.822119799511363,16.251709406880693,1.0,1.0,1.0,1.0,1.0,1.0,1.0,1.0,1.0,1.0
132.5,3.0,0.0,0.0,0.0,0.0,0.0,0.0,0.0,0.0,0.0,0.0,0.0,0.0,0.0,0.0,0.0,0.0,0.0,0.0,0.0,0.0
132.75,4.0,0.0,0.0,0.0,0.0,0.0,0.0,0.0,0.0,0.0,0.0,0.0,0.0,0.0,0.0,0.0,0.0,0.0,0.0,0.0,0.0
133.0,1.0,19.87096068767378,19.123308926117787,20.251080883667246,21.653055134804738,21.220335120214873,20.031377318960352,20.20490073847823,19.37382020910642,18.89268703328366,18.130932499481734,1.0,1.0,1.0,1.0,1.0,1.0,1.0,1.0,1.0,1.0
133.25,2.0,18.83311979465871,19.43900827007195,19.891604146473185,20.432843602118925,19.345727690434984,19.151925795669744,17.859950034419125,17.428229554959696,16.517049331745802,16.0593260462198,1.0,1.0,1.0,1.0,1.0,1.0,1.0,1.0,1.0,1.0
133.5,3.0,0.0,0.0,0.0,0.0,0.0,0.0,0.0,0.0,0.0,0.0,0.0,0.0,0.0,0.0,0.0,0.0,0.0,0.0,0.0,0.0
133.75,4.0,19.387252170798465,19.819917771268962,18.24293110568782,16.322583295242705,17.258326656800865,16.266431378326423,16.34300240911144,16.37269289174285,17.78407106636236,17.120497837125377,1.0,1.0,1.0,1.0,1.0,1.0,1.0,1.0,1.0,1.0
134.0,1.0,19.29642603935406,18.404969063253283,19.685327553273982,20.614169038837478,19.503147016576236,18.774361209862754,19.235842724711354,18.56084665069499,18.97781790054806,18.336742290826358,1.0,1.0,1.0,1.0,1.0,1.0,1.0,1.0,1.0,1.0
134.25,2.0,0.0,0.0,0.0,0.0,0.0,0.0,0.0,0.0,0.0,0.0,0.0,0.0,0.0,0.0,0.0,0.0,0.0,0.0,0.0,0.0
134.5,3.0,18.585891330858573,18.236251013692836,17.82656158232417,17.29208698946671,15.419833906623374,15.253323076355088,15.701899872405273,15.415907672313029,16.146755437835047,15.665018713174693,1.0,1.0,1.0,1.0,1.0,1.0,1.0,1.0,1.0,1.0
134.75,4.0,19.30282880991702,19.37130159436667,17.94443262674862,16.73355965744133,17.902786733073743,18.41090158393082,17.420281660141036,16.839515752334574,17.310303353277508,16.39980624825331,1.0,1.0,1.0,1.0,1.0,1.0,1.0,1.0,1.0,1.0
135.0,1.0,18.826124690421903,18.685519088988066,18.960656457615524,18.103603196913955,18.09871841540786,18.510661847647,18.608540615555963,17.822977593983893,18.50059568858107,17.644904114576565,1.0,1.0,1.0,1.0,1.0,1.0,1.0,1.0,1.0,1.0
135.25,2.0,18.21147311216427,19.280779863610938,19.962184577516176,20.465256550463355,17.735126304448283,17.662066017641088,17.43482723122293,16.98095499732793,17.20242997354248,17.709796149499187,1.0,1.0,1.0,1.0,1.0,1.0,1.0,1.0,1.0,1.0
135.5,3.0,0.0,0.0,0.0,0.0,0.0,0.0,0.0,0.0,0.0,0.0,0.0,0.0,0.0,0.0,0.0,0.0,0.0,0.0,0.0,0.0
135.75,4.0,19.16814876590623,18.74665118812941,18.79725375763013,16.65005104216222,17.550915185758377,17.477399671645617,16.277464275058563,15.638572461788174,16.246999671974617,16.297357813190374,1.0,1.0,1.0,1.0,1.0,1.0,1.0,1.0,1.0,1.0
136.0,1.0,17.479178893760217,17.704198844375703,18.060360961908266,17.51925470316911,17.565927058709498,17.581126742604162,18.264210765474086,17.408165497701408,17.91662774604629,16.755856295237137,1.0,1.0,1.0,1.0,1.0,1.0,1.0,1.0,1.0,1.0
136.25,2.0,0.0,0.0,0.0,0.0,0.0,0.0,0.0,0.0,0.0,0.0,0.0,0.0,0.0,0.0,0.0,0.0,0.0,0.0,0.0,0.0
136.5,3.0,17.288293311211497,18.288511555440746,19.572549887005696,17.471497789567174,16.827298106037446,16.929756038445923,16.268349386129884,16.0908003987548,16.160307013930225,18.155754993905983,1.0,1.0,1.0,1.0,1.0,1.0,1.0,1.0,1.0,1.0
136.75,4.0,19.480579062279705,19.187832395442037,19.530128628574012,17.18156392750071,17.211208075308676,16.220135143011916,16.071162168878075,15.96657354881052,16.012360548882153,15.937027800482914,1.0,1.0,1.0,1.0,1.0,1.0,1.0,1.0,1.0,1.0
137.0,1.0,0.0,0.0,0.0,0.0,0.0,0.0,0.0,0.0,0.0,0.0,0.0,0.0,0.0,0.0,0.0,0.0,0.0,0.0,0.0,0.0
137.25,2.0,0.0,0.0,0.0,0.0,0.0,0.0,0.0,0.0,0.0,0.0,0.0,0.0,0.0,0.0,0.0,0.0,0.0,0.0,0.0,0.0
137.5,3.0,18.229907235624648,20.0642366536786,19.584646388770977,17.105813755808704,16.41346431443594,17.031503286229466,16.636112492155824,17.129127232537396,17.397452431066768,18.75241680244837,1.0,1.0,1.0,1.0,1.0,1.0,1.0,1.0,1.0,1.0
137.75,4.0,0.0,0.0,0.0,0.0,0.0,0.0,0.0,0.0,0.0,0.0,0.0,0.0,0.0,0.0,0.0,0.0,0.0,0.0,0.0,0.0
138.0,1.0,17.08632278602476,16.435295522402942,16.680946119952935,17.07821761192837,16.92126457841327,16.793481523288072,17.472680783290738,16.441848794805455,16.643640793735223,16.713073388047377,1.0,1.0,1.0,1.0,1.0,1.0,1.0,1.0,1.0,1.0
138.25,2.0,19.1279168517255,19.777574938647394,19.82733821100821,19.471307421708097,18.013597253684587,18.22661651195562,19.238863704694467,19.420469570864473,19.073028257114817,18.788037069367928,1.0,1.0,1.0,1.0,1.0,1.0,1.0,1.0,1.0,1.0
138.5,3.0,0.0,0.0,0.0,0.0,0.0,0.0,0.0,0.0,0.0,0.0,0.0,0.0,0.0,0.0,0.0,0.0,0.0,0.0,0.0,0.0
138.75,4.0,19.537573881821018,18.68010416081213,20.540877424696546,18.420662445882236,15.92079492360254,15.3925971848962,14.578294877212162,15.117492192937005,16.82634250622901,16.06936025595907,1.0,1.0,1.0,1.0,1.0,1.0,1.0,1.0,1.0,1.0
139.0,1.0,16.255580344092415,16.26714256686812,16.547296336484532,17.833956195186776,17.65711642741437,17.991989735210108,18.24107038584347,17.018972770221417,17.501087209251406,16.933460691161823,1.0,1.0,1.0,1.0,1.0,1.0,1.0,1.0,1.0,1.0
139.25,2.0,0.0,0.0,0.0,0.0,0.0,0.0,0.0,0.0,0.0,0.0,0.0,0.0,0.0,0.0,0.0,0.0,0.0,0.0,0.0,0.0
139.5,3.0,20.108966048509792,20.990032101837965,20.362328936117212,18.731348935894022,18.423806779711956,19.043836162419243,18.89868854802157,19.163841427255875,19.212617131859613,20.041477942489642,1.0,1.0,1.0,1.0,1.0,1.0,1.0,1.0,1.0,1.0
139.75,4.0,19.276042330931645,18.719927544096446,20.099378286638338,17.40879218122137,15.605105274205066,14.961710652414759,14.743324093081041,15.739825499907719,17.34622841488284,16.050029001295943,1.0,1.0,1.0,1.0,1.0,1.0,1.0,1.0,1.0,1.0
140.0,1.0,0.0,0.0,0.0,0.0,0.0,0.0,0.0,0.0,0.0,0.0,0.0,0.0,0.0,0.0,0.0,0.0,0.0,0.0,0.0,0.0
140.25,2.0,18.177891474126834,20.14007675449563,20.035239890548766,19.230474897687284,17.859817423058065,18.480067432794623,19.72450618954367,19.057343749299733,18.680311815356465,17.63104766126922,1.0,1.0,1.0,1.0,1.0,1.0,1.0,1.0,1.0,1.0
140.5,3.0,0.0,0.0,0.0,0.0,0.0,0.0,0.0,0.0,0.0,0.0,0.0,0.0,0.0,0.0,0.0,0.0,0.0,0.0,0.0,0.0
140.75,4.0,0.0,0.0,0.0,0.0,0.0,0.0,0.0,0.0,0.0,0.0,0.0,0.0,0.0,0.0,0.0,0.0,0.0,0.0,0.0,0.0
141.0,1.0,14.756878848260554,15.873588847211742,17.853019978708165,17.322255284160796,16.135695610435288,17.095738168320867,16.985079974302383,16.523970521123942,16.813487133489637,16.13780871667895,1.0,1.0,1.0,1.0,1.0,1.0,1.0,1.0,1.0,1.0
141.25,2.0,18.297925141487767,21.98563550730871,21.10869899481477,19.06832414103325,17.490799599488504,18.31784595847304,19.801521029649066,18.62732347510429,17.229493889491465,17.257421451723104,1.0,1.0,1.0,1.0,1.0,1.0,1.0,1.0,1.0,1.0
141.5,3.0,0.0,0.0,0.0,0.0,0.0,0.0,0.0,0.0,0.0,0.0,0.0,0.0,0.0,0.0,0.0,0.0,0.0,0.0,0.0,0.0
141.75,4.0,17.75907572685847,17.85393760794319,17.01763005155657,17.187311630644878,17.711936191848952,17.425905677146464,16.699275650781267,16.466962015678053,17.289182189291175,16.680498018847533,1.0,1.0,1.0,1.0,1.0,1.0,1.0,1.0,1.0,1.0
142.0,1.0,15.650194294682448,17.504757582980183,16.95872925537623,15.663453017359174,16.375377322330017,17.309541698016282,17.385490908620056,17.809832654629492,18.306405604944434,17.287327047585638,1.0,1.0,1.0,1.0,1.0,1.0,1.0,1.0,1.0,1.0
142.25,2.0,0.0,0.0,0.0,0.0,0.0,0.0,0.0,0.0,0.0,0.0,0.0,0.0,0.0,0.0,0.0,0.0,0.0,0.0,0.0,0.0
142.5,3.0,16.94454001708406,18.90936469120979,20.042850645724016,19.414707548143895,19.54962481390912,19.37783820130334,18.66820304285886,19.618107289843287,19.14288381758098,18.72419005645771,1.0,1.0,1.0,1.0,1.0,1.0,1.0,1.0,1.0,1.0
142.75,4.0,17.07646859214549,17.62889484528948,17.91617212462324,18.9001445964515,18.9747330368515,17.792126333190755,17.209284592668595,17.061229423834938,16.88206551652867,17.121141219000673,1.0,1.0,1.0,1.0,1.0,1.0,1.0,1.0,1.0,1.0
143.0,1.0,15.612468814266803,17.15499559149499,16.645258246988966,15.022170727913348,16.76262782134369,17.67390913441483,18.329913878985323,18.971186330659677,18.54116137637078,18.021132170387716,1.0,1.0,1.0,1.0,1.0,1.0,1.0,1.0,1.0,1.0
143.25,2.0,18.052698322258077,19.599432328808845,19.449023879151095,18.580034261785336,18.187871936539615,17.636327424336105,18.278513473686566,17.37694520970435,16.3195348051484,15.817284785695843,1.0,1.0,1.0,1.0,1.0,1.0,1.0,1.0,1.0,1.0
143.5,3.0,0.0,0.0,0.0,0.0,0.0,0.0,0.0,0.0,0.0,0.0,0.0,0.0,0.0,0.0,0.0,0.0,0.0,0.0,0.0,0.0
143.75,4.0,17.376149106358046,18.402001207343094,18.56043172369977,18.421585197589774,17.699886395679897,16.881924746585945,16.281748316175936,16.07422021057883,17.05817838655721,17.83185893338339,1.0,1.0,1.0,1.0,1.0,1.0,1.0,1.0,1.0,1.0
144.0,1.0,17.22263411472328,18.24531303057979,16.54760639857851,15.124420758941872,17.460679168871938,18.04823303915604,19.25041220971265,19.427106889027232,19.29310277883613,18.036996000150552,1.0,1.0,1.0,1.0,1.0,1.0,1.0,1.0,1.0,1.0
144.25,2.0,0.0,0.0,0.0,0.0,0.0,0.0,0.0,0.0,0.0,0.0,0.0,0.0,0.0,0.0,0.0,0.0,0.0,0.0,0.0,0.0
144.5,3.0,17.430900016979077,19.482019154279023,18.5196977962624,17.99443328456458,19.36920218839428,18.672209084941937,16.899248897481552,17.726649153101565,17.471518057692567,18.08855643510784,1.0,1.0,1.0,1.0,1.0,1.0,1.0,1.0,1.0,1.0
144.75,4.0,19.071697757423582,18.52002109538879,19.23861946158212,19.154277050425506,17.16886527672247,15.202739493232974,15.34098178848092,15.9669040396422,17.523985440915176,17.56015437608823,1.0,1.0,1.0,1.0,1.0,1.0,1.0,1.0,1.0,1.0
145.0,1.0,0.0,0.0,0.0,0.0,0.0,0.0,0.0,0.0,0.0,0.0,0.0,0.0,0.0,0.0,0.0,0.0,0.0,0.0,0.0,0.0
145.25,2.0,0.0,0.0,0.0,0.0,0.0,0.0,0.0,0.0,0.0,0.0,0.0,0.0,0.0,0.0,0.0,0.0,0.0,0.0,0.0,0.0
145.5,3.0,18.161067587596648,19.605723004383275,18.649734522819983,17.622545409986632,18.027019706262095,17.499188986075307,16.4617550252553,17.017027373015324,17.494181842027373,18.237000518439316,1.0,1.0,1.0,1.0,1.0,1.0,1.0,1.0,1.0,1.0
145.75,4.0,0.0,0.0,0.0,0.0,0.0,0.0,0.0,0.0,0.0,0.0,0.0,0.0,0.0,0.0,0.0,0.0,0.0,0.0,0.0,0.0
146.0,1.0,15.71119752000106,16.514953177255197,16.36439539116952,15.137877010419547,16.682299835197224,17.62345768918727,17.78335274566142,18.103558440899576,17.9797404863593,17.074279843169723,1.0,1.0,1.0,1.0,1.0,1.0,1.0,1.0,1.0,1.0
146.25,2.0,19.38078599755588,18.74880572227407,19.912351766792888,18.898959942160054,17.429054806506706,16.509534989959167,16.07398333837133,14.91933596809067,14.870551838628996,14.55923720435666,1.0,1.0,1.0,1.0,1.0,1.0,1.0,1.0,1.0,1.0
146.5,3.0,0.0,0.0,0.0,0.0,0.0,0.0,0.0,0.0,0.0,0.0,0.0,0.0,0.0,0.0,0.0,0.0,0.0,0.0,0.0,0.0
146.75,4.0,19.839318636870377,19.739542748012116,20.044701369323406,18.50192566545513,16.664171597703998,16.195975228382256,15.58144251171501,16.542861272291745,16.9030336368929,17.42804427486662,1.0,1.0,1.0,1.0,1.0,1.0,1.0,1.0,1.0,1.0
147.0,1.0,16.419496441484124,16.910848248971774,15.44120990095317,14.823911914365796,17.448581882910702,18.106051765920416,17.284271935780904,17.120705066775542,16.563084686169418,16.16682332972574,1.0,1.0,1.0,1.0,1.0,1.0,1.0,1.0,1.0,1.0
147.25,2.0,0.0,0.0,0.0,0.0,0.0,0.0,0.0,0.0,0.0,0.0,0.0,0.0,0.0,0.0,0.0,0.0,0.0,0.0,0.0,0.0
147.5,3.0,19.34896528408284,17.23012148022607,18.17270437106901,17.396006925952946,17.624322666635006,17.727025601077923,16.677296419615054,18.19827364735222,18.611907372965963,18.73861676269459,1.0,1.0,1.0,1.0,1.0,1.0,1.0,1.0,1.0,1.0
147.75,4.0,18.113058925471567,18.30853010565464,18.73814171262264,17.42861778155085,16.75623034177424,16.448897623660464,16.669233305622996,16.676740245749407,18.190365192187013,18.30376361365661,1.0,1.0,1.0,1.0,1.0,1.0,1.0,1.0,1.0,1.0
148.0,1.0,0.0,0.0,0.0,0.0,0.0,0.0,0.0,0.0,0.0,0.0,0.0,0.0,0.0,0.0,0.0,0.0,0.0,0.0,0.0,0.0
148.25,2.0,20.54220077071424,19.68249700049304,19.614478475938455,16.65298169835516,16.383126775038843,16.083937691172807,16.036207451218168,15.42307613209365,15.641501173437858,15.00745215409487,1.0,1.0,1.0,1.0,1.0,1.0,1.0,1.0,1.0,1.0
148.5,3.0,0.0,0.0,0.0,0.0,0.0,0.0,0.0,0.0,0.0,0.0,0.0,0.0,0.0,0.0,0.0,0.0,0.0,0.0,0.0,0.0
148.75,4.0,0.0,0.0,0.0,0.0,0.0,0.0,0.0,0.0,0.0,0.0,0.0,0.0,0.0,0.0,0.0,0.0,0.0,0.0,0.0,0.0
149.0,1.0,17.18203402713232,15.85746191850567,15.835088842881794,16.250755842065935,16.32201898066318,16.971308791058483,16.818010744330984,16.29296007221476,16.430174694795497,15.042460297160494,1.0,1.0,1.0,1.0,1.0,1.0,1.0,1.0,1.0,1.0
149.25,2.0,19.869591769220197,18.088338373228556,17.032486186156188,16.02003873854734,16.487577458349605,16.39950153187444,15.915933184445446,15.440588664987846,15.388033733407163,15.196939015838858,1.0,1.0,1.0,1.0,1.0,1.0,1.0,1.0,1.0,1.0
149.5,3.0,17.991147484806405,17.862987454845907,19.986144740328537,17.379179383234074,16.63445410427479,16.528504426396264,15.918968119930954,17.55799083389679,18.378435311729188,19.432689100244353,1.0,1.0,1.0,1.0,1.0,1.0,1.0,1.0,1.0,1.0
149.75,4.0,16.663809063856583,16.958814779671616,18.85234121298611,18.82467420836658,18.64572223043114,18.314748616019607,18.11525320158261,17.644704535224935,18.86432173375301,19.107849164337328,1.0,1.0,1.0,1.0,1.0,1.0,1.0,1.0,1.0,1.0
150.0,1.0,17.029010125587703,15.933096608268917,17.43060263827798,15.952520268335856,16.63343191865112,17.371436017857402,16.764194937003435,15.60649449680856,16.953507542891174,14.989908795738392,1.0,1.0,1.0,1.0,1.0,1.0,1.0,1.0,1.0,1.0
150.25,2.0,0.0,0.0,0.0,0.0,0.0,0.0,0.0,0.0,0.0,0.0,0.0,0.0,0.0,0.0,0.0,0.0,0.0,0.0,0.0,0.0
150.5,3.0,19.244633494876393,18.761559193201112,18.463499737817056,15.361834642730518,16.114390459907423,15.831165069116219,15.74955830747643,17.42851353765485,17.57992167125201,18.855013547045555,1.0,1.0,1.0,1.0,1.0,1.0,1.0,1.0,1.0,1.0
150.75,4.0,17.074659964606706,17.214096946249484,19.01540416868947,19.441481754188814,18.373668910817223,18.301799071504355,18.10293170959535,17.739259026683595,18.61615604290342,18.498197107292587,1.0,1.0,1.0,1.0,1.0,1.0,1.0,1.0,1.0,1.0
151.0,1.0,17.39049877236691,17.137059706034876,18.778248983615864,17.356706230355485,16.21170941289727,17.434063470396215,16.439287036875964,16.676165354794918,16.77765151201342,15.262151337515686,1.0,1.0,1.0,1.0,1.0,1.0,1.0,1.0,1.0,1.0
151.25,2.0,17.994097811719104,17.477717951120546,18.34233523707303,17.022340669926493,17.59546025728205,17.52208993890419,16.20583699778352,15.198368723505821,15.472029032074733,14.43535075309973,1.0,1.0,1.0,1.0,1.0,1.0,1.0,1.0,1.0,1.0
151.5,3.0,0.0,0.0,0.0,0.0,0.0,0.0,0.0,0.0,0.0,0.0,0.0,0.0,0.0,0.0,0.0,0.0,0.0,0.0,0.0,0.0
151.75,4.0,17.446383750373233,17.153046028841104,19.80229816368795,18.947027490767535,17.666633886989313,18.57702781064574,18.093807269086035,18.356302500717796,19.194298729402018,19.77308973407639,1.0,1.0,1.0,1.0,1.0,1.0,1.0,1.0,1.0,1.0
152.0,1.0,18.251031721369884,17.929986084806195,19.229365531566213,17.38304052493731,15.69750284570634,17.323104115500144,16.897871884010996,16.149528696911116,15.682701407605313,14.637401684339425,1.0,1.0,1.0,1.0,1.0,1.0,1.0,1.0,1.0,1.0
152.25,2.0,0.0,0.0,0.0,0.0,0.0,0.0,0.0,0.0,0.0,0.0,0.0,0.0,0.0,0.0,0.0,0.0,0.0,0.0,0.0,0.0
152.5,3.0,17.10729469547546,19.305015143128674,17.812050524272962,14.668288030310036,15.468188615321576,16.673510885292963,16.781438716459483,18.06643424372865,18.791819005129792,18.323463407126436,1.0,1.0,1.0,1.0,1.0,1.0,1.0,1.0,1.0,1.0
152.75,4.0,18.60923087098207,18.199812217259286,19.313249524208562,19.12107707030494,17.794137613417156,18.694170748285824,18.520775206353797,18.821937916475324,19.653401588121554,19.277915260955076,1.0,1.0,1.0,1.0,1.0,1.0,1.0,1.0,1.0,1.0
153.0,1.0,0.0,0.0,0.0,0.0,0.0,0.0,0.0,0.0,0.0,0.0,0.0,0.0,0.0,0.0,0.0,0.0,0.0,0.0,0.0,0.0
153.25,2.0,0.0,0.0,0.0,0.0,0.0,0.0,0.0,0.0,0.0,0.0,0.0,0.0,0.0,0.0,0.0,0.0,0.0,0.0,0.0,0.0
153.5,3.0,17.305244959429917,18.93836369725582,16.403620234863453,14.029100981686714,14.893786630102847,15.893384415442846,16.127587606962305,17.440560580232795,16.8802521506971,16.553640513498166,1.0,1.0,1.0,1.0,1.0,1.0,1.0,1.0,1.0,1.0
153.75,4.0,0.0,0.0,0.0,0.0,0.0,0.0,0.0,0.0,0.0,0.0,0.0,0.0,0.0,0.0,0.0,0.0,0.0,0.0,0.0,0.0
154.0,1.0,19.192831483832048,19.409271797868318,18.56638021173291,17.963967134181395,17.09823099930356,18.07054378463926,17.85346951042502,17.109742421478334,17.645207825502602,15.706841827161112,1.0,1.0,1.0,1.0,1.0,1.0,1.0,1.0,1.0,1.0
154.25,2.0,17.949085348039127,18.670729038535942,17.734792571916394,17.310191854299326,17.535817977071357,16.97223100549665,16.640120565013344,15.70686914632769,15.414088340915985,15.539282715729511,1.0,1.0,1.0,1.0,1.0,1.0,1.0,1.0,1.0,1.0
154.5,3.0,0.0,0.0,0.0,0.0,0.0,0.0,0.0,0.0,0.0,0.0,0.0,0.0,0.0,0.0,0.0,0.0,0.0,0.0,0.0,0.0
154.75,4.0,20.13596208669622,19.369481689326722,20.157609000616404,19.26610448717871,18.859684080524065,18.133604387906846,16.978213906390213,17.192664617427443,17.518120424730217,16.200986122281797,1.0,1.0,1.0,1.0,1.0,1.0,1.0,1.0,1.0,1.0
155.0,1.0,20.552517952744136,19.82496417530867,18.72791110314827,18.6203060407548,17.69958656912054,17.542126870208676,17.20604636197757,16.907238014326527,16.597760206037456,15.299166421939086,1.0,1.0,1.0,1.0,1.0,1.0,1.0,1.0,1.0,1.0
155.25,2.0,0.0,0.0,0.0,0.0,0.0,0.0,0.0,0.0,0.0,0.0,0.0,0.0,0.0,0.0,0.0,0.0,0.0,0.0,0.0,0.0
155.5,3.0,18.01840240126367,18.297974575157745,15.574250016843779,14.053332076824638,15.308228457485571,15.37034113904969,16.227214759487577,16.024838026559873,15.99947096310703,15.430445921546298,1.0,1.0,1.0,1.0,1.0,1.0,1.0,1.0,1.0,1.0
155.75,4.0,20.388889275837922,19.50868357906618,19.49575897176513,18.278137678416748,18.30691627117106,17.085733624935493,17.05786764373498,16.092034503567522,15.414270848492565,14.054705959374502,1.0,1.0,1.0,1.0,1.0,1.0,1.0,1.0,1.0,1.0
156.0,1.0,0.0,0.0,0.0,0.0,0.0,0.0,0.0,0.0,0.0,0.0,0.0,0.0,0.0,0.0,0.0,0.0,0.0,0.0,0.0,0.0
156.25,2.0,18.834738627051166,18.799478709408685,17.278495615608623,16.497217202625514,15.057301781902845,14.56176132672025,13.54624307079072,13.906802679706487,14.189273224945802,14.513771510328581,1.0,1.0,1.0,1.0,1.0,1.0,1.0,1.0,1.0,1.0
156.5,3.0,0.0,0.0,0.0,0.0,0.0,0.0,0.0,0.0,0.0,0.0,0.0,0.0,0.0,0.0,0.0,0.0,0.0,0.0,0.0,0.0
156.75,4.0,0.0,0.0,0.0,0.0,0.0,0.0,0.0,0.0,0.0,0.0,0.0,0.0,0.0,0.0,0.0,0.0,0.0,0.0,0.0,0.0
157.0,1.0,18.830936313444766,18.424562088502697,18.50315065967064,16.575030716545406,14.819997111344627,14.72233239888781,15.281791483892881,15.770662007698519,16.90630691048948,16.267735655624378,1.0,1.0,1.0,1.0,1.0,1.0,1.0,1.0,1.0,1.0
157.25,2.0,18.888415067792724,18.332119891074083,18.89653314775645,15.39913217214373,13.736702805079076,14.041057005026108,13.955254375561285,13.149927306777641,14.204660011193223,15.098415032229688,1.0,1.0,1.0,1.0,1.0,1.0,1.0,1.0,1.0,1.0
157.5,3.0,15.988463781340664,15.41354134389951,15.816320166919338,14.465248477098582,14.516085034144712,14.404997005157654,15.213633639412818,15.02572608748634,14.680393707694792,13.998058696610652,1.0,1.0,1.0,1.0,1.0,1.0,1.0,1.0,1.0,1.0
157.75,4.0,18.20504685335369,17.59292589971855,17.981625348858646,16.785023054523297,17.69215636946267,16.8854936134355,16.42374320561808,15.817163126446427,15.513552678971639,15.165489685115068,1.0,1.0,1.0,1.0,1.0,1.0,1.0,1.0,1.0,1.0
158.0,1.0,18.91310754294687,18.340668129032814,18.029504666044247,16.736756715391614,17.444316916899577,17.346051086876912,17.76750740979309,16.947717573871877,17.720719431541347,16.113776054590435,1.0,1.0,1.0,1.0,1.0,1.0,1.0,1.0,1.0,1.0
158.25,2.0,0.0,0.0,0.0,0.0,0.0,0.0,0.0,0.0,0.0,0.0,0.0,0.0,0.0,0.0,0.0,0.0,0.0,0.0,0.0,0.0
158.5,3.0,16.2104303151255,14.253241042619425,13.302203530606905,13.373924100471429,14.779000909716538,14.35388610719208,14.372928389049992,13.87747137715953,13.979525345275114,14.234087261669362,1.0,1.0,1.0,1.0,1.0,1.0,1.0,1.0,1.0,1.0
158.75,4.0,17.819646277381725,17.78883547933353,18.16079218127801,17.361964431063658,17.647743937609494,16.19570286128883,16.362985783753462,15.765745437486443,15.531353297079132,15.088341790183932,1.0,1.0,1.0,1.0,1.0,1.0,1.0,1.0,1.0,1.0
159.0,1.0,18.957761878227423,19.022295968789564,18.902964802726636,18.07471795414635,19.11455957070279,19.459189157183424,18.945842642891407,18.917572955905772,19.080196159710304,17.581035866832416,1.0,1.0,1.0,1.0,1.0,1.0,1.0,1.0,1.0,1.0
159.25,2.0,17.172210240584846,17.903226503096914,16.741869616739802,14.685556391493568,13.948870159672667,14.539182938733461,14.569806100406735,14.937103704033724,14.237693339936811,14.56880700304963,1.0,1.0,1.0,1.0,1.0,1.0,1.0,1.0,1.0,1.0
159.5,3.0,0.0,0.0,0.0,0.0,0.0,0.0,0.0,0.0,0.0,0.0,0.0,0.0,0.0,0.0,0.0,0.0,0.0,0.0,0.0,0.0
159.75,4.0,16.112557239901406,17.157073503774196,17.82256775789774,16.944898877625892,17.269760453912863,16.384731603019592,16.099240232098918,16.01115341971739,15.669624091322694,14.426367590095937,1.0,1.0,1.0,1.0,1.0,1.0,1.0,1.0,1.0,1.0
160.0,1.0,17.49966939950945,18.664613690114415,18.497492136761046,19.545167339926973,19.742146806956047,20.423370703940545,20.203559775051342,19.772376960562816,18.93287479008434,17.632906026541477,1.0,1.0,1.0,1.0,1.0,1.0,1.0,1.0,1.0,1.0
160.25,2.0,0.0,0.0,0.0,0.0,0.0,0.0,0.0,0.0,0.0,0.0,0.0,0.0,0.0,0.0,0.0,0.0,0.0,0.0,0.0,0.0
160.5,3.0,14.21031341973739,13.319739017701393,12.747881596194537,13.648360166199815,13.464489748303723,13.010357122861326,14.235485711091938,14.96498671537524,14.097138015347253,14.558110865459623,1.0,1.0,1.0,1.0,1.0,1.0,1.0,1.0,1.0,1.0
160.75,4.0,16.489663545354244,17.86857627244462,16.992164619366047,15.750465988228466,16.85655974891453,16.30705680433963,16.066873023288956,15.035414002613383,13.77522112168121,13.127238283803822,1.0,1.0,1.0,1.0,1.0,1.0,1.0,1.0,1.0,1.0
161.0,1.0,0.0,0.0,0.0,0.0,0.0,0.0,0.0,0.0,0.0,0.0,0.0,0.0,0.0,0.0,0.0,0.0,0.0,0.0,0.0,0.0
161.25,2.0,16.70812841801774,15.693709146158078,15.280804913080763,15.155966808317787,13.479208561183125,14.631191824213214,13.263145619664623,13.977657149260462,15.18294968479806,15.136056074277557,1.0,1.0,1.0,1.0,1.0,1.0,1.0,1.0,1.0,1.0
161.5,3.0,14.364768463280774,13.326319010763642,13.04434887600403,12.337012028906987,14.25009567146367,13.702020372910871,14.021930148787806,14.307111706708373,14.7129609483839,14.990790402884409,1.0,1.0,1.0,1.0,1.0,1.0,1.0,1.0,1.0,1.0
161.75,4.0,0.0,0.0,0.0,0.0,0.0,0.0,0.0,0.0,0.0,0.0,0.0,0.0,0.0,0.0,0.0,0.0,0.0,0.0,0.0,0.0
162.0,1.0,14.87875761367007,17.20413278146967,19.595868530884353,19.162157577586733,18.685782983851073,19.19237338061834,18.027151284146736,18.709034179213024,18.176941689572878,16.987699451453526,1.0,1.0,1.0,1.0,1.0,1.0,1.0,1.0,1.0,1.0
162.25,2.0,16.673125899947955,15.837185064842334,15.115723738451726,14.403142658812953,13.407270780868322,14.310884856335985,14.386968408578475,14.960996038015283,15.85289295851249,16.042827176791302,1.0,1.0,1.0,1.0,1.0,1.0,1.0,1.0,1.0,1.0
162.5,3.0,0.0,0.0,0.0,0.0,0.0,0.0,0.0,0.0,0.0,0.0,0.0,0.0,0.0,0.0,0.0,0.0,0.0,0.0,0.0,0.0
162.75,4.0,16.11716996696278,17.82462559905935,17.227772269769623,16.55967273884034,16.974282641175602,15.219860980065183,14.387136418632473,14.25782155583926,14.151935733945503,14.995448810393308,1.0,1.0,1.0,1.0,1.0,1.0,1.0,1.0,1.0,1.0
163.0,1.0,17.025159247244485,18.384502162638775,19.472328382098755,19.02948475625194,19.359863838340885,20.09140615358727,19.002728002960904,18.557033653221172,17.37710275167803,15.53698462734888,1.0,1.0,1.0,1.0,1.0,1.0,1.0,1.0,1.0,1.0
163.25,2.0,0.0,0.0,0.0,0.0,0.0,0.0,0.0,0.0,0.0,0.0,0.0,0.0,0.0,0.0,0.0,0.0,0.0,0.0,0.0,0.0
163.5,3.0,14.23633560024948,12.395158204093107,11.870590137126548,13.603366546608873,14.79261341025477,13.85584611344771,13.871282097301071,14.207638265311765,14.41986339010638,14.560961341110755,1.0,1.0,1.0,1.0,1.0,1.0,1.0,1.0,1.0,1.0
163.75,4.0,17.31754813821869,17.110125779140052,16.774321734194128,14.841971846921206,15.175975451359204,14.482888413978177,14.436469654533266,15.186326800805338,15.42109033778365,16.334759605054256,1.0,1.0,1.0,1.0,1.0,1.0,1.0,1.0,1.0,1.0
164.0,1.0,19.390476882114736,19.223582893533496,19.1487817770682,18.94501362513117,18.747201259016745,18.56836606443072,17.79411767909317,16.817823126377398,16.745285052994795,14.786270629755967,1.0,1.0,1.0,1.0,1.0,1.0,1.0,1.0,1.0,1.0
164.25,2.0,16.398406600296738,15.640926638313472,15.265543251906195,14.385788659639005,14.667075716934738,15.92574734693963,16.182277976461997,16.16790936874066,15.476131577260334,15.253032264478685,1.0,1.0,1.0,1.0,1.0,1.0,1.0,1.0,1.0,1.0
164.5,3.0,0.0,0.0,0.0,0.0,0.0,0.0,0.0,0.0,0.0,0.0,0.0,0.0,0.0,0.0,0.0,0.0,0.0,0.0,0.0,0.0
164.75,4.0,18.41371587610183,17.266315051826723,16.922382748839194,15.266212685162609,14.324103214547598,15.088694963320757,15.110257306435718,15.593080111721232,15.287584853665331,15.556954816713768,1.0,1.0,1.0,1.0,1.0,1.0,1.0,1.0,1.0,1.0
165.0,1.0,19.314323976746987,19.354931917613296,19.166226308126134,18.799469327142518,17.16794686400644,16.94118724049738,16.707371885496073,15.977444496788623,15.26342856475398,14.62292876607145,1.0,1.0,1.0,1.0,1.0,1.0,1.0,1.0,1.0,1.0
165.25,2.0,15.894955357775284,14.667071363261947,15.593520912384871,13.866715683323955,15.57958575802514,16.518145266532684,16.191828542727553,15.888423212204945,15.70791451270259,15.915803310063035,1.0,1.0,1.0,1.0,1.0,1.0,1.0,1.0,1.0,1.0
165.5,3.0,14.350411266884835,15.05652124320978,14.277615108522102,14.930807921112986,16.162074472994664,14.830217046847377,16.016604859595613,15.362817134564827,15.69547791073732,14.534980825717726,1.0,1.0,1.0,1.0,1.0,1.0,1.0,1.0,1.0,1.0
165.75,4.0,17.298932811847568,17.16020872728157,17.301935022248216,15.744839533343283,15.875475488667576,16.869368826955675,16.32827501756117,16.001163457763123,15.371187711490958,15.34020505690198,1.0,1.0,1.0,1.0,1.0,1.0,1.0,1.0,1.0,1.0
166.0,1.0,0.0,0.0,0.0,0.0,0.0,0.0,0.0,0.0,0.0,0.0,0.0,0.0,0.0,0.0,0.0,0.0,0.0,0.0,0.0,0.0
166.25,2.0,0.0,0.0,0.0,0.0,0.0,0.0,0.0,0.0,0.0,0.0,0.0,0.0,0.0,0.0,0.0,0.0,0.0,0.0,0.0,0.0
166.5,3.0,14.967001871039534,15.11397388813033,14.259109823276612,15.02262529801697,15.899271566333129,15.675047720762112,16.815308458537327,16.916417466106182,16.68361173699014,15.901606246573644,1.0,1.0,1.0,1.0,1.0,1.0,1.0,1.0,1.0,1.0
166.75,4.0,0.0,0.0,0.0,0.0,0.0,0.0,0.0,0.0,0.0,0.0,0.0,0.0,0.0,0.0,0.0,0.0,0.0,0.0,0.0,0.0
167.0,1.0,19.776796744447388,19.818974495789718,19.494291772266795,17.461903330951877,17.13996112155237,16.400743327329025,15.602738168170003,14.61371030247577,14.427346108597096,14.515091897013079,1.0,1.0,1.0,1.0,1.0,1.0,1.0,1.0,1.0,1.0
167.25,2.0,15.339079088910207,14.78728060647596,16.81150769473083,16.66228109977167,15.053825647111594,15.401631346120496,14.80008109792438,13.841134029342347,14.228683015527201,14.332347536926651,1.0,1.0,1.0,1.0,1.0,1.0,1.0,1.0,1.0,1.0
167.5,3.0,0.0,0.0,0.0,0.0,0.0,0.0,0.0,0.0,0.0,0.0,0.0,0.0,0.0,0.0,0.0,0.0,0.0,0.0,0.0,0.0
167.75,4.0,17.23675428514783,15.613123898720627,16.71129729900128,15.777353651504379,14.862348333047175,14.13087172699286,13.894280398571588,12.537674940638945,11.259113033461492,12.830690812420698,1.0,1.0,1.0,1.0,1.0,1.0,1.0,1.0,1.0,1.0
168.0,1.0,18.691086369973647,19.345421427278087,18.146698992034562,17.479638212332045,16.902278095821064,15.353482863630049,14.927339932376883,14.242039361205311,13.898673561044614,13.723187016694787,1.0,1.0,1.0,1.0,1.0,1.0,1.0,1.0,1.0,1.0
168.25,2.0,0.0,0.0,0.0,0.0,0.0,0.0,0.0,0.0,0.0,0.0,0.0,0.0,0.0,0.0,0.0,0.0,0.0,0.0,0.0,0.0
168.5,3.0,16.560254565388107,16.29803279734977,14.917353429414971,14.25688482933865,15.978851451596366,16.586895247725188,16.65462163031029,16.518648085752698,16.110481171943473,15.611876274009312,1.0,1.0,1.0,1.0,1.0,1.0,1.0,1.0,1.0,1.0
168.75,4.0,16.682889891891065,17.244481939985505,17.092533256326504,15.154608298896756,13.733398796476921,13.597824988578585,12.917090718243045,12.193372313886561,11.50249217133785,12.239009254856217,1.0,1.0,1.0,1.0,1.0,1.0,1.0,1.0,1.0,1.0
169.0,1.0,0.0,0.0,0.0,0.0,0.0,0.0,0.0,0.0,0.0,0.0,0.0,0.0,0.0,0.0,0.0,0.0,0.0,0.0,0.0,0.0
169.25,2.0,15.118197573726352,16.033591151901643,16.45927152145059,16.631620226374242,16.090814998800397,15.244825091430515,14.432227220195532,13.677852284567143,13.74116747552285,13.026478591934957,1.0,1.0,1.0,1.0,1.0,1.0,1.0,1.0,1.0,1.0
169.5,3.0,0.0,0.0,0.0,0.0,0.0,0.0,0.0,0.0,0.0,0.0,0.0,0.0,0.0,0.0,0.0,0.0,0.0,0.0,0.0,0.0
169.75,4.0,0.0,0.0,0.0,0.0,0.0,0.0,0.0,0.0,0.0,0.0,0.0,0.0,0.0,0.0,0.0,0.0,0.0,0.0,0.0,0.0
170.0,1.0,17.392540237346978,18.048466795945384,18.759975749183454,18.6255917278731,17.00809711419368,15.605348933301041,14.03646590592149,13.40800605304784,14.759270296519095,13.531889361705238,1.0,1.0,1.0,1.0,1.0,1.0,1.0,1.0,1.0,1.0
170.25,2.0,15.451904381779013,14.506956749938203,15.823471550948083,15.89872626612861,14.017654540174107,14.103945494118756,14.267891756987165,14.462805328006517,14.087359094353637,12.50278422762225,1.0,1.0,1.0,1.0,1.0,1.0,1.0,1.0,1.0,1.0
170.5,3.0,0.0,0.0,0.0,0.0,0.0,0.0,0.0,0.0,0.0,0.0,0.0,0.0,0.0,0.0,0.0,0.0,0.0,0.0,0.0,0.0
170.75,4.0,16.70272486348635,16.689882261587517,16.78954786436355,14.103883240242421,13.0414967263837,13.767791638172067,14.164520345989539,14.604631109055852,13.890967763445826,14.725265839148257,1.0,1.0,1.0,1.0,1.0,1.0,1.0,1.0,1.0,1.0
171.0,1.0,17.093283880814802,17.68000984637198,17.410946481337557,17.221689047878197,15.399590436667598,15.849363906829748,14.144351052668316,13.908991833789841,13.456038639462243,13.4443198744629,1.0,1.0,1.0,1.0,1.0,1.0,1.0,1.0,1.0,1.0
171.25,2.0,0.0,0.0,0.0,0.0,0.0,0.0,0.0,0.0,0.0,0.0,0.0,0.0,0.0,0.0,0.0,0.0,0.0,0.0,0.0,0.0
171.5,3.0,13.816344663412387,13.825208997452599,14.728465652478745,15.81011108792784,15.400401570237019,15.428953445973901,14.697426117510448,15.636290751660201,15.752252113563332,15.769608554433875,1.0,1.0,1.0,1.0,1.0,1.0,1.0,1.0,1.0,1.0
171.75,4.0,15.943154196551822,16.31674849557247,15.749802959301137,13.816662192580388,14.52925272703962,14.931708723277252,14.938217218287049,14.54706649468187,13.842120508229105,14.712619388078197,1.0,1.0,1.0,1.0,1.0,1.0,1.0,1.0,1.0,1.0
172.0,1.0,16.790936274272532,16.097457071178294,16.85064918835299,17.088870089283066,15.094454519203504,15.843777284841565,14.694120120229101,15.177828260255009,14.653520810367661,15.007724998297258,1.0,1.0,1.0,1.0,1.0,1.0,1.0,1.0,1.0,1.0
172.25,2.0,14.871914387411847,15.351175756689234,14.73720089536051,15.762761609329251,16.57715016554567,16.429581951222207,16.41086224388662,14.54037389101158,15.106546801739965,14.410850837623814,1.0,1.0,1.0,1.0,1.0,1.0,1.0,1.0,1.0,1.0
172.5,3.0,0.0,0.0,0.0,0.0,0.0,0.0,0.0,0.0,0.0,0.0,0.0,0.0,0.0,0.0,0.0,0.0,0.0,0.0,0.0,0.0
172.75,4.0,15.512970964459695,16.574730603040713,14.040025194663828,13.234008817036246,14.229558480171873,13.515947277552938,14.739749671182278,13.948742142079862,14.446906322966022,14.165101341491964,1.0,1.0,1.0,1.0,1.0,1.0,1.0,1.0,1.0,1.0
173.0,1.0,17.20593933241555,14.309467081174999,15.602742947404659,15.209223951256094,15.235389244747948,15.292323775329347,14.91585610363656,15.73242030360223,14.863267300581816,15.169504951008317,1.0,1.0,1.0,1.0,1.0,1.0,1.0,1.0,1.0,1.0
173.25,2.0,14.214599446835125,15.262543736944496,15.055568290995177,17.08341496395948,16.836222908989136,16.000105320910503,17.15745688055238,16.524657052851108,16.604593179516435,16.172119851676424,1.0,1.0,1.0,1.0,1.0,1.0,1.0,1.0,1.0,1.0
173.5,3.0,15.40538243273724,14.835555173754754,14.57176047517155,14.719053713523337,14.138052707169104,14.409977072830692,14.703782673078354,15.656616412199062,15.687302033222032,15.507290294410634,1.0,1.0,1.0,1.0,1.0,1.0,1.0,1.0,1.0,1.0
173.75,4.0,14.579574495717273,14.757263166108881,13.598190909215777,13.681660721744027,14.384440750341245,14.60436794763073,15.108381729579664,14.407701119643464,14.851399934521806,14.060128753450412,1.0,1.0,1.0,1.0,1.0,1.0,1.0,1.0,1.0,1.0
174.0,1.0,0.0,0.0,0.0,0.0,0.0,0.0,0.0,0.0,0.0,0.0,0.0,0.0,0.0,0.0,0.0,0.0,0.0,0.0,0.0,0.0
174.25,2.0,0.0,0.0,0.0,0.0,0.0,0.0,0.0,0.0,0.0,0.0,0.0,0.0,0.0,0.0,0.0,0.0,0.0,0.0,0.0,0.0
174.5,3.0,14.83167180647957,14.659342162255959,13.908608294892918,13.139829476425737,12.820335074359722,14.065901644084972,15.42119493123489,16.14180527602195,16.62388106347681,15.86495164991077,1.0,1.0,1.0,1.0,1.0,1.0,1.0,1.0,1.0,1.0
174.75,4.0,0.0,0.0,0.0,0.0,0.0,0.0,0.0,0.0,0.0,0.0,0.0,0.0,0.0,0.0,0.0,0.0,0.0,0.0,0.0,0.0
175.0,1.0,14.258513578831682,15.709939011947881,17.29864018887372,16.096703017013795,15.009516065718412,16.293918827445385,15.680236293442977,16.59923605678985,17.296536889473973,17.204883413151194,1.0,1.0,1.0,1.0,1.0,1.0,1.0,1.0,1.0,1.0
175.25,2.0,14.529809562394568,16.146634672391222,15.305724948423578,15.777210537553673,15.192945104379122,15.492022968996277,16.006856446549243,15.669390773802588,15.659988402866272,15.954713081969413,1.0,1.0,1.0,1.0,1.0,1.0,1.0,1.0,1.0,1.0
175.5,3.0,0.0,0.0,0.0,0.0,0.0,0.0,0.0,0.0,0.0,0.0,0.0,0.0,0.0,0.0,0.0,0.0,0.0,0.0,0.0,0.0
175.75,4.0,15.003559338667383,14.048764686585908,14.267771846066447,12.782268242747202,12.127574458199193,13.355774031002452,14.058350236826431,14.223591733599076,15.257601849589776,15.546569128996053,1.0,1.0,1.0,1.0,1.0,1.0,1.0,1.0,1.0,1.0
176.0,1.0,16.452481118664434,17.862237603401788,18.59874911732931,17.478498102073537,15.159852006229633,17.64995662842446,16.155437579075585,17.812242717061974,17.02155397402119,17.944612524925937,1.0,1.0,1.0,1.0,1.0,1.0,1.0,1.0,1.0,1.0
176.25,2.0,0.0,0.0,0.0,0.0,0.0,0.0,0.0,0.0,0.0,0.0,0.0,0.0,0.0,0.0,0.0,0.0,0.0,0.0,0.0,0.0
176.5,3.0,15.157201133960616,14.98308534299212,14.189468125042687,14.1295233485734,14.958500197395493,15.845998953146408,15.20968744411808,16.001796392707618,15.04619708014894,14.767206803958066,1.0,1.0,1.0,1.0,1.0,1.0,1.0,1.0,1.0,1.0
176.75,4.0,15.053874248555651,14.652769291579906,13.949689498398259,12.425192380483946,12.631920433005215,14.000669508297245,14.442347677533718,14.718510815121242,15.118848584737343,15.261854311851852,1.0,1.0,1.0,1.0,1.0,1.0,1.0,1.0,1.0,1.0
177.0,1.0,0.0,0.0,0.0,0.0,0.0,0.0,0.0,0.0,0.0,0.0,0.0,0.0,0.0,0.0,0.0,0.0,0.0,0.0,0.0,0.0
177.25,2.0,14.58591734168605,14.461586225127705,15.419369602878998,16.07005835707005,16.25063028186801,15.67488649809377,14.79669521110162,14.821733962087464,14.933160899841402,14.333160881082058,1.0,1.0,1.0,1.0,1.0,1.0,1.0,1.0,1.0,1.0
177.5,3.0,0.0,0.0,0.0,0.0,0.0,0.0,0.0,0.0,0.0,0.0,0.0,0.0,0.0,0.0,0.0,0.0,0.0,0.0,0.0,0.0
177.75,4.0,0.0,0.0,0.0,0.0,0.0,0.0,0.0,0.0,0.0,0.0,0.0,0.0,0.0,0.0,0.0,0.0,0.0,0.0,0.0,0.0
178.0,1.0,16.515215641638274,16.251319840626884,15.251312213501805,15.211852774651543,15.028172182196784,16.02115488969803,14.642757482616895,16.731037524184195,17.429813534729618,18.092510400641583,1.0,1.0,1.0,1.0,1.0,1.0,1.0,1.0,1.0,1.0
178.25,2.0,14.481978355999507,14.99264571523409,16.089753249246122,14.973187879668,15.35003793535215,14.964287194090543,14.094414970555304,13.759601995612947,14.737753051213451,14.288585922697324,1.0,1.0,1.0,1.0,1.0,1.0,1.0,1.0,1.0,1.0
178.5,3.0,0.0,0.0,0.0,0.0,0.0,0.0,0.0,0.0,0.0,0.0,0.0,0.0,0.0,0.0,0.0,0.0,0.0,0.0,0.0,0.0
178.75,4.0,14.769367483431253,13.695952749778453,14.943853822392738,15.046002814755678,15.195285373538027,16.605634157264195,16.068153861067913,17.04931022032516,16.015924600015225,14.81871569407075,1.0,1.0,1.0,1.0,1.0,1.0,1.0,1.0,1.0,1.0
179.0,1.0,14.924801305952279,15.392737526055509,15.148886949114663,14.835139989892165,14.657990427092624,15.967441040063505,14.951648214199974,17.314498504256253,18.135497692140657,18.932422888287164,1.0,1.0,1.0,1.0,1.0,1.0,1.0,1.0,1.0,1.0
179.25,2.0,0.0,0.0,0.0,0.0,0.0,0.0,0.0,0.0,0.0,0.0,0.0,0.0,0.0,0.0,0.0,0.0,0.0,0.0,0.0,0.0
179.5,3.0,12.731073889917631,14.109283623315415,12.646878823420026,12.45396995444762,13.011827287647417,13.945499717146063,13.795599907521972,14.460712451963738,14.328066658027089,14.467067131032534,1.0,1.0,1.0,1.0,1.0,1.0,1.0,1.0,1.0,1.0
179.75,4.0,14.543047455194861,13.281167702795276,15.838683150711988,15.262873530096876,15.850557163219472,16.797024705723643,16.956211351238075,16.7878948092189,15.759208174564478,15.180336590001607,1.0,1.0,1.0,1.0,1.0,1.0,1.0,1.0,1.0,1.0
180.0,1.0,15.155140547209122,14.341413561816019,14.736450635263143,14.174775126924091,14.104945526839387,15.53887904388886,15.518093556610124,16.81338376915336,17.804310933992706,18.637435154038354,1.0,1.0,1.0,1.0,1.0,1.0,1.0,1.0,1.0,1.0
180.25,2.0,13.705257231277304,16.113564721537067,15.748782797364665,16.142094447906473,14.487590572797428,13.529435576298265,13.474102324932609,13.797567103831858,14.891458956991169,15.067300784440718,1.0,1.0,1.0,1.0,1.0,1.0,1.0,1.0,1.0,1.0
180.5,3.0,0.0,0.0,0.0,0.0,0.0,0.0,0.0,0.0,0.0,0.0,0.0,0.0,0.0,0.0,0.0,0.0,0.0,0.0,0.0,0.0
180.75,4.0,14.308627607012518,13.48297757454903,14.746823278708629,15.053343977658969,17.170185132162523,17.648034553809282,18.262866557824438,17.56031955801349,16.539356169072104,16.171973954799157,1.0,1.0,1.0,1.0,1.0,1.0,1.0,1.0,1.0,1.0
181.0,1.0,15.075439734774402,13.53017738363249,14.705255754962119,15.764243550818568,15.27879648439335,16.623778052890593,16.912788707438065,18.323143991572284,18.524808545808824,18.418472954396467,1.0,1.0,1.0,1.0,1.0,1.0,1.0,1.0,1.0,1.0
181.25,2.0,0.0,0.0,0.0,0.0,0.0,0.0,0.0,0.0,0.0,0.0,0.0,0.0,0.0,0.0,0.0,0.0,0.0,0.0,0.0,0.0
181.5,3.0,13.425811357751247,11.684794586415526,11.9609062024387,13.074957258949112,12.478098601675555,11.825875460672142,10.704147275802846,12.579086479181843,12.267405154694305,13.186775169099409,1.0,1.0,1.0,1.0,1.0,1.0,1.0,1.0,1.0,1.0
181.75,4.0,14.168180435411442,13.21493397992287,14.157858684793007,15.706963274554766,16.66772529635118,17.024078528012378,16.870210363688745,17.24987258904556,15.415710045081196,15.707157035215513,1.0,1.0,1.0,1.0,1.0,1.0,1.0,1.0,1.0,1.0
182.0,1.0,0.0,0.0,0.0,0.0,0.0,0.0,0.0,0.0,0.0,0.0,0.0,0.0,0.0,0.0,0.0,0.0,0.0,0.0,0.0,0.0
182.25,2.0,0.0,0.0,0.0,0.0,0.0,0.0,0.0,0.0,0.0,0.0,0.0,0.0,0.0,0.0,0.0,0.0,0.0,0.0,0.0,0.0
182.5,3.0,12.796325671337884,11.30362124551001,11.917093837045922,11.711879784617741,11.651137000809884,10.841113884316785,11.55631865013781,12.430394842248404,11.84217765638185,12.63577572120444,1.0,1.0,1.0,1.0,1.0,1.0,1.0,1.0,1.0,1.0
182.75,4.0,0.0,0.0,0.0,0.0,0.0,0.0,0.0,0.0,0.0,0.0,0.0,0.0,0.0,0.0,0.0,0.0,0.0,0.0,0.0,0.0
183.0,1.0,14.270893418518249,17.129271108153105,16.42568268803932,14.841201459073618,16.148946985387287,16.73646954570377,17.60596779928323,18.750938607972678,19.053093233075852,19.369869622447396,1.0,1.0,1.0,1.0,1.0,1.0,1.0,1.0,1.0,1.0
183.25,2.0,16.457910754456123,15.571419158020655,14.12967614752643,13.831849426138861,13.964202378195315,14.543301232095065,14.402452436774613,13.76052543658734,14.42066498875503,12.93435300183295,1.0,1.0,1.0,1.0,1.0,1.0,1.0,1.0,1.0,1.0
183.5,3.0,0.0,0.0,0.0,0.0,0.0,0.0,0.0,0.0,0.0,0.0,0.0,0.0,0.0,0.0,0.0,0.0,0.0,0.0,0.0,0.0
183.75,4.0,15.29878254316252,14.751688842248827,16.14234264389127,16.12921381269157,15.396981145062174,15.473848444027594,14.51073318490128,14.156814869935978,13.004140859644174,13.718109656210501,1.0,1.0,1.0,1.0,1.0,1.0,1.0,1.0,1.0,1.0
184.0,1.0,15.042638679821478,16.695229751845332,15.640879585411396,15.448148547722377,16.923791531508346,17.130812643022,18.203375168499576,18.499734637871818,17.669992091354136,17.24526701037107,1.0,1.0,1.0,1.0,1.0,1.0,1.0,1.0,1.0,1.0
184.25,2.0,0.0,0.0,0.0,0.0,0.0,0.0,0.0,0.0,0.0,0.0,0.0,0.0,0.0,0.0,0.0,0.0,0.0,0.0,0.0,0.0
184.5,3.0,11.265651111248836,10.561685932355095,11.109975583068115,12.202980000201851,12.44301640367418,12.708633899940883,13.68072932732872,14.973003258952268,14.909725079323746,13.762755708910857,1.0,1.0,1.0,1.0,1.0,1.0,1.0,1.0,1.0,1.0
184.75,4.0,14.353931897964456,14.568028070402015,14.727076635236026,15.981834183122144,14.393008991561498,14.737000579635716,14.433535619050817,14.576690784135286,14.388856945116798,14.184295888052807,1.0,1.0,1.0,1.0,1.0,1.0,1.0,1.0,1.0,1.0
185.0,1.0,0.0,0.0,0.0,0.0,0.0,0.0,0.0,0.0,0.0,0.0,0.0,0.0,0.0,0.0,0.0,0.0,0.0,0.0,0.0,0.0
185.25,2.0,15.358587139110313,15.894102552469148,13.417991382404232,12.976517857083987,13.779104289934143,14.360573633752168,14.614151783594112,14.514483920330573,13.845483603119526,12.361406627814294,1.0,1.0,1.0,1.0,1.0,1.0,1.0,1.0,1.0,1.0
185.5,3.0,0.0,0.0,0.0,0.0,0.0,0.0,0.0,0.0,0.0,0.0,0.0,0.0,0.0,0.0,0.0,0.0,0.0,0.0,0.0,0.0
185.75,4.0,0.0,0.0,0.0,0.0,0.0,0.0,0.0,0.0,0.0,0.0,0.0,0.0,0.0,0.0,0.0,0.0,0.0,0.0,0.0,0.0
186.0,1.0,15.90700388996122,17.98291479325312,17.17312266023185,16.56961467268148,17.765435623397035,17.07224657117848,18.29614952939038,17.72425859285498,17.744040082057044,18.32837822173929,1.0,1.0,1.0,1.0,1.0,1.0,1.0,1.0,1.0,1.0
186.25,2.0,14.175091393017706,15.098186999476225,12.775119323934682,11.813860992165647,13.32729278968008,13.218677850256853,14.21926357179331,14.045131881252981,13.21105297016948,11.785015753871049,1.0,1.0,1.0,1.0,1.0,1.0,1.0,1.0,1.0,1.0
186.5,3.0,0.0,0.0,0.0,0.0,0.0,0.0,0.0,0.0,0.0,0.0,0.0,0.0,0.0,0.0,0.0,0.0,0.0,0.0,0.0,0.0
186.75,4.0,13.824452185018163,13.175838152770824,14.188470912145897,14.500038863879036,15.25065702512143,13.849761919105353,14.06020760896634,14.460892165736494,15.162375115869725,15.694871788229417,1.0,1.0,1.0,1.0,1.0,1.0,1.0,1.0,1.0,1.0
187.0,1.0,16.282249898780602,17.182263943210433,16.993228975948707,16.9644767474867,18.380362266060718,17.287212670337137,18.503121718545906,18.342187527603254,19.384855507813274,19.646697688794845,1.0,1.0,1.0,1.0,1.0,1.0,1.0,1.0,1.0,1.0
187.25,2.0,0.0,0.0,0.0,0.0,0.0,0.0,0.0,0.0,0.0,0.0,0.0,0.0,0.0,0.0,0.0,0.0,0.0,0.0,0.0,0.0
187.5,3.0,12.58649335044738,13.241439105851544,13.16733423634066,12.421805651943616,11.295067114938117,12.701222377997752,12.869031413818202,11.84308434240559,11.388914038599346,10.443836870253651,1.0,1.0,1.0,1.0,1.0,1.0,1.0,1.0,1.0,1.0
187.75,4.0,14.034750465331369,14.723257278022333,15.61861750213718,13.808873604635036,13.679834044395289,13.580092950766442,14.646542767429228,14.64023772053134,14.845954519670922,15.599129535880106,1.0,1.0,1.0,1.0,1.0,1.0,1.0,1.0,1.0,1.0
188.0,1.0,14.544253560062948,14.933320612930375,16.127210499069207,16.78742475970896,17.450510958068207,17.409577459328865,19.26564613154936,19.26967749134503,19.422277666851198,18.257964206841212,1.0,1.0,1.0,1.0,1.0,1.0,1.0,1.0,1.0,1.0
188.25,2.0,12.42460897863871,12.871771912083304,12.035120410374322,11.260894598427845,11.452531826133871,11.831231384386966,12.585849934535249,12.310648981908257,12.503324247773747,12.738484963174654,1.0,1.0,1.0,1.0,1.0,1.0,1.0,1.0,1.0,1.0
188.5,3.0,0.0,0.0,0.0,0.0,0.0,0.0,0.0,0.0,0.0,0.0,0.0,0.0,0.0,0.0,0.0,0.0,0.0,0.0,0.0,0.0
188.75,4.0,14.772657578438013,14.445310703472506,15.976271896705406,14.364751087898155,14.871453752304422,14.611892546729374,15.969563513526374,15.493315109622761,15.338559323847752,16.227893145495468,1.0,1.0,1.0,1.0,1.0,1.0,1.0,1.0,1.0,1.0
189.0,1.0,12.669165258318104,14.194792039554233,16.079503282236736,17.744084043391165,17.54285331456011,16.750373144755837,18.824916354256548,18.11103140057983,17.86387067162265,16.88262236859002,1.0,1.0,1.0,1.0,1.0,1.0,1.0,1.0,1.0,1.0
189.25,2.0,0.0,0.0,0.0,0.0,0.0,0.0,0.0,0.0,0.0,0.0,0.0,0.0,0.0,0.0,0.0,0.0,0.0,0.0,0.0,0.0
189.5,3.0,13.898284152592437,12.702579350843001,11.345294552048761,10.416793667592522,9.038513409024246,10.000448054102433,10.567895276325988,11.780474421795285,12.864290387761171,14.344378748024388,1.0,1.0,1.0,1.0,1.0,1.0,1.0,1.0,1.0,1.0
189.75,4.0,13.755499935335175,14.813501141664629,16.826622874834605,15.381283218597176,16.280210711080077,15.554461962513816,15.658265851281703,15.69910398858753,15.895104203674045,17.73536500359955,1.0,1.0,1.0,1.0,1.0,1.0,1.0,1.0,1.0,1.0
190.0,1.0,0.0,0.0,0.0,0.0,0.0,0.0,0.0,0.0,0.0,0.0,0.0,0.0,0.0,0.0,0.0,0.0,0.0,0.0,0.0,0.0
190.25,2.0,0.0,0.0,0.0,0.0,0.0,0.0,0.0,0.0,0.0,0.0,0.0,0.0,0.0,0.0,0.0,0.0,0.0,0.0,0.0,0.0
190.5,3.0,12.27242733913793,11.307707397661472,11.283135096298475,11.451770260742617,8.35560963747989,10.3337943822343,11.827971933660088,12.760807224786317,13.614774104115883,14.93638557915559,1.0,1.0,1.0,1.0,1.0,1.0,1.0,1.0,1.0,1.0
190.75,4.0,0.0,0.0,0.0,0.0,0.0,0.0,0.0,0.0,0.0,0.0,0.0,0.0,0.0,0.0,0.0,0.0,0.0,0.0,0.0,0.0
191.0,1.0,13.9765745600423,15.971380688443379,18.57606457851429,18.743763705037548,18.01348191544447,17.771289811191558,18.157521217919623,18.51389220078232,17.98694514961339,17.84564950407245,1.0,1.0,1.0,1.0,1.0,1.0,1.0,1.0,1.0,1.0
191.25,2.0,12.692884131329421,12.071644496737122,11.354524183790383,11.849816317329378,12.228987190968372,13.093938475063835,14.626553508739576,14.32425338790785,14.00238532415071,12.619930396543221,1.0,1.0,1.0,1.0,1.0,1.0,1.0,1.0,1.0,1.0
191.5,3.0,0.0,0.0,0.0,0.0,0.0,0.0,0.0,0.0,0.0,0.0,0.0,0.0,0.0,0.0,0.0,0.0,0.0,0.0,0.0,0.0
191.75,4.0,16.074129547501535,17.57876247840176,19.528639001857105,18.04155728166246,17.40192493657446,17.165012201163417,18.490900840171477,18.559768848114576,19.106220506407375,19.548809752669424,1.0,1.0,1.0,1.0,1.0,1.0,1.0,1.0,1.0,1.0
192.0,1.0,15.40383444414891,16.365896819384727,18.379384527352844,18.529208265202477,17.39057116360249,17.996430682368555,18.843110203596986,19.116602768877232,18.59901882966203,18.591633303874012,1.0,1.0,1.0,1.0,1.0,1.0,1.0,1.0,1.0,1.0
192.25,2.0,0.0,0.0,0.0,0.0,0.0,0.0,0.0,0.0,0.0,0.0,0.0,0.0,0.0,0.0,0.0,0.0,0.0,0.0,0.0,0.0
192.5,3.0,11.925403718197336,11.812451390422991,11.86490641650759,12.562130014305849,12.303457464506065,14.602326821127882,15.194722782968315,14.895497818356098,16.098921595430642,16.577263476392258,1.0,1.0,1.0,1.0,1.0,1.0,1.0,1.0,1.0,1.0
192.75,4.0,16.344533725180376,17.377179483523822,19.279454898899747,18.145385091533896,17.215654334775373,18.13134631179625,19.886847091270937,20.14072857450474,19.853600028406593,20.196056327745268,1.0,1.0,1.0,1.0,1.0,1.0,1.0,1.0,1.0,1.0
193.0,1.0,0.0,0.0,0.0,0.0,0.0,0.0,0.0,0.0,0.0,0.0,0.0,0.0,0.0,0.0,0.0,0.0,0.0,0.0,0.0,0.0
193.25,2.0,9.739146963004385,10.717959535924257,11.10063717128698,12.78775034248196,14.116114293201733,15.094830106254532,14.760783660280351,14.645085800166756,14.510786645353848,13.472837882207406,1.0,1.0,1.0,1.0,1.0,1.0,1.0,1.0,1.0,1.0
193.5,3.0,0.0,0.0,0.0,0.0,0.0,0.0,0.0,0.0,0.0,0.0,0.0,0.0,0.0,0.0,0.0,0.0,0.0,0.0,0.0,0.0
193.75,4.0,0.0,0.0,0.0,0.0,0.0,0.0,0.0,0.0,0.0,0.0,0.0,0.0,0.0,0.0,0.0,0.0,0.0,0.0,0.0,0.0
194.0,1.0,16.441859034848388,16.468994295915103,19.023060252195336,19.045098792524463,18.946531949256208,17.634347160569135,19.078352306772864,17.792722491956738,18.025315914538304,18.432991092974262,1.0,1.0,1.0,1.0,1.0,1.0,1.0,1.0,1.0,1.0
194.25,2.0,10.316370578320504,10.887675574266025,11.736970118772836,12.92601929290142,13.146484380833904,14.425546226331805,13.342048245163866,14.26931086251683,15.5014518635796,15.167153401025848,1.0,1.0,1.0,1.0,1.0,1.0,1.0,1.0,1.0,1.0
194.5,3.0,12.295424413461854,10.806752877391565,12.005913892401312,13.281706620071805,14.100040707863213,14.435040068149483,16.20114303727257,15.451044097128818,16.13210328108106,16.791849188509246,1.0,1.0,1.0,1.0,1.0,1.0,1.0,1.0,1.0,1.0
194.75,4.0,15.605473124411542,16.629417667946164,18.392870747614925,18.546057508245035,18.216955503943097,19.214529755372038,20.45190519037374,19.84198658339038,19.28238547065042,19.613611473995476,1.0,1.0,1.0,1.0,1.0,1.0,1.0,1.0,1.0,1.0
195.0,1.0,16.69459622430022,16.95460499573138,18.50858693598117,18.384420700045197,18.420264296116837,17.091721385586567,18.374406839880184,18.520854827939896,17.647389743783492,17.896398170242435,1.0,1.0,1.0,1.0,1.0,1.0,1.0,1.0,1.0,1.0
195.25,2.0,0.0,0.0,0.0,0.0,0.0,0.0,0.0,0.0,0.0,0.0,0.0,0.0,0.0,0.0,0.0,0.0,0.0,0.0,0.0,0.0
195.5,3.0,12.216819710174734,12.217086840554346,14.122445173578077,15.22874352347036,16.64173901848595,16.820720622145103,17.70392188931842,16.513704884626016,16.940673831079096,17.180194041390628,1.0,1.0,1.0,1.0,1.0,1.0,1.0,1.0,1.0,1.0
195.75,4.0,15.968035946792966,16.779871707214962,18.82159623588927,18.38111429812447,18.75373933106895,19.500425595563254,20.22095620466215,20.156891156758963,19.888355533743606,20.342338392143894,1.0,1.0,1.0,1.0,1.0,1.0,1.0,1.0,1.0,1.0
196.0,1.0,16.23247627147535,15.845431002481561,17.502017775326763,17.785699363207677,17.927795776683258,18.03131027298171,19.42482512049557,18.944976131509446,18.725652759849012,18.657608533119355,1.0,1.0,1.0,1.0,1.0,1.0,1.0,1.0,1.0,1.0
196.25,2.0,12.701588577494203,12.433570306378568,12.572746806077655,14.731408219316732,13.98252443536798,14.461250557280216,14.627971591411843,15.179342008158512,16.063548912295197,16.32398099062552,1.0,1.0,1.0,1.0,1.0,1.0,1.0,1.0,1.0,1.0
196.5,3.0,0.0,0.0,0.0,0.0,0.0,0.0,0.0,0.0,0.0,0.0,0.0,0.0,0.0,0.0,0.0,0.0,0.0,0.0,0.0,0.0
196.75,4.0,17.029742397510965,17.888486278242574,18.402599776708907,17.821862467952876,20.369098817752466,20.53494506782162,21.317242881760137,21.106004919967013,20.43506402949348,20.90077596533174,1.0,1.0,1.0,1.0,1.0,1.0,1.0,1.0,1.0,1.0
197.0,1.0,15.1964444553823,16.26479478842208,17.29080782194705,18.07895353636838,18.554202496236233,17.725028268973613,19.266113968868922,18.24818855570231,17.8665197557204,17.822637537003523,1.0,1.0,1.0,1.0,1.0,1.0,1.0,1.0,1.0,1.0
197.25,2.0,0.0,0.0,0.0,0.0,0.0,0.0,0.0,0.0,0.0,0.0,0.0,0.0,0.0,0.0,0.0,0.0,0.0,0.0,0.0,0.0
197.5,3.0,15.447382446157555,16.4683858929819,16.09296365195247,16.903586521226114,18.12344220506539,18.416037740258666,18.63340239404287,18.522909028123404,19.05638433009206,17.502922990266416,1.0,1.0,1.0,1.0,1.0,1.0,1.0,1.0,1.0,1.0
197.75,4.0,18.266456997504946,18.8283739505335,18.986917459300265,19.47293124741018,21.441097770604163,21.07606936992394,21.222354922407575,21.320224649376406,19.192173340923066,19.806994586559757,1.0,1.0,1.0,1.0,1.0,1.0,1.0,1.0,1.0,1.0
198.0,1.0,0.0,0.0,0.0,0.0,0.0,0.0,0.0,0.0,0.0,0.0,0.0,0.0,0.0,0.0,0.0,0.0,0.0,0.0,0.0,0.0
198.25,2.0,13.032120195752844,14.432700123500172,14.650443410056516,15.737952592718933,15.218585917465727,14.686135454181802,14.426734645210448,15.855344514325466,16.46740490060979,17.168856803668064,1.0,1.0,1.0,1.0,1.0,1.0,1.0,1.0,1.0,1.0
198.5,3.0,16.28633096765874,17.578430005290812,16.019572916609537,17.570122403746513,18.509800533963446,18.237513816526313,18.60709718606912,17.878710699762724,18.110445704974648,17.093311816173223,1.0,1.0,1.0,1.0,1.0,1.0,1.0,1.0,1.0,1.0
198.75,4.0,0.0,0.0,0.0,0.0,0.0,0.0,0.0,0.0,0.0,0.0,0.0,0.0,0.0,0.0,0.0,0.0,0.0,0.0,0.0,0.0
199.0,1.0,16.590040155469822,16.33473685811612,15.036857866268692,16.209954979717995,18.54279111283121,18.793561254954078,19.429512102684054,17.652526235869605,18.182604986999568,18.266662578844446,1.0,1.0,1.0,1.0,1.0,1.0,1.0,1.0,1.0,1.0
199.25,2.0,14.151354809922804,16.119837075702673,15.936650688838803,15.073858178971356,15.101830302886585,14.688651432226466,15.43873179068582,15.505787983576838,15.952685592926517,16.428524348144478,1.0,1.0,1.0,1.0,1.0,1.0,1.0,1.0,1.0,1.0
199.5,3.0,0.0,0.0,0.0,0.0,0.0,0.0,0.0,0.0,0.0,0.0,0.0,0.0,0.0,0.0,0.0,0.0,0.0,0.0,0.0,0.0
199.75,4.0,18.175499776231057,18.1431635496094,19.13422138203526,19.536422893717788,20.085344547795245,19.947415347786222,20.24161111533322,19.831561015679796,17.389389444644557,17.50812123353599,1.0,1.0,1.0,1.0,1.0,1.0,1.0,1.0,1.0,1.0
200.0,1.0,16.617351541963217,16.02715512305033,15.433490279674167,16.993649101701713,19.773129853211078,19.66716659709512,19.943486382205215,18.3460352543756,19.451906761513477,19.182705635953027,1.0,1.0,1.0,1.0,1.0,1.0,1.0,1.0,1.0,1.0
200.25,2.0,0.0,0.0,0.0,0.0,0.0,0.0,0.0,0.0,0.0,0.0,0.0,0.0,0.0,0.0,0.0,0.0,0.0,0.0,0.0,0.0
200.5,3.0,17.184663485993177,18.405364893956694,19.01298151730876,17.744937990179103,17.711032359194448,17.859644555482667,17.994899668087594,16.621116435430356,16.72733405817593,16.658017545972754,1.0,1.0,1.0,1.0,1.0,1.0,1.0,1.0,1.0,1.0
200.75,4.0,18.39683642387418,18.169870376978572,18.93438483935809,18.067009358414257,19.762836309729575,19.377941532538692,19.480453531343,18.64260387674749,16.883285291549527,17.885615514074164,1.0,1.0,1.0,1.0,1.0,1.0,1.0,1.0,1.0,1.0
201.0,1.0,16.12682534147106,16.34870779115436,16.962891518572093,17.435634747648972,19.72687686614592,19.121685450456656,19.69820861847799,19.3637481645827,20.31481921762542,19.913112697667653,1.0,1.0,1.0,1.0,1.0,1.0,1.0,1.0,1.0,1.0
201.25,2.0,15.37456679201551,15.842295684132816,15.592621002691864,15.49925113779299,17.009360728794054,16.214496854289138,17.022167348081584,16.606844190269385,16.81530041275039,16.19238870117563,1.0,1.0,1.0,1.0,1.0,1.0,1.0,1.0,1.0,1.0
201.5,3.0,0.0,0.0,0.0,0.0,0.0,0.0,0.0,0.0,0.0,0.0,0.0,0.0,0.0,0.0,0.0,0.0,0.0,0.0,0.0,0.0
201.75,4.0,0.0,0.0,0.0,0.0,0.0,0.0,0.0,0.0,0.0,0.0,0.0,0.0,0.0,0.0,0.0,0.0,0.0,0.0,0.0,0.0
202.0,1.0,17.734111240439834,18.10696158756938,18.543190053782652,18.843317934570827,20.94293521872524,20.81229251011028,21.65511018395697,21.843978444927814,21.192235482104238,21.049735231363726,1.0,1.0,1.0,1.0,1.0,1.0,1.0,1.0,1.0,1.0
202.25,2.0,16.873569564601294,16.66141320676935,16.195854726790767,15.83752157950802,17.678925475316728,15.627484432522362,16.355845362378954,16.428512001666903,16.366454523492422,15.999238827295176,1.0,1.0,1.0,1.0,1.0,1.0,1.0,1.0,1.0,1.0
202.5,3.0,17.466209005679243,19.621037889988582,17.520139319088557,17.547905592863195,16.665571936913057,16.423874745019095,16.4912700176134,14.847739412639037,15.79126481211165,16.444872633864296,1.0,1.0,1.0,1.0,1.0,1.0,1.0,1.0,1.0,1.0
202.75,4.0,18.166908121641278,17.79430019716479,18.428582564068982,17.989009754231702,18.243309201510332,18.49904693492284,19.123126642709362,18.740872311058393,17.904204412621354,17.644303921772067,1.0,1.0,1.0,1.0,1.0,1.0,1.0,1.0,1.0,1.0
203.0,1.0,0.0,0.0,0.0,0.0,0.0,0.0,0.0,0.0,0.0,0.0,0.0,0.0,0.0,0.0,0.0,0.0,0.0,0.0,0.0,0.0
203.25,2.0,0.0,0.0,0.0,0.0,0.0,0.0,0.0,0.0,0.0,0.0,0.0,0.0,0.0,0.0,0.0,0.0,0.0,0.0,0.0,0.0
203.5,3.0,17.95882296254812,20.293837369395824,18.648606738660753,17.55159233149611,16.543811228630577,16.20975102902048,16.65985521525971,15.953515521683284,16.422293178493135,15.346746707385174,1.0,1.0,1.0,1.0,1.0,1.0,1.0,1.0,1.0,1.0
203.75,4.0,18.414940346039657,17.336143828138937,18.285990273136576,18.29282661423954,17.079130029010827,17.85767233492529,18.805178002673433,19.36929357518659,18.842703199464328,17.889901854053118,1.0,1.0,1.0,1.0,1.0,1.0,1.0,1.0,1.0,1.0
204.0,1.0,19.54610806603363,19.82306579203971,19.384748063431562,19.180802659489434,22.675509271596695,22.22846403877779,22.210454933976855,21.29734916285335,20.186227011068453,19.994934600586863,1.0,1.0,1.0,1.0,1.0,1.0,1.0,1.0,1.0,1.0
204.25,2.0,18.60853846926409,17.837468441752932,16.814922951999822,16.934290957109976,17.54996455096861,16.5463032767227,16.502072541780777,15.670111858900196,14.669388975048,14.157553629141214,1.0,1.0,1.0,1.0,1.0,1.0,1.0,1.0,1.0,1.0
204.5,3.0,0.0,0.0,0.0,0.0,0.0,0.0,0.0,0.0,0.0,0.0,0.0,0.0,0.0,0.0,0.0,0.0,0.0,0.0,0.0,0.0
204.75,4.0,18.22398051809206,17.145984074119514,18.00828604001273,18.400745534809012,17.37414735599693,18.25066582403936,18.765275805498753,19.401471686234856,18.02186533556953,17.67253538520172,1.0,1.0,1.0,1.0,1.0,1.0,1.0,1.0,1.0,1.0
205.0,1.0,20.072520128836555,18.85595574239875,18.860898943790534,21.626545352800264,24.154575902543716,23.7542064373326,22.348209402383382,21.266181747785733,19.859782470750268,19.993416205234947,1.0,1.0,1.0,1.0,1.0,1.0,1.0,1.0,1.0,1.0
205.25,2.0,0.0,0.0,0.0,0.0,0.0,0.0,0.0,0.0,0.0,0.0,0.0,0.0,0.0,0.0,0.0,0.0,0.0,0.0,0.0,0.0
205.5,3.0,18.341376558534694,18.335502585901228,17.908895048457875,17.85248029977757,17.671973359335546,17.197256413116268,17.069818413379814,16.067081357539738,15.650229040357157,14.663136406936307,1.0,1.0,1.0,1.0,1.0,1.0,1.0,1.0,1.0,1.0
205.75,4.0,17.508138769583976,17.062103449393728,19.112919610025887,18.549888968799245,17.295939141848095,17.42118111131405,18.283967590311246,18.78843269873541,17.38174254394467,16.155923598180756,1.0,1.0,1.0,1.0,1.0,1.0,1.0,1.0,1.0,1.0
206.0,1.0,0.0,0.0,0.0,0.0,0.0,0.0,0.0,0.0,0.0,0.0,0.0,0.0,0.0,0.0,0.0,0.0,0.0,0.0,0.0,0.0
206.25,2.0,19.13229441765581,19.08063429206264,17.513781989262245,16.266258356194456,17.2745678083686,15.502066801692123,15.727030267584205,15.042937489269637,14.99702719776615,15.498048250905153,1.0,1.0,1.0,1.0,1.0,1.0,1.0,1.0,1.0,1.0
206.5,3.0,18.409878624506735,18.080251574114683,17.080992251348146,17.041881091186195,17.372675236524966,16.629665286853328,17.48367826923092,16.130217178275227,15.871830899507477,16.05916846461484,1.0,1.0,1.0,1.0,1.0,1.0,1.0,1.0,1.0,1.0
206.75,4.0,0.0,0.0,0.0,0.0,0.0,0.0,0.0,0.0,0.0,0.0,0.0,0.0,0.0,0.0,0.0,0.0,0.0,0.0,0.0,0.0
207.0,1.0,18.7330127998257,19.331844335515438,20.51325639929429,20.982801107037425,20.210568967709293,20.721025596502702,20.73705534743978,21.29551426751701,20.989158356047437,21.813859179352995,1.0,1.0,1.0,1.0,1.0,1.0,1.0,1.0,1.0,1.0
207.25,2.0,18.445462387186097,19.3498820480776,18.209573401409596,17.29992385151063,17.638934019491806,15.315236353717237,16.050139107235864,14.362927651949654,14.85765639863088,14.906699717768204,1.0,1.0,1.0,1.0,1.0,1.0,1.0,1.0,1.0,1.0
207.5,3.0,0.0,0.0,0.0,0.0,0.0,0.0,0.0,0.0,0.0,0.0,0.0,0.0,0.0,0.0,0.0,0.0,0.0,0.0,0.0,0.0
207.75,4.0,16.21873232748885,16.579974267580056,17.26240433678261,16.261975589645935,16.926351811558966,16.547302603878872,16.018720622540453,16.03009026229835,16.135369563785748,16.182795315709654,1.0,1.0,1.0,1.0,1.0,1.0,1.0,1.0,1.0,1.0
208.0,1.0,18.239384801415763,19.17119939192499,20.78868102669169,20.970998470600733,19.933382837244736,21.30829286052635,22.145175040282815,22.385947378432583,22.185012972580505,21.969743623914244,1.0,1.0,1.0,1.0,1.0,1.0,1.0,1.0,1.0,1.0
208.25,2.0,0.0,0.0,0.0,0.0,0.0,0.0,0.0,0.0,0.0,0.0,0.0,0.0,0.0,0.0,0.0,0.0,0.0,0.0,0.0,0.0
208.5,3.0,17.38174606125963,16.99082726514589,15.916201173747217,16.082773912952433,16.10866680856086,16.49151254240793,17.125490531893174,17.50827335352631,17.95217568868374,17.937828657470863,1.0,1.0,1.0,1.0,1.0,1.0,1.0,1.0,1.0,1.0
208.75,4.0,15.917921772194846,16.703684044562856,16.753227803754758,16.105980639983745,17.08657259400288,16.833690080610992,15.456103688547545,16.284403145208582,16.007680742017424,15.545480547293854,1.0,1.0,1.0,1.0,1.0,1.0,1.0,1.0,1.0,1.0
209.0,1.0,18.069675756879032,18.827607789156602,20.76914316147744,21.385453203901644,20.603448051905254,21.94838549256499,22.455948980789987,22.14353235155647,22.96284512019833,22.450807362174327,1.0,1.0,1.0,1.0,1.0,1.0,1.0,1.0,1.0,1.0
209.25,2.0,19.448302996857446,20.974972359068335,19.433495025720273,17.67496147134588,15.939433919755205,14.712271972916286,14.992420384795764,15.115411418259695,15.454232297563005,14.40405485551623,1.0,1.0,1.0,1.0,1.0,1.0,1.0,1.0,1.0,1.0
209.5,3.0,0.0,0.0,0.0,0.0,0.0,0.0,0.0,0.0,0.0,0.0,0.0,0.0,0.0,0.0,0.0,0.0,0.0,0.0,0.0,0.0
209.75,4.0,15.488229813440116,16.814610634708618,15.928322433838662,15.243859853004478,17.06362831889224,16.598194474939742,15.749893474536666,16.499512221797335,17.45087364254563,17.069809768941894,1.0,1.0,1.0,1.0,1.0,1.0,1.0,1.0,1.0,1.0
210.0,1.0,18.6642009929556,18.400486501046384,19.080799799171988,19.597830635030984,19.840726031334594,21.077420766421184,21.626151834890557,22.452144913851125,21.916006671232,21.85299540248137,1.0,1.0,1.0,1.0,1.0,1.0,1.0,1.0,1.0,1.0
210.25,2.0,18.371533774285496,19.624002252312472,17.357904007748704,16.390728399548028,13.977894128143724,14.092578068037485,14.642950083212687,15.492588490548448,15.218564565149572,15.334631998715105,1.0,1.0,1.0,1.0,1.0,1.0,1.0,1.0,1.0,1.0
210.5,3.0,16.10880724318298,16.600752578404794,15.81555680185446,15.72983467259348,17.47241166535401,17.81797851508305,18.173572914783833,18.459213005836716,17.690087683322265,16.071615562180558,1.0,1.0,1.0,1.0,1.0,1.0,1.0,1.0,1.0,1.0
210.75,4.0,16.238865337174165,15.676460229896955,15.662893935755113,16.988764921729416,17.214038288898582,16.774260359567688,16.18435547305962,18.11212384655291,19.261376042885583,18.577577318791416,1.0,1.0,1.0,1.0,1.0,1.0,1.0,1.0,1.0,1.0
211.0,1.0,0.0,0.0,0.0,0.0,0.0,0.0,0.0,0.0,0.0,0.0,0.0,0.0,0.0,0.0,0.0,0.0,0.0,0.0,0.0,0.0
211.25,2.0,0.0,0.0,0.0,0.0,0.0,0.0,0.0,0.0,0.0,0.0,0.0,0.0,0.0,0.0,0.0,0.0,0.0,0.0,0.0,0.0
211.5,3.0,16.67430461242134,17.227034475926768,16.138885596072438,15.569140924464541,16.642957003786293,16.865413766832024,16.27506545075373,16.130762686383285,15.851686241731901,15.826781122897575,1.0,1.0,1.0,1.0,1.0,1.0,1.0,1.0,1.0,1.0
211.75,4.0,0.0,0.0,0.0,0.0,0.0,0.0,0.0,0.0,0.0,0.0,0.0,0.0,0.0,0.0,0.0,0.0,0.0,0.0,0.0,0.0
212.0,1.0,16.794728571545285,18.101773248823502,18.688279398066864,18.00373512795616,19.178883937658156,20.07083702400023,21.570165933336646,21.948786237797602,21.34864634301486,21.312276310880772,1.0,1.0,1.0,1.0,1.0,1.0,1.0,1.0,1.0,1.0
212.25,2.0,18.102188132885352,17.561438947329325,16.140021803980005,14.887751752101178,14.100684581725258,14.39178350267621,14.879112842128364,16.2015232161206,15.94374654064055,15.58803781617706,1.0,1.0,1.0,1.0,1.0,1.0,1.0,1.0,1.0,1.0
212.5,3.0,0.0,0.0,0.0,0.0,0.0,0.0,0.0,0.0,0.0,0.0,0.0,0.0,0.0,0.0,0.0,0.0,0.0,0.0,0.0,0.0
212.75,4.0,14.89455364451334,15.15542961743147,17.45350501627946,17.948887406721642,17.055231931481625,17.60921255871574,17.19113256347103,17.647363163955543,18.164365003563905,18.580235509774038,1.0,1.0,1.0,1.0,1.0,1.0,1.0,1.0,1.0,1.0
213.0,1.0,17.767925735506086,18.77856586034048,19.627954845367356,20.342812732339905,21.50105289445539,21.525883934409578,21.84705712251799,21.83536781632121,21.426831906307314,21.316992631657858,1.0,1.0,1.0,1.0,1.0,1.0,1.0,1.0,1.0,1.0
213.25,2.0,0.0,0.0,0.0,0.0,0.0,0.0,0.0,0.0,0.0,0.0,0.0,0.0,0.0,0.0,0.0,0.0,0.0,0.0,0.0,0.0
213.5,3.0,17.22429993108452,18.520925542713744,17.513998810965603,16.944163236658323,16.460289819439733,16.12301880482595,15.481625443209294,15.132392723714204,15.253608334035423,14.893458926418063,1.0,1.0,1.0,1.0,1.0,1.0,1.0,1.0,1.0,1.0
213.75,4.0,15.720568480790815,14.997341253596877,16.988088495972587,17.282446560632952,16.265323658068297,17.80888188345183,18.68535506211827,19.1632798453657,19.160296253257165,19.066730316906714,1.0,1.0,1.0,1.0,1.0,1.0,1.0,1.0,1.0,1.0
214.0,1.0,0.0,0.0,0.0,0.0,0.0,0.0,0.0,0.0,0.0,0.0,0.0,0.0,0.0,0.0,0.0,0.0,0.0,0.0,0.0,0.0
214.25,2.0,18.372780312733898,15.774301939528291,14.766602727557837,15.969484177613758,17.36001698296742,17.563558383526736,18.206080849014533,17.676678605993438,16.23697257869565,15.333999704608534,1.0,1.0,1.0,1.0,1.0,1.0,1.0,1.0,1.0,1.0
214.5,3.0,0.0,0.0,0.0,0.0,0.0,0.0,0.0,0.0,0.0,0.0,0.0,0.0,0.0,0.0,0.0,0.0,0.0,0.0,0.0,0.0
214.75,4.0,0.0,0.0,0.0,0.0,0.0,0.0,0.0,0.0,0.0,0.0,0.0,0.0,0.0,0.0,0.0,0.0,0.0,0.0,0.0,0.0
215.0,1.0,18.42424452570871,18.04879923024789,19.774551849430242,21.126489008871843,20.261604912300733,20.866572202096606,21.25966810758642,21.74746131612606,21.191615915327446,21.773724564546313,1.0,1.0,1.0,1.0,1.0,1.0,1.0,1.0,1.0,1.0
215.25,2.0,18.028183721680204,15.822589258745744,15.67162316305243,16.824892307069632,17.436376976043285,17.09203823328492,16.85921670650527,17.284353037201495,16.134380253442092,15.067228685835504,1.0,1.0,1.0,1.0,1.0,1.0,1.0,1.0,1.0,1.0
215.5,3.0,0.0,0.0,0.0,0.0,0.0,0.0,0.0,0.0,0.0,0.0,0.0,0.0,0.0,0.0,0.0,0.0,0.0,0.0,0.0,0.0
215.75,4.0,16.490396588302712,14.820745740218136,16.321466646810816,17.334371569367438,20.29311629114518,19.562947405692036,19.8889973919405,19.491969216348224,19.7398290320382,19.42851585801585,1.0,1.0,1.0,1.0,1.0,1.0,1.0,1.0,1.0,1.0
216.0,1.0,18.90299906144358,18.823269866134694,19.469298894257733,20.938122011937324,20.341017085324584,20.466199858277474,20.056226082247985,20.580097540462532,19.954880024414635,19.90151653571602,1.0,1.0,1.0,1.0,1.0,1.0,1.0,1.0,1.0,1.0
216.25,2.0,0.0,0.0,0.0,0.0,0.0,0.0,0.0,0.0,0.0,0.0,0.0,0.0,0.0,0.0,0.0,0.0,0.0,0.0,0.0,0.0
216.5,3.0,17.17577818586288,16.091428296256353,16.785087889293404,16.867638464490838,14.912630629517967,14.881179790487943,15.623404962360455,14.372410943524159,14.771399736885968,15.852821559891195,1.0,1.0,1.0,1.0,1.0,1.0,1.0,1.0,1.0,1.0
216.75,4.0,16.372698849513085,15.411273777368645,17.432184124405747,18.894425753817156,20.166990536989047,19.225342206006207,19.436740605806964,19.208347913887174,18.72280339714881,18.300895093201422,1.0,1.0,1.0,1.0,1.0,1.0,1.0,1.0,1.0,1.0
217.0,1.0,17.432397866072005,18.086452292501114,19.555972838586452,20.3943133993212,20.134161466140494,20.914219137788454,20.519149535515663,20.4895959179463,20.06858781970136,19.99730480153862,1.0,1.0,1.0,1.0,1.0,1.0,1.0,1.0,1.0,1.0
217.25,2.0,17.59223286687378,14.857518266569611,16.521290375558532,17.18917429196921,16.79109667657194,16.308861921420835,16.766605399070883,16.13759488095055,15.465447608551305,14.547035681535503,1.0,1.0,1.0,1.0,1.0,1.0,1.0,1.0,1.0,1.0
217.5,3.0,0.0,0.0,0.0,0.0,0.0,0.0,0.0,0.0,0.0,0.0,0.0,0.0,0.0,0.0,0.0,0.0,0.0,0.0,0.0,0.0
217.75,4.0,17.38832565950966,17.087924622251418,18.99262366316013,19.62145011407697,19.65856359951027,19.750118830642165,19.343882785407366,19.197918321840692,18.386370100518768,18.12421086192176,1.0,1.0,1.0,1.0,1.0,1.0,1.0,1.0,1.0,1.0
218.0,1.0,17.59554897221845,18.498910205545286,19.192657055584313,20.137577026848763,20.209286043196336,20.754735525975317,20.380614638393684,19.53014073206669,19.722235709482817,18.544530826251208,1.0,1.0,1.0,1.0,1.0,1.0,1.0,1.0,1.0,1.0
218.25,2.0,0.0,0.0,0.0,0.0,0.0,0.0,0.0,0.0,0.0,0.0,0.0,0.0,0.0,0.0,0.0,0.0,0.0,0.0,0.0,0.0
218.5,3.0,16.411342063008266,14.965112739413362,15.70036294543637,15.279680989462964,14.696255904576024,15.183384867922918,16.13043012972768,17.039282050300333,16.688096372097007,15.740123996859557,1.0,1.0,1.0,1.0,1.0,1.0,1.0,1.0,1.0,1.0
218.75,4.0,17.805741583702417,18.503153225996037,19.26918705177695,20.036802266278137,19.6343896444606,19.132064806695762,18.58927917268591,18.28181950498528,17.42414117424379,17.13660539664933,1.0,1.0,1.0,1.0,1.0,1.0,1.0,1.0,1.0,1.0
219.0,1.0,0.0,0.0,0.0,0.0,0.0,0.0,0.0,0.0,0.0,0.0,0.0,0.0,0.0,0.0,0.0,0.0,0.0,0.0,0.0,0.0
219.25,2.0,0.0,0.0,0.0,0.0,0.0,0.0,0.0,0.0,0.0,0.0,0.0,0.0,0.0,0.0,0.0,0.0,0.0,0.0,0.0,0.0
219.5,3.0,18.030151083355776,15.531652503830438,16.177299250850044,15.685386153750144,15.419825042148437,16.058473830509083,16.947158147123304,16.613672160599243,16.085553263858003,16.060661216170878,1.0,1.0,1.0,1.0,1.0,1.0,1.0,1.0,1.0,1.0
219.75,4.0,0.0,0.0,0.0,0.0,0.0,0.0,0.0,0.0,0.0,0.0,0.0,0.0,0.0,0.0,0.0,0.0,0.0,0.0,0.0,0.0
220.0,1.0,19.557528460414435,18.9445848703046,18.70321879630765,19.435630410179098,20.241481421510546,19.915563453571153,20.216531775055827,19.147735751865735,17.48000843426361,17.390149766900215,1.0,1.0,1.0,1.0,1.0,1.0,1.0,1.0,1.0,1.0
220.25,2.0,16.43131336190056,15.087479577135817,15.689235303620137,17.077992697855077,16.435373887719532,17.025533506182764,15.656738089760848,15.204301117954797,15.367303337869354,14.260260321841544,1.0,1.0,1.0,1.0,1.0,1.0,1.0,1.0,1.0,1.0
220.5,3.0,0.0,0.0,0.0,0.0,0.0,0.0,0.0,0.0,0.0,0.0,0.0,0.0,0.0,0.0,0.0,0.0,0.0,0.0,0.0,0.0
220.75,4.0,18.78103821695321,19.620506630761987,19.861590948033303,19.414290442212543,18.305721053540893,17.590265323586433,17.078574028436876,17.803602236622186,17.66851616442836,18.62611565530778,1.0,1.0,1.0,1.0,1.0,1.0,1.0,1.0,1.0,1.0
221.0,1.0,19.544854791359104,19.144013215998893,19.462168687266104,20.525171940646057,20.682810260039695,19.822918153915197,19.775941520562423,18.83489545799908,17.77524434488917,17.59137731443794,1.0,1.0,1.0,1.0,1.0,1.0,1.0,1.0,1.0,1.0
221.25,2.0,0.0,0.0,0.0,0.0,0.0,0.0,0.0,0.0,0.0,0.0,0.0,0.0,0.0,0.0,0.0,0.0,0.0,0.0,0.0,0.0
221.5,3.0,14.254888838026835,13.768121488833808,15.29493317122103,16.19828110508222,16.44376856254082,15.305872487141881,16.050334188411803,15.982965006894272,17.092636525755903,17.51361272027268,1.0,1.0,1.0,1.0,1.0,1.0,1.0,1.0,1.0,1.0
221.75,4.0,19.20676505081556,19.472112970086123,20.983405480157558,20.4082316914664,18.660959033788988,18.30228558266547,17.78159258437969,18.526858386077446,18.524659956368225,19.519318402792667,1.0,1.0,1.0,1.0,1.0,1.0,1.0,1.0,1.0,1.0
222.0,1.0,0.0,0.0,0.0,0.0,0.0,0.0,0.0,0.0,0.0,0.0,0.0,0.0,0.0,0.0,0.0,0.0,0.0,0.0,0.0,0.0
222.25,2.0,18.94067728476216,17.263723197473723,18.284915874093556,17.52392161622776,16.296922586525476,16.312224401041995,15.600186556809485,15.287629275422047,16.265448824267008,15.023202398734554,1.0,1.0,1.0,1.0,1.0,1.0,1.0,1.0,1.0,1.0
222.5,3.0,0.0,0.0,0.0,0.0,0.0,0.0,0.0,0.0,0.0,0.0,0.0,0.0,0.0,0.0,0.0,0.0,0.0,0.0,0.0,0.0
222.75,4.0,0.0,0.0,0.0,0.0,0.0,0.0,0.0,0.0,0.0,0.0,0.0,0.0,0.0,0.0,0.0,0.0,0.0,0.0,0.0,0.0
223.0,1.0,18.491099019846395,18.375795688782237,18.879046974980792,19.789963746475077,20.18866047419637,19.77154717680479,18.684489887211335,18.598131323237094,18.01266172766471,17.267263081380523,1.0,1.0,1.0,1.0,1.0,1.0,1.0,1.0,1.0,1.0
223.25,2.0,19.41335147210239,17.47476876891831,18.299232137772226,18.616386884766094,16.359218968177025,17.61905831225491,16.421664637379482,15.879434733029237,16.265127463085157,14.29871277085742,1.0,1.0,1.0,1.0,1.0,1.0,1.0,1.0,1.0,1.0
223.5,3.0,0.0,0.0,0.0,0.0,0.0,0.0,0.0,0.0,0.0,0.0,0.0,0.0,0.0,0.0,0.0,0.0,0.0,0.0,0.0,0.0
223.75,4.0,19.23619846670457,21.194965161201548,19.4713401569783,18.543420553171924,18.004056902422963,17.87246536340706,17.819620609066686,18.526343452661088,18.358345534289036,18.41845937715239,1.0,1.0,1.0,1.0,1.0,1.0,1.0,1.0,1.0,1.0
224.0,1.0,18.62453165718721,17.704047789177295,18.943010261064764,19.32479483207032,19.353856213513744,18.802170116502147,17.344605799553328,17.654011664666907,17.508487366135586,16.952946612935037,1.0,1.0,1.0,1.0,1.0,1.0,1.0,1.0,1.0,1.0
224.25,2.0,0.0,0.0,0.0,0.0,0.0,0.0,0.0,0.0,0.0,0.0,0.0,0.0,0.0,0.0,0.0,0.0,0.0,0.0,0.0,0.0
224.5,3.0,16.32996466288609,14.174515402810812,15.86194723140965,16.799187031295038,16.4688972319905,15.522939526545017,17.037248614174096,17.451110482368602,18.25994976110978,17.366126700386395,1.0,1.0,1.0,1.0,1.0,1.0,1.0,1.0,1.0,1.0
224.75,4.0,19.37507752498826,19.781546916893507,18.702975163814134,17.96269826260676,16.90784312499055,17.56188797492431,17.558684420705895,18.447715438007656,18.363499853854634,18.143574975981682,1.0,1.0,1.0,1.0,1.0,1.0,1.0,1.0,1.0,1.0
225.0,1.0,17.93773387823005,17.539182630487336,18.475514620866193,18.363251158617327,17.173981444309597,17.149136728371403,16.799936476907504,17.30213050767633,18.002532804418387,17.317338991669846,1.0,1.0,1.0,1.0,1.0,1.0,1.0,1.0,1.0,1.0
225.25,2.0,19.1755270515772,17.681712942614386,18.35853659098028,18.431484269394723,17.67192710407752,17.131870948624513,16.004027690328257,15.239069660088376,15.076253489064882,14.454343236490763,1.0,1.0,1.0,1.0,1.0,1.0,1.0,1.0,1.0,1.0
225.5,3.0,0.0,0.0,0.0,0.0,0.0,0.0,0.0,0.0,0.0,0.0,0.0,0.0,0.0,0.0,0.0,0.0,0.0,0.0,0.0,0.0
225.75,4.0,19.56990426164289,19.886594603544495,19.11187715587104,16.411704745378128,17.21333501303286,17.716144042877406,18.27431738373834,18.899870058612905,19.515305185673807,19.37922470165662,1.0,1.0,1.0,1.0,1.0,1.0,1.0,1.0,1.0,1.0
226.0,1.0,17.690877752578565,16.81988571989109,18.5271484251756,17.362144204443062,16.471727849866173,16.594546630217867,17.650315394836174,18.09600703016989,18.055037054000685,17.625318516220066,1.0,1.0,1.0,1.0,1.0,1.0,1.0,1.0,1.0,1.0
226.25,2.0,0.0,0.0,0.0,0.0,0.0,0.0,0.0,0.0,0.0,0.0,0.0,0.0,0.0,0.0,0.0,0.0,0.0,0.0,0.0,0.0
226.5,3.0,17.022858184250566,15.560459960704785,17.396691040611422,18.124681565113782,18.11249435345574,17.704200658300294,18.571806987454384,18.638993415319856,18.10387888005995,15.56686160046239,1.0,1.0,1.0,1.0,1.0,1.0,1.0,1.0,1.0,1.0
226.75,4.0,20.425095950106968,20.110884210261705,18.38684232364402,16.884853729625302,18.636734224829535,19.29205254190608,18.827179189143063,18.62089789669118,17.4692982081138,18.06533475892988,1.0,1.0,1.0,1.0,1.0,1.0,1.0,1.0,1.0,1.0
227.0,1.0,0.0,0.0,0.0,0.0,0.0,0.0,0.0,0.0,0.0,0.0,0.0,0.0,0.0,0.0,0.0,0.0,0.0,0.0,0.0,0.0
227.25,2.0,0.0,0.0,0.0,0.0,0.0,0.0,0.0,0.0,0.0,0.0,0.0,0.0,0.0,0.0,0.0,0.0,0.0,0.0,0.0,0.0
227.5,3.0,16.85338552788592,16.14255460618803,17.43764263156288,18.059587075370228,17.997289415120317,17.886299007332877,17.87077887441856,17.50695523196806,16.891993215432773,15.245885736400313,1.0,1.0,1.0,1.0,1.0,1.0,1.0,1.0,1.0,1.0
227.75,4.0,0.0,0.0,0.0,0.0,0.0,0.0,0.0,0.0,0.0,0.0,0.0,0.0,0.0,0.0,0.0,0.0,0.0,0.0,0.0,0.0
228.0,1.0,17.236819416423202,18.772933964750926,19.15051132682599,17.620150254498434,15.857253030405817,15.01788168892533,16.309371797495142,16.625043432693317,16.51092314253196,16.689748555824472,1.0,1.0,1.0,1.0,1.0,1.0,1.0,1.0,1.0,1.0
228.25,2.0,17.971530755505444,18.575639617742205,17.950346710015438,17.732261265684823,17.311565591992686,17.311854134240594,16.183283856578285,15.12379493309138,15.216948702530894,14.40565134278893,1.0,1.0,1.0,1.0,1.0,1.0,1.0,1.0,1.0,1.0
228.5,3.0,0.0,0.0,0.0,0.0,0.0,0.0,0.0,0.0,0.0,0.0,0.0,0.0,0.0,0.0,0.0,0.0,0.0,0.0,0.0,0.0
228.75,4.0,20.60942995222683,20.67851713780167,19.774983287275052,19.195070311117867,16.032154485626414,17.023153873529367,15.837900720649547,16.85265564838674,16.24812851238234,16.834939116829965,1.0,1.0,1.0,1.0,1.0,1.0,1.0,1.0,1.0,1.0
229.0,1.0,18.242497480661854,18.41185731457079,17.42606515747365,16.957146942181758,17.084176507041732,15.886693111837074,16.248993518413236,15.61273740269945,16.51151433447954,16.73925918112485,1.0,1.0,1.0,1.0,1.0,1.0,1.0,1.0,1.0,1.0
229.25,2.0,0.0,0.0,0.0,0.0,0.0,0.0,0.0,0.0,0.0,0.0,0.0,0.0,0.0,0.0,0.0,0.0,0.0,0.0,0.0,0.0
229.5,3.0,19.264911273907526,18.464313743499556,19.222107309497712,18.891836833650768,17.688371475578197,16.563241334644545,16.89241077598409,16.64085412010348,17.23011554652618,16.184484686453555,1.0,1.0,1.0,1.0,1.0,1.0,1.0,1.0,1.0,1.0
229.75,4.0,19.848124816227386,21.122942210034125,21.021059296523102,18.444305802925452,15.72214742484405,16.87305438228804,16.74347697946816,17.2178666968405,15.943670257999148,15.76532028356874,1.0,1.0,1.0,1.0,1.0,1.0,1.0,1.0,1.0,1.0
230.0,1.0,0.0,0.0,0.0,0.0,0.0,0.0,0.0,0.0,0.0,0.0,0.0,0.0,0.0,0.0,0.0,0.0,0.0,0.0,0.0,0.0
230.25,2.0,17.73403885531263,16.193530621290897,16.606769988904812,16.966770452080297,15.341877401810978,15.50029578385729,15.728086751778015,15.873739172665717,16.343058630858632,16.16922397835392,1.0,1.0,1.0,1.0,1.0,1.0,1.0,1.0,1.0,1.0
230.5,3.0,0.0,0.0,0.0,0.0,0.0,0.0,0.0,0.0,0.0,0.0,0.0,0.0,0.0,0.0,0.0,0.0,0.0,0.0,0.0,0.0
230.75,4.0,0.0,0.0,0.0,0.0,0.0,0.0,0.0,0.0,0.0,0.0,0.0,0.0,0.0,0.0,0.0,0.0,0.0,0.0,0.0,0.0
231.0,1.0,16.316647956146166,17.01627123089362,17.764225348186557,16.034629151933494,15.393008417007696,15.45390006971923,16.108218864359632,16.55496836590501,17.093886283483815,17.498811298642465,1.0,1.0,1.0,1.0,1.0,1.0,1.0,1.0,1.0,1.0
231.25,2.0,17.31694597186124,16.016701347208457,17.167933934651515,17.012404609141818,16.361285413561074,17.192088512831276,18.81793535259529,18.02309295882128,18.441264326417322,17.76795999771173,1.0,1.0,1.0,1.0,1.0,1.0,1.0,1.0,1.0,1.0
231.5,3.0,20.47870793033009,19.478183682011313,19.370021552178468,17.960578170953273,17.454310464920283,17.065976900615777,17.033863187173836,17.123809644540984,16.05292771559674,16.601240688326357,1.0,1.0,1.0,1.0,1.0,1.0,1.0,1.0,1.0,1.0
231.75,4.0,20.725146273583047,20.400816207477636,18.816071807985715,17.140651856633262,15.509400928559876,15.038376578114764,14.847246054074771,14.991762303852108,15.084492643993324,15.210290912617195,1.0,1.0,1.0,1.0,1.0,1.0,1.0,1.0,1.0,1.0
232.0,1.0,16.311013393667665,16.461565475635012,16.413909806708766,16.845742200907786,16.700045592315227,17.163270019436872,18.071421643861104,17.87204584592939,18.0996745319489,18.739500380504314,1.0,1.0,1.0,1.0,1.0,1.0,1.0,1.0,1.0,1.0
232.25,2.0,0.0,0.0,0.0,0.0,0.0,0.0,0.0,0.0,0.0,0.0,0.0,0.0,0.0,0.0,0.0,0.0,0.0,0.0,0.0,0.0
232.5,3.0,21.52301660763749,19.713044150136923,19.479758463119552,18.28751037342495,17.55782854353433,16.464948181728303,15.972579809460534,16.590903656834055,16.90137258594152,16.126230062706398,1.0,1.0,1.0,1.0,1.0,1.0,1.0,1.0,1.0,1.0
232.75,4.0,20.14462210696178,18.908281906759782,17.61760998728126,16.02041044813624,13.882992697230385,14.60293889762713,15.09251015968732,14.808762475466446,14.81820880926712,14.065649060606942,1.0,1.0,1.0,1.0,1.0,1.0,1.0,1.0,1.0,1.0
233.0,1.0,16.050620951351366,15.868634561645042,17.66934486993005,18.188608652617646,18.071585712666124,17.82253519094424,17.846149913525597,17.233910506500248,17.765784732289532,17.644162160128758,1.0,1.0,1.0,1.0,1.0,1.0,1.0,1.0,1.0,1.0
233.25,2.0,16.06962223683775,16.811687572760228,17.668357882506633,17.204343483831707,18.795940847427055,18.44264671219969,19.359972601602767,18.84835047892313,18.680923332002337,18.73562250698286,1.0,1.0,1.0,1.0,1.0,1.0,1.0,1.0,1.0,1.0
233.5,3.0,0.0,0.0,0.0,0.0,0.0,0.0,0.0,0.0,0.0,0.0,0.0,0.0,0.0,0.0,0.0,0.0,0.0,0.0,0.0,0.0
233.75,4.0,19.042987930675366,18.86042411318539,16.24876959761646,14.752262382317866,15.916314094057,15.482816273023463,15.934889747367544,14.37458217954558,13.945527071552409,14.115503624196865,1.0,1.0,1.0,1.0,1.0,1.0,1.0,1.0,1.0,1.0
234.0,1.0,15.715654663084452,16.17821036615505,18.315284152655586,18.493314920860808,18.061252443132776,18.671874977161472,19.21591588561948,17.524334288237018,18.21470712528168,18.086716678926454,1.0,1.0,1.0,1.0,1.0,1.0,1.0,1.0,1.0,1.0
234.25,2.0,0.0,0.0,0.0,0.0,0.0,0.0,0.0,0.0,0.0,0.0,0.0,0.0,0.0,0.0,0.0,0.0,0.0,0.0,0.0,0.0
234.5,3.0,18.308729510498146,18.364205336853264,19.03208247631924,16.950411847423254,16.461333500723722,16.57023911858609,17.03784046740676,16.892537219145527,16.315617247556567,16.67594450231287,1.0,1.0,1.0,1.0,1.0,1.0,1.0,1.0,1.0,1.0
234.75,4.0,18.69121811017717,17.90384011498977,15.999176356419623,15.918851372666268,17.515160810772226,15.767238638340437,15.531669152142928,14.828782408655862,14.557074959966204,14.347142514470198,1.0,1.0,1.0,1.0,1.0,1.0,1.0,1.0,1.0,1.0
235.0,1.0,0.0,0.0,0.0,0.0,0.0,0.0,0.0,0.0,0.0,0.0,0.0,0.0,0.0,0.0,0.0,0.0,0.0,0.0,0.0,0.0
235.25,2.0,0.0,0.0,0.0,0.0,0.0,0.0,0.0,0.0,0.0,0.0,0.0,0.0,0.0,0.0,0.0,0.0,0.0,0.0,0.0,0.0
235.5,3.0,18.675707128082507,18.53640740959657,18.23613438835735,17.592156124375112,17.734967981361333,17.042393018011563,17.538473185835734,16.904442763576803,17.13721307502902,17.20247690033006,1.0,1.0,1.0,1.0,1.0,1.0,1.0,1.0,1.0,1.0
235.75,4.0,0.0,0.0,0.0,0.0,0.0,0.0,0.0,0.0,0.0,0.0,0.0,0.0,0.0,0.0,0.0,0.0,0.0,0.0,0.0,0.0
236.0,1.0,16.622169340438504,18.24098774801815,19.659362897720037,18.31038764657654,17.676778524438213,18.05895677865229,18.4073711067878,18.143959878705147,18.12451971613585,19.12027000029453,1.0,1.0,1.0,1.0,1.0,1.0,1.0,1.0,1.0,1.0
236.25,2.0,17.797213800225023,17.424225352321763,17.85736756187471,18.681234321783897,17.68847525566003,16.330353413483326,15.0387187576161,15.531215178175378,15.59031608046499,17.136475542618772,1.0,1.0,1.0,1.0,1.0,1.0,1.0,1.0,1.0,1.0
236.5,3.0,0.0,0.0,0.0,0.0,0.0,0.0,0.0,0.0,0.0,0.0,0.0,0.0,0.0,0.0,0.0,0.0,0.0,0.0,0.0,0.0
236.75,4.0,17.52404924018047,17.02286234832225,16.903329663406574,17.123281660563606,16.888378168377052,16.350781238212736,15.541957378357466,14.63910206076305,14.104592941498408,14.1820366065043,1.0,1.0,1.0,1.0,1.0,1.0,1.0,1.0,1.0,1.0
237.0,1.0,18.39179226377524,20.448353052314094,19.35953508338707,18.576937866129,17.825290310454697,18.590166279404905,18.846573670196346,19.231824155711497,20.715023829575166,20.353459279238834,1.0,1.0,1.0,1.0,1.0,1.0,1.0,1.0,1.0,1.0
237.25,2.0,0.0,0.0,0.0,0.0,0.0,0.0,0.0,0.0,0.0,0.0,0.0,0.0,0.0,0.0,0.0,0.0,0.0,0.0,0.0,0.0
237.5,3.0,17.294072171365087,15.957635196873875,17.753927968271707,17.850668974209476,17.252519076985504,17.132686683256455,17.390353330665306,16.39402361498224,15.745002594906897,15.088220009336785,1.0,1.0,1.0,1.0,1.0,1.0,1.0,1.0,1.0,1.0
237.75,4.0,17.018038434978795,16.66352738872636,17.444696606389385,16.916453401826363,15.926983352894592,16.00011147161045,14.984936818921987,14.582192847357392,13.74467964995335,14.104452325445429,1.0,1.0,1.0,1.0,1.0,1.0,1.0,1.0,1.0,1.0
238.0,1.0,0.0,0.0,0.0,0.0,0.0,0.0,0.0,0.0,0.0,0.0,0.0,0.0,0.0,0.0,0.0,0.0,0.0,0.0,0.0,0.0
238.25,2.0,20.181673185615423,19.037778781263963,16.82524674302472,15.172062025591346,15.030261470707307,15.805697390173906,16.137617262717264,17.784993297142144,18.089949669015823,17.954351637508964,1.0,1.0,1.0,1.0,1.0,1.0,1.0,1.0,1.0,1.0
238.5,3.0,0.0,0.0,0.0,0.0,0.0,0.0,0.0,0.0,0.0,0.0,0.0,0.0,0.0,0.0,0.0,0.0,0.0,0.0,0.0,0.0
238.75,4.0,0.0,0.0,0.0,0.0,0.0,0.0,0.0,0.0,0.0,0.0,0.0,0.0,0.0,0.0,0.0,0.0,0.0,0.0,0.0,0.0
239.0,1.0,19.803235844628404,20.27874120639267,17.3783053113555,16.59004113634373,18.36717657573045,18.963577880104808,19.293462861867642,19.054192523422884,19.583589952929376,20.191175594574425,1.0,1.0,1.0,1.0,1.0,1.0,1.0,1.0,1.0,1.0
239.25,2.0,19.78089626740118,18.26431945551987,16.75212647658294,15.441813260835204,16.34007180820353,16.83262730404881,16.58827573881136,16.92741750522165,17.542106289180524,16.899445972230296,1.0,1.0,1.0,1.0,1.0,1.0,1.0,1.0,1.0,1.0
239.5,3.0,18.465694564530317,17.966481959313672,18.55749416234306,18.140429776854937,17.947294360258102,17.055561590001975,16.668901076364495,15.263475904181663,14.523413481918242,14.989502582081375,1.0,1.0,1.0,1.0,1.0,1.0,1.0,1.0,1.0,1.0
239.75,4.0,16.709225963184814,17.014028365714278,16.680677196380405,16.967321877649173,16.350563279924142,15.733156651020668,15.548627613990814,14.737684787289398,13.726586097499021,14.648858622465974,1.0,1.0,1.0,1.0,1.0,1.0,1.0,1.0,1.0,1.0
240.0,1.0,19.26730277546176,19.831034498902085,17.387696383757845,17.13911073463822,19.375746517005375,19.030094072489405,19.11138382102494,20.065173206057242,20.73136313264234,20.782456071705685,1.0,1.0,1.0,1.0,1.0,1.0,1.0,1.0,1.0,1.0
240.25,2.0,0.0,0.0,0.0,0.0,0.0,0.0,0.0,0.0,0.0,0.0,0.0,0.0,0.0,0.0,0.0,0.0,0.0,0.0,0.0,0.0
240.5,3.0,18.274005655426215,18.639111065819428,18.340280471418602,18.657854645533888,17.17652094546055,16.014507054539063,16.35741121331307,15.575008920442349,15.408872352080467,15.900436271490884,1.0,1.0,1.0,1.0,1.0,1.0,1.0,1.0,1.0,1.0
240.75,4.0,16.609154352575516,16.566085729263154,16.70344411222501,16.28308082417195,15.326415336763704,14.333807551090791,14.815339041871392,14.038089120078844,15.208997340874776,15.83646529979354,1.0,1.0,1.0,1.0,1.0,1.0,1.0,1.0,1.0,1.0
241.0,1.0,19.302910755695684,18.987951421349063,17.96603279077296,15.718671187432756,19.195372692795445,18.78110349539378,19.818434321902988,20.912207718887064,20.452885067012282,20.319412505811844,1.0,1.0,1.0,1.0,1.0,1.0,1.0,1.0,1.0,1.0
241.25,2.0,18.06581184855717,17.94041659563566,18.787531748219966,18.22447738758599,18.59195047034376,19.01248744137724,18.232438124145023,18.090712569480498,18.586635615214472,18.432461024614756,1.0,1.0,1.0,1.0,1.0,1.0,1.0,1.0,1.0,1.0
241.5,3.0,0.0,0.0,0.0,0.0,0.0,0.0,0.0,0.0,0.0,0.0,0.0,0.0,0.0,0.0,0.0,0.0,0.0,0.0,0.0,0.0
241.75,4.0,17.2368461150012,16.713684198493624,15.956153048515157,15.737170955701522,14.66471117512303,15.08901336874567,15.980170498478772,16.888270741106997,17.471232873993625,18.61412121491987,1.0,1.0,1.0,1.0,1.0,1.0,1.0,1.0,1.0,1.0
242.0,1.0,19.430770777090665,19.162176644826634,17.620763412437743,17.258092015951107,19.007350887231,18.813865166214985,20.32218440718716,20.152283587864495,18.898312760341266,18.552174591737145,1.0,1.0,1.0,1.0,1.0,1.0,1.0,1.0,1.0,1.0
242.25,2.0,0.0,0.0,0.0,0.0,0.0,0.0,0.0,0.0,0.0,0.0,0.0,0.0,0.0,0.0,0.0,0.0,0.0,0.0,0.0,0.0
242.5,3.0,19.358730941515613,19.19988646094189,17.41678018857159,16.137198836852573,15.506590367566048,16.024569961643238,16.312311810981576,16.208887750866076,16.814349897764878,17.33923741152429,1.0,1.0,1.0,1.0,1.0,1.0,1.0,1.0,1.0,1.0
242.75,4.0,17.897909383020323,17.004344204329165,17.397362683363095,15.819783295084088,14.858231308873211,16.395056771681816,17.59138363472495,17.45745841678018,17.595564950010402,17.700032502403634,1.0,1.0,1.0,1.0,1.0,1.0,1.0,1.0,1.0,1.0
243.0,1.0,0.0,0.0,0.0,0.0,0.0,0.0,0.0,0.0,0.0,0.0,0.0,0.0,0.0,0.0,0.0,0.0,0.0,0.0,0.0,0.0
243.25,2.0,18.02810448929743,19.008917869889597,18.380647864030177,18.103215505790924,19.403446056695767,19.03018270497898,20.403046608126534,20.2615186300684,20.243905560789518,20.59350959536539,1.0,1.0,1.0,1.0,1.0,1.0,1.0,1.0,1.0,1.0
243.5,3.0,17.21710408001106,17.483754333645,17.383787180575176,16.120386731250072,15.762182850294218,16.731920225089905,17.424506097461425,17.483044028365978,18.003858274098775,17.385665252117246,1.0,1.0,1.0,1.0,1.0,1.0,1.0,1.0,1.0,1.0
243.75,4.0,0.0,0.0,0.0,0.0,0.0,0.0,0.0,0.0,0.0,0.0,0.0,0.0,0.0,0.0,0.0,0.0,0.0,0.0,0.0,0.0
244.0,1.0,18.046692101115276,16.404661360628804,17.396492780429288,17.32575422796236,19.14339488567379,18.62232364601093,19.42832281226703,18.974151433823398,17.754427312339345,17.84628936061794,1.0,1.0,1.0,1.0,1.0,1.0,1.0,1.0,1.0,1.0
244.25,2.0,18.26521442412676,18.137703805245124,17.750801686945163,18.270912889689814,20.73412179170731,19.682608652268787,19.85174170038619,19.78103549068469,19.46163161641173,20.15464325948246,1.0,1.0,1.0,1.0,1.0,1.0,1.0,1.0,1.0,1.0
244.5,3.0,0.0,0.0,0.0,0.0,0.0,0.0,0.0,0.0,0.0,0.0,0.0,0.0,0.0,0.0,0.0,0.0,0.0,0.0,0.0,0.0
244.75,4.0,19.74702638202091,16.810418943223997,16.000079628462615,16.211534791890614,17.35037210889511,17.954725269673535,18.001372453853534,17.820500301241132,17.86122808300812,17.453821902794537,1.0,1.0,1.0,1.0,1.0,1.0,1.0,1.0,1.0,1.0
245.0,1.0,17.252750276779423,16.36191709653649,17.076698548046434,17.171918660209098,19.30853562167829,18.319321077995923,19.090441748952564,18.270662795313015,17.725102270371952,18.096740925106467,1.0,1.0,1.0,1.0,1.0,1.0,1.0,1.0,1.0,1.0
245.25,2.0,0.0,0.0,0.0,0.0,0.0,0.0,0.0,0.0,0.0,0.0,0.0,0.0,0.0,0.0,0.0,0.0,0.0,0.0,0.0,0.0
245.5,3.0,17.34238253660613,15.957601441576712,15.877246802601515,16.691007831439048,18.748372148129633,17.903218372647153,18.34656113309799,17.80798052395483,17.10032577799107,16.232088944496244,1.0,1.0,1.0,1.0,1.0,1.0,1.0,1.0,1.0,1.0
245.75,4.0,17.21581105531821,15.159635961338552,15.796196111537709,17.498669790113972,17.872252209346406,17.902247762523487,18.183227628030778,17.23401079305412,17.585260627072945,17.07082666508603,1.0,1.0,1.0,1.0,1.0,1.0,1.0,1.0,1.0,1.0
246.0,1.0,16.69387582670848,17.219144181039198,17.46377835785898,17.814895999096883,18.597958484814985,17.854734180144305,17.53583464674077,17.09822454220285,17.206892100837614,18.006330095996535,1.0,1.0,1.0,1.0,1.0,1.0,1.0,1.0,1.0,1.0
246.25,2.0,16.613727585015997,18.082161793988355,18.89803451205385,18.490941494088574,18.89072173931865,18.939263726419078,19.35075962766741,20.48453513749779,20.561062979653595,21.17666273557696,1.0,1.0,1.0,1.0,1.0,1.0,1.0,1.0,1.0,1.0
246.5,3.0,0.0,0.0,0.0,0.0,0.0,0.0,0.0,0.0,0.0,0.0,0.0,0.0,0.0,0.0,0.0,0.0,0.0,0.0,0.0,0.0
246.75,4.0,15.319237302961604,15.109136202739384,16.979169842248048,16.859935529026078,17.74615100569443,17.199807732731227,17.615955814263117,17.62641391538924,16.77136126622747,15.974359056841738,1.0,1.0,1.0,1.0,1.0,1.0,1.0,1.0,1.0,1.0
247.0,1.0,16.79768670999595,17.003865789335702,16.784936692271827,17.017525915329262,17.436419316460043,17.188370439794447,16.598505241587617,17.16191976594306,17.924435894547486,18.498896408596877,1.0,1.0,1.0,1.0,1.0,1.0,1.0,1.0,1.0,1.0
247.25,2.0,18.183223006978576,19.694879917190626,21.733270550955297,18.656318710816546,18.9190985742361,19.247020794151208,19.155994933495926,21.339618981388405,20.892732801880964,20.76869137847164,1.0,1.0,1.0,1.0,1.0,1.0,1.0,1.0,1.0,1.0
247.5,3.0,16.88035293589996,14.89351493457362,15.730267565424183,16.89584636944055,18.657668631669377,18.2853513043936,17.49828777554375,16.295684985406805,15.677770697382579,16.053363680413216,1.0,1.0,1.0,1.0,1.0,1.0,1.0,1.0,1.0,1.0
247.75,4.0,14.481429273949376,15.55977671132645,16.05968493061615,16.624266829939643,17.5583306418138,17.075185074451408,17.05530699174633,17.009559479240732,17.154262361449987,16.751373242890544,1.0,1.0,1.0,1.0,1.0,1.0,1.0,1.0,1.0,1.0
248.0,1.0,0.0,0.0,0.0,0.0,0.0,0.0,0.0,0.0,0.0,0.0,0.0,0.0,0.0,0.0,0.0,0.0,0.0,0.0,0.0,0.0
248.25,2.0,0.0,0.0,0.0,0.0,0.0,0.0,0.0,0.0,0.0,0.0,0.0,0.0,0.0,0.0,0.0,0.0,0.0,0.0,0.0,0.0
248.5,3.0,15.382889097286464,14.8310412767533,16.32900378467943,17.88847397478367,20.030913139735212,18.026618087935983,17.189693262161825,15.374088323812906,15.906524899225175,16.689667269711506,1.0,1.0,1.0,1.0,1.0,1.0,1.0,1.0,1.0,1.0
248.75,4.0,15.65583780555669,15.800441839818077,16.966929131018265,17.219573074411215,16.62341640036346,16.502831008643597,17.44195184506861,17.270625895549337,17.040201989532886,18.205158327587068,1.0,1.0,1.0,1.0,1.0,1.0,1.0,1.0,1.0,1.0
249.0,1.0,17.510727982863777,16.701595705224786,16.583546222256643,16.679770070561094,17.630467745945612,17.767815036127576,19.024770906403162,20.000050968172687,21.049639604598408,21.783626088028033,1.0,1.0,1.0,1.0,1.0,1.0,1.0,1.0,1.0,1.0
249.25,2.0,20.776555984735893,20.040090687676877,19.096955897952974,18.830280402777337,20.057237529931648,20.77302728470132,20.20404200138717,21.61882194949001,20.467859667380278,20.322315076239263,1.0,1.0,1.0,1.0,1.0,1.0,1.0,1.0,1.0,1.0
249.5,3.0,0.0,0.0,0.0,0.0,0.0,0.0,0.0,0.0,0.0,0.0,0.0,0.0,0.0,0.0,0.0,0.0,0.0,0.0,0.0,0.0
249.75,4.0,15.969569549875745,15.608221285327977,18.00450994309911,17.970459181064296,15.799868482093013,15.696662669871682,17.47972642624126,18.21422041191625,17.068545711067728,17.84496264895897,1.0,1.0,1.0,1.0,1.0,1.0,1.0,1.0,1.0,1.0
250.0,1.0,17.26614379922198,16.92200250745379,17.22961099652433,18.23774275281813,18.97310251257773,18.96656705199233,20.47127284143249,21.688182150050647,21.796887375842896,21.32137179648975,1.0,1.0,1.0,1.0,1.0,1.0,1.0,1.0,1.0,1.0
250.25,2.0,0.0,0.0,0.0,0.0,0.0,0.0,0.0,0.0,0.0,0.0,0.0,0.0,0.0,0.0,0.0,0.0,0.0,0.0,0.0,0.0
250.5,3.0,17.19759898053669,15.528957661456737,16.953818074863815,17.9314176973554,18.59073058257703,17.154395210253746,17.081737594808803,16.546340754254068,16.524905939120504,15.898599277812284,1.0,1.0,1.0,1.0,1.0,1.0,1.0,1.0,1.0,1.0
250.75,4.0,15.760000947901196,16.541957518404317,18.14544475250054,15.690789301541745,15.746807502713443,15.853254871380205,17.960232750173397,18.019301934629585,17.33170654257908,17.96951993607016,1.0,1.0,1.0,1.0,1.0,1.0,1.0,1.0,1.0,1.0
251.0,1.0,0.0,0.0,0.0,0.0,0.0,0.0,0.0,0.0,0.0,0.0,0.0,0.0,0.0,0.0,0.0,0.0,0.0,0.0,0.0,0.0
251.25,2.0,19.873166689557856,19.570026844227122,20.223213908890727,21.647473526665355,21.136813140911535,21.108584907365234,20.193979049483392,20.310805709299416,19.97793689648683,19.558092499929142,1.0,1.0,1.0,1.0,1.0,1.0,1.0,1.0,1.0,1.0
251.5,3.0,17.598439775345277,16.7775742554439,17.556616244208687,17.66206940327341,17.394393737321465,16.565424803473775,15.936507021243367,14.806334183183349,15.58481431241076,15.403803810258498,1.0,1.0,1.0,1.0,1.0,1.0,1.0,1.0,1.0,1.0
251.75,4.0,0.0,0.0,0.0,0.0,0.0,0.0,0.0,0.0,0.0,0.0,0.0,0.0,0.0,0.0,0.0,0.0,0.0,0.0,0.0,0.0
252.0,1.0,19.533741587275028,20.521311648910405,20.451584154784193,20.09783149304352,21.14963279198331,20.008704167172247,20.5259713594938,19.98733830355448,20.76235002539727,20.725759763105202,1.0,1.0,1.0,1.0,1.0,1.0,1.0,1.0,1.0,1.0
252.25,2.0,19.777504700729807,22.100326325781406,22.881409698481338,22.445185191589612,20.724933919715642,21.116046314714133,19.917801490555753,20.014271624960937,19.55589376777401,19.482136820632835,1.0,1.0,1.0,1.0,1.0,1.0,1.0,1.0,1.0,1.0
252.5,3.0,0.0,0.0,0.0,0.0,0.0,0.0,0.0,0.0,0.0,0.0,0.0,0.0,0.0,0.0,0.0,0.0,0.0,0.0,0.0,0.0
252.75,4.0,16.401492860577676,15.83510126457686,14.618433702921733,15.155512828976986,16.20005156281263,17.427568720765883,18.86992323624582,19.605504493003327,18.74226141278078,18.811209064151683,1.0,1.0,1.0,1.0,1.0,1.0,1.0,1.0,1.0,1.0
253.0,1.0,20.227812559788898,20.316952358720275,19.08148559461634,18.92258370860828,20.305491841633398,19.90866062552551,19.343686883372794,19.35191839024367,19.315387402528447,20.577907400866575,1.0,1.0,1.0,1.0,1.0,1.0,1.0,1.0,1.0,1.0
253.25,2.0,0.0,0.0,0.0,0.0,0.0,0.0,0.0,0.0,0.0,0.0,0.0,0.0,0.0,0.0,0.0,0.0,0.0,0.0,0.0,0.0
253.5,3.0,18.30809752167412,17.191169437853844,17.3387637067348,15.593219778455188,15.028851203495211,15.063743199258647,15.7121865193305,13.991320462835713,14.892661656388578,14.211125560594814,1.0,1.0,1.0,1.0,1.0,1.0,1.0,1.0,1.0,1.0
253.75,4.0,14.526195550454204,13.905406072764764,14.740417833510072,15.729289504940668,17.94816507828608,19.729473890655438,19.582505653548722,19.668606211893238,18.415875121467185,18.429729769555962,1.0,1.0,1.0,1.0,1.0,1.0,1.0,1.0,1.0,1.0
254.0,1.0,19.189026776252437,19.431339224564276,19.821924241595717,18.456512100082254,18.685843450411983,18.151814499481024,17.477998210586726,19.30123107657892,19.495535941173763,19.99700807227836,1.0,1.0,1.0,1.0,1.0,1.0,1.0,1.0,1.0,1.0
254.25,2.0,21.594188846526507,22.44872174825155,22.260152452296637,21.950578510564526,21.187677370008487,20.614756565108245,19.47301139076779,19.820185655687222,18.30834723734333,18.103486104545052,1.0,1.0,1.0,1.0,1.0,1.0,1.0,1.0,1.0,1.0
254.5,3.0,0.0,0.0,0.0,0.0,0.0,0.0,0.0,0.0,0.0,0.0,0.0,0.0,0.0,0.0,0.0,0.0,0.0,0.0,0.0,0.0
254.75,4.0,14.603729920632022,13.172667286195555,14.362717520916696,16.41739985146104,20.245429651308324,19.803184390876034,19.593340674024134,20.10516671360774,19.56146937949897,19.806407374572036,1.0,1.0,1.0,1.0,1.0,1.0,1.0,1.0,1.0,1.0
255.0,1.0,18.349358946179944,19.355271952737116,19.388722247908298,18.405943768855156,17.860413251575117,18.034223802632535,18.822266094248626,19.51545711513366,19.856424661895506,21.0917575850635,1.0,1.0,1.0,1.0,1.0,1.0,1.0,1.0,1.0,1.0
255.25,2.0,21.208380465251906,22.33831780972282,21.422713420387073,22.26941705592732,20.558299067386194,19.626727716695104,18.308938691755046,18.794460212575977,17.872351132607122,17.948991148230256,1.0,1.0,1.0,1.0,1.0,1.0,1.0,1.0,1.0,1.0
255.5,3.0,16.36090019721446,16.72467889065349,15.813364656714748,15.217094698555634,15.100145082198223,12.692441680073838,13.058224180522377,11.676762848623866,10.5552799955281,10.72140641158845,1.0,1.0,1.0,1.0,1.0,1.0,1.0,1.0,1.0,1.0
255.75,4.0,14.982830688619725,13.51212013526846,16.048492735327255,17.153635791352876,19.131402931914995,19.026442551206003,19.773367269428476,19.869263025188864,19.34758986160448,20.02242264993368,1.0,1.0,1.0,1.0,1.0,1.0,1.0,1.0,1.0,1.0
256.0,1.0,0.0,0.0,0.0,0.0,0.0,0.0,0.0,0.0,0.0,0.0,0.0,0.0,0.0,0.0,0.0,0.0,0.0,0.0,0.0,0.0
256.25,2.0,0.0,0.0,0.0,0.0,0.0,0.0,0.0,0.0,0.0,0.0,0.0,0.0,0.0,0.0,0.0,0.0,0.0,0.0,0.0,0.0
256.5,3.0,16.675294396306892,15.788422642106797,15.384875539977903,14.89880570911849,12.352881523078588,10.935346410294029,11.287259136482367,10.387688801367219,10.42443705621375,10.707628160405354,1.0,1.0,1.0,1.0,1.0,1.0,1.0,1.0,1.0,1.0
256.75,4.0,0.0,0.0,0.0,0.0,0.0,0.0,0.0,0.0,0.0,0.0,0.0,0.0,0.0,0.0,0.0,0.0,0.0,0.0,0.0,0.0
257.0,1.0,19.077861909489936,20.291216880035353,19.051559483308026,19.796200506936483,20.81038858699112,21.095700895237762,20.46246428446026,21.534777887993584,21.688966922422114,21.389688793072807,1.0,1.0,1.0,1.0,1.0,1.0,1.0,1.0,1.0,1.0
257.25,2.0,21.22624126473184,21.590174708801236,19.925446050129963,19.435127711295014,17.81350368328185,18.014219741890432,16.70169287116695,17.524402041599817,16.603892618543785,16.991917324913675,1.0,1.0,1.0,1.0,1.0,1.0,1.0,1.0,1.0,1.0
257.5,3.0,0.0,0.0,0.0,0.0,0.0,0.0,0.0,0.0,0.0,0.0,0.0,0.0,0.0,0.0,0.0,0.0,0.0,0.0,0.0,0.0
257.75,4.0,16.969062886936683,17.13974749622219,18.568996996247616,19.020477602314102,19.409268587319666,18.689725243338227,19.0369904978009,19.09345459653186,20.2004731525723,20.512274661117758,1.0,1.0,1.0,1.0,1.0,1.0,1.0,1.0,1.0,1.0
258.0,1.0,21.04810754812183,21.432452473838623,20.150762864320875,21.0193248065734,21.595455969872965,20.87247712221354,20.5048385688865,20.851602539877156,20.801308034613985,20.210604721089897,1.0,1.0,1.0,1.0,1.0,1.0,1.0,1.0,1.0,1.0
258.25,2.0,0.0,0.0,0.0,0.0,0.0,0.0,0.0,0.0,0.0,0.0,0.0,0.0,0.0,0.0,0.0,0.0,0.0,0.0,0.0,0.0
258.5,3.0,17.61797915369116,16.29759364331574,13.244220605473798,12.561203056887733,12.596089983452158,11.643322677806934,10.416766176548602,10.99048138159326,9.88385493225043,9.857934252719014,1.0,1.0,1.0,1.0,1.0,1.0,1.0,1.0,1.0,1.0
258.75,4.0,18.155879524827505,18.146347641190836,18.51819788622254,18.44123399845531,19.10933273901632,18.970616206422132,19.365976917155013,20.214514473995983,19.499767731670975,19.58726945966064,1.0,1.0,1.0,1.0,1.0,1.0,1.0,1.0,1.0,1.0
259.0,1.0,0.0,0.0,0.0,0.0,0.0,0.0,0.0,0.0,0.0,0.0,0.0,0.0,0.0,0.0,0.0,0.0,0.0,0.0,0.0,0.0
259.25,2.0,20.894587256279078,20.748183780884364,18.428743194206664,17.733010754581137,17.65947035598843,17.62153905543548,17.1069586509521,17.997985091962196,17.98785834348478,18.58841807946374,1.0,1.0,1.0,1.0,1.0,1.0,1.0,1.0,1.0,1.0
259.5,3.0,0.0,0.0,0.0,0.0,0.0,0.0,0.0,0.0,0.0,0.0,0.0,0.0,0.0,0.0,0.0,0.0,0.0,0.0,0.0,0.0
259.75,4.0,0.0,0.0,0.0,0.0,0.0,0.0,0.0,0.0,0.0,0.0,0.0,0.0,0.0,0.0,0.0,0.0,0.0,0.0,0.0,0.0
260.0,1.0,19.484283293355645,19.54857639378286,20.83924149545839,21.193291204858596,20.669055344178833,20.1016217428788,20.22753963975602,20.283519100793136,20.91936164025041,20.633526496220174,1.0,1.0,1.0,1.0,1.0,1.0,1.0,1.0,1.0,1.0
260.25,2.0,19.465946588632306,20.408606815752602,18.310297809566574,18.01731586694089,17.807938596433942,17.33519900155643,17.284962352113165,17.93216097184346,18.11134483613053,18.721720073423437,1.0,1.0,1.0,1.0,1.0,1.0,1.0,1.0,1.0,1.0
260.5,3.0,0.0,0.0,0.0,0.0,0.0,0.0,0.0,0.0,0.0,0.0,0.0,0.0,0.0,0.0,0.0,0.0,0.0,0.0,0.0,0.0
260.75,4.0,18.43167051226568,17.280750157683133,17.227766835829744,17.669439804590954,18.37553192431018,19.610790290134915,19.49004789305989,19.396101668650942,18.450726734050953,18.702161587318077,1.0,1.0,1.0,1.0,1.0,1.0,1.0,1.0,1.0,1.0
261.0,1.0,20.187380553586138,21.253218853475587,20.29515505814468,20.342289474357404,19.424291087355083,18.729029509549274,18.9834809504056,20.00168200544518,19.634168417937214,18.902732605979388,1.0,1.0,1.0,1.0,1.0,1.0,1.0,1.0,1.0,1.0
261.25,2.0,0.0,0.0,0.0,0.0,0.0,0.0,0.0,0.0,0.0,0.0,0.0,0.0,0.0,0.0,0.0,0.0,0.0,0.0,0.0,0.0
261.5,3.0,15.53347599176544,14.266376471606069,12.820850958805575,12.776980264782596,13.305868774088404,11.984513292745218,13.379532469323642,12.69702407590933,12.462550966505976,11.282272880175679,1.0,1.0,1.0,1.0,1.0,1.0,1.0,1.0,1.0,1.0
261.75,4.0,17.822675293003797,17.320524133525936,17.458254501431053,17.84423406868924,18.667087849687277,19.650218053207563,19.59378749982057,18.275356017457053,17.93113005556894,17.472091235378397,1.0,1.0,1.0,1.0,1.0,1.0,1.0,1.0,1.0,1.0
262.0,1.0,19.90784294811408,20.902867342636856,20.055325205996876,19.348676563659648,18.45927976440206,18.164363870776565,18.82308343327086,19.438744615213697,17.70781040504585,17.92070030770583,1.0,1.0,1.0,1.0,1.0,1.0,1.0,1.0,1.0,1.0
262.25,2.0,20.135684243845887,19.689866574138993,18.202651971252493,17.973832699559686,17.15181890580613,17.187588701457287,16.79269684617988,16.227646193690497,16.342428123503776,16.88895842000337,1.0,1.0,1.0,1.0,1.0,1.0,1.0,1.0,1.0,1.0
262.5,3.0,0.0,0.0,0.0,0.0,0.0,0.0,0.0,0.0,0.0,0.0,0.0,0.0,0.0,0.0,0.0,0.0,0.0,0.0,0.0,0.0
262.75,4.0,17.73105748065314,17.704120588746942,18.373239799535796,17.536576456666506,19.460107211974034,19.14740385403031,18.072910278261354,16.812789540517272,15.935092935773929,16.496989992596927,1.0,1.0,1.0,1.0,1.0,1.0,1.0,1.0,1.0,1.0
263.0,1.0,19.80404798022591,19.734088804327467,18.58415485794382,19.187307491951476,19.300394509193538,18.11853908130305,18.646542859360103,18.561238653808513,18.33510241680166,18.023149766043076,1.0,1.0,1.0,1.0,1.0,1.0,1.0,1.0,1.0,1.0
263.25,2.0,0.0,0.0,0.0,0.0,0.0,0.0,0.0,0.0,0.0,0.0,0.0,0.0,0.0,0.0,0.0,0.0,0.0,0.0,0.0,0.0
263.5,3.0,13.17390545779232,14.613672706630044,14.457155158098837,14.236792948430644,14.273197423082356,14.210397668544058,13.795795660458985,13.336261854146336,12.917879268322476,12.574287823709486,1.0,1.0,1.0,1.0,1.0,1.0,1.0,1.0,1.0,1.0
263.75,4.0,17.811566431287012,18.169663290875622,17.7560663474203,18.03807903263996,18.17374171118879,18.180193468935553,17.27317817639909,15.907682664412652,15.31606023256033,16.20237300833207,1.0,1.0,1.0,1.0,1.0,1.0,1.0,1.0,1.0,1.0
264.0,1.0,0.0,0.0,0.0,0.0,0.0,0.0,0.0,0.0,0.0,0.0,0.0,0.0,0.0,0.0,0.0,0.0,0.0,0.0,0.0,0.0
264.25,2.0,0.0,0.0,0.0,0.0,0.0,0.0,0.0,0.0,0.0,0.0,0.0,0.0,0.0,0.0,0.0,0.0,0.0,0.0,0.0,0.0
264.5,3.0,12.456903332790478,14.05430882229183,13.255445911872679,14.502759418207798,13.440950108695809,13.380794841374705,13.579322513454256,13.74314205852,12.792631561319846,12.675467881505046,1.0,1.0,1.0,1.0,1.0,1.0,1.0,1.0,1.0,1.0
264.75,4.0,0.0,0.0,0.0,0.0,0.0,0.0,0.0,0.0,0.0,0.0,0.0,0.0,0.0,0.0,0.0,0.0,0.0,0.0,0.0,0.0
265.0,1.0,18.647381977290642,18.591100325414658,17.883263895706776,17.915805397676852,16.956403673110092,17.368710273933424,18.2040953362246,18.13540314778398,17.22472380961372,17.651233002605007,1.0,1.0,1.0,1.0,1.0,1.0,1.0,1.0,1.0,1.0
265.25,2.0,18.475472810105185,16.83592111510627,16.395304619403056,16.86609623124236,17.106078802182445,16.484128718079397,15.99904710656019,17.00855710081133,17.337932300337087,16.46927554813796,1.0,1.0,1.0,1.0,1.0,1.0,1.0,1.0,1.0,1.0
265.5,3.0,0.0,0.0,0.0,0.0,0.0,0.0,0.0,0.0,0.0,0.0,0.0,0.0,0.0,0.0,0.0,0.0,0.0,0.0,0.0,0.0
265.75,4.0,16.267436480568843,17.896582237279414,16.767051386508882,17.15601825447406,16.005540558544887,15.238294342721945,15.208973566984572,15.094363683133302,13.456838073794996,13.759709743890598,1.0,1.0,1.0,1.0,1.0,1.0,1.0,1.0,1.0,1.0
266.0,1.0,16.639576753211937,17.9662071540907,17.450027631730432,17.716056462115002,17.359739375873385,17.056108497526854,17.364518124248054,16.71129088314917,15.324643498743852,15.698687720044816,1.0,1.0,1.0,1.0,1.0,1.0,1.0,1.0,1.0,1.0
266.25,2.0,0.0,0.0,0.0,0.0,0.0,0.0,0.0,0.0,0.0,0.0,0.0,0.0,0.0,0.0,0.0,0.0,0.0,0.0,0.0,0.0
266.5,3.0,13.081173407114903,13.166848934306234,15.01436938543103,15.028823527463752,12.588740343503803,13.573069995118017,13.117362627154291,13.314062724554693,13.77163113613276,14.561300998840874,1.0,1.0,1.0,1.0,1.0,1.0,1.0,1.0,1.0,1.0
266.75,4.0,16.810673154470663,17.398539544628917,17.26994761376399,16.597894154009364,14.290044090997347,14.461898798597746,14.971374967796605,14.309119697026805,13.051874528849977,13.814545914136056,1.0,1.0,1.0,1.0,1.0,1.0,1.0,1.0,1.0,1.0
267.0,1.0,0.0,0.0,0.0,0.0,0.0,0.0,0.0,0.0,0.0,0.0,0.0,0.0,0.0,0.0,0.0,0.0,0.0,0.0,0.0,0.0
267.25,2.0,14.43378876491904,15.940917060647886,15.986887079085742,16.997174259633827,17.054208662648747,16.868879173953346,16.175413690505742,16.597044795523484,16.42079047820403,15.340920683972811,1.0,1.0,1.0,1.0,1.0,1.0,1.0,1.0,1.0,1.0
267.5,3.0,0.0,0.0,0.0,0.0,0.0,0.0,0.0,0.0,0.0,0.0,0.0,0.0,0.0,0.0,0.0,0.0,0.0,0.0,0.0,0.0
267.75,4.0,0.0,0.0,0.0,0.0,0.0,0.0,0.0,0.0,0.0,0.0,0.0,0.0,0.0,0.0,0.0,0.0,0.0,0.0,0.0,0.0
268.0,1.0,17.55818017453806,17.282170524393987,15.910423367512982,16.722209578664415,16.28421869912474,16.868513839272076,15.543943094110226,16.219982417332,15.711971708518393,18.080325003237608,1.0,1.0,1.0,1.0,1.0,1.0,1.0,1.0,1.0,1.0
268.25,2.0,14.868952824394405,16.466280037964122,15.417497083800967,16.663438118338252,15.589268637875543,16.6310799298324,16.185694234297262,15.970001193368212,15.194229235574783,14.246247630250355,1.0,1.0,1.0,1.0,1.0,1.0,1.0,1.0,1.0,1.0
268.5,3.0,0.0,0.0,0.0,0.0,0.0,0.0,0.0,0.0,0.0,0.0,0.0,0.0,0.0,0.0,0.0,0.0,0.0,0.0,0.0,0.0
268.75,4.0,15.3006381986602,14.98554031445555,13.883003570440966,14.104893587604716,16.944567688773322,16.82192918942128,16.715089753030664,15.584054030517565,15.742820805280957,16.885791698464107,1.0,1.0,1.0,1.0,1.0,1.0,1.0,1.0,1.0,1.0
269.0,1.0,17.05052739127769,16.54096435468555,15.937135167405408,16.263663952730123,16.3964652852564,17.340663889694277,17.191741236237075,18.625348212716943,17.24949088864153,18.104755438633703,1.0,1.0,1.0,1.0,1.0,1.0,1.0,1.0,1.0,1.0
269.25,2.0,0.0,0.0,0.0,0.0,0.0,0.0,0.0,0.0,0.0,0.0,0.0,0.0,0.0,0.0,0.0,0.0,0.0,0.0,0.0,0.0
269.5,3.0,11.736955508554423,15.318643828527149,16.889707907724542,17.66990686152738,17.089010672827072,16.528225931631177,16.206766862770923,16.943023717936565,16.32372136397702,17.733873802521845,1.0,1.0,1.0,1.0,1.0,1.0,1.0,1.0,1.0,1.0
269.75,4.0,15.108718252284207,15.123931026344337,13.510592820487147,14.353940476746063,17.605818867773923,17.181868923200312,17.01087888125224,16.259011502935348,16.93515511661052,18.088732250397246,1.0,1.0,1.0,1.0,1.0,1.0,1.0,1.0,1.0,1.0
270.0,1.0,17.344166885576485,17.56451422102935,17.496781351598255,17.1909512192513,17.0573644017648,18.552064969872966,18.730113308962014,18.996599223300883,17.94008178821961,18.66070793005505,1.0,1.0,1.0,1.0,1.0,1.0,1.0,1.0,1.0,1.0
270.25,2.0,15.226766731567425,14.352289526652129,15.422220124792798,15.743834071300578,13.663217146947428,13.713673152656668,12.817870091113171,13.90386811377036,13.695114210416413,13.148824365113931,1.0,1.0,1.0,1.0,1.0,1.0,1.0,1.0,1.0,1.0
270.5,3.0,0.0,0.0,0.0,0.0,0.0,0.0,0.0,0.0,0.0,0.0,0.0,0.0,0.0,0.0,0.0,0.0,0.0,0.0,0.0,0.0
270.75,4.0,15.187654776136007,16.119017970876595,14.360294889409598,15.531643549843812,17.55869201005552,16.997820279137613,18.451331437684814,18.335792576954407,18.403768675695005,18.959435179721623,1.0,1.0,1.0,1.0,1.0,1.0,1.0,1.0,1.0,1.0
271.0,1.0,17.606111790888455,18.896298243670547,19.843188057584882,19.28233095712261,18.624053666778593,19.357926110460426,19.054073935763896,19.295180061232887,18.12241742801026,18.060630417388413,1.0,1.0,1.0,1.0,1.0,1.0,1.0,1.0,1.0,1.0
271.25,2.0,0.0,0.0,0.0,0.0,0.0,0.0,0.0,0.0,0.0,0.0,0.0,0.0,0.0,0.0,0.0,0.0,0.0,0.0,0.0,0.0
271.5,3.0,13.900082691597708,17.146538722971673,16.859163973366044,16.922528074975563,16.726752207952153,18.32249219532395,18.417931038401534,18.31965039464309,17.11635564960351,16.9359419583291,1.0,1.0,1.0,1.0,1.0,1.0,1.0,1.0,1.0,1.0
271.75,4.0,16.22606037718538,16.299139624997707,14.528571711141252,15.02688127026636,16.879775970412922,17.21740290424263,18.041525979484494,17.713167047712624,17.889266870669513,17.886049071072886,1.0,1.0,1.0,1.0,1.0,1.0,1.0,1.0,1.0,1.0
272.0,1.0,0.0,0.0,0.0,0.0,0.0,0.0,0.0,0.0,0.0,0.0,0.0,0.0,0.0,0.0,0.0,0.0,0.0,0.0,0.0,0.0
272.25,2.0,0.0,0.0,0.0,0.0,0.0,0.0,0.0,0.0,0.0,0.0,0.0,0.0,0.0,0.0,0.0,0.0,0.0,0.0,0.0,0.0
272.5,3.0,15.374402330702859,17.498315240497732,16.023248192003862,17.7199505854197,18.454573231584067,18.129906632817523,17.950867175165033,16.783966762028808,15.586338638990634,15.397088073971219,1.0,1.0,1.0,1.0,1.0,1.0,1.0,1.0,1.0,1.0
272.75,4.0,0.0,0.0,0.0,0.0,0.0,0.0,0.0,0.0,0.0,0.0,0.0,0.0,0.0,0.0,0.0,0.0,0.0,0.0,0.0,0.0
273.0,1.0,17.222342263323505,18.01323048751756,18.76394461725663,18.393523534115406,17.022998243572573,16.585360413863796,15.991704248698227,16.22043600183569,15.603876294752512,16.566675741734795,1.0,1.0,1.0,1.0,1.0,1.0,1.0,1.0,1.0,1.0
273.25,2.0,15.161777117698206,14.064201862612286,14.06547983806036,11.991853717683446,11.978280551955079,13.998539265539259,14.095676545712132,14.462211042070303,14.3452954540361,13.972154492819637,1.0,1.0,1.0,1.0,1.0,1.0,1.0,1.0,1.0,1.0
273.5,3.0,0.0,0.0,0.0,0.0,0.0,0.0,0.0,0.0,0.0,0.0,0.0,0.0,0.0,0.0,0.0,0.0,0.0,0.0,0.0,0.0
273.75,4.0,14.715303110074734,14.214056563362677,14.087173185976843,15.616207107167536,14.954941134808148,15.915446247724594,16.01365654171266,15.735796940467512,17.02589477601936,17.789887786647775,1.0,1.0,1.0,1.0,1.0,1.0,1.0,1.0,1.0,1.0
274.0,1.0,17.872406022967635,18.17075074925948,18.31663806571529,17.829072058003305,16.786147466396404,16.352854354033983,15.920504697209838,15.888664315517527,14.560237906920856,15.285750715595913,1.0,1.0,1.0,1.0,1.0,1.0,1.0,1.0,1.0,1.0
274.25,2.0,0.0,0.0,0.0,0.0,0.0,0.0,0.0,0.0,0.0,0.0,0.0,0.0,0.0,0.0,0.0,0.0,0.0,0.0,0.0,0.0
274.5,3.0,17.34044547680292,19.134673032775737,18.1962958008477,18.031244825550942,15.718021019548951,15.1596721392288,14.30488543170727,15.169515241906373,14.019012614694372,13.98704317402825,1.0,1.0,1.0,1.0,1.0,1.0,1.0,1.0,1.0,1.0
274.75,4.0,13.500710897274788,14.696135629951156,15.346559008465846,15.899676808903937,15.278838595595962,15.529174577347176,16.423772654294137,16.68258233580135,18.423159508378713,19.338070664665743,1.0,1.0,1.0,1.0,1.0,1.0,1.0,1.0,1.0,1.0
275.0,1.0,0.0,0.0,0.0,0.0,0.0,0.0,0.0,0.0,0.0,0.0,0.0,0.0,0.0,0.0,0.0,0.0,0.0,0.0,0.0,0.0
275.25,2.0,15.584662274369352,15.229568219467263,15.148929858969984,14.893843390443692,15.216060488698965,15.549043084382102,14.839658339521907,13.81183142288765,13.733106376779604,12.902459888369203,1.0,1.0,1.0,1.0,1.0,1.0,1.0,1.0,1.0,1.0
275.5,3.0,0.0,0.0,0.0,0.0,0.0,0.0,0.0,0.0,0.0,0.0,0.0,0.0,0.0,0.0,0.0,0.0,0.0,0.0,0.0,0.0
275.75,4.0,0.0,0.0,0.0,0.0,0.0,0.0,0.0,0.0,0.0,0.0,0.0,0.0,0.0,0.0,0.0,0.0,0.0,0.0,0.0,0.0
276.0,1.0,17.209332878459993,17.73368782400413,17.947847590539105,17.21146845537949,14.385861428852477,13.955657514898894,11.882816768235275,12.788534467763046,11.960049048770065,12.580511553048348,1.0,1.0,1.0,1.0,1.0,1.0,1.0,1.0,1.0,1.0
276.25,2.0,16.39610683149676,15.44505739650547,13.93370127523234,14.61872086558386,15.099727827434148,14.583069710571985,13.649847376634785,13.115672529442312,13.369615824327163,11.87795421605962,1.0,1.0,1.0,1.0,1.0,1.0,1.0,1.0,1.0,1.0
276.5,3.0,16.97608838294269,16.369190917047582,16.14289446313834,16.051402387352297,13.467938044183372,13.909868753249254,12.874910843108173,14.17190379360031,13.063748932554555,13.421146505329634,1.0,1.0,1.0,1.0,1.0,1.0,1.0,1.0,1.0,1.0
276.75,4.0,16.06977997340414,15.81181264110196,16.668318522986052,17.135879952189725,16.918881550405164,17.307954647886454,18.38646671809617,17.888396333775315,18.921672319288337,19.19664600940709,1.0,1.0,1.0,1.0,1.0,1.0,1.0,1.0,1.0,1.0
277.0,1.0,17.687703411751123,18.2424293548068,17.73137234123984,15.989569165934096,13.199141945159196,12.462426837618933,11.056220893893919,12.3754467977638,11.678613012221547,12.324531255023432,1.0,1.0,1.0,1.0,1.0,1.0,1.0,1.0,1.0,1.0
277.25,2.0,0.0,0.0,0.0,0.0,0.0,0.0,0.0,0.0,0.0,0.0,0.0,0.0,0.0,0.0,0.0,0.0,0.0,0.0,0.0,0.0
277.5,3.0,16.51137478068129,16.64180444056795,15.92361882892543,14.405250729339034,12.927657719171615,13.710884656170176,13.744769309838533,13.955831768423492,13.167354491903831,12.491862472915091,1.0,1.0,1.0,1.0,1.0,1.0,1.0,1.0,1.0,1.0
277.75,4.0,16.590948860888496,15.962698324435665,15.620636857345849,17.324627475684004,18.002806913946255,18.288853562452744,19.287897436886762,18.38768139660636,18.7263441434688,19.36323487497513,1.0,1.0,1.0,1.0,1.0,1.0,1.0,1.0,1.0,1.0
278.0,1.0,18.726146725697646,19.384125972989846,16.69946358143021,15.303162458000353,13.089502865135936,12.876625656730084,11.1943269739688,12.648587792131053,12.673580688151194,13.274991058841549,1.0,1.0,1.0,1.0,1.0,1.0,1.0,1.0,1.0,1.0
278.25,2.0,14.570402953055947,15.405159113031806,13.528913306104439,13.540299045747423,12.742562664901087,12.981441308575677,12.838444816842193,12.566683346642893,12.878863308153457,11.346395593525816,1.0,1.0,1.0,1.0,1.0,1.0,1.0,1.0,1.0,1.0
278.5,3.0,0.0,0.0,0.0,0.0,0.0,0.0,0.0,0.0,0.0,0.0,0.0,0.0,0.0,0.0,0.0,0.0,0.0,0.0,0.0,0.0
278.75,4.0,16.13929564642423,15.35003594345212,15.365942753296974,16.613840884901897,17.911409150387634,18.232811024381583,18.71499312874106,18.223704840287752,19.608915410676182,19.994892623844716,1.0,1.0,1.0,1.0,1.0,1.0,1.0,1.0,1.0,1.0
279.0,1.0,18.281382443858686,18.067397307031495,17.059626187806117,15.020512010631437,12.535799697171797,12.83860927003911,11.61998673997606,13.886484889479792,14.121461043403215,14.762135928885574,1.0,1.0,1.0,1.0,1.0,1.0,1.0,1.0,1.0,1.0
279.25,2.0,0.0,0.0,0.0,0.0,0.0,0.0,0.0,0.0,0.0,0.0,0.0,0.0,0.0,0.0,0.0,0.0,0.0,0.0,0.0,0.0
279.5,3.0,16.76516239110763,15.332153878817062,13.86460961703734,12.754240451529371,13.55645256518729,13.187736427587552,13.138890249236788,12.982511768657496,12.838113911628971,12.696184351162465,1.0,1.0,1.0,1.0,1.0,1.0,1.0,1.0,1.0,1.0
279.75,4.0,16.251123015416113,14.713087453815016,14.478781435522274,16.475137141758147,17.944146884230396,19.046717534270428,20.078148352367265,19.593059751846862,20.32489591611956,19.968616595322175,1.0,1.0,1.0,1.0,1.0,1.0,1.0,1.0,1.0,1.0
280.0,1.0,0.0,0.0,0.0,0.0,0.0,0.0,0.0,0.0,0.0,0.0,0.0,0.0,0.0,0.0,0.0,0.0,0.0,0.0,0.0,0.0
280.25,2.0,14.745166145210764,15.250067912558169,14.011125820307539,14.000949359892287,13.599932131179617,12.856413854872624,13.294038811664768,13.400377725902365,12.394554393495547,11.515499226437736,1.0,1.0,1.0,1.0,1.0,1.0,1.0,1.0,1.0,1.0
280.5,3.0,16.640219659699724,14.781177941143214,13.650389144792332,12.015544880289216,12.964285849309215,13.084660695896785,13.349544294148446,13.15667483569879,13.910267443233623,13.209533139740913,1.0,1.0,1.0,1.0,1.0,1.0,1.0,1.0,1.0,1.0
280.75,4.0,0.0,0.0,0.0,0.0,0.0,0.0,0.0,0.0,0.0,0.0,0.0,0.0,0.0,0.0,0.0,0.0,0.0,0.0,0.0,0.0
281.0,1.0,15.833560520577652,15.772121381770269,14.913928138566272,13.978533382977814,12.089992793472058,12.823631012133216,12.957865852209007,15.416878130737672,15.99407807123184,16.602506627820578,1.0,1.0,1.0,1.0,1.0,1.0,1.0,1.0,1.0,1.0
281.25,2.0,14.459863615755228,14.891894050166938,14.400903283625532,14.30938462375079,13.771795625640245,13.032728744682617,13.220323439214404,12.485523530340187,12.33330960330716,11.049876703912538,1.0,1.0,1.0,1.0,1.0,1.0,1.0,1.0,1.0,1.0
281.5,3.0,0.0,0.0,0.0,0.0,0.0,0.0,0.0,0.0,0.0,0.0,0.0,0.0,0.0,0.0,0.0,0.0,0.0,0.0,0.0,0.0
281.75,4.0,15.290788742110935,15.15640149448442,15.250799724072428,16.275254125376982,17.045140711398,18.213397323368135,18.36731845840502,18.787423479405245,18.406054127760246,18.24407167252029,1.0,1.0,1.0,1.0,1.0,1.0,1.0,1.0,1.0,1.0
282.0,1.0,16.279713461485763,16.327584298615847,15.248161471499525,13.940556923635503,12.064273246116045,12.777035912800862,13.451597061626606,15.401170481560138,16.227806815911705,16.695543364724198,1.0,1.0,1.0,1.0,1.0,1.0,1.0,1.0,1.0,1.0
282.25,2.0,0.0,0.0,0.0,0.0,0.0,0.0,0.0,0.0,0.0,0.0,0.0,0.0,0.0,0.0,0.0,0.0,0.0,0.0,0.0,0.0
282.5,3.0,15.39293852828916,14.337006708723441,12.932051128998816,12.751880299173969,14.22828954440859,14.456515729067036,14.591641794717736,13.849270118891388,12.61207232909989,12.675871182778177,1.0,1.0,1.0,1.0,1.0,1.0,1.0,1.0,1.0,1.0
282.75,4.0,15.588375728101319,15.896877136907118,14.911268925040186,16.73644096851587,17.734444677700132,18.383677741761613,19.127448661451925,18.97565645830921,19.340785335690885,18.772620009166264,1.0,1.0,1.0,1.0,1.0,1.0,1.0,1.0,1.0,1.0
283.0,1.0,16.266802191907594,15.901921778813332,15.512324875554414,14.300362764440754,12.813272469941978,13.358207174427415,14.635581368240237,16.20483813963508,16.420665082697887,16.295443856039526,1.0,1.0,1.0,1.0,1.0,1.0,1.0,1.0,1.0,1.0
283.25,2.0,15.131035875763624,15.669023624764561,13.691401348961099,12.07648634258041,12.217057604289282,11.257463437833362,11.186648567600308,11.688711077931552,11.9522969028976,12.49152535856384,1.0,1.0,1.0,1.0,1.0,1.0,1.0,1.0,1.0,1.0
283.5,3.0,0.0,0.0,0.0,0.0,0.0,0.0,0.0,0.0,0.0,0.0,0.0,0.0,0.0,0.0,0.0,0.0,0.0,0.0,0.0,0.0
283.75,4.0,0.0,0.0,0.0,0.0,0.0,0.0,0.0,0.0,0.0,0.0,0.0,0.0,0.0,0.0,0.0,0.0,0.0,0.0,0.0,0.0
284.0,1.0,15.65618879477171,15.438410945434716,14.627013316187268,13.616072888317179,13.846818664824688,14.043834540698395,15.174745022804156,16.222295794433805,16.256775822374948,15.784925176911214,1.0,1.0,1.0,1.0,1.0,1.0,1.0,1.0,1.0,1.0
284.25,2.0,14.653031466450933,15.389100822319593,12.664377643787086,12.339351275491584,12.02921738765272,12.250802268202765,12.508940867492884,12.721596915786549,13.037364179579203,13.281474516437683,1.0,1.0,1.0,1.0,1.0,1.0,1.0,1.0,1.0,1.0
284.5,3.0,12.847688807378283,10.869186744022953,11.714553973019537,12.341235729906813,12.90834110601903,12.052755157020915,11.232413738306779,11.916516563763576,11.229806798576034,11.781997847224517,1.0,1.0,1.0,1.0,1.0,1.0,1.0,1.0,1.0,1.0
284.75,4.0,15.095106149176601,13.35582544473061,14.250676158332539,16.016937380159032,18.09332037984604,17.550150447571966,18.849202616771425,17.564404994211774,18.18668126391307,18.65252078170914,1.0,1.0,1.0,1.0,1.0,1.0,1.0,1.0,1.0,1.0
285.0,1.0,14.484460483343353,13.70122594441165,13.337381845027974,12.643145578790758,14.03098141739174,14.500512330312258,16.178943481172297,15.993892345345825,16.738138162720855,16.37426248065563,1.0,1.0,1.0,1.0,1.0,1.0,1.0,1.0,1.0,1.0
285.25,2.0,0.0,0.0,0.0,0.0,0.0,0.0,0.0,0.0,0.0,0.0,0.0,0.0,0.0,0.0,0.0,0.0,0.0,0.0,0.0,0.0
285.5,3.0,12.06606254258418,10.474872567378835,12.077312202336422,12.22385023899412,11.273781141529254,10.424570559139445,9.678271960393193,10.316016272265333,11.947057404178992,11.880270628076254,1.0,1.0,1.0,1.0,1.0,1.0,1.0,1.0,1.0,1.0
285.75,4.0,13.564423810576882,12.699395995247565,14.212217720812422,17.999154100107496,19.01058660072917,17.65186915205665,17.958857523308264,17.827205761575065,19.12708260827127,19.633169099822847,1.0,1.0,1.0,1.0,1.0,1.0,1.0,1.0,1.0,1.0
286.0,1.0,14.1275714392835,12.718074003593157,12.869103911183057,13.382180673425443,14.512827373806857,14.86670035840158,16.364710805009263,16.80205419709705,16.74050342326564,15.66512856295762,1.0,1.0,1.0,1.0,1.0,1.0,1.0,1.0,1.0,1.0
286.25,2.0,11.510519310664733,13.702747940038478,12.56495279322535,12.967484516951284,12.830059520146603,12.776518712041248,12.595288815785459,13.636345584516878,13.908241345604091,15.076149843536074,1.0,1.0,1.0,1.0,1.0,1.0,1.0,1.0,1.0,1.0
286.5,3.0,0.0,0.0,0.0,0.0,0.0,0.0,0.0,0.0,0.0,0.0,0.0,0.0,0.0,0.0,0.0,0.0,0.0,0.0,0.0,0.0
286.75,4.0,11.735080174405322,11.859134170410586,14.689380776475277,18.527019454138305,20.20673206544686,19.527298736440475,19.83829536853366,18.84337166447314,19.50512785431099,20.595157266301445,1.0,1.0,1.0,1.0,1.0,1.0,1.0,1.0,1.0,1.0
287.0,1.0,13.842440008755629,12.274864404327458,13.264235503685354,14.186676588015821,14.648201709126761,15.421630641630015,16.50990928043785,15.819725804019793,16.190479155692824,14.908566377852619,1.0,1.0,1.0,1.0,1.0,1.0,1.0,1.0,1.0,1.0
287.25,2.0,0.0,0.0,0.0,0.0,0.0,0.0,0.0,0.0,0.0,0.0,0.0,0.0,0.0,0.0,0.0,0.0,0.0,0.0,0.0,0.0
287.5,3.0,12.358949152729558,11.342888753543706,13.776410859725438,13.003080141652845,11.51451605186123,11.008614060117408,11.429531082698167,10.776574183414112,11.654739765701603,10.771646642635535,1.0,1.0,1.0,1.0,1.0,1.0,1.0,1.0,1.0,1.0
287.75,4.0,10.363781388087519,12.833878784752459,15.555331110539077,18.884679881637894,21.644608767450833,19.502347397238573,19.52367190174806,19.473812301267095,20.823172165940996,20.94359386237694,1.0,1.0,1.0,1.0,1.0,1.0,1.0,1.0,1.0,1.0
288.0,1.0,0.0,0.0,0.0,0.0,0.0,0.0,0.0,0.0,0.0,0.0,0.0,0.0,0.0,0.0,0.0,0.0,0.0,0.0,0.0,0.0
288.25,2.0,12.161356806374176,14.065626876651251,13.081256197935428,13.89555140551755,13.94643379613305,14.234065591081817,13.616834254887937,13.00387925807177,12.820861921565395,13.689335162472021,1.0,1.0,1.0,1.0,1.0,1.0,1.0,1.0,1.0,1.0
288.5,3.0,12.281204687971307,11.284798816463343,13.294377647148538,11.76561765733176,11.56091343284535,11.263215521783213,11.631057845092371,10.378859299005361,10.382506233360104,9.194178371918952,1.0,1.0,1.0,1.0,1.0,1.0,1.0,1.0,1.0,1.0
288.75,4.0,0.0,0.0,0.0,0.0,0.0,0.0,0.0,0.0,0.0,0.0,0.0,0.0,0.0,0.0,0.0,0.0,0.0,0.0,0.0,0.0
289.0,1.0,13.975932775783306,15.125526580913315,15.326801511686625,15.09814471571302,16.96333559513967,17.082989700446788,16.42185987230114,15.088721054764717,14.17064845629953,13.231173989056296,1.0,1.0,1.0,1.0,1.0,1.0,1.0,1.0,1.0,1.0
289.25,2.0,12.13038672957292,15.086978021502627,15.003346857243985,14.881931103011478,13.858536593077293,12.90070192026889,11.536867254387992,11.283700744976851,11.773219780918298,12.584845747024591,1.0,1.0,1.0,1.0,1.0,1.0,1.0,1.0,1.0,1.0
289.5,3.0,0.0,0.0,0.0,0.0,0.0,0.0,0.0,0.0,0.0,0.0,0.0,0.0,0.0,0.0,0.0,0.0,0.0,0.0,0.0,0.0
289.75,4.0,11.70400352987084,15.58912822506832,17.40482792358178,18.782068840397528,20.14871594150417,19.901700608478194,19.493150031966387,18.85570735611132,18.44165566967252,17.595102917914556,1.0,1.0,1.0,1.0,1.0,1.0,1.0,1.0,1.0,1.0
290.0,1.0,14.343656275135547,15.091194993749507,15.411024497606077,15.94905247547663,17.716751732706815,17.52804455139251,15.958430066870134,14.86520359361708,14.015872139986069,13.581709797703725,1.0,1.0,1.0,1.0,1.0,1.0,1.0,1.0,1.0,1.0
290.25,2.0,0.0,0.0,0.0,0.0,0.0,0.0,0.0,0.0,0.0,0.0,0.0,0.0,0.0,0.0,0.0,0.0,0.0,0.0,0.0,0.0
290.5,3.0,12.678251079098436,11.475199017847414,12.953451094271001,10.551010383288954,10.29739009116466,9.7241241913903,10.058487046493012,9.876286124353774,10.321755639790764,9.58910717831852,1.0,1.0,1.0,1.0,1.0,1.0,1.0,1.0,1.0,1.0
290.75,4.0,13.470641168316169,16.7961734466274,17.81715116808433,18.858673511521868,19.113485919959754,19.312516101652623,18.68983834808603,18.05746757744132,17.874889939141376,17.42433875150054,1.0,1.0,1.0,1.0,1.0,1.0,1.0,1.0,1.0,1.0
291.0,1.0,15.31318555931381,15.218677010273248,16.311736230965728,17.350403803814192,17.378018420423935,17.545394750777536,15.514063020175877,14.847476526586851,14.11276641129798,13.588020960833575,1.0,1.0,1.0,1.0,1.0,1.0,1.0,1.0,1.0,1.0
291.25,2.0,13.771083643456373,14.720324305971172,15.28385241659045,13.914908057944471,12.7927209287611,13.210833681806603,13.052733904718007,13.27857609902633,13.333816564805252,14.459204035909872,1.0,1.0,1.0,1.0,1.0,1.0,1.0,1.0,1.0,1.0
291.5,3.0,0.0,0.0,0.0,0.0,0.0,0.0,0.0,0.0,0.0,0.0,0.0,0.0,0.0,0.0,0.0,0.0,0.0,0.0,0.0,0.0
291.75,4.0,14.387325295547704,16.08910331541901,17.795746375050395,17.814834457379234,18.192563765458726,17.537514091857883,17.311539726466822,17.93875472279989,18.341874570668967,17.751011692977197,1.0,1.0,1.0,1.0,1.0,1.0,1.0,1.0,1.0,1.0
292.0,1.0,16.300996758393904,13.549969032541375,16.034448659589827,16.871074632623714,16.7371456591625,16.021246138315615,14.435583703975539,13.204436887062041,12.903235038844667,12.796527598712782,1.0,1.0,1.0,1.0,1.0,1.0,1.0,1.0,1.0,1.0
292.25,2.0,13.759861147226903,15.521370901977246,14.539228896238617,13.811487146652293,14.230979182266912,15.008659515087123,15.254998451727488,14.43672162199971,14.60332450382233,15.218797384565878,1.0,1.0,1.0,1.0,1.0,1.0,1.0,1.0,1.0,1.0
292.5,3.0,12.285989856595803,11.393096565927989,12.950495585525266,12.904014225757296,11.877065336283243,12.340399980450897,12.351951228111107,11.339953244878137,12.016869552360308,10.309679231139267,1.0,1.0,1.0,1.0,1.0,1.0,1.0,1.0,1.0,1.0
292.75,4.0,14.623889911100987,16.22393594191039,16.696994082034198,16.71493122655899,17.378297637464197,17.94937957896944,18.7072383512432,18.7147913023968,18.760369452716724,18.62553221825172,1.0,1.0,1.0,1.0,1.0,1.0,1.0,1.0,1.0,1.0
293.0,1.0,0.0,0.0,0.0,0.0,0.0,0.0,0.0,0.0,0.0,0.0,0.0,0.0,0.0,0.0,0.0,0.0,0.0,0.0,0.0,0.0
293.25,2.0,0.0,0.0,0.0,0.0,0.0,0.0,0.0,0.0,0.0,0.0,0.0,0.0,0.0,0.0,0.0,0.0,0.0,0.0,0.0,0.0
293.5,3.0,11.295407161583254,12.423474960726033,13.03089065068981,12.332589101162199,11.52478106692667,12.290588017956368,12.275407001300636,11.701675754115131,11.950867074576058,10.182373413990366,1.0,1.0,1.0,1.0,1.0,1.0,1.0,1.0,1.0,1.0
293.75,4.0,0.0,0.0,0.0,0.0,0.0,0.0,0.0,0.0,0.0,0.0,0.0,0.0,0.0,0.0,0.0,0.0,0.0,0.0,0.0,0.0
294.0,1.0,14.815683650873302,13.341144248092263,15.574887166124089,15.982027473097633,17.309947768698102,16.61743284683372,16.870006518521713,16.085600416530504,16.780923323102023,16.39112397418669,1.0,1.0,1.0,1.0,1.0,1.0,1.0,1.0,1.0,1.0
294.25,2.0,15.011232413372474,15.579610411155235,16.059084628811416,15.370800425843308,16.173021119773693,15.326622637832793,15.005267764086149,14.836032977367042,15.599423048226829,16.084164587497757,1.0,1.0,1.0,1.0,1.0,1.0,1.0,1.0,1.0,1.0
294.5,3.0,0.0,0.0,0.0,0.0,0.0,0.0,0.0,0.0,0.0,0.0,0.0,0.0,0.0,0.0,0.0,0.0,0.0,0.0,0.0,0.0
294.75,4.0,15.070724818408983,15.55882705233294,16.144785898985127,17.14928147534361,17.930458432673415,18.0060209682993,18.159446046950876,18.600573445170028,18.455048211187496,18.565994935008817,1.0,1.0,1.0,1.0,1.0,1.0,1.0,1.0,1.0,1.0
295.0,1.0,15.674770698029766,14.605137094867729,15.528412234626577,16.33751881398071,17.535822855580907,16.43331823424235,17.55904749316695,16.662436409411598,16.7861380332483,16.291153083063506,1.0,1.0,1.0,1.0,1.0,1.0,1.0,1.0,1.0,1.0
295.25,2.0,0.0,0.0,0.0,0.0,0.0,0.0,0.0,0.0,0.0,0.0,0.0,0.0,0.0,0.0,0.0,0.0,0.0,0.0,0.0,0.0
295.5,3.0,13.843693659847988,14.040297974175997,14.080166718720973,13.784409591875542,13.180197151398051,12.53767704415212,12.74837406419001,12.105987573198332,12.154490841101929,11.731680268092394,1.0,1.0,1.0,1.0,1.0,1.0,1.0,1.0,1.0,1.0
295.75,4.0,15.135808772960882,16.653567059123077,16.14084825936429,17.306161638824587,18.06199643323289,18.07657274613857,18.464170268668806,18.65456472250878,17.849053447614022,17.984376374043585,1.0,1.0,1.0,1.0,1.0,1.0,1.0,1.0,1.0,1.0
296.0,1.0,0.0,0.0,0.0,0.0,0.0,0.0,0.0,0.0,0.0,0.0,0.0,0.0,0.0,0.0,0.0,0.0,0.0,0.0,0.0,0.0
296.25,2.0,17.12500819740966,16.607082555268427,15.807916276350788,16.01397869963979,15.989999543025798,16.098182423970048,15.824594043265503,14.364433528582328,14.726578003851502,15.272732598387206,1.0,1.0,1.0,1.0,1.0,1.0,1.0,1.0,1.0,1.0
296.5,3.0,0.0,0.0,0.0,0.0,0.0,0.0,0.0,0.0,0.0,0.0,0.0,0.0,0.0,0.0,0.0,0.0,0.0,0.0,0.0,0.0
296.75,4.0,0.0,0.0,0.0,0.0,0.0,0.0,0.0,0.0,0.0,0.0,0.0,0.0,0.0,0.0,0.0,0.0,0.0,0.0,0.0,0.0
297.0,1.0,16.99165733127178,15.249568681293882,16.42942254933279,17.322631739516606,17.788539560967376,17.56945683107736,19.040801990170895,17.800752999091454,18.550873434411834,18.421024616449944,1.0,1.0,1.0,1.0,1.0,1.0,1.0,1.0,1.0,1.0
297.25,2.0,15.106633895926173,16.118571691275307,16.682432788963578,17.008811022287198,16.420756692652933,16.33937154835381,15.5843047382126,14.48361986547456,14.774975411794703,15.1563128411664,1.0,1.0,1.0,1.0,1.0,1.0,1.0,1.0,1.0,1.0
297.5,3.0,0.0,0.0,0.0,0.0,0.0,0.0,0.0,0.0,0.0,0.0,0.0,0.0,0.0,0.0,0.0,0.0,0.0,0.0,0.0,0.0
297.75,4.0,15.462149703280721,17.629846453094093,16.92536989017062,17.357155330460273,18.27959508203604,17.721353292738414,17.07873908559551,17.109946280297528,16.719008087970906,16.910370051463786,1.0,1.0,1.0,1.0,1.0,1.0,1.0,1.0,1.0,1.0
298.0,1.0,17.294938834123304,15.437182249223007,17.107884467461762,18.34531050045446,18.968490865158415,17.87864818535108,19.274417521987388,18.364488466026778,18.850168379786048,17.92020441478026,1.0,1.0,1.0,1.0,1.0,1.0,1.0,1.0,1.0,1.0
298.25,2.0,0.0,0.0,0.0,0.0,0.0,0.0,0.0,0.0,0.0,0.0,0.0,0.0,0.0,0.0,0.0,0.0,0.0,0.0,0.0,0.0
298.5,3.0,15.898405329623635,14.44252736213293,14.861357566763724,14.61037329770232,13.335820883998323,12.44457175102958,11.134733442968255,11.45004400023824,11.21449467523215,11.32537622388642,1.0,1.0,1.0,1.0,1.0,1.0,1.0,1.0,1.0,1.0
298.75,4.0,17.120299601928632,18.29621518686077,17.953126428308586,18.929301044368422,18.57251368198302,18.476082070968936,17.68830744679486,17.337735983490244,17.370539240162067,17.56128823539094,1.0,1.0,1.0,1.0,1.0,1.0,1.0,1.0,1.0,1.0
299.0,1.0,18.687091890905304,17.039048313944537,18.343976030272536,18.512522761842643,18.396851837410114,18.500214896212427,19.862241130674207,18.29028455043741,18.662783945932997,18.772548698386874,1.0,1.0,1.0,1.0,1.0,1.0,1.0,1.0,1.0,1.0
299.25,2.0,16.996120930638835,18.861642024790743,17.416889888875637,15.682525269703788,15.809065372984938,14.915726219093042,14.763733139580992,13.88487159116175,13.966331031558708,14.343027016000919,1.0,1.0,1.0,1.0,1.0,1.0,1.0,1.0,1.0,1.0
299.5,3.0,0.0,0.0,0.0,0.0,0.0,0.0,0.0,0.0,0.0,0.0,0.0,0.0,0.0,0.0,0.0,0.0,0.0,0.0,0.0,0.0
299.75,4.0,17.820384140995575,19.403064114418225,18.62813808909748,18.721838816395046,19.176239320166374,18.724754018331783,17.991169503733722,17.911199015702696,17.82578789621375,18.11238731300807,1.0,1.0,1.0,1.0,1.0,1.0,1.0,1.0,1.0,1.0
300.0,1.0,18.146868901850407,17.04206692245273,18.0230210355322,17.717179455303146,19.356869496659815,19.002798548307712,20.014153904757165,19.44253617058371,19.282456385470457,19.078586323695905,1.0,1.0,1.0,1.0,1.0,1.0,1.0,1.0,1.0,1.0
300.25,2.0,19.006222762934417,19.48871122279966,17.110768385507516,15.406644608705955,14.793942656138038,13.478578661935508,12.928481283789937,13.529029217213282,13.628493949963625,14.382101912864758,1.0,1.0,1.0,1.0,1.0,1.0,1.0,1.0,1.0,1.0
300.5,3.0,16.731758207324905,15.630607700953012,16.44625459013771,14.275747344798472,12.03830753494084,11.607664283461535,10.289647573309367,11.37115879300263,10.679409911840176,10.080651514627585,1.0,1.0,1.0,1.0,1.0,1.0,1.0,1.0,1.0,1.0
300.75,4.0,18.094681053575368,19.563034375831638,16.57838154489004,17.733058769257738,19.687398946079586,18.964284793374897,18.981501490964337,19.115636242628952,19.336600853240377,18.260233839881543,1.0,1.0,1.0,1.0,1.0,1.0,1.0,1.0,1.0,1.0
301.0,1.0,0.0,0.0,0.0,0.0,0.0,0.0,0.0,0.0,0.0,0.0,0.0,0.0,0.0,0.0,0.0,0.0,0.0,0.0,0.0,0.0
301.25,2.0,0.0,0.0,0.0,0.0,0.0,0.0,0.0,0.0,0.0,0.0,0.0,0.0,0.0,0.0,0.0,0.0,0.0,0.0,0.0,0.0
301.5,3.0,17.12253605003362,17.252147386690172,16.38712517435346,14.505495200660336,10.974434766317867,10.997455099481797,10.429460989914714,10.62317631531263,9.818881593214574,9.234655620810456,1.0,1.0,1.0,1.0,1.0,1.0,1.0,1.0,1.0,1.0
301.75,4.0,0.0,0.0,0.0,0.0,0.0,0.0,0.0,0.0,0.0,0.0,0.0,0.0,0.0,0.0,0.0,0.0,0.0,0.0,0.0,0.0
302.0,1.0,17.712621710669787,18.36934945053958,18.188575676229277,18.569568428771515,19.962116925269864,19.017380700827353,18.790232750491672,19.233720425061822,21.164201379239717,19.672388716239837,1.0,1.0,1.0,1.0,1.0,1.0,1.0,1.0,1.0,1.0
302.25,2.0,18.84893142996846,17.601874001012945,14.163153561066233,14.586799375095138,13.339110112763539,12.876963268458509,13.560525995650064,13.707125033422631,14.039719222694165,14.3768038637783,1.0,1.0,1.0,1.0,1.0,1.0,1.0,1.0,1.0,1.0
302.5,3.0,0.0,0.0,0.0,0.0,0.0,0.0,0.0,0.0,0.0,0.0,0.0,0.0,0.0,0.0,0.0,0.0,0.0,0.0,0.0,0.0
302.75,4.0,18.528639757598143,19.648325342187743,17.00828403055041,17.490782752786068,18.716282021563302,18.127865771636824,18.550629190187202,18.83710894430756,18.899683019348902,18.297041949362672,1.0,1.0,1.0,1.0,1.0,1.0,1.0,1.0,1.0,1.0
303.0,1.0,18.258558687963646,19.536117122806786,19.111587206403108,18.65816552806822,20.006245397540987,19.177599387775597,19.49390307873143,19.744851260936183,21.213243793405766,20.418894223230495,1.0,1.0,1.0,1.0,1.0,1.0,1.0,1.0,1.0,1.0
303.25,2.0,0.0,0.0,0.0,0.0,0.0,0.0,0.0,0.0,0.0,0.0,0.0,0.0,0.0,0.0,0.0,0.0,0.0,0.0,0.0,0.0
303.5,3.0,17.75541525068435,16.589567918348838,15.778849805193884,13.67273985532751,10.612762252491317,10.517364590401844,10.936039353799464,11.166969990395996,11.583981345948168,11.500475644096964,1.0,1.0,1.0,1.0,1.0,1.0,1.0,1.0,1.0,1.0
303.75,4.0,18.548379912794246,19.592522359586603,18.749495023478154,18.643086509597445,17.77188137613775,17.955930349249186,18.42122135030334,17.98064680983638,18.133415923060447,17.817248720218892,1.0,1.0,1.0,1.0,1.0,1.0,1.0,1.0,1.0,1.0
304.0,1.0,0.0,0.0,0.0,0.0,0.0,0.0,0.0,0.0,0.0,0.0,0.0,0.0,0.0,0.0,0.0,0.0,0.0,0.0,0.0,0.0
304.25,2.0,17.281217736945287,16.21766439062722,13.681086956686187,14.135518474292773,15.11618183177958,14.897203717901847,15.2434762764633,14.253885324395094,13.898519260975052,15.048894894337938,1.0,1.0,1.0,1.0,1.0,1.0,1.0,1.0,1.0,1.0
304.5,3.0,0.0,0.0,0.0,0.0,0.0,0.0,0.0,0.0,0.0,0.0,0.0,0.0,0.0,0.0,0.0,0.0,0.0,0.0,0.0,0.0
304.75,4.0,0.0,0.0,0.0,0.0,0.0,0.0,0.0,0.0,0.0,0.0,0.0,0.0,0.0,0.0,0.0,0.0,0.0,0.0,0.0,0.0
305.0,1.0,18.336236923311827,20.000120388609787,18.017026552737317,18.651784093810083,19.939675630947512,18.87787332102836,19.850272348163635,19.762613493365272,20.05648880217475,20.70769823038598,1.0,1.0,1.0,1.0,1.0,1.0,1.0,1.0,1.0,1.0
305.25,2.0,16.668360350289554,16.817573940228886,14.626783884411168,15.043573172474714,15.620630894249247,15.559784043881505,15.528938560761103,15.045765264851594,14.620255686757922,14.987524290968565,1.0,1.0,1.0,1.0,1.0,1.0,1.0,1.0,1.0,1.0
305.5,3.0,0.0,0.0,0.0,0.0,0.0,0.0,0.0,0.0,0.0,0.0,0.0,0.0,0.0,0.0,0.0,0.0,0.0,0.0,0.0,0.0
305.75,4.0,18.50716245556075,19.418812700012147,18.244763336778192,19.37702686860923,17.61109514446262,19.258259675676797,19.87106091459937,18.69335907582199,19.85265361192459,19.72533145319583,1.0,1.0,1.0,1.0,1.0,1.0,1.0,1.0,1.0,1.0
306.0,1.0,19.276240435982864,18.84779190451015,17.306620823865963,17.991038696913186,19.84240403218173,19.57896604813872,20.524985353388733,20.438667020010154,21.347035512125487,21.442628586965743,1.0,1.0,1.0,1.0,1.0,1.0,1.0,1.0,1.0,1.0
306.25,2.0,0.0,0.0,0.0,0.0,0.0,0.0,0.0,0.0,0.0,0.0,0.0,0.0,0.0,0.0,0.0,0.0,0.0,0.0,0.0,0.0
306.5,3.0,16.575230951992918,16.74503324450134,16.222221439611367,13.58486943368862,11.455232732533002,11.871246573232915,12.225112081115745,12.955038747460305,13.154837366251824,13.16738730969132,1.0,1.0,1.0,1.0,1.0,1.0,1.0,1.0,1.0,1.0
306.75,4.0,18.385352682687312,18.62385540639186,18.845327134966784,19.476104844332593,18.743072919176306,19.534436747850272,20.155788755847304,19.830988512512985,20.709934898571497,20.383500791936367,1.0,1.0,1.0,1.0,1.0,1.0,1.0,1.0,1.0,1.0
307.0,1.0,18.50333070806041,18.100397190276922,17.420842830758524,18.927219348300955,19.699569674384716,20.407602500460605,20.48418221649842,20.66027446927355,21.220249801553003,21.107276571435634,1.0,1.0,1.0,1.0,1.0,1.0,1.0,1.0,1.0,1.0
307.25,2.0,17.184282953981796,17.213671909160894,15.109396298250694,15.610045293419214,15.766892290045352,16.35990792545681,16.95859016885547,15.733182984021521,16.171837165855447,15.65188316985387,1.0,1.0,1.0,1.0,1.0,1.0,1.0,1.0,1.0,1.0
307.5,3.0,0.0,0.0,0.0,0.0,0.0,0.0,0.0,0.0,0.0,0.0,0.0,0.0,0.0,0.0,0.0,0.0,0.0,0.0,0.0,0.0
307.75,4.0,18.57943632286686,18.88641756962194,17.841758991317104,19.39839760327664,18.378687914659277,18.740334711709565,19.34556496547557,19.680163552489752,19.603780023168234,19.247885904891902,1.0,1.0,1.0,1.0,1.0,1.0,1.0,1.0,1.0,1.0
308.0,1.0,18.72572838533264,18.70172744809818,18.676469957077973,19.07409632926408,20.430146106842056,19.993823193645376,20.78586171228759,20.902777722319893,21.25351813174445,20.8497851993975,1.0,1.0,1.0,1.0,1.0,1.0,1.0,1.0,1.0,1.0
308.25,2.0,0.0,0.0,0.0,0.0,0.0,0.0,0.0,0.0,0.0,0.0,0.0,0.0,0.0,0.0,0.0,0.0,0.0,0.0,0.0,0.0
308.5,3.0,16.12480406279466,17.164354940927055,14.788963160639804,12.301696783630604,13.718872706871204,15.068477672841764,15.745582601821804,15.20742654701206,14.745879004340509,14.535706140689442,1.0,1.0,1.0,1.0,1.0,1.0,1.0,1.0,1.0,1.0
308.75,4.0,18.505202482037795,19.14083112635319,18.664376659160027,20.291536287032947,18.089130303036104,18.470901556974013,18.749401011175294,18.680556444323962,18.65429938045678,18.478672434505974,1.0,1.0,1.0,1.0,1.0,1.0,1.0,1.0,1.0,1.0
309.0,1.0,0.0,0.0,0.0,0.0,0.0,0.0,0.0,0.0,0.0,0.0,0.0,0.0,0.0,0.0,0.0,0.0,0.0,0.0,0.0,0.0
309.25,2.0,0.0,0.0,0.0,0.0,0.0,0.0,0.0,0.0,0.0,0.0,0.0,0.0,0.0,0.0,0.0,0.0,0.0,0.0,0.0,0.0
309.5,3.0,16.88124174937187,17.25915492519595,15.338380269880696,13.491384809324614,15.464688710405278,15.416639825581468,15.329853993944806,14.89051954573402,14.51525244963592,14.103692742044343,1.0,1.0,1.0,1.0,1.0,1.0,1.0,1.0,1.0,1.0
309.75,4.0,0.0,0.0,0.0,0.0,0.0,0.0,0.0,0.0,0.0,0.0,0.0,0.0,0.0,0.0,0.0,0.0,0.0,0.0,0.0,0.0
310.0,1.0,18.866090325089207,19.1187027198555,19.227154629457445,19.65744608228625,20.2131284865122,19.356779546034367,18.430327932123863,17.060445133781954,18.09581906803586,17.748627602619692,1.0,1.0,1.0,1.0,1.0,1.0,1.0,1.0,1.0,1.0
310.25,2.0,15.443927756535025,16.68779855249979,14.21144795873812,15.856790932158523,15.033482663738077,14.697799094364882,14.613913252041677,14.265553658014696,14.748546769642896,15.340041793574004,1.0,1.0,1.0,1.0,1.0,1.0,1.0,1.0,1.0,1.0
310.5,3.0,0.0,0.0,0.0,0.0,0.0,0.0,0.0,0.0,0.0,0.0,0.0,0.0,0.0,0.0,0.0,0.0,0.0,0.0,0.0,0.0
310.75,4.0,18.001299157642837,18.667354004856737,18.75247959690484,20.875566575230568,19.738739881648467,19.316402189399728,19.502032067998588,18.481224795692633,18.828000607277524,18.586504846325287,1.0,1.0,1.0,1.0,1.0,1.0,1.0,1.0,1.0,1.0
311.0,1.0,19.00726658385417,20.011301363031738,20.092702188973146,19.107606311274605,18.7514637809578,17.332613235557513,17.403714711348936,16.58369914269883,16.548478041141028,16.22929241328324,1.0,1.0,1.0,1.0,1.0,1.0,1.0,1.0,1.0,1.0
311.25,2.0,0.0,0.0,0.0,0.0,0.0,0.0,0.0,0.0,0.0,0.0,0.0,0.0,0.0,0.0,0.0,0.0,0.0,0.0,0.0,0.0
311.5,3.0,16.815630001552467,15.856065868417508,15.838171649704865,16.804259852198232,16.85428885789263,16.883939086038872,16.17735957913788,15.584906398506245,15.394261379297372,15.15271162993367,1.0,1.0,1.0,1.0,1.0,1.0,1.0,1.0,1.0,1.0
311.75,4.0,18.623057966776887,18.514198438769537,18.697193841295732,19.310067429225022,18.66240027936484,19.045313987525564,19.431849494762808,18.866927811927162,19.663775106000625,19.13983391142595,1.0,1.0,1.0,1.0,1.0,1.0,1.0,1.0,1.0,1.0
312.0,1.0,0.0,0.0,0.0,0.0,0.0,0.0,0.0,0.0,0.0,0.0,0.0,0.0,0.0,0.0,0.0,0.0,0.0,0.0,0.0,0.0
312.25,2.0,13.799234774909154,14.251591561554015,13.890806329959638,14.235956252194367,14.595540721429865,14.516525743576244,16.03031665779947,15.851690741549048,16.131172819509075,16.02165674189727,1.0,1.0,1.0,1.0,1.0,1.0,1.0,1.0,1.0,1.0
312.5,3.0,0.0,0.0,0.0,0.0,0.0,0.0,0.0,0.0,0.0,0.0,0.0,0.0,0.0,0.0,0.0,0.0,0.0,0.0,0.0,0.0
312.75,4.0,0.0,0.0,0.0,0.0,0.0,0.0,0.0,0.0,0.0,0.0,0.0,0.0,0.0,0.0,0.0,0.0,0.0,0.0,0.0,0.0
313.0,1.0,20.167967831566,20.610837119438024,19.394550078763945,19.215464536780065,18.137560654003618,17.86090233476528,17.695646976528007,17.32669546571332,17.595127866187646,17.14629023550546,1.0,1.0,1.0,1.0,1.0,1.0,1.0,1.0,1.0,1.0
313.25,2.0,14.826208962312702,14.138039237775791,13.555244786534196,14.151839438458335,14.358164266359195,15.438312437071925,16.27403570304006,16.059801692204918,15.977955395733318,15.792190208646783,1.0,1.0,1.0,1.0,1.0,1.0,1.0,1.0,1.0,1.0
313.5,3.0,0.0,0.0,0.0,0.0,0.0,0.0,0.0,0.0,0.0,0.0,0.0,0.0,0.0,0.0,0.0,0.0,0.0,0.0,0.0,0.0
313.75,4.0,18.838100234704765,18.62029530116168,19.37829843366874,19.296857834103324,16.267628868605676,17.25807679397424,18.304191709108263,19.30270536152495,19.524940809751246,18.669762565473686,1.0,1.0,1.0,1.0,1.0,1.0,1.0,1.0,1.0,1.0
314.0,1.0,19.65843228221262,19.31631054563348,19.50775649053227,19.178207890664417,17.431828134951502,17.02301246706669,17.03888691491769,16.453354578582804,17.179149879626234,18.228808695116765,1.0,1.0,1.0,1.0,1.0,1.0,1.0,1.0,1.0,1.0
314.25,2.0,0.0,0.0,0.0,0.0,0.0,0.0,0.0,0.0,0.0,0.0,0.0,0.0,0.0,0.0,0.0,0.0,0.0,0.0,0.0,0.0
314.5,3.0,17.054283035639724,17.485938019439093,17.053040403255814,17.06658118625308,17.826112844872206,17.31049365828149,16.965206238750227,18.12613535331308,19.37584734253722,18.426464431286618,1.0,1.0,1.0,1.0,1.0,1.0,1.0,1.0,1.0,1.0
314.75,4.0,17.85219210524383,18.602914869568824,18.6807283442921,18.321577733837593,16.24754192219655,17.53860623356521,19.228489732222986,19.618052944492838,19.213434172195374,19.053244941137347,1.0,1.0,1.0,1.0,1.0,1.0,1.0,1.0,1.0,1.0
315.0,1.0,18.229220222024164,19.90036603202903,19.45460748003654,18.298560284439482,16.988065172616334,16.394518370460037,17.149594434026874,17.546659861873795,18.359480673057874,19.16988239984826,1.0,1.0,1.0,1.0,1.0,1.0,1.0,1.0,1.0,1.0
315.25,2.0,14.645091537179994,13.664533872783181,14.44384805123533,15.164516298558164,16.628079574370837,16.869132476995137,17.989787583351976,17.145701021454546,16.678024620920944,15.535257965001106,1.0,1.0,1.0,1.0,1.0,1.0,1.0,1.0,1.0,1.0
315.5,3.0,0.0,0.0,0.0,0.0,0.0,0.0,0.0,0.0,0.0,0.0,0.0,0.0,0.0,0.0,0.0,0.0,0.0,0.0,0.0,0.0
315.75,4.0,18.53049841354261,18.98656925451006,18.537600430262458,17.885597794108115,16.765520445534897,17.263804762873992,18.908260340093694,19.263345346123806,19.336875253992382,19.042635964796332,1.0,1.0,1.0,1.0,1.0,1.0,1.0,1.0,1.0,1.0
316.0,1.0,18.336193016411304,20.688795453732947,18.99019214062134,18.600262384493433,16.22081371516728,16.442471977831314,17.210377228776487,18.15224510226941,19.19300692936005,18.730751316745142,1.0,1.0,1.0,1.0,1.0,1.0,1.0,1.0,1.0,1.0
316.25,2.0,0.0,0.0,0.0,0.0,0.0,0.0,0.0,0.0,0.0,0.0,0.0,0.0,0.0,0.0,0.0,0.0,0.0,0.0,0.0,0.0
316.5,3.0,17.465424312307167,17.491096198054546,17.953797245746134,17.521789138824435,18.21836014740776,18.351056528021275,18.739799404943028,18.271942793229293,17.62376354682576,16.130120888043265,1.0,1.0,1.0,1.0,1.0,1.0,1.0,1.0,1.0,1.0
316.75,4.0,17.4244175277201,18.619206126974507,18.698920825314584,18.543870637793628,18.1477918541572,17.312512247311336,18.54223041442746,19.032220543103314,18.60889350045933,18.43911782319954,1.0,1.0,1.0,1.0,1.0,1.0,1.0,1.0,1.0,1.0
317.0,1.0,0.0,0.0,0.0,0.0,0.0,0.0,0.0,0.0,0.0,0.0,0.0,0.0,0.0,0.0,0.0,0.0,0.0,0.0,0.0,0.0
317.25,2.0,0.0,0.0,0.0,0.0,0.0,0.0,0.0,0.0,0.0,0.0,0.0,0.0,0.0,0.0,0.0,0.0,0.0,0.0,0.0,0.0
317.5,3.0,17.574578926716836,17.57482962099655,17.60431211959816,18.67083569575879,18.552916970693918,18.08329235737682,16.62095452238097,16.725993099548482,16.48760941402113,15.683453584614096,1.0,1.0,1.0,1.0,1.0,1.0,1.0,1.0,1.0,1.0
317.75,4.0,0.0,0.0,0.0,0.0,0.0,0.0,0.0,0.0,0.0,0.0,0.0,0.0,0.0,0.0,0.0,0.0,0.0,0.0,0.0,0.0
318.0,1.0,19.019497308147635,19.943899033781584,17.36407222622736,18.29439476263556,18.31952439343637,18.649584086614045,19.819774507132085,19.401989977904183,18.50224274039393,18.847860247852683,1.0,1.0,1.0,1.0,1.0,1.0,1.0,1.0,1.0,1.0
318.25,2.0,17.416857429848335,15.70128050883117,15.037827309375727,15.228075942127845,16.163693054391185,16.08217706709278,16.060716939346467,16.15193533172766,16.600715420791385,16.211656255813693,1.0,1.0,1.0,1.0,1.0,1.0,1.0,1.0,1.0,1.0
318.5,3.0,0.0,0.0,0.0,0.0,0.0,0.0,0.0,0.0,0.0,0.0,0.0,0.0,0.0,0.0,0.0,0.0,0.0,0.0,0.0,0.0
318.75,4.0,16.919842997872138,17.20704737782821,16.53817332847689,16.685075140248024,17.35009078960364,17.59289511125397,18.01814268356219,18.79707662029307,18.34722876198922,18.28019849968715,1.0,1.0,1.0,1.0,1.0,1.0,1.0,1.0,1.0,1.0
319.0,1.0,20.037402866759347,19.04516940568784,16.171185794172978,17.235611088616675,18.309161175197318,18.72835189504373,20.09162811085392,19.404374880965403,19.458772856721815,19.217095310423367,1.0,1.0,1.0,1.0,1.0,1.0,1.0,1.0,1.0,1.0
319.25,2.0,0.0,0.0,0.0,0.0,0.0,0.0,0.0,0.0,0.0,0.0,0.0,0.0,0.0,0.0,0.0,0.0,0.0,0.0,0.0,0.0
319.5,3.0,15.67795395138892,16.168897694290052,16.45767836683444,18.705814414563207,18.11161073297492,17.145512682553747,16.159582742174486,16.376040644576268,15.070397343650816,14.57308823054784,1.0,1.0,1.0,1.0,1.0,1.0,1.0,1.0,1.0,1.0
319.75,4.0,16.304745519179413,16.690056720381527,16.81083524876851,17.63545003361539,16.805814575870162,17.266666167454385,17.587132789429003,18.174130486190638,19.27529497238506,19.495792251950416,1.0,1.0,1.0,1.0,1.0,1.0,1.0,1.0,1.0,1.0
320.0,1.0,0.0,0.0,0.0,0.0,0.0,0.0,0.0,0.0,0.0,0.0,0.0,0.0,0.0,0.0,0.0,0.0,0.0,0.0,0.0,0.0
320.25,2.0,15.64092988760916,14.731296013820193,15.28639592390958,15.780199080090766,17.59849622932141,17.42215411288439,17.045704168405386,16.8203531233497,17.472856412256924,16.23862473171969,1.0,1.0,1.0,1.0,1.0,1.0,1.0,1.0,1.0,1.0
320.5,3.0,0.0,0.0,0.0,0.0,0.0,0.0,0.0,0.0,0.0,0.0,0.0,0.0,0.0,0.0,0.0,0.0,0.0,0.0,0.0,0.0
320.75,4.0,0.0,0.0,0.0,0.0,0.0,0.0,0.0,0.0,0.0,0.0,0.0,0.0,0.0,0.0,0.0,0.0,0.0,0.0,0.0,0.0
321.0,1.0,17.790882538244272,17.215021784547034,16.32357179182052,17.631778245371812,18.978712095781653,19.665428536517872,20.540899333673867,20.20318904050455,20.77619362056882,20.77391978434092,1.0,1.0,1.0,1.0,1.0,1.0,1.0,1.0,1.0,1.0
321.25,2.0,14.463142741637693,13.715499099687898,15.553733327053042,17.11163351090372,17.967398766474158,17.40714814836938,16.804619269012342,17.273081321610047,17.0179443234035,16.595006082086275,1.0,1.0,1.0,1.0,1.0,1.0,1.0,1.0,1.0,1.0
321.5,3.0,18.68535884384228,18.69246147340603,18.53605203252144,18.893627877694534,18.12630574666574,16.65037533119498,16.095075243854122,15.329158970788207,15.210122201583578,16.476894246238594,1.0,1.0,1.0,1.0,1.0,1.0,1.0,1.0,1.0,1.0
321.75,4.0,17.11881192581393,16.673813698189594,15.590759118664506,16.618253179616893,17.758908764987797,18.609235813800073,18.166608522939406,19.284679264847355,19.434565235136432,19.8835301907661,1.0,1.0,1.0,1.0,1.0,1.0,1.0,1.0,1.0,1.0
322.0,1.0,17.504080708312095,17.38676074007831,17.035067963779767,18.658157090432805,18.60002173078768,19.22444791668493,19.7894521413856,20.86430894383399,20.284766181732248,20.299190124183703,1.0,1.0,1.0,1.0,1.0,1.0,1.0,1.0,1.0,1.0
322.25,2.0,0.0,0.0,0.0,0.0,0.0,0.0,0.0,0.0,0.0,0.0,0.0,0.0,0.0,0.0,0.0,0.0,0.0,0.0,0.0,0.0
322.5,3.0,18.77701980910499,18.88293194816621,19.28239553121366,17.36261567633115,17.974843554156386,16.645310460470352,15.94413239519704,16.68652594506073,16.709731948004062,17.784666131598208,1.0,1.0,1.0,1.0,1.0,1.0,1.0,1.0,1.0,1.0
322.75,4.0,16.342132011380475,17.722984439513915,18.054363292956552,18.095168061625873,17.55768403948555,18.432029630747678,17.96454397672,19.051709417943055,19.488923835201113,19.06173534797988,1.0,1.0,1.0,1.0,1.0,1.0,1.0,1.0,1.0,1.0
323.0,1.0,17.845314839979558,17.893028333369166,17.61543227792644,18.45140433432664,18.739011662042337,19.246057761330526,20.04244505162618,20.271864054063126,20.239409172739965,19.96549174953906,1.0,1.0,1.0,1.0,1.0,1.0,1.0,1.0,1.0,1.0
323.25,2.0,16.05434614951896,15.705154471165821,17.269111850505837,18.66978524205643,17.69603828411473,17.200869070450327,16.845335001484212,16.993864416003586,15.96484322616557,16.867710498525078,1.0,1.0,1.0,1.0,1.0,1.0,1.0,1.0,1.0,1.0
323.5,3.0,0.0,0.0,0.0,0.0,0.0,0.0,0.0,0.0,0.0,0.0,0.0,0.0,0.0,0.0,0.0,0.0,0.0,0.0,0.0,0.0
323.75,4.0,17.962377355061825,18.761407487483236,20.45069556506057,19.5894751627748,17.69595289863144,18.12629455320748,17.7749659109367,18.00495941554708,18.99948785421582,19.575260461339155,1.0,1.0,1.0,1.0,1.0,1.0,1.0,1.0,1.0,1.0
324.0,1.0,18.268454798440228,17.847039880025203,18.066132616244648,19.33455649164678,19.491819179647514,19.087358817232634,19.216567391821936,18.393275126358727,18.855752059405614,19.318869507392918,1.0,1.0,1.0,1.0,1.0,1.0,1.0,1.0,1.0,1.0
324.25,2.0,0.0,0.0,0.0,0.0,0.0,0.0,0.0,0.0,0.0,0.0,0.0,0.0,0.0,0.0,0.0,0.0,0.0,0.0,0.0,0.0
324.5,3.0,19.607912634763665,18.769058317057663,17.992920020121733,17.9029865623854,17.421049624210955,16.229023251323934,16.33714427970911,17.502069861065866,17.02246597377328,17.05642778127834,1.0,1.0,1.0,1.0,1.0,1.0,1.0,1.0,1.0,1.0
324.75,4.0,18.698637286700173,18.8305711783764,19.96460875949029,17.80504525770723,16.297680484958352,17.558738995507515,17.13615450621175,17.946713179686657,18.49624496181425,18.901148536465893,1.0,1.0,1.0,1.0,1.0,1.0,1.0,1.0,1.0,1.0
325.0,1.0,0.0,0.0,0.0,0.0,0.0,0.0,0.0,0.0,0.0,0.0,0.0,0.0,0.0,0.0,0.0,0.0,0.0,0.0,0.0,0.0
325.25,2.0,19.018098277792962,18.63847485069137,17.547914870377426,17.132635564192963,15.838430248396962,15.227714553432481,16.639788911298872,16.09076312790155,15.780391163001626,15.550933828595666,1.0,1.0,1.0,1.0,1.0,1.0,1.0,1.0,1.0,1.0
325.5,3.0,18.526950739108802,17.319352374677152,16.86848184945587,17.50618817031575,15.569481283987907,15.218391887628158,15.819132507514812,16.65261098861894,16.053375696588095,15.106616478281127,1.0,1.0,1.0,1.0,1.0,1.0,1.0,1.0,1.0,1.0
325.75,4.0,0.0,0.0,0.0,0.0,0.0,0.0,0.0,0.0,0.0,0.0,0.0,0.0,0.0,0.0,0.0,0.0,0.0,0.0,0.0,0.0
326.0,1.0,19.721214380037534,18.907782394356055,18.074865524753374,18.149724302590766,16.99217289989686,17.004665287798577,17.334409062435366,17.181846905156153,17.803492303687,18.83196391531105,1.0,1.0,1.0,1.0,1.0,1.0,1.0,1.0,1.0,1.0
326.25,2.0,18.916307837906636,18.26353309312835,15.739297780910842,17.041031257037908,16.873933946610112,15.789636937586595,16.29359717473903,15.96316371142917,16.023209230066456,15.724872645389073,1.0,1.0,1.0,1.0,1.0,1.0,1.0,1.0,1.0,1.0
326.5,3.0,0.0,0.0,0.0,0.0,0.0,0.0,0.0,0.0,0.0,0.0,0.0,0.0,0.0,0.0,0.0,0.0,0.0,0.0,0.0,0.0
326.75,4.0,20.095636802812205,20.631606933390277,18.76845279635649,17.876239107301267,17.97499075638262,19.189245472369365,19.296443767959225,19.02676526340596,19.51140232475293,20.478934600373556,1.0,1.0,1.0,1.0,1.0,1.0,1.0,1.0,1.0,1.0
327.0,1.0,19.87353513751503,17.82715124324118,17.34550890067016,17.89342297989355,17.04063237489126,17.79990606627361,17.39816134046835,17.659627651823367,18.599823592747107,18.953263825433268,1.0,1.0,1.0,1.0,1.0,1.0,1.0,1.0,1.0,1.0
327.25,2.0,0.0,0.0,0.0,0.0,0.0,0.0,0.0,0.0,0.0,0.0,0.0,0.0,0.0,0.0,0.0,0.0,0.0,0.0,0.0,0.0
327.5,3.0,19.166860477056293,18.705105319894912,17.519078021479913,17.64722811802596,17.87846921449206,17.527999774261428,17.995358924130947,17.58646910211703,16.11002156748813,14.905839682468224,1.0,1.0,1.0,1.0,1.0,1.0,1.0,1.0,1.0,1.0
327.75,4.0,20.12960498625825,19.7465757017278,17.79754434617563,17.71190431783202,19.006915283192185,18.930566723882762,18.756292514943745,18.90259466561265,20.54347594123739,21.564210267914216,1.0,1.0,1.0,1.0,1.0,1.0,1.0,1.0,1.0,1.0
328.0,1.0,18.70743979186725,17.270591116492838,17.13145147509776,17.87444353434586,17.95174898901567,17.542324832591103,16.953413507710543,16.83060416329714,18.698939840000552,19.059391198069708,1.0,1.0,1.0,1.0,1.0,1.0,1.0,1.0,1.0,1.0
328.25,2.0,17.651636686726604,17.254079603956825,16.001988930037193,16.490463162187012,17.020073783851593,16.890216431107323,16.975735738353368,16.58638172799829,16.750506787729794,16.320827375041066,1.0,1.0,1.0,1.0,1.0,1.0,1.0,1.0,1.0,1.0
328.5,3.0,0.0,0.0,0.0,0.0,0.0,0.0,0.0,0.0,0.0,0.0,0.0,0.0,0.0,0.0,0.0,0.0,0.0,0.0,0.0,0.0
328.75,4.0,0.0,0.0,0.0,0.0,0.0,0.0,0.0,0.0,0.0,0.0,0.0,0.0,0.0,0.0,0.0,0.0,0.0,0.0,0.0,0.0
329.0,1.0,19.074944889783474,18.481974369468375,18.041567414090792,18.13202122100893,17.005089791378694,17.622590616385228,17.9142627530767,18.677799554880238,19.543242258246092,19.87415324643584,1.0,1.0,1.0,1.0,1.0,1.0,1.0,1.0,1.0,1.0
329.25,2.0,16.52668353400344,17.21197802968037,17.620772987264736,17.978374929913386,18.122282923053785,17.571873120657006,16.99813987843715,16.140025932970698,16.223881878340826,16.46274551105316,1.0,1.0,1.0,1.0,1.0,1.0,1.0,1.0,1.0,1.0
329.5,3.0,18.84215624657849,18.800046390439594,17.648021151359863,17.11366441347406,16.644012561669367,16.560102466112,16.950064453182563,16.627078000491803,16.794881403743457,16.023628803012617,1.0,1.0,1.0,1.0,1.0,1.0,1.0,1.0,1.0,1.0
329.75,4.0,18.14078559692848,18.71837682025852,18.6910304043,17.88936406273104,18.04126490280261,18.96120390995052,18.932475671383312,20.359686908923557,22.45526695704592,23.096433419794177,1.0,1.0,1.0,1.0,1.0,1.0,1.0,1.0,1.0,1.0
330.0,1.0,0.0,0.0,0.0,0.0,0.0,0.0,0.0,0.0,0.0,0.0,0.0,0.0,0.0,0.0,0.0,0.0,0.0,0.0,0.0,0.0
330.25,2.0,0.0,0.0,0.0,0.0,0.0,0.0,0.0,0.0,0.0,0.0,0.0,0.0,0.0,0.0,0.0,0.0,0.0,0.0,0.0,0.0
330.5,3.0,19.359656051635714,19.552455669721333,17.53617182522142,16.287135244180334,15.251132155983884,16.070075055160267,16.05631132217787,16.58989225440634,17.37724444429909,16.426965964401628,1.0,1.0,1.0,1.0,1.0,1.0,1.0,1.0,1.0,1.0
330.75,4.0,19.35237952072585,19.30449596330497,18.77726003179523,17.901336527595017,19.721484468658645,20.7252785168279,21.81105079582774,22.965606832581013,24.3012901995836,23.649391927361005,1.0,1.0,1.0,1.0,1.0,1.0,1.0,1.0,1.0,1.0
331.0,1.0,18.9443110271121,20.374338247801838,19.459029520873504,19.384652412524943,16.760236062681127,17.097510865093966,17.883577460751063,17.836585385607155,17.961551812951313,18.136848390493274,1.0,1.0,1.0,1.0,1.0,1.0,1.0,1.0,1.0,1.0
331.25,2.0,17.375010666172393,17.62088140758714,18.431649738304134,17.986227004585153,16.676760687554744,16.672576554890128,16.09491757108643,15.958046345010679,15.481098022032866,15.02475260208859,1.0,1.0,1.0,1.0,1.0,1.0,1.0,1.0,1.0,1.0
331.5,3.0,0.0,0.0,0.0,0.0,0.0,0.0,0.0,0.0,0.0,0.0,0.0,0.0,0.0,0.0,0.0,0.0,0.0,0.0,0.0,0.0
331.75,4.0,18.781208096815863,19.13215290129015,18.824841177647954,18.75554533526722,22.148302518386515,22.866415922302423,23.959942664121854,24.13447327317342,23.73092387406656,23.220620480391887,1.0,1.0,1.0,1.0,1.0,1.0,1.0,1.0,1.0,1.0
332.0,1.0,18.88629429994452,20.56310488231796,19.720820429259803,18.24412213677898,17.665506031948215,18.006298019927854,17.90037253838428,17.893813381566957,17.663174562688255,18.55843817158488,1.0,1.0,1.0,1.0,1.0,1.0,1.0,1.0,1.0,1.0
332.25,2.0,0.0,0.0,0.0,0.0,0.0,0.0,0.0,0.0,0.0,0.0,0.0,0.0,0.0,0.0,0.0,0.0,0.0,0.0,0.0,0.0
332.5,3.0,18.181885655791596,17.316809235181882,16.30283753321681,15.874349173386317,16.02308714469026,16.673398227110344,17.299074191579706,17.261096157247646,17.940195936035174,17.11133109041457,1.0,1.0,1.0,1.0,1.0,1.0,1.0,1.0,1.0,1.0
332.75,4.0,18.31145350746167,18.80144939580212,18.759145494810046,19.7832222318585,22.465160074456954,22.8136723942737,24.368417069253567,24.631351799235137,24.032830069954358,24.348483699065564,1.0,1.0,1.0,1.0,1.0,1.0,1.0,1.0,1.0,1.0
333.0,1.0,0.0,0.0,0.0,0.0,0.0,0.0,0.0,0.0,0.0,0.0,0.0,0.0,0.0,0.0,0.0,0.0,0.0,0.0,0.0,0.0
333.25,2.0,18.669625979024133,19.467871665829165,17.32434343606978,17.03446984335353,16.87112575354718,17.082855326245543,17.504908990481635,17.918577406862045,17.837898312656023,17.199070717873283,1.0,1.0,1.0,1.0,1.0,1.0,1.0,1.0,1.0,1.0
333.5,3.0,16.553896057632628,17.07364537299303,16.117511740007323,16.05389907569717,17.38081354737095,18.252195283635597,18.98481957478689,18.5110485599812,18.96023580402602,18.01480969283164,1.0,1.0,1.0,1.0,1.0,1.0,1.0,1.0,1.0,1.0
333.75,4.0,0.0,0.0,0.0,0.0,0.0,0.0,0.0,0.0,0.0,0.0,0.0,0.0,0.0,0.0,0.0,0.0,0.0,0.0,0.0,0.0
334.0,1.0,19.487498969952156,17.97363821361775,17.428603695418488,16.62568037726773,16.787773605913674,17.426411434959746,18.48255699009448,18.442535487364918,17.839147896304148,19.325007252969087,1.0,1.0,1.0,1.0,1.0,1.0,1.0,1.0,1.0,1.0
334.25,2.0,17.072017881089767,18.634744273379223,17.247028718345952,17.41541567116536,17.155713715278715,17.441806962073393,17.989505037886328,17.686190068698878,18.666214998137214,18.57393434849001,1.0,1.0,1.0,1.0,1.0,1.0,1.0,1.0,1.0,1.0
334.5,3.0,0.0,0.0,0.0,0.0,0.0,0.0,0.0,0.0,0.0,0.0,0.0,0.0,0.0,0.0,0.0,0.0,0.0,0.0,0.0,0.0
334.75,4.0,20.376538579983748,20.6950677677703,21.712105487120496,22.60291422195539,23.976638619698033,23.11939024371168,23.513931186716043,21.903896913191634,21.063959746796264,21.76586180212895,1.0,1.0,1.0,1.0,1.0,1.0,1.0,1.0,1.0,1.0
335.0,1.0,18.17847297210709,18.271142462402207,18.332425162061554,16.985713155274354,17.313701737804887,17.733669278122562,18.095168235412533,18.342012618632715,17.799523563083728,18.120912900184504,1.0,1.0,1.0,1.0,1.0,1.0,1.0,1.0,1.0,1.0
335.25,2.0,0.0,0.0,0.0,0.0,0.0,0.0,0.0,0.0,0.0,0.0,0.0,0.0,0.0,0.0,0.0,0.0,0.0,0.0,0.0,0.0
335.5,3.0,16.377743253442194,17.439729986840252,17.596196362563134,18.632793305129052,19.86114460498822,20.36060433482351,20.537626022365888,21.283867377619195,21.540716535617253,20.95836630790643,1.0,1.0,1.0,1.0,1.0,1.0,1.0,1.0,1.0,1.0
335.75,4.0,20.25281427948947,20.695841412497654,22.101552032435396,22.3353442901919,23.716516370279372,21.19093340457612,21.07043005387269,20.868226252658744,19.662917402640872,19.639676173262213,1.0,1.0,1.0,1.0,1.0,1.0,1.0,1.0,1.0,1.0
336.0,1.0,17.90772887450696,18.176821668512,18.777942356421008,17.65644628248777,18.405643926069583,18.218590282681852,17.63368528674035,17.389664049123358,17.892772911187706,17.766624667393547,1.0,1.0,1.0,1.0,1.0,1.0,1.0,1.0,1.0,1.0
336.25,2.0,17.43930243700065,18.271213970023098,18.32069628864622,17.631522495607285,18.414014803631975,17.867892776171516,17.855368247059335,18.239431457207477,18.501407611335118,18.59713466624022,1.0,1.0,1.0,1.0,1.0,1.0,1.0,1.0,1.0,1.0
336.5,3.0,0.0,0.0,0.0,0.0,0.0,0.0,0.0,0.0,0.0,0.0,0.0,0.0,0.0,0.0,0.0,0.0,0.0,0.0,0.0,0.0
336.75,4.0,21.548517145551806,22.669247218847307,23.64465487587257,21.924816071300132,22.0053140442095,19.95957135836692,19.32182750373214,19.349659939280443,18.073867809289762,18.417795526249048,1.0,1.0,1.0,1.0,1.0,1.0,1.0,1.0,1.0,1.0
337.0,1.0,18.53490390150145,19.053183801568476,20.092677049699933,18.428761035458088,18.89950943819182,18.205496763172306,17.483828983880276,18.349402862173744,18.25846461658391,17.597118150545462,1.0,1.0,1.0,1.0,1.0,1.0,1.0,1.0,1.0,1.0
337.25,2.0,17.50105713540943,17.93631256523427,18.043203691568646,18.14086482273633,18.59441228721189,17.418569163096848,17.272142876753815,18.724412236288106,19.10476544293135,19.719858142533788,1.0,1.0,1.0,1.0,1.0,1.0,1.0,1.0,1.0,1.0
337.5,3.0,16.52450027432773,17.867369420216807,19.651719101840417,20.431944586927532,21.529702583268598,21.821684547422368,22.409923133601453,22.23150559486319,21.329507496603874,19.894872447267716,1.0,1.0,1.0,1.0,1.0,1.0,1.0,1.0,1.0,1.0
337.75,4.0,22.157275708727425,22.926760136083495,23.58066461041436,21.990979486160107,21.272682430109118,19.09089289972479,19.392829528318345,18.985449475952663,18.30223579343589,19.486564445362262,1.0,1.0,1.0,1.0,1.0,1.0,1.0,1.0,1.0,1.0
338.0,1.0,0.0,0.0,0.0,0.0,0.0,0.0,0.0,0.0,0.0,0.0,0.0,0.0,0.0,0.0,0.0,0.0,0.0,0.0,0.0,0.0
338.25,2.0,0.0,0.0,0.0,0.0,0.0,0.0,0.0,0.0,0.0,0.0,0.0,0.0,0.0,0.0,0.0,0.0,0.0,0.0,0.0,0.0
338.5,3.0,17.993317976814204,19.440415876391583,20.46911271053735,21.003440439665997,21.465737841134747,20.552860021627257,22.04748552779566,21.26775515790382,20.122473840388988,19.613014229796256,1.0,1.0,1.0,1.0,1.0,1.0,1.0,1.0,1.0,1.0
338.75,4.0,0.0,0.0,0.0,0.0,0.0,0.0,0.0,0.0,0.0,0.0,0.0,0.0,0.0,0.0,0.0,0.0,0.0,0.0,0.0,0.0
339.0,1.0,18.523126005005555,20.07621586831304,19.871216321604386,19.271901450769473,17.86321619496202,18.891065249151623,18.246593164399705,17.84517733436749,17.96332154061887,17.49504938737255,1.0,1.0,1.0,1.0,1.0,1.0,1.0,1.0,1.0,1.0
339.25,2.0,17.540066359245117,17.405433102492573,17.998087845999038,19.22292142259353,21.380898883304436,20.64212399593809,21.485140748031732,21.97625901173231,21.87986601640882,21.579426203907854,1.0,1.0,1.0,1.0,1.0,1.0,1.0,1.0,1.0,1.0
339.5,3.0,0.0,0.0,0.0,0.0,0.0,0.0,0.0,0.0,0.0,0.0,0.0,0.0,0.0,0.0,0.0,0.0,0.0,0.0,0.0,0.0
339.75,4.0,21.785104908568442,21.124935716173542,19.465218838265397,20.49477269509808,20.805133210005454,20.473327871757498,20.617942660666984,20.963397639165436,20.913452937808373,21.750303527931305,1.0,1.0,1.0,1.0,1.0,1.0,1.0,1.0,1.0,1.0
340.0,1.0,19.356411845319,19.859298844152978,20.252351768248964,20.035062856552972,19.744110702867985,19.86731379552622,19.174424861767324,18.684502020302933,18.69645134525632,18.991446499619062,1.0,1.0,1.0,1.0,1.0,1.0,1.0,1.0,1.0,1.0
340.25,2.0,0.0,0.0,0.0,0.0,0.0,0.0,0.0,0.0,0.0,0.0,0.0,0.0,0.0,0.0,0.0,0.0,0.0,0.0,0.0,0.0
340.5,3.0,22.05471420473422,21.85354782898759,21.16632720390335,21.279638137031746,19.14017004720994,19.230429150813478,19.65130682441021,19.48556299155032,18.98057295380246,19.348981350376942,1.0,1.0,1.0,1.0,1.0,1.0,1.0,1.0,1.0,1.0
340.75,4.0,20.730096496327796,19.778455078162658,20.067686506294915,20.99729820890815,21.72204580410635,21.760696808072364,21.568507585321218,21.382686610959272,20.86053237093586,22.326727440301802,1.0,1.0,1.0,1.0,1.0,1.0,1.0,1.0,1.0,1.0
341.0,1.0,0.0,0.0,0.0,0.0,0.0,0.0,0.0,0.0,0.0,0.0,0.0,0.0,0.0,0.0,0.0,0.0,0.0,0.0,0.0,0.0
341.25,2.0,17.78506964703547,19.44826167251102,21.00460976271328,22.8775523402383,22.700073480634895,21.89946627306953,20.831246136952515,20.878061595225194,20.52244328192419,20.981787992606417,1.0,1.0,1.0,1.0,1.0,1.0,1.0,1.0,1.0,1.0
341.5,3.0,0.0,0.0,0.0,0.0,0.0,0.0,0.0,0.0,0.0,0.0,0.0,0.0,0.0,0.0,0.0,0.0,0.0,0.0,0.0,0.0
341.75,4.0,0.0,0.0,0.0,0.0,0.0,0.0,0.0,0.0,0.0,0.0,0.0,0.0,0.0,0.0,0.0,0.0,0.0,0.0,0.0,0.0
342.0,1.0,19.764615440449653,21.0688619425859,21.640114690993133,20.031292594573788,19.056249784147226,19.43571724074603,20.527217528609935,21.104064062229465,20.967230791256817,20.996011558037914,1.0,1.0,1.0,1.0,1.0,1.0,1.0,1.0,1.0,1.0
342.25,2.0,18.631412601061147,20.31929336274359,21.700102994672147,24.5203179668702,23.382805834662136,22.786923967776044,20.97695473403214,20.44219069594863,20.450907356925125,20.358991164883108,1.0,1.0,1.0,1.0,1.0,1.0,1.0,1.0,1.0,1.0
342.5,3.0,0.0,0.0,0.0,0.0,0.0,0.0,0.0,0.0,0.0,0.0,0.0,0.0,0.0,0.0,0.0,0.0,0.0,0.0,0.0,0.0
342.75,4.0,18.15762525002368,20.299346602551562,20.98023336039365,21.892129424744027,20.471599247586354,20.93435671657065,20.144050942714443,21.383156163319534,20.61025374766622,21.936767990629054,1.0,1.0,1.0,1.0,1.0,1.0,1.0,1.0,1.0,1.0
343.0,1.0,20.056762975599423,20.21314656331199,20.168767466485658,19.577130370463482,19.252652510912785,18.841808076798287,20.026960890941517,20.947130092351934,20.407274682455785,21.84066282098745,1.0,1.0,1.0,1.0,1.0,1.0,1.0,1.0,1.0,1.0
343.25,2.0,0.0,0.0,0.0,0.0,0.0,0.0,0.0,0.0,0.0,0.0,0.0,0.0,0.0,0.0,0.0,0.0,0.0,0.0,0.0,0.0
343.5,3.0,19.21110497841484,18.934231671162927,20.699831816111892,20.818120251538865,19.19467099345239,20.580955003818733,20.854482501439097,21.169864819676963,20.418556472509756,20.054671711418667,1.0,1.0,1.0,1.0,1.0,1.0,1.0,1.0,1.0,1.0
343.75,4.0,19.907675969838035,20.858624905847265,21.356477654881004,21.876391603934838,21.19777150347283,21.423679500002468,20.43589523827439,21.287849470194388,21.276851281611748,22.900248828046788,1.0,1.0,1.0,1.0,1.0,1.0,1.0,1.0,1.0,1.0
344.0,1.0,21.573556540447687,21.191651801822754,20.798659792993202,19.65366759615971,18.947960447498104,19.525955921414276,20.301116331694562,21.466939464907398,20.832937867025855,21.047185531823565,1.0,1.0,1.0,1.0,1.0,1.0,1.0,1.0,1.0,1.0
344.25,2.0,20.825220459516053,23.45266245001212,23.930532180043315,22.73480938559651,22.89912793787891,22.546680413774208,21.698805584733996,21.38403508083733,20.78429256560455,20.00979832800958,1.0,1.0,1.0,1.0,1.0,1.0,1.0,1.0,1.0,1.0
344.5,3.0,0.0,0.0,0.0,0.0,0.0,0.0,0.0,0.0,0.0,0.0,0.0,0.0,0.0,0.0,0.0,0.0,0.0,0.0,0.0,0.0
344.75,4.0,20.011712472178374,21.3411027053548,21.64293381598175,22.45936836926173,21.625362208639295,22.319000762887043,21.104553134185974,21.625026000085654,22.05478821598863,23.515502633190838,1.0,1.0,1.0,1.0,1.0,1.0,1.0,1.0,1.0,1.0
345.0,1.0,23.504841537987577,22.94653855243628,22.701652516563225,21.08563234849589,19.183475496075125,18.725469933241374,19.57727743088101,19.98726851167748,20.032184849592827,19.937076567410948,1.0,1.0,1.0,1.0,1.0,1.0,1.0,1.0,1.0,1.0
345.25,2.0,0.0,0.0,0.0,0.0,0.0,0.0,0.0,0.0,0.0,0.0,0.0,0.0,0.0,0.0,0.0,0.0,0.0,0.0,0.0,0.0
345.5,3.0,19.535631877361624,18.69900221458245,19.440120623885825,20.626157177355967,18.66121896522597,18.897917203002088,19.017977953445648,19.382039916003976,18.217001376307444,18.340039687137622,1.0,1.0,1.0,1.0,1.0,1.0,1.0,1.0,1.0,1.0
345.75,4.0,20.542791793936825,21.271964865788043,22.801112911373426,23.274946290721413,22.64310819760242,22.739808956746288,21.950491409168706,22.877270686303202,22.770069338598258,23.535318396283586,1.0,1.0,1.0,1.0,1.0,1.0,1.0,1.0,1.0,1.0
346.0,1.0,0.0,0.0,0.0,0.0,0.0,0.0,0.0,0.0,0.0,0.0,0.0,0.0,0.0,0.0,0.0,0.0,0.0,0.0,0.0,0.0
346.25,2.0,0.0,0.0,0.0,0.0,0.0,0.0,0.0,0.0,0.0,0.0,0.0,0.0,0.0,0.0,0.0,0.0,0.0,0.0,0.0,0.0
346.5,3.0,19.663648206308594,19.761672426559116,19.836742077653675,20.476933500409714,18.738249544786875,18.462327567232798,18.834110568453596,18.8690192225941,18.671455944654657,18.103747732767726,1.0,1.0,1.0,1.0,1.0,1.0,1.0,1.0,1.0,1.0
346.75,4.0,0.0,0.0,0.0,0.0,0.0,0.0,0.0,0.0,0.0,0.0,0.0,0.0,0.0,0.0,0.0,0.0,0.0,0.0,0.0,0.0
347.0,1.0,24.302887675434956,24.816917210630496,21.450593410620794,18.54358276442293,18.905397089777505,19.914662662279646,19.33640996670292,18.87817952297098,19.57150020879432,19.949283359721345,1.0,1.0,1.0,1.0,1.0,1.0,1.0,1.0,1.0,1.0
347.25,2.0,22.704705392419264,20.557281037168764,21.030034364783557,20.59780904268778,21.948240029530485,22.1620111759154,22.191237811665196,21.65947662677636,20.973847593960684,20.708971907242,1.0,1.0,1.0,1.0,1.0,1.0,1.0,1.0,1.0,1.0
347.5,3.0,0.0,0.0,0.0,0.0,0.0,0.0,0.0,0.0,0.0,0.0,0.0,0.0,0.0,0.0,0.0,0.0,0.0,0.0,0.0,0.0
347.75,4.0,22.81469778176876,23.705859304085436,24.762990398852704,24.897775106409213,24.755034593194882,24.39269995929308,23.73221593326856,23.23634360229725,23.527233141108603,24.261723977181177,1.0,1.0,1.0,1.0,1.0,1.0,1.0,1.0,1.0,1.0
348.0,1.0,24.26525661948768,23.24175730908763,20.191390872232805,20.377086503513105,19.48029228886321,19.950751429841088,19.77714461313003,19.833201079709657,20.766088991485113,21.781270187893753,1.0,1.0,1.0,1.0,1.0,1.0,1.0,1.0,1.0,1.0
348.25,2.0,0.0,0.0,0.0,0.0,0.0,0.0,0.0,0.0,0.0,0.0,0.0,0.0,0.0,0.0,0.0,0.0,0.0,0.0,0.0,0.0
348.5,3.0,21.03817298422394,21.804510052032885,19.99856124619533,20.349010847981347,19.913454625769116,19.897432056926235,19.351999582818575,19.559116259264854,19.818058607626483,18.538406044453602,1.0,1.0,1.0,1.0,1.0,1.0,1.0,1.0,1.0,1.0
348.75,4.0,22.715446642292545,24.4592927297634,24.556474988654752,24.011857518808622,22.80570124959912,22.676385030619233,22.71044655288545,23.05997220207119,23.26710980829818,23.10726247936814,1.0,1.0,1.0,1.0,1.0,1.0,1.0,1.0,1.0,1.0
349.0,1.0,0.0,0.0,0.0,0.0,0.0,0.0,0.0,0.0,0.0,0.0,0.0,0.0,0.0,0.0,0.0,0.0,0.0,0.0,0.0,0.0
349.25,2.0,21.55249374444338,19.797068840688688,19.76494547602396,20.720492966113703,21.270586078867964,20.98432466181884,20.40014158879043,21.113149298061323,20.365722687497588,20.407149847801453,1.0,1.0,1.0,1.0,1.0,1.0,1.0,1.0,1.0,1.0
349.5,3.0,0.0,0.0,0.0,0.0,0.0,0.0,0.0,0.0,0.0,0.0,0.0,0.0,0.0,0.0,0.0,0.0,0.0,0.0,0.0,0.0
349.75,4.0,0.0,0.0,0.0,0.0,0.0,0.0,0.0,0.0,0.0,0.0,0.0,0.0,0.0,0.0,0.0,0.0,0.0,0.0,0.0,0.0
350.0,1.0,21.36509993721578,20.598659097900825,20.720994735698966,19.781665209964824,17.92270606218001,19.502904986814173,19.90326384254503,20.741196064916604,20.756493609245204,20.842658880018323,1.0,1.0,1.0,1.0,1.0,1.0,1.0,1.0,1.0,1.0
350.25,2.0,21.980303635385102,20.246084782563422,19.37991083684087,20.374892489171916,20.821478577279137,20.415271302523035,20.281667683694895,20.796160436586103,20.38645304380143,19.28757346280569,1.0,1.0,1.0,1.0,1.0,1.0,1.0,1.0,1.0,1.0
350.5,3.0,0.0,0.0,0.0,0.0,0.0,0.0,0.0,0.0,0.0,0.0,0.0,0.0,0.0,0.0,0.0,0.0,0.0,0.0,0.0,0.0
350.75,4.0,23.162723211829036,22.80393161067363,23.75619518270349,24.027941250219467,21.759204599885052,22.881232820102955,23.94423407340792,23.76152950465858,23.377848611504646,22.306769371369413,1.0,1.0,1.0,1.0,1.0,1.0,1.0,1.0,1.0,1.0
351.0,1.0,21.13319777142137,20.376646708195807,20.452712471015868,19.339220462169628,18.695702826046706,21.334056509738115,21.934568816990616,23.014615148667616,22.012583835822813,21.083398526974666,1.0,1.0,1.0,1.0,1.0,1.0,1.0,1.0,1.0,1.0
351.25,2.0,0.0,0.0,0.0,0.0,0.0,0.0,0.0,0.0,0.0,0.0,0.0,0.0,0.0,0.0,0.0,0.0,0.0,0.0,0.0,0.0
351.5,3.0,20.996194636965026,20.06731506971388,21.002242992314176,21.856178823517627,19.72463760039043,19.67829495630606,18.72882402975994,17.774694821053057,16.848714118626983,16.504821621973527,1.0,1.0,1.0,1.0,1.0,1.0,1.0,1.0,1.0,1.0
351.75,4.0,21.780473553236508,22.509754789548992,23.2238045770238,23.644057121692633,23.041215243251365,23.895702483594153,23.544672477747493,22.117332527420057,20.78255857074487,21.174579381175946,1.0,1.0,1.0,1.0,1.0,1.0,1.0,1.0,1.0,1.0
352.0,1.0,21.180483624291597,21.819428379187887,21.057483808572783,19.74672925954546,21.661896948184214,22.81681434016157,22.974508391652762,22.961884432683846,21.448177587014783,21.170804103406088,1.0,1.0,1.0,1.0,1.0,1.0,1.0,1.0,1.0,1.0
352.25,2.0,20.092391486641418,19.49473178509471,20.786402006202497,20.67541000340631,20.77023243912049,20.428878202114117,19.078523840163154,19.25773038487167,19.33130385487786,18.277846879189376,1.0,1.0,1.0,1.0,1.0,1.0,1.0,1.0,1.0,1.0
352.5,3.0,0.0,0.0,0.0,0.0,0.0,0.0,0.0,0.0,0.0,0.0,0.0,0.0,0.0,0.0,0.0,0.0,0.0,0.0,0.0,0.0
352.75,4.0,21.395908497702337,22.31178215186436,22.83149050231022,24.090514596906186,22.949617858145007,22.68476615189517,21.267254834254256,20.609215965538045,20.302472736982573,20.263216634900736,1.0,1.0,1.0,1.0,1.0,1.0,1.0,1.0,1.0,1.0
353.0,1.0,20.856225144355523,22.160241943423895,20.922469065769963,21.012335075213073,24.062625605646087,23.07861501080341,22.73880313793104,22.63899861443222,22.82996124523944,22.55321555929559,1.0,1.0,1.0,1.0,1.0,1.0,1.0,1.0,1.0,1.0
353.25,2.0,0.0,0.0,0.0,0.0,0.0,0.0,0.0,0.0,0.0,0.0,0.0,0.0,0.0,0.0,0.0,0.0,0.0,0.0,0.0,0.0
353.5,3.0,22.953158707157293,21.023668675888178,20.329339775372993,21.158897275135487,18.87799366031304,17.200427535838735,16.937422928858496,15.598394013053703,16.674670262649748,17.45626512912404,1.0,1.0,1.0,1.0,1.0,1.0,1.0,1.0,1.0,1.0
353.75,4.0,23.465635867629025,23.13248492158076,24.25404315035131,24.95596075342882,20.613106369923756,20.11785344908117,19.410613728570834,19.441613408297446,19.858405034274956,19.633076654360305,1.0,1.0,1.0,1.0,1.0,1.0,1.0,1.0,1.0,1.0
354.0,1.0,0.0,0.0,0.0,0.0,0.0,0.0,0.0,0.0,0.0,0.0,0.0,0.0,0.0,0.0,0.0,0.0,0.0,0.0,0.0,0.0
354.25,2.0,0.0,0.0,0.0,0.0,0.0,0.0,0.0,0.0,0.0,0.0,0.0,0.0,0.0,0.0,0.0,0.0,0.0,0.0,0.0,0.0
354.5,3.0,22.35930627380232,20.36197902293558,19.362161500239242,18.95084125827005,17.513637585358477,17.570444661023483,17.436607759771203,16.975197913851698,16.968696635489906,17.60742068383558,1.0,1.0,1.0,1.0,1.0,1.0,1.0,1.0,1.0,1.0
354.75,4.0,0.0,0.0,0.0,0.0,0.0,0.0,0.0,0.0,0.0,0.0,0.0,0.0,0.0,0.0,0.0,0.0,0.0,0.0,0.0,0.0
355.0,1.0,20.69786598325901,21.085997613214897,22.950688848399246,23.094484493413145,23.189777556739024,23.01700836616776,22.644199752300082,23.118999608232286,23.63909975880842,23.07996789623643,1.0,1.0,1.0,1.0,1.0,1.0,1.0,1.0,1.0,1.0
355.25,2.0,22.067448172417098,20.92682186086538,21.57207558895218,20.867238834532145,19.862274101693014,18.041223804057868,17.889957384554094,18.390922477042167,18.62763264651843,18.02032753391486,1.0,1.0,1.0,1.0,1.0,1.0,1.0,1.0,1.0,1.0
355.5,3.0,0.0,0.0,0.0,0.0,0.0,0.0,0.0,0.0,0.0,0.0,0.0,0.0,0.0,0.0,0.0,0.0,0.0,0.0,0.0,0.0
355.75,4.0,22.718947899306826,22.593665301267844,21.87700364230897,21.599107388954305,18.552553632342583,18.80287226005275,18.440739446710868,18.707238990093,18.64347907525308,18.923488629572756,1.0,1.0,1.0,1.0,1.0,1.0,1.0,1.0,1.0,1.0
356.0,1.0,21.05179993951979,22.531455868717174,24.30881651411394,23.863962916662597,23.21189314734586,22.67177877000129,22.300612840786318,22.413497016672448,22.790792594101966,23.162594595134408,1.0,1.0,1.0,1.0,1.0,1.0,1.0,1.0,1.0,1.0
356.25,2.0,0.0,0.0,0.0,0.0,0.0,0.0,0.0,0.0,0.0,0.0,0.0,0.0,0.0,0.0,0.0,0.0,0.0,0.0,0.0,0.0
356.5,3.0,19.565476538813805,17.47702492084665,18.379011622763525,20.350568393388546,19.608362822447155,18.052619964359895,18.42303858060247,17.653561042599343,18.54133832419211,18.77044841390335,1.0,1.0,1.0,1.0,1.0,1.0,1.0,1.0,1.0,1.0
356.75,4.0,22.04068361753405,21.40559194936525,21.06788646693521,20.298359256193258,17.921353274999255,17.148927111920766,16.900261976157864,17.636789920173847,18.2691486214144,19.137826388984795,1.0,1.0,1.0,1.0,1.0,1.0,1.0,1.0,1.0,1.0
357.0,1.0,0.0,0.0,0.0,0.0,0.0,0.0,0.0,0.0,0.0,0.0,0.0,0.0,0.0,0.0,0.0,0.0,0.0,0.0,0.0,0.0
357.25,2.0,21.94250831287688,20.743706998694275,19.96445281009454,19.192255127838212,20.01601021297525,18.698428743698155,18.05271824501867,18.559805877721068,18.29507385648693,17.359799730372934,1.0,1.0,1.0,1.0,1.0,1.0,1.0,1.0,1.0,1.0
357.5,3.0,0.0,0.0,0.0,0.0,0.0,0.0,0.0,0.0,0.0,0.0,0.0,0.0,0.0,0.0,0.0,0.0,0.0,0.0,0.0,0.0
357.75,4.0,0.0,0.0,0.0,0.0,0.0,0.0,0.0,0.0,0.0,0.0,0.0,0.0,0.0,0.0,0.0,0.0,0.0,0.0,0.0,0.0
358.0,1.0,23.20032225929293,22.23558619362271,23.525780568891257,22.72677263189481,22.191683167700536,22.612375794407743,22.86231078657435,22.370512430459716,23.120241082240568,22.667526352430787,1.0,1.0,1.0,1.0,1.0,1.0,1.0,1.0,1.0,1.0
358.25,2.0,21.09788146786522,20.121103603064583,20.553014923224442,21.191505324959582,20.355123673625215,19.12094093884324,18.53331615683877,18.834993928371848,17.773283758739208,17.386825035744902,1.0,1.0,1.0,1.0,1.0,1.0,1.0,1.0,1.0,1.0
358.5,3.0,19.230639233592836,19.422721536892677,18.196525389892717,18.8384201492522,18.860074277770345,18.699283755361716,19.531173437766178,20.03945032222587,18.99903629090602,17.475683001117726,1.0,1.0,1.0,1.0,1.0,1.0,1.0,1.0,1.0,1.0
358.75,4.0,20.08539659362701,19.925797673460693,19.082447795719446,17.734553102106254,18.139972036165794,18.53255734748973,18.292270527088572,18.788096404228934,19.988733425560394,19.868115631625425,1.0,1.0,1.0,1.0,1.0,1.0,1.0,1.0,1.0,1.0
359.0,1.0,22.945013225097618,22.389291362118673,22.91655680460674,21.494144085751888,22.354892607560167,23.107450915134287,23.036180617066933,22.804841402013626,23.198044832185047,23.601663453409156,1.0,1.0,1.0,1.0,1.0,1.0,1.0,1.0,1.0,1.0
359.25,2.0,0.0,0.0,0.0,0.0,0.0,0.0,0.0,0.0,0.0,0.0,0.0,0.0,0.0,0.0,0.0,0.0,0.0,0.0,0.0,0.0
359.5,3.0,20.197701435825195,18.269342398280468,17.237880076999126,18.58225254121287,17.48080131374741,18.28632929912909,18.3811560627995,18.082703932911922,16.365098077972085,16.246175207544447,1.0,1.0,1.0,1.0,1.0,1.0,1.0,1.0,1.0,1.0
359.75,4.0,19.85165733798799,20.664222679913816,19.658250397062275,19.126659602225363,17.959407149008342,18.24785956728341,18.473338839510763,19.00477092621901,19.72899244501544,18.945792372902837,1.0,1.0,1.0,1.0,1.0,1.0,1.0,1.0,1.0,1.0
360.0,1.0,22.127076543954665,22.25244141189959,22.00775664741156,21.199655419547707,23.106989218477683,23.084580747369262,23.34975044950575,23.09131897817182,23.33800187167929,22.39982393243915,1.0,1.0,1.0,1.0,1.0,1.0,1.0,1.0,1.0,1.0
360.25,2.0,19.65257087876802,19.369240367569866,20.373713824556575,21.744773691863795,20.731555688421235,19.581994580404835,19.415516978188066,18.290870767201927,18.243622558356716,17.99020650245459,1.0,1.0,1.0,1.0,1.0,1.0,1.0,1.0,1.0,1.0
360.5,3.0,0.0,0.0,0.0,0.0,0.0,0.0,0.0,0.0,0.0,0.0,0.0,0.0,0.0,0.0,0.0,0.0,0.0,0.0,0.0,0.0
360.75,4.0,20.02727704712767,20.936332546921513,19.797646943038576,19.36045363767632,17.556021879778896,18.71957726575568,18.179766790266488,19.136661950308646,19.085583102748274,18.263606863748507,1.0,1.0,1.0,1.0,1.0,1.0,1.0,1.0,1.0,1.0
361.0,1.0,21.952001460300487,21.148078504778145,20.445423788967442,21.008898679901673,23.554488918109517,23.5477098940486,23.24373703487785,22.665655249694144,22.9722645634274,22.83109826326704,1.0,1.0,1.0,1.0,1.0,1.0,1.0,1.0,1.0,1.0
361.25,2.0,0.0,0.0,0.0,0.0,0.0,0.0,0.0,0.0,0.0,0.0,0.0,0.0,0.0,0.0,0.0,0.0,0.0,0.0,0.0,0.0
361.5,3.0,16.684166073875172,14.933496390036776,17.881993629220908,21.63451012107366,19.80996159406658,19.380774435481374,18.501288493711982,18.131944537929066,18.46216356743057,18.95853991961435,1.0,1.0,1.0,1.0,1.0,1.0,1.0,1.0,1.0,1.0
361.75,4.0,19.226093965240636,19.73642884643817,18.569147842793484,19.560771176586922,17.86796011645224,18.48150652600729,18.237051566619005,18.794318851329407,18.913847364239306,18.50990009194111,1.0,1.0,1.0,1.0,1.0,1.0,1.0,1.0,1.0,1.0
362.0,1.0,0.0,0.0,0.0,0.0,0.0,0.0,0.0,0.0,0.0,0.0,0.0,0.0,0.0,0.0,0.0,0.0,0.0,0.0,0.0,0.0
362.25,2.0,19.27449571593144,19.67107495681745,21.227760678712354,21.956478427526783,19.188734343634714,17.74264812441008,18.378132332177746,17.526041902647645,17.129571526695567,16.359300267786764,1.0,1.0,1.0,1.0,1.0,1.0,1.0,1.0,1.0,1.0
362.5,3.0,16.103799107921414,14.843440690491896,19.636637075808704,22.564608644457326,20.664281513589344,20.44674829868321,19.613811575968114,18.679658909773362,17.579177393090383,17.200086900415656,1.0,1.0,1.0,1.0,1.0,1.0,1.0,1.0,1.0,1.0
362.75,4.0,0.0,0.0,0.0,0.0,0.0,0.0,0.0,0.0,0.0,0.0,0.0,0.0,0.0,0.0,0.0,0.0,0.0,0.0,0.0,0.0
363.0,1.0,20.04142961458867,21.113648103970764,22.575425466137137,22.101465312869124,21.706093963966914,21.67241698204654,22.534525896943595,22.382916250804993,22.158734167605548,21.748451843505,1.0,1.0,1.0,1.0,1.0,1.0,1.0,1.0,1.0,1.0
363.25,2.0,19.769960438062505,21.016651402731895,22.2281859785574,21.52741104019035,18.743526129898473,17.745788283958667,18.140467906387233,17.456548282519456,17.173634723544716,16.48240554550401,1.0,1.0,1.0,1.0,1.0,1.0,1.0,1.0,1.0,1.0
363.5,3.0,0.0,0.0,0.0,0.0,0.0,0.0,0.0,0.0,0.0,0.0,0.0,0.0,0.0,0.0,0.0,0.0,0.0,0.0,0.0,0.0
363.75,4.0,17.39648364429362,19.112717617597344,17.857508933273866,17.43996596646443,17.833759958473888,18.816752954593888,19.359821515726225,19.849930903326907,19.16690451164176,19.795352357061134,1.0,1.0,1.0,1.0,1.0,1.0,1.0,1.0,1.0,1.0
364.0,1.0,19.460825781778123,21.35425796508944,22.556245293014193,21.640784637569165,22.2727655077696,21.407729902000682,21.428655097814534,21.00047958409169,21.69306217404083,21.442599570214245,1.0,1.0,1.0,1.0,1.0,1.0,1.0,1.0,1.0,1.0
364.25,2.0,0.0,0.0,0.0,0.0,0.0,0.0,0.0,0.0,0.0,0.0,0.0,0.0,0.0,0.0,0.0,0.0,0.0,0.0,0.0,0.0
364.5,3.0,17.02404906813725,18.02700704254028,18.988427438141233,22.011249649017543,20.847849329674133,19.45643481133152,18.325722227142773,16.92126270898057,15.805134000687344,15.537047302095957,1.0,1.0,1.0,1.0,1.0,1.0,1.0,1.0,1.0,1.0
364.75,4.0,17.541541370108177,18.84653302007048,18.449693975926618,18.160898972837888,18.405682198591148,18.60660855596275,19.102218736090542,19.93827684944241,19.98508285275082,20.32494631835817,1.0,1.0,1.0,1.0,1.0,1.0,1.0,1.0,1.0,1.0
365.0,1.0,0.0,0.0,0.0,0.0,0.0,0.0,0.0,0.0,0.0,0.0,0.0,0.0,0.0,0.0,0.0,0.0,0.0,0.0,0.0,0.0
365.25,2.0,20.562733777827496,21.443116375244266,22.282657813454314,20.325839476395362,17.534456943451517,16.722905347026913,17.547114409651883,18.475133226607372,18.006072451063055,17.063199436085437,1.0,1.0,1.0,1.0,1.0,1.0,1.0,1.0,1.0,1.0
365.5,3.0,0.0,0.0,0.0,0.0,0.0,0.0,0.0,0.0,0.0,0.0,0.0,0.0,0.0,0.0,0.0,0.0,0.0,0.0,0.0,0.0
365.75,4.0,0.0,0.0,0.0,0.0,0.0,0.0,0.0,0.0,0.0,0.0,0.0,0.0,0.0,0.0,0.0,0.0,0.0,0.0,0.0,0.0
366.0,1.0,20.05052783650942,21.877773276910553,20.135420668122475,19.451543928477083,20.086820688692722,21.1541196594458,21.705296801902087,21.65103927861644,22.31609801820033,21.32407524653704,1.0,1.0,1.0,1.0,1.0,1.0,1.0,1.0,1.0,1.0
366.25,2.0,20.32087305128538,20.636997310767672,21.184551751787666,18.592088250591964,16.08678111706454,15.742681181649987,16.276537083437685,17.513136622096095,16.986658246277226,16.252592456965335,1.0,1.0,1.0,1.0,1.0,1.0,1.0,1.0,1.0,1.0
366.5,3.0,16.581473052027327,17.153980534970103,19.078261995585375,19.649744992682162,18.731805583973557,17.83309227996047,16.2738316863554,15.747256361930095,14.904630268155854,16.021232961485154,1.0,1.0,1.0,1.0,1.0,1.0,1.0,1.0,1.0,1.0
366.75,4.0,17.167901038760863,18.003668591596718,17.810770486757345,19.02510342515043,18.45331968358879,19.55173495533031,19.734232895904295,19.710964280955913,20.148227965298215,20.80680387206628,1.0,1.0,1.0,1.0,1.0,1.0,1.0,1.0,1.0,1.0
367.0,1.0,20.200736535807735,20.17285917878319,19.348592332921793,18.88187500161861,20.14250233466204,21.67254051005271,21.254280206709712,22.297264882192582,22.22963369464076,21.762285349946985,1.0,1.0,1.0,1.0,1.0,1.0,1.0,1.0,1.0,1.0
367.25,2.0,0.0,0.0,0.0,0.0,0.0,0.0,0.0,0.0,0.0,0.0,0.0,0.0,0.0,0.0,0.0,0.0,0.0,0.0,0.0,0.0
367.5,3.0,17.530347628420913,17.81977437931634,19.12077794190329,19.414773690930716,17.83304584602359,16.362211783444746,16.045837116033677,15.207486900299902,15.446737406657792,16.546633660172883,1.0,1.0,1.0,1.0,1.0,1.0,1.0,1.0,1.0,1.0
367.75,4.0,18.587715895952392,18.53731117716172,18.989113375993433,20.07027628185501,19.884524686811037,19.16520566506686,20.067786854341563,20.02250570299609,20.60799669117605,21.084863111953716,1.0,1.0,1.0,1.0,1.0,1.0,1.0,1.0,1.0,1.0
368.0,1.0,20.173491434485847,19.650164014226217,19.217301185687056,19.06088847714283,20.48906053373975,21.50607588890625,21.89828873631135,22.89269358857963,22.392787246001387,21.154432461151504,1.0,1.0,1.0,1.0,1.0,1.0,1.0,1.0,1.0,1.0
368.25,2.0,18.52925317911538,17.783831490541477,17.760070133683673,16.241821733741485,15.545556827762951,16.904180838190523,16.863440767413504,17.996083151003436,16.95289773390788,17.923917020138642,1.0,1.0,1.0,1.0,1.0,1.0,1.0,1.0,1.0,1.0
368.5,3.0,0.0,0.0,0.0,0.0,0.0,0.0,0.0,0.0,0.0,0.0,0.0,0.0,0.0,0.0,0.0,0.0,0.0,0.0,0.0,0.0
368.75,4.0,18.904379007961786,19.185240703828836,20.294643648242424,20.261156821570264,19.173114374982763,19.064786561626104,19.533295148326896,20.43713665030278,21.67247127930702,22.024037264672142,1.0,1.0,1.0,1.0,1.0,1.0,1.0,1.0,1.0,1.0
369.0,1.0,19.7054307446284,18.916776318810754,18.683069790997305,19.396759610871044,20.773602240724063,20.495428374279626,20.510524892648945,20.367849498622284,19.671178850125564,19.716998481562968,1.0,1.0,1.0,1.0,1.0,1.0,1.0,1.0,1.0,1.0
369.25,2.0,0.0,0.0,0.0,0.0,0.0,0.0,0.0,0.0,0.0,0.0,0.0,0.0,0.0,0.0,0.0,0.0,0.0,0.0,0.0,0.0
369.5,3.0,15.427892681054612,15.916355537330636,17.486561970075314,18.23133511849992,17.568480179037735,16.05254999643237,15.25640650699836,14.106265938099439,14.24249259999425,15.289233698896119,1.0,1.0,1.0,1.0,1.0,1.0,1.0,1.0,1.0,1.0
369.75,4.0,19.086249335149667,19.9771203026823,21.32170604865966,20.681659138676608,20.060401357525976,20.372244240674092,21.45531908142967,22.355196216915626,22.55631272087034,22.096135313607768,1.0,1.0,1.0,1.0,1.0,1.0,1.0,1.0,1.0,1.0
370.0,1.0,0.0,0.0,0.0,0.0,0.0,0.0,0.0,0.0,0.0,0.0,0.0,0.0,0.0,0.0,0.0,0.0,0.0,0.0,0.0,0.0
370.25,2.0,19.100964709351864,20.09989660649546,19.098271869489647,17.335490904764324,17.08664864780218,17.15760069042094,17.81920932782375,19.01243389495829,18.044274436016693,18.995752944790752,1.0,1.0,1.0,1.0,1.0,1.0,1.0,1.0,1.0,1.0
370.5,3.0,16.069026545203442,16.49760225294083,17.342753009038372,18.20045900099967,17.22782122724693,15.449158203448654,14.50135012062416,13.739794385496902,13.302293601750668,14.647682577519458,1.0,1.0,1.0,1.0,1.0,1.0,1.0,1.0,1.0,1.0
370.75,4.0,0.0,0.0,0.0,0.0,0.0,0.0,0.0,0.0,0.0,0.0,0.0,0.0,0.0,0.0,0.0,0.0,0.0,0.0,0.0,0.0
371.0,1.0,18.293708229938126,18.136489476616518,18.72190185985572,19.129374124505315,17.40534772935853,17.784389895546017,18.231137516565596,18.599579673780717,18.90178491704053,19.443933442300064,1.0,1.0,1.0,1.0,1.0,1.0,1.0,1.0,1.0,1.0
371.25,2.0,19.160454359300093,19.019560277628152,18.032520163492396,16.586909051761598,16.956450924693666,17.347964273961843,17.603278964589645,17.97550048549999,17.461246318346795,17.7193759019947,1.0,1.0,1.0,1.0,1.0,1.0,1.0,1.0,1.0,1.0
371.5,3.0,0.0,0.0,0.0,0.0,0.0,0.0,0.0,0.0,0.0,0.0,0.0,0.0,0.0,0.0,0.0,0.0,0.0,0.0,0.0,0.0
371.75,4.0,18.883379176354445,19.57072275643469,22.315232909249257,23.585071674632584,24.019783629945834,22.4981064681354,22.983803187071903,21.708884290368374,22.345188616975054,21.287839946569942,1.0,1.0,1.0,1.0,1.0,1.0,1.0,1.0,1.0,1.0
372.0,1.0,18.102733825303936,18.4466049893568,18.754110709425056,19.64340119351698,18.714858688381735,19.406889592553604,19.388155071742148,19.34559472202097,19.525946351232623,18.618462125541022,1.0,1.0,1.0,1.0,1.0,1.0,1.0,1.0,1.0,1.0
372.25,2.0,0.0,0.0,0.0,0.0,0.0,0.0,0.0,0.0,0.0,0.0,0.0,0.0,0.0,0.0,0.0,0.0,0.0,0.0,0.0,0.0
372.5,3.0,19.07622424173628,17.510104135581635,16.889467309000178,15.838728407075692,15.278619296801077,15.569459867591423,15.40917586785285,15.512940130993876,15.480098377003884,16.777452861331383,1.0,1.0,1.0,1.0,1.0,1.0,1.0,1.0,1.0,1.0
372.75,4.0,18.321656167799436,20.908469455143802,22.449542099496313,22.545615808502777,23.88933213539069,21.918804699286074,22.229757194771423,20.964319487388842,21.782721730891787,21.448667692298198,1.0,1.0,1.0,1.0,1.0,1.0,1.0,1.0,1.0,1.0
373.0,1.0,20.216076819638392,19.14638315829142,18.574396973602457,19.410452265699035,18.03256559128592,19.209379294907524,19.372487212777827,19.816567782840117,19.23668091299087,18.328571521712803,1.0,1.0,1.0,1.0,1.0,1.0,1.0,1.0,1.0,1.0
373.25,2.0,19.49537052960676,20.630288666479878,19.71672047777359,16.849267139537318,15.969197198451905,15.161783903075783,15.405205445079385,14.84281008197523,14.963662852287348,14.739377681345589,1.0,1.0,1.0,1.0,1.0,1.0,1.0,1.0,1.0,1.0
373.5,3.0,0.0,0.0,0.0,0.0,0.0,0.0,0.0,0.0,0.0,0.0,0.0,0.0,0.0,0.0,0.0,0.0,0.0,0.0,0.0,0.0
373.75,4.0,18.874404358291923,20.67576814997113,21.919488250162342,21.829964633055663,23.879301285169653,23.333383928449056,22.71582865580712,21.468621454343868,22.44547094074612,22.56201163952969,1.0,1.0,1.0,1.0,1.0,1.0,1.0,1.0,1.0,1.0
374.0,1.0,20.398867072469248,19.120894176486345,17.904448146321815,18.47591111112234,18.265536506161897,18.855881465465078,18.878678831656288,19.410573955701253,18.30966834114276,18.260880851543224,1.0,1.0,1.0,1.0,1.0,1.0,1.0,1.0,1.0,1.0
374.25,2.0,19.17551667369857,21.29701095659397,18.846461258614333,15.611231734514313,14.814978890781838,15.052433164993182,15.558714462265744,14.577569972157109,15.006996451517356,14.775430262484848,1.0,1.0,1.0,1.0,1.0,1.0,1.0,1.0,1.0,1.0
374.5,3.0,17.487519318906287,16.936988035970575,16.654200526788127,15.950143595315307,16.81741623690869,17.229909715130457,17.537285594609752,17.416757332549192,16.83033286774484,16.929880695509958,1.0,1.0,1.0,1.0,1.0,1.0,1.0,1.0,1.0,1.0
374.75,4.0,19.021566944723016,20.59773013290654,20.04697753073113,20.774621050324043,24.1612005648264,23.390878444456934,22.784833664654673,22.19205064015295,22.425223367178692,22.297471059255166,1.0,1.0,1.0,1.0,1.0,1.0,1.0,1.0,1.0,1.0
375.0,1.0,0.0,0.0,0.0,0.0,0.0,0.0,0.0,0.0,0.0,0.0,0.0,0.0,0.0,0.0,0.0,0.0,0.0,0.0,0.0,0.0
375.25,2.0,0.0,0.0,0.0,0.0,0.0,0.0,0.0,0.0,0.0,0.0,0.0,0.0,0.0,0.0,0.0,0.0,0.0,0.0,0.0,0.0
375.5,3.0,16.65177504671963,17.18191239347776,17.14082527183546,16.48156248925614,17.868533357014666,17.851492606569984,18.102700187530626,17.476795459099307,17.14702437863731,17.856496412263876,1.0,1.0,1.0,1.0,1.0,1.0,1.0,1.0,1.0,1.0
375.75,4.0,0.0,0.0,0.0,0.0,0.0,0.0,0.0,0.0,0.0,0.0,0.0,0.0,0.0,0.0,0.0,0.0,0.0,0.0,0.0,0.0
376.0,1.0,18.160725487807255,18.99669896425548,18.083155631233325,18.46063119264766,16.37559769798072,17.905034407636883,18.199819646968482,19.537437422998128,19.138912902446624,20.268494174210495,1.0,1.0,1.0,1.0,1.0,1.0,1.0,1.0,1.0,1.0
376.25,2.0,19.15881579243521,19.5170401971561,17.020254156757012,15.649105703645283,16.140714579476484,15.031877091729351,14.638100657601429,14.068818355276614,15.330096357372971,16.931282504822242,1.0,1.0,1.0,1.0,1.0,1.0,1.0,1.0,1.0,1.0
376.5,3.0,0.0,0.0,0.0,0.0,0.0,0.0,0.0,0.0,0.0,0.0,0.0,0.0,0.0,0.0,0.0,0.0,0.0,0.0,0.0,0.0
376.75,4.0,19.47721384161315,21.21236384400136,21.962630119889113,22.42844503661129,21.804716658287482,22.065187516002787,21.947565998549365,21.120684675911154,20.6698360090914,20.693208450001418,1.0,1.0,1.0,1.0,1.0,1.0,1.0,1.0,1.0,1.0
377.0,1.0,17.56661480766917,17.038469081436595,17.54118067615463,18.986926784117266,16.667838334332483,17.597628136730744,18.169719805685617,18.570402671179398,19.403391358759656,20.684111577128444,1.0,1.0,1.0,1.0,1.0,1.0,1.0,1.0,1.0,1.0
377.25,2.0,0.0,0.0,0.0,0.0,0.0,0.0,0.0,0.0,0.0,0.0,0.0,0.0,0.0,0.0,0.0,0.0,0.0,0.0,0.0,0.0
377.5,3.0,18.405273517847665,19.906216812037858,19.591215853796832,16.637917111905093,18.137061341098445,17.682151061583596,18.011421070667236,17.83539565166973,17.962906505339248,18.731557209085633,1.0,1.0,1.0,1.0,1.0,1.0,1.0,1.0,1.0,1.0
377.75,4.0,19.848535608437754,21.45913613270205,22.268028504690157,21.450115710697606,20.34610362792301,20.648027999976456,20.624638964878308,20.477560606121923,20.00754040929064,20.301206896860243,1.0,1.0,1.0,1.0,1.0,1.0,1.0,1.0,1.0,1.0
378.0,1.0,0.0,0.0,0.0,0.0,0.0,0.0,0.0,0.0,0.0,0.0,0.0,0.0,0.0,0.0,0.0,0.0,0.0,0.0,0.0,0.0
378.25,2.0,17.776998785997307,16.927874153467112,15.71854613225674,15.090394163576384,15.872025473740827,15.296233545830518,14.580869824024996,14.18460235281736,14.867954341814778,15.967876257904653,1.0,1.0,1.0,1.0,1.0,1.0,1.0,1.0,1.0,1.0
378.5,3.0,0.0,0.0,0.0,0.0,0.0,0.0,0.0,0.0,0.0,0.0,0.0,0.0,0.0,0.0,0.0,0.0,0.0,0.0,0.0,0.0
378.75,4.0,0.0,0.0,0.0,0.0,0.0,0.0,0.0,0.0,0.0,0.0,0.0,0.0,0.0,0.0,0.0,0.0,0.0,0.0,0.0,0.0
379.0,1.0,18.48626765304742,18.23463081029704,18.145832402588628,17.172674877631493,15.743513545753379,17.097088733963687,18.170391185883783,19.748498893736492,20.648197810518546,21.567282834909935,1.0,1.0,1.0,1.0,1.0,1.0,1.0,1.0,1.0,1.0
379.25,2.0,17.936938608804393,17.00206068388558,16.070152187360435,16.089047443283214,15.673043356685643,15.382313528354231,15.520258604294286,15.24767672936709,16.121934692695547,16.699338701450973,1.0,1.0,1.0,1.0,1.0,1.0,1.0,1.0,1.0,1.0
379.5,3.0,0.0,0.0,0.0,0.0,0.0,0.0,0.0,0.0,0.0,0.0,0.0,0.0,0.0,0.0,0.0,0.0,0.0,0.0,0.0,0.0
379.75,4.0,17.39037090530358,21.515210630829227,21.233381852360555,20.26851471524663,18.780270742092284,19.576636039611525,19.766709771625784,20.119405665145543,19.744994772958997,20.164216620490397,1.0,1.0,1.0,1.0,1.0,1.0,1.0,1.0,1.0,1.0
380.0,1.0,19.505354112225717,18.749485986734932,16.996876278904605,16.24598765234725,17.523756785321332,18.786411563738362,19.11510793154363,20.221952515744945,21.45696337733055,21.39770919453921,1.0,1.0,1.0,1.0,1.0,1.0,1.0,1.0,1.0,1.0
380.25,2.0,0.0,0.0,0.0,0.0,0.0,0.0,0.0,0.0,0.0,0.0,0.0,0.0,0.0,0.0,0.0,0.0,0.0,0.0,0.0,0.0
380.5,3.0,19.32352248286488,18.283234673768952,19.112874316941035,19.97410921046617,18.440378217762106,17.393873334986225,17.205017251478456,17.157718363568538,18.541374289211213,18.201740574993675,1.0,1.0,1.0,1.0,1.0,1.0,1.0,1.0,1.0,1.0
380.75,4.0,18.302426591830187,20.83986798338715,21.105879866343223,19.89707767597065,18.742425413597772,18.763377644301265,19.572671121298217,19.15639331456391,18.81952330980664,18.60782603267923,1.0,1.0,1.0,1.0,1.0,1.0,1.0,1.0,1.0,1.0
381.0,1.0,19.401434983476847,18.03468964527082,16.573202215385574,16.03756293177478,18.88626916515855,19.28486098002243,20.601121160499613,22.449163732586786,22.151230731370052,21.83387103292248,1.0,1.0,1.0,1.0,1.0,1.0,1.0,1.0,1.0,1.0
381.25,2.0,16.77416720772996,16.32173486023077,16.762020363535296,16.65946620218054,16.53125851112099,16.131793418508895,16.69296822760961,16.155749931705852,16.488539854613315,16.14384774365951,1.0,1.0,1.0,1.0,1.0,1.0,1.0,1.0,1.0,1.0
381.5,3.0,0.0,0.0,0.0,0.0,0.0,0.0,0.0,0.0,0.0,0.0,0.0,0.0,0.0,0.0,0.0,0.0,0.0,0.0,0.0,0.0
381.75,4.0,19.981813350462826,21.78037217144352,21.295136645838088,19.003196743186646,17.336470059685208,17.48309218197782,16.97801163381565,17.491989956113507,17.469537285090464,17.57713841211709,1.0,1.0,1.0,1.0,1.0,1.0,1.0,1.0,1.0,1.0
382.0,1.0,18.109610846384225,16.80790759245736,16.033471861185724,17.828694161908192,20.058149145209303,20.66589919857473,21.054128295234282,21.960838895069937,21.65549409173248,21.63477201625464,1.0,1.0,1.0,1.0,1.0,1.0,1.0,1.0,1.0,1.0
382.25,2.0,16.79114994796263,16.807288971105393,17.15726882484812,16.84431133755482,16.56106492348675,16.488991262327502,16.944729094518888,16.61520061542203,16.963909699164113,16.27923623253961,1.0,1.0,1.0,1.0,1.0,1.0,1.0,1.0,1.0,1.0
382.5,3.0,18.28756706494987,15.523729238149262,17.219420169377695,18.607153958038584,16.465173710898053,17.32712990845621,17.433537436890518,17.23189030466883,17.2272129508706,16.66401248693193,1.0,1.0,1.0,1.0,1.0,1.0,1.0,1.0,1.0,1.0
382.75,4.0,20.043595738600093,22.391299977894292,21.199947202602228,18.46190500885521,17.165960173852728,17.497295555279052,17.0861194738061,17.831844832194477,18.407305211222155,18.265668328952614,1.0,1.0,1.0,1.0,1.0,1.0,1.0,1.0,1.0,1.0
383.0,1.0,0.0,0.0,0.0,0.0,0.0,0.0,0.0,0.0,0.0,0.0,0.0,0.0,0.0,0.0,0.0,0.0,0.0,0.0,0.0,0.0
383.25,2.0,0.0,0.0,0.0,0.0,0.0,0.0,0.0,0.0,0.0,0.0,0.0,0.0,0.0,0.0,0.0,0.0,0.0,0.0,0.0,0.0
383.5,3.0,16.958132867572353,14.677128276428629,16.49317047807699,17.562098744805898,15.56106431782604,16.854821009402105,16.44348795632553,16.06691602240378,15.5285382173524,15.317925482167325,1.0,1.0,1.0,1.0,1.0,1.0,1.0,1.0,1.0,1.0
383.75,4.0,0.0,0.0,0.0,0.0,0.0,0.0,0.0,0.0,0.0,0.0,0.0,0.0,0.0,0.0,0.0,0.0,0.0,0.0,0.0,0.0
384.0,1.0,16.85172625664082,16.897967754047237,19.321707083595456,20.149024149183948,19.2675811074195,19.886267657642925,19.96333790237413,20.697942775168876,20.69043536899267,20.45939752857193,1.0,1.0,1.0,1.0,1.0,1.0,1.0,1.0,1.0,1.0
384.25,2.0,15.20554809302297,16.404408684528526,17.444259086616082,17.144395303413113,16.93321192804591,16.10886700969101,17.308833557603887,17.693062560787684,18.14358394351044,17.823385433332373,1.0,1.0,1.0,1.0,1.0,1.0,1.0,1.0,1.0,1.0
384.5,3.0,0.0,0.0,0.0,0.0,0.0,0.0,0.0,0.0,0.0,0.0,0.0,0.0,0.0,0.0,0.0,0.0,0.0,0.0,0.0,0.0
384.75,4.0,18.86966556152577,20.48879434359578,18.6157508716868,16.687038829240127,16.66105948150903,16.335386350089546,17.154339227317408,17.779763130931435,18.035561945038936,19.031879834282893,1.0,1.0,1.0,1.0,1.0,1.0,1.0,1.0,1.0,1.0
385.0,1.0,16.527628107860696,17.52170025155633,18.967876716670148,19.82420637107528,17.844177761075027,18.20913306154808,18.408490576211204,19.585322966889635,19.47013325955344,19.942866100630358,1.0,1.0,1.0,1.0,1.0,1.0,1.0,1.0,1.0,1.0
385.25,2.0,0.0,0.0,0.0,0.0,0.0,0.0,0.0,0.0,0.0,0.0,0.0,0.0,0.0,0.0,0.0,0.0,0.0,0.0,0.0,0.0
385.5,3.0,15.200267616014113,15.572437292230347,16.337839282473762,17.452553610617503,15.457417489343138,14.864311265093319,14.95474776749474,13.920352745829195,14.020584607867175,13.652177352032158,1.0,1.0,1.0,1.0,1.0,1.0,1.0,1.0,1.0,1.0
385.75,4.0,18.101227111305356,19.920144883013933,17.608160135741695,15.336056503385837,15.384663592271602,16.24871671318682,16.469785994300874,17.624968749599507,17.857600277738605,18.003442615867602,1.0,1.0,1.0,1.0,1.0,1.0,1.0,1.0,1.0,1.0
386.0,1.0,0.0,0.0,0.0,0.0,0.0,0.0,0.0,0.0,0.0,0.0,0.0,0.0,0.0,0.0,0.0,0.0,0.0,0.0,0.0,0.0
386.25,2.0,16.858019167677593,16.613710862055605,17.385168751847132,17.56396044269462,18.56711791916327,17.2447480560356,17.209194495677224,16.51027178826329,17.193306740648566,17.50879897803275,1.0,1.0,1.0,1.0,1.0,1.0,1.0,1.0,1.0,1.0
386.5,3.0,0.0,0.0,0.0,0.0,0.0,0.0,0.0,0.0,0.0,0.0,0.0,0.0,0.0,0.0,0.0,0.0,0.0,0.0,0.0,0.0
386.75,4.0,0.0,0.0,0.0,0.0,0.0,0.0,0.0,0.0,0.0,0.0,0.0,0.0,0.0,0.0,0.0,0.0,0.0,0.0,0.0,0.0
387.0,1.0,17.748689520200724,16.957196481132563,17.061774130405784,17.56609797229044,17.844829605879163,18.847374375740078,19.209545782268982,19.256004489223276,19.75215001797043,19.921752709351406,1.0,1.0,1.0,1.0,1.0,1.0,1.0,1.0,1.0,1.0
387.25,2.0,16.392086800142753,17.23012049145308,18.43082979166662,17.96742693456443,18.54313236895359,16.80992451901332,17.126843462142872,16.168616433073232,17.06997472483888,18.260259106924224,1.0,1.0,1.0,1.0,1.0,1.0,1.0,1.0,1.0,1.0
387.5,3.0,0.0,0.0,0.0,0.0,0.0,0.0,0.0,0.0,0.0,0.0,0.0,0.0,0.0,0.0,0.0,0.0,0.0,0.0,0.0,0.0
387.75,4.0,15.750322257392876,17.009986060752297,16.65179624652626,15.80887397003575,17.62707756111803,17.076266050191286,17.445511849051282,16.93658167882339,17.280263734064807,16.904656523762668,1.0,1.0,1.0,1.0,1.0,1.0,1.0,1.0,1.0,1.0
388.0,1.0,16.0885812073866,16.438077681026034,16.468368766075372,18.12070786600772,18.56752156588073,19.054921089335462,18.977150058227508,19.5896430347685,19.945917959054416,20.699513693128026,1.0,1.0,1.0,1.0,1.0,1.0,1.0,1.0,1.0,1.0
388.25,2.0,0.0,0.0,0.0,0.0,0.0,0.0,0.0,0.0,0.0,0.0,0.0,0.0,0.0,0.0,0.0,0.0,0.0,0.0,0.0,0.0
388.5,3.0,17.675581411309924,16.586778465142167,14.624805518448778,13.767075619778943,14.568866949457625,14.854616552666066,14.19077044988314,13.759107068664553,13.788048964349517,13.98134886972828,1.0,1.0,1.0,1.0,1.0,1.0,1.0,1.0,1.0,1.0
388.75,4.0,16.268344222911736,17.96194634353419,15.79844864948755,15.207776638014948,17.197470217276724,16.169069488231735,16.60674375049715,16.576408402619446,17.464658875837888,17.540666437200702,1.0,1.0,1.0,1.0,1.0,1.0,1.0,1.0,1.0,1.0
389.0,1.0,15.865234700456401,16.579767449778437,16.77309115544757,17.386840046535205,17.266843886062723,17.95671938086684,18.295053569824724,19.89722015006916,20.028118083151544,20.69781677507962,1.0,1.0,1.0,1.0,1.0,1.0,1.0,1.0,1.0,1.0
389.25,2.0,17.61025661241761,17.576464807777786,17.28851982978885,17.460320366275536,17.182971565509064,15.74533201680583,16.1871517049875,16.161413449203952,17.120220698626227,19.776388357446713,1.0,1.0,1.0,1.0,1.0,1.0,1.0,1.0,1.0,1.0
389.5,3.0,0.0,0.0,0.0,0.0,0.0,0.0,0.0,0.0,0.0,0.0,0.0,0.0,0.0,0.0,0.0,0.0,0.0,0.0,0.0,0.0
389.75,4.0,17.455177015518977,16.064139603626646,14.324235003067795,14.829889601427178,17.25229820034615,16.161180878725652,16.890365310106006,15.862080117861176,16.00148563351737,16.51491436622598,1.0,1.0,1.0,1.0,1.0,1.0,1.0,1.0,1.0,1.0
390.0,1.0,14.911043953231449,16.399323283281298,15.644147248444447,16.83598855023629,17.038630776876406,17.55215016958374,18.566912212257975,19.604080123375752,19.429061003110302,19.99210838298736,1.0,1.0,1.0,1.0,1.0,1.0,1.0,1.0,1.0,1.0
390.25,2.0,0.0,0.0,0.0,0.0,0.0,0.0,0.0,0.0,0.0,0.0,0.0,0.0,0.0,0.0,0.0,0.0,0.0,0.0,0.0,0.0
390.5,3.0,15.521092662694944,15.24273492400872,14.686503850645888,16.233173118489717,14.42387268042708,14.333468175915582,13.638012715361992,13.62157773546639,14.121636835680636,14.223148250220882,1.0,1.0,1.0,1.0,1.0,1.0,1.0,1.0,1.0,1.0
390.75,4.0,16.57244680004353,15.39890915292374,14.497045308564125,15.734814161621426,17.589872511160202,16.56470736633646,16.49448199197385,15.617480179997498,16.231678488732374,15.659550166327406,1.0,1.0,1.0,1.0,1.0,1.0,1.0,1.0,1.0,1.0
391.0,1.0,0.0,0.0,0.0,0.0,0.0,0.0,0.0,0.0,0.0,0.0,0.0,0.0,0.0,0.0,0.0,0.0,0.0,0.0,0.0,0.0
391.25,2.0,0.0,0.0,0.0,0.0,0.0,0.0,0.0,0.0,0.0,0.0,0.0,0.0,0.0,0.0,0.0,0.0,0.0,0.0,0.0,0.0
391.5,3.0,14.78910629554087,15.091330893506223,14.504754292182168,16.461976735050005,14.273200036057116,13.960058603596178,13.953353830508041,13.561382307231893,14.025476102100125,14.957834999687233,1.0,1.0,1.0,1.0,1.0,1.0,1.0,1.0,1.0,1.0
391.75,4.0,0.0,0.0,0.0,0.0,0.0,0.0,0.0,0.0,0.0,0.0,0.0,0.0,0.0,0.0,0.0,0.0,0.0,0.0,0.0,0.0
392.0,1.0,16.321523087265984,16.71277780291169,15.503788377508124,16.133317054221347,17.36841636355812,16.642523908926,17.7420957180807,18.958379244255685,19.89586629635664,20.26890307137214,1.0,1.0,1.0,1.0,1.0,1.0,1.0,1.0,1.0,1.0
392.25,2.0,16.096890146482828,16.654285507616784,15.246048302502116,16.427585663144335,17.286033095875858,16.97720165026713,18.455237415816583,18.64486397722881,19.118959548786428,20.030595921421476,1.0,1.0,1.0,1.0,1.0,1.0,1.0,1.0,1.0,1.0
392.5,3.0,0.0,0.0,0.0,0.0,0.0,0.0,0.0,0.0,0.0,0.0,0.0,0.0,0.0,0.0,0.0,0.0,0.0,0.0,0.0,0.0
392.75,4.0,16.295892637697904,16.717955664903986,16.122795741489654,15.88513386555756,15.682931409858334,14.888876076498745,14.470256928190715,14.280200305361337,15.162961446081964,15.500342962863762,1.0,1.0,1.0,1.0,1.0,1.0,1.0,1.0,1.0,1.0
393.0,1.0,16.322216715006537,16.7685110847707,16.184439180825844,18.11437949067069,18.745215119901783,17.943971088503123,18.952248157284984,19.61644689620373,18.9997907333107,19.844089296273594,1.0,1.0,1.0,1.0,1.0,1.0,1.0,1.0,1.0,1.0
393.25,2.0,0.0,0.0,0.0,0.0,0.0,0.0,0.0,0.0,0.0,0.0,0.0,0.0,0.0,0.0,0.0,0.0,0.0,0.0,0.0,0.0
393.5,3.0,17.513940120693007,18.65578777804811,17.197030706928615,13.959195611621189,13.595657851023601,13.886963058354626,14.260725045358248,15.539216272175869,16.578874455344728,17.355586433997463,1.0,1.0,1.0,1.0,1.0,1.0,1.0,1.0,1.0,1.0
393.75,4.0,16.680943209041736,17.177966735064093,16.57611682793826,16.013305975896905,15.722445924895249,15.369734700557325,15.17452333609429,14.338747231770288,14.383755076131756,14.958347874666423,1.0,1.0,1.0,1.0,1.0,1.0,1.0,1.0,1.0,1.0
394.0,1.0,0.0,0.0,0.0,0.0,0.0,0.0,0.0,0.0,0.0,0.0,0.0,0.0,0.0,0.0,0.0,0.0,0.0,0.0,0.0,0.0
394.25,2.0,17.753520294689505,17.57165334392748,16.053287923384026,17.07919064515812,17.052376106265452,17.095936439380733,17.579930538354397,19.11551706060183,19.23122760304313,20.17440442299248,1.0,1.0,1.0,1.0,1.0,1.0,1.0,1.0,1.0,1.0
394.5,3.0,0.0,0.0,0.0,0.0,0.0,0.0,0.0,0.0,0.0,0.0,0.0,0.0,0.0,0.0,0.0,0.0,0.0,0.0,0.0,0.0
394.75,4.0,0.0,0.0,0.0,0.0,0.0,0.0,0.0,0.0,0.0,0.0,0.0,0.0,0.0,0.0,0.0,0.0,0.0,0.0,0.0,0.0
395.0,1.0,17.41629054777368,17.615217162569298,16.751961413459888,18.7269782987769,19.33167157700721,18.29418191860667,17.88160360295195,17.501675325138777,17.180491809544833,17.341344271349353,1.0,1.0,1.0,1.0,1.0,1.0,1.0,1.0,1.0,1.0
395.25,2.0,16.875621401213703,17.32781173615341,15.804891344961998,16.75032382596717,16.899469325924,17.914984250157104,18.706935723123074,20.251779911147157,20.18357056233853,20.935871645799914,1.0,1.0,1.0,1.0,1.0,1.0,1.0,1.0,1.0,1.0
395.5,3.0,0.0,0.0,0.0,0.0,0.0,0.0,0.0,0.0,0.0,0.0,0.0,0.0,0.0,0.0,0.0,0.0,0.0,0.0,0.0,0.0
395.75,4.0,17.392332462177425,15.935185003561498,13.525728160309134,13.793293994632018,14.439104911533674,15.82256413877217,15.247222708563097,16.230722262620557,16.236685426093715,17.03299377736339,1.0,1.0,1.0,1.0,1.0,1.0,1.0,1.0,1.0,1.0
396.0,1.0,18.00080840703048,17.245376276452678,17.651283093464226,18.824797425212843,18.681362497773673,17.3745308076951,17.980078680867607,17.200757721111852,17.319724555899654,17.639175127613473,1.0,1.0,1.0,1.0,1.0,1.0,1.0,1.0,1.0,1.0
396.25,2.0,0.0,0.0,0.0,0.0,0.0,0.0,0.0,0.0,0.0,0.0,0.0,0.0,0.0,0.0,0.0,0.0,0.0,0.0,0.0,0.0
396.5,3.0,14.665540448251226,14.27115987494514,16.17128275195935,14.85581082470763,14.898557700265124,15.501393097544073,15.3040197322416,16.000614788407834,16.0530609351128,16.241147816561842,1.0,1.0,1.0,1.0,1.0,1.0,1.0,1.0,1.0,1.0
396.75,4.0,16.71249962591747,14.312658768092222,14.263694915469028,14.929467015930479,15.818632677900492,16.40830917768441,16.830083322599172,17.389880374911236,17.792902412460368,19.132756610004936,1.0,1.0,1.0,1.0,1.0,1.0,1.0,1.0,1.0,1.0
397.0,1.0,18.00629539918348,17.184920272231473,17.483103328080297,18.65764745114066,18.62625836681289,18.28861184782239,17.94953854741605,18.08729509651391,17.53313947808499,18.194601123674385,1.0,1.0,1.0,1.0,1.0,1.0,1.0,1.0,1.0,1.0
397.25,2.0,16.992069644935118,16.565849188214045,17.08057105365486,17.375259441568502,19.08667034893677,20.35660403249059,21.478586135883393,20.691743068456073,20.004193594333312,19.50580083449347,1.0,1.0,1.0,1.0,1.0,1.0,1.0,1.0,1.0,1.0
397.5,3.0,0.0,0.0,0.0,0.0,0.0,0.0,0.0,0.0,0.0,0.0,0.0,0.0,0.0,0.0,0.0,0.0,0.0,0.0,0.0,0.0
397.75,4.0,16.671355533449177,14.636170058108858,15.300572265207805,15.859897000749362,16.413961693596967,17.18459457752715,17.190199394452712,17.709588476584813,17.004075387330467,18.580624085893223,1.0,1.0,1.0,1.0,1.0,1.0,1.0,1.0,1.0,1.0
398.0,1.0,17.69191299813009,17.410158299314993,17.082974524522342,17.45444988311748,18.05357511247444,17.809847712381075,17.70266815866282,18.311655251985826,18.168551631241638,18.92002305541474,1.0,1.0,1.0,1.0,1.0,1.0,1.0,1.0,1.0,1.0
398.25,2.0,0.0,0.0,0.0,0.0,0.0,0.0,0.0,0.0,0.0,0.0,0.0,0.0,0.0,0.0,0.0,0.0,0.0,0.0,0.0,0.0
398.5,3.0,15.851783438532067,14.56234301368377,16.39584713744684,14.268375523977747,13.60153032392904,13.555576801347181,13.519507628107718,13.471080814294771,13.734192257170811,14.328433144438863,1.0,1.0,1.0,1.0,1.0,1.0,1.0,1.0,1.0,1.0
398.75,4.0,16.05170570877194,15.453114306516511,16.99783927895785,16.61830829067472,15.519868736627428,15.853084738019627,16.106916229537173,16.77681348974276,17.259597620471933,18.868676488436385,1.0,1.0,1.0,1.0,1.0,1.0,1.0,1.0,1.0,1.0
399.0,1.0,0.0,0.0,0.0,0.0,0.0,0.0,0.0,0.0,0.0,0.0,0.0,0.0,0.0,0.0,0.0,0.0,0.0,0.0,0.0,0.0
399.25,2.0,0.0,0.0,0.0,0.0,0.0,0.0,0.0,0.0,0.0,0.0,0.0,0.0,0.0,0.0,0.0,0.0,0.0,0.0,0.0,0.0
399.5,3.0,15.14306177363006,15.279578617973035,16.51930264571401,13.834499330422839,13.437174107452861,13.247375538506704,12.552333400109058,13.288324113919423,13.088537218704653,14.523728660113951,1.0,1.0,1.0,1.0,1.0,1.0,1.0,1.0,1.0,1.0
399.75,4.0,0.0,0.0,0.0,0.0,0.0,0.0,0.0,0.0,0.0,0.0,0.0,0.0,0.0,0.0,0.0,0.0,0.0,0.0,0.0,0.0
400.0,1.0,15.902427779481323,17.024687815391246,17.336134171618646,18.14212213275781,17.930795200753643,16.982390618218258,17.52750331216628,18.56273061237404,19.164982421246847,19.694785813906925,1.0,1.0,1.0,1.0,1.0,1.0,1.0,1.0,1.0,1.0
400.25,2.0,17.50540385961129,16.354805357606175,18.989537743609617,18.61518094328668,18.93967255939738,18.051395659981775,18.533205489467363,17.534897434549062,18.31373348930323,18.489252665148484,1.0,1.0,1.0,1.0,1.0,1.0,1.0,1.0,1.0,1.0
400.5,3.0,0.0,0.0,0.0,0.0,0.0,0.0,0.0,0.0,0.0,0.0,0.0,0.0,0.0,0.0,0.0,0.0,0.0,0.0,0.0,0.0
400.75,4.0,16.740723878451604,17.914958722524037,17.798918634732768,17.04240692814112,14.506479537509447,15.725134630549348,15.63091344620404,16.41901073484341,17.921391400398672,18.19507520933981,1.0,1.0,1.0,1.0,1.0,1.0,1.0,1.0,1.0,1.0
401.0,1.0,17.601545516140007,18.46311458657684,18.23750557659484,18.220256592264604,17.58245487553049,17.141938478460613,17.76858030613352,18.972095501344537,19.704653730735785,20.493166137450917,1.0,1.0,1.0,1.0,1.0,1.0,1.0,1.0,1.0,1.0
401.25,2.0,0.0,0.0,0.0,0.0,0.0,0.0,0.0,0.0,0.0,0.0,0.0,0.0,0.0,0.0,0.0,0.0,0.0,0.0,0.0,0.0
401.5,3.0,15.56728939636949,16.10945775985643,15.869278810095484,14.987748457173952,15.280618060658357,15.485750466788954,14.611254086231597,13.997437084860008,14.389807417400085,16.154642382265962,1.0,1.0,1.0,1.0,1.0,1.0,1.0,1.0,1.0,1.0
401.75,4.0,16.608206528572435,17.736870224100095,17.377704713468326,15.844547167551788,15.193286563933146,16.194800892536303,16.56897636611595,16.56589179177723,16.385914008866607,17.112931297614978,1.0,1.0,1.0,1.0,1.0,1.0,1.0,1.0,1.0,1.0
402.0,1.0,0.0,0.0,0.0,0.0,0.0,0.0,0.0,0.0,0.0,0.0,0.0,0.0,0.0,0.0,0.0,0.0,0.0,0.0,0.0,0.0
402.25,2.0,17.4273781733415,16.228138819667148,17.945251596150623,18.05549527431949,18.286522245549197,18.754810841682673,18.872003592957615,17.734019620129317,17.00017755176013,15.749386695286816,1.0,1.0,1.0,1.0,1.0,1.0,1.0,1.0,1.0,1.0
402.5,3.0,0.0,0.0,0.0,0.0,0.0,0.0,0.0,0.0,0.0,0.0,0.0,0.0,0.0,0.0,0.0,0.0,0.0,0.0,0.0,0.0
402.75,4.0,0.0,0.0,0.0,0.0,0.0,0.0,0.0,0.0,0.0,0.0,0.0,0.0,0.0,0.0,0.0,0.0,0.0,0.0,0.0,0.0
403.0,1.0,18.491173631817855,18.866223230896022,18.605646002754714,18.474094273437025,18.98810723604706,19.352013904852758,19.898404361109897,19.51336471924645,19.03816525048313,21.39288995771867,1.0,1.0,1.0,1.0,1.0,1.0,1.0,1.0,1.0,1.0
403.25,2.0,17.27936560080953,14.928370985572787,17.09605214653063,16.265429387009117,16.919730027328622,17.425988023740672,17.17510826215727,16.45419121012126,16.228071116907508,15.785553945270411,1.0,1.0,1.0,1.0,1.0,1.0,1.0,1.0,1.0,1.0
403.5,3.0,16.701024772115826,15.95102838249326,16.21752309175947,17.0091994775551,17.661175747725004,17.045676641471527,16.88085698434492,15.78372437075606,15.243829561888976,16.341960905451476,1.0,1.0,1.0,1.0,1.0,1.0,1.0,1.0,1.0,1.0
403.75,4.0,16.760951275405436,15.516899496818349,15.058575197706764,14.616552501379891,14.477352853438234,14.803232219120055,14.236036349705683,15.112766346285628,15.357235759617891,16.48205625442841,1.0,1.0,1.0,1.0,1.0,1.0,1.0,1.0,1.0,1.0
404.0,1.0,19.000588590495497,18.73209894866142,18.477894663508465,18.78316602515238,19.412904102019183,19.18483018097514,20.220315762211648,20.22165942360548,19.814585489944783,20.50682074326125,1.0,1.0,1.0,1.0,1.0,1.0,1.0,1.0,1.0,1.0
404.25,2.0,0.0,0.0,0.0,0.0,0.0,0.0,0.0,0.0,0.0,0.0,0.0,0.0,0.0,0.0,0.0,0.0,0.0,0.0,0.0,0.0
404.5,3.0,16.722292712807455,17.23463530562151,17.34900702873547,17.22689377928897,17.706059472761808,17.384844553954803,16.190472492265695,14.92538032003647,14.781847973693747,15.628812136012966,1.0,1.0,1.0,1.0,1.0,1.0,1.0,1.0,1.0,1.0
404.75,4.0,15.443627212908922,14.703122423488418,15.025772491557875,15.139891215908419,14.216551112093544,13.702671108156945,14.062144096083008,14.66320636848133,15.31831602023274,15.9095520968142,1.0,1.0,1.0,1.0,1.0,1.0,1.0,1.0,1.0,1.0
405.0,1.0,17.890218718456083,18.003392780012337,18.56157641115862,18.701994212992865,19.049122460481364,18.599321926555664,19.46663426588304,18.861028111741263,18.901092825401523,19.638315477748836,1.0,1.0,1.0,1.0,1.0,1.0,1.0,1.0,1.0,1.0
405.25,2.0,17.101634524552008,15.018071105894776,15.69361406402827,16.314611695225313,17.052284309789687,16.96237749884662,16.667309290720247,15.66454876585414,15.862780837433018,15.043192361378264,1.0,1.0,1.0,1.0,1.0,1.0,1.0,1.0,1.0,1.0
405.5,3.0,0.0,0.0,0.0,0.0,0.0,0.0,0.0,0.0,0.0,0.0,0.0,0.0,0.0,0.0,0.0,0.0,0.0,0.0,0.0,0.0
405.75,4.0,15.483855311485435,14.279590003933075,13.983240936039259,14.047352122821003,13.994842142114164,13.608052575629278,13.858281256043071,14.226102906009055,15.143899657454895,15.962485671979058,1.0,1.0,1.0,1.0,1.0,1.0,1.0,1.0,1.0,1.0
406.0,1.0,17.41535220127358,18.498456719102315,18.079384310061403,18.463881491092522,19.15735177200534,18.982211967209928,19.561246993783985,18.803868357022736,18.973953589105022,20.456544272271177,1.0,1.0,1.0,1.0,1.0,1.0,1.0,1.0,1.0,1.0
406.25,2.0,0.0,0.0,0.0,0.0,0.0,0.0,0.0,0.0,0.0,0.0,0.0,0.0,0.0,0.0,0.0,0.0,0.0,0.0,0.0,0.0
406.5,3.0,18.9363306705683,18.10969889160586,18.430550569285778,18.33858825142139,15.247489956354727,15.424287920211611,14.531529768240562,14.533121957054929,14.910646216187276,16.14796551019298,1.0,1.0,1.0,1.0,1.0,1.0,1.0,1.0,1.0,1.0
406.75,4.0,15.056197629494173,13.578115087201173,14.93756257173783,15.71627879148769,14.845574631331349,14.104688247281082,15.153763389263803,15.091106426341872,15.706455377589371,15.953509839908142,1.0,1.0,1.0,1.0,1.0,1.0,1.0,1.0,1.0,1.0
407.0,1.0,0.0,0.0,0.0,0.0,0.0,0.0,0.0,0.0,0.0,0.0,0.0,0.0,0.0,0.0,0.0,0.0,0.0,0.0,0.0,0.0
407.25,2.0,15.73385801780649,14.554659369688494,14.79942547547381,14.822766828581535,16.570160161576272,17.189987895860494,16.89042111865929,17.25961266141478,17.32890003153022,16.621195250745664,1.0,1.0,1.0,1.0,1.0,1.0,1.0,1.0,1.0,1.0
407.5,3.0,18.409272521480982,18.1316420800506,17.19713479390663,17.068798032441947,14.166842989264804,13.946057050662068,13.464385587554485,15.459876628425151,15.30971457568121,15.242491676549568,1.0,1.0,1.0,1.0,1.0,1.0,1.0,1.0,1.0,1.0
407.75,4.0,0.0,0.0,0.0,0.0,0.0,0.0,0.0,0.0,0.0,0.0,0.0,0.0,0.0,0.0,0.0,0.0,0.0,0.0,0.0,0.0
408.0,1.0,16.860821945233756,15.490022986221458,17.88458328249525,18.441476889554583,17.47278239420132,17.60396733150904,16.976014904774836,16.86245775665226,17.483973607107473,18.879605246827722,1.0,1.0,1.0,1.0,1.0,1.0,1.0,1.0,1.0,1.0
408.25,2.0,15.072726836649343,14.445649513511755,15.528957000280725,15.539558317164442,17.566786948695448,18.057838133134553,18.247074732063908,19.459503479784622,18.53641685350615,18.734354376852224,1.0,1.0,1.0,1.0,1.0,1.0,1.0,1.0,1.0,1.0
408.5,3.0,0.0,0.0,0.0,0.0,0.0,0.0,0.0,0.0,0.0,0.0,0.0,0.0,0.0,0.0,0.0,0.0,0.0,0.0,0.0,0.0
408.75,4.0,15.93713216740761,16.46048592319278,17.21607511572631,16.688820135329724,16.92000615537256,16.977900196368022,17.49662248721389,16.881688088484104,16.683889100727015,17.07594066183245,1.0,1.0,1.0,1.0,1.0,1.0,1.0,1.0,1.0,1.0
409.0,1.0,16.577018821796614,15.41874218081205,18.234915917959675,18.65710730153961,17.933918440170117,18.309082524738397,17.250580484277673,17.510510760317402,18.173544316652148,18.469005117996353,1.0,1.0,1.0,1.0,1.0,1.0,1.0,1.0,1.0,1.0
409.25,2.0,0.0,0.0,0.0,0.0,0.0,0.0,0.0,0.0,0.0,0.0,0.0,0.0,0.0,0.0,0.0,0.0,0.0,0.0,0.0,0.0
409.5,3.0,17.8960855710843,18.425812928197765,17.211387882437666,15.837191786929038,16.07316205737178,16.15549727549192,15.178519379739143,15.820874716185536,15.438816111281552,15.920559205405594,1.0,1.0,1.0,1.0,1.0,1.0,1.0,1.0,1.0,1.0
409.75,4.0,17.846346277397267,17.14618741316493,18.130371640476593,17.46524578354333,18.003943361149222,18.239856752968606,18.847676011095096,18.027238715031544,17.87636235092156,18.367360686195514,1.0,1.0,1.0,1.0,1.0,1.0,1.0,1.0,1.0,1.0
410.0,1.0,16.81863540338622,16.560210433299055,18.770666762641252,17.79053681806507,17.179597372093635,18.028566921374004,17.832989345554978,18.087969873778786,18.55838663326571,18.54981144597741,1.0,1.0,1.0,1.0,1.0,1.0,1.0,1.0,1.0,1.0
410.25,2.0,17.03996831488395,16.320324746170677,16.72464792647561,17.84003420954102,18.311088830923893,18.318960123730808,19.865038495740247,20.34119971452108,19.19226579670596,19.524515987280274,1.0,1.0,1.0,1.0,1.0,1.0,1.0,1.0,1.0,1.0
410.5,3.0,0.0,0.0,0.0,0.0,0.0,0.0,0.0,0.0,0.0,0.0,0.0,0.0,0.0,0.0,0.0,0.0,0.0,0.0,0.0,0.0
410.75,4.0,0.0,0.0,0.0,0.0,0.0,0.0,0.0,0.0,0.0,0.0,0.0,0.0,0.0,0.0,0.0,0.0,0.0,0.0,0.0,0.0
411.0,1.0,17.293733392944244,17.147682098808236,18.360725998179387,17.468114342138236,16.787737296540524,16.885196126620695,17.810672239662757,18.35304298351489,18.876121319257564,19.44093202225561,1.0,1.0,1.0,1.0,1.0,1.0,1.0,1.0,1.0,1.0
411.25,2.0,16.61655256926389,15.68351767770438,17.21473408461191,17.57470486859697,18.340051649424424,18.371124951626353,19.72984896801728,19.819525690997978,18.794119480468762,19.213708516911495,1.0,1.0,1.0,1.0,1.0,1.0,1.0,1.0,1.0,1.0
411.5,3.0,18.100099535905812,16.574007335649718,16.292165721744293,17.681037681184655,16.29280007611741,17.106214257922446,15.640285019091312,16.036900174985966,15.235584318200939,15.40399957045221,1.0,1.0,1.0,1.0,1.0,1.0,1.0,1.0,1.0,1.0
411.75,4.0,18.14578962152743,17.532946165112218,18.70118716660359,18.90370939042166,19.615243010399,19.71033938726716,19.730469187013867,18.575445352208877,18.065322717435492,18.410632559580005,1.0,1.0,1.0,1.0,1.0,1.0,1.0,1.0,1.0,1.0
412.0,1.0,0.0,0.0,0.0,0.0,0.0,0.0,0.0,0.0,0.0,0.0,0.0,0.0,0.0,0.0,0.0,0.0,0.0,0.0,0.0,0.0
412.25,2.0,0.0,0.0,0.0,0.0,0.0,0.0,0.0,0.0,0.0,0.0,0.0,0.0,0.0,0.0,0.0,0.0,0.0,0.0,0.0,0.0
412.5,3.0,16.80402014944654,15.759376454452497,15.906274490869837,16.84426969424718,16.544032708242785,15.942477923959592,15.500751393709127,16.457993698061475,16.728644916305917,16.4827840844462,1.0,1.0,1.0,1.0,1.0,1.0,1.0,1.0,1.0,1.0
412.75,4.0,18.16405445032821,18.589430074358678,18.77240579635541,18.90950402987051,18.913362708107933,19.081606758082778,18.40766009839628,18.150563317220634,18.227358129462782,17.96339279916009,1.0,1.0,1.0,1.0,1.0,1.0,1.0,1.0,1.0,1.0
413.0,1.0,18.178552823500308,15.593342102166575,16.490009977653227,18.371675201756673,18.89699192442235,19.431064970731498,18.347836722701246,18.207575304896707,19.068491865601217,19.76250492949042,1.0,1.0,1.0,1.0,1.0,1.0,1.0,1.0,1.0,1.0
413.25,2.0,17.02711583519326,16.564289485661163,19.389560387199772,19.677034691689265,18.05110255621808,17.97935388636107,18.891676178123948,19.619216774397387,19.015550424058798,19.159311089946925,1.0,1.0,1.0,1.0,1.0,1.0,1.0,1.0,1.0,1.0
413.5,3.0,0.0,0.0,0.0,0.0,0.0,0.0,0.0,0.0,0.0,0.0,0.0,0.0,0.0,0.0,0.0,0.0,0.0,0.0,0.0,0.0
413.75,4.0,19.313896745478754,18.73797439635067,18.742762227863764,18.5633625743206,18.692153113670546,18.625916888172956,17.963057298765342,19.02551754806878,19.009053919877868,19.112204629205863,1.0,1.0,1.0,1.0,1.0,1.0,1.0,1.0,1.0,1.0
414.0,1.0,16.100677185220878,15.751490934085645,17.826479345514347,19.54827885803873,19.223645477992523,19.741456033491595,18.86999152692748,18.447146949124765,19.987471181704432,19.94202452586134,1.0,1.0,1.0,1.0,1.0,1.0,1.0,1.0,1.0,1.0
414.25,2.0,0.0,0.0,0.0,0.0,0.0,0.0,0.0,0.0,0.0,0.0,0.0,0.0,0.0,0.0,0.0,0.0,0.0,0.0,0.0,0.0
414.5,3.0,15.910481650259413,15.482551148182687,15.451974516786466,15.436409172811551,16.73362901407926,16.44692816912175,14.751544489251636,15.219286649435102,15.362947381245698,15.449168586871284,1.0,1.0,1.0,1.0,1.0,1.0,1.0,1.0,1.0,1.0
414.75,4.0,20.123235208414926,19.099734655408028,18.966834797874185,17.985780611548645,19.28271760255253,18.633590229014207,18.538513441911622,18.490332136155192,18.191778105534777,18.05648589874164,1.0,1.0,1.0,1.0,1.0,1.0,1.0,1.0,1.0,1.0
415.0,1.0,0.0,0.0,0.0,0.0,0.0,0.0,0.0,0.0,0.0,0.0,0.0,0.0,0.0,0.0,0.0,0.0,0.0,0.0,0.0,0.0
415.25,2.0,19.80181599351228,20.35774609047326,18.902338461556713,18.21026144797936,18.537441906793287,19.13714720666434,19.935388007901,19.370900310045755,18.67470758756665,18.739578825715242,1.0,1.0,1.0,1.0,1.0,1.0,1.0,1.0,1.0,1.0
415.5,3.0,17.111321246495816,15.300350060145409,16.04157975426725,15.581636809417677,16.19394717210726,15.998270698626058,14.63523973795048,15.176016266237921,16.198750418860993,16.1533322976725,1.0,1.0,1.0,1.0,1.0,1.0,1.0,1.0,1.0,1.0
415.75,4.0,0.0,0.0,0.0,0.0,0.0,0.0,0.0,0.0,0.0,0.0,0.0,0.0,0.0,0.0,0.0,0.0,0.0,0.0,0.0,0.0
416.0,1.0,16.94883097695135,16.921792059191095,20.167532636744955,20.980812498707245,20.371896331772213,19.94373977118402,18.26610980624341,17.68545996528365,17.558545472897784,16.37334858580761,1.0,1.0,1.0,1.0,1.0,1.0,1.0,1.0,1.0,1.0
416.25,2.0,20.535440122615817,19.54716359295418,19.080141684781424,19.021243545256592,19.64401994505464,19.071471332772127,19.598193417980173,18.217977132273628,18.238473707598995,18.144440091589942,1.0,1.0,1.0,1.0,1.0,1.0,1.0,1.0,1.0,1.0
416.5,3.0,0.0,0.0,0.0,0.0,0.0,0.0,0.0,0.0,0.0,0.0,0.0,0.0,0.0,0.0,0.0,0.0,0.0,0.0,0.0,0.0
416.75,4.0,19.457012311386844,18.073924207746746,18.79127428102618,18.24242611380774,17.958777296396107,17.438074416168618,16.429120312495407,17.375135761442426,17.250721660263945,17.584974949424797,1.0,1.0,1.0,1.0,1.0,1.0,1.0,1.0,1.0,1.0
417.0,1.0,18.204927709735276,19.934030667074836,20.801391398342613,20.710495103273477,19.17711266502971,18.675349783775317,17.44458562005548,16.722781322183202,16.676928551051603,15.848252772023319,1.0,1.0,1.0,1.0,1.0,1.0,1.0,1.0,1.0,1.0
417.25,2.0,0.0,0.0,0.0,0.0,0.0,0.0,0.0,0.0,0.0,0.0,0.0,0.0,0.0,0.0,0.0,0.0,0.0,0.0,0.0,0.0
417.5,3.0,18.778717156122475,18.989909101531573,17.87060163244331,16.54724937184941,15.866697948216101,15.529031157093959,15.961520912243,15.999752306571555,16.115594325937852,15.368256726500004,1.0,1.0,1.0,1.0,1.0,1.0,1.0,1.0,1.0,1.0
417.75,4.0,18.480122534918017,18.14305661215092,19.15629049639289,18.676962619934923,17.83782819841714,18.325904359299884,17.06400493460174,17.579258916838537,17.51093196987026,17.24504749900498,1.0,1.0,1.0,1.0,1.0,1.0,1.0,1.0,1.0,1.0
418.0,1.0,20.246150463283012,20.813028830306358,19.542022195708647,20.14475405888205,19.566631381460027,19.131352948394742,17.208840930700465,16.933483565508663,17.46635581461517,16.50004863427627,1.0,1.0,1.0,1.0,1.0,1.0,1.0,1.0,1.0,1.0
418.25,2.0,20.698506101275715,19.8220398969412,20.741193169977418,20.40464415458879,18.814207471184993,18.793220903954246,17.787350873552512,18.176777136962126,18.342914854497653,17.782963585346856,1.0,1.0,1.0,1.0,1.0,1.0,1.0,1.0,1.0,1.0
418.5,3.0,0.0,0.0,0.0,0.0,0.0,0.0,0.0,0.0,0.0,0.0,0.0,0.0,0.0,0.0,0.0,0.0,0.0,0.0,0.0,0.0
418.75,4.0,18.90091764619684,19.009185773143102,18.72469505702885,18.0261504084656,17.309806303205633,18.376838493520072,17.238267444582288,17.183356963927753,16.339601410249145,16.974693009244845,1.0,1.0,1.0,1.0,1.0,1.0,1.0,1.0,1.0,1.0
419.0,1.0,20.322330551285706,19.31629513143997,19.308822994049333,20.558957254291517,17.636154519128265,18.13023269462126,16.867525292331965,17.100508433043636,17.690306831754544,16.662534711117573,1.0,1.0,1.0,1.0,1.0,1.0,1.0,1.0,1.0,1.0
419.25,2.0,20.566600418368246,20.51440157851448,21.527162476501765,20.528608713949673,19.715667213091866,18.62660984717084,17.84332008322207,18.729135974347354,18.91406339415606,18.512266547418015,1.0,1.0,1.0,1.0,1.0,1.0,1.0,1.0,1.0,1.0
419.5,3.0,18.765918626259587,18.26191960673332,17.43571115078798,17.22577068081305,16.707636319368685,16.07452893438661,16.65195933213037,15.867501053083753,15.936290809104724,15.130813435687509,1.0,1.0,1.0,1.0,1.0,1.0,1.0,1.0,1.0,1.0
419.75,4.0,20.159529749618066,19.03206350690983,19.107282581847333,18.287444119276316,18.0043198693097,18.444978331679952,17.021472866607933,16.824312967069407,15.526830195666038,15.309184314359296,1.0,1.0,1.0,1.0,1.0,1.0,1.0,1.0,1.0,1.0
420.0,1.0,0.0,0.0,0.0,0.0,0.0,0.0,0.0,0.0,0.0,0.0,0.0,0.0,0.0,0.0,0.0,0.0,0.0,0.0,0.0,0.0
420.25,2.0,0.0,0.0,0.0,0.0,0.0,0.0,0.0,0.0,0.0,0.0,0.0,0.0,0.0,0.0,0.0,0.0,0.0,0.0,0.0,0.0
420.5,3.0,18.986453231623976,17.901302233213237,17.988516242746492,17.016108242034047,17.18429189100119,16.86597596773472,17.06331360665301,16.310058087781684,15.628016189952342,14.526119386385675,1.0,1.0,1.0,1.0,1.0,1.0,1.0,1.0,1.0,1.0
420.75,4.0,0.0,0.0,0.0,0.0,0.0,0.0,0.0,0.0,0.0,0.0,0.0,0.0,0.0,0.0,0.0,0.0,0.0,0.0,0.0,0.0
421.0,1.0,19.225707668662924,19.047490813519378,19.294010959505624,18.19685569684011,15.856702818500063,16.496689233283867,16.18679459653201,16.71049631678396,17.095626300721626,15.769876531671644,1.0,1.0,1.0,1.0,1.0,1.0,1.0,1.0,1.0,1.0
421.25,2.0,22.148828013246824,21.028611404986588,20.649489219546822,18.52806801001528,17.883305228448112,18.697739150015842,18.701107916033305,19.563785482336776,19.972830088422565,18.989259560523433,1.0,1.0,1.0,1.0,1.0,1.0,1.0,1.0,1.0,1.0
421.5,3.0,0.0,0.0,0.0,0.0,0.0,0.0,0.0,0.0,0.0,0.0,0.0,0.0,0.0,0.0,0.0,0.0,0.0,0.0,0.0,0.0
421.75,4.0,19.597169869713845,19.560117999249993,17.840096867912425,16.661124364171304,16.833629169819854,16.87553011075804,15.984712971344347,14.422552921804243,13.30521404508162,13.522499160788099,1.0,1.0,1.0,1.0,1.0,1.0,1.0,1.0,1.0,1.0
422.0,1.0,20.897206665260626,19.40656593353815,17.73784672858178,17.4535616787131,16.430041074930227,16.669454432280943,16.297467662249996,16.362751947329897,16.343705976263582,15.321882161842073,1.0,1.0,1.0,1.0,1.0,1.0,1.0,1.0,1.0,1.0
422.25,2.0,0.0,0.0,0.0,0.0,0.0,0.0,0.0,0.0,0.0,0.0,0.0,0.0,0.0,0.0,0.0,0.0,0.0,0.0,0.0,0.0
422.5,3.0,19.014780697752936,19.658428081929248,19.797288660948652,19.444209932423927,17.920725653465425,17.694327713833424,17.111999347803323,16.383826383777695,15.649509978949574,15.226315372038751,1.0,1.0,1.0,1.0,1.0,1.0,1.0,1.0,1.0,1.0
422.75,4.0,20.750924098584964,19.88677099225951,18.17882690291721,16.171965016917287,15.153134519458034,15.869227702441718,14.975062762555126,14.788234698092339,14.422307485663199,14.786832674172853,1.0,1.0,1.0,1.0,1.0,1.0,1.0,1.0,1.0,1.0
423.0,1.0,0.0,0.0,0.0,0.0,0.0,0.0,0.0,0.0,0.0,0.0,0.0,0.0,0.0,0.0,0.0,0.0,0.0,0.0,0.0,0.0
423.25,2.0,21.129940515356342,20.481656349433237,19.83355667385158,18.321243306583874,18.99470820115874,18.401038184297853,18.401807091236602,18.66190613990723,18.089442367521787,18.874232011754465,1.0,1.0,1.0,1.0,1.0,1.0,1.0,1.0,1.0,1.0
423.5,3.0,0.0,0.0,0.0,0.0,0.0,0.0,0.0,0.0,0.0,0.0,0.0,0.0,0.0,0.0,0.0,0.0,0.0,0.0,0.0,0.0
423.75,4.0,0.0,0.0,0.0,0.0,0.0,0.0,0.0,0.0,0.0,0.0,0.0,0.0,0.0,0.0,0.0,0.0,0.0,0.0,0.0,0.0
424.0,1.0,20.507068781257427,17.641189734657853,16.037250522464497,15.885255448557439,17.924798546318772,16.455841431592717,16.488228892193234,16.30261760852542,17.04242435481962,16.280279731472195,1.0,1.0,1.0,1.0,1.0,1.0,1.0,1.0,1.0,1.0
424.25,2.0,20.4755577297761,19.159460802832974,19.469127945581853,17.76778799498507,19.077968199573185,18.56258720980846,19.28526400403954,19.29195369205469,18.939995426221532,18.08413260015223,1.0,1.0,1.0,1.0,1.0,1.0,1.0,1.0,1.0,1.0
424.5,3.0,0.0,0.0,0.0,0.0,0.0,0.0,0.0,0.0,0.0,0.0,0.0,0.0,0.0,0.0,0.0,0.0,0.0,0.0,0.0,0.0
424.75,4.0,20.495763617767526,18.906737313648893,17.616605732233058,16.737298417519614,15.036859827134972,16.039482126004824,15.486506789965059,15.937692056220119,15.018403507270035,14.864120245129325,1.0,1.0,1.0,1.0,1.0,1.0,1.0,1.0,1.0,1.0
425.0,1.0,19.356049498208485,16.49826402225042,17.347492524518586,16.60597942044214,17.40096240836458,16.211481481638017,16.168537840502236,16.328738911991053,16.522108358427637,16.282328198566294,1.0,1.0,1.0,1.0,1.0,1.0,1.0,1.0,1.0,1.0
425.25,2.0,0.0,0.0,0.0,0.0,0.0,0.0,0.0,0.0,0.0,0.0,0.0,0.0,0.0,0.0,0.0,0.0,0.0,0.0,0.0,0.0
425.5,3.0,19.659338029283493,17.474717912542793,17.325708697951455,16.078510773222828,16.171683727747155,14.961548869080593,14.950631991833825,15.178248970542834,15.213186672357388,16.751689959778115,1.0,1.0,1.0,1.0,1.0,1.0,1.0,1.0,1.0,1.0
425.75,4.0,19.511864410246623,17.431430901427827,15.749853017789032,15.925580766668785,13.787713823969856,14.989080582061002,15.015962587549804,15.3439194103039,15.747358153310147,15.356011465923006,1.0,1.0,1.0,1.0,1.0,1.0,1.0,1.0,1.0,1.0
426.0,1.0,18.6174459417309,16.521351577697082,17.77961119727059,16.227133690466836,15.862172917280093,14.936204916397358,14.480430258353701,15.10689933941173,15.230745716631787,15.084991894184512,1.0,1.0,1.0,1.0,1.0,1.0,1.0,1.0,1.0,1.0
426.25,2.0,20.290507794078806,17.616200780651987,17.959910059117203,17.473049270473606,17.813287728177816,17.36092952858804,16.92012828308669,17.67614142426752,16.928766413563277,15.587699973792205,1.0,1.0,1.0,1.0,1.0,1.0,1.0,1.0,1.0,1.0
426.5,3.0,0.0,0.0,0.0,0.0,0.0,0.0,0.0,0.0,0.0,0.0,0.0,0.0,0.0,0.0,0.0,0.0,0.0,0.0,0.0,0.0
426.75,4.0,18.056772224151832,16.067024455779645,15.352103044531502,16.746047033057106,15.363157954324754,15.430957212978226,16.14353699650751,15.929354869847007,16.040197833412314,16.61415951655573,1.0,1.0,1.0,1.0,1.0,1.0,1.0,1.0,1.0,1.0
427.0,1.0,18.47979309314696,16.657103850730703,18.239143278413604,16.03585648129987,14.584728716176043,14.468914231852935,13.86650793149479,15.044701533331292,14.759863996974627,14.502534747451534,1.0,1.0,1.0,1.0,1.0,1.0,1.0,1.0,1.0,1.0
427.25,2.0,0.0,0.0,0.0,0.0,0.0,0.0,0.0,0.0,0.0,0.0,0.0,0.0,0.0,0.0,0.0,0.0,0.0,0.0,0.0,0.0
427.5,3.0,18.883897920387852,16.46748980625842,17.2382176379102,17.423177582530016,18.259521578866284,17.14346846754857,16.925527876146266,17.045678475514958,16.79979854949958,17.081300223522728,1.0,1.0,1.0,1.0,1.0,1.0,1.0,1.0,1.0,1.0
427.75,4.0,17.50078585336667,17.007908351125874,16.25463977592473,16.593962787035448,16.022275659819044,15.78295302443847,16.087475259561852,15.900129846402066,16.472733059821824,16.318665388086252,1.0,1.0,1.0,1.0,1.0,1.0,1.0,1.0,1.0,1.0
428.0,1.0,0.0,0.0,0.0,0.0,0.0,0.0,0.0,0.0,0.0,0.0,0.0,0.0,0.0,0.0,0.0,0.0,0.0,0.0,0.0,0.0
428.25,2.0,0.0,0.0,0.0,0.0,0.0,0.0,0.0,0.0,0.0,0.0,0.0,0.0,0.0,0.0,0.0,0.0,0.0,0.0,0.0,0.0
428.5,3.0,17.755292768479322,16.49602323592043,16.892093650840824,16.89968197945751,18.237374751693913,16.480487628438016,16.35998671072532,16.06816917545458,15.638472930003395,16.041275953550144,1.0,1.0,1.0,1.0,1.0,1.0,1.0,1.0,1.0,1.0
428.75,4.0,0.0,0.0,0.0,0.0,0.0,0.0,0.0,0.0,0.0,0.0,0.0,0.0,0.0,0.0,0.0,0.0,0.0,0.0,0.0,0.0
429.0,1.0,17.3221646543996,18.68504623082725,16.408597857283194,13.541516415711216,12.457009962133077,12.262036332014926,11.88443789930031,12.463702340419204,13.615470599516307,13.395425614397357,1.0,1.0,1.0,1.0,1.0,1.0,1.0,1.0,1.0,1.0
429.25,2.0,16.662267332520337,12.929151892294513,14.470606572011965,14.555914476875547,15.063306976179849,13.90917360291068,13.734099305306742,15.8378966471767,14.51917829560536,14.628559207613014,1.0,1.0,1.0,1.0,1.0,1.0,1.0,1.0,1.0,1.0
429.5,3.0,0.0,0.0,0.0,0.0,0.0,0.0,0.0,0.0,0.0,0.0,0.0,0.0,0.0,0.0,0.0,0.0,0.0,0.0,0.0,0.0
429.75,4.0,17.62351168299355,16.643719327557285,15.539228666227,16.464813447603454,16.18098784810946,16.631722454059716,16.49204664248008,16.23815549824784,15.485768621166471,14.29225275227863,1.0,1.0,1.0,1.0,1.0,1.0,1.0,1.0,1.0,1.0
430.0,1.0,17.57840307789194,17.12693292750952,14.600996693635633,12.64788456159477,11.862151798107266,11.926649577110727,11.439119153183897,12.397684006759997,12.652083364825591,12.96401911756792,1.0,1.0,1.0,1.0,1.0,1.0,1.0,1.0,1.0,1.0
430.25,2.0,0.0,0.0,0.0,0.0,0.0,0.0,0.0,0.0,0.0,0.0,0.0,0.0,0.0,0.0,0.0,0.0,0.0,0.0,0.0,0.0
430.5,3.0,15.835008473175309,16.037429258214388,16.292604965465895,15.898305324287291,16.085299534820013,15.016060530899283,14.72491387939994,14.919904771437436,14.085782641571907,15.548840812291115,1.0,1.0,1.0,1.0,1.0,1.0,1.0,1.0,1.0,1.0
430.75,4.0,16.475397731419534,15.339002450303834,15.684325606335388,16.517199833737717,16.67929136546528,16.89611289639319,15.449686473509363,14.878577229926336,14.436988302631045,13.462475010312804,1.0,1.0,1.0,1.0,1.0,1.0,1.0,1.0,1.0,1.0
431.0,1.0,0.0,0.0,0.0,0.0,0.0,0.0,0.0,0.0,0.0,0.0,0.0,0.0,0.0,0.0,0.0,0.0,0.0,0.0,0.0,0.0
431.25,2.0,14.944420194130627,14.645118535921041,15.975850802549454,13.42080697276478,12.594357133326625,11.142463430968258,11.691937937512343,12.363483245995354,12.408280248295714,13.790021488811327,1.0,1.0,1.0,1.0,1.0,1.0,1.0,1.0,1.0,1.0
431.5,3.0,0.0,0.0,0.0,0.0,0.0,0.0,0.0,0.0,0.0,0.0,0.0,0.0,0.0,0.0,0.0,0.0,0.0,0.0,0.0,0.0
431.75,4.0,0.0,0.0,0.0,0.0,0.0,0.0,0.0,0.0,0.0,0.0,0.0,0.0,0.0,0.0,0.0,0.0,0.0,0.0,0.0,0.0
432.0,1.0,15.08141737688289,15.234844663947655,13.860499546033383,11.824693214639362,11.37429902252411,11.26373624975385,11.124087158011456,11.420177567509159,11.479737350633988,12.18352119672733,1.0,1.0,1.0,1.0,1.0,1.0,1.0,1.0,1.0,1.0
432.25,2.0,13.914491562545004,15.305012946597918,15.349085969197823,12.01780005266716,11.984433753061763,11.406310059699267,12.228945400602372,13.285560780115917,13.559164144857588,14.34516435883389,1.0,1.0,1.0,1.0,1.0,1.0,1.0,1.0,1.0,1.0
432.5,3.0,0.0,0.0,0.0,0.0,0.0,0.0,0.0,0.0,0.0,0.0,0.0,0.0,0.0,0.0,0.0,0.0,0.0,0.0,0.0,0.0
432.75,4.0,13.364501719267482,15.156768791834303,14.86952822946931,15.018079262410478,15.512016278984335,15.567675412792664,14.529191399494023,13.735043563321256,14.221280510531756,14.351324128514939,1.0,1.0,1.0,1.0,1.0,1.0,1.0,1.0,1.0,1.0
433.0,1.0,13.703536697761436,15.167177878033836,12.431391705766593,11.333980550779556,11.928473568251933,11.794708801413721,12.18667981057817,12.650570520825347,13.443685459731709,13.268497541008923,1.0,1.0,1.0,1.0,1.0,1.0,1.0,1.0,1.0,1.0
433.25,2.0,0.0,0.0,0.0,0.0,0.0,0.0,0.0,0.0,0.0,0.0,0.0,0.0,0.0,0.0,0.0,0.0,0.0,0.0,0.0,0.0
433.5,3.0,13.122665917288437,12.060085491431398,12.901799401669287,12.190639178438815,12.509577655724925,13.415900905001738,12.062495179044232,12.67751141951494,12.131926316609698,13.657610029053279,1.0,1.0,1.0,1.0,1.0,1.0,1.0,1.0,1.0,1.0
433.75,4.0,14.45752889152986,14.825175412514266,14.353163368217364,15.339423669783397,15.189204627946403,14.863560862748516,14.55291441398491,15.015480355517171,14.597825316837758,14.330127823238168,1.0,1.0,1.0,1.0,1.0,1.0,1.0,1.0,1.0,1.0
434.0,1.0,14.336202149191083,14.037652521300883,12.037018567369952,12.332744372005989,12.961596159641642,13.634233854676925,13.337954808243465,13.320257218321494,13.398894618746985,13.572200287941692,1.0,1.0,1.0,1.0,1.0,1.0,1.0,1.0,1.0,1.0
434.25,2.0,14.057686733753432,13.0350976573198,13.507260903917517,11.92963712907371,13.184422975028625,11.855074119734354,10.119592718657263,10.665089645681972,10.708154835036781,11.721486245169526,1.0,1.0,1.0,1.0,1.0,1.0,1.0,1.0,1.0,1.0
434.5,3.0,0.0,0.0,0.0,0.0,0.0,0.0,0.0,0.0,0.0,0.0,0.0,0.0,0.0,0.0,0.0,0.0,0.0,0.0,0.0,0.0
434.75,4.0,15.08358864149163,15.250246844309164,14.839316857558288,14.388289869551395,13.270478394060493,13.775833824840436,14.296637974149885,14.784445603844242,15.857292650315927,16.673700560892115,1.0,1.0,1.0,1.0,1.0,1.0,1.0,1.0,1.0,1.0
435.0,1.0,13.790251023749539,13.097533848159541,12.607544291931102,13.29891941613248,14.219171238571878,14.527032904359373,14.18383446240913,14.250479845861042,14.82892504471841,14.86918258854448,1.0,1.0,1.0,1.0,1.0,1.0,1.0,1.0,1.0,1.0
435.25,2.0,0.0,0.0,0.0,0.0,0.0,0.0,0.0,0.0,0.0,0.0,0.0,0.0,0.0,0.0,0.0,0.0,0.0,0.0,0.0,0.0
435.5,3.0,10.688732656909481,11.136644183842478,12.569993062586668,13.181044640383819,12.83497668980642,12.099251073515601,10.820263723635222,11.651732503873438,12.067696766208561,12.928874734919539,1.0,1.0,1.0,1.0,1.0,1.0,1.0,1.0,1.0,1.0
435.75,4.0,14.893888632124074,14.674288440061732,13.397916978352852,12.106826306312247,11.968290561580249,13.690909043011683,14.620916110257703,15.734380804533398,17.007397107680724,17.569114186810044,1.0,1.0,1.0,1.0,1.0,1.0,1.0,1.0,1.0,1.0
436.0,1.0,0.0,0.0,0.0,0.0,0.0,0.0,0.0,0.0,0.0,0.0,0.0,0.0,0.0,0.0,0.0,0.0,0.0,0.0,0.0,0.0
436.25,2.0,0.0,0.0,0.0,0.0,0.0,0.0,0.0,0.0,0.0,0.0,0.0,0.0,0.0,0.0,0.0,0.0,0.0,0.0,0.0,0.0
436.5,3.0,11.096182814168865,10.627552541189456,13.277747352813716,13.265797725375553,12.169261975653459,11.748976113114455,11.583544665608578,11.515053924571117,12.273798015503509,12.034634329346984,1.0,1.0,1.0,1.0,1.0,1.0,1.0,1.0,1.0,1.0
436.75,4.0,0.0,0.0,0.0,0.0,0.0,0.0,0.0,0.0,0.0,0.0,0.0,0.0,0.0,0.0,0.0,0.0,0.0,0.0,0.0,0.0
437.0,1.0,12.662154200069281,12.852195790047354,11.80944518202794,13.92654945493529,15.500942807261062,16.448869552993024,15.878246794543905,16.436664074728732,16.30703478183056,15.694524791631501,1.0,1.0,1.0,1.0,1.0,1.0,1.0,1.0,1.0,1.0
437.25,2.0,12.249320992186096,13.023315072034977,13.308016905284326,12.109221970340766,11.468787819611846,10.236606840364086,9.685973401531019,10.001941115663719,10.642606047753056,10.311313654747307,1.0,1.0,1.0,1.0,1.0,1.0,1.0,1.0,1.0,1.0
437.5,3.0,0.0,0.0,0.0,0.0,0.0,0.0,0.0,0.0,0.0,0.0,0.0,0.0,0.0,0.0,0.0,0.0,0.0,0.0,0.0,0.0
437.75,4.0,13.678180374926175,13.2562435849271,11.983329747083845,12.889536870784458,12.88962500495408,15.254497524363863,14.908089410633828,15.503932574101505,16.848224809286215,17.076806601670583,1.0,1.0,1.0,1.0,1.0,1.0,1.0,1.0,1.0,1.0
438.0,1.0,12.027263834227355,11.961943238518764,11.870819366257132,14.325598610468044,16.90504107666484,16.636561215516203,17.059678812577772,16.86070399894592,16.542977624330533,16.857514768191457,1.0,1.0,1.0,1.0,1.0,1.0,1.0,1.0,1.0,1.0
438.25,2.0,0.0,0.0,0.0,0.0,0.0,0.0,0.0,0.0,0.0,0.0,0.0,0.0,0.0,0.0,0.0,0.0,0.0,0.0,0.0,0.0
438.5,3.0,12.134320653679609,12.575542084333707,11.526167265824965,10.421674467918397,11.471052015036719,12.074843686685599,12.416032337609407,13.138584897499477,13.228063036855687,12.62564730446041,1.0,1.0,1.0,1.0,1.0,1.0,1.0,1.0,1.0,1.0
438.75,4.0,12.987156888805448,14.496142966151133,12.393770735959103,12.504084505857278,13.292165033356246,16.13025605572802,15.986078938888467,16.345697566472197,17.465777810592932,17.544762179331777,1.0,1.0,1.0,1.0,1.0,1.0,1.0,1.0,1.0,1.0
439.0,1.0,0.0,0.0,0.0,0.0,0.0,0.0,0.0,0.0,0.0,0.0,0.0,0.0,0.0,0.0,0.0,0.0,0.0,0.0,0.0,0.0
439.25,2.0,10.759648426283958,10.626314263451473,11.225431009355958,11.766415231202114,11.901274298196702,10.487658256173754,9.823247055511056,9.94311663702903,10.3629233781043,9.39794603126216,1.0,1.0,1.0,1.0,1.0,1.0,1.0,1.0,1.0,1.0
439.5,3.0,0.0,0.0,0.0,0.0,0.0,0.0,0.0,0.0,0.0,0.0,0.0,0.0,0.0,0.0,0.0,0.0,0.0,0.0,0.0,0.0
439.75,4.0,0.0,0.0,0.0,0.0,0.0,0.0,0.0,0.0,0.0,0.0,0.0,0.0,0.0,0.0,0.0,0.0,0.0,0.0,0.0,0.0
440.0,1.0,12.244743054869828,12.663671556661384,12.1107868544541,14.811057728322535,15.318933172528622,14.84489406634531,15.123157664638356,15.165990361563237,15.105066299538075,15.659764120495007,1.0,1.0,1.0,1.0,1.0,1.0,1.0,1.0,1.0,1.0
440.25,2.0,11.91377916395233,11.206428115473207,12.350815289679119,13.371886342349471,13.067964327280594,11.431488674499327,10.87144618636225,9.984069647927592,10.891322875814799,10.450059017141264,1.0,1.0,1.0,1.0,1.0,1.0,1.0,1.0,1.0,1.0
440.5,3.0,12.128011974837197,12.12079975740452,11.445570212740241,11.957109633115488,13.574652393753889,13.541966149624123,13.906641113936269,14.476243243987408,13.582220399448964,14.02037389560979,1.0,1.0,1.0,1.0,1.0,1.0,1.0,1.0,1.0,1.0
440.75,4.0,13.69919686342718,14.308937256853,13.184656202772864,13.971962744630352,15.439609317754353,17.39807312447501,16.933526687137917,17.38878179109731,17.55117372284492,16.81932668013889,1.0,1.0,1.0,1.0,1.0,1.0,1.0,1.0,1.0,1.0
441.0,1.0,12.112594340570409,13.300572653229926,13.02808295940527,15.087451042965737,14.112005443182962,14.16640788481517,14.38083447109875,15.197198350560399,15.412488983847943,15.380056713221315,1.0,1.0,1.0,1.0,1.0,1.0,1.0,1.0,1.0,1.0
441.25,2.0,0.0,0.0,0.0,0.0,0.0,0.0,0.0,0.0,0.0,0.0,0.0,0.0,0.0,0.0,0.0,0.0,0.0,0.0,0.0,0.0
441.5,3.0,12.529064028010817,13.514329018457339,11.587750236212136,11.053947403948511,13.863565404808057,14.164715114735394,14.08587104043144,14.21796813949941,13.926247059898364,13.796904667252237,1.0,1.0,1.0,1.0,1.0,1.0,1.0,1.0,1.0,1.0
441.75,4.0,14.517974790859725,14.950739962861158,14.475633010749002,14.621484725672664,16.075565144640482,16.567014905515897,16.78361322807937,16.599892228861247,16.736893421583925,16.288844178760602,1.0,1.0,1.0,1.0,1.0,1.0,1.0,1.0,1.0,1.0
442.0,1.0,13.335944651955169,13.908940420824784,13.829590971931784,14.065334824256144,13.8133029644346,13.711145863673107,14.745251637365095,14.878231346906253,15.606812566240004,16.694033268679508,1.0,1.0,1.0,1.0,1.0,1.0,1.0,1.0,1.0,1.0
442.25,2.0,13.57908753938773,13.729841663743423,12.58529414154973,13.223679059101242,12.515613263659,12.282490260028192,12.639822818722557,12.174972729924505,13.40870403093368,13.152884238185656,1.0,1.0,1.0,1.0,1.0,1.0,1.0,1.0,1.0,1.0
442.5,3.0,0.0,0.0,0.0,0.0,0.0,0.0,0.0,0.0,0.0,0.0,0.0,0.0,0.0,0.0,0.0,0.0,0.0,0.0,0.0,0.0
442.75,4.0,14.046674714104144,15.590932914185993,14.876090756821169,14.678907877208426,14.368164581626884,16.16246098668673,15.785446278432378,15.78840389481173,16.18162878291879,15.141180037062318,1.0,1.0,1.0,1.0,1.0,1.0,1.0,1.0,1.0,1.0
443.0,1.0,14.210348018201914,14.687078874467455,13.270059817940266,12.929508313266044,14.053498106234182,14.343573891290337,15.266570863585933,15.824903965921811,15.907129409285313,15.684691061685543,1.0,1.0,1.0,1.0,1.0,1.0,1.0,1.0,1.0,1.0
443.25,2.0,0.0,0.0,0.0,0.0,0.0,0.0,0.0,0.0,0.0,0.0,0.0,0.0,0.0,0.0,0.0,0.0,0.0,0.0,0.0,0.0
443.5,3.0,13.420694641922967,13.160486093126952,12.209792927934563,13.390854045648682,15.741931268483297,15.162079066932366,14.915293672946401,13.601875108690457,13.342380037964407,14.200269292309148,1.0,1.0,1.0,1.0,1.0,1.0,1.0,1.0,1.0,1.0
443.75,4.0,15.594779889373793,15.309832520614089,14.975730758502444,14.428750757064702,14.14934768499551,15.457798456018073,14.592915868093229,14.370700581645812,15.59403514384938,14.175958253352086,1.0,1.0,1.0,1.0,1.0,1.0,1.0,1.0,1.0,1.0
444.0,1.0,0.0,0.0,0.0,0.0,0.0,0.0,0.0,0.0,0.0,0.0,0.0,0.0,0.0,0.0,0.0,0.0,0.0,0.0,0.0,0.0
444.25,2.0,0.0,0.0,0.0,0.0,0.0,0.0,0.0,0.0,0.0,0.0,0.0,0.0,0.0,0.0,0.0,0.0,0.0,0.0,0.0,0.0
444.5,3.0,13.990161311323401,13.80366943370698,12.191458449477034,13.506612783402856,15.264483409041981,15.821939759305023,15.798941828865317,14.380175397965328,14.191826657781547,14.523716849427698,1.0,1.0,1.0,1.0,1.0,1.0,1.0,1.0,1.0,1.0
444.75,4.0,0.0,0.0,0.0,0.0,0.0,0.0,0.0,0.0,0.0,0.0,0.0,0.0,0.0,0.0,0.0,0.0,0.0,0.0,0.0,0.0
445.0,1.0,14.044831892136584,13.782807775526845,12.573062646298771,12.292078500983878,13.229939195443148,14.078836574496233,14.066895442033426,14.402112141717426,14.518439948636514,14.30307142210594,1.0,1.0,1.0,1.0,1.0,1.0,1.0,1.0,1.0,1.0
445.25,2.0,15.520968313773276,13.968571910260945,14.903599191735143,15.203739197156944,15.429025675597408,15.252809092957014,15.351392955031903,15.728154611577997,16.803744557972344,16.04199357318122,1.0,1.0,1.0,1.0,1.0,1.0,1.0,1.0,1.0,1.0
445.5,3.0,0.0,0.0,0.0,0.0,0.0,0.0,0.0,0.0,0.0,0.0,0.0,0.0,0.0,0.0,0.0,0.0,0.0,0.0,0.0,0.0
445.75,4.0,17.135900625588455,15.849617436962223,16.161551247164944,16.240729114515865,13.608947996595019,15.803187356906669,14.851935969275944,15.757695160922816,15.119684718918704,14.879419812600139,1.0,1.0,1.0,1.0,1.0,1.0,1.0,1.0,1.0,1.0
446.0,1.0,14.689184122008946,14.225977894183911,13.496280482159435,13.29742240262923,13.97905465467348,13.619205854059803,14.042118475935244,13.695228532049443,13.498014805213414,13.05448738206899,1.0,1.0,1.0,1.0,1.0,1.0,1.0,1.0,1.0,1.0
446.25,2.0,0.0,0.0,0.0,0.0,0.0,0.0,0.0,0.0,0.0,0.0,0.0,0.0,0.0,0.0,0.0,0.0,0.0,0.0,0.0,0.0
446.5,3.0,13.638749210445454,14.150212301197108,13.906486277089641,14.260864258766862,15.05617709216251,14.746888386176353,14.581917156725853,13.449138147812732,13.762487285828568,14.41800343545828,1.0,1.0,1.0,1.0,1.0,1.0,1.0,1.0,1.0,1.0
446.75,4.0,16.80580859003722,15.949495265251977,16.789310688442118,15.89577465122585,14.04710482908558,15.216686951348409,14.87478264693939,15.465618596884877,14.943425669219867,14.86188458178608,1.0,1.0,1.0,1.0,1.0,1.0,1.0,1.0,1.0,1.0
447.0,1.0,0.0,0.0,0.0,0.0,0.0,0.0,0.0,0.0,0.0,0.0,0.0,0.0,0.0,0.0,0.0,0.0,0.0,0.0,0.0,0.0
447.25,2.0,14.074227554384088,15.0044072332908,14.802607658963112,15.022343035715263,17.23607754705091,16.503475463248996,16.61717560144393,15.84175314466259,17.13290552726572,16.109360740610814,1.0,1.0,1.0,1.0,1.0,1.0,1.0,1.0,1.0,1.0
447.5,3.0,0.0,0.0,0.0,0.0,0.0,0.0,0.0,0.0,0.0,0.0,0.0,0.0,0.0,0.0,0.0,0.0,0.0,0.0,0.0,0.0
447.75,4.0,0.0,0.0,0.0,0.0,0.0,0.0,0.0,0.0,0.0,0.0,0.0,0.0,0.0,0.0,0.0,0.0,0.0,0.0,0.0,0.0
448.0,1.0,13.296129789706523,13.885044305589474,15.360034692892894,14.337675802864824,12.231688031743063,12.617191634101516,13.032464376433426,13.210081317682564,13.37412540233924,13.610785327582661,1.0,1.0,1.0,1.0,1.0,1.0,1.0,1.0,1.0,1.0
448.25,2.0,14.906104225033413,14.269051503709012,13.721451283904532,15.250876382072189,16.29994649579675,15.926517437270267,16.00431203973931,16.566355263878368,17.219090698788243,16.02074553073322,1.0,1.0,1.0,1.0,1.0,1.0,1.0,1.0,1.0,1.0
448.5,3.0,13.973648002397635,13.420155757861894,13.1978233281106,12.943284134134542,14.780289724154414,16.260537284636637,16.415089278028546,16.586174070212245,16.351864970151993,17.33142696727829,1.0,1.0,1.0,1.0,1.0,1.0,1.0,1.0,1.0,1.0
448.75,4.0,14.789364022316514,13.771494895524551,14.766601358531206,14.558617222438953,14.786554737854308,16.16816386323268,16.396319012821174,15.831810821222522,15.74287190471502,16.3539857279298,1.0,1.0,1.0,1.0,1.0,1.0,1.0,1.0,1.0,1.0
449.0,1.0,14.986679345626285,15.216593520148495,15.72801226084258,12.855033254085173,13.467786168204153,13.769058696058687,14.831572381317807,14.293849730849459,14.691000641638531,15.392870901138943,1.0,1.0,1.0,1.0,1.0,1.0,1.0,1.0,1.0,1.0
449.25,2.0,0.0,0.0,0.0,0.0,0.0,0.0,0.0,0.0,0.0,0.0,0.0,0.0,0.0,0.0,0.0,0.0,0.0,0.0,0.0,0.0
449.5,3.0,13.778838906222074,12.96886488094668,13.14572005809712,13.760593498281917,15.78144450503753,16.24398667445073,15.601778067329299,16.54378125503101,16.14091298110875,17.06684126039576,1.0,1.0,1.0,1.0,1.0,1.0,1.0,1.0,1.0,1.0
449.75,4.0,15.393167787931562,14.483791720958347,15.316327376786164,15.391963663370861,16.57911196478622,16.78402384188484,16.799235743420997,15.310706158912213,15.440424412811446,15.792505012938323,1.0,1.0,1.0,1.0,1.0,1.0,1.0,1.0,1.0,1.0
450.0,1.0,14.337077013530045,14.312049331664397,14.519341170695418,13.312075257912117,14.52416828102811,13.876154250652057,14.279490796522076,13.795079565297362,14.764644770361041,16.01858197353175,1.0,1.0,1.0,1.0,1.0,1.0,1.0,1.0,1.0,1.0
450.25,2.0,15.624070649182917,14.976905501925843,16.640405745947632,17.714057527113958,17.401941068617084,17.095599298920874,17.331405020966002,15.067796217753845,16.281318843860046,16.309581494822016,1.0,1.0,1.0,1.0,1.0,1.0,1.0,1.0,1.0,1.0
450.5,3.0,0.0,0.0,0.0,0.0,0.0,0.0,0.0,0.0,0.0,0.0,0.0,0.0,0.0,0.0,0.0,0.0,0.0,0.0,0.0,0.0
450.75,4.0,15.752134171236655,16.107617413171578,16.625379940158165,16.362007538386056,16.605118201754383,16.73215215082216,16.32143518644508,15.933426565510349,15.125677857389157,15.652706269236186,1.0,1.0,1.0,1.0,1.0,1.0,1.0,1.0,1.0,1.0
451.0,1.0,14.703212425501345,14.068819469337692,13.38772616021732,13.314249668806386,13.903553381828184,14.03333657745221,14.614725707834143,15.333761414813265,16.19529555673594,16.820785358272815,1.0,1.0,1.0,1.0,1.0,1.0,1.0,1.0,1.0,1.0
451.25,2.0,0.0,0.0,0.0,0.0,0.0,0.0,0.0,0.0,0.0,0.0,0.0,0.0,0.0,0.0,0.0,0.0,0.0,0.0,0.0,0.0
451.5,3.0,13.949084936466212,15.211821854605546,15.263416064217552,15.353237650506554,15.931251657667366,15.73152429104611,15.485103552232252,15.231344938680978,15.026444972320883,15.643959721851644,1.0,1.0,1.0,1.0,1.0,1.0,1.0,1.0,1.0,1.0
451.75,4.0,16.36652204161154,16.60986607558298,16.744829995268155,15.64416897638518,16.953455319683417,17.544183501753167,16.93825112511122,16.702660155034586,16.49791415857437,16.07296286745101,1.0,1.0,1.0,1.0,1.0,1.0,1.0,1.0,1.0,1.0
452.0,1.0,0.0,0.0,0.0,0.0,0.0,0.0,0.0,0.0,0.0,0.0,0.0,0.0,0.0,0.0,0.0,0.0,0.0,0.0,0.0,0.0
452.25,2.0,17.52601411412053,16.622968539833046,17.058804004619084,18.822688436051735,18.76342492210783,17.081784841405824,16.785640966872897,15.42460205501297,15.839494600711271,16.49973405355513,1.0,1.0,1.0,1.0,1.0,1.0,1.0,1.0,1.0,1.0
452.5,3.0,14.74509395567995,16.90531509244652,16.612172560296084,16.170431700468182,15.712904563700713,16.23319567857046,15.958810394961615,16.169254489622244,15.578125989945564,14.870329126004272,1.0,1.0,1.0,1.0,1.0,1.0,1.0,1.0,1.0,1.0
452.75,4.0,0.0,0.0,0.0,0.0,0.0,0.0,0.0,0.0,0.0,0.0,0.0,0.0,0.0,0.0,0.0,0.0,0.0,0.0,0.0,0.0
453.0,1.0,13.858154378613456,14.685069565199623,15.866833354665292,16.146299329483636,16.335973198129338,17.59433417593191,16.176924146431368,16.759788183655463,17.083566691699023,17.6119568655516,1.0,1.0,1.0,1.0,1.0,1.0,1.0,1.0,1.0,1.0
453.25,2.0,17.740420241739162,16.974087045242282,17.047553174668717,17.654008793405268,17.352503957569716,15.90658438605244,15.926037578787485,14.873938567969924,15.471316592541397,15.608455390867904,1.0,1.0,1.0,1.0,1.0,1.0,1.0,1.0,1.0,1.0
453.5,3.0,0.0,0.0,0.0,0.0,0.0,0.0,0.0,0.0,0.0,0.0,0.0,0.0,0.0,0.0,0.0,0.0,0.0,0.0,0.0,0.0
453.75,4.0,14.943860538570444,17.634374460263004,16.837449268954593,16.216406018169604,15.545867517124568,15.68537022309267,15.815754364094134,16.860070129365212,17.388570351586814,16.603069975172538,1.0,1.0,1.0,1.0,1.0,1.0,1.0,1.0,1.0,1.0
454.0,1.0,15.585313760665132,15.867958283700661,15.806101908959974,17.13296917682088,16.76058238093046,17.534257238311035,16.82048747114061,17.572533114178132,17.17108705558425,17.515849388097926,1.0,1.0,1.0,1.0,1.0,1.0,1.0,1.0,1.0,1.0
454.25,2.0,0.0,0.0,0.0,0.0,0.0,0.0,0.0,0.0,0.0,0.0,0.0,0.0,0.0,0.0,0.0,0.0,0.0,0.0,0.0,0.0
454.5,3.0,18.137494087320785,17.782154299031546,16.12891596048207,15.20889900167784,16.111621873444257,17.03552634650214,16.83072207431875,16.07295806664419,15.319940278172359,14.825239287633996,1.0,1.0,1.0,1.0,1.0,1.0,1.0,1.0,1.0,1.0
454.75,4.0,15.770581272631949,16.618340853105202,15.846887127333042,15.476913948537096,16.308427542435915,16.85527750637116,17.38892658835945,17.810777287896595,18.429154884606074,17.790171971162177,1.0,1.0,1.0,1.0,1.0,1.0,1.0,1.0,1.0,1.0
455.0,1.0,15.655754625619666,15.247365775355547,15.084912150644863,15.743828826087926,16.02212582960296,16.568303824645223,16.750618249406603,17.20461010375106,17.590356202911735,17.827395424588147,1.0,1.0,1.0,1.0,1.0,1.0,1.0,1.0,1.0,1.0
455.25,2.0,18.896048102180046,19.0325739664164,17.622177594601666,16.54095001003865,16.05931855483914,15.966524325271779,15.93160497262954,14.37262254114207,14.01307423864199,13.517705102226076,1.0,1.0,1.0,1.0,1.0,1.0,1.0,1.0,1.0,1.0
455.5,3.0,0.0,0.0,0.0,0.0,0.0,0.0,0.0,0.0,0.0,0.0,0.0,0.0,0.0,0.0,0.0,0.0,0.0,0.0,0.0,0.0
455.75,4.0,14.866973819923155,15.305096075679677,15.841936458507313,16.797554439717867,18.264803180054347,19.17875490182598,18.999334966882344,18.833877296615867,18.964964619608793,17.502238730316314,1.0,1.0,1.0,1.0,1.0,1.0,1.0,1.0,1.0,1.0
456.0,1.0,15.488908343600087,14.23141563835112,14.807723733140985,15.517231446461206,16.520299855649505,17.585908300597428,17.869899009152192,18.04061439611579,17.58717975323572,17.954505071146535,1.0,1.0,1.0,1.0,1.0,1.0,1.0,1.0,1.0,1.0
456.25,2.0,18.099416394814128,18.032538377361323,17.45337426825048,17.020676847342912,15.119810545769859,15.898601326774946,16.614670531247157,16.30808465170195,15.40772003080184,14.444619365428524,1.0,1.0,1.0,1.0,1.0,1.0,1.0,1.0,1.0,1.0
456.5,3.0,18.186104683355953,17.37659838028221,17.212213402898026,16.04325860571056,15.820311779570831,14.82497087310797,14.129147002473676,14.061436122468763,14.110070429925308,13.61693865107267,1.0,1.0,1.0,1.0,1.0,1.0,1.0,1.0,1.0,1.0
456.75,4.0,15.432459003392177,15.584230951094392,16.20850461328421,18.51489202068791,18.82128174808337,19.13265254227953,18.296640010892936,18.364515543790816,19.0931642630131,18.522857698119992,1.0,1.0,1.0,1.0,1.0,1.0,1.0,1.0,1.0,1.0
457.0,1.0,0.0,0.0,0.0,0.0,0.0,0.0,0.0,0.0,0.0,0.0,0.0,0.0,0.0,0.0,0.0,0.0,0.0,0.0,0.0,0.0
457.25,2.0,0.0,0.0,0.0,0.0,0.0,0.0,0.0,0.0,0.0,0.0,0.0,0.0,0.0,0.0,0.0,0.0,0.0,0.0,0.0,0.0
457.5,3.0,16.863401504638645,15.961790476295587,16.102429501375745,16.363559446547978,16.44386668707272,15.51902881875076,15.13411479863953,14.669963426518109,14.11075235793555,14.388733938680462,1.0,1.0,1.0,1.0,1.0,1.0,1.0,1.0,1.0,1.0
457.75,4.0,16.108835848529022,16.235730361744523,17.253098174072623,18.270213019969766,17.688463530070745,19.238255894604077,19.014024315234302,18.703542157611015,19.134230128787696,17.973916728618264,1.0,1.0,1.0,1.0,1.0,1.0,1.0,1.0,1.0,1.0
458.0,1.0,14.8567341112662,12.263808116351584,13.77833005737128,15.832560460912969,17.820091426178234,18.85581568545263,18.208159267125275,17.984842758156447,17.769574631760634,17.03604232297546,1.0,1.0,1.0,1.0,1.0,1.0,1.0,1.0,1.0,1.0
458.25,2.0,17.0415137543649,16.76492597336363,15.588103407393819,16.69888967382015,19.034295552161822,18.68511322609919,19.012493585845952,17.303428098873546,16.51619133001483,15.268018585350353,1.0,1.0,1.0,1.0,1.0,1.0,1.0,1.0,1.0,1.0
458.5,3.0,0.0,0.0,0.0,0.0,0.0,0.0,0.0,0.0,0.0,0.0,0.0,0.0,0.0,0.0,0.0,0.0,0.0,0.0,0.0,0.0
458.75,4.0,16.63020397460582,16.81139260755563,17.417056942302597,18.46589472655218,18.73489068048759,20.19273497022951,19.63658070094113,18.488757172633303,18.350940500323215,16.815723134112954,1.0,1.0,1.0,1.0,1.0,1.0,1.0,1.0,1.0,1.0
459.0,1.0,13.874323888212805,12.192265155160136,13.659941264405955,15.68233051236217,18.018195505635138,18.30669135975228,17.652939075947735,17.041762434895254,17.16123186596988,15.905337340248902,1.0,1.0,1.0,1.0,1.0,1.0,1.0,1.0,1.0,1.0
459.25,2.0,0.0,0.0,0.0,0.0,0.0,0.0,0.0,0.0,0.0,0.0,0.0,0.0,0.0,0.0,0.0,0.0,0.0,0.0,0.0,0.0
459.5,3.0,15.151878142631746,14.317459106118188,15.302227181093784,16.25695310211563,16.49584898619976,16.075488803920276,16.31582425529775,15.256146329188908,14.967148081283492,14.119426390809839,1.0,1.0,1.0,1.0,1.0,1.0,1.0,1.0,1.0,1.0
459.75,4.0,16.857805412119408,16.217419139267164,16.685355104846987,17.306250793399744,19.638776063576895,20.099549491321163,19.020408461638592,17.093494656821903,16.722000733594786,15.729696652112043,1.0,1.0,1.0,1.0,1.0,1.0,1.0,1.0,1.0,1.0
460.0,1.0,0.0,0.0,0.0,0.0,0.0,0.0,0.0,0.0,0.0,0.0,0.0,0.0,0.0,0.0,0.0,0.0,0.0,0.0,0.0,0.0
460.25,2.0,15.306266985293329,14.001409202317907,16.08325995674037,16.811403214778863,19.832454595766777,18.51620529465876,19.26704178014099,17.25405761924748,16.876386547850387,16.194659994627898,1.0,1.0,1.0,1.0,1.0,1.0,1.0,1.0,1.0,1.0
460.5,3.0,13.617730414620462,13.202577630267939,14.726762311799593,15.782405002269812,16.668935930610996,16.804146595695034,17.17603190032788,15.929891151582911,14.943205667659699,14.592460248541562,1.0,1.0,1.0,1.0,1.0,1.0,1.0,1.0,1.0,1.0
460.75,4.0,0.0,0.0,0.0,0.0,0.0,0.0,0.0,0.0,0.0,0.0,0.0,0.0,0.0,0.0,0.0,0.0,0.0,0.0,0.0,0.0
461.0,1.0,14.23633569570205,14.50901152916291,16.04887963558877,16.25879763465286,16.319194130265334,17.131980538684232,17.307612908589473,17.731222896806443,17.76028865344478,16.095454679515097,1.0,1.0,1.0,1.0,1.0,1.0,1.0,1.0,1.0,1.0
461.25,2.0,14.74272435560971,15.769760597948643,17.67229340334291,18.248870489628732,19.90560839215672,19.069917399583467,19.304248775427975,17.252198236557696,16.285193363073727,14.57727894298496,1.0,1.0,1.0,1.0,1.0,1.0,1.0,1.0,1.0,1.0
461.5,3.0,0.0,0.0,0.0,0.0,0.0,0.0,0.0,0.0,0.0,0.0,0.0,0.0,0.0,0.0,0.0,0.0,0.0,0.0,0.0,0.0
461.75,4.0,17.054854898138124,18.135595279560604,16.138694971728537,15.436611107100362,17.27025062787499,16.575483950039988,15.59250694406757,14.713897355195915,14.744784448605094,14.322785607731799,1.0,1.0,1.0,1.0,1.0,1.0,1.0,1.0,1.0,1.0
462.0,1.0,14.514043748216254,15.971397738162185,17.245982971160604,17.511384138581672,16.674308945226876,17.069637897663483,16.104571292036017,16.597752181524264,17.002448486307998,15.274263377966275,1.0,1.0,1.0,1.0,1.0,1.0,1.0,1.0,1.0,1.0
462.25,2.0,0.0,0.0,0.0,0.0,0.0,0.0,0.0,0.0,0.0,0.0,0.0,0.0,0.0,0.0,0.0,0.0,0.0,0.0,0.0,0.0
462.5,3.0,13.989185840960227,14.831096547844579,15.87364762303841,16.617691988693604,14.521019050617083,14.424030173977135,15.498251181520773,15.361919132459713,16.580534317273358,16.776458641622604,1.0,1.0,1.0,1.0,1.0,1.0,1.0,1.0,1.0,1.0
462.75,4.0,16.136403930269335,18.117482604534825,16.16190174805541,14.678019017100588,16.423912645976642,15.72497925712417,14.971788754547733,14.71169628890496,15.53321834621192,15.255401065926474,1.0,1.0,1.0,1.0,1.0,1.0,1.0,1.0,1.0,1.0
463.0,1.0,14.596618917549895,16.813730471172722,18.217359223412004,18.761439958039148,17.701342210589697,17.779786438264725,16.98829565837221,16.407911383384185,15.856107173301021,14.85638803133313,1.0,1.0,1.0,1.0,1.0,1.0,1.0,1.0,1.0,1.0
463.25,2.0,16.11944699398344,16.51432245669326,17.07374348723771,17.65513018337972,18.793624409374498,17.03524274765423,16.806768833643012,15.579372321274867,15.0431449100516,14.358650098455502,1.0,1.0,1.0,1.0,1.0,1.0,1.0,1.0,1.0,1.0
463.5,3.0,0.0,0.0,0.0,0.0,0.0,0.0,0.0,0.0,0.0,0.0,0.0,0.0,0.0,0.0,0.0,0.0,0.0,0.0,0.0,0.0
463.75,4.0,16.391991904126336,15.966588958395274,14.809439808425342,14.261233613065752,16.612461586126653,15.142529205307003,14.942794435602366,14.39268354067085,15.363619803604864,15.57343793039122,1.0,1.0,1.0,1.0,1.0,1.0,1.0,1.0,1.0,1.0
464.0,1.0,15.17941089196667,16.69930966396401,18.05095772654326,19.145905501525895,17.332148771694055,17.035099920688722,16.02263393871109,16.08101625662818,15.271746195432133,14.709173035107689,1.0,1.0,1.0,1.0,1.0,1.0,1.0,1.0,1.0,1.0
464.25,2.0,15.897908807449078,17.259939450771483,16.990411509109087,17.29226185750321,17.381134864322014,15.78685192020806,15.595722154588396,14.98026511438861,15.005584226287219,14.787418721107578,1.0,1.0,1.0,1.0,1.0,1.0,1.0,1.0,1.0,1.0
464.5,3.0,18.117943597307743,18.0585833102861,16.87100997217638,16.10291848984627,13.224010713603317,13.387800351770728,14.203500869930844,14.306633837726928,13.136183178655633,12.701377271937561,1.0,1.0,1.0,1.0,1.0,1.0,1.0,1.0,1.0,1.0
464.75,4.0,16.119598340306695,14.505573138480417,14.407684443158129,13.974916360877689,16.324623031728677,15.653095428932959,15.248874887044813,15.15555547322751,14.579449803240783,14.70916909178494,1.0,1.0,1.0,1.0,1.0,1.0,1.0,1.0,1.0,1.0
465.0,1.0,0.0,0.0,0.0,0.0,0.0,0.0,0.0,0.0,0.0,0.0,0.0,0.0,0.0,0.0,0.0,0.0,0.0,0.0,0.0,0.0
465.25,2.0,0.0,0.0,0.0,0.0,0.0,0.0,0.0,0.0,0.0,0.0,0.0,0.0,0.0,0.0,0.0,0.0,0.0,0.0,0.0,0.0
465.5,3.0,18.37971859149151,17.7973475178893,16.966504632527116,15.171214367824241,12.935850571488947,12.56617124879753,13.214670274154106,13.039064363030707,12.910890786728839,11.696001898796881,1.0,1.0,1.0,1.0,1.0,1.0,1.0,1.0,1.0,1.0
465.75,4.0,0.0,0.0,0.0,0.0,0.0,0.0,0.0,0.0,0.0,0.0,0.0,0.0,0.0,0.0,0.0,0.0,0.0,0.0,0.0,0.0
466.0,1.0,15.774223671799184,17.12675325477876,16.990753977365387,16.7405932414456,16.61079870035751,17.159528760148454,16.98570715145033,16.8060316380247,16.209543082123773,15.669542699284271,1.0,1.0,1.0,1.0,1.0,1.0,1.0,1.0,1.0,1.0
466.25,2.0,17.631738879298336,17.972173937612638,17.132012340058647,15.44718414439194,14.934083899058143,14.878143103908872,15.167905891564025,15.423474179213025,14.92950647607242,13.256226351460802,1.0,1.0,1.0,1.0,1.0,1.0,1.0,1.0,1.0,1.0
466.5,3.0,0.0,0.0,0.0,0.0,0.0,0.0,0.0,0.0,0.0,0.0,0.0,0.0,0.0,0.0,0.0,0.0,0.0,0.0,0.0,0.0
466.75,4.0,15.52645219785563,14.137653529232951,14.50847043651066,14.587182552064544,15.053789803422111,14.197433163897719,13.510987527566558,13.244197055502084,13.08982722504858,13.042689907586405,1.0,1.0,1.0,1.0,1.0,1.0,1.0,1.0,1.0,1.0
467.0,1.0,15.802021948780515,17.87278895421739,16.67792988952111,16.49799409899295,17.304901816686094,17.72434375185766,18.164142160996917,16.74391948362936,17.08803577247909,16.880484194324456,1.0,1.0,1.0,1.0,1.0,1.0,1.0,1.0,1.0,1.0
467.25,2.0,0.0,0.0,0.0,0.0,0.0,0.0,0.0,0.0,0.0,0.0,0.0,0.0,0.0,0.0,0.0,0.0,0.0,0.0,0.0,0.0
467.5,3.0,17.793344664500147,17.854059420335613,15.122545229920513,14.63958566126564,14.71929075835476,13.868016602100443,14.2436536794437,13.0827363648846,12.728735718900797,12.059896861895778,1.0,1.0,1.0,1.0,1.0,1.0,1.0,1.0,1.0,1.0
467.75,4.0,16.485837078112098,15.94672289392221,15.524494399670832,15.211629727858268,13.740778006573228,13.649881487858394,13.32354713217313,12.87922317829676,12.13140811820373,12.418206324693553,1.0,1.0,1.0,1.0,1.0,1.0,1.0,1.0,1.0,1.0
468.0,1.0,0.0,0.0,0.0,0.0,0.0,0.0,0.0,0.0,0.0,0.0,0.0,0.0,0.0,0.0,0.0,0.0,0.0,0.0,0.0,0.0
468.25,2.0,17.955437945081556,18.09937528716082,16.82500893790502,14.665989776125922,14.44509852826001,14.815376914313477,14.875173553272361,14.545948155815465,14.133614088413943,13.62617459509335,1.0,1.0,1.0,1.0,1.0,1.0,1.0,1.0,1.0,1.0
468.5,3.0,0.0,0.0,0.0,0.0,0.0,0.0,0.0,0.0,0.0,0.0,0.0,0.0,0.0,0.0,0.0,0.0,0.0,0.0,0.0,0.0
468.75,4.0,0.0,0.0,0.0,0.0,0.0,0.0,0.0,0.0,0.0,0.0,0.0,0.0,0.0,0.0,0.0,0.0,0.0,0.0,0.0,0.0
469.0,1.0,18.632174221609528,19.440631047696755,18.82915557178929,18.756143042726006,19.92610087550925,19.552550921788026,18.749859839247197,16.710363103560766,17.341865097266997,16.487203712137333,1.0,1.0,1.0,1.0,1.0,1.0,1.0,1.0,1.0,1.0
469.25,2.0,17.206306482870122,16.493316824803703,15.859224570145404,15.140566996816435,14.315194258331562,15.143578282685972,15.44945973406172,15.266395301433242,14.876208526378226,13.908593331583543,1.0,1.0,1.0,1.0,1.0,1.0,1.0,1.0,1.0,1.0
469.5,3.0,0.0,0.0,0.0,0.0,0.0,0.0,0.0,0.0,0.0,0.0,0.0,0.0,0.0,0.0,0.0,0.0,0.0,0.0,0.0,0.0
469.75,4.0,14.54421580078306,15.312627857254526,13.05615186326106,13.34990877226898,12.96854011231082,13.166670787594965,12.058308118307776,10.832293487513182,11.162170545535215,11.682498652327014,1.0,1.0,1.0,1.0,1.0,1.0,1.0,1.0,1.0,1.0
470.0,1.0,20.3274413959944,20.6922758429254,20.592721359429124,20.54946736323049,20.621668248493798,19.36081101390768,17.799223288723038,17.336177053906507,17.2918184934511,16.37330903190518,1.0,1.0,1.0,1.0,1.0,1.0,1.0,1.0,1.0,1.0
470.25,2.0,0.0,0.0,0.0,0.0,0.0,0.0,0.0,0.0,0.0,0.0,0.0,0.0,0.0,0.0,0.0,0.0,0.0,0.0,0.0,0.0
470.5,3.0,17.060849077903562,16.259101557780813,15.39590195170755,15.755148493627967,15.417565752507217,14.349281724075231,15.40231958902552,15.133648827812484,14.277223208830133,14.947711507970155,1.0,1.0,1.0,1.0,1.0,1.0,1.0,1.0,1.0,1.0
470.75,4.0,14.47289289260922,14.685645988993109,13.554177940126472,14.585734726570335,14.329587058426624,13.49904028152736,12.175896775592097,12.218156485852642,12.534698153649334,12.94065301014412,1.0,1.0,1.0,1.0,1.0,1.0,1.0,1.0,1.0,1.0
471.0,1.0,20.52423235550663,21.742555766308676,21.317972634038266,21.02817483464632,19.815288528286334,19.35132531917217,18.456648837635417,17.661164343060786,17.69678457385946,16.19381804985556,1.0,1.0,1.0,1.0,1.0,1.0,1.0,1.0,1.0,1.0
471.25,2.0,17.18189547048016,16.72189282450964,15.562442205607951,14.660284954437182,14.68496574798123,14.443626597696278,14.596029316808737,14.288290809646801,15.157485899200703,15.535706163500926,1.0,1.0,1.0,1.0,1.0,1.0,1.0,1.0,1.0,1.0
471.5,3.0,0.0,0.0,0.0,0.0,0.0,0.0,0.0,0.0,0.0,0.0,0.0,0.0,0.0,0.0,0.0,0.0,0.0,0.0,0.0,0.0
471.75,4.0,15.557269839343736,14.050458389369616,13.168873156189479,15.149471122949306,14.514692462052526,12.648398093988103,12.351613693748176,12.879299988902336,14.0223573328807,14.1113212645525,1.0,1.0,1.0,1.0,1.0,1.0,1.0,1.0,1.0,1.0
472.0,1.0,21.481072734798175,21.323418679745153,22.11363971754686,22.62724589910303,19.731904936941156,18.697044345363125,18.221280652455615,17.204834632849135,17.41030216254513,16.144957305805278,1.0,1.0,1.0,1.0,1.0,1.0,1.0,1.0,1.0,1.0
472.25,2.0,0.0,0.0,0.0,0.0,0.0,0.0,0.0,0.0,0.0,0.0,0.0,0.0,0.0,0.0,0.0,0.0,0.0,0.0,0.0,0.0
472.5,3.0,17.25922764488204,17.4849551067089,16.494742526269885,15.897221105634648,17.302680265572775,16.976898309768043,16.681301758955602,16.895358355002692,14.7270652370809,13.699823879449482,1.0,1.0,1.0,1.0,1.0,1.0,1.0,1.0,1.0,1.0
472.75,4.0,14.86385965841724,13.567429692965542,14.56255674194601,14.277071139332257,13.377850029225693,12.740690173993213,13.445730014136332,13.864878963321361,14.713953426144286,13.308908757719843,1.0,1.0,1.0,1.0,1.0,1.0,1.0,1.0,1.0,1.0
473.0,1.0,0.0,0.0,0.0,0.0,0.0,0.0,0.0,0.0,0.0,0.0,0.0,0.0,0.0,0.0,0.0,0.0,0.0,0.0,0.0,0.0
473.25,2.0,0.0,0.0,0.0,0.0,0.0,0.0,0.0,0.0,0.0,0.0,0.0,0.0,0.0,0.0,0.0,0.0,0.0,0.0,0.0,0.0
473.5,3.0,17.536976020448027,18.369043220681494,18.148144509400186,16.714844250146953,16.852233381299598,16.779428814822165,16.501286850058175,16.259910009536924,14.220056739978183,13.940376592562002,1.0,1.0,1.0,1.0,1.0,1.0,1.0,1.0,1.0,1.0
473.75,4.0,0.0,0.0,0.0,0.0,0.0,0.0,0.0,0.0,0.0,0.0,0.0,0.0,0.0,0.0,0.0,0.0,0.0,0.0,0.0,0.0
474.0,1.0,21.479268243231306,21.746794325609986,22.33202303917087,20.718633835921683,19.552656801278907,18.89653849546374,17.829212925208093,16.033244782859907,15.136310989206939,14.380531880022868,1.0,1.0,1.0,1.0,1.0,1.0,1.0,1.0,1.0,1.0
474.25,2.0,15.627683808470906,15.179458217010085,15.637911695450889,15.966073295142357,16.49038126834428,16.490170548299684,15.982329763607424,14.194691195241298,13.961164588599408,14.184741642450303,1.0,1.0,1.0,1.0,1.0,1.0,1.0,1.0,1.0,1.0
474.5,3.0,0.0,0.0,0.0,0.0,0.0,0.0,0.0,0.0,0.0,0.0,0.0,0.0,0.0,0.0,0.0,0.0,0.0,0.0,0.0,0.0
474.75,4.0,14.160283073360613,13.974218873622222,15.302427836793617,15.997342525238892,14.81767158533079,13.643809171855755,13.105755575398803,13.108085631302258,13.6229117116362,13.0868863199968,1.0,1.0,1.0,1.0,1.0,1.0,1.0,1.0,1.0,1.0
475.0,1.0,20.899763161972075,21.106261242694167,21.827473232238088,20.65332511951059,19.44315365657087,18.293418832228884,16.614320621454066,15.353304396925704,15.40948618142775,14.802987960925202,1.0,1.0,1.0,1.0,1.0,1.0,1.0,1.0,1.0,1.0
475.25,2.0,0.0,0.0,0.0,0.0,0.0,0.0,0.0,0.0,0.0,0.0,0.0,0.0,0.0,0.0,0.0,0.0,0.0,0.0,0.0,0.0
475.5,3.0,18.75369113254921,20.205401404823984,18.766803067475998,17.544904390719644,16.275523389256513,15.424124711021499,15.22886750052987,14.666418078946181,14.198123470131328,14.506683769599407,1.0,1.0,1.0,1.0,1.0,1.0,1.0,1.0,1.0,1.0
475.75,4.0,14.032869040522511,13.807003910613892,14.64380090116652,14.848443699137169,14.00749655707667,14.141137988590188,13.249171749263086,11.984579670604486,12.796564111299823,12.768909076390003,1.0,1.0,1.0,1.0,1.0,1.0,1.0,1.0,1.0,1.0
476.0,1.0,0.0,0.0,0.0,0.0,0.0,0.0,0.0,0.0,0.0,0.0,0.0,0.0,0.0,0.0,0.0,0.0,0.0,0.0,0.0,0.0
476.25,2.0,16.78207497159504,15.903377182055703,16.62229103440027,16.931734988336434,14.858706736590443,15.07667680737008,15.105720097791922,13.685949055895389,13.687422716907191,14.420892454992355,1.0,1.0,1.0,1.0,1.0,1.0,1.0,1.0,1.0,1.0
476.5,3.0,0.0,0.0,0.0,0.0,0.0,0.0,0.0,0.0,0.0,0.0,0.0,0.0,0.0,0.0,0.0,0.0,0.0,0.0,0.0,0.0
476.75,4.0,0.0,0.0,0.0,0.0,0.0,0.0,0.0,0.0,0.0,0.0,0.0,0.0,0.0,0.0,0.0,0.0,0.0,0.0,0.0,0.0
477.0,1.0,19.793117741197893,18.684964927041083,20.402187469508625,20.188764585245675,18.14121627854907,17.352141701209145,16.43139912149342,16.461416317000246,16.455664795053877,16.047961038887006,1.0,1.0,1.0,1.0,1.0,1.0,1.0,1.0,1.0,1.0
477.25,2.0,16.471434792640895,16.405721715005186,17.174557845915732,16.136197654357925,15.384108118523203,15.047371810185396,14.649310675693528,13.883377894203814,14.45514200431942,14.091592651752553,1.0,1.0,1.0,1.0,1.0,1.0,1.0,1.0,1.0,1.0
477.5,3.0,0.0,0.0,0.0,0.0,0.0,0.0,0.0,0.0,0.0,0.0,0.0,0.0,0.0,0.0,0.0,0.0,0.0,0.0,0.0,0.0
477.75,4.0,15.867824565614336,14.90052814669105,15.683658751862861,14.961614063630073,14.344800174866958,13.972483711040134,14.169459238743116,14.340920170052668,14.148405153963045,13.740189884327439,1.0,1.0,1.0,1.0,1.0,1.0,1.0,1.0,1.0,1.0
478.0,1.0,17.8052797058007,18.183159017582643,19.115809779465835,18.466003635852566,16.65584838389302,16.215227220074325,15.55501866417354,16.642228902848196,17.12188534830108,16.596257722900877,1.0,1.0,1.0,1.0,1.0,1.0,1.0,1.0,1.0,1.0
478.25,2.0,0.0,0.0,0.0,0.0,0.0,0.0,0.0,0.0,0.0,0.0,0.0,0.0,0.0,0.0,0.0,0.0,0.0,0.0,0.0,0.0
478.5,3.0,19.062990375544217,18.88827143443108,18.234667271446348,17.983166361452568,16.4317700217617,16.17037272963562,15.530822279213606,14.749940107207586,15.18247775276159,15.684865786734074,1.0,1.0,1.0,1.0,1.0,1.0,1.0,1.0,1.0,1.0
478.75,4.0,16.320430174277554,15.701609405689654,15.702569293189214,16.243370621933504,15.685488490734166,14.858928802000001,14.463628823990355,14.112329808518643,15.233596441946393,15.536021599917735,1.0,1.0,1.0,1.0,1.0,1.0,1.0,1.0,1.0,1.0
479.0,1.0,16.98680218174506,18.72755944832481,19.776796950849484,17.30864602027345,15.238118360605835,14.815891633142668,14.43523061581218,16.682020516229585,16.603194729576174,15.854025371423063,1.0,1.0,1.0,1.0,1.0,1.0,1.0,1.0,1.0,1.0
479.25,2.0,15.113954439149309,16.633967728724667,15.303747032201903,15.002884797326256,15.20906120000621,15.47655410261006,15.71127194030708,14.919238426656161,14.778188324148404,15.16873063687145,1.0,1.0,1.0,1.0,1.0,1.0,1.0,1.0,1.0,1.0
479.5,3.0,0.0,0.0,0.0,0.0,0.0,0.0,0.0,0.0,0.0,0.0,0.0,0.0,0.0,0.0,0.0,0.0,0.0,0.0,0.0,0.0
479.75,4.0,16.002138368914732,14.823186961747208,14.613728150877868,16.283019632877146,15.296876261387885,14.783214050686485,14.857606198249973,15.205475349573009,16.370584411085222,16.070406510916804,1.0,1.0,1.0,1.0,1.0,1.0,1.0,1.0,1.0,1.0
480.0,1.0,17.94421384798215,20.065215350205424,19.338031557657413,16.98409372104309,15.182326886291072,16.12194782372246,16.15746185937047,16.769371303073537,16.718704938458433,16.62564141835468,1.0,1.0,1.0,1.0,1.0,1.0,1.0,1.0,1.0,1.0
480.25,2.0,0.0,0.0,0.0,0.0,0.0,0.0,0.0,0.0,0.0,0.0,0.0,0.0,0.0,0.0,0.0,0.0,0.0,0.0,0.0,0.0
480.5,3.0,15.814619902963196,17.77042546373204,17.857537804845848,17.74747256439009,17.65206164598335,17.52731613942482,17.39978964255477,16.725416135249425,17.250206582455306,17.604870095357644,1.0,1.0,1.0,1.0,1.0,1.0,1.0,1.0,1.0,1.0
480.75,4.0,15.42072729375418,14.912099722936077,15.238224009147888,15.964839985541705,16.993135070420266,16.584169362788426,16.49934611059814,16.636767148238963,16.861445654505868,16.527177862893737,1.0,1.0,1.0,1.0,1.0,1.0,1.0,1.0,1.0,1.0
481.0,1.0,0.0,0.0,0.0,0.0,0.0,0.0,0.0,0.0,0.0,0.0,0.0,0.0,0.0,0.0,0.0,0.0,0.0,0.0,0.0,0.0
481.25,2.0,0.0,0.0,0.0,0.0,0.0,0.0,0.0,0.0,0.0,0.0,0.0,0.0,0.0,0.0,0.0,0.0,0.0,0.0,0.0,0.0
481.5,3.0,15.415194076378137,17.14166010155591,17.34370164424758,17.69055314525144,17.21869155555197,17.383179350241004,18.46730582368773,17.671849088314325,18.1369207716449,18.205944226178797,1.0,1.0,1.0,1.0,1.0,1.0,1.0,1.0,1.0,1.0
481.75,4.0,0.0,0.0,0.0,0.0,0.0,0.0,0.0,0.0,0.0,0.0,0.0,0.0,0.0,0.0,0.0,0.0,0.0,0.0,0.0,0.0
482.0,1.0,20.726588502892653,20.653458155887826,18.098420628998007,15.949425452051136,16.73002859823094,16.98969851382642,16.860388838772476,17.82858191028504,17.645783570292874,16.909995660842895,1.0,1.0,1.0,1.0,1.0,1.0,1.0,1.0,1.0,1.0
482.25,2.0,12.687054536649116,14.403386511279379,15.748294741330731,15.678650188295943,15.839160206182273,16.47434676776477,16.79446936510695,15.885078138837299,17.085385278080985,16.42902579877188,1.0,1.0,1.0,1.0,1.0,1.0,1.0,1.0,1.0,1.0
482.5,3.0,0.0,0.0,0.0,0.0,0.0,0.0,0.0,0.0,0.0,0.0,0.0,0.0,0.0,0.0,0.0,0.0,0.0,0.0,0.0,0.0
482.75,4.0,15.326653017864082,15.27928399185276,15.454773658332764,17.856258364694288,16.33610358555117,16.103161160080624,16.6105574208908,16.655733393458835,17.330505812099382,17.6591611964105,1.0,1.0,1.0,1.0,1.0,1.0,1.0,1.0,1.0,1.0
483.0,1.0,20.608817268161097,19.99707606077921,17.97431686707633,16.59773504581981,16.548458921437145,16.075843765179624,17.30281701977036,17.859774641591656,17.325848227063215,16.211463116292517,1.0,1.0,1.0,1.0,1.0,1.0,1.0,1.0,1.0,1.0
483.25,2.0,0.0,0.0,0.0,0.0,0.0,0.0,0.0,0.0,0.0,0.0,0.0,0.0,0.0,0.0,0.0,0.0,0.0,0.0,0.0,0.0
483.5,3.0,15.328861117150701,16.221427163620376,16.919413336702387,18.323218723440874,16.868402620435347,18.63506912222524,18.19859771149519,18.063206492824634,17.68662592188377,17.129765889333118,1.0,1.0,1.0,1.0,1.0,1.0,1.0,1.0,1.0,1.0
483.75,4.0,15.235267935856651,15.459381654415548,15.751614136791636,17.044347660233274,17.273086650121467,17.11999781635253,17.28114392518697,17.61995868916256,17.59755377401373,16.95274729685052,1.0,1.0,1.0,1.0,1.0,1.0,1.0,1.0,1.0,1.0
484.0,1.0,0.0,0.0,0.0,0.0,0.0,0.0,0.0,0.0,0.0,0.0,0.0,0.0,0.0,0.0,0.0,0.0,0.0,0.0,0.0,0.0
484.25,2.0,13.240250292926461,12.46228915220455,14.533975679525701,17.368364651836778,15.879469703950305,15.860280465039908,15.939341983722239,16.411625926476713,15.959699664981663,16.231761885423104,1.0,1.0,1.0,1.0,1.0,1.0,1.0,1.0,1.0,1.0
484.5,3.0,0.0,0.0,0.0,0.0,0.0,0.0,0.0,0.0,0.0,0.0,0.0,0.0,0.0,0.0,0.0,0.0,0.0,0.0,0.0,0.0
484.75,4.0,0.0,0.0,0.0,0.0,0.0,0.0,0.0,0.0,0.0,0.0,0.0,0.0,0.0,0.0,0.0,0.0,0.0,0.0,0.0,0.0
485.0,1.0,19.35312354646307,18.25812627758787,16.293654943902244,17.03531608500222,17.078242839509663,16.909611798354447,17.023413855169785,16.978806865583064,18.112953137412525,16.96050878886944,1.0,1.0,1.0,1.0,1.0,1.0,1.0,1.0,1.0,1.0
485.25,2.0,13.187851153355073,13.497540488804626,14.995572968266142,15.970276308535095,15.323823749318024,15.7422047819237,15.497085744871145,15.557968434965384,15.544008884825233,16.372154762203,1.0,1.0,1.0,1.0,1.0,1.0,1.0,1.0,1.0,1.0
485.5,3.0,15.12993357777219,17.464640010198895,18.91359479528465,18.485080594328764,17.587800604428978,17.21526311714846,17.040297423100395,17.029016083075128,16.537982883873358,16.32711900275179,1.0,1.0,1.0,1.0,1.0,1.0,1.0,1.0,1.0,1.0
485.75,4.0,15.156619469439834,16.72427874855727,16.51980412716582,17.289174676177865,15.806390752611742,15.508206567039279,15.797478338426735,17.502550652699775,17.30910302870121,16.867046639140167,1.0,1.0,1.0,1.0,1.0,1.0,1.0,1.0,1.0,1.0
486.0,1.0,18.347247335220313,17.50844517931839,15.080198702146193,16.515198905790307,17.827066015770985,16.75666402355741,17.325676811090837,16.341440360092605,16.5052059111253,14.97365240412438,1.0,1.0,1.0,1.0,1.0,1.0,1.0,1.0,1.0,1.0
486.25,2.0,0.0,0.0,0.0,0.0,0.0,0.0,0.0,0.0,0.0,0.0,0.0,0.0,0.0,0.0,0.0,0.0,0.0,0.0,0.0,0.0
486.5,3.0,15.742037681501369,16.784136333298317,18.046681404765582,17.087042511864283,16.610521012060683,16.66233608754533,15.93118239586096,16.039771541202335,15.919514767514352,16.10351215685737,1.0,1.0,1.0,1.0,1.0,1.0,1.0,1.0,1.0,1.0
486.75,4.0,16.827782946052125,16.985630934871054,16.842336152767412,17.319500839958952,16.191299061253876,15.909900513072289,15.374246475071,16.01572876320214,15.883671761517395,16.301013863439398,1.0,1.0,1.0,1.0,1.0,1.0,1.0,1.0,1.0,1.0
487.0,1.0,16.67604031797435,16.84243417652651,16.616589813958484,17.369022460964572,17.92171714406574,17.727893330727586,16.97873613153925,16.298210675086647,16.63420674262243,16.175318448903937,1.0,1.0,1.0,1.0,1.0,1.0,1.0,1.0,1.0,1.0
487.25,2.0,13.437912832356064,16.045158025999495,16.621398198189162,16.114186983829974,16.514414107935224,16.62424452112896,16.467661484380635,16.110565721070664,15.863344261581387,16.69951438199574,1.0,1.0,1.0,1.0,1.0,1.0,1.0,1.0,1.0,1.0
487.5,3.0,0.0,0.0,0.0,0.0,0.0,0.0,0.0,0.0,0.0,0.0,0.0,0.0,0.0,0.0,0.0,0.0,0.0,0.0,0.0,0.0
487.75,4.0,16.319688648736975,15.764557022877815,15.67962580265251,17.784030138742665,16.850777877792623,16.49906078858198,16.3719161014312,16.813930555751547,15.460583096019224,15.869316291111682,1.0,1.0,1.0,1.0,1.0,1.0,1.0,1.0,1.0,1.0
488.0,1.0,16.81080635586726,17.239333600653254,16.952765080476684,17.374845407396812,17.367327838538216,17.431728909017583,17.180484073931083,17.394175568812884,17.74528601167284,16.651939554355568,1.0,1.0,1.0,1.0,1.0,1.0,1.0,1.0,1.0,1.0
488.25,2.0,0.0,0.0,0.0,0.0,0.0,0.0,0.0,0.0,0.0,0.0,0.0,0.0,0.0,0.0,0.0,0.0,0.0,0.0,0.0,0.0
488.5,3.0,15.370195191275096,16.892756323179288,17.785309777766845,16.623526654980562,14.854552592011581,14.899542909402058,13.91092093408297,14.12288495267179,14.509292599694561,13.952407336020533,1.0,1.0,1.0,1.0,1.0,1.0,1.0,1.0,1.0,1.0
488.75,4.0,14.299204938387241,14.621492180848627,15.681904297971233,16.733462257508382,16.863469954328025,17.089172471555223,17.681199304310038,17.531414220560457,16.993200443443758,16.052541019695074,1.0,1.0,1.0,1.0,1.0,1.0,1.0,1.0,1.0,1.0
489.0,1.0,0.0,0.0,0.0,0.0,0.0,0.0,0.0,0.0,0.0,0.0,0.0,0.0,0.0,0.0,0.0,0.0,0.0,0.0,0.0,0.0
489.25,2.0,15.661030603937165,15.877029529671153,17.275893440355674,17.316589057002226,16.636858715809545,15.380716367205785,15.16871290565283,16.751546107911157,17.834984648837942,18.63252235918241,1.0,1.0,1.0,1.0,1.0,1.0,1.0,1.0,1.0,1.0
489.5,3.0,15.94217066531313,17.34615419285892,18.20082349035951,16.870316526785924,15.68479434686202,15.20730447095418,14.278159478904348,14.007946216884188,13.337660378779784,13.825231490311662,1.0,1.0,1.0,1.0,1.0,1.0,1.0,1.0,1.0,1.0
489.75,4.0,0.0,0.0,0.0,0.0,0.0,0.0,0.0,0.0,0.0,0.0,0.0,0.0,0.0,0.0,0.0,0.0,0.0,0.0,0.0,0.0
490.0,1.0,16.68700091760589,17.63112410779173,16.3798115212249,16.974693804270558,18.887581974724235,18.06659667668458,17.82716631003842,17.558346060318993,17.401362009746855,16.493846599453715,1.0,1.0,1.0,1.0,1.0,1.0,1.0,1.0,1.0,1.0
490.25,2.0,15.864773682127268,16.04927909420079,17.601102664626573,17.063551841093773,16.785768682640082,16.220534136532464,16.684822979300858,17.72760253688793,17.527434091834618,18.261326097934813,1.0,1.0,1.0,1.0,1.0,1.0,1.0,1.0,1.0,1.0
490.5,3.0,0.0,0.0,0.0,0.0,0.0,0.0,0.0,0.0,0.0,0.0,0.0,0.0,0.0,0.0,0.0,0.0,0.0,0.0,0.0,0.0
490.75,4.0,14.232009047877112,13.809549641010953,15.12184001167664,16.129085481571806,16.761322550385525,16.805801755188455,16.146030908669378,15.39550894917342,15.561184977207752,14.79681548028401,1.0,1.0,1.0,1.0,1.0,1.0,1.0,1.0,1.0,1.0
491.0,1.0,16.47586757273786,16.844542106304193,16.806752038076542,17.133715388054977,16.55100468177407,15.936674586398484,16.536447799236722,15.670882391341788,15.275628067504796,15.026069115492819,1.0,1.0,1.0,1.0,1.0,1.0,1.0,1.0,1.0,1.0
491.25,2.0,0.0,0.0,0.0,0.0,0.0,0.0,0.0,0.0,0.0,0.0,0.0,0.0,0.0,0.0,0.0,0.0,0.0,0.0,0.0,0.0
491.5,3.0,16.420520266170335,17.614054823629676,18.059456473090158,15.343186343894557,14.153263691557822,14.331786752451519,12.843203160434491,13.333970670286368,14.179508143578582,14.736722580097235,1.0,1.0,1.0,1.0,1.0,1.0,1.0,1.0,1.0,1.0
491.75,4.0,13.216263946997524,14.547196399330353,15.389544912928002,15.118147504624218,16.425331141101356,16.617806396701102,16.532542131402998,15.85430028434045,16.576685997389887,15.21791299933499,1.0,1.0,1.0,1.0,1.0,1.0,1.0,1.0,1.0,1.0
492.0,1.0,16.88672261936914,17.666104258698837,16.72897617769408,15.711311809094129,15.502380142014191,15.012910795816548,16.448053066133266,15.019943518042608,16.041714938141066,16.918214348370356,1.0,1.0,1.0,1.0,1.0,1.0,1.0,1.0,1.0,1.0
492.25,2.0,15.432798920983032,14.945951961483857,14.89094073189006,15.80078846603891,16.46388768796702,18.036092198124695,18.13423818880185,18.072727065730668,18.306942405053185,16.974209795971152,1.0,1.0,1.0,1.0,1.0,1.0,1.0,1.0,1.0,1.0
492.5,3.0,0.0,0.0,0.0,0.0,0.0,0.0,0.0,0.0,0.0,0.0,0.0,0.0,0.0,0.0,0.0,0.0,0.0,0.0,0.0,0.0
492.75,4.0,0.0,0.0,0.0,0.0,0.0,0.0,0.0,0.0,0.0,0.0,0.0,0.0,0.0,0.0,0.0,0.0,0.0,0.0,0.0,0.0
493.0,1.0,16.37360272777147,17.0276390178498,15.963436144893192,15.360971331988887,14.698505785822737,14.232916996040514,16.03840231134948,16.08102518029028,16.787594737141116,17.99402225708833,1.0,1.0,1.0,1.0,1.0,1.0,1.0,1.0,1.0,1.0
493.25,2.0,14.477204356233763,14.96077533711306,16.290397766192015,16.59336072884762,17.650489910377097,18.915565834379674,18.740669847021664,18.43350576193387,17.362056880994317,16.56388999286381,1.0,1.0,1.0,1.0,1.0,1.0,1.0,1.0,1.0,1.0
493.5,3.0,17.06776326384839,17.414892075223825,16.96938084373034,15.070473443813842,13.109933358246183,13.15860077889586,13.35189937213824,13.996055673139528,14.699966627944045,14.032145299266631,1.0,1.0,1.0,1.0,1.0,1.0,1.0,1.0,1.0,1.0
493.75,4.0,12.707554108237145,14.898839655058495,15.292795161949037,16.36659063406544,17.4281650094636,17.589977256561177,16.799258288317592,16.774702363303334,15.687348198484496,15.706454745072866,1.0,1.0,1.0,1.0,1.0,1.0,1.0,1.0,1.0,1.0
494.0,1.0,16.73571906739257,15.651612965197065,15.225549270015357,14.34293543440615,14.688559258045975,15.050581118389566,17.303669107484907,17.55509006943952,17.843023353711498,18.576164345424306,1.0,1.0,1.0,1.0,1.0,1.0,1.0,1.0,1.0,1.0
494.25,2.0,0.0,0.0,0.0,0.0,0.0,0.0,0.0,0.0,0.0,0.0,0.0,0.0,0.0,0.0,0.0,0.0,0.0,0.0,0.0,0.0
494.5,3.0,17.203746748568022,16.377937279235034,15.36222105382776,14.649152378605123,13.970446002515791,14.05939330962749,13.919144292258865,14.49565165302899,13.811089725151776,13.374371887804138,1.0,1.0,1.0,1.0,1.0,1.0,1.0,1.0,1.0,1.0
494.75,4.0,14.290856409339385,16.486240695813947,16.229799740059,16.906418362757048,17.19438116511484,16.499726812123644,16.380627503455734,16.39071264817103,15.400978279467148,15.521405486066161,1.0,1.0,1.0,1.0,1.0,1.0,1.0,1.0,1.0,1.0
495.0,1.0,16.156770634108163,15.691748251735874,14.187433151651565,15.052528912133216,15.75540703752514,15.61579379567491,16.631967227164477,16.942441750005298,16.846986928339355,18.23978110571488,1.0,1.0,1.0,1.0,1.0,1.0,1.0,1.0,1.0,1.0
495.25,2.0,16.469924050054185,16.032938131106835,14.8992523391225,15.60460430064362,16.16181998435617,16.7422366735749,16.228547899134096,15.803803308459969,14.756142382891747,14.346389884868596,1.0,1.0,1.0,1.0,1.0,1.0,1.0,1.0,1.0,1.0
495.5,3.0,0.0,0.0,0.0,0.0,0.0,0.0,0.0,0.0,0.0,0.0,0.0,0.0,0.0,0.0,0.0,0.0,0.0,0.0,0.0,0.0
495.75,4.0,15.689725141701208,16.2835013812965,15.683242922017609,16.527627846061684,16.9465747698757,16.426045079180554,15.656316246702723,15.516808568216117,16.03227797983001,15.878934158254223,1.0,1.0,1.0,1.0,1.0,1.0,1.0,1.0,1.0,1.0
496.0,1.0,15.244212991362,15.263502633693957,13.511548309377584,14.94081075871121,14.320498059468607,14.344860759492425,15.326457128447345,16.983581541011134,17.848074120506848,18.276325767600355,1.0,1.0,1.0,1.0,1.0,1.0,1.0,1.0,1.0,1.0
496.25,2.0,0.0,0.0,0.0,0.0,0.0,0.0,0.0,0.0,0.0,0.0,0.0,0.0,0.0,0.0,0.0,0.0,0.0,0.0,0.0,0.0
496.5,3.0,14.948423061796134,14.130000173023983,13.938065385843265,13.501157584089825,12.444651546498198,12.961239663118235,13.398896945168904,14.919574873066766,13.992897129060552,15.30026355016319,1.0,1.0,1.0,1.0,1.0,1.0,1.0,1.0,1.0,1.0
496.75,4.0,16.540673631613085,15.253674950412021,14.419618775580552,16.334399260845995,17.262656016354914,16.8854516168165,15.810347546235821,15.783758736765758,16.03164806790064,16.047757228925132,1.0,1.0,1.0,1.0,1.0,1.0,1.0,1.0,1.0,1.0
497.0,1.0,0.0,0.0,0.0,0.0,0.0,0.0,0.0,0.0,0.0,0.0,0.0,0.0,0.0,0.0,0.0,0.0,0.0,0.0,0.0,0.0
497.25,2.0,15.197227092235307,14.071255121103851,15.267589811987916,16.23684759546737,17.493416147952964,17.43132366583781,16.13669087169951,13.906557910232312,13.366205788767388,13.786214627298385,1.0,1.0,1.0,1.0,1.0,1.0,1.0,1.0,1.0,1.0
497.5,3.0,14.601768279178579,14.41871492447115,14.429461561631902,13.418961806747463,13.514227288495087,13.65792702689897,12.861370595000784,14.620662240223481,14.847807032019993,16.466729004788323,1.0,1.0,1.0,1.0,1.0,1.0,1.0,1.0,1.0,1.0
497.75,4.0,0.0,0.0,0.0,0.0,0.0,0.0,0.0,0.0,0.0,0.0,0.0,0.0,0.0,0.0,0.0,0.0,0.0,0.0,0.0,0.0
498.0,1.0,15.957439000923646,16.064663866973618,14.89654269483336,15.014759859780602,15.084460157859684,15.21230206431333,16.319939471099662,16.392371437477102,16.214803933085488,17.912623910389193,1.0,1.0,1.0,1.0,1.0,1.0,1.0,1.0,1.0,1.0
498.25,2.0,15.276259220734765,14.048362441948724,13.715860913636194,15.823732749776056,17.368005786278918,15.550437068991789,15.362281511337821,14.39635414413342,13.866719930729365,14.735019160609884,1.0,1.0,1.0,1.0,1.0,1.0,1.0,1.0,1.0,1.0
498.5,3.0,0.0,0.0,0.0,0.0,0.0,0.0,0.0,0.0,0.0,0.0,0.0,0.0,0.0,0.0,0.0,0.0,0.0,0.0,0.0,0.0
498.75,4.0,14.461648834794325,13.960208639659319,14.907760421308215,15.240367163705528,15.363693510779514,14.659806254740433,14.650731144628034,15.079751785692753,15.634901072590804,16.918298126051845,1.0,1.0,1.0,1.0,1.0,1.0,1.0,1.0,1.0,1.0
499.0,1.0,14.97550140988492,15.396806336495752,14.920512281186253,14.058980727273347,15.965377242994208,15.722587017686749,16.75910789282508,16.89890365771023,16.86552468625452,17.14986816534128,1.0,1.0,1.0,1.0,1.0,1.0,1.0,1.0,1.0,1.0
499.25,2.0,0.0,0.0,0.0,0.0,0.0,0.0,0.0,0.0,0.0,0.0,0.0,0.0,0.0,0.0,0.0,0.0,0.0,0.0,0.0,0.0
499.5,3.0,14.084872363445053,15.293633368210575,14.090562882874544,12.735794955150528,14.048793853829576,13.54697281747297,14.034411500240266,15.211420842637908,16.864155964999537,16.805766374211725,1.0,1.0,1.0,1.0,1.0,1.0,1.0,1.0,1.0,1.0
499.75,4.0,14.871546923986672,14.430806869202057,14.485990953619408,14.416773732117539,14.655831978209676,14.18554706909866,15.15726949881036,16.020186828958686,16.79969904991461,17.2986678926383,1.0,1.0,1.0,1.0,1.0,1.0,1.0,1.0,1.0,1.0
500.0,1.0,15.107464865094695,15.568406651466535,14.895657919122495,14.824152349493572,16.696668171522898,17.074371860917402,16.804167427113097,17.36910615863697,17.430263480309236,18.176153448114214,1.0,1.0,1.0,1.0,1.0,1.0,1.0,1.0,1.0,1.0
500.25,2.0,15.452437632889618,12.685398971861423,13.835910230845583,14.568423332154154,14.940289515113014,14.846880648598816,15.38455516630492,15.219343221087529,14.603254137828113,14.97648521987363,1.0,1.0,1.0,1.0,1.0,1.0,1.0,1.0,1.0,1.0
500.5,3.0,0.0,0.0,0.0,0.0,0.0,0.0,0.0,0.0,0.0,0.0,0.0,0.0,0.0,0.0,0.0,0.0,0.0,0.0,0.0,0.0
500.75,4.0,15.420288840110588,14.819589410472187,14.532182392848467,13.119072806364837,14.119025420856602,14.483432593327532,14.902052155811035,15.616494834827735,15.185873746431872,16.513387419958363,1.0,1.0,1.0,1.0,1.0,1.0,1.0,1.0,1.0,1.0
501.0,1.0,16.404239825567522,16.909966470554906,15.987018178764108,16.891545240845826,17.7856500894477,17.187920939620955,16.306517741666035,16.786510042218776,17.438544823701932,18.463696943599086,1.0,1.0,1.0,1.0,1.0,1.0,1.0,1.0,1.0,1.0
501.25,2.0,14.874716679484287,11.955873994078111,13.53885230469238,13.252430928804875,15.18157221653376,15.139132534131301,15.34443368561041,15.11383733189438,14.70650397367094,15.307183420450839,1.0,1.0,1.0,1.0,1.0,1.0,1.0,1.0,1.0,1.0
501.5,3.0,15.124152278539714,13.337205404453162,14.292027815118773,14.055332742538328,15.549483891161188,14.943981302627355,15.826464112668363,16.71612162843641,17.27903279919566,17.04760497083792,1.0,1.0,1.0,1.0,1.0,1.0,1.0,1.0,1.0,1.0
501.75,4.0,15.969460107548922,15.143403618342047,12.996571943704376,12.226676236039824,13.584685341340359,13.60469778312864,14.344547705824038,14.97073745156885,15.435616591831321,17.273698873714864,1.0,1.0,1.0,1.0,1.0,1.0,1.0,1.0,1.0,1.0
502.0,1.0,0.0,0.0,0.0,0.0,0.0,0.0,0.0,0.0,0.0,0.0,0.0,0.0,0.0,0.0,0.0,0.0,0.0,0.0,0.0,0.0
502.25,2.0,0.0,0.0,0.0,0.0,0.0,0.0,0.0,0.0,0.0,0.0,0.0,0.0,0.0,0.0,0.0,0.0,0.0,0.0,0.0,0.0
502.5,3.0,15.345401713633258,14.117884942710102,13.788575966941034,13.228012564964764,15.601728132664718,15.240415075929954,16.50228342282015,17.216556845097955,17.223162987078563,16.627918361467465,1.0,1.0,1.0,1.0,1.0,1.0,1.0,1.0,1.0,1.0
502.75,4.0,0.0,0.0,0.0,0.0,0.0,0.0,0.0,0.0,0.0,0.0,0.0,0.0,0.0,0.0,0.0,0.0,0.0,0.0,0.0,0.0
503.0,1.0,15.624718575673073,16.079400913258542,16.758907258527667,18.712593920208597,18.439188604571424,19.530281553128333,18.6318433554061,19.76137704408303,19.76200382912485,19.506083187304302,1.0,1.0,1.0,1.0,1.0,1.0,1.0,1.0,1.0,1.0
503.25,2.0,14.45414111095851,13.69967535777091,14.025039987735708,15.012604652633408,15.607182933893574,15.088445482181747,15.01269888994485,14.268479459913708,13.884289446084983,14.224392737718857,1.0,1.0,1.0,1.0,1.0,1.0,1.0,1.0,1.0,1.0
503.5,3.0,0.0,0.0,0.0,0.0,0.0,0.0,0.0,0.0,0.0,0.0,0.0,0.0,0.0,0.0,0.0,0.0,0.0,0.0,0.0,0.0
503.75,4.0,15.23243890954369,16.22577584008127,14.383224647605113,15.095201557670514,14.434346015405334,15.096192614951976,15.625432742364382,16.455850324922935,16.471454213363092,18.245656644890214,1.0,1.0,1.0,1.0,1.0,1.0,1.0,1.0,1.0,1.0
504.0,1.0,15.400749551632892,13.860050228738354,16.592627257732467,17.23892766473763,17.792429458362903,18.533904262033328,18.185672434650627,19.081672341121863,18.692327948229888,19.447669289651,1.0,1.0,1.0,1.0,1.0,1.0,1.0,1.0,1.0,1.0
504.25,2.0,0.0,0.0,0.0,0.0,0.0,0.0,0.0,0.0,0.0,0.0,0.0,0.0,0.0,0.0,0.0,0.0,0.0,0.0,0.0,0.0
504.5,3.0,15.982781644956864,14.65851694989981,14.947484243615527,15.251135042645302,17.780568861856104,17.439735188007152,17.629054045730644,17.742100432545453,17.682274823129163,17.133282977647006,1.0,1.0,1.0,1.0,1.0,1.0,1.0,1.0,1.0,1.0
504.75,4.0,16.66225804034822,16.751704767409514,15.544566638556269,16.36579534742368,16.014582771924218,16.985121588513728,16.197500478083256,17.16879868667922,17.637082358084257,19.18087275055411,1.0,1.0,1.0,1.0,1.0,1.0,1.0,1.0,1.0,1.0
505.0,1.0,0.0,0.0,0.0,0.0,0.0,0.0,0.0,0.0,0.0,0.0,0.0,0.0,0.0,0.0,0.0,0.0,0.0,0.0,0.0,0.0
505.25,2.0,14.187384566491748,13.377552336548337,13.918760339843011,16.308109902105162,15.942418149715841,16.293718669435123,16.903416242502338,16.128453504326316,15.751107149223643,15.418800641215098,1.0,1.0,1.0,1.0,1.0,1.0,1.0,1.0,1.0,1.0
505.5,3.0,0.0,0.0,0.0,0.0,0.0,0.0,0.0,0.0,0.0,0.0,0.0,0.0,0.0,0.0,0.0,0.0,0.0,0.0,0.0,0.0
505.75,4.0,0.0,0.0,0.0,0.0,0.0,0.0,0.0,0.0,0.0,0.0,0.0,0.0,0.0,0.0,0.0,0.0,0.0,0.0,0.0,0.0
506.0,1.0,14.88104574050261,13.958725386937173,15.235678507721762,16.489956736803396,17.421807609124883,18.227669133608583,18.873029733398457,17.984630940626577,16.943315157653323,16.936664550487084,1.0,1.0,1.0,1.0,1.0,1.0,1.0,1.0,1.0,1.0
506.25,2.0,14.85502120880035,14.005126215348978,14.85985901464705,16.350962290370475,14.950279596633193,15.637949875220858,17.636936450884974,16.59514239051898,16.28394803700935,16.69157961273906,1.0,1.0,1.0,1.0,1.0,1.0,1.0,1.0,1.0,1.0
506.5,3.0,0.0,0.0,0.0,0.0,0.0,0.0,0.0,0.0,0.0,0.0,0.0,0.0,0.0,0.0,0.0,0.0,0.0,0.0,0.0,0.0
506.75,4.0,18.495412749183256,17.958418334359845,16.32473476120284,16.558803225191678,18.681375491779526,18.81645939046204,18.569577546709876,19.25622476693827,18.43265780510575,19.8190107651253,1.0,1.0,1.0,1.0,1.0,1.0,1.0,1.0,1.0,1.0
507.0,1.0,14.027710183784183,14.076991194736095,15.04752380876388,16.14317841328094,17.978040339254118,17.996669498526085,17.782599129752022,17.081979781458173,16.265793312182254,16.13693314424262,1.0,1.0,1.0,1.0,1.0,1.0,1.0,1.0,1.0,1.0
507.25,2.0,0.0,0.0,0.0,0.0,0.0,0.0,0.0,0.0,0.0,0.0,0.0,0.0,0.0,0.0,0.0,0.0,0.0,0.0,0.0,0.0
507.5,3.0,14.647350398647303,15.53263302494087,16.283206154066704,16.199833499612005,15.730024889419731,15.466722411290583,15.52270677719954,15.299902518957671,14.742746659111479,15.377011627329413,1.0,1.0,1.0,1.0,1.0,1.0,1.0,1.0,1.0,1.0
507.75,4.0,17.814771802961467,16.737765889735783,16.484414098045995,18.39689816513625,20.163281844345878,18.569651980725187,18.80698310355402,17.77570840820698,17.642816244224658,18.615425834302453,1.0,1.0,1.0,1.0,1.0,1.0,1.0,1.0,1.0,1.0
508.0,1.0,14.8776369872392,14.131895727941451,14.701315741882667,16.182473016809794,17.227330619456357,17.704298143858967,16.1305495308187,15.643780869601988,14.882033504753219,15.644267428777134,1.0,1.0,1.0,1.0,1.0,1.0,1.0,1.0,1.0,1.0
508.25,2.0,13.848504374628284,13.558089832417535,13.977136124451457,15.54632597595995,15.678361350755944,16.970168131706465,18.18593752817875,17.85166669580675,17.111352213786233,16.98684870121414,1.0,1.0,1.0,1.0,1.0,1.0,1.0,1.0,1.0,1.0
508.5,3.0,0.0,0.0,0.0,0.0,0.0,0.0,0.0,0.0,0.0,0.0,0.0,0.0,0.0,0.0,0.0,0.0,0.0,0.0,0.0,0.0
508.75,4.0,17.477459368395834,16.999709440104454,18.23642051086478,19.239697731967972,19.30242824227129,17.923910403221903,18.4067607989627,18.823975979633015,18.51039066698433,19.20285399493438,1.0,1.0,1.0,1.0,1.0,1.0,1.0,1.0,1.0,1.0
509.0,1.0,14.606532877718067,14.859264340723518,14.895933970655168,15.754171112802489,16.252141756248346,15.794330852748274,15.228387161857235,15.88324844938174,15.430895598007163,15.923192789747207,1.0,1.0,1.0,1.0,1.0,1.0,1.0,1.0,1.0,1.0
509.25,2.0,0.0,0.0,0.0,0.0,0.0,0.0,0.0,0.0,0.0,0.0,0.0,0.0,0.0,0.0,0.0,0.0,0.0,0.0,0.0,0.0
509.5,3.0,15.630604718630993,15.23569049934249,15.345407669073433,14.237867143092936,14.214228107070175,14.342624956932871,14.890016213906609,15.497951660771566,16.094323348148166,16.013080691434773,1.0,1.0,1.0,1.0,1.0,1.0,1.0,1.0,1.0,1.0
509.75,4.0,17.119522367118826,18.322625934970937,18.93718794328594,18.600210813060627,18.42243666728279,17.583466676803965,17.264883851957944,16.0895401972669,16.10887424361985,16.167201154206914,1.0,1.0,1.0,1.0,1.0,1.0,1.0,1.0,1.0,1.0
510.0,1.0,0.0,0.0,0.0,0.0,0.0,0.0,0.0,0.0,0.0,0.0,0.0,0.0,0.0,0.0,0.0,0.0,0.0,0.0,0.0,0.0
510.25,2.0,0.0,0.0,0.0,0.0,0.0,0.0,0.0,0.0,0.0,0.0,0.0,0.0,0.0,0.0,0.0,0.0,0.0,0.0,0.0,0.0
510.5,3.0,15.700189456206301,14.863662396852826,14.668687438166906,15.502759179218012,14.842477441713317,14.81116880931528,16.33297769851489,16.041007699668935,16.07538171260578,16.501063985934543,1.0,1.0,1.0,1.0,1.0,1.0,1.0,1.0,1.0,1.0
510.75,4.0,0.0,0.0,0.0,0.0,0.0,0.0,0.0,0.0,0.0,0.0,0.0,0.0,0.0,0.0,0.0,0.0,0.0,0.0,0.0,0.0
511.0,1.0,15.87295130931712,16.153950287323564,15.933580213005875,16.039509512638816,14.422498867662764,15.184005536874261,14.658011267004511,15.566371689796947,15.266557642513805,16.881697999483,1.0,1.0,1.0,1.0,1.0,1.0,1.0,1.0,1.0,1.0
511.25,2.0,13.868548059933413,13.10207458047765,15.222464171986973,18.53575521594321,17.899483151817318,17.021962419202065,17.408061951002555,17.050985623736587,17.860052581913656,18.29995392597627,1.0,1.0,1.0,1.0,1.0,1.0,1.0,1.0,1.0,1.0
511.5,3.0,0.0,0.0,0.0,0.0,0.0,0.0,0.0,0.0,0.0,0.0,0.0,0.0,0.0,0.0,0.0,0.0,0.0,0.0,0.0,0.0
511.75,4.0,18.008438839274373,17.26896862686314,17.67984787067943,16.037332390120323,15.48300855818435,15.420752820895888,15.458867633222477,14.923007646073188,15.087953957285857,15.600896510228445,1.0,1.0,1.0,1.0,1.0,1.0,1.0,1.0,1.0,1.0
512.0,1.0,15.58394892579014,16.078781964763053,16.738925897268135,16.185558574793813,15.086551284309898,14.750768159169656,14.829214471460318,15.853728523590961,16.127107762287565,16.986940484374315,1.0,1.0,1.0,1.0,1.0,1.0,1.0,1.0,1.0,1.0
512.25,2.0,0.0,0.0,0.0,0.0,0.0,0.0,0.0,0.0,0.0,0.0,0.0,0.0,0.0,0.0,0.0,0.0,0.0,0.0,0.0,0.0
512.5,3.0,15.127415558795242,16.063206906021964,15.618452688877955,16.237338136885036,16.217768816401172,16.23746952466855,16.92443396898289,16.438410581944236,16.49315398629294,17.780230187179296,1.0,1.0,1.0,1.0,1.0,1.0,1.0,1.0,1.0,1.0
512.75,4.0,18.201249007711834,16.404361003018465,16.14419344590993,15.778113553297452,14.934620112572908,14.410649898563777,14.794394665319988,14.221572080691676,14.90144226170656,15.772588292503604,1.0,1.0,1.0,1.0,1.0,1.0,1.0,1.0,1.0,1.0
513.0,1.0,0.0,0.0,0.0,0.0,0.0,0.0,0.0,0.0,0.0,0.0,0.0,0.0,0.0,0.0,0.0,0.0,0.0,0.0,0.0,0.0
513.25,2.0,15.025924855917077,16.123486120036358,16.872951564632174,17.35201988443818,17.220761913905818,17.302722163944903,17.388007787451627,18.19968309019059,18.692805012833052,18.915547519301114,1.0,1.0,1.0,1.0,1.0,1.0,1.0,1.0,1.0,1.0
513.5,3.0,0.0,0.0,0.0,0.0,0.0,0.0,0.0,0.0,0.0,0.0,0.0,0.0,0.0,0.0,0.0,0.0,0.0,0.0,0.0,0.0
513.75,4.0,0.0,0.0,0.0,0.0,0.0,0.0,0.0,0.0,0.0,0.0,0.0,0.0,0.0,0.0,0.0,0.0,0.0,0.0,0.0,0.0
514.0,1.0,16.548386741480453,16.964889487576386,16.179842799622254,16.116670494038075,17.64871609786708,17.28136884060991,16.447999743766363,16.484985238234632,16.775971019452733,17.54967337696639,1.0,1.0,1.0,1.0,1.0,1.0,1.0,1.0,1.0,1.0
514.25,2.0,17.04612285098683,17.40833978029699,17.61025681179165,17.82360017006827,17.896711194783055,17.375017362245796,18.0364214497537,19.0007347856236,19.419338006069946,19.273353206411816,1.0,1.0,1.0,1.0,1.0,1.0,1.0,1.0,1.0,1.0
514.5,3.0,0.0,0.0,0.0,0.0,0.0,0.0,0.0,0.0,0.0,0.0,0.0,0.0,0.0,0.0,0.0,0.0,0.0,0.0,0.0,0.0
514.75,4.0,15.378993280232864,14.096495567384354,14.533377059541984,14.476599769175058,15.173593114986218,15.338491206661457,15.622356161940065,15.429393241793264,17.425859481990354,18.695818392437506,1.0,1.0,1.0,1.0,1.0,1.0,1.0,1.0,1.0,1.0
515.0,1.0,17.080175499820548,16.0025429287759,16.270864542813605,16.449296934818847,18.0651430360459,18.09366276982153,17.527150091721726,17.787262344842304,18.407990182592993,18.435282010643203,1.0,1.0,1.0,1.0,1.0,1.0,1.0,1.0,1.0,1.0
515.25,2.0,0.0,0.0,0.0,0.0,0.0,0.0,0.0,0.0,0.0,0.0,0.0,0.0,0.0,0.0,0.0,0.0,0.0,0.0,0.0,0.0
515.5,3.0,17.16286207438074,16.255566713272728,17.174588354004594,18.324330352656013,18.240162050309223,18.215899241584207,18.47580459804126,19.589940654429896,20.9733226674574,21.405705833304403,1.0,1.0,1.0,1.0,1.0,1.0,1.0,1.0,1.0,1.0
515.75,4.0,15.25768637857456,14.092692028509173,14.482948770265903,14.429562260344879,16.59420868062259,17.317539856002544,17.245596231339622,17.71990371159256,18.489644490133447,19.146885401473785,1.0,1.0,1.0,1.0,1.0,1.0,1.0,1.0,1.0,1.0
516.0,1.0,16.911728897869207,15.89636500344288,16.16219711038303,16.60175410845914,18.04219634731771,17.62142556409734,17.408649051850624,16.807468126315868,17.411047808006412,17.925061094139274,1.0,1.0,1.0,1.0,1.0,1.0,1.0,1.0,1.0,1.0
516.25,2.0,17.723770784874553,16.26969953695971,17.220042908896325,18.512243754896645,18.612082652502135,19.047512910956375,18.865460567901337,18.035327088135638,17.541234451631016,16.661040864790724,1.0,1.0,1.0,1.0,1.0,1.0,1.0,1.0,1.0,1.0
516.5,3.0,0.0,0.0,0.0,0.0,0.0,0.0,0.0,0.0,0.0,0.0,0.0,0.0,0.0,0.0,0.0,0.0,0.0,0.0,0.0,0.0
516.75,4.0,14.98272723061997,14.767340101858137,15.888276281856067,15.889509664001217,18.319931740820998,18.6789600531558,17.63359376516725,18.491980377511236,19.079657053954854,19.085872936867435,1.0,1.0,1.0,1.0,1.0,1.0,1.0,1.0,1.0,1.0
517.0,1.0,17.41515476824581,14.92159611858833,15.74650540433755,16.474661640674288,17.03891854790131,16.46388502825189,16.213014071714547,16.76654230766073,17.259785232319864,17.931382471347796,1.0,1.0,1.0,1.0,1.0,1.0,1.0,1.0,1.0,1.0
517.25,2.0,0.0,0.0,0.0,0.0,0.0,0.0,0.0,0.0,0.0,0.0,0.0,0.0,0.0,0.0,0.0,0.0,0.0,0.0,0.0,0.0
517.5,3.0,18.557680422803283,19.189075974163185,19.78801676739197,19.35833667465432,20.413225950055107,20.49053552019913,19.917549002177513,20.839680858124407,21.210168268345647,21.81199318223641,1.0,1.0,1.0,1.0,1.0,1.0,1.0,1.0,1.0,1.0
517.75,4.0,16.841150225257298,16.068841127661962,16.83354931949166,16.494514047581237,17.41531327327076,18.300384219894728,17.769227438761813,18.211898862306736,17.9384164910294,18.792782728345347,1.0,1.0,1.0,1.0,1.0,1.0,1.0,1.0,1.0,1.0
518.0,1.0,0.0,0.0,0.0,0.0,0.0,0.0,0.0,0.0,0.0,0.0,0.0,0.0,0.0,0.0,0.0,0.0,0.0,0.0,0.0,0.0
518.25,2.0,0.0,0.0,0.0,0.0,0.0,0.0,0.0,0.0,0.0,0.0,0.0,0.0,0.0,0.0,0.0,0.0,0.0,0.0,0.0,0.0
518.5,3.0,18.32910586066018,18.83785656818617,18.65326939015007,18.809509074385836,19.702038981786146,20.384778728372176,19.66650176637146,20.973975370087956,21.133223891501235,20.867360227341226,1.0,1.0,1.0,1.0,1.0,1.0,1.0,1.0,1.0,1.0
518.75,4.0,0.0,0.0,0.0,0.0,0.0,0.0,0.0,0.0,0.0,0.0,0.0,0.0,0.0,0.0,0.0,0.0,0.0,0.0,0.0,0.0
519.0,1.0,15.195906849892738,15.899305670465901,15.976057842791912,15.16462450875708,17.7229704095299,16.93485577904531,17.377636463829976,17.58118179329742,19.009040196139225,18.15339417054949,1.0,1.0,1.0,1.0,1.0,1.0,1.0,1.0,1.0,1.0
519.25,2.0,17.497959584394234,18.139483379544707,18.694637846455052,19.136678365986572,18.48335088813704,18.362927439178215,18.156626678696096,17.97741024941358,17.456534254215953,16.219073621889144,1.0,1.0,1.0,1.0,1.0,1.0,1.0,1.0,1.0,1.0
519.5,3.0,0.0,0.0,0.0,0.0,0.0,0.0,0.0,0.0,0.0,0.0,0.0,0.0,0.0,0.0,0.0,0.0,0.0,0.0,0.0,0.0
519.75,4.0,17.51215580500516,19.52949284508091,18.649461894749738,17.49802757356386,15.38198007836224,16.062244475939394,16.634118803460737,18.067754497222538,17.947620370865266,18.394777360568686,1.0,1.0,1.0,1.0,1.0,1.0,1.0,1.0,1.0,1.0
520.0,1.0,16.134097650400417,17.763431372963662,16.035349855611955,15.721532236244826,18.91657640545806,17.869234528614175,17.936797780679857,18.231282823908252,19.05883122803658,18.269237744009384,1.0,1.0,1.0,1.0,1.0,1.0,1.0,1.0,1.0,1.0
520.25,2.0,0.0,0.0,0.0,0.0,0.0,0.0,0.0,0.0,0.0,0.0,0.0,0.0,0.0,0.0,0.0,0.0,0.0,0.0,0.0,0.0
520.5,3.0,18.694844356437006,18.635930514415392,17.881210468996922,17.762555751348025,20.364144728800415,21.37768373475034,20.97605924098329,20.669541936808827,20.905684386229282,20.023607660086054,1.0,1.0,1.0,1.0,1.0,1.0,1.0,1.0,1.0,1.0
520.75,4.0,18.22010023488777,19.338382387763616,18.646678769466124,16.789610385207972,16.57922572124911,17.333339019648715,18.306284918167616,20.34015056110155,20.69959940958994,20.35336122853033,1.0,1.0,1.0,1.0,1.0,1.0,1.0,1.0,1.0,1.0
521.0,1.0,0.0,0.0,0.0,0.0,0.0,0.0,0.0,0.0,0.0,0.0,0.0,0.0,0.0,0.0,0.0,0.0,0.0,0.0,0.0,0.0
521.25,2.0,16.07879815754854,16.813281496644063,18.47912510448256,19.651708880123408,18.584386862817357,17.85051277387524,17.313749119000246,16.94710065525594,17.292705906488493,17.468371148633416,1.0,1.0,1.0,1.0,1.0,1.0,1.0,1.0,1.0,1.0
521.5,3.0,0.0,0.0,0.0,0.0,0.0,0.0,0.0,0.0,0.0,0.0,0.0,0.0,0.0,0.0,0.0,0.0,0.0,0.0,0.0,0.0
521.75,4.0,0.0,0.0,0.0,0.0,0.0,0.0,0.0,0.0,0.0,0.0,0.0,0.0,0.0,0.0,0.0,0.0,0.0,0.0,0.0,0.0
522.0,1.0,18.272687101583987,18.97900073700141,17.291881400677198,17.41179206130572,18.393391530361328,17.889693899310302,17.937399558667277,18.348561785719628,18.033704034394045,18.007349002514832,1.0,1.0,1.0,1.0,1.0,1.0,1.0,1.0,1.0,1.0
522.25,2.0,16.611869356190716,17.94402644838834,20.0509632402793,18.502124566941234,17.83094481330252,17.185988511671212,17.937564066457636,17.03605894775013,18.511906341251283,18.26166675945946,1.0,1.0,1.0,1.0,1.0,1.0,1.0,1.0,1.0,1.0
522.5,3.0,0.0,0.0,0.0,0.0,0.0,0.0,0.0,0.0,0.0,0.0,0.0,0.0,0.0,0.0,0.0,0.0,0.0,0.0,0.0,0.0
522.75,4.0,19.554808818027638,19.787354395323394,18.886857611976236,18.38281665082021,18.0274580159412,17.462737666329648,19.110306576937624,19.14779995069543,18.98724266029794,19.25127128548602,1.0,1.0,1.0,1.0,1.0,1.0,1.0,1.0,1.0,1.0
523.0,1.0,18.952140376429774,19.332274248659633,18.67607324785912,17.09674957822482,17.562165372954286,18.09940415698215,17.92781439758557,17.56741880747399,17.951107488191393,19.742339745369446,1.0,1.0,1.0,1.0,1.0,1.0,1.0,1.0,1.0,1.0
523.25,2.0,0.0,0.0,0.0,0.0,0.0,0.0,0.0,0.0,0.0,0.0,0.0,0.0,0.0,0.0,0.0,0.0,0.0,0.0,0.0,0.0
523.5,3.0,17.321892856697165,16.638724820610754,18.05412156946538,19.56025474228721,19.14381912605951,19.499542433034584,18.95542371410531,19.231873722768693,19.967055798816613,19.671999983383902,1.0,1.0,1.0,1.0,1.0,1.0,1.0,1.0,1.0,1.0
523.75,4.0,19.686277010074225,19.918056440796843,20.647207779596137,19.447336587490522,18.159190518009336,16.882012015509332,18.55405703974745,18.494958742619477,18.49733281244998,19.92393095293734,1.0,1.0,1.0,1.0,1.0,1.0,1.0,1.0,1.0,1.0
524.0,1.0,19.552681737752117,19.842326340085815,18.686908262381397,17.210208932480626,17.245973681954155,17.158581377063435,17.804117159009838,18.749288614596512,20.47606490880148,21.841418835510964,1.0,1.0,1.0,1.0,1.0,1.0,1.0,1.0,1.0,1.0
524.25,2.0,17.17413284145902,19.145738037001685,19.314542352714078,18.987136232608883,18.155735621399085,17.50697815073172,17.448288530021195,17.167877316872932,17.30964060646247,17.595380155834214,1.0,1.0,1.0,1.0,1.0,1.0,1.0,1.0,1.0,1.0
524.5,3.0,0.0,0.0,0.0,0.0,0.0,0.0,0.0,0.0,0.0,0.0,0.0,0.0,0.0,0.0,0.0,0.0,0.0,0.0,0.0,0.0
524.75,4.0,20.170978442270627,21.16234750755647,21.292691208345392,19.109224937111236,17.370650870045722,17.08463946820481,18.738713328261042,19.593361168395926,20.505450439072593,20.85370869864554,1.0,1.0,1.0,1.0,1.0,1.0,1.0,1.0,1.0,1.0
525.0,1.0,20.31789008708408,19.755932802632255,18.811320312952194,17.47784749322425,16.82458020118367,17.030149085461844,18.603993808265788,19.521327817337326,21.288791948975796,22.136052625775612,1.0,1.0,1.0,1.0,1.0,1.0,1.0,1.0,1.0,1.0
525.25,2.0,0.0,0.0,0.0,0.0,0.0,0.0,0.0,0.0,0.0,0.0,0.0,0.0,0.0,0.0,0.0,0.0,0.0,0.0,0.0,0.0
525.5,3.0,16.138150433798383,16.80042342111092,17.599976363180698,19.241884973592395,17.132407969412764,18.432873362876908,18.755238858287345,19.856497944216173,19.994440476242005,19.708598090864037,1.0,1.0,1.0,1.0,1.0,1.0,1.0,1.0,1.0,1.0
525.75,4.0,21.6869621046843,22.28515561222427,20.81429791631102,19.001477138316215,17.344022141629942,18.321795788767346,19.68646021195446,19.82777615346397,22.447394210143287,22.590925358602004,1.0,1.0,1.0,1.0,1.0,1.0,1.0,1.0,1.0,1.0
526.0,1.0,0.0,0.0,0.0,0.0,0.0,0.0,0.0,0.0,0.0,0.0,0.0,0.0,0.0,0.0,0.0,0.0,0.0,0.0,0.0,0.0
526.25,2.0,0.0,0.0,0.0,0.0,0.0,0.0,0.0,0.0,0.0,0.0,0.0,0.0,0.0,0.0,0.0,0.0,0.0,0.0,0.0,0.0
526.5,3.0,18.195833935565332,18.98918362072473,17.73021123684479,18.334039878848653,17.570326061775926,18.884715251928508,18.86903708245308,19.78535208832742,20.154642162249814,20.042602027985765,1.0,1.0,1.0,1.0,1.0,1.0,1.0,1.0,1.0,1.0
526.75,4.0,0.0,0.0,0.0,0.0,0.0,0.0,0.0,0.0,0.0,0.0,0.0,0.0,0.0,0.0,0.0,0.0,0.0,0.0,0.0,0.0
527.0,1.0,20.54818006261321,19.73552307199296,16.835547011554034,16.103078465819618,19.545934415461264,20.13511789325454,20.89077803713179,19.85531136556855,20.589340296894537,20.343466636589874,1.0,1.0,1.0,1.0,1.0,1.0,1.0,1.0,1.0,1.0
527.25,2.0,18.587498400460607,16.486074999816623,18.693193630131788,20.199350541358868,19.693124404157324,17.27429612304704,16.715234861886245,16.312707525015796,15.856779523328486,16.603929582992755,1.0,1.0,1.0,1.0,1.0,1.0,1.0,1.0,1.0,1.0
527.5,3.0,0.0,0.0,0.0,0.0,0.0,0.0,0.0,0.0,0.0,0.0,0.0,0.0,0.0,0.0,0.0,0.0,0.0,0.0,0.0,0.0
527.75,4.0,21.29643171538628,20.029773084918354,19.82564898347667,19.964255565450046,21.525509369989056,21.21628396649667,21.711783317543475,21.401503434972817,21.979756032585808,21.733058484573636,1.0,1.0,1.0,1.0,1.0,1.0,1.0,1.0,1.0,1.0
528.0,1.0,19.811323450540115,18.546284586264196,16.966268091753577,17.8489249110544,20.06573875849363,19.745836909236612,20.462383161178856,19.560617998818735,19.544481814603117,19.391198578483184,1.0,1.0,1.0,1.0,1.0,1.0,1.0,1.0,1.0,1.0
528.25,2.0,0.0,0.0,0.0,0.0,0.0,0.0,0.0,0.0,0.0,0.0,0.0,0.0,0.0,0.0,0.0,0.0,0.0,0.0,0.0,0.0
528.5,3.0,17.360083292558738,16.704352352777313,17.100489087834543,18.61406940889298,21.17208717664732,20.709568737633628,20.05771957963483,19.961999167433387,19.554248034773124,19.825152914130637,1.0,1.0,1.0,1.0,1.0,1.0,1.0,1.0,1.0,1.0
528.75,4.0,20.206179361383672,19.327432189985345,20.823046419153947,20.719302441539078,21.898491815831598,21.29227657784074,21.389752350185024,21.65844496489374,21.151014843521885,20.609012272166687,1.0,1.0,1.0,1.0,1.0,1.0,1.0,1.0,1.0,1.0
529.0,1.0,0.0,0.0,0.0,0.0,0.0,0.0,0.0,0.0,0.0,0.0,0.0,0.0,0.0,0.0,0.0,0.0,0.0,0.0,0.0,0.0
529.25,2.0,19.333151216859335,19.878582359013972,19.823895625443637,18.824764578326715,17.083854122937417,16.051667437264364,15.580130000985593,16.167421279736736,16.78124945545673,17.261898696401758,1.0,1.0,1.0,1.0,1.0,1.0,1.0,1.0,1.0,1.0
529.5,3.0,0.0,0.0,0.0,0.0,0.0,0.0,0.0,0.0,0.0,0.0,0.0,0.0,0.0,0.0,0.0,0.0,0.0,0.0,0.0,0.0
529.75,4.0,0.0,0.0,0.0,0.0,0.0,0.0,0.0,0.0,0.0,0.0,0.0,0.0,0.0,0.0,0.0,0.0,0.0,0.0,0.0,0.0
530.0,1.0,20.317026051320816,18.960355210913352,17.356686301662304,17.411765536069318,19.068244794935428,19.373097253227243,19.58327575141245,19.601168225036528,20.112565278511553,19.973391927814326,1.0,1.0,1.0,1.0,1.0,1.0,1.0,1.0,1.0,1.0
530.25,2.0,18.418658597502272,18.270027317508767,18.1513606327875,18.282240360029352,16.842239084780417,15.558506441790994,15.57320078033623,16.370662638378857,15.818833011163507,16.439494056406513,1.0,1.0,1.0,1.0,1.0,1.0,1.0,1.0,1.0,1.0
530.5,3.0,19.135252728357656,18.476956183187365,19.345427425038345,19.52822445428069,21.12604671423205,20.715203946384644,19.93807225947196,19.463498729675088,19.000285331778368,18.507621657554612,1.0,1.0,1.0,1.0,1.0,1.0,1.0,1.0,1.0,1.0
530.75,4.0,20.27635160541573,21.760183283365524,22.843664470380094,22.486472969523707,20.34965606332069,20.4384451160977,20.599136855233336,20.96518267076085,21.462201395249515,20.263798807661374,1.0,1.0,1.0,1.0,1.0,1.0,1.0,1.0,1.0,1.0
531.0,1.0,20.680540417533578,18.735497278244683,17.93826343818363,17.80195977972084,18.40586932592244,18.40127140613624,18.823273263283404,19.33841911105817,20.06266303405112,20.970238603622622,1.0,1.0,1.0,1.0,1.0,1.0,1.0,1.0,1.0,1.0
531.25,2.0,0.0,0.0,0.0,0.0,0.0,0.0,0.0,0.0,0.0,0.0,0.0,0.0,0.0,0.0,0.0,0.0,0.0,0.0,0.0,0.0
531.5,3.0,18.616215645470824,19.456778503070677,19.021641021367856,19.0335786989822,21.168355795424276,20.207784460601232,19.220708004538402,18.658099960925053,18.73691581837501,19.168693588366075,1.0,1.0,1.0,1.0,1.0,1.0,1.0,1.0,1.0,1.0
531.75,4.0,20.625879403472993,21.30122583940573,22.717098338368583,22.376109537532468,20.74244918969754,21.5220601513794,21.77530545146184,21.19857177205518,21.606737513010575,19.70976048899743,1.0,1.0,1.0,1.0,1.0,1.0,1.0,1.0,1.0,1.0
532.0,1.0,19.572296730928702,18.815089605231922,18.947915456690474,19.30759305793074,17.672303517195047,17.20415167028621,17.345999980674428,19.051750582254932,20.618305700710692,22.168797069163418,1.0,1.0,1.0,1.0,1.0,1.0,1.0,1.0,1.0,1.0
532.25,2.0,15.875015706456463,16.316668696541065,16.9044707001273,16.974252671250756,16.508940266267377,16.29365798414823,15.909272340118632,15.55901209592977,14.139316496120307,15.477682782553877,1.0,1.0,1.0,1.0,1.0,1.0,1.0,1.0,1.0,1.0
532.5,3.0,0.0,0.0,0.0,0.0,0.0,0.0,0.0,0.0,0.0,0.0,0.0,0.0,0.0,0.0,0.0,0.0,0.0,0.0,0.0,0.0
532.75,4.0,19.904522874839895,20.60828928391753,21.996254348626387,22.43612823458872,22.332697866946255,22.35440843510659,21.491311564581633,20.109101026955457,21.345418729521725,19.58592747527137,1.0,1.0,1.0,1.0,1.0,1.0,1.0,1.0,1.0,1.0
533.0,1.0,18.564352118188314,18.83927444120158,20.200650230670735,19.44673137013339,17.889860365194128,18.11170931667168,18.096110703449103,19.843131131629992,21.023285589037037,22.35512559285059,1.0,1.0,1.0,1.0,1.0,1.0,1.0,1.0,1.0,1.0
533.25,2.0,0.0,0.0,0.0,0.0,0.0,0.0,0.0,0.0,0.0,0.0,0.0,0.0,0.0,0.0,0.0,0.0,0.0,0.0,0.0,0.0
533.5,3.0,18.75330497085546,20.145262274723414,20.495942654227996,20.711284279532595,22.0693580766463,20.54649312811771,20.56348943930546,20.12074983988798,20.68165549183664,20.89144928147027,1.0,1.0,1.0,1.0,1.0,1.0,1.0,1.0,1.0,1.0
533.75,4.0,20.715138302540392,20.86350067159999,21.756245261984876,22.46259755148357,22.51363071791823,23.02730560136301,23.20900960498224,22.88145382955153,23.272106362274517,21.3063741024067,1.0,1.0,1.0,1.0,1.0,1.0,1.0,1.0,1.0,1.0
534.0,1.0,0.0,0.0,0.0,0.0,0.0,0.0,0.0,0.0,0.0,0.0,0.0,0.0,0.0,0.0,0.0,0.0,0.0,0.0,0.0,0.0
534.25,2.0,16.623578865942456,17.294010269476477,17.461288930794705,17.804919911879175,17.662407883955858,17.474885079753573,17.040974262431007,16.690997917334464,15.850558922158699,16.3002466381599,1.0,1.0,1.0,1.0,1.0,1.0,1.0,1.0,1.0,1.0
534.5,3.0,19.22768505065199,19.077013979404796,19.07366524870207,19.32102203292407,21.190298961887894,20.774380081604928,21.302525438365194,21.316900245187657,20.402659127279932,20.56147761086987,1.0,1.0,1.0,1.0,1.0,1.0,1.0,1.0,1.0,1.0
534.75,4.0,0.0,0.0,0.0,0.0,0.0,0.0,0.0,0.0,0.0,0.0,0.0,0.0,0.0,0.0,0.0,0.0,0.0,0.0,0.0,0.0
535.0,1.0,19.892115858267882,19.104798194324356,18.32907047152761,17.900063329779382,20.18062603349888,20.21155028549535,20.870781952048812,21.119515816275555,21.796806178156043,22.301221312267987,1.0,1.0,1.0,1.0,1.0,1.0,1.0,1.0,1.0,1.0
535.25,2.0,17.82762757311069,18.60904500707651,18.775060453962908,18.725144776794405,17.591721504441463,16.563345514273937,16.026271805741732,16.32250679443808,16.081922530264094,16.113702705644386,1.0,1.0,1.0,1.0,1.0,1.0,1.0,1.0,1.0,1.0
535.5,3.0,0.0,0.0,0.0,0.0,0.0,0.0,0.0,0.0,0.0,0.0,0.0,0.0,0.0,0.0,0.0,0.0,0.0,0.0,0.0,0.0
535.75,4.0,20.87393739890336,20.81299117419289,20.992829443283593,22.250458791572505,22.82113749057994,23.44889831735352,24.039621177197446,23.876247772661518,23.560800703514815,21.67796140662783,1.0,1.0,1.0,1.0,1.0,1.0,1.0,1.0,1.0,1.0
536.0,1.0,20.570998287443146,19.91107984904592,18.837961107456223,18.912986366534646,20.72116443621974,20.67342329686764,20.707826687546476,21.25638219811401,21.637396144495348,21.3890671865678,1.0,1.0,1.0,1.0,1.0,1.0,1.0,1.0,1.0,1.0
536.25,2.0,0.0,0.0,0.0,0.0,0.0,0.0,0.0,0.0,0.0,0.0,0.0,0.0,0.0,0.0,0.0,0.0,0.0,0.0,0.0,0.0
536.5,3.0,21.108235016156737,20.183263413968078,19.809977257294037,19.45660468449215,19.6748612055965,19.958410443210962,20.000633083978915,20.677048286631642,21.56874730465508,22.407517903500526,1.0,1.0,1.0,1.0,1.0,1.0,1.0,1.0,1.0,1.0
536.75,4.0,21.446286976322476,22.54134678307377,21.916645618134986,23.227143438223425,23.919752437835186,23.890400540123625,24.281302506532793,22.47229375329816,21.651917575423987,19.79270328936014,1.0,1.0,1.0,1.0,1.0,1.0,1.0,1.0,1.0,1.0
537.0,1.0,20.91264724154448,18.970670650946737,19.453194745721234,20.535848074483045,21.413658489096626,22.270877879648268,21.880699683944545,20.83254796411722,21.30851420624416,20.76179769769853,1.0,1.0,1.0,1.0,1.0,1.0,1.0,1.0,1.0,1.0
537.25,2.0,18.438114504433905,17.605518310446598,18.979570536920487,17.23592080093432,18.000735800967945,18.69009793515879,18.20716894237737,18.22735250916095,17.349948419221807,16.71083692502629,1.0,1.0,1.0,1.0,1.0,1.0,1.0,1.0,1.0,1.0
537.5,3.0,0.0,0.0,0.0,0.0,0.0,0.0,0.0,0.0,0.0,0.0,0.0,0.0,0.0,0.0,0.0,0.0,0.0,0.0,0.0,0.0
537.75,4.0,21.972546725252876,22.990127421605003,23.155840207999027,23.849110839306416,23.280947134117092,23.859266715727255,22.857875384845695,21.708341567707556,20.5352881892905,19.97265399861419,1.0,1.0,1.0,1.0,1.0,1.0,1.0,1.0,1.0,1.0
538.0,1.0,20.463816205363923,18.776581578843658,21.020377395317812,21.629450395521317,22.96204650801153,23.591077840177313,21.89850994285731,20.849956332275344,20.962537049076893,20.680069058126726,1.0,1.0,1.0,1.0,1.0,1.0,1.0,1.0,1.0,1.0
538.25,2.0,18.810899560199626,18.033595077841863,19.561886189725353,17.29239885568731,17.809123850726138,18.302448582549474,17.651057096927083,17.589176837432625,17.281661002532164,16.992901865866127,1.0,1.0,1.0,1.0,1.0,1.0,1.0,1.0,1.0,1.0
538.5,3.0,20.15501419899224,20.46455754023649,21.290608113913486,19.88568618456868,20.477037000751945,20.889309839223227,21.48648962772593,23.505468106408088,24.302348341605796,24.760135781886135,1.0,1.0,1.0,1.0,1.0,1.0,1.0,1.0,1.0,1.0
538.75,4.0,23.12485977668211,23.965733329135464,24.390022631051114,23.721911473521487,22.603028088445562,22.404653549057272,21.809011529046625,21.046991958636777,20.506817338776507,20.183722369583755,1.0,1.0,1.0,1.0,1.0,1.0,1.0,1.0,1.0,1.0
539.0,1.0,0.0,0.0,0.0,0.0,0.0,0.0,0.0,0.0,0.0,0.0,0.0,0.0,0.0,0.0,0.0,0.0,0.0,0.0,0.0,0.0
539.25,2.0,0.0,0.0,0.0,0.0,0.0,0.0,0.0,0.0,0.0,0.0,0.0,0.0,0.0,0.0,0.0,0.0,0.0,0.0,0.0,0.0
539.5,3.0,20.814331706010716,19.366436143454386,20.0057122680692,20.74558033842468,20.99845910835535,21.548513659473798,21.40825067033865,22.870910376366187,23.721077538667167,23.528485187482076,1.0,1.0,1.0,1.0,1.0,1.0,1.0,1.0,1.0,1.0
539.75,4.0,23.121246194506448,25.908006810205467,25.57494375069106,25.17473818261488,23.988182921725816,23.393760207858158,22.368629946358332,21.97364136345739,21.039670341713116,20.23324086668443,1.0,1.0,1.0,1.0,1.0,1.0,1.0,1.0,1.0,1.0
540.0,1.0,20.515637323732758,20.078891191318633,20.078248765637458,20.737627715120322,23.08936900884262,23.735723537918894,22.263143554409837,22.117435211344603,22.437656429650666,21.302904301378693,1.0,1.0,1.0,1.0,1.0,1.0,1.0,1.0,1.0,1.0
540.25,2.0,19.896413788566303,18.713846937006664,19.580992435660463,16.979439089827295,16.425714779221394,16.764952164291277,17.814672180559594,19.404659954539373,18.992381750053724,18.92982241247424,1.0,1.0,1.0,1.0,1.0,1.0,1.0,1.0,1.0,1.0
540.5,3.0,0.0,0.0,0.0,0.0,0.0,0.0,0.0,0.0,0.0,0.0,0.0,0.0,0.0,0.0,0.0,0.0,0.0,0.0,0.0,0.0
540.75,4.0,24.49244375876955,25.21818081154666,25.355579732229252,24.931717437409986,23.847314847072766,22.747554942537377,21.97140674488264,21.86117786366166,21.285167968890878,21.95433128854111,1.0,1.0,1.0,1.0,1.0,1.0,1.0,1.0,1.0,1.0
541.0,1.0,21.914993600956414,21.33522066382646,22.71724602305909,22.027555244587695,23.712825271582297,23.972110892525667,23.034716771217816,22.953796305302856,23.480662194767604,22.20587454661866,1.0,1.0,1.0,1.0,1.0,1.0,1.0,1.0,1.0,1.0
541.25,2.0,0.0,0.0,0.0,0.0,0.0,0.0,0.0,0.0,0.0,0.0,0.0,0.0,0.0,0.0,0.0,0.0,0.0,0.0,0.0,0.0
541.5,3.0,19.428559459020104,18.765183003780475,19.592419792278992,20.49251461133325,21.64699758962191,21.405681887559762,21.094347154765778,20.80221849822634,21.24000066859006,20.837744957992378,1.0,1.0,1.0,1.0,1.0,1.0,1.0,1.0,1.0,1.0
541.75,4.0,24.24192290060439,25.07156765214791,25.278104089621227,25.45749039818984,23.448307596777475,23.22600469026066,23.451261882170126,23.47894782299281,22.79026996706944,22.545882736101063,1.0,1.0,1.0,1.0,1.0,1.0,1.0,1.0,1.0,1.0
542.0,1.0,0.0,0.0,0.0,0.0,0.0,0.0,0.0,0.0,0.0,0.0,0.0,0.0,0.0,0.0,0.0,0.0,0.0,0.0,0.0,0.0
542.25,2.0,20.061161608368128,21.01152018162192,19.490670274529215,17.342481872608808,18.21707351969216,18.35444849820328,19.42564283997753,19.784706763657375,19.219220829393674,19.945552335581077,1.0,1.0,1.0,1.0,1.0,1.0,1.0,1.0,1.0,1.0
542.5,3.0,18.60969769331338,19.29958304715236,20.50075972980551,19.93528677157607,20.749486071596465,20.84581538315526,21.638419399724697,21.389494077601594,21.122422068565907,20.312737838621896,1.0,1.0,1.0,1.0,1.0,1.0,1.0,1.0,1.0,1.0
542.75,4.0,0.0,0.0,0.0,0.0,0.0,0.0,0.0,0.0,0.0,0.0,0.0,0.0,0.0,0.0,0.0,0.0,0.0,0.0,0.0,0.0
543.0,1.0,25.09665794441801,23.073573657309343,22.862687413829395,22.41968011968242,24.914399182907314,23.489881312553432,22.895714229055883,21.545753846445535,21.620798142878325,21.05792678978165,1.0,1.0,1.0,1.0,1.0,1.0,1.0,1.0,1.0,1.0
543.25,2.0,20.136154048426036,19.419005050777006,18.920964321275065,18.406449022559087,18.917391132435213,20.153536301497056,20.112416525192934,21.095276790240007,19.471542847109205,20.585431945182762,1.0,1.0,1.0,1.0,1.0,1.0,1.0,1.0,1.0,1.0
543.5,3.0,0.0,0.0,0.0,0.0,0.0,0.0,0.0,0.0,0.0,0.0,0.0,0.0,0.0,0.0,0.0,0.0,0.0,0.0,0.0,0.0
543.75,4.0,22.961861439222307,22.768132860496898,23.564179880229357,24.228315466468466,23.380063959612137,23.45138478547507,23.660603492030628,22.69467653236824,22.716278734089315,21.501548411132617,1.0,1.0,1.0,1.0,1.0,1.0,1.0,1.0,1.0,1.0
544.0,1.0,23.71346969078534,22.757942385165453,24.112466217845785,23.24137493321389,24.62884744963862,23.203436511014473,21.929326411129196,19.912812825645144,19.339811421508763,19.582723634876096,1.0,1.0,1.0,1.0,1.0,1.0,1.0,1.0,1.0,1.0
544.25,2.0,0.0,0.0,0.0,0.0,0.0,0.0,0.0,0.0,0.0,0.0,0.0,0.0,0.0,0.0,0.0,0.0,0.0,0.0,0.0,0.0
544.5,3.0,21.441517913279736,19.901388491101006,20.03820878697189,20.230641600217552,21.1714894954568,20.246274637615695,19.409852663996652,20.256104877452003,20.224954638183572,19.58052775288271,1.0,1.0,1.0,1.0,1.0,1.0,1.0,1.0,1.0,1.0
544.75,4.0,23.204184394403132,21.869622297156994,21.730339779029734,22.590895837080016,21.97578158768428,22.25827797540113,22.01713005171585,21.59493821403407,21.27215831764286,21.31625494340691,1.0,1.0,1.0,1.0,1.0,1.0,1.0,1.0,1.0,1.0
545.0,1.0,23.347246954666797,23.093380076270865,23.75138679305976,23.093201289281374,23.57917878830077,22.303720917196074,21.082611586285267,20.548277070366257,20.878839579666334,20.403381773791438,1.0,1.0,1.0,1.0,1.0,1.0,1.0,1.0,1.0,1.0
545.25,2.0,20.373811916496997,18.421519587768834,19.03894670723631,19.43053709035519,19.388901584730675,20.40899612054582,20.42890274257892,21.334242990779615,20.95734582481025,20.53818005635454,1.0,1.0,1.0,1.0,1.0,1.0,1.0,1.0,1.0,1.0
545.5,3.0,0.0,0.0,0.0,0.0,0.0,0.0,0.0,0.0,0.0,0.0,0.0,0.0,0.0,0.0,0.0,0.0,0.0,0.0,0.0,0.0
545.75,4.0,21.629699580990238,21.26133072063457,21.688675926411563,23.81700940093781,22.20597216047316,22.210832245974267,21.72721143250835,21.13251124864923,21.12033963119353,20.61938361694272,1.0,1.0,1.0,1.0,1.0,1.0,1.0,1.0,1.0,1.0
546.0,1.0,22.590152631055812,22.700304891106207,23.87256043806149,22.583189868973882,22.082739872842808,20.708824736165653,20.029748245929685,19.460041811966605,19.46294840286203,19.189039183604542,1.0,1.0,1.0,1.0,1.0,1.0,1.0,1.0,1.0,1.0
546.25,2.0,19.24840608388665,18.322226107615347,18.819387414342227,17.999852370966234,18.617424126169247,20.49516249862798,19.786908821764538,20.904116309958226,19.854924269563615,19.860235878433254,1.0,1.0,1.0,1.0,1.0,1.0,1.0,1.0,1.0,1.0
546.5,3.0,22.89330895282066,20.68275346097502,21.40429491993888,21.031469421895693,21.640210120550872,21.607886316330898,21.853864910832243,21.835050371422113,20.43597703586292,19.475655920065556,1.0,1.0,1.0,1.0,1.0,1.0,1.0,1.0,1.0,1.0
546.75,4.0,21.087519895641677,21.573086938324092,22.90114640774765,22.767593128236648,21.2304381731066,20.861095924118725,21.013919181570778,20.12996326298557,20.184277477759675,19.37817488191098,1.0,1.0,1.0,1.0,1.0,1.0,1.0,1.0,1.0,1.0
547.0,1.0,0.0,0.0,0.0,0.0,0.0,0.0,0.0,0.0,0.0,0.0,0.0,0.0,0.0,0.0,0.0,0.0,0.0,0.0,0.0,0.0
547.25,2.0,0.0,0.0,0.0,0.0,0.0,0.0,0.0,0.0,0.0,0.0,0.0,0.0,0.0,0.0,0.0,0.0,0.0,0.0,0.0,0.0
547.5,3.0,21.971685642513656,20.37110169549266,21.235027677295708,21.949330337202937,21.62618878866973,21.467147090507144,20.647777269744367,21.04113449327385,19.92615829038058,18.950582689685792,1.0,1.0,1.0,1.0,1.0,1.0,1.0,1.0,1.0,1.0
547.75,4.0,0.0,0.0,0.0,0.0,0.0,0.0,0.0,0.0,0.0,0.0,0.0,0.0,0.0,0.0,0.0,0.0,0.0,0.0,0.0,0.0
548.0,1.0,21.52805480028258,22.363559402504205,23.565812353757693,22.03975339813902,20.49834231826258,19.98643078994313,18.754991330189515,19.488653922506952,19.09835426384264,19.223293385054752,1.0,1.0,1.0,1.0,1.0,1.0,1.0,1.0,1.0,1.0
548.25,2.0,18.506813488654096,18.83362434844521,19.03749342464959,18.48666973462043,17.311357484018593,18.92193543936222,19.313588535427797,19.762486879460617,18.99149688296809,20.205740792565628,1.0,1.0,1.0,1.0,1.0,1.0,1.0,1.0,1.0,1.0
548.5,3.0,0.0,0.0,0.0,0.0,0.0,0.0,0.0,0.0,0.0,0.0,0.0,0.0,0.0,0.0,0.0,0.0,0.0,0.0,0.0,0.0
548.75,4.0,21.743204005765634,21.769278138173938,21.748430939392655,22.804263723738497,22.143537040910008,22.757934825162454,21.576453790194886,20.304832353289875,19.941155920772633,20.313906822609916,1.0,1.0,1.0,1.0,1.0,1.0,1.0,1.0,1.0,1.0
549.0,1.0,23.031042631822075,21.931705263042392,21.73788418916959,20.601506616933946,19.222248165851127,19.73465015092473,19.536687887294036,19.46124306858021,20.05387770626304,19.63748369011089,1.0,1.0,1.0,1.0,1.0,1.0,1.0,1.0,1.0,1.0
549.25,2.0,0.0,0.0,0.0,0.0,0.0,0.0,0.0,0.0,0.0,0.0,0.0,0.0,0.0,0.0,0.0,0.0,0.0,0.0,0.0,0.0
549.5,3.0,20.78201602479505,20.60768485811137,21.30434468948576,21.014627735207203,20.67501746003768,20.259831809702536,18.919750596501974,18.34691824236051,16.897521697668104,16.487035828765315,1.0,1.0,1.0,1.0,1.0,1.0,1.0,1.0,1.0,1.0
549.75,4.0,19.690166529913007,21.105452917012887,22.16350232982274,21.53022933677404,21.561493603413698,21.12597251149594,19.906560310525386,19.083355087744668,19.108786104953086,20.49295295462251,1.0,1.0,1.0,1.0,1.0,1.0,1.0,1.0,1.0,1.0
550.0,1.0,0.0,0.0,0.0,0.0,0.0,0.0,0.0,0.0,0.0,0.0,0.0,0.0,0.0,0.0,0.0,0.0,0.0,0.0,0.0,0.0
550.25,2.0,19.577321203542983,20.702411028684967,19.309926962206433,18.23398528594589,19.112504003083224,19.31380220697957,19.60800016451297,20.13322592601016,19.892966193605446,20.364111991087604,1.0,1.0,1.0,1.0,1.0,1.0,1.0,1.0,1.0,1.0
550.5,3.0,0.0,0.0,0.0,0.0,0.0,0.0,0.0,0.0,0.0,0.0,0.0,0.0,0.0,0.0,0.0,0.0,0.0,0.0,0.0,0.0
550.75,4.0,0.0,0.0,0.0,0.0,0.0,0.0,0.0,0.0,0.0,0.0,0.0,0.0,0.0,0.0,0.0,0.0,0.0,0.0,0.0,0.0
551.0,1.0,20.2961361508065,18.792433269601677,19.49499872468623,19.4973071288237,21.434555253468336,21.921882959753514,22.268944383850208,19.994590272302585,20.314565732586292,20.95958241290925,1.0,1.0,1.0,1.0,1.0,1.0,1.0,1.0,1.0,1.0
551.25,2.0,20.555708939087776,21.41420594966348,20.66515599205283,19.379264272188436,18.656574847470495,19.74842383005919,19.41131063394755,19.497160744703432,18.679502933451722,19.277359759900573,1.0,1.0,1.0,1.0,1.0,1.0,1.0,1.0,1.0,1.0
551.5,3.0,0.0,0.0,0.0,0.0,0.0,0.0,0.0,0.0,0.0,0.0,0.0,0.0,0.0,0.0,0.0,0.0,0.0,0.0,0.0,0.0
551.75,4.0,21.39742857081097,21.896787328220903,20.98010890674853,20.753565676831908,22.160694809756304,21.732325567045677,21.599749340771933,21.137771529285068,21.192716820626273,21.513907580970383,1.0,1.0,1.0,1.0,1.0,1.0,1.0,1.0,1.0,1.0
552.0,1.0,20.283065198516653,19.59833537313707,20.922655713782436,21.454599382125796,22.698010442512192,22.55265607489077,22.214822162784994,20.174161942422934,21.107566966908347,22.166059209168726,1.0,1.0,1.0,1.0,1.0,1.0,1.0,1.0,1.0,1.0
552.25,2.0,0.0,0.0,0.0,0.0,0.0,0.0,0.0,0.0,0.0,0.0,0.0,0.0,0.0,0.0,0.0,0.0,0.0,0.0,0.0,0.0
552.5,3.0,22.125541213938824,21.59518412192219,22.117880056140756,20.950610885774307,18.59429212931255,17.225885968538606,16.282671055890503,16.551318537562267,16.606906546302714,17.159695015795954,1.0,1.0,1.0,1.0,1.0,1.0,1.0,1.0,1.0,1.0
552.75,4.0,21.81005620638559,21.645453896544495,20.93295590607159,20.075227241087763,22.067462271379856,21.391816826391047,20.651958281339226,20.595649868151913,21.25979718771544,21.848391282448013,1.0,1.0,1.0,1.0,1.0,1.0,1.0,1.0,1.0,1.0
553.0,1.0,22.779573547236268,20.620468294273472,22.859316028511763,22.38459989127598,21.5796761423981,20.323175584782913,19.870901235988907,19.551859137504582,19.95670910021601,20.538057631288723,1.0,1.0,1.0,1.0,1.0,1.0,1.0,1.0,1.0,1.0
553.25,2.0,21.496474411136923,19.57064310353195,18.259327535881066,18.21902997213137,16.02859064159635,18.097087169284013,18.697442615170097,18.825235955839997,19.48224714326829,18.935295335808945,1.0,1.0,1.0,1.0,1.0,1.0,1.0,1.0,1.0,1.0
553.5,3.0,0.0,0.0,0.0,0.0,0.0,0.0,0.0,0.0,0.0,0.0,0.0,0.0,0.0,0.0,0.0,0.0,0.0,0.0,0.0,0.0
553.75,4.0,21.295392826334975,21.546442803045384,19.69896964049241,19.630235908382023,21.71280813817669,21.930492934027033,20.80652247639901,21.310976442443913,21.69020283757028,21.50118157610788,1.0,1.0,1.0,1.0,1.0,1.0,1.0,1.0,1.0,1.0
554.0,1.0,22.361300893520674,21.738304060096674,23.901411424428805,21.226381532261314,20.128929337081445,19.014773845524015,19.840942615474624,19.006457614922404,18.504450479344847,18.67011995558139,1.0,1.0,1.0,1.0,1.0,1.0,1.0,1.0,1.0,1.0
554.25,2.0,0.0,0.0,0.0,0.0,0.0,0.0,0.0,0.0,0.0,0.0,0.0,0.0,0.0,0.0,0.0,0.0,0.0,0.0,0.0,0.0
554.5,3.0,21.761785260851784,20.060832055537034,20.365966763757783,18.81210739559804,18.063391697101853,16.443533862558276,15.951799286954104,16.129647606853894,17.16490935947059,17.30042005331362,1.0,1.0,1.0,1.0,1.0,1.0,1.0,1.0,1.0,1.0
554.75,4.0,21.564546082497262,21.322408990655514,19.829534112955002,20.100277599900135,22.39492524744877,22.249396893727397,21.584178403382047,21.158853051492375,20.202932255392057,20.68742131906149,1.0,1.0,1.0,1.0,1.0,1.0,1.0,1.0,1.0,1.0
555.0,1.0,0.0,0.0,0.0,0.0,0.0,0.0,0.0,0.0,0.0,0.0,0.0,0.0,0.0,0.0,0.0,0.0,0.0,0.0,0.0,0.0
555.25,2.0,0.0,0.0,0.0,0.0,0.0,0.0,0.0,0.0,0.0,0.0,0.0,0.0,0.0,0.0,0.0,0.0,0.0,0.0,0.0,0.0
555.5,3.0,21.38203630113219,18.977533823447917,18.57755479408191,16.71221741507848,16.58320431306683,15.622917919050339,15.840225913047108,16.691933233285365,17.052443782220468,17.137552683304573,1.0,1.0,1.0,1.0,1.0,1.0,1.0,1.0,1.0,1.0
555.75,4.0,0.0,0.0,0.0,0.0,0.0,0.0,0.0,0.0,0.0,0.0,0.0,0.0,0.0,0.0,0.0,0.0,0.0,0.0,0.0,0.0
556.0,1.0,24.377704476229763,23.450269722740945,23.212185117876743,20.021364424514886,18.74238285784315,17.351624844711814,17.78689162617691,16.677732383517416,17.03004406108141,18.081365290048343,1.0,1.0,1.0,1.0,1.0,1.0,1.0,1.0,1.0,1.0
556.25,2.0,20.199784828068573,18.713883722898554,18.190177892115535,17.719526542727515,17.840266882938597,18.816693690146806,17.802469742840398,18.04004362032202,19.25751947231442,17.93883660831756,1.0,1.0,1.0,1.0,1.0,1.0,1.0,1.0,1.0,1.0
556.5,3.0,0.0,0.0,0.0,0.0,0.0,0.0,0.0,0.0,0.0,0.0,0.0,0.0,0.0,0.0,0.0,0.0,0.0,0.0,0.0,0.0
556.75,4.0,22.108186994231634,20.467709342688533,18.755056926768095,17.39184161642998,19.65276550645967,20.25748127513923,19.520494898534423,19.888095853749434,18.445333262677142,17.286416886659428,1.0,1.0,1.0,1.0,1.0,1.0,1.0,1.0,1.0,1.0
557.0,1.0,24.208124343015523,23.785636370775617,21.756332397767295,20.084356098531526,18.165055902094597,17.406230381109125,18.45600127880305,17.80459207861453,17.42660737555247,17.784685084002884,1.0,1.0,1.0,1.0,1.0,1.0,1.0,1.0,1.0,1.0
557.25,2.0,0.0,0.0,0.0,0.0,0.0,0.0,0.0,0.0,0.0,0.0,0.0,0.0,0.0,0.0,0.0,0.0,0.0,0.0,0.0,0.0
557.5,3.0,20.298540548534564,19.625755701473555,18.041288620485588,16.217397470378305,17.412388112396403,16.924766211397273,16.84956219501948,17.207330595089786,17.50794171594819,17.43063905249399,1.0,1.0,1.0,1.0,1.0,1.0,1.0,1.0,1.0,1.0
557.75,4.0,22.997183464109003,19.55596606738986,17.48004970914317,17.902290737759913,18.76705711422367,18.55440133956879,18.04772858161882,17.752327533840045,17.088701663623016,17.06849211223476,1.0,1.0,1.0,1.0,1.0,1.0,1.0,1.0,1.0,1.0
558.0,1.0,0.0,0.0,0.0,0.0,0.0,0.0,0.0,0.0,0.0,0.0,0.0,0.0,0.0,0.0,0.0,0.0,0.0,0.0,0.0,0.0
558.25,2.0,18.221581239022242,16.83753053450377,16.0440274974155,16.90627855172152,18.21549470207127,18.560854183061654,18.06809420924199,17.56163174424254,18.738340778457747,18.315840876398198,1.0,1.0,1.0,1.0,1.0,1.0,1.0,1.0,1.0,1.0
558.5,3.0,0.0,0.0,0.0,0.0,0.0,0.0,0.0,0.0,0.0,0.0,0.0,0.0,0.0,0.0,0.0,0.0,0.0,0.0,0.0,0.0
558.75,4.0,0.0,0.0,0.0,0.0,0.0,0.0,0.0,0.0,0.0,0.0,0.0,0.0,0.0,0.0,0.0,0.0,0.0,0.0,0.0,0.0
559.0,1.0,23.213275429757534,20.126191817928547,19.74494771868808,18.772903256258164,16.76705491997942,17.39801002235669,18.012817642731488,18.072662860612105,19.034883145098274,19.34574885852923,1.0,1.0,1.0,1.0,1.0,1.0,1.0,1.0,1.0,1.0
559.25,2.0,17.611231657904426,15.431488030126957,14.741610279993049,16.586793099088407,17.998078011117894,18.35756272053922,18.444088641053064,18.073917462076114,19.03906619962861,18.649750625887716,1.0,1.0,1.0,1.0,1.0,1.0,1.0,1.0,1.0,1.0
559.5,3.0,0.0,0.0,0.0,0.0,0.0,0.0,0.0,0.0,0.0,0.0,0.0,0.0,0.0,0.0,0.0,0.0,0.0,0.0,0.0,0.0
559.75,4.0,20.34173776093072,18.528055165184973,18.33417052395479,18.517122175218873,19.188535199206395,18.550375988423518,18.009578938507886,17.0126135507488,16.727313695540964,16.26664951390573,1.0,1.0,1.0,1.0,1.0,1.0,1.0,1.0,1.0,1.0
560.0,1.0,21.760863512675016,19.041316614133233,19.652935344545163,18.619424168922354,17.23855988456798,18.228865052897923,18.53694850473139,17.806184772732262,18.153777321840515,18.53401416783204,1.0,1.0,1.0,1.0,1.0,1.0,1.0,1.0,1.0,1.0
560.25,2.0,0.0,0.0,0.0,0.0,0.0,0.0,0.0,0.0,0.0,0.0,0.0,0.0,0.0,0.0,0.0,0.0,0.0,0.0,0.0,0.0
560.5,3.0,20.931287012089957,18.04834654792627,14.341050464951232,14.279901668056938,17.361681101783834,17.01697237146766,15.158854413799554,16.098592648155112,16.188210472832868,17.24639648617613,1.0,1.0,1.0,1.0,1.0,1.0,1.0,1.0,1.0,1.0
560.75,4.0,19.367848763688215,19.221239147410497,19.517414193863594,18.281126011711248,17.83752887842433,16.301953551230387,15.44994401479266,15.968918259677197,16.633401218416918,17.221403432660033,1.0,1.0,1.0,1.0,1.0,1.0,1.0,1.0,1.0,1.0
561.0,1.0,21.175594287056153,19.562887711465628,18.46564837618926,19.00193499049435,18.035104529313198,17.515694539067994,17.940437718688113,17.44076403760485,18.256516567122862,18.648436852230414,1.0,1.0,1.0,1.0,1.0,1.0,1.0,1.0,1.0,1.0
561.25,2.0,17.02768361799884,16.735356753478143,16.062674682462138,17.17355409547955,16.275048790587984,18.429037671058307,19.113645408119986,19.513151430682672,19.041551837784958,17.34825366552751,1.0,1.0,1.0,1.0,1.0,1.0,1.0,1.0,1.0,1.0
561.5,3.0,0.0,0.0,0.0,0.0,0.0,0.0,0.0,0.0,0.0,0.0,0.0,0.0,0.0,0.0,0.0,0.0,0.0,0.0,0.0,0.0
561.75,4.0,19.23874053993978,19.99922376262771,18.554785129097336,17.320121178834285,16.835763142572294,17.014346022565537,16.620568660410047,17.26385673832518,17.283148509393364,18.115512274951527,1.0,1.0,1.0,1.0,1.0,1.0,1.0,1.0,1.0,1.0
562.0,1.0,18.44123029487239,18.536125803184746,18.85774640030104,19.984029850005047,19.179630109461,18.04907235121876,19.106916471793415,18.205110587524707,18.71161070865215,17.680729751592654,1.0,1.0,1.0,1.0,1.0,1.0,1.0,1.0,1.0,1.0
562.25,2.0,0.0,0.0,0.0,0.0,0.0,0.0,0.0,0.0,0.0,0.0,0.0,0.0,0.0,0.0,0.0,0.0,0.0,0.0,0.0,0.0
562.5,3.0,16.45541272937209,14.055359516524929,14.01980796522331,15.347770832247688,16.777209626637475,17.175477038632916,16.76000377099571,17.37688037859651,16.943844376993574,17.800478805989854,1.0,1.0,1.0,1.0,1.0,1.0,1.0,1.0,1.0,1.0
562.75,4.0,20.383924098841653,20.035061384190513,17.683968333204003,17.161859817794177,17.521186627742054,17.77607613966033,17.59302653981732,18.853433592886386,18.99190259293921,19.332056393567093,1.0,1.0,1.0,1.0,1.0,1.0,1.0,1.0,1.0,1.0
563.0,1.0,0.0,0.0,0.0,0.0,0.0,0.0,0.0,0.0,0.0,0.0,0.0,0.0,0.0,0.0,0.0,0.0,0.0,0.0,0.0,0.0
563.25,2.0,0.0,0.0,0.0,0.0,0.0,0.0,0.0,0.0,0.0,0.0,0.0,0.0,0.0,0.0,0.0,0.0,0.0,0.0,0.0,0.0
563.5,3.0,15.1987644113413,13.665345676132112,14.094689836362575,15.160717440766144,16.56635210226386,16.94716957449607,16.949566161448484,17.014956255459307,17.21761324581226,16.97864755830261,1.0,1.0,1.0,1.0,1.0,1.0,1.0,1.0,1.0,1.0
563.75,4.0,0.0,0.0,0.0,0.0,0.0,0.0,0.0,0.0,0.0,0.0,0.0,0.0,0.0,0.0,0.0,0.0,0.0,0.0,0.0,0.0
564.0,1.0,18.53634363573055,19.649362024932813,19.427625763677657,19.591274911116436,18.54213263109936,18.04297949613507,17.622093363003113,17.86543959536892,17.650021565994425,17.427438445531422,1.0,1.0,1.0,1.0,1.0,1.0,1.0,1.0,1.0,1.0
564.25,2.0,15.620497150638714,16.76571234491899,18.193891039357403,18.5443307481135,17.69059801121952,19.206377452102114,19.67278483889116,19.236586138625583,17.637743756750886,16.809831307610285,1.0,1.0,1.0,1.0,1.0,1.0,1.0,1.0,1.0,1.0
564.5,3.0,0.0,0.0,0.0,0.0,0.0,0.0,0.0,0.0,0.0,0.0,0.0,0.0,0.0,0.0,0.0,0.0,0.0,0.0,0.0,0.0
564.75,4.0,18.51744543305381,16.833703722343973,17.02027182995875,17.113239420971396,19.758220540466453,18.87011778056658,19.117384708935116,18.53002374917693,18.59342002229837,19.24949086386297,1.0,1.0,1.0,1.0,1.0,1.0,1.0,1.0,1.0,1.0
565.0,1.0,19.205833231224712,19.592843489462236,18.63085491057309,19.127822276167162,18.139272098432627,16.942536324167662,16.90479598752015,17.116225543121658,17.169846865583377,17.127287561188755,1.0,1.0,1.0,1.0,1.0,1.0,1.0,1.0,1.0,1.0
565.25,2.0,0.0,0.0,0.0,0.0,0.0,0.0,0.0,0.0,0.0,0.0,0.0,0.0,0.0,0.0,0.0,0.0,0.0,0.0,0.0,0.0
565.5,3.0,14.36197460443061,15.996934087144409,16.14857891483683,17.091773370400386,16.881158447073222,17.20318572041009,16.33405354805441,17.052666526424773,17.58937299683039,16.94843844613355,1.0,1.0,1.0,1.0,1.0,1.0,1.0,1.0,1.0,1.0
565.75,4.0,17.529403141600405,15.985888534364284,16.841310030484312,17.658812570667983,20.10532336899842,18.968059790924997,20.151463644454175,20.516464470615457,19.856757192632426,19.6672583156209,1.0,1.0,1.0,1.0,1.0,1.0,1.0,1.0,1.0,1.0
566.0,1.0,0.0,0.0,0.0,0.0,0.0,0.0,0.0,0.0,0.0,0.0,0.0,0.0,0.0,0.0,0.0,0.0,0.0,0.0,0.0,0.0
566.25,2.0,16.517244073189058,16.94756872457864,16.976383734132057,17.829557943998065,16.734981411699714,18.667045609384,18.795442249166776,18.424628562055343,17.261042650899793,18.25850050078487,1.0,1.0,1.0,1.0,1.0,1.0,1.0,1.0,1.0,1.0
566.5,3.0,0.0,0.0,0.0,0.0,0.0,0.0,0.0,0.0,0.0,0.0,0.0,0.0,0.0,0.0,0.0,0.0,0.0,0.0,0.0,0.0
566.75,4.0,0.0,0.0,0.0,0.0,0.0,0.0,0.0,0.0,0.0,0.0,0.0,0.0,0.0,0.0,0.0,0.0,0.0,0.0,0.0,0.0
567.0,1.0,17.64541005016539,19.808790495463594,17.799992901414857,17.234200919796987,16.0123395977979,15.341779289742083,15.57667942958183,16.540320904334095,17.67195236068603,17.91911237205957,1.0,1.0,1.0,1.0,1.0,1.0,1.0,1.0,1.0,1.0
567.25,2.0,14.995990138689955,15.395565526163814,15.812460916424191,16.952335084654262,16.49464811038476,18.188571300207467,17.64266778210312,18.061816107654728,17.48480666545518,18.912060642288548,1.0,1.0,1.0,1.0,1.0,1.0,1.0,1.0,1.0,1.0
567.5,3.0,14.824309694448894,15.520076047885594,16.011168045749503,16.860278685025992,16.310842204710806,17.551111486995342,18.456736118212735,18.835557116716842,19.284933323678338,17.51373026919038,1.0,1.0,1.0,1.0,1.0,1.0,1.0,1.0,1.0,1.0
567.75,4.0,14.930948249505429,15.473047985704273,17.88369958906686,21.719141047330247,22.749439976087384,21.989227089957183,21.736366934605567,21.95694986164772,19.796630152072318,18.968380436981434,1.0,1.0,1.0,1.0,1.0,1.0,1.0,1.0,1.0,1.0
568.0,1.0,16.40892445208586,19.419769608922007,17.32539075066451,17.30233900860297,16.65113847606037,15.929987214687056,16.685999220968114,17.63005916142966,18.40605419520052,18.21358697238884,1.0,1.0,1.0,1.0,1.0,1.0,1.0,1.0,1.0,1.0
568.25,2.0,0.0,0.0,0.0,0.0,0.0,0.0,0.0,0.0,0.0,0.0,0.0,0.0,0.0,0.0,0.0,0.0,0.0,0.0,0.0,0.0
568.5,3.0,14.690552618613765,15.37504826018796,17.789528631581323,18.081361826853126,17.558997298053047,19.069616016771437,18.331229845236745,18.128651939262653,18.07737980496111,16.414454642403168,1.0,1.0,1.0,1.0,1.0,1.0,1.0,1.0,1.0,1.0
568.75,4.0,14.85668695358082,16.235323235153878,19.49802191937885,22.948573562735458,22.864479700428916,22.204137573419743,20.624526029821478,21.028092379513602,18.183540330374473,18.307623366143403,1.0,1.0,1.0,1.0,1.0,1.0,1.0,1.0,1.0,1.0
569.0,1.0,17.497786522092003,19.752040694915642,18.126080444437033,18.402628534463403,17.110436675990346,16.362943866583194,17.21273361125141,17.317829044478387,17.580162935019246,18.173555566161763,1.0,1.0,1.0,1.0,1.0,1.0,1.0,1.0,1.0,1.0
569.25,2.0,13.896992924916292,15.071613253844948,16.204929679044632,17.449721019852326,17.270737629176615,16.851504433614426,18.141227462850846,17.698031110672417,17.253685177595177,17.60791321152336,1.0,1.0,1.0,1.0,1.0,1.0,1.0,1.0,1.0,1.0
569.5,3.0,0.0,0.0,0.0,0.0,0.0,0.0,0.0,0.0,0.0,0.0,0.0,0.0,0.0,0.0,0.0,0.0,0.0,0.0,0.0,0.0
569.75,4.0,15.3033100412386,18.24516633667459,21.602150419463477,23.727832455952978,22.90920263009054,22.156988815710076,20.785744397027717,20.488869965863564,18.437899473390466,18.552219191526508,1.0,1.0,1.0,1.0,1.0,1.0,1.0,1.0,1.0,1.0
570.0,1.0,17.234244718489563,19.372933154826583,17.871537890191153,18.993592756780526,18.36569413424923,18.0330742533383,18.45664346664695,17.994025555576677,17.839370898309646,17.796198103025997,1.0,1.0,1.0,1.0,1.0,1.0,1.0,1.0,1.0,1.0
570.25,2.0,0.0,0.0,0.0,0.0,0.0,0.0,0.0,0.0,0.0,0.0,0.0,0.0,0.0,0.0,0.0,0.0,0.0,0.0,0.0,0.0
570.5,3.0,16.220904005171526,17.632474792407052,18.69225264343725,18.586733544712416,19.281563526058108,19.671713615744927,19.72895274135255,18.986452896321435,18.057361289685566,16.426448030670034,1.0,1.0,1.0,1.0,1.0,1.0,1.0,1.0,1.0,1.0
570.75,4.0,17.949532031558135,20.540982060612365,22.899901085273857,24.0112943943099,21.997186508579166,21.479477622943364,19.646125307716858,20.856948984540182,18.61875300802114,18.293897469693515,1.0,1.0,1.0,1.0,1.0,1.0,1.0,1.0,1.0,1.0
571.0,1.0,0.0,0.0,0.0,0.0,0.0,0.0,0.0,0.0,0.0,0.0,0.0,0.0,0.0,0.0,0.0,0.0,0.0,0.0,0.0,0.0
571.25,2.0,15.701677085239307,15.694077298721758,16.72346473565004,17.951482651988712,17.940423279018002,17.778974857209178,17.785262591379986,17.297371543205482,17.603955810732298,17.09525106991064,1.0,1.0,1.0,1.0,1.0,1.0,1.0,1.0,1.0,1.0
571.5,3.0,17.51631514786474,17.86614964594066,17.836081927127303,17.882567146384297,18.320873741962146,19.2294975780733,18.674457328335784,17.634424592596464,17.19978903622781,15.90786278749415,1.0,1.0,1.0,1.0,1.0,1.0,1.0,1.0,1.0,1.0
571.75,4.0,0.0,0.0,0.0,0.0,0.0,0.0,0.0,0.0,0.0,0.0,0.0,0.0,0.0,0.0,0.0,0.0,0.0,0.0,0.0,0.0
572.0,1.0,18.326028753093595,19.50294643790891,19.373229811197234,18.62985671315913,18.147303034868784,18.149737232543508,17.835950044276018,17.5426232055815,17.604936277749854,17.006373378370547,1.0,1.0,1.0,1.0,1.0,1.0,1.0,1.0,1.0,1.0
572.25,2.0,16.11687489590366,15.956558636576986,15.851744345140634,17.19101275983824,17.38546188579443,17.746553964521556,17.938455998072,17.362405189750877,18.044383461574927,17.54830714757859,1.0,1.0,1.0,1.0,1.0,1.0,1.0,1.0,1.0,1.0
572.5,3.0,0.0,0.0,0.0,0.0,0.0,0.0,0.0,0.0,0.0,0.0,0.0,0.0,0.0,0.0,0.0,0.0,0.0,0.0,0.0,0.0
572.75,4.0,20.748131454380065,21.474427255820007,22.3392380555525,21.38916286341037,18.963331650876917,17.835919219032235,16.82295680077133,17.21969617892333,16.131254903245125,16.124164574436627,1.0,1.0,1.0,1.0,1.0,1.0,1.0,1.0,1.0,1.0
573.0,1.0,19.12463491086059,20.577848899123044,19.418106561579005,19.74357159128681,19.038588763485702,18.142356832982617,18.187210958577637,17.70119057254633,17.26331111916463,16.836136094667815,1.0,1.0,1.0,1.0,1.0,1.0,1.0,1.0,1.0,1.0
573.25,2.0,0.0,0.0,0.0,0.0,0.0,0.0,0.0,0.0,0.0,0.0,0.0,0.0,0.0,0.0,0.0,0.0,0.0,0.0,0.0,0.0
573.5,3.0,17.693530269081563,18.69871614643724,18.202345502212427,18.865413045552778,18.885706750577235,18.02042734278815,17.338547502358164,15.896174210466507,16.122161932962918,15.468077705263605,1.0,1.0,1.0,1.0,1.0,1.0,1.0,1.0,1.0,1.0
573.75,4.0,20.480099874314654,21.31057971889932,21.64921479507211,21.68897291093943,17.979948908494716,17.1949551415258,17.356068901034515,17.028484379761235,16.990186019630865,16.30637728346354,1.0,1.0,1.0,1.0,1.0,1.0,1.0,1.0,1.0,1.0
574.0,1.0,19.83420110243971,20.64123165249033,19.969933536344524,18.96793437459572,17.72718866029798,17.351348396892387,17.7811086000284,18.90660940643801,17.624543432874212,18.386796835591447,1.0,1.0,1.0,1.0,1.0,1.0,1.0,1.0,1.0,1.0
574.25,2.0,15.167600305709994,17.49279699286484,19.640650133924545,19.139019079441695,18.31655331818514,18.545807276791518,18.5248261809784,17.415211345070244,16.53428745878877,16.360821827939095,1.0,1.0,1.0,1.0,1.0,1.0,1.0,1.0,1.0,1.0
574.5,3.0,0.0,0.0,0.0,0.0,0.0,0.0,0.0,0.0,0.0,0.0,0.0,0.0,0.0,0.0,0.0,0.0,0.0,0.0,0.0,0.0
574.75,4.0,0.0,0.0,0.0,0.0,0.0,0.0,0.0,0.0,0.0,0.0,0.0,0.0,0.0,0.0,0.0,0.0,0.0,0.0,0.0,0.0
575.0,1.0,20.13767498625695,20.399147925019076,18.946758253402816,18.719685980638523,17.103465453452298,16.656859182821066,16.81850350259002,17.622031943116035,16.7386702270388,17.120551059495057,1.0,1.0,1.0,1.0,1.0,1.0,1.0,1.0,1.0,1.0
575.25,2.0,16.414320486851267,19.7972454195946,19.84963070701264,19.39383335663482,19.453840006242267,19.881984010315232,18.912790851067808,16.94822003560591,16.483914782345263,15.707405998889342,1.0,1.0,1.0,1.0,1.0,1.0,1.0,1.0,1.0,1.0
575.5,3.0,18.168086059848417,19.77660050201953,19.169464654813375,19.88533296431648,19.58243923860236,19.712881328580867,19.019957882624137,18.183238435471267,16.160564895484953,15.619869276658465,1.0,1.0,1.0,1.0,1.0,1.0,1.0,1.0,1.0,1.0
575.75,4.0,20.900680922811674,19.881904431879466,19.908458002719353,19.856857353567776,17.975818790625475,17.50420067177674,17.921766016702144,17.201464350648738,17.38288757039717,15.464826086225822,1.0,1.0,1.0,1.0,1.0,1.0,1.0,1.0,1.0,1.0
576.0,1.0,19.647713062181168,19.207770658181875,18.966005152978063,18.790401857116468,17.403172066811113,17.111246629754667,17.27135490942301,16.764217699613553,15.500232128420812,15.164293981656275,1.0,1.0,1.0,1.0,1.0,1.0,1.0,1.0,1.0,1.0
576.25,2.0,0.0,0.0,0.0,0.0,0.0,0.0,0.0,0.0,0.0,0.0,0.0,0.0,0.0,0.0,0.0,0.0,0.0,0.0,0.0,0.0
576.5,3.0,19.543787398878152,19.722599137343774,20.01582902798847,19.674400060074664,18.434403256782847,18.502397384075778,17.782238712331807,17.41447204027276,15.355584512766203,15.276401132511879,1.0,1.0,1.0,1.0,1.0,1.0,1.0,1.0,1.0,1.0
576.75,4.0,19.86197589383876,18.63404935925057,19.79308459632151,18.589378353743268,18.837277607490826,18.105094629425118,18.512813643191517,17.445766398390397,16.900512940720937,15.709323572494888,1.0,1.0,1.0,1.0,1.0,1.0,1.0,1.0,1.0,1.0
577.0,1.0,20.143731193504845,18.922990405198753,18.42953261942516,19.044181018629434,17.702762027989838,16.648635898593657,16.201606467368137,15.613342802336048,15.1465429107519,14.795714594758714,1.0,1.0,1.0,1.0,1.0,1.0,1.0,1.0,1.0,1.0
577.25,2.0,19.770743478888214,20.04855606678182,19.110456153600534,19.047078920063882,19.084764397573952,18.041051081208042,17.051615263718627,15.938828484031571,15.056948475705505,14.370499103114057,1.0,1.0,1.0,1.0,1.0,1.0,1.0,1.0,1.0,1.0
577.5,3.0,0.0,0.0,0.0,0.0,0.0,0.0,0.0,0.0,0.0,0.0,0.0,0.0,0.0,0.0,0.0,0.0,0.0,0.0,0.0,0.0
577.75,4.0,20.06630509778992,18.280022914814392,18.188666209758733,18.04517992836748,18.100770403049864,17.62619277677689,17.475454137828685,16.620403682851336,15.55860982080311,14.699312459662423,1.0,1.0,1.0,1.0,1.0,1.0,1.0,1.0,1.0,1.0
578.0,1.0,18.11080448195538,18.427849648909806,18.352169215941103,18.58675408190598,16.89685911790402,15.293471099809832,15.356326268189681,15.009645315009882,15.87359600280581,14.542563575222953,1.0,1.0,1.0,1.0,1.0,1.0,1.0,1.0,1.0,1.0
578.25,2.0,0.0,0.0,0.0,0.0,0.0,0.0,0.0,0.0,0.0,0.0,0.0,0.0,0.0,0.0,0.0,0.0,0.0,0.0,0.0,0.0
578.5,3.0,20.606798343693796,19.192344714298173,19.46111395277169,19.376151916438705,18.053627772335915,17.61481364903508,17.244226941446083,16.940045103088845,16.101094080134036,16.033033660862394,1.0,1.0,1.0,1.0,1.0,1.0,1.0,1.0,1.0,1.0
578.75,4.0,18.56541071458988,17.31086046243674,17.908907564542584,17.988266373211857,18.00447609623645,17.41152287945623,17.095484947943337,16.244435457501247,16.83824499287098,16.537805433435974,1.0,1.0,1.0,1.0,1.0,1.0,1.0,1.0,1.0,1.0
579.0,1.0,0.0,0.0,0.0,0.0,0.0,0.0,0.0,0.0,0.0,0.0,0.0,0.0,0.0,0.0,0.0,0.0,0.0,0.0,0.0,0.0
579.25,2.0,19.28733986144938,18.624508461806613,19.12292818489561,19.174356861505192,16.006734353662925,15.379519733850174,14.947352359617883,14.629452368438042,15.191285181451535,14.628020535815674,1.0,1.0,1.0,1.0,1.0,1.0,1.0,1.0,1.0,1.0
579.5,3.0,19.123811360317305,17.91464046011435,18.60737847542351,18.440382428513626,17.4730430582782,16.552011333398557,17.183666261394283,16.59710447943173,16.643422172644925,16.539384366615476,1.0,1.0,1.0,1.0,1.0,1.0,1.0,1.0,1.0,1.0
579.75,4.0,0.0,0.0,0.0,0.0,0.0,0.0,0.0,0.0,0.0,0.0,0.0,0.0,0.0,0.0,0.0,0.0,0.0,0.0,0.0,0.0
580.0,1.0,18.10100505564601,18.068346264543273,16.655091699948713,17.246515748370072,14.519869856602693,13.303042882297728,13.558833455397357,12.75594674715252,13.791775717400965,12.797491585148691,1.0,1.0,1.0,1.0,1.0,1.0,1.0,1.0,1.0,1.0
580.25,2.0,19.068191268718312,19.288558017223533,18.84494630579463,18.044755098446892,15.238323161218403,15.489608712339487,14.487698153713158,14.766938396971247,14.543477408472095,13.737565268728805,1.0,1.0,1.0,1.0,1.0,1.0,1.0,1.0,1.0,1.0
580.5,3.0,0.0,0.0,0.0,0.0,0.0,0.0,0.0,0.0,0.0,0.0,0.0,0.0,0.0,0.0,0.0,0.0,0.0,0.0,0.0,0.0
580.75,4.0,16.285468546501598,15.83942608572117,15.916339165867324,16.484860420705477,16.65781856976831,18.950411103720278,18.279712009026756,17.519183603777993,17.984680684661342,18.80091827542404,1.0,1.0,1.0,1.0,1.0,1.0,1.0,1.0,1.0,1.0
581.0,1.0,17.81147961295714,17.000023074026828,16.542088817359105,15.977720841530166,13.774494444641416,12.372280724955116,13.515771763186246,12.218985851618205,13.05417364088162,13.566308841675198,1.0,1.0,1.0,1.0,1.0,1.0,1.0,1.0,1.0,1.0
581.25,2.0,0.0,0.0,0.0,0.0,0.0,0.0,0.0,0.0,0.0,0.0,0.0,0.0,0.0,0.0,0.0,0.0,0.0,0.0,0.0,0.0
581.5,3.0,17.877225991321865,17.601535433430747,16.410657517950863,16.94191235466281,18.10273172159477,17.329062502061902,17.102839309693287,15.595352117904802,15.17275059707654,15.149992220628416,1.0,1.0,1.0,1.0,1.0,1.0,1.0,1.0,1.0,1.0
581.75,4.0,16.97469450375907,15.86580361051837,15.569011026301757,17.468332776220063,17.776344584625075,18.88128220593595,18.267632483147956,18.03520404088313,18.52082057000603,18.433965600066834,1.0,1.0,1.0,1.0,1.0,1.0,1.0,1.0,1.0,1.0
582.0,1.0,16.937122144884853,16.42553807726476,14.734756945981514,15.281068136220995,13.979839852428006,13.412186440453773,14.410469085294654,13.922271164366345,15.048853966064398,16.449838145922726,1.0,1.0,1.0,1.0,1.0,1.0,1.0,1.0,1.0,1.0
582.25,2.0,19.50859722064102,18.388644077970127,17.087886028567382,15.453397717511132,14.331870348674611,14.414822993393072,14.022234366007472,14.177338294258918,14.022526304590226,14.27690646915962,1.0,1.0,1.0,1.0,1.0,1.0,1.0,1.0,1.0,1.0
582.5,3.0,0.0,0.0,0.0,0.0,0.0,0.0,0.0,0.0,0.0,0.0,0.0,0.0,0.0,0.0,0.0,0.0,0.0,0.0,0.0,0.0
582.75,4.0,15.574428540805425,15.236859595160011,17.7811249479545,18.509642325784533,18.710282197978074,18.97921594708325,18.173679575990562,17.14800985084439,17.76269548965711,18.013582478188994,1.0,1.0,1.0,1.0,1.0,1.0,1.0,1.0,1.0,1.0
583.0,1.0,17.132666355472576,15.489485867314025,14.186684146180994,15.184811993193565,14.426641578133315,14.906785769977738,16.23692621833912,15.884295918822465,17.076165274617022,17.88445117238279,1.0,1.0,1.0,1.0,1.0,1.0,1.0,1.0,1.0,1.0
583.25,2.0,18.966915690578233,17.086724904345772,16.12164203743975,15.433025789740453,15.037905381063913,14.084692513560096,13.10899063190949,13.809894439601967,14.91695374038903,14.487693166301982,1.0,1.0,1.0,1.0,1.0,1.0,1.0,1.0,1.0,1.0
583.5,3.0,17.32526265380603,16.032875724610626,17.96741571999421,17.990764411940894,16.431023352404875,16.748961402260587,17.370575357267388,16.6009008802169,15.961564568687837,15.897346218036558,1.0,1.0,1.0,1.0,1.0,1.0,1.0,1.0,1.0,1.0
583.75,4.0,16.385126615730382,15.932707128051934,17.83711032404622,17.837288346607384,17.99754372727815,18.40532958710892,17.94081160943699,17.950140020338083,17.5060990528966,17.516184106012073,1.0,1.0,1.0,1.0,1.0,1.0,1.0,1.0,1.0,1.0
584.0,1.0,0.0,0.0,0.0,0.0,0.0,0.0,0.0,0.0,0.0,0.0,0.0,0.0,0.0,0.0,0.0,0.0,0.0,0.0,0.0,0.0
584.25,2.0,0.0,0.0,0.0,0.0,0.0,0.0,0.0,0.0,0.0,0.0,0.0,0.0,0.0,0.0,0.0,0.0,0.0,0.0,0.0,0.0
584.5,3.0,17.932241772938816,18.097984774842004,18.280324248098495,17.538756934471014,16.411605537243542,16.870357630466042,17.604778898439264,17.693849788191645,16.162930960234664,17.171056020766564,1.0,1.0,1.0,1.0,1.0,1.0,1.0,1.0,1.0,1.0
584.75,4.0,0.0,0.0,0.0,0.0,0.0,0.0,0.0,0.0,0.0,0.0,0.0,0.0,0.0,0.0,0.0,0.0,0.0,0.0,0.0,0.0
585.0,1.0,17.14143794465143,17.083308201701627,14.144902602481244,13.649568054006798,15.76899051406237,16.142858603893433,17.28613718162334,17.2164562132112,17.66445361146052,17.068349218080165,1.0,1.0,1.0,1.0,1.0,1.0,1.0,1.0,1.0,1.0
585.25,2.0,16.32066599675099,15.255472748447277,15.656924927706369,15.1271331284507,14.611932166570268,13.825442515033142,14.720281426656145,14.148779031078332,14.312045756002949,13.533301822315995,1.0,1.0,1.0,1.0,1.0,1.0,1.0,1.0,1.0,1.0
585.5,3.0,0.0,0.0,0.0,0.0,0.0,0.0,0.0,0.0,0.0,0.0,0.0,0.0,0.0,0.0,0.0,0.0,0.0,0.0,0.0,0.0
585.75,4.0,17.154786911076283,16.684556772667573,17.433007328020288,16.807088282158272,16.809918149525185,16.186068208465734,15.993785611678415,16.277988968393384,17.807205776450893,17.75837458254381,1.0,1.0,1.0,1.0,1.0,1.0,1.0,1.0,1.0,1.0
586.0,1.0,17.266763602461943,17.1835749815034,14.93144017927329,14.570198574242186,16.392975797133357,16.58174938470571,16.59417501989797,16.33094845159911,15.817401567878942,15.875802023502427,1.0,1.0,1.0,1.0,1.0,1.0,1.0,1.0,1.0,1.0
586.25,2.0,0.0,0.0,0.0,0.0,0.0,0.0,0.0,0.0,0.0,0.0,0.0,0.0,0.0,0.0,0.0,0.0,0.0,0.0,0.0,0.0
586.5,3.0,19.05681738364047,20.362848407759994,19.48640754470384,17.95666970790564,16.255156863381462,17.03573537834497,17.626484866920602,19.158851735517477,18.19412270001709,19.366364923995402,1.0,1.0,1.0,1.0,1.0,1.0,1.0,1.0,1.0,1.0
586.75,4.0,18.10767235457303,16.990730861501216,16.09974494611531,16.10588874901189,16.762612681672696,16.51293244481495,17.20986456725201,17.67074083606828,17.580159795187914,16.78742870208541,1.0,1.0,1.0,1.0,1.0,1.0,1.0,1.0,1.0,1.0
587.0,1.0,0.0,0.0,0.0,0.0,0.0,0.0,0.0,0.0,0.0,0.0,0.0,0.0,0.0,0.0,0.0,0.0,0.0,0.0,0.0,0.0
587.25,2.0,16.882524375482475,16.546279641357334,16.81946143468858,16.868987311019414,16.705290578778296,14.869658839995031,14.578645443603282,13.179131203709412,13.092223961914339,12.84148990512185,1.0,1.0,1.0,1.0,1.0,1.0,1.0,1.0,1.0,1.0
587.5,3.0,0.0,0.0,0.0,0.0,0.0,0.0,0.0,0.0,0.0,0.0,0.0,0.0,0.0,0.0,0.0,0.0,0.0,0.0,0.0,0.0
587.75,4.0,0.0,0.0,0.0,0.0,0.0,0.0,0.0,0.0,0.0,0.0,0.0,0.0,0.0,0.0,0.0,0.0,0.0,0.0,0.0,0.0
588.0,1.0,17.611112089787458,17.60789652665965,17.75600196592077,17.135740790165375,16.476552697805133,15.572002955228898,16.593214494690887,15.462150261281574,16.520948569993,16.68853082436382,1.0,1.0,1.0,1.0,1.0,1.0,1.0,1.0,1.0,1.0
588.25,2.0,16.81276478918805,18.21041101106192,18.688923773739404,17.326648426605352,15.517976008070855,14.371700723173555,14.612635152355763,13.968454147139736,12.964441940356664,13.284351593048818,1.0,1.0,1.0,1.0,1.0,1.0,1.0,1.0,1.0,1.0
588.5,3.0,0.0,0.0,0.0,0.0,0.0,0.0,0.0,0.0,0.0,0.0,0.0,0.0,0.0,0.0,0.0,0.0,0.0,0.0,0.0,0.0
588.75,4.0,17.192819067978203,16.198834329221143,17.391633681108633,18.963652388488565,18.04547271689158,17.5854611670122,18.33131649198169,17.123834530679307,17.004228755515555,16.91935910296381,1.0,1.0,1.0,1.0,1.0,1.0,1.0,1.0,1.0,1.0
589.0,1.0,18.353034642399756,17.460907873039037,17.56556831994225,17.268587439877866,16.285591213240547,15.713812643797556,17.43425197855233,16.857271883449947,16.81022625235789,16.160874228199294,1.0,1.0,1.0,1.0,1.0,1.0,1.0,1.0,1.0,1.0
589.25,2.0,0.0,0.0,0.0,0.0,0.0,0.0,0.0,0.0,0.0,0.0,0.0,0.0,0.0,0.0,0.0,0.0,0.0,0.0,0.0,0.0
589.5,3.0,17.513462137296376,20.86245007998819,18.72358403414422,17.200178269191024,16.166732105347766,16.310279166980123,17.174532224833364,16.93361197965014,17.209471280024058,16.714944693480273,1.0,1.0,1.0,1.0,1.0,1.0,1.0,1.0,1.0,1.0
589.75,4.0,18.19772176638084,16.4837997622258,17.708884644031688,19.549464164221398,19.293637122025295,18.338781063739287,18.16789864637221,17.34847204624713,18.29656769941127,18.326297308371526,1.0,1.0,1.0,1.0,1.0,1.0,1.0,1.0,1.0,1.0
590.0,1.0,17.785700032187364,16.993267161903088,16.8436699195657,17.15448480719405,17.899746479865346,16.12843435347725,18.281073408878054,16.167855882720588,17.05791079711213,16.404973247418447,1.0,1.0,1.0,1.0,1.0,1.0,1.0,1.0,1.0,1.0
590.25,2.0,17.883074511512394,17.958313019518183,17.005336242594026,15.921899011437054,16.517384747381318,15.254629613924854,15.687684180719545,14.956008626279772,13.39642598503236,14.025815082879012,1.0,1.0,1.0,1.0,1.0,1.0,1.0,1.0,1.0,1.0
590.5,3.0,0.0,0.0,0.0,0.0,0.0,0.0,0.0,0.0,0.0,0.0,0.0,0.0,0.0,0.0,0.0,0.0,0.0,0.0,0.0,0.0
590.75,4.0,18.900574691082817,17.06881179599956,17.876215050583998,17.958156165272264,18.43596909411066,16.976181514663654,17.147808710088732,17.859659635922498,17.471801041690416,17.549322636943216,1.0,1.0,1.0,1.0,1.0,1.0,1.0,1.0,1.0,1.0
591.0,1.0,17.801647093620407,17.21538441797313,17.167179875291712,17.096868773457853,18.90827684504183,18.252123784657858,17.03235135419069,15.693878905229619,16.08456999250911,16.12060117679702,1.0,1.0,1.0,1.0,1.0,1.0,1.0,1.0,1.0,1.0
591.25,2.0,18.517679839286956,17.605422935326796,16.44492947888669,16.176558124322867,16.533464051806348,14.850534021385153,14.172799240798502,14.159639829971729,13.535715094628092,14.404359610371468,1.0,1.0,1.0,1.0,1.0,1.0,1.0,1.0,1.0,1.0
591.5,3.0,17.75241780157244,18.979702583485945,19.3963338000778,19.311733193072893,18.260753636139306,18.235902931386967,18.154953010391033,17.47699170646588,17.208752980126555,16.497819515293518,1.0,1.0,1.0,1.0,1.0,1.0,1.0,1.0,1.0,1.0
591.75,4.0,20.15396077995558,18.08563035022887,17.64727287358491,17.7802414162294,17.752930193432498,16.18117503561093,16.948078440454363,17.48761534400573,17.163013276922772,16.520763071383662,1.0,1.0,1.0,1.0,1.0,1.0,1.0,1.0,1.0,1.0
592.0,1.0,0.0,0.0,0.0,0.0,0.0,0.0,0.0,0.0,0.0,0.0,0.0,0.0,0.0,0.0,0.0,0.0,0.0,0.0,0.0,0.0
592.25,2.0,0.0,0.0,0.0,0.0,0.0,0.0,0.0,0.0,0.0,0.0,0.0,0.0,0.0,0.0,0.0,0.0,0.0,0.0,0.0,0.0
592.5,3.0,18.43476532920863,20.250343743921384,20.6766615047364,20.33518946861382,17.946040424363467,18.65405883407132,18.470234361968267,17.643625263237606,16.845761061439145,17.10961913277492,1.0,1.0,1.0,1.0,1.0,1.0,1.0,1.0,1.0,1.0
592.75,4.0,0.0,0.0,0.0,0.0,0.0,0.0,0.0,0.0,0.0,0.0,0.0,0.0,0.0,0.0,0.0,0.0,0.0,0.0,0.0,0.0
593.0,1.0,17.787289396602993,17.558507607615145,17.078643974236684,17.68021288440651,17.563841206563925,16.847504918346253,17.044644678622547,16.801682116196677,18.051860321131368,17.91171373442822,1.0,1.0,1.0,1.0,1.0,1.0,1.0,1.0,1.0,1.0
593.25,2.0,19.747563039822857,18.00899213768759,17.44468767142674,17.06248174817414,15.41902987518499,14.278247105981043,14.59326664325054,14.763381981602766,13.89656222274234,15.20087047585072,1.0,1.0,1.0,1.0,1.0,1.0,1.0,1.0,1.0,1.0
593.5,3.0,0.0,0.0,0.0,0.0,0.0,0.0,0.0,0.0,0.0,0.0,0.0,0.0,0.0,0.0,0.0,0.0,0.0,0.0,0.0,0.0
593.75,4.0,19.694264740790555,17.361671140572646,17.622691047187555,18.626320577743876,18.56402644774734,18.82956343410549,19.24361840587457,18.447627561314786,18.231653394453915,17.47645882307491,1.0,1.0,1.0,1.0,1.0,1.0,1.0,1.0,1.0,1.0
594.0,1.0,17.07208689980279,17.29078978598363,17.524948935003945,18.70214041770484,17.95434677801524,16.782506936855004,16.958819975931824,16.410151774338186,16.79294842160386,16.366021793994225,1.0,1.0,1.0,1.0,1.0,1.0,1.0,1.0,1.0,1.0
594.25,2.0,0.0,0.0,0.0,0.0,0.0,0.0,0.0,0.0,0.0,0.0,0.0,0.0,0.0,0.0,0.0,0.0,0.0,0.0,0.0,0.0
594.5,3.0,18.84621274081203,17.432236428764277,18.996739992169516,19.244348596355195,18.220263181188834,18.199306813626453,17.811707107637304,17.18278643765164,16.091303204684987,16.114647635773064,1.0,1.0,1.0,1.0,1.0,1.0,1.0,1.0,1.0,1.0
594.75,4.0,18.268935742044825,17.05757903160716,18.157090240822438,19.262743303280285,20.050141656716434,19.03417158264887,20.091295176593054,18.94201963850608,17.58896873495129,16.379812939061594,1.0,1.0,1.0,1.0,1.0,1.0,1.0,1.0,1.0,1.0
595.0,1.0,0.0,0.0,0.0,0.0,0.0,0.0,0.0,0.0,0.0,0.0,0.0,0.0,0.0,0.0,0.0,0.0,0.0,0.0,0.0,0.0
595.25,2.0,18.27508250467501,16.88055047070529,15.829016893162924,16.234800391693483,14.576325408884397,13.74095027619075,13.353581812226906,13.146887602974994,14.464620215305453,15.846276257083593,1.0,1.0,1.0,1.0,1.0,1.0,1.0,1.0,1.0,1.0
595.5,3.0,0.0,0.0,0.0,0.0,0.0,0.0,0.0,0.0,0.0,0.0,0.0,0.0,0.0,0.0,0.0,0.0,0.0,0.0,0.0,0.0
595.75,4.0,0.0,0.0,0.0,0.0,0.0,0.0,0.0,0.0,0.0,0.0,0.0,0.0,0.0,0.0,0.0,0.0,0.0,0.0,0.0,0.0
596.0,1.0,17.742939129692388,17.710729937109758,16.79256668624989,16.619568435274093,18.221379187654968,17.00745076565271,16.17998229272307,15.033756279539064,15.799361906328581,15.147386418246501,1.0,1.0,1.0,1.0,1.0,1.0,1.0,1.0,1.0,1.0
596.25,2.0,17.19634622115557,16.028030054721558,15.141711444149776,15.549986941600666,14.392654958346096,13.626106723127126,13.386906719460336,13.45435200321198,14.753013420841219,16.200581608517965,1.0,1.0,1.0,1.0,1.0,1.0,1.0,1.0,1.0,1.0
596.5,3.0,0.0,0.0,0.0,0.0,0.0,0.0,0.0,0.0,0.0,0.0,0.0,0.0,0.0,0.0,0.0,0.0,0.0,0.0,0.0,0.0
596.75,4.0,18.299614654033316,17.4248863176676,18.205346622692794,19.311516162902336,18.37587690214397,18.709823467721044,17.73958109169823,17.133748680808402,15.741570082746497,15.087152001194811,1.0,1.0,1.0,1.0,1.0,1.0,1.0,1.0,1.0,1.0
597.0,1.0,16.336534792806976,16.853035127365104,15.909180510631893,15.964322051819806,17.461033813681283,16.380291286988843,15.841947470190258,15.070558416638093,15.900691896409068,14.978554978878394,1.0,1.0,1.0,1.0,1.0,1.0,1.0,1.0,1.0,1.0
597.25,2.0,0.0,0.0,0.0,0.0,0.0,0.0,0.0,0.0,0.0,0.0,0.0,0.0,0.0,0.0,0.0,0.0,0.0,0.0,0.0,0.0
597.5,3.0,17.52473494305294,18.741922692708435,19.026123626115467,19.0169793826724,17.985176786260844,17.770658098422107,17.119899501591593,16.84869654379674,14.689857843876888,15.73217762224927,1.0,1.0,1.0,1.0,1.0,1.0,1.0,1.0,1.0,1.0
597.75,4.0,17.816252668336183,18.329579386281434,18.180602312724695,18.523124620703438,17.95453152361013,17.515981264780415,17.000707628873226,16.147310591385317,15.501238531912646,15.339734979361348,1.0,1.0,1.0,1.0,1.0,1.0,1.0,1.0,1.0,1.0
598.0,1.0,16.83277061670932,15.47616823568877,14.767092592273912,15.913630813225183,17.184923342967334,17.191758485318292,15.989336828332464,15.577906041951804,16.484731045457867,16.125852875833868,1.0,1.0,1.0,1.0,1.0,1.0,1.0,1.0,1.0,1.0
598.25,2.0,15.028271207150599,15.793640681647824,16.396154260982037,16.29040834659808,14.324970844601767,14.124906988888428,14.425331181219073,15.027198270700351,15.214691231293376,16.523210432105248,1.0,1.0,1.0,1.0,1.0,1.0,1.0,1.0,1.0,1.0
598.5,3.0,0.0,0.0,0.0,0.0,0.0,0.0,0.0,0.0,0.0,0.0,0.0,0.0,0.0,0.0,0.0,0.0,0.0,0.0,0.0,0.0
598.75,4.0,18.05828566353964,17.243346609600742,16.93199991486748,17.847088533704543,17.50802128837117,17.841554977657914,17.50616872775526,16.54971210239515,15.885502577839437,15.68066477593479,1.0,1.0,1.0,1.0,1.0,1.0,1.0,1.0,1.0,1.0
599.0,1.0,16.25627445955976,14.837360947726776,14.780630172890264,16.547655117059886,16.91081320578134,16.990221936914978,16.527693778038536,15.840904019329995,16.659352730980686,16.11500619320349,1.0,1.0,1.0,1.0,1.0,1.0,1.0,1.0,1.0,1.0
599.25,2.0,0.0,0.0,0.0,0.0,0.0,0.0,0.0,0.0,0.0,0.0,0.0,0.0,0.0,0.0,0.0,0.0,0.0,0.0,0.0,0.0
599.5,3.0,18.912768617907616,19.021577152315682,18.630432352878994,18.300983369874082,16.264393619666148,15.706023130699357,14.892125361213091,14.90525591518144,13.801230898611008,15.504366476671207,1.0,1.0,1.0,1.0,1.0,1.0,1.0,1.0,1.0,1.0
599.75,4.0,17.61287033337784,15.513869418523504,16.668338264214118,17.94154382808229,19.20334729637139,18.8427867681647,17.68826758042014,17.403839782972113,16.36391625964119,16.982300474117284,1.0,1.0,1.0,1.0,1.0,1.0,1.0,1.0,1.0,1.0
600.0,1.0,0.0,0.0,0.0,0.0,0.0,0.0,0.0,0.0,0.0,0.0,0.0,0.0,0.0,0.0,0.0,0.0,0.0,0.0,0.0,0.0
600.25,2.0,0.0,0.0,0.0,0.0,0.0,0.0,0.0,0.0,0.0,0.0,0.0,0.0,0.0,0.0,0.0,0.0,0.0,0.0,0.0,0.0
600.5,3.0,18.588462154017073,17.72453476380379,17.06097277895012,16.979275635354416,14.600434904152161,14.369662287672178,14.675595650792168,14.436748616978576,15.06058067204443,15.939615358203769,1.0,1.0,1.0,1.0,1.0,1.0,1.0,1.0,1.0,1.0
600.75,4.0,0.0,0.0,0.0,0.0,0.0,0.0,0.0,0.0,0.0,0.0,0.0,0.0,0.0,0.0,0.0,0.0,0.0,0.0,0.0,0.0
601.0,1.0,16.351797658702733,16.22307593592575,17.383536776185718,17.640294901693604,16.76683601503373,16.776380667557248,16.287908591946238,16.779728101153925,16.948232588964466,16.72756139645941,1.0,1.0,1.0,1.0,1.0,1.0,1.0,1.0,1.0,1.0
601.25,2.0,17.6152690626841,17.599116214733545,16.126193820472132,13.89967395398521,14.858865753069237,16.16716624954759,16.571660693100526,16.754996294767846,16.807685835451647,17.244424234219252,1.0,1.0,1.0,1.0,1.0,1.0,1.0,1.0,1.0,1.0
601.5,3.0,0.0,0.0,0.0,0.0,0.0,0.0,0.0,0.0,0.0,0.0,0.0,0.0,0.0,0.0,0.0,0.0,0.0,0.0,0.0,0.0
601.75,4.0,16.90813516971036,16.198340422019708,16.818306065129967,18.395071924532047,17.655968475025023,18.776143480360854,18.462454890502098,18.87536671795697,18.78390896417293,19.66832046245955,1.0,1.0,1.0,1.0,1.0,1.0,1.0,1.0,1.0,1.0
602.0,1.0,16.66026414874348,17.618512092576747,17.118859504236475,17.560047142290816,17.166356911047178,16.861312640903314,16.62535608775147,16.622677983263433,16.921148159989276,17.792742896613976,1.0,1.0,1.0,1.0,1.0,1.0,1.0,1.0,1.0,1.0
602.25,2.0,0.0,0.0,0.0,0.0,0.0,0.0,0.0,0.0,0.0,0.0,0.0,0.0,0.0,0.0,0.0,0.0,0.0,0.0,0.0,0.0
602.5,3.0,17.53893519971736,16.94490482487967,15.467764211750811,15.529840255210656,15.42599301204,14.95744583641658,15.468336153754018,15.538957157435828,15.92470545609742,17.033988790352254,1.0,1.0,1.0,1.0,1.0,1.0,1.0,1.0,1.0,1.0
602.75,4.0,17.37024732584676,16.87861305972276,16.076400331352463,16.71158892297404,17.811502637803734,18.385225865819095,18.712529206003953,17.92547533859246,17.745418948335747,18.665646644831842,1.0,1.0,1.0,1.0,1.0,1.0,1.0,1.0,1.0,1.0
603.0,1.0,0.0,0.0,0.0,0.0,0.0,0.0,0.0,0.0,0.0,0.0,0.0,0.0,0.0,0.0,0.0,0.0,0.0,0.0,0.0,0.0
603.25,2.0,17.526757420666282,15.253204884469149,15.321247114278652,16.085673107987024,16.28630765545816,16.77843950374592,16.704035029142474,16.254265074243353,16.34220154438541,17.12007487062767,1.0,1.0,1.0,1.0,1.0,1.0,1.0,1.0,1.0,1.0
603.5,3.0,0.0,0.0,0.0,0.0,0.0,0.0,0.0,0.0,0.0,0.0,0.0,0.0,0.0,0.0,0.0,0.0,0.0,0.0,0.0,0.0
603.75,4.0,0.0,0.0,0.0,0.0,0.0,0.0,0.0,0.0,0.0,0.0,0.0,0.0,0.0,0.0,0.0,0.0,0.0,0.0,0.0,0.0
604.0,1.0,14.595402952876594,16.417573270581382,16.706570963697924,17.914530451763657,16.86166231340377,15.809873223996345,16.333766734401923,17.041998938831355,18.097562060828825,18.284774043676528,1.0,1.0,1.0,1.0,1.0,1.0,1.0,1.0,1.0,1.0
604.25,2.0,17.787158131142125,16.110506314181563,15.6783478936069,14.402594736289831,15.872279442060062,15.640905654280711,16.082473672815414,16.833966944571902,16.31848342261379,16.19215171357625,1.0,1.0,1.0,1.0,1.0,1.0,1.0,1.0,1.0,1.0
604.5,3.0,0.0,0.0,0.0,0.0,0.0,0.0,0.0,0.0,0.0,0.0,0.0,0.0,0.0,0.0,0.0,0.0,0.0,0.0,0.0,0.0
604.75,4.0,17.385986991681378,15.044330952723836,14.04227554058701,15.710223863781941,19.40534920693524,19.90986509770765,19.00247385382168,18.849896999691786,18.86945903771507,19.25238607477325,1.0,1.0,1.0,1.0,1.0,1.0,1.0,1.0,1.0,1.0
605.0,1.0,15.748557193481235,16.699644203099894,16.24600092360291,16.261236866275134,16.42873314222976,15.832817548462096,16.895823267824735,18.153745216997567,18.429136818248722,18.995737386863517,1.0,1.0,1.0,1.0,1.0,1.0,1.0,1.0,1.0,1.0
605.25,2.0,0.0,0.0,0.0,0.0,0.0,0.0,0.0,0.0,0.0,0.0,0.0,0.0,0.0,0.0,0.0,0.0,0.0,0.0,0.0,0.0
605.5,3.0,15.648245466286113,15.670925820748458,14.481549584208317,15.14297731462213,15.558369489084297,16.937824574339356,17.24174101647185,17.631263252450864,18.24236369040618,17.85633115212774,1.0,1.0,1.0,1.0,1.0,1.0,1.0,1.0,1.0,1.0
605.75,4.0,15.908614878014065,14.122013852766717,14.360225945629823,17.68783443761175,19.135277448629793,19.813168091583094,19.29204578850567,19.41335627519748,19.693331818218013,19.71341714245278,1.0,1.0,1.0,1.0,1.0,1.0,1.0,1.0,1.0,1.0
606.0,1.0,16.181754142592084,17.165396966386194,16.022559094008123,16.697639969101044,17.268212523042045,16.939508763917058,17.6635281369518,18.655051866925643,19.131076921128646,19.19894032059081,1.0,1.0,1.0,1.0,1.0,1.0,1.0,1.0,1.0,1.0
606.25,2.0,16.947687901323757,15.263806540042458,14.703104372991472,15.942086749600435,13.983998989738918,13.728796188468777,13.39724246401619,14.902737031936145,14.48737886118394,14.394508584757354,1.0,1.0,1.0,1.0,1.0,1.0,1.0,1.0,1.0,1.0
606.5,3.0,0.0,0.0,0.0,0.0,0.0,0.0,0.0,0.0,0.0,0.0,0.0,0.0,0.0,0.0,0.0,0.0,0.0,0.0,0.0,0.0
606.75,4.0,16.345109730827062,15.642931134206904,15.564369831180299,18.106974636637986,18.13510117301443,18.773884172440177,19.00494659159657,19.199879626680392,19.339653332222433,19.30702125693637,1.0,1.0,1.0,1.0,1.0,1.0,1.0,1.0,1.0,1.0
607.0,1.0,16.20626786137469,15.977795266062174,16.399885903670928,17.65577914093326,18.826397712313344,18.71753362948388,19.786526213419137,19.414170554258572,20.135495663105488,19.754171863104567,1.0,1.0,1.0,1.0,1.0,1.0,1.0,1.0,1.0,1.0
607.25,2.0,0.0,0.0,0.0,0.0,0.0,0.0,0.0,0.0,0.0,0.0,0.0,0.0,0.0,0.0,0.0,0.0,0.0,0.0,0.0,0.0
607.5,3.0,17.173654984697503,16.05909937096989,16.597588725412983,17.862689862573138,17.148071403772505,18.404456968527835,18.873559666479576,18.715803999718226,17.88086055225498,16.93484963397096,1.0,1.0,1.0,1.0,1.0,1.0,1.0,1.0,1.0,1.0
607.75,4.0,17.121701167243497,17.292221780925747,17.2793676360725,18.055198180927636,17.364619922773194,18.286054578815875,18.105086572188057,19.47394081433028,18.867147859645712,19.470253978253005,1.0,1.0,1.0,1.0,1.0,1.0,1.0,1.0,1.0,1.0
608.0,1.0,0.0,0.0,0.0,0.0,0.0,0.0,0.0,0.0,0.0,0.0,0.0,0.0,0.0,0.0,0.0,0.0,0.0,0.0,0.0,0.0
608.25,2.0,0.0,0.0,0.0,0.0,0.0,0.0,0.0,0.0,0.0,0.0,0.0,0.0,0.0,0.0,0.0,0.0,0.0,0.0,0.0,0.0
608.5,3.0,17.32512198813621,16.340896026854562,17.453746073649427,17.936088040494944,17.02075020243488,18.685029318113475,18.466994611472373,18.470172069934943,17.618614317454252,17.13459969270403,1.0,1.0,1.0,1.0,1.0,1.0,1.0,1.0,1.0,1.0
608.75,4.0,0.0,0.0,0.0,0.0,0.0,0.0,0.0,0.0,0.0,0.0,0.0,0.0,0.0,0.0,0.0,0.0,0.0,0.0,0.0,0.0
609.0,1.0,14.014811702094939,16.32167584357177,16.06866203959262,17.225280153975806,19.666270534756514,19.15161348465341,20.34401231647515,20.187590094007895,20.62219378306125,20.82920872157469,1.0,1.0,1.0,1.0,1.0,1.0,1.0,1.0,1.0,1.0
609.25,2.0,17.023605336022964,17.550386318962087,16.197458997701403,16.132475694017266,15.091750466997034,14.96195234097085,13.925339668109753,14.99126400588016,15.25230598506297,16.47226039192509,1.0,1.0,1.0,1.0,1.0,1.0,1.0,1.0,1.0,1.0
609.5,3.0,0.0,0.0,0.0,0.0,0.0,0.0,0.0,0.0,0.0,0.0,0.0,0.0,0.0,0.0,0.0,0.0,0.0,0.0,0.0,0.0
609.75,4.0,17.41070192872322,17.448313190166026,18.151849459438218,19.17778807374241,18.3656646581519,20.003012838321965,19.96998885457745,19.16360887034092,19.306527862890597,19.662254860422646,1.0,1.0,1.0,1.0,1.0,1.0,1.0,1.0,1.0,1.0
610.0,1.0,15.602042826357508,16.623851020921055,16.37018664087379,18.178392467150505,20.809660635676405,19.105242140768244,20.445498745160844,19.871968920382226,20.63145231934303,19.904342369097446,1.0,1.0,1.0,1.0,1.0,1.0,1.0,1.0,1.0,1.0
610.25,2.0,0.0,0.0,0.0,0.0,0.0,0.0,0.0,0.0,0.0,0.0,0.0,0.0,0.0,0.0,0.0,0.0,0.0,0.0,0.0,0.0
610.5,3.0,16.973316819437386,17.36177981136818,17.98280131487795,18.579709975437147,19.194554375082536,18.803394032821135,17.46223456805778,15.533493998631199,15.27396037415463,14.47372342102231,1.0,1.0,1.0,1.0,1.0,1.0,1.0,1.0,1.0,1.0
610.75,4.0,16.377915903106558,17.25539144727287,17.810897305839095,18.79998028192925,19.126206981989228,19.99639747496348,19.55831959936179,18.93685243080821,18.68183915384225,19.510543360052484,1.0,1.0,1.0,1.0,1.0,1.0,1.0,1.0,1.0,1.0
611.0,1.0,0.0,0.0,0.0,0.0,0.0,0.0,0.0,0.0,0.0,0.0,0.0,0.0,0.0,0.0,0.0,0.0,0.0,0.0,0.0,0.0
611.25,2.0,17.066630090884512,17.6704427354784,17.112844729678713,16.33236457160316,15.425355546983704,16.413091368206228,16.044669282608396,18.398105907087988,18.333226610368737,19.698169855312972,1.0,1.0,1.0,1.0,1.0,1.0,1.0,1.0,1.0,1.0
611.5,3.0,0.0,0.0,0.0,0.0,0.0,0.0,0.0,0.0,0.0,0.0,0.0,0.0,0.0,0.0,0.0,0.0,0.0,0.0,0.0,0.0
611.75,4.0,0.0,0.0,0.0,0.0,0.0,0.0,0.0,0.0,0.0,0.0,0.0,0.0,0.0,0.0,0.0,0.0,0.0,0.0,0.0,0.0
612.0,1.0,17.570708233236285,18.485210200776596,18.561556299085407,19.030664246714906,20.640727254770923,19.0545412995333,19.1968282190712,18.31623944314514,17.819686967888984,17.39580314620443,1.0,1.0,1.0,1.0,1.0,1.0,1.0,1.0,1.0,1.0
612.25,2.0,17.321831659575217,17.72649893325723,17.02322530120613,16.97651656132635,16.65004633208138,17.01753647877841,18.008461285380513,18.75128956107017,18.987579709601153,19.57144273563088,1.0,1.0,1.0,1.0,1.0,1.0,1.0,1.0,1.0,1.0
612.5,3.0,17.571742528029976,18.06924362986928,19.89313859817426,19.431537242831322,17.050007139620313,16.92333665789632,16.382881899607394,15.252323559647534,13.559741707203923,12.628932084192122,1.0,1.0,1.0,1.0,1.0,1.0,1.0,1.0,1.0,1.0
612.75,4.0,18.046320072125837,17.767874595274623,18.698884223308365,19.810701412301263,19.129642583424403,19.628828741876664,20.33137190358957,20.099649609452634,20.15147690001942,19.920095756980412,1.0,1.0,1.0,1.0,1.0,1.0,1.0,1.0,1.0,1.0
613.0,1.0,19.38057500117317,18.07765155755612,18.167267788500755,19.205482494127892,18.511073877071833,17.598370629065823,17.491654786777524,17.071926044517834,17.13499093489402,16.854140761719925,1.0,1.0,1.0,1.0,1.0,1.0,1.0,1.0,1.0,1.0
613.25,2.0,0.0,0.0,0.0,0.0,0.0,0.0,0.0,0.0,0.0,0.0,0.0,0.0,0.0,0.0,0.0,0.0,0.0,0.0,0.0,0.0
613.5,3.0,19.00265035163542,19.637288182515498,19.338097653349692,19.214611176290315,17.131640727161244,17.457866149005586,16.038884409750295,14.699365247410418,14.482616412660123,13.689496637005204,1.0,1.0,1.0,1.0,1.0,1.0,1.0,1.0,1.0,1.0
613.75,4.0,20.55224523151353,18.82953116328337,18.38960369654576,19.502286848770815,19.68347576479297,20.0669683347143,20.037493462858922,19.5650698829904,19.96541264147755,20.58481273880265,1.0,1.0,1.0,1.0,1.0,1.0,1.0,1.0,1.0,1.0
614.0,1.0,18.133362899122012,17.73486721902133,17.664344897560316,18.882779673727228,17.493437348751577,17.27094860279869,17.562193562472082,17.930288371943696,18.387439102139812,18.610176255232755,1.0,1.0,1.0,1.0,1.0,1.0,1.0,1.0,1.0,1.0
614.25,2.0,18.471199286317365,19.04456871392795,16.668901054813563,16.184247109481724,17.20107195189696,18.6805050123783,18.22998343477144,18.60552515768985,19.69815964583668,19.990929123210186,1.0,1.0,1.0,1.0,1.0,1.0,1.0,1.0,1.0,1.0
614.5,3.0,0.0,0.0,0.0,0.0,0.0,0.0,0.0,0.0,0.0,0.0,0.0,0.0,0.0,0.0,0.0,0.0,0.0,0.0,0.0,0.0
614.75,4.0,20.34210615964787,18.455694455642288,18.310178642795485,18.49151990586696,18.366815752792675,18.767295395290546,19.24383585739738,19.281093297815094,19.523245267851326,21.752157443601288,1.0,1.0,1.0,1.0,1.0,1.0,1.0,1.0,1.0,1.0
615.0,1.0,18.190032112712117,18.042515146446746,18.083670098123545,18.385627957015018,17.600392316440452,18.63850744443668,19.150835649079347,18.806211719948323,18.45202308761011,18.171717808756515,1.0,1.0,1.0,1.0,1.0,1.0,1.0,1.0,1.0,1.0
615.25,2.0,0.0,0.0,0.0,0.0,0.0,0.0,0.0,0.0,0.0,0.0,0.0,0.0,0.0,0.0,0.0,0.0,0.0,0.0,0.0,0.0
615.5,3.0,19.903549372105562,19.61331661483563,16.946779674072566,15.616548673377627,14.787095886626831,15.181267779437844,14.62640560825933,15.235813229518609,15.740965459699636,15.533085280281929,1.0,1.0,1.0,1.0,1.0,1.0,1.0,1.0,1.0,1.0
615.75,4.0,19.315188607597495,18.07243905641933,17.77061326759668,17.788294435958147,18.72912008191783,18.785241482625086,19.77358063240528,20.101640254351477,21.521194650237792,23.070747006276996,1.0,1.0,1.0,1.0,1.0,1.0,1.0,1.0,1.0,1.0
616.0,1.0,0.0,0.0,0.0,0.0,0.0,0.0,0.0,0.0,0.0,0.0,0.0,0.0,0.0,0.0,0.0,0.0,0.0,0.0,0.0,0.0
616.25,2.0,19.054144172078626,18.572205576755977,17.188068847379775,17.29576230642653,17.207474528943028,18.09089278618386,17.497397236800207,17.76881638071527,18.47441020979568,19.082279809978452,1.0,1.0,1.0,1.0,1.0,1.0,1.0,1.0,1.0,1.0
616.5,3.0,18.62408656333539,17.805975151443707,15.091490288914573,13.567409007786939,14.352565161942094,14.858651134082436,15.660528294953492,16.043475922085193,15.648840619735244,15.435239198615875,1.0,1.0,1.0,1.0,1.0,1.0,1.0,1.0,1.0,1.0
616.75,4.0,0.0,0.0,0.0,0.0,0.0,0.0,0.0,0.0,0.0,0.0,0.0,0.0,0.0,0.0,0.0,0.0,0.0,0.0,0.0,0.0
617.0,1.0,18.24171678897708,18.116175335011082,18.43519440689319,17.191538092055904,19.063615955649826,18.06816216695972,18.863178553334397,18.879423004409745,18.587217548361618,19.223297417940678,1.0,1.0,1.0,1.0,1.0,1.0,1.0,1.0,1.0,1.0
617.25,2.0,18.02711955575895,19.881051262789207,19.017421222194994,18.30097966831076,17.270283008987327,18.821460108687404,17.976792740109975,18.38474565493114,19.640744405477943,19.56092670478778,1.0,1.0,1.0,1.0,1.0,1.0,1.0,1.0,1.0,1.0
617.5,3.0,0.0,0.0,0.0,0.0,0.0,0.0,0.0,0.0,0.0,0.0,0.0,0.0,0.0,0.0,0.0,0.0,0.0,0.0,0.0,0.0
617.75,4.0,17.795119496446983,18.30543563430846,17.230289031004126,17.970597048935506,17.894105281776117,18.36105803017376,20.591395999451883,19.73701238573549,20.184659794455403,21.402406539666387,1.0,1.0,1.0,1.0,1.0,1.0,1.0,1.0,1.0,1.0
618.0,1.0,17.79233758329083,17.85738673574884,17.85104942373741,17.549973591701068,20.196896956516444,18.842994526838098,19.79070367051055,19.457003615710452,18.861384639916878,18.596524130579247,1.0,1.0,1.0,1.0,1.0,1.0,1.0,1.0,1.0,1.0
618.25,2.0,0.0,0.0,0.0,0.0,0.0,0.0,0.0,0.0,0.0,0.0,0.0,0.0,0.0,0.0,0.0,0.0,0.0,0.0,0.0,0.0
618.5,3.0,17.678564654031142,17.983269547376274,15.479620992942218,14.515590815862657,15.310623779620382,15.858260156244938,15.959419356623837,16.612041987348352,17.02419804188349,17.139374264660155,1.0,1.0,1.0,1.0,1.0,1.0,1.0,1.0,1.0,1.0
618.75,4.0,17.82985083947652,17.34757531129044,17.24928000816995,17.03994267456855,17.3685580652441,18.575535945232907,20.04004093805409,20.436083142966716,20.727625372694106,20.539626994350282,1.0,1.0,1.0,1.0,1.0,1.0,1.0,1.0,1.0,1.0
619.0,1.0,17.95388099214857,18.635486752513607,18.82214746215537,19.681426704741895,20.486160700473413,19.780594129145047,19.387860259676252,18.84700623737568,17.740119707930035,17.478227462095177,1.0,1.0,1.0,1.0,1.0,1.0,1.0,1.0,1.0,1.0
619.25,2.0,20.28416453357948,20.341567776419577,18.954662457661914,17.781818502440853,16.935196960867355,18.094632606031887,16.68864649322131,17.023478796044422,16.810213938933103,16.36686761099553,1.0,1.0,1.0,1.0,1.0,1.0,1.0,1.0,1.0,1.0
619.5,3.0,0.0,0.0,0.0,0.0,0.0,0.0,0.0,0.0,0.0,0.0,0.0,0.0,0.0,0.0,0.0,0.0,0.0,0.0,0.0,0.0
619.75,4.0,0.0,0.0,0.0,0.0,0.0,0.0,0.0,0.0,0.0,0.0,0.0,0.0,0.0,0.0,0.0,0.0,0.0,0.0,0.0,0.0
620.0,1.0,17.67010135333427,18.6075305835952,18.69882623140482,18.76846086749661,18.782754160817532,17.35922159966703,16.33543093574614,16.643774241781887,16.227415779176035,17.17674130146237,1.0,1.0,1.0,1.0,1.0,1.0,1.0,1.0,1.0,1.0
620.25,2.0,19.58320114612201,18.943860631262257,17.059143200825044,16.429823083758656,16.406392571560865,17.77567923573413,17.06665141571335,16.09218299255144,15.758930380606866,15.229518310137154,1.0,1.0,1.0,1.0,1.0,1.0,1.0,1.0,1.0,1.0
620.5,3.0,18.06024511161753,16.947816111817815,15.121333599906414,14.689908884504865,14.193278341298669,15.824274262259923,16.72854426254788,16.62248942699559,15.454478960503275,16.296069210404234,1.0,1.0,1.0,1.0,1.0,1.0,1.0,1.0,1.0,1.0
620.75,4.0,16.434518005510043,16.57762658589618,16.250356174048758,16.51636096738265,19.429040860536844,20.394799878858286,21.974110804789063,21.465493824000674,20.56660234341826,20.157613422601163,1.0,1.0,1.0,1.0,1.0,1.0,1.0,1.0,1.0,1.0
621.0,1.0,0.0,0.0,0.0,0.0,0.0,0.0,0.0,0.0,0.0,0.0,0.0,0.0,0.0,0.0,0.0,0.0,0.0,0.0,0.0,0.0
621.25,2.0,0.0,0.0,0.0,0.0,0.0,0.0,0.0,0.0,0.0,0.0,0.0,0.0,0.0,0.0,0.0,0.0,0.0,0.0,0.0,0.0
621.5,3.0,17.41504171406149,16.262704912295042,14.753079172793484,15.007397180608528,15.675121662999382,16.161525264345336,15.591134569694367,16.296537243710468,15.697522375117783,16.90303261019766,1.0,1.0,1.0,1.0,1.0,1.0,1.0,1.0,1.0,1.0
621.75,4.0,16.935037998474897,16.071723528009784,16.60865476498317,18.418304709786945,20.81696994624595,21.258253673943397,21.804324315511764,20.36175464077738,20.0836573502234,19.491069101052755,1.0,1.0,1.0,1.0,1.0,1.0,1.0,1.0,1.0,1.0
622.0,1.0,17.89659951475356,15.498344927355266,15.10327421101198,15.02503201025183,15.011345322091202,14.647984551492497,15.852047838333903,15.911093828167996,16.687625750991057,17.277746644086314,1.0,1.0,1.0,1.0,1.0,1.0,1.0,1.0,1.0,1.0
622.25,2.0,16.634024450835213,17.76878745224077,15.922710015940993,14.69316008613382,14.053211917706902,14.937590891955564,13.387865099783111,13.298233228015695,13.751849501693107,12.886657928373445,1.0,1.0,1.0,1.0,1.0,1.0,1.0,1.0,1.0,1.0
622.5,3.0,0.0,0.0,0.0,0.0,0.0,0.0,0.0,0.0,0.0,0.0,0.0,0.0,0.0,0.0,0.0,0.0,0.0,0.0,0.0,0.0
622.75,4.0,15.06617650663661,14.629438974077075,17.413133328899683,19.76566277335333,20.517534767914995,21.712662821508648,20.96317714079247,19.803609837481133,20.04540416936516,19.071042930504092,1.0,1.0,1.0,1.0,1.0,1.0,1.0,1.0,1.0,1.0
623.0,1.0,14.622997199283956,14.103683049462685,13.193808683468324,13.525271778145788,13.866378950392155,14.761237693059115,16.54568661740516,17.125558044201334,17.82899552987175,17.707263990400296,1.0,1.0,1.0,1.0,1.0,1.0,1.0,1.0,1.0,1.0
623.25,2.0,0.0,0.0,0.0,0.0,0.0,0.0,0.0,0.0,0.0,0.0,0.0,0.0,0.0,0.0,0.0,0.0,0.0,0.0,0.0,0.0
623.5,3.0,17.33649963220754,16.828583623802583,15.442352067104022,15.34956533438529,17.13450776568932,18.018579596669838,18.49543526021843,18.479493143758358,18.687399569318732,18.789427625543997,1.0,1.0,1.0,1.0,1.0,1.0,1.0,1.0,1.0,1.0
623.75,4.0,14.234739700629238,15.809769807401114,18.976968290981535,20.214215543575833,19.669272524635204,19.530323370956857,19.256381125741086,19.039740542207163,18.37448241372386,18.76659655224671,1.0,1.0,1.0,1.0,1.0,1.0,1.0,1.0,1.0,1.0
624.0,1.0,0.0,0.0,0.0,0.0,0.0,0.0,0.0,0.0,0.0,0.0,0.0,0.0,0.0,0.0,0.0,0.0,0.0,0.0,0.0,0.0
624.25,2.0,15.110259766335407,16.19528404746254,15.747160393723554,13.641856174427135,12.281838534911683,13.421316603586789,13.301070304916339,13.417197068579833,14.565915139871151,14.36423780453415,1.0,1.0,1.0,1.0,1.0,1.0,1.0,1.0,1.0,1.0
624.5,3.0,16.022520890378477,16.82478234679466,15.698313843433144,15.553969367084767,17.747442379947184,18.469986704657074,19.026222146048536,18.671723550701984,18.896599160557184,19.230196791371945,1.0,1.0,1.0,1.0,1.0,1.0,1.0,1.0,1.0,1.0
624.75,4.0,0.0,0.0,0.0,0.0,0.0,0.0,0.0,0.0,0.0,0.0,0.0,0.0,0.0,0.0,0.0,0.0,0.0,0.0,0.0,0.0
625.0,1.0,12.35038621579826,10.87201234678093,11.009495083837527,13.256629887964586,14.070402182137014,14.810006434142695,16.421418530490886,16.857276488296964,17.03255641712318,17.834812681355235,1.0,1.0,1.0,1.0,1.0,1.0,1.0,1.0,1.0,1.0
625.25,2.0,14.117155466812722,15.742011634069414,15.132867498169828,13.051508224671652,12.00543083959949,13.631993100417894,13.121192037322944,13.415707281827023,14.57506339399332,14.502451371427432,1.0,1.0,1.0,1.0,1.0,1.0,1.0,1.0,1.0,1.0
625.5,3.0,0.0,0.0,0.0,0.0,0.0,0.0,0.0,0.0,0.0,0.0,0.0,0.0,0.0,0.0,0.0,0.0,0.0,0.0,0.0,0.0
625.75,4.0,16.563279807736176,18.237482083378993,17.290712863141444,18.036782473794922,18.080887058618696,18.469733385972255,20.099577203461532,19.662581048048402,20.14169294702624,20.093761559486534,1.0,1.0,1.0,1.0,1.0,1.0,1.0,1.0,1.0,1.0
626.0,1.0,11.09679146286989,11.304267226516695,12.192493887282218,14.173632089906484,13.770819516191775,15.346466998991463,16.541193372315853,17.952309459884606,17.477941953641327,18.33817950743409,1.0,1.0,1.0,1.0,1.0,1.0,1.0,1.0,1.0,1.0
626.25,2.0,0.0,0.0,0.0,0.0,0.0,0.0,0.0,0.0,0.0,0.0,0.0,0.0,0.0,0.0,0.0,0.0,0.0,0.0,0.0,0.0
626.5,3.0,16.475224253242992,17.945901092659742,18.68733374497479,17.263984907103854,17.750552252379272,18.91298454171368,19.274585814192108,19.392306469615555,19.020554866694166,19.202373047479053,1.0,1.0,1.0,1.0,1.0,1.0,1.0,1.0,1.0,1.0
626.75,4.0,17.418351094793,18.050045221630622,16.835637251241913,17.33020785421011,17.85771113704822,18.022542462476466,19.423966701521163,19.51074352321046,20.196279413329943,19.601262072668355,1.0,1.0,1.0,1.0,1.0,1.0,1.0,1.0,1.0,1.0
627.0,1.0,11.082760162786386,12.350629448444513,13.348442741902597,14.96740620342529,14.6945900728768,15.613373806650475,16.554756883262286,17.049432857410224,15.999665072504717,17.342363193847234,1.0,1.0,1.0,1.0,1.0,1.0,1.0,1.0,1.0,1.0
627.25,2.0,12.60183646078902,14.50987242312868,12.77459702584296,11.045704420972072,14.26570652803562,16.212242507876315,16.609310168866354,16.06330455796157,15.577061264269993,14.85913669153629,1.0,1.0,1.0,1.0,1.0,1.0,1.0,1.0,1.0,1.0
627.5,3.0,0.0,0.0,0.0,0.0,0.0,0.0,0.0,0.0,0.0,0.0,0.0,0.0,0.0,0.0,0.0,0.0,0.0,0.0,0.0,0.0
627.75,4.0,17.624936131380032,17.693392472791032,16.716244630105177,18.513781699255944,18.39608832220609,18.603589888102274,20.34062938691186,20.47087893479789,21.294638009723748,21.470238235294826,1.0,1.0,1.0,1.0,1.0,1.0,1.0,1.0,1.0,1.0
628.0,1.0,11.927723906254439,14.321478054386885,14.903297120870139,15.291936110826558,15.548450980623008,16.40657474424571,16.447709155041476,16.997307462616476,16.25105155912018,17.642622609549537,1.0,1.0,1.0,1.0,1.0,1.0,1.0,1.0,1.0,1.0
628.25,2.0,13.46348461931044,13.477195830406146,12.380901235734418,12.788340694780475,14.706179050636198,16.81589697253929,16.496125058497732,16.17439321395436,15.79952604264709,15.330860071137284,1.0,1.0,1.0,1.0,1.0,1.0,1.0,1.0,1.0,1.0
628.5,3.0,17.18061479730446,18.440614073920532,19.743993484592337,19.570805319548256,18.89637466578462,18.90862232003436,18.81184434039333,18.49995957222668,18.711344591444703,18.666826298098957,1.0,1.0,1.0,1.0,1.0,1.0,1.0,1.0,1.0,1.0
628.75,4.0,17.74627748029602,17.16796226112667,18.4209212877066,19.44339874534834,19.8873729266122,20.556455962592597,21.591109183742486,21.37891121074077,21.39622033548457,22.01914808740787,1.0,1.0,1.0,1.0,1.0,1.0,1.0,1.0,1.0,1.0
629.0,1.0,0.0,0.0,0.0,0.0,0.0,0.0,0.0,0.0,0.0,0.0,0.0,0.0,0.0,0.0,0.0,0.0,0.0,0.0,0.0,0.0
629.25,2.0,0.0,0.0,0.0,0.0,0.0,0.0,0.0,0.0,0.0,0.0,0.0,0.0,0.0,0.0,0.0,0.0,0.0,0.0,0.0,0.0
629.5,3.0,17.62683200992332,20.08024066911261,20.23280334628223,19.45610966070771,17.988937967091346,18.516654884874992,18.4384632190968,18.016189255801393,19.300778885215852,19.111793415489416,1.0,1.0,1.0,1.0,1.0,1.0,1.0,1.0,1.0,1.0
629.75,4.0,0.0,0.0,0.0,0.0,0.0,0.0,0.0,0.0,0.0,0.0,0.0,0.0,0.0,0.0,0.0,0.0,0.0,0.0,0.0,0.0
630.0,1.0,14.199805515156347,15.36618104000961,15.806901862707193,15.881281040458719,16.448189913366615,17.42649299223847,17.363674999958135,18.591072832883622,18.21382950252606,19.624230447962503,1.0,1.0,1.0,1.0,1.0,1.0,1.0,1.0,1.0,1.0
630.25,2.0,15.692999050307138,14.022700021641855,15.098592202589014,14.750918225533676,16.16678447584765,15.909813511783227,15.395657534048016,14.755332852264944,14.15565319334721,14.668993464597527,1.0,1.0,1.0,1.0,1.0,1.0,1.0,1.0,1.0,1.0
630.5,3.0,0.0,0.0,0.0,0.0,0.0,0.0,0.0,0.0,0.0,0.0,0.0,0.0,0.0,0.0,0.0,0.0,0.0,0.0,0.0,0.0
630.75,4.0,17.138505158946504,15.350936885097237,17.728358402347613,20.020630025483168,20.865632476581627,21.350593620375697,22.277713672032295,22.07901754229362,21.29141267839457,21.625638192674476,1.0,1.0,1.0,1.0,1.0,1.0,1.0,1.0,1.0,1.0
631.0,1.0,14.476307754544715,15.654680582963152,15.697976422733861,16.030942812467217,17.283973955634377,18.06895261599214,18.93645652843969,20.001106980524145,20.20384085771365,19.883714528070392,1.0,1.0,1.0,1.0,1.0,1.0,1.0,1.0,1.0,1.0
631.25,2.0,0.0,0.0,0.0,0.0,0.0,0.0,0.0,0.0,0.0,0.0,0.0,0.0,0.0,0.0,0.0,0.0,0.0,0.0,0.0,0.0
631.5,3.0,18.292117952910846,18.784241920909764,19.59779444765116,20.90115833455965,19.430500332038562,18.843797701205336,17.84090436684028,16.690579203030953,18.564847849566576,17.977223005996922,1.0,1.0,1.0,1.0,1.0,1.0,1.0,1.0,1.0,1.0
631.75,4.0,15.863034326755514,15.319082625186546,18.069279072575853,20.506379603834354,21.305325048309374,20.75529772402007,21.841106992023757,21.53308672530568,20.48580376435563,20.169053142992357,1.0,1.0,1.0,1.0,1.0,1.0,1.0,1.0,1.0,1.0
632.0,1.0,0.0,0.0,0.0,0.0,0.0,0.0,0.0,0.0,0.0,0.0,0.0,0.0,0.0,0.0,0.0,0.0,0.0,0.0,0.0,0.0
632.25,2.0,18.055165611856236,15.306497249794324,14.117299759567107,14.317000795836366,14.136966710926703,14.664358474274648,13.366129894032733,13.264907390670034,12.777412123749263,12.222972538832122,1.0,1.0,1.0,1.0,1.0,1.0,1.0,1.0,1.0,1.0
632.5,3.0,0.0,0.0,0.0,0.0,0.0,0.0,0.0,0.0,0.0,0.0,0.0,0.0,0.0,0.0,0.0,0.0,0.0,0.0,0.0,0.0
632.75,4.0,0.0,0.0,0.0,0.0,0.0,0.0,0.0,0.0,0.0,0.0,0.0,0.0,0.0,0.0,0.0,0.0,0.0,0.0,0.0,0.0
633.0,1.0,16.183658655545894,15.512960658299463,16.999599808766718,18.394091688135795,18.937954456075243,18.030052794182218,18.685799790937708,18.273201293609738,17.931035578584844,18.622368138262917,1.0,1.0,1.0,1.0,1.0,1.0,1.0,1.0,1.0,1.0
633.25,2.0,17.150720059054443,14.346007950972128,13.527161683498719,14.456247157137604,13.295597861455937,12.468413387386299,11.461569960265157,11.894270293536827,11.793332714913005,12.027612073846752,1.0,1.0,1.0,1.0,1.0,1.0,1.0,1.0,1.0,1.0
633.5,3.0,0.0,0.0,0.0,0.0,0.0,0.0,0.0,0.0,0.0,0.0,0.0,0.0,0.0,0.0,0.0,0.0,0.0,0.0,0.0,0.0
633.75,4.0,16.842798437046266,16.83909717267039,18.667766776380315,18.957909790331712,19.186813699140288,19.66760733285471,20.51863753214751,20.844075221249355,20.910094678133934,20.500403557912673,1.0,1.0,1.0,1.0,1.0,1.0,1.0,1.0,1.0,1.0
634.0,1.0,15.900768942005381,16.87581643574981,18.88230479688515,19.142161785744577,17.496276719502546,17.37463161372742,18.16354255744015,17.2358418713353,17.963323462662558,18.82380702129373,1.0,1.0,1.0,1.0,1.0,1.0,1.0,1.0,1.0,1.0
634.25,2.0,0.0,0.0,0.0,0.0,0.0,0.0,0.0,0.0,0.0,0.0,0.0,0.0,0.0,0.0,0.0,0.0,0.0,0.0,0.0,0.0
634.5,3.0,15.90788643938251,16.91384654458443,17.952731120575464,17.377582411524838,17.689930715681253,17.73765009428908,16.804120574949753,16.163708688717044,17.067104994019886,16.651010039665948,1.0,1.0,1.0,1.0,1.0,1.0,1.0,1.0,1.0,1.0
634.75,4.0,16.61438971357099,16.60531773731646,17.176990727174203,17.825754532651207,19.822407028934954,19.34320731446764,20.137956900618395,20.531747046111853,19.51631830028309,19.045190495665388,1.0,1.0,1.0,1.0,1.0,1.0,1.0,1.0,1.0,1.0
635.0,1.0,15.865235804461193,17.82058750167979,17.98229283217527,17.950538980222632,16.39105427725058,16.87772733700828,16.55764186924483,16.687165818824234,16.916289319016705,17.15614301589091,1.0,1.0,1.0,1.0,1.0,1.0,1.0,1.0,1.0,1.0
635.25,2.0,16.3740979031219,13.939530882990578,12.880264577747171,14.337906730673945,13.387584128889946,13.693829893774206,13.271198753942002,12.72786274368638,12.966525486325502,14.091609788701035,1.0,1.0,1.0,1.0,1.0,1.0,1.0,1.0,1.0,1.0
635.5,3.0,0.0,0.0,0.0,0.0,0.0,0.0,0.0,0.0,0.0,0.0,0.0,0.0,0.0,0.0,0.0,0.0,0.0,0.0,0.0,0.0
635.75,4.0,17.25755790009492,17.74264936881034,16.952432806027613,17.924130139872734,19.16720695217075,18.18630128122012,19.089033784505652,19.149796160476726,18.546374710164336,17.700120420718612,1.0,1.0,1.0,1.0,1.0,1.0,1.0,1.0,1.0,1.0
636.0,1.0,15.698445211147696,17.268045158395083,17.381535330883686,16.928432170258187,16.147516317600022,17.414908093213075,17.368419689406622,18.227769034813846,18.52464778816175,17.97639049772616,1.0,1.0,1.0,1.0,1.0,1.0,1.0,1.0,1.0,1.0
636.25,2.0,0.0,0.0,0.0,0.0,0.0,0.0,0.0,0.0,0.0,0.0,0.0,0.0,0.0,0.0,0.0,0.0,0.0,0.0,0.0,0.0
636.5,3.0,17.627347120277847,16.54804889484075,15.145229887701053,15.723879508759813,16.074147127057344,18.132354666585293,18.708281854190965,18.180721996886728,18.718175150021764,18.57649553488592,1.0,1.0,1.0,1.0,1.0,1.0,1.0,1.0,1.0,1.0
636.75,4.0,17.308039589730654,18.839436748147197,16.924011519726253,17.44447626066301,18.569178246714905,17.486353532490675,18.48953525082976,18.65822437098863,18.295253957130516,16.77019413712198,1.0,1.0,1.0,1.0,1.0,1.0,1.0,1.0,1.0,1.0
637.0,1.0,0.0,0.0,0.0,0.0,0.0,0.0,0.0,0.0,0.0,0.0,0.0,0.0,0.0,0.0,0.0,0.0,0.0,0.0,0.0,0.0
637.25,2.0,0.0,0.0,0.0,0.0,0.0,0.0,0.0,0.0,0.0,0.0,0.0,0.0,0.0,0.0,0.0,0.0,0.0,0.0,0.0,0.0
637.5,3.0,16.091594501620346,15.35371580176879,15.82243117383779,17.25964232118981,16.424894370259427,17.488516093584728,17.809289272016283,17.56204736912128,18.701051761131826,18.070838497804992,1.0,1.0,1.0,1.0,1.0,1.0,1.0,1.0,1.0,1.0
637.75,4.0,0.0,0.0,0.0,0.0,0.0,0.0,0.0,0.0,0.0,0.0,0.0,0.0,0.0,0.0,0.0,0.0,0.0,0.0,0.0,0.0
638.0,1.0,15.438003155692101,15.39346475344796,15.457601029265962,16.952202537860366,16.475773494458014,16.53195100382305,16.3412721047829,17.470249838611434,15.919970268369802,16.41249385778963,1.0,1.0,1.0,1.0,1.0,1.0,1.0,1.0,1.0,1.0
638.25,2.0,13.247722444455318,13.314294325210726,13.9427905974971,16.18785174403173,15.414820718936134,16.59597303116967,14.538273633201394,14.577856186089091,15.206946220275999,15.738085625241947,1.0,1.0,1.0,1.0,1.0,1.0,1.0,1.0,1.0,1.0
638.5,3.0,0.0,0.0,0.0,0.0,0.0,0.0,0.0,0.0,0.0,0.0,0.0,0.0,0.0,0.0,0.0,0.0,0.0,0.0,0.0,0.0
638.75,4.0,16.525327511201482,16.331511097847958,16.21911916860096,16.593381359143695,15.979799179354185,16.11363961156938,17.516991099773474,17.685619011193413,16.488635442444906,17.213550928377806,1.0,1.0,1.0,1.0,1.0,1.0,1.0,1.0,1.0,1.0
639.0,1.0,15.81544837904793,14.85869320787527,15.440566902486774,15.92481924017861,15.543720119404613,16.331390913252708,16.1834633151692,17.199134297727138,15.104479585987539,14.481721008142287,1.0,1.0,1.0,1.0,1.0,1.0,1.0,1.0,1.0,1.0
639.25,2.0,0.0,0.0,0.0,0.0,0.0,0.0,0.0,0.0,0.0,0.0,0.0,0.0,0.0,0.0,0.0,0.0,0.0,0.0,0.0,0.0
639.5,3.0,14.063173663026047,15.04676272337623,15.664580073575399,16.184451810319192,16.16239019523253,17.286329763925067,17.69821166097609,17.53720593395023,17.77776659316422,16.91722037614834,1.0,1.0,1.0,1.0,1.0,1.0,1.0,1.0,1.0,1.0
639.75,4.0,16.696731705595482,16.41232688412359,15.891863202434857,16.489932967814784,15.140614517706412,15.53703191797994,17.239748648384623,16.637240456913695,15.933595609802069,17.472119060166115,1.0,1.0,1.0,1.0,1.0,1.0,1.0,1.0,1.0,1.0
640.0,1.0,0.0,0.0,0.0,0.0,0.0,0.0,0.0,0.0,0.0,0.0,0.0,0.0,0.0,0.0,0.0,0.0,0.0,0.0,0.0,0.0
640.25,2.0,14.141178408811783,15.043964908895235,14.977747631459193,15.578460802167791,16.36122339407058,16.690975210138646,15.687947898737262,15.568081027723354,15.676864002739327,15.88979792483926,1.0,1.0,1.0,1.0,1.0,1.0,1.0,1.0,1.0,1.0
640.5,3.0,0.0,0.0,0.0,0.0,0.0,0.0,0.0,0.0,0.0,0.0,0.0,0.0,0.0,0.0,0.0,0.0,0.0,0.0,0.0,0.0
640.75,4.0,0.0,0.0,0.0,0.0,0.0,0.0,0.0,0.0,0.0,0.0,0.0,0.0,0.0,0.0,0.0,0.0,0.0,0.0,0.0,0.0
641.0,1.0,17.456411712638257,16.69556002760887,14.998402195107415,15.814054218800855,14.697067095965965,15.991647962585033,15.19762085101088,14.771263754855187,13.203734747043148,12.96710618394219,1.0,1.0,1.0,1.0,1.0,1.0,1.0,1.0,1.0,1.0
641.25,2.0,16.13662211573406,15.79811256613893,15.431993038799186,16.420607624529605,16.836529281236935,16.847074500839074,16.23614495054816,15.673748059011697,14.996691476126097,14.43219593410911,1.0,1.0,1.0,1.0,1.0,1.0,1.0,1.0,1.0,1.0
641.5,3.0,0.0,0.0,0.0,0.0,0.0,0.0,0.0,0.0,0.0,0.0,0.0,0.0,0.0,0.0,0.0,0.0,0.0,0.0,0.0,0.0
641.75,4.0,15.680550282377142,15.664619836802299,16.15245254077652,17.825955574354712,16.2279525533233,17.269037737574084,18.365842705595544,17.698120491690034,18.696195310072998,18.258022557644303,1.0,1.0,1.0,1.0,1.0,1.0,1.0,1.0,1.0,1.0
642.0,1.0,16.91676363678093,13.621644068806495,14.061919983351471,15.439349248821637,15.147400729445543,15.543725119464339,15.231473872372067,14.4198878799361,13.556255037441336,14.173623650612871,1.0,1.0,1.0,1.0,1.0,1.0,1.0,1.0,1.0,1.0
642.25,2.0,0.0,0.0,0.0,0.0,0.0,0.0,0.0,0.0,0.0,0.0,0.0,0.0,0.0,0.0,0.0,0.0,0.0,0.0,0.0,0.0
642.5,3.0,16.587345873730868,18.149712878598027,17.39798718901908,16.960681248958146,15.695042931902165,17.20115797901658,19.100984248850118,18.577420627802717,19.438162794234458,18.32743865367665,1.0,1.0,1.0,1.0,1.0,1.0,1.0,1.0,1.0,1.0
642.75,4.0,17.34517311757355,16.98240063845133,18.008850136189977,18.228024729947915,17.80246616676505,18.645344449952635,19.77668846228702,18.395851967292266,19.00445408725866,18.890139250349453,1.0,1.0,1.0,1.0,1.0,1.0,1.0,1.0,1.0,1.0
643.0,1.0,14.89822534584201,13.001026935218139,14.07131141128328,13.896956621335622,14.471683864735013,14.224290673100084,14.854895345680312,14.630297007904732,13.855843553280051,14.36040089701701,1.0,1.0,1.0,1.0,1.0,1.0,1.0,1.0,1.0,1.0
643.25,2.0,11.715810238022994,13.077922221963622,14.407691073254608,15.303319014038518,13.948193952029635,14.602076789906894,14.406588120268394,13.202930205428704,11.539890487972709,11.675883645036865,1.0,1.0,1.0,1.0,1.0,1.0,1.0,1.0,1.0,1.0
643.5,3.0,0.0,0.0,0.0,0.0,0.0,0.0,0.0,0.0,0.0,0.0,0.0,0.0,0.0,0.0,0.0,0.0,0.0,0.0,0.0,0.0
643.75,4.0,18.103508037716136,16.773581004335185,17.430708662159528,18.445671976820424,17.93623727125918,19.656817627145895,19.50143254652864,18.49330075098572,19.2168520542286,19.28368111484282,1.0,1.0,1.0,1.0,1.0,1.0,1.0,1.0,1.0,1.0
644.0,1.0,13.672422237246524,13.08858068881116,14.01279430779127,14.811203350796605,14.911527438687413,14.65775687855075,14.997262163535305,15.20373668011895,14.330970585707044,14.409179337109638,1.0,1.0,1.0,1.0,1.0,1.0,1.0,1.0,1.0,1.0
644.25,2.0,0.0,0.0,0.0,0.0,0.0,0.0,0.0,0.0,0.0,0.0,0.0,0.0,0.0,0.0,0.0,0.0,0.0,0.0,0.0,0.0
644.5,3.0,17.328698928072775,17.946646729803746,16.444293289483507,16.971893763568783,16.57671078493957,18.206542599631927,18.744026354550694,17.78442410870172,17.344255125618382,16.074894142991845,1.0,1.0,1.0,1.0,1.0,1.0,1.0,1.0,1.0,1.0
644.75,4.0,17.866858870763433,16.815563628635534,17.860435757125362,19.02343380066169,18.734773178100205,20.422354341901595,20.252493302957113,20.01555102380658,20.192217104206012,19.70035196047985,1.0,1.0,1.0,1.0,1.0,1.0,1.0,1.0,1.0,1.0
645.0,1.0,0.0,0.0,0.0,0.0,0.0,0.0,0.0,0.0,0.0,0.0,0.0,0.0,0.0,0.0,0.0,0.0,0.0,0.0,0.0,0.0
645.25,2.0,0.0,0.0,0.0,0.0,0.0,0.0,0.0,0.0,0.0,0.0,0.0,0.0,0.0,0.0,0.0,0.0,0.0,0.0,0.0,0.0
645.5,3.0,16.184150877744393,17.306723377296073,15.33705768323787,16.54596991918461,17.60064637143273,18.13388494034802,17.69068812716147,15.175420097512502,15.465750988072477,14.683998113963225,1.0,1.0,1.0,1.0,1.0,1.0,1.0,1.0,1.0,1.0
645.75,4.0,0.0,0.0,0.0,0.0,0.0,0.0,0.0,0.0,0.0,0.0,0.0,0.0,0.0,0.0,0.0,0.0,0.0,0.0,0.0,0.0
646.0,1.0,13.791114480675017,13.157281791622715,15.278909106756622,15.61340258551015,13.961525620228697,13.932155043325167,14.069558848422966,14.111927720261399,13.316800934353665,14.029862147610546,1.0,1.0,1.0,1.0,1.0,1.0,1.0,1.0,1.0,1.0
646.25,2.0,13.001627977688564,14.776545672073143,13.518340826350533,13.227844820913221,13.161471107753313,14.040830268077592,13.075800479364872,13.510693673680292,13.456968348927912,14.32270655518752,1.0,1.0,1.0,1.0,1.0,1.0,1.0,1.0,1.0,1.0
646.5,3.0,0.0,0.0,0.0,0.0,0.0,0.0,0.0,0.0,0.0,0.0,0.0,0.0,0.0,0.0,0.0,0.0,0.0,0.0,0.0,0.0
646.75,4.0,18.36649803363448,18.681387794533936,20.29989890120706,21.011538910351067,18.836605360043094,19.09542228422202,19.01517231600561,19.242538911125397,19.50079111764762,18.164364836504625,1.0,1.0,1.0,1.0,1.0,1.0,1.0,1.0,1.0,1.0
647.0,1.0,13.778656717313805,14.736115419311599,17.161373156484732,15.846322993417738,13.84666643955845,13.548119149673832,14.24738182840079,14.297340977213429,14.20861798650823,14.177840067251985,1.0,1.0,1.0,1.0,1.0,1.0,1.0,1.0,1.0,1.0
647.25,2.0,0.0,0.0,0.0,0.0,0.0,0.0,0.0,0.0,0.0,0.0,0.0,0.0,0.0,0.0,0.0,0.0,0.0,0.0,0.0,0.0
647.5,3.0,16.526480258623838,16.619664114160706,17.082587794581702,17.876788263932518,16.75342077000472,15.892458278693836,15.612995430182231,14.361180768422026,15.421663191577146,15.245520379020302,1.0,1.0,1.0,1.0,1.0,1.0,1.0,1.0,1.0,1.0
647.75,4.0,19.20341059845844,19.45933550703314,20.8313126301549,19.94581221582743,16.65646731745695,18.964562187290667,18.668558617361995,18.81582605179828,19.232228260266837,18.43027517892184,1.0,1.0,1.0,1.0,1.0,1.0,1.0,1.0,1.0,1.0
648.0,1.0,0.0,0.0,0.0,0.0,0.0,0.0,0.0,0.0,0.0,0.0,0.0,0.0,0.0,0.0,0.0,0.0,0.0,0.0,0.0,0.0
648.25,2.0,13.5116486089295,14.632866335132467,13.71738452313248,13.84499767634881,13.118377866655841,13.6802956341553,12.423498802243714,13.436271424194143,13.890584999977829,13.743884743970092,1.0,1.0,1.0,1.0,1.0,1.0,1.0,1.0,1.0,1.0
648.5,3.0,0.0,0.0,0.0,0.0,0.0,0.0,0.0,0.0,0.0,0.0,0.0,0.0,0.0,0.0,0.0,0.0,0.0,0.0,0.0,0.0
648.75,4.0,0.0,0.0,0.0,0.0,0.0,0.0,0.0,0.0,0.0,0.0,0.0,0.0,0.0,0.0,0.0,0.0,0.0,0.0,0.0,0.0
649.0,1.0,17.209185330851138,16.693883428104616,15.907737222990255,12.923197330092869,14.494757387504789,14.937957824268524,16.5799014068184,17.730557474599763,17.6879371713199,17.738847927579446,1.0,1.0,1.0,1.0,1.0,1.0,1.0,1.0,1.0,1.0
649.25,2.0,14.307336532783987,15.201397909857842,14.588375462763793,14.523276738898671,13.082866882000989,13.654006157207196,13.431122989787276,13.914599550679362,13.434453412096925,12.972396765921673,1.0,1.0,1.0,1.0,1.0,1.0,1.0,1.0,1.0,1.0
649.5,3.0,16.263604368670244,18.279510844512515,17.043564062602012,16.431120989080334,15.234978629568097,13.813767025316046,14.577062516963057,14.908574933664397,17.09719054260484,17.01964315799346,1.0,1.0,1.0,1.0,1.0,1.0,1.0,1.0,1.0,1.0
649.75,4.0,19.44607180583813,17.64622617590315,17.454589345358254,17.685341075124093,17.46388188298524,17.458155888801745,16.839008858186663,17.864858990177005,19.454735935844173,18.445380957678736,1.0,1.0,1.0,1.0,1.0,1.0,1.0,1.0,1.0,1.0
650.0,1.0,17.58365516827695,16.428046941087203,15.101299770472727,13.925518416358384,15.859918904568651,15.9713459838442,16.10234401699347,17.518409970956483,17.11122461815025,17.499780470503246,1.0,1.0,1.0,1.0,1.0,1.0,1.0,1.0,1.0,1.0
650.25,2.0,0.0,0.0,0.0,0.0,0.0,0.0,0.0,0.0,0.0,0.0,0.0,0.0,0.0,0.0,0.0,0.0,0.0,0.0,0.0,0.0
650.5,3.0,17.21002709271741,17.93533351261937,16.043802084387085,14.725816238869468,14.986946396386113,15.140914920107463,16.494242901315424,16.198924605149497,17.273413857679586,17.502642132301364,1.0,1.0,1.0,1.0,1.0,1.0,1.0,1.0,1.0,1.0
650.75,4.0,19.11918440417373,16.267743326827144,16.70489772377204,17.20611752606234,16.86440284335603,16.772890061657222,16.564020023159944,17.65792817578301,19.520563189245646,18.874060968604585,1.0,1.0,1.0,1.0,1.0,1.0,1.0,1.0,1.0,1.0
651.0,1.0,17.220001048022073,15.545316540011289,16.472207232267472,15.214533492305613,17.258833910462666,16.628703504241315,17.013839337153644,17.724691736066617,17.144383591118807,18.52161896902305,1.0,1.0,1.0,1.0,1.0,1.0,1.0,1.0,1.0,1.0
651.25,2.0,16.03055401804866,15.198702813591288,14.897937096488189,14.244305852511992,12.527145321296839,12.934573715211027,13.436102891764165,13.339372518915757,12.666537016681088,12.455028945348051,1.0,1.0,1.0,1.0,1.0,1.0,1.0,1.0,1.0,1.0
651.5,3.0,0.0,0.0,0.0,0.0,0.0,0.0,0.0,0.0,0.0,0.0,0.0,0.0,0.0,0.0,0.0,0.0,0.0,0.0,0.0,0.0
651.75,4.0,18.543851681594063,16.37730526610433,16.313474010948482,16.164207129141378,15.526142197603457,16.85389132107811,17.11919936101018,18.026026441361108,19.25671642978821,18.75016717502404,1.0,1.0,1.0,1.0,1.0,1.0,1.0,1.0,1.0,1.0
652.0,1.0,16.016519950487247,16.497121041804945,17.132465099764836,15.230248734743835,17.846470193338963,17.871932154836287,17.504415557883974,18.64915323846172,18.526476888324957,19.800631419244542,1.0,1.0,1.0,1.0,1.0,1.0,1.0,1.0,1.0,1.0
652.25,2.0,0.0,0.0,0.0,0.0,0.0,0.0,0.0,0.0,0.0,0.0,0.0,0.0,0.0,0.0,0.0,0.0,0.0,0.0,0.0,0.0
652.5,3.0,15.644566700202448,15.275114357803252,13.803945587486034,13.269635258119886,15.527760173941955,15.938313581274949,17.130826453497967,17.945702291870447,17.82533424266541,17.17398485313118,1.0,1.0,1.0,1.0,1.0,1.0,1.0,1.0,1.0,1.0
652.75,4.0,16.08226795537613,15.015397130869498,14.824690281912519,15.27147844080501,15.909191225700344,17.950624219077074,16.832607944515807,18.105473684387498,18.31129180177161,17.641555222770215,1.0,1.0,1.0,1.0,1.0,1.0,1.0,1.0,1.0,1.0
653.0,1.0,0.0,0.0,0.0,0.0,0.0,0.0,0.0,0.0,0.0,0.0,0.0,0.0,0.0,0.0,0.0,0.0,0.0,0.0,0.0,0.0
653.25,2.0,0.0,0.0,0.0,0.0,0.0,0.0,0.0,0.0,0.0,0.0,0.0,0.0,0.0,0.0,0.0,0.0,0.0,0.0,0.0,0.0
653.5,3.0,15.152491275846598,14.281532882564882,12.785677957100637,14.01006750060296,17.18472843233431,16.66084038447215,16.887361412478253,16.82517939564874,17.514612129608086,16.64310121181906,1.0,1.0,1.0,1.0,1.0,1.0,1.0,1.0,1.0,1.0
653.75,4.0,0.0,0.0,0.0,0.0,0.0,0.0,0.0,0.0,0.0,0.0,0.0,0.0,0.0,0.0,0.0,0.0,0.0,0.0,0.0,0.0
654.0,1.0,14.526243940312414,15.757296831198255,18.884495172621875,18.75585311181086,19.039690364030747,20.578831967242408,20.645870036941236,21.643715527821726,20.855189944230787,21.144224178775236,1.0,1.0,1.0,1.0,1.0,1.0,1.0,1.0,1.0,1.0
654.25,2.0,15.611976388315528,16.01517418139327,15.456635157264342,13.593187472613867,14.232267828827279,14.636369226435189,14.93457394175828,14.821948828981126,14.832736415471889,14.26964882697366,1.0,1.0,1.0,1.0,1.0,1.0,1.0,1.0,1.0,1.0
654.5,3.0,0.0,0.0,0.0,0.0,0.0,0.0,0.0,0.0,0.0,0.0,0.0,0.0,0.0,0.0,0.0,0.0,0.0,0.0,0.0,0.0
654.75,4.0,15.127605650568537,17.19119916996685,15.028319938102554,16.212491754836343,16.413980988969474,16.057984222313728,15.132427551526208,16.620803831121,16.573931731092717,17.13759526626544,1.0,1.0,1.0,1.0,1.0,1.0,1.0,1.0,1.0,1.0
655.0,1.0,15.550663692041516,16.490427376653372,19.048429592624498,18.519043273849075,19.559949418912737,21.508798643254696,21.670225744373806,22.101028214823966,21.195387652743168,21.569102666128853,1.0,1.0,1.0,1.0,1.0,1.0,1.0,1.0,1.0,1.0
655.25,2.0,0.0,0.0,0.0,0.0,0.0,0.0,0.0,0.0,0.0,0.0,0.0,0.0,0.0,0.0,0.0,0.0,0.0,0.0,0.0,0.0
655.5,3.0,15.37213375701254,15.578136774669044,15.588662027759732,17.302081983698095,16.993427726683063,16.22230148556042,16.38820339597732,16.25913978103547,16.441520829733197,15.113237036054347,1.0,1.0,1.0,1.0,1.0,1.0,1.0,1.0,1.0,1.0
655.75,4.0,15.992961445771108,16.79015394492091,16.190917016996874,16.76390842613587,15.675670483312015,16.564577568434604,15.72935778153999,16.453399104913323,17.425825852232077,17.047096312020233,1.0,1.0,1.0,1.0,1.0,1.0,1.0,1.0,1.0,1.0
656.0,1.0,0.0,0.0,0.0,0.0,0.0,0.0,0.0,0.0,0.0,0.0,0.0,0.0,0.0,0.0,0.0,0.0,0.0,0.0,0.0,0.0
656.25,2.0,15.543862377955698,15.583820621472267,14.004147857841689,12.74144430102754,14.006253172618388,14.790196668483528,14.320617389467905,13.45738975568919,14.414035424037056,14.902503790979297,1.0,1.0,1.0,1.0,1.0,1.0,1.0,1.0,1.0,1.0
656.5,3.0,0.0,0.0,0.0,0.0,0.0,0.0,0.0,0.0,0.0,0.0,0.0,0.0,0.0,0.0,0.0,0.0,0.0,0.0,0.0,0.0
656.75,4.0,0.0,0.0,0.0,0.0,0.0,0.0,0.0,0.0,0.0,0.0,0.0,0.0,0.0,0.0,0.0,0.0,0.0,0.0,0.0,0.0
657.0,1.0,16.27445084565596,15.986344201193914,17.793496607525974,20.508956848997713,21.087204102127,21.348691554219034,21.089133229929967,21.298206190948378,20.502869956294944,21.273099510843515,1.0,1.0,1.0,1.0,1.0,1.0,1.0,1.0,1.0,1.0
657.25,2.0,13.470698337141444,14.061337174460606,13.213818857555044,13.097552134428621,13.845540626070525,13.946409382617276,13.892113962979243,13.612140430346972,14.176763720114318,14.542100019769661,1.0,1.0,1.0,1.0,1.0,1.0,1.0,1.0,1.0,1.0
657.5,3.0,14.814409952588756,17.009321822891796,16.024928971781446,16.7668184143143,16.184715841742484,16.159756492402547,16.00886378938991,15.180958548823822,15.737452936081883,15.174064097821853,1.0,1.0,1.0,1.0,1.0,1.0,1.0,1.0,1.0,1.0
657.75,4.0,16.441143898729447,14.65871687637849,15.236799602981971,15.3470910558469,15.709851999591521,16.48532978283093,16.726745341003685,17.755118763020786,18.06297117661002,17.48251338958972,1.0,1.0,1.0,1.0,1.0,1.0,1.0,1.0,1.0,1.0
658.0,1.0,14.457008960071319,15.825200751252641,18.221742168542523,20.881978674889652,21.432921119814765,20.690666105539304,20.609322976756182,20.539646556597344,20.828408953991296,21.67133208030502,1.0,1.0,1.0,1.0,1.0,1.0,1.0,1.0,1.0,1.0
658.25,2.0,0.0,0.0,0.0,0.0,0.0,0.0,0.0,0.0,0.0,0.0,0.0,0.0,0.0,0.0,0.0,0.0,0.0,0.0,0.0,0.0
658.5,3.0,14.376071495243869,15.170997141777534,15.717244920189989,17.00789494133799,16.44012532111427,16.963082131631534,16.708222602113047,16.660840737502465,17.155136104045255,15.654617276020648,1.0,1.0,1.0,1.0,1.0,1.0,1.0,1.0,1.0,1.0
658.75,4.0,16.32183512833034,14.920953815687561,14.59427239315118,14.43280072685638,17.012212691638094,17.92611992795163,18.01108655404827,17.699577207463705,17.762070999296228,17.315038023381106,1.0,1.0,1.0,1.0,1.0,1.0,1.0,1.0,1.0,1.0
659.0,1.0,15.574536658191695,15.497654714507151,18.608814160877618,21.80261557696856,22.249044133903144,20.920811319267113,20.860090707672626,20.899901009504365,20.896734560732114,21.186851222960982,1.0,1.0,1.0,1.0,1.0,1.0,1.0,1.0,1.0,1.0
659.25,2.0,13.189390276209764,13.937045540167242,12.390134366545881,12.374967352881471,13.268783823433422,13.551109023060121,14.287042396584456,14.771327012669751,15.668264900426145,16.63562024819962,1.0,1.0,1.0,1.0,1.0,1.0,1.0,1.0,1.0,1.0
659.5,3.0,0.0,0.0,0.0,0.0,0.0,0.0,0.0,0.0,0.0,0.0,0.0,0.0,0.0,0.0,0.0,0.0,0.0,0.0,0.0,0.0
659.75,4.0,15.324529115472487,14.568045918876154,13.835558620492993,14.580887844094995,17.157680219150656,17.184425577577237,17.189377400240055,17.652872312924877,17.94213549479571,18.289465096758374,1.0,1.0,1.0,1.0,1.0,1.0,1.0,1.0,1.0,1.0
