time,beamID,lineOfSightWindSpeed1,lineOfSightWindSpeed2,lineOfSightWindSpeed3,lineOfSightWindSpeed4,lineOfSightWindSpeed5,lineOfSightWindSpeed6,lineOfSightWindSpeed7,lineOfSightWindSpeed8,lineOfSightWindSpeed9,lineOfSightWindSpeed10,isValid1,isValid2,isValid3,isValid4,isValid5,isValid6,isValid7,isValid8,isValid9,isValid10
0.0,1.0,16.93730972907663,17.451712505174385,17.136103144667192,17.212731579939657,17.684005184213376,18.680815611899565,18.890289649713594,18.88130198839944,19.559622342165298,19.568082804849066,1.0,1.0,1.0,1.0,1.0,1.0,1.0,1.0,1.0,1.0
0.25,2.0,17.234358168569674,16.623494832619297,16.44534855478397,17.935401548787382,16.832636734332095,15.844321890013086,15.560763936307001,15.31984928803418,14.869701467598407,15.861426604415946,1.0,1.0,1.0,1.0,1.0,1.0,1.0,1.0,1.0,1.0
0.5,3.0,0.0,0.0,0.0,0.0,0.0,0.0,0.0,0.0,0.0,0.0,0.0,0.0,0.0,0.0,0.0,0.0,0.0,0.0,0.0,0.0
0.75,4.0,17.1420635942321,18.027419786058097,16.094040070515177,16.749349413762737,17.393103005104432,15.889958892125456,16.406690691164698,16.282930056333996,17.203933828668156,16.952808912774262,1.0,1.0,1.0,1.0,1.0,1.0,1.0,1.0,1.0,1.0
1.0,1.0,16.953047006086987,17.827969251913817,16.9758375734256,17.254560474068786,18.518700258920447,19.000023225305572,19.011915264749067,18.773528712521344,19.014610270168774,18.38215513145428,1.0,1.0,1.0,1.0,1.0,1.0,1.0,1.0,1.0,1.0
1.25,2.0,16.39468260394674,17.01333935900179,17.029894765110004,17.71691220148886,15.526816997112146,15.753757876831557,15.776061143115221,16.02524638126936,16.716122513590147,17.320579613118436,1.0,1.0,1.0,1.0,1.0,1.0,1.0,1.0,1.0,1.0
1.5,3.0,16.832490132019963,15.846776490670791,16.672477652118467,16.672253531603065,16.21476600266606,16.514791753819114,16.467422896751604,15.225203832248159,14.035840989949097,13.31751956991532,1.0,1.0,1.0,1.0,1.0,1.0,1.0,1.0,1.0,1.0
1.75,4.0,16.51864006277997,17.214475466031296,15.795528782398772,15.5514409586469,15.686315961916137,14.747161216395051,15.375548203341781,16.18697158629626,17.10976790545545,17.337509520676107,1.0,1.0,1.0,1.0,1.0,1.0,1.0,1.0,1.0,1.0
2.0,1.0,0.0,0.0,0.0,0.0,0.0,0.0,0.0,0.0,0.0,0.0,0.0,0.0,0.0,0.0,0.0,0.0,0.0,0.0,0.0,0.0
2.25,2.0,0.0,0.0,0.0,0.0,0.0,0.0,0.0,0.0,0.0,0.0,0.0,0.0,0.0,0.0,0.0,0.0,0.0,0.0,0.0,0.0
2.5,3.0,16.560902393004383,15.984480175193704,15.856516684753611,15.430097652382493,16.178986571441545,16.286128187924586,16.077281198122378,14.748715760661398,14.408507746283513,12.591447956983016,1.0,1.0,1.0,1.0,1.0,1.0,1.0,1.0,1.0,1.0
2.75,4.0,0.0,0.0,0.0,0.0,0.0,0.0,0.0,0.0,0.0,0.0,0.0,0.0,0.0,0.0,0.0,0.0,0.0,0.0,0.0,0.0
3.0,1.0,16.023580708779935,17.221911146572317,17.53676248240129,18.78981533519464,17.073153125543925,17.584068353172917,17.116545948808685,17.397904004925092,18.175170908741002,18.039813622376432,1.0,1.0,1.0,1.0,1.0,1.0,1.0,1.0,1.0,1.0
3.25,2.0,16.139049529603433,18.07306403821666,17.612936253182184,17.017245550841224,14.901283379587628,15.520838618525135,15.948123793137455,16.31008228673388,16.961325662405848,17.823743116014377,1.0,1.0,1.0,1.0,1.0,1.0,1.0,1.0,1.0,1.0
3.5,3.0,0.0,0.0,0.0,0.0,0.0,0.0,0.0,0.0,0.0,0.0,0.0,0.0,0.0,0.0,0.0,0.0,0.0,0.0,0.0,0.0
3.75,4.0,15.975728149473928,14.9372356424593,15.390566515624784,15.793044202681507,16.50193709275021,17.171248244896628,17.741682211544536,17.505195775871933,18.250144448449305,18.423888633179818,1.0,1.0,1.0,1.0,1.0,1.0,1.0,1.0,1.0,1.0
4.0,1.0,15.828774053340442,17.202115062153187,17.903031175865674,16.959493648972582,16.821517154980576,17.22752701136023,17.646030421735755,16.837044240941534,16.749942837540978,16.117791080831168,1.0,1.0,1.0,1.0,1.0,1.0,1.0,1.0,1.0,1.0
4.25,2.0,0.0,0.0,0.0,0.0,0.0,0.0,0.0,0.0,0.0,0.0,0.0,0.0,0.0,0.0,0.0,0.0,0.0,0.0,0.0,0.0
4.5,3.0,15.351028490869087,15.469503322328256,15.416038508103137,15.877999339784271,14.70457329942662,14.108691600744185,13.628258540745174,13.098048652191638,11.946425038748547,11.938497859107772,1.0,1.0,1.0,1.0,1.0,1.0,1.0,1.0,1.0,1.0
4.75,4.0,15.419990137029268,14.680942351253453,15.375621215415176,15.656688509069733,17.998028518200726,17.072887818872804,17.794923548196632,17.766702413759514,17.98591319209217,17.91664028079775,1.0,1.0,1.0,1.0,1.0,1.0,1.0,1.0,1.0,1.0
5.0,1.0,0.0,0.0,0.0,0.0,0.0,0.0,0.0,0.0,0.0,0.0,0.0,0.0,0.0,0.0,0.0,0.0,0.0,0.0,0.0,0.0
5.25,2.0,15.92655979843275,15.782224263101048,15.12514685951098,14.472283353386262,15.26109592908907,16.65199498672105,17.24250169887295,16.307631512350152,17.25249580954688,16.531116195541223,1.0,1.0,1.0,1.0,1.0,1.0,1.0,1.0,1.0,1.0
5.5,3.0,0.0,0.0,0.0,0.0,0.0,0.0,0.0,0.0,0.0,0.0,0.0,0.0,0.0,0.0,0.0,0.0,0.0,0.0,0.0,0.0
5.75,4.0,0.0,0.0,0.0,0.0,0.0,0.0,0.0,0.0,0.0,0.0,0.0,0.0,0.0,0.0,0.0,0.0,0.0,0.0,0.0,0.0
6.0,1.0,16.96213305846463,17.91478377785544,18.310985643257997,16.793284490781318,16.243380661525023,17.23338179695395,16.84991051713175,17.140902351640502,17.96411825421676,18.010942009975555,1.0,1.0,1.0,1.0,1.0,1.0,1.0,1.0,1.0,1.0
6.25,2.0,14.722408578414901,15.202389243893304,14.322140420480515,14.94270241055942,16.292571023584102,17.599473663931125,17.319083800528993,16.968651285735167,17.423621376603364,17.065811970124223,1.0,1.0,1.0,1.0,1.0,1.0,1.0,1.0,1.0,1.0
6.5,3.0,0.0,0.0,0.0,0.0,0.0,0.0,0.0,0.0,0.0,0.0,0.0,0.0,0.0,0.0,0.0,0.0,0.0,0.0,0.0,0.0
6.75,4.0,14.747580010536556,15.900061335068681,15.28989843414689,15.189300794957582,14.496737226274155,14.508213262523409,15.156195002378961,17.2815562923504,16.65385015235161,16.626323466578256,1.0,1.0,1.0,1.0,1.0,1.0,1.0,1.0,1.0,1.0
7.0,1.0,15.833273948980958,17.29046274958331,17.593491883830698,17.993161714822836,17.370245736980714,18.799147086454127,18.702219776876376,18.687666995794828,18.072329247484475,17.36459399197054,1.0,1.0,1.0,1.0,1.0,1.0,1.0,1.0,1.0,1.0
7.25,2.0,0.0,0.0,0.0,0.0,0.0,0.0,0.0,0.0,0.0,0.0,0.0,0.0,0.0,0.0,0.0,0.0,0.0,0.0,0.0,0.0
7.5,3.0,15.463642325929515,16.360597936858863,14.43980670956631,14.585371662039483,14.599500928472382,14.333504529381157,14.240768682540565,12.663694921476697,12.984978452503103,13.921468611455367,1.0,1.0,1.0,1.0,1.0,1.0,1.0,1.0,1.0,1.0
7.75,4.0,14.668626859816099,15.042062851703893,14.970799459661583,14.696301924088386,13.306688818281058,13.329954918250552,13.721475797516307,14.364512468734405,13.485307634959781,14.35287341406669,1.0,1.0,1.0,1.0,1.0,1.0,1.0,1.0,1.0,1.0
8.0,1.0,15.672922234380342,16.107152710575367,17.383540171889344,17.722494240594703,18.255169937153333,18.459180181667687,18.10353193809447,17.337891989218175,17.404370319515696,17.405445145839476,1.0,1.0,1.0,1.0,1.0,1.0,1.0,1.0,1.0,1.0
8.25,2.0,14.53306281361969,14.516792510134557,14.190708660152453,13.755896598487892,15.872484257572266,16.410763551552904,16.14775085312511,15.359323908212362,16.358662336603484,15.227818829244132,1.0,1.0,1.0,1.0,1.0,1.0,1.0,1.0,1.0,1.0
8.5,3.0,0.0,0.0,0.0,0.0,0.0,0.0,0.0,0.0,0.0,0.0,0.0,0.0,0.0,0.0,0.0,0.0,0.0,0.0,0.0,0.0
8.75,4.0,14.569583423035578,14.75137005031133,14.85855174517971,14.552394979337656,14.432740571269287,13.35068952741335,13.637558667182853,13.425685013792613,12.837939752949458,14.525537916278541,1.0,1.0,1.0,1.0,1.0,1.0,1.0,1.0,1.0,1.0
9.0,1.0,14.491839258143731,15.398536722840788,16.598643646485748,16.952009389551346,17.320236677749822,17.434654313910958,17.22119240111526,18.08993037780952,17.359595214219905,18.039127237728795,1.0,1.0,1.0,1.0,1.0,1.0,1.0,1.0,1.0,1.0
9.25,2.0,0.0,0.0,0.0,0.0,0.0,0.0,0.0,0.0,0.0,0.0,0.0,0.0,0.0,0.0,0.0,0.0,0.0,0.0,0.0,0.0
9.5,3.0,14.197809574030325,15.44194665113993,14.661171983176066,14.40923077341177,12.44925104681495,12.996627391253613,13.298204301362366,13.192744560105204,13.25819092095533,12.518567139704231,1.0,1.0,1.0,1.0,1.0,1.0,1.0,1.0,1.0,1.0
9.75,4.0,15.468923925622894,15.205493473102674,14.644019691929909,14.912465932438426,15.30143119551553,13.964706947108002,14.46606535420095,13.941017657518923,14.671436265114261,15.432962819419577,1.0,1.0,1.0,1.0,1.0,1.0,1.0,1.0,1.0,1.0
10.0,1.0,0.0,0.0,0.0,0.0,0.0,0.0,0.0,0.0,0.0,0.0,0.0,0.0,0.0,0.0,0.0,0.0,0.0,0.0,0.0,0.0
10.25,2.0,0.0,0.0,0.0,0.0,0.0,0.0,0.0,0.0,0.0,0.0,0.0,0.0,0.0,0.0,0.0,0.0,0.0,0.0,0.0,0.0
10.5,3.0,13.695476168964827,14.22201840759473,12.663791711744167,14.554461805719688,12.890776169705621,13.55563629406047,13.581789336845933,13.049906636149387,13.243509057849327,12.314938738859501,1.0,1.0,1.0,1.0,1.0,1.0,1.0,1.0,1.0,1.0
10.75,4.0,0.0,0.0,0.0,0.0,0.0,0.0,0.0,0.0,0.0,0.0,0.0,0.0,0.0,0.0,0.0,0.0,0.0,0.0,0.0,0.0
11.0,1.0,14.12197000867954,13.38301377649637,14.511610215932658,16.20763368886607,15.73706416332844,16.761607612627742,17.529826825907126,17.60738230428208,17.393754122657548,17.125203343627415,1.0,1.0,1.0,1.0,1.0,1.0,1.0,1.0,1.0,1.0
11.25,2.0,14.90603894626898,14.600694560734118,15.408590872550127,15.69649405150493,15.96386917546208,16.146557853606467,16.240178836890827,15.574112443125163,16.10736976246871,15.815181544845366,1.0,1.0,1.0,1.0,1.0,1.0,1.0,1.0,1.0,1.0
11.5,3.0,0.0,0.0,0.0,0.0,0.0,0.0,0.0,0.0,0.0,0.0,0.0,0.0,0.0,0.0,0.0,0.0,0.0,0.0,0.0,0.0
11.75,4.0,13.653853389788994,12.947789309169407,13.633368298129021,14.31302556668277,15.857672255622006,14.367256446637683,14.437371324317573,14.1058068462467,14.51354821402704,15.150215869816597,1.0,1.0,1.0,1.0,1.0,1.0,1.0,1.0,1.0,1.0
12.0,1.0,13.857989813656504,13.080967639605516,15.50299807337416,17.04721308857522,16.561259336564355,17.008297453913123,16.938728552595588,17.16745678428933,17.590101569788967,17.389987128920385,1.0,1.0,1.0,1.0,1.0,1.0,1.0,1.0,1.0,1.0
12.25,2.0,0.0,0.0,0.0,0.0,0.0,0.0,0.0,0.0,0.0,0.0,0.0,0.0,0.0,0.0,0.0,0.0,0.0,0.0,0.0,0.0
12.5,3.0,10.760462537797173,10.835238091566149,11.621647949254983,12.165629045218484,11.605858071797808,12.995275179137217,12.557231427579794,13.031006959130131,12.912033365837718,13.318148046534656,1.0,1.0,1.0,1.0,1.0,1.0,1.0,1.0,1.0,1.0
12.75,4.0,13.70837110472541,12.866968135388838,14.231363119869117,14.123926801475024,16.108756806693627,14.226230668610132,14.586631232858222,14.453361452208064,14.55697915572818,16.22662294680117,1.0,1.0,1.0,1.0,1.0,1.0,1.0,1.0,1.0,1.0
13.0,1.0,0.0,0.0,0.0,0.0,0.0,0.0,0.0,0.0,0.0,0.0,0.0,0.0,0.0,0.0,0.0,0.0,0.0,0.0,0.0,0.0
13.25,2.0,14.565047750048725,14.161989769572168,15.591588724173135,16.582247903877843,17.193743899291004,16.814412761168164,17.040955688387637,15.966904537626748,16.115798401174874,15.985734949586007,1.0,1.0,1.0,1.0,1.0,1.0,1.0,1.0,1.0,1.0
13.5,3.0,0.0,0.0,0.0,0.0,0.0,0.0,0.0,0.0,0.0,0.0,0.0,0.0,0.0,0.0,0.0,0.0,0.0,0.0,0.0,0.0
13.75,4.0,0.0,0.0,0.0,0.0,0.0,0.0,0.0,0.0,0.0,0.0,0.0,0.0,0.0,0.0,0.0,0.0,0.0,0.0,0.0,0.0
14.0,1.0,13.909458890690669,14.944128024340193,16.179717891233366,17.58621809178735,19.223231808240534,18.34619137065655,18.389202706451858,18.775139590870666,18.65832693103781,17.849527878377184,1.0,1.0,1.0,1.0,1.0,1.0,1.0,1.0,1.0,1.0
14.25,2.0,14.618958438437406,13.564655132844848,15.696093103293329,16.837848504965336,16.833611988272494,16.413686837569337,16.038507838792388,15.347049203337386,15.630067920509894,15.626140876069599,1.0,1.0,1.0,1.0,1.0,1.0,1.0,1.0,1.0,1.0
14.5,3.0,0.0,0.0,0.0,0.0,0.0,0.0,0.0,0.0,0.0,0.0,0.0,0.0,0.0,0.0,0.0,0.0,0.0,0.0,0.0,0.0
14.75,4.0,14.243750626337317,13.994820951940522,14.631733197051158,13.566796194785177,13.661044704244336,13.567829912934858,14.701986201733074,15.05761540977683,15.413422961144951,16.489550185372615,1.0,1.0,1.0,1.0,1.0,1.0,1.0,1.0,1.0,1.0
15.0,1.0,14.272261999467744,15.918563736433955,17.417958008659948,17.25329159845312,17.53090438746862,17.96880083082442,17.799527369408246,18.054468747240495,17.286826158058183,17.62191560563547,1.0,1.0,1.0,1.0,1.0,1.0,1.0,1.0,1.0,1.0
15.25,2.0,0.0,0.0,0.0,0.0,0.0,0.0,0.0,0.0,0.0,0.0,0.0,0.0,0.0,0.0,0.0,0.0,0.0,0.0,0.0,0.0
15.5,3.0,13.59945120831557,12.895340906867851,13.377861974619298,11.980793053465495,12.29587761223408,12.663347925522478,13.362126762278987,14.397320497614658,14.11089902576819,13.476154693171342,1.0,1.0,1.0,1.0,1.0,1.0,1.0,1.0,1.0,1.0
15.75,4.0,14.53557800136542,14.60481153079819,14.454172499253456,13.081179116311343,14.766174504766331,14.92090941223211,15.358588144546015,16.046820573008414,17.430221633530067,16.972924854248507,1.0,1.0,1.0,1.0,1.0,1.0,1.0,1.0,1.0,1.0
16.0,1.0,15.7966316140909,16.527194828757338,17.11261906991036,16.90180092875987,17.253532191636076,17.310991113045826,17.944438740409336,17.87779320192468,17.766805263620004,17.40959672189046,1.0,1.0,1.0,1.0,1.0,1.0,1.0,1.0,1.0,1.0
16.25,2.0,13.927881737018732,13.608767680369878,16.062240714921398,16.349098765576674,15.257666360993365,15.145256544783368,16.048180495815547,15.792589713097865,16.786685794661484,15.562083728057837,1.0,1.0,1.0,1.0,1.0,1.0,1.0,1.0,1.0,1.0
16.5,3.0,0.0,0.0,0.0,0.0,0.0,0.0,0.0,0.0,0.0,0.0,0.0,0.0,0.0,0.0,0.0,0.0,0.0,0.0,0.0,0.0
16.75,4.0,14.786447437611434,13.530345026274409,13.657028941182201,14.495829574203384,15.885943557817997,16.01175873115675,16.71017805245202,17.316131321415597,18.060593004152846,17.762760043684303,1.0,1.0,1.0,1.0,1.0,1.0,1.0,1.0,1.0,1.0
17.0,1.0,16.411190031692026,16.34637413226375,16.877506417727275,16.879997529752806,17.00813340387038,16.512908390172107,17.573492720511492,16.990082961308293,16.604110908466772,17.003549899628133,1.0,1.0,1.0,1.0,1.0,1.0,1.0,1.0,1.0,1.0
17.25,2.0,0.0,0.0,0.0,0.0,0.0,0.0,0.0,0.0,0.0,0.0,0.0,0.0,0.0,0.0,0.0,0.0,0.0,0.0,0.0,0.0
17.5,3.0,13.693963379263929,14.738721691024752,13.176524656068937,11.648146613306546,13.483507724529195,14.647428102153414,13.96437293666224,13.400719178326884,12.86427819305784,12.53450822880852,1.0,1.0,1.0,1.0,1.0,1.0,1.0,1.0,1.0,1.0
17.75,4.0,13.94391363205374,13.601065163362298,15.40946518938711,14.496539665647918,15.705823744330361,16.157412770267026,17.207556199028613,17.085970220466432,17.33957577592742,17.076051609929817,1.0,1.0,1.0,1.0,1.0,1.0,1.0,1.0,1.0,1.0
18.0,1.0,0.0,0.0,0.0,0.0,0.0,0.0,0.0,0.0,0.0,0.0,0.0,0.0,0.0,0.0,0.0,0.0,0.0,0.0,0.0,0.0
18.25,2.0,0.0,0.0,0.0,0.0,0.0,0.0,0.0,0.0,0.0,0.0,0.0,0.0,0.0,0.0,0.0,0.0,0.0,0.0,0.0,0.0
18.5,3.0,15.013242470648525,14.550867455862143,12.865041272907524,12.45850135612403,14.120308027777481,13.408761379186554,12.905675612504607,12.591066258937426,12.238794477607009,12.797982179507597,1.0,1.0,1.0,1.0,1.0,1.0,1.0,1.0,1.0,1.0
18.75,4.0,0.0,0.0,0.0,0.0,0.0,0.0,0.0,0.0,0.0,0.0,0.0,0.0,0.0,0.0,0.0,0.0,0.0,0.0,0.0,0.0
19.0,1.0,17.163440217782558,17.17654634436006,17.85591939276206,16.988771319282925,18.368863839048245,17.943654737415944,17.715906560044797,17.16245315633351,17.995547941058344,17.22159556666118,1.0,1.0,1.0,1.0,1.0,1.0,1.0,1.0,1.0,1.0
19.25,2.0,13.976792251723053,15.496284165167738,14.846767812351203,14.235152246107596,14.483623159280436,15.105452074424539,15.405287451445925,14.830364969402332,15.712835550464918,16.014804620286288,1.0,1.0,1.0,1.0,1.0,1.0,1.0,1.0,1.0,1.0
19.5,3.0,0.0,0.0,0.0,0.0,0.0,0.0,0.0,0.0,0.0,0.0,0.0,0.0,0.0,0.0,0.0,0.0,0.0,0.0,0.0,0.0
19.75,4.0,15.144531433713595,15.889573649373602,17.93400538021871,16.59455439721672,15.898602483547904,15.842505007257897,15.252827795741487,14.232122493199345,15.39484530733028,16.323144126815976,1.0,1.0,1.0,1.0,1.0,1.0,1.0,1.0,1.0,1.0
20.0,1.0,17.487333854848416,16.625148579344444,17.996762802146126,18.276800661770462,18.96940675773202,18.429183540500485,18.321683450976828,17.647212242931836,17.78805796135752,17.500577518606168,1.0,1.0,1.0,1.0,1.0,1.0,1.0,1.0,1.0,1.0
20.25,2.0,0.0,0.0,0.0,0.0,0.0,0.0,0.0,0.0,0.0,0.0,0.0,0.0,0.0,0.0,0.0,0.0,0.0,0.0,0.0,0.0
20.5,3.0,15.01521271922938,12.980828699580794,13.079559991017417,14.146885796086002,14.496903267433279,14.864032233570327,14.204053148700662,14.894837313422263,13.711364468435518,14.835609944536463,1.0,1.0,1.0,1.0,1.0,1.0,1.0,1.0,1.0,1.0
20.75,4.0,15.592552529540843,16.437502012956042,17.533196079200167,16.2244402543001,15.42902694211192,15.555575114421874,15.147101883465915,14.413480569750966,15.860644658915342,16.535886936773803,1.0,1.0,1.0,1.0,1.0,1.0,1.0,1.0,1.0,1.0
21.0,1.0,0.0,0.0,0.0,0.0,0.0,0.0,0.0,0.0,0.0,0.0,0.0,0.0,0.0,0.0,0.0,0.0,0.0,0.0,0.0,0.0
21.25,2.0,14.218552748230943,15.464769494259306,14.894817185860576,13.581448398739894,14.189199283327453,15.30977122106439,16.020528646506897,15.998975645727967,16.457106619089256,15.425202067873872,1.0,1.0,1.0,1.0,1.0,1.0,1.0,1.0,1.0,1.0
21.5,3.0,0.0,0.0,0.0,0.0,0.0,0.0,0.0,0.0,0.0,0.0,0.0,0.0,0.0,0.0,0.0,0.0,0.0,0.0,0.0,0.0
21.75,4.0,0.0,0.0,0.0,0.0,0.0,0.0,0.0,0.0,0.0,0.0,0.0,0.0,0.0,0.0,0.0,0.0,0.0,0.0,0.0,0.0
22.0,1.0,15.755020069554929,17.12112167094401,18.471102066704475,18.350387669887002,18.152382547003672,17.76292480437348,17.791947173246395,16.340213292706206,17.287224397237754,17.08956904996762,1.0,1.0,1.0,1.0,1.0,1.0,1.0,1.0,1.0,1.0
22.25,2.0,15.061342147604002,15.833932586922687,14.867928395819815,13.353209082769148,13.888198922337423,14.860658975183492,14.99019274287119,14.989639980427954,15.779397969404103,15.365937369220669,1.0,1.0,1.0,1.0,1.0,1.0,1.0,1.0,1.0,1.0
22.5,3.0,12.462225390106767,12.210726287636632,12.663236777978295,13.485596686350679,16.437107825241558,16.878226057789377,16.01929415766774,14.784602103055223,13.726731027512756,14.765283757598572,1.0,1.0,1.0,1.0,1.0,1.0,1.0,1.0,1.0,1.0
22.75,4.0,15.259424329979069,16.41811364206319,16.90818636854784,15.495660435204842,13.786630868694154,15.80208843813841,16.263733004393778,17.054370223833963,17.45136476990087,17.21771678767273,1.0,1.0,1.0,1.0,1.0,1.0,1.0,1.0,1.0,1.0
23.0,1.0,16.777679564275847,17.687778728942877,17.66430208839169,17.599420450444917,18.393310495534458,17.314861417758166,16.96596131390515,15.032732277518129,16.285686847381196,16.46095823134072,1.0,1.0,1.0,1.0,1.0,1.0,1.0,1.0,1.0,1.0
23.25,2.0,0.0,0.0,0.0,0.0,0.0,0.0,0.0,0.0,0.0,0.0,0.0,0.0,0.0,0.0,0.0,0.0,0.0,0.0,0.0,0.0
23.5,3.0,12.691701366067239,11.535948881250889,12.677498562716464,15.341753241610101,17.069034034251516,16.829475444822343,15.441863467703138,14.484024644559124,14.06373001589764,14.904392126630565,1.0,1.0,1.0,1.0,1.0,1.0,1.0,1.0,1.0,1.0
23.75,4.0,16.188331165292762,16.942064868075406,16.69035926775528,15.90551274946425,14.899628104651837,15.891087747750406,16.7937326612095,17.542227325662996,18.573711289061375,18.76073918637692,1.0,1.0,1.0,1.0,1.0,1.0,1.0,1.0,1.0,1.0
24.0,1.0,17.50688796952953,17.035740910879095,17.50032671538695,17.765134394127568,17.649392236913318,16.219293417937287,15.691687452281487,14.585712333510742,14.43020125666312,15.334390552887248,1.0,1.0,1.0,1.0,1.0,1.0,1.0,1.0,1.0,1.0
24.25,2.0,16.42988864809956,15.560858948190562,15.814265364967467,15.189164477653465,14.778666171996313,14.807996052943507,15.573217277833656,15.20242977632788,15.469782799837718,14.194870743567375,1.0,1.0,1.0,1.0,1.0,1.0,1.0,1.0,1.0,1.0
24.5,3.0,0.0,0.0,0.0,0.0,0.0,0.0,0.0,0.0,0.0,0.0,0.0,0.0,0.0,0.0,0.0,0.0,0.0,0.0,0.0,0.0
24.75,4.0,17.15302450055221,16.83906244844474,16.6113662003957,16.62179549460122,16.32522421879554,16.823724583373224,17.35217812998297,18.050851846815867,19.133474214634592,18.263881706442174,1.0,1.0,1.0,1.0,1.0,1.0,1.0,1.0,1.0,1.0
25.0,1.0,17.32038837739216,16.50384419186418,17.459508935365587,17.426059239534755,16.266885582481773,15.505226589264538,15.351748497826792,14.677253152641523,14.54351582103944,14.700516495088928,1.0,1.0,1.0,1.0,1.0,1.0,1.0,1.0,1.0,1.0
25.25,2.0,0.0,0.0,0.0,0.0,0.0,0.0,0.0,0.0,0.0,0.0,0.0,0.0,0.0,0.0,0.0,0.0,0.0,0.0,0.0,0.0
25.5,3.0,13.404949323060322,14.229287328712518,16.319512384390613,17.28121258382126,17.842255697208135,18.35422670914198,17.390049364509988,15.981820893560762,15.337754492377469,15.352075586762776,1.0,1.0,1.0,1.0,1.0,1.0,1.0,1.0,1.0,1.0
25.75,4.0,17.453637423743494,17.61703280959226,17.598717226397945,17.381515253148283,19.302696692633138,19.58433034168111,19.40797687594363,19.651465237132197,19.67020788860282,19.495966195424327,1.0,1.0,1.0,1.0,1.0,1.0,1.0,1.0,1.0,1.0
26.0,1.0,0.0,0.0,0.0,0.0,0.0,0.0,0.0,0.0,0.0,0.0,0.0,0.0,0.0,0.0,0.0,0.0,0.0,0.0,0.0,0.0
26.25,2.0,0.0,0.0,0.0,0.0,0.0,0.0,0.0,0.0,0.0,0.0,0.0,0.0,0.0,0.0,0.0,0.0,0.0,0.0,0.0,0.0
26.5,3.0,14.471039294387458,16.520939283847873,17.872111787714772,18.563350226075606,19.466598958641708,19.61950278320006,17.960483633948236,15.428873814889894,15.237585521970251,15.317532348163931,1.0,1.0,1.0,1.0,1.0,1.0,1.0,1.0,1.0,1.0
26.75,4.0,0.0,0.0,0.0,0.0,0.0,0.0,0.0,0.0,0.0,0.0,0.0,0.0,0.0,0.0,0.0,0.0,0.0,0.0,0.0,0.0
27.0,1.0,16.64309490709184,17.329677558470628,18.036057926996822,17.961290524322706,16.03796743629708,15.425762448795782,15.512966957989647,14.850682303384955,15.147559222762395,15.158759589401365,1.0,1.0,1.0,1.0,1.0,1.0,1.0,1.0,1.0,1.0
27.25,2.0,17.554736564388023,15.740216954078795,15.263181345113257,13.687282257421959,15.318902519044116,15.053162572903924,15.505756794954431,15.324074592620503,15.931549847244378,15.062766444597655,1.0,1.0,1.0,1.0,1.0,1.0,1.0,1.0,1.0,1.0
27.5,3.0,0.0,0.0,0.0,0.0,0.0,0.0,0.0,0.0,0.0,0.0,0.0,0.0,0.0,0.0,0.0,0.0,0.0,0.0,0.0,0.0
27.75,4.0,17.338688289501736,18.59774498564023,17.843385662358138,18.204413029800236,19.439420637893722,20.165586828228115,20.239032108072255,18.94954771485062,19.167556776155692,18.557183517364674,1.0,1.0,1.0,1.0,1.0,1.0,1.0,1.0,1.0,1.0
28.0,1.0,17.191146380992496,16.618618302851534,16.71694630246253,16.97447569975094,16.14747799761349,15.505842083352208,14.85075254131441,14.45985840008542,14.852111122162583,15.506586042856787,1.0,1.0,1.0,1.0,1.0,1.0,1.0,1.0,1.0,1.0
28.25,2.0,0.0,0.0,0.0,0.0,0.0,0.0,0.0,0.0,0.0,0.0,0.0,0.0,0.0,0.0,0.0,0.0,0.0,0.0,0.0,0.0
28.5,3.0,15.872071189703112,17.816836174900338,19.858828222268016,20.1324170252008,18.32864492504678,18.74824362896472,17.663127408021353,17.561102570324216,17.248274166347187,18.343682104145405,1.0,1.0,1.0,1.0,1.0,1.0,1.0,1.0,1.0,1.0
28.75,4.0,17.668746129053787,19.542852873899015,19.464675108302522,19.62662389313873,19.98951135561779,20.692265009647617,20.780694719303412,18.566498013470465,17.95409312138311,18.443986914159833,1.0,1.0,1.0,1.0,1.0,1.0,1.0,1.0,1.0,1.0
29.0,1.0,0.0,0.0,0.0,0.0,0.0,0.0,0.0,0.0,0.0,0.0,0.0,0.0,0.0,0.0,0.0,0.0,0.0,0.0,0.0,0.0
29.25,2.0,17.420778100150326,17.33634905202539,14.521338124208759,13.986023893243031,16.378571784099563,16.7623724239107,16.94272406897194,16.30774856059764,15.833542546485841,16.56132393395647,1.0,1.0,1.0,1.0,1.0,1.0,1.0,1.0,1.0,1.0
29.5,3.0,0.0,0.0,0.0,0.0,0.0,0.0,0.0,0.0,0.0,0.0,0.0,0.0,0.0,0.0,0.0,0.0,0.0,0.0,0.0,0.0
29.75,4.0,0.0,0.0,0.0,0.0,0.0,0.0,0.0,0.0,0.0,0.0,0.0,0.0,0.0,0.0,0.0,0.0,0.0,0.0,0.0,0.0
30.0,1.0,17.88385076837589,16.037394674740003,16.00496597463272,16.79751205418381,15.769553997000909,16.536005855599047,16.317201295074803,16.389597689325402,16.92878325730707,17.90896325341946,1.0,1.0,1.0,1.0,1.0,1.0,1.0,1.0,1.0,1.0
30.25,2.0,16.5668393165936,15.846818832512842,15.044554233859063,15.480152632594706,16.485757679627568,16.434000320473025,16.968557547556102,16.601327276836546,16.24014292359812,16.903654149601156,1.0,1.0,1.0,1.0,1.0,1.0,1.0,1.0,1.0,1.0
30.5,3.0,17.978926387600314,17.417709348966632,18.404350573213307,17.908729483191607,17.671199356583244,18.377467252191035,17.767769668945814,18.439930793394957,18.17962225537446,18.915983009386853,1.0,1.0,1.0,1.0,1.0,1.0,1.0,1.0,1.0,1.0
30.75,4.0,19.052319936767038,19.07717044619749,18.3962210208456,18.283267684413204,18.089694482263255,19.395596619769034,19.671098701272868,19.87502326013618,19.6725307016523,19.826284842373532,1.0,1.0,1.0,1.0,1.0,1.0,1.0,1.0,1.0,1.0
31.0,1.0,17.244818373412976,14.693211769703952,15.393751072648433,15.71108366071623,16.00630248086031,16.803320037473906,17.362713707454144,16.878848607109486,17.080843256889757,17.488977604993757,1.0,1.0,1.0,1.0,1.0,1.0,1.0,1.0,1.0,1.0
31.25,2.0,0.0,0.0,0.0,0.0,0.0,0.0,0.0,0.0,0.0,0.0,0.0,0.0,0.0,0.0,0.0,0.0,0.0,0.0,0.0,0.0
31.5,3.0,18.389330508929454,17.7508857874789,18.166822902520714,17.5027107269221,17.289587145516577,18.208540826454257,17.680830957179886,18.388242529692665,17.224137336549553,18.20935642042377,1.0,1.0,1.0,1.0,1.0,1.0,1.0,1.0,1.0,1.0
31.75,4.0,19.023792954854873,18.451727071124978,17.950398185225477,18.61060994213817,20.35751571699235,21.313146746241937,21.70323612925818,21.5237861876704,20.256758612861727,20.60737871464398,1.0,1.0,1.0,1.0,1.0,1.0,1.0,1.0,1.0,1.0
32.0,1.0,15.673152885156057,14.670695463776646,15.33837828808963,15.730499472380464,16.110659987461336,16.42447363271933,17.005187960211885,16.39317012367459,16.117930414839154,17.10012654827986,1.0,1.0,1.0,1.0,1.0,1.0,1.0,1.0,1.0,1.0
32.25,2.0,14.26177945491086,15.871213502324895,16.488261711574072,16.581201010431787,16.40202326434877,14.912896135968612,15.80796711114299,15.913965996180968,15.417740232368056,14.571491455219308,1.0,1.0,1.0,1.0,1.0,1.0,1.0,1.0,1.0,1.0
32.5,3.0,0.0,0.0,0.0,0.0,0.0,0.0,0.0,0.0,0.0,0.0,0.0,0.0,0.0,0.0,0.0,0.0,0.0,0.0,0.0,0.0
32.75,4.0,19.13162678891611,19.379527010491188,18.41269763583835,18.69874035235156,20.65756097719064,22.001958042054518,22.102907753321045,21.56123803858192,21.245342500385437,21.33560758963104,1.0,1.0,1.0,1.0,1.0,1.0,1.0,1.0,1.0,1.0
33.0,1.0,16.488571621196506,15.836762526271375,15.777574305674502,16.4467483227532,15.894770254617347,14.956699233009925,16.809179023074076,16.980577268411334,16.474468838413472,16.95079437428083,1.0,1.0,1.0,1.0,1.0,1.0,1.0,1.0,1.0,1.0
33.25,2.0,0.0,0.0,0.0,0.0,0.0,0.0,0.0,0.0,0.0,0.0,0.0,0.0,0.0,0.0,0.0,0.0,0.0,0.0,0.0,0.0
33.5,3.0,16.665938667195352,16.203272842749037,17.413128430091007,16.579142339463548,17.31792296238596,18.19354402255438,17.68673505620579,17.684510466860186,16.519552498017028,16.412568603294567,1.0,1.0,1.0,1.0,1.0,1.0,1.0,1.0,1.0,1.0
33.75,4.0,19.489493947760117,18.949715488435224,17.6100275777523,18.825780476645132,19.6936108148451,22.104365584798202,22.176684040035365,21.47262077963086,21.510989765206787,20.531612401887397,1.0,1.0,1.0,1.0,1.0,1.0,1.0,1.0,1.0,1.0
34.0,1.0,0.0,0.0,0.0,0.0,0.0,0.0,0.0,0.0,0.0,0.0,0.0,0.0,0.0,0.0,0.0,0.0,0.0,0.0,0.0,0.0
34.25,2.0,14.376604648529232,14.654511625777673,14.709564212664684,15.491008210194263,15.687091680594959,14.925309898454177,15.423668970667611,14.498818810982826,14.121273573867457,13.785670768396722,1.0,1.0,1.0,1.0,1.0,1.0,1.0,1.0,1.0,1.0
34.5,3.0,15.909633265308948,17.17357924010743,17.251433053894267,16.12500322459221,16.92097741086854,17.111757831931577,16.066878898711316,16.871793124263093,15.60703205032489,16.23261787163276,1.0,1.0,1.0,1.0,1.0,1.0,1.0,1.0,1.0,1.0
34.75,4.0,0.0,0.0,0.0,0.0,0.0,0.0,0.0,0.0,0.0,0.0,0.0,0.0,0.0,0.0,0.0,0.0,0.0,0.0,0.0,0.0
35.0,1.0,15.335315357054991,16.580023246141497,16.155294314157537,15.672957959806402,14.656168959814076,14.895583133379636,16.12147512622926,16.94854968909018,17.223998976053085,17.875417041075803,1.0,1.0,1.0,1.0,1.0,1.0,1.0,1.0,1.0,1.0
35.25,2.0,15.267826676591746,16.075567748818344,15.843177264460094,15.151290510115375,15.213213532033754,14.613559548123758,14.485141588254754,14.199538789575517,13.944369897843659,14.332779973920033,1.0,1.0,1.0,1.0,1.0,1.0,1.0,1.0,1.0,1.0
35.5,3.0,0.0,0.0,0.0,0.0,0.0,0.0,0.0,0.0,0.0,0.0,0.0,0.0,0.0,0.0,0.0,0.0,0.0,0.0,0.0,0.0
35.75,4.0,17.767069468387735,17.67521416288016,16.769364064311887,17.991184978279822,19.032430614370917,19.707288834275204,20.081511229484494,19.913125982171316,19.581683775168987,18.491563459916648,1.0,1.0,1.0,1.0,1.0,1.0,1.0,1.0,1.0,1.0
36.0,1.0,16.697453829999258,16.310007790301043,15.898979784424201,15.415962517187374,14.753042917982578,14.69555084453697,16.172546947884815,17.08598579824438,18.43288881954524,18.956639825899348,1.0,1.0,1.0,1.0,1.0,1.0,1.0,1.0,1.0,1.0
36.25,2.0,0.0,0.0,0.0,0.0,0.0,0.0,0.0,0.0,0.0,0.0,0.0,0.0,0.0,0.0,0.0,0.0,0.0,0.0,0.0,0.0
36.5,3.0,15.716405319666185,17.142316917342228,17.025260113799966,15.891041173278323,16.63364760559252,16.803030607305594,16.186910997622814,16.66014971010319,15.00396575193779,15.70306159790635,1.0,1.0,1.0,1.0,1.0,1.0,1.0,1.0,1.0,1.0
36.75,4.0,18.50268708353056,18.019983999128126,18.446824132612715,18.899020287964294,19.10574988805509,19.80446101499891,19.789009746547713,19.67288832517195,19.10298835989113,17.315373583932825,1.0,1.0,1.0,1.0,1.0,1.0,1.0,1.0,1.0,1.0
37.0,1.0,16.332167627983587,17.05352749717033,16.09026076064862,15.110260144922867,15.15701838580426,16.14718170735654,17.45900539135895,17.334317324396544,18.60380253050925,18.904699986170236,1.0,1.0,1.0,1.0,1.0,1.0,1.0,1.0,1.0,1.0
37.25,2.0,15.687037925668287,16.25167423336332,16.4016422043949,14.436699442880899,13.837617566953714,15.120672527112646,15.452328779436325,16.755580457016578,16.03174851820627,16.355041253604913,1.0,1.0,1.0,1.0,1.0,1.0,1.0,1.0,1.0,1.0
37.5,3.0,0.0,0.0,0.0,0.0,0.0,0.0,0.0,0.0,0.0,0.0,0.0,0.0,0.0,0.0,0.0,0.0,0.0,0.0,0.0,0.0
37.75,4.0,17.82230704352381,18.413924452153687,19.748067043927723,19.322970027910984,19.043513943718104,18.809735528191023,18.204086683238664,17.49496399739101,15.74176205129053,14.627905471540569,1.0,1.0,1.0,1.0,1.0,1.0,1.0,1.0,1.0,1.0
38.0,1.0,16.8830993061843,17.136764054229477,16.00764366506142,15.214576787338823,16.784566594592675,17.671142697728236,18.296852330591726,18.54376230089594,20.196960128630074,20.804265981153048,1.0,1.0,1.0,1.0,1.0,1.0,1.0,1.0,1.0,1.0
38.25,2.0,16.542007078105705,17.07516043878879,15.657554233628742,13.753571549193474,14.685321640308057,15.035925832484061,15.446432748999241,15.63737963906071,14.723002882826895,16.064119712816932,1.0,1.0,1.0,1.0,1.0,1.0,1.0,1.0,1.0,1.0
38.5,3.0,16.723360075056853,16.008245461633337,15.546826665501987,16.373240294786534,17.17584724893316,16.895621594697214,17.170926892484722,16.330960847196906,14.599744939079084,14.185399919910061,1.0,1.0,1.0,1.0,1.0,1.0,1.0,1.0,1.0,1.0
38.75,4.0,17.354025103168013,18.037623889359537,19.35904747589715,18.65299305399653,17.320334693964938,17.662316857473826,16.394418062959073,14.68488210458668,14.044384563296129,14.062854737530573,1.0,1.0,1.0,1.0,1.0,1.0,1.0,1.0,1.0,1.0
39.0,1.0,0.0,0.0,0.0,0.0,0.0,0.0,0.0,0.0,0.0,0.0,0.0,0.0,0.0,0.0,0.0,0.0,0.0,0.0,0.0,0.0
39.25,2.0,0.0,0.0,0.0,0.0,0.0,0.0,0.0,0.0,0.0,0.0,0.0,0.0,0.0,0.0,0.0,0.0,0.0,0.0,0.0,0.0
39.5,3.0,15.80816483039864,14.574527596617077,14.391261243853274,16.572887673589417,16.320787597142637,16.896217797697435,16.597006902011785,16.284146340391118,14.966381088680546,13.962191086378894,1.0,1.0,1.0,1.0,1.0,1.0,1.0,1.0,1.0,1.0
39.75,4.0,17.759805969653755,17.82109921144262,17.931545789310185,18.288137560064083,17.131902339699653,17.57224279762287,15.890180940556785,15.008805576025766,15.342410510268287,14.959404463283947,1.0,1.0,1.0,1.0,1.0,1.0,1.0,1.0,1.0,1.0
40.0,1.0,17.906479479336667,17.001023105236726,16.318002853591892,15.912631761242746,16.87601879833158,17.25093047473197,18.71417642112657,17.99318637420533,18.426930277569788,18.11514882775465,1.0,1.0,1.0,1.0,1.0,1.0,1.0,1.0,1.0,1.0
40.25,2.0,15.67146460808147,14.984381316623915,13.982736091636157,15.384241331802025,15.22418127177426,15.212669296060477,15.259343641610903,15.651411943039719,15.64241862953579,15.925936248578708,1.0,1.0,1.0,1.0,1.0,1.0,1.0,1.0,1.0,1.0
40.5,3.0,0.0,0.0,0.0,0.0,0.0,0.0,0.0,0.0,0.0,0.0,0.0,0.0,0.0,0.0,0.0,0.0,0.0,0.0,0.0,0.0
40.75,4.0,17.62691510549965,18.03447420234865,18.368363141293965,18.02049443285803,16.247202573529503,16.83861679123396,15.983703331464268,15.187584909794628,15.83883330442566,16.06309004236774,1.0,1.0,1.0,1.0,1.0,1.0,1.0,1.0,1.0,1.0
41.0,1.0,16.784103921176207,16.51702154588066,17.00196793142993,16.55476837387335,16.66925385647781,16.26965092518086,17.712611041393266,16.988731256891406,18.159199129475372,18.208772066826644,1.0,1.0,1.0,1.0,1.0,1.0,1.0,1.0,1.0,1.0
41.25,2.0,0.0,0.0,0.0,0.0,0.0,0.0,0.0,0.0,0.0,0.0,0.0,0.0,0.0,0.0,0.0,0.0,0.0,0.0,0.0,0.0
41.5,3.0,15.54297946548157,14.20712968123258,15.320330489703942,16.938682139685284,16.518832324697176,16.359654364087856,16.38528202864975,16.30891349481311,14.820943457163281,14.284299705804893,1.0,1.0,1.0,1.0,1.0,1.0,1.0,1.0,1.0,1.0
41.75,4.0,16.918797715270042,18.4546556858341,18.1215114793517,16.351766374190074,15.715458473672662,16.198989231498867,15.657951031901398,15.599572690722923,15.706945295969033,16.591115453577476,1.0,1.0,1.0,1.0,1.0,1.0,1.0,1.0,1.0,1.0
42.0,1.0,0.0,0.0,0.0,0.0,0.0,0.0,0.0,0.0,0.0,0.0,0.0,0.0,0.0,0.0,0.0,0.0,0.0,0.0,0.0,0.0
42.25,2.0,15.977898159694988,14.476894345025736,13.754138519104066,13.446766878493653,15.593987514349896,15.973597755487841,16.38811969423412,16.453058085844393,16.423632483155632,16.837236607535218,1.0,1.0,1.0,1.0,1.0,1.0,1.0,1.0,1.0,1.0
42.5,3.0,15.656081904523738,15.701831783072462,16.646570536972067,15.872504746164106,16.147182606303144,16.88924701618115,16.224610020119787,17.073336700116446,15.053200528840636,14.800704974743919,1.0,1.0,1.0,1.0,1.0,1.0,1.0,1.0,1.0,1.0
42.75,4.0,0.0,0.0,0.0,0.0,0.0,0.0,0.0,0.0,0.0,0.0,0.0,0.0,0.0,0.0,0.0,0.0,0.0,0.0,0.0,0.0
43.0,1.0,17.0503423560848,18.632237275438026,17.17456336739721,15.492137801299048,15.309020543995693,15.9463078993903,16.654999223769153,16.477735947715487,17.39842526935417,17.468236350896724,1.0,1.0,1.0,1.0,1.0,1.0,1.0,1.0,1.0,1.0
43.25,2.0,15.876632688970933,13.257361049146859,12.530647121217791,12.946156969153972,16.050245647317983,15.936123666319704,16.379240104427353,16.599174376173764,16.71752073592835,17.046404415456706,1.0,1.0,1.0,1.0,1.0,1.0,1.0,1.0,1.0,1.0
43.5,3.0,0.0,0.0,0.0,0.0,0.0,0.0,0.0,0.0,0.0,0.0,0.0,0.0,0.0,0.0,0.0,0.0,0.0,0.0,0.0,0.0
43.75,4.0,17.85666673140166,18.121008703358097,16.81143811578214,15.315679505411252,14.970834532428754,15.363638162790284,15.556201140234366,17.382076117334996,17.149951449561218,17.224271391553195,1.0,1.0,1.0,1.0,1.0,1.0,1.0,1.0,1.0,1.0
44.0,1.0,17.65599197629464,18.6278638184078,16.720032964672196,15.541678464174367,16.53611940185435,16.098058924670813,17.022831907706866,16.075429108020085,15.64217135233569,17.09116528702502,1.0,1.0,1.0,1.0,1.0,1.0,1.0,1.0,1.0,1.0
44.25,2.0,0.0,0.0,0.0,0.0,0.0,0.0,0.0,0.0,0.0,0.0,0.0,0.0,0.0,0.0,0.0,0.0,0.0,0.0,0.0,0.0
44.5,3.0,16.59180713796173,16.99140953906843,15.147705687883795,14.04789526542114,16.923508607114456,16.441323291261536,15.280911446198042,14.972498903695167,15.416704412822218,15.59651125067128,1.0,1.0,1.0,1.0,1.0,1.0,1.0,1.0,1.0,1.0
44.75,4.0,18.06988772306583,18.856403024260874,17.641368074482205,16.35742355793595,15.56820239801135,15.816685918689021,16.348747312065623,16.536889019327283,15.817454212689436,16.15745818112863,1.0,1.0,1.0,1.0,1.0,1.0,1.0,1.0,1.0,1.0
45.0,1.0,19.37423280694487,18.300848509489924,15.813498541409624,15.43599610444815,17.06538755499756,16.42297406072211,16.391764420212123,15.00106374943575,15.547601137646462,15.495867832463862,1.0,1.0,1.0,1.0,1.0,1.0,1.0,1.0,1.0,1.0
45.25,2.0,14.045445960555986,14.26270937289552,13.260151409945673,14.35422830253316,15.534444971319962,15.227518073934018,15.913797928302792,14.963362574277705,15.629140624364256,15.349941017275592,1.0,1.0,1.0,1.0,1.0,1.0,1.0,1.0,1.0,1.0
45.5,3.0,0.0,0.0,0.0,0.0,0.0,0.0,0.0,0.0,0.0,0.0,0.0,0.0,0.0,0.0,0.0,0.0,0.0,0.0,0.0,0.0
45.75,4.0,18.905923765833514,17.48822516942391,17.4693305280194,16.316569142959853,15.254019924443499,15.758792736412408,15.589213627491846,15.685812684984382,15.78118754931477,16.026068748978464,1.0,1.0,1.0,1.0,1.0,1.0,1.0,1.0,1.0,1.0
46.0,1.0,18.958336460269518,17.08043800076276,15.49098438188126,15.79525909254959,16.549665029198636,15.891194804858822,15.88469155475816,15.577334181981598,15.361431978911849,14.99017182466735,1.0,1.0,1.0,1.0,1.0,1.0,1.0,1.0,1.0,1.0
46.25,2.0,15.224506383436545,14.883985663655125,14.442281802788354,14.840527742245664,14.706711849184098,15.370486429350382,16.215766045769087,15.674075609489442,15.78949008360158,16.01730223368325,1.0,1.0,1.0,1.0,1.0,1.0,1.0,1.0,1.0,1.0
46.5,3.0,15.196582302694537,16.638215139502982,15.330254563339496,16.015475155539924,15.844586805300139,15.656952473512954,15.90484459256791,15.484636802048257,16.358288989200787,15.200937888442855,1.0,1.0,1.0,1.0,1.0,1.0,1.0,1.0,1.0,1.0
46.75,4.0,17.350637214041765,17.679426882623275,18.195617772093367,17.30412060388561,16.0039570359074,16.30588278785941,15.708526827238325,15.970412631690937,16.144893033169016,17.85564792546272,1.0,1.0,1.0,1.0,1.0,1.0,1.0,1.0,1.0,1.0
47.0,1.0,0.0,0.0,0.0,0.0,0.0,0.0,0.0,0.0,0.0,0.0,0.0,0.0,0.0,0.0,0.0,0.0,0.0,0.0,0.0,0.0
47.25,2.0,0.0,0.0,0.0,0.0,0.0,0.0,0.0,0.0,0.0,0.0,0.0,0.0,0.0,0.0,0.0,0.0,0.0,0.0,0.0,0.0
47.5,3.0,13.197296171563227,14.975382708315735,14.712184424559545,15.938422944171634,16.551625589332854,16.921750217923925,17.304599545493936,16.36755517723649,15.345082450796518,13.890160957993292,1.0,1.0,1.0,1.0,1.0,1.0,1.0,1.0,1.0,1.0
47.75,4.0,0.0,0.0,0.0,0.0,0.0,0.0,0.0,0.0,0.0,0.0,0.0,0.0,0.0,0.0,0.0,0.0,0.0,0.0,0.0,0.0
48.0,1.0,16.470208789667257,15.615782371275317,15.430187752171705,15.013031345816405,16.916600275670504,15.686727322446124,15.925002509565935,15.85823284739144,15.784813454729099,15.978882300668381,1.0,1.0,1.0,1.0,1.0,1.0,1.0,1.0,1.0,1.0
48.25,2.0,15.178810182654745,14.348834635708405,14.433517627655766,14.590297777657412,15.795464369544808,15.813565078418323,16.431435402878964,15.299622469986337,15.041844909430724,16.019107120136585,1.0,1.0,1.0,1.0,1.0,1.0,1.0,1.0,1.0,1.0
48.5,3.0,0.0,0.0,0.0,0.0,0.0,0.0,0.0,0.0,0.0,0.0,0.0,0.0,0.0,0.0,0.0,0.0,0.0,0.0,0.0,0.0
48.75,4.0,16.328978028488173,16.062778135669696,16.147244957710576,16.79403265531193,16.600018280912927,16.2770060999781,16.628456925462583,16.859024894632377,17.336841988975493,17.31680924010378,1.0,1.0,1.0,1.0,1.0,1.0,1.0,1.0,1.0,1.0
49.0,1.0,15.175889178533536,14.657675631203137,15.90436514779105,15.566501962458723,16.810086355421788,15.563233482869936,16.008705492535938,16.444549280529202,16.051295093839794,16.32117300223924,1.0,1.0,1.0,1.0,1.0,1.0,1.0,1.0,1.0,1.0
49.25,2.0,0.0,0.0,0.0,0.0,0.0,0.0,0.0,0.0,0.0,0.0,0.0,0.0,0.0,0.0,0.0,0.0,0.0,0.0,0.0,0.0
49.5,3.0,14.812936804151681,15.22999885051587,15.154135747492425,14.323684077405831,16.50240342822557,15.765026671851643,14.735249316342266,13.966069592539055,13.946516469372295,13.935357354964435,1.0,1.0,1.0,1.0,1.0,1.0,1.0,1.0,1.0,1.0
49.75,4.0,16.09923783053402,16.278884129698184,15.862510342682725,16.688102453260687,17.637755474954215,16.42623172660391,16.399618051541143,16.02740258332062,16.318023390003564,17.07302093737352,1.0,1.0,1.0,1.0,1.0,1.0,1.0,1.0,1.0,1.0
50.0,1.0,0.0,0.0,0.0,0.0,0.0,0.0,0.0,0.0,0.0,0.0,0.0,0.0,0.0,0.0,0.0,0.0,0.0,0.0,0.0,0.0
50.25,2.0,15.018697348666427,15.203855716750326,15.901620894110412,15.89024379310473,16.076120630120744,16.04259375869927,16.14602684389258,15.566468987991376,15.237537076025633,15.9310017227238,1.0,1.0,1.0,1.0,1.0,1.0,1.0,1.0,1.0,1.0
50.5,3.0,0.0,0.0,0.0,0.0,0.0,0.0,0.0,0.0,0.0,0.0,0.0,0.0,0.0,0.0,0.0,0.0,0.0,0.0,0.0,0.0
50.75,4.0,0.0,0.0,0.0,0.0,0.0,0.0,0.0,0.0,0.0,0.0,0.0,0.0,0.0,0.0,0.0,0.0,0.0,0.0,0.0,0.0
51.0,1.0,15.018986017320541,14.9499669576291,15.786162456055418,14.772973623990723,14.720262263669099,14.981248956922515,16.128506755061014,16.01384063089952,17.348954626480126,16.78796269394019,1.0,1.0,1.0,1.0,1.0,1.0,1.0,1.0,1.0,1.0
51.25,2.0,15.104767034446763,14.185711064311105,14.472263987721401,15.781559383240152,15.886116636294476,14.66562080892065,14.851680302419298,14.650389045162871,14.828924643789179,15.576939607130566,1.0,1.0,1.0,1.0,1.0,1.0,1.0,1.0,1.0,1.0
51.5,3.0,0.0,0.0,0.0,0.0,0.0,0.0,0.0,0.0,0.0,0.0,0.0,0.0,0.0,0.0,0.0,0.0,0.0,0.0,0.0,0.0
51.75,4.0,17.118072648582768,17.02138402385897,15.90169268577483,16.25694555777822,17.787902437458424,17.25150008432875,17.22786148562464,16.962413374281773,17.727947964517906,18.87906666685736,1.0,1.0,1.0,1.0,1.0,1.0,1.0,1.0,1.0,1.0
52.0,1.0,14.577930481094713,15.176312553281672,14.930886518907126,14.633037332976148,15.808787335458918,16.46260862099704,17.86127824834488,16.6943859547288,16.31465428317853,17.145455652979145,1.0,1.0,1.0,1.0,1.0,1.0,1.0,1.0,1.0,1.0
52.25,2.0,0.0,0.0,0.0,0.0,0.0,0.0,0.0,0.0,0.0,0.0,0.0,0.0,0.0,0.0,0.0,0.0,0.0,0.0,0.0,0.0
52.5,3.0,12.87739278297469,13.135393425350781,12.281795767190722,14.268907529092907,15.665694069204799,15.255551487291653,14.411578110900212,13.859818495605944,13.866200480820536,14.840626364884585,1.0,1.0,1.0,1.0,1.0,1.0,1.0,1.0,1.0,1.0
52.75,4.0,16.32609821881597,16.09634837938526,14.978594026570542,16.802234084512424,18.561839048549533,17.788658389764763,16.67052069421071,16.88466842675707,17.0314974266054,17.203161039957784,1.0,1.0,1.0,1.0,1.0,1.0,1.0,1.0,1.0,1.0
53.0,1.0,14.516532458190923,15.422103597688148,16.764980595342028,16.402745039311288,17.47968644868422,16.636564412730678,17.774723592642612,16.591019742898865,15.674332179756629,16.293438975927547,1.0,1.0,1.0,1.0,1.0,1.0,1.0,1.0,1.0,1.0
53.25,2.0,14.767514273347185,13.783363919364543,13.950081930323057,14.264142026731404,15.286173314730416,14.479569000650661,13.104946328675666,13.444329735421874,12.770531544876054,12.845901471495281,1.0,1.0,1.0,1.0,1.0,1.0,1.0,1.0,1.0,1.0
53.5,3.0,0.0,0.0,0.0,0.0,0.0,0.0,0.0,0.0,0.0,0.0,0.0,0.0,0.0,0.0,0.0,0.0,0.0,0.0,0.0,0.0
53.75,4.0,15.5679413355861,15.233576928475946,14.793020275438133,17.035614161664288,17.277646507948695,16.649110582904306,16.168965326167612,15.264382455430397,15.191349544695743,15.165066914636592,1.0,1.0,1.0,1.0,1.0,1.0,1.0,1.0,1.0,1.0
54.0,1.0,16.318474786797857,17.25950531233885,17.57186344391248,17.195243133367576,17.270019233753693,16.488628922304365,17.188324213784018,16.542301300456288,16.455433373995962,16.547440125087817,1.0,1.0,1.0,1.0,1.0,1.0,1.0,1.0,1.0,1.0
54.25,2.0,0.0,0.0,0.0,0.0,0.0,0.0,0.0,0.0,0.0,0.0,0.0,0.0,0.0,0.0,0.0,0.0,0.0,0.0,0.0,0.0
54.5,3.0,12.561606097790609,11.884105555916594,12.262334489922665,14.181107200125352,14.575531986613406,13.919654874984348,14.33260930054334,15.575043271324928,15.98404622623915,17.629009241181027,1.0,1.0,1.0,1.0,1.0,1.0,1.0,1.0,1.0,1.0
54.75,4.0,14.297446455643199,15.056552236172193,15.004393128240537,16.915919901942594,15.025915630811534,13.633745762574728,14.08352757751552,14.754770070587796,14.029045661365595,14.20605185091305,1.0,1.0,1.0,1.0,1.0,1.0,1.0,1.0,1.0,1.0
55.0,1.0,0.0,0.0,0.0,0.0,0.0,0.0,0.0,0.0,0.0,0.0,0.0,0.0,0.0,0.0,0.0,0.0,0.0,0.0,0.0,0.0
55.25,2.0,0.0,0.0,0.0,0.0,0.0,0.0,0.0,0.0,0.0,0.0,0.0,0.0,0.0,0.0,0.0,0.0,0.0,0.0,0.0,0.0
55.5,3.0,11.82514655212197,13.130410836693542,14.308652467084016,14.732487617129257,14.096516102153466,12.977097480618754,13.970814580407275,15.294949104933952,16.897065832682053,17.725885312469245,1.0,1.0,1.0,1.0,1.0,1.0,1.0,1.0,1.0,1.0
55.75,4.0,0.0,0.0,0.0,0.0,0.0,0.0,0.0,0.0,0.0,0.0,0.0,0.0,0.0,0.0,0.0,0.0,0.0,0.0,0.0,0.0
56.0,1.0,16.06393436032914,17.36168732165773,17.911902542354184,17.037961050139327,18.222897327332856,17.19622074090611,17.630094058270846,17.905235058276144,18.064160654312456,18.79516091548441,1.0,1.0,1.0,1.0,1.0,1.0,1.0,1.0,1.0,1.0
56.25,2.0,13.57839769192466,14.727237902008868,15.160201658779833,13.824132100017945,14.480548962847292,13.10262831809534,13.806338554388889,12.315729524092376,12.01664970408564,12.320870755282844,1.0,1.0,1.0,1.0,1.0,1.0,1.0,1.0,1.0,1.0
56.5,3.0,0.0,0.0,0.0,0.0,0.0,0.0,0.0,0.0,0.0,0.0,0.0,0.0,0.0,0.0,0.0,0.0,0.0,0.0,0.0,0.0
56.75,4.0,12.182690313656853,12.727053580389022,12.754143148196249,13.535868201952301,14.29672262021243,14.022349088254414,14.563695116298149,13.544665809020785,13.285075476182199,13.709351600159597,1.0,1.0,1.0,1.0,1.0,1.0,1.0,1.0,1.0,1.0
57.0,1.0,17.67876525190138,17.68148664313966,17.680281776376813,17.986338911030515,17.67893252008823,17.57874127775505,18.06952932654292,17.499702305903106,16.99284483639914,18.117525209690076,1.0,1.0,1.0,1.0,1.0,1.0,1.0,1.0,1.0,1.0
57.25,2.0,0.0,0.0,0.0,0.0,0.0,0.0,0.0,0.0,0.0,0.0,0.0,0.0,0.0,0.0,0.0,0.0,0.0,0.0,0.0,0.0
57.5,3.0,13.779579097574878,15.975374137971924,15.3055817752056,15.332165556237733,13.494454289846283,13.897176426243545,14.608888039592372,14.718051970899609,16.01769241513489,17.292119888611907,1.0,1.0,1.0,1.0,1.0,1.0,1.0,1.0,1.0,1.0
57.75,4.0,12.026858103400366,12.52286060300902,12.04994319801947,13.619378692246547,14.715728981946,14.243551586314801,14.426301808693376,13.956986253380716,14.508134651500175,14.059186386784077,1.0,1.0,1.0,1.0,1.0,1.0,1.0,1.0,1.0,1.0
58.0,1.0,0.0,0.0,0.0,0.0,0.0,0.0,0.0,0.0,0.0,0.0,0.0,0.0,0.0,0.0,0.0,0.0,0.0,0.0,0.0,0.0
58.25,2.0,14.07742258961955,14.106221796671997,14.68668028046779,15.084764207968059,14.100206923562178,12.548055046888713,12.967006982598583,11.672569830275242,11.938752223642895,11.685587646108608,1.0,1.0,1.0,1.0,1.0,1.0,1.0,1.0,1.0,1.0
58.5,3.0,0.0,0.0,0.0,0.0,0.0,0.0,0.0,0.0,0.0,0.0,0.0,0.0,0.0,0.0,0.0,0.0,0.0,0.0,0.0,0.0
58.75,4.0,0.0,0.0,0.0,0.0,0.0,0.0,0.0,0.0,0.0,0.0,0.0,0.0,0.0,0.0,0.0,0.0,0.0,0.0,0.0,0.0
59.0,1.0,18.032057643560396,17.436743834014745,16.62106862702579,17.242079588052096,17.51304690342352,17.433630376416296,18.101571875886766,18.1961045429272,18.404789088793923,18.436740285366554,1.0,1.0,1.0,1.0,1.0,1.0,1.0,1.0,1.0,1.0
59.25,2.0,13.272525134534714,15.092355983974187,14.143834152395817,13.961092370598227,14.49334842173518,12.324508038598028,12.943169440406164,11.942924580725109,11.576702483522114,12.202450428651082,1.0,1.0,1.0,1.0,1.0,1.0,1.0,1.0,1.0,1.0
59.5,3.0,0.0,0.0,0.0,0.0,0.0,0.0,0.0,0.0,0.0,0.0,0.0,0.0,0.0,0.0,0.0,0.0,0.0,0.0,0.0,0.0
59.75,4.0,13.003619874869218,10.691830818285379,11.191176569406641,13.277007344641234,11.716265403047196,13.414325305614131,13.724502515677294,13.97083722660993,13.856458369563986,12.733572284743389,1.0,1.0,1.0,1.0,1.0,1.0,1.0,1.0,1.0,1.0
60.0,1.0,16.95997920895239,16.63913294659749,16.077146158825443,15.882470522687141,16.365054508309615,17.003354237760973,17.992426947471223,17.5698809075325,17.94700420611558,17.83823881432843,1.0,1.0,1.0,1.0,1.0,1.0,1.0,1.0,1.0,1.0
60.25,2.0,0.0,0.0,0.0,0.0,0.0,0.0,0.0,0.0,0.0,0.0,0.0,0.0,0.0,0.0,0.0,0.0,0.0,0.0,0.0,0.0
60.5,3.0,13.487461621740076,13.766696058745222,14.779656677210909,15.77917058134552,17.49358141534736,17.637110922284265,18.91949922635409,17.41582194877881,16.646787203524998,17.418826824355545,1.0,1.0,1.0,1.0,1.0,1.0,1.0,1.0,1.0,1.0
60.75,4.0,11.816136552125455,12.356054807589109,12.26168847307763,12.58931246627303,13.396638172435418,14.332344359264889,14.23544905230632,13.960113759449637,13.797333260157618,13.316810720451796,1.0,1.0,1.0,1.0,1.0,1.0,1.0,1.0,1.0,1.0
61.0,1.0,16.475288900588826,16.794299931400335,15.228219704674311,15.165793390355558,15.7319781720939,16.22490357752323,17.58993132463916,17.218880226299166,18.28469047782993,17.520895710724105,1.0,1.0,1.0,1.0,1.0,1.0,1.0,1.0,1.0,1.0
61.25,2.0,15.171751737632029,17.743415580573934,17.317516176798396,16.061366219411713,13.604642715611968,12.57183299192812,13.074115510315503,12.40230326674069,12.176927573685305,12.013134953717937,1.0,1.0,1.0,1.0,1.0,1.0,1.0,1.0,1.0,1.0
61.5,3.0,0.0,0.0,0.0,0.0,0.0,0.0,0.0,0.0,0.0,0.0,0.0,0.0,0.0,0.0,0.0,0.0,0.0,0.0,0.0,0.0
61.75,4.0,12.982489628917584,14.057337534343455,12.59041864857236,14.082309245755388,15.343883601956978,16.253296187066248,14.653735594117427,14.19606409319808,14.573482078346453,14.501425307491882,1.0,1.0,1.0,1.0,1.0,1.0,1.0,1.0,1.0,1.0
62.0,1.0,16.737765604903764,15.731837088064122,13.323112226567526,13.90537904419884,15.581729844520126,17.02451106754304,17.545481659406832,17.407472501043767,17.595312386131845,17.09499368426285,1.0,1.0,1.0,1.0,1.0,1.0,1.0,1.0,1.0,1.0
62.25,2.0,0.0,0.0,0.0,0.0,0.0,0.0,0.0,0.0,0.0,0.0,0.0,0.0,0.0,0.0,0.0,0.0,0.0,0.0,0.0,0.0
62.5,3.0,15.144253534914347,14.53505159182645,15.95894429435348,17.464356887905684,18.396511501682703,18.161945207980363,18.450157767714792,19.30016793421178,17.95046374283387,18.567875878020498,1.0,1.0,1.0,1.0,1.0,1.0,1.0,1.0,1.0,1.0
62.75,4.0,13.566350432538853,13.701742794997823,13.309660703852389,14.687079983304425,15.019623465215519,15.682672822779976,14.916148341965233,15.418678172768399,14.423343557163339,14.5783615570678,1.0,1.0,1.0,1.0,1.0,1.0,1.0,1.0,1.0,1.0
63.0,1.0,0.0,0.0,0.0,0.0,0.0,0.0,0.0,0.0,0.0,0.0,0.0,0.0,0.0,0.0,0.0,0.0,0.0,0.0,0.0,0.0
63.25,2.0,0.0,0.0,0.0,0.0,0.0,0.0,0.0,0.0,0.0,0.0,0.0,0.0,0.0,0.0,0.0,0.0,0.0,0.0,0.0,0.0
63.5,3.0,14.987637439993083,14.189061996860662,15.40797551899611,17.426557353700872,17.955237790826345,17.380705363836984,17.223515471105145,17.537564845832176,16.139188663008596,16.76736580069918,1.0,1.0,1.0,1.0,1.0,1.0,1.0,1.0,1.0,1.0
63.75,4.0,0.0,0.0,0.0,0.0,0.0,0.0,0.0,0.0,0.0,0.0,0.0,0.0,0.0,0.0,0.0,0.0,0.0,0.0,0.0,0.0
64.0,1.0,17.014411326920392,15.73675301359469,15.647364760814849,15.520052370643185,16.902865179354755,16.993869163090253,16.861714056956767,17.324989140574445,17.637154495071403,17.334702290557516,1.0,1.0,1.0,1.0,1.0,1.0,1.0,1.0,1.0,1.0
64.25,2.0,15.720193199484727,14.65496288974838,12.817356004032389,12.582826596686186,12.859864801920764,12.882403550432564,13.616658562009873,14.119004825495779,14.282860470229734,13.837338444230436,1.0,1.0,1.0,1.0,1.0,1.0,1.0,1.0,1.0,1.0
64.5,3.0,0.0,0.0,0.0,0.0,0.0,0.0,0.0,0.0,0.0,0.0,0.0,0.0,0.0,0.0,0.0,0.0,0.0,0.0,0.0,0.0
64.75,4.0,13.139186907728176,13.317567867563142,14.417955775993127,16.02632441318837,15.60732729493438,15.258145783476428,14.419258318049522,13.787641571607026,15.036322716429215,15.402334739451197,1.0,1.0,1.0,1.0,1.0,1.0,1.0,1.0,1.0,1.0
65.0,1.0,15.768644731689275,14.888748926142219,15.234518969101991,14.913399850237983,17.271421036369688,17.608337577149886,17.39131497759683,18.82318877311031,18.09899975761703,16.85896881951746,1.0,1.0,1.0,1.0,1.0,1.0,1.0,1.0,1.0,1.0
65.25,2.0,0.0,0.0,0.0,0.0,0.0,0.0,0.0,0.0,0.0,0.0,0.0,0.0,0.0,0.0,0.0,0.0,0.0,0.0,0.0,0.0
65.5,3.0,13.911331923756412,13.147245868958013,16.331820952062063,17.06876993662136,16.333687662716716,16.05086036587104,16.404130220800756,16.133041396304495,15.904780053186306,16.30328612412939,1.0,1.0,1.0,1.0,1.0,1.0,1.0,1.0,1.0,1.0
65.75,4.0,13.442629741446543,13.330317565626265,15.125826260706784,16.027291000253346,14.941667766437332,15.061857028683136,13.782163723421236,14.095384661612737,14.87502794024264,14.967389971483463,1.0,1.0,1.0,1.0,1.0,1.0,1.0,1.0,1.0,1.0
66.0,1.0,0.0,0.0,0.0,0.0,0.0,0.0,0.0,0.0,0.0,0.0,0.0,0.0,0.0,0.0,0.0,0.0,0.0,0.0,0.0,0.0
66.25,2.0,13.461334065312633,13.667706618298986,11.56043489012256,12.1259681058683,13.620912110687415,13.138791129998875,14.347900659129884,14.77597179330612,14.16180544933743,14.49231319432038,1.0,1.0,1.0,1.0,1.0,1.0,1.0,1.0,1.0,1.0
66.5,3.0,0.0,0.0,0.0,0.0,0.0,0.0,0.0,0.0,0.0,0.0,0.0,0.0,0.0,0.0,0.0,0.0,0.0,0.0,0.0,0.0
66.75,4.0,0.0,0.0,0.0,0.0,0.0,0.0,0.0,0.0,0.0,0.0,0.0,0.0,0.0,0.0,0.0,0.0,0.0,0.0,0.0,0.0
67.0,1.0,14.463129246662156,14.478958378362274,16.554573690081757,17.297210888192563,18.442495458005524,17.948365870464222,17.49792626937002,18.140662303673885,18.010784822191496,17.349843709983684,1.0,1.0,1.0,1.0,1.0,1.0,1.0,1.0,1.0,1.0
67.25,2.0,13.16689757289806,14.268961556152314,12.295587044570174,14.25771904808729,15.506861298253718,15.666310761470234,16.006264952363576,15.840168004848344,15.51369566237076,14.849165835097866,1.0,1.0,1.0,1.0,1.0,1.0,1.0,1.0,1.0,1.0
67.5,3.0,14.214303721037277,14.378488577460978,15.37860637596141,14.758203851500229,15.217530919767427,15.139107310065771,15.64289954462876,16.32196991064307,15.23119622053468,14.76526880340998,1.0,1.0,1.0,1.0,1.0,1.0,1.0,1.0,1.0,1.0
67.75,4.0,15.09935167329889,14.443294540471841,13.491562956253638,12.769291306936871,13.515362198342686,14.08306789697131,14.012926867423062,14.175731222002746,14.1645040636561,15.094113778377627,1.0,1.0,1.0,1.0,1.0,1.0,1.0,1.0,1.0,1.0
68.0,1.0,15.48078363191156,14.7083302726977,16.945401881838325,18.564371876489563,18.590184380850953,17.97278076489912,17.50755268652923,18.05871834289401,17.969332275954084,17.650025311052755,1.0,1.0,1.0,1.0,1.0,1.0,1.0,1.0,1.0,1.0
68.25,2.0,0.0,0.0,0.0,0.0,0.0,0.0,0.0,0.0,0.0,0.0,0.0,0.0,0.0,0.0,0.0,0.0,0.0,0.0,0.0,0.0
68.5,3.0,14.206819099106507,13.818095000588023,14.67629293004488,15.22000244221639,15.793725986445235,15.41730130373813,15.407497417154726,15.66605355731645,14.970794293735386,14.950999482851918,1.0,1.0,1.0,1.0,1.0,1.0,1.0,1.0,1.0,1.0
68.75,4.0,14.827645676640861,13.891881846681104,12.986073516475773,13.047524581314539,13.050813058546842,14.715990678499576,14.269562537105985,14.039561164013474,13.153460095024101,14.52153856741402,1.0,1.0,1.0,1.0,1.0,1.0,1.0,1.0,1.0,1.0
69.0,1.0,15.35233682438319,15.220050135241578,17.15459922545106,19.222556094763416,17.564675811336752,17.462968949747427,17.359712894723344,18.1569058956178,18.390134251688558,18.07252668417857,1.0,1.0,1.0,1.0,1.0,1.0,1.0,1.0,1.0,1.0
69.25,2.0,13.212924106573778,14.722241062008022,15.440834341232955,15.014555633490678,16.597528975996262,15.471174927745833,15.82444301659544,15.524152133121133,15.023190130818035,15.085487902999805,1.0,1.0,1.0,1.0,1.0,1.0,1.0,1.0,1.0,1.0
69.5,3.0,0.0,0.0,0.0,0.0,0.0,0.0,0.0,0.0,0.0,0.0,0.0,0.0,0.0,0.0,0.0,0.0,0.0,0.0,0.0,0.0
69.75,4.0,14.553452688863484,13.348461105638341,13.473577820541372,13.576987324729647,12.617862009443602,14.751348593712557,13.869398407773435,14.097917167000187,14.072713775582328,15.79201337892411,1.0,1.0,1.0,1.0,1.0,1.0,1.0,1.0,1.0,1.0
70.0,1.0,15.258722692295809,16.075034134875516,18.217658472125265,18.3631406122495,18.418440643241713,18.072758675396724,18.432027749136346,19.465176646509587,19.120814406065644,18.881850474461977,1.0,1.0,1.0,1.0,1.0,1.0,1.0,1.0,1.0,1.0
70.25,2.0,0.0,0.0,0.0,0.0,0.0,0.0,0.0,0.0,0.0,0.0,0.0,0.0,0.0,0.0,0.0,0.0,0.0,0.0,0.0,0.0
70.5,3.0,14.930663750625245,14.141609268166116,14.734772007197673,15.488912841006162,14.795327074538237,15.517431342089104,15.629409889116229,15.761520894702048,15.76202821815948,16.165412395859402,1.0,1.0,1.0,1.0,1.0,1.0,1.0,1.0,1.0,1.0
70.75,4.0,14.452509945181687,13.769073629058592,14.087826593414604,14.49424702417019,13.680079952186286,13.717705233322697,14.592713404341453,15.37088503929442,16.167850820797867,16.826680899213088,1.0,1.0,1.0,1.0,1.0,1.0,1.0,1.0,1.0,1.0
71.0,1.0,0.0,0.0,0.0,0.0,0.0,0.0,0.0,0.0,0.0,0.0,0.0,0.0,0.0,0.0,0.0,0.0,0.0,0.0,0.0,0.0
71.25,2.0,16.166020141417413,16.794060751201698,15.631290795802592,15.489977162813963,16.234863263540767,16.362946731292208,17.25441317706579,17.853215507308164,16.96086255220709,16.272313448533623,1.0,1.0,1.0,1.0,1.0,1.0,1.0,1.0,1.0,1.0
71.5,3.0,13.815932163885407,14.18722454796733,15.133707463245393,15.640964948826754,15.072152720473518,15.281586386895373,15.755382033928038,15.374382901979484,15.961955165342458,15.404381324675743,1.0,1.0,1.0,1.0,1.0,1.0,1.0,1.0,1.0,1.0
71.75,4.0,0.0,0.0,0.0,0.0,0.0,0.0,0.0,0.0,0.0,0.0,0.0,0.0,0.0,0.0,0.0,0.0,0.0,0.0,0.0,0.0
72.0,1.0,18.673441278421176,18.27053490889271,18.040402656575445,17.57832560344323,18.00582500161375,17.650453354321105,19.03925724534914,19.56219968624079,19.035074607320553,18.84132999415652,1.0,1.0,1.0,1.0,1.0,1.0,1.0,1.0,1.0,1.0
72.25,2.0,16.434427133806413,15.33389307634848,14.957741388357999,15.53490362373543,16.536875732907042,16.45771128213013,16.826012489424947,16.455271367590687,16.79487824749299,16.058241085636023,1.0,1.0,1.0,1.0,1.0,1.0,1.0,1.0,1.0,1.0
72.5,3.0,0.0,0.0,0.0,0.0,0.0,0.0,0.0,0.0,0.0,0.0,0.0,0.0,0.0,0.0,0.0,0.0,0.0,0.0,0.0,0.0
72.75,4.0,16.557588602579052,15.57968947872697,15.223027945425626,15.097274918665157,15.26201796075888,16.73350468671642,17.62915203947291,17.79647129233227,17.000229933183107,17.432118551451573,1.0,1.0,1.0,1.0,1.0,1.0,1.0,1.0,1.0,1.0
73.0,1.0,19.044934539483712,17.53739599775113,16.999099648311734,16.3144479499761,17.880246582823432,17.69287247397464,18.33621892159647,18.76384794667414,18.673633672332002,17.745549323542004,1.0,1.0,1.0,1.0,1.0,1.0,1.0,1.0,1.0,1.0
73.25,2.0,0.0,0.0,0.0,0.0,0.0,0.0,0.0,0.0,0.0,0.0,0.0,0.0,0.0,0.0,0.0,0.0,0.0,0.0,0.0,0.0
73.5,3.0,14.14087095704696,15.90122342147917,16.990577150781483,15.177732181197056,15.032828055048508,14.649089298063771,14.271359912976045,14.262176002280194,13.388056808082199,13.021186337248242,1.0,1.0,1.0,1.0,1.0,1.0,1.0,1.0,1.0,1.0
73.75,4.0,16.313339406829023,14.525716276082981,12.670708510091035,14.397238304160025,16.68566641568493,17.519926572243687,18.024561339844713,17.662203067662343,17.63374391704359,18.595515891050724,1.0,1.0,1.0,1.0,1.0,1.0,1.0,1.0,1.0,1.0
74.0,1.0,18.420207269232236,16.358847232536583,16.666660857449685,17.500746601053415,19.37904156768389,18.430190730646352,19.011444420350298,18.311965060063706,17.248757663849457,16.82805237649555,1.0,1.0,1.0,1.0,1.0,1.0,1.0,1.0,1.0,1.0
74.25,2.0,16.47973190675738,16.113112325365936,14.29636999506462,15.554676335901014,17.15152989158736,16.060075879919843,17.26964635459483,17.176254888071036,17.116015768224607,17.40105501107108,1.0,1.0,1.0,1.0,1.0,1.0,1.0,1.0,1.0,1.0
74.5,3.0,0.0,0.0,0.0,0.0,0.0,0.0,0.0,0.0,0.0,0.0,0.0,0.0,0.0,0.0,0.0,0.0,0.0,0.0,0.0,0.0
74.75,4.0,0.0,0.0,0.0,0.0,0.0,0.0,0.0,0.0,0.0,0.0,0.0,0.0,0.0,0.0,0.0,0.0,0.0,0.0,0.0,0.0
75.0,1.0,18.08623221689203,16.73574029400538,18.578349529658592,19.200071463466543,19.3998818627505,17.363902887822324,18.43954209552938,17.128318717761445,16.754428340608417,17.18159753521633,1.0,1.0,1.0,1.0,1.0,1.0,1.0,1.0,1.0,1.0
75.25,2.0,16.29710950994396,16.077320536760297,15.936511310515135,16.312114831460555,18.256102222423422,17.271986715859995,17.476845978819036,17.318803088375766,16.723944207682294,16.841592578038835,1.0,1.0,1.0,1.0,1.0,1.0,1.0,1.0,1.0,1.0
75.5,3.0,15.555397256309986,15.223108145821783,15.25492298131953,15.461113894717755,14.20093861130369,12.891937060997785,11.784976135254263,12.066881213640965,11.639182710645345,11.60431804854199,1.0,1.0,1.0,1.0,1.0,1.0,1.0,1.0,1.0,1.0
75.75,4.0,14.69804959104189,13.146735156413683,13.833449454384768,14.138174998353092,16.24947914664371,17.40020659737984,17.862352885832802,17.68866291841021,17.090873001807186,17.01874373575657,1.0,1.0,1.0,1.0,1.0,1.0,1.0,1.0,1.0,1.0
76.0,1.0,18.078081000924954,17.577426409771604,18.309454611766586,18.564548611168142,19.020848352175065,17.05993878306882,18.99280348507734,17.876147169137347,18.624253135141807,17.77304752721943,1.0,1.0,1.0,1.0,1.0,1.0,1.0,1.0,1.0,1.0
76.25,2.0,0.0,0.0,0.0,0.0,0.0,0.0,0.0,0.0,0.0,0.0,0.0,0.0,0.0,0.0,0.0,0.0,0.0,0.0,0.0,0.0
76.5,3.0,16.377931809826215,15.329812367993815,15.147280129662487,15.351007596561619,14.195159106268889,12.541320001326989,11.496770739769902,12.818730333531118,11.9887806398308,12.379628845544953,1.0,1.0,1.0,1.0,1.0,1.0,1.0,1.0,1.0,1.0
76.75,4.0,15.687016327937693,14.119638013918518,14.396548345363794,14.860041889089256,17.06849337369059,18.375651758070923,18.88497726317947,18.11792267183534,17.820743105906104,17.66243992753345,1.0,1.0,1.0,1.0,1.0,1.0,1.0,1.0,1.0,1.0
77.0,1.0,17.92842191215852,18.752396732458752,19.087308371284028,18.747494917400488,17.84596906388265,17.323644146762238,19.298675064621406,18.628923019517455,18.598672973179657,17.889838049871756,1.0,1.0,1.0,1.0,1.0,1.0,1.0,1.0,1.0,1.0
77.25,2.0,16.065126088221533,15.422298194262963,14.66482229931793,15.290898105865717,16.444221548736035,16.196244268971032,16.90101081718706,17.098957666843727,16.382743775507706,16.028135993005176,1.0,1.0,1.0,1.0,1.0,1.0,1.0,1.0,1.0,1.0
77.5,3.0,0.0,0.0,0.0,0.0,0.0,0.0,0.0,0.0,0.0,0.0,0.0,0.0,0.0,0.0,0.0,0.0,0.0,0.0,0.0,0.0
77.75,4.0,14.670745190733928,14.467352512821167,15.332830505157897,16.624576422493217,18.00453395896211,17.805757853522618,18.579600048758746,17.59791064091309,18.04222633761048,17.632947358348357,1.0,1.0,1.0,1.0,1.0,1.0,1.0,1.0,1.0,1.0
78.0,1.0,19.353950248273506,18.949010243987455,19.536877949050098,18.571849314203632,17.41177884928355,18.22778896550044,19.08730215941408,18.59439180345084,18.469814794147418,17.370716102867412,1.0,1.0,1.0,1.0,1.0,1.0,1.0,1.0,1.0,1.0
78.25,2.0,0.0,0.0,0.0,0.0,0.0,0.0,0.0,0.0,0.0,0.0,0.0,0.0,0.0,0.0,0.0,0.0,0.0,0.0,0.0,0.0
78.5,3.0,16.81222602576387,15.670915076571683,14.709593381948215,12.965240765522923,11.544789182857546,11.04434096046266,11.346054848625629,12.088341810458543,12.1575624216112,13.123954094498101,1.0,1.0,1.0,1.0,1.0,1.0,1.0,1.0,1.0,1.0
78.75,4.0,14.87018174137149,14.667057266022844,15.32311458691523,16.770502417710468,18.93906535135376,19.01383479047672,19.237004353650683,18.341715666221567,18.42990319018879,17.878226492099635,1.0,1.0,1.0,1.0,1.0,1.0,1.0,1.0,1.0,1.0
79.0,1.0,0.0,0.0,0.0,0.0,0.0,0.0,0.0,0.0,0.0,0.0,0.0,0.0,0.0,0.0,0.0,0.0,0.0,0.0,0.0,0.0
79.25,2.0,17.660220474426612,16.45018458266338,15.62450584063442,16.51114411614001,15.128011393816642,15.356011630427952,16.022564507668594,17.437489181571234,17.584718963648374,16.85748850599914,1.0,1.0,1.0,1.0,1.0,1.0,1.0,1.0,1.0,1.0
79.5,3.0,15.325366324229734,14.267825414030606,13.31562500220817,11.292442866573987,11.098449638169786,10.443005081479368,12.093305458512344,11.934293101839243,12.703814546006022,13.679074954053817,1.0,1.0,1.0,1.0,1.0,1.0,1.0,1.0,1.0,1.0
79.75,4.0,0.0,0.0,0.0,0.0,0.0,0.0,0.0,0.0,0.0,0.0,0.0,0.0,0.0,0.0,0.0,0.0,0.0,0.0,0.0,0.0
80.0,1.0,17.980479122701087,17.954480473638313,18.125821929286914,18.17560707693424,19.282015553267,18.717626606807706,19.40860152247837,17.62801552365927,17.817888539817705,18.189991008342783,1.0,1.0,1.0,1.0,1.0,1.0,1.0,1.0,1.0,1.0
80.25,2.0,17.97201219541856,15.870225831551947,15.211599973191332,15.591760031014747,15.079421384189049,16.646828609117403,17.975813698996454,18.296978006469057,18.718441980024334,18.313998801566868,1.0,1.0,1.0,1.0,1.0,1.0,1.0,1.0,1.0,1.0
80.5,3.0,0.0,0.0,0.0,0.0,0.0,0.0,0.0,0.0,0.0,0.0,0.0,0.0,0.0,0.0,0.0,0.0,0.0,0.0,0.0,0.0
80.75,4.0,14.201395004151014,14.738183234294967,14.862467444504922,17.03497053581245,18.57646210790971,18.844065138897044,18.712638326877258,18.128421857127687,18.558453769560053,17.2376248710484,1.0,1.0,1.0,1.0,1.0,1.0,1.0,1.0,1.0,1.0
81.0,1.0,17.430414506457403,16.973265222604986,16.995038183262512,18.087512818204896,19.4262190086281,18.262338798497638,17.991963699348275,18.027546062913235,18.270210571267082,18.59404408728939,1.0,1.0,1.0,1.0,1.0,1.0,1.0,1.0,1.0,1.0
81.25,2.0,0.0,0.0,0.0,0.0,0.0,0.0,0.0,0.0,0.0,0.0,0.0,0.0,0.0,0.0,0.0,0.0,0.0,0.0,0.0,0.0
81.5,3.0,14.61015394065604,13.725194250104398,13.516953462890314,12.829175872961475,11.767283429789314,12.045651164675961,13.10816021187536,12.722536498603077,12.522841966270164,12.989805565617926,1.0,1.0,1.0,1.0,1.0,1.0,1.0,1.0,1.0,1.0
81.75,4.0,14.267891613295658,14.210019238420895,15.250569101778243,17.71244637674859,18.795725061817457,19.423402303312155,18.85871235283175,18.061631936863822,18.027239916195455,16.035005706324725,1.0,1.0,1.0,1.0,1.0,1.0,1.0,1.0,1.0,1.0
82.0,1.0,16.53205300905976,16.344921043951953,16.430706524293555,17.966810361072216,18.230821924793794,17.28482073422978,17.57864689403146,18.14313483100953,18.40421825704217,18.61113992899556,1.0,1.0,1.0,1.0,1.0,1.0,1.0,1.0,1.0,1.0
82.25,2.0,16.87133200152201,15.204083677599163,15.08637144760636,16.2728552215323,17.109832573098085,17.84002983127681,17.781450241878307,18.406442168615037,18.256337668682526,18.507503808662516,1.0,1.0,1.0,1.0,1.0,1.0,1.0,1.0,1.0,1.0
82.5,3.0,0.0,0.0,0.0,0.0,0.0,0.0,0.0,0.0,0.0,0.0,0.0,0.0,0.0,0.0,0.0,0.0,0.0,0.0,0.0,0.0
82.75,4.0,15.368955017834724,14.32295941666885,16.109328822464693,17.962854384692072,18.623831346677484,18.26817358846735,18.45435945599505,16.865112838316655,18.265232726447188,17.047258610167933,1.0,1.0,1.0,1.0,1.0,1.0,1.0,1.0,1.0,1.0
83.0,1.0,17.540734228974298,16.689453051595603,17.049164417867257,18.076161520299802,16.441560023465897,16.501676845366504,17.20103289439647,17.519307007589727,17.971678328066677,18.487645331753047,1.0,1.0,1.0,1.0,1.0,1.0,1.0,1.0,1.0,1.0
83.25,2.0,16.07551007932289,15.061513576003062,15.072540091245823,16.09349341649189,16.829800232503825,17.493617908058987,18.371321617491134,19.39287839908053,18.789330820312117,18.322506524610887,1.0,1.0,1.0,1.0,1.0,1.0,1.0,1.0,1.0,1.0
83.5,3.0,12.799392626669745,12.214424645107378,12.643154389285739,11.936171866894565,12.28571878268777,11.961362689547835,13.854770858571579,13.71917202628133,14.592094480900432,13.784587897081233,1.0,1.0,1.0,1.0,1.0,1.0,1.0,1.0,1.0,1.0
83.75,4.0,16.03632157309108,15.329788298416679,16.913427935703268,17.893106227452424,18.802431491436437,18.42601039971495,19.13320556260964,17.304325469420775,17.970892003956752,15.571137214452754,1.0,1.0,1.0,1.0,1.0,1.0,1.0,1.0,1.0,1.0
84.0,1.0,0.0,0.0,0.0,0.0,0.0,0.0,0.0,0.0,0.0,0.0,0.0,0.0,0.0,0.0,0.0,0.0,0.0,0.0,0.0,0.0
84.25,2.0,0.0,0.0,0.0,0.0,0.0,0.0,0.0,0.0,0.0,0.0,0.0,0.0,0.0,0.0,0.0,0.0,0.0,0.0,0.0,0.0
84.5,3.0,12.113432976084228,12.463523249857909,12.800871478919579,11.728130691182372,13.4383139749314,13.014969080360357,14.40072999122139,14.47390427865558,13.958606462786367,12.89172903927879,1.0,1.0,1.0,1.0,1.0,1.0,1.0,1.0,1.0,1.0
84.75,4.0,0.0,0.0,0.0,0.0,0.0,0.0,0.0,0.0,0.0,0.0,0.0,0.0,0.0,0.0,0.0,0.0,0.0,0.0,0.0,0.0
85.0,1.0,16.111153470468583,16.065479213451447,17.102993714319744,17.041146243037527,16.29259465050199,16.004604257532364,16.66268584362877,16.012472191904966,15.674322556371141,15.605753480895421,1.0,1.0,1.0,1.0,1.0,1.0,1.0,1.0,1.0,1.0
85.25,2.0,15.879026950565382,14.627230888117875,15.183339007830824,16.686959690586292,18.616648990593724,18.47008177729505,18.439190627338654,18.62527581404042,18.348619241808198,17.71081329881044,1.0,1.0,1.0,1.0,1.0,1.0,1.0,1.0,1.0,1.0
85.5,3.0,0.0,0.0,0.0,0.0,0.0,0.0,0.0,0.0,0.0,0.0,0.0,0.0,0.0,0.0,0.0,0.0,0.0,0.0,0.0,0.0
85.75,4.0,16.744577081899966,17.331886879610483,18.301028262340882,19.902612330110113,19.320633071399705,18.028083117178426,16.93389500512994,15.764296569419354,15.398258727538646,14.478001649655917,1.0,1.0,1.0,1.0,1.0,1.0,1.0,1.0,1.0,1.0
86.0,1.0,16.006710159395872,16.61178213039009,16.467557501467375,17.139266013160064,16.879445748249523,15.970751511456942,17.087645696891027,16.25779768162682,15.606967915685528,16.202303837253652,1.0,1.0,1.0,1.0,1.0,1.0,1.0,1.0,1.0,1.0
86.25,2.0,0.0,0.0,0.0,0.0,0.0,0.0,0.0,0.0,0.0,0.0,0.0,0.0,0.0,0.0,0.0,0.0,0.0,0.0,0.0,0.0
86.5,3.0,13.860287792425027,12.711882852397117,13.769058838713843,13.605063548387662,15.427645661388167,14.63231311532389,15.86943722630247,16.171555683009398,14.338708985151158,14.206925872402625,1.0,1.0,1.0,1.0,1.0,1.0,1.0,1.0,1.0,1.0
86.75,4.0,16.534383002140125,17.78066501432935,19.185847356917183,19.442023163651033,18.943816370647852,17.737320343382528,16.70464449966757,14.614517679965564,13.878910292687795,13.582151674516085,1.0,1.0,1.0,1.0,1.0,1.0,1.0,1.0,1.0,1.0
87.0,1.0,0.0,0.0,0.0,0.0,0.0,0.0,0.0,0.0,0.0,0.0,0.0,0.0,0.0,0.0,0.0,0.0,0.0,0.0,0.0,0.0
87.25,2.0,15.971490293575936,15.445779757250232,15.205743678375406,16.166464070576414,17.386658249807862,16.421193214304537,16.89000502779214,16.390082330344786,17.279936419640162,17.262354372259555,1.0,1.0,1.0,1.0,1.0,1.0,1.0,1.0,1.0,1.0
87.5,3.0,0.0,0.0,0.0,0.0,0.0,0.0,0.0,0.0,0.0,0.0,0.0,0.0,0.0,0.0,0.0,0.0,0.0,0.0,0.0,0.0
87.75,4.0,0.0,0.0,0.0,0.0,0.0,0.0,0.0,0.0,0.0,0.0,0.0,0.0,0.0,0.0,0.0,0.0,0.0,0.0,0.0,0.0
88.0,1.0,16.618345439944207,17.476230497528597,16.24183447148422,16.756398259220614,16.34273426743311,16.131362026506213,15.795452375667942,14.72521221912854,13.973881200716466,14.487557374994427,1.0,1.0,1.0,1.0,1.0,1.0,1.0,1.0,1.0,1.0
88.25,2.0,16.08908296908709,16.653817549354354,16.548201129133595,16.710014281535194,16.92816551075543,15.692352527052096,16.141145085150487,15.44939324398786,16.634960997508657,16.939614069403664,1.0,1.0,1.0,1.0,1.0,1.0,1.0,1.0,1.0,1.0
88.5,3.0,0.0,0.0,0.0,0.0,0.0,0.0,0.0,0.0,0.0,0.0,0.0,0.0,0.0,0.0,0.0,0.0,0.0,0.0,0.0,0.0
88.75,4.0,17.37054038098434,18.89172132322663,19.041531294409566,18.61470249702363,16.71092235339504,15.278895074407293,15.783924139451013,15.709749058286183,15.73598038769044,15.227421582631727,1.0,1.0,1.0,1.0,1.0,1.0,1.0,1.0,1.0,1.0
89.0,1.0,16.35674427274489,16.419514159106274,16.067882834685175,16.172181736272368,15.243658016208052,14.83144505812191,15.056505298990393,14.763837780367744,15.04877823603816,14.697003975009435,1.0,1.0,1.0,1.0,1.0,1.0,1.0,1.0,1.0,1.0
89.25,2.0,0.0,0.0,0.0,0.0,0.0,0.0,0.0,0.0,0.0,0.0,0.0,0.0,0.0,0.0,0.0,0.0,0.0,0.0,0.0,0.0
89.5,3.0,14.19963059309351,14.083258946636334,16.12507380035107,15.091573576104977,14.479214917527312,14.199883665869852,15.034358106469822,16.914943323738886,16.625347031141544,17.258961430177585,1.0,1.0,1.0,1.0,1.0,1.0,1.0,1.0,1.0,1.0
89.75,4.0,18.003893188126316,18.75527458137685,18.0724025732424,16.442882509181477,15.665509430495701,14.608478817276781,15.20811250280198,15.026656377991047,14.87870450122246,15.188669587381623,1.0,1.0,1.0,1.0,1.0,1.0,1.0,1.0,1.0,1.0
90.0,1.0,16.56042013706319,15.920676236000093,17.066107225251425,17.494014913932162,15.020504568626833,15.19264444366729,14.939052659336385,14.685226303156242,15.39237897680024,14.614868136797988,1.0,1.0,1.0,1.0,1.0,1.0,1.0,1.0,1.0,1.0
90.25,2.0,17.061247096100644,17.381950168644305,16.996868725106676,17.14831493500175,16.11104648766887,15.260599115638863,15.384892104653135,15.780742053847268,16.685249943260903,16.623594237185785,1.0,1.0,1.0,1.0,1.0,1.0,1.0,1.0,1.0,1.0
90.5,3.0,0.0,0.0,0.0,0.0,0.0,0.0,0.0,0.0,0.0,0.0,0.0,0.0,0.0,0.0,0.0,0.0,0.0,0.0,0.0,0.0
90.75,4.0,17.334245808767324,17.94345051678303,16.76860465545925,15.875155495584597,14.441887074574556,12.879628005451087,14.198816416570361,15.399857775731007,15.03416058468942,14.835494583377296,1.0,1.0,1.0,1.0,1.0,1.0,1.0,1.0,1.0,1.0
91.0,1.0,16.684638926228576,16.229502547000152,17.683099036334642,16.33020594470695,15.60295911985466,14.781441284894205,14.84520691459343,14.358364074202928,15.047373173693712,14.70996928525778,1.0,1.0,1.0,1.0,1.0,1.0,1.0,1.0,1.0,1.0
91.25,2.0,17.930037693590734,17.35215696708032,16.868364168422893,15.516257473076761,14.555310924250147,14.019252786514807,13.983090898349534,14.858874979161364,16.21199368487826,15.261850628753681,1.0,1.0,1.0,1.0,1.0,1.0,1.0,1.0,1.0,1.0
91.5,3.0,15.795147305373431,15.628430511351619,15.785770472251095,16.086601530778292,17.24270438102515,16.66833314270668,18.298465832000435,19.796783182942146,20.598253099863506,21.500488805315754,1.0,1.0,1.0,1.0,1.0,1.0,1.0,1.0,1.0,1.0
91.75,4.0,17.510379280006525,18.116367330458953,17.195076651917134,16.495010333794884,14.099064482521829,13.162657142879,14.2743712059369,15.155478412478649,15.121421873616987,14.502971053974743,1.0,1.0,1.0,1.0,1.0,1.0,1.0,1.0,1.0,1.0
92.0,1.0,0.0,0.0,0.0,0.0,0.0,0.0,0.0,0.0,0.0,0.0,0.0,0.0,0.0,0.0,0.0,0.0,0.0,0.0,0.0,0.0
92.25,2.0,0.0,0.0,0.0,0.0,0.0,0.0,0.0,0.0,0.0,0.0,0.0,0.0,0.0,0.0,0.0,0.0,0.0,0.0,0.0,0.0
92.5,3.0,15.680330853975553,15.027309281279162,16.061391791996158,16.724228786228263,18.10091756249237,17.7155871583266,18.901262551034193,20.560828632063824,20.91233072813242,21.3405335519064,1.0,1.0,1.0,1.0,1.0,1.0,1.0,1.0,1.0,1.0
92.75,4.0,0.0,0.0,0.0,0.0,0.0,0.0,0.0,0.0,0.0,0.0,0.0,0.0,0.0,0.0,0.0,0.0,0.0,0.0,0.0,0.0
93.0,1.0,17.680775235072918,17.25729200553036,18.169795109478645,15.702112215635996,15.17746067543673,15.549753845171255,15.838153890075434,15.532844914280789,16.94286267264604,16.108546956734067,1.0,1.0,1.0,1.0,1.0,1.0,1.0,1.0,1.0,1.0
93.25,2.0,17.160482888813377,16.080506499267305,14.880160316108629,12.813515285592242,14.030732235066939,14.231912332950186,15.529089659922386,16.18798620280868,16.040438600462384,15.069443071834517,1.0,1.0,1.0,1.0,1.0,1.0,1.0,1.0,1.0,1.0
93.5,3.0,0.0,0.0,0.0,0.0,0.0,0.0,0.0,0.0,0.0,0.0,0.0,0.0,0.0,0.0,0.0,0.0,0.0,0.0,0.0,0.0
93.75,4.0,17.41681184820026,17.002725047156872,14.512631028803325,14.666100033287528,13.637498580801225,13.070427369995238,14.532558686821623,14.899860246288853,16.107148675932013,16.439356060635262,1.0,1.0,1.0,1.0,1.0,1.0,1.0,1.0,1.0,1.0
94.0,1.0,17.99547544172554,18.049314839641966,17.522950873348407,15.595796026162555,16.27238193275501,17.01292389586127,16.061325550238774,15.516583878202301,16.72275945159851,16.619426100571335,1.0,1.0,1.0,1.0,1.0,1.0,1.0,1.0,1.0,1.0
94.25,2.0,0.0,0.0,0.0,0.0,0.0,0.0,0.0,0.0,0.0,0.0,0.0,0.0,0.0,0.0,0.0,0.0,0.0,0.0,0.0,0.0
94.5,3.0,15.026906905253172,15.239354046979315,15.792826003352328,15.198310626417024,16.241106471121583,17.636995185223867,19.820060506417217,20.82980256398274,20.337215688121233,18.908071969747024,1.0,1.0,1.0,1.0,1.0,1.0,1.0,1.0,1.0,1.0
94.75,4.0,17.336766476930762,15.328097388289198,14.393911812030675,14.147275388759377,13.565191318575742,13.98456522323383,15.781873760527322,16.558562260351593,17.290219949180234,17.20505791428178,1.0,1.0,1.0,1.0,1.0,1.0,1.0,1.0,1.0,1.0
95.0,1.0,0.0,0.0,0.0,0.0,0.0,0.0,0.0,0.0,0.0,0.0,0.0,0.0,0.0,0.0,0.0,0.0,0.0,0.0,0.0,0.0
95.25,2.0,15.726941489880089,15.105348208263049,15.713337768820757,14.324489085437238,14.231134070994036,14.826353928933614,16.483372564648704,15.946164519470749,16.060713295710197,15.02325699149157,1.0,1.0,1.0,1.0,1.0,1.0,1.0,1.0,1.0,1.0
95.5,3.0,0.0,0.0,0.0,0.0,0.0,0.0,0.0,0.0,0.0,0.0,0.0,0.0,0.0,0.0,0.0,0.0,0.0,0.0,0.0,0.0
95.75,4.0,0.0,0.0,0.0,0.0,0.0,0.0,0.0,0.0,0.0,0.0,0.0,0.0,0.0,0.0,0.0,0.0,0.0,0.0,0.0,0.0
96.0,1.0,18.17156937469602,17.22843606730602,16.970043340080558,18.018850690625847,18.93432578682088,18.6591816542557,17.35499095940048,18.01252350881397,18.70037008924285,19.030131540078138,1.0,1.0,1.0,1.0,1.0,1.0,1.0,1.0,1.0,1.0
96.25,2.0,16.572299592504503,16.094609567233118,15.925246714867766,13.248625979572038,15.551950957505158,15.420639366056344,16.84219783369891,16.9476521159203,15.839842022108034,15.151141975920746,1.0,1.0,1.0,1.0,1.0,1.0,1.0,1.0,1.0,1.0
96.5,3.0,0.0,0.0,0.0,0.0,0.0,0.0,0.0,0.0,0.0,0.0,0.0,0.0,0.0,0.0,0.0,0.0,0.0,0.0,0.0,0.0
96.75,4.0,15.064579086376051,14.382477268012638,12.672882825410086,12.84405618124207,15.196437605211285,15.73932302503046,16.98291571969067,17.3310067020741,17.27315722820088,17.803899522224476,1.0,1.0,1.0,1.0,1.0,1.0,1.0,1.0,1.0,1.0
97.0,1.0,17.674081320770174,17.664831524403386,18.179630118463553,19.098464821491444,18.32077567858336,17.944234506227385,17.534245044080052,18.57828855997456,18.69086162920176,19.17154084797358,1.0,1.0,1.0,1.0,1.0,1.0,1.0,1.0,1.0,1.0
97.25,2.0,0.0,0.0,0.0,0.0,0.0,0.0,0.0,0.0,0.0,0.0,0.0,0.0,0.0,0.0,0.0,0.0,0.0,0.0,0.0,0.0
97.5,3.0,17.141154780258958,15.897585341004941,17.13768067979652,17.806611251285585,19.671887417532115,18.945722491591795,18.41605919846682,18.13179474294591,16.822662822973665,16.170610275951102,1.0,1.0,1.0,1.0,1.0,1.0,1.0,1.0,1.0,1.0
97.75,4.0,15.79386731353044,14.817808476919017,12.660157784000058,13.106665838768059,15.338450806148686,15.790419139631664,16.21315330501358,16.51881996219575,16.918006091932718,17.501837435270808,1.0,1.0,1.0,1.0,1.0,1.0,1.0,1.0,1.0,1.0
98.0,1.0,17.356969200979268,18.17421808862219,18.636861315246776,18.557223092536724,17.829135976191232,17.62927585627155,17.796144629200548,18.63248602471071,18.56878195667769,20.280325338756406,1.0,1.0,1.0,1.0,1.0,1.0,1.0,1.0,1.0,1.0
98.25,2.0,16.51775471679036,16.66790420351059,16.905079912725707,15.673200335171876,15.594630209084556,15.34371409540326,14.852339511280533,13.572127689795394,12.04463078742411,11.065924996373123,1.0,1.0,1.0,1.0,1.0,1.0,1.0,1.0,1.0,1.0
98.5,3.0,0.0,0.0,0.0,0.0,0.0,0.0,0.0,0.0,0.0,0.0,0.0,0.0,0.0,0.0,0.0,0.0,0.0,0.0,0.0,0.0
98.75,4.0,16.783864652363437,13.619084982740345,13.543640600774797,14.472956223714858,15.547699099616255,15.613008213226598,15.673247410554877,16.428219801641962,16.741207260408206,16.634989030281552,1.0,1.0,1.0,1.0,1.0,1.0,1.0,1.0,1.0,1.0
99.0,1.0,18.231755819857085,18.014925886834565,17.694627995312317,17.814022971559524,17.844171042319015,18.200237975567823,17.903786415351508,18.653010040032328,19.172098126119323,20.441572702960066,1.0,1.0,1.0,1.0,1.0,1.0,1.0,1.0,1.0,1.0
99.25,2.0,0.0,0.0,0.0,0.0,0.0,0.0,0.0,0.0,0.0,0.0,0.0,0.0,0.0,0.0,0.0,0.0,0.0,0.0,0.0,0.0
99.5,3.0,18.00690149612237,17.92901822649906,18.945941271512737,17.311660930920546,16.80692689805604,15.566803985331607,15.625179595999182,16.247486066391076,16.58966045205236,18.65716842082609,1.0,1.0,1.0,1.0,1.0,1.0,1.0,1.0,1.0,1.0
99.75,4.0,17.085069632777333,13.557476295610352,14.326393716279556,15.521970549278997,15.755884541278173,16.4512464299245,16.55117151926349,16.26234332443257,16.97475970716308,17.195371228349604,1.0,1.0,1.0,1.0,1.0,1.0,1.0,1.0,1.0,1.0
100.0,1.0,0.0,0.0,0.0,0.0,0.0,0.0,0.0,0.0,0.0,0.0,0.0,0.0,0.0,0.0,0.0,0.0,0.0,0.0,0.0,0.0
100.25,2.0,0.0,0.0,0.0,0.0,0.0,0.0,0.0,0.0,0.0,0.0,0.0,0.0,0.0,0.0,0.0,0.0,0.0,0.0,0.0,0.0
100.5,3.0,18.046439807158205,18.455641239852905,18.49207612010596,16.02090214263691,15.468394676305737,15.127228713632201,16.305836050135394,17.572887545745225,19.118334878036062,18.87481423462702,1.0,1.0,1.0,1.0,1.0,1.0,1.0,1.0,1.0,1.0
100.75,4.0,0.0,0.0,0.0,0.0,0.0,0.0,0.0,0.0,0.0,0.0,0.0,0.0,0.0,0.0,0.0,0.0,0.0,0.0,0.0,0.0
101.0,1.0,18.412749299644144,16.99019086913456,18.288070134188306,17.896402298827947,18.04615617525596,18.522032200493218,18.449885010846103,19.70188960363923,18.39544457386172,19.366785460562642,1.0,1.0,1.0,1.0,1.0,1.0,1.0,1.0,1.0,1.0
101.25,2.0,16.912882531864337,16.56338565974007,14.459150191537896,12.10110259344648,12.709085504135652,13.98011079689596,13.964828443045386,14.35008280479664,14.083386032058343,13.233404457224385,1.0,1.0,1.0,1.0,1.0,1.0,1.0,1.0,1.0,1.0
101.5,3.0,0.0,0.0,0.0,0.0,0.0,0.0,0.0,0.0,0.0,0.0,0.0,0.0,0.0,0.0,0.0,0.0,0.0,0.0,0.0,0.0
101.75,4.0,16.05032223954318,15.878424972317134,17.556051633304328,17.72290755102396,17.847037372629458,18.483968066727126,18.132083802370527,16.96813848182272,15.54791837866183,15.264049971464072,1.0,1.0,1.0,1.0,1.0,1.0,1.0,1.0,1.0,1.0
102.0,1.0,18.555632035145987,18.201368669318796,18.611330784925137,18.79254293328373,17.987736274395534,17.98171910185974,18.786606575562676,19.772525241384603,19.587205551104404,19.405363282935937,1.0,1.0,1.0,1.0,1.0,1.0,1.0,1.0,1.0,1.0
102.25,2.0,0.0,0.0,0.0,0.0,0.0,0.0,0.0,0.0,0.0,0.0,0.0,0.0,0.0,0.0,0.0,0.0,0.0,0.0,0.0,0.0
102.5,3.0,18.144150717893353,19.04566015166151,18.07223773561806,16.52906940482262,17.613014401158985,18.728346098657948,19.745737445911836,19.91402345994704,19.160784741205152,18.969108695352126,1.0,1.0,1.0,1.0,1.0,1.0,1.0,1.0,1.0,1.0
102.75,4.0,17.656468255058236,17.60204960113078,17.201052031542876,18.163272334324386,17.769881973994472,17.9040497711906,17.2038821673818,16.046687865007495,16.179782653516977,15.455146386873245,1.0,1.0,1.0,1.0,1.0,1.0,1.0,1.0,1.0,1.0
103.0,1.0,0.0,0.0,0.0,0.0,0.0,0.0,0.0,0.0,0.0,0.0,0.0,0.0,0.0,0.0,0.0,0.0,0.0,0.0,0.0,0.0
103.25,2.0,15.18818350970331,15.075995472146522,13.325461156646755,12.245517470540506,12.708493032822027,12.824839801057653,11.047904116474538,11.875637085070629,11.131638793617174,10.81779588122056,1.0,1.0,1.0,1.0,1.0,1.0,1.0,1.0,1.0,1.0
103.5,3.0,0.0,0.0,0.0,0.0,0.0,0.0,0.0,0.0,0.0,0.0,0.0,0.0,0.0,0.0,0.0,0.0,0.0,0.0,0.0,0.0
103.75,4.0,0.0,0.0,0.0,0.0,0.0,0.0,0.0,0.0,0.0,0.0,0.0,0.0,0.0,0.0,0.0,0.0,0.0,0.0,0.0,0.0
104.0,1.0,19.182460283470558,20.21339951973013,20.292296827004208,19.864174574804178,18.90114489925856,20.010828641132377,18.82033372986141,19.0122175007877,18.291039660208742,17.261554827097086,1.0,1.0,1.0,1.0,1.0,1.0,1.0,1.0,1.0,1.0
104.25,2.0,15.424149704958541,13.934090654952813,13.87700652815008,12.681997246595522,12.15610493393029,11.922052115894962,10.89028327965647,10.965703354006386,10.620962419700044,10.12792004360556,1.0,1.0,1.0,1.0,1.0,1.0,1.0,1.0,1.0,1.0
104.5,3.0,0.0,0.0,0.0,0.0,0.0,0.0,0.0,0.0,0.0,0.0,0.0,0.0,0.0,0.0,0.0,0.0,0.0,0.0,0.0,0.0
104.75,4.0,15.56832435980526,17.704116400483354,17.63773546025616,18.3743912507397,17.40550311395126,17.43831977305187,17.532819391052712,17.051259285484072,18.365110617288774,17.258869990846282,1.0,1.0,1.0,1.0,1.0,1.0,1.0,1.0,1.0,1.0
105.0,1.0,20.591954779880943,21.15585558730327,21.244842379405586,20.18911972545013,19.49601823583573,19.502470527704475,18.22028372715061,18.67480842280129,17.82563709923652,17.22214100607213,1.0,1.0,1.0,1.0,1.0,1.0,1.0,1.0,1.0,1.0
105.25,2.0,0.0,0.0,0.0,0.0,0.0,0.0,0.0,0.0,0.0,0.0,0.0,0.0,0.0,0.0,0.0,0.0,0.0,0.0,0.0,0.0
105.5,3.0,16.52885158920436,16.251096906265847,17.248613191532595,18.02397431794087,19.01573114609735,17.727811160789148,16.937930512574674,15.834472250296262,14.920658019311654,14.664895795195482,1.0,1.0,1.0,1.0,1.0,1.0,1.0,1.0,1.0,1.0
105.75,4.0,16.423831139355887,18.514734673979316,17.66459257858357,18.063980648252453,17.654893183124717,17.94099932779527,18.020337346588015,17.71111691405877,18.75246349839838,17.875353102578938,1.0,1.0,1.0,1.0,1.0,1.0,1.0,1.0,1.0,1.0
106.0,1.0,21.15855375322075,20.976488683090956,20.666064505066753,19.326397256825192,18.97743799018184,17.79220199160976,17.07008044689341,16.64094186791812,17.700428816113302,17.40223110793826,1.0,1.0,1.0,1.0,1.0,1.0,1.0,1.0,1.0,1.0
106.25,2.0,14.724237769812493,14.347862182684597,13.63780474745972,13.442284534787095,12.849404292416985,13.32953526954932,12.033270800075464,12.570289511056608,13.279639651748164,13.050052814198049,1.0,1.0,1.0,1.0,1.0,1.0,1.0,1.0,1.0,1.0
106.5,3.0,0.0,0.0,0.0,0.0,0.0,0.0,0.0,0.0,0.0,0.0,0.0,0.0,0.0,0.0,0.0,0.0,0.0,0.0,0.0,0.0
106.75,4.0,18.54372409427982,18.19059435136644,17.58403990898237,18.302964221509615,19.068021983628906,19.364733923425224,19.271270957405736,18.457432142140206,19.426884755544698,18.429684155194067,1.0,1.0,1.0,1.0,1.0,1.0,1.0,1.0,1.0,1.0
107.0,1.0,20.581310281393346,20.468660522295277,19.42193846306103,18.377341391377424,18.400576859157546,16.63969047059971,15.987988519045604,16.594983137193836,17.835289698703768,18.02294426369211,1.0,1.0,1.0,1.0,1.0,1.0,1.0,1.0,1.0,1.0
107.25,2.0,0.0,0.0,0.0,0.0,0.0,0.0,0.0,0.0,0.0,0.0,0.0,0.0,0.0,0.0,0.0,0.0,0.0,0.0,0.0,0.0
107.5,3.0,18.37033798348542,17.858667789877515,19.639789232196964,17.334638525132586,16.593543926778505,16.310939177316385,16.347033817545828,14.967501868970599,14.574104422850965,14.560131962079819,1.0,1.0,1.0,1.0,1.0,1.0,1.0,1.0,1.0,1.0
107.75,4.0,17.799963119306067,17.911585526760366,18.45454234781069,19.423154326393536,19.298454813260502,20.350887366080876,19.55491626865206,18.320225976723343,19.595378345029722,18.936550888095436,1.0,1.0,1.0,1.0,1.0,1.0,1.0,1.0,1.0,1.0
108.0,1.0,0.0,0.0,0.0,0.0,0.0,0.0,0.0,0.0,0.0,0.0,0.0,0.0,0.0,0.0,0.0,0.0,0.0,0.0,0.0,0.0
108.25,2.0,0.0,0.0,0.0,0.0,0.0,0.0,0.0,0.0,0.0,0.0,0.0,0.0,0.0,0.0,0.0,0.0,0.0,0.0,0.0,0.0
108.5,3.0,18.673482532328563,18.301494905637316,18.21966968832129,16.30671396514231,17.15221312364333,16.577956695742646,16.20718582810352,15.279825110781982,14.396853994825618,14.40047104225648,1.0,1.0,1.0,1.0,1.0,1.0,1.0,1.0,1.0,1.0
108.75,4.0,0.0,0.0,0.0,0.0,0.0,0.0,0.0,0.0,0.0,0.0,0.0,0.0,0.0,0.0,0.0,0.0,0.0,0.0,0.0,0.0
109.0,1.0,18.973707013542214,19.51233172467535,18.032710126636914,17.605298897233357,19.086272976819977,18.229899585576987,18.369251497925646,18.194213687623733,18.538395978850694,17.99884573228894,1.0,1.0,1.0,1.0,1.0,1.0,1.0,1.0,1.0,1.0
109.25,2.0,16.256482322286146,14.893222314472613,13.051738538921192,12.266739759638032,11.191708537461462,12.63289161050712,11.984298472902246,13.988579938606655,13.871553351957722,13.793192596897686,1.0,1.0,1.0,1.0,1.0,1.0,1.0,1.0,1.0,1.0
109.5,3.0,0.0,0.0,0.0,0.0,0.0,0.0,0.0,0.0,0.0,0.0,0.0,0.0,0.0,0.0,0.0,0.0,0.0,0.0,0.0,0.0
109.75,4.0,19.52216755602654,19.24481943847229,20.787647775688466,20.92176177511028,19.772071785423652,20.115666299990504,20.136799041103785,19.09420217492822,19.894287690691726,18.982001009125188,1.0,1.0,1.0,1.0,1.0,1.0,1.0,1.0,1.0,1.0
110.0,1.0,19.44187923273428,18.979223639901193,18.998312992053798,19.232229387679343,19.499641351732766,18.474230245012812,18.800600046172683,18.211333299988453,18.778283706731408,18.49114505735788,1.0,1.0,1.0,1.0,1.0,1.0,1.0,1.0,1.0,1.0
110.25,2.0,0.0,0.0,0.0,0.0,0.0,0.0,0.0,0.0,0.0,0.0,0.0,0.0,0.0,0.0,0.0,0.0,0.0,0.0,0.0,0.0
110.5,3.0,18.86537544847567,18.17475339988949,18.760906648760724,17.542240651056478,16.696404109705746,15.50821146172825,13.779187705160764,13.714269159719356,12.95082953665768,14.521340636030853,1.0,1.0,1.0,1.0,1.0,1.0,1.0,1.0,1.0,1.0
110.75,4.0,19.43882822169419,19.818631050153495,20.079513018443325,20.13782846614498,21.346536939842952,20.888812907052053,20.8537054263092,19.779346513581288,19.940353915929755,19.23759590451153,1.0,1.0,1.0,1.0,1.0,1.0,1.0,1.0,1.0,1.0
111.0,1.0,0.0,0.0,0.0,0.0,0.0,0.0,0.0,0.0,0.0,0.0,0.0,0.0,0.0,0.0,0.0,0.0,0.0,0.0,0.0,0.0
111.25,2.0,15.066039296933301,14.244963797456458,12.331203750132989,12.151659994090409,12.848588711051766,11.99230080590177,11.429710545058532,12.468345332842103,12.618805673469941,13.2468592504448,1.0,1.0,1.0,1.0,1.0,1.0,1.0,1.0,1.0,1.0
111.5,3.0,0.0,0.0,0.0,0.0,0.0,0.0,0.0,0.0,0.0,0.0,0.0,0.0,0.0,0.0,0.0,0.0,0.0,0.0,0.0,0.0
111.75,4.0,0.0,0.0,0.0,0.0,0.0,0.0,0.0,0.0,0.0,0.0,0.0,0.0,0.0,0.0,0.0,0.0,0.0,0.0,0.0,0.0
112.0,1.0,19.33758332852099,20.485592922096263,20.674660277572126,19.997846871819842,19.003041993772325,17.63236373982668,17.57280478125799,16.985543603353744,17.14647689406111,18.075274275964805,1.0,1.0,1.0,1.0,1.0,1.0,1.0,1.0,1.0,1.0
112.25,2.0,15.21901623091197,14.649907216485277,14.416682828166513,13.097833894137768,12.561752327515332,12.776868674151528,12.21500496259738,12.578213692845392,13.130778597774585,13.2341929088059,1.0,1.0,1.0,1.0,1.0,1.0,1.0,1.0,1.0,1.0
112.5,3.0,18.941878843307386,18.443896728678897,18.60733095818012,17.036470879872564,14.181576427716529,13.963198912596672,13.880368088568801,15.41216667848797,15.708107068129404,17.051164053605863,1.0,1.0,1.0,1.0,1.0,1.0,1.0,1.0,1.0,1.0
112.75,4.0,18.337565120929447,18.014331805975846,20.115022115143027,21.687256653772025,21.409864534814638,20.273119421362704,20.76506122726874,19.582807417600883,20.01435881439295,20.09408337022648,1.0,1.0,1.0,1.0,1.0,1.0,1.0,1.0,1.0,1.0
113.0,1.0,20.774742884465972,22.465098501759783,20.72273111893514,18.298042970785268,17.58517582142103,16.968804737013002,18.101322296308272,17.556065563439738,17.906861682761903,19.338019511116524,1.0,1.0,1.0,1.0,1.0,1.0,1.0,1.0,1.0,1.0
113.25,2.0,0.0,0.0,0.0,0.0,0.0,0.0,0.0,0.0,0.0,0.0,0.0,0.0,0.0,0.0,0.0,0.0,0.0,0.0,0.0,0.0
113.5,3.0,19.575732659897245,18.999541311466643,17.71263600760545,15.509734758626406,13.89591958548378,13.526868657696538,14.668732215817027,15.154208452863568,15.662386258523568,16.595584744623572,1.0,1.0,1.0,1.0,1.0,1.0,1.0,1.0,1.0,1.0
113.75,4.0,18.992875120323077,18.21793193073741,20.881535541978145,20.331827201750187,18.850522079149282,19.06606911545408,19.5780866207077,19.87908994599157,20.35993731954634,21.013854959110212,1.0,1.0,1.0,1.0,1.0,1.0,1.0,1.0,1.0,1.0
114.0,1.0,20.70566697612532,21.618390552162236,19.690163176577236,17.94927679377069,16.821337041543586,17.213243026351712,17.897576786388544,19.206419608222763,19.119060003228576,19.72065518228755,1.0,1.0,1.0,1.0,1.0,1.0,1.0,1.0,1.0,1.0
114.25,2.0,14.872959291785232,13.538301426597782,12.88860799560087,13.815495664667624,13.825146554691353,13.778337004488424,13.900922077368383,13.569575778331842,14.052592705240855,14.0333125780599,1.0,1.0,1.0,1.0,1.0,1.0,1.0,1.0,1.0,1.0
114.5,3.0,0.0,0.0,0.0,0.0,0.0,0.0,0.0,0.0,0.0,0.0,0.0,0.0,0.0,0.0,0.0,0.0,0.0,0.0,0.0,0.0
114.75,4.0,19.256041169987522,18.497425271799646,20.168306130038058,20.129324346294826,17.420837779140907,18.680088012264754,18.968030428212703,20.22695311567389,20.812500592450235,21.380595341906513,1.0,1.0,1.0,1.0,1.0,1.0,1.0,1.0,1.0,1.0
115.0,1.0,20.235376802633436,20.34994368497397,18.781817191878165,17.911819981277404,18.576733037740407,18.793632042962702,19.660814642963725,19.572740700015338,19.31306541802459,20.3573855972398,1.0,1.0,1.0,1.0,1.0,1.0,1.0,1.0,1.0,1.0
115.25,2.0,0.0,0.0,0.0,0.0,0.0,0.0,0.0,0.0,0.0,0.0,0.0,0.0,0.0,0.0,0.0,0.0,0.0,0.0,0.0,0.0
115.5,3.0,19.178366114760127,16.92392833682594,17.090235061925565,15.238778753621213,15.985548238044816,15.874234196635035,16.2588607048376,16.457918914536812,16.26431910602867,16.476648394064526,1.0,1.0,1.0,1.0,1.0,1.0,1.0,1.0,1.0,1.0
115.75,4.0,18.485656397255966,18.40593135683314,19.615697613103308,19.057320416831175,18.12414465589718,18.515331789241888,19.21334808339516,20.45649482558516,21.43815651234271,21.227323412088822,1.0,1.0,1.0,1.0,1.0,1.0,1.0,1.0,1.0,1.0
116.0,1.0,0.0,0.0,0.0,0.0,0.0,0.0,0.0,0.0,0.0,0.0,0.0,0.0,0.0,0.0,0.0,0.0,0.0,0.0,0.0,0.0
116.25,2.0,13.49461413132783,13.350178438052565,13.362446094491025,13.530188608699753,12.694595399662346,12.779755062008142,12.861867603662233,14.707187572759253,15.913509961746048,16.028396563961355,1.0,1.0,1.0,1.0,1.0,1.0,1.0,1.0,1.0,1.0
116.5,3.0,17.987842795136537,15.209454799993186,15.86466027421814,15.497198647027298,16.510495118317536,16.13448946553387,15.511688750180776,15.758825806457732,15.823508741005435,16.868314284271626,1.0,1.0,1.0,1.0,1.0,1.0,1.0,1.0,1.0,1.0
116.75,4.0,0.0,0.0,0.0,0.0,0.0,0.0,0.0,0.0,0.0,0.0,0.0,0.0,0.0,0.0,0.0,0.0,0.0,0.0,0.0,0.0
117.0,1.0,18.26090754390558,19.09313007374987,18.499878886612052,17.80544586309942,18.710434656765056,18.079147065648666,19.24482370364965,19.55469037322823,20.3842461049649,20.889731953049992,1.0,1.0,1.0,1.0,1.0,1.0,1.0,1.0,1.0,1.0
117.25,2.0,13.673504702745586,14.935931371527568,14.177612990933653,15.131371745988423,14.417507961621958,14.142178975760416,14.536339159147742,16.010155793746243,17.259265698551786,17.262835590433387,1.0,1.0,1.0,1.0,1.0,1.0,1.0,1.0,1.0,1.0
117.5,3.0,0.0,0.0,0.0,0.0,0.0,0.0,0.0,0.0,0.0,0.0,0.0,0.0,0.0,0.0,0.0,0.0,0.0,0.0,0.0,0.0
117.75,4.0,18.900883543719605,18.043951474758877,17.439409080476967,18.232098345874654,19.094499561280678,19.65793498473132,20.325808557149568,20.162974485780154,20.725549044865996,19.809582308295255,1.0,1.0,1.0,1.0,1.0,1.0,1.0,1.0,1.0,1.0
118.0,1.0,18.261085340705442,18.898530046135626,18.101809335402926,17.641314364876447,18.791116774192496,18.672208289989324,20.202870454706563,20.931453268945404,20.862326156045285,20.826580054265364,1.0,1.0,1.0,1.0,1.0,1.0,1.0,1.0,1.0,1.0
118.25,2.0,0.0,0.0,0.0,0.0,0.0,0.0,0.0,0.0,0.0,0.0,0.0,0.0,0.0,0.0,0.0,0.0,0.0,0.0,0.0,0.0
118.5,3.0,16.658812497085595,16.402569053712853,16.618502379736352,16.828713581275338,16.779345160562894,15.31875888701169,15.391735902179331,16.40429423704524,16.83921800514197,17.716036892524944,1.0,1.0,1.0,1.0,1.0,1.0,1.0,1.0,1.0,1.0
118.75,4.0,18.848517914847598,17.607175247781147,18.424422468289528,18.09253610094321,18.251654746608438,19.113476805670484,19.75151044573168,19.02142206881032,20.153352498738123,20.030838547775023,1.0,1.0,1.0,1.0,1.0,1.0,1.0,1.0,1.0,1.0
119.0,1.0,17.33441436867852,17.781102746883228,17.874677254664768,18.750885000695867,20.54008324007263,19.50831388806852,20.22634995235455,20.63618996584703,20.439449021805974,20.152785372271644,1.0,1.0,1.0,1.0,1.0,1.0,1.0,1.0,1.0,1.0
119.25,2.0,16.89438862221406,18.833118959980556,16.63392127726038,15.612201255932,17.108319989855563,16.647360685725324,16.355784452063762,16.60059272604287,17.626580769825818,17.61451266180603,1.0,1.0,1.0,1.0,1.0,1.0,1.0,1.0,1.0,1.0
119.5,3.0,0.0,0.0,0.0,0.0,0.0,0.0,0.0,0.0,0.0,0.0,0.0,0.0,0.0,0.0,0.0,0.0,0.0,0.0,0.0,0.0
119.75,4.0,0.0,0.0,0.0,0.0,0.0,0.0,0.0,0.0,0.0,0.0,0.0,0.0,0.0,0.0,0.0,0.0,0.0,0.0,0.0,0.0
120.0,1.0,16.774026485804892,17.75890944002238,17.90827468798842,20.306641650526853,20.620798549515293,19.551556921586464,20.17351801903545,20.428618366059027,19.823072540847615,19.600519342622196,1.0,1.0,1.0,1.0,1.0,1.0,1.0,1.0,1.0,1.0
120.25,2.0,17.059381848164524,19.923648344396003,17.44237096902724,16.41371286808928,17.18719010246312,16.052232949812417,15.703098191814044,16.64992120040431,17.006103123428435,17.461524363503123,1.0,1.0,1.0,1.0,1.0,1.0,1.0,1.0,1.0,1.0
120.5,3.0,16.36480907582274,16.260956945235407,17.04926391638138,18.37756389972944,18.485486575105906,17.457566404732326,16.939386617278227,16.954569109579587,16.514004180805646,16.87923903067473,1.0,1.0,1.0,1.0,1.0,1.0,1.0,1.0,1.0,1.0
120.75,4.0,18.592669077114014,18.05076052541582,18.890400465262996,17.859231387960413,17.827422578019647,19.69954250531449,19.424813872799824,19.929814234539027,19.912460109320833,20.11037635594233,1.0,1.0,1.0,1.0,1.0,1.0,1.0,1.0,1.0,1.0
121.0,1.0,0.0,0.0,0.0,0.0,0.0,0.0,0.0,0.0,0.0,0.0,0.0,0.0,0.0,0.0,0.0,0.0,0.0,0.0,0.0,0.0
121.25,2.0,0.0,0.0,0.0,0.0,0.0,0.0,0.0,0.0,0.0,0.0,0.0,0.0,0.0,0.0,0.0,0.0,0.0,0.0,0.0,0.0
121.5,3.0,17.049194313931828,16.492681143193455,17.04094696667007,18.850815034938396,18.495041092209988,17.1416738605351,17.401145654548348,17.753528391036745,17.958063650349622,17.138440436548645,1.0,1.0,1.0,1.0,1.0,1.0,1.0,1.0,1.0,1.0
121.75,4.0,17.872794633906736,17.38077987483728,17.871659099006003,18.278588919690495,19.47691311654639,20.53306566557609,20.204565802495477,20.00814294623201,20.12826610491509,19.603045203531273,1.0,1.0,1.0,1.0,1.0,1.0,1.0,1.0,1.0,1.0
122.0,1.0,16.15066909963594,15.704432080257574,18.69203572062085,19.823829444675265,22.44098898445119,21.552876170817253,22.477649420271376,22.04427930854729,22.398097823138684,22.90204862606085,1.0,1.0,1.0,1.0,1.0,1.0,1.0,1.0,1.0,1.0
122.25,2.0,15.53166255062539,17.03641897824439,16.36439467406284,15.311531864002973,18.01657549603924,16.35109789495175,15.594046039178991,16.690933239063554,17.397366200487014,17.054185867982362,1.0,1.0,1.0,1.0,1.0,1.0,1.0,1.0,1.0,1.0
122.5,3.0,0.0,0.0,0.0,0.0,0.0,0.0,0.0,0.0,0.0,0.0,0.0,0.0,0.0,0.0,0.0,0.0,0.0,0.0,0.0,0.0
122.75,4.0,15.965853751933377,16.64253115085938,17.844110172662173,18.58198489276381,20.220943455820258,20.763127254285045,20.895374077345426,19.868766106068225,19.173161300492943,18.335354295877472,1.0,1.0,1.0,1.0,1.0,1.0,1.0,1.0,1.0,1.0
123.0,1.0,16.848138630834615,17.5519491129206,19.335288914315626,19.618763090126027,22.559871565879284,22.18986759629612,22.982014884567825,22.19155937791687,22.618585356199006,23.221670170904257,1.0,1.0,1.0,1.0,1.0,1.0,1.0,1.0,1.0,1.0
123.25,2.0,0.0,0.0,0.0,0.0,0.0,0.0,0.0,0.0,0.0,0.0,0.0,0.0,0.0,0.0,0.0,0.0,0.0,0.0,0.0,0.0
123.5,3.0,17.437856016864913,17.19024677755376,18.294767030276752,18.307084229260916,18.81991499691026,17.61197788003999,17.27306880876927,17.283849942322284,17.151937194520663,18.054811022870997,1.0,1.0,1.0,1.0,1.0,1.0,1.0,1.0,1.0,1.0
123.75,4.0,14.619750824184141,16.593324824963556,18.269525143471483,20.048281220996387,20.835133809376156,21.263769024898505,20.65214585939958,18.496819182247854,17.574156331859882,15.313802803888423,1.0,1.0,1.0,1.0,1.0,1.0,1.0,1.0,1.0,1.0
124.0,1.0,0.0,0.0,0.0,0.0,0.0,0.0,0.0,0.0,0.0,0.0,0.0,0.0,0.0,0.0,0.0,0.0,0.0,0.0,0.0,0.0
124.25,2.0,16.037964405051977,17.26699703213373,15.262375471062109,15.31584397838897,19.43376752262558,18.660761136827755,17.562621878315454,17.74826975242399,17.132269271187603,17.60117462791306,1.0,1.0,1.0,1.0,1.0,1.0,1.0,1.0,1.0,1.0
124.5,3.0,17.713091540111307,17.512461052878987,17.58004779643337,17.63037115356581,17.892398390981647,17.53900789321824,17.938707579814572,16.992619973129877,17.629104376402992,18.557798418155762,1.0,1.0,1.0,1.0,1.0,1.0,1.0,1.0,1.0,1.0
124.75,4.0,0.0,0.0,0.0,0.0,0.0,0.0,0.0,0.0,0.0,0.0,0.0,0.0,0.0,0.0,0.0,0.0,0.0,0.0,0.0,0.0
125.0,1.0,16.443099930969876,17.29498200127361,19.334280321980618,20.642441127685025,22.377404581656418,22.618979395334094,23.349393218368224,24.575851063638723,24.13538106111733,24.37503388652557,1.0,1.0,1.0,1.0,1.0,1.0,1.0,1.0,1.0,1.0
125.25,2.0,16.493246902940946,15.67568267544914,15.207885782051083,16.794006449269226,19.171515406594327,18.334855357582043,17.906767548748967,17.988795869283944,17.429836318453493,18.11066364782542,1.0,1.0,1.0,1.0,1.0,1.0,1.0,1.0,1.0,1.0
125.5,3.0,0.0,0.0,0.0,0.0,0.0,0.0,0.0,0.0,0.0,0.0,0.0,0.0,0.0,0.0,0.0,0.0,0.0,0.0,0.0,0.0
125.75,4.0,16.19751932745129,17.908524868203916,19.164189030750386,18.927385381377746,19.471937662357547,18.575861678805634,18.57121515497734,18.00030026036738,19.329501968996922,18.29385337598477,1.0,1.0,1.0,1.0,1.0,1.0,1.0,1.0,1.0,1.0
126.0,1.0,17.79088925855021,18.489515592955893,19.853600486233745,20.509723550954888,22.950843231981466,23.121788066593783,24.35907487969256,24.866619744942817,24.589433189677457,23.68808492863279,1.0,1.0,1.0,1.0,1.0,1.0,1.0,1.0,1.0,1.0
126.25,2.0,0.0,0.0,0.0,0.0,0.0,0.0,0.0,0.0,0.0,0.0,0.0,0.0,0.0,0.0,0.0,0.0,0.0,0.0,0.0,0.0
126.5,3.0,18.349399567027746,17.502955925385958,17.476071560226163,16.83773789680903,17.715101899098254,17.295415781360283,18.075092680259818,17.11114154400579,17.884669475495905,18.628326116404217,1.0,1.0,1.0,1.0,1.0,1.0,1.0,1.0,1.0,1.0
126.75,4.0,17.878923253270262,19.19611148134857,20.80924751101045,20.270697117925202,19.43984081101151,18.924913365030235,20.12505657582895,19.48357705454265,20.246935674242707,19.67797647143804,1.0,1.0,1.0,1.0,1.0,1.0,1.0,1.0,1.0,1.0
127.0,1.0,17.364211722176844,18.733903216491953,20.10538628971986,21.469504036062176,22.629434152571157,23.5390877080804,23.682383630138787,24.406570472073554,24.173013024818932,23.50641729444527,1.0,1.0,1.0,1.0,1.0,1.0,1.0,1.0,1.0,1.0
127.25,2.0,14.398280359776672,14.340005157886615,16.31205100284839,18.386390483543536,19.04653007194521,18.807929105476017,18.81529785669071,18.89210461097341,19.373381971976197,19.656841609754057,1.0,1.0,1.0,1.0,1.0,1.0,1.0,1.0,1.0,1.0
127.5,3.0,0.0,0.0,0.0,0.0,0.0,0.0,0.0,0.0,0.0,0.0,0.0,0.0,0.0,0.0,0.0,0.0,0.0,0.0,0.0,0.0
127.75,4.0,18.691955202001576,20.418655279417404,20.48674289952612,19.796281847348556,18.912821137391262,19.864221770738187,19.843787947109135,19.96212657562249,21.372567454547145,21.20529201368282,1.0,1.0,1.0,1.0,1.0,1.0,1.0,1.0,1.0,1.0
128.0,1.0,18.147000337004627,19.504637367617185,21.11065711932764,21.800256256440885,23.073707891521305,23.52030072949029,24.434263980068984,24.89212895962567,24.65977086814773,24.665078976411504,1.0,1.0,1.0,1.0,1.0,1.0,1.0,1.0,1.0,1.0
128.25,2.0,14.858071049666849,16.020123029393588,16.79138758171879,18.913324023274992,20.187569480164562,19.82946875107148,20.031170169288636,19.487226400321262,19.49803194009847,19.01393622183647,1.0,1.0,1.0,1.0,1.0,1.0,1.0,1.0,1.0,1.0
128.5,3.0,18.820795013633703,16.491766530606885,17.316432704341725,19.196293643944447,19.835155676472787,20.18599653830987,21.06549558224005,19.770907913896853,19.237732849037855,18.66193954990007,1.0,1.0,1.0,1.0,1.0,1.0,1.0,1.0,1.0,1.0
128.75,4.0,18.99848559102469,20.480878262119575,19.14507640320884,18.728449667249716,19.42614118207813,20.826943836274353,21.138059170724905,20.960071384976857,21.511117290621893,22.138537722009318,1.0,1.0,1.0,1.0,1.0,1.0,1.0,1.0,1.0,1.0
129.0,1.0,0.0,0.0,0.0,0.0,0.0,0.0,0.0,0.0,0.0,0.0,0.0,0.0,0.0,0.0,0.0,0.0,0.0,0.0,0.0,0.0
129.25,2.0,0.0,0.0,0.0,0.0,0.0,0.0,0.0,0.0,0.0,0.0,0.0,0.0,0.0,0.0,0.0,0.0,0.0,0.0,0.0,0.0
129.5,3.0,19.10802040638858,16.38757637971258,17.45521070294664,19.181830480322958,19.729616878628583,20.117886163482932,20.545824804343326,19.941318281570748,19.579621475228716,19.9719482063469,1.0,1.0,1.0,1.0,1.0,1.0,1.0,1.0,1.0,1.0
129.75,4.0,0.0,0.0,0.0,0.0,0.0,0.0,0.0,0.0,0.0,0.0,0.0,0.0,0.0,0.0,0.0,0.0,0.0,0.0,0.0,0.0
130.0,1.0,19.791603936534475,20.159741236192968,20.58475435939064,21.893545668770955,24.167047750488138,25.55616271806735,26.07055917540978,26.151458570080756,26.63147076510018,25.409968455126016,1.0,1.0,1.0,1.0,1.0,1.0,1.0,1.0,1.0,1.0
130.25,2.0,16.963380872560855,18.264808466157792,18.644259262244148,19.01415503510368,19.711517225240403,20.446694067669412,20.511445439757324,19.82833360143062,19.220894334493195,19.81428461977507,1.0,1.0,1.0,1.0,1.0,1.0,1.0,1.0,1.0,1.0
130.5,3.0,0.0,0.0,0.0,0.0,0.0,0.0,0.0,0.0,0.0,0.0,0.0,0.0,0.0,0.0,0.0,0.0,0.0,0.0,0.0,0.0
130.75,4.0,17.820044363868533,18.37700721542848,19.21832094991033,21.29447991452768,22.987031328842544,23.09368592333756,22.14629123751233,20.84606784536141,21.178228579262743,20.194859271281874,1.0,1.0,1.0,1.0,1.0,1.0,1.0,1.0,1.0,1.0
131.0,1.0,20.458005300427242,20.962555532539437,21.872090478686275,23.32313624730948,23.837793548610247,24.72088783433649,25.12814518788018,24.817306149473403,24.715712045075538,23.612311984034775,1.0,1.0,1.0,1.0,1.0,1.0,1.0,1.0,1.0,1.0
131.25,2.0,0.0,0.0,0.0,0.0,0.0,0.0,0.0,0.0,0.0,0.0,0.0,0.0,0.0,0.0,0.0,0.0,0.0,0.0,0.0,0.0
131.5,3.0,19.27094851098148,17.48791755724424,19.596358488860545,18.8888436326639,20.565582083425987,21.09040799308265,20.83772234837779,19.36859210568841,19.094009513400483,19.251321881538217,1.0,1.0,1.0,1.0,1.0,1.0,1.0,1.0,1.0,1.0
131.75,4.0,17.79171708355881,18.565070449652566,20.134369827058855,20.888443859120564,22.00454609079919,23.005836942975908,21.95485445390367,20.467210606514104,20.0168513324435,19.49328646405572,1.0,1.0,1.0,1.0,1.0,1.0,1.0,1.0,1.0,1.0
132.0,1.0,0.0,0.0,0.0,0.0,0.0,0.0,0.0,0.0,0.0,0.0,0.0,0.0,0.0,0.0,0.0,0.0,0.0,0.0,0.0,0.0
132.25,2.0,18.010976378675792,17.589360841596353,16.8871908198542,17.70794465165552,20.017504599507536,20.740625483336736,20.40393812966677,19.8306079087366,20.607006803064884,20.493432961409027,1.0,1.0,1.0,1.0,1.0,1.0,1.0,1.0,1.0,1.0
132.5,3.0,0.0,0.0,0.0,0.0,0.0,0.0,0.0,0.0,0.0,0.0,0.0,0.0,0.0,0.0,0.0,0.0,0.0,0.0,0.0,0.0
132.75,4.0,0.0,0.0,0.0,0.0,0.0,0.0,0.0,0.0,0.0,0.0,0.0,0.0,0.0,0.0,0.0,0.0,0.0,0.0,0.0,0.0
133.0,1.0,21.157021417225685,21.16789219142231,21.25007775270759,23.51694543316597,23.377381282667145,23.64058992765037,23.16274275921174,22.17510667564657,22.263843439234613,21.440696197774585,1.0,1.0,1.0,1.0,1.0,1.0,1.0,1.0,1.0,1.0
133.25,2.0,17.716660306190814,17.697961476065544,16.86137974430944,18.199655682041364,19.56803530237165,20.436668409948748,20.342881815398318,20.664896700865366,20.551372404461937,19.743550582685174,1.0,1.0,1.0,1.0,1.0,1.0,1.0,1.0,1.0,1.0
133.5,3.0,0.0,0.0,0.0,0.0,0.0,0.0,0.0,0.0,0.0,0.0,0.0,0.0,0.0,0.0,0.0,0.0,0.0,0.0,0.0,0.0
133.75,4.0,19.38348397755789,20.871729618162735,20.873065112934274,22.728175642631847,23.640048720259795,23.75184550516529,23.97058463424243,22.723045214070424,23.287022537710552,22.372125039618,1.0,1.0,1.0,1.0,1.0,1.0,1.0,1.0,1.0,1.0
134.0,1.0,20.39559434072754,21.487894160202604,21.764541480744896,23.540465473307798,22.044062602687706,22.661408683737964,22.362002094639223,22.201753068654476,21.399664746136786,22.02611493416706,1.0,1.0,1.0,1.0,1.0,1.0,1.0,1.0,1.0,1.0
134.25,2.0,0.0,0.0,0.0,0.0,0.0,0.0,0.0,0.0,0.0,0.0,0.0,0.0,0.0,0.0,0.0,0.0,0.0,0.0,0.0,0.0
134.5,3.0,21.501930395459034,20.653859765588678,20.411054037219664,21.617606992641374,19.765236210318985,19.338276236771318,19.381478305976056,19.62941004046925,20.757970882839462,21.236061853328515,1.0,1.0,1.0,1.0,1.0,1.0,1.0,1.0,1.0,1.0
134.75,4.0,21.074003636005347,20.82062473565599,21.565861362007904,22.659212796824047,23.48321836789875,24.415743654315456,23.790007492292503,22.26674549859571,23.432362780327168,22.363350229078453,1.0,1.0,1.0,1.0,1.0,1.0,1.0,1.0,1.0,1.0
135.0,1.0,20.56919789308193,21.286721749144196,21.82069999310753,23.826726637573543,22.506772356484266,22.33152262563541,21.961788520740733,22.150497592228138,22.08357734763714,22.837283085438987,1.0,1.0,1.0,1.0,1.0,1.0,1.0,1.0,1.0,1.0
135.25,2.0,16.06673654126558,18.944079314589175,18.952001187852574,18.477701217253873,20.146707607117186,20.321204826589383,19.91024218329153,20.48146208165439,20.59536441806906,20.10355036639985,1.0,1.0,1.0,1.0,1.0,1.0,1.0,1.0,1.0,1.0
135.5,3.0,0.0,0.0,0.0,0.0,0.0,0.0,0.0,0.0,0.0,0.0,0.0,0.0,0.0,0.0,0.0,0.0,0.0,0.0,0.0,0.0
135.75,4.0,21.004549081068742,20.655417239271976,21.4576206457447,23.521153364310518,23.66926908949579,23.81284629228865,22.890511581864256,22.840512499135556,23.47061977152944,22.451172035674045,1.0,1.0,1.0,1.0,1.0,1.0,1.0,1.0,1.0,1.0
136.0,1.0,20.367430878626262,20.437601938611287,21.762023417863468,23.751159880362486,21.218319052800954,21.969295208149244,22.39436365320312,22.191044359983422,22.66781880667704,22.929577347492863,1.0,1.0,1.0,1.0,1.0,1.0,1.0,1.0,1.0,1.0
136.25,2.0,0.0,0.0,0.0,0.0,0.0,0.0,0.0,0.0,0.0,0.0,0.0,0.0,0.0,0.0,0.0,0.0,0.0,0.0,0.0,0.0
136.5,3.0,19.589473425086247,19.16108660009328,21.58429990117312,22.555760381793302,21.652572629217843,22.376445830722744,22.316152811845377,22.415598964096763,22.375196210990524,22.437786140956323,1.0,1.0,1.0,1.0,1.0,1.0,1.0,1.0,1.0,1.0
136.75,4.0,21.182177964390085,21.987966848612757,22.647627964990505,23.780033561609816,22.87418378949101,23.24343213746784,22.801601434979702,22.317103025550526,23.717157432134627,22.878759549293335,1.0,1.0,1.0,1.0,1.0,1.0,1.0,1.0,1.0,1.0
137.0,1.0,0.0,0.0,0.0,0.0,0.0,0.0,0.0,0.0,0.0,0.0,0.0,0.0,0.0,0.0,0.0,0.0,0.0,0.0,0.0,0.0
137.25,2.0,0.0,0.0,0.0,0.0,0.0,0.0,0.0,0.0,0.0,0.0,0.0,0.0,0.0,0.0,0.0,0.0,0.0,0.0,0.0,0.0
137.5,3.0,19.257873717244856,20.72086371831163,22.933657096294493,22.994710264345056,23.167492760500235,23.472599226746315,23.91819721816754,22.310050075968228,22.67708700309755,23.325999164321466,1.0,1.0,1.0,1.0,1.0,1.0,1.0,1.0,1.0,1.0
137.75,4.0,0.0,0.0,0.0,0.0,0.0,0.0,0.0,0.0,0.0,0.0,0.0,0.0,0.0,0.0,0.0,0.0,0.0,0.0,0.0,0.0
138.0,1.0,21.026138937990748,20.810088159648256,22.007778705367105,23.011676412958987,21.397544785294752,23.235856641153177,23.74997920240792,23.59715487479644,22.948487495209836,22.139855485712364,1.0,1.0,1.0,1.0,1.0,1.0,1.0,1.0,1.0,1.0
138.25,2.0,19.08245715640757,19.77357505726671,19.106809597672186,19.924556142098837,20.88543833660556,19.959880868280806,19.39099615482371,18.315165416100804,18.785476268689216,18.778112528805103,1.0,1.0,1.0,1.0,1.0,1.0,1.0,1.0,1.0,1.0
138.5,3.0,0.0,0.0,0.0,0.0,0.0,0.0,0.0,0.0,0.0,0.0,0.0,0.0,0.0,0.0,0.0,0.0,0.0,0.0,0.0,0.0
138.75,4.0,22.28516418698945,21.892277476756192,21.559182535334024,21.836682830116853,22.201333223956603,23.408345803637953,24.363402536836126,24.06492812765198,24.435250832539467,22.347512695474492,1.0,1.0,1.0,1.0,1.0,1.0,1.0,1.0,1.0,1.0
139.0,1.0,22.840094893052136,22.53541807190136,22.075889671639043,22.978657619450956,22.935105980919126,23.88551585388794,23.824073050408735,23.349063342219566,22.80371774050335,21.96764219955294,1.0,1.0,1.0,1.0,1.0,1.0,1.0,1.0,1.0,1.0
139.25,2.0,0.0,0.0,0.0,0.0,0.0,0.0,0.0,0.0,0.0,0.0,0.0,0.0,0.0,0.0,0.0,0.0,0.0,0.0,0.0,0.0
139.5,3.0,20.718803334032607,22.55772784723602,22.090527081014653,23.03569112104256,24.142673688806244,23.791992222404083,23.272459355524475,22.55470063436445,23.154829439436966,23.043898903994634,1.0,1.0,1.0,1.0,1.0,1.0,1.0,1.0,1.0,1.0
139.75,4.0,21.992086529133058,21.038186256346854,20.648664371406934,21.897197875497294,22.6814005576756,22.959026153256605,23.536383106902655,22.080806246059797,22.21064169727943,20.124148985381023,1.0,1.0,1.0,1.0,1.0,1.0,1.0,1.0,1.0,1.0
140.0,1.0,0.0,0.0,0.0,0.0,0.0,0.0,0.0,0.0,0.0,0.0,0.0,0.0,0.0,0.0,0.0,0.0,0.0,0.0,0.0,0.0
140.25,2.0,21.17541031849607,19.496255928845056,19.791513138789128,19.726545452358938,19.480715599385945,20.455104925179512,19.82876121000277,19.35895917975277,19.59803263531192,19.381603902069624,1.0,1.0,1.0,1.0,1.0,1.0,1.0,1.0,1.0,1.0
140.5,3.0,0.0,0.0,0.0,0.0,0.0,0.0,0.0,0.0,0.0,0.0,0.0,0.0,0.0,0.0,0.0,0.0,0.0,0.0,0.0,0.0
140.75,4.0,0.0,0.0,0.0,0.0,0.0,0.0,0.0,0.0,0.0,0.0,0.0,0.0,0.0,0.0,0.0,0.0,0.0,0.0,0.0,0.0
141.0,1.0,23.073691609276135,22.996275487213524,22.24475890682883,24.520908592810066,24.029132383070735,23.806275231417747,22.7729837334844,22.102606723972368,22.360634414138566,21.885643436602212,1.0,1.0,1.0,1.0,1.0,1.0,1.0,1.0,1.0,1.0
141.25,2.0,21.816006058502587,20.705035589555376,20.356078809979476,20.668887611619862,21.812268933818565,21.71690144107235,20.86960418128113,19.867143269159584,19.66032565154019,19.76478427291785,1.0,1.0,1.0,1.0,1.0,1.0,1.0,1.0,1.0,1.0
141.5,3.0,0.0,0.0,0.0,0.0,0.0,0.0,0.0,0.0,0.0,0.0,0.0,0.0,0.0,0.0,0.0,0.0,0.0,0.0,0.0,0.0
141.75,4.0,20.910307473625334,20.801167999470465,20.835503850915227,22.376888757960682,21.610665389855136,22.314192588865467,21.361821840950153,19.486369427960163,20.733215061583515,18.093696264749248,1.0,1.0,1.0,1.0,1.0,1.0,1.0,1.0,1.0,1.0
142.0,1.0,23.00850211747947,22.01487573657469,22.73623945722218,23.157628811949902,22.288793297608205,22.608949211846046,22.132173885892133,21.253998929539968,21.406618019939575,21.013821763233686,1.0,1.0,1.0,1.0,1.0,1.0,1.0,1.0,1.0,1.0
142.25,2.0,0.0,0.0,0.0,0.0,0.0,0.0,0.0,0.0,0.0,0.0,0.0,0.0,0.0,0.0,0.0,0.0,0.0,0.0,0.0,0.0
142.5,3.0,20.69006493909305,23.07403148277459,22.76332621173985,23.294892376266045,22.104047984453587,21.25273040487708,21.797733749285342,22.45502142231834,23.00147536170409,23.83060567087131,1.0,1.0,1.0,1.0,1.0,1.0,1.0,1.0,1.0,1.0
142.75,4.0,20.14409099692002,21.055092917896083,21.40026728841369,21.184280540084753,20.388421598007103,20.88758226979069,20.341201154796053,19.18887214262386,19.855240407392166,19.244083901997893,1.0,1.0,1.0,1.0,1.0,1.0,1.0,1.0,1.0,1.0
143.0,1.0,23.383283827525094,22.695386417718236,22.448630733262583,22.59810732126244,22.36693173590209,22.18251470583863,23.091741061560267,21.557366872475182,21.01747159541973,20.923001190195166,1.0,1.0,1.0,1.0,1.0,1.0,1.0,1.0,1.0,1.0
143.25,2.0,23.16744839655883,23.46120007359365,22.154715453006123,21.371998015489645,19.452655697756025,18.682061952771285,17.549536058995663,17.155703960568875,17.77513094218332,18.151383676595575,1.0,1.0,1.0,1.0,1.0,1.0,1.0,1.0,1.0,1.0
143.5,3.0,0.0,0.0,0.0,0.0,0.0,0.0,0.0,0.0,0.0,0.0,0.0,0.0,0.0,0.0,0.0,0.0,0.0,0.0,0.0,0.0
143.75,4.0,21.182733773823504,21.292377664375373,20.145191031701124,20.351604205715926,20.266610730060894,21.505631384285138,20.962197207073867,20.06737798303618,21.472520269294566,19.72768054406247,1.0,1.0,1.0,1.0,1.0,1.0,1.0,1.0,1.0,1.0
144.0,1.0,22.351998529438145,23.290752368644355,21.905571623799148,21.567434163270235,21.515951149039843,21.992448639826176,22.292316137345352,20.620970670011896,20.180800574241825,19.528823874258528,1.0,1.0,1.0,1.0,1.0,1.0,1.0,1.0,1.0,1.0
144.25,2.0,0.0,0.0,0.0,0.0,0.0,0.0,0.0,0.0,0.0,0.0,0.0,0.0,0.0,0.0,0.0,0.0,0.0,0.0,0.0,0.0
144.5,3.0,23.0665958386213,22.632835243638542,21.232789313475706,20.250325699353617,21.014431512607384,21.456529239650312,21.936326022141092,22.204134284601036,21.721494605663832,22.555361927215536,1.0,1.0,1.0,1.0,1.0,1.0,1.0,1.0,1.0,1.0
144.75,4.0,21.46079709012642,20.609365765455,19.706308351406328,20.27322234356117,20.074153478138452,21.03076071916059,19.915945880871334,19.728634626185215,20.36820759847189,19.870406441680895,1.0,1.0,1.0,1.0,1.0,1.0,1.0,1.0,1.0,1.0
145.0,1.0,0.0,0.0,0.0,0.0,0.0,0.0,0.0,0.0,0.0,0.0,0.0,0.0,0.0,0.0,0.0,0.0,0.0,0.0,0.0,0.0
145.25,2.0,0.0,0.0,0.0,0.0,0.0,0.0,0.0,0.0,0.0,0.0,0.0,0.0,0.0,0.0,0.0,0.0,0.0,0.0,0.0,0.0
145.5,3.0,22.48542596568584,21.778699531013,20.572440372714272,19.81618245890946,20.44976943098709,20.982072015174847,21.194217299347436,21.874409049012545,21.602965474982145,21.452727717585805,1.0,1.0,1.0,1.0,1.0,1.0,1.0,1.0,1.0,1.0
145.75,4.0,0.0,0.0,0.0,0.0,0.0,0.0,0.0,0.0,0.0,0.0,0.0,0.0,0.0,0.0,0.0,0.0,0.0,0.0,0.0,0.0
146.0,1.0,23.045402043486618,23.82493784265926,21.81758974294041,21.60253003350925,21.36006027029876,21.70242479965007,21.811395806144482,19.802285062063802,19.605957252034425,19.121447426288803,1.0,1.0,1.0,1.0,1.0,1.0,1.0,1.0,1.0,1.0
146.25,2.0,22.698029104432948,21.65284513647229,21.298901027157775,20.88467445167529,19.902457429475916,21.05722218448597,21.844605149831118,21.626861383787226,20.846558522174615,20.30664517755118,1.0,1.0,1.0,1.0,1.0,1.0,1.0,1.0,1.0,1.0
146.5,3.0,0.0,0.0,0.0,0.0,0.0,0.0,0.0,0.0,0.0,0.0,0.0,0.0,0.0,0.0,0.0,0.0,0.0,0.0,0.0,0.0
146.75,4.0,21.714928410402315,21.120203051442708,20.17059040177508,20.417361441452783,20.551107850478484,22.362800817784947,21.253227625411007,21.357828908000606,20.83655412093146,19.525929885037076,1.0,1.0,1.0,1.0,1.0,1.0,1.0,1.0,1.0,1.0
147.0,1.0,22.31195660334954,22.955685334793603,21.080686426432028,22.006275368995947,20.655221476526627,20.04305447795796,20.01553034634163,18.69417242874464,19.08522442648575,19.44558390793844,1.0,1.0,1.0,1.0,1.0,1.0,1.0,1.0,1.0,1.0
147.25,2.0,0.0,0.0,0.0,0.0,0.0,0.0,0.0,0.0,0.0,0.0,0.0,0.0,0.0,0.0,0.0,0.0,0.0,0.0,0.0,0.0
147.5,3.0,20.9964268232112,20.458271376352,19.510365798180256,20.49584865407129,19.945095779148044,20.654874200002613,21.114167306279253,20.320928816616913,20.395746147571895,19.039687554828085,1.0,1.0,1.0,1.0,1.0,1.0,1.0,1.0,1.0,1.0
147.75,4.0,20.830248716176598,20.813356026826433,19.96046899342791,20.249998701739823,21.49425433818414,22.402127459607627,21.621066416121778,21.304646808126716,20.3452899748613,18.754555470996614,1.0,1.0,1.0,1.0,1.0,1.0,1.0,1.0,1.0,1.0
148.0,1.0,0.0,0.0,0.0,0.0,0.0,0.0,0.0,0.0,0.0,0.0,0.0,0.0,0.0,0.0,0.0,0.0,0.0,0.0,0.0,0.0
148.25,2.0,22.439825543997653,21.273626339379547,20.682425297031244,21.814635774047566,21.238760960013618,22.079883905520724,22.360916678906282,22.14721122334155,22.178704717174252,20.893790890422295,1.0,1.0,1.0,1.0,1.0,1.0,1.0,1.0,1.0,1.0
148.5,3.0,0.0,0.0,0.0,0.0,0.0,0.0,0.0,0.0,0.0,0.0,0.0,0.0,0.0,0.0,0.0,0.0,0.0,0.0,0.0,0.0
148.75,4.0,0.0,0.0,0.0,0.0,0.0,0.0,0.0,0.0,0.0,0.0,0.0,0.0,0.0,0.0,0.0,0.0,0.0,0.0,0.0,0.0
149.0,1.0,22.4866891489969,23.36338573062388,21.683960248768372,21.562586253857173,20.55020905037051,20.983819393189354,20.401406141779766,19.156005997688546,19.87007292293516,20.388663106900513,1.0,1.0,1.0,1.0,1.0,1.0,1.0,1.0,1.0,1.0
149.25,2.0,22.356497807175668,20.45647517544593,19.997388024459884,20.812225763726076,21.255917052269606,22.229436140679358,22.426052591239976,22.339926100212583,22.242540697487865,22.12470810051537,1.0,1.0,1.0,1.0,1.0,1.0,1.0,1.0,1.0,1.0
149.5,3.0,20.756922329719362,20.630248416082384,20.47096840379651,20.80698545973112,19.398334542471492,19.707237977195362,19.234958479387025,18.560928995738365,18.43921184715826,17.597160407061192,1.0,1.0,1.0,1.0,1.0,1.0,1.0,1.0,1.0,1.0
149.75,4.0,22.09392036241539,20.450470680455393,20.481878148333557,21.871577747754223,20.980230030992303,19.964433047228198,19.500792571385617,19.571968103433488,20.13109130163204,19.835888038911474,1.0,1.0,1.0,1.0,1.0,1.0,1.0,1.0,1.0,1.0
150.0,1.0,22.81696790785851,23.238112665567137,21.49851785808249,21.761776673844434,21.39569550216697,21.888078566050613,20.350416591105684,19.926019019848855,20.23901985658648,19.98886644330853,1.0,1.0,1.0,1.0,1.0,1.0,1.0,1.0,1.0,1.0
150.25,2.0,0.0,0.0,0.0,0.0,0.0,0.0,0.0,0.0,0.0,0.0,0.0,0.0,0.0,0.0,0.0,0.0,0.0,0.0,0.0,0.0
150.5,3.0,20.205576510623665,20.804116567106817,20.67017207562439,20.874583379221285,19.618021415664764,19.594641912811674,18.51688547416486,17.56259352669832,17.35558746568405,16.70264751784274,1.0,1.0,1.0,1.0,1.0,1.0,1.0,1.0,1.0,1.0
150.75,4.0,22.578293365491916,20.627295699241156,20.6163704574031,20.48761249620088,18.76191744235964,18.584852025628688,19.545736975986806,18.8601422709736,19.672523732981134,19.76519218133195,1.0,1.0,1.0,1.0,1.0,1.0,1.0,1.0,1.0,1.0
151.0,1.0,23.045713992948073,24.083218684713366,22.485431036730287,22.888974948127284,21.594891225719525,21.44699099105704,19.949530424608383,18.407681400750427,18.344642682095557,18.969370416905853,1.0,1.0,1.0,1.0,1.0,1.0,1.0,1.0,1.0,1.0
151.25,2.0,21.621558960542277,19.477356447728432,18.910884343648956,20.641828023765882,21.377129125955022,22.116637648141392,22.009508903469854,20.652925751134006,20.992101348999366,20.576147378349614,1.0,1.0,1.0,1.0,1.0,1.0,1.0,1.0,1.0,1.0
151.5,3.0,0.0,0.0,0.0,0.0,0.0,0.0,0.0,0.0,0.0,0.0,0.0,0.0,0.0,0.0,0.0,0.0,0.0,0.0,0.0,0.0
151.75,4.0,22.217591461154974,20.776642144129557,19.998113369124333,19.312076890688235,19.36574976964613,18.220965647245546,19.602071411653284,19.524979536188436,20.902551955786944,21.224885577090674,1.0,1.0,1.0,1.0,1.0,1.0,1.0,1.0,1.0,1.0
152.0,1.0,23.9052426234552,23.927362873455753,22.714727761175695,23.647155107884416,21.352615918988622,21.719311936542365,18.60653972833067,16.545389987037705,17.97626323444422,18.608984691807564,1.0,1.0,1.0,1.0,1.0,1.0,1.0,1.0,1.0,1.0
152.25,2.0,0.0,0.0,0.0,0.0,0.0,0.0,0.0,0.0,0.0,0.0,0.0,0.0,0.0,0.0,0.0,0.0,0.0,0.0,0.0,0.0
152.5,3.0,19.98484635405461,21.26547957316722,20.20778070639677,19.410899002301353,17.95157867612135,17.016070861760177,17.034813985134726,16.793522721546047,17.701869159027968,17.436053477218714,1.0,1.0,1.0,1.0,1.0,1.0,1.0,1.0,1.0,1.0
152.75,4.0,21.257513528096467,20.833436710891714,19.836443566915317,18.843985441178503,18.46649641600541,18.364178737251315,20.07762671216572,21.18996474012539,20.43488653223148,20.06884719559009,1.0,1.0,1.0,1.0,1.0,1.0,1.0,1.0,1.0,1.0
153.0,1.0,0.0,0.0,0.0,0.0,0.0,0.0,0.0,0.0,0.0,0.0,0.0,0.0,0.0,0.0,0.0,0.0,0.0,0.0,0.0,0.0
153.25,2.0,0.0,0.0,0.0,0.0,0.0,0.0,0.0,0.0,0.0,0.0,0.0,0.0,0.0,0.0,0.0,0.0,0.0,0.0,0.0,0.0
153.5,3.0,20.44337601005269,21.27914696192238,20.36932728473242,18.804677428057,17.981491057712855,18.06654406044204,18.20043157546841,18.066469468866746,18.419231018117912,18.226280073397323,1.0,1.0,1.0,1.0,1.0,1.0,1.0,1.0,1.0,1.0
153.75,4.0,0.0,0.0,0.0,0.0,0.0,0.0,0.0,0.0,0.0,0.0,0.0,0.0,0.0,0.0,0.0,0.0,0.0,0.0,0.0,0.0
154.0,1.0,23.515740207198842,22.809443843252946,22.543076358541455,21.11892757662932,18.62397765458689,19.021227573935292,18.221793294175164,17.696878188174793,18.96170040159319,19.714821591023643,1.0,1.0,1.0,1.0,1.0,1.0,1.0,1.0,1.0,1.0
154.25,2.0,19.637913351316787,19.309598078363415,21.13077247901594,21.68550349891726,20.297566206399775,20.78475967672085,19.704892924132864,19.670129093733934,19.503788354216613,18.74684678250425,1.0,1.0,1.0,1.0,1.0,1.0,1.0,1.0,1.0,1.0
154.5,3.0,0.0,0.0,0.0,0.0,0.0,0.0,0.0,0.0,0.0,0.0,0.0,0.0,0.0,0.0,0.0,0.0,0.0,0.0,0.0,0.0
154.75,4.0,20.46519532682937,20.658740799239457,19.419884939597562,17.82858433645784,17.12201816741385,17.7054699814545,19.895588738493778,19.507183848491856,19.614459006710295,19.43428381047259,1.0,1.0,1.0,1.0,1.0,1.0,1.0,1.0,1.0,1.0
155.0,1.0,22.759045710062082,21.951351276893348,21.250964718048785,20.451785139793223,19.249808356031096,19.426368155893243,18.582725597131983,17.31427553997797,17.649797496416525,17.78101801419446,1.0,1.0,1.0,1.0,1.0,1.0,1.0,1.0,1.0,1.0
155.25,2.0,0.0,0.0,0.0,0.0,0.0,0.0,0.0,0.0,0.0,0.0,0.0,0.0,0.0,0.0,0.0,0.0,0.0,0.0,0.0,0.0
155.5,3.0,22.33119278966128,22.484966421401214,20.554800645828507,19.951497745027748,19.12940745615032,18.957849805730696,19.29240651854013,18.51455481658161,17.974759524738577,17.96379144436764,1.0,1.0,1.0,1.0,1.0,1.0,1.0,1.0,1.0,1.0
155.75,4.0,21.876924020883326,20.0792113754763,18.53577496167025,17.069823131599325,17.690961433587585,17.627282037467847,19.150063573758885,18.951872608143752,20.23374176875216,19.654989056067805,1.0,1.0,1.0,1.0,1.0,1.0,1.0,1.0,1.0,1.0
156.0,1.0,0.0,0.0,0.0,0.0,0.0,0.0,0.0,0.0,0.0,0.0,0.0,0.0,0.0,0.0,0.0,0.0,0.0,0.0,0.0,0.0
156.25,2.0,21.19676257192936,20.946340184255742,21.188347597211823,21.22893740802718,21.46009928747882,20.971530635136077,20.407507087016306,18.97732183288152,19.782351492014513,18.774280273054547,1.0,1.0,1.0,1.0,1.0,1.0,1.0,1.0,1.0,1.0
156.5,3.0,0.0,0.0,0.0,0.0,0.0,0.0,0.0,0.0,0.0,0.0,0.0,0.0,0.0,0.0,0.0,0.0,0.0,0.0,0.0,0.0
156.75,4.0,0.0,0.0,0.0,0.0,0.0,0.0,0.0,0.0,0.0,0.0,0.0,0.0,0.0,0.0,0.0,0.0,0.0,0.0,0.0,0.0
157.0,1.0,22.48587241007537,21.197419422168654,21.475220963363835,20.719549268747578,20.249570225024133,20.203780378504465,19.69080679918836,17.944237186075153,18.733031240861095,18.72904897255281,1.0,1.0,1.0,1.0,1.0,1.0,1.0,1.0,1.0,1.0
157.25,2.0,22.411045795949057,20.68203674639944,20.453840844754893,20.374325121407086,20.35296800898801,20.476401773232105,20.60432948788286,19.24331350265823,20.037546999851475,19.37062903222499,1.0,1.0,1.0,1.0,1.0,1.0,1.0,1.0,1.0,1.0
157.5,3.0,20.97509002020301,20.620552502077718,18.4151400866763,19.07525626983189,19.72098140092395,19.54569804149231,19.6471165934086,20.484988360131652,19.041998771541508,19.122383141320153,1.0,1.0,1.0,1.0,1.0,1.0,1.0,1.0,1.0,1.0
157.75,4.0,22.388581651858033,18.320453640241972,17.3552883348527,17.142303548011878,17.961696678233384,18.5189792787201,18.928593233884257,18.417713026769714,18.313286048436016,17.0013340802355,1.0,1.0,1.0,1.0,1.0,1.0,1.0,1.0,1.0,1.0
158.0,1.0,23.628210414434236,22.347469553471306,21.345067203838468,21.345821495796645,20.85003674304266,20.541007841788698,19.839744470090565,18.040995390625707,19.33440119016594,19.87143065441028,1.0,1.0,1.0,1.0,1.0,1.0,1.0,1.0,1.0,1.0
158.25,2.0,0.0,0.0,0.0,0.0,0.0,0.0,0.0,0.0,0.0,0.0,0.0,0.0,0.0,0.0,0.0,0.0,0.0,0.0,0.0,0.0
158.5,3.0,21.29550394872754,21.26031988289984,20.08759893142121,19.47288931051298,18.927361068551548,19.472389118792528,19.34644071153432,19.33727119935567,18.967970842887816,18.574870124254364,1.0,1.0,1.0,1.0,1.0,1.0,1.0,1.0,1.0,1.0
158.75,4.0,21.895079352473214,18.43682339856139,18.693229182690718,17.966758974475272,17.870592773434602,17.095902938426548,17.368868783677854,17.096507663933863,17.78596634972059,17.437308334509048,1.0,1.0,1.0,1.0,1.0,1.0,1.0,1.0,1.0,1.0
159.0,1.0,23.182072144796166,22.662514517022945,21.698405699926028,22.44239917315163,21.23175364244136,20.79120880801929,20.317825692101152,19.210185327167693,20.10298203902351,20.3856836670659,1.0,1.0,1.0,1.0,1.0,1.0,1.0,1.0,1.0,1.0
159.25,2.0,21.10629859566747,21.37381363588996,22.4362347672689,19.644973147823666,20.05472925241609,20.346613990942124,20.081216583725364,19.463338877891694,18.946805957447562,18.074613282089498,1.0,1.0,1.0,1.0,1.0,1.0,1.0,1.0,1.0,1.0
159.5,3.0,0.0,0.0,0.0,0.0,0.0,0.0,0.0,0.0,0.0,0.0,0.0,0.0,0.0,0.0,0.0,0.0,0.0,0.0,0.0,0.0
159.75,4.0,22.546764771843115,19.419067183963588,19.31192588139003,17.24347573542893,17.786727632136532,17.114115965815873,17.54815354638537,17.078185532397164,17.732914069281968,17.336622918029956,1.0,1.0,1.0,1.0,1.0,1.0,1.0,1.0,1.0,1.0
160.0,1.0,23.02459211256549,21.62017252078302,21.884648271961122,22.580800925148225,21.009924274069014,20.637012554884375,20.657297164133823,20.108048611917837,20.143883414327522,20.71602746089714,1.0,1.0,1.0,1.0,1.0,1.0,1.0,1.0,1.0,1.0
160.25,2.0,0.0,0.0,0.0,0.0,0.0,0.0,0.0,0.0,0.0,0.0,0.0,0.0,0.0,0.0,0.0,0.0,0.0,0.0,0.0,0.0
160.5,3.0,20.97740480107623,21.25768091676071,21.157209037481948,21.352915015258358,20.179797601074945,19.248549111479615,18.68809474758528,17.96272591424317,18.543965627833916,17.29730827219233,1.0,1.0,1.0,1.0,1.0,1.0,1.0,1.0,1.0,1.0
160.75,4.0,21.16606945572146,19.29601592322089,19.283394475284283,17.610507133086834,17.45677922777837,16.62372555063299,16.942078956072237,17.191216885454686,18.22296917808558,18.044109879046637,1.0,1.0,1.0,1.0,1.0,1.0,1.0,1.0,1.0,1.0
161.0,1.0,0.0,0.0,0.0,0.0,0.0,0.0,0.0,0.0,0.0,0.0,0.0,0.0,0.0,0.0,0.0,0.0,0.0,0.0,0.0,0.0
161.25,2.0,20.2756829238709,21.392075620459266,20.684200316463784,18.874884166999585,17.98311978343632,18.74682097493784,17.700872226818596,16.86113678901125,17.118703494860785,17.184942122004166,1.0,1.0,1.0,1.0,1.0,1.0,1.0,1.0,1.0,1.0
161.5,3.0,20.524607044428453,21.667445498265536,21.789386618703503,21.167108080040787,20.15616633265396,19.187447912516387,19.836880118660044,18.859860374278377,19.245909305036697,17.963048340582286,1.0,1.0,1.0,1.0,1.0,1.0,1.0,1.0,1.0,1.0
161.75,4.0,0.0,0.0,0.0,0.0,0.0,0.0,0.0,0.0,0.0,0.0,0.0,0.0,0.0,0.0,0.0,0.0,0.0,0.0,0.0,0.0
162.0,1.0,22.479021087057653,19.898504847091385,20.236924561000134,20.857448506592753,20.519858185401294,19.558983495539866,20.500214883166713,20.025466122757045,20.722269621078215,21.370284129256778,1.0,1.0,1.0,1.0,1.0,1.0,1.0,1.0,1.0,1.0
162.25,2.0,20.31969865338506,20.018271256746385,20.49794102833386,18.84677387634408,17.00446564430641,16.515029595778238,15.700999365569515,16.100398308639207,16.63636028556106,16.965153344839138,1.0,1.0,1.0,1.0,1.0,1.0,1.0,1.0,1.0,1.0
162.5,3.0,0.0,0.0,0.0,0.0,0.0,0.0,0.0,0.0,0.0,0.0,0.0,0.0,0.0,0.0,0.0,0.0,0.0,0.0,0.0,0.0
162.75,4.0,21.176665004749566,19.85638656856341,19.69267561741535,17.95441705431484,18.266526393226606,18.101148107167305,18.276433835518876,17.22583367904708,17.02418002885529,16.292314169038683,1.0,1.0,1.0,1.0,1.0,1.0,1.0,1.0,1.0,1.0
163.0,1.0,21.29208064687002,19.526291790133936,18.573704201565814,19.787027574097934,19.60411860577325,19.582196704603188,20.49127195691468,20.275276039277298,19.81859100525236,20.43830778798884,1.0,1.0,1.0,1.0,1.0,1.0,1.0,1.0,1.0,1.0
163.25,2.0,0.0,0.0,0.0,0.0,0.0,0.0,0.0,0.0,0.0,0.0,0.0,0.0,0.0,0.0,0.0,0.0,0.0,0.0,0.0,0.0
163.5,3.0,20.629303796981116,21.99241857136697,20.546879482344593,20.194808053567073,21.00255864616747,21.038348807978434,21.025270447799063,19.426591039933864,18.729491826469733,16.58995012186311,1.0,1.0,1.0,1.0,1.0,1.0,1.0,1.0,1.0,1.0
163.75,4.0,21.32314678718,20.11744467387296,19.185306873188527,18.334480006896534,18.864942954151687,18.61403608854459,17.509880012235726,16.612934251677384,16.31475471631254,16.4847610961501,1.0,1.0,1.0,1.0,1.0,1.0,1.0,1.0,1.0,1.0
164.0,1.0,20.366497967405092,18.855742662451615,18.01039290877765,19.150838183132546,18.50034054978572,18.305812215705963,19.121625331816972,18.623630429893055,18.388754888455317,18.683252258544098,1.0,1.0,1.0,1.0,1.0,1.0,1.0,1.0,1.0,1.0
164.25,2.0,20.212034740840462,19.0923396385412,20.799391097614667,18.517466550735243,15.709352401183182,16.159193021977416,15.568324999381275,16.49387273240902,16.791114753910396,16.645545659217255,1.0,1.0,1.0,1.0,1.0,1.0,1.0,1.0,1.0,1.0
164.5,3.0,0.0,0.0,0.0,0.0,0.0,0.0,0.0,0.0,0.0,0.0,0.0,0.0,0.0,0.0,0.0,0.0,0.0,0.0,0.0,0.0
164.75,4.0,21.66386935663057,21.192692817077226,19.89748040681838,20.217547312131455,19.41501517018605,17.50389536547765,17.134291284157737,17.105388663521783,16.837013142786635,16.95464830114964,1.0,1.0,1.0,1.0,1.0,1.0,1.0,1.0,1.0,1.0
165.0,1.0,19.434515312291023,18.898716572002797,18.916610190137515,19.60567141810845,17.9684260896585,17.62134492809863,18.55543069278785,18.90464767395625,19.93585088059746,19.605451537995474,1.0,1.0,1.0,1.0,1.0,1.0,1.0,1.0,1.0,1.0
165.25,2.0,20.398491551048497,19.457298674058606,20.600182864129607,19.05475658028088,17.543364661657378,17.297744676207444,16.623392656571294,15.805304629901503,15.976752365929858,16.15852053923694,1.0,1.0,1.0,1.0,1.0,1.0,1.0,1.0,1.0,1.0
165.5,3.0,21.38468408157764,21.161175364544683,21.548308189731507,21.29703352130872,19.645356069400155,19.434395443031566,19.195248789378667,19.080741044647876,18.54329270990795,18.00951976530535,1.0,1.0,1.0,1.0,1.0,1.0,1.0,1.0,1.0,1.0
165.75,4.0,21.622984152366286,21.757529672957183,20.67921682457425,19.849576573818236,17.082809539182712,15.875528454967887,16.8251441865058,17.63827156401925,16.690785935577743,17.110767521407237,1.0,1.0,1.0,1.0,1.0,1.0,1.0,1.0,1.0,1.0
166.0,1.0,0.0,0.0,0.0,0.0,0.0,0.0,0.0,0.0,0.0,0.0,0.0,0.0,0.0,0.0,0.0,0.0,0.0,0.0,0.0,0.0
166.25,2.0,0.0,0.0,0.0,0.0,0.0,0.0,0.0,0.0,0.0,0.0,0.0,0.0,0.0,0.0,0.0,0.0,0.0,0.0,0.0,0.0
166.5,3.0,20.68179303752112,20.740829057560703,21.79169085964564,20.81529120851263,18.516481770525722,18.66356134619149,17.980675419200914,17.291307177753307,17.71174498076214,17.959775358073898,1.0,1.0,1.0,1.0,1.0,1.0,1.0,1.0,1.0,1.0
166.75,4.0,0.0,0.0,0.0,0.0,0.0,0.0,0.0,0.0,0.0,0.0,0.0,0.0,0.0,0.0,0.0,0.0,0.0,0.0,0.0,0.0
167.0,1.0,19.80827988205669,20.128463294356525,19.362830384325516,19.033175456160098,18.995743393908295,18.692707822387703,19.157342065654106,19.790324777521217,19.57087499181585,19.828349114771342,1.0,1.0,1.0,1.0,1.0,1.0,1.0,1.0,1.0,1.0
167.25,2.0,20.600319719336184,21.7352670507672,21.841163266614256,19.541305507838732,17.60316377654439,16.578217254378185,16.61175093652817,17.334805660267065,16.989595010391785,17.088639446654582,1.0,1.0,1.0,1.0,1.0,1.0,1.0,1.0,1.0,1.0
167.5,3.0,0.0,0.0,0.0,0.0,0.0,0.0,0.0,0.0,0.0,0.0,0.0,0.0,0.0,0.0,0.0,0.0,0.0,0.0,0.0,0.0
167.75,4.0,21.017544938578485,20.690088317278946,19.900051940266042,17.509038540842194,16.285154570103,16.21060695350378,16.66670093536798,17.775723761570315,17.779023468844237,19.403964615591384,1.0,1.0,1.0,1.0,1.0,1.0,1.0,1.0,1.0,1.0
168.0,1.0,18.855240619163734,19.57788849996369,18.668755124140556,18.56623090796598,19.578527314841537,20.024677940984947,20.796554895538403,19.981998114271043,19.960878973719474,19.186422248549036,1.0,1.0,1.0,1.0,1.0,1.0,1.0,1.0,1.0,1.0
168.25,2.0,0.0,0.0,0.0,0.0,0.0,0.0,0.0,0.0,0.0,0.0,0.0,0.0,0.0,0.0,0.0,0.0,0.0,0.0,0.0,0.0
168.5,3.0,22.03108957325027,21.771323394555957,19.57446756050518,18.689052808668897,18.36886920478732,19.481930452811476,20.014106450579245,18.992083083037908,19.086728328484767,18.358269298688597,1.0,1.0,1.0,1.0,1.0,1.0,1.0,1.0,1.0,1.0
168.75,4.0,21.1826012464215,20.531698179725225,19.11329750122036,17.796142037938058,17.513538074988514,17.28128926271661,18.06896340237076,18.766666401307663,18.534182525476044,19.589604674590966,1.0,1.0,1.0,1.0,1.0,1.0,1.0,1.0,1.0,1.0
169.0,1.0,0.0,0.0,0.0,0.0,0.0,0.0,0.0,0.0,0.0,0.0,0.0,0.0,0.0,0.0,0.0,0.0,0.0,0.0,0.0,0.0
169.25,2.0,20.981972348797957,20.734339269230794,19.598953317187327,17.11945060322377,17.25132958565272,17.567142593348983,18.20984557611122,18.154998975782775,17.655921627912406,16.76642570344137,1.0,1.0,1.0,1.0,1.0,1.0,1.0,1.0,1.0,1.0
169.5,3.0,0.0,0.0,0.0,0.0,0.0,0.0,0.0,0.0,0.0,0.0,0.0,0.0,0.0,0.0,0.0,0.0,0.0,0.0,0.0,0.0
169.75,4.0,0.0,0.0,0.0,0.0,0.0,0.0,0.0,0.0,0.0,0.0,0.0,0.0,0.0,0.0,0.0,0.0,0.0,0.0,0.0,0.0
170.0,1.0,18.98189355886717,19.206643164923168,18.52451825496279,19.001680019945688,19.99304767788313,20.112826528477406,19.420233800528667,18.463241174406328,18.384250016338076,18.735837942134033,1.0,1.0,1.0,1.0,1.0,1.0,1.0,1.0,1.0,1.0
170.25,2.0,20.42122887914244,20.02888293313591,17.957102816055585,16.980127580303815,18.15225898950505,17.923152279475307,17.357112109535453,16.541372313930246,16.81095246822809,17.555164323877737,1.0,1.0,1.0,1.0,1.0,1.0,1.0,1.0,1.0,1.0
170.5,3.0,0.0,0.0,0.0,0.0,0.0,0.0,0.0,0.0,0.0,0.0,0.0,0.0,0.0,0.0,0.0,0.0,0.0,0.0,0.0,0.0
170.75,4.0,20.576484083980297,19.305558798295653,18.485333515799216,17.467799067969462,19.33858053195578,18.782931815079905,19.061703237354976,19.108452593787167,18.872962006541893,20.211150304263736,1.0,1.0,1.0,1.0,1.0,1.0,1.0,1.0,1.0,1.0
171.0,1.0,19.144401496013717,19.346237811048397,18.129805679637013,18.621558026222637,19.945804468406344,19.753971290994336,19.46190652802137,19.038162591551075,18.80617644845909,19.962224516343728,1.0,1.0,1.0,1.0,1.0,1.0,1.0,1.0,1.0,1.0
171.25,2.0,0.0,0.0,0.0,0.0,0.0,0.0,0.0,0.0,0.0,0.0,0.0,0.0,0.0,0.0,0.0,0.0,0.0,0.0,0.0,0.0
171.5,3.0,20.241502543893663,18.393983317525528,19.733927376111907,20.598852216419324,19.463621564549467,18.70053099844357,18.60637777903921,18.311099548488816,17.65621189183782,17.58349182666709,1.0,1.0,1.0,1.0,1.0,1.0,1.0,1.0,1.0,1.0
171.75,4.0,18.551575539004045,19.14420198558967,18.826195515371207,18.308707779580892,19.924731939675745,19.716880354899022,19.33218709294738,20.48949613827888,19.857829502394374,20.93205800221519,1.0,1.0,1.0,1.0,1.0,1.0,1.0,1.0,1.0,1.0
172.0,1.0,19.60323251886193,20.60997195551892,18.80308845486569,18.601223510566644,20.267233425054386,19.69246558579217,20.77682672964094,19.817051801800382,19.73184926689979,20.38202673875844,1.0,1.0,1.0,1.0,1.0,1.0,1.0,1.0,1.0,1.0
172.25,2.0,19.14936227472525,18.677027349942577,17.80937065190119,17.745019592434723,17.591140509924774,16.8519549368834,19.04422748400308,18.66636441745045,19.230279242630193,19.17565687143999,1.0,1.0,1.0,1.0,1.0,1.0,1.0,1.0,1.0,1.0
172.5,3.0,0.0,0.0,0.0,0.0,0.0,0.0,0.0,0.0,0.0,0.0,0.0,0.0,0.0,0.0,0.0,0.0,0.0,0.0,0.0,0.0
172.75,4.0,17.90577351249159,19.394811512908756,18.632089350712526,18.836913702506923,19.976829201857317,19.390889549291366,19.705395105970993,20.640413885226017,20.03833164540184,20.715649494416027,1.0,1.0,1.0,1.0,1.0,1.0,1.0,1.0,1.0,1.0
173.0,1.0,20.725154529224824,21.68110479350687,19.36261432932175,20.23442769359622,21.112176701616725,20.84246181603407,20.615955285512886,20.786697415266307,20.892793101902768,21.076617223315317,1.0,1.0,1.0,1.0,1.0,1.0,1.0,1.0,1.0,1.0
173.25,2.0,18.21872902949308,18.541147289357816,18.60379923214744,17.65781067669318,17.948118946208528,17.446138449777674,18.231247739762274,18.917476644204115,19.594781635761017,20.42298966726698,1.0,1.0,1.0,1.0,1.0,1.0,1.0,1.0,1.0,1.0
173.5,3.0,20.34149168049176,17.88233856200929,17.48780352622014,20.466759535915894,19.89675046531229,18.95408559043133,17.60065880526545,17.10829507555791,16.91244547121823,16.794906561538134,1.0,1.0,1.0,1.0,1.0,1.0,1.0,1.0,1.0,1.0
173.75,4.0,18.409431121175654,19.749894729884343,18.471857855545984,19.431133520807535,20.1475511619776,19.296564233230374,19.44412924203608,20.21541231452351,20.57200143150774,22.12279487435377,1.0,1.0,1.0,1.0,1.0,1.0,1.0,1.0,1.0,1.0
174.0,1.0,0.0,0.0,0.0,0.0,0.0,0.0,0.0,0.0,0.0,0.0,0.0,0.0,0.0,0.0,0.0,0.0,0.0,0.0,0.0,0.0
174.25,2.0,0.0,0.0,0.0,0.0,0.0,0.0,0.0,0.0,0.0,0.0,0.0,0.0,0.0,0.0,0.0,0.0,0.0,0.0,0.0,0.0
174.5,3.0,18.294966193031996,17.34709659130172,18.737374268256254,19.895157068460207,18.643626629650356,17.537827391683166,17.36851724697552,17.088131711704015,17.678608136868757,18.35197329209249,1.0,1.0,1.0,1.0,1.0,1.0,1.0,1.0,1.0,1.0
174.75,4.0,0.0,0.0,0.0,0.0,0.0,0.0,0.0,0.0,0.0,0.0,0.0,0.0,0.0,0.0,0.0,0.0,0.0,0.0,0.0,0.0
175.0,1.0,22.091387578691883,23.237471515767613,22.797564945237887,21.756819294142772,19.620753796868502,19.551855015731068,19.83628934910377,20.018073908200957,19.71511659378545,20.839538660729605,1.0,1.0,1.0,1.0,1.0,1.0,1.0,1.0,1.0,1.0
175.25,2.0,19.96010141248295,20.97845454163917,19.85220254745935,20.020683087157867,18.94780449123683,18.576713411012438,19.301019101680534,19.387090500400575,20.021703124845597,19.82786233480858,1.0,1.0,1.0,1.0,1.0,1.0,1.0,1.0,1.0,1.0
175.5,3.0,0.0,0.0,0.0,0.0,0.0,0.0,0.0,0.0,0.0,0.0,0.0,0.0,0.0,0.0,0.0,0.0,0.0,0.0,0.0,0.0
175.75,4.0,19.672464641830587,21.51580122473061,21.520134541009227,20.11408450831541,18.06422471050633,18.74045097103618,18.940480643493284,20.52688832754672,20.074292761537713,21.11218508530593,1.0,1.0,1.0,1.0,1.0,1.0,1.0,1.0,1.0,1.0
176.0,1.0,22.398662511385307,22.964348112131646,21.642808064664642,20.475013135190625,18.923604333907214,19.500342948959457,19.446638651703864,20.39412663008861,20.70869605989476,21.378958171895256,1.0,1.0,1.0,1.0,1.0,1.0,1.0,1.0,1.0,1.0
176.25,2.0,0.0,0.0,0.0,0.0,0.0,0.0,0.0,0.0,0.0,0.0,0.0,0.0,0.0,0.0,0.0,0.0,0.0,0.0,0.0,0.0
176.5,3.0,17.117904445099057,18.112137649577978,19.204494667897226,17.813811927171088,15.629456835679289,16.40986049505522,15.445390121298217,17.78805252587794,17.322938176241653,17.89926561505638,1.0,1.0,1.0,1.0,1.0,1.0,1.0,1.0,1.0,1.0
176.75,4.0,20.56179940416064,21.99699720226006,20.92883292442935,19.102621862088128,17.835980977750495,18.873520022885284,18.85959902251901,19.954999279937436,19.765751908223724,20.77776334486079,1.0,1.0,1.0,1.0,1.0,1.0,1.0,1.0,1.0,1.0
177.0,1.0,0.0,0.0,0.0,0.0,0.0,0.0,0.0,0.0,0.0,0.0,0.0,0.0,0.0,0.0,0.0,0.0,0.0,0.0,0.0,0.0
177.25,2.0,18.699706334950058,19.396960655556718,18.058155186181505,18.264518438493113,19.124122889032417,18.420012770795285,18.73260980877609,18.97839814437208,19.98909297265437,22.518696243765294,1.0,1.0,1.0,1.0,1.0,1.0,1.0,1.0,1.0,1.0
177.5,3.0,0.0,0.0,0.0,0.0,0.0,0.0,0.0,0.0,0.0,0.0,0.0,0.0,0.0,0.0,0.0,0.0,0.0,0.0,0.0,0.0
177.75,4.0,0.0,0.0,0.0,0.0,0.0,0.0,0.0,0.0,0.0,0.0,0.0,0.0,0.0,0.0,0.0,0.0,0.0,0.0,0.0,0.0
178.0,1.0,21.809903456279102,22.652264492618478,22.568366678365493,20.954832514874195,20.195550058317075,19.51339823003577,19.314116460392885,19.597852777279357,19.53378080946925,20.586742524121426,1.0,1.0,1.0,1.0,1.0,1.0,1.0,1.0,1.0,1.0
178.25,2.0,18.44020101387045,19.00616558569756,17.234326901719008,18.670777934673655,18.73813753923454,18.708982120222366,18.952492182430554,19.6362752937008,20.225750950836254,22.024238958887494,1.0,1.0,1.0,1.0,1.0,1.0,1.0,1.0,1.0,1.0
178.5,3.0,0.0,0.0,0.0,0.0,0.0,0.0,0.0,0.0,0.0,0.0,0.0,0.0,0.0,0.0,0.0,0.0,0.0,0.0,0.0,0.0
178.75,4.0,21.129397042827403,20.1517173494404,18.373346779268314,17.463584700829625,18.54062369790751,18.553547163201987,18.851054722583036,18.11996443086355,17.858240305902314,18.84068077282099,1.0,1.0,1.0,1.0,1.0,1.0,1.0,1.0,1.0,1.0
179.0,1.0,22.677433412509814,22.417115408514476,22.60053992079171,20.376876282589613,19.59364190852869,18.914836533870503,19.396983601276144,20.14049815633565,20.079983492987065,21.02188627775469,1.0,1.0,1.0,1.0,1.0,1.0,1.0,1.0,1.0,1.0
179.25,2.0,0.0,0.0,0.0,0.0,0.0,0.0,0.0,0.0,0.0,0.0,0.0,0.0,0.0,0.0,0.0,0.0,0.0,0.0,0.0,0.0
179.5,3.0,18.63624849849083,18.905469524197503,18.217303710226044,16.942964806534913,18.238870800811796,17.222333327005014,17.15010195210883,17.841114198836067,16.319232975819634,17.239407053759102,1.0,1.0,1.0,1.0,1.0,1.0,1.0,1.0,1.0,1.0
179.75,4.0,20.203758809605954,19.14403805673703,18.09740314422776,17.111297555292133,18.49677373675245,18.364527456707496,19.123616781301074,18.988023684647743,19.01200124434551,19.164113679357975,1.0,1.0,1.0,1.0,1.0,1.0,1.0,1.0,1.0,1.0
180.0,1.0,22.603149327327,21.825275292955855,22.060161614598314,19.703859818866977,19.471619293169358,19.873259304199955,19.333270474617404,19.546415438543747,19.166577891164756,20.69147561592887,1.0,1.0,1.0,1.0,1.0,1.0,1.0,1.0,1.0,1.0
180.25,2.0,18.37312180329907,19.41991139423276,18.445850099988167,19.608315223682364,20.458993100592863,21.24053554087641,22.26101009393528,22.83889140586156,21.926072079148426,21.84512445969442,1.0,1.0,1.0,1.0,1.0,1.0,1.0,1.0,1.0,1.0
180.5,3.0,0.0,0.0,0.0,0.0,0.0,0.0,0.0,0.0,0.0,0.0,0.0,0.0,0.0,0.0,0.0,0.0,0.0,0.0,0.0,0.0
180.75,4.0,20.00361538931614,19.276527377539605,17.171058591608375,16.868797444963096,18.912514434272932,19.169572386533098,19.838572974705947,19.75666976536367,19.587202017575578,19.214428057099674,1.0,1.0,1.0,1.0,1.0,1.0,1.0,1.0,1.0,1.0
181.0,1.0,21.383877958806206,21.700678033411833,21.51557222174969,20.541337933103705,19.688942875269124,19.580460705706138,19.15269590286196,18.789611968561285,18.73927216899842,20.257882601158446,1.0,1.0,1.0,1.0,1.0,1.0,1.0,1.0,1.0,1.0
181.25,2.0,0.0,0.0,0.0,0.0,0.0,0.0,0.0,0.0,0.0,0.0,0.0,0.0,0.0,0.0,0.0,0.0,0.0,0.0,0.0,0.0
181.5,3.0,18.478597516110394,18.793624157191648,18.89525793770971,18.957262854624666,19.163298712234766,18.872991216636557,18.941196264880176,19.273936906165297,17.928689921783093,16.674194864209962,1.0,1.0,1.0,1.0,1.0,1.0,1.0,1.0,1.0,1.0
181.75,4.0,19.641521524477458,19.35048356614599,17.91767367208599,17.974950029783653,19.78969747421067,19.907943252979695,19.622934825960016,18.92757958668906,19.461346816801857,18.566516001538044,1.0,1.0,1.0,1.0,1.0,1.0,1.0,1.0,1.0,1.0
182.0,1.0,0.0,0.0,0.0,0.0,0.0,0.0,0.0,0.0,0.0,0.0,0.0,0.0,0.0,0.0,0.0,0.0,0.0,0.0,0.0,0.0
182.25,2.0,0.0,0.0,0.0,0.0,0.0,0.0,0.0,0.0,0.0,0.0,0.0,0.0,0.0,0.0,0.0,0.0,0.0,0.0,0.0,0.0
182.5,3.0,17.948871969121374,18.858143530760543,18.45390607687627,19.533932624215016,18.817638067470327,19.229854013126186,19.444022407468395,19.051884910832342,17.526496159530804,16.746581317287017,1.0,1.0,1.0,1.0,1.0,1.0,1.0,1.0,1.0,1.0
182.75,4.0,0.0,0.0,0.0,0.0,0.0,0.0,0.0,0.0,0.0,0.0,0.0,0.0,0.0,0.0,0.0,0.0,0.0,0.0,0.0,0.0
183.0,1.0,21.531177653467775,20.973152506354285,20.372215455829483,18.769695575035986,20.225614062889647,20.61718791267025,19.136204578176795,19.298858225023505,19.068184366411153,19.40152065924632,1.0,1.0,1.0,1.0,1.0,1.0,1.0,1.0,1.0,1.0
183.25,2.0,20.393799984366858,21.081295289544418,20.16456065652028,20.61122624662608,20.74628779913378,20.503437488754905,21.008024796707694,20.71425971111209,19.75064418008979,19.86517399579179,1.0,1.0,1.0,1.0,1.0,1.0,1.0,1.0,1.0,1.0
183.5,3.0,0.0,0.0,0.0,0.0,0.0,0.0,0.0,0.0,0.0,0.0,0.0,0.0,0.0,0.0,0.0,0.0,0.0,0.0,0.0,0.0
183.75,4.0,19.759094417423402,18.680980798565457,18.835745394421476,18.984149947795853,20.066244003062238,19.55908127755021,18.483615524590082,17.870617277682815,17.827574103816413,17.836484060875694,1.0,1.0,1.0,1.0,1.0,1.0,1.0,1.0,1.0,1.0
184.0,1.0,20.146822402845416,21.419336301685814,19.79545131071855,19.293241196965848,20.422100411127214,21.317618945383437,19.479438911593522,19.65397789232526,19.027215570905085,19.73287079612127,1.0,1.0,1.0,1.0,1.0,1.0,1.0,1.0,1.0,1.0
184.25,2.0,0.0,0.0,0.0,0.0,0.0,0.0,0.0,0.0,0.0,0.0,0.0,0.0,0.0,0.0,0.0,0.0,0.0,0.0,0.0,0.0
184.5,3.0,17.86781162749217,18.11978499460242,18.382642649254983,18.771295128288102,18.998758612622563,18.56888131372267,18.06843890366589,19.158935616102404,19.111391508033,18.30229169527544,1.0,1.0,1.0,1.0,1.0,1.0,1.0,1.0,1.0,1.0
184.75,4.0,19.08764615963096,18.147970371817834,18.02511830024037,18.22691246014181,19.784337149901663,18.937031056682024,18.503435461470882,17.865452896274814,17.630368781267457,17.574295099983,1.0,1.0,1.0,1.0,1.0,1.0,1.0,1.0,1.0,1.0
185.0,1.0,0.0,0.0,0.0,0.0,0.0,0.0,0.0,0.0,0.0,0.0,0.0,0.0,0.0,0.0,0.0,0.0,0.0,0.0,0.0,0.0
185.25,2.0,19.840976674432433,18.58728049603536,19.0503612620991,19.77306888699024,20.310607455792788,19.985946804489046,19.150041107016975,19.527924404016325,18.10107714462537,18.2161341066791,1.0,1.0,1.0,1.0,1.0,1.0,1.0,1.0,1.0,1.0
185.5,3.0,0.0,0.0,0.0,0.0,0.0,0.0,0.0,0.0,0.0,0.0,0.0,0.0,0.0,0.0,0.0,0.0,0.0,0.0,0.0,0.0
185.75,4.0,0.0,0.0,0.0,0.0,0.0,0.0,0.0,0.0,0.0,0.0,0.0,0.0,0.0,0.0,0.0,0.0,0.0,0.0,0.0,0.0
186.0,1.0,20.020451040937452,21.042622538883528,20.359565168259678,19.810668116184782,19.577501525548172,19.732659329705417,19.564814877504585,19.397064317176653,19.121006822857133,20.005846234759943,1.0,1.0,1.0,1.0,1.0,1.0,1.0,1.0,1.0,1.0
186.25,2.0,18.538699365800454,19.21340293258745,19.13684711372948,20.527590710346683,21.170721169069463,21.269827356016847,19.93551208610665,19.564787546704647,18.857268507905992,17.29343718518725,1.0,1.0,1.0,1.0,1.0,1.0,1.0,1.0,1.0,1.0
186.5,3.0,0.0,0.0,0.0,0.0,0.0,0.0,0.0,0.0,0.0,0.0,0.0,0.0,0.0,0.0,0.0,0.0,0.0,0.0,0.0,0.0
186.75,4.0,18.532527942319803,18.243237186660128,18.60244176409073,18.455577618187775,18.63396207243653,18.626876089973912,17.530448879719437,18.207450204711193,17.219637444393623,17.01387239962732,1.0,1.0,1.0,1.0,1.0,1.0,1.0,1.0,1.0,1.0
187.0,1.0,19.823158277019022,20.878453926226324,19.585890477137667,18.253206048237452,19.241610905897286,19.763248438173644,19.84600360620885,19.565749139607522,19.995492704678075,20.01593314844126,1.0,1.0,1.0,1.0,1.0,1.0,1.0,1.0,1.0,1.0
187.25,2.0,0.0,0.0,0.0,0.0,0.0,0.0,0.0,0.0,0.0,0.0,0.0,0.0,0.0,0.0,0.0,0.0,0.0,0.0,0.0,0.0
187.5,3.0,18.878306575517264,18.80097397552628,18.47957979916912,19.165261885661547,18.974225535634893,18.27719399022038,18.68629511443796,18.366768067481036,18.388427956551986,17.259522301631204,1.0,1.0,1.0,1.0,1.0,1.0,1.0,1.0,1.0,1.0
187.75,4.0,18.293440367271497,17.887544235392305,18.140827208553024,17.155153927688307,19.293932887094822,19.13333371306295,18.493124830206245,18.12167015174926,17.981595693133556,18.00997830129071,1.0,1.0,1.0,1.0,1.0,1.0,1.0,1.0,1.0,1.0
188.0,1.0,20.388341109120148,20.39424586425372,19.508801877453333,20.056624541982732,20.10139214433397,20.2138635207447,20.15203292343879,20.093372789797076,19.691195952867538,20.32900435623453,1.0,1.0,1.0,1.0,1.0,1.0,1.0,1.0,1.0,1.0
188.25,2.0,17.32883541410811,18.034310693358925,19.166696673389165,19.509442365747194,19.13109264025673,19.30889836917721,18.788272173501472,18.862829377611444,18.126804128990425,17.41351055699702,1.0,1.0,1.0,1.0,1.0,1.0,1.0,1.0,1.0,1.0
188.5,3.0,0.0,0.0,0.0,0.0,0.0,0.0,0.0,0.0,0.0,0.0,0.0,0.0,0.0,0.0,0.0,0.0,0.0,0.0,0.0,0.0
188.75,4.0,19.466393271128396,18.105321047017878,17.65771631715031,18.391413592771563,20.131281704035633,18.502134387537875,17.671089638836353,17.825461154089194,18.2194866173623,18.058350439695946,1.0,1.0,1.0,1.0,1.0,1.0,1.0,1.0,1.0,1.0
189.0,1.0,19.307605964573074,19.770216038245472,19.532158531976915,18.71719739269402,19.854577358947456,20.232904532713427,20.166836473371024,20.10160193470327,20.16203782980227,19.705878750161048,1.0,1.0,1.0,1.0,1.0,1.0,1.0,1.0,1.0,1.0
189.25,2.0,0.0,0.0,0.0,0.0,0.0,0.0,0.0,0.0,0.0,0.0,0.0,0.0,0.0,0.0,0.0,0.0,0.0,0.0,0.0,0.0
189.5,3.0,18.49108538662895,19.134246850740194,19.025521207308362,18.34587135969535,17.6242549973349,18.092186041661552,19.004492399713197,18.63691349611315,18.036309058852414,16.686285814131352,1.0,1.0,1.0,1.0,1.0,1.0,1.0,1.0,1.0,1.0
189.75,4.0,19.289183483037675,18.558054367859942,18.605605877038712,18.96695933946033,19.972518618779787,18.650559167885355,18.30537743367625,18.15035360525978,18.3704834337326,18.3306820562786,1.0,1.0,1.0,1.0,1.0,1.0,1.0,1.0,1.0,1.0
190.0,1.0,0.0,0.0,0.0,0.0,0.0,0.0,0.0,0.0,0.0,0.0,0.0,0.0,0.0,0.0,0.0,0.0,0.0,0.0,0.0,0.0
190.25,2.0,0.0,0.0,0.0,0.0,0.0,0.0,0.0,0.0,0.0,0.0,0.0,0.0,0.0,0.0,0.0,0.0,0.0,0.0,0.0,0.0
190.5,3.0,18.503533571109067,18.60587092963202,18.088761067404672,18.232330931466137,17.649623952161278,18.58448747556172,19.346632309143907,18.212108672864407,17.119408511194674,15.485742081364329,1.0,1.0,1.0,1.0,1.0,1.0,1.0,1.0,1.0,1.0
190.75,4.0,0.0,0.0,0.0,0.0,0.0,0.0,0.0,0.0,0.0,0.0,0.0,0.0,0.0,0.0,0.0,0.0,0.0,0.0,0.0,0.0
191.0,1.0,20.11432471975821,18.74110894173105,18.200875731048374,17.54745580587851,20.039967606492787,21.584678592719815,20.84567402530175,20.546770186781163,19.848618850315944,18.863804169792466,1.0,1.0,1.0,1.0,1.0,1.0,1.0,1.0,1.0,1.0
191.25,2.0,18.00607284975883,18.977953621327593,19.441096006318226,17.23538235629997,16.055334242672963,16.49727204461909,16.579196628385816,16.72001052586087,16.056407873036214,14.231702214971873,1.0,1.0,1.0,1.0,1.0,1.0,1.0,1.0,1.0,1.0
191.5,3.0,0.0,0.0,0.0,0.0,0.0,0.0,0.0,0.0,0.0,0.0,0.0,0.0,0.0,0.0,0.0,0.0,0.0,0.0,0.0,0.0
191.75,4.0,20.18943799480489,17.44282257782048,17.84213591388231,19.295248537066218,17.895352615718913,17.131137614358035,16.157092197161653,17.42671823970682,17.546763184847656,18.33168043100513,1.0,1.0,1.0,1.0,1.0,1.0,1.0,1.0,1.0,1.0
192.0,1.0,20.428178477308297,18.312610993529216,17.588783224384997,18.852497135222098,20.63586225248546,20.542985310400162,20.17398380472969,19.395972588071928,18.953116845808236,18.47067963506518,1.0,1.0,1.0,1.0,1.0,1.0,1.0,1.0,1.0,1.0
192.25,2.0,0.0,0.0,0.0,0.0,0.0,0.0,0.0,0.0,0.0,0.0,0.0,0.0,0.0,0.0,0.0,0.0,0.0,0.0,0.0,0.0
192.5,3.0,17.800701411920603,17.832105252661428,19.999777344189948,20.00553200633368,19.22340627560899,18.400362153827118,17.653176073337725,15.33460358956157,14.732010038896544,13.380085870765868,1.0,1.0,1.0,1.0,1.0,1.0,1.0,1.0,1.0,1.0
192.75,4.0,18.212646647517012,16.868552766619743,18.641090368079066,18.854516881368994,16.015431720109024,15.568166491081605,14.756842441615689,16.131642216718205,17.362914932031636,18.569315063127082,1.0,1.0,1.0,1.0,1.0,1.0,1.0,1.0,1.0,1.0
193.0,1.0,0.0,0.0,0.0,0.0,0.0,0.0,0.0,0.0,0.0,0.0,0.0,0.0,0.0,0.0,0.0,0.0,0.0,0.0,0.0,0.0
193.25,2.0,18.911148387031556,17.497175259901926,16.046079458630402,15.410924434537291,16.603508875047993,16.330832622738473,17.404736403047746,15.87337160868022,15.501665881471618,13.934967437467764,1.0,1.0,1.0,1.0,1.0,1.0,1.0,1.0,1.0,1.0
193.5,3.0,0.0,0.0,0.0,0.0,0.0,0.0,0.0,0.0,0.0,0.0,0.0,0.0,0.0,0.0,0.0,0.0,0.0,0.0,0.0,0.0
193.75,4.0,0.0,0.0,0.0,0.0,0.0,0.0,0.0,0.0,0.0,0.0,0.0,0.0,0.0,0.0,0.0,0.0,0.0,0.0,0.0,0.0
194.0,1.0,18.91935243443193,17.353682550094916,18.355059564071237,19.348526722479168,20.685983925294217,21.107134945214792,21.463198157415015,20.072632396132757,19.87555937327919,19.34974624980821,1.0,1.0,1.0,1.0,1.0,1.0,1.0,1.0,1.0,1.0
194.25,2.0,17.497532914584088,16.81373308110113,16.78381805831611,15.996717135649247,16.923134400390424,15.70811055152684,16.457917539237705,15.588331607620535,15.088315743706533,13.711218585521166,1.0,1.0,1.0,1.0,1.0,1.0,1.0,1.0,1.0,1.0
194.5,3.0,19.430579090634236,19.811146924365683,19.383149152725675,19.058835388297005,17.666281983046353,16.59034800472151,15.964047757146638,15.109564898024667,15.236855325296489,16.022019308892762,1.0,1.0,1.0,1.0,1.0,1.0,1.0,1.0,1.0,1.0
194.75,4.0,16.93264258919774,17.176030589790667,17.38134014534091,18.945089942248558,17.661914498272488,17.93003995854259,17.749814668554237,19.99063974241292,20.02361299486407,20.515064577826738,1.0,1.0,1.0,1.0,1.0,1.0,1.0,1.0,1.0,1.0
195.0,1.0,18.61241586127606,17.260237691862315,19.753376622330208,19.992645037176775,20.23996535762073,21.033775266063213,20.52485598661745,19.938094015073634,18.7885249494969,18.734046792754967,1.0,1.0,1.0,1.0,1.0,1.0,1.0,1.0,1.0,1.0
195.25,2.0,0.0,0.0,0.0,0.0,0.0,0.0,0.0,0.0,0.0,0.0,0.0,0.0,0.0,0.0,0.0,0.0,0.0,0.0,0.0,0.0
195.5,3.0,20.130333088964385,20.676689502926855,19.102389388183575,16.543515342956795,15.76557722990453,15.514225586645022,15.023744929486835,15.20827445298277,15.029384094079989,15.43510039917482,1.0,1.0,1.0,1.0,1.0,1.0,1.0,1.0,1.0,1.0
195.75,4.0,17.33704159475226,18.517947832789194,18.714804813365348,19.20569733388923,18.44851308044711,18.435389308920772,18.909776293510266,20.91637033637603,21.07028456521899,21.105663212195992,1.0,1.0,1.0,1.0,1.0,1.0,1.0,1.0,1.0,1.0
196.0,1.0,18.505327123315325,19.272529924786898,19.9068239426831,19.67445935816061,21.550424422964728,21.379049313394017,20.285005277456158,19.496541331596223,18.279371257488794,18.562561773763903,1.0,1.0,1.0,1.0,1.0,1.0,1.0,1.0,1.0,1.0
196.25,2.0,18.368939506697398,17.378081965216662,17.625228069487996,17.442502957676915,17.79047071940527,16.726041916413386,16.386291533951617,15.027282641620172,15.003848364499596,13.957204670674027,1.0,1.0,1.0,1.0,1.0,1.0,1.0,1.0,1.0,1.0
196.5,3.0,0.0,0.0,0.0,0.0,0.0,0.0,0.0,0.0,0.0,0.0,0.0,0.0,0.0,0.0,0.0,0.0,0.0,0.0,0.0,0.0
196.75,4.0,18.370321868217175,18.416932429201854,18.046524694172806,18.761058591335466,19.18778031043816,19.851819021502404,20.23435832998308,21.105941861061325,20.670712992406198,20.865243091601904,1.0,1.0,1.0,1.0,1.0,1.0,1.0,1.0,1.0,1.0
197.0,1.0,18.874996793384817,20.70605997362581,20.238546490285334,20.930649735982726,21.558803783221286,21.770346721784176,20.375608873057487,19.193444117361295,19.06253480320703,18.69089040634433,1.0,1.0,1.0,1.0,1.0,1.0,1.0,1.0,1.0,1.0
197.25,2.0,0.0,0.0,0.0,0.0,0.0,0.0,0.0,0.0,0.0,0.0,0.0,0.0,0.0,0.0,0.0,0.0,0.0,0.0,0.0,0.0
197.5,3.0,18.85855095482776,19.09137506075369,16.72230809493016,15.825689582316564,14.572821545896334,14.762302333696582,16.501661482639683,16.608177902721494,16.743594697857084,17.068350678020522,1.0,1.0,1.0,1.0,1.0,1.0,1.0,1.0,1.0,1.0
197.75,4.0,18.42004998400504,18.176338186107234,18.513287981281337,19.638069833823295,21.291939275518402,22.29298248300419,22.563236803635448,21.941743813310985,21.39368020329005,20.640652175646238,1.0,1.0,1.0,1.0,1.0,1.0,1.0,1.0,1.0,1.0
198.0,1.0,0.0,0.0,0.0,0.0,0.0,0.0,0.0,0.0,0.0,0.0,0.0,0.0,0.0,0.0,0.0,0.0,0.0,0.0,0.0,0.0
198.25,2.0,17.544772572519502,17.04663431176706,18.939395187390062,18.98153463287587,16.955732669594152,15.148708628804405,15.413045029398292,15.611517822406991,15.338069050761886,15.107451964325723,1.0,1.0,1.0,1.0,1.0,1.0,1.0,1.0,1.0,1.0
198.5,3.0,18.02603494724985,18.64830807889468,17.996434018165964,17.006280658787613,15.966444453724481,15.134564254898185,15.509284194331455,16.40739800202981,17.304885240144394,17.48105183912842,1.0,1.0,1.0,1.0,1.0,1.0,1.0,1.0,1.0,1.0
198.75,4.0,0.0,0.0,0.0,0.0,0.0,0.0,0.0,0.0,0.0,0.0,0.0,0.0,0.0,0.0,0.0,0.0,0.0,0.0,0.0,0.0
199.0,1.0,19.339865914659327,20.524032781160486,21.43488771395036,21.81633431402638,21.624643798542852,21.48750281972291,20.58313710892506,20.580479790799824,20.849895213340794,20.15722265302049,1.0,1.0,1.0,1.0,1.0,1.0,1.0,1.0,1.0,1.0
199.25,2.0,16.910026508490322,18.77582233883098,20.531096842150543,19.325517505907502,16.566997923698214,16.454488219938714,17.861406247886613,16.801147512668166,16.578721886199737,16.2462856223876,1.0,1.0,1.0,1.0,1.0,1.0,1.0,1.0,1.0,1.0
199.5,3.0,0.0,0.0,0.0,0.0,0.0,0.0,0.0,0.0,0.0,0.0,0.0,0.0,0.0,0.0,0.0,0.0,0.0,0.0,0.0,0.0
199.75,4.0,16.57932446132966,18.142767343641697,19.217154977003645,21.00235312191744,20.44541089954058,18.700160459572196,18.84167185542066,20.46559447379611,21.262773394194777,21.058680025718303,1.0,1.0,1.0,1.0,1.0,1.0,1.0,1.0,1.0,1.0
200.0,1.0,18.6875121033692,20.092944191698148,22.285324220810114,23.10131058978747,21.76605016608065,22.330814731786607,21.252804612900874,20.503369949557246,21.356146747553165,21.138703276231258,1.0,1.0,1.0,1.0,1.0,1.0,1.0,1.0,1.0,1.0
200.25,2.0,0.0,0.0,0.0,0.0,0.0,0.0,0.0,0.0,0.0,0.0,0.0,0.0,0.0,0.0,0.0,0.0,0.0,0.0,0.0,0.0
200.5,3.0,17.183612306431026,17.742108780948815,16.152352494107742,14.965655122601127,16.413453535281445,15.84102522071974,17.08708121240029,18.60829156879483,19.031797045041824,18.485677465015538,1.0,1.0,1.0,1.0,1.0,1.0,1.0,1.0,1.0,1.0
200.75,4.0,17.73464898672177,19.429206910146725,19.05533242799809,18.564378777715167,18.626051595494083,18.22114975965152,18.931398546578563,20.104928160033328,19.58059024610263,19.101215953491415,1.0,1.0,1.0,1.0,1.0,1.0,1.0,1.0,1.0,1.0
201.0,1.0,18.96737823356888,21.061120073866256,22.749540459083146,22.95081157571913,21.400206597252414,22.349811061776222,21.827444190733903,21.282081465864152,21.152453248284036,20.570280760987426,1.0,1.0,1.0,1.0,1.0,1.0,1.0,1.0,1.0,1.0
201.25,2.0,18.54851307842441,20.451600879983086,20.45969589331648,18.548674481982637,17.091686676623823,17.35503877783102,18.739948614860815,18.27214570716474,17.50106465718132,16.93262959184001,1.0,1.0,1.0,1.0,1.0,1.0,1.0,1.0,1.0,1.0
201.5,3.0,0.0,0.0,0.0,0.0,0.0,0.0,0.0,0.0,0.0,0.0,0.0,0.0,0.0,0.0,0.0,0.0,0.0,0.0,0.0,0.0
201.75,4.0,0.0,0.0,0.0,0.0,0.0,0.0,0.0,0.0,0.0,0.0,0.0,0.0,0.0,0.0,0.0,0.0,0.0,0.0,0.0,0.0
202.0,1.0,20.69665598550108,21.822065746334058,23.024235730870654,22.430622578523206,21.11978617244058,21.695668075320388,20.671137473823208,19.56057600931713,20.122640054467098,19.4892343915263,1.0,1.0,1.0,1.0,1.0,1.0,1.0,1.0,1.0,1.0
202.25,2.0,20.16938056525788,22.139419830104426,21.400252739302726,18.420225701262392,17.239124107942033,16.736222065251,18.165149707287313,17.96183610733278,17.702520996753766,17.018470954711425,1.0,1.0,1.0,1.0,1.0,1.0,1.0,1.0,1.0,1.0
202.5,3.0,16.851736405438633,17.628513586067562,15.855800218578077,16.245747992942462,18.524426825647048,19.867359316290905,20.43490476978837,20.26797687302127,20.368777705544428,19.972338226648528,1.0,1.0,1.0,1.0,1.0,1.0,1.0,1.0,1.0,1.0
202.75,4.0,19.440684821975882,19.280432793879893,18.270347744794897,17.52817048649952,19.38880641971405,18.472323740952362,19.459077873098828,20.572612190849096,21.00164228610759,20.60222852498349,1.0,1.0,1.0,1.0,1.0,1.0,1.0,1.0,1.0,1.0
203.0,1.0,0.0,0.0,0.0,0.0,0.0,0.0,0.0,0.0,0.0,0.0,0.0,0.0,0.0,0.0,0.0,0.0,0.0,0.0,0.0,0.0
203.25,2.0,0.0,0.0,0.0,0.0,0.0,0.0,0.0,0.0,0.0,0.0,0.0,0.0,0.0,0.0,0.0,0.0,0.0,0.0,0.0,0.0
203.5,3.0,17.53500889277041,17.01769283089943,16.699681404022694,17.724213531111708,19.405935361523806,19.346178077044815,19.980670752999835,20.26320681976532,20.61336372209693,19.793075464757262,1.0,1.0,1.0,1.0,1.0,1.0,1.0,1.0,1.0,1.0
203.75,4.0,19.59702961610497,19.093153012469546,17.519018150812627,17.649817443242608,19.47355042590177,18.324723516684344,19.42074090836228,19.321923840144954,19.774944929735412,19.95602815133726,1.0,1.0,1.0,1.0,1.0,1.0,1.0,1.0,1.0,1.0
204.0,1.0,21.55211616085896,21.755501831954916,21.9373861278532,21.111575801432682,19.90281380627632,20.81213697569511,20.20467703023411,19.644132733372572,18.774614596081264,18.79426528004523,1.0,1.0,1.0,1.0,1.0,1.0,1.0,1.0,1.0,1.0
204.25,2.0,20.42012637394833,21.007209687657877,19.607905621239304,18.513389933824868,20.26728762836152,19.310453228610296,19.72581513235142,17.8782379352342,17.101037788163445,15.012008740385077,1.0,1.0,1.0,1.0,1.0,1.0,1.0,1.0,1.0,1.0
204.5,3.0,0.0,0.0,0.0,0.0,0.0,0.0,0.0,0.0,0.0,0.0,0.0,0.0,0.0,0.0,0.0,0.0,0.0,0.0,0.0,0.0
204.75,4.0,19.130483325396156,19.184777982960732,18.525195188742494,17.90822650556221,20.435640306814708,18.99010052648598,19.980924914020758,19.333020910502775,20.866839158223694,20.282594239125736,1.0,1.0,1.0,1.0,1.0,1.0,1.0,1.0,1.0,1.0
205.0,1.0,21.137391279998944,21.849862173890973,22.471787661244544,21.302002000134458,20.125612340676735,19.98730486232503,19.69787404440778,19.40384041776001,19.584630640561617,19.813674744029885,1.0,1.0,1.0,1.0,1.0,1.0,1.0,1.0,1.0,1.0
205.25,2.0,0.0,0.0,0.0,0.0,0.0,0.0,0.0,0.0,0.0,0.0,0.0,0.0,0.0,0.0,0.0,0.0,0.0,0.0,0.0,0.0
205.5,3.0,17.675519667755033,19.754407410770916,19.377596745450205,19.710967913559124,19.389091023485847,18.121148920310148,17.982835981300887,17.14389517414507,17.849524170242038,17.165752647781858,1.0,1.0,1.0,1.0,1.0,1.0,1.0,1.0,1.0,1.0
205.75,4.0,19.010365272504018,18.668164623172594,18.73785797359948,18.550947544161396,20.736701035045456,20.12740312260821,20.141841231011686,19.862684256411345,20.2627561923196,18.88868648670796,1.0,1.0,1.0,1.0,1.0,1.0,1.0,1.0,1.0,1.0
206.0,1.0,0.0,0.0,0.0,0.0,0.0,0.0,0.0,0.0,0.0,0.0,0.0,0.0,0.0,0.0,0.0,0.0,0.0,0.0,0.0,0.0
206.25,2.0,19.834453200807243,19.948301774482058,19.350245063782282,18.801747744230568,19.02960082053575,19.416458032240442,19.076610824080053,16.955600182286098,16.597804297769056,15.48891275623045,1.0,1.0,1.0,1.0,1.0,1.0,1.0,1.0,1.0,1.0
206.5,3.0,17.852403152424905,20.12621384494756,18.15419063653713,18.636576575241456,18.20129344185441,17.70584880766706,18.21930889579609,18.392622685123325,18.672318846050718,18.295027704337837,1.0,1.0,1.0,1.0,1.0,1.0,1.0,1.0,1.0,1.0
206.75,4.0,0.0,0.0,0.0,0.0,0.0,0.0,0.0,0.0,0.0,0.0,0.0,0.0,0.0,0.0,0.0,0.0,0.0,0.0,0.0,0.0
207.0,1.0,22.375981091627004,22.775021670110725,22.934709820118798,21.987462363227326,20.322328068579598,21.40617909519059,20.85809374135839,20.008855671560124,20.313733321506678,19.977084309523995,1.0,1.0,1.0,1.0,1.0,1.0,1.0,1.0,1.0,1.0
207.25,2.0,19.269138975986323,19.80417590658357,18.83394017158749,17.669438435384606,18.893336780753174,19.43568566656386,19.13132478073091,17.54240417334579,17.36156820891933,16.007411830818683,1.0,1.0,1.0,1.0,1.0,1.0,1.0,1.0,1.0,1.0
207.5,3.0,0.0,0.0,0.0,0.0,0.0,0.0,0.0,0.0,0.0,0.0,0.0,0.0,0.0,0.0,0.0,0.0,0.0,0.0,0.0,0.0
207.75,4.0,20.651507695782357,19.71130889766435,19.018756366546253,17.88213009337371,18.071930943596332,19.09483569936871,18.64937625798537,18.655212466051008,17.638106800729602,16.359998821154992,1.0,1.0,1.0,1.0,1.0,1.0,1.0,1.0,1.0,1.0
208.0,1.0,22.204430024312156,21.6119859845089,21.987200000181762,21.321438948061665,21.996123522303133,22.14881095171767,21.870243605454,20.689312979414773,20.529072951047063,20.40217575237838,1.0,1.0,1.0,1.0,1.0,1.0,1.0,1.0,1.0,1.0
208.25,2.0,0.0,0.0,0.0,0.0,0.0,0.0,0.0,0.0,0.0,0.0,0.0,0.0,0.0,0.0,0.0,0.0,0.0,0.0,0.0,0.0
208.5,3.0,19.711427717067917,20.624892125989298,18.33056988926213,16.81545415018975,17.579940208175685,17.200098486615662,17.324653091631312,17.85506153322072,18.728703890328845,18.974863159182828,1.0,1.0,1.0,1.0,1.0,1.0,1.0,1.0,1.0,1.0
208.75,4.0,19.38920865390885,19.255418207974326,18.39190193646227,17.84727020785455,17.799382834278052,17.500571597026607,17.835614306221345,17.123246190953296,16.772141819847498,16.231921534972784,1.0,1.0,1.0,1.0,1.0,1.0,1.0,1.0,1.0,1.0
209.0,1.0,21.31327614443307,21.338376962507233,21.913693926209678,21.5244139287906,22.81809020555388,22.415047393034442,21.586815983018685,19.730755060475982,19.192895469328988,19.159494528146478,1.0,1.0,1.0,1.0,1.0,1.0,1.0,1.0,1.0,1.0
209.25,2.0,19.45408095770823,18.766139016494986,19.705367892294703,18.42463350573534,18.827905042583588,19.53056961439717,19.29230530575073,17.55999458227057,16.787446359838267,15.568533435798104,1.0,1.0,1.0,1.0,1.0,1.0,1.0,1.0,1.0,1.0
209.5,3.0,0.0,0.0,0.0,0.0,0.0,0.0,0.0,0.0,0.0,0.0,0.0,0.0,0.0,0.0,0.0,0.0,0.0,0.0,0.0,0.0
209.75,4.0,18.38144094215085,18.816805477359292,17.62127224371806,17.900777108829267,18.223006532638575,17.93892792092872,18.366165437999435,17.243274318187723,16.694135458678623,15.915613771578776,1.0,1.0,1.0,1.0,1.0,1.0,1.0,1.0,1.0,1.0
210.0,1.0,21.29930065719317,21.195506795685112,22.052322644904425,22.27408758399906,22.716415625467356,21.90834297202207,20.930029963402063,18.74461897164591,17.923062070075662,18.543669829935116,1.0,1.0,1.0,1.0,1.0,1.0,1.0,1.0,1.0,1.0
210.25,2.0,19.95027175137785,19.681329712644548,20.26550377906107,20.192647077700578,19.63227132299756,19.64043197345517,18.346325351853505,17.4810495279579,17.402405214599682,17.26866602137219,1.0,1.0,1.0,1.0,1.0,1.0,1.0,1.0,1.0,1.0
210.5,3.0,19.26594073950649,17.317764109127104,15.880490996275194,16.64243225545205,17.63661789987636,17.87016759866594,17.335671721568584,17.52927277609819,17.539186657285978,17.52499390488528,1.0,1.0,1.0,1.0,1.0,1.0,1.0,1.0,1.0,1.0
210.75,4.0,17.600408660550315,18.196101605247154,18.448360746399725,19.314615723202106,19.258853440270315,18.6832052837065,17.913289520333766,17.338512389180416,16.740518829650277,15.668099924989725,1.0,1.0,1.0,1.0,1.0,1.0,1.0,1.0,1.0,1.0
211.0,1.0,0.0,0.0,0.0,0.0,0.0,0.0,0.0,0.0,0.0,0.0,0.0,0.0,0.0,0.0,0.0,0.0,0.0,0.0,0.0,0.0
211.25,2.0,0.0,0.0,0.0,0.0,0.0,0.0,0.0,0.0,0.0,0.0,0.0,0.0,0.0,0.0,0.0,0.0,0.0,0.0,0.0,0.0
211.5,3.0,18.11868215553292,16.14287623570231,15.686891927042323,17.104862801201644,17.57566704353487,17.783150220791054,18.0882697197887,17.78025900342557,17.6280802763424,17.281677766744007,1.0,1.0,1.0,1.0,1.0,1.0,1.0,1.0,1.0,1.0
211.75,4.0,0.0,0.0,0.0,0.0,0.0,0.0,0.0,0.0,0.0,0.0,0.0,0.0,0.0,0.0,0.0,0.0,0.0,0.0,0.0,0.0
212.0,1.0,21.295886734689553,21.823590381771037,20.673431589051294,20.573428900889624,18.980147727625535,18.763281013644317,17.316296903030022,16.215490512879263,16.61662794229383,17.700392524638527,1.0,1.0,1.0,1.0,1.0,1.0,1.0,1.0,1.0,1.0
212.25,2.0,19.96380526021798,19.30540507586698,19.00584546924652,17.739401334809987,17.628787169271654,17.545868109106358,16.758592900930523,16.122482726186007,17.646314599689372,17.43242154861592,1.0,1.0,1.0,1.0,1.0,1.0,1.0,1.0,1.0,1.0
212.5,3.0,0.0,0.0,0.0,0.0,0.0,0.0,0.0,0.0,0.0,0.0,0.0,0.0,0.0,0.0,0.0,0.0,0.0,0.0,0.0,0.0
212.75,4.0,17.735641676951293,19.673794205155342,18.24684307424294,18.689904296689527,19.790843036102228,18.253994084369666,17.345267391080203,15.563136285852346,16.226112613030367,16.971174797822105,1.0,1.0,1.0,1.0,1.0,1.0,1.0,1.0,1.0,1.0
213.0,1.0,20.84030348674327,21.507678887748515,20.105326159926342,18.892803087134553,17.25097211822581,18.06485652429189,17.0594063705513,17.12831249584665,17.65044780257442,18.94722101578906,1.0,1.0,1.0,1.0,1.0,1.0,1.0,1.0,1.0,1.0
213.25,2.0,0.0,0.0,0.0,0.0,0.0,0.0,0.0,0.0,0.0,0.0,0.0,0.0,0.0,0.0,0.0,0.0,0.0,0.0,0.0,0.0
213.5,3.0,18.032849247977207,17.911513189825165,19.80484453116743,18.57829041024652,16.61603551334752,16.671300852734305,16.766190197088847,18.123872818728195,18.08871713526984,18.248622238210725,1.0,1.0,1.0,1.0,1.0,1.0,1.0,1.0,1.0,1.0
213.75,4.0,18.626425106995118,18.95764101265426,18.388799498656283,18.61474026308894,20.167377829466282,18.84043664852305,17.39170354181026,17.79655778573238,17.636433277270115,18.835665667931007,1.0,1.0,1.0,1.0,1.0,1.0,1.0,1.0,1.0,1.0
214.0,1.0,0.0,0.0,0.0,0.0,0.0,0.0,0.0,0.0,0.0,0.0,0.0,0.0,0.0,0.0,0.0,0.0,0.0,0.0,0.0,0.0
214.25,2.0,19.564114539768525,20.07788933868947,19.18020433696708,17.161129068495608,17.98292519313526,17.660112757492392,17.57751868203164,16.208166541475872,17.76580648253912,17.73150302807457,1.0,1.0,1.0,1.0,1.0,1.0,1.0,1.0,1.0,1.0
214.5,3.0,0.0,0.0,0.0,0.0,0.0,0.0,0.0,0.0,0.0,0.0,0.0,0.0,0.0,0.0,0.0,0.0,0.0,0.0,0.0,0.0
214.75,4.0,0.0,0.0,0.0,0.0,0.0,0.0,0.0,0.0,0.0,0.0,0.0,0.0,0.0,0.0,0.0,0.0,0.0,0.0,0.0,0.0
215.0,1.0,20.399629266354207,21.186232296405972,18.935728344935047,17.26289540391977,15.774458649397891,16.60904216605295,17.339841598789807,18.109000061069544,18.71207327639597,19.600047921725917,1.0,1.0,1.0,1.0,1.0,1.0,1.0,1.0,1.0,1.0
215.25,2.0,19.997239867279717,20.67414228315291,18.924335118312573,16.880565679276593,16.957050327724666,17.20952107714665,18.936951742176763,17.02651197987976,17.242431999391282,16.450199158103274,1.0,1.0,1.0,1.0,1.0,1.0,1.0,1.0,1.0,1.0
215.5,3.0,0.0,0.0,0.0,0.0,0.0,0.0,0.0,0.0,0.0,0.0,0.0,0.0,0.0,0.0,0.0,0.0,0.0,0.0,0.0,0.0
215.75,4.0,17.266792423245356,18.906128919372573,19.915542395248217,19.904049648100568,20.526585985135274,19.639230611555824,19.17754560189354,19.198566021048748,19.92239126143184,20.150569848191626,1.0,1.0,1.0,1.0,1.0,1.0,1.0,1.0,1.0,1.0
216.0,1.0,20.20717591358037,19.46568564324027,18.755783759830617,17.887823091446812,17.681447669898173,19.190856695350213,19.86749615791989,19.094138864704867,18.877176556732127,18.452673514351744,1.0,1.0,1.0,1.0,1.0,1.0,1.0,1.0,1.0,1.0
216.25,2.0,0.0,0.0,0.0,0.0,0.0,0.0,0.0,0.0,0.0,0.0,0.0,0.0,0.0,0.0,0.0,0.0,0.0,0.0,0.0,0.0
216.5,3.0,17.71384156032609,18.485296136967165,17.913781364183844,17.832362751536753,17.168486915337414,18.829983727094167,18.299293786920618,19.26255234373525,19.595686008973097,19.799049541624104,1.0,1.0,1.0,1.0,1.0,1.0,1.0,1.0,1.0,1.0
216.75,4.0,17.966032626299253,19.711362899112682,20.998180052505976,19.980919368189568,20.02996810901747,19.76360323522797,19.79559894569604,20.67056341356972,21.21862709702713,20.697094748242055,1.0,1.0,1.0,1.0,1.0,1.0,1.0,1.0,1.0,1.0
217.0,1.0,20.74412708032583,18.757770193799413,18.273354838263376,17.55759384121229,19.083689370767292,19.82176144507232,19.82518810267356,19.667045481972515,18.8357026609793,18.593088625205464,1.0,1.0,1.0,1.0,1.0,1.0,1.0,1.0,1.0,1.0
217.25,2.0,20.47366786610039,19.840387215249983,19.35491688472953,17.308664771133287,17.46467374640045,16.1731136922116,15.899354039571575,14.996840562333462,15.365174780874526,16.47932964161019,1.0,1.0,1.0,1.0,1.0,1.0,1.0,1.0,1.0,1.0
217.5,3.0,0.0,0.0,0.0,0.0,0.0,0.0,0.0,0.0,0.0,0.0,0.0,0.0,0.0,0.0,0.0,0.0,0.0,0.0,0.0,0.0
217.75,4.0,20.05811283529953,20.7739367739772,20.24032370185313,19.659339671755237,20.00137732645795,19.855830424410254,20.520051904695684,21.2682247714478,20.160273654564556,20.951258675311614,1.0,1.0,1.0,1.0,1.0,1.0,1.0,1.0,1.0,1.0
218.0,1.0,20.2106192363865,19.132905788057858,17.842999472432407,17.72732295472058,18.518069342425527,19.385425039882932,18.793674155114072,19.110218191090357,18.451548564380023,18.366277031978868,1.0,1.0,1.0,1.0,1.0,1.0,1.0,1.0,1.0,1.0
218.25,2.0,0.0,0.0,0.0,0.0,0.0,0.0,0.0,0.0,0.0,0.0,0.0,0.0,0.0,0.0,0.0,0.0,0.0,0.0,0.0,0.0
218.5,3.0,16.521334718012493,17.257155560657502,17.96687807024654,18.839049393772637,17.896148582678368,18.540888336125995,17.185735718736847,16.6029150108273,17.213141238105777,16.7482786209777,1.0,1.0,1.0,1.0,1.0,1.0,1.0,1.0,1.0,1.0
218.75,4.0,19.284238199454997,19.34331299579911,19.846274806875595,20.37303358046229,19.687389532974425,19.614355467624694,20.4423917911908,20.944194859098598,19.93142516592168,20.604905886557212,1.0,1.0,1.0,1.0,1.0,1.0,1.0,1.0,1.0,1.0
219.0,1.0,0.0,0.0,0.0,0.0,0.0,0.0,0.0,0.0,0.0,0.0,0.0,0.0,0.0,0.0,0.0,0.0,0.0,0.0,0.0,0.0
219.25,2.0,0.0,0.0,0.0,0.0,0.0,0.0,0.0,0.0,0.0,0.0,0.0,0.0,0.0,0.0,0.0,0.0,0.0,0.0,0.0,0.0
219.5,3.0,16.01314736311635,16.899402320035055,18.258265661033114,18.317409052948765,18.22385790346832,19.235046387752888,19.09327837664079,17.707128046448418,18.03717773503462,17.98008802810179,1.0,1.0,1.0,1.0,1.0,1.0,1.0,1.0,1.0,1.0
219.75,4.0,0.0,0.0,0.0,0.0,0.0,0.0,0.0,0.0,0.0,0.0,0.0,0.0,0.0,0.0,0.0,0.0,0.0,0.0,0.0,0.0
220.0,1.0,19.052522409603863,19.287823352145317,19.88506087786638,20.87589093784369,17.631939354723215,18.11740869486561,17.59482454324433,18.516909649607214,18.76960789045738,18.576946377652654,1.0,1.0,1.0,1.0,1.0,1.0,1.0,1.0,1.0,1.0
220.25,2.0,20.528766749996308,19.95165227654146,18.626527635978825,18.42838065417901,16.832956206477277,17.141072945324396,17.279910668624673,17.34045579264693,17.70248673058738,18.20365296557179,1.0,1.0,1.0,1.0,1.0,1.0,1.0,1.0,1.0,1.0
220.5,3.0,0.0,0.0,0.0,0.0,0.0,0.0,0.0,0.0,0.0,0.0,0.0,0.0,0.0,0.0,0.0,0.0,0.0,0.0,0.0,0.0
220.75,4.0,19.406719676121746,20.68747588676394,20.20329365893804,18.611664794851837,19.21133902788683,18.769025417466395,19.829636379660318,19.284572781724158,18.662766020713796,19.646534193171405,1.0,1.0,1.0,1.0,1.0,1.0,1.0,1.0,1.0,1.0
221.0,1.0,19.044140150749037,19.10992088748509,19.444322233521305,19.800950915752615,17.86468477557638,18.79402782539314,19.761363408224046,19.57127195580203,19.537575792735236,19.35996295726967,1.0,1.0,1.0,1.0,1.0,1.0,1.0,1.0,1.0,1.0
221.25,2.0,0.0,0.0,0.0,0.0,0.0,0.0,0.0,0.0,0.0,0.0,0.0,0.0,0.0,0.0,0.0,0.0,0.0,0.0,0.0,0.0
221.5,3.0,16.617442880127797,17.835992096805306,18.81217570933445,19.938892744781118,17.728927709620557,17.442664034023895,16.624791579790585,17.445325208417568,17.29442954583577,17.652038350122197,1.0,1.0,1.0,1.0,1.0,1.0,1.0,1.0,1.0,1.0
221.75,4.0,19.110783994421343,20.163294546211198,18.69624113977232,17.826562700695234,19.334358754802313,19.287253956887167,19.807366383100263,20.194770153717215,19.04338102787139,19.153422234411426,1.0,1.0,1.0,1.0,1.0,1.0,1.0,1.0,1.0,1.0
222.0,1.0,0.0,0.0,0.0,0.0,0.0,0.0,0.0,0.0,0.0,0.0,0.0,0.0,0.0,0.0,0.0,0.0,0.0,0.0,0.0,0.0
222.25,2.0,20.123339034302013,19.238442121880148,17.91945216321496,18.429710164246437,17.86668018611016,17.225454434861646,17.294835992133883,16.24119982247387,17.460933647009124,17.12418108412111,1.0,1.0,1.0,1.0,1.0,1.0,1.0,1.0,1.0,1.0
222.5,3.0,0.0,0.0,0.0,0.0,0.0,0.0,0.0,0.0,0.0,0.0,0.0,0.0,0.0,0.0,0.0,0.0,0.0,0.0,0.0,0.0
222.75,4.0,0.0,0.0,0.0,0.0,0.0,0.0,0.0,0.0,0.0,0.0,0.0,0.0,0.0,0.0,0.0,0.0,0.0,0.0,0.0,0.0
223.0,1.0,20.157658449424805,21.26802039704246,20.72348427064449,20.48683573295514,20.018627656753328,20.432469368560213,21.072023812395724,21.787623708909233,21.60965780324187,20.600185604055394,1.0,1.0,1.0,1.0,1.0,1.0,1.0,1.0,1.0,1.0
223.25,2.0,20.28933868424923,19.59507830773746,18.616004812150578,18.035075090065135,17.080394800129426,17.01252419860165,17.113127435124277,16.82976445458456,18.383865938546503,17.321345062682695,1.0,1.0,1.0,1.0,1.0,1.0,1.0,1.0,1.0,1.0
223.5,3.0,0.0,0.0,0.0,0.0,0.0,0.0,0.0,0.0,0.0,0.0,0.0,0.0,0.0,0.0,0.0,0.0,0.0,0.0,0.0,0.0
223.75,4.0,20.30775772309065,20.655144789091747,20.10871633760393,20.40674306004535,21.712165056034838,20.042397530232787,20.641103498013603,20.27354058995019,19.50383077370107,20.58476606182163,1.0,1.0,1.0,1.0,1.0,1.0,1.0,1.0,1.0,1.0
224.0,1.0,19.3529540694859,20.94756514664979,19.91016007215535,19.955465622614266,19.886445965504326,20.34544899633253,20.783053777911796,21.056660433624053,20.08112838781294,18.923247083729578,1.0,1.0,1.0,1.0,1.0,1.0,1.0,1.0,1.0,1.0
224.25,2.0,0.0,0.0,0.0,0.0,0.0,0.0,0.0,0.0,0.0,0.0,0.0,0.0,0.0,0.0,0.0,0.0,0.0,0.0,0.0,0.0
224.5,3.0,17.57954519144423,17.237246998912923,16.87313724386171,15.662078644038573,14.96179098245592,15.734701091940469,15.551485961695235,15.505834260726045,15.931537105375535,16.11704459529769,1.0,1.0,1.0,1.0,1.0,1.0,1.0,1.0,1.0,1.0
224.75,4.0,19.70370841562817,20.142391096706852,20.21371249712435,20.362846405355988,19.979637241320894,18.859305675589077,19.331600399913306,19.824639802089155,19.704357303357913,20.916274985593063,1.0,1.0,1.0,1.0,1.0,1.0,1.0,1.0,1.0,1.0
225.0,1.0,19.517258049962912,19.718434617057785,18.884040735952155,20.134602153729872,19.785104650299665,19.741969052198076,19.465435671494728,20.165423797417514,20.254722128672004,19.423974238000675,1.0,1.0,1.0,1.0,1.0,1.0,1.0,1.0,1.0,1.0
225.25,2.0,19.597150820326377,18.9185012322315,18.03373356171273,17.325054141592155,16.712690460442175,16.264732901655808,16.408961151409756,16.315111164231883,16.131180526394168,16.57358789510291,1.0,1.0,1.0,1.0,1.0,1.0,1.0,1.0,1.0,1.0
225.5,3.0,0.0,0.0,0.0,0.0,0.0,0.0,0.0,0.0,0.0,0.0,0.0,0.0,0.0,0.0,0.0,0.0,0.0,0.0,0.0,0.0
225.75,4.0,19.146992545422698,20.372141359251966,20.372737705186122,19.928339619884042,19.22653050226585,19.219995928340087,19.788961147864047,20.405121206009134,21.43744212428853,22.06665567694137,1.0,1.0,1.0,1.0,1.0,1.0,1.0,1.0,1.0,1.0
226.0,1.0,19.480059660687804,18.938203064198188,19.625410522522685,19.975197589435343,18.911345087786778,19.703616391617185,19.261780350040773,19.788622708217186,20.056543957067674,19.784649327185175,1.0,1.0,1.0,1.0,1.0,1.0,1.0,1.0,1.0,1.0
226.25,2.0,0.0,0.0,0.0,0.0,0.0,0.0,0.0,0.0,0.0,0.0,0.0,0.0,0.0,0.0,0.0,0.0,0.0,0.0,0.0,0.0
226.5,3.0,17.99268273772031,18.159850894434747,18.115711106408657,17.05743881570093,17.00245460667831,17.238828820482475,16.90775414905828,16.91357551544217,16.135923673812222,16.174831456801282,1.0,1.0,1.0,1.0,1.0,1.0,1.0,1.0,1.0,1.0
226.75,4.0,19.840023233657945,20.978663037579825,21.43136420564195,20.718077106785717,19.364218456505682,19.841291063007382,21.188274551285662,21.409520345446023,22.331115502542197,22.345752168272686,1.0,1.0,1.0,1.0,1.0,1.0,1.0,1.0,1.0,1.0
227.0,1.0,0.0,0.0,0.0,0.0,0.0,0.0,0.0,0.0,0.0,0.0,0.0,0.0,0.0,0.0,0.0,0.0,0.0,0.0,0.0,0.0
227.25,2.0,0.0,0.0,0.0,0.0,0.0,0.0,0.0,0.0,0.0,0.0,0.0,0.0,0.0,0.0,0.0,0.0,0.0,0.0,0.0,0.0
227.5,3.0,18.078020258765452,18.07890964519887,17.76475578346629,17.873237800158684,18.423779620208137,19.013480647203142,18.9082273861505,18.381753002006015,17.95944192959573,16.682841272885057,1.0,1.0,1.0,1.0,1.0,1.0,1.0,1.0,1.0,1.0
227.75,4.0,0.0,0.0,0.0,0.0,0.0,0.0,0.0,0.0,0.0,0.0,0.0,0.0,0.0,0.0,0.0,0.0,0.0,0.0,0.0,0.0
228.0,1.0,18.67850825113164,20.012343835778832,18.12920002788084,17.560410492660985,17.875030750670934,20.368954720867208,19.6615237324484,21.18432725302078,21.532650111627273,20.58379989988328,1.0,1.0,1.0,1.0,1.0,1.0,1.0,1.0,1.0,1.0
228.25,2.0,18.686656184811216,19.361607637097993,19.896260099949032,18.769252091987408,17.949452498609915,17.218546242228964,17.57011120101194,17.911557238967898,18.681030986956397,19.181552957523216,1.0,1.0,1.0,1.0,1.0,1.0,1.0,1.0,1.0,1.0
228.5,3.0,0.0,0.0,0.0,0.0,0.0,0.0,0.0,0.0,0.0,0.0,0.0,0.0,0.0,0.0,0.0,0.0,0.0,0.0,0.0,0.0
228.75,4.0,20.560314678253448,21.640492910862694,20.37986112671378,20.889872756795814,21.47706284851772,21.248250242518825,21.67659037716256,22.24998244992039,23.150350855472155,23.127184064843757,1.0,1.0,1.0,1.0,1.0,1.0,1.0,1.0,1.0,1.0
229.0,1.0,18.80727762269456,19.285042506035555,18.528079419224827,18.32977753037227,18.434912078863398,19.969020864075432,20.066687283277655,20.9362783159687,21.000660403000904,20.02818907220512,1.0,1.0,1.0,1.0,1.0,1.0,1.0,1.0,1.0,1.0
229.25,2.0,0.0,0.0,0.0,0.0,0.0,0.0,0.0,0.0,0.0,0.0,0.0,0.0,0.0,0.0,0.0,0.0,0.0,0.0,0.0,0.0
229.5,3.0,18.514699606344276,18.43980648450838,18.547753547317487,18.370734801480445,17.598951884950996,17.382628684831708,16.304006359111952,15.739959149789119,15.473914484720764,16.37128117031906,1.0,1.0,1.0,1.0,1.0,1.0,1.0,1.0,1.0,1.0
229.75,4.0,20.654739115707212,20.934657309527413,20.76399217265245,21.37307931745018,20.670870066819734,20.502451963991163,21.392918130128102,21.90118106033916,22.834455058944,23.02389586449327,1.0,1.0,1.0,1.0,1.0,1.0,1.0,1.0,1.0,1.0
230.0,1.0,0.0,0.0,0.0,0.0,0.0,0.0,0.0,0.0,0.0,0.0,0.0,0.0,0.0,0.0,0.0,0.0,0.0,0.0,0.0,0.0
230.25,2.0,17.773852970405773,18.13043625254283,18.324291942181553,17.695258827015653,15.731303980934003,15.972983781084869,17.14959066957131,17.50819256105579,18.020275894955766,19.2575175107984,1.0,1.0,1.0,1.0,1.0,1.0,1.0,1.0,1.0,1.0
230.5,3.0,0.0,0.0,0.0,0.0,0.0,0.0,0.0,0.0,0.0,0.0,0.0,0.0,0.0,0.0,0.0,0.0,0.0,0.0,0.0,0.0
230.75,4.0,0.0,0.0,0.0,0.0,0.0,0.0,0.0,0.0,0.0,0.0,0.0,0.0,0.0,0.0,0.0,0.0,0.0,0.0,0.0,0.0
231.0,1.0,17.616704932773832,20.23412919814178,18.36698412302065,17.998495316649834,20.084768463736456,20.70385493312231,20.53176553660348,20.815388715778035,21.63113769037644,20.42907761803972,1.0,1.0,1.0,1.0,1.0,1.0,1.0,1.0,1.0,1.0
231.25,2.0,17.891425789167798,19.242065350323667,19.08103190387132,17.325292888901327,17.2457541622264,17.005178828594467,18.30925817293982,18.183174801082682,17.713151594805897,18.18796804943303,1.0,1.0,1.0,1.0,1.0,1.0,1.0,1.0,1.0,1.0
231.5,3.0,19.755621292017405,21.07636800600486,19.63417321381289,20.358144745286044,19.121851844422217,18.60376799590714,17.778107366537515,16.763055541218666,16.6129936222326,16.97761120942653,1.0,1.0,1.0,1.0,1.0,1.0,1.0,1.0,1.0,1.0
231.75,4.0,20.704376202433256,22.336084710591166,22.86568751351246,21.55259568698831,21.324489507227028,20.901095911399835,21.731121219858796,23.841192273202477,23.416720945358836,23.32411630927628,1.0,1.0,1.0,1.0,1.0,1.0,1.0,1.0,1.0,1.0
232.0,1.0,18.49762512252172,19.58742711099398,18.543519864250086,18.188655081941956,19.898361518807427,20.712858262759944,20.458720672457915,21.480646457858697,21.28464082319887,20.067040153593815,1.0,1.0,1.0,1.0,1.0,1.0,1.0,1.0,1.0,1.0
232.25,2.0,0.0,0.0,0.0,0.0,0.0,0.0,0.0,0.0,0.0,0.0,0.0,0.0,0.0,0.0,0.0,0.0,0.0,0.0,0.0,0.0
232.5,3.0,19.416569297809158,19.720543779783757,19.799286446705665,20.05219679040936,17.728566991958676,17.628756249573755,18.11624042863151,17.058503234078124,17.892141368391535,17.590190755147894,1.0,1.0,1.0,1.0,1.0,1.0,1.0,1.0,1.0,1.0
232.75,4.0,20.920768275370175,22.33961255313011,22.75043809411119,21.274629136846613,21.591268091437612,21.33234389981162,22.646273566942458,23.527623151782144,22.99519493762977,23.970392202245673,1.0,1.0,1.0,1.0,1.0,1.0,1.0,1.0,1.0,1.0
233.0,1.0,17.906747192534187,19.738085175099737,19.189120026402037,19.810482534629152,19.321747673817253,20.157748845667445,20.571130159569655,21.1057526888292,20.801583106276883,19.672849382536185,1.0,1.0,1.0,1.0,1.0,1.0,1.0,1.0,1.0,1.0
233.25,2.0,19.004892685230338,19.060585709107816,19.048670429957113,19.562218340459793,19.986844732916644,20.932338850810368,21.029519383678227,20.296109839621586,18.8346606067235,18.27531281318497,1.0,1.0,1.0,1.0,1.0,1.0,1.0,1.0,1.0,1.0
233.5,3.0,0.0,0.0,0.0,0.0,0.0,0.0,0.0,0.0,0.0,0.0,0.0,0.0,0.0,0.0,0.0,0.0,0.0,0.0,0.0,0.0
233.75,4.0,21.640913974252925,22.398094384467527,21.97967494374829,21.69803395779674,21.89188095777978,23.143859835164218,23.96259005210514,24.75858645948445,23.830548138801767,23.596417035089583,1.0,1.0,1.0,1.0,1.0,1.0,1.0,1.0,1.0,1.0
234.0,1.0,18.93867219575281,20.325195423633858,19.14187063420199,20.129416298686166,19.75421877408998,21.092813287625912,21.43199785900786,20.459279109214176,20.15193987114004,18.65350417396985,1.0,1.0,1.0,1.0,1.0,1.0,1.0,1.0,1.0,1.0
234.25,2.0,0.0,0.0,0.0,0.0,0.0,0.0,0.0,0.0,0.0,0.0,0.0,0.0,0.0,0.0,0.0,0.0,0.0,0.0,0.0,0.0
234.5,3.0,19.740228706095852,19.154353264563085,18.706726982576164,18.51191340586547,17.772195293304275,18.701271791015394,18.926574619866035,18.49734798969018,18.488116427456546,17.53946366004442,1.0,1.0,1.0,1.0,1.0,1.0,1.0,1.0,1.0,1.0
234.75,4.0,21.514886072576147,20.53450744479469,20.625045361716506,20.786616016066457,22.675699988924492,23.137425104495097,23.542271526234885,24.29077294197821,24.197207398530345,24.09129182273054,1.0,1.0,1.0,1.0,1.0,1.0,1.0,1.0,1.0,1.0
235.0,1.0,0.0,0.0,0.0,0.0,0.0,0.0,0.0,0.0,0.0,0.0,0.0,0.0,0.0,0.0,0.0,0.0,0.0,0.0,0.0,0.0
235.25,2.0,0.0,0.0,0.0,0.0,0.0,0.0,0.0,0.0,0.0,0.0,0.0,0.0,0.0,0.0,0.0,0.0,0.0,0.0,0.0,0.0
235.5,3.0,19.76143253446955,18.829131424863704,17.633443045066127,18.530394274116947,18.517822469022647,19.76969446364254,20.03297623171101,18.558332170906432,17.842097148662017,16.52335382912564,1.0,1.0,1.0,1.0,1.0,1.0,1.0,1.0,1.0,1.0
235.75,4.0,0.0,0.0,0.0,0.0,0.0,0.0,0.0,0.0,0.0,0.0,0.0,0.0,0.0,0.0,0.0,0.0,0.0,0.0,0.0,0.0
236.0,1.0,19.221135578755916,20.211769854031893,19.19668287064844,20.31251910194343,19.072349668343552,19.827250117758407,18.633127423755074,19.00230447857677,18.18827679119838,17.74267419474817,1.0,1.0,1.0,1.0,1.0,1.0,1.0,1.0,1.0,1.0
236.25,2.0,20.218192733946765,20.233618317945208,19.30388014612954,18.168768810436735,18.217633906678476,17.200065675728244,17.510001876674576,17.29154968550812,16.46046200912468,15.675949175829935,1.0,1.0,1.0,1.0,1.0,1.0,1.0,1.0,1.0,1.0
236.5,3.0,0.0,0.0,0.0,0.0,0.0,0.0,0.0,0.0,0.0,0.0,0.0,0.0,0.0,0.0,0.0,0.0,0.0,0.0,0.0,0.0
236.75,4.0,19.796696745888084,18.915654730311232,19.885999805385648,22.773856683717472,25.056920943511695,24.786606637490795,24.754701614956353,24.58068374357797,23.7308918876206,24.271832302070138,1.0,1.0,1.0,1.0,1.0,1.0,1.0,1.0,1.0,1.0
237.0,1.0,19.267291864596178,20.186195159781494,19.604901209429084,20.771026110412425,17.177136943830465,18.726869760976165,18.005826452273936,18.116438517830105,17.060683421911325,15.816941488549977,1.0,1.0,1.0,1.0,1.0,1.0,1.0,1.0,1.0,1.0
237.25,2.0,0.0,0.0,0.0,0.0,0.0,0.0,0.0,0.0,0.0,0.0,0.0,0.0,0.0,0.0,0.0,0.0,0.0,0.0,0.0,0.0
237.5,3.0,17.828269265534114,17.446494465580187,18.222927236713396,18.98549784986344,18.37745995637092,18.420859639937866,17.545635763488264,16.342213276700154,16.59356084639386,16.329119960777845,1.0,1.0,1.0,1.0,1.0,1.0,1.0,1.0,1.0,1.0
237.75,4.0,18.973787464184387,18.753842604672567,20.581197248195824,23.019907689090754,26.003165480335376,24.092305689825647,24.01788195316204,23.496415554963995,23.750409845017934,24.091598844878746,1.0,1.0,1.0,1.0,1.0,1.0,1.0,1.0,1.0,1.0
238.0,1.0,0.0,0.0,0.0,0.0,0.0,0.0,0.0,0.0,0.0,0.0,0.0,0.0,0.0,0.0,0.0,0.0,0.0,0.0,0.0,0.0
238.25,2.0,19.12439452284107,20.608370770785516,18.76019942727875,17.343163026779028,17.53164227149527,16.636762385157894,16.859382098893715,16.80510970926943,15.947216961213574,15.191507030364404,1.0,1.0,1.0,1.0,1.0,1.0,1.0,1.0,1.0,1.0
238.5,3.0,0.0,0.0,0.0,0.0,0.0,0.0,0.0,0.0,0.0,0.0,0.0,0.0,0.0,0.0,0.0,0.0,0.0,0.0,0.0,0.0
238.75,4.0,0.0,0.0,0.0,0.0,0.0,0.0,0.0,0.0,0.0,0.0,0.0,0.0,0.0,0.0,0.0,0.0,0.0,0.0,0.0,0.0
239.0,1.0,20.126224477408822,19.272506436726516,18.436943591382644,18.04887157315885,17.99544417576956,18.97380573151893,18.522622648163157,17.680112375084317,16.54606067070686,15.846491608152553,1.0,1.0,1.0,1.0,1.0,1.0,1.0,1.0,1.0,1.0
239.25,2.0,19.89387921655281,20.02871515273672,17.93892442106864,16.564066779899594,16.510341299220716,15.828659559129758,15.342018684484117,15.614061074933424,14.048740018162746,14.568612987217364,1.0,1.0,1.0,1.0,1.0,1.0,1.0,1.0,1.0,1.0
239.5,3.0,17.847556386437386,19.66512404375496,18.320675074274035,18.739986588933498,16.45703485378693,17.117221978917573,17.50040417266372,18.029955503049994,18.00972732492882,17.80694666922742,1.0,1.0,1.0,1.0,1.0,1.0,1.0,1.0,1.0,1.0
239.75,4.0,19.807482375010522,20.090213691658757,21.637423594485767,21.572150459041183,22.581332195254543,22.106495669692624,22.97672518315037,23.543430736846823,22.77602304902626,22.834509805289432,1.0,1.0,1.0,1.0,1.0,1.0,1.0,1.0,1.0,1.0
240.0,1.0,20.338827652181365,18.852291301047067,17.590134366376343,17.628281846405454,18.569501459986792,19.44588469476185,18.847126157256536,17.708986192772123,17.55775250751769,16.28522125916424,1.0,1.0,1.0,1.0,1.0,1.0,1.0,1.0,1.0,1.0
240.25,2.0,0.0,0.0,0.0,0.0,0.0,0.0,0.0,0.0,0.0,0.0,0.0,0.0,0.0,0.0,0.0,0.0,0.0,0.0,0.0,0.0
240.5,3.0,18.579978636015767,18.981712997172433,17.779528152707137,18.389364950189595,16.172417002012917,16.738777002329947,17.38008116404492,18.630649431801764,18.83674981984867,18.77092934375308,1.0,1.0,1.0,1.0,1.0,1.0,1.0,1.0,1.0,1.0
240.75,4.0,19.586799429095027,20.591329574987327,20.732384679518812,20.782743863643393,22.15836491648315,21.953370481162448,21.71146640004649,22.67918393976859,22.413733123042984,21.577734410271255,1.0,1.0,1.0,1.0,1.0,1.0,1.0,1.0,1.0,1.0
241.0,1.0,20.344302854361533,18.16596212012638,17.404155152057175,18.69268928778257,19.76328643076193,19.50621145358159,18.967204472678734,18.010625819248897,17.99976649956058,16.97329115864185,1.0,1.0,1.0,1.0,1.0,1.0,1.0,1.0,1.0,1.0
241.25,2.0,18.188220758340545,18.799896634238777,17.498652684795655,15.620894000920003,13.263361247884376,12.96087963257731,12.388039499880934,13.92116296108949,12.925060350429398,12.159226234288008,1.0,1.0,1.0,1.0,1.0,1.0,1.0,1.0,1.0,1.0
241.5,3.0,0.0,0.0,0.0,0.0,0.0,0.0,0.0,0.0,0.0,0.0,0.0,0.0,0.0,0.0,0.0,0.0,0.0,0.0,0.0,0.0
241.75,4.0,18.803201145524024,19.670089459440753,20.578523517872767,21.362354015175686,21.867666810692565,21.90022303500672,21.770748824141023,21.866507158127437,21.912165390612554,21.167516017722242,1.0,1.0,1.0,1.0,1.0,1.0,1.0,1.0,1.0,1.0
242.0,1.0,19.21959086105642,17.993935423661153,18.129449039689028,20.028054316200613,20.598787760694837,20.23704371397934,19.24154389937452,17.641848207151885,17.45190194828508,16.48890745240545,1.0,1.0,1.0,1.0,1.0,1.0,1.0,1.0,1.0,1.0
242.25,2.0,0.0,0.0,0.0,0.0,0.0,0.0,0.0,0.0,0.0,0.0,0.0,0.0,0.0,0.0,0.0,0.0,0.0,0.0,0.0,0.0
242.5,3.0,18.358892166130687,17.926146909885954,17.345534386083262,17.275790265938767,17.55767666111662,19.07281604735972,19.299896282783664,18.808547967560663,18.39098231449906,17.675092551268136,1.0,1.0,1.0,1.0,1.0,1.0,1.0,1.0,1.0,1.0
242.75,4.0,18.72528398022884,20.36817164422435,22.81293746960129,22.321862056138382,22.750519767728225,22.756446304709872,22.267324706536986,21.18977847074435,20.842398304206863,20.713710797408908,1.0,1.0,1.0,1.0,1.0,1.0,1.0,1.0,1.0,1.0
243.0,1.0,0.0,0.0,0.0,0.0,0.0,0.0,0.0,0.0,0.0,0.0,0.0,0.0,0.0,0.0,0.0,0.0,0.0,0.0,0.0,0.0
243.25,2.0,18.70029994373521,18.810905794670628,17.030336787551636,15.578488433659302,15.440283625438076,14.826300143379976,13.637438375868472,14.308272634994198,14.742957522075407,13.866058759942296,1.0,1.0,1.0,1.0,1.0,1.0,1.0,1.0,1.0,1.0
243.5,3.0,17.730376252367016,18.448492816437163,18.82202602543986,18.583789112507745,18.110655788626595,17.98261165186204,17.93657516320776,17.915101551888178,16.437036238176816,16.62134984817596,1.0,1.0,1.0,1.0,1.0,1.0,1.0,1.0,1.0,1.0
243.75,4.0,0.0,0.0,0.0,0.0,0.0,0.0,0.0,0.0,0.0,0.0,0.0,0.0,0.0,0.0,0.0,0.0,0.0,0.0,0.0,0.0
244.0,1.0,19.370811409321128,18.562895132598612,19.525107912044668,20.155970414891847,19.543270972833824,18.23053629426583,17.96013789283406,17.538478132566837,18.25328873486737,18.06170618412987,1.0,1.0,1.0,1.0,1.0,1.0,1.0,1.0,1.0,1.0
244.25,2.0,18.839869831742476,17.8432266102732,16.741487811657727,17.104868593299347,16.05288200000157,16.030943396760193,15.563024483593498,15.98526815120882,14.999213096194977,14.471080312385025,1.0,1.0,1.0,1.0,1.0,1.0,1.0,1.0,1.0,1.0
244.5,3.0,0.0,0.0,0.0,0.0,0.0,0.0,0.0,0.0,0.0,0.0,0.0,0.0,0.0,0.0,0.0,0.0,0.0,0.0,0.0,0.0
244.75,4.0,20.03927863456993,20.02862191273812,21.255016942425268,21.30745959311087,22.49150583396101,21.88538503898338,21.90171633777285,21.457009520659728,21.95425359051335,21.268815766811823,1.0,1.0,1.0,1.0,1.0,1.0,1.0,1.0,1.0,1.0
245.0,1.0,19.466529254570087,18.364696479759257,18.191134397065692,19.750301070793615,19.42811325499916,18.419507269895053,18.30317436495613,18.143253830643634,18.130444861138265,17.78951285364618,1.0,1.0,1.0,1.0,1.0,1.0,1.0,1.0,1.0,1.0
245.25,2.0,0.0,0.0,0.0,0.0,0.0,0.0,0.0,0.0,0.0,0.0,0.0,0.0,0.0,0.0,0.0,0.0,0.0,0.0,0.0,0.0
245.5,3.0,19.227141289104235,19.2491164130564,19.42814329003274,19.619357082983004,17.642752499777053,16.92335072830738,17.133663622819924,16.48006576157494,17.122033981684794,16.635611198385103,1.0,1.0,1.0,1.0,1.0,1.0,1.0,1.0,1.0,1.0
245.75,4.0,19.900339348650466,19.641145722769597,20.67821509811386,20.94560483237721,22.721425346396572,23.103587543633726,22.351483394355355,22.903093800832274,22.106640494270653,22.336460490271612,1.0,1.0,1.0,1.0,1.0,1.0,1.0,1.0,1.0,1.0
246.0,1.0,18.85103841820709,18.430175191348678,19.131269989120856,19.75367290318243,19.505542034308302,18.58739918758352,19.02028994795309,19.454017936137674,18.671121859421774,18.114433939140614,1.0,1.0,1.0,1.0,1.0,1.0,1.0,1.0,1.0,1.0
246.25,2.0,19.072612123535666,18.241296786395704,18.05674065631887,18.15319465296322,16.123284035906575,15.875286960910577,15.165415258967585,14.637881886203626,13.780106859361126,13.643436998296528,1.0,1.0,1.0,1.0,1.0,1.0,1.0,1.0,1.0,1.0
246.5,3.0,0.0,0.0,0.0,0.0,0.0,0.0,0.0,0.0,0.0,0.0,0.0,0.0,0.0,0.0,0.0,0.0,0.0,0.0,0.0,0.0
246.75,4.0,20.368090595525928,20.446963188803803,20.744969890326214,21.421454786674367,22.444187941026538,22.86000805143469,22.784252548266913,24.138119934245903,23.446039927864863,23.587126806850605,1.0,1.0,1.0,1.0,1.0,1.0,1.0,1.0,1.0,1.0
247.0,1.0,18.161118041028114,18.593949704863117,19.17005307173049,19.531089634975384,17.97307556162959,17.917244769086924,18.671002261086716,18.712217162112264,18.382824082593864,17.953957442800586,1.0,1.0,1.0,1.0,1.0,1.0,1.0,1.0,1.0,1.0
247.25,2.0,18.81209478863684,17.579688856206946,16.4909726922579,16.160274592273925,14.858046431329782,14.377832054311419,14.480184996854625,13.978180767801438,13.393516371187195,13.804941498647002,1.0,1.0,1.0,1.0,1.0,1.0,1.0,1.0,1.0,1.0
247.5,3.0,18.41113512788775,18.00813098385583,18.841177373292993,18.929719067496748,15.725364656781558,16.732939258180064,17.156717738995518,17.121634624661183,16.768779589666142,14.600166657315807,1.0,1.0,1.0,1.0,1.0,1.0,1.0,1.0,1.0,1.0
247.75,4.0,19.974098918697933,20.10999060434668,20.90094338598944,21.74731669579029,23.10877372524021,22.424461895219324,22.87094653147126,23.721192116749737,22.86903997637981,23.98155514669348,1.0,1.0,1.0,1.0,1.0,1.0,1.0,1.0,1.0,1.0
248.0,1.0,0.0,0.0,0.0,0.0,0.0,0.0,0.0,0.0,0.0,0.0,0.0,0.0,0.0,0.0,0.0,0.0,0.0,0.0,0.0,0.0
248.25,2.0,0.0,0.0,0.0,0.0,0.0,0.0,0.0,0.0,0.0,0.0,0.0,0.0,0.0,0.0,0.0,0.0,0.0,0.0,0.0,0.0
248.5,3.0,18.346407385943117,18.818704374045673,19.293146232913127,19.140744737898654,17.473027717820557,17.65443035069724,17.975333377944622,16.706566842280335,16.220842188256913,14.09482784405236,1.0,1.0,1.0,1.0,1.0,1.0,1.0,1.0,1.0,1.0
248.75,4.0,19.4681004502592,20.1607764664611,20.863507536744674,20.86421473075943,22.918699119947924,21.83632767861349,21.590984061059007,22.85949383034002,22.566794167400058,23.504016075210252,1.0,1.0,1.0,1.0,1.0,1.0,1.0,1.0,1.0,1.0
249.0,1.0,18.99808675854584,18.973721059304488,18.407246907967707,18.99228179071385,19.031871824632933,19.495869135264595,19.24056301724182,18.830072699312247,17.78213802596721,17.033268408598435,1.0,1.0,1.0,1.0,1.0,1.0,1.0,1.0,1.0,1.0
249.25,2.0,17.40196735227989,18.279265935107038,17.627007467285928,16.89467558453582,14.70560796200594,13.930829213099724,14.638222004738603,14.978956943477431,14.752468155779772,15.309835565619425,1.0,1.0,1.0,1.0,1.0,1.0,1.0,1.0,1.0,1.0
249.5,3.0,0.0,0.0,0.0,0.0,0.0,0.0,0.0,0.0,0.0,0.0,0.0,0.0,0.0,0.0,0.0,0.0,0.0,0.0,0.0,0.0
249.75,4.0,19.901383028765057,20.978802098738154,21.049895767363175,21.181974023398542,22.508177025567598,22.056208214113944,21.486708823334027,23.088066954982672,23.104309805346315,24.101754383636052,1.0,1.0,1.0,1.0,1.0,1.0,1.0,1.0,1.0,1.0
250.0,1.0,17.866624910795938,17.830150866672675,17.614484143703216,18.82775267829094,18.2462085648521,19.65060652060805,19.28470253547916,18.42260182747622,18.08621282274226,17.808900427092578,1.0,1.0,1.0,1.0,1.0,1.0,1.0,1.0,1.0,1.0
250.25,2.0,0.0,0.0,0.0,0.0,0.0,0.0,0.0,0.0,0.0,0.0,0.0,0.0,0.0,0.0,0.0,0.0,0.0,0.0,0.0,0.0
250.5,3.0,17.868018381359168,18.39277724140966,17.84856372812775,17.576466388010875,17.005955340864222,17.141949994259328,17.083875020856325,16.135524688071563,16.151927993404904,15.776357930849134,1.0,1.0,1.0,1.0,1.0,1.0,1.0,1.0,1.0,1.0
250.75,4.0,20.238590873223384,21.084226231616334,20.639396710420154,19.976172269215166,21.594500445773843,21.099148409140657,21.62550747356183,22.48379513436838,22.717980037303494,23.88120333500463,1.0,1.0,1.0,1.0,1.0,1.0,1.0,1.0,1.0,1.0
251.0,1.0,0.0,0.0,0.0,0.0,0.0,0.0,0.0,0.0,0.0,0.0,0.0,0.0,0.0,0.0,0.0,0.0,0.0,0.0,0.0,0.0
251.25,2.0,18.719602742814423,17.45222795033596,16.238248329247067,17.45360662414546,15.720446676157398,14.805295077230117,14.284788507236277,14.1562213216154,15.312947511209835,15.964215311905152,1.0,1.0,1.0,1.0,1.0,1.0,1.0,1.0,1.0,1.0
251.5,3.0,17.69803582713154,19.151074902418067,18.049825356274496,17.95971330058124,17.009763573723742,17.614366002507197,17.173845157606035,17.673175982479986,17.277779897543766,16.25085997235511,1.0,1.0,1.0,1.0,1.0,1.0,1.0,1.0,1.0,1.0
251.75,4.0,0.0,0.0,0.0,0.0,0.0,0.0,0.0,0.0,0.0,0.0,0.0,0.0,0.0,0.0,0.0,0.0,0.0,0.0,0.0,0.0
252.0,1.0,16.51788637103822,15.859670964707504,16.213132227707295,18.14863201359532,18.493995147710706,18.53289121695759,18.20506936793315,17.338871461491465,17.211548835860942,17.426490697770397,1.0,1.0,1.0,1.0,1.0,1.0,1.0,1.0,1.0,1.0
252.25,2.0,18.066133592782705,17.06809000302881,16.349479283619655,16.521379165977685,14.012776913623997,13.437739344059242,13.167122754971444,14.443621909620889,14.977448251791087,14.874389559560871,1.0,1.0,1.0,1.0,1.0,1.0,1.0,1.0,1.0,1.0
252.5,3.0,0.0,0.0,0.0,0.0,0.0,0.0,0.0,0.0,0.0,0.0,0.0,0.0,0.0,0.0,0.0,0.0,0.0,0.0,0.0,0.0
252.75,4.0,19.608837191791658,20.301862919425144,21.306104580840703,21.03313373466108,20.700144133722883,21.346945913755192,21.23359221182181,21.905576884320084,21.872282863688497,22.171595750180824,1.0,1.0,1.0,1.0,1.0,1.0,1.0,1.0,1.0,1.0
253.0,1.0,16.27594585119898,16.85704663970938,16.97062011985524,18.4024287963599,17.503776097218786,17.63191597616388,17.885943192719328,16.693303039678966,17.01298659918835,17.98039859001286,1.0,1.0,1.0,1.0,1.0,1.0,1.0,1.0,1.0,1.0
253.25,2.0,0.0,0.0,0.0,0.0,0.0,0.0,0.0,0.0,0.0,0.0,0.0,0.0,0.0,0.0,0.0,0.0,0.0,0.0,0.0,0.0
253.5,3.0,18.2497381247847,18.87360876555573,18.262341359877354,16.64394552924612,14.489192827945981,14.56368738030209,14.848909729963093,15.555000142312597,15.988843554773888,17.028422791944237,1.0,1.0,1.0,1.0,1.0,1.0,1.0,1.0,1.0,1.0
253.75,4.0,19.83783157967618,21.266995458322963,20.884715703312935,20.07410315796092,20.232336418967094,21.523667411451807,20.95345414951774,21.088413245419858,20.191302640750038,20.001982048994318,1.0,1.0,1.0,1.0,1.0,1.0,1.0,1.0,1.0,1.0
254.0,1.0,17.811472157028664,18.558358218876688,17.92604557470626,17.521205643674357,17.17532702503726,17.474530614251865,16.874784455766143,17.176754826615113,16.92129168447497,17.271420268008274,1.0,1.0,1.0,1.0,1.0,1.0,1.0,1.0,1.0,1.0
254.25,2.0,17.142112696133783,16.08778245924072,15.407884071021726,15.83236409011474,14.447105140912152,14.63789717467107,14.70313459713575,14.621248424904532,16.017682898831687,17.230547774806297,1.0,1.0,1.0,1.0,1.0,1.0,1.0,1.0,1.0,1.0
254.5,3.0,0.0,0.0,0.0,0.0,0.0,0.0,0.0,0.0,0.0,0.0,0.0,0.0,0.0,0.0,0.0,0.0,0.0,0.0,0.0,0.0
254.75,4.0,19.061416571972345,20.53464633204323,20.077187176432925,19.118702187848662,19.158377188222648,20.519752072700538,19.960764565979456,19.439970912452317,18.810595128952205,18.280905190767285,1.0,1.0,1.0,1.0,1.0,1.0,1.0,1.0,1.0,1.0
255.0,1.0,17.61066229749064,18.14228823963551,16.379154617374752,17.28079194863812,18.00816675128728,17.559731799058312,17.434951947785898,17.13811658357712,16.930444906473934,16.696076987192424,1.0,1.0,1.0,1.0,1.0,1.0,1.0,1.0,1.0,1.0
255.25,2.0,16.14318988383319,16.166805212220694,15.818897492418653,15.483229850891327,15.293188257035352,15.618693761944874,15.292237747697161,16.896586401438306,17.39595640990888,18.747048058894922,1.0,1.0,1.0,1.0,1.0,1.0,1.0,1.0,1.0,1.0
255.5,3.0,17.41564246214835,16.784553131777393,15.825584303567178,15.65080397284171,15.078031063687707,16.287567583136706,16.278081798927797,16.4247827781801,16.261629602856647,15.864508928491729,1.0,1.0,1.0,1.0,1.0,1.0,1.0,1.0,1.0,1.0
255.75,4.0,18.792969536175203,19.7013177411266,20.64921448644027,19.72288925046058,19.868347944478987,20.119107602694733,18.621885613932385,17.9226862565711,17.907166203813617,16.813898430391554,1.0,1.0,1.0,1.0,1.0,1.0,1.0,1.0,1.0,1.0
256.0,1.0,0.0,0.0,0.0,0.0,0.0,0.0,0.0,0.0,0.0,0.0,0.0,0.0,0.0,0.0,0.0,0.0,0.0,0.0,0.0,0.0
256.25,2.0,0.0,0.0,0.0,0.0,0.0,0.0,0.0,0.0,0.0,0.0,0.0,0.0,0.0,0.0,0.0,0.0,0.0,0.0,0.0,0.0
256.5,3.0,16.319590330335302,15.995824141296623,16.060100620406445,17.185870743531144,16.754100698840684,16.81727024302918,16.702239036380387,16.361010717336516,17.007405134622665,17.236726922516844,1.0,1.0,1.0,1.0,1.0,1.0,1.0,1.0,1.0,1.0
256.75,4.0,0.0,0.0,0.0,0.0,0.0,0.0,0.0,0.0,0.0,0.0,0.0,0.0,0.0,0.0,0.0,0.0,0.0,0.0,0.0,0.0
257.0,1.0,16.182146195252443,15.309901595862032,15.65797760909829,17.39178312527292,16.578766966967283,16.626772023414425,17.093901223479502,16.489563560450037,16.82958169529705,16.774371460062444,1.0,1.0,1.0,1.0,1.0,1.0,1.0,1.0,1.0,1.0
257.25,2.0,16.929192793313337,15.655692624855893,14.788057858421748,13.632507568853832,15.972614779685104,17.191315332098515,18.297304101248397,18.951005473826324,18.855034079861074,18.452332685073657,1.0,1.0,1.0,1.0,1.0,1.0,1.0,1.0,1.0,1.0
257.5,3.0,0.0,0.0,0.0,0.0,0.0,0.0,0.0,0.0,0.0,0.0,0.0,0.0,0.0,0.0,0.0,0.0,0.0,0.0,0.0,0.0
257.75,4.0,19.08559902414019,18.973465083567433,18.72101116518357,19.487218091231668,18.42743515373258,18.996787939597887,17.435085837721655,16.962077708933716,16.37894039833852,16.19522496341828,1.0,1.0,1.0,1.0,1.0,1.0,1.0,1.0,1.0,1.0
258.0,1.0,15.664410816187399,15.822814298620802,15.992416529376182,17.281800386674753,16.49760858746916,17.030146919008608,17.855325205591278,17.271140374691033,16.81127905064968,16.655324589750588,1.0,1.0,1.0,1.0,1.0,1.0,1.0,1.0,1.0,1.0
258.25,2.0,0.0,0.0,0.0,0.0,0.0,0.0,0.0,0.0,0.0,0.0,0.0,0.0,0.0,0.0,0.0,0.0,0.0,0.0,0.0,0.0
258.5,3.0,16.91839999482954,16.47690529179047,16.199222893148427,17.78037034375231,16.79346764330688,17.301956517047227,18.331656968120992,17.960461126152545,18.252852238167698,17.739211795177948,1.0,1.0,1.0,1.0,1.0,1.0,1.0,1.0,1.0,1.0
258.75,4.0,18.92549455598191,18.71876126671319,18.23901226625439,18.898804000876186,18.11109561860028,18.4312156449537,16.612587519837614,16.11815909490383,15.863695344225704,15.752431843523386,1.0,1.0,1.0,1.0,1.0,1.0,1.0,1.0,1.0,1.0
259.0,1.0,0.0,0.0,0.0,0.0,0.0,0.0,0.0,0.0,0.0,0.0,0.0,0.0,0.0,0.0,0.0,0.0,0.0,0.0,0.0,0.0
259.25,2.0,16.747199612455137,17.385197726756527,16.040682533612014,16.9751751617835,18.793256199144473,18.840860451829105,18.216629445819972,18.377660626362953,18.593367034384173,18.799901424051473,1.0,1.0,1.0,1.0,1.0,1.0,1.0,1.0,1.0,1.0
259.5,3.0,0.0,0.0,0.0,0.0,0.0,0.0,0.0,0.0,0.0,0.0,0.0,0.0,0.0,0.0,0.0,0.0,0.0,0.0,0.0,0.0
259.75,4.0,0.0,0.0,0.0,0.0,0.0,0.0,0.0,0.0,0.0,0.0,0.0,0.0,0.0,0.0,0.0,0.0,0.0,0.0,0.0,0.0
260.0,1.0,15.400469566806487,16.17548760072177,16.568776862991033,17.675622418208526,16.4120278842197,16.35070380382982,16.528470089582378,16.284951835786853,15.763313255004357,15.603457511683729,1.0,1.0,1.0,1.0,1.0,1.0,1.0,1.0,1.0,1.0
260.25,2.0,16.235787827835786,16.981058826745787,16.315796505698707,15.827456648526802,17.69503654407522,17.765308756169148,17.727790881113776,17.87795257503686,17.569530597444516,18.152789675507755,1.0,1.0,1.0,1.0,1.0,1.0,1.0,1.0,1.0,1.0
260.5,3.0,0.0,0.0,0.0,0.0,0.0,0.0,0.0,0.0,0.0,0.0,0.0,0.0,0.0,0.0,0.0,0.0,0.0,0.0,0.0,0.0
260.75,4.0,18.827875447223146,18.16251042395564,17.232790096200848,17.10989290204754,15.912277816131075,17.150927927413903,17.025710548968533,16.166367511776947,15.400601103543318,15.358705557184702,1.0,1.0,1.0,1.0,1.0,1.0,1.0,1.0,1.0,1.0
261.0,1.0,15.525179938616898,16.44142616566407,15.390789550709465,16.502017076732127,15.914688956725435,15.597737224479655,15.818356631061745,15.89326897260196,16.342015397596267,16.43687945450025,1.0,1.0,1.0,1.0,1.0,1.0,1.0,1.0,1.0,1.0
261.25,2.0,0.0,0.0,0.0,0.0,0.0,0.0,0.0,0.0,0.0,0.0,0.0,0.0,0.0,0.0,0.0,0.0,0.0,0.0,0.0,0.0
261.5,3.0,16.51906959809542,15.040284145534029,14.954457571912188,15.433633920982784,15.906989536515963,16.035454570976274,16.15420235242779,16.03258392896421,15.966717553249202,14.984388747685713,1.0,1.0,1.0,1.0,1.0,1.0,1.0,1.0,1.0,1.0
261.75,4.0,17.0477235951194,17.396914150485433,16.153031085194502,16.294409171801085,15.87099097322302,16.42402705682064,16.605660482903676,15.885657817852564,15.218592209819159,15.237166817421906,1.0,1.0,1.0,1.0,1.0,1.0,1.0,1.0,1.0,1.0
262.0,1.0,15.772923641235087,16.218639919983374,16.343473445738685,17.001889635379495,15.6782499159826,15.472513314821606,15.416665774130054,15.97812921239934,17.2150115827426,17.304196837899365,1.0,1.0,1.0,1.0,1.0,1.0,1.0,1.0,1.0,1.0
262.25,2.0,16.937938295435124,14.886230279276226,14.613679568149733,16.37222769354004,17.670256240052883,16.76100214480986,16.464253198244663,16.938268780682165,16.938454102652315,16.881274974840373,1.0,1.0,1.0,1.0,1.0,1.0,1.0,1.0,1.0,1.0
262.5,3.0,0.0,0.0,0.0,0.0,0.0,0.0,0.0,0.0,0.0,0.0,0.0,0.0,0.0,0.0,0.0,0.0,0.0,0.0,0.0,0.0
262.75,4.0,16.579131664909685,15.627612022756708,15.828312011052057,15.454356631102716,15.415094672992188,16.381616107487886,16.04922269555087,15.530891978537522,15.436918422755571,13.932517135546021,1.0,1.0,1.0,1.0,1.0,1.0,1.0,1.0,1.0,1.0
263.0,1.0,15.95101025062153,16.49269371679962,16.140357127627084,16.230178692210966,15.01571269950227,15.664231869356003,15.759389485057095,17.175049717932712,17.456302805768047,17.585136971816866,1.0,1.0,1.0,1.0,1.0,1.0,1.0,1.0,1.0,1.0
263.25,2.0,0.0,0.0,0.0,0.0,0.0,0.0,0.0,0.0,0.0,0.0,0.0,0.0,0.0,0.0,0.0,0.0,0.0,0.0,0.0,0.0
263.5,3.0,16.780692935203582,14.455523916280868,14.003265803200035,14.41128495228379,13.191204866977644,14.663503218346552,15.620298684818712,14.901611640537086,14.405375822861174,13.787839755545397,1.0,1.0,1.0,1.0,1.0,1.0,1.0,1.0,1.0,1.0
263.75,4.0,16.646207969013968,15.281167032438757,16.318158082772875,15.153675311662882,15.34905814926842,16.699158526734468,16.565592540472558,15.949084046244625,14.31375981929922,13.247823589290496,1.0,1.0,1.0,1.0,1.0,1.0,1.0,1.0,1.0,1.0
264.0,1.0,0.0,0.0,0.0,0.0,0.0,0.0,0.0,0.0,0.0,0.0,0.0,0.0,0.0,0.0,0.0,0.0,0.0,0.0,0.0,0.0
264.25,2.0,0.0,0.0,0.0,0.0,0.0,0.0,0.0,0.0,0.0,0.0,0.0,0.0,0.0,0.0,0.0,0.0,0.0,0.0,0.0,0.0
264.5,3.0,14.661272980534925,15.224332601290463,15.057634769783375,14.305800191536013,14.101596469372886,15.57448222669821,15.687040498662538,15.608186325350262,16.600114994895822,15.39680387605614,1.0,1.0,1.0,1.0,1.0,1.0,1.0,1.0,1.0,1.0
264.75,4.0,0.0,0.0,0.0,0.0,0.0,0.0,0.0,0.0,0.0,0.0,0.0,0.0,0.0,0.0,0.0,0.0,0.0,0.0,0.0,0.0
265.0,1.0,16.07207267900114,16.33525807728211,14.755327599209696,15.592158845583851,13.770290394360964,14.97587196892747,14.934958397944401,14.848333736663495,15.403428645789703,15.089071370621937,1.0,1.0,1.0,1.0,1.0,1.0,1.0,1.0,1.0,1.0
265.25,2.0,16.189163076555225,16.078418968879372,15.81346949238846,17.34040683034414,17.25853191328286,15.440106047047598,15.620411788827663,15.20201803299301,15.363197745856224,15.590942100464693,1.0,1.0,1.0,1.0,1.0,1.0,1.0,1.0,1.0,1.0
265.5,3.0,0.0,0.0,0.0,0.0,0.0,0.0,0.0,0.0,0.0,0.0,0.0,0.0,0.0,0.0,0.0,0.0,0.0,0.0,0.0,0.0
265.75,4.0,15.771816563842663,15.399342439107501,15.958516372379652,14.63627915771091,13.809586083684565,14.888890230990555,13.172875632544573,13.412848630406884,12.237294753658519,11.99216426055256,1.0,1.0,1.0,1.0,1.0,1.0,1.0,1.0,1.0,1.0
266.0,1.0,15.734338397435332,16.106956099678367,15.698999932593503,15.599972617573279,13.742593751865309,13.778524905460127,14.506328597917419,14.241297054927013,14.85001348021831,15.403737258363076,1.0,1.0,1.0,1.0,1.0,1.0,1.0,1.0,1.0,1.0
266.25,2.0,0.0,0.0,0.0,0.0,0.0,0.0,0.0,0.0,0.0,0.0,0.0,0.0,0.0,0.0,0.0,0.0,0.0,0.0,0.0,0.0
266.5,3.0,16.027157704372165,14.95031478288288,15.2029739291527,16.719874091609363,14.798888289589462,15.37595334008822,15.705654069108194,15.340348322112856,16.031185138466736,16.111331178683564,1.0,1.0,1.0,1.0,1.0,1.0,1.0,1.0,1.0,1.0
266.75,4.0,15.102197019013902,15.546011017477454,15.163272704808216,13.920184198356132,13.972943753567323,14.164325876554484,12.809086602849108,12.571985853533787,12.010655059379717,11.934955390752895,1.0,1.0,1.0,1.0,1.0,1.0,1.0,1.0,1.0,1.0
267.0,1.0,0.0,0.0,0.0,0.0,0.0,0.0,0.0,0.0,0.0,0.0,0.0,0.0,0.0,0.0,0.0,0.0,0.0,0.0,0.0,0.0
267.25,2.0,17.48955458414151,17.404991834138254,16.109332784802973,16.68412156718137,17.61994778237067,16.57400297701808,16.394703631039143,15.51050055201356,16.16693763098613,15.458047228378664,1.0,1.0,1.0,1.0,1.0,1.0,1.0,1.0,1.0,1.0
267.5,3.0,0.0,0.0,0.0,0.0,0.0,0.0,0.0,0.0,0.0,0.0,0.0,0.0,0.0,0.0,0.0,0.0,0.0,0.0,0.0,0.0
267.75,4.0,0.0,0.0,0.0,0.0,0.0,0.0,0.0,0.0,0.0,0.0,0.0,0.0,0.0,0.0,0.0,0.0,0.0,0.0,0.0,0.0
268.0,1.0,16.37895394904462,14.595124861991584,14.58257622219659,14.686585216741724,12.29615486038331,12.755217638191944,12.44602339994249,12.314525161529307,13.109318671961988,13.991198453280466,1.0,1.0,1.0,1.0,1.0,1.0,1.0,1.0,1.0,1.0
268.25,2.0,16.795937088931915,16.886031467937265,16.01361932774511,16.958845533931143,18.07536158607215,18.120369142738898,17.510846383589623,16.101967284331522,17.021134374111696,16.32709551584201,1.0,1.0,1.0,1.0,1.0,1.0,1.0,1.0,1.0,1.0
268.5,3.0,0.0,0.0,0.0,0.0,0.0,0.0,0.0,0.0,0.0,0.0,0.0,0.0,0.0,0.0,0.0,0.0,0.0,0.0,0.0,0.0
268.75,4.0,14.535575538137776,14.312334149634552,13.293580216580414,11.725163275694669,12.178332361202818,13.954122649816288,13.537773799717648,14.345707948571993,13.822163318935376,13.918232039394308,1.0,1.0,1.0,1.0,1.0,1.0,1.0,1.0,1.0,1.0
269.0,1.0,14.579692850203573,13.672793489934826,14.432801217385142,13.65106464648327,12.66219334706585,14.756858543603927,14.368853901837397,14.428479210911723,14.851856781695417,13.9813266456904,1.0,1.0,1.0,1.0,1.0,1.0,1.0,1.0,1.0,1.0
269.25,2.0,0.0,0.0,0.0,0.0,0.0,0.0,0.0,0.0,0.0,0.0,0.0,0.0,0.0,0.0,0.0,0.0,0.0,0.0,0.0,0.0
269.5,3.0,13.991977726413875,13.73371690449912,13.81237580262594,14.043747195330749,13.813032677666024,14.655376015369589,15.566790535094235,14.075061918617077,12.729882860299481,12.265635757877359,1.0,1.0,1.0,1.0,1.0,1.0,1.0,1.0,1.0,1.0
269.75,4.0,14.426414359655315,13.03983432116949,13.043505816608763,12.96150261237274,13.31216635247324,14.63514404254642,14.291719932641502,14.050595084293121,13.2805391779147,13.518962323323477,1.0,1.0,1.0,1.0,1.0,1.0,1.0,1.0,1.0,1.0
270.0,1.0,13.83369522129764,14.746292017779771,14.676541518604557,14.322844475529717,13.859116129304978,15.59085413109053,13.75208193628008,13.926363106082569,12.815624998896618,13.067379650947379,1.0,1.0,1.0,1.0,1.0,1.0,1.0,1.0,1.0,1.0
270.25,2.0,16.147141344810198,16.496596292365528,16.1697109797414,17.562896308254768,17.259920838576107,17.328184216309623,17.230286222681567,15.95976188604893,17.154573230807674,15.51506922487088,1.0,1.0,1.0,1.0,1.0,1.0,1.0,1.0,1.0,1.0
270.5,3.0,0.0,0.0,0.0,0.0,0.0,0.0,0.0,0.0,0.0,0.0,0.0,0.0,0.0,0.0,0.0,0.0,0.0,0.0,0.0,0.0
270.75,4.0,14.353959265108834,12.446421874810362,14.178731063385179,13.53603106454586,12.72896194041307,14.70210829942463,14.43516592817225,14.967574414555573,14.649121717926,14.74889256319762,1.0,1.0,1.0,1.0,1.0,1.0,1.0,1.0,1.0,1.0
271.0,1.0,15.473952816205289,15.339035259186431,14.700316986850709,15.275816858331634,13.691544889767341,14.678816807126891,12.887925206757345,12.771631728943152,11.997874350146585,12.70425930092473,1.0,1.0,1.0,1.0,1.0,1.0,1.0,1.0,1.0,1.0
271.25,2.0,0.0,0.0,0.0,0.0,0.0,0.0,0.0,0.0,0.0,0.0,0.0,0.0,0.0,0.0,0.0,0.0,0.0,0.0,0.0,0.0
271.5,3.0,14.911548584861128,15.40954231373895,14.950866032000405,13.881301307575423,12.681821412159069,12.113804620398213,11.715720559060916,12.114581257994406,11.632920511492026,11.943086576757153,1.0,1.0,1.0,1.0,1.0,1.0,1.0,1.0,1.0,1.0
271.75,4.0,14.508109861418252,12.843867653278027,14.7585523768775,14.949492622428107,13.385477611427374,15.466080843804876,15.788168649218461,16.950215250917587,15.878476321121738,17.26708085321938,1.0,1.0,1.0,1.0,1.0,1.0,1.0,1.0,1.0,1.0
272.0,1.0,0.0,0.0,0.0,0.0,0.0,0.0,0.0,0.0,0.0,0.0,0.0,0.0,0.0,0.0,0.0,0.0,0.0,0.0,0.0,0.0
272.25,2.0,0.0,0.0,0.0,0.0,0.0,0.0,0.0,0.0,0.0,0.0,0.0,0.0,0.0,0.0,0.0,0.0,0.0,0.0,0.0,0.0
272.5,3.0,16.24303253618486,16.947920024405988,14.15533297857231,13.261115829466434,12.404100300163721,11.373387367645856,11.66592760101382,12.38406063835243,12.566950578127305,12.692876098485138,1.0,1.0,1.0,1.0,1.0,1.0,1.0,1.0,1.0,1.0
272.75,4.0,0.0,0.0,0.0,0.0,0.0,0.0,0.0,0.0,0.0,0.0,0.0,0.0,0.0,0.0,0.0,0.0,0.0,0.0,0.0,0.0
273.0,1.0,15.295643806916557,15.915907918111316,16.690721260693937,15.956826131220568,10.783074183823754,11.809058076771741,10.959666148258751,12.051039658112407,12.87453866274081,12.975985628904397,1.0,1.0,1.0,1.0,1.0,1.0,1.0,1.0,1.0,1.0
273.25,2.0,16.136318952055223,16.28621817375114,16.46916026025625,16.749254159572228,15.278181481682383,14.755393274080484,14.126305306397045,13.650676395733523,15.3265277344725,14.703327303903063,1.0,1.0,1.0,1.0,1.0,1.0,1.0,1.0,1.0,1.0
273.5,3.0,0.0,0.0,0.0,0.0,0.0,0.0,0.0,0.0,0.0,0.0,0.0,0.0,0.0,0.0,0.0,0.0,0.0,0.0,0.0,0.0
273.75,4.0,14.252850995190975,14.291056072842359,15.56334419630547,14.929602938273172,15.126927826139013,16.942364136760624,16.898533393432928,17.14817964586431,17.081902471107895,17.962220634538415,1.0,1.0,1.0,1.0,1.0,1.0,1.0,1.0,1.0,1.0
274.0,1.0,15.443749396500264,15.440852381519237,16.658972811844347,15.855758416468372,12.420487204879402,12.22175509452889,12.06526594296909,13.192664171393815,14.139867237018246,13.319605712225327,1.0,1.0,1.0,1.0,1.0,1.0,1.0,1.0,1.0,1.0
274.25,2.0,0.0,0.0,0.0,0.0,0.0,0.0,0.0,0.0,0.0,0.0,0.0,0.0,0.0,0.0,0.0,0.0,0.0,0.0,0.0,0.0
274.5,3.0,17.039656093486187,14.99512960341801,14.264171461204816,12.632582420794202,13.206382295091307,12.875777954432394,12.106111826845519,11.776091981274256,12.74040459846904,12.980580663768944,1.0,1.0,1.0,1.0,1.0,1.0,1.0,1.0,1.0,1.0
274.75,4.0,14.066243402960408,15.14371987596009,14.73679262473537,14.810136247134105,15.445301424928616,17.07795390469192,17.32163208242308,18.271589372090258,18.70541063816479,19.899881323901695,1.0,1.0,1.0,1.0,1.0,1.0,1.0,1.0,1.0,1.0
275.0,1.0,0.0,0.0,0.0,0.0,0.0,0.0,0.0,0.0,0.0,0.0,0.0,0.0,0.0,0.0,0.0,0.0,0.0,0.0,0.0,0.0
275.25,2.0,16.722812761068635,18.29419014874296,17.242966724538306,16.77911832464253,16.544076463396735,16.976623101150924,15.100397174483307,14.99680319955505,15.159311119721517,14.476549905584875,1.0,1.0,1.0,1.0,1.0,1.0,1.0,1.0,1.0,1.0
275.5,3.0,0.0,0.0,0.0,0.0,0.0,0.0,0.0,0.0,0.0,0.0,0.0,0.0,0.0,0.0,0.0,0.0,0.0,0.0,0.0,0.0
275.75,4.0,0.0,0.0,0.0,0.0,0.0,0.0,0.0,0.0,0.0,0.0,0.0,0.0,0.0,0.0,0.0,0.0,0.0,0.0,0.0,0.0
276.0,1.0,16.845943508088848,15.766073086977977,14.682894904204472,14.301205796908665,12.94226844289638,13.549773321916755,12.220711798042622,13.3316571048315,13.411746761431331,12.751116756820856,1.0,1.0,1.0,1.0,1.0,1.0,1.0,1.0,1.0,1.0
276.25,2.0,16.851062218898903,17.193544725334274,15.992929093723259,17.50001543916257,16.373932939889997,16.038809579494362,14.650094767611504,14.608858978684367,15.080181091217396,14.12359766568413,1.0,1.0,1.0,1.0,1.0,1.0,1.0,1.0,1.0,1.0
276.5,3.0,16.461240730159965,15.064968231369566,14.342237853452403,13.841752196779003,12.37824128956758,13.77093463714529,14.87681511439479,15.293815445879172,14.68238657280673,15.237105318974193,1.0,1.0,1.0,1.0,1.0,1.0,1.0,1.0,1.0,1.0
276.75,4.0,15.543365612196931,16.301940520824044,15.982563363551023,14.850116707768143,17.37438090921975,19.43456174899472,20.452171588526376,21.076736060551898,21.356506076435725,21.62528134727326,1.0,1.0,1.0,1.0,1.0,1.0,1.0,1.0,1.0,1.0
277.0,1.0,16.04099904585301,15.541639013375681,15.06215207405944,13.815794202745028,11.83501538612079,12.425044486530458,12.105093936119399,12.89588750180618,13.6691440067111,12.790824247233317,1.0,1.0,1.0,1.0,1.0,1.0,1.0,1.0,1.0,1.0
277.25,2.0,0.0,0.0,0.0,0.0,0.0,0.0,0.0,0.0,0.0,0.0,0.0,0.0,0.0,0.0,0.0,0.0,0.0,0.0,0.0,0.0
277.5,3.0,16.57287631313628,14.7796126896171,14.865427139314669,15.272345873635967,13.678507618369734,14.814616283218085,14.911918064419936,15.440034656984935,14.308739743656549,14.65531799685308,1.0,1.0,1.0,1.0,1.0,1.0,1.0,1.0,1.0,1.0
277.75,4.0,15.791305370406077,16.58912859653241,15.907878838681786,17.11818399122057,18.80945836881627,20.206941433327763,20.921175828877928,20.866325719119473,20.41678755233149,20.797599922254243,1.0,1.0,1.0,1.0,1.0,1.0,1.0,1.0,1.0,1.0
278.0,1.0,15.942932732990197,15.373128440577391,14.342546534742716,12.852698114561631,11.4996461830533,12.524392709687671,11.417583133904511,12.469611639187285,12.923452408329434,12.089472706016018,1.0,1.0,1.0,1.0,1.0,1.0,1.0,1.0,1.0,1.0
278.25,2.0,15.438283153496895,15.603680430900598,15.503778802913926,15.838264001551938,14.588106904430745,14.506204315672324,14.52635494338329,14.077945023990752,14.434907605951249,13.926427813300718,1.0,1.0,1.0,1.0,1.0,1.0,1.0,1.0,1.0,1.0
278.5,3.0,0.0,0.0,0.0,0.0,0.0,0.0,0.0,0.0,0.0,0.0,0.0,0.0,0.0,0.0,0.0,0.0,0.0,0.0,0.0,0.0
278.75,4.0,16.152294031411657,16.767554057578135,17.812757411534573,18.83468695661069,19.127167753470367,19.66288795782132,19.742075188202392,20.210725620773673,19.914992592470647,20.369754591687183,1.0,1.0,1.0,1.0,1.0,1.0,1.0,1.0,1.0,1.0
279.0,1.0,15.695255705566575,14.423846753821076,13.892829360581326,12.080932556405033,10.746018862135672,11.00613447504049,10.400975441891942,10.992693650475543,12.170343317890122,11.900148724911181,1.0,1.0,1.0,1.0,1.0,1.0,1.0,1.0,1.0,1.0
279.25,2.0,0.0,0.0,0.0,0.0,0.0,0.0,0.0,0.0,0.0,0.0,0.0,0.0,0.0,0.0,0.0,0.0,0.0,0.0,0.0,0.0
279.5,3.0,14.661120559848262,13.924718832436294,13.809868049196867,15.241387870333556,15.803783896400104,16.745410852030055,16.204631789137665,15.574894083084521,14.394008234028137,15.04977926164809,1.0,1.0,1.0,1.0,1.0,1.0,1.0,1.0,1.0,1.0
279.75,4.0,15.74634437329472,16.8256085431277,17.89056925459158,18.37746027503116,19.02926338914142,19.134567432832817,20.014058325720296,19.28293237447149,19.067977489759667,18.98157118400239,1.0,1.0,1.0,1.0,1.0,1.0,1.0,1.0,1.0,1.0
280.0,1.0,0.0,0.0,0.0,0.0,0.0,0.0,0.0,0.0,0.0,0.0,0.0,0.0,0.0,0.0,0.0,0.0,0.0,0.0,0.0,0.0
280.25,2.0,13.15112804471507,14.073617740811384,14.248773626467893,15.97181466715147,14.369699076055763,14.429525582294136,13.865098796115003,13.483361481018129,14.125239769474547,13.856486649740352,1.0,1.0,1.0,1.0,1.0,1.0,1.0,1.0,1.0,1.0
280.5,3.0,14.007411291637286,12.662208637665461,14.381538523734088,16.337634874497585,16.43043388995627,16.769751433809603,15.519789101552728,15.221517943226994,15.183773088459732,15.152086348928306,1.0,1.0,1.0,1.0,1.0,1.0,1.0,1.0,1.0,1.0
280.75,4.0,0.0,0.0,0.0,0.0,0.0,0.0,0.0,0.0,0.0,0.0,0.0,0.0,0.0,0.0,0.0,0.0,0.0,0.0,0.0,0.0
281.0,1.0,14.55035619176893,12.985503182404944,12.191049695796604,11.925376872990979,10.739068311708376,12.001967849704013,11.68946472032929,12.830843315973032,14.424368958064369,13.891604611079922,1.0,1.0,1.0,1.0,1.0,1.0,1.0,1.0,1.0,1.0
281.25,2.0,13.502750834409824,13.759608802700491,15.892221389511127,16.49138418139963,13.873085751660783,13.191688014099213,13.308530507968614,13.150745320160748,14.69656482616579,14.192186081998221,1.0,1.0,1.0,1.0,1.0,1.0,1.0,1.0,1.0,1.0
281.5,3.0,0.0,0.0,0.0,0.0,0.0,0.0,0.0,0.0,0.0,0.0,0.0,0.0,0.0,0.0,0.0,0.0,0.0,0.0,0.0,0.0
281.75,4.0,15.68784781193439,16.104444844718056,16.60117375196724,17.23124320188647,18.289999887324605,18.460292062755457,18.521303941598873,18.43917673968654,18.620936989958572,19.167627008651134,1.0,1.0,1.0,1.0,1.0,1.0,1.0,1.0,1.0,1.0
282.0,1.0,13.570768205417242,13.089193959318656,12.439714808278476,11.569284178154568,11.479221084694828,13.134846536710828,12.783925358678319,13.713583042391054,14.628722876587704,14.619227281883136,1.0,1.0,1.0,1.0,1.0,1.0,1.0,1.0,1.0,1.0
282.25,2.0,0.0,0.0,0.0,0.0,0.0,0.0,0.0,0.0,0.0,0.0,0.0,0.0,0.0,0.0,0.0,0.0,0.0,0.0,0.0,0.0
282.5,3.0,13.731199053000594,12.920633232252317,15.307805138957528,15.443973650776154,15.158044812898467,15.937980577289089,16.513417522327046,17.428296317466756,17.332415794490025,17.39790002414832,1.0,1.0,1.0,1.0,1.0,1.0,1.0,1.0,1.0,1.0
282.75,4.0,15.52806109009638,15.595708505593711,16.611264334923188,17.81518665299924,18.878834709927816,17.988773221829657,18.9746943931512,18.455523726258043,19.362382003483656,18.75436620455263,1.0,1.0,1.0,1.0,1.0,1.0,1.0,1.0,1.0,1.0
283.0,1.0,13.958662175116206,13.50480066944405,12.891250690268691,11.764763007406918,11.92073253462081,13.110437165309813,13.88924852446685,14.474068515536363,15.103732213968502,15.426267307080714,1.0,1.0,1.0,1.0,1.0,1.0,1.0,1.0,1.0,1.0
283.25,2.0,13.515149893819695,15.071063763308487,15.934913224995704,14.509402587061045,13.406118624692054,13.870080301200542,14.72464303600712,15.172688117829136,16.553110142567522,16.86441939584198,1.0,1.0,1.0,1.0,1.0,1.0,1.0,1.0,1.0,1.0
283.5,3.0,0.0,0.0,0.0,0.0,0.0,0.0,0.0,0.0,0.0,0.0,0.0,0.0,0.0,0.0,0.0,0.0,0.0,0.0,0.0,0.0
283.75,4.0,0.0,0.0,0.0,0.0,0.0,0.0,0.0,0.0,0.0,0.0,0.0,0.0,0.0,0.0,0.0,0.0,0.0,0.0,0.0,0.0
284.0,1.0,14.144836302747247,12.874470034671969,11.762427356922224,11.726221884265167,12.077081214345373,12.911480997311141,13.339046560551031,14.926246229332719,14.849220832460043,15.517791030358847,1.0,1.0,1.0,1.0,1.0,1.0,1.0,1.0,1.0,1.0
284.25,2.0,13.649438513925801,15.089720982416997,15.489056374260416,15.751235592922407,14.672458300461964,15.129263637283826,15.618243136680459,15.873193140511766,17.393068595645307,17.360966548619277,1.0,1.0,1.0,1.0,1.0,1.0,1.0,1.0,1.0,1.0
284.5,3.0,14.779976310977554,16.4272947392924,16.926344781671755,16.105921879178723,14.923159935497676,16.763562660161696,17.116842418302213,17.324568631386327,16.962847462610977,16.798619682690973,1.0,1.0,1.0,1.0,1.0,1.0,1.0,1.0,1.0,1.0
284.75,4.0,14.955494583167203,14.738052593889496,17.08631669264525,17.77572728407605,18.106875508735268,18.51688866462322,18.1758148025163,17.924576999336768,17.90376135938792,17.86876954541035,1.0,1.0,1.0,1.0,1.0,1.0,1.0,1.0,1.0,1.0
285.0,1.0,14.238902182369493,13.281931365142176,12.14293749462382,13.067839127291759,12.435174607758324,13.322690807494523,13.558352500253637,13.344396729446098,14.913771169197348,15.185170849392913,1.0,1.0,1.0,1.0,1.0,1.0,1.0,1.0,1.0,1.0
285.25,2.0,0.0,0.0,0.0,0.0,0.0,0.0,0.0,0.0,0.0,0.0,0.0,0.0,0.0,0.0,0.0,0.0,0.0,0.0,0.0,0.0
285.5,3.0,14.865903696696156,15.815476739703705,15.88974883929105,16.529922107095846,15.476840136698664,15.480780489528001,16.27507240347362,17.119544699764376,17.486134774194664,18.231916166379342,1.0,1.0,1.0,1.0,1.0,1.0,1.0,1.0,1.0,1.0
285.75,4.0,15.571152118337546,15.706662032339459,17.609055845058787,17.96389440816524,17.139738144489577,17.84783883389404,17.782336714704485,17.324173631123642,17.853903906820868,17.81535611965315,1.0,1.0,1.0,1.0,1.0,1.0,1.0,1.0,1.0,1.0
286.0,1.0,13.263550717907592,12.363105017630172,13.221959938654706,13.488503792773134,12.811185183002197,13.74169260195111,13.342238261724582,13.597086677928747,14.713096015416115,15.649843105911948,1.0,1.0,1.0,1.0,1.0,1.0,1.0,1.0,1.0,1.0
286.25,2.0,14.038901320634594,14.899905927747284,14.533489131696566,13.979829066985479,16.234021031649906,16.593438584968258,17.036849271460223,16.577023972739482,17.238823165897827,16.640875413120632,1.0,1.0,1.0,1.0,1.0,1.0,1.0,1.0,1.0,1.0
286.5,3.0,0.0,0.0,0.0,0.0,0.0,0.0,0.0,0.0,0.0,0.0,0.0,0.0,0.0,0.0,0.0,0.0,0.0,0.0,0.0,0.0
286.75,4.0,15.937574758822207,16.443487561800154,18.42903272917007,17.985464292709462,16.87085580838552,18.599479622467907,19.23022417663792,18.462485105819308,18.839333033273977,18.114923609064302,1.0,1.0,1.0,1.0,1.0,1.0,1.0,1.0,1.0,1.0
287.0,1.0,13.629353841321285,12.003345072361501,13.91237181576159,14.303446933749818,14.112787066786826,14.999003827959802,14.422218227046821,15.410110805612549,15.552482399916702,16.01994790958713,1.0,1.0,1.0,1.0,1.0,1.0,1.0,1.0,1.0,1.0
287.25,2.0,0.0,0.0,0.0,0.0,0.0,0.0,0.0,0.0,0.0,0.0,0.0,0.0,0.0,0.0,0.0,0.0,0.0,0.0,0.0,0.0
287.5,3.0,14.63544794430394,16.52027162172483,15.94671341289242,14.908201829878186,15.013558838809292,16.749865159315135,17.5613878807371,17.53329223399913,18.191004060992523,18.111890210556776,1.0,1.0,1.0,1.0,1.0,1.0,1.0,1.0,1.0,1.0
287.75,4.0,16.72524542893524,17.713802071313662,18.576482267263135,18.731727141656332,19.151468760134176,19.211611866428736,18.968982290602938,17.784227698952154,16.415827278989095,17.65514683680522,1.0,1.0,1.0,1.0,1.0,1.0,1.0,1.0,1.0,1.0
288.0,1.0,0.0,0.0,0.0,0.0,0.0,0.0,0.0,0.0,0.0,0.0,0.0,0.0,0.0,0.0,0.0,0.0,0.0,0.0,0.0,0.0
288.25,2.0,14.020317628279804,16.25104008952059,15.343787343074323,15.24588473480402,16.3506049871119,16.620275683162944,17.52022003377645,17.285633746827667,17.504745360290137,16.816924493914946,1.0,1.0,1.0,1.0,1.0,1.0,1.0,1.0,1.0,1.0
288.5,3.0,15.142954431398817,16.067049489450714,15.12572607684997,15.06279622212969,15.298278550963744,16.68989747178116,15.888426715086988,16.597188460834705,17.273291830484975,17.4960680994586,1.0,1.0,1.0,1.0,1.0,1.0,1.0,1.0,1.0,1.0
288.75,4.0,0.0,0.0,0.0,0.0,0.0,0.0,0.0,0.0,0.0,0.0,0.0,0.0,0.0,0.0,0.0,0.0,0.0,0.0,0.0,0.0
289.0,1.0,13.741753146637409,14.694437554176467,16.513383476026682,15.266635220664332,14.612247257991438,14.313613524898908,14.963030770732882,14.770511378873367,14.80606331284215,14.799808509248814,1.0,1.0,1.0,1.0,1.0,1.0,1.0,1.0,1.0,1.0
289.25,2.0,14.740981178099318,16.815602871494235,15.795825757552764,15.814512480225833,17.330746176738096,17.76580315054376,17.17605270644819,16.751950532263614,16.330027708562422,16.959160687752806,1.0,1.0,1.0,1.0,1.0,1.0,1.0,1.0,1.0,1.0
289.5,3.0,0.0,0.0,0.0,0.0,0.0,0.0,0.0,0.0,0.0,0.0,0.0,0.0,0.0,0.0,0.0,0.0,0.0,0.0,0.0,0.0
289.75,4.0,18.706654519547175,18.70403526230461,19.373539926941707,19.001930939219616,17.367512460139757,16.872153987944635,16.528166895987805,16.207304184134006,16.327819775219506,16.419407415848788,1.0,1.0,1.0,1.0,1.0,1.0,1.0,1.0,1.0,1.0
290.0,1.0,15.521237686090885,15.799465269582978,16.752906842360446,15.693135809728988,15.642893443358691,15.70428346494194,15.744309024901813,15.064253850854708,15.326639621038847,14.900073817839433,1.0,1.0,1.0,1.0,1.0,1.0,1.0,1.0,1.0,1.0
290.25,2.0,0.0,0.0,0.0,0.0,0.0,0.0,0.0,0.0,0.0,0.0,0.0,0.0,0.0,0.0,0.0,0.0,0.0,0.0,0.0,0.0
290.5,3.0,16.962323111853735,16.22754652362618,15.486315469623543,15.099941972589058,16.16429041691285,17.35066074621046,17.701707987617134,18.239813537152553,17.856819777740746,18.595521544766093,1.0,1.0,1.0,1.0,1.0,1.0,1.0,1.0,1.0,1.0
290.75,4.0,18.72846919134254,18.185884812379843,19.39240640778678,18.534664711175402,16.831271246827505,16.44906745656005,15.59543392167501,16.045943651563178,15.437624619483012,16.548314141122233,1.0,1.0,1.0,1.0,1.0,1.0,1.0,1.0,1.0,1.0
291.0,1.0,15.938315130328322,17.375475414411635,16.94709985307734,16.76613655649326,16.78314970039743,16.306285063536055,16.234451532605945,15.417482690294946,15.346359630063478,15.099953074256367,1.0,1.0,1.0,1.0,1.0,1.0,1.0,1.0,1.0,1.0
291.25,2.0,15.31693157204537,15.29106902971115,16.118020102636795,17.33468625027364,18.02086759782309,17.61546058108913,16.39006641141976,15.827649074474044,16.42460233263426,16.33752308579546,1.0,1.0,1.0,1.0,1.0,1.0,1.0,1.0,1.0,1.0
291.5,3.0,0.0,0.0,0.0,0.0,0.0,0.0,0.0,0.0,0.0,0.0,0.0,0.0,0.0,0.0,0.0,0.0,0.0,0.0,0.0,0.0
291.75,4.0,17.978302746527035,17.84932547203215,18.403576840482817,17.117377974108372,16.169298107741042,16.47937542996727,15.703503630823977,16.19954823959794,15.946374412896843,16.43724776443798,1.0,1.0,1.0,1.0,1.0,1.0,1.0,1.0,1.0,1.0
292.0,1.0,16.69513599840514,18.080674854552363,16.653145413152075,16.786209217493813,16.897402093004786,15.878117664269558,15.662751715263159,16.150129861569596,15.769690832568344,15.220125806098459,1.0,1.0,1.0,1.0,1.0,1.0,1.0,1.0,1.0,1.0
292.25,2.0,14.968968448004453,15.613970616639538,16.722873041916536,18.38565003419672,18.00946851169763,16.874957953155725,15.714281441206683,15.18845312409284,15.827284780307698,16.60553181585648,1.0,1.0,1.0,1.0,1.0,1.0,1.0,1.0,1.0,1.0
292.5,3.0,16.703693889963443,15.178699211472763,15.579156419289225,17.466269947294066,17.965547562594658,17.366229075499575,17.769436025275855,17.12404690160764,16.036589694710113,16.408334564273773,1.0,1.0,1.0,1.0,1.0,1.0,1.0,1.0,1.0,1.0
292.75,4.0,16.70608838171096,16.649887294288316,17.372818188589747,16.77407197334355,15.299842275577696,16.85169001595033,16.754188243680126,17.682722799831826,17.03866313867453,17.302213198945697,1.0,1.0,1.0,1.0,1.0,1.0,1.0,1.0,1.0,1.0
293.0,1.0,0.0,0.0,0.0,0.0,0.0,0.0,0.0,0.0,0.0,0.0,0.0,0.0,0.0,0.0,0.0,0.0,0.0,0.0,0.0,0.0
293.25,2.0,0.0,0.0,0.0,0.0,0.0,0.0,0.0,0.0,0.0,0.0,0.0,0.0,0.0,0.0,0.0,0.0,0.0,0.0,0.0,0.0
293.5,3.0,15.692111953434969,15.269998030620549,16.816256781154607,16.36787195785139,17.294376331944903,16.554967132966077,16.265367902355216,16.403189123207042,16.321231157230656,17.42696025563009,1.0,1.0,1.0,1.0,1.0,1.0,1.0,1.0,1.0,1.0
293.75,4.0,0.0,0.0,0.0,0.0,0.0,0.0,0.0,0.0,0.0,0.0,0.0,0.0,0.0,0.0,0.0,0.0,0.0,0.0,0.0,0.0
294.0,1.0,16.113381552663675,16.453780297265496,17.309338226259193,17.456127907218185,16.9986717899113,17.43931612563395,17.32733821903753,16.74769099108243,15.869269052710411,15.67637495261072,1.0,1.0,1.0,1.0,1.0,1.0,1.0,1.0,1.0,1.0
294.25,2.0,14.274388323842574,15.535062987077538,16.634409015675068,16.907471867232164,15.12787962328678,14.634621420030197,15.307470824101207,14.655932252177122,15.027383841626598,15.063885012898265,1.0,1.0,1.0,1.0,1.0,1.0,1.0,1.0,1.0,1.0
294.5,3.0,0.0,0.0,0.0,0.0,0.0,0.0,0.0,0.0,0.0,0.0,0.0,0.0,0.0,0.0,0.0,0.0,0.0,0.0,0.0,0.0
294.75,4.0,17.290109618690906,17.90695441542331,16.120390598213355,16.100143905389658,17.540818830502314,17.380539521592443,16.744184615905368,16.477753313902316,16.334270865619832,17.674080248257106,1.0,1.0,1.0,1.0,1.0,1.0,1.0,1.0,1.0,1.0
295.0,1.0,16.367388706437474,16.655733158127827,17.60417400092088,18.506719331143028,17.46040866910212,17.16206624226169,17.228453367386468,16.89652902596108,16.103483552034614,16.211809393122586,1.0,1.0,1.0,1.0,1.0,1.0,1.0,1.0,1.0,1.0
295.25,2.0,0.0,0.0,0.0,0.0,0.0,0.0,0.0,0.0,0.0,0.0,0.0,0.0,0.0,0.0,0.0,0.0,0.0,0.0,0.0,0.0
295.5,3.0,14.984854416747014,15.15468447747999,15.086791257803943,14.616855563417952,16.297331017887526,15.868850242427271,15.847250721867232,16.03080025534959,17.071525207869048,17.05430257260138,1.0,1.0,1.0,1.0,1.0,1.0,1.0,1.0,1.0,1.0
295.75,4.0,17.743125073741464,17.20592557353318,16.188149266349495,16.45665418968822,16.523984530790194,16.98972788897289,16.910975775517535,16.97601091875337,16.456167487860995,16.907178557543578,1.0,1.0,1.0,1.0,1.0,1.0,1.0,1.0,1.0,1.0
296.0,1.0,0.0,0.0,0.0,0.0,0.0,0.0,0.0,0.0,0.0,0.0,0.0,0.0,0.0,0.0,0.0,0.0,0.0,0.0,0.0,0.0
296.25,2.0,13.398429170327168,14.17826748529535,15.1423532832495,15.660396871660142,14.594913591342454,15.351728139512225,14.381034300121131,15.311667410385324,15.967023299350629,16.531920710338177,1.0,1.0,1.0,1.0,1.0,1.0,1.0,1.0,1.0,1.0
296.5,3.0,0.0,0.0,0.0,0.0,0.0,0.0,0.0,0.0,0.0,0.0,0.0,0.0,0.0,0.0,0.0,0.0,0.0,0.0,0.0,0.0
296.75,4.0,0.0,0.0,0.0,0.0,0.0,0.0,0.0,0.0,0.0,0.0,0.0,0.0,0.0,0.0,0.0,0.0,0.0,0.0,0.0,0.0
297.0,1.0,15.82087409528075,16.663069490990416,18.468536973950243,18.810567777423437,17.795698653063404,16.12966214004237,15.378346700162716,13.726585247257736,12.546984130168893,12.651913375563902,1.0,1.0,1.0,1.0,1.0,1.0,1.0,1.0,1.0,1.0
297.25,2.0,14.30363592740981,15.173324009304345,15.30561446134439,16.342072948517334,14.379452732530172,14.61739015395603,14.243594073841372,15.667210100500327,16.529329605257136,17.377067255711843,1.0,1.0,1.0,1.0,1.0,1.0,1.0,1.0,1.0,1.0
297.5,3.0,0.0,0.0,0.0,0.0,0.0,0.0,0.0,0.0,0.0,0.0,0.0,0.0,0.0,0.0,0.0,0.0,0.0,0.0,0.0,0.0
297.75,4.0,18.435248856479465,16.951839476250324,17.212812444378095,17.10104917590736,17.21370339758634,17.264294033208657,16.922609493709956,17.16309357146592,17.777344491440154,17.98490064911783,1.0,1.0,1.0,1.0,1.0,1.0,1.0,1.0,1.0,1.0
298.0,1.0,15.875215553917208,17.09784334057935,18.413662338257037,18.22365064984021,17.110940498897165,16.069627781179364,14.620538573325968,14.068232946760991,13.797297088995194,14.428408954165471,1.0,1.0,1.0,1.0,1.0,1.0,1.0,1.0,1.0,1.0
298.25,2.0,0.0,0.0,0.0,0.0,0.0,0.0,0.0,0.0,0.0,0.0,0.0,0.0,0.0,0.0,0.0,0.0,0.0,0.0,0.0,0.0
298.5,3.0,14.907716413666385,14.553430966650486,15.315544888406722,14.139335196656061,14.524717431609899,15.116421262151155,15.32574315286243,14.237570666515097,13.974495935742349,13.638988082581205,1.0,1.0,1.0,1.0,1.0,1.0,1.0,1.0,1.0,1.0
298.75,4.0,17.96688979454088,15.744778605525008,15.643046980079376,17.049897305657293,16.18461465234207,16.509385563778753,15.561699045297686,15.854989921587837,16.963633825736398,17.92777081633912,1.0,1.0,1.0,1.0,1.0,1.0,1.0,1.0,1.0,1.0
299.0,1.0,16.28669174333393,17.28722613057064,18.198643164878206,17.778657469462186,15.919937619540526,14.991585317274023,14.681637961634115,14.823641835055001,15.338289109302476,15.799688114549996,1.0,1.0,1.0,1.0,1.0,1.0,1.0,1.0,1.0,1.0
299.25,2.0,15.228616383643729,13.715333648701307,13.296187279332218,13.94525371839222,13.39503165554793,15.123289107226908,14.150900414479018,14.783736579580424,15.493184730097422,15.66322416705664,1.0,1.0,1.0,1.0,1.0,1.0,1.0,1.0,1.0,1.0
299.5,3.0,0.0,0.0,0.0,0.0,0.0,0.0,0.0,0.0,0.0,0.0,0.0,0.0,0.0,0.0,0.0,0.0,0.0,0.0,0.0,0.0
299.75,4.0,15.753102437211775,14.134809074642163,16.022469892478373,16.22432108393581,15.338027733940368,15.15083903787548,15.446491954489678,16.160659745098428,17.3341231422519,17.90609883633532,1.0,1.0,1.0,1.0,1.0,1.0,1.0,1.0,1.0,1.0
300.0,1.0,16.923811789296053,17.614882270230527,18.06757279578184,16.44993882450364,15.00961898733119,15.22741176961165,15.24189487014115,15.44786620693441,15.023055437367232,15.756603214004546,1.0,1.0,1.0,1.0,1.0,1.0,1.0,1.0,1.0,1.0
300.25,2.0,15.173616692917383,13.603380433045992,13.218031935691597,14.041571909529624,13.366066720163403,15.18293065421889,14.825070464375866,15.494769910419533,16.223721566580092,15.5274185882705,1.0,1.0,1.0,1.0,1.0,1.0,1.0,1.0,1.0,1.0
300.5,3.0,15.002362179830763,15.999782929018947,14.379825830021979,14.24645787320417,14.235430183606065,14.451569799682643,15.502617354056696,15.768801280080083,16.108019075001973,16.59762416539901,1.0,1.0,1.0,1.0,1.0,1.0,1.0,1.0,1.0,1.0
300.75,4.0,15.641978132953033,13.730873541231283,14.85656963887751,14.509446330460579,14.463196111987582,15.625144253113483,15.94416487726519,16.132401595472214,16.32127688196611,16.3214129639767,1.0,1.0,1.0,1.0,1.0,1.0,1.0,1.0,1.0,1.0
301.0,1.0,0.0,0.0,0.0,0.0,0.0,0.0,0.0,0.0,0.0,0.0,0.0,0.0,0.0,0.0,0.0,0.0,0.0,0.0,0.0,0.0
301.25,2.0,0.0,0.0,0.0,0.0,0.0,0.0,0.0,0.0,0.0,0.0,0.0,0.0,0.0,0.0,0.0,0.0,0.0,0.0,0.0,0.0
301.5,3.0,14.651852086666134,16.57940984254669,13.712071889172442,14.60426544971324,15.16393119453835,14.800062114580921,15.065897142661505,15.344471330120545,15.768979554528332,17.220443723563545,1.0,1.0,1.0,1.0,1.0,1.0,1.0,1.0,1.0,1.0
301.75,4.0,0.0,0.0,0.0,0.0,0.0,0.0,0.0,0.0,0.0,0.0,0.0,0.0,0.0,0.0,0.0,0.0,0.0,0.0,0.0,0.0
302.0,1.0,17.19098594607364,15.965543460337464,15.025624697112603,12.98107584424017,14.148647385337453,14.35191658114467,14.110954613270895,14.449180014185556,14.253895633629153,14.030105595396826,1.0,1.0,1.0,1.0,1.0,1.0,1.0,1.0,1.0,1.0
302.25,2.0,12.713672104591588,11.360804911874594,12.105584563622713,15.080850484209735,16.237403388614712,16.505109698646816,15.71045696576379,16.984701000596115,17.025543701826784,16.08802123534345,1.0,1.0,1.0,1.0,1.0,1.0,1.0,1.0,1.0,1.0
302.5,3.0,0.0,0.0,0.0,0.0,0.0,0.0,0.0,0.0,0.0,0.0,0.0,0.0,0.0,0.0,0.0,0.0,0.0,0.0,0.0,0.0
302.75,4.0,12.142611218231568,12.646793009597241,14.236070121075416,15.714566056942441,16.020856235186127,16.96823916081708,17.120379744052222,17.627795875536172,16.50135539586247,17.06732711209075,1.0,1.0,1.0,1.0,1.0,1.0,1.0,1.0,1.0,1.0
303.0,1.0,16.059618748713035,16.027115698831516,14.105663987352159,13.027986902863892,14.602640851446195,13.43430506120601,13.511319388232685,13.36038999419036,14.185635231489304,14.183133693968925,1.0,1.0,1.0,1.0,1.0,1.0,1.0,1.0,1.0,1.0
303.25,2.0,0.0,0.0,0.0,0.0,0.0,0.0,0.0,0.0,0.0,0.0,0.0,0.0,0.0,0.0,0.0,0.0,0.0,0.0,0.0,0.0
303.5,3.0,14.8971628150695,14.586506065351305,13.670225070314958,15.716216411814493,15.988432951806034,14.699438261780738,14.751544730147177,15.359865183829978,16.109798793074994,17.489601778356292,1.0,1.0,1.0,1.0,1.0,1.0,1.0,1.0,1.0,1.0
303.75,4.0,12.117419261693689,13.406219377981968,15.346327276976124,16.989161483279357,16.39564411351792,16.944273239165547,17.394511548856485,16.613357148712375,15.74541863550694,15.847525137702304,1.0,1.0,1.0,1.0,1.0,1.0,1.0,1.0,1.0,1.0
304.0,1.0,0.0,0.0,0.0,0.0,0.0,0.0,0.0,0.0,0.0,0.0,0.0,0.0,0.0,0.0,0.0,0.0,0.0,0.0,0.0,0.0
304.25,2.0,13.616246212345077,14.069404124742148,14.121295342320513,16.24679106916074,17.171037118574237,16.924486672832334,16.140706037627755,16.674323624961055,15.850513545270243,14.789119333151778,1.0,1.0,1.0,1.0,1.0,1.0,1.0,1.0,1.0,1.0
304.5,3.0,0.0,0.0,0.0,0.0,0.0,0.0,0.0,0.0,0.0,0.0,0.0,0.0,0.0,0.0,0.0,0.0,0.0,0.0,0.0,0.0
304.75,4.0,0.0,0.0,0.0,0.0,0.0,0.0,0.0,0.0,0.0,0.0,0.0,0.0,0.0,0.0,0.0,0.0,0.0,0.0,0.0,0.0
305.0,1.0,14.142475976969259,15.252413004489243,14.123392732513434,14.133134143383772,15.386396654982585,15.161607691491387,14.400528436035726,15.513971597931363,14.73326574061946,13.945352281161586,1.0,1.0,1.0,1.0,1.0,1.0,1.0,1.0,1.0,1.0
305.25,2.0,13.66388847292508,14.208252968962032,14.912108254102982,15.91389188759166,16.749409659141822,16.705188579070718,15.878522457033055,17.083604717755684,15.782650696722271,16.01244347328747,1.0,1.0,1.0,1.0,1.0,1.0,1.0,1.0,1.0,1.0
305.5,3.0,0.0,0.0,0.0,0.0,0.0,0.0,0.0,0.0,0.0,0.0,0.0,0.0,0.0,0.0,0.0,0.0,0.0,0.0,0.0,0.0
305.75,4.0,13.591039467036367,13.93771303169158,15.460330069293049,16.403063750467336,16.021207149856615,15.36533085634413,14.36963507340873,14.648934781154509,13.855920731902817,14.753636443656562,1.0,1.0,1.0,1.0,1.0,1.0,1.0,1.0,1.0,1.0
306.0,1.0,13.228270858117709,15.59899556239596,14.571695367888493,13.609126127985549,14.573368416463483,14.418045111627722,14.581606187283752,15.297214809209033,14.992923721401807,14.166580119850286,1.0,1.0,1.0,1.0,1.0,1.0,1.0,1.0,1.0,1.0
306.25,2.0,0.0,0.0,0.0,0.0,0.0,0.0,0.0,0.0,0.0,0.0,0.0,0.0,0.0,0.0,0.0,0.0,0.0,0.0,0.0,0.0
306.5,3.0,14.777147107286615,16.392767478429484,15.970980107807819,15.01712845768488,16.665551658976444,16.06568030371051,15.698135130741845,16.801450395329994,16.641002409567346,16.614699877962806,1.0,1.0,1.0,1.0,1.0,1.0,1.0,1.0,1.0,1.0
306.75,4.0,13.613126004861215,13.934085748492352,15.884358462418957,15.841820474683635,14.523606855319667,14.523867871533502,14.424534093489832,15.121698841080091,14.337948790073577,14.497207079748879,1.0,1.0,1.0,1.0,1.0,1.0,1.0,1.0,1.0,1.0
307.0,1.0,13.047636587764497,15.017012144830067,14.783786000247645,14.065095935324495,13.579819481452205,13.823587227944099,14.430126127002639,15.14694617185963,14.815806480501541,14.77380778874936,1.0,1.0,1.0,1.0,1.0,1.0,1.0,1.0,1.0,1.0
307.25,2.0,13.404503565693757,13.87341994924533,14.957963262925645,15.802589512974988,15.274303120159104,14.485473563405257,13.907289398509386,14.991482645288405,14.06808145215821,13.69955607235033,1.0,1.0,1.0,1.0,1.0,1.0,1.0,1.0,1.0,1.0
307.5,3.0,0.0,0.0,0.0,0.0,0.0,0.0,0.0,0.0,0.0,0.0,0.0,0.0,0.0,0.0,0.0,0.0,0.0,0.0,0.0,0.0
307.75,4.0,15.331296658782984,15.46647548738465,16.253267338164658,15.852305060068451,15.716666694055107,15.602477860782617,15.793844944209313,14.940495635890086,14.639399315160874,14.658905618934822,1.0,1.0,1.0,1.0,1.0,1.0,1.0,1.0,1.0,1.0
308.0,1.0,13.199723369790602,15.01981145786319,15.499102917644503,13.433972645315302,12.40788104574853,13.326901895510982,14.102362716950786,14.868038195923612,14.393514747382063,14.428723108070194,1.0,1.0,1.0,1.0,1.0,1.0,1.0,1.0,1.0,1.0
308.25,2.0,0.0,0.0,0.0,0.0,0.0,0.0,0.0,0.0,0.0,0.0,0.0,0.0,0.0,0.0,0.0,0.0,0.0,0.0,0.0,0.0
308.5,3.0,16.127437700258515,16.019160085127773,15.492806273769688,15.179633898381311,14.26878476937761,15.036795562686235,14.95217065860763,14.341498800373497,15.00680461540671,15.385851183216259,1.0,1.0,1.0,1.0,1.0,1.0,1.0,1.0,1.0,1.0
308.75,4.0,16.665180142241834,16.676087258933464,16.096498833859172,15.272146774741206,15.880099011086166,15.674742178890803,15.47038351735117,15.550296699009523,14.66172381416855,14.611344898071243,1.0,1.0,1.0,1.0,1.0,1.0,1.0,1.0,1.0,1.0
309.0,1.0,0.0,0.0,0.0,0.0,0.0,0.0,0.0,0.0,0.0,0.0,0.0,0.0,0.0,0.0,0.0,0.0,0.0,0.0,0.0,0.0
309.25,2.0,0.0,0.0,0.0,0.0,0.0,0.0,0.0,0.0,0.0,0.0,0.0,0.0,0.0,0.0,0.0,0.0,0.0,0.0,0.0,0.0
309.5,3.0,16.942255249542804,16.40834526071756,15.633090871406127,15.560156560471594,16.0256872473388,15.958384141143886,14.861707195402445,14.223293853876333,13.906051650732284,14.71683925573021,1.0,1.0,1.0,1.0,1.0,1.0,1.0,1.0,1.0,1.0
309.75,4.0,0.0,0.0,0.0,0.0,0.0,0.0,0.0,0.0,0.0,0.0,0.0,0.0,0.0,0.0,0.0,0.0,0.0,0.0,0.0,0.0
310.0,1.0,14.992280268119133,14.47784058629478,12.836565442104478,11.912490958222575,13.801141778094795,13.693087971712647,13.897340703948634,14.545623991988352,13.914560916771471,13.47153548251981,1.0,1.0,1.0,1.0,1.0,1.0,1.0,1.0,1.0,1.0
310.25,2.0,16.612550293853054,17.91769258893493,16.258102878350055,15.279922105960141,16.226235916484363,15.76580996034529,15.686702038629278,15.420464201872399,15.056516036905759,14.437831097452609,1.0,1.0,1.0,1.0,1.0,1.0,1.0,1.0,1.0,1.0
310.5,3.0,0.0,0.0,0.0,0.0,0.0,0.0,0.0,0.0,0.0,0.0,0.0,0.0,0.0,0.0,0.0,0.0,0.0,0.0,0.0,0.0
310.75,4.0,17.97630938180416,18.14213176078304,15.741574731602556,15.620451545193662,17.13085913392532,17.93033977188807,17.566901353608888,16.621644259276813,16.094103770040487,14.963728913491307,1.0,1.0,1.0,1.0,1.0,1.0,1.0,1.0,1.0,1.0
311.0,1.0,15.677010196054095,15.036006618898472,12.633710904456644,11.419916863841065,13.961054225639465,14.260317217698923,13.60328110634122,14.658646521970878,14.84761423941943,14.24227634214147,1.0,1.0,1.0,1.0,1.0,1.0,1.0,1.0,1.0,1.0
311.25,2.0,0.0,0.0,0.0,0.0,0.0,0.0,0.0,0.0,0.0,0.0,0.0,0.0,0.0,0.0,0.0,0.0,0.0,0.0,0.0,0.0
311.5,3.0,16.34909010238723,16.871952651348725,14.673773130597525,14.722990874860189,15.005871158086158,14.600187496938025,13.252081297678595,13.475245457313267,12.504308531242735,13.519803204815094,1.0,1.0,1.0,1.0,1.0,1.0,1.0,1.0,1.0,1.0
311.75,4.0,17.79135608924053,17.926801919528817,16.237668935639135,16.25945945826713,17.271285252523892,17.66858829523304,17.859037696940156,17.05718308293188,15.995577666749291,15.421627702799446,1.0,1.0,1.0,1.0,1.0,1.0,1.0,1.0,1.0,1.0
312.0,1.0,0.0,0.0,0.0,0.0,0.0,0.0,0.0,0.0,0.0,0.0,0.0,0.0,0.0,0.0,0.0,0.0,0.0,0.0,0.0,0.0
312.25,2.0,16.118714521145876,16.31667309754324,15.374259173574577,15.411126846504187,15.697007796168515,14.53833032511279,14.406812217563864,14.636291786016772,15.22597103918038,15.501591283377747,1.0,1.0,1.0,1.0,1.0,1.0,1.0,1.0,1.0,1.0
312.5,3.0,0.0,0.0,0.0,0.0,0.0,0.0,0.0,0.0,0.0,0.0,0.0,0.0,0.0,0.0,0.0,0.0,0.0,0.0,0.0,0.0
312.75,4.0,0.0,0.0,0.0,0.0,0.0,0.0,0.0,0.0,0.0,0.0,0.0,0.0,0.0,0.0,0.0,0.0,0.0,0.0,0.0,0.0
313.0,1.0,14.960582079633589,12.739329216954795,11.588392643346923,12.379824968571333,16.321083593719724,15.382906144100337,15.455273098143024,16.52401019543996,16.773984361885255,17.134435487815754,1.0,1.0,1.0,1.0,1.0,1.0,1.0,1.0,1.0,1.0
313.25,2.0,15.977635274759923,15.436212911664612,15.259402350027981,15.812527863887654,15.484307450955326,15.17167096816747,15.983521386898344,15.87686534946982,15.842414236128079,15.417338689814606,1.0,1.0,1.0,1.0,1.0,1.0,1.0,1.0,1.0,1.0
313.5,3.0,0.0,0.0,0.0,0.0,0.0,0.0,0.0,0.0,0.0,0.0,0.0,0.0,0.0,0.0,0.0,0.0,0.0,0.0,0.0,0.0
313.75,4.0,15.73001634210534,16.870504260118953,15.671588985912768,16.22768824399912,17.76727238368013,17.181978566778355,17.452195595734096,16.381210787622738,15.232545475413144,14.637659883287057,1.0,1.0,1.0,1.0,1.0,1.0,1.0,1.0,1.0,1.0
314.0,1.0,14.034428822322365,12.55782343395012,12.793674996663954,13.351579626521305,15.816610926908005,15.748062097350338,16.28409467607522,17.51993218943317,17.345239888486304,16.86613903630403,1.0,1.0,1.0,1.0,1.0,1.0,1.0,1.0,1.0,1.0
314.25,2.0,0.0,0.0,0.0,0.0,0.0,0.0,0.0,0.0,0.0,0.0,0.0,0.0,0.0,0.0,0.0,0.0,0.0,0.0,0.0,0.0
314.5,3.0,14.978772465808895,16.658476372289513,15.781661098233576,14.995267269181786,13.124727013073844,11.902107275195645,11.412758539902573,12.659716454279755,12.599539543733098,12.795863724501464,1.0,1.0,1.0,1.0,1.0,1.0,1.0,1.0,1.0,1.0
314.75,4.0,15.161073981978978,16.43722016082697,15.275672713274378,16.440774026633765,17.470935414999182,16.481103349151397,16.56002539983069,16.01079867792386,15.46240215650885,15.246846358956224,1.0,1.0,1.0,1.0,1.0,1.0,1.0,1.0,1.0,1.0
315.0,1.0,13.699379167961963,13.543938176539609,13.751716510879218,14.181566798982544,17.105984132128977,16.537513829853804,16.933887695030993,17.160935788861813,16.481111571192592,16.5172822167776,1.0,1.0,1.0,1.0,1.0,1.0,1.0,1.0,1.0,1.0
315.25,2.0,15.63340477351509,15.518832971363546,16.66494641672258,17.054779313070274,15.473944973732046,15.24416685057292,15.536417998405073,15.024837245724013,13.514591656430822,13.818850670225057,1.0,1.0,1.0,1.0,1.0,1.0,1.0,1.0,1.0,1.0
315.5,3.0,0.0,0.0,0.0,0.0,0.0,0.0,0.0,0.0,0.0,0.0,0.0,0.0,0.0,0.0,0.0,0.0,0.0,0.0,0.0,0.0
315.75,4.0,14.905047446511738,16.173451330812096,15.282747362766706,15.261884464780035,16.84669362525235,15.233796241298293,15.657062137217999,16.331672841184503,16.185202856862464,16.40711078533746,1.0,1.0,1.0,1.0,1.0,1.0,1.0,1.0,1.0,1.0
316.0,1.0,13.101082691602159,13.491668314339236,13.91989300484625,15.834838293412933,17.77096934219229,17.176184936506754,15.879625858322544,16.610878848135336,16.496689911219097,16.448239264840346,1.0,1.0,1.0,1.0,1.0,1.0,1.0,1.0,1.0,1.0
316.25,2.0,0.0,0.0,0.0,0.0,0.0,0.0,0.0,0.0,0.0,0.0,0.0,0.0,0.0,0.0,0.0,0.0,0.0,0.0,0.0,0.0
316.5,3.0,16.293488472502712,16.471285297058,14.151420372253577,13.575589665741434,12.035051930634237,13.18644565317524,12.436301857100412,13.70968226757803,12.768909932523934,14.243852351524934,1.0,1.0,1.0,1.0,1.0,1.0,1.0,1.0,1.0,1.0
316.75,4.0,14.080541958933354,15.17251151139039,15.21949177105837,16.140661776837646,15.346159926158151,14.914782744330246,15.717824146537268,16.38679871372861,17.090171300396637,15.909838694528533,1.0,1.0,1.0,1.0,1.0,1.0,1.0,1.0,1.0,1.0
317.0,1.0,0.0,0.0,0.0,0.0,0.0,0.0,0.0,0.0,0.0,0.0,0.0,0.0,0.0,0.0,0.0,0.0,0.0,0.0,0.0,0.0
317.25,2.0,0.0,0.0,0.0,0.0,0.0,0.0,0.0,0.0,0.0,0.0,0.0,0.0,0.0,0.0,0.0,0.0,0.0,0.0,0.0,0.0
317.5,3.0,16.851137301702803,15.339828136625552,13.744670892004946,14.154752401582092,14.11732804583294,14.351083091076358,13.912125005835856,15.200952741636488,14.996298432863902,15.904415222885808,1.0,1.0,1.0,1.0,1.0,1.0,1.0,1.0,1.0,1.0
317.75,4.0,0.0,0.0,0.0,0.0,0.0,0.0,0.0,0.0,0.0,0.0,0.0,0.0,0.0,0.0,0.0,0.0,0.0,0.0,0.0,0.0
318.0,1.0,14.873184824444788,15.346975670989403,16.397731594026915,16.299660791956487,16.636562861872836,16.330659679563645,15.405413554568314,15.230334379899956,15.617387952868686,15.72164679719442,1.0,1.0,1.0,1.0,1.0,1.0,1.0,1.0,1.0,1.0
318.25,2.0,14.905479815785649,16.02541603861074,15.644878165148752,15.645517356959198,13.398549349133683,12.924153586809084,13.448822189886549,13.146933046638974,12.278553204279746,11.61099310272934,1.0,1.0,1.0,1.0,1.0,1.0,1.0,1.0,1.0,1.0
318.5,3.0,0.0,0.0,0.0,0.0,0.0,0.0,0.0,0.0,0.0,0.0,0.0,0.0,0.0,0.0,0.0,0.0,0.0,0.0,0.0,0.0
318.75,4.0,13.471726802173528,15.974703863897437,16.837545781600184,17.673792643136256,17.755096213956328,17.390061855652164,18.517714454399368,19.6776723418575,18.42578212268025,19.132192343904222,1.0,1.0,1.0,1.0,1.0,1.0,1.0,1.0,1.0,1.0
319.0,1.0,14.825158647945335,15.718054826682597,16.85977333718273,16.72120240140609,17.170157670226192,17.23013477246606,16.593030937075834,16.47793340296844,16.342910380617084,16.195549175910127,1.0,1.0,1.0,1.0,1.0,1.0,1.0,1.0,1.0,1.0
319.25,2.0,0.0,0.0,0.0,0.0,0.0,0.0,0.0,0.0,0.0,0.0,0.0,0.0,0.0,0.0,0.0,0.0,0.0,0.0,0.0,0.0
319.5,3.0,14.75902132485787,15.30685665376404,16.485983446999814,15.658177674726197,14.284183010158953,15.311720917277182,15.496791943604606,16.27974015171738,15.123500474878192,14.099106685011247,1.0,1.0,1.0,1.0,1.0,1.0,1.0,1.0,1.0,1.0
319.75,4.0,15.188136094177485,16.432134011569538,18.502800073400905,18.267369956014345,18.04028969912253,17.6233238530501,18.055057635624006,19.11520980201008,18.368428970858414,18.312701727365756,1.0,1.0,1.0,1.0,1.0,1.0,1.0,1.0,1.0,1.0
320.0,1.0,0.0,0.0,0.0,0.0,0.0,0.0,0.0,0.0,0.0,0.0,0.0,0.0,0.0,0.0,0.0,0.0,0.0,0.0,0.0,0.0
320.25,2.0,16.370552505783728,15.091958769013258,14.24114253661082,13.53305921508963,13.144087378735932,13.178653620392424,13.729383348454927,14.463250916926937,13.968273913963488,13.483031630007954,1.0,1.0,1.0,1.0,1.0,1.0,1.0,1.0,1.0,1.0
320.5,3.0,0.0,0.0,0.0,0.0,0.0,0.0,0.0,0.0,0.0,0.0,0.0,0.0,0.0,0.0,0.0,0.0,0.0,0.0,0.0,0.0
320.75,4.0,0.0,0.0,0.0,0.0,0.0,0.0,0.0,0.0,0.0,0.0,0.0,0.0,0.0,0.0,0.0,0.0,0.0,0.0,0.0,0.0
321.0,1.0,14.853780431001184,14.456779384291753,15.503667040602354,15.742172839208775,15.423173505933576,16.20172449997518,15.642397966632723,16.337356423975248,15.242384949130534,15.60776652824532,1.0,1.0,1.0,1.0,1.0,1.0,1.0,1.0,1.0,1.0
321.25,2.0,15.6415294005814,15.463984992752131,15.044369052990781,13.062760298766353,12.644623777580975,13.568697619817288,14.788196020344751,16.065041425187275,15.099839187806195,14.191217868666405,1.0,1.0,1.0,1.0,1.0,1.0,1.0,1.0,1.0,1.0
321.5,3.0,15.184343367242215,16.701313924631915,16.357829376086265,16.162832030677862,15.98843954297281,16.860891346900218,16.033733102778005,15.703738231991698,15.451364191372564,15.047721735600563,1.0,1.0,1.0,1.0,1.0,1.0,1.0,1.0,1.0,1.0
321.75,4.0,16.563745054209114,17.137915673194097,18.584385581743856,17.998128699451907,18.031328908920116,17.645334283088182,18.228212161326468,19.364425757687982,19.131553742829954,19.518092885361046,1.0,1.0,1.0,1.0,1.0,1.0,1.0,1.0,1.0,1.0
322.0,1.0,14.419320022742449,14.302505576685713,14.276413507462522,16.592659573277842,15.528210487977686,15.870476548198747,14.942053976676888,15.600270564605202,15.18790366715381,16.7663014765834,1.0,1.0,1.0,1.0,1.0,1.0,1.0,1.0,1.0,1.0
322.25,2.0,0.0,0.0,0.0,0.0,0.0,0.0,0.0,0.0,0.0,0.0,0.0,0.0,0.0,0.0,0.0,0.0,0.0,0.0,0.0,0.0
322.5,3.0,16.22284393272601,16.15685900126458,16.081599977501824,16.20848620147489,15.249500354339457,15.485379709197312,13.99915196713099,15.342177863040087,14.611755785077467,15.109289225630652,1.0,1.0,1.0,1.0,1.0,1.0,1.0,1.0,1.0,1.0
322.75,4.0,17.22261122323926,17.572631238708187,18.826206055539643,19.134350537663035,18.321986570210303,17.854475461066457,18.295406882775566,19.134423306488323,19.44564201172966,19.29245816446226,1.0,1.0,1.0,1.0,1.0,1.0,1.0,1.0,1.0,1.0
323.0,1.0,14.237896185164193,13.726660873527742,14.032731062497172,16.17950879048328,15.479691938175815,16.03551117322239,15.041336968642918,15.901173201791254,15.965179625509599,17.54868308345031,1.0,1.0,1.0,1.0,1.0,1.0,1.0,1.0,1.0,1.0
323.25,2.0,16.01798011712988,15.187109196337051,14.223704101332434,13.515054890732472,12.789754822664602,13.697763231475745,12.862785940991264,14.757520791701397,13.937031448056137,12.63611014552886,1.0,1.0,1.0,1.0,1.0,1.0,1.0,1.0,1.0,1.0
323.5,3.0,0.0,0.0,0.0,0.0,0.0,0.0,0.0,0.0,0.0,0.0,0.0,0.0,0.0,0.0,0.0,0.0,0.0,0.0,0.0,0.0
323.75,4.0,18.265469570130538,17.86470242956063,18.018486375404958,18.20283769563502,17.794627494458584,19.087609307866312,18.911418788049478,19.782075691507405,19.308040005856487,18.979173106570297,1.0,1.0,1.0,1.0,1.0,1.0,1.0,1.0,1.0,1.0
324.0,1.0,13.311786620304282,13.197608948064149,14.765342651020555,16.741692665536352,15.627166861529997,16.076581385758164,15.914214612991172,16.939458019964604,15.920563980908351,16.65710757660227,1.0,1.0,1.0,1.0,1.0,1.0,1.0,1.0,1.0,1.0
324.25,2.0,0.0,0.0,0.0,0.0,0.0,0.0,0.0,0.0,0.0,0.0,0.0,0.0,0.0,0.0,0.0,0.0,0.0,0.0,0.0,0.0
324.5,3.0,16.060267883581606,14.435771966340877,15.398024106320966,16.16871459387853,13.369246202707137,13.129405666574266,12.039365384112646,12.859726418526337,13.985410815748054,14.39565657665641,1.0,1.0,1.0,1.0,1.0,1.0,1.0,1.0,1.0,1.0
324.75,4.0,18.044666291169463,17.922831040498405,16.830241966154016,17.90557818280637,17.880013389465894,19.56154936232635,18.782013751199116,20.635360361142443,19.952349924943693,19.250678026714095,1.0,1.0,1.0,1.0,1.0,1.0,1.0,1.0,1.0,1.0
325.0,1.0,0.0,0.0,0.0,0.0,0.0,0.0,0.0,0.0,0.0,0.0,0.0,0.0,0.0,0.0,0.0,0.0,0.0,0.0,0.0,0.0
325.25,2.0,14.208460065027882,15.833527082570098,14.723111686684602,14.436211826392473,14.197707768329783,13.600117801910695,13.06005465089474,13.389184023728742,13.286798711133898,11.815261427446966,1.0,1.0,1.0,1.0,1.0,1.0,1.0,1.0,1.0,1.0
325.5,3.0,14.751958883636371,14.478672533680987,15.301445119135545,15.79726955978805,13.855863987632194,13.441963135996474,12.765409828811851,13.496845848890482,13.860868725038928,14.925289469139255,1.0,1.0,1.0,1.0,1.0,1.0,1.0,1.0,1.0,1.0
325.75,4.0,0.0,0.0,0.0,0.0,0.0,0.0,0.0,0.0,0.0,0.0,0.0,0.0,0.0,0.0,0.0,0.0,0.0,0.0,0.0,0.0
326.0,1.0,15.136854202650705,15.68880902001005,16.399415281598454,15.123228069082987,14.60607944993145,15.9323855003014,15.951323563631462,17.052769623063824,16.70271047786313,17.868527141527423,1.0,1.0,1.0,1.0,1.0,1.0,1.0,1.0,1.0,1.0
326.25,2.0,14.609590420907917,16.451363203780254,15.872019015045197,15.13453120378916,14.425032267069787,13.649520947367439,12.299001940510935,13.433382425792857,13.146683168589977,11.574954550506499,1.0,1.0,1.0,1.0,1.0,1.0,1.0,1.0,1.0,1.0
326.5,3.0,0.0,0.0,0.0,0.0,0.0,0.0,0.0,0.0,0.0,0.0,0.0,0.0,0.0,0.0,0.0,0.0,0.0,0.0,0.0,0.0
326.75,4.0,17.46040101322119,17.319724323139507,15.950246848729044,17.40866454923868,18.375120178598166,18.436597055599425,18.69332498436225,18.12750945340474,16.75428432717032,15.692833117541635,1.0,1.0,1.0,1.0,1.0,1.0,1.0,1.0,1.0,1.0
327.0,1.0,15.385623950956644,15.557843618397614,14.720195682128125,15.799928909769276,15.54372058179285,16.30303910741832,16.048508584837986,17.28744438285607,16.96603892868664,17.545705085689807,1.0,1.0,1.0,1.0,1.0,1.0,1.0,1.0,1.0,1.0
327.25,2.0,0.0,0.0,0.0,0.0,0.0,0.0,0.0,0.0,0.0,0.0,0.0,0.0,0.0,0.0,0.0,0.0,0.0,0.0,0.0,0.0
327.5,3.0,14.325675046042253,14.034225467488453,14.800898353402788,14.60643426910644,13.644559719803608,13.974518093723464,13.809404070534512,14.279896957079496,14.251522522279961,14.908534243012584,1.0,1.0,1.0,1.0,1.0,1.0,1.0,1.0,1.0,1.0
327.75,4.0,16.31535921008121,15.685772455500597,14.787110401668222,17.75658505202487,18.809959206283327,18.106217663890188,16.958493195405108,17.049556255504918,15.496338970665494,14.638681352781258,1.0,1.0,1.0,1.0,1.0,1.0,1.0,1.0,1.0,1.0
328.0,1.0,14.861850454952842,15.261295803414477,14.114714452028721,16.07318131017142,16.254739448879906,16.42297903938867,15.852781305966568,17.272290613839466,17.986475851248688,18.627522005374715,1.0,1.0,1.0,1.0,1.0,1.0,1.0,1.0,1.0,1.0
328.25,2.0,15.858210496059082,15.857391521625244,15.38493739209163,15.423621932062794,14.016976539673475,13.592876456015228,13.265349490759295,12.973420845817651,12.29944354989785,11.200900098251152,1.0,1.0,1.0,1.0,1.0,1.0,1.0,1.0,1.0,1.0
328.5,3.0,0.0,0.0,0.0,0.0,0.0,0.0,0.0,0.0,0.0,0.0,0.0,0.0,0.0,0.0,0.0,0.0,0.0,0.0,0.0,0.0
328.75,4.0,0.0,0.0,0.0,0.0,0.0,0.0,0.0,0.0,0.0,0.0,0.0,0.0,0.0,0.0,0.0,0.0,0.0,0.0,0.0,0.0
329.0,1.0,14.871156644870842,15.225409100851223,15.516819272876443,15.97175632526395,16.195475768019335,16.821583911235102,17.10013181000966,18.40515928867335,19.079476130096616,19.649401085217317,1.0,1.0,1.0,1.0,1.0,1.0,1.0,1.0,1.0,1.0
329.25,2.0,15.398298500944957,14.579538752036738,14.702742635253665,15.305484886470209,13.882711758393548,14.026637440118522,13.8219736962976,13.334293961438524,12.574860237968123,11.653982352967663,1.0,1.0,1.0,1.0,1.0,1.0,1.0,1.0,1.0,1.0
329.5,3.0,15.280383756970311,15.00034461764271,16.321825890662602,16.105378349448678,13.858368696471002,13.515897481269484,13.966276791623956,14.895401477036227,15.423105916480738,15.679400502240041,1.0,1.0,1.0,1.0,1.0,1.0,1.0,1.0,1.0,1.0
329.75,4.0,15.211667602094279,16.796553936871582,14.974664997643208,16.846909869567973,15.506877641220303,14.79845752243874,14.340964718345049,14.493808539681417,14.47060255556781,15.368341865286721,1.0,1.0,1.0,1.0,1.0,1.0,1.0,1.0,1.0,1.0
330.0,1.0,0.0,0.0,0.0,0.0,0.0,0.0,0.0,0.0,0.0,0.0,0.0,0.0,0.0,0.0,0.0,0.0,0.0,0.0,0.0,0.0
330.25,2.0,0.0,0.0,0.0,0.0,0.0,0.0,0.0,0.0,0.0,0.0,0.0,0.0,0.0,0.0,0.0,0.0,0.0,0.0,0.0,0.0
330.5,3.0,15.002774825656,15.632756590679964,17.218365636687075,17.049733059493867,14.403698351534914,14.626271391500445,15.295595268945453,16.179557415199024,15.824206067428626,14.814969748951876,1.0,1.0,1.0,1.0,1.0,1.0,1.0,1.0,1.0,1.0
330.75,4.0,15.512208142844178,16.724175662062695,15.648109892438956,15.553374701841536,14.560896185084054,14.624242224197705,14.449595679433653,14.655793278643111,14.342472754297775,15.413605591574466,1.0,1.0,1.0,1.0,1.0,1.0,1.0,1.0,1.0,1.0
331.0,1.0,15.173484009141644,16.936087042270298,16.95258087466016,19.110154142543113,19.316756471269017,19.396569023683828,18.948818913274295,19.368373213891026,18.722739852988756,19.456341592663488,1.0,1.0,1.0,1.0,1.0,1.0,1.0,1.0,1.0,1.0
331.25,2.0,14.07503104044565,14.458620010588804,13.817185916147299,12.633313792177686,12.93310938427007,13.025741108278226,11.661139572625059,12.619407887141216,12.27696338446117,12.94381950740733,1.0,1.0,1.0,1.0,1.0,1.0,1.0,1.0,1.0,1.0
331.5,3.0,0.0,0.0,0.0,0.0,0.0,0.0,0.0,0.0,0.0,0.0,0.0,0.0,0.0,0.0,0.0,0.0,0.0,0.0,0.0,0.0
331.75,4.0,16.847982999290622,17.574464109165724,15.477886412601524,14.87592849547513,13.170549753090384,13.959834815082791,14.821114369840906,14.66614009566857,15.242663948441258,15.193457081330171,1.0,1.0,1.0,1.0,1.0,1.0,1.0,1.0,1.0,1.0
332.0,1.0,17.73399150930851,18.4654688936344,17.951260109613763,18.85848444579262,19.520270005104365,19.040661231441703,19.30838101347352,19.847615279532512,18.51121814125737,18.743898128331047,1.0,1.0,1.0,1.0,1.0,1.0,1.0,1.0,1.0,1.0
332.25,2.0,0.0,0.0,0.0,0.0,0.0,0.0,0.0,0.0,0.0,0.0,0.0,0.0,0.0,0.0,0.0,0.0,0.0,0.0,0.0,0.0
332.5,3.0,17.72765277141833,18.459133445768007,17.66455698798993,16.81719132129086,14.436417419061065,14.434471232857518,14.175224887800047,14.51662630607384,14.268996029744645,13.848145331466297,1.0,1.0,1.0,1.0,1.0,1.0,1.0,1.0,1.0,1.0
332.75,4.0,16.688628852374197,17.157084099752876,14.753229447427026,14.121129034618217,13.08960045549631,14.749424941515505,16.007624724143724,16.43186277712272,15.706790588964491,16.06074441068054,1.0,1.0,1.0,1.0,1.0,1.0,1.0,1.0,1.0,1.0
333.0,1.0,0.0,0.0,0.0,0.0,0.0,0.0,0.0,0.0,0.0,0.0,0.0,0.0,0.0,0.0,0.0,0.0,0.0,0.0,0.0,0.0
333.25,2.0,15.05237037799984,15.460319746634214,14.667161469502705,13.178231708717737,12.3409525770221,11.68123147449807,11.898907241081675,12.804078749322434,12.684159676892516,14.048100686712495,1.0,1.0,1.0,1.0,1.0,1.0,1.0,1.0,1.0,1.0
333.5,3.0,17.9748571785098,18.619809858291283,17.26080857082582,16.300686289372525,14.645064569378574,14.340668132198669,13.81497957307584,14.262836847827513,14.250486896722018,13.881493404999343,1.0,1.0,1.0,1.0,1.0,1.0,1.0,1.0,1.0,1.0
333.75,4.0,0.0,0.0,0.0,0.0,0.0,0.0,0.0,0.0,0.0,0.0,0.0,0.0,0.0,0.0,0.0,0.0,0.0,0.0,0.0,0.0
334.0,1.0,17.350137220533636,18.36231598444434,17.668573113625804,17.75277663590112,18.268318748608824,18.169355297792546,17.6475601061735,18.57255648806424,16.715831207404143,17.243228467183002,1.0,1.0,1.0,1.0,1.0,1.0,1.0,1.0,1.0,1.0
334.25,2.0,16.41310153140211,16.2449856278378,15.48494930016173,13.575491771646595,12.905943903351448,13.281090219542016,13.982637983280496,13.441290508385134,14.189222692441774,14.28192582136673,1.0,1.0,1.0,1.0,1.0,1.0,1.0,1.0,1.0,1.0
334.5,3.0,0.0,0.0,0.0,0.0,0.0,0.0,0.0,0.0,0.0,0.0,0.0,0.0,0.0,0.0,0.0,0.0,0.0,0.0,0.0,0.0
334.75,4.0,17.53975008903515,16.743954598117618,14.380329729525334,14.483301654260789,14.491140884300442,14.29447204330567,16.29610076230534,15.557077864911658,16.47424403465008,16.701095809700956,1.0,1.0,1.0,1.0,1.0,1.0,1.0,1.0,1.0,1.0
335.0,1.0,17.72888482941985,17.729282324247464,17.229966706125055,17.672989459903633,17.077505104457718,18.219260010684817,17.866484740371074,18.34164723752119,16.183253043599052,16.86037270234423,1.0,1.0,1.0,1.0,1.0,1.0,1.0,1.0,1.0,1.0
335.25,2.0,0.0,0.0,0.0,0.0,0.0,0.0,0.0,0.0,0.0,0.0,0.0,0.0,0.0,0.0,0.0,0.0,0.0,0.0,0.0,0.0
335.5,3.0,16.86454278812498,17.20561694883011,15.929709536619193,15.602666564114203,13.630598563477239,13.417091943965106,12.737869725128961,14.241371781728818,14.658862302855328,15.821024545207067,1.0,1.0,1.0,1.0,1.0,1.0,1.0,1.0,1.0,1.0
335.75,4.0,16.96244750824961,16.040212017510918,15.150450672063378,15.51181314471559,14.265448762240505,15.214713611686614,16.47525268009904,17.00702588662936,17.18935671982971,17.14197318171151,1.0,1.0,1.0,1.0,1.0,1.0,1.0,1.0,1.0,1.0
336.0,1.0,17.70719167618524,17.61976712324304,16.211480168910846,17.26066449593001,16.78157237278409,17.78687013290035,17.750063606996324,18.665869335893895,16.897368196463795,16.723818078578873,1.0,1.0,1.0,1.0,1.0,1.0,1.0,1.0,1.0,1.0
336.25,2.0,15.370614281427406,15.451658656165879,15.690016029240763,14.394917825110365,13.854786738836374,13.38485978893172,13.301216762647112,13.525344471199531,14.030584427807401,13.577434432178038,1.0,1.0,1.0,1.0,1.0,1.0,1.0,1.0,1.0,1.0
336.5,3.0,0.0,0.0,0.0,0.0,0.0,0.0,0.0,0.0,0.0,0.0,0.0,0.0,0.0,0.0,0.0,0.0,0.0,0.0,0.0,0.0
336.75,4.0,16.74085752634766,15.785665650803496,15.516091271687973,15.842165868988769,15.418117389535736,16.04636993917203,16.29137680711203,16.154269487396228,15.891092926220397,16.30363474942548,1.0,1.0,1.0,1.0,1.0,1.0,1.0,1.0,1.0,1.0
337.0,1.0,16.203771334598,15.66308708891834,16.11048512517811,17.808212513306778,17.0995484941351,17.605426826999654,18.303050236432796,18.159138487696662,16.98374860944932,16.509383078461575,1.0,1.0,1.0,1.0,1.0,1.0,1.0,1.0,1.0,1.0
337.25,2.0,16.00327093707692,15.818645325965628,14.632367946419295,13.503153765027857,12.40813328003265,12.861892887028036,12.941082881270301,12.91796065669007,13.259560922320054,13.579765778956492,1.0,1.0,1.0,1.0,1.0,1.0,1.0,1.0,1.0,1.0
337.5,3.0,17.3877243458903,16.65897507060783,16.30822831510806,15.922316293518202,14.182770703853187,15.098316490752314,15.638250001329832,16.93125938606768,17.174805193259,16.908190156067963,1.0,1.0,1.0,1.0,1.0,1.0,1.0,1.0,1.0,1.0
337.75,4.0,16.81866655490675,15.988621822823898,16.141948125486298,16.95257471521422,16.21319939692773,15.758037096181779,15.994762812494375,15.854449615662455,16.08098884803321,16.002280888639998,1.0,1.0,1.0,1.0,1.0,1.0,1.0,1.0,1.0,1.0
338.0,1.0,0.0,0.0,0.0,0.0,0.0,0.0,0.0,0.0,0.0,0.0,0.0,0.0,0.0,0.0,0.0,0.0,0.0,0.0,0.0,0.0
338.25,2.0,0.0,0.0,0.0,0.0,0.0,0.0,0.0,0.0,0.0,0.0,0.0,0.0,0.0,0.0,0.0,0.0,0.0,0.0,0.0,0.0
338.5,3.0,16.73807243146658,16.21799880719751,15.609742729991222,16.16855120908608,16.21615805500709,17.15630280228584,16.946905804285045,17.57196567609136,17.65967364003535,16.936706007987347,1.0,1.0,1.0,1.0,1.0,1.0,1.0,1.0,1.0,1.0
338.75,4.0,0.0,0.0,0.0,0.0,0.0,0.0,0.0,0.0,0.0,0.0,0.0,0.0,0.0,0.0,0.0,0.0,0.0,0.0,0.0,0.0
339.0,1.0,14.783148336210067,15.490006848385034,14.586363980598824,15.680642832389152,15.893434664774505,15.609412462067914,15.60286038163273,16.30130701504339,16.538644170265115,16.731929281865018,1.0,1.0,1.0,1.0,1.0,1.0,1.0,1.0,1.0,1.0
339.25,2.0,15.497771718199532,13.466272089691826,14.662701188163986,15.538623969790407,13.192912840847312,12.847802982563994,12.604052205234632,13.52369877868124,13.555177820251469,13.904204989568315,1.0,1.0,1.0,1.0,1.0,1.0,1.0,1.0,1.0,1.0
339.5,3.0,0.0,0.0,0.0,0.0,0.0,0.0,0.0,0.0,0.0,0.0,0.0,0.0,0.0,0.0,0.0,0.0,0.0,0.0,0.0,0.0
339.75,4.0,16.629595925625832,16.03133000598265,15.408817160592946,16.488755799651063,14.082811776499277,13.888104929837839,14.971225809462045,14.5465312229724,13.806138555125061,14.78142076092262,1.0,1.0,1.0,1.0,1.0,1.0,1.0,1.0,1.0,1.0
340.0,1.0,14.981374943292337,16.097999116542066,14.80970910152764,14.565724961248819,15.080048913723598,15.506174819786752,15.777655127161903,16.101152926392718,16.391091461794193,17.075988548185496,1.0,1.0,1.0,1.0,1.0,1.0,1.0,1.0,1.0,1.0
340.25,2.0,0.0,0.0,0.0,0.0,0.0,0.0,0.0,0.0,0.0,0.0,0.0,0.0,0.0,0.0,0.0,0.0,0.0,0.0,0.0,0.0
340.5,3.0,15.698131469963934,16.523130795750312,17.057452681383577,17.72383950864043,16.712046193161076,16.94758004206081,16.669534056668265,16.137620006209826,16.193242999710506,15.57776116040782,1.0,1.0,1.0,1.0,1.0,1.0,1.0,1.0,1.0,1.0
340.75,4.0,16.05052231051362,15.220200537038796,15.182277450490318,15.882656230885827,15.165234499393696,14.083337942605496,15.041430274318559,14.690618862577685,14.987772256153985,15.229749789450475,1.0,1.0,1.0,1.0,1.0,1.0,1.0,1.0,1.0,1.0
341.0,1.0,0.0,0.0,0.0,0.0,0.0,0.0,0.0,0.0,0.0,0.0,0.0,0.0,0.0,0.0,0.0,0.0,0.0,0.0,0.0,0.0
341.25,2.0,14.434776006410967,14.785392877434631,15.324328041585746,14.833964078076127,12.959497854814723,12.879471067706469,12.776180783808806,14.530918865367477,14.113068686624844,15.375976154107585,1.0,1.0,1.0,1.0,1.0,1.0,1.0,1.0,1.0,1.0
341.5,3.0,0.0,0.0,0.0,0.0,0.0,0.0,0.0,0.0,0.0,0.0,0.0,0.0,0.0,0.0,0.0,0.0,0.0,0.0,0.0,0.0
341.75,4.0,0.0,0.0,0.0,0.0,0.0,0.0,0.0,0.0,0.0,0.0,0.0,0.0,0.0,0.0,0.0,0.0,0.0,0.0,0.0,0.0
342.0,1.0,15.649496853162068,16.77407538554154,14.434546792109796,14.748947609340188,15.48820926104413,15.952281021656324,15.319251767231238,15.851643491979694,15.998876797194226,16.023259777834994,1.0,1.0,1.0,1.0,1.0,1.0,1.0,1.0,1.0,1.0
342.25,2.0,13.803123640196244,14.670350082009332,14.378892659671768,14.176400718380235,13.297035020681106,13.624654757936412,13.694165351386056,14.76774844508048,14.119733115224733,15.376733922369375,1.0,1.0,1.0,1.0,1.0,1.0,1.0,1.0,1.0,1.0
342.5,3.0,0.0,0.0,0.0,0.0,0.0,0.0,0.0,0.0,0.0,0.0,0.0,0.0,0.0,0.0,0.0,0.0,0.0,0.0,0.0,0.0
342.75,4.0,15.403611482718862,14.454902876505269,15.237265141307057,15.258161448115988,13.596197322508278,14.832031537753277,14.909174864482642,15.51965942103075,15.605066511875908,16.64852201100629,1.0,1.0,1.0,1.0,1.0,1.0,1.0,1.0,1.0,1.0
343.0,1.0,15.535792130152661,15.772696384290194,14.256352286332286,15.119349729679397,15.446387366659573,14.973548230043349,14.693884222457674,14.122813965590792,15.406986461103822,16.23847409129685,1.0,1.0,1.0,1.0,1.0,1.0,1.0,1.0,1.0,1.0
343.25,2.0,0.0,0.0,0.0,0.0,0.0,0.0,0.0,0.0,0.0,0.0,0.0,0.0,0.0,0.0,0.0,0.0,0.0,0.0,0.0,0.0
343.5,3.0,15.754005801382966,16.47409902893793,15.820805721124295,14.482534651685091,16.006207142954462,16.08748814850137,15.71189273538757,16.797592922055447,17.24525402076338,17.136183747853593,1.0,1.0,1.0,1.0,1.0,1.0,1.0,1.0,1.0,1.0
343.75,4.0,15.067775716958936,14.790136048088115,15.452347349914712,14.001367567947408,13.709829055491957,14.568631092651662,15.690755553185095,16.23466384010954,16.766622921543842,16.491681500887925,1.0,1.0,1.0,1.0,1.0,1.0,1.0,1.0,1.0,1.0
344.0,1.0,14.39625334430368,14.99228840681887,14.925413324570844,16.113985962962545,16.200658485859517,16.096927310063624,15.790833773333048,15.948061632261044,16.391238761408527,16.49694551204024,1.0,1.0,1.0,1.0,1.0,1.0,1.0,1.0,1.0,1.0
344.25,2.0,14.546975192096559,12.920743047482436,13.488970262062448,14.766385920008666,14.886279470804736,14.381655212946121,14.8955510470549,15.61506843882386,14.830731625116709,16.76786481805678,1.0,1.0,1.0,1.0,1.0,1.0,1.0,1.0,1.0,1.0
344.5,3.0,0.0,0.0,0.0,0.0,0.0,0.0,0.0,0.0,0.0,0.0,0.0,0.0,0.0,0.0,0.0,0.0,0.0,0.0,0.0,0.0
344.75,4.0,14.3084542560407,16.036744180359676,15.132780095434295,14.242056073580175,14.551674930941394,14.649778269475974,16.151777493352775,15.983399818830305,17.25944406092087,17.67379397004224,1.0,1.0,1.0,1.0,1.0,1.0,1.0,1.0,1.0,1.0
345.0,1.0,13.989773190938303,15.897034487850126,15.737513034494702,15.367717568479485,15.485487372459307,15.784434196350356,15.940116937687057,16.70896369857581,17.06838532025572,17.202604111870727,1.0,1.0,1.0,1.0,1.0,1.0,1.0,1.0,1.0,1.0
345.25,2.0,0.0,0.0,0.0,0.0,0.0,0.0,0.0,0.0,0.0,0.0,0.0,0.0,0.0,0.0,0.0,0.0,0.0,0.0,0.0,0.0
345.5,3.0,16.344183352901876,15.210678653618189,14.62845497765419,15.135033079982923,16.635788691260842,16.63970321340293,16.069421278937025,15.99648111702472,16.305402462938442,14.965958211798238,1.0,1.0,1.0,1.0,1.0,1.0,1.0,1.0,1.0,1.0
345.75,4.0,14.152886255321464,16.174837722544904,15.531575527627936,14.979094740061589,16.403596747822405,15.600393340277412,16.078728413965603,15.779601471459804,16.086606559774307,16.81856636662285,1.0,1.0,1.0,1.0,1.0,1.0,1.0,1.0,1.0,1.0
346.0,1.0,0.0,0.0,0.0,0.0,0.0,0.0,0.0,0.0,0.0,0.0,0.0,0.0,0.0,0.0,0.0,0.0,0.0,0.0,0.0,0.0
346.25,2.0,0.0,0.0,0.0,0.0,0.0,0.0,0.0,0.0,0.0,0.0,0.0,0.0,0.0,0.0,0.0,0.0,0.0,0.0,0.0,0.0
346.5,3.0,16.020470830733764,15.609087212106683,15.441180247503949,15.959665112042574,16.8186940384081,17.715385582036877,17.463612843028184,17.481436125945052,17.640140655165027,16.959707260711504,1.0,1.0,1.0,1.0,1.0,1.0,1.0,1.0,1.0,1.0
346.75,4.0,0.0,0.0,0.0,0.0,0.0,0.0,0.0,0.0,0.0,0.0,0.0,0.0,0.0,0.0,0.0,0.0,0.0,0.0,0.0,0.0
347.0,1.0,13.517481231979517,15.020299735511765,13.11526339692717,13.739964108401233,14.977483161344836,16.427529186956082,17.526258982331452,17.918717087861786,18.162038661874387,17.619061879859363,1.0,1.0,1.0,1.0,1.0,1.0,1.0,1.0,1.0,1.0
347.25,2.0,11.804804702504088,10.217310706621015,13.881204972762088,16.63039388071633,15.084453505174036,14.934635628828675,15.05376618636924,15.644032892566816,15.474427400234708,15.806846094858985,1.0,1.0,1.0,1.0,1.0,1.0,1.0,1.0,1.0,1.0
347.5,3.0,0.0,0.0,0.0,0.0,0.0,0.0,0.0,0.0,0.0,0.0,0.0,0.0,0.0,0.0,0.0,0.0,0.0,0.0,0.0,0.0
347.75,4.0,14.780023291790076,16.098057454139255,15.924211913538745,16.534016187402674,16.702587652985162,15.197822203996603,15.63829499719329,17.208581074680165,18.842191698413817,19.323120816997807,1.0,1.0,1.0,1.0,1.0,1.0,1.0,1.0,1.0,1.0
348.0,1.0,13.510333120777265,13.999676526018428,12.917957312652604,14.239372054947086,16.291339217188927,17.281739035850237,17.677279347454228,17.78293872964627,17.502372861241447,17.84416873618206,1.0,1.0,1.0,1.0,1.0,1.0,1.0,1.0,1.0,1.0
348.25,2.0,0.0,0.0,0.0,0.0,0.0,0.0,0.0,0.0,0.0,0.0,0.0,0.0,0.0,0.0,0.0,0.0,0.0,0.0,0.0,0.0
348.5,3.0,16.133534735047366,16.187042273515356,16.829292934671066,17.556597259886065,17.581556810001473,19.12484155704806,18.79972204382465,18.078392450254196,18.809350210399632,17.384933588170668,1.0,1.0,1.0,1.0,1.0,1.0,1.0,1.0,1.0,1.0
348.75,4.0,15.712150906891752,16.458828899876284,17.5608726800914,17.733130206763974,17.177650889701972,16.36214694773163,16.99521687247082,17.58978431178709,18.5381781890997,18.62438767456511,1.0,1.0,1.0,1.0,1.0,1.0,1.0,1.0,1.0,1.0
349.0,1.0,0.0,0.0,0.0,0.0,0.0,0.0,0.0,0.0,0.0,0.0,0.0,0.0,0.0,0.0,0.0,0.0,0.0,0.0,0.0,0.0
349.25,2.0,13.542199244386644,12.259600688813299,13.913232803529176,15.74641213490311,15.95464471913709,16.476998908269213,15.936738549106856,16.684701682567095,15.553499179222735,14.750964563655405,1.0,1.0,1.0,1.0,1.0,1.0,1.0,1.0,1.0,1.0
349.5,3.0,0.0,0.0,0.0,0.0,0.0,0.0,0.0,0.0,0.0,0.0,0.0,0.0,0.0,0.0,0.0,0.0,0.0,0.0,0.0,0.0
349.75,4.0,0.0,0.0,0.0,0.0,0.0,0.0,0.0,0.0,0.0,0.0,0.0,0.0,0.0,0.0,0.0,0.0,0.0,0.0,0.0,0.0
350.0,1.0,13.036827352603183,15.102834187353363,14.956007362403806,16.789967742485725,18.1184050804167,16.748266039880637,17.078878835038328,17.28310024205697,17.44247418475053,16.601673928669715,1.0,1.0,1.0,1.0,1.0,1.0,1.0,1.0,1.0,1.0
350.25,2.0,14.10056755743556,12.464888737721168,13.683335942683016,14.634073504433175,14.959465892577478,14.955894843911407,15.449883153930354,16.151759025910096,15.077986371422595,14.778748076505103,1.0,1.0,1.0,1.0,1.0,1.0,1.0,1.0,1.0,1.0
350.5,3.0,0.0,0.0,0.0,0.0,0.0,0.0,0.0,0.0,0.0,0.0,0.0,0.0,0.0,0.0,0.0,0.0,0.0,0.0,0.0,0.0
350.75,4.0,16.52523087847945,17.391395240316996,18.221893690163935,18.644250892470502,17.530447146550987,17.889154645582742,17.43085160716963,17.7807015011283,18.589768133294882,17.6248865123195,1.0,1.0,1.0,1.0,1.0,1.0,1.0,1.0,1.0,1.0
351.0,1.0,13.780228949980307,16.597558249676553,16.39945814554749,16.513824553658093,17.226217742920042,16.550462855246685,15.317868327174688,16.349255637573926,16.256327200399433,16.30726284424122,1.0,1.0,1.0,1.0,1.0,1.0,1.0,1.0,1.0,1.0
351.25,2.0,0.0,0.0,0.0,0.0,0.0,0.0,0.0,0.0,0.0,0.0,0.0,0.0,0.0,0.0,0.0,0.0,0.0,0.0,0.0,0.0
351.5,3.0,17.258002657381,17.848577052447784,18.828893368225458,19.21421554386784,20.075570868174378,20.006091038666014,19.592216892095486,18.180697213955792,17.55131366782296,17.36420297346438,1.0,1.0,1.0,1.0,1.0,1.0,1.0,1.0,1.0,1.0
351.75,4.0,16.432922602697108,17.68235091757302,18.000894466608997,18.135913357680703,17.92328601463515,18.692946531173828,18.181287977172058,18.038774066626218,17.95730591951563,17.48377554113762,1.0,1.0,1.0,1.0,1.0,1.0,1.0,1.0,1.0,1.0
352.0,1.0,13.98394305243833,17.60738365904726,16.505060456275412,16.43742966956041,16.933566515384587,15.737010478995861,15.367100764762727,16.217496555736815,15.746917656449561,15.79222220452248,1.0,1.0,1.0,1.0,1.0,1.0,1.0,1.0,1.0,1.0
352.25,2.0,13.213882600633784,13.13108029386223,15.727006471613791,14.8945119101521,16.157259982918447,16.281064868767935,15.816672024977798,16.849414829695824,16.463444678418934,16.556197292086548,1.0,1.0,1.0,1.0,1.0,1.0,1.0,1.0,1.0,1.0
352.5,3.0,0.0,0.0,0.0,0.0,0.0,0.0,0.0,0.0,0.0,0.0,0.0,0.0,0.0,0.0,0.0,0.0,0.0,0.0,0.0,0.0
352.75,4.0,16.981299242236116,17.517781569055042,18.529091814291125,18.357776920937653,19.416738410628078,19.111816684451327,18.351372651747546,18.17155579383836,18.294583005888516,18.602764311338774,1.0,1.0,1.0,1.0,1.0,1.0,1.0,1.0,1.0,1.0
353.0,1.0,14.275602218971056,17.628240853844883,16.394703682124426,16.068631433181988,17.043151033310004,15.257372025606596,15.058951336883796,15.837790832354619,15.73473971922163,16.557494886006637,1.0,1.0,1.0,1.0,1.0,1.0,1.0,1.0,1.0,1.0
353.25,2.0,0.0,0.0,0.0,0.0,0.0,0.0,0.0,0.0,0.0,0.0,0.0,0.0,0.0,0.0,0.0,0.0,0.0,0.0,0.0,0.0
353.5,3.0,17.890174089654394,16.078842972468774,17.594474154277695,18.82387037856765,18.03988732006807,16.912438144665973,14.958034373417883,15.264512102796353,15.832402329027115,16.312618314615918,1.0,1.0,1.0,1.0,1.0,1.0,1.0,1.0,1.0,1.0
353.75,4.0,17.872960904068314,19.29023282439883,19.37095201933551,20.109468134270905,19.395870498885344,19.819422868221537,19.71553414086327,19.217626182995772,19.30544209201537,18.783924231076355,1.0,1.0,1.0,1.0,1.0,1.0,1.0,1.0,1.0,1.0
354.0,1.0,0.0,0.0,0.0,0.0,0.0,0.0,0.0,0.0,0.0,0.0,0.0,0.0,0.0,0.0,0.0,0.0,0.0,0.0,0.0,0.0
354.25,2.0,0.0,0.0,0.0,0.0,0.0,0.0,0.0,0.0,0.0,0.0,0.0,0.0,0.0,0.0,0.0,0.0,0.0,0.0,0.0,0.0
354.5,3.0,17.163772918305106,15.731034629659058,17.11940384993362,16.767367081905302,16.636598354000718,15.940913808420165,14.68534088058115,14.57212732450657,15.86134805063514,15.262820477358273,1.0,1.0,1.0,1.0,1.0,1.0,1.0,1.0,1.0,1.0
354.75,4.0,0.0,0.0,0.0,0.0,0.0,0.0,0.0,0.0,0.0,0.0,0.0,0.0,0.0,0.0,0.0,0.0,0.0,0.0,0.0,0.0
355.0,1.0,17.049907041086616,17.79615910007967,18.216214107392897,16.738030939875117,15.943055594889062,14.748775057923657,14.955438837052707,16.180795828084985,15.260790755426422,15.30452916780115,1.0,1.0,1.0,1.0,1.0,1.0,1.0,1.0,1.0,1.0
355.25,2.0,13.200273167484681,12.324180099396289,14.323209925922516,14.943841422495169,17.651235145027947,18.497960394845396,17.47394292591028,17.336342154071467,16.628521826551378,16.52156392753652,1.0,1.0,1.0,1.0,1.0,1.0,1.0,1.0,1.0,1.0
355.5,3.0,0.0,0.0,0.0,0.0,0.0,0.0,0.0,0.0,0.0,0.0,0.0,0.0,0.0,0.0,0.0,0.0,0.0,0.0,0.0,0.0
355.75,4.0,19.42381357459975,20.538825793537047,20.95412698145318,20.083272930343853,19.47397997978804,19.184071031772028,19.572610561270373,19.15559335004334,18.062142988979893,18.711099614288266,1.0,1.0,1.0,1.0,1.0,1.0,1.0,1.0,1.0,1.0
356.0,1.0,17.61534503028072,18.67471488442971,17.608931037194008,15.681735578581986,15.39092708595647,14.221678408233377,14.90354086662912,15.653413570312631,15.916601729042682,16.156775955927,1.0,1.0,1.0,1.0,1.0,1.0,1.0,1.0,1.0,1.0
356.25,2.0,0.0,0.0,0.0,0.0,0.0,0.0,0.0,0.0,0.0,0.0,0.0,0.0,0.0,0.0,0.0,0.0,0.0,0.0,0.0,0.0
356.5,3.0,18.73653037286415,17.808236569016394,16.81500989896022,17.535733976973834,17.342498022141793,16.917951667910177,16.195300864750504,16.322087822321286,16.02595846277727,14.878910167125477,1.0,1.0,1.0,1.0,1.0,1.0,1.0,1.0,1.0,1.0
356.75,4.0,20.0144270930856,19.92397202352312,19.463254684658665,18.738919134998454,18.263205469005264,18.00110448626715,17.614369848499923,17.342669066974523,17.076322035816446,18.140997370515226,1.0,1.0,1.0,1.0,1.0,1.0,1.0,1.0,1.0,1.0
357.0,1.0,0.0,0.0,0.0,0.0,0.0,0.0,0.0,0.0,0.0,0.0,0.0,0.0,0.0,0.0,0.0,0.0,0.0,0.0,0.0,0.0
357.25,2.0,14.997463560726326,14.462658350766757,15.743429196158251,15.784511893838781,18.118941526707843,18.378577540131673,17.95621088393388,17.335673725308762,16.682449699583618,16.79117581812232,1.0,1.0,1.0,1.0,1.0,1.0,1.0,1.0,1.0,1.0
357.5,3.0,0.0,0.0,0.0,0.0,0.0,0.0,0.0,0.0,0.0,0.0,0.0,0.0,0.0,0.0,0.0,0.0,0.0,0.0,0.0,0.0
357.75,4.0,0.0,0.0,0.0,0.0,0.0,0.0,0.0,0.0,0.0,0.0,0.0,0.0,0.0,0.0,0.0,0.0,0.0,0.0,0.0,0.0
358.0,1.0,17.059437605507895,15.979313068069485,15.318318474833179,15.817853862996127,16.486120934079743,15.799144904112495,17.320143126580707,17.174032705485082,17.847061186096163,18.29309944191711,1.0,1.0,1.0,1.0,1.0,1.0,1.0,1.0,1.0,1.0
358.25,2.0,15.394829273205827,14.95553197738001,16.923428659300413,17.128094420518707,19.264266088512134,19.340953747135757,18.338818789626764,18.00217462381896,17.392605519385906,16.516055362651226,1.0,1.0,1.0,1.0,1.0,1.0,1.0,1.0,1.0,1.0
358.5,3.0,20.053168815303497,17.1886316969742,16.39259679343274,16.347698535931947,16.477376250796123,16.38500477537893,15.899882588008253,16.141381759233376,16.404956399623433,15.524313082807344,1.0,1.0,1.0,1.0,1.0,1.0,1.0,1.0,1.0,1.0
358.75,4.0,19.816695315076384,19.596831102354685,19.008155483863316,19.048841443583875,18.4982935209631,17.57700183312801,17.681375248811324,16.849786505186003,16.772983830486254,16.67480926416161,1.0,1.0,1.0,1.0,1.0,1.0,1.0,1.0,1.0,1.0
359.0,1.0,16.715791702890424,15.074023713995988,15.545664475172245,16.592142917042445,17.930098837322152,16.585111753144457,17.33390515881783,17.6879589571699,18.715563130976342,18.211821841187287,1.0,1.0,1.0,1.0,1.0,1.0,1.0,1.0,1.0,1.0
359.25,2.0,0.0,0.0,0.0,0.0,0.0,0.0,0.0,0.0,0.0,0.0,0.0,0.0,0.0,0.0,0.0,0.0,0.0,0.0,0.0,0.0
359.5,3.0,19.183440247138545,17.358355801355124,16.722954233544037,16.940015527013266,16.355333695835405,16.74450349160723,16.11242335152495,16.631685420631833,16.222378945516528,15.635468701335583,1.0,1.0,1.0,1.0,1.0,1.0,1.0,1.0,1.0,1.0
359.75,4.0,19.851157710844394,19.656567402630056,19.301957686416188,18.904498710167605,18.439244126749518,18.027889731810816,17.247348922852964,17.03313393578978,17.075065749618393,16.359377380394754,1.0,1.0,1.0,1.0,1.0,1.0,1.0,1.0,1.0,1.0
360.0,1.0,15.88742414250084,14.96716616657831,15.16358887173278,16.543842935855317,17.42697842249189,15.787023384557951,16.125411753401842,16.145098614944555,17.065096969248128,17.73838801731955,1.0,1.0,1.0,1.0,1.0,1.0,1.0,1.0,1.0,1.0
360.25,2.0,17.71538013090762,15.631898566886308,18.456198770128587,19.135486284573744,18.105394731195194,16.897313230918236,15.954475683453312,16.049614788233377,15.23388756277425,14.920947451806486,1.0,1.0,1.0,1.0,1.0,1.0,1.0,1.0,1.0,1.0
360.5,3.0,0.0,0.0,0.0,0.0,0.0,0.0,0.0,0.0,0.0,0.0,0.0,0.0,0.0,0.0,0.0,0.0,0.0,0.0,0.0,0.0
360.75,4.0,19.438119237802066,19.308058719919206,18.68279286641922,18.182411807187652,17.775284126086323,18.209331904077395,17.175693682796986,16.704646519386355,15.602627613154585,15.159337403304821,1.0,1.0,1.0,1.0,1.0,1.0,1.0,1.0,1.0,1.0
361.0,1.0,15.542006716298758,15.563963535548003,15.716164021419159,17.089115136450427,17.611306539089803,16.54431074097008,17.10833006077299,17.025875664405667,17.29485029573708,17.702256519696007,1.0,1.0,1.0,1.0,1.0,1.0,1.0,1.0,1.0,1.0
361.25,2.0,0.0,0.0,0.0,0.0,0.0,0.0,0.0,0.0,0.0,0.0,0.0,0.0,0.0,0.0,0.0,0.0,0.0,0.0,0.0,0.0
361.5,3.0,17.0996194345187,16.9831942051929,17.49445283128239,18.155252212736205,17.62773828476282,17.027430132025035,16.104349549561235,15.682272095361279,16.363652664707125,16.80326827641236,1.0,1.0,1.0,1.0,1.0,1.0,1.0,1.0,1.0,1.0
361.75,4.0,18.735846943254906,18.567080299632753,18.8371092596484,18.769261347501466,18.016251368791554,17.872562100688064,17.229960907521114,16.76915276732962,16.415780061375873,16.322303154549417,1.0,1.0,1.0,1.0,1.0,1.0,1.0,1.0,1.0,1.0
362.0,1.0,0.0,0.0,0.0,0.0,0.0,0.0,0.0,0.0,0.0,0.0,0.0,0.0,0.0,0.0,0.0,0.0,0.0,0.0,0.0,0.0
362.25,2.0,17.499103262849964,17.05129913197543,16.402050604213493,15.200330989240321,15.53771744534587,15.347659265148543,14.00831494095728,13.91693878019963,15.178109198831196,15.37338292933577,1.0,1.0,1.0,1.0,1.0,1.0,1.0,1.0,1.0,1.0
362.5,3.0,16.807691011136143,16.2326834988542,16.401113165212085,16.923465501536363,16.2996825547443,15.7883375328145,16.101937168009297,15.680294493732912,16.27418640059981,17.16565845510779,1.0,1.0,1.0,1.0,1.0,1.0,1.0,1.0,1.0,1.0
362.75,4.0,0.0,0.0,0.0,0.0,0.0,0.0,0.0,0.0,0.0,0.0,0.0,0.0,0.0,0.0,0.0,0.0,0.0,0.0,0.0,0.0
363.0,1.0,15.752918492751649,16.011781452201877,17.06536646423308,18.339184927603014,18.853589905681545,17.684420406110004,18.375948538544115,17.99190008393493,19.215584527011536,19.15389464411847,1.0,1.0,1.0,1.0,1.0,1.0,1.0,1.0,1.0,1.0
363.25,2.0,16.51000824230465,16.424459612867416,15.1412439652994,14.146698986007554,16.164907132502275,16.03635566721089,16.602125960285612,15.499884636744078,15.766108240121538,15.941748715386561,1.0,1.0,1.0,1.0,1.0,1.0,1.0,1.0,1.0,1.0
363.5,3.0,0.0,0.0,0.0,0.0,0.0,0.0,0.0,0.0,0.0,0.0,0.0,0.0,0.0,0.0,0.0,0.0,0.0,0.0,0.0,0.0
363.75,4.0,18.42293351096622,17.93327852671756,17.45726061437964,17.37430530979928,18.110584244569267,17.480615961442776,17.015310477249162,16.364943748133054,16.861706723390245,15.64308434123227,1.0,1.0,1.0,1.0,1.0,1.0,1.0,1.0,1.0,1.0
364.0,1.0,15.666551588045692,15.859757371524388,17.29373616622905,19.58881250103165,18.804518975887632,17.232267920869067,18.986103990612598,19.095806194662433,19.64705697321162,19.4789003519947,1.0,1.0,1.0,1.0,1.0,1.0,1.0,1.0,1.0,1.0
364.25,2.0,0.0,0.0,0.0,0.0,0.0,0.0,0.0,0.0,0.0,0.0,0.0,0.0,0.0,0.0,0.0,0.0,0.0,0.0,0.0,0.0
364.5,3.0,17.211333139629115,18.254884432256727,17.678200592090832,16.66628763335621,15.51678741090918,16.006598783466377,15.858770887915837,15.847270720415917,16.351371248749135,16.207342318359593,1.0,1.0,1.0,1.0,1.0,1.0,1.0,1.0,1.0,1.0
364.75,4.0,16.614210314972492,17.707587146319128,17.1631759657596,16.41043692053597,17.625386253226274,16.898256743958175,17.117969989348023,16.388995630920064,16.626955358683713,15.414219310704944,1.0,1.0,1.0,1.0,1.0,1.0,1.0,1.0,1.0,1.0
365.0,1.0,0.0,0.0,0.0,0.0,0.0,0.0,0.0,0.0,0.0,0.0,0.0,0.0,0.0,0.0,0.0,0.0,0.0,0.0,0.0,0.0
365.25,2.0,15.506502697209957,14.502630944451008,14.782225716674155,15.968907623663375,16.80878435121645,16.162046969432605,15.754464878518274,14.523919346346716,15.525011864103716,16.09704626213295,1.0,1.0,1.0,1.0,1.0,1.0,1.0,1.0,1.0,1.0
365.5,3.0,0.0,0.0,0.0,0.0,0.0,0.0,0.0,0.0,0.0,0.0,0.0,0.0,0.0,0.0,0.0,0.0,0.0,0.0,0.0,0.0
365.75,4.0,0.0,0.0,0.0,0.0,0.0,0.0,0.0,0.0,0.0,0.0,0.0,0.0,0.0,0.0,0.0,0.0,0.0,0.0,0.0,0.0
366.0,1.0,15.87462502975371,16.734959348625967,16.99379537714625,18.60084362960485,19.957143140242454,18.96510235173821,19.311399441826314,20.09643390561636,19.917364535419335,19.543314345310037,1.0,1.0,1.0,1.0,1.0,1.0,1.0,1.0,1.0,1.0
366.25,2.0,16.035899290259174,14.792779907044155,15.841876022427163,16.199654982946768,16.59865087436763,16.467250369247633,15.959451521149257,15.254071880169343,16.75408801442395,16.641267510259162,1.0,1.0,1.0,1.0,1.0,1.0,1.0,1.0,1.0,1.0
366.5,3.0,17.289395759048226,16.81405509920135,15.754181576157,15.565827232802635,14.777971492872908,14.089241753420268,14.074525334607992,14.310210005971964,14.603383091655633,14.720662947429386,1.0,1.0,1.0,1.0,1.0,1.0,1.0,1.0,1.0,1.0
366.75,4.0,15.526731678994889,16.702803893973385,16.823993177763395,16.057195543803104,16.746645258360843,15.46692110500161,16.58644050606719,15.197782504419227,14.920305748960534,14.684790515587911,1.0,1.0,1.0,1.0,1.0,1.0,1.0,1.0,1.0,1.0
367.0,1.0,16.85454832351047,16.335150384508825,16.879107216813118,17.43184481633518,18.045426590032783,18.476677160328688,19.93598576241974,20.89551815969859,21.14064678269554,20.34567617139287,1.0,1.0,1.0,1.0,1.0,1.0,1.0,1.0,1.0,1.0
367.25,2.0,0.0,0.0,0.0,0.0,0.0,0.0,0.0,0.0,0.0,0.0,0.0,0.0,0.0,0.0,0.0,0.0,0.0,0.0,0.0,0.0
367.5,3.0,17.31887053558439,16.70197015694363,15.103071155265338,14.719408998164264,14.162312131562489,14.156076841644719,13.999169999539811,13.668576046915017,12.96347773133056,13.282289576171516,1.0,1.0,1.0,1.0,1.0,1.0,1.0,1.0,1.0,1.0
367.75,4.0,16.989532746754055,16.893940484323984,16.270027044175176,15.196120519008826,17.054664948867032,16.043050318499677,15.954264131821795,15.207583018940916,15.102099493251883,15.898734799597943,1.0,1.0,1.0,1.0,1.0,1.0,1.0,1.0,1.0,1.0
368.0,1.0,17.125192325710152,16.132315909516254,17.47474256813534,18.24223220578251,18.09780029558658,18.21334246151495,19.800129465517717,20.83156055201739,21.0346821294429,20.29496694304425,1.0,1.0,1.0,1.0,1.0,1.0,1.0,1.0,1.0,1.0
368.25,2.0,15.846878653792183,15.123345870322845,16.056722902377427,16.45797779569575,18.703416413365296,19.262090822953684,20.201360890219558,19.387973199605348,19.356797027000717,18.869919652782198,1.0,1.0,1.0,1.0,1.0,1.0,1.0,1.0,1.0,1.0
368.5,3.0,0.0,0.0,0.0,0.0,0.0,0.0,0.0,0.0,0.0,0.0,0.0,0.0,0.0,0.0,0.0,0.0,0.0,0.0,0.0,0.0
368.75,4.0,17.174448212629752,15.668109466611059,15.159462022337324,15.497780898273666,15.922640240668414,15.195794441973097,15.389632962583613,14.919722180967968,15.763479071884426,16.50426314897594,1.0,1.0,1.0,1.0,1.0,1.0,1.0,1.0,1.0,1.0
369.0,1.0,17.831320539635445,16.949512822587554,19.21344077790758,19.669408031264688,18.7093528917956,18.457202624379146,20.016790163864517,20.13380327626416,19.906779656053832,19.060349779379564,1.0,1.0,1.0,1.0,1.0,1.0,1.0,1.0,1.0,1.0
369.25,2.0,0.0,0.0,0.0,0.0,0.0,0.0,0.0,0.0,0.0,0.0,0.0,0.0,0.0,0.0,0.0,0.0,0.0,0.0,0.0,0.0
369.5,3.0,15.47551871964717,15.518609933006264,14.450367536421265,14.785340182414641,13.877574153352967,13.905288103120759,13.52863152613944,13.797105338537058,13.64832593687895,14.321670310557218,1.0,1.0,1.0,1.0,1.0,1.0,1.0,1.0,1.0,1.0
369.75,4.0,16.45923705189704,15.229493352936942,15.330876241956993,15.527731383828113,15.719667414408178,15.179887014505535,15.936913603460873,15.135568316576444,16.68805856221855,17.195184832053723,1.0,1.0,1.0,1.0,1.0,1.0,1.0,1.0,1.0,1.0
370.0,1.0,0.0,0.0,0.0,0.0,0.0,0.0,0.0,0.0,0.0,0.0,0.0,0.0,0.0,0.0,0.0,0.0,0.0,0.0,0.0,0.0
370.25,2.0,14.98286805983025,15.341754628718475,18.02676056021383,19.843828005267227,19.425596385497865,19.18013132881891,18.53155146336339,18.189856119317255,19.045632580887272,19.428988830956182,1.0,1.0,1.0,1.0,1.0,1.0,1.0,1.0,1.0,1.0
370.5,3.0,14.972754358853756,14.98282874791829,14.403533705692302,14.15733323853687,14.003197037645574,13.638741796695548,13.748718415976603,14.111060175089072,14.006309984696003,13.390360223767821,1.0,1.0,1.0,1.0,1.0,1.0,1.0,1.0,1.0,1.0
370.75,4.0,0.0,0.0,0.0,0.0,0.0,0.0,0.0,0.0,0.0,0.0,0.0,0.0,0.0,0.0,0.0,0.0,0.0,0.0,0.0,0.0
371.0,1.0,18.670161508689773,18.55057849568645,19.237692135256275,20.40902385490454,18.64491310365303,18.956170062674406,18.708336316995236,19.031934630355785,19.62334410519068,19.07829211588163,1.0,1.0,1.0,1.0,1.0,1.0,1.0,1.0,1.0,1.0
371.25,2.0,15.215973532473143,15.45233359741802,18.20395220326977,19.769292128626226,19.578170175350916,19.874810473295888,19.257693509140616,19.115055493750543,19.7902732174666,19.62831960521123,1.0,1.0,1.0,1.0,1.0,1.0,1.0,1.0,1.0,1.0
371.5,3.0,0.0,0.0,0.0,0.0,0.0,0.0,0.0,0.0,0.0,0.0,0.0,0.0,0.0,0.0,0.0,0.0,0.0,0.0,0.0,0.0
371.75,4.0,16.512061185061736,15.593464965631414,15.822512713818604,15.507249416326752,16.990360998895547,16.88344121477509,17.5017157666739,16.683454634656027,18.066048741581298,18.35036843863554,1.0,1.0,1.0,1.0,1.0,1.0,1.0,1.0,1.0,1.0
372.0,1.0,19.020173334265863,19.36018539005163,19.153407364938424,19.088419645168702,18.88178279984026,18.450090961052023,18.071212759838012,18.801396176786245,19.24552236356012,19.229069495991293,1.0,1.0,1.0,1.0,1.0,1.0,1.0,1.0,1.0,1.0
372.25,2.0,0.0,0.0,0.0,0.0,0.0,0.0,0.0,0.0,0.0,0.0,0.0,0.0,0.0,0.0,0.0,0.0,0.0,0.0,0.0,0.0
372.5,3.0,14.399154787238588,14.108740863286233,14.017688376335462,15.094530735424438,16.172095062239517,16.431844534367,16.177873685811868,15.341388953460832,15.547625205430908,13.821791360493394,1.0,1.0,1.0,1.0,1.0,1.0,1.0,1.0,1.0,1.0
372.75,4.0,16.30186749576268,15.79036553472708,15.436308067117622,16.292393013288756,17.828568197487066,17.279035845356525,18.670416242933083,18.005544498930522,19.377486925411898,18.560919866850703,1.0,1.0,1.0,1.0,1.0,1.0,1.0,1.0,1.0,1.0
373.0,1.0,18.677877591830445,18.970557019807053,19.01127592545791,19.22451943841177,17.893450893152917,19.090412262911258,18.7758044475096,19.975350965115467,20.695832051973028,19.11073145021685,1.0,1.0,1.0,1.0,1.0,1.0,1.0,1.0,1.0,1.0
373.25,2.0,15.613578322735197,17.719783239740284,18.385508856511606,18.70280053726753,20.445434850509145,20.756030602190982,20.384344094368977,20.409320198840955,19.69436826740576,19.135361287453698,1.0,1.0,1.0,1.0,1.0,1.0,1.0,1.0,1.0,1.0
373.5,3.0,0.0,0.0,0.0,0.0,0.0,0.0,0.0,0.0,0.0,0.0,0.0,0.0,0.0,0.0,0.0,0.0,0.0,0.0,0.0,0.0
373.75,4.0,14.722965086081073,15.602458175049227,14.803074742395838,15.901928562644876,17.29464529256845,17.999006972089887,18.749266060580332,18.617404654789585,18.67400027536353,18.260447450475247,1.0,1.0,1.0,1.0,1.0,1.0,1.0,1.0,1.0,1.0
374.0,1.0,18.64734094488754,19.538385627187623,19.104988422896554,19.150572805811514,18.555800847635698,19.514190087398234,18.835436890799063,20.37598353864369,20.566699279086052,19.401813938106688,1.0,1.0,1.0,1.0,1.0,1.0,1.0,1.0,1.0,1.0
374.25,2.0,15.843877849680158,16.727668958518457,17.912273755104714,18.423109624345944,19.98728761390461,20.82593028108497,21.142525003196766,20.52694089814449,20.15630889106548,18.38226196086204,1.0,1.0,1.0,1.0,1.0,1.0,1.0,1.0,1.0,1.0
374.5,3.0,13.435835205466649,14.702376568616511,15.424255744201982,15.873565502843203,16.8273299751975,16.492863403587258,16.611168062943126,15.298921138365932,14.717523646123006,13.628531730186543,1.0,1.0,1.0,1.0,1.0,1.0,1.0,1.0,1.0,1.0
374.75,4.0,14.68167132409489,15.873610203973701,15.86531588540605,16.444491235981413,17.026430004411907,18.484789795986714,18.85804841636431,18.680114294658072,18.379318346722833,18.302705643642046,1.0,1.0,1.0,1.0,1.0,1.0,1.0,1.0,1.0,1.0
375.0,1.0,0.0,0.0,0.0,0.0,0.0,0.0,0.0,0.0,0.0,0.0,0.0,0.0,0.0,0.0,0.0,0.0,0.0,0.0,0.0,0.0
375.25,2.0,0.0,0.0,0.0,0.0,0.0,0.0,0.0,0.0,0.0,0.0,0.0,0.0,0.0,0.0,0.0,0.0,0.0,0.0,0.0,0.0
375.5,3.0,14.853389347866425,16.194381515829427,15.850137275700114,15.652093878770094,15.347348636199122,15.80592307051697,15.547798588309528,15.051415828865231,14.956381775799194,13.727056838474812,1.0,1.0,1.0,1.0,1.0,1.0,1.0,1.0,1.0,1.0
375.75,4.0,0.0,0.0,0.0,0.0,0.0,0.0,0.0,0.0,0.0,0.0,0.0,0.0,0.0,0.0,0.0,0.0,0.0,0.0,0.0,0.0
376.0,1.0,17.02072340390615,18.49553567781422,16.69235859427991,17.347191368563248,17.69129996019145,19.16896998506916,18.675162615845075,19.51658614393265,20.152437701029864,19.451931754081585,1.0,1.0,1.0,1.0,1.0,1.0,1.0,1.0,1.0,1.0
376.25,2.0,15.559984676144415,15.168790812081056,17.708265424974105,18.549387677551735,19.647673424002257,18.738531773056778,18.94165314211195,19.066807959581805,17.34604163810226,17.546178955778817,1.0,1.0,1.0,1.0,1.0,1.0,1.0,1.0,1.0,1.0
376.5,3.0,0.0,0.0,0.0,0.0,0.0,0.0,0.0,0.0,0.0,0.0,0.0,0.0,0.0,0.0,0.0,0.0,0.0,0.0,0.0,0.0
376.75,4.0,15.957715829974042,18.226517594562036,18.01087964502686,17.82986044230774,19.396731498722616,19.00365838598983,18.656657742538766,18.672763543983695,18.94959270922386,18.882417641351697,1.0,1.0,1.0,1.0,1.0,1.0,1.0,1.0,1.0,1.0
377.0,1.0,16.549705659662493,18.563082324585505,16.559307029565225,17.617084650689364,18.93469850928368,18.830400140991458,18.688671311428497,18.342390848480218,19.72310724016778,19.167945648754316,1.0,1.0,1.0,1.0,1.0,1.0,1.0,1.0,1.0,1.0
377.25,2.0,0.0,0.0,0.0,0.0,0.0,0.0,0.0,0.0,0.0,0.0,0.0,0.0,0.0,0.0,0.0,0.0,0.0,0.0,0.0,0.0
377.5,3.0,15.80440425824508,15.614773074602056,15.793109611795487,15.209063156466396,14.480096847071072,13.557322569454348,14.665111044698916,15.169578817257802,15.46006159943105,15.498544700576627,1.0,1.0,1.0,1.0,1.0,1.0,1.0,1.0,1.0,1.0
377.75,4.0,16.46002552341525,18.285627394628218,17.669987014064326,18.47836391162713,19.292649339539473,18.87113189039141,19.455246769321935,19.463902851538545,18.879681864323526,18.98135585546997,1.0,1.0,1.0,1.0,1.0,1.0,1.0,1.0,1.0,1.0
378.0,1.0,0.0,0.0,0.0,0.0,0.0,0.0,0.0,0.0,0.0,0.0,0.0,0.0,0.0,0.0,0.0,0.0,0.0,0.0,0.0,0.0
378.25,2.0,14.94548163788052,15.948689174969482,17.20409278468957,17.888966975032172,20.05736911348035,20.11969164656263,18.82588126222247,17.729800456063398,16.57339312074658,15.96460163503736,1.0,1.0,1.0,1.0,1.0,1.0,1.0,1.0,1.0,1.0
378.5,3.0,0.0,0.0,0.0,0.0,0.0,0.0,0.0,0.0,0.0,0.0,0.0,0.0,0.0,0.0,0.0,0.0,0.0,0.0,0.0,0.0
378.75,4.0,0.0,0.0,0.0,0.0,0.0,0.0,0.0,0.0,0.0,0.0,0.0,0.0,0.0,0.0,0.0,0.0,0.0,0.0,0.0,0.0
379.0,1.0,15.26395185664955,16.322395066178963,15.69915961148986,17.208889061250467,16.879806374222827,16.81596853723466,16.942070629839222,17.262819672725946,18.0450558302301,17.66413145165001,1.0,1.0,1.0,1.0,1.0,1.0,1.0,1.0,1.0,1.0
379.25,2.0,15.578323854071852,16.671710309744267,18.102751507665307,18.29404494881371,19.289492378276908,18.253251951873573,17.724009824744986,17.329865009019024,16.254710271163532,16.137183356183485,1.0,1.0,1.0,1.0,1.0,1.0,1.0,1.0,1.0,1.0
379.5,3.0,0.0,0.0,0.0,0.0,0.0,0.0,0.0,0.0,0.0,0.0,0.0,0.0,0.0,0.0,0.0,0.0,0.0,0.0,0.0,0.0
379.75,4.0,15.990459419570085,17.63681218538023,17.876635585117278,19.323646383569358,19.342564143364285,19.0645534398104,18.589091724920667,18.49826939135649,17.291934926734253,17.82520061364195,1.0,1.0,1.0,1.0,1.0,1.0,1.0,1.0,1.0,1.0
380.0,1.0,15.589405618377862,15.876548965823782,15.724715772377838,16.411784564268007,17.998438847123747,17.694704184891187,17.54885753008454,17.82758146229949,18.3712589294711,17.29295050350371,1.0,1.0,1.0,1.0,1.0,1.0,1.0,1.0,1.0,1.0
380.25,2.0,0.0,0.0,0.0,0.0,0.0,0.0,0.0,0.0,0.0,0.0,0.0,0.0,0.0,0.0,0.0,0.0,0.0,0.0,0.0,0.0
380.5,3.0,16.616455842025378,17.151142724749025,15.860153543950776,14.256236084797749,14.829825853975922,13.999593652492932,13.987862182209703,14.78649821314521,14.599144087131446,14.435264786684614,1.0,1.0,1.0,1.0,1.0,1.0,1.0,1.0,1.0,1.0
380.75,4.0,16.43631667435313,17.969095576453633,17.879220364258778,20.106112300373628,19.18581814846569,18.76724438581542,18.270235636677832,18.378745018696932,19.261533506689666,19.498254330356072,1.0,1.0,1.0,1.0,1.0,1.0,1.0,1.0,1.0,1.0
381.0,1.0,16.286872766145606,17.030638690016048,15.900081493903762,16.396865022628717,18.37829507312965,17.154100144778454,17.42794301808656,17.731098898658807,17.468079878420347,16.53728250679537,1.0,1.0,1.0,1.0,1.0,1.0,1.0,1.0,1.0,1.0
381.25,2.0,17.137391442720332,17.746473109150315,17.896853151609037,17.331130499469992,18.05822653101457,18.49845474867132,18.572839224261134,16.90927402266319,15.975072531169676,15.56446812674595,1.0,1.0,1.0,1.0,1.0,1.0,1.0,1.0,1.0,1.0
381.5,3.0,0.0,0.0,0.0,0.0,0.0,0.0,0.0,0.0,0.0,0.0,0.0,0.0,0.0,0.0,0.0,0.0,0.0,0.0,0.0,0.0
381.75,4.0,17.23743895253802,18.161652705517497,18.801504231016885,20.52245620216052,19.447062831055202,18.924783348350005,19.769599270151677,19.420252216986867,19.36922694120876,19.68087476602403,1.0,1.0,1.0,1.0,1.0,1.0,1.0,1.0,1.0,1.0
382.0,1.0,15.957989373774629,16.383463687722195,16.360862057712644,17.3521710023355,18.89008116701566,16.93540388943142,17.00750305021538,17.297343750697262,17.65100970656763,16.890531780113704,1.0,1.0,1.0,1.0,1.0,1.0,1.0,1.0,1.0,1.0
382.25,2.0,17.506285644396097,17.9163640369142,18.599603112108433,18.380760666301615,18.59152171653287,18.144367383980963,18.25825282388647,16.43247710932064,16.16742022669338,14.595103384647468,1.0,1.0,1.0,1.0,1.0,1.0,1.0,1.0,1.0,1.0
382.5,3.0,16.531213251550472,16.838127116821738,15.644433807924576,15.186633668479251,15.539222844737663,14.600367498476531,14.50890758901992,14.230453231367166,14.609324281779347,15.109463670171552,1.0,1.0,1.0,1.0,1.0,1.0,1.0,1.0,1.0,1.0
382.75,4.0,17.26018266340897,17.768173641606317,19.55530527805859,20.238449935169125,18.46322869850553,18.61748011189122,18.935129865814023,17.88667384603296,18.82312611022557,19.609338426585406,1.0,1.0,1.0,1.0,1.0,1.0,1.0,1.0,1.0,1.0
383.0,1.0,0.0,0.0,0.0,0.0,0.0,0.0,0.0,0.0,0.0,0.0,0.0,0.0,0.0,0.0,0.0,0.0,0.0,0.0,0.0,0.0
383.25,2.0,0.0,0.0,0.0,0.0,0.0,0.0,0.0,0.0,0.0,0.0,0.0,0.0,0.0,0.0,0.0,0.0,0.0,0.0,0.0,0.0
383.5,3.0,16.051299224801415,17.485059914246555,15.976205299456394,14.304675710122146,15.14618494350004,13.69397178287303,12.854660458959943,13.360734286085695,14.127926629534757,14.178043006211372,1.0,1.0,1.0,1.0,1.0,1.0,1.0,1.0,1.0,1.0
383.75,4.0,0.0,0.0,0.0,0.0,0.0,0.0,0.0,0.0,0.0,0.0,0.0,0.0,0.0,0.0,0.0,0.0,0.0,0.0,0.0,0.0
384.0,1.0,15.5361218639187,15.964326825074224,17.06154852540166,17.797626116049504,17.51357920741863,16.12644726514502,16.956109899049856,16.244985918999088,16.12464835483302,14.397478328167525,1.0,1.0,1.0,1.0,1.0,1.0,1.0,1.0,1.0,1.0
384.25,2.0,18.29478288378496,16.8063876509352,17.440759684726363,15.877192834399045,15.165380381728028,15.85404243120206,14.754740607020297,14.225380303248015,13.925756864679277,13.883437128191266,1.0,1.0,1.0,1.0,1.0,1.0,1.0,1.0,1.0,1.0
384.5,3.0,0.0,0.0,0.0,0.0,0.0,0.0,0.0,0.0,0.0,0.0,0.0,0.0,0.0,0.0,0.0,0.0,0.0,0.0,0.0,0.0
384.75,4.0,18.205576485509372,18.0396210004034,17.777457239766036,16.774588486261734,18.556285280173988,17.775953228628133,19.110469901915497,18.186697615567276,18.990214632206644,19.798400176650176,1.0,1.0,1.0,1.0,1.0,1.0,1.0,1.0,1.0,1.0
385.0,1.0,15.541496058750942,15.750709222584415,16.658774467767056,17.403692561726412,16.633455303098557,15.440032022144194,15.84781992879698,15.924063796926243,16.310772319968173,14.83594265653471,1.0,1.0,1.0,1.0,1.0,1.0,1.0,1.0,1.0,1.0
385.25,2.0,0.0,0.0,0.0,0.0,0.0,0.0,0.0,0.0,0.0,0.0,0.0,0.0,0.0,0.0,0.0,0.0,0.0,0.0,0.0,0.0
385.5,3.0,18.53647313671708,18.01103022296046,15.315796809240489,12.767760952014035,12.06583493212119,12.518896523232822,12.20171565917438,12.367684435251485,12.596053634446431,13.43321136545122,1.0,1.0,1.0,1.0,1.0,1.0,1.0,1.0,1.0,1.0
385.75,4.0,17.533379038541263,17.57720298856997,17.043076488631204,17.42033968743227,19.127540943995328,18.34157731959702,18.62722402489,18.049710585601396,18.026315486801433,18.33501542259206,1.0,1.0,1.0,1.0,1.0,1.0,1.0,1.0,1.0,1.0
386.0,1.0,0.0,0.0,0.0,0.0,0.0,0.0,0.0,0.0,0.0,0.0,0.0,0.0,0.0,0.0,0.0,0.0,0.0,0.0,0.0,0.0
386.25,2.0,17.7502053148289,15.190805127419912,16.176672420162983,16.051992161980735,15.951579830009909,15.456642448647207,14.58138672471941,13.156241626654555,12.10762667612796,12.193173377402754,1.0,1.0,1.0,1.0,1.0,1.0,1.0,1.0,1.0,1.0
386.5,3.0,0.0,0.0,0.0,0.0,0.0,0.0,0.0,0.0,0.0,0.0,0.0,0.0,0.0,0.0,0.0,0.0,0.0,0.0,0.0,0.0
386.75,4.0,0.0,0.0,0.0,0.0,0.0,0.0,0.0,0.0,0.0,0.0,0.0,0.0,0.0,0.0,0.0,0.0,0.0,0.0,0.0,0.0
387.0,1.0,16.03891584437076,16.727247643315835,16.31287274495998,16.25728498673408,15.509525333264174,15.1339583461843,15.709367940356643,16.17050673378343,16.12750261025626,15.613648114324697,1.0,1.0,1.0,1.0,1.0,1.0,1.0,1.0,1.0,1.0
387.25,2.0,16.418498706398605,15.357317150147956,16.761873365216875,15.998566843808492,15.16610086854458,14.592602354088983,14.414277927264695,13.205271785789321,12.031230601725424,12.012963535040194,1.0,1.0,1.0,1.0,1.0,1.0,1.0,1.0,1.0,1.0
387.5,3.0,0.0,0.0,0.0,0.0,0.0,0.0,0.0,0.0,0.0,0.0,0.0,0.0,0.0,0.0,0.0,0.0,0.0,0.0,0.0,0.0
387.75,4.0,17.16254254623699,17.175271572377945,17.320937560185094,18.025063698651913,19.614851420795713,18.84702726440273,18.579472857436986,17.215467847078184,16.287789738377725,17.680331118132816,1.0,1.0,1.0,1.0,1.0,1.0,1.0,1.0,1.0,1.0
388.0,1.0,15.762189027997891,16.63463995727508,16.43517821276422,16.047220285330802,16.27311048301219,16.085506808706096,16.006965991238516,15.590140047412415,14.547318719988963,14.692935256494119,1.0,1.0,1.0,1.0,1.0,1.0,1.0,1.0,1.0,1.0
388.25,2.0,0.0,0.0,0.0,0.0,0.0,0.0,0.0,0.0,0.0,0.0,0.0,0.0,0.0,0.0,0.0,0.0,0.0,0.0,0.0,0.0
388.5,3.0,17.99415958425054,17.432139460457982,14.900083290957086,14.103652385897975,13.999001399650092,14.523507849527338,15.188657002677253,15.034427809032119,14.944417170094848,14.549316319593231,1.0,1.0,1.0,1.0,1.0,1.0,1.0,1.0,1.0,1.0
388.75,4.0,18.01694549704495,17.03429905997233,17.82090659980398,19.484626798776176,19.873621603750877,18.844047858572363,17.943973597980214,17.756035459706414,17.944804953380327,18.43860383022085,1.0,1.0,1.0,1.0,1.0,1.0,1.0,1.0,1.0,1.0
389.0,1.0,15.769062981504026,16.963426780453275,15.81026943124504,16.028941542806056,16.034802511182416,15.28664859445727,15.098981515116442,14.896748720939524,14.38852183137263,13.68545565372513,1.0,1.0,1.0,1.0,1.0,1.0,1.0,1.0,1.0,1.0
389.25,2.0,16.242832024414405,16.257438841471973,18.338379604930164,17.4852336776313,15.261690515750265,15.119700533237594,13.464474340935915,12.734039157825114,11.582254157380325,11.480046523031879,1.0,1.0,1.0,1.0,1.0,1.0,1.0,1.0,1.0,1.0
389.5,3.0,0.0,0.0,0.0,0.0,0.0,0.0,0.0,0.0,0.0,0.0,0.0,0.0,0.0,0.0,0.0,0.0,0.0,0.0,0.0,0.0
389.75,4.0,18.531223539080475,17.484633002848145,19.32921554734923,20.401183013205532,19.113822699575884,18.22302615449709,18.49374305269184,17.56185863433769,17.687077210547404,18.51022749220803,1.0,1.0,1.0,1.0,1.0,1.0,1.0,1.0,1.0,1.0
390.0,1.0,16.4604131401957,17.175224054201223,15.831795635003237,16.049417464438417,15.171338734146625,15.228669661306279,14.473315342111304,13.748176159607217,12.765011764970584,12.84597788943584,1.0,1.0,1.0,1.0,1.0,1.0,1.0,1.0,1.0,1.0
390.25,2.0,0.0,0.0,0.0,0.0,0.0,0.0,0.0,0.0,0.0,0.0,0.0,0.0,0.0,0.0,0.0,0.0,0.0,0.0,0.0,0.0
390.5,3.0,17.129098387464502,14.502303146091192,14.232405518076561,14.01178095001143,14.922602287625025,15.298967436681176,13.545711552297728,14.034928924905715,13.556345961629034,12.944139858903144,1.0,1.0,1.0,1.0,1.0,1.0,1.0,1.0,1.0,1.0
390.75,4.0,18.235214365100976,19.15597581213192,20.220054790731847,21.034806038264115,19.271104398446173,18.82029269665802,18.7419961103682,18.95213322988869,18.74958274581998,19.43523075792371,1.0,1.0,1.0,1.0,1.0,1.0,1.0,1.0,1.0,1.0
391.0,1.0,0.0,0.0,0.0,0.0,0.0,0.0,0.0,0.0,0.0,0.0,0.0,0.0,0.0,0.0,0.0,0.0,0.0,0.0,0.0,0.0
391.25,2.0,0.0,0.0,0.0,0.0,0.0,0.0,0.0,0.0,0.0,0.0,0.0,0.0,0.0,0.0,0.0,0.0,0.0,0.0,0.0,0.0
391.5,3.0,16.560241651958847,14.688693613246846,14.817566182161755,14.007685577681691,15.033561207916815,13.802913048874638,13.19137190584752,13.39917135232155,13.01555085709286,12.682688998010342,1.0,1.0,1.0,1.0,1.0,1.0,1.0,1.0,1.0,1.0
391.75,4.0,0.0,0.0,0.0,0.0,0.0,0.0,0.0,0.0,0.0,0.0,0.0,0.0,0.0,0.0,0.0,0.0,0.0,0.0,0.0,0.0
392.0,1.0,15.850951101135673,14.481569717109556,13.579309972400974,14.334203919428433,14.718678061348244,14.625664837940974,13.708006497308547,13.926979580963348,13.148290477492035,13.165663349200738,1.0,1.0,1.0,1.0,1.0,1.0,1.0,1.0,1.0,1.0
392.25,2.0,17.253888482522154,17.8035948139011,16.236494032454992,13.603130174580293,12.488907921127831,12.910681536943487,11.814547364480143,10.739229953467936,10.427955161193383,10.770331740889288,1.0,1.0,1.0,1.0,1.0,1.0,1.0,1.0,1.0,1.0
392.5,3.0,0.0,0.0,0.0,0.0,0.0,0.0,0.0,0.0,0.0,0.0,0.0,0.0,0.0,0.0,0.0,0.0,0.0,0.0,0.0,0.0
392.75,4.0,18.185406615895204,18.67670121732452,19.72623332766989,19.54121006354802,19.33498526870604,18.53425160512502,17.58196497583761,17.77185912611975,18.164334828924,18.517203042582775,1.0,1.0,1.0,1.0,1.0,1.0,1.0,1.0,1.0,1.0
393.0,1.0,15.965991410314672,14.38685058126686,15.00633885650621,15.54562434161055,15.373852178609827,14.616512464488945,13.902712772118099,13.90215656101002,13.413801126467344,13.465733877583805,1.0,1.0,1.0,1.0,1.0,1.0,1.0,1.0,1.0,1.0
393.25,2.0,0.0,0.0,0.0,0.0,0.0,0.0,0.0,0.0,0.0,0.0,0.0,0.0,0.0,0.0,0.0,0.0,0.0,0.0,0.0,0.0
393.5,3.0,15.966891722474362,14.486124794827559,15.746772340326364,13.282159835726409,13.383609898512558,13.058532693825928,13.48391622438869,13.733676981999219,14.1554172426447,14.205963436980488,1.0,1.0,1.0,1.0,1.0,1.0,1.0,1.0,1.0,1.0
393.75,4.0,18.0167815149501,19.153193488461575,18.887198813219808,17.677367523750384,17.412182218158037,17.87007172622571,16.56973925341572,17.125936104272785,16.797356851437634,17.405392196133324,1.0,1.0,1.0,1.0,1.0,1.0,1.0,1.0,1.0,1.0
394.0,1.0,0.0,0.0,0.0,0.0,0.0,0.0,0.0,0.0,0.0,0.0,0.0,0.0,0.0,0.0,0.0,0.0,0.0,0.0,0.0,0.0
394.25,2.0,17.22423596218838,15.332454319511351,14.655939856708647,14.535321684768329,13.28780925194851,12.472106661088079,13.15710571487247,11.830077666514915,11.688090093800202,11.251646271867823,1.0,1.0,1.0,1.0,1.0,1.0,1.0,1.0,1.0,1.0
394.5,3.0,0.0,0.0,0.0,0.0,0.0,0.0,0.0,0.0,0.0,0.0,0.0,0.0,0.0,0.0,0.0,0.0,0.0,0.0,0.0,0.0
394.75,4.0,0.0,0.0,0.0,0.0,0.0,0.0,0.0,0.0,0.0,0.0,0.0,0.0,0.0,0.0,0.0,0.0,0.0,0.0,0.0,0.0
395.0,1.0,15.46398827453214,14.896506910391478,14.826262680269812,15.150594009684994,15.379978134659979,14.142827262270423,12.310601802706882,12.175789077508291,12.035759515098672,13.128939403687593,1.0,1.0,1.0,1.0,1.0,1.0,1.0,1.0,1.0,1.0
395.25,2.0,16.672049542671566,15.062555523770593,14.015068722166347,14.602906442187077,13.483531875872528,13.686341442028898,13.871917472172651,12.066337265065831,11.567350083116812,10.76535945225994,1.0,1.0,1.0,1.0,1.0,1.0,1.0,1.0,1.0,1.0
395.5,3.0,0.0,0.0,0.0,0.0,0.0,0.0,0.0,0.0,0.0,0.0,0.0,0.0,0.0,0.0,0.0,0.0,0.0,0.0,0.0,0.0
395.75,4.0,18.514269917823555,18.65048806801095,17.42137572693217,16.945406117765952,15.264062137327308,14.70489417450522,15.486962718238834,15.603125907202157,17.003768721479805,16.98856558877627,1.0,1.0,1.0,1.0,1.0,1.0,1.0,1.0,1.0,1.0
396.0,1.0,15.59214391867016,14.984959507235523,14.720267619455923,14.721838212184943,14.826964212219892,13.407278457815679,12.854399549934966,13.426652841855224,13.073460300707007,14.742026978119986,1.0,1.0,1.0,1.0,1.0,1.0,1.0,1.0,1.0,1.0
396.25,2.0,0.0,0.0,0.0,0.0,0.0,0.0,0.0,0.0,0.0,0.0,0.0,0.0,0.0,0.0,0.0,0.0,0.0,0.0,0.0,0.0
396.5,3.0,16.436701442505385,16.31197399284942,16.326772600219474,13.57734898922671,13.397049590793571,13.180143548977945,13.25152330865385,13.550842388630812,13.457025512859184,12.807124677261726,1.0,1.0,1.0,1.0,1.0,1.0,1.0,1.0,1.0,1.0
396.75,4.0,17.912226779907467,17.536517472157364,16.92750643838325,15.93708458407904,13.714657277226962,14.133549541258617,16.00467409223866,15.659271834468006,15.617790290237513,15.745543705689734,1.0,1.0,1.0,1.0,1.0,1.0,1.0,1.0,1.0,1.0
397.0,1.0,16.008671029656217,14.501047420796526,15.52757720360539,14.85937572643069,14.340475596591698,13.771998591604644,14.029697524400175,15.208149354001,14.663935909874162,15.709412833123086,1.0,1.0,1.0,1.0,1.0,1.0,1.0,1.0,1.0,1.0
397.25,2.0,15.531775601133054,14.68189268623392,14.048391097997552,13.476609028232112,14.026263470059575,15.087036848990984,14.04114970614379,12.731072604653136,12.637370767907163,12.261736179765979,1.0,1.0,1.0,1.0,1.0,1.0,1.0,1.0,1.0,1.0
397.5,3.0,0.0,0.0,0.0,0.0,0.0,0.0,0.0,0.0,0.0,0.0,0.0,0.0,0.0,0.0,0.0,0.0,0.0,0.0,0.0,0.0
397.75,4.0,17.04250717552595,15.795422002582635,15.327215615791813,14.860519254029494,13.50775905388251,13.30615328521398,14.564183984931265,15.712667699230709,16.053991622904153,16.258124496951307,1.0,1.0,1.0,1.0,1.0,1.0,1.0,1.0,1.0,1.0
398.0,1.0,15.902914626366567,16.538474803615838,15.957495157184882,14.99194015308336,14.360706989017782,14.325935400235059,14.59767089382847,15.173985099053674,14.170395559646854,15.029914663406315,1.0,1.0,1.0,1.0,1.0,1.0,1.0,1.0,1.0,1.0
398.25,2.0,0.0,0.0,0.0,0.0,0.0,0.0,0.0,0.0,0.0,0.0,0.0,0.0,0.0,0.0,0.0,0.0,0.0,0.0,0.0,0.0
398.5,3.0,16.16713387325852,15.398340662848826,15.100325180582903,13.072703658011442,13.592676044320422,13.07846894363232,13.558084395334967,13.812421214828493,13.442962129623835,14.020154244659324,1.0,1.0,1.0,1.0,1.0,1.0,1.0,1.0,1.0,1.0
398.75,4.0,16.386235117446127,15.064827615688744,14.669681512832717,14.63204355034348,14.271655876127623,15.035995048144514,16.204135037086214,16.438200083415808,16.366060475516075,15.975520658413517,1.0,1.0,1.0,1.0,1.0,1.0,1.0,1.0,1.0,1.0
399.0,1.0,0.0,0.0,0.0,0.0,0.0,0.0,0.0,0.0,0.0,0.0,0.0,0.0,0.0,0.0,0.0,0.0,0.0,0.0,0.0,0.0
399.25,2.0,0.0,0.0,0.0,0.0,0.0,0.0,0.0,0.0,0.0,0.0,0.0,0.0,0.0,0.0,0.0,0.0,0.0,0.0,0.0,0.0
399.5,3.0,16.12930912792422,14.586687222329395,13.678634491491168,13.257682990523017,14.255508336469896,13.815675252028786,13.928237636161246,14.452401152678766,13.949294798310099,13.494864122815029,1.0,1.0,1.0,1.0,1.0,1.0,1.0,1.0,1.0,1.0
399.75,4.0,0.0,0.0,0.0,0.0,0.0,0.0,0.0,0.0,0.0,0.0,0.0,0.0,0.0,0.0,0.0,0.0,0.0,0.0,0.0,0.0
400.0,1.0,16.16746509835695,16.283736497500076,14.990431911034255,15.455178565492808,15.073097802068991,14.874094193138342,13.968518272925888,13.892793787913183,13.70718389931282,14.18290575529662,1.0,1.0,1.0,1.0,1.0,1.0,1.0,1.0,1.0,1.0
400.25,2.0,14.66655698374056,13.093166853978092,13.077803774871393,12.172440333303197,13.763337025637385,13.784958297038749,12.349208808958393,11.471624989952916,10.388061964819983,9.713660762924073,1.0,1.0,1.0,1.0,1.0,1.0,1.0,1.0,1.0,1.0
400.5,3.0,0.0,0.0,0.0,0.0,0.0,0.0,0.0,0.0,0.0,0.0,0.0,0.0,0.0,0.0,0.0,0.0,0.0,0.0,0.0,0.0
400.75,4.0,14.482096534384349,14.763392489075912,14.336198560379843,15.166039613637675,14.606651378448694,14.828407342886798,15.51342764844904,16.47838845913709,16.130644608345168,15.896489474560848,1.0,1.0,1.0,1.0,1.0,1.0,1.0,1.0,1.0,1.0
401.0,1.0,16.029657093064955,15.22243559569548,14.810199780662245,13.698923245671857,14.14810756403473,15.016921222751069,14.633685386331244,14.51417920354867,13.716052108995589,14.115293433046618,1.0,1.0,1.0,1.0,1.0,1.0,1.0,1.0,1.0,1.0
401.25,2.0,0.0,0.0,0.0,0.0,0.0,0.0,0.0,0.0,0.0,0.0,0.0,0.0,0.0,0.0,0.0,0.0,0.0,0.0,0.0,0.0
401.5,3.0,15.52119907249371,14.484939544757811,14.653586552292252,13.597477015338516,14.517417563846662,14.353940132500059,15.058760156892811,13.090337640173766,14.14449300554879,12.167333600813267,1.0,1.0,1.0,1.0,1.0,1.0,1.0,1.0,1.0,1.0
401.75,4.0,14.176316756979647,14.96580015019774,15.311353088164008,15.449310082857266,14.999239823330964,15.272768699895815,15.962360595893264,15.433096880233176,15.784374151161613,16.554524259197773,1.0,1.0,1.0,1.0,1.0,1.0,1.0,1.0,1.0,1.0
402.0,1.0,0.0,0.0,0.0,0.0,0.0,0.0,0.0,0.0,0.0,0.0,0.0,0.0,0.0,0.0,0.0,0.0,0.0,0.0,0.0,0.0
402.25,2.0,14.152135139269266,13.1936120301773,12.94496942740118,12.829239246394875,12.821607827110652,12.262641495648621,11.593699050475323,11.308806243754422,11.027736266842057,12.042754013379255,1.0,1.0,1.0,1.0,1.0,1.0,1.0,1.0,1.0,1.0
402.5,3.0,0.0,0.0,0.0,0.0,0.0,0.0,0.0,0.0,0.0,0.0,0.0,0.0,0.0,0.0,0.0,0.0,0.0,0.0,0.0,0.0
402.75,4.0,0.0,0.0,0.0,0.0,0.0,0.0,0.0,0.0,0.0,0.0,0.0,0.0,0.0,0.0,0.0,0.0,0.0,0.0,0.0,0.0
403.0,1.0,15.900422509274351,13.811561566260682,12.931991765172873,14.900152891053265,15.58363001014029,16.030062033399375,15.623813077246451,15.31255521746999,15.415872367869875,16.456234553124116,1.0,1.0,1.0,1.0,1.0,1.0,1.0,1.0,1.0,1.0
403.25,2.0,14.010567730259245,12.362568067042345,12.493650178420118,12.738664583883658,12.306103998515102,12.420577560623089,12.549655238982497,12.512704920444644,12.975271209946825,14.030258019660334,1.0,1.0,1.0,1.0,1.0,1.0,1.0,1.0,1.0,1.0
403.5,3.0,12.275943192110404,12.142748776339051,12.604011045376238,13.721617934455796,14.414032055470523,14.376942741347078,14.778675411937614,13.547013540400433,14.576874815957883,13.314851517271942,1.0,1.0,1.0,1.0,1.0,1.0,1.0,1.0,1.0,1.0
403.75,4.0,13.839067170473307,15.884806546641473,14.649125281883636,14.682630301800991,15.848945611250562,16.514566474655606,16.405248532277827,17.536764623324007,17.828458248934655,18.87454531172526,1.0,1.0,1.0,1.0,1.0,1.0,1.0,1.0,1.0,1.0
404.0,1.0,13.902335926629688,13.772628458219351,14.479700648088338,15.113122596090184,15.983379558748432,16.111766898881164,15.676930935898813,15.66189418508494,15.803990352451846,16.414665089109523,1.0,1.0,1.0,1.0,1.0,1.0,1.0,1.0,1.0,1.0
404.25,2.0,0.0,0.0,0.0,0.0,0.0,0.0,0.0,0.0,0.0,0.0,0.0,0.0,0.0,0.0,0.0,0.0,0.0,0.0,0.0,0.0
404.5,3.0,12.061193839579763,12.327671339941467,13.166555269373488,13.923060682330748,12.845934279619348,13.51831163824112,13.777432522410844,13.912719378287356,15.446780786265265,15.231349040927403,1.0,1.0,1.0,1.0,1.0,1.0,1.0,1.0,1.0,1.0
404.75,4.0,14.099629051607975,15.21339710389351,14.852111048826982,14.747371510703056,16.330447491028394,16.527771554044804,16.23008386987599,16.60692106306613,16.550280823546547,16.897030946812166,1.0,1.0,1.0,1.0,1.0,1.0,1.0,1.0,1.0,1.0
405.0,1.0,13.883795259705819,14.706013185511386,13.87458124130158,14.391653914917516,16.151215118849517,16.482375696929445,16.400793097755905,16.882924009876653,16.75484364284169,17.951245012819566,1.0,1.0,1.0,1.0,1.0,1.0,1.0,1.0,1.0,1.0
405.25,2.0,12.490371503415323,12.882444243103008,12.546698198821337,11.573688497199901,11.218003880987132,12.324248927109288,12.21044886965845,12.133500696591868,13.036922296577766,13.481758632359583,1.0,1.0,1.0,1.0,1.0,1.0,1.0,1.0,1.0,1.0
405.5,3.0,0.0,0.0,0.0,0.0,0.0,0.0,0.0,0.0,0.0,0.0,0.0,0.0,0.0,0.0,0.0,0.0,0.0,0.0,0.0,0.0
405.75,4.0,13.065845741700207,15.158350517061898,16.263136550420608,15.909102463779767,15.938403886419529,15.602306505922309,15.655803475629908,16.320777119867294,16.488934980676987,15.6788591496229,1.0,1.0,1.0,1.0,1.0,1.0,1.0,1.0,1.0,1.0
406.0,1.0,13.545295162799217,14.093541250084112,13.484044199637848,14.470957214104645,15.734739878477729,16.381764301524765,16.104854611745004,16.55696297619628,16.872549898888373,17.40625313623092,1.0,1.0,1.0,1.0,1.0,1.0,1.0,1.0,1.0,1.0
406.25,2.0,0.0,0.0,0.0,0.0,0.0,0.0,0.0,0.0,0.0,0.0,0.0,0.0,0.0,0.0,0.0,0.0,0.0,0.0,0.0,0.0
406.5,3.0,12.496884923933868,13.114246964123273,14.42300554438005,14.158553076091271,14.129352635330713,14.782077947260639,15.452019061800925,15.354872246677356,15.966370588063254,15.496910236880556,1.0,1.0,1.0,1.0,1.0,1.0,1.0,1.0,1.0,1.0
406.75,4.0,13.274529017316638,15.573451274313003,15.546265924501048,16.266441994633695,16.644543773454927,15.7017765762876,15.60515896096011,15.947645839292802,15.267336171141807,15.12446599075967,1.0,1.0,1.0,1.0,1.0,1.0,1.0,1.0,1.0,1.0
407.0,1.0,0.0,0.0,0.0,0.0,0.0,0.0,0.0,0.0,0.0,0.0,0.0,0.0,0.0,0.0,0.0,0.0,0.0,0.0,0.0,0.0
407.25,2.0,11.824885475686456,13.259632353746458,11.884261187613067,12.681606760425906,14.712996091648646,13.959376535371394,14.300623866288904,13.252790196143717,13.879056512396694,14.549702696107968,1.0,1.0,1.0,1.0,1.0,1.0,1.0,1.0,1.0,1.0
407.5,3.0,13.056636346819127,13.283367079681991,14.600138318607419,14.871310940492274,15.127251902595404,15.53191831325755,16.09050198459409,15.65037469897542,16.078880562894295,15.160184570214609,1.0,1.0,1.0,1.0,1.0,1.0,1.0,1.0,1.0,1.0
407.75,4.0,0.0,0.0,0.0,0.0,0.0,0.0,0.0,0.0,0.0,0.0,0.0,0.0,0.0,0.0,0.0,0.0,0.0,0.0,0.0,0.0
408.0,1.0,12.760426106867358,12.366152881425677,14.2622705723934,14.76300924035672,17.095433316412162,18.261381290130767,18.144311239215433,18.66782940178138,17.73708870407453,17.66990003374691,1.0,1.0,1.0,1.0,1.0,1.0,1.0,1.0,1.0,1.0
408.25,2.0,12.215012730221408,13.224638960331395,12.180324741892528,13.085309549998728,14.314503931471465,14.236171977868972,15.42121943760242,15.53570831678804,14.902859687299863,15.600550852836237,1.0,1.0,1.0,1.0,1.0,1.0,1.0,1.0,1.0,1.0
408.5,3.0,0.0,0.0,0.0,0.0,0.0,0.0,0.0,0.0,0.0,0.0,0.0,0.0,0.0,0.0,0.0,0.0,0.0,0.0,0.0,0.0
408.75,4.0,14.88964243979902,15.655403381814866,15.91566212695511,16.186432773726978,15.503675730888137,14.268329828100775,14.627191353369845,15.838694502547646,15.528203643535326,14.667116491208565,1.0,1.0,1.0,1.0,1.0,1.0,1.0,1.0,1.0,1.0
409.0,1.0,14.086758709667592,13.774210294060065,15.544995785555619,15.497176089877465,17.9661673084451,17.56772356345899,17.20514196538579,17.480927697776025,16.937918049820762,17.470010921972815,1.0,1.0,1.0,1.0,1.0,1.0,1.0,1.0,1.0,1.0
409.25,2.0,0.0,0.0,0.0,0.0,0.0,0.0,0.0,0.0,0.0,0.0,0.0,0.0,0.0,0.0,0.0,0.0,0.0,0.0,0.0,0.0
409.5,3.0,13.430808887447794,13.132004885931778,13.432749170557834,13.513330118291393,15.522580643848672,16.261864664632476,16.440982705755065,14.521017839360548,15.600880703867713,14.116942141285547,1.0,1.0,1.0,1.0,1.0,1.0,1.0,1.0,1.0,1.0
409.75,4.0,15.092367560958754,15.2140927651418,16.38156121734374,16.814411425919513,15.778384976789306,15.537308790520413,15.608841930523656,15.740684871967236,14.897927908857206,13.969129285929752,1.0,1.0,1.0,1.0,1.0,1.0,1.0,1.0,1.0,1.0
410.0,1.0,14.528221935632523,15.096147212039519,16.728571074120996,16.6083694803318,17.8570979800607,18.188452591205426,17.66541244085712,17.656721983568683,16.4510683780373,16.982088325942296,1.0,1.0,1.0,1.0,1.0,1.0,1.0,1.0,1.0,1.0
410.25,2.0,13.258006741232203,14.027685912629247,14.36568088822321,13.880675889658317,14.21507543274484,14.533455058792411,13.493590514175652,15.36899752731568,15.130424159376364,16.273488954541314,1.0,1.0,1.0,1.0,1.0,1.0,1.0,1.0,1.0,1.0
410.5,3.0,0.0,0.0,0.0,0.0,0.0,0.0,0.0,0.0,0.0,0.0,0.0,0.0,0.0,0.0,0.0,0.0,0.0,0.0,0.0,0.0
410.75,4.0,0.0,0.0,0.0,0.0,0.0,0.0,0.0,0.0,0.0,0.0,0.0,0.0,0.0,0.0,0.0,0.0,0.0,0.0,0.0,0.0
411.0,1.0,14.796715166851179,16.420796609086068,17.472768779296942,17.599228016407174,18.145866236932818,18.48739348600968,17.720815897649036,16.821240899454914,15.977870511848176,15.771072813697183,1.0,1.0,1.0,1.0,1.0,1.0,1.0,1.0,1.0,1.0
411.25,2.0,13.517882854760451,15.154444436177357,14.611341732896024,15.41173619955732,15.850383324916177,15.743456033724938,14.78383677468788,15.743408408646928,15.616745022261716,16.891237385604153,1.0,1.0,1.0,1.0,1.0,1.0,1.0,1.0,1.0,1.0
411.5,3.0,14.550094681857962,14.359164882555463,14.405774013180942,14.676994042153503,14.359516110274743,14.146874240705074,13.40908719812949,12.310821471109936,13.725219928804544,12.549966194626174,1.0,1.0,1.0,1.0,1.0,1.0,1.0,1.0,1.0,1.0
411.75,4.0,16.24278832185602,17.42646963947097,17.869193449081155,18.467011757918787,16.472017988454823,15.422101694983605,14.652852546088221,15.684585936773834,16.268826086084825,16.059043478388006,1.0,1.0,1.0,1.0,1.0,1.0,1.0,1.0,1.0,1.0
412.0,1.0,0.0,0.0,0.0,0.0,0.0,0.0,0.0,0.0,0.0,0.0,0.0,0.0,0.0,0.0,0.0,0.0,0.0,0.0,0.0,0.0
412.25,2.0,0.0,0.0,0.0,0.0,0.0,0.0,0.0,0.0,0.0,0.0,0.0,0.0,0.0,0.0,0.0,0.0,0.0,0.0,0.0,0.0
412.5,3.0,14.472772597586056,15.013338038433819,15.208140266212137,13.506836404575044,12.404385295566795,13.200387114711887,13.92928917517021,13.57465660505518,14.406765550623978,13.43343896637187,1.0,1.0,1.0,1.0,1.0,1.0,1.0,1.0,1.0,1.0
412.75,4.0,16.67107216546775,18.26760130870973,17.588870357406858,16.783872288024007,14.85664132760731,14.42935396413309,14.6884011894097,15.594663745699876,16.727562304671817,16.73713316904681,1.0,1.0,1.0,1.0,1.0,1.0,1.0,1.0,1.0,1.0
413.0,1.0,17.137521787550515,17.78126950993549,18.285110284879625,17.158374051284685,17.00953222052047,17.026034426822044,17.629613545217648,17.76936246318145,18.25850950179171,18.70220903722564,1.0,1.0,1.0,1.0,1.0,1.0,1.0,1.0,1.0,1.0
413.25,2.0,13.92349393345221,16.178417831606556,16.12216099538212,17.475709469344636,18.048506944263725,17.79932553074534,16.76784257028851,17.69398505670047,17.065652758639303,17.23802578433497,1.0,1.0,1.0,1.0,1.0,1.0,1.0,1.0,1.0,1.0
413.5,3.0,0.0,0.0,0.0,0.0,0.0,0.0,0.0,0.0,0.0,0.0,0.0,0.0,0.0,0.0,0.0,0.0,0.0,0.0,0.0,0.0
413.75,4.0,17.67224626730738,19.25475975900995,17.62131894515194,16.576623131675316,15.053697101452965,14.618619056163485,15.732856376707323,16.270286735677296,17.554957697596777,17.19143132207676,1.0,1.0,1.0,1.0,1.0,1.0,1.0,1.0,1.0,1.0
414.0,1.0,16.68623987787939,17.746368698782536,18.30671485658412,16.645407130639914,17.46984037682858,17.737280027663715,18.18396359787637,19.444114235040416,20.276513538010835,20.78873401542496,1.0,1.0,1.0,1.0,1.0,1.0,1.0,1.0,1.0,1.0
414.25,2.0,0.0,0.0,0.0,0.0,0.0,0.0,0.0,0.0,0.0,0.0,0.0,0.0,0.0,0.0,0.0,0.0,0.0,0.0,0.0,0.0
414.5,3.0,14.531325548443709,15.079184909742416,14.623475502305682,14.201206408396517,14.892120903048543,15.333702597179927,14.914885375964085,14.441805417770817,14.094906918122565,14.04859718898623,1.0,1.0,1.0,1.0,1.0,1.0,1.0,1.0,1.0,1.0
414.75,4.0,17.136889314823577,19.506499272133055,17.73538294143653,15.97095725372054,15.628659813439578,16.279577041187977,16.442115532352307,17.76179974759117,18.27155933628149,17.5712121268047,1.0,1.0,1.0,1.0,1.0,1.0,1.0,1.0,1.0,1.0
415.0,1.0,0.0,0.0,0.0,0.0,0.0,0.0,0.0,0.0,0.0,0.0,0.0,0.0,0.0,0.0,0.0,0.0,0.0,0.0,0.0,0.0
415.25,2.0,17.829725278488635,17.67166930777824,17.159621147586552,17.652428971541333,16.631093458792407,16.42121690151822,15.646611988021162,16.91949352883697,17.30031682689453,16.467951081830744,1.0,1.0,1.0,1.0,1.0,1.0,1.0,1.0,1.0,1.0
415.5,3.0,15.38309093280433,14.670947629436858,15.924559145546088,14.588663491222526,14.188297217184264,14.077234602211867,13.442884307258456,13.375350165704742,12.909459766326355,12.595454994145632,1.0,1.0,1.0,1.0,1.0,1.0,1.0,1.0,1.0,1.0
415.75,4.0,0.0,0.0,0.0,0.0,0.0,0.0,0.0,0.0,0.0,0.0,0.0,0.0,0.0,0.0,0.0,0.0,0.0,0.0,0.0,0.0
416.0,1.0,17.659357041565624,17.313794413139412,17.256293651305274,16.420171740464024,17.351827011559802,17.362691773821062,18.134563387164352,18.821889050941387,19.40159719895435,19.463291229940012,1.0,1.0,1.0,1.0,1.0,1.0,1.0,1.0,1.0,1.0
416.25,2.0,17.72216790327984,16.383725960583842,16.67516096334763,17.249669692262632,17.15069276417715,17.273987030440367,16.907665440159313,17.6118762181776,17.327666217176393,16.681824781661188,1.0,1.0,1.0,1.0,1.0,1.0,1.0,1.0,1.0,1.0
416.5,3.0,0.0,0.0,0.0,0.0,0.0,0.0,0.0,0.0,0.0,0.0,0.0,0.0,0.0,0.0,0.0,0.0,0.0,0.0,0.0,0.0
416.75,4.0,19.259987888610677,19.0351566816644,18.635476822557322,16.677815521671757,13.828770465816453,14.732791675058454,16.050713962137277,17.32811500162235,17.569377458782444,16.79879867573866,1.0,1.0,1.0,1.0,1.0,1.0,1.0,1.0,1.0,1.0
417.0,1.0,17.444255937086048,16.3737152826192,16.629532796566586,16.217728933599222,17.33005187671055,17.48837292111996,17.303979653169723,18.693341003835535,18.869335815334285,19.36131970853691,1.0,1.0,1.0,1.0,1.0,1.0,1.0,1.0,1.0,1.0
417.25,2.0,0.0,0.0,0.0,0.0,0.0,0.0,0.0,0.0,0.0,0.0,0.0,0.0,0.0,0.0,0.0,0.0,0.0,0.0,0.0,0.0
417.5,3.0,17.310485393910422,16.141109900535913,15.21794612505082,14.489029998042506,14.017284962714665,13.074575025537449,11.852305107405689,12.135928574344899,12.040078888494643,12.158367438421294,1.0,1.0,1.0,1.0,1.0,1.0,1.0,1.0,1.0,1.0
417.75,4.0,19.228669857095593,19.21382420453357,18.324763455590347,15.879188140111992,14.467634926626895,15.247432550536502,16.810608812590765,18.407046380201077,17.673408884822372,16.3323466561981,1.0,1.0,1.0,1.0,1.0,1.0,1.0,1.0,1.0,1.0
418.0,1.0,17.68384957066971,16.052183280677273,16.242873837151027,15.760392844000245,16.204834028763354,16.445308830186804,16.243538297353325,18.026252406368855,18.03198040319612,19.122360240719836,1.0,1.0,1.0,1.0,1.0,1.0,1.0,1.0,1.0,1.0
418.25,2.0,16.329760415188687,16.76103397513713,17.5530549721255,17.210046949597768,17.035282613805165,16.50546259888575,15.541998718374746,15.896098976111979,16.38084598450858,15.914732741141695,1.0,1.0,1.0,1.0,1.0,1.0,1.0,1.0,1.0,1.0
418.5,3.0,0.0,0.0,0.0,0.0,0.0,0.0,0.0,0.0,0.0,0.0,0.0,0.0,0.0,0.0,0.0,0.0,0.0,0.0,0.0,0.0
418.75,4.0,17.836166436483065,18.249858077819255,17.325625817989483,15.578014739877108,15.069451929981666,14.971247719584767,16.357603368064588,16.78299550785287,16.115025331167132,15.1967447154389,1.0,1.0,1.0,1.0,1.0,1.0,1.0,1.0,1.0,1.0
419.0,1.0,16.94584445345915,16.269187455607334,15.760745376789696,15.429402022240357,16.208714639538954,16.32779748624558,16.179578050369653,17.54988103913486,18.331408549503042,18.71299963416891,1.0,1.0,1.0,1.0,1.0,1.0,1.0,1.0,1.0,1.0
419.25,2.0,16.63987699193288,17.019417839713068,17.069203715310287,16.78660992326365,16.91581168388646,15.697428508488073,15.64834810659784,15.37245543839954,16.00172400895164,14.579208599342781,1.0,1.0,1.0,1.0,1.0,1.0,1.0,1.0,1.0,1.0
419.5,3.0,17.056577797278344,16.187942898096125,15.764976296808646,14.098295918270132,12.083070506604988,12.055531628962758,11.7242073637782,12.39279583733122,11.43710529467693,11.170534626315677,1.0,1.0,1.0,1.0,1.0,1.0,1.0,1.0,1.0,1.0
419.75,4.0,18.08159811936872,17.12303357584478,16.318445907786927,15.209096134127611,15.176693680471871,15.619857258367665,15.643780408079303,16.606852068032644,16.5447645347149,16.926874952647932,1.0,1.0,1.0,1.0,1.0,1.0,1.0,1.0,1.0,1.0
420.0,1.0,0.0,0.0,0.0,0.0,0.0,0.0,0.0,0.0,0.0,0.0,0.0,0.0,0.0,0.0,0.0,0.0,0.0,0.0,0.0,0.0
420.25,2.0,0.0,0.0,0.0,0.0,0.0,0.0,0.0,0.0,0.0,0.0,0.0,0.0,0.0,0.0,0.0,0.0,0.0,0.0,0.0,0.0
420.5,3.0,16.63120358620355,15.547983443060007,15.325598875095105,12.979244383931206,11.162865809288961,10.910970656590724,10.58223071409508,10.665205475297046,10.490569566113985,10.996688553055726,1.0,1.0,1.0,1.0,1.0,1.0,1.0,1.0,1.0,1.0
420.75,4.0,0.0,0.0,0.0,0.0,0.0,0.0,0.0,0.0,0.0,0.0,0.0,0.0,0.0,0.0,0.0,0.0,0.0,0.0,0.0,0.0
421.0,1.0,17.680060571576984,15.371974062501746,14.457715460863884,14.668846487482176,15.683443189726644,16.38781972011797,17.13148778114661,17.391594857076154,17.58489703568521,17.725060536549798,1.0,1.0,1.0,1.0,1.0,1.0,1.0,1.0,1.0,1.0
421.25,2.0,15.717793108232815,16.687554568804217,17.910225667109117,17.77012650002958,16.23461320271517,17.822217197464923,17.182242378060053,17.18590849835741,16.900439311176573,15.455341400662194,1.0,1.0,1.0,1.0,1.0,1.0,1.0,1.0,1.0,1.0
421.5,3.0,0.0,0.0,0.0,0.0,0.0,0.0,0.0,0.0,0.0,0.0,0.0,0.0,0.0,0.0,0.0,0.0,0.0,0.0,0.0,0.0
421.75,4.0,17.18280078547875,15.901820711960205,15.25535023014908,15.920432585190753,16.21267011013677,15.976015274315504,16.09092918274912,16.79105936939774,16.372848667057603,17.368353668380536,1.0,1.0,1.0,1.0,1.0,1.0,1.0,1.0,1.0,1.0
422.0,1.0,16.83810582709138,14.591533650206452,14.10817560483085,14.785947311966114,16.24190860719578,16.060286466344227,16.948714697195964,17.324572344440817,18.71931588124856,18.668707132269635,1.0,1.0,1.0,1.0,1.0,1.0,1.0,1.0,1.0,1.0
422.25,2.0,0.0,0.0,0.0,0.0,0.0,0.0,0.0,0.0,0.0,0.0,0.0,0.0,0.0,0.0,0.0,0.0,0.0,0.0,0.0,0.0
422.5,3.0,16.75858760284932,14.710120669229793,15.389589647481491,12.952548976993397,10.83484397147665,11.272600162723938,11.261402133073586,12.340872405252382,12.751529033143347,12.646007589276717,1.0,1.0,1.0,1.0,1.0,1.0,1.0,1.0,1.0,1.0
422.75,4.0,17.16943806091194,16.480266456935475,16.71947558264684,16.619126819060643,16.11756568053639,16.734233456165036,16.51228619365481,17.868389848618193,17.910037581393727,17.50509114205403,1.0,1.0,1.0,1.0,1.0,1.0,1.0,1.0,1.0,1.0
423.0,1.0,0.0,0.0,0.0,0.0,0.0,0.0,0.0,0.0,0.0,0.0,0.0,0.0,0.0,0.0,0.0,0.0,0.0,0.0,0.0,0.0
423.25,2.0,17.764308046363954,19.171454258264163,18.958202419030656,18.764241796929372,17.601967827362476,18.70182068596056,18.469433667846072,17.954073217204442,17.29104071105811,16.605612953988864,1.0,1.0,1.0,1.0,1.0,1.0,1.0,1.0,1.0,1.0
423.5,3.0,0.0,0.0,0.0,0.0,0.0,0.0,0.0,0.0,0.0,0.0,0.0,0.0,0.0,0.0,0.0,0.0,0.0,0.0,0.0,0.0
423.75,4.0,0.0,0.0,0.0,0.0,0.0,0.0,0.0,0.0,0.0,0.0,0.0,0.0,0.0,0.0,0.0,0.0,0.0,0.0,0.0,0.0
424.0,1.0,14.65361650810713,14.163801167759562,14.368928284040607,15.413087428000473,17.920560939117728,17.69918628791238,18.502296143220708,18.668399820889576,20.511857281236455,20.198869381765366,1.0,1.0,1.0,1.0,1.0,1.0,1.0,1.0,1.0,1.0
424.25,2.0,17.71242008596261,19.48138048658887,18.813017493364917,19.38342044250449,18.095998260894053,18.538280780030068,17.440699797657913,17.146455398684957,15.754762777597957,16.745247305427185,1.0,1.0,1.0,1.0,1.0,1.0,1.0,1.0,1.0,1.0
424.5,3.0,0.0,0.0,0.0,0.0,0.0,0.0,0.0,0.0,0.0,0.0,0.0,0.0,0.0,0.0,0.0,0.0,0.0,0.0,0.0,0.0
424.75,4.0,16.185744948280032,17.524636527200972,16.95958506826049,15.870053464268699,16.524969030639408,15.673436601544314,15.640936994075547,17.81638746330734,17.95021040231295,17.924187823465974,1.0,1.0,1.0,1.0,1.0,1.0,1.0,1.0,1.0,1.0
425.0,1.0,13.488307566721979,15.279473897975741,15.923567558514577,16.723645108786105,18.662683036465985,18.175232631444572,18.964088285318578,19.104488456187944,20.129448221693718,19.883423469525372,1.0,1.0,1.0,1.0,1.0,1.0,1.0,1.0,1.0,1.0
425.25,2.0,0.0,0.0,0.0,0.0,0.0,0.0,0.0,0.0,0.0,0.0,0.0,0.0,0.0,0.0,0.0,0.0,0.0,0.0,0.0,0.0
425.5,3.0,16.39316976071155,13.987910654447022,13.486701956889426,14.675495792585986,14.713869689278324,14.266279769423887,15.114876542316129,14.109904864035366,14.293276793806793,14.286853993148,1.0,1.0,1.0,1.0,1.0,1.0,1.0,1.0,1.0,1.0
425.75,4.0,15.563161304468931,16.903427762038294,17.23688284102172,16.051813376423357,16.03320840560683,15.237637235760255,16.094474583032074,17.576984611341924,17.930694622487348,17.64144206271708,1.0,1.0,1.0,1.0,1.0,1.0,1.0,1.0,1.0,1.0
426.0,1.0,14.743629090600239,15.735703554929593,15.74908934855944,16.575126788866058,19.151829924875138,19.062705219573374,19.133299222673408,19.8769028831567,20.030345054474804,19.189300148605597,1.0,1.0,1.0,1.0,1.0,1.0,1.0,1.0,1.0,1.0
426.25,2.0,17.982482033381963,17.708647599677054,18.9552000001161,19.04158036202979,17.332288569428545,17.03964880150632,16.998915340078543,14.938548949843977,14.164241423282785,13.948906575528872,1.0,1.0,1.0,1.0,1.0,1.0,1.0,1.0,1.0,1.0
426.5,3.0,0.0,0.0,0.0,0.0,0.0,0.0,0.0,0.0,0.0,0.0,0.0,0.0,0.0,0.0,0.0,0.0,0.0,0.0,0.0,0.0
426.75,4.0,15.277963723520715,17.186198954205448,17.130810940367976,16.25785116138426,16.29798547407316,15.529571400630097,16.616846223503025,17.556721062750928,18.600546360708115,17.921217305948133,1.0,1.0,1.0,1.0,1.0,1.0,1.0,1.0,1.0,1.0
427.0,1.0,15.37827766252927,15.38670428832408,15.812246407379135,17.50973250717336,19.651353849788347,18.60704319267378,19.346974163077117,19.20043805769477,19.88420684751328,19.051724804879093,1.0,1.0,1.0,1.0,1.0,1.0,1.0,1.0,1.0,1.0
427.25,2.0,0.0,0.0,0.0,0.0,0.0,0.0,0.0,0.0,0.0,0.0,0.0,0.0,0.0,0.0,0.0,0.0,0.0,0.0,0.0,0.0
427.5,3.0,16.876725679402817,15.219886403055332,14.805564730845836,15.09864943221546,15.138429165684757,15.218910328488617,16.21110787731548,14.479412059331917,13.94087382669473,12.889826735272951,1.0,1.0,1.0,1.0,1.0,1.0,1.0,1.0,1.0,1.0
427.75,4.0,15.29176613512568,17.29931895335843,16.856361371216565,15.381166770490388,15.35606069764934,15.268911448580324,16.431797170607588,17.175248171466027,18.452011114546504,18.553223973795802,1.0,1.0,1.0,1.0,1.0,1.0,1.0,1.0,1.0,1.0
428.0,1.0,0.0,0.0,0.0,0.0,0.0,0.0,0.0,0.0,0.0,0.0,0.0,0.0,0.0,0.0,0.0,0.0,0.0,0.0,0.0,0.0
428.25,2.0,0.0,0.0,0.0,0.0,0.0,0.0,0.0,0.0,0.0,0.0,0.0,0.0,0.0,0.0,0.0,0.0,0.0,0.0,0.0,0.0
428.5,3.0,15.29873525366765,14.053908083667679,14.282243545354293,15.024086096075418,15.720386112331695,16.367602875904833,16.74936663886247,14.322297899612463,12.932250154291765,13.423672463113649,1.0,1.0,1.0,1.0,1.0,1.0,1.0,1.0,1.0,1.0
428.75,4.0,0.0,0.0,0.0,0.0,0.0,0.0,0.0,0.0,0.0,0.0,0.0,0.0,0.0,0.0,0.0,0.0,0.0,0.0,0.0,0.0
429.0,1.0,16.25055432022831,16.438140239949195,17.798681717471652,18.905898626764788,21.006621744281397,19.697617722125976,19.364053952065873,17.965252491633525,18.804682557554077,16.77602711590296,1.0,1.0,1.0,1.0,1.0,1.0,1.0,1.0,1.0,1.0
429.25,2.0,16.663508668620523,16.911692047891652,18.15113903139409,19.18657852737958,15.741793746939408,14.875036606542576,13.014479896863465,12.07751355874193,11.54723723868482,12.547806617972808,1.0,1.0,1.0,1.0,1.0,1.0,1.0,1.0,1.0,1.0
429.5,3.0,0.0,0.0,0.0,0.0,0.0,0.0,0.0,0.0,0.0,0.0,0.0,0.0,0.0,0.0,0.0,0.0,0.0,0.0,0.0,0.0
429.75,4.0,15.322712378509484,15.621318286687966,14.656666267309992,13.429047227216595,14.758928754620309,14.928369393846658,16.332850393489924,16.51156308200301,16.604854043398284,16.566542122025343,1.0,1.0,1.0,1.0,1.0,1.0,1.0,1.0,1.0,1.0
430.0,1.0,16.657498356793752,17.078960872390425,17.653491412213743,18.076965877097813,19.43281840304095,18.283731532129906,17.35916616974394,16.621109283139035,17.128396523546712,16.526125766563226,1.0,1.0,1.0,1.0,1.0,1.0,1.0,1.0,1.0,1.0
430.25,2.0,0.0,0.0,0.0,0.0,0.0,0.0,0.0,0.0,0.0,0.0,0.0,0.0,0.0,0.0,0.0,0.0,0.0,0.0,0.0,0.0
430.5,3.0,15.171763914218895,12.860857569688054,11.972710229285493,12.93521585538754,14.58541747783731,14.178512532243955,15.083080479752091,13.605543933085643,13.166521614479695,12.331114540977143,1.0,1.0,1.0,1.0,1.0,1.0,1.0,1.0,1.0,1.0
430.75,4.0,15.313059683057077,14.763326175261946,14.170620512462815,13.398322883334078,15.372643872069478,15.770129728004095,16.64817253901098,16.178928975813598,17.068940274671412,16.720246056014116,1.0,1.0,1.0,1.0,1.0,1.0,1.0,1.0,1.0,1.0
431.0,1.0,0.0,0.0,0.0,0.0,0.0,0.0,0.0,0.0,0.0,0.0,0.0,0.0,0.0,0.0,0.0,0.0,0.0,0.0,0.0,0.0
431.25,2.0,17.587093597440976,18.603873304368996,16.261714905419577,15.699858656586741,12.418820103272232,12.299064021677674,10.890423777088506,12.02836220351583,11.92302954142055,13.226105979018802,1.0,1.0,1.0,1.0,1.0,1.0,1.0,1.0,1.0,1.0
431.5,3.0,0.0,0.0,0.0,0.0,0.0,0.0,0.0,0.0,0.0,0.0,0.0,0.0,0.0,0.0,0.0,0.0,0.0,0.0,0.0,0.0
431.75,4.0,0.0,0.0,0.0,0.0,0.0,0.0,0.0,0.0,0.0,0.0,0.0,0.0,0.0,0.0,0.0,0.0,0.0,0.0,0.0,0.0
432.0,1.0,18.72140328283886,18.541356081211877,17.108653017918932,17.708194596027035,17.949090945025933,16.074029011857935,16.45769377206775,16.01626949866801,17.307077323005526,17.53194510696264,1.0,1.0,1.0,1.0,1.0,1.0,1.0,1.0,1.0,1.0
432.25,2.0,17.995341043584798,17.920652414014025,15.88096290985136,14.709673612755562,11.423009259506522,11.406930226232435,10.95122715679624,13.095319048494703,13.075328495391199,14.159728108916566,1.0,1.0,1.0,1.0,1.0,1.0,1.0,1.0,1.0,1.0
432.5,3.0,0.0,0.0,0.0,0.0,0.0,0.0,0.0,0.0,0.0,0.0,0.0,0.0,0.0,0.0,0.0,0.0,0.0,0.0,0.0,0.0
432.75,4.0,15.150700881572812,15.556421494144207,15.622618666194048,14.804677812497363,15.639956267260105,15.776032671649512,16.164882397037104,17.22749767943947,18.183699998577488,19.221951030984236,1.0,1.0,1.0,1.0,1.0,1.0,1.0,1.0,1.0,1.0
433.0,1.0,18.566740882307265,18.362606234178234,16.355355820782037,17.671258522891375,16.14756035982012,15.135609679676794,15.827356890203225,16.30333132465059,17.57265462506992,18.603649946330865,1.0,1.0,1.0,1.0,1.0,1.0,1.0,1.0,1.0,1.0
433.25,2.0,0.0,0.0,0.0,0.0,0.0,0.0,0.0,0.0,0.0,0.0,0.0,0.0,0.0,0.0,0.0,0.0,0.0,0.0,0.0,0.0
433.5,3.0,14.638783744866467,12.402064562273411,14.542225251178472,13.755671801564736,12.684911980173466,12.140149272249833,12.735551332332752,12.062970232733228,12.552477900148135,12.312974709607946,1.0,1.0,1.0,1.0,1.0,1.0,1.0,1.0,1.0,1.0
433.75,4.0,14.919593454663616,15.851767647655613,15.789637163541569,15.29642849995064,16.147205479754756,17.291541306680752,18.059471139252192,19.388824629888987,21.211051168927664,20.856001017084267,1.0,1.0,1.0,1.0,1.0,1.0,1.0,1.0,1.0,1.0
434.0,1.0,17.41376184494254,17.31091360400941,16.62774093350624,16.300416373058123,14.00800580981856,15.30130554940692,15.90644793816279,16.628380519575323,18.2299333392293,18.884801083575827,1.0,1.0,1.0,1.0,1.0,1.0,1.0,1.0,1.0,1.0
434.25,2.0,16.43556916290621,15.526977560620407,14.384182997625128,13.156968565033328,11.740144703792254,13.39157860155935,14.20161165780166,14.26459068470157,13.705653104645585,13.428526604230536,1.0,1.0,1.0,1.0,1.0,1.0,1.0,1.0,1.0,1.0
434.5,3.0,0.0,0.0,0.0,0.0,0.0,0.0,0.0,0.0,0.0,0.0,0.0,0.0,0.0,0.0,0.0,0.0,0.0,0.0,0.0,0.0
434.75,4.0,15.987538790754463,15.304145546181594,15.028293084563451,15.547546015419057,16.89802531036796,17.900564133404817,18.73206198113963,19.87384596206087,20.883787317250757,20.624304056126974,1.0,1.0,1.0,1.0,1.0,1.0,1.0,1.0,1.0,1.0
435.0,1.0,17.176317409025938,16.640746260095256,15.620431668641286,15.805480654527981,14.68263755944219,15.211802900728866,15.68797187101173,15.94079521074762,16.840938315017947,17.146161825031463,1.0,1.0,1.0,1.0,1.0,1.0,1.0,1.0,1.0,1.0
435.25,2.0,0.0,0.0,0.0,0.0,0.0,0.0,0.0,0.0,0.0,0.0,0.0,0.0,0.0,0.0,0.0,0.0,0.0,0.0,0.0,0.0
435.5,3.0,14.799986299442503,13.853964567753119,13.058558662055654,13.095902429107383,13.310229222885807,12.921690070571648,12.627568715505454,12.990773969086744,12.197764356376261,12.760426951430153,1.0,1.0,1.0,1.0,1.0,1.0,1.0,1.0,1.0,1.0
435.75,4.0,15.892137034646979,15.434691003227035,16.794033804218703,16.825332968043128,16.76003474958712,17.355359092857604,18.43065250333553,18.973409977049165,19.868764886697416,19.895224497460646,1.0,1.0,1.0,1.0,1.0,1.0,1.0,1.0,1.0,1.0
436.0,1.0,0.0,0.0,0.0,0.0,0.0,0.0,0.0,0.0,0.0,0.0,0.0,0.0,0.0,0.0,0.0,0.0,0.0,0.0,0.0,0.0
436.25,2.0,0.0,0.0,0.0,0.0,0.0,0.0,0.0,0.0,0.0,0.0,0.0,0.0,0.0,0.0,0.0,0.0,0.0,0.0,0.0,0.0
436.5,3.0,14.012494677502149,13.471462954556811,13.27783791068706,12.534950248613821,11.12979978322014,12.148037027485922,11.50793991573643,13.048566512337656,12.608899138802478,13.10831825203754,1.0,1.0,1.0,1.0,1.0,1.0,1.0,1.0,1.0,1.0
436.75,4.0,0.0,0.0,0.0,0.0,0.0,0.0,0.0,0.0,0.0,0.0,0.0,0.0,0.0,0.0,0.0,0.0,0.0,0.0,0.0,0.0
437.0,1.0,16.654003754490983,16.759516545455828,16.464242794051966,16.325204313262017,17.246048261794687,17.688298584957426,17.577755693561784,16.69867881160937,16.889340959817016,16.669981775901295,1.0,1.0,1.0,1.0,1.0,1.0,1.0,1.0,1.0,1.0
437.25,2.0,13.928233950782184,14.941436210759717,15.753038110049154,16.08839974096827,14.016328469319047,14.348081489164414,13.65280747424161,13.934227177711124,13.95458576350886,14.687970723414113,1.0,1.0,1.0,1.0,1.0,1.0,1.0,1.0,1.0,1.0
437.5,3.0,0.0,0.0,0.0,0.0,0.0,0.0,0.0,0.0,0.0,0.0,0.0,0.0,0.0,0.0,0.0,0.0,0.0,0.0,0.0,0.0
437.75,4.0,16.415121769406117,17.24654009427497,17.263086628869452,16.89546588512917,16.641028137962202,18.513309268863246,19.729211804223144,20.049812190337313,19.674282157101377,19.814178271044224,1.0,1.0,1.0,1.0,1.0,1.0,1.0,1.0,1.0,1.0
438.0,1.0,17.237364697023917,16.714945564871293,15.167465203568042,16.389240488625653,17.486493225591925,17.939090228788032,17.793073545824473,17.58211345975067,18.545558462044387,18.23243822077405,1.0,1.0,1.0,1.0,1.0,1.0,1.0,1.0,1.0,1.0
438.25,2.0,0.0,0.0,0.0,0.0,0.0,0.0,0.0,0.0,0.0,0.0,0.0,0.0,0.0,0.0,0.0,0.0,0.0,0.0,0.0,0.0
438.5,3.0,14.307291923993272,13.040973328239847,12.740850389015401,12.078127710244516,12.584695547311824,13.785095268066723,13.291160307798853,13.852446410820447,13.892968044949196,12.95563645085259,1.0,1.0,1.0,1.0,1.0,1.0,1.0,1.0,1.0,1.0
438.75,4.0,16.58152986067551,17.633021033897773,17.307669422141462,17.29831643864569,18.73727509483931,19.605606179424647,20.041931367524995,19.5180360036016,18.08775995499149,17.892897224322102,1.0,1.0,1.0,1.0,1.0,1.0,1.0,1.0,1.0,1.0
439.0,1.0,0.0,0.0,0.0,0.0,0.0,0.0,0.0,0.0,0.0,0.0,0.0,0.0,0.0,0.0,0.0,0.0,0.0,0.0,0.0,0.0
439.25,2.0,13.791826100132168,14.951642007763276,16.106110992058,15.505956311950609,15.625940897192818,14.96397456180378,16.13669824755053,15.948794255440305,16.30903627432869,16.945978742589787,1.0,1.0,1.0,1.0,1.0,1.0,1.0,1.0,1.0,1.0
439.5,3.0,0.0,0.0,0.0,0.0,0.0,0.0,0.0,0.0,0.0,0.0,0.0,0.0,0.0,0.0,0.0,0.0,0.0,0.0,0.0,0.0
439.75,4.0,0.0,0.0,0.0,0.0,0.0,0.0,0.0,0.0,0.0,0.0,0.0,0.0,0.0,0.0,0.0,0.0,0.0,0.0,0.0,0.0
440.0,1.0,16.709811540484576,18.293788891809953,18.055937465817372,18.847552584938384,18.77271940918224,17.082417807449474,17.389276379490983,18.03493385078362,18.673815035986692,18.543006702671757,1.0,1.0,1.0,1.0,1.0,1.0,1.0,1.0,1.0,1.0
440.25,2.0,13.549777511294929,14.386188801019017,15.394396780320578,15.786951275393841,16.65818773781589,16.10210847265267,16.751075703530127,16.34520664763546,16.10255953524885,16.430015918927356,1.0,1.0,1.0,1.0,1.0,1.0,1.0,1.0,1.0,1.0
440.5,3.0,14.216819242401344,13.832488422036523,14.083871537541121,14.023798070048072,15.161675433074596,15.147290927046756,14.842366986012852,14.763038272026952,13.937744690274522,13.21252858732163,1.0,1.0,1.0,1.0,1.0,1.0,1.0,1.0,1.0,1.0
440.75,4.0,17.527051174981985,16.167928249705266,16.100870498444326,16.82144430948921,17.72088184294411,17.303761645587116,16.50051817098454,16.484753416356323,16.099207638808583,15.571924921237189,1.0,1.0,1.0,1.0,1.0,1.0,1.0,1.0,1.0,1.0
441.0,1.0,18.30869420379271,19.046693680962733,18.793895043935446,17.963251923876854,16.579631962462056,16.00204084382638,16.39332008279131,17.807587117225033,19.304465875175378,18.285105045171598,1.0,1.0,1.0,1.0,1.0,1.0,1.0,1.0,1.0,1.0
441.25,2.0,0.0,0.0,0.0,0.0,0.0,0.0,0.0,0.0,0.0,0.0,0.0,0.0,0.0,0.0,0.0,0.0,0.0,0.0,0.0,0.0
441.5,3.0,14.938580445238284,14.512085108779592,15.142334449600774,16.270416958696913,16.47174970498588,15.595987962523102,15.25072744228638,16.011908046542736,15.192177055776094,14.293116985213436,1.0,1.0,1.0,1.0,1.0,1.0,1.0,1.0,1.0,1.0
441.75,4.0,16.921549888902646,16.130962541448575,17.893388638783506,17.70174503184534,15.811847522381825,15.472968956764342,15.274554281942994,15.895203826217148,15.821836076225834,16.0621232024034,1.0,1.0,1.0,1.0,1.0,1.0,1.0,1.0,1.0,1.0
442.0,1.0,19.02434988474473,19.249448224540515,19.241120281138546,18.07790793977687,16.871817228596363,16.78438392554602,16.62688432656709,17.8718549626325,18.75890745575071,17.184182020993827,1.0,1.0,1.0,1.0,1.0,1.0,1.0,1.0,1.0,1.0
442.25,2.0,14.307575724951034,16.30186272716864,16.617212032151798,17.58563851700098,18.099247885410097,17.00945802045531,17.73092436786962,17.498711806937944,16.7786321927057,15.550854902831203,1.0,1.0,1.0,1.0,1.0,1.0,1.0,1.0,1.0,1.0
442.5,3.0,0.0,0.0,0.0,0.0,0.0,0.0,0.0,0.0,0.0,0.0,0.0,0.0,0.0,0.0,0.0,0.0,0.0,0.0,0.0,0.0
442.75,4.0,17.11349926742764,17.92170193676067,18.653525299456298,17.069943681300956,16.683205277444767,16.732338283166584,16.015697352142016,16.759522886963264,16.295723092440962,15.845812305722855,1.0,1.0,1.0,1.0,1.0,1.0,1.0,1.0,1.0,1.0
443.0,1.0,19.191015546172178,20.263250659457324,19.32760185727147,18.70372844311951,18.187739080395545,16.991646376874428,17.0649592526338,17.96617425903382,18.357749040403718,17.792494532884103,1.0,1.0,1.0,1.0,1.0,1.0,1.0,1.0,1.0,1.0
443.25,2.0,0.0,0.0,0.0,0.0,0.0,0.0,0.0,0.0,0.0,0.0,0.0,0.0,0.0,0.0,0.0,0.0,0.0,0.0,0.0,0.0
443.5,3.0,14.474881869974743,13.903878662962343,14.993394311403556,16.23920971731832,15.694652469713025,15.724203280890041,15.682990069858885,15.36304026465218,15.233587396593988,14.533468667207691,1.0,1.0,1.0,1.0,1.0,1.0,1.0,1.0,1.0,1.0
443.75,4.0,17.840483056265214,17.908943562419367,18.23224325592601,17.768396240313592,15.832853950576883,16.558844836533464,16.658885228657034,17.600113114850146,17.672384112159484,17.088556366031895,1.0,1.0,1.0,1.0,1.0,1.0,1.0,1.0,1.0,1.0
444.0,1.0,0.0,0.0,0.0,0.0,0.0,0.0,0.0,0.0,0.0,0.0,0.0,0.0,0.0,0.0,0.0,0.0,0.0,0.0,0.0,0.0
444.25,2.0,0.0,0.0,0.0,0.0,0.0,0.0,0.0,0.0,0.0,0.0,0.0,0.0,0.0,0.0,0.0,0.0,0.0,0.0,0.0,0.0
444.5,3.0,14.487738448062808,13.58079299056951,16.039235242923915,16.616360079378357,16.140153773516534,15.249969305889556,15.182222020428542,14.999754351145901,14.457559400233931,13.990421239117701,1.0,1.0,1.0,1.0,1.0,1.0,1.0,1.0,1.0,1.0
444.75,4.0,0.0,0.0,0.0,0.0,0.0,0.0,0.0,0.0,0.0,0.0,0.0,0.0,0.0,0.0,0.0,0.0,0.0,0.0,0.0,0.0
445.0,1.0,19.622318937072098,19.69760980093564,19.894874476280066,18.632882780171023,17.04724765161673,16.231292079319598,17.421954499013196,17.386344036804484,17.563836130198776,17.511312504431434,1.0,1.0,1.0,1.0,1.0,1.0,1.0,1.0,1.0,1.0
445.25,2.0,17.295119412798492,17.777501206876938,17.620490296654182,17.946369641266713,16.238108863517844,16.279309049801444,16.405310524639056,16.223929726979847,16.390249414275036,16.143907177333553,1.0,1.0,1.0,1.0,1.0,1.0,1.0,1.0,1.0,1.0
445.5,3.0,0.0,0.0,0.0,0.0,0.0,0.0,0.0,0.0,0.0,0.0,0.0,0.0,0.0,0.0,0.0,0.0,0.0,0.0,0.0,0.0
445.75,4.0,19.640410551642482,18.756695696102955,17.912889064734816,17.514743516727812,17.333358491626914,17.58197442481437,17.668163723609943,17.878715645386112,17.205375153883896,15.940110724132841,1.0,1.0,1.0,1.0,1.0,1.0,1.0,1.0,1.0,1.0
446.0,1.0,20.045874720542926,19.92367233753575,19.68622939808993,18.312364946081384,16.537689079999808,15.659365125698452,16.333087478769283,16.375125768607464,17.283575979006635,17.55718768449897,1.0,1.0,1.0,1.0,1.0,1.0,1.0,1.0,1.0,1.0
446.25,2.0,0.0,0.0,0.0,0.0,0.0,0.0,0.0,0.0,0.0,0.0,0.0,0.0,0.0,0.0,0.0,0.0,0.0,0.0,0.0,0.0
446.5,3.0,16.647934379957363,17.33947562028306,17.34685753548506,17.286834328994203,16.467866273192147,15.301536591377001,16.461726754275656,15.340516556873666,14.396225071960172,13.35600401689949,1.0,1.0,1.0,1.0,1.0,1.0,1.0,1.0,1.0,1.0
446.75,4.0,19.68709098102416,20.459949354064253,19.194661424391352,18.08103167242528,17.507280502519645,17.505090197399664,17.25721993001092,17.655559690502145,17.388115629725945,16.601097301772917,1.0,1.0,1.0,1.0,1.0,1.0,1.0,1.0,1.0,1.0
447.0,1.0,0.0,0.0,0.0,0.0,0.0,0.0,0.0,0.0,0.0,0.0,0.0,0.0,0.0,0.0,0.0,0.0,0.0,0.0,0.0,0.0
447.25,2.0,16.51074099928686,15.268722483034665,15.88123803606595,16.349845200641173,16.465221976615485,17.87113552659858,17.316654935530025,17.249607667032354,17.237714243424104,16.56323965065688,1.0,1.0,1.0,1.0,1.0,1.0,1.0,1.0,1.0,1.0
447.5,3.0,0.0,0.0,0.0,0.0,0.0,0.0,0.0,0.0,0.0,0.0,0.0,0.0,0.0,0.0,0.0,0.0,0.0,0.0,0.0,0.0
447.75,4.0,0.0,0.0,0.0,0.0,0.0,0.0,0.0,0.0,0.0,0.0,0.0,0.0,0.0,0.0,0.0,0.0,0.0,0.0,0.0,0.0
448.0,1.0,19.296114902489418,18.64013838972207,17.723710213971053,16.834424480772125,16.189300330904803,16.55087290904934,17.516128899606517,17.79135375449143,17.45665426335883,17.46148879514927,1.0,1.0,1.0,1.0,1.0,1.0,1.0,1.0,1.0,1.0
448.25,2.0,16.215759489653635,15.596069477154522,15.745088757436157,17.086443963975558,17.200306281998945,17.86157370764204,16.826698441684268,16.785054289501637,16.814387542037977,15.643684126624931,1.0,1.0,1.0,1.0,1.0,1.0,1.0,1.0,1.0,1.0
448.5,3.0,17.079632950681404,16.1447600220235,15.36595775512476,15.047963736806922,16.12546876776075,14.905646098803789,14.614397394076976,13.666025986942664,13.485071710941277,13.847604594683945,1.0,1.0,1.0,1.0,1.0,1.0,1.0,1.0,1.0,1.0
448.75,4.0,17.680966614140402,18.43170375386591,18.929487440055677,18.902955543538937,17.268757731911403,16.50488762169231,16.543022692244378,16.8048223150286,17.053313466070612,17.760010201846292,1.0,1.0,1.0,1.0,1.0,1.0,1.0,1.0,1.0,1.0
449.0,1.0,17.80095995670177,19.254691190355317,18.353990714522013,17.51748129181718,17.657215072339707,17.9397513940531,18.499098511596465,18.534017215001352,18.585260073783008,18.129136780397967,1.0,1.0,1.0,1.0,1.0,1.0,1.0,1.0,1.0,1.0
449.25,2.0,0.0,0.0,0.0,0.0,0.0,0.0,0.0,0.0,0.0,0.0,0.0,0.0,0.0,0.0,0.0,0.0,0.0,0.0,0.0,0.0
449.5,3.0,16.185769406000414,15.411949874392647,15.052234563323498,14.584278022787213,16.93337927011225,16.20118115348821,15.6895913493784,14.507956818110843,14.86455291723543,15.107250975712265,1.0,1.0,1.0,1.0,1.0,1.0,1.0,1.0,1.0,1.0
449.75,4.0,17.68230260537699,17.33280058177419,18.12867944648882,17.720402375944172,17.826739488261847,17.566757048458392,17.38029767172835,17.89993062000496,18.581271145497706,19.123111274462442,1.0,1.0,1.0,1.0,1.0,1.0,1.0,1.0,1.0,1.0
450.0,1.0,17.35539525777953,19.448464192691752,17.74952772509827,16.68174997369447,17.958031032015903,17.91173476074251,17.869480411322485,18.36063660599055,18.253686520625706,17.501054490559984,1.0,1.0,1.0,1.0,1.0,1.0,1.0,1.0,1.0,1.0
450.25,2.0,16.441275316778498,16.327146516815972,17.977582898976575,18.814241077580437,19.280268883015335,19.906577748472863,19.640540849697192,17.457832496226874,17.194267063608297,15.452500990224232,1.0,1.0,1.0,1.0,1.0,1.0,1.0,1.0,1.0,1.0
450.5,3.0,0.0,0.0,0.0,0.0,0.0,0.0,0.0,0.0,0.0,0.0,0.0,0.0,0.0,0.0,0.0,0.0,0.0,0.0,0.0,0.0
450.75,4.0,16.391117288329298,16.888437569168257,17.692515601765706,18.487705922884878,17.64553713894369,17.10335967275923,17.747825491165123,18.14743076305326,19.090473442913506,19.622953486963304,1.0,1.0,1.0,1.0,1.0,1.0,1.0,1.0,1.0,1.0
451.0,1.0,17.24481289419342,19.17824037700201,17.764311065514022,17.19666345065712,18.768073854155173,18.838504341561666,18.723693207870202,18.542331166183246,17.317049641166623,17.41021937510394,1.0,1.0,1.0,1.0,1.0,1.0,1.0,1.0,1.0,1.0
451.25,2.0,0.0,0.0,0.0,0.0,0.0,0.0,0.0,0.0,0.0,0.0,0.0,0.0,0.0,0.0,0.0,0.0,0.0,0.0,0.0,0.0
451.5,3.0,15.898067643345998,13.968045103842897,14.796846210328724,15.046471869047181,15.974080515307454,15.479881442984055,15.508737197395053,15.505247083923724,15.79071279731927,15.913637162869833,1.0,1.0,1.0,1.0,1.0,1.0,1.0,1.0,1.0,1.0
451.75,4.0,15.02335222403008,16.17620446863636,18.150048283109985,17.496784163512228,17.08508154793433,17.250068489378734,18.34393287118178,19.824517029856853,19.578146264130044,18.31213546930426,1.0,1.0,1.0,1.0,1.0,1.0,1.0,1.0,1.0,1.0
452.0,1.0,0.0,0.0,0.0,0.0,0.0,0.0,0.0,0.0,0.0,0.0,0.0,0.0,0.0,0.0,0.0,0.0,0.0,0.0,0.0,0.0
452.25,2.0,17.671335886483565,19.377008942712724,20.099557685446047,20.496142466193334,18.88959623246069,17.521051742838093,18.10266207440832,16.957372087488142,17.514709813414196,17.020803837538256,1.0,1.0,1.0,1.0,1.0,1.0,1.0,1.0,1.0,1.0
452.5,3.0,15.14137633867455,15.34827465482809,15.925698653991432,15.772189836181374,16.59013893546603,16.15804269207645,15.442835585583566,15.898838625043156,15.84794276696877,15.779092097728595,1.0,1.0,1.0,1.0,1.0,1.0,1.0,1.0,1.0,1.0
452.75,4.0,0.0,0.0,0.0,0.0,0.0,0.0,0.0,0.0,0.0,0.0,0.0,0.0,0.0,0.0,0.0,0.0,0.0,0.0,0.0,0.0
453.0,1.0,17.7757911246763,18.570087767137363,18.132088601137564,17.614319754726193,17.68343261462878,17.452151903848602,17.99878046077949,17.686097457218235,18.73871596445857,19.867377761307107,1.0,1.0,1.0,1.0,1.0,1.0,1.0,1.0,1.0,1.0
453.25,2.0,18.2530795470548,18.887078445612136,19.159108911728985,19.75880659388495,17.96650122777398,17.666516806390153,18.797893308828225,16.93002578805191,17.57367786809749,16.40623521931511,1.0,1.0,1.0,1.0,1.0,1.0,1.0,1.0,1.0,1.0
453.5,3.0,0.0,0.0,0.0,0.0,0.0,0.0,0.0,0.0,0.0,0.0,0.0,0.0,0.0,0.0,0.0,0.0,0.0,0.0,0.0,0.0
453.75,4.0,15.75984072152057,16.047244788549005,16.71557845421002,16.818035584382322,18.59754088879572,17.416687977683107,16.756782765056453,17.420787997635234,17.775162264906495,17.963549529039724,1.0,1.0,1.0,1.0,1.0,1.0,1.0,1.0,1.0,1.0
454.0,1.0,17.447580838445937,18.970389944680164,18.31479984111296,18.144534805540115,17.267304270220485,17.450428046923367,17.89429157779704,18.807309243556396,20.058256275447523,19.56110967551453,1.0,1.0,1.0,1.0,1.0,1.0,1.0,1.0,1.0,1.0
454.25,2.0,0.0,0.0,0.0,0.0,0.0,0.0,0.0,0.0,0.0,0.0,0.0,0.0,0.0,0.0,0.0,0.0,0.0,0.0,0.0,0.0
454.5,3.0,16.12571362762855,17.032688011415622,15.686514185628836,15.479132270157784,16.640570582148165,17.640537765686986,17.03089924837607,16.42576172093567,15.901527777037709,15.358147733545078,1.0,1.0,1.0,1.0,1.0,1.0,1.0,1.0,1.0,1.0
454.75,4.0,15.83973371727764,15.038643896991223,16.9870308502351,16.780663445927704,17.915623816955694,16.710388481654796,16.692568755470653,17.34027475589213,17.648725166719192,18.204252425898343,1.0,1.0,1.0,1.0,1.0,1.0,1.0,1.0,1.0,1.0
455.0,1.0,17.513710657936674,18.60643989116112,18.229406355957686,17.5547195418666,17.012391653854248,17.599818695798266,18.52628332455677,19.177312616850088,20.034984110299263,19.415578678245033,1.0,1.0,1.0,1.0,1.0,1.0,1.0,1.0,1.0,1.0
455.25,2.0,17.550353625632514,17.128391455007055,17.861298954868268,18.032205961206518,18.424236841344616,17.665644657325092,18.382907313266795,16.755683546256435,17.309376996062905,17.88664969665007,1.0,1.0,1.0,1.0,1.0,1.0,1.0,1.0,1.0,1.0
455.5,3.0,0.0,0.0,0.0,0.0,0.0,0.0,0.0,0.0,0.0,0.0,0.0,0.0,0.0,0.0,0.0,0.0,0.0,0.0,0.0,0.0
455.75,4.0,15.824917665562998,15.850632454437779,17.25202045404927,16.538734639474594,16.34503695073671,16.37592610607152,17.571501345804688,17.96900680501838,18.18394308800644,19.462288708574363,1.0,1.0,1.0,1.0,1.0,1.0,1.0,1.0,1.0,1.0
456.0,1.0,17.659865470708844,18.634367245698698,17.996776798850906,18.34503776597867,18.28471985344728,18.433351947335378,19.784291457103386,18.6002787213116,18.265531914460205,17.82711912458504,1.0,1.0,1.0,1.0,1.0,1.0,1.0,1.0,1.0,1.0
456.25,2.0,17.281143885633124,17.24798484449149,18.244679352094597,18.0163069043365,19.609085002704074,19.09379484266394,18.06464433776548,17.520538888667502,17.795733248388395,18.096395523952925,1.0,1.0,1.0,1.0,1.0,1.0,1.0,1.0,1.0,1.0
456.5,3.0,16.71335797237453,16.75500055396266,15.088775556082823,14.395908750333689,15.953037846267502,16.238107101301107,16.404516457708546,16.2290748286071,17.06161633604439,16.274264771670065,1.0,1.0,1.0,1.0,1.0,1.0,1.0,1.0,1.0,1.0
456.75,4.0,16.209866657852743,16.63855317672857,18.14848861823868,16.730952307081257,17.599120101527323,18.46404379611399,19.17170040378435,19.976488942404366,19.175105942590942,19.67323648465263,1.0,1.0,1.0,1.0,1.0,1.0,1.0,1.0,1.0,1.0
457.0,1.0,0.0,0.0,0.0,0.0,0.0,0.0,0.0,0.0,0.0,0.0,0.0,0.0,0.0,0.0,0.0,0.0,0.0,0.0,0.0,0.0
457.25,2.0,0.0,0.0,0.0,0.0,0.0,0.0,0.0,0.0,0.0,0.0,0.0,0.0,0.0,0.0,0.0,0.0,0.0,0.0,0.0,0.0
457.5,3.0,16.048029069754,15.806952822399898,14.808005565374891,14.789409291045265,15.726882898773157,16.482616927396,17.60162699760374,17.662544898505956,17.93833659169019,17.543495929145646,1.0,1.0,1.0,1.0,1.0,1.0,1.0,1.0,1.0,1.0
457.75,4.0,17.050559828241006,17.304232919266536,17.62651123424208,16.47456158381266,19.490376190025565,20.153593387076825,20.205462301447792,20.167058042097104,18.9524213531096,19.324257362709243,1.0,1.0,1.0,1.0,1.0,1.0,1.0,1.0,1.0,1.0
458.0,1.0,17.709300469079146,17.146240873662776,17.717555400968674,18.40733672275223,19.043606187982995,18.924080846546662,18.949529975352558,19.5026928665428,19.322815957976136,18.98569350465501,1.0,1.0,1.0,1.0,1.0,1.0,1.0,1.0,1.0,1.0
458.25,2.0,16.80556155540272,15.469682419825144,16.5116432139668,17.141157491098163,17.399878104409783,17.03918500153972,17.726744915077283,17.49686194976358,17.89282321233749,16.760926937195293,1.0,1.0,1.0,1.0,1.0,1.0,1.0,1.0,1.0,1.0
458.5,3.0,0.0,0.0,0.0,0.0,0.0,0.0,0.0,0.0,0.0,0.0,0.0,0.0,0.0,0.0,0.0,0.0,0.0,0.0,0.0,0.0
458.75,4.0,17.054493431288815,16.929566633413934,17.40756060657675,18.12980639491597,21.231741521876287,21.079147084547518,21.086300126000037,20.282437444623667,18.80691659392557,18.37328896533653,1.0,1.0,1.0,1.0,1.0,1.0,1.0,1.0,1.0,1.0
459.0,1.0,17.227052271503506,17.178737294481092,18.829480407160577,19.234996141720263,18.34407914967437,18.269929476162904,18.82938602781651,19.705901564063947,19.56876500806142,18.795679217091244,1.0,1.0,1.0,1.0,1.0,1.0,1.0,1.0,1.0,1.0
459.25,2.0,0.0,0.0,0.0,0.0,0.0,0.0,0.0,0.0,0.0,0.0,0.0,0.0,0.0,0.0,0.0,0.0,0.0,0.0,0.0,0.0
459.5,3.0,16.515422504717073,18.16896573806016,17.516190437458928,17.894956249669853,17.671226437378795,17.44488848499465,16.525818511923173,17.69936387078084,17.663815219266443,17.852567886803502,1.0,1.0,1.0,1.0,1.0,1.0,1.0,1.0,1.0,1.0
459.75,4.0,17.72607779095764,16.93241877026902,17.62388417501845,20.451426882953513,21.689672565825017,19.90546995700271,18.942708250336615,18.42182173463506,17.520289048546946,17.61532627846028,1.0,1.0,1.0,1.0,1.0,1.0,1.0,1.0,1.0,1.0
460.0,1.0,0.0,0.0,0.0,0.0,0.0,0.0,0.0,0.0,0.0,0.0,0.0,0.0,0.0,0.0,0.0,0.0,0.0,0.0,0.0,0.0
460.25,2.0,16.076811037873412,15.83831644329598,17.048681673016077,18.55144305668648,16.983709520004936,15.741233894109262,15.118977032230388,14.93213149233584,13.87639425547407,13.142393883188538,1.0,1.0,1.0,1.0,1.0,1.0,1.0,1.0,1.0,1.0
460.5,3.0,18.49417406950312,19.8964303575425,18.32879334682226,18.381721715150938,18.074490755656957,18.033991959956293,17.738249379081417,17.372942275676376,17.010337786015867,16.74283060251758,1.0,1.0,1.0,1.0,1.0,1.0,1.0,1.0,1.0,1.0
460.75,4.0,0.0,0.0,0.0,0.0,0.0,0.0,0.0,0.0,0.0,0.0,0.0,0.0,0.0,0.0,0.0,0.0,0.0,0.0,0.0,0.0
461.0,1.0,18.18095223109587,17.904180184073685,18.031242196523284,18.18443167901293,18.961089555255395,17.962424681039685,18.603951303911305,17.882598826446927,17.35214125049642,17.07198654279297,1.0,1.0,1.0,1.0,1.0,1.0,1.0,1.0,1.0,1.0
461.25,2.0,16.813698435678646,16.398218576833287,17.39726515540622,17.249918765533526,14.41708276333075,13.886733471448645,14.63983773542848,14.555171183824694,13.635972623374816,13.362552728270249,1.0,1.0,1.0,1.0,1.0,1.0,1.0,1.0,1.0,1.0
461.5,3.0,0.0,0.0,0.0,0.0,0.0,0.0,0.0,0.0,0.0,0.0,0.0,0.0,0.0,0.0,0.0,0.0,0.0,0.0,0.0,0.0
461.75,4.0,15.269963869085196,16.613192375786465,19.057981026257014,20.166974872080697,18.78810477374105,18.302456517337713,16.697076596003914,16.576469604536516,16.349419398953675,15.816458780220684,1.0,1.0,1.0,1.0,1.0,1.0,1.0,1.0,1.0,1.0
462.0,1.0,19.48856614427771,18.260474982661012,17.865937218309234,17.6898592852604,18.81713731097391,17.591350649063163,18.7966821579211,18.112669765400977,18.356611289153268,17.003081860808184,1.0,1.0,1.0,1.0,1.0,1.0,1.0,1.0,1.0,1.0
462.25,2.0,0.0,0.0,0.0,0.0,0.0,0.0,0.0,0.0,0.0,0.0,0.0,0.0,0.0,0.0,0.0,0.0,0.0,0.0,0.0,0.0
462.5,3.0,18.601678278531878,18.63625142771536,17.498187751082686,18.246365285385785,18.08795408709008,17.429349924669033,16.49788535814846,15.74325849029408,15.068893360959285,15.909505662187794,1.0,1.0,1.0,1.0,1.0,1.0,1.0,1.0,1.0,1.0
462.75,4.0,17.192324865365705,18.580883596346915,19.862040942917982,18.82263530494445,16.019864045607697,15.672132312589458,15.33186567876294,15.75844315167644,15.516967419635431,16.39391541852593,1.0,1.0,1.0,1.0,1.0,1.0,1.0,1.0,1.0,1.0
463.0,1.0,18.143872671692407,18.334525838108796,17.156026445305542,17.698068564053433,19.2255519035032,18.24373206971963,18.212005239218033,16.845356278807667,16.8150902668417,16.011019375436646,1.0,1.0,1.0,1.0,1.0,1.0,1.0,1.0,1.0,1.0
463.25,2.0,18.43651263645277,17.692495063904886,15.486457425992882,14.362499569511309,15.26119723136485,15.563758333729613,15.327693373032934,15.013127345292919,14.122286778186357,14.082112192248854,1.0,1.0,1.0,1.0,1.0,1.0,1.0,1.0,1.0,1.0
463.5,3.0,0.0,0.0,0.0,0.0,0.0,0.0,0.0,0.0,0.0,0.0,0.0,0.0,0.0,0.0,0.0,0.0,0.0,0.0,0.0,0.0
463.75,4.0,18.158385118713355,19.785212092448766,18.365738917757334,16.615507368688117,15.278190467212537,14.870513808641755,14.482655993260906,15.37420775894072,14.669217143001408,15.773771046055728,1.0,1.0,1.0,1.0,1.0,1.0,1.0,1.0,1.0,1.0
464.0,1.0,18.78163376502101,18.361543010564333,18.014074718208168,17.524727645335542,18.88786270230877,17.460222628842455,17.826967046207105,16.534637748505013,16.446220186891367,17.085426887156697,1.0,1.0,1.0,1.0,1.0,1.0,1.0,1.0,1.0,1.0
464.25,2.0,18.67371342303879,16.96392698659508,14.686477807041857,13.741322615838895,14.564026396691155,14.551187958900417,14.42477688236553,14.872353238797684,15.09922230096452,15.507161428834017,1.0,1.0,1.0,1.0,1.0,1.0,1.0,1.0,1.0,1.0
464.5,3.0,17.600736817636534,18.032930396170553,17.016553716630114,16.56932660219827,15.178494927975821,14.661525525077007,13.591974434604158,12.439332086121029,13.125634987608946,14.386644259113986,1.0,1.0,1.0,1.0,1.0,1.0,1.0,1.0,1.0,1.0
464.75,4.0,18.52670248028412,18.997090497146097,17.449185036125662,16.023255751467715,15.019333431533676,15.182914558360242,14.833288156070608,15.282155154649333,15.456500740236839,16.549377701923564,1.0,1.0,1.0,1.0,1.0,1.0,1.0,1.0,1.0,1.0
465.0,1.0,0.0,0.0,0.0,0.0,0.0,0.0,0.0,0.0,0.0,0.0,0.0,0.0,0.0,0.0,0.0,0.0,0.0,0.0,0.0,0.0
465.25,2.0,0.0,0.0,0.0,0.0,0.0,0.0,0.0,0.0,0.0,0.0,0.0,0.0,0.0,0.0,0.0,0.0,0.0,0.0,0.0,0.0
465.5,3.0,17.617672771057336,17.21018028115219,16.36199768204183,16.53403517754472,15.37268576975548,14.78440147912869,13.620293629704738,12.65234209051181,12.553585559946358,13.453407091913888,1.0,1.0,1.0,1.0,1.0,1.0,1.0,1.0,1.0,1.0
465.75,4.0,0.0,0.0,0.0,0.0,0.0,0.0,0.0,0.0,0.0,0.0,0.0,0.0,0.0,0.0,0.0,0.0,0.0,0.0,0.0,0.0
466.0,1.0,18.54504761967708,16.811767677099645,16.944048621709115,17.527802349311397,18.5494876771491,18.313784602998417,18.672726210306664,18.786430528212968,19.95526525752961,18.906818651442396,1.0,1.0,1.0,1.0,1.0,1.0,1.0,1.0,1.0,1.0
466.25,2.0,17.811821580522693,16.32862344313465,13.42997862673104,13.054458467855811,13.863801867366474,14.08500026164194,14.231817584299405,14.86027419633839,15.433895801298869,16.291571900261328,1.0,1.0,1.0,1.0,1.0,1.0,1.0,1.0,1.0,1.0
466.5,3.0,0.0,0.0,0.0,0.0,0.0,0.0,0.0,0.0,0.0,0.0,0.0,0.0,0.0,0.0,0.0,0.0,0.0,0.0,0.0,0.0
466.75,4.0,16.272167372286347,16.021067715796544,15.648219104258786,15.159524003253809,15.555182109553751,15.445372394551569,14.58220801685479,15.290098845197994,15.000672706633319,15.938845215463623,1.0,1.0,1.0,1.0,1.0,1.0,1.0,1.0,1.0,1.0
467.0,1.0,17.415042886613268,15.881492996663154,17.23615912836009,18.177911920843425,19.839098932245633,18.73766308519218,19.45412937446796,20.513310340811667,20.624747802979986,20.651944591699674,1.0,1.0,1.0,1.0,1.0,1.0,1.0,1.0,1.0,1.0
467.25,2.0,0.0,0.0,0.0,0.0,0.0,0.0,0.0,0.0,0.0,0.0,0.0,0.0,0.0,0.0,0.0,0.0,0.0,0.0,0.0,0.0
467.5,3.0,15.803217785480971,15.241386860596455,15.143223421510971,13.897480472462961,13.308577415216243,12.957588037082276,12.930058825218339,12.08645417674864,12.60328137579602,12.469855971914459,1.0,1.0,1.0,1.0,1.0,1.0,1.0,1.0,1.0,1.0
467.75,4.0,16.16739245606383,14.799827556132998,15.500532816798087,15.723138849340387,15.768768663227993,16.013884522158616,15.587047406018801,15.638987312118036,15.496783945523529,15.591354936060364,1.0,1.0,1.0,1.0,1.0,1.0,1.0,1.0,1.0,1.0
468.0,1.0,0.0,0.0,0.0,0.0,0.0,0.0,0.0,0.0,0.0,0.0,0.0,0.0,0.0,0.0,0.0,0.0,0.0,0.0,0.0,0.0
468.25,2.0,17.137702135784433,16.087319563452546,15.43217839735342,14.473460894183246,14.283272360025437,15.215308047508803,15.011958802396384,16.257744171824477,16.049874530351396,17.059353559713777,1.0,1.0,1.0,1.0,1.0,1.0,1.0,1.0,1.0,1.0
468.5,3.0,0.0,0.0,0.0,0.0,0.0,0.0,0.0,0.0,0.0,0.0,0.0,0.0,0.0,0.0,0.0,0.0,0.0,0.0,0.0,0.0
468.75,4.0,0.0,0.0,0.0,0.0,0.0,0.0,0.0,0.0,0.0,0.0,0.0,0.0,0.0,0.0,0.0,0.0,0.0,0.0,0.0,0.0
469.0,1.0,15.780863434293462,16.91844265049105,17.313752571881285,17.237211756553773,19.568544570744994,19.248269241940054,20.795716735537848,20.812753341815657,20.019037724175416,20.634014961362382,1.0,1.0,1.0,1.0,1.0,1.0,1.0,1.0,1.0,1.0
469.25,2.0,16.341017502884423,16.880527692207806,15.867848557105944,14.316826380897021,14.88378070978777,15.726091990543184,15.963203768186279,17.408498899193848,17.41855589969566,17.69491670714048,1.0,1.0,1.0,1.0,1.0,1.0,1.0,1.0,1.0,1.0
469.5,3.0,0.0,0.0,0.0,0.0,0.0,0.0,0.0,0.0,0.0,0.0,0.0,0.0,0.0,0.0,0.0,0.0,0.0,0.0,0.0,0.0
469.75,4.0,15.644615246256047,15.449070527110742,16.25754426169094,16.662905313872848,16.918260617456458,17.005687061478408,15.557100689227772,16.619075881534595,16.793116009769054,15.968805639416496,1.0,1.0,1.0,1.0,1.0,1.0,1.0,1.0,1.0,1.0
470.0,1.0,16.11454283230621,16.85333260422145,17.27168563363363,17.0943963259248,19.461639977112817,18.654352166214665,20.27861516736598,21.053185367750274,21.021715716847844,21.93843994240871,1.0,1.0,1.0,1.0,1.0,1.0,1.0,1.0,1.0,1.0
470.25,2.0,0.0,0.0,0.0,0.0,0.0,0.0,0.0,0.0,0.0,0.0,0.0,0.0,0.0,0.0,0.0,0.0,0.0,0.0,0.0,0.0
470.5,3.0,15.115362544450107,14.997058950486752,14.06750403129562,14.069139572240307,14.15692228338511,15.442694783346605,15.523440694584862,15.45811389266596,14.512685110712358,13.373724851175366,1.0,1.0,1.0,1.0,1.0,1.0,1.0,1.0,1.0,1.0
470.75,4.0,15.030933775582294,15.788360188874119,16.39702791561774,16.78762250745888,17.065537330971708,17.147012736271737,15.32375545364711,16.435180812733094,16.971449741898198,16.87556428054824,1.0,1.0,1.0,1.0,1.0,1.0,1.0,1.0,1.0,1.0
471.0,1.0,15.817724973091806,17.392641134283615,17.13148422412192,17.50479868494748,19.099865296893555,19.930193803915817,21.320811333267578,21.321393400258838,21.790747021850812,21.873722496239438,1.0,1.0,1.0,1.0,1.0,1.0,1.0,1.0,1.0,1.0
471.25,2.0,16.212435285630704,16.70110062490425,15.75573775271807,16.152645208860097,16.38201092820953,16.698574637589726,18.0282138405494,18.472122446223274,18.71024399100444,18.51643514629421,1.0,1.0,1.0,1.0,1.0,1.0,1.0,1.0,1.0,1.0
471.5,3.0,0.0,0.0,0.0,0.0,0.0,0.0,0.0,0.0,0.0,0.0,0.0,0.0,0.0,0.0,0.0,0.0,0.0,0.0,0.0,0.0
471.75,4.0,15.335647129226922,15.650825285491567,16.319796718022236,16.815001345241853,16.81925551291306,16.80359750998505,15.922194012857522,17.64409701928205,17.768941856382394,16.561318178346312,1.0,1.0,1.0,1.0,1.0,1.0,1.0,1.0,1.0,1.0
472.0,1.0,16.29389520551005,17.009411642300606,17.56529497956745,18.55459695315419,20.442641252578536,21.014218985912564,21.990902824305092,21.621006070407834,21.647567150171955,20.728311092439228,1.0,1.0,1.0,1.0,1.0,1.0,1.0,1.0,1.0,1.0
472.25,2.0,0.0,0.0,0.0,0.0,0.0,0.0,0.0,0.0,0.0,0.0,0.0,0.0,0.0,0.0,0.0,0.0,0.0,0.0,0.0,0.0
472.5,3.0,14.66789613123398,13.810371472327788,12.92836617055991,14.270265268205016,16.22655185868156,17.682398580264238,18.199218546698788,18.040380304576022,17.13463079738746,17.525601436846284,1.0,1.0,1.0,1.0,1.0,1.0,1.0,1.0,1.0,1.0
472.75,4.0,15.768200489579351,15.286893575507195,15.041436392639602,16.223224469437298,16.947263272487383,16.88388313846451,17.028372937396433,18.403227212174574,18.00635404293127,16.377794122997738,1.0,1.0,1.0,1.0,1.0,1.0,1.0,1.0,1.0,1.0
473.0,1.0,0.0,0.0,0.0,0.0,0.0,0.0,0.0,0.0,0.0,0.0,0.0,0.0,0.0,0.0,0.0,0.0,0.0,0.0,0.0,0.0
473.25,2.0,0.0,0.0,0.0,0.0,0.0,0.0,0.0,0.0,0.0,0.0,0.0,0.0,0.0,0.0,0.0,0.0,0.0,0.0,0.0,0.0
473.5,3.0,14.135177480423735,14.426130187285288,14.687361436212736,16.373121665167293,16.907889293544486,17.435780522946164,18.007321942690417,18.39454051956521,18.134011473532183,18.58912616980339,1.0,1.0,1.0,1.0,1.0,1.0,1.0,1.0,1.0,1.0
473.75,4.0,0.0,0.0,0.0,0.0,0.0,0.0,0.0,0.0,0.0,0.0,0.0,0.0,0.0,0.0,0.0,0.0,0.0,0.0,0.0,0.0
474.0,1.0,16.0822837613635,16.85915086597269,17.736693753269442,18.104084974553352,20.3112410368416,20.364141434354035,20.75277835183087,20.83599429755903,21.493895805646186,21.611611948354785,1.0,1.0,1.0,1.0,1.0,1.0,1.0,1.0,1.0,1.0
474.25,2.0,16.30004781974029,16.85485587737292,16.73942042406923,17.154264792718386,18.997038489417868,18.8241326142748,19.452998265634896,18.65627033628271,19.039368564015966,20.983355240346903,1.0,1.0,1.0,1.0,1.0,1.0,1.0,1.0,1.0,1.0
474.5,3.0,0.0,0.0,0.0,0.0,0.0,0.0,0.0,0.0,0.0,0.0,0.0,0.0,0.0,0.0,0.0,0.0,0.0,0.0,0.0,0.0
474.75,4.0,17.15564293860006,16.83585517483231,17.103692257376625,18.51924606042541,18.11007519869299,17.945252541964575,16.315095141523212,17.043477272878075,16.89271018455788,15.53792862865711,1.0,1.0,1.0,1.0,1.0,1.0,1.0,1.0,1.0,1.0
475.0,1.0,16.65572521269278,17.743683501894417,18.973085132137694,18.943103085356583,19.784621273797363,19.486832929641622,20.82187733177206,20.400568142065392,20.144044295157187,20.993751612344663,1.0,1.0,1.0,1.0,1.0,1.0,1.0,1.0,1.0,1.0
475.25,2.0,0.0,0.0,0.0,0.0,0.0,0.0,0.0,0.0,0.0,0.0,0.0,0.0,0.0,0.0,0.0,0.0,0.0,0.0,0.0,0.0
475.5,3.0,14.013961065818094,14.192953658033838,14.601986563418606,17.00241813570452,18.789230242848852,19.49996632825848,19.31705770078748,18.053328265383396,17.065870671989845,16.587571054240282,1.0,1.0,1.0,1.0,1.0,1.0,1.0,1.0,1.0,1.0
475.75,4.0,17.19054438677029,15.98191445511784,15.965505892511612,18.06930965932243,18.347711903050005,18.02309325399976,16.378471587507423,16.47490992003917,16.50429399322826,16.461318830104705,1.0,1.0,1.0,1.0,1.0,1.0,1.0,1.0,1.0,1.0
476.0,1.0,0.0,0.0,0.0,0.0,0.0,0.0,0.0,0.0,0.0,0.0,0.0,0.0,0.0,0.0,0.0,0.0,0.0,0.0,0.0,0.0
476.25,2.0,18.39495484365562,17.388151230707322,18.27772553286339,19.13992555898686,19.940709579397886,20.011655562730645,21.089822390075717,20.488924076495273,19.01344017795194,19.37445359197809,1.0,1.0,1.0,1.0,1.0,1.0,1.0,1.0,1.0,1.0
476.5,3.0,0.0,0.0,0.0,0.0,0.0,0.0,0.0,0.0,0.0,0.0,0.0,0.0,0.0,0.0,0.0,0.0,0.0,0.0,0.0,0.0
476.75,4.0,0.0,0.0,0.0,0.0,0.0,0.0,0.0,0.0,0.0,0.0,0.0,0.0,0.0,0.0,0.0,0.0,0.0,0.0,0.0,0.0
477.0,1.0,18.270228729841225,18.127570078026814,17.915892616897818,18.732406901909055,19.347652337185874,19.952186563594644,20.86815689684283,20.154797726367125,19.512412972989413,18.7443657975116,1.0,1.0,1.0,1.0,1.0,1.0,1.0,1.0,1.0,1.0
477.25,2.0,18.284476829087545,17.482362702517793,18.748285815551352,19.833502687307,21.849012762471762,22.006818649823796,21.63147702421915,21.2035520590022,19.767198562956548,19.20275201818393,1.0,1.0,1.0,1.0,1.0,1.0,1.0,1.0,1.0,1.0
477.5,3.0,0.0,0.0,0.0,0.0,0.0,0.0,0.0,0.0,0.0,0.0,0.0,0.0,0.0,0.0,0.0,0.0,0.0,0.0,0.0,0.0
477.75,4.0,14.919657586446522,14.428707326984503,14.296726093357648,16.45325821356566,16.896465619980304,15.92114720803706,16.902334926765842,17.512337995582985,17.25830140632657,17.68955997798926,1.0,1.0,1.0,1.0,1.0,1.0,1.0,1.0,1.0,1.0
478.0,1.0,18.924576807031315,18.334935184975766,18.687849793336145,18.774584937473737,19.1733221052319,19.383731095103627,20.079715071006394,18.856553637794224,18.976532049912702,18.893172859857664,1.0,1.0,1.0,1.0,1.0,1.0,1.0,1.0,1.0,1.0
478.25,2.0,0.0,0.0,0.0,0.0,0.0,0.0,0.0,0.0,0.0,0.0,0.0,0.0,0.0,0.0,0.0,0.0,0.0,0.0,0.0,0.0
478.5,3.0,16.020944233474932,15.520227451895806,16.966145941189207,18.550697409706874,18.99127450837373,17.953899039204675,17.174329718875217,16.172677715631227,16.72053216848242,16.759632187183083,1.0,1.0,1.0,1.0,1.0,1.0,1.0,1.0,1.0,1.0
478.75,4.0,13.283969403635718,14.326037500713,15.050793502136724,16.401813007835244,16.76744024217501,16.165204270631214,16.893586266544567,17.752639463546068,16.794239498162007,17.798816658211642,1.0,1.0,1.0,1.0,1.0,1.0,1.0,1.0,1.0,1.0
479.0,1.0,18.766471227035602,19.878707141795715,19.892094938326746,19.183579339861414,19.41011360451417,18.72098473595006,19.611246581995125,18.062277751651038,18.252895194687298,18.244146633608818,1.0,1.0,1.0,1.0,1.0,1.0,1.0,1.0,1.0,1.0
479.25,2.0,17.994854534734646,18.99266937416292,19.849080786394435,20.649330175097802,20.96597339197013,21.048322624678374,20.70105978313562,20.779089652933667,19.573076891261582,18.549575724135487,1.0,1.0,1.0,1.0,1.0,1.0,1.0,1.0,1.0,1.0
479.5,3.0,0.0,0.0,0.0,0.0,0.0,0.0,0.0,0.0,0.0,0.0,0.0,0.0,0.0,0.0,0.0,0.0,0.0,0.0,0.0,0.0
479.75,4.0,13.902168496444666,14.630676066535102,15.34158073976088,16.55968033587419,16.202968863220377,16.4597798734503,17.164983422884386,16.892757261219217,16.7901384981323,17.887386284442872,1.0,1.0,1.0,1.0,1.0,1.0,1.0,1.0,1.0,1.0
480.0,1.0,19.25216983218447,20.089178410909568,20.140842652801698,19.822466364617302,18.350109915039713,17.68765642851874,18.3807108922445,17.459769602124787,17.02536995593095,18.213788134679955,1.0,1.0,1.0,1.0,1.0,1.0,1.0,1.0,1.0,1.0
480.25,2.0,0.0,0.0,0.0,0.0,0.0,0.0,0.0,0.0,0.0,0.0,0.0,0.0,0.0,0.0,0.0,0.0,0.0,0.0,0.0,0.0
480.5,3.0,17.058109011681594,16.904392434286947,16.762195791353662,18.58118068325017,18.26103155469096,17.952621551509562,17.60409382478776,18.87594344477748,19.40584969855633,19.76081627513939,1.0,1.0,1.0,1.0,1.0,1.0,1.0,1.0,1.0,1.0
480.75,4.0,15.110013413951586,15.54380184398695,16.552136804573145,17.982389420894542,17.800259784493186,16.808537824655573,17.035667409794808,16.50980574562798,16.198287897197023,16.457220656941658,1.0,1.0,1.0,1.0,1.0,1.0,1.0,1.0,1.0,1.0
481.0,1.0,0.0,0.0,0.0,0.0,0.0,0.0,0.0,0.0,0.0,0.0,0.0,0.0,0.0,0.0,0.0,0.0,0.0,0.0,0.0,0.0
481.25,2.0,0.0,0.0,0.0,0.0,0.0,0.0,0.0,0.0,0.0,0.0,0.0,0.0,0.0,0.0,0.0,0.0,0.0,0.0,0.0,0.0
481.5,3.0,16.617146394412657,16.270175420267154,17.217759582872404,18.421858737998573,17.569374581983627,18.085552180921326,18.09867791635278,19.143105280708827,19.3101582394912,19.76175666592252,1.0,1.0,1.0,1.0,1.0,1.0,1.0,1.0,1.0,1.0
481.75,4.0,0.0,0.0,0.0,0.0,0.0,0.0,0.0,0.0,0.0,0.0,0.0,0.0,0.0,0.0,0.0,0.0,0.0,0.0,0.0,0.0
482.0,1.0,17.803962945936316,19.465399175618323,19.496523921227805,17.334554263315717,16.791075309669516,16.45778415048978,17.40950644780514,17.248300752431213,16.639862106114382,17.70409049242627,1.0,1.0,1.0,1.0,1.0,1.0,1.0,1.0,1.0,1.0
482.25,2.0,18.50987842484595,19.407680931848535,20.524616414077684,20.827871344035593,19.287022724256612,19.204563849430237,19.238541500257735,19.599296903467113,19.620373295059597,19.81524651560736,1.0,1.0,1.0,1.0,1.0,1.0,1.0,1.0,1.0,1.0
482.5,3.0,0.0,0.0,0.0,0.0,0.0,0.0,0.0,0.0,0.0,0.0,0.0,0.0,0.0,0.0,0.0,0.0,0.0,0.0,0.0,0.0
482.75,4.0,17.18867618732931,16.49938309408748,15.211785937202265,17.200383871139586,16.900386048742046,16.00683440025461,15.73335583946673,16.183160226321426,16.904868339002075,17.991260059108843,1.0,1.0,1.0,1.0,1.0,1.0,1.0,1.0,1.0,1.0
483.0,1.0,19.073512704637725,18.974401509673832,18.46806652170064,17.1221067984335,16.582217419107586,17.279804784477736,17.117718419421298,17.03690568208848,16.756453540669895,18.44125731195258,1.0,1.0,1.0,1.0,1.0,1.0,1.0,1.0,1.0,1.0
483.25,2.0,0.0,0.0,0.0,0.0,0.0,0.0,0.0,0.0,0.0,0.0,0.0,0.0,0.0,0.0,0.0,0.0,0.0,0.0,0.0,0.0
483.5,3.0,16.805878398108252,16.382337175131724,17.456754188705823,18.706757389296605,19.672991803242873,20.343540978148724,19.43555512484461,18.515468931883017,18.924855073693134,19.412800318409722,1.0,1.0,1.0,1.0,1.0,1.0,1.0,1.0,1.0,1.0
483.75,4.0,16.576815633657688,16.56622986456684,15.326043750993659,15.907684572335048,15.962916520278837,15.942303137228667,16.50085586876247,17.711593645693398,18.281536423237533,18.561287957647504,1.0,1.0,1.0,1.0,1.0,1.0,1.0,1.0,1.0,1.0
484.0,1.0,0.0,0.0,0.0,0.0,0.0,0.0,0.0,0.0,0.0,0.0,0.0,0.0,0.0,0.0,0.0,0.0,0.0,0.0,0.0,0.0
484.25,2.0,18.591661904816064,19.3253685288581,19.187791075845375,17.774708822144316,18.331987904687,19.042132362649873,19.604374290472215,20.150292538134334,20.123015111853658,21.160317941975034,1.0,1.0,1.0,1.0,1.0,1.0,1.0,1.0,1.0,1.0
484.5,3.0,0.0,0.0,0.0,0.0,0.0,0.0,0.0,0.0,0.0,0.0,0.0,0.0,0.0,0.0,0.0,0.0,0.0,0.0,0.0,0.0
484.75,4.0,0.0,0.0,0.0,0.0,0.0,0.0,0.0,0.0,0.0,0.0,0.0,0.0,0.0,0.0,0.0,0.0,0.0,0.0,0.0,0.0
485.0,1.0,18.23967788182651,17.58859025759964,17.261486679269993,15.186516503854081,16.561253100471244,17.68984548188891,19.173168398406013,19.77730172445824,18.869505257976645,20.027297410005797,1.0,1.0,1.0,1.0,1.0,1.0,1.0,1.0,1.0,1.0
485.25,2.0,19.18336939897832,18.49623401670714,18.08454612722989,17.161113865247252,18.79344623570705,19.25980193859276,19.968031991709292,20.576331502882038,21.250029662498022,21.673527984786958,1.0,1.0,1.0,1.0,1.0,1.0,1.0,1.0,1.0,1.0
485.5,3.0,18.825875433578418,18.6352401698221,19.28718913475421,20.056914573203525,19.743924086520913,20.123236052361616,19.21148933502242,18.61083866894359,18.27959613245008,17.74036112759064,1.0,1.0,1.0,1.0,1.0,1.0,1.0,1.0,1.0,1.0
485.75,4.0,17.43467228635947,17.90586112125794,16.290687661520433,17.746242838300656,17.42792461344492,16.707876275014502,17.833559425085035,18.447176514133286,17.965396525198752,19.525204845765426,1.0,1.0,1.0,1.0,1.0,1.0,1.0,1.0,1.0,1.0
486.0,1.0,18.56051009553742,17.0698042677732,16.87933866437028,16.27677673712902,17.946658173024378,18.689301070735716,20.09697067096068,20.518685610209953,20.070352988981142,19.412872446715642,1.0,1.0,1.0,1.0,1.0,1.0,1.0,1.0,1.0,1.0
486.25,2.0,0.0,0.0,0.0,0.0,0.0,0.0,0.0,0.0,0.0,0.0,0.0,0.0,0.0,0.0,0.0,0.0,0.0,0.0,0.0,0.0
486.5,3.0,18.68654345655052,18.53829113386588,19.055275786149846,18.95023179841337,19.557925525491466,20.012867255258133,18.88163029411424,17.87562408357731,17.110333022466566,17.82087096394877,1.0,1.0,1.0,1.0,1.0,1.0,1.0,1.0,1.0,1.0
486.75,4.0,16.953647431420556,18.699063373730695,16.70548014810541,17.044028178987144,17.242765788569823,16.82952281528419,17.884459318136262,18.030898744089118,18.158526555638897,19.592038198563507,1.0,1.0,1.0,1.0,1.0,1.0,1.0,1.0,1.0,1.0
487.0,1.0,18.934068693246974,16.687585636131345,16.95937582424646,16.3277394119768,18.121445129135743,18.818370105368192,19.510806454429304,19.80657683578974,19.178151383650643,18.834457263846595,1.0,1.0,1.0,1.0,1.0,1.0,1.0,1.0,1.0,1.0
487.25,2.0,18.89461879251349,18.076797650276244,17.395041802959103,17.909128573669427,18.299444725427808,19.5422315003537,19.474563020419733,20.592354638400703,21.135128637110753,22.001718502819262,1.0,1.0,1.0,1.0,1.0,1.0,1.0,1.0,1.0,1.0
487.5,3.0,0.0,0.0,0.0,0.0,0.0,0.0,0.0,0.0,0.0,0.0,0.0,0.0,0.0,0.0,0.0,0.0,0.0,0.0,0.0,0.0
487.75,4.0,17.808023057798074,18.78980080128158,18.05755388964324,19.747110972357415,18.969703838285618,18.679975572048537,19.113218349966,19.19073669538382,18.890909240454654,20.071244390638135,1.0,1.0,1.0,1.0,1.0,1.0,1.0,1.0,1.0,1.0
488.0,1.0,18.528926696289478,16.548162258066885,17.55631195532783,17.299005944880886,18.46552243744759,18.430939224555747,19.175503203659414,19.056553449919036,18.333503596876316,17.764218421587174,1.0,1.0,1.0,1.0,1.0,1.0,1.0,1.0,1.0,1.0
488.25,2.0,0.0,0.0,0.0,0.0,0.0,0.0,0.0,0.0,0.0,0.0,0.0,0.0,0.0,0.0,0.0,0.0,0.0,0.0,0.0,0.0
488.5,3.0,18.72862661733794,18.28110263836014,18.85139628082643,17.70544001132133,17.92378015088607,17.539289063207196,16.98914919971413,16.842884879739614,16.53858824887541,17.893865494648754,1.0,1.0,1.0,1.0,1.0,1.0,1.0,1.0,1.0,1.0
488.75,4.0,17.14368299811852,19.222322681303282,20.196953374498836,18.876528330622584,18.592644444108657,17.86693758176589,19.25302317071158,19.311378612284262,19.943569527637468,20.0417557775815,1.0,1.0,1.0,1.0,1.0,1.0,1.0,1.0,1.0,1.0
489.0,1.0,0.0,0.0,0.0,0.0,0.0,0.0,0.0,0.0,0.0,0.0,0.0,0.0,0.0,0.0,0.0,0.0,0.0,0.0,0.0,0.0
489.25,2.0,16.769158803021877,16.96476006893523,16.851965179960995,18.316443831658205,17.456681508904218,18.27605226178352,18.472697308485603,20.62084022639681,20.19333409838914,20.42195997293799,1.0,1.0,1.0,1.0,1.0,1.0,1.0,1.0,1.0,1.0
489.5,3.0,18.706667620176056,17.337818310187938,17.68630056368379,17.944393833641275,17.61876986889539,16.423334834004873,17.7265103705028,17.161826818156143,17.97868397115141,19.15477219093354,1.0,1.0,1.0,1.0,1.0,1.0,1.0,1.0,1.0,1.0
489.75,4.0,0.0,0.0,0.0,0.0,0.0,0.0,0.0,0.0,0.0,0.0,0.0,0.0,0.0,0.0,0.0,0.0,0.0,0.0,0.0,0.0
490.0,1.0,17.74282220082394,16.10804325656406,17.209870699850402,17.330260470350925,18.335339700537137,18.59556058607967,18.383895593959206,18.37839340155921,17.08034078886128,17.3060428168986,1.0,1.0,1.0,1.0,1.0,1.0,1.0,1.0,1.0,1.0
490.25,2.0,17.571320605537455,16.175173342321248,16.345348064128864,18.156393193377536,17.984845623097453,18.920515296795678,17.877567854185806,18.97658640725349,19.024602643824508,19.109694660686834,1.0,1.0,1.0,1.0,1.0,1.0,1.0,1.0,1.0,1.0
490.5,3.0,0.0,0.0,0.0,0.0,0.0,0.0,0.0,0.0,0.0,0.0,0.0,0.0,0.0,0.0,0.0,0.0,0.0,0.0,0.0,0.0
490.75,4.0,20.625840184428693,20.217823453095882,19.589097143735394,18.423669870844176,18.92782078544572,18.804474414999948,19.65632844917798,19.847187795512543,20.00574423573961,19.336261360103364,1.0,1.0,1.0,1.0,1.0,1.0,1.0,1.0,1.0,1.0
491.0,1.0,17.744437860623616,16.95263915596456,17.95237675556678,19.07355617715212,18.984069663493603,18.05094804422416,17.603835590374917,18.163269081628687,17.620494320454778,17.882358492070516,1.0,1.0,1.0,1.0,1.0,1.0,1.0,1.0,1.0,1.0
491.25,2.0,0.0,0.0,0.0,0.0,0.0,0.0,0.0,0.0,0.0,0.0,0.0,0.0,0.0,0.0,0.0,0.0,0.0,0.0,0.0,0.0
491.5,3.0,17.657466047151352,18.474461727579197,19.11104287052753,17.668599518053558,17.024689126295744,16.47315338452093,16.774740595804904,16.91797452855682,18.48473527453646,19.082419941302433,1.0,1.0,1.0,1.0,1.0,1.0,1.0,1.0,1.0,1.0
491.75,4.0,20.93884079138418,20.07969090608668,19.159511470118066,18.1278282345512,19.92684150668362,19.904300868223732,20.75403079152946,19.97998837327037,20.27720071684646,18.79047146048597,1.0,1.0,1.0,1.0,1.0,1.0,1.0,1.0,1.0,1.0
492.0,1.0,17.102701205844554,17.81064638478727,18.87739123769819,19.53436085661792,19.894274251424775,18.828148153465694,18.90026328279545,19.194880923837328,18.83544223748076,19.00727475881013,1.0,1.0,1.0,1.0,1.0,1.0,1.0,1.0,1.0,1.0
492.25,2.0,17.324823888975388,16.88186895711067,16.83395143599282,19.182982911414697,19.062114772772148,19.28963170769803,18.772009627954972,18.27849202437347,19.096312059216377,19.87592287784282,1.0,1.0,1.0,1.0,1.0,1.0,1.0,1.0,1.0,1.0
492.5,3.0,0.0,0.0,0.0,0.0,0.0,0.0,0.0,0.0,0.0,0.0,0.0,0.0,0.0,0.0,0.0,0.0,0.0,0.0,0.0,0.0
492.75,4.0,0.0,0.0,0.0,0.0,0.0,0.0,0.0,0.0,0.0,0.0,0.0,0.0,0.0,0.0,0.0,0.0,0.0,0.0,0.0,0.0
493.0,1.0,18.338411669975155,18.02067360641875,19.11518856279795,19.174846584249323,19.605896660561893,18.748979024001038,18.684639319319153,19.710936369145244,18.907066890896093,19.236232998991294,1.0,1.0,1.0,1.0,1.0,1.0,1.0,1.0,1.0,1.0
493.25,2.0,17.602295527295677,17.559132547338066,17.306687511131486,19.581448914761587,19.369643164667764,19.562281135706122,18.8566527456796,18.486152791912037,18.72261669245223,18.702809438755562,1.0,1.0,1.0,1.0,1.0,1.0,1.0,1.0,1.0,1.0
493.5,3.0,19.923637471949785,18.588002589219414,18.547662071460984,17.080102987329404,17.05473178026447,17.350498365428837,17.84520560588575,17.550927770466924,17.078556199934344,16.12365301764142,1.0,1.0,1.0,1.0,1.0,1.0,1.0,1.0,1.0,1.0
493.75,4.0,20.56631057721926,21.249340159073547,20.307416108207814,20.267653615123674,21.601149163208138,20.278411521182424,21.25029194557165,20.461859347250535,20.439783781600163,18.82510231792821,1.0,1.0,1.0,1.0,1.0,1.0,1.0,1.0,1.0,1.0
494.0,1.0,17.136046786942508,17.97772683195973,20.475456969894736,20.065065106699787,20.059842442200615,19.83892366163514,19.081239796296337,19.708243563722284,19.631012895902636,18.920633952166902,1.0,1.0,1.0,1.0,1.0,1.0,1.0,1.0,1.0,1.0
494.25,2.0,0.0,0.0,0.0,0.0,0.0,0.0,0.0,0.0,0.0,0.0,0.0,0.0,0.0,0.0,0.0,0.0,0.0,0.0,0.0,0.0
494.5,3.0,18.726855840483072,18.330884794274183,18.638780946150163,17.569329663126506,17.396593884423385,18.30842938997798,18.63348888532501,17.91365236931363,16.777009651828873,15.885704923415828,1.0,1.0,1.0,1.0,1.0,1.0,1.0,1.0,1.0,1.0
494.75,4.0,20.395918348058842,20.41620687846835,19.929304876805134,20.56226755857354,20.01385809150637,18.56731700828028,19.243770633458475,19.352916738648595,19.360254696215975,17.691413807309676,1.0,1.0,1.0,1.0,1.0,1.0,1.0,1.0,1.0,1.0
495.0,1.0,17.50766683529196,19.28995746402199,21.773822028103886,21.705484004213044,20.054964200145914,19.40768936062493,19.145510642728762,19.316713853463874,19.089159852760645,18.376120277525956,1.0,1.0,1.0,1.0,1.0,1.0,1.0,1.0,1.0,1.0
495.25,2.0,19.56645854040821,20.377515932661982,19.75344653762078,19.363345107187797,20.052661463787082,20.274109094271527,20.007347786525997,19.287012791642468,18.85543109139894,17.178210610507488,1.0,1.0,1.0,1.0,1.0,1.0,1.0,1.0,1.0,1.0
495.5,3.0,0.0,0.0,0.0,0.0,0.0,0.0,0.0,0.0,0.0,0.0,0.0,0.0,0.0,0.0,0.0,0.0,0.0,0.0,0.0,0.0
495.75,4.0,20.47113869171854,20.321090454299924,20.242757462169322,19.14187459161856,18.95921684814395,18.369386416304817,19.289157582183382,18.703672601265577,18.00634740859669,16.1736409447747,1.0,1.0,1.0,1.0,1.0,1.0,1.0,1.0,1.0,1.0
496.0,1.0,18.445045114887122,20.530758854578444,22.44175883760883,20.995393768036152,18.99408565487295,18.86452553621364,18.031178890628407,18.61445637819365,18.18995420977382,17.737992242305086,1.0,1.0,1.0,1.0,1.0,1.0,1.0,1.0,1.0,1.0
496.25,2.0,0.0,0.0,0.0,0.0,0.0,0.0,0.0,0.0,0.0,0.0,0.0,0.0,0.0,0.0,0.0,0.0,0.0,0.0,0.0,0.0
496.5,3.0,17.46132783408927,18.990804655393276,19.809802129381918,18.071219417334696,17.480393909465587,18.152301295791908,18.532970440707423,18.637138999406954,18.464289860334095,18.40964381068096,1.0,1.0,1.0,1.0,1.0,1.0,1.0,1.0,1.0,1.0
496.75,4.0,19.733224113861016,20.616512077679857,19.155320719880823,18.623373076028937,18.112823874810708,17.963738997081848,17.832359577757188,17.19403515059286,17.745331794832087,17.17664082415412,1.0,1.0,1.0,1.0,1.0,1.0,1.0,1.0,1.0,1.0
497.0,1.0,0.0,0.0,0.0,0.0,0.0,0.0,0.0,0.0,0.0,0.0,0.0,0.0,0.0,0.0,0.0,0.0,0.0,0.0,0.0,0.0
497.25,2.0,19.598129311702703,20.064585280402543,20.12010073919209,20.686021002310326,20.086919960161715,18.816035179283798,18.317595512743893,17.765723892525497,17.50151798497173,16.834995612121922,1.0,1.0,1.0,1.0,1.0,1.0,1.0,1.0,1.0,1.0
497.5,3.0,19.199418463334794,19.389921876942026,19.086252548158154,17.764209003388252,17.90392414112011,19.15512164729293,18.828636774172086,19.237402465578583,19.88994321607183,19.579781337663434,1.0,1.0,1.0,1.0,1.0,1.0,1.0,1.0,1.0,1.0
497.75,4.0,0.0,0.0,0.0,0.0,0.0,0.0,0.0,0.0,0.0,0.0,0.0,0.0,0.0,0.0,0.0,0.0,0.0,0.0,0.0,0.0
498.0,1.0,19.9819439683438,19.175266371998724,19.26221684540737,19.359486579175286,18.1286736583719,18.805623611545027,17.831127169623617,16.954889796126622,16.90300309516651,16.931054279665585,1.0,1.0,1.0,1.0,1.0,1.0,1.0,1.0,1.0,1.0
498.25,2.0,18.952816764069702,19.079153702518198,19.61673406708376,19.405678173062366,18.71580367012713,17.92873694610302,17.56366287039345,18.233572046592062,17.967088995874047,16.95290472481064,1.0,1.0,1.0,1.0,1.0,1.0,1.0,1.0,1.0,1.0
498.5,3.0,0.0,0.0,0.0,0.0,0.0,0.0,0.0,0.0,0.0,0.0,0.0,0.0,0.0,0.0,0.0,0.0,0.0,0.0,0.0,0.0
498.75,4.0,19.838153724958236,18.783369475574528,18.94035885786992,17.9656348151406,17.706603296520687,18.157589697475466,16.968630041499182,16.990919615731272,18.033098852216387,18.10495427995472,1.0,1.0,1.0,1.0,1.0,1.0,1.0,1.0,1.0,1.0
499.0,1.0,19.861683213005605,18.8649027689104,19.78153123814215,18.81959168871476,18.360088071855085,19.033901545467778,17.37712826453799,17.30376531369009,16.796793175425766,17.378463406849544,1.0,1.0,1.0,1.0,1.0,1.0,1.0,1.0,1.0,1.0
499.25,2.0,0.0,0.0,0.0,0.0,0.0,0.0,0.0,0.0,0.0,0.0,0.0,0.0,0.0,0.0,0.0,0.0,0.0,0.0,0.0,0.0
499.5,3.0,20.51271416876287,19.941395226167824,19.07465848452571,16.726169297744253,19.16509305992065,19.259352483363415,19.117600072781975,17.421968810095567,16.90917510765983,16.280799853844442,1.0,1.0,1.0,1.0,1.0,1.0,1.0,1.0,1.0,1.0
499.75,4.0,20.037942196047098,18.15024548864239,18.53085140217289,18.369243166777608,17.12667078292406,18.27603120933759,17.07466765878116,17.55595076074816,18.33828222772238,17.652747853888055,1.0,1.0,1.0,1.0,1.0,1.0,1.0,1.0,1.0,1.0
500.0,1.0,19.49746998563096,17.211666204669818,18.783072374715882,18.094370104996983,18.78386700562762,19.262485658637893,17.614855327919972,17.321604697572443,17.288728553935133,17.76234299388483,1.0,1.0,1.0,1.0,1.0,1.0,1.0,1.0,1.0,1.0
500.25,2.0,18.47255377309975,19.017719403813686,18.251118933116018,18.386083921738322,16.54741593231069,17.12019744334806,17.097207905979225,17.707055262356235,17.707073362707483,17.293063055651203,1.0,1.0,1.0,1.0,1.0,1.0,1.0,1.0,1.0,1.0
500.5,3.0,0.0,0.0,0.0,0.0,0.0,0.0,0.0,0.0,0.0,0.0,0.0,0.0,0.0,0.0,0.0,0.0,0.0,0.0,0.0,0.0
500.75,4.0,19.443273277705917,18.946229920326395,19.290204750901577,19.602198673787328,18.729439134145668,19.331234976341257,18.58740069908154,18.939852843104003,18.21629014426521,17.030828677338928,1.0,1.0,1.0,1.0,1.0,1.0,1.0,1.0,1.0,1.0
501.0,1.0,18.995094698072958,16.625516176853704,18.960309821346588,18.67703684692328,18.489595584902155,18.406241691059773,17.49386247801366,18.44138879979432,17.755594963001414,18.537174373139496,1.0,1.0,1.0,1.0,1.0,1.0,1.0,1.0,1.0,1.0
501.25,2.0,18.527955758824724,18.75659087628055,18.2134048798228,17.388224334234287,15.801938960353757,16.122373710974788,16.516600216716,17.184223660600882,17.208580451482288,17.257728552645737,1.0,1.0,1.0,1.0,1.0,1.0,1.0,1.0,1.0,1.0
501.5,3.0,19.75980072719074,19.687793167316027,18.82716156705955,18.08686385986196,20.370293824607906,19.515347265000514,18.22053728706584,18.02065789578898,17.646723127435685,17.034547792018426,1.0,1.0,1.0,1.0,1.0,1.0,1.0,1.0,1.0,1.0
501.75,4.0,20.11373883014829,19.187221258364133,20.01610687749439,19.851060827102938,19.34072343418928,19.290302254192532,18.673439701541508,17.61948548118023,17.141801560765764,17.43657467711637,1.0,1.0,1.0,1.0,1.0,1.0,1.0,1.0,1.0,1.0
502.0,1.0,0.0,0.0,0.0,0.0,0.0,0.0,0.0,0.0,0.0,0.0,0.0,0.0,0.0,0.0,0.0,0.0,0.0,0.0,0.0,0.0
502.25,2.0,0.0,0.0,0.0,0.0,0.0,0.0,0.0,0.0,0.0,0.0,0.0,0.0,0.0,0.0,0.0,0.0,0.0,0.0,0.0,0.0
502.5,3.0,19.1642950610866,20.0614312951736,18.41543178734794,17.200810247932495,20.06108452793114,19.010430519795133,18.23942959523606,17.80213957368506,17.69680966807919,16.94059364476012,1.0,1.0,1.0,1.0,1.0,1.0,1.0,1.0,1.0,1.0
502.75,4.0,0.0,0.0,0.0,0.0,0.0,0.0,0.0,0.0,0.0,0.0,0.0,0.0,0.0,0.0,0.0,0.0,0.0,0.0,0.0,0.0
503.0,1.0,17.922428702248737,17.73602765815966,18.11689179175456,17.793323869669564,17.024705148312872,17.840761493748165,17.769949052411025,18.531624337396856,17.66580676660718,18.748052885814154,1.0,1.0,1.0,1.0,1.0,1.0,1.0,1.0,1.0,1.0
503.25,2.0,18.709477291365154,18.26627541173697,17.97739673411645,17.377046864653277,16.62811089844895,16.276177112280994,16.771137402517724,17.623899233721133,17.457704116468012,18.414078692315442,1.0,1.0,1.0,1.0,1.0,1.0,1.0,1.0,1.0,1.0
503.5,3.0,0.0,0.0,0.0,0.0,0.0,0.0,0.0,0.0,0.0,0.0,0.0,0.0,0.0,0.0,0.0,0.0,0.0,0.0,0.0,0.0
503.75,4.0,19.19363753913051,20.019522529013333,18.67489277509085,17.163503866572245,18.931240365577704,17.029364047383375,16.923448789181442,16.814568306362556,16.25145359309993,16.300155047775142,1.0,1.0,1.0,1.0,1.0,1.0,1.0,1.0,1.0,1.0
504.0,1.0,17.919029521744864,17.797381901101705,18.403402413660924,17.289043084626908,17.92848887565267,17.536166055248994,18.61705799884422,18.504975022731895,17.365686393361724,18.34720176862522,1.0,1.0,1.0,1.0,1.0,1.0,1.0,1.0,1.0,1.0
504.25,2.0,0.0,0.0,0.0,0.0,0.0,0.0,0.0,0.0,0.0,0.0,0.0,0.0,0.0,0.0,0.0,0.0,0.0,0.0,0.0,0.0
504.5,3.0,18.059398208337758,17.095157991258326,16.944923314796362,15.7636732513899,18.887211358793277,18.555885308054414,19.619518536890155,18.73715050204425,18.077050730704908,18.551578205964123,1.0,1.0,1.0,1.0,1.0,1.0,1.0,1.0,1.0,1.0
504.75,4.0,20.143656050831076,20.363678471434866,18.418860625802218,16.498326552104352,17.532919595265973,16.515467984710074,16.920210105844,16.979258939890617,16.41322736508288,16.15533471718691,1.0,1.0,1.0,1.0,1.0,1.0,1.0,1.0,1.0,1.0
505.0,1.0,0.0,0.0,0.0,0.0,0.0,0.0,0.0,0.0,0.0,0.0,0.0,0.0,0.0,0.0,0.0,0.0,0.0,0.0,0.0,0.0
505.25,2.0,18.012460489270456,17.979631908153475,16.085291207740717,17.139212790948843,16.47690745600762,15.14607357363225,16.19339167136208,16.98156148797628,17.939418770317886,18.866659784109014,1.0,1.0,1.0,1.0,1.0,1.0,1.0,1.0,1.0,1.0
505.5,3.0,0.0,0.0,0.0,0.0,0.0,0.0,0.0,0.0,0.0,0.0,0.0,0.0,0.0,0.0,0.0,0.0,0.0,0.0,0.0,0.0
505.75,4.0,0.0,0.0,0.0,0.0,0.0,0.0,0.0,0.0,0.0,0.0,0.0,0.0,0.0,0.0,0.0,0.0,0.0,0.0,0.0,0.0
506.0,1.0,17.47968106917264,15.64435863969169,18.402128420974623,18.31917512063295,19.341440718835344,18.86567253729728,18.7605254913887,18.312790030564866,17.692889364066364,18.36132458687745,1.0,1.0,1.0,1.0,1.0,1.0,1.0,1.0,1.0,1.0
506.25,2.0,18.02493175859443,17.593716162948137,16.18313428614288,16.587354278930686,16.8690669141392,16.082209609239076,16.581573071471606,17.24585989191727,17.30868658962042,17.42438276311081,1.0,1.0,1.0,1.0,1.0,1.0,1.0,1.0,1.0,1.0
506.5,3.0,0.0,0.0,0.0,0.0,0.0,0.0,0.0,0.0,0.0,0.0,0.0,0.0,0.0,0.0,0.0,0.0,0.0,0.0,0.0,0.0
506.75,4.0,18.101464813668986,16.90341163990251,16.202971832250263,17.01602378385872,17.533889377695143,16.3602195312367,15.880257753121013,15.969190529035531,15.886916507649863,17.379910479626577,1.0,1.0,1.0,1.0,1.0,1.0,1.0,1.0,1.0,1.0
507.0,1.0,16.928505946841828,16.095653189873136,17.41301224857098,16.681928958933632,19.338154801663418,18.034953638951357,17.780855472507938,17.76702787343996,17.40415187101937,17.789608318763214,1.0,1.0,1.0,1.0,1.0,1.0,1.0,1.0,1.0,1.0
507.25,2.0,0.0,0.0,0.0,0.0,0.0,0.0,0.0,0.0,0.0,0.0,0.0,0.0,0.0,0.0,0.0,0.0,0.0,0.0,0.0,0.0
507.5,3.0,17.398328914858812,18.845023679621576,18.605112348886003,16.74323436435339,18.295191906028553,18.032445189519926,19.287311899819873,19.24435277760718,18.945946824451436,18.804631472184713,1.0,1.0,1.0,1.0,1.0,1.0,1.0,1.0,1.0,1.0
507.75,4.0,16.855106376068814,17.053988486451935,17.166045541117605,16.611241374185706,16.515513274069804,15.268852111526023,15.376176324940404,15.532017508941754,15.582773927695575,17.295905247780908,1.0,1.0,1.0,1.0,1.0,1.0,1.0,1.0,1.0,1.0
508.0,1.0,17.190085155672737,15.097059044759437,15.481930493519638,16.671737811786738,18.996602591698224,17.952513015484197,17.057281656272067,16.791394993665527,16.831134442277648,16.707756876323486,1.0,1.0,1.0,1.0,1.0,1.0,1.0,1.0,1.0,1.0
508.25,2.0,17.451606955311174,19.05413006269425,16.944355084138696,16.018490872482893,15.014723845041567,15.152692849541724,15.219790208264843,15.964274027040156,15.554795152763637,16.669040056878387,1.0,1.0,1.0,1.0,1.0,1.0,1.0,1.0,1.0,1.0
508.5,3.0,0.0,0.0,0.0,0.0,0.0,0.0,0.0,0.0,0.0,0.0,0.0,0.0,0.0,0.0,0.0,0.0,0.0,0.0,0.0,0.0
508.75,4.0,16.710893558431668,17.721041749297033,16.578979250854406,16.561044675761732,15.919364247743575,16.51600350172409,15.95042539386824,15.523779564257868,14.456623284153155,15.580491467592108,1.0,1.0,1.0,1.0,1.0,1.0,1.0,1.0,1.0,1.0
509.0,1.0,16.128437809976635,14.392639105721786,16.529971694647177,18.930837025815435,18.67358366733784,18.027268969483256,17.316299643537732,18.117228872771307,17.760063117572592,17.455161565997106,1.0,1.0,1.0,1.0,1.0,1.0,1.0,1.0,1.0,1.0
509.25,2.0,0.0,0.0,0.0,0.0,0.0,0.0,0.0,0.0,0.0,0.0,0.0,0.0,0.0,0.0,0.0,0.0,0.0,0.0,0.0,0.0
509.5,3.0,16.147333008856005,17.487460540598857,17.408096265546455,17.41573920999118,18.695116857575474,18.423716766552783,18.751417070842813,17.046785590005285,17.453486207467535,17.86644442138745,1.0,1.0,1.0,1.0,1.0,1.0,1.0,1.0,1.0,1.0
509.75,4.0,17.32255985081907,17.831556425303965,15.956317745748482,16.234680136541808,16.106211286384408,15.175352163898747,14.84532910161865,13.58520295958864,13.308921575425853,14.588852476446524,1.0,1.0,1.0,1.0,1.0,1.0,1.0,1.0,1.0,1.0
510.0,1.0,0.0,0.0,0.0,0.0,0.0,0.0,0.0,0.0,0.0,0.0,0.0,0.0,0.0,0.0,0.0,0.0,0.0,0.0,0.0,0.0
510.25,2.0,0.0,0.0,0.0,0.0,0.0,0.0,0.0,0.0,0.0,0.0,0.0,0.0,0.0,0.0,0.0,0.0,0.0,0.0,0.0,0.0
510.5,3.0,16.215892038849976,17.273129307126606,17.197067209737686,17.602926360611267,19.042944024957137,19.256629928173144,18.959752258705237,17.078411095574232,17.76589125502002,17.54628178016154,1.0,1.0,1.0,1.0,1.0,1.0,1.0,1.0,1.0,1.0
510.75,4.0,0.0,0.0,0.0,0.0,0.0,0.0,0.0,0.0,0.0,0.0,0.0,0.0,0.0,0.0,0.0,0.0,0.0,0.0,0.0,0.0
511.0,1.0,15.497623003050762,15.71665455511249,19.037769246066336,20.41584582223379,17.526933967961394,17.09597990003444,17.436844654105855,18.259610662663185,18.200065534173536,19.099364865850838,1.0,1.0,1.0,1.0,1.0,1.0,1.0,1.0,1.0,1.0
511.25,2.0,16.543931950989514,15.718456864652646,16.1202371556844,14.823872471609908,14.073651258702816,13.759413603262095,14.661881069668754,15.637080778758369,15.486795615816908,16.20452529955505,1.0,1.0,1.0,1.0,1.0,1.0,1.0,1.0,1.0,1.0
511.5,3.0,0.0,0.0,0.0,0.0,0.0,0.0,0.0,0.0,0.0,0.0,0.0,0.0,0.0,0.0,0.0,0.0,0.0,0.0,0.0,0.0
511.75,4.0,17.317001201291255,16.719193184761828,14.215849897473626,15.4506049049985,13.582879144063567,13.345355319107806,14.102824793989123,15.271177027079347,14.50333914484824,15.128634804108831,1.0,1.0,1.0,1.0,1.0,1.0,1.0,1.0,1.0,1.0
512.0,1.0,15.958287328202795,15.456243704500636,18.725782249994538,18.67249293899211,17.23023059030416,17.732624425504937,18.546871217029782,19.46410473150135,18.978803022818543,19.31790851203802,1.0,1.0,1.0,1.0,1.0,1.0,1.0,1.0,1.0,1.0
512.25,2.0,0.0,0.0,0.0,0.0,0.0,0.0,0.0,0.0,0.0,0.0,0.0,0.0,0.0,0.0,0.0,0.0,0.0,0.0,0.0,0.0
512.5,3.0,16.560613029609286,17.669640241471683,19.11035556712511,18.73314753559165,17.607298493016803,18.408364457324055,16.992145124010296,17.15599522266502,17.380869920116996,16.88616067746775,1.0,1.0,1.0,1.0,1.0,1.0,1.0,1.0,1.0,1.0
512.75,4.0,16.37327554830366,14.950746073751409,14.303254096928988,15.548138633477073,14.652848339426285,15.914716494420125,16.389464237420754,16.954368515898846,16.10880056998297,14.940444887391093,1.0,1.0,1.0,1.0,1.0,1.0,1.0,1.0,1.0,1.0
513.0,1.0,0.0,0.0,0.0,0.0,0.0,0.0,0.0,0.0,0.0,0.0,0.0,0.0,0.0,0.0,0.0,0.0,0.0,0.0,0.0,0.0
513.25,2.0,16.012132115715502,14.160910661913967,14.621596789152935,14.714539149815359,15.897467341985319,15.605177687620309,16.47156339251213,16.068901262396963,16.342616076298793,16.140320015643375,1.0,1.0,1.0,1.0,1.0,1.0,1.0,1.0,1.0,1.0
513.5,3.0,0.0,0.0,0.0,0.0,0.0,0.0,0.0,0.0,0.0,0.0,0.0,0.0,0.0,0.0,0.0,0.0,0.0,0.0,0.0,0.0
513.75,4.0,0.0,0.0,0.0,0.0,0.0,0.0,0.0,0.0,0.0,0.0,0.0,0.0,0.0,0.0,0.0,0.0,0.0,0.0,0.0,0.0
514.0,1.0,15.700099417895037,15.607438416330387,17.41632162177053,17.31709315538793,19.145452469935776,18.76361778931863,17.8866704476034,18.157860200591948,18.010329719324574,18.91545979935411,1.0,1.0,1.0,1.0,1.0,1.0,1.0,1.0,1.0,1.0
514.25,2.0,15.003566057004226,15.063718979822081,16.44641153496985,16.626181897425834,16.884796964000763,16.81012437512915,17.29185211483645,16.716976020100866,15.791868915214241,15.524273961699452,1.0,1.0,1.0,1.0,1.0,1.0,1.0,1.0,1.0,1.0
514.5,3.0,0.0,0.0,0.0,0.0,0.0,0.0,0.0,0.0,0.0,0.0,0.0,0.0,0.0,0.0,0.0,0.0,0.0,0.0,0.0,0.0
514.75,4.0,15.092108785104461,14.80637568001778,14.67556558271667,15.804175167754567,17.070985178158164,17.608989216636107,17.53487134800595,16.68369864987834,17.0126874152105,16.950841561390856,1.0,1.0,1.0,1.0,1.0,1.0,1.0,1.0,1.0,1.0
515.0,1.0,16.117588916161115,15.395170824249679,16.68888278474932,17.936557806371887,17.621481492506486,17.79130043593959,17.302508239220817,17.62004219246402,18.40388685680936,19.557548893566988,1.0,1.0,1.0,1.0,1.0,1.0,1.0,1.0,1.0,1.0
515.25,2.0,0.0,0.0,0.0,0.0,0.0,0.0,0.0,0.0,0.0,0.0,0.0,0.0,0.0,0.0,0.0,0.0,0.0,0.0,0.0,0.0
515.5,3.0,18.1418436253232,18.950409447173534,19.150824416270662,16.993497451119683,17.847463001719,17.53360258073683,17.589823483157485,18.211667540555315,18.696916879300666,18.79637910071777,1.0,1.0,1.0,1.0,1.0,1.0,1.0,1.0,1.0,1.0
515.75,4.0,16.370016358823523,14.935233602704937,14.442249228888775,15.630021167241297,16.840664450895336,16.888409504967022,17.004074941262665,15.750545229040828,15.925634015570836,16.7307727093813,1.0,1.0,1.0,1.0,1.0,1.0,1.0,1.0,1.0,1.0
516.0,1.0,15.414755119648083,14.534600407287542,16.497258597685597,18.08092037169273,17.259257659204945,17.52404324328525,17.593815683597565,17.470649309347188,17.821139794963816,18.477573068355586,1.0,1.0,1.0,1.0,1.0,1.0,1.0,1.0,1.0,1.0
516.25,2.0,14.143770987238879,14.664453345943365,16.275412467877292,17.42472175143406,16.28604026653746,15.838479745950407,15.278394219301184,15.991650849686618,14.799668058517911,14.908007564479206,1.0,1.0,1.0,1.0,1.0,1.0,1.0,1.0,1.0,1.0
516.5,3.0,0.0,0.0,0.0,0.0,0.0,0.0,0.0,0.0,0.0,0.0,0.0,0.0,0.0,0.0,0.0,0.0,0.0,0.0,0.0,0.0
516.75,4.0,15.814207506895617,15.280482617803525,15.658568747236377,16.11188105360147,17.32110063294962,17.32282528444827,17.810203402944584,17.085290896001236,16.84479351851963,18.324521637344805,1.0,1.0,1.0,1.0,1.0,1.0,1.0,1.0,1.0,1.0
517.0,1.0,14.812395726922736,14.700546196128126,17.481534856089798,17.875814973195094,17.363759749445347,16.17710985530565,16.615522045643576,16.578664868291753,17.106367443582688,17.613068456457373,1.0,1.0,1.0,1.0,1.0,1.0,1.0,1.0,1.0,1.0
517.25,2.0,0.0,0.0,0.0,0.0,0.0,0.0,0.0,0.0,0.0,0.0,0.0,0.0,0.0,0.0,0.0,0.0,0.0,0.0,0.0,0.0
517.5,3.0,18.840036799041172,18.13629433557651,16.782482534325418,15.33910694634334,16.13367662480957,16.960733822914786,16.8653304064614,18.293899573118413,18.369158935012564,17.10471193687124,1.0,1.0,1.0,1.0,1.0,1.0,1.0,1.0,1.0,1.0
517.75,4.0,15.460369567297853,15.345826639786358,15.73185134450506,16.658714747535523,18.350874018451826,18.81614319675402,19.230873709633492,18.685011886677554,18.021227281865762,19.88916737661304,1.0,1.0,1.0,1.0,1.0,1.0,1.0,1.0,1.0,1.0
518.0,1.0,0.0,0.0,0.0,0.0,0.0,0.0,0.0,0.0,0.0,0.0,0.0,0.0,0.0,0.0,0.0,0.0,0.0,0.0,0.0,0.0
518.25,2.0,0.0,0.0,0.0,0.0,0.0,0.0,0.0,0.0,0.0,0.0,0.0,0.0,0.0,0.0,0.0,0.0,0.0,0.0,0.0,0.0
518.5,3.0,19.129082836704264,18.45933793183732,16.70092916667494,15.11051297434162,15.721782990382103,17.180035539736,17.03928614518106,18.733502139336146,18.115744591217247,17.42145015502996,1.0,1.0,1.0,1.0,1.0,1.0,1.0,1.0,1.0,1.0
518.75,4.0,0.0,0.0,0.0,0.0,0.0,0.0,0.0,0.0,0.0,0.0,0.0,0.0,0.0,0.0,0.0,0.0,0.0,0.0,0.0,0.0
519.0,1.0,14.792201875090905,15.718495297205417,16.405735273088414,15.983723207962496,16.91393622283407,17.199106883336768,17.943022317996864,18.49231816279621,18.790712185032895,18.147560798913542,1.0,1.0,1.0,1.0,1.0,1.0,1.0,1.0,1.0,1.0
519.25,2.0,15.22860680205912,15.17294754854835,14.59577593740418,16.67795288331884,16.17500909890098,17.107435819221575,17.698655609487567,17.27099752584251,17.078075881958036,15.951820631471112,1.0,1.0,1.0,1.0,1.0,1.0,1.0,1.0,1.0,1.0
519.5,3.0,0.0,0.0,0.0,0.0,0.0,0.0,0.0,0.0,0.0,0.0,0.0,0.0,0.0,0.0,0.0,0.0,0.0,0.0,0.0,0.0
519.75,4.0,16.807767609749913,14.569190105665545,14.366465984144817,14.872922268730765,17.55187053135438,18.031257505461507,18.666095166282705,18.106416153292937,18.191895560315245,20.344624003697636,1.0,1.0,1.0,1.0,1.0,1.0,1.0,1.0,1.0,1.0
520.0,1.0,15.688791914574946,15.928731000867499,16.036369659317106,16.760385970805203,18.950124130674443,19.219999923820136,18.336235908818825,18.13368455324209,18.169546143182064,16.841199542227937,1.0,1.0,1.0,1.0,1.0,1.0,1.0,1.0,1.0,1.0
520.25,2.0,0.0,0.0,0.0,0.0,0.0,0.0,0.0,0.0,0.0,0.0,0.0,0.0,0.0,0.0,0.0,0.0,0.0,0.0,0.0,0.0
520.5,3.0,18.914909807448677,16.538944732551666,15.78037972027026,15.574765199789185,16.482455230454196,16.93023285561428,16.639290033867926,16.816026667894413,16.715625535308366,16.52400221203682,1.0,1.0,1.0,1.0,1.0,1.0,1.0,1.0,1.0,1.0
520.75,4.0,16.433633320726095,14.264093310439831,15.19168267188308,16.621122883344082,18.615253472005893,19.02424339677725,18.644729773034562,18.459456120708644,17.60400295839976,20.536985986303936,1.0,1.0,1.0,1.0,1.0,1.0,1.0,1.0,1.0,1.0
521.0,1.0,0.0,0.0,0.0,0.0,0.0,0.0,0.0,0.0,0.0,0.0,0.0,0.0,0.0,0.0,0.0,0.0,0.0,0.0,0.0,0.0
521.25,2.0,14.517816092606655,14.806195613017286,16.556084501039493,17.208148724037756,16.34011874571821,17.0593286016867,17.277679337755092,17.084949628343868,16.370605351582025,16.77599355161551,1.0,1.0,1.0,1.0,1.0,1.0,1.0,1.0,1.0,1.0
521.5,3.0,0.0,0.0,0.0,0.0,0.0,0.0,0.0,0.0,0.0,0.0,0.0,0.0,0.0,0.0,0.0,0.0,0.0,0.0,0.0,0.0
521.75,4.0,0.0,0.0,0.0,0.0,0.0,0.0,0.0,0.0,0.0,0.0,0.0,0.0,0.0,0.0,0.0,0.0,0.0,0.0,0.0,0.0
522.0,1.0,16.346401609124275,15.120157976419481,16.60664043953513,17.52187712384987,17.318516991014263,18.18648834874468,17.72114291702089,18.62832950050937,18.516579901123006,17.3146899228781,1.0,1.0,1.0,1.0,1.0,1.0,1.0,1.0,1.0,1.0
522.25,2.0,14.490437113418567,15.435079942708523,17.366218562530246,16.441459293108476,15.734919332062098,16.095128782236948,16.650192938412165,16.715691246715217,16.519213758222442,16.771306037446077,1.0,1.0,1.0,1.0,1.0,1.0,1.0,1.0,1.0,1.0
522.5,3.0,0.0,0.0,0.0,0.0,0.0,0.0,0.0,0.0,0.0,0.0,0.0,0.0,0.0,0.0,0.0,0.0,0.0,0.0,0.0,0.0
522.75,4.0,15.284714069034877,13.873699385406116,17.377980857421143,18.19026602453348,18.44205677166695,19.922964335437197,20.092486458608896,19.354712065050418,19.776378189532974,20.562671899602964,1.0,1.0,1.0,1.0,1.0,1.0,1.0,1.0,1.0,1.0
523.0,1.0,16.156614880915726,15.936220287027627,17.627193014172608,17.219526013579557,17.520644472004687,17.819228744056172,17.93546467633836,18.220044154038295,18.07976356788736,17.489122865162564,1.0,1.0,1.0,1.0,1.0,1.0,1.0,1.0,1.0,1.0
523.25,2.0,0.0,0.0,0.0,0.0,0.0,0.0,0.0,0.0,0.0,0.0,0.0,0.0,0.0,0.0,0.0,0.0,0.0,0.0,0.0,0.0
523.5,3.0,18.062188380401906,17.573833588695674,18.36777934517381,17.30405238910253,16.77714739811941,17.70206149420549,16.896510800921906,16.841681875035945,15.881264477825221,15.59324252852583,1.0,1.0,1.0,1.0,1.0,1.0,1.0,1.0,1.0,1.0
523.75,4.0,14.782952768260865,14.852196606316138,17.23532817995854,18.371657117826437,19.00707432076466,19.95877480031687,19.63734699782972,18.611526548501708,18.534283039397213,19.86270177360773,1.0,1.0,1.0,1.0,1.0,1.0,1.0,1.0,1.0,1.0
524.0,1.0,17.05381213839373,16.368109296308003,17.550064519552414,17.22406640292681,18.337288392620867,18.63880443500158,18.848880260051242,19.704660884300264,18.6586904125922,18.728563490421728,1.0,1.0,1.0,1.0,1.0,1.0,1.0,1.0,1.0,1.0
524.25,2.0,15.259546637764723,16.238787438909753,16.39693279698488,15.187342951968446,16.478489165572732,17.407454925128484,17.46545513302895,17.61425686931611,17.368612322606204,16.702648417267447,1.0,1.0,1.0,1.0,1.0,1.0,1.0,1.0,1.0,1.0
524.5,3.0,0.0,0.0,0.0,0.0,0.0,0.0,0.0,0.0,0.0,0.0,0.0,0.0,0.0,0.0,0.0,0.0,0.0,0.0,0.0,0.0
524.75,4.0,15.232961950025349,15.788993841699643,17.94764456363456,18.87446945173475,17.58965569415971,18.353293745020753,17.212763233482143,17.83150055939074,17.517824628978072,19.735492680094982,1.0,1.0,1.0,1.0,1.0,1.0,1.0,1.0,1.0,1.0
525.0,1.0,17.113781335172252,16.402990737546027,17.337722189144404,17.317192518594748,18.763294744206956,19.84765959518153,20.74055271207642,20.71158314947267,19.694774317681375,19.610716981530416,1.0,1.0,1.0,1.0,1.0,1.0,1.0,1.0,1.0,1.0
525.25,2.0,0.0,0.0,0.0,0.0,0.0,0.0,0.0,0.0,0.0,0.0,0.0,0.0,0.0,0.0,0.0,0.0,0.0,0.0,0.0,0.0
525.5,3.0,18.263884237138694,18.45855871369195,18.91176329188308,17.073529186062125,16.78709437970287,15.682923781357509,15.323595143500803,15.451018949460295,16.46565854119866,16.705476610512342,1.0,1.0,1.0,1.0,1.0,1.0,1.0,1.0,1.0,1.0
525.75,4.0,15.625840640054419,15.721137499446684,18.385813573913655,19.051405046589636,18.103004430650916,19.54975012160242,19.348354130313012,18.5970034731784,18.16995746205701,20.234514124328243,1.0,1.0,1.0,1.0,1.0,1.0,1.0,1.0,1.0,1.0
526.0,1.0,0.0,0.0,0.0,0.0,0.0,0.0,0.0,0.0,0.0,0.0,0.0,0.0,0.0,0.0,0.0,0.0,0.0,0.0,0.0,0.0
526.25,2.0,0.0,0.0,0.0,0.0,0.0,0.0,0.0,0.0,0.0,0.0,0.0,0.0,0.0,0.0,0.0,0.0,0.0,0.0,0.0,0.0
526.5,3.0,17.335264199640825,17.26093918365185,17.853787267506416,16.596970173324006,15.902761375228328,15.341601040273469,15.038292967388836,15.4708604956111,16.041235930905607,15.548509516459541,1.0,1.0,1.0,1.0,1.0,1.0,1.0,1.0,1.0,1.0
526.75,4.0,0.0,0.0,0.0,0.0,0.0,0.0,0.0,0.0,0.0,0.0,0.0,0.0,0.0,0.0,0.0,0.0,0.0,0.0,0.0,0.0
527.0,1.0,16.421686319191913,17.108239079902752,19.268683064159433,19.80780199625429,19.866360562794224,19.69402569690242,20.10599655244699,20.655207845392933,19.654962165729877,19.668733141432277,1.0,1.0,1.0,1.0,1.0,1.0,1.0,1.0,1.0,1.0
527.25,2.0,15.844841929215065,15.936176081587888,16.598300748161865,17.768401562324684,17.704086090590025,17.184457103870276,17.187150318972954,16.750285904240744,16.589546221783866,15.466487297532325,1.0,1.0,1.0,1.0,1.0,1.0,1.0,1.0,1.0,1.0
527.5,3.0,0.0,0.0,0.0,0.0,0.0,0.0,0.0,0.0,0.0,0.0,0.0,0.0,0.0,0.0,0.0,0.0,0.0,0.0,0.0,0.0
527.75,4.0,16.44611488886023,17.33806837298459,18.693276514991123,18.494516628198735,19.436671060689196,20.809105459912832,20.674949643040943,20.017414413700944,20.427692613368684,21.920190928539718,1.0,1.0,1.0,1.0,1.0,1.0,1.0,1.0,1.0,1.0
528.0,1.0,16.358079024427557,17.425482576026685,19.637582438359704,19.920941234901413,19.81224596552342,20.145269512716347,21.070557873400993,20.803932953712934,20.300199201713,20.646374356024083,1.0,1.0,1.0,1.0,1.0,1.0,1.0,1.0,1.0,1.0
528.25,2.0,0.0,0.0,0.0,0.0,0.0,0.0,0.0,0.0,0.0,0.0,0.0,0.0,0.0,0.0,0.0,0.0,0.0,0.0,0.0,0.0
528.5,3.0,17.85208689237561,17.06773699341871,16.730647383030284,16.51866908400344,16.344597126436124,15.378272826257295,13.49959722879963,12.793128839378372,12.821947416215743,13.254226779105176,1.0,1.0,1.0,1.0,1.0,1.0,1.0,1.0,1.0,1.0
528.75,4.0,18.274861036347858,18.099113720077696,19.29054455425903,20.433544484398677,21.81790745010841,22.033070408892726,21.445725656840644,21.317657070456388,21.137067267105728,21.008919886833336,1.0,1.0,1.0,1.0,1.0,1.0,1.0,1.0,1.0,1.0
529.0,1.0,0.0,0.0,0.0,0.0,0.0,0.0,0.0,0.0,0.0,0.0,0.0,0.0,0.0,0.0,0.0,0.0,0.0,0.0,0.0,0.0
529.25,2.0,16.61380647504739,16.77433177367859,16.88351605562806,17.253535373041867,16.65665348553231,16.71254747413277,17.35427036430472,17.49940641677538,16.848725456244782,16.509779624273378,1.0,1.0,1.0,1.0,1.0,1.0,1.0,1.0,1.0,1.0
529.5,3.0,0.0,0.0,0.0,0.0,0.0,0.0,0.0,0.0,0.0,0.0,0.0,0.0,0.0,0.0,0.0,0.0,0.0,0.0,0.0,0.0
529.75,4.0,0.0,0.0,0.0,0.0,0.0,0.0,0.0,0.0,0.0,0.0,0.0,0.0,0.0,0.0,0.0,0.0,0.0,0.0,0.0,0.0
530.0,1.0,17.484894305035038,16.931860944060414,18.034601757261033,19.075350673353554,19.03153063511319,19.93330081971592,20.03057738333666,20.17023748624107,19.902592191052168,19.665463467772266,1.0,1.0,1.0,1.0,1.0,1.0,1.0,1.0,1.0,1.0
530.25,2.0,17.08159618073204,17.213935073815616,17.93445945387139,17.19000017294993,16.827252792124572,17.42162293378579,18.537549547077337,17.217090872004082,16.900057410531094,17.181803753140844,1.0,1.0,1.0,1.0,1.0,1.0,1.0,1.0,1.0,1.0
530.5,3.0,18.754482803754524,18.56872463304601,17.91030058211488,16.55602675005041,13.939474077238946,12.326045098148885,10.74335348968881,10.936562346248284,11.865290586229856,12.554229798110105,1.0,1.0,1.0,1.0,1.0,1.0,1.0,1.0,1.0,1.0
530.75,4.0,19.193711259082924,18.62075729549775,19.9926138854083,20.90537521390284,22.468269196590377,21.997519147593252,21.213168535588757,21.111501138048627,21.059932531784877,21.059521184383673,1.0,1.0,1.0,1.0,1.0,1.0,1.0,1.0,1.0,1.0
531.0,1.0,16.669985940059703,17.182602975436584,18.898394007715453,18.657104720785238,18.404762310186605,19.424686345312367,20.084094555102695,19.827793196736142,19.583158377507036,19.198553370774317,1.0,1.0,1.0,1.0,1.0,1.0,1.0,1.0,1.0,1.0
531.25,2.0,0.0,0.0,0.0,0.0,0.0,0.0,0.0,0.0,0.0,0.0,0.0,0.0,0.0,0.0,0.0,0.0,0.0,0.0,0.0,0.0
531.5,3.0,19.64542092148153,19.171064993249185,17.973082962790084,15.435712565040054,13.286402156837482,11.871688720930168,11.60370856520397,11.624175054415465,12.66410766342204,13.490645899727252,1.0,1.0,1.0,1.0,1.0,1.0,1.0,1.0,1.0,1.0
531.75,4.0,19.869902889977986,19.752702871827093,20.98850426558691,21.866476056262552,21.4253880347301,21.913634638937395,21.058750203027667,20.837439553131127,21.336604605164588,21.230768901129196,1.0,1.0,1.0,1.0,1.0,1.0,1.0,1.0,1.0,1.0
532.0,1.0,17.540786864981254,19.30638216611092,19.58688558619044,18.894088438095512,18.88793316831028,19.50762173647353,19.982397072962197,18.922417038286813,18.40735102658842,18.84189127273606,1.0,1.0,1.0,1.0,1.0,1.0,1.0,1.0,1.0,1.0
532.25,2.0,17.816082934599272,16.05946289065449,16.446032235835336,16.40727572920544,17.69499937797247,18.663280815797233,18.56061816417545,18.016781433100736,17.454871861573213,18.37053103072235,1.0,1.0,1.0,1.0,1.0,1.0,1.0,1.0,1.0,1.0
532.5,3.0,0.0,0.0,0.0,0.0,0.0,0.0,0.0,0.0,0.0,0.0,0.0,0.0,0.0,0.0,0.0,0.0,0.0,0.0,0.0,0.0
532.75,4.0,20.34688404580216,20.11553990764545,22.77637690554773,22.04992891532213,21.044925067542557,22.11078231036186,21.27488015625296,21.73685367424696,21.410527119233365,21.744179879386365,1.0,1.0,1.0,1.0,1.0,1.0,1.0,1.0,1.0,1.0
533.0,1.0,18.48963730488018,19.050520778755057,19.24076358284679,18.959659343749543,19.320217829128964,19.724953052247493,19.419954196328405,18.572383111826294,18.761815553602304,18.630412346524437,1.0,1.0,1.0,1.0,1.0,1.0,1.0,1.0,1.0,1.0
533.25,2.0,0.0,0.0,0.0,0.0,0.0,0.0,0.0,0.0,0.0,0.0,0.0,0.0,0.0,0.0,0.0,0.0,0.0,0.0,0.0,0.0
533.5,3.0,20.941707688841415,20.142104440178112,17.375177440058337,15.174105103388468,14.450217715774379,14.205069553354095,14.369359972597758,14.602335792837438,16.049959797248903,16.281298275710355,1.0,1.0,1.0,1.0,1.0,1.0,1.0,1.0,1.0,1.0
533.75,4.0,21.245817693407044,20.63075848864316,22.2287956864795,21.996765527151634,22.625566821681808,23.753919040735124,22.082781534791625,21.099841708814488,20.034871952409823,20.190624965343403,1.0,1.0,1.0,1.0,1.0,1.0,1.0,1.0,1.0,1.0
534.0,1.0,0.0,0.0,0.0,0.0,0.0,0.0,0.0,0.0,0.0,0.0,0.0,0.0,0.0,0.0,0.0,0.0,0.0,0.0,0.0,0.0
534.25,2.0,17.937570558003763,17.140914760586647,17.70667072374632,18.017224569572285,17.011265264338462,18.61571671402669,19.318664367737867,18.840225476373536,18.363716661728414,18.732984331635695,1.0,1.0,1.0,1.0,1.0,1.0,1.0,1.0,1.0,1.0
534.5,3.0,20.59274749743028,19.776174457844338,17.23662710600583,13.768805808385679,14.225704910205257,15.124196925319467,14.978742258876881,15.98671364404737,16.961444523571917,16.931544491129234,1.0,1.0,1.0,1.0,1.0,1.0,1.0,1.0,1.0,1.0
534.75,4.0,0.0,0.0,0.0,0.0,0.0,0.0,0.0,0.0,0.0,0.0,0.0,0.0,0.0,0.0,0.0,0.0,0.0,0.0,0.0,0.0
535.0,1.0,16.966356527510708,17.79385906597066,18.218906270058696,19.322555850591094,19.24097483697309,19.286326224411184,19.651161118241397,18.5865368075479,18.97177877673661,19.617666031031682,1.0,1.0,1.0,1.0,1.0,1.0,1.0,1.0,1.0,1.0
535.25,2.0,18.350052986844887,18.15083929920699,18.048797863278992,18.673850971330598,18.554555728301757,19.195295590568882,19.73726856058068,18.931841173567516,19.25827010465981,18.656982431927915,1.0,1.0,1.0,1.0,1.0,1.0,1.0,1.0,1.0,1.0
535.5,3.0,0.0,0.0,0.0,0.0,0.0,0.0,0.0,0.0,0.0,0.0,0.0,0.0,0.0,0.0,0.0,0.0,0.0,0.0,0.0,0.0
535.75,4.0,20.212078429961466,19.54336579826173,19.819076879578244,20.49815228867279,20.959176535054535,20.80773443963249,18.591374964980968,18.63978872512865,18.325305886033203,18.44614439674757,1.0,1.0,1.0,1.0,1.0,1.0,1.0,1.0,1.0,1.0
536.0,1.0,17.468669095101582,17.63519209526978,18.873224044703683,18.85792477695733,20.194270050531202,20.302968607701473,20.06594770254473,19.716947234314002,18.762135418290423,20.690594934107065,1.0,1.0,1.0,1.0,1.0,1.0,1.0,1.0,1.0,1.0
536.25,2.0,0.0,0.0,0.0,0.0,0.0,0.0,0.0,0.0,0.0,0.0,0.0,0.0,0.0,0.0,0.0,0.0,0.0,0.0,0.0,0.0
536.5,3.0,19.953436276696273,17.79806382028405,17.14556418221505,15.601559636554173,15.262104508070783,15.64372488436115,15.939891719711179,15.468188626243899,16.911199768181483,16.874652269680148,1.0,1.0,1.0,1.0,1.0,1.0,1.0,1.0,1.0,1.0
536.75,4.0,20.560873933245908,18.92841035499117,19.390398303048844,20.044682237804608,19.16113043748847,19.15117342080918,18.060581960945356,18.949308443410228,19.706821788666335,19.836320662522994,1.0,1.0,1.0,1.0,1.0,1.0,1.0,1.0,1.0,1.0
537.0,1.0,18.812499223108322,16.860654768459668,17.944344937782173,18.47083198055712,19.4619189796915,18.80533243210787,19.4282558732449,19.935813098925934,19.02153515835761,20.814731881851674,1.0,1.0,1.0,1.0,1.0,1.0,1.0,1.0,1.0,1.0
537.25,2.0,19.492718084151583,19.633575757869774,20.537349105646424,19.432125276084303,17.608202206146622,17.318785388661652,17.9339955792815,17.755503732791095,18.043266050858755,18.67326476248872,1.0,1.0,1.0,1.0,1.0,1.0,1.0,1.0,1.0,1.0
537.5,3.0,0.0,0.0,0.0,0.0,0.0,0.0,0.0,0.0,0.0,0.0,0.0,0.0,0.0,0.0,0.0,0.0,0.0,0.0,0.0,0.0
537.75,4.0,19.7036425438823,17.58360981274031,18.749086778951572,17.932722788675136,17.331298940955143,18.017899936559065,17.290327329785846,18.07467921637045,19.749468566205415,18.930517640162545,1.0,1.0,1.0,1.0,1.0,1.0,1.0,1.0,1.0,1.0
538.0,1.0,19.366226016352204,17.903755131891987,17.98154003652227,17.861957005353386,19.029020719607853,19.250051753678864,19.648631419566975,20.111435765806792,19.295659768745832,21.021640822332472,1.0,1.0,1.0,1.0,1.0,1.0,1.0,1.0,1.0,1.0
538.25,2.0,20.828904929998334,19.40446450943817,18.94802914172499,18.55417480193211,17.867748359057803,17.320287674110983,18.08503900978474,18.006749267777185,18.65027012261105,19.327695053208377,1.0,1.0,1.0,1.0,1.0,1.0,1.0,1.0,1.0,1.0
538.5,3.0,17.411503406554107,17.586243581647043,15.612409503267111,14.651025701103977,14.31757638034631,14.344422935157457,16.3743977060585,16.223958407838072,17.28453213110343,17.641069367566807,1.0,1.0,1.0,1.0,1.0,1.0,1.0,1.0,1.0,1.0
538.75,4.0,19.02700724562998,17.398649755874114,18.48588976777304,17.58984557938099,16.683885008548973,18.213022281670998,17.416784410737677,18.458468786420752,18.592329763244102,18.602025262632626,1.0,1.0,1.0,1.0,1.0,1.0,1.0,1.0,1.0,1.0
539.0,1.0,0.0,0.0,0.0,0.0,0.0,0.0,0.0,0.0,0.0,0.0,0.0,0.0,0.0,0.0,0.0,0.0,0.0,0.0,0.0,0.0
539.25,2.0,0.0,0.0,0.0,0.0,0.0,0.0,0.0,0.0,0.0,0.0,0.0,0.0,0.0,0.0,0.0,0.0,0.0,0.0,0.0,0.0
539.5,3.0,17.34739232978188,17.27204126523432,17.12918214156942,15.272721524455497,14.632755223112593,15.258642513148668,17.352695165309914,16.928723850973256,17.860790027360338,17.509936731229622,1.0,1.0,1.0,1.0,1.0,1.0,1.0,1.0,1.0,1.0
539.75,4.0,18.732111585649672,16.81131071359485,18.02374449940899,17.223441701920056,18.65728074070096,18.129294036210034,17.600040640724107,18.009045012888397,18.25620164075715,18.36554422885129,1.0,1.0,1.0,1.0,1.0,1.0,1.0,1.0,1.0,1.0
540.0,1.0,19.113386168089168,19.04281133093459,19.61658815075188,18.945573928118428,20.315807767086643,19.7563304246037,20.314732978619837,20.728089322403967,20.019376289060272,21.6285757152835,1.0,1.0,1.0,1.0,1.0,1.0,1.0,1.0,1.0,1.0
540.25,2.0,19.782415592088412,17.90643915118454,18.76294622148949,18.589446593275408,18.112235337277802,17.82089979585929,19.582590237254212,20.008816807980505,19.763780570968425,20.89131979193497,1.0,1.0,1.0,1.0,1.0,1.0,1.0,1.0,1.0,1.0
540.5,3.0,0.0,0.0,0.0,0.0,0.0,0.0,0.0,0.0,0.0,0.0,0.0,0.0,0.0,0.0,0.0,0.0,0.0,0.0,0.0,0.0
540.75,4.0,17.858852766166727,16.059028426659953,18.498463725390376,19.469847769318587,19.425622183436346,18.676304543685546,18.821671844134645,19.564171542577743,19.898021827429087,20.057368443757433,1.0,1.0,1.0,1.0,1.0,1.0,1.0,1.0,1.0,1.0
541.0,1.0,19.69291366541321,19.072659106330285,19.95887231914354,19.70277449217336,20.325975801972394,19.370536958749273,19.23993970843173,20.48741546525109,20.920571230299615,22.465835924774662,1.0,1.0,1.0,1.0,1.0,1.0,1.0,1.0,1.0,1.0
541.25,2.0,0.0,0.0,0.0,0.0,0.0,0.0,0.0,0.0,0.0,0.0,0.0,0.0,0.0,0.0,0.0,0.0,0.0,0.0,0.0,0.0
541.5,3.0,16.446694238874574,17.208744547087953,17.99433829110928,15.542033763933127,16.790911015524603,17.997578285178644,20.20450337487652,18.65411406180798,19.83201647099202,19.24402386678472,1.0,1.0,1.0,1.0,1.0,1.0,1.0,1.0,1.0,1.0
541.75,4.0,16.575417611276965,15.349520440084886,19.30485999145375,19.598979460470993,18.862795500164584,19.72395098634009,19.185898835406164,20.329083208817963,22.14780758786084,22.717740915494304,1.0,1.0,1.0,1.0,1.0,1.0,1.0,1.0,1.0,1.0
542.0,1.0,0.0,0.0,0.0,0.0,0.0,0.0,0.0,0.0,0.0,0.0,0.0,0.0,0.0,0.0,0.0,0.0,0.0,0.0,0.0,0.0
542.25,2.0,17.87897964454348,19.30670542590067,19.45077525279779,19.14608401406029,19.965212282697923,18.96349320526741,19.454622199677907,17.827471789421804,18.38474481980837,18.763125861477153,1.0,1.0,1.0,1.0,1.0,1.0,1.0,1.0,1.0,1.0
542.5,3.0,16.529042632492363,18.491862829716837,17.893369001451966,17.841458463979198,18.917839772689792,18.97566839845618,19.39156441477131,19.60258164420258,20.514685748555113,20.329953644474227,1.0,1.0,1.0,1.0,1.0,1.0,1.0,1.0,1.0,1.0
542.75,4.0,0.0,0.0,0.0,0.0,0.0,0.0,0.0,0.0,0.0,0.0,0.0,0.0,0.0,0.0,0.0,0.0,0.0,0.0,0.0,0.0
543.0,1.0,18.65198967636405,19.566702472388208,19.28683788888974,18.023269236058564,18.74097468330282,19.5911744319451,20.090904705308812,20.315220006723916,20.24058411354183,21.859732301094056,1.0,1.0,1.0,1.0,1.0,1.0,1.0,1.0,1.0,1.0
543.25,2.0,18.303778239317516,18.938723016412663,19.64343662468177,19.390220183367514,19.577636201280658,18.534711470606144,18.885518331361073,18.03643842140977,18.13847572949824,17.536234172983374,1.0,1.0,1.0,1.0,1.0,1.0,1.0,1.0,1.0,1.0
543.5,3.0,0.0,0.0,0.0,0.0,0.0,0.0,0.0,0.0,0.0,0.0,0.0,0.0,0.0,0.0,0.0,0.0,0.0,0.0,0.0,0.0
543.75,4.0,17.480806064124277,17.88942015831333,19.654248795309837,18.694666186476155,20.274276401500476,21.597255459265725,22.174599862143445,23.02949458820388,23.809960865625573,23.343465203788213,1.0,1.0,1.0,1.0,1.0,1.0,1.0,1.0,1.0,1.0
544.0,1.0,18.388342508413608,18.19456956442238,17.925867610281355,17.775575774740485,19.35591637377922,20.236797591976817,20.570949643362287,20.693462398386107,20.8796942169739,21.78853032959331,1.0,1.0,1.0,1.0,1.0,1.0,1.0,1.0,1.0,1.0
544.25,2.0,0.0,0.0,0.0,0.0,0.0,0.0,0.0,0.0,0.0,0.0,0.0,0.0,0.0,0.0,0.0,0.0,0.0,0.0,0.0,0.0
544.5,3.0,17.3684411682619,18.217973772614787,20.141050997692865,19.740269453966572,18.914274898191195,17.825995547104423,18.033041297473872,18.176373142541202,19.33613823600246,18.53146321945214,1.0,1.0,1.0,1.0,1.0,1.0,1.0,1.0,1.0,1.0
544.75,4.0,18.252191029808557,18.29275332553818,19.046937986849773,19.779480230881468,21.348865024939496,22.041030300810434,21.592831900820883,21.680538463778362,22.725973494349535,23.170744850121874,1.0,1.0,1.0,1.0,1.0,1.0,1.0,1.0,1.0,1.0
545.0,1.0,17.279002361596838,16.948788774597432,17.483009099706535,18.203700568583074,20.293321384092206,21.280518320279956,20.95032781491044,20.711111724559874,20.520253282819436,22.396758771084492,1.0,1.0,1.0,1.0,1.0,1.0,1.0,1.0,1.0,1.0
545.25,2.0,18.945233885521613,18.770896874006482,20.165134078558253,20.31129939499128,19.51826003828447,19.23750276774333,18.727364189008842,17.87746756024958,17.810578725823508,17.766105387490736,1.0,1.0,1.0,1.0,1.0,1.0,1.0,1.0,1.0,1.0
545.5,3.0,0.0,0.0,0.0,0.0,0.0,0.0,0.0,0.0,0.0,0.0,0.0,0.0,0.0,0.0,0.0,0.0,0.0,0.0,0.0,0.0
545.75,4.0,19.392411822330615,18.669156597167127,19.411454763300252,21.118492180359922,23.04165599661813,23.249071386198146,21.7651385816243,22.361376706218028,21.646905567871872,21.310202639782965,1.0,1.0,1.0,1.0,1.0,1.0,1.0,1.0,1.0,1.0
546.0,1.0,17.918053125958828,16.583840424233014,18.501977058609597,19.65244354223911,20.855231635044195,21.145967413342714,21.480054824203833,20.78835304911534,21.424277918518765,22.910395213808368,1.0,1.0,1.0,1.0,1.0,1.0,1.0,1.0,1.0,1.0
546.25,2.0,20.050639263031353,20.02704793826376,21.24022541387716,21.43595358140305,19.73608002712198,18.58002944704934,17.95421106706411,17.876308241513453,18.690343878513577,19.02365616697595,1.0,1.0,1.0,1.0,1.0,1.0,1.0,1.0,1.0,1.0
546.5,3.0,17.96557060804136,18.377876630717296,20.216681626637513,19.634794080796368,18.790939893749968,17.64161437578264,17.287845253358547,16.849097653455086,18.081520091649157,18.318524240744562,1.0,1.0,1.0,1.0,1.0,1.0,1.0,1.0,1.0,1.0
546.75,4.0,18.58163120555378,18.894477301299386,20.658958347163395,21.697579130364314,22.358837713740886,22.254211514767245,20.917787616367168,20.520044688188264,20.235263882619147,20.02288072982668,1.0,1.0,1.0,1.0,1.0,1.0,1.0,1.0,1.0,1.0
547.0,1.0,0.0,0.0,0.0,0.0,0.0,0.0,0.0,0.0,0.0,0.0,0.0,0.0,0.0,0.0,0.0,0.0,0.0,0.0,0.0,0.0
547.25,2.0,0.0,0.0,0.0,0.0,0.0,0.0,0.0,0.0,0.0,0.0,0.0,0.0,0.0,0.0,0.0,0.0,0.0,0.0,0.0,0.0
547.5,3.0,17.69990343675448,18.422916243842923,19.375982559741537,19.238636315907737,19.2938505425954,17.83790495025594,17.356357781538886,17.51015150218981,18.916067232672777,19.39541676400095,1.0,1.0,1.0,1.0,1.0,1.0,1.0,1.0,1.0,1.0
547.75,4.0,0.0,0.0,0.0,0.0,0.0,0.0,0.0,0.0,0.0,0.0,0.0,0.0,0.0,0.0,0.0,0.0,0.0,0.0,0.0,0.0
548.0,1.0,18.021896713990152,19.17298637270911,20.948139683442573,22.499939798782652,22.128868244358298,22.98121582718138,22.102920965979525,22.785798530726737,23.140362029308065,23.640123645847837,1.0,1.0,1.0,1.0,1.0,1.0,1.0,1.0,1.0,1.0
548.25,2.0,20.253299580535998,20.016984072177696,20.78783697258144,21.536211635765255,18.817891552144292,18.586837812903465,18.510598820811214,19.10926488138001,19.03031715111227,19.243436736170345,1.0,1.0,1.0,1.0,1.0,1.0,1.0,1.0,1.0,1.0
548.5,3.0,0.0,0.0,0.0,0.0,0.0,0.0,0.0,0.0,0.0,0.0,0.0,0.0,0.0,0.0,0.0,0.0,0.0,0.0,0.0,0.0
548.75,4.0,20.005616138122598,20.67563211442226,21.61704740790208,22.101321705318888,22.06101498529203,19.87698984258589,19.251817298848202,19.981574076218873,19.304926382503616,20.30241015962789,1.0,1.0,1.0,1.0,1.0,1.0,1.0,1.0,1.0,1.0
549.0,1.0,18.706281206328782,19.951472363048126,22.496761619030895,22.29464415195679,22.918742226596226,23.192875018110307,22.483521930337687,22.809533189370182,22.261373923809288,22.65595799599772,1.0,1.0,1.0,1.0,1.0,1.0,1.0,1.0,1.0,1.0
549.25,2.0,0.0,0.0,0.0,0.0,0.0,0.0,0.0,0.0,0.0,0.0,0.0,0.0,0.0,0.0,0.0,0.0,0.0,0.0,0.0,0.0
549.5,3.0,19.28187173582077,19.340665533143564,19.752434562655292,19.653201539655853,20.872572536181956,19.86070063930531,19.97071262268085,19.553764814711993,20.14464856688285,19.22017291566094,1.0,1.0,1.0,1.0,1.0,1.0,1.0,1.0,1.0,1.0
549.75,4.0,21.29398038884971,21.4319708706964,22.220587978404772,21.52271089576163,20.435544731145477,19.058403835208885,18.361682503312863,18.943143781480657,19.120555379207076,20.605735629201607,1.0,1.0,1.0,1.0,1.0,1.0,1.0,1.0,1.0,1.0
550.0,1.0,0.0,0.0,0.0,0.0,0.0,0.0,0.0,0.0,0.0,0.0,0.0,0.0,0.0,0.0,0.0,0.0,0.0,0.0,0.0,0.0
550.25,2.0,20.61793498392694,21.596815492289615,20.929571144654517,20.080517125899046,18.373249116962903,17.99192912061912,18.213249661752116,18.606606330865898,18.221958271769058,17.90059391381364,1.0,1.0,1.0,1.0,1.0,1.0,1.0,1.0,1.0,1.0
550.5,3.0,0.0,0.0,0.0,0.0,0.0,0.0,0.0,0.0,0.0,0.0,0.0,0.0,0.0,0.0,0.0,0.0,0.0,0.0,0.0,0.0
550.75,4.0,0.0,0.0,0.0,0.0,0.0,0.0,0.0,0.0,0.0,0.0,0.0,0.0,0.0,0.0,0.0,0.0,0.0,0.0,0.0,0.0
551.0,1.0,20.660726386744994,20.930831915129087,22.883223775626533,22.167695811881718,24.088699980675333,23.91540082162794,22.65051353459417,22.17651584164233,22.090535012708763,20.64563633391582,1.0,1.0,1.0,1.0,1.0,1.0,1.0,1.0,1.0,1.0
551.25,2.0,21.368101942125445,21.343942019326033,19.36629026545492,19.352131208322948,17.82265737037805,17.021069741448073,16.450515307280316,17.15738855196114,18.17278659229615,17.76530263515072,1.0,1.0,1.0,1.0,1.0,1.0,1.0,1.0,1.0,1.0
551.5,3.0,0.0,0.0,0.0,0.0,0.0,0.0,0.0,0.0,0.0,0.0,0.0,0.0,0.0,0.0,0.0,0.0,0.0,0.0,0.0,0.0
551.75,4.0,21.50733258177155,21.759530254750935,21.310183100196735,20.62038243813246,20.14853253687887,20.422918005827636,19.70840977045305,20.464684022062187,20.10700678794776,20.60314040095679,1.0,1.0,1.0,1.0,1.0,1.0,1.0,1.0,1.0,1.0
552.0,1.0,20.448432953772212,20.893288206224717,22.642721464116747,23.193704658741108,23.13063617105095,22.578007412639217,21.88265205555852,21.372055588859375,21.844782670158075,21.331454770800896,1.0,1.0,1.0,1.0,1.0,1.0,1.0,1.0,1.0,1.0
552.25,2.0,0.0,0.0,0.0,0.0,0.0,0.0,0.0,0.0,0.0,0.0,0.0,0.0,0.0,0.0,0.0,0.0,0.0,0.0,0.0,0.0
552.5,3.0,20.8010495081867,21.180243168389016,21.14490119850587,21.83139329151091,19.34648517909452,17.94917373032608,17.297826656880748,16.762112072311925,17.480218755817248,18.652169604380546,1.0,1.0,1.0,1.0,1.0,1.0,1.0,1.0,1.0,1.0
552.75,4.0,22.057891968606448,22.560461129294502,22.37740539506168,20.2209246364388,21.10808456271345,21.76826311377984,21.326374687188856,21.61676866020038,20.30100781511168,21.176039941741543,1.0,1.0,1.0,1.0,1.0,1.0,1.0,1.0,1.0,1.0
553.0,1.0,20.9934932206364,20.696674684068086,22.173729377248378,21.652859996216115,22.525175961347326,22.215845980705584,21.56307948654261,22.047808185079017,22.79474148533211,21.801800742380276,1.0,1.0,1.0,1.0,1.0,1.0,1.0,1.0,1.0,1.0
553.25,2.0,20.82426178228151,18.750630285136285,19.19799637306856,19.396195416195077,18.44411764581036,18.123860626946023,18.538738663025747,18.173846729366414,18.631213384529655,18.868591118698923,1.0,1.0,1.0,1.0,1.0,1.0,1.0,1.0,1.0,1.0
553.5,3.0,0.0,0.0,0.0,0.0,0.0,0.0,0.0,0.0,0.0,0.0,0.0,0.0,0.0,0.0,0.0,0.0,0.0,0.0,0.0,0.0
553.75,4.0,23.149304223573836,23.321484855806204,22.87066352580245,21.399478359871537,21.481476872503944,21.925009647630635,21.300273460586087,21.00956912510975,20.710121903738873,22.035264970711754,1.0,1.0,1.0,1.0,1.0,1.0,1.0,1.0,1.0,1.0
554.0,1.0,20.965297969312136,19.75297818580703,21.285217440181963,22.381520943214436,22.10781874250508,21.401774379352304,20.766825358719196,20.651892776734858,21.324846713188563,21.070862344035195,1.0,1.0,1.0,1.0,1.0,1.0,1.0,1.0,1.0,1.0
554.25,2.0,0.0,0.0,0.0,0.0,0.0,0.0,0.0,0.0,0.0,0.0,0.0,0.0,0.0,0.0,0.0,0.0,0.0,0.0,0.0,0.0
554.5,3.0,20.287286910830787,21.500055229808744,20.89777044827947,20.448433993881096,19.622590341844404,19.522876911251597,20.035944373405755,19.855125228354034,19.860138587250365,19.390421814231196,1.0,1.0,1.0,1.0,1.0,1.0,1.0,1.0,1.0,1.0
554.75,4.0,24.053327764225674,23.318109192336827,23.76066204998646,22.286300821071848,22.645180955870156,20.790747083612366,21.514351258560804,20.892099825539052,20.721571951987762,21.260975991226402,1.0,1.0,1.0,1.0,1.0,1.0,1.0,1.0,1.0,1.0
555.0,1.0,0.0,0.0,0.0,0.0,0.0,0.0,0.0,0.0,0.0,0.0,0.0,0.0,0.0,0.0,0.0,0.0,0.0,0.0,0.0,0.0
555.25,2.0,0.0,0.0,0.0,0.0,0.0,0.0,0.0,0.0,0.0,0.0,0.0,0.0,0.0,0.0,0.0,0.0,0.0,0.0,0.0,0.0
555.5,3.0,20.965934334202203,22.490397594222934,20.66995032766624,20.62034256660263,20.594291586270106,19.52654225384535,19.98618091180877,19.52714537523272,19.269349429315493,19.458711617259556,1.0,1.0,1.0,1.0,1.0,1.0,1.0,1.0,1.0,1.0
555.75,4.0,0.0,0.0,0.0,0.0,0.0,0.0,0.0,0.0,0.0,0.0,0.0,0.0,0.0,0.0,0.0,0.0,0.0,0.0,0.0,0.0
556.0,1.0,20.957266055947798,20.806655032555238,21.989072621235035,22.014180610861345,20.095155240488822,19.71462871639472,20.32130309709616,20.244144033619644,21.13566012871465,21.889298608566314,1.0,1.0,1.0,1.0,1.0,1.0,1.0,1.0,1.0,1.0
556.25,2.0,20.712084306674267,20.16254617993563,19.39840824172783,18.986652525208164,18.09548387320341,16.813464282549745,16.34687764624826,16.26867643456836,17.19121126378849,18.185353617612417,1.0,1.0,1.0,1.0,1.0,1.0,1.0,1.0,1.0,1.0
556.5,3.0,0.0,0.0,0.0,0.0,0.0,0.0,0.0,0.0,0.0,0.0,0.0,0.0,0.0,0.0,0.0,0.0,0.0,0.0,0.0,0.0
556.75,4.0,24.748534519983554,23.851353827086033,23.24112436975498,22.119417453817693,21.075817906255697,20.044894786221107,20.25470416033432,20.22810184035601,19.97057076248004,20.709151376780763,1.0,1.0,1.0,1.0,1.0,1.0,1.0,1.0,1.0,1.0
557.0,1.0,20.72440214444451,21.004168057801976,21.668136831347894,21.943232977118132,20.023170746040343,19.462760243381485,19.77452293131199,19.943027616649253,19.88203682875632,20.944255191593545,1.0,1.0,1.0,1.0,1.0,1.0,1.0,1.0,1.0,1.0
557.25,2.0,0.0,0.0,0.0,0.0,0.0,0.0,0.0,0.0,0.0,0.0,0.0,0.0,0.0,0.0,0.0,0.0,0.0,0.0,0.0,0.0
557.5,3.0,21.955915011629934,21.53971634962066,19.43255218776573,18.723386699237093,19.007077274733067,18.91893821647067,18.448823008427148,18.100434952873194,17.229955701157607,18.117508972976125,1.0,1.0,1.0,1.0,1.0,1.0,1.0,1.0,1.0,1.0
557.75,4.0,23.902371334741808,24.7041244361678,23.17989214149496,23.08536154050911,21.371788479670215,19.96733299883701,20.990228605001157,20.263003075324686,19.164820129798823,19.25417441315954,1.0,1.0,1.0,1.0,1.0,1.0,1.0,1.0,1.0,1.0
558.0,1.0,0.0,0.0,0.0,0.0,0.0,0.0,0.0,0.0,0.0,0.0,0.0,0.0,0.0,0.0,0.0,0.0,0.0,0.0,0.0,0.0
558.25,2.0,20.676033969041196,20.63292746022163,19.743115294895727,17.09781068511085,15.740452492243756,16.617035291352366,17.173676378515495,17.940681030196718,18.564295550667094,19.193945215709988,1.0,1.0,1.0,1.0,1.0,1.0,1.0,1.0,1.0,1.0
558.5,3.0,0.0,0.0,0.0,0.0,0.0,0.0,0.0,0.0,0.0,0.0,0.0,0.0,0.0,0.0,0.0,0.0,0.0,0.0,0.0,0.0
558.75,4.0,0.0,0.0,0.0,0.0,0.0,0.0,0.0,0.0,0.0,0.0,0.0,0.0,0.0,0.0,0.0,0.0,0.0,0.0,0.0,0.0
559.0,1.0,20.971228697657715,20.791947659171463,20.91760442650234,21.44331682140202,20.32702229199094,19.679564266659234,20.518620209040815,21.308046365669554,21.688607861341374,21.848775955119546,1.0,1.0,1.0,1.0,1.0,1.0,1.0,1.0,1.0,1.0
559.25,2.0,21.466970460363836,21.547679287755276,19.535217477362753,15.953546706777969,15.346527245423871,17.23741656807068,18.45376034060418,19.63247196465,19.619277576042055,19.92882626412579,1.0,1.0,1.0,1.0,1.0,1.0,1.0,1.0,1.0,1.0
559.5,3.0,0.0,0.0,0.0,0.0,0.0,0.0,0.0,0.0,0.0,0.0,0.0,0.0,0.0,0.0,0.0,0.0,0.0,0.0,0.0,0.0
559.75,4.0,24.220868922528275,23.08280018643794,20.286256375352426,19.04484140632266,18.521348096048577,18.986444601941027,19.483445578002893,18.050022861854107,16.944277927253417,18.351988042629333,1.0,1.0,1.0,1.0,1.0,1.0,1.0,1.0,1.0,1.0
560.0,1.0,20.478211254116594,21.557701291020265,21.29178062542452,20.54724894951433,18.80999562947455,18.374892622652496,19.138099483195305,19.568751342571858,19.68588397356839,20.412257300733437,1.0,1.0,1.0,1.0,1.0,1.0,1.0,1.0,1.0,1.0
560.25,2.0,0.0,0.0,0.0,0.0,0.0,0.0,0.0,0.0,0.0,0.0,0.0,0.0,0.0,0.0,0.0,0.0,0.0,0.0,0.0,0.0
560.5,3.0,22.833884427197198,21.940887415824655,18.434129809304608,18.90899669685318,20.525780609297662,17.76352023677602,16.524597849407765,16.355135276771787,15.842543530295075,15.822310585261842,1.0,1.0,1.0,1.0,1.0,1.0,1.0,1.0,1.0,1.0
560.75,4.0,22.780327506726273,21.292813445010715,20.18366644448844,19.026873411933504,19.540883542298626,19.30007949643728,18.307967636088428,18.12422841313366,17.56114967754064,17.617137884510555,1.0,1.0,1.0,1.0,1.0,1.0,1.0,1.0,1.0,1.0
561.0,1.0,19.895001252497345,20.804876783740017,21.01489188342404,19.2496702288205,18.472323395057916,18.298368581243963,19.032913312019403,19.25100992075121,19.346098043468476,18.973281621832548,1.0,1.0,1.0,1.0,1.0,1.0,1.0,1.0,1.0,1.0
561.25,2.0,23.25658136228636,20.764100012950834,20.17136661398565,18.06949103750094,17.866765293542997,17.96246604780029,17.200571683234003,18.209351392250706,17.982847861444583,18.491192959492142,1.0,1.0,1.0,1.0,1.0,1.0,1.0,1.0,1.0,1.0
561.5,3.0,0.0,0.0,0.0,0.0,0.0,0.0,0.0,0.0,0.0,0.0,0.0,0.0,0.0,0.0,0.0,0.0,0.0,0.0,0.0,0.0
561.75,4.0,21.475008734328135,20.089274492924115,19.309331858131657,18.694248558897666,19.60045207377892,18.908354764715707,18.175936364841824,17.60202713245261,17.860780306970103,17.32111667062613,1.0,1.0,1.0,1.0,1.0,1.0,1.0,1.0,1.0,1.0
562.0,1.0,21.139043356909212,20.86262301611891,19.810286179237487,18.062576733896275,18.079194434521344,16.86630969586142,17.895999504067426,18.023827180603128,17.740095270567352,18.00178077383772,1.0,1.0,1.0,1.0,1.0,1.0,1.0,1.0,1.0,1.0
562.25,2.0,0.0,0.0,0.0,0.0,0.0,0.0,0.0,0.0,0.0,0.0,0.0,0.0,0.0,0.0,0.0,0.0,0.0,0.0,0.0,0.0
562.5,3.0,19.14132566848741,18.56145060835597,17.862417643988962,17.39831168387856,17.506150066976097,16.073572594314232,16.112509307261927,16.363333195834283,15.94228370768635,16.29957361999597,1.0,1.0,1.0,1.0,1.0,1.0,1.0,1.0,1.0,1.0
562.75,4.0,19.868248793486117,18.730353501385455,19.619625483270124,18.992153647657442,18.769640312374907,18.820435913264628,17.868058954925875,17.18850919007912,17.688489547535955,18.16265028537954,1.0,1.0,1.0,1.0,1.0,1.0,1.0,1.0,1.0,1.0
563.0,1.0,0.0,0.0,0.0,0.0,0.0,0.0,0.0,0.0,0.0,0.0,0.0,0.0,0.0,0.0,0.0,0.0,0.0,0.0,0.0,0.0
563.25,2.0,0.0,0.0,0.0,0.0,0.0,0.0,0.0,0.0,0.0,0.0,0.0,0.0,0.0,0.0,0.0,0.0,0.0,0.0,0.0,0.0
563.5,3.0,18.400396471211387,17.82070384593873,17.958986125624616,18.291716148141514,17.478874415563297,16.346622792211637,16.51574413588254,16.645055335154744,15.76828566156633,16.60130462356619,1.0,1.0,1.0,1.0,1.0,1.0,1.0,1.0,1.0,1.0
563.75,4.0,0.0,0.0,0.0,0.0,0.0,0.0,0.0,0.0,0.0,0.0,0.0,0.0,0.0,0.0,0.0,0.0,0.0,0.0,0.0,0.0
564.0,1.0,20.90924636459561,19.501963599880597,18.237331045931995,17.93032193966772,18.029011129531387,17.723168379088804,18.992056816150633,18.734324331513076,19.43748009163917,19.94715336507807,1.0,1.0,1.0,1.0,1.0,1.0,1.0,1.0,1.0,1.0
564.25,2.0,21.362875516352048,20.01020369661693,20.12033847278507,18.84117179764046,18.773232599901398,18.14650365179931,17.240611884385622,16.409042019519028,16.684924611504123,16.14517498882682,1.0,1.0,1.0,1.0,1.0,1.0,1.0,1.0,1.0,1.0
564.5,3.0,0.0,0.0,0.0,0.0,0.0,0.0,0.0,0.0,0.0,0.0,0.0,0.0,0.0,0.0,0.0,0.0,0.0,0.0,0.0,0.0
564.75,4.0,19.62445751622355,17.48208325523475,17.280473491702356,17.76676090825986,17.368726516179958,16.935191629653463,17.44381028704481,17.59991506782598,18.374336046972033,18.930450082442146,1.0,1.0,1.0,1.0,1.0,1.0,1.0,1.0,1.0,1.0
565.0,1.0,20.57100673618755,18.166726444176703,17.67949370501274,17.43698513990651,17.68521933060617,18.064361953640425,18.953076378279036,18.821024166027357,20.090897565387845,20.653183079022856,1.0,1.0,1.0,1.0,1.0,1.0,1.0,1.0,1.0,1.0
565.25,2.0,0.0,0.0,0.0,0.0,0.0,0.0,0.0,0.0,0.0,0.0,0.0,0.0,0.0,0.0,0.0,0.0,0.0,0.0,0.0,0.0
565.5,3.0,18.312716373012343,18.565459471580827,17.99582915000869,17.32445892384291,16.857100623658656,16.023559808164265,15.98209042000894,16.07603458492094,16.509153344145904,16.217410291299235,1.0,1.0,1.0,1.0,1.0,1.0,1.0,1.0,1.0,1.0
565.75,4.0,18.20853655778722,16.067107684292093,16.578242677171527,17.680893408587742,17.14315576954854,18.247651130521845,19.615272320168057,20.17809887211657,21.357181894612282,20.815436970318565,1.0,1.0,1.0,1.0,1.0,1.0,1.0,1.0,1.0,1.0
566.0,1.0,0.0,0.0,0.0,0.0,0.0,0.0,0.0,0.0,0.0,0.0,0.0,0.0,0.0,0.0,0.0,0.0,0.0,0.0,0.0,0.0
566.25,2.0,21.949851913944624,20.410619077134044,19.246522396053525,17.96519492140105,17.64988382527483,17.67276373181715,17.529506334362154,17.367017947382763,17.739708271454028,17.35053206584157,1.0,1.0,1.0,1.0,1.0,1.0,1.0,1.0,1.0,1.0
566.5,3.0,0.0,0.0,0.0,0.0,0.0,0.0,0.0,0.0,0.0,0.0,0.0,0.0,0.0,0.0,0.0,0.0,0.0,0.0,0.0,0.0
566.75,4.0,0.0,0.0,0.0,0.0,0.0,0.0,0.0,0.0,0.0,0.0,0.0,0.0,0.0,0.0,0.0,0.0,0.0,0.0,0.0,0.0
567.0,1.0,18.139550268723287,17.917521269103432,18.041393444438157,18.551133507600554,18.41553944545943,18.333900022299012,19.516697663066612,19.46937939043716,19.68490223701795,19.516888205551883,1.0,1.0,1.0,1.0,1.0,1.0,1.0,1.0,1.0,1.0
567.25,2.0,19.571114848871822,19.227347756298613,17.877102790789404,16.52391378975107,17.56159842859436,17.849764680352788,16.98783849436288,17.549410984700256,18.34787933871778,18.19109664614745,1.0,1.0,1.0,1.0,1.0,1.0,1.0,1.0,1.0,1.0
567.5,3.0,17.33619152682734,16.670800232432057,18.372888732879954,18.856169104638173,17.688250662223926,16.591567575617496,17.060674931349258,16.108945115425165,16.61788351432271,16.341274384385006,1.0,1.0,1.0,1.0,1.0,1.0,1.0,1.0,1.0,1.0
567.75,4.0,16.70514454465967,15.882366613366074,17.052379305780306,20.043656626908717,20.430707283772843,20.361985327555683,21.77400401577029,21.328298141003078,21.52937544019216,20.695216969441393,1.0,1.0,1.0,1.0,1.0,1.0,1.0,1.0,1.0,1.0
568.0,1.0,17.99307605205005,18.579712830501435,19.55239546791973,19.437821791241518,18.102005095645634,18.82773020529943,19.34352778000511,19.368000203242065,20.119280786454336,20.056512219635348,1.0,1.0,1.0,1.0,1.0,1.0,1.0,1.0,1.0,1.0
568.25,2.0,0.0,0.0,0.0,0.0,0.0,0.0,0.0,0.0,0.0,0.0,0.0,0.0,0.0,0.0,0.0,0.0,0.0,0.0,0.0,0.0
568.5,3.0,17.32697834324574,18.269369783969054,18.874962813160142,20.20421711795017,18.457163912443455,17.906187077962077,17.718170159249105,16.66172875830453,17.22361735831005,16.00249212807694,1.0,1.0,1.0,1.0,1.0,1.0,1.0,1.0,1.0,1.0
568.75,4.0,16.487304257903247,17.027952473349508,19.325693877001967,21.521414966726823,19.896400697682672,21.133260565659242,22.19012503689386,22.139666642422828,22.291409987206777,22.044070984214517,1.0,1.0,1.0,1.0,1.0,1.0,1.0,1.0,1.0,1.0
569.0,1.0,18.758272360093216,19.33546451272429,20.339204946971496,19.635097431354843,18.12620042862059,19.87584018899475,19.294334410224643,20.128832068256415,20.663182371645537,20.860347674043684,1.0,1.0,1.0,1.0,1.0,1.0,1.0,1.0,1.0,1.0
569.25,2.0,18.029642116159447,16.851489302543804,17.32715539284105,16.761829391848526,16.801872324592324,17.132686601146098,16.930485392743662,16.34485262915737,17.844416078708118,17.80341166348885,1.0,1.0,1.0,1.0,1.0,1.0,1.0,1.0,1.0,1.0
569.5,3.0,0.0,0.0,0.0,0.0,0.0,0.0,0.0,0.0,0.0,0.0,0.0,0.0,0.0,0.0,0.0,0.0,0.0,0.0,0.0,0.0
569.75,4.0,17.137440445372484,18.231375257607326,21.136283975802247,21.427819963045444,19.184006196353614,20.38951845581784,21.849922728625756,21.762646367592982,22.750672508336248,22.016093331214208,1.0,1.0,1.0,1.0,1.0,1.0,1.0,1.0,1.0,1.0
570.0,1.0,19.150163560342623,19.711728973710784,19.68355399810367,19.82636047847573,18.458661852497972,19.20094656763402,19.30801624450503,20.27170495462136,21.178802679392692,20.3506249732363,1.0,1.0,1.0,1.0,1.0,1.0,1.0,1.0,1.0,1.0
570.25,2.0,0.0,0.0,0.0,0.0,0.0,0.0,0.0,0.0,0.0,0.0,0.0,0.0,0.0,0.0,0.0,0.0,0.0,0.0,0.0,0.0
570.5,3.0,18.880063008618983,18.861443911024296,20.066459965602075,20.633116688127238,19.995267802427236,18.627907211102798,19.402668195060954,18.51691219098352,18.908573193556258,18.878009750087575,1.0,1.0,1.0,1.0,1.0,1.0,1.0,1.0,1.0,1.0
570.75,4.0,17.429885081053076,19.347937791009954,21.39291172285014,21.54874006099206,20.95606332836765,21.01658025993507,21.94793892534251,21.509952156591908,21.68104795284131,21.049445274268372,1.0,1.0,1.0,1.0,1.0,1.0,1.0,1.0,1.0,1.0
571.0,1.0,0.0,0.0,0.0,0.0,0.0,0.0,0.0,0.0,0.0,0.0,0.0,0.0,0.0,0.0,0.0,0.0,0.0,0.0,0.0,0.0
571.25,2.0,17.096011858881315,16.323249618085363,17.405363119408637,16.611444011796312,14.780148159706798,14.590861079157575,14.996448529921443,15.191489547451933,16.05477528250524,16.467154011769303,1.0,1.0,1.0,1.0,1.0,1.0,1.0,1.0,1.0,1.0
571.5,3.0,19.43054181659278,18.99787952864141,19.524014456931187,19.862229918459416,19.320905464868655,18.367421233747802,18.975307883048007,19.327498121691765,18.55897060020743,18.307959188160858,1.0,1.0,1.0,1.0,1.0,1.0,1.0,1.0,1.0,1.0
571.75,4.0,0.0,0.0,0.0,0.0,0.0,0.0,0.0,0.0,0.0,0.0,0.0,0.0,0.0,0.0,0.0,0.0,0.0,0.0,0.0,0.0
572.0,1.0,18.599837737509983,19.61836525662693,19.73253644481802,19.270963848632405,18.07584848159558,19.62997174387435,19.001406717930923,19.938390806341364,19.903847050999563,19.848489761189295,1.0,1.0,1.0,1.0,1.0,1.0,1.0,1.0,1.0,1.0
572.25,2.0,18.529706262512565,18.655343431557615,18.423004559409915,16.57477198419249,14.564168858668836,14.912630761698939,15.791651339864451,16.553304862013036,17.499482626602113,17.028164700140497,1.0,1.0,1.0,1.0,1.0,1.0,1.0,1.0,1.0,1.0
572.5,3.0,0.0,0.0,0.0,0.0,0.0,0.0,0.0,0.0,0.0,0.0,0.0,0.0,0.0,0.0,0.0,0.0,0.0,0.0,0.0,0.0
572.75,4.0,18.563509192101655,19.67338144619336,20.213076922249996,20.672459777668514,21.38739020122076,21.453567270428728,20.927712803722258,20.353443486634674,19.777914619163397,19.59832000632463,1.0,1.0,1.0,1.0,1.0,1.0,1.0,1.0,1.0,1.0
573.0,1.0,19.540315170954504,18.721015136476368,17.951758448929386,18.2045564922526,17.67765642111443,18.60843260071505,18.38015714253588,18.61111252607945,18.941714704409765,19.066881856242656,1.0,1.0,1.0,1.0,1.0,1.0,1.0,1.0,1.0,1.0
573.25,2.0,0.0,0.0,0.0,0.0,0.0,0.0,0.0,0.0,0.0,0.0,0.0,0.0,0.0,0.0,0.0,0.0,0.0,0.0,0.0,0.0
573.5,3.0,20.741164103357406,20.825850288624423,19.88175386576657,20.56438034660001,19.316299628507913,18.76460435138213,18.269923220184573,18.302272084079853,17.83674240692006,16.757313636592574,1.0,1.0,1.0,1.0,1.0,1.0,1.0,1.0,1.0,1.0
573.75,4.0,18.00522242230644,18.477502388018674,19.334562287543946,20.381404218183448,20.46592512247283,20.890767090390696,20.626584504878974,19.735412689479375,18.003226120881674,17.894976649158448,1.0,1.0,1.0,1.0,1.0,1.0,1.0,1.0,1.0,1.0
574.0,1.0,18.101644355699545,16.97143507872892,17.955511179274016,18.502104361002935,17.821572642803655,18.80831061264434,17.319742803290605,17.90418644074884,18.348596263422632,18.710752248977393,1.0,1.0,1.0,1.0,1.0,1.0,1.0,1.0,1.0,1.0
574.25,2.0,19.02964880785586,17.945999929166934,17.613312857912977,17.754860739031475,16.569136998429677,16.262316577465537,16.207797943946893,14.190468509365939,16.22979400557504,16.8318475385178,1.0,1.0,1.0,1.0,1.0,1.0,1.0,1.0,1.0,1.0
574.5,3.0,0.0,0.0,0.0,0.0,0.0,0.0,0.0,0.0,0.0,0.0,0.0,0.0,0.0,0.0,0.0,0.0,0.0,0.0,0.0,0.0
574.75,4.0,0.0,0.0,0.0,0.0,0.0,0.0,0.0,0.0,0.0,0.0,0.0,0.0,0.0,0.0,0.0,0.0,0.0,0.0,0.0,0.0
575.0,1.0,17.871385617009626,18.607935197606675,17.845789616014383,17.36792852843208,16.80175228704166,17.08977306380866,17.01694403718714,17.594021485682113,18.27968592720076,17.503636315823133,1.0,1.0,1.0,1.0,1.0,1.0,1.0,1.0,1.0,1.0
575.25,2.0,19.57633333908172,17.99345582217387,18.58829201974936,18.62134844423843,16.434968313730163,16.266801772913645,16.42610355131494,14.647731557248633,15.623640635828203,15.735309225880693,1.0,1.0,1.0,1.0,1.0,1.0,1.0,1.0,1.0,1.0
575.5,3.0,19.36251876003942,19.47874517667243,17.14601009593521,16.944215336352247,16.15248222786929,16.080665008206072,16.562508664832336,16.316546737881204,17.426442232810167,16.21699124793471,1.0,1.0,1.0,1.0,1.0,1.0,1.0,1.0,1.0,1.0
575.75,4.0,18.604483342237817,20.33461960645557,20.629926519996634,21.116776893864213,19.509121161141305,19.886407067100166,19.000861835757828,18.91238760129979,18.680058225869843,18.85480186643636,1.0,1.0,1.0,1.0,1.0,1.0,1.0,1.0,1.0,1.0
576.0,1.0,18.04575789907166,18.87048341581327,18.544197963668786,17.39269964746293,17.60956314554562,17.742906724938255,17.629607473040817,17.57504153478051,17.129869776768135,16.654236445635227,1.0,1.0,1.0,1.0,1.0,1.0,1.0,1.0,1.0,1.0
576.25,2.0,0.0,0.0,0.0,0.0,0.0,0.0,0.0,0.0,0.0,0.0,0.0,0.0,0.0,0.0,0.0,0.0,0.0,0.0,0.0,0.0
576.5,3.0,20.107502605970527,19.728484318611088,16.94748495142316,16.071043114862725,15.963523408504452,15.152268702098711,16.43023309459576,16.39252188554009,17.056973981332984,17.28855122737532,1.0,1.0,1.0,1.0,1.0,1.0,1.0,1.0,1.0,1.0
576.75,4.0,17.88833507241207,19.633735719354377,20.066184202369563,20.11251977199461,18.990734505813908,19.05799993746723,18.90417833638517,19.61499716933917,18.72854405629479,18.286065353410567,1.0,1.0,1.0,1.0,1.0,1.0,1.0,1.0,1.0,1.0
577.0,1.0,18.095940201225968,18.548843649675536,19.534568273280577,18.20706655364809,17.63391560195626,18.096147042936995,17.714152962097565,16.80153797266393,17.0176668885013,16.346118475568506,1.0,1.0,1.0,1.0,1.0,1.0,1.0,1.0,1.0,1.0
577.25,2.0,20.90683191923529,19.290184253053525,18.78542838716389,17.342277333963878,16.224495649780334,15.605899183040375,16.28190236759953,14.920125992805584,15.276713648116287,16.575806744581996,1.0,1.0,1.0,1.0,1.0,1.0,1.0,1.0,1.0,1.0
577.5,3.0,0.0,0.0,0.0,0.0,0.0,0.0,0.0,0.0,0.0,0.0,0.0,0.0,0.0,0.0,0.0,0.0,0.0,0.0,0.0,0.0
577.75,4.0,17.730993220818295,19.17036459712908,19.100474399157036,18.770739206376852,18.0773040999296,18.514079076288674,18.50193771832721,18.380764421043523,17.733139512134645,18.313819839901342,1.0,1.0,1.0,1.0,1.0,1.0,1.0,1.0,1.0,1.0
578.0,1.0,18.26865235971353,18.856229948484803,19.481741209960248,17.548585198143833,17.009810784395942,17.584198115789523,17.454013013004907,16.134734314596546,16.57334272736961,16.429295463786985,1.0,1.0,1.0,1.0,1.0,1.0,1.0,1.0,1.0,1.0
578.25,2.0,0.0,0.0,0.0,0.0,0.0,0.0,0.0,0.0,0.0,0.0,0.0,0.0,0.0,0.0,0.0,0.0,0.0,0.0,0.0,0.0
578.5,3.0,19.841503538194036,18.263336034097915,16.551137179006957,16.696533086329122,16.856506264751275,18.063225269882643,18.72757484146571,18.365776461556532,18.17442851961668,17.21850443680815,1.0,1.0,1.0,1.0,1.0,1.0,1.0,1.0,1.0,1.0
578.75,4.0,18.41244991378152,19.576438577670864,19.270961386351683,18.127014278344543,17.744544724370712,18.090010968715553,17.762019323736038,17.797927208905094,17.566962857735458,17.68448230157654,1.0,1.0,1.0,1.0,1.0,1.0,1.0,1.0,1.0,1.0
579.0,1.0,0.0,0.0,0.0,0.0,0.0,0.0,0.0,0.0,0.0,0.0,0.0,0.0,0.0,0.0,0.0,0.0,0.0,0.0,0.0,0.0
579.25,2.0,17.356559869496895,15.683167857789996,17.50485530276047,16.198505089143566,14.878858596455645,15.159672600852142,16.44239068319062,16.696152919416797,17.26530813824426,16.558290210195434,1.0,1.0,1.0,1.0,1.0,1.0,1.0,1.0,1.0,1.0
579.5,3.0,19.322767398112944,18.027403957877343,16.710135053394463,15.934106910229607,17.63062996670139,18.078795720452423,17.834366844466203,19.045128664020236,17.90894240073401,16.98564696937575,1.0,1.0,1.0,1.0,1.0,1.0,1.0,1.0,1.0,1.0
579.75,4.0,0.0,0.0,0.0,0.0,0.0,0.0,0.0,0.0,0.0,0.0,0.0,0.0,0.0,0.0,0.0,0.0,0.0,0.0,0.0,0.0
580.0,1.0,18.601766615482585,18.816364395270266,19.542599702121,17.066950926091522,16.666905208504414,16.7416836457379,16.182287125473827,16.84720021763645,17.438612408769103,17.899676157546867,1.0,1.0,1.0,1.0,1.0,1.0,1.0,1.0,1.0,1.0
580.25,2.0,16.92899222305629,14.99940428636956,17.286926574395643,15.910448943620267,15.775662951667808,16.64874643417685,17.064657208668564,16.41625587912633,16.035210791316317,15.66178068276697,1.0,1.0,1.0,1.0,1.0,1.0,1.0,1.0,1.0,1.0
580.5,3.0,0.0,0.0,0.0,0.0,0.0,0.0,0.0,0.0,0.0,0.0,0.0,0.0,0.0,0.0,0.0,0.0,0.0,0.0,0.0,0.0
580.75,4.0,17.467908410379547,18.659522917341402,18.28940104068073,17.8420511734501,17.28918550423895,18.04148369606335,17.617574251361646,18.866901830298726,18.13408151395673,18.368354395224156,1.0,1.0,1.0,1.0,1.0,1.0,1.0,1.0,1.0,1.0
581.0,1.0,17.899417221673158,17.856901183813182,17.850095536460557,16.493243429444817,15.627300413105065,15.495033684014208,15.124358267397263,16.069106767182085,16.9327924079663,17.528723159940675,1.0,1.0,1.0,1.0,1.0,1.0,1.0,1.0,1.0,1.0
581.25,2.0,0.0,0.0,0.0,0.0,0.0,0.0,0.0,0.0,0.0,0.0,0.0,0.0,0.0,0.0,0.0,0.0,0.0,0.0,0.0,0.0
581.5,3.0,15.970490947890998,17.317793264327715,15.963542516983157,16.190540637448308,17.192842728778782,18.350676724878074,18.737543968317617,18.575295092042165,18.71379643492229,18.536606365750252,1.0,1.0,1.0,1.0,1.0,1.0,1.0,1.0,1.0,1.0
581.75,4.0,16.901882105953057,18.6783940142247,18.55910359658991,18.783531021096785,18.06953109695426,19.01399905868218,19.57295374776444,19.75487644723226,20.210605360503738,20.01506650503331,1.0,1.0,1.0,1.0,1.0,1.0,1.0,1.0,1.0,1.0
582.0,1.0,17.475483320546456,17.04278345196902,15.863257114308128,15.041254667369985,15.133167971715311,15.996064738161365,16.37063691416863,17.486653066470375,18.03862882764717,18.501586467143678,1.0,1.0,1.0,1.0,1.0,1.0,1.0,1.0,1.0,1.0
582.25,2.0,16.288994217182932,16.966581745669224,16.418533114699223,16.248027703665812,17.000443002839702,17.685791595512626,17.89599971981717,17.11719376720365,16.653729752304002,16.04138381119497,1.0,1.0,1.0,1.0,1.0,1.0,1.0,1.0,1.0,1.0
582.5,3.0,0.0,0.0,0.0,0.0,0.0,0.0,0.0,0.0,0.0,0.0,0.0,0.0,0.0,0.0,0.0,0.0,0.0,0.0,0.0,0.0
582.75,4.0,17.67745817696902,19.700321686022495,20.132305099569862,21.04204034466742,17.932574881263818,18.664967914506164,19.19609573934175,19.507178884797924,19.46992138621563,20.18577678975571,1.0,1.0,1.0,1.0,1.0,1.0,1.0,1.0,1.0,1.0
583.0,1.0,16.112064496435345,16.786481372974915,15.847736725047618,15.656241802548736,16.141607026348822,17.35037155321186,17.29839150306144,17.7103844545465,17.770153073453173,17.98791318225346,1.0,1.0,1.0,1.0,1.0,1.0,1.0,1.0,1.0,1.0
583.25,2.0,15.961580780365688,16.262844082638587,15.739673009689321,16.924858795603715,16.96692126875397,17.875104546730846,17.865388512833036,17.057932130736976,17.183956392678716,15.906716893864182,1.0,1.0,1.0,1.0,1.0,1.0,1.0,1.0,1.0,1.0
583.5,3.0,13.303215065300737,15.25216296594828,14.211159652299342,15.137667572807775,16.583880383286317,18.843607578949506,19.788993583821593,19.678135972895515,19.0556271129008,19.41421574888476,1.0,1.0,1.0,1.0,1.0,1.0,1.0,1.0,1.0,1.0
583.75,4.0,18.64395520155608,20.256676373664376,20.419165088455333,20.916453439246496,17.907864530127892,19.515748104257714,19.73094459262713,20.126713082315934,20.42006644595117,20.770369196618425,1.0,1.0,1.0,1.0,1.0,1.0,1.0,1.0,1.0,1.0
584.0,1.0,0.0,0.0,0.0,0.0,0.0,0.0,0.0,0.0,0.0,0.0,0.0,0.0,0.0,0.0,0.0,0.0,0.0,0.0,0.0,0.0
584.25,2.0,0.0,0.0,0.0,0.0,0.0,0.0,0.0,0.0,0.0,0.0,0.0,0.0,0.0,0.0,0.0,0.0,0.0,0.0,0.0,0.0
584.5,3.0,14.878620993892932,15.971780615311038,16.02999458353874,17.636403865239384,17.923560431138828,18.996166136799804,18.88912708912157,18.846740891777564,18.936379396191672,18.876499199574702,1.0,1.0,1.0,1.0,1.0,1.0,1.0,1.0,1.0,1.0
584.75,4.0,0.0,0.0,0.0,0.0,0.0,0.0,0.0,0.0,0.0,0.0,0.0,0.0,0.0,0.0,0.0,0.0,0.0,0.0,0.0,0.0
585.0,1.0,15.816537768243482,16.19274941070122,16.967156854260953,16.53176913740029,15.5917565811814,17.061439220411092,17.43189436886881,17.842828112530494,18.71997054237222,17.704361969928616,1.0,1.0,1.0,1.0,1.0,1.0,1.0,1.0,1.0,1.0
585.25,2.0,16.642283436278767,15.76088443826908,16.78414304116302,17.866848046225286,16.894323771654534,16.92492924637527,17.143771911347066,17.355494992802182,17.522881224731425,17.003133836613788,1.0,1.0,1.0,1.0,1.0,1.0,1.0,1.0,1.0,1.0
585.5,3.0,0.0,0.0,0.0,0.0,0.0,0.0,0.0,0.0,0.0,0.0,0.0,0.0,0.0,0.0,0.0,0.0,0.0,0.0,0.0,0.0
585.75,4.0,17.727126981318754,17.689543444977563,19.738532826640434,20.365920267460183,19.909166661801056,21.006231968160662,21.459079885918882,21.072828512960143,21.54612013463119,21.325058147965624,1.0,1.0,1.0,1.0,1.0,1.0,1.0,1.0,1.0,1.0
586.0,1.0,15.600593046829765,16.71614263685733,16.90958969553609,15.089437563138528,16.348854856802582,18.194916844125636,18.352306815592083,18.070315197797598,17.641743444034468,17.25506853280786,1.0,1.0,1.0,1.0,1.0,1.0,1.0,1.0,1.0,1.0
586.25,2.0,0.0,0.0,0.0,0.0,0.0,0.0,0.0,0.0,0.0,0.0,0.0,0.0,0.0,0.0,0.0,0.0,0.0,0.0,0.0,0.0
586.5,3.0,15.056212427089584,18.2065681589476,17.6381101438304,18.646599404936754,17.8818885938106,17.639162669541044,18.57114824825721,16.979786766643745,16.50888675698049,16.60229188586062,1.0,1.0,1.0,1.0,1.0,1.0,1.0,1.0,1.0,1.0
586.75,4.0,18.11885957842512,18.38224242745915,20.198221868213338,20.725790691517478,20.146845070885515,19.846174634409127,20.443808986224486,20.559801596419465,20.766458696724175,20.785035167296666,1.0,1.0,1.0,1.0,1.0,1.0,1.0,1.0,1.0,1.0
587.0,1.0,0.0,0.0,0.0,0.0,0.0,0.0,0.0,0.0,0.0,0.0,0.0,0.0,0.0,0.0,0.0,0.0,0.0,0.0,0.0,0.0
587.25,2.0,16.30617513776601,14.934147347250779,17.70032013172244,17.274791342005102,16.580677255346593,17.607357072676557,16.31870364659838,15.989964294741515,15.639320445872777,14.51506509042646,1.0,1.0,1.0,1.0,1.0,1.0,1.0,1.0,1.0,1.0
587.5,3.0,0.0,0.0,0.0,0.0,0.0,0.0,0.0,0.0,0.0,0.0,0.0,0.0,0.0,0.0,0.0,0.0,0.0,0.0,0.0,0.0
587.75,4.0,0.0,0.0,0.0,0.0,0.0,0.0,0.0,0.0,0.0,0.0,0.0,0.0,0.0,0.0,0.0,0.0,0.0,0.0,0.0,0.0
588.0,1.0,15.742887556941204,16.66658224516032,16.393676893299308,15.916645200040334,19.245086740444485,19.411894775369593,19.252317832384115,19.716314763175582,19.45557274783528,18.44971899639113,1.0,1.0,1.0,1.0,1.0,1.0,1.0,1.0,1.0,1.0
588.25,2.0,16.646582683993593,16.289514599515346,16.627181556733067,16.830932744103393,16.210608344680626,16.25470193744134,15.102166929426774,15.461935150518197,14.742241246964415,15.147860165738487,1.0,1.0,1.0,1.0,1.0,1.0,1.0,1.0,1.0,1.0
588.5,3.0,0.0,0.0,0.0,0.0,0.0,0.0,0.0,0.0,0.0,0.0,0.0,0.0,0.0,0.0,0.0,0.0,0.0,0.0,0.0,0.0
588.75,4.0,19.46900128475735,20.778746514297964,20.77890524259777,18.95102020541803,18.297230769450863,18.499048070949705,18.617480210589274,19.469871083528524,18.809437564478266,18.97249721532033,1.0,1.0,1.0,1.0,1.0,1.0,1.0,1.0,1.0,1.0
589.0,1.0,16.74155923903392,16.854087849989345,15.820221514632104,16.60225116138351,19.603528929099316,19.239378561089858,20.628811309188183,20.032548163081255,19.596364053808742,18.398402841650146,1.0,1.0,1.0,1.0,1.0,1.0,1.0,1.0,1.0,1.0
589.25,2.0,0.0,0.0,0.0,0.0,0.0,0.0,0.0,0.0,0.0,0.0,0.0,0.0,0.0,0.0,0.0,0.0,0.0,0.0,0.0,0.0
589.5,3.0,18.277314684309943,19.093418862534552,17.840149853377067,16.867103366788136,14.66830516923751,14.433900532965565,15.027866290124571,16.348149825649937,16.39912841796096,17.219643119404026,1.0,1.0,1.0,1.0,1.0,1.0,1.0,1.0,1.0,1.0
589.75,4.0,20.14153012705951,21.433475106627874,20.260368345456726,18.438768128916713,18.422420035043057,18.25813501770803,18.28945949389975,18.748518000092012,17.902655742505285,18.250196881155002,1.0,1.0,1.0,1.0,1.0,1.0,1.0,1.0,1.0,1.0
590.0,1.0,16.70836660693312,16.48780059481117,15.735244350552437,17.621192127775306,20.384200493738703,19.07657287640301,19.53297881413701,19.017378943141253,18.6250837119166,19.249735123185896,1.0,1.0,1.0,1.0,1.0,1.0,1.0,1.0,1.0,1.0
590.25,2.0,16.53243578786629,16.634543849236586,16.04193302535351,15.208308578874338,14.432212339511748,14.86317441348581,13.511652011270352,14.88262043231448,14.897939585844492,14.810682133503983,1.0,1.0,1.0,1.0,1.0,1.0,1.0,1.0,1.0,1.0
590.5,3.0,0.0,0.0,0.0,0.0,0.0,0.0,0.0,0.0,0.0,0.0,0.0,0.0,0.0,0.0,0.0,0.0,0.0,0.0,0.0,0.0
590.75,4.0,20.13063309671508,20.63851903071155,18.87585687071419,17.93050043804763,19.136836869957627,19.320868430091796,19.7449582099675,18.480169405874186,17.807489043589747,18.38159398604771,1.0,1.0,1.0,1.0,1.0,1.0,1.0,1.0,1.0,1.0
591.0,1.0,14.703129072841927,15.31537837544512,15.47459052438023,16.73379971262842,19.080185899022876,19.35241626492359,18.908004196140073,19.24250668357196,19.600096894959915,19.294892890009386,1.0,1.0,1.0,1.0,1.0,1.0,1.0,1.0,1.0,1.0
591.25,2.0,17.853209643634255,16.407761418789327,16.10994479248485,14.957382285962403,13.745592776807742,14.206269332662512,14.178046012417154,14.834094192255922,14.2090132911046,14.45848903011242,1.0,1.0,1.0,1.0,1.0,1.0,1.0,1.0,1.0,1.0
591.5,3.0,16.83310220191767,16.267927483964915,15.404208522435633,15.55842137356699,15.25376032823451,16.567203888720435,17.015395085917334,17.60145831959103,16.57792547090367,17.40627429730222,1.0,1.0,1.0,1.0,1.0,1.0,1.0,1.0,1.0,1.0
591.75,4.0,19.175474506265605,19.57667209825552,18.119619002804097,18.04924282831196,19.85021711149139,19.210200790194374,18.378613455764413,18.153647484973728,18.35118592167686,18.583729695746786,1.0,1.0,1.0,1.0,1.0,1.0,1.0,1.0,1.0,1.0
592.0,1.0,0.0,0.0,0.0,0.0,0.0,0.0,0.0,0.0,0.0,0.0,0.0,0.0,0.0,0.0,0.0,0.0,0.0,0.0,0.0,0.0
592.25,2.0,0.0,0.0,0.0,0.0,0.0,0.0,0.0,0.0,0.0,0.0,0.0,0.0,0.0,0.0,0.0,0.0,0.0,0.0,0.0,0.0
592.5,3.0,16.374499192586878,15.600138274018006,14.988338985144857,16.46930919484417,16.122644662437814,16.008439828095995,16.011168662211027,16.923096870032776,16.20076011681206,17.650341608696156,1.0,1.0,1.0,1.0,1.0,1.0,1.0,1.0,1.0,1.0
592.75,4.0,0.0,0.0,0.0,0.0,0.0,0.0,0.0,0.0,0.0,0.0,0.0,0.0,0.0,0.0,0.0,0.0,0.0,0.0,0.0,0.0
593.0,1.0,15.718872036502857,18.965782645555702,17.87252710127676,18.02807147304876,17.988139255641748,18.69909434256447,17.71340475000972,17.879329753617117,17.440534624144387,16.949321107461667,1.0,1.0,1.0,1.0,1.0,1.0,1.0,1.0,1.0,1.0
593.25,2.0,18.13564410386566,18.220662289960305,16.368903515560287,14.72456979578957,12.868136090664047,12.425710076403773,12.14191144043662,12.6035009755736,12.71837433325452,13.642503335632293,1.0,1.0,1.0,1.0,1.0,1.0,1.0,1.0,1.0,1.0
593.5,3.0,0.0,0.0,0.0,0.0,0.0,0.0,0.0,0.0,0.0,0.0,0.0,0.0,0.0,0.0,0.0,0.0,0.0,0.0,0.0,0.0
593.75,4.0,18.007812475064227,18.622937766709516,20.127815281660116,20.392053939595986,19.824184630008304,19.293314500876043,18.791238331752076,18.54682028211134,18.292187014268315,18.915648796713107,1.0,1.0,1.0,1.0,1.0,1.0,1.0,1.0,1.0,1.0
594.0,1.0,18.032785570767516,19.32478258457284,18.261969049582756,19.034457513212182,17.334215160224375,17.266569989907087,17.119866264088987,16.97875201770829,16.937523797052382,16.78679787751785,1.0,1.0,1.0,1.0,1.0,1.0,1.0,1.0,1.0,1.0
594.25,2.0,0.0,0.0,0.0,0.0,0.0,0.0,0.0,0.0,0.0,0.0,0.0,0.0,0.0,0.0,0.0,0.0,0.0,0.0,0.0,0.0
594.5,3.0,16.766135647043665,15.6949948084434,16.406762035148322,17.4144088333646,16.443677733846624,16.590371955668356,17.159421934393784,18.14429570981779,18.08321401971467,16.97102330992208,1.0,1.0,1.0,1.0,1.0,1.0,1.0,1.0,1.0,1.0
594.75,4.0,18.859004979785354,19.554970617217034,20.51436072464565,21.168517299361536,20.229994842721563,19.076906624050746,19.183054705365965,18.607465853524875,18.652256825420064,18.748936429550408,1.0,1.0,1.0,1.0,1.0,1.0,1.0,1.0,1.0,1.0
595.0,1.0,0.0,0.0,0.0,0.0,0.0,0.0,0.0,0.0,0.0,0.0,0.0,0.0,0.0,0.0,0.0,0.0,0.0,0.0,0.0,0.0
595.25,2.0,17.46089069812419,16.76172010361852,14.815874254309245,13.717797282704494,13.810715052308346,13.764806984382133,13.814915380708705,14.610608892956652,15.036762906468004,15.905511539968169,1.0,1.0,1.0,1.0,1.0,1.0,1.0,1.0,1.0,1.0
595.5,3.0,0.0,0.0,0.0,0.0,0.0,0.0,0.0,0.0,0.0,0.0,0.0,0.0,0.0,0.0,0.0,0.0,0.0,0.0,0.0,0.0
595.75,4.0,0.0,0.0,0.0,0.0,0.0,0.0,0.0,0.0,0.0,0.0,0.0,0.0,0.0,0.0,0.0,0.0,0.0,0.0,0.0,0.0
596.0,1.0,17.264143969586808,18.72290265383589,16.464508610571386,16.568856239249772,16.174396111378112,17.198758586671442,16.72974543471566,17.200638005570813,18.72162604968291,18.82780104277585,1.0,1.0,1.0,1.0,1.0,1.0,1.0,1.0,1.0,1.0
596.25,2.0,16.29579950026619,16.659884809212095,15.289825781145368,15.495631370289452,14.073414134659178,14.88428642702196,14.169021141106173,14.833728506195357,15.786088459750617,15.85818663382516,1.0,1.0,1.0,1.0,1.0,1.0,1.0,1.0,1.0,1.0
596.5,3.0,0.0,0.0,0.0,0.0,0.0,0.0,0.0,0.0,0.0,0.0,0.0,0.0,0.0,0.0,0.0,0.0,0.0,0.0,0.0,0.0
596.75,4.0,18.152587279993806,20.106093636238338,21.10467639877915,20.430117830739132,20.625045805424495,19.325880744780303,19.503007868467616,18.014416490523296,17.74777902949805,18.03822237983093,1.0,1.0,1.0,1.0,1.0,1.0,1.0,1.0,1.0,1.0
597.0,1.0,17.746507531353434,17.594370565026644,16.041356494771527,16.656203212863296,16.008312356542152,17.851047182005047,17.95507001771462,18.52988115052987,19.83715190685064,20.069811734226295,1.0,1.0,1.0,1.0,1.0,1.0,1.0,1.0,1.0,1.0
597.25,2.0,0.0,0.0,0.0,0.0,0.0,0.0,0.0,0.0,0.0,0.0,0.0,0.0,0.0,0.0,0.0,0.0,0.0,0.0,0.0,0.0
597.5,3.0,16.34556315726444,16.22287506228437,16.824981396157945,17.7644173414452,17.85236715988412,18.224934745945223,17.645755131087594,17.53558281398439,16.463564048115103,14.88219931168609,1.0,1.0,1.0,1.0,1.0,1.0,1.0,1.0,1.0,1.0
597.75,4.0,19.090150735563935,20.212447384339562,19.55438821397741,18.973990373184137,19.854373651941014,18.86060263797107,19.412421321522203,17.49069466063773,15.983357876904112,15.681613294275598,1.0,1.0,1.0,1.0,1.0,1.0,1.0,1.0,1.0,1.0
598.0,1.0,18.146631886641668,17.323601045143608,16.337485022884188,17.048167189739065,16.915813569332816,18.169164745532232,18.573830868823656,19.066945468783484,19.594316953597904,19.24081024104427,1.0,1.0,1.0,1.0,1.0,1.0,1.0,1.0,1.0,1.0
598.25,2.0,17.24560423633414,16.94976269350536,15.56708695303279,15.094382683329119,14.993536860813853,15.915235794777367,14.501193944198992,16.195423873450522,15.600119298477253,16.310490620709732,1.0,1.0,1.0,1.0,1.0,1.0,1.0,1.0,1.0,1.0
598.5,3.0,0.0,0.0,0.0,0.0,0.0,0.0,0.0,0.0,0.0,0.0,0.0,0.0,0.0,0.0,0.0,0.0,0.0,0.0,0.0,0.0
598.75,4.0,18.788525949395602,19.607082240902646,18.8991103355251,19.103709031757113,18.809904379802713,18.62543532426419,17.83047499489194,15.818484963657859,16.058849046344854,16.251515945429304,1.0,1.0,1.0,1.0,1.0,1.0,1.0,1.0,1.0,1.0
599.0,1.0,17.484631203066318,16.81490763646634,16.80878295512888,17.25328968253521,16.955264585826452,17.519939067256466,18.045040755284155,18.054822684617914,18.832739908287934,19.087674300133024,1.0,1.0,1.0,1.0,1.0,1.0,1.0,1.0,1.0,1.0
599.25,2.0,0.0,0.0,0.0,0.0,0.0,0.0,0.0,0.0,0.0,0.0,0.0,0.0,0.0,0.0,0.0,0.0,0.0,0.0,0.0,0.0
599.5,3.0,15.199186876966916,15.114591092550056,14.996763339521605,16.806261685979347,16.86156860480665,16.983340431959462,16.25496132124549,16.24398525367509,16.44519310705382,14.970078481248278,1.0,1.0,1.0,1.0,1.0,1.0,1.0,1.0,1.0,1.0
599.75,4.0,18.003089217697685,19.144275172470085,17.912504364657217,17.789866462002486,18.369384062199792,17.143980685945174,17.329201952007423,16.131080630384442,16.73071276553044,17.063349761431855,1.0,1.0,1.0,1.0,1.0,1.0,1.0,1.0,1.0,1.0
600.0,1.0,0.0,0.0,0.0,0.0,0.0,0.0,0.0,0.0,0.0,0.0,0.0,0.0,0.0,0.0,0.0,0.0,0.0,0.0,0.0,0.0
600.25,2.0,0.0,0.0,0.0,0.0,0.0,0.0,0.0,0.0,0.0,0.0,0.0,0.0,0.0,0.0,0.0,0.0,0.0,0.0,0.0,0.0
600.5,3.0,17.038758285555073,14.999582786789077,15.403139020917253,16.941385662748836,16.869292586704766,16.25691811378819,15.546709352115942,15.32657386585158,15.535984225720075,14.079471893498201,1.0,1.0,1.0,1.0,1.0,1.0,1.0,1.0,1.0,1.0
600.75,4.0,0.0,0.0,0.0,0.0,0.0,0.0,0.0,0.0,0.0,0.0,0.0,0.0,0.0,0.0,0.0,0.0,0.0,0.0,0.0,0.0
601.0,1.0,16.804984418411426,17.694679671592255,17.15101735857293,17.43568065401904,18.618310751340687,18.387421551567172,18.572874320858414,18.60500227532556,18.648643777998554,18.21492769930074,1.0,1.0,1.0,1.0,1.0,1.0,1.0,1.0,1.0,1.0
601.25,2.0,16.135154760690664,17.58896386486614,17.34105895768332,17.615189674778858,15.023572451376172,15.809127552065258,15.725001637258524,15.86317879662733,16.62096703382364,17.524103243373403,1.0,1.0,1.0,1.0,1.0,1.0,1.0,1.0,1.0,1.0
601.5,3.0,0.0,0.0,0.0,0.0,0.0,0.0,0.0,0.0,0.0,0.0,0.0,0.0,0.0,0.0,0.0,0.0,0.0,0.0,0.0,0.0
601.75,4.0,16.46138567059074,16.91050941081652,15.825407101034243,14.908795923020174,15.472018196745003,14.51361815962758,15.444143610426615,16.530305631317727,17.50164432635025,18.025261210095884,1.0,1.0,1.0,1.0,1.0,1.0,1.0,1.0,1.0,1.0
602.0,1.0,17.053738423852465,17.396663023573876,16.93539256321814,17.83664079437301,18.005078060009506,18.253653256356397,17.968819103422806,17.82333901107375,17.820358274335014,17.89334134638296,1.0,1.0,1.0,1.0,1.0,1.0,1.0,1.0,1.0,1.0
602.25,2.0,0.0,0.0,0.0,0.0,0.0,0.0,0.0,0.0,0.0,0.0,0.0,0.0,0.0,0.0,0.0,0.0,0.0,0.0,0.0,0.0
602.5,3.0,16.51253368341553,16.116417221278613,15.761319218494178,15.03466603773045,15.64186274411859,16.30885970364916,15.874605319921518,14.719420676885896,14.035014706854014,12.622066722579243,1.0,1.0,1.0,1.0,1.0,1.0,1.0,1.0,1.0,1.0
602.75,4.0,17.088996083280087,16.112268166908436,15.040524541415753,15.433987221734796,15.717787017008726,16.24256883435672,16.89503898660589,18.024594401537072,17.940925920001312,17.712729242577844,1.0,1.0,1.0,1.0,1.0,1.0,1.0,1.0,1.0,1.0
603.0,1.0,0.0,0.0,0.0,0.0,0.0,0.0,0.0,0.0,0.0,0.0,0.0,0.0,0.0,0.0,0.0,0.0,0.0,0.0,0.0,0.0
603.25,2.0,16.329626951942533,17.981307972809176,17.662428265221504,16.652815637624606,14.768296656635187,15.694946678684648,16.327529059853568,16.31628473125933,17.24905209815564,17.660932616543462,1.0,1.0,1.0,1.0,1.0,1.0,1.0,1.0,1.0,1.0
603.5,3.0,0.0,0.0,0.0,0.0,0.0,0.0,0.0,0.0,0.0,0.0,0.0,0.0,0.0,0.0,0.0,0.0,0.0,0.0,0.0,0.0
603.75,4.0,0.0,0.0,0.0,0.0,0.0,0.0,0.0,0.0,0.0,0.0,0.0,0.0,0.0,0.0,0.0,0.0,0.0,0.0,0.0,0.0
604.0,1.0,15.268428236810216,17.00749229068379,18.16863542892674,16.756558394333243,17.034303997814558,17.3431872298194,17.075420207671748,16.53841611481948,16.287570747421846,16.013213482666732,1.0,1.0,1.0,1.0,1.0,1.0,1.0,1.0,1.0,1.0
604.25,2.0,16.590558361715974,17.57067070927975,16.955520737332215,14.979993115151087,15.05006798401645,15.80985830239711,16.671208648411124,15.813282638056915,17.597027535795647,17.192428918327224,1.0,1.0,1.0,1.0,1.0,1.0,1.0,1.0,1.0,1.0
604.5,3.0,0.0,0.0,0.0,0.0,0.0,0.0,0.0,0.0,0.0,0.0,0.0,0.0,0.0,0.0,0.0,0.0,0.0,0.0,0.0,0.0
604.75,4.0,15.730511320697154,15.258049050762647,15.235543423349661,15.942315299461981,18.257328051492838,17.29226572351838,17.9285945381554,17.46914021259352,17.66856876503911,18.124580659878916,1.0,1.0,1.0,1.0,1.0,1.0,1.0,1.0,1.0,1.0
605.0,1.0,16.23770420082652,17.342770985507656,17.92171371278817,16.517818277983018,16.598220161516092,17.172245150605484,16.700045710998186,16.605707424753888,16.553072488495566,17.285394418636624,1.0,1.0,1.0,1.0,1.0,1.0,1.0,1.0,1.0,1.0
605.25,2.0,0.0,0.0,0.0,0.0,0.0,0.0,0.0,0.0,0.0,0.0,0.0,0.0,0.0,0.0,0.0,0.0,0.0,0.0,0.0,0.0
605.5,3.0,13.641803040170403,16.412334530217528,15.514452496980988,14.967732648340322,13.556352997174628,14.048349692400064,13.858568522855336,12.358544309859582,12.084943230830989,12.235588572368037,1.0,1.0,1.0,1.0,1.0,1.0,1.0,1.0,1.0,1.0
605.75,4.0,15.625226378544035,15.827942480403129,14.784040129589984,15.956188528144006,17.39405548086698,15.574315075335138,15.619085648279622,17.292957992719383,17.09406202720505,17.44560581913037,1.0,1.0,1.0,1.0,1.0,1.0,1.0,1.0,1.0,1.0
606.0,1.0,16.59862223966407,17.85294350435569,17.873101854725483,17.572438455591172,16.628573225722754,18.024264713060504,17.232344737926375,17.480140447596177,18.756395245606097,18.180870516501635,1.0,1.0,1.0,1.0,1.0,1.0,1.0,1.0,1.0,1.0
606.25,2.0,14.1861184408231,14.616598328714126,14.388613941390261,15.565978528247582,16.74144478680715,17.729673784871164,17.3394620830235,16.791352717326347,17.353212696082586,17.202300395066572,1.0,1.0,1.0,1.0,1.0,1.0,1.0,1.0,1.0,1.0
606.5,3.0,0.0,0.0,0.0,0.0,0.0,0.0,0.0,0.0,0.0,0.0,0.0,0.0,0.0,0.0,0.0,0.0,0.0,0.0,0.0,0.0
606.75,4.0,14.488668084213456,15.416715001871292,15.682318728098867,15.069657914266209,13.953088475824527,13.95315636850483,15.00030799644592,16.456844710483995,16.365116857827854,15.826206762902654,1.0,1.0,1.0,1.0,1.0,1.0,1.0,1.0,1.0,1.0
607.0,1.0,15.648665914768326,16.66208025278426,17.601505810313967,17.74630079462156,18.008379777575723,18.60062372123713,18.685363741098836,18.281556958041282,17.46955496664859,16.86804737006058,1.0,1.0,1.0,1.0,1.0,1.0,1.0,1.0,1.0,1.0
607.25,2.0,0.0,0.0,0.0,0.0,0.0,0.0,0.0,0.0,0.0,0.0,0.0,0.0,0.0,0.0,0.0,0.0,0.0,0.0,0.0,0.0
607.5,3.0,15.667584619328318,16.595697048826743,14.52076528907691,14.717339906483362,15.04590680485377,14.120328622126253,14.594508152867203,13.074719491187999,13.425973657729351,14.050335653823977,1.0,1.0,1.0,1.0,1.0,1.0,1.0,1.0,1.0,1.0
607.75,4.0,14.991095364006426,14.627449317277925,14.625654096177692,14.591048613505537,13.707018184897086,13.344962592735198,13.720981182251405,13.511322994697315,13.557378488590437,14.351046165913386,1.0,1.0,1.0,1.0,1.0,1.0,1.0,1.0,1.0,1.0
608.0,1.0,0.0,0.0,0.0,0.0,0.0,0.0,0.0,0.0,0.0,0.0,0.0,0.0,0.0,0.0,0.0,0.0,0.0,0.0,0.0,0.0
608.25,2.0,0.0,0.0,0.0,0.0,0.0,0.0,0.0,0.0,0.0,0.0,0.0,0.0,0.0,0.0,0.0,0.0,0.0,0.0,0.0,0.0
608.5,3.0,15.789763002943564,16.54827817932136,14.664586650919329,14.795289591054237,13.349711436151926,13.413331348708853,13.465711942720688,13.624112865852544,13.763776953998784,12.782332036369711,1.0,1.0,1.0,1.0,1.0,1.0,1.0,1.0,1.0,1.0
608.75,4.0,0.0,0.0,0.0,0.0,0.0,0.0,0.0,0.0,0.0,0.0,0.0,0.0,0.0,0.0,0.0,0.0,0.0,0.0,0.0,0.0
609.0,1.0,14.602447231942781,14.581142512489352,16.250819687837225,17.050556194845864,16.907317580979985,16.745305617546713,16.924794388699933,17.976509778028998,17.47708771997466,18.150170479661174,1.0,1.0,1.0,1.0,1.0,1.0,1.0,1.0,1.0,1.0
609.25,2.0,14.777045446243196,14.19890013628782,13.99671761098692,14.225501678410922,15.585030811870823,16.26436165858712,16.81206863176027,16.11735023578947,15.79848362084375,15.730344302606655,1.0,1.0,1.0,1.0,1.0,1.0,1.0,1.0,1.0,1.0
609.5,3.0,0.0,0.0,0.0,0.0,0.0,0.0,0.0,0.0,0.0,0.0,0.0,0.0,0.0,0.0,0.0,0.0,0.0,0.0,0.0,0.0
609.75,4.0,14.942728758156505,14.614939689167155,14.11687662702282,14.569197663923735,15.059690646567937,14.405386839084663,14.799984893776518,14.420625664667366,14.978323350535888,16.40765289336235,1.0,1.0,1.0,1.0,1.0,1.0,1.0,1.0,1.0,1.0
610.0,1.0,14.392664318287368,13.707627445717787,15.383122072435281,16.367434265177216,15.999882373828424,15.973745985287447,16.723611420827115,18.556743766496247,17.998955060808594,18.6680034850626,1.0,1.0,1.0,1.0,1.0,1.0,1.0,1.0,1.0,1.0
610.25,2.0,0.0,0.0,0.0,0.0,0.0,0.0,0.0,0.0,0.0,0.0,0.0,0.0,0.0,0.0,0.0,0.0,0.0,0.0,0.0,0.0
610.5,3.0,13.435076801972459,13.726980280437829,13.033196737335652,14.65350685060427,12.82403729658175,13.536657782995098,13.60022182583128,12.914507366683475,13.500326569028928,13.33834871711657,1.0,1.0,1.0,1.0,1.0,1.0,1.0,1.0,1.0,1.0
610.75,4.0,14.442544416385378,13.472925930837329,13.544148484544976,13.994459499838298,15.277411043497716,14.182749901938678,14.994391427894119,14.356490723623399,14.897417678134271,15.56919910212801,1.0,1.0,1.0,1.0,1.0,1.0,1.0,1.0,1.0,1.0
611.0,1.0,0.0,0.0,0.0,0.0,0.0,0.0,0.0,0.0,0.0,0.0,0.0,0.0,0.0,0.0,0.0,0.0,0.0,0.0,0.0,0.0
611.25,2.0,14.822530459693356,14.682571382863896,15.084898022099452,16.283434693391943,15.889125588703255,16.3532288629671,15.951819744734209,15.285738726357872,16.119574636752457,15.900398389820374,1.0,1.0,1.0,1.0,1.0,1.0,1.0,1.0,1.0,1.0
611.5,3.0,0.0,0.0,0.0,0.0,0.0,0.0,0.0,0.0,0.0,0.0,0.0,0.0,0.0,0.0,0.0,0.0,0.0,0.0,0.0,0.0
611.75,4.0,0.0,0.0,0.0,0.0,0.0,0.0,0.0,0.0,0.0,0.0,0.0,0.0,0.0,0.0,0.0,0.0,0.0,0.0,0.0,0.0
612.0,1.0,13.964853656351691,12.94018822440347,15.991011259539833,16.515252701000815,16.174525505308292,16.627373724567867,16.971633953760115,17.29430426355902,17.60224760362547,17.73742088654653,1.0,1.0,1.0,1.0,1.0,1.0,1.0,1.0,1.0,1.0
612.25,2.0,14.554231147782035,14.0830070057276,16.336859723584517,17.017339807029195,16.18855429844151,16.324624073267376,16.494045159606948,15.780287705565765,16.398207486905804,16.929895733173378,1.0,1.0,1.0,1.0,1.0,1.0,1.0,1.0,1.0,1.0
612.5,3.0,10.959360022272428,10.483146512184847,11.660158419825883,11.963928032038556,11.401933525478203,12.57036808016438,12.541758192674504,12.40821006671618,12.622440035643276,12.708193049418595,1.0,1.0,1.0,1.0,1.0,1.0,1.0,1.0,1.0,1.0
612.75,4.0,13.79347775485397,13.213224573523261,14.352037369335696,14.352883665098478,15.549314274011143,13.891761001481859,14.728517609759853,14.427516342002551,14.961241494735662,16.46854031107816,1.0,1.0,1.0,1.0,1.0,1.0,1.0,1.0,1.0,1.0
613.0,1.0,14.421916308548305,14.074673841867494,16.16193117566211,15.936614788047489,18.422515376444775,18.011226155722163,18.541304049851426,18.520052351668273,18.714461698079077,18.62533750274297,1.0,1.0,1.0,1.0,1.0,1.0,1.0,1.0,1.0,1.0
613.25,2.0,0.0,0.0,0.0,0.0,0.0,0.0,0.0,0.0,0.0,0.0,0.0,0.0,0.0,0.0,0.0,0.0,0.0,0.0,0.0,0.0
613.5,3.0,12.08298767614296,11.379075321748015,12.193211775241197,11.971172743649142,12.20021935993722,12.840767191247796,13.301616151811364,13.072707066199108,13.17303589459807,12.936567242386774,1.0,1.0,1.0,1.0,1.0,1.0,1.0,1.0,1.0,1.0
613.75,4.0,13.852025067039245,13.78861303602845,14.564592698960075,13.664416798523384,13.723339325524421,12.785165280855209,14.115595615756288,15.104699172698002,15.91709880475764,16.86655993109308,1.0,1.0,1.0,1.0,1.0,1.0,1.0,1.0,1.0,1.0
614.0,1.0,14.30701129844498,15.074171373407284,16.359504137465187,17.694408262664588,18.57812882422175,18.653378601320473,18.385043124626538,18.357130741955253,18.418386190602213,17.772033298277123,1.0,1.0,1.0,1.0,1.0,1.0,1.0,1.0,1.0,1.0
614.25,2.0,14.479265517644341,14.009591136901932,15.467667384696156,17.183736893382378,16.825266122308033,16.459411621961184,16.079675940734145,14.841010286052544,15.508133540398727,16.012656043837616,1.0,1.0,1.0,1.0,1.0,1.0,1.0,1.0,1.0,1.0
614.5,3.0,0.0,0.0,0.0,0.0,0.0,0.0,0.0,0.0,0.0,0.0,0.0,0.0,0.0,0.0,0.0,0.0,0.0,0.0,0.0,0.0
614.75,4.0,14.186942327467492,14.719195396066254,14.527587305566614,13.86823860895672,14.28873203806343,13.982304620959042,14.744712044117728,15.364909873042999,15.939630949863828,16.265888595475552,1.0,1.0,1.0,1.0,1.0,1.0,1.0,1.0,1.0,1.0
615.0,1.0,14.458471364607648,15.762186691720622,17.58722123615584,17.173940410646992,17.82003234538366,17.606797440518825,17.343372369399983,17.544648269062783,17.594795639164882,17.732279121015125,1.0,1.0,1.0,1.0,1.0,1.0,1.0,1.0,1.0,1.0
615.25,2.0,0.0,0.0,0.0,0.0,0.0,0.0,0.0,0.0,0.0,0.0,0.0,0.0,0.0,0.0,0.0,0.0,0.0,0.0,0.0,0.0
615.5,3.0,14.074755549714272,12.52680552615376,12.894649700387214,11.770251998036713,12.400649033956203,13.422640366611684,13.471554179792317,14.824267058918283,13.932332092633029,13.384626228507637,1.0,1.0,1.0,1.0,1.0,1.0,1.0,1.0,1.0,1.0
615.75,4.0,15.119488296622796,14.462555611232716,13.908494188949664,13.074714142087716,14.698930160351324,15.521169140683446,16.034034005161267,16.459790082772184,17.72728885915596,17.81967318149346,1.0,1.0,1.0,1.0,1.0,1.0,1.0,1.0,1.0,1.0
616.0,1.0,0.0,0.0,0.0,0.0,0.0,0.0,0.0,0.0,0.0,0.0,0.0,0.0,0.0,0.0,0.0,0.0,0.0,0.0,0.0,0.0
616.25,2.0,14.014999359348554,14.091063750670214,15.983129393063088,16.346189153428114,15.059550299976486,15.655188331664819,16.167875643143923,15.671738044550278,16.517304750910625,15.587644705773936,1.0,1.0,1.0,1.0,1.0,1.0,1.0,1.0,1.0,1.0
616.5,3.0,13.725346690071724,14.04925219414238,12.822064800317746,11.413918707126605,13.315487945813672,15.069174460231151,15.171973748237415,14.794662795771826,13.493825335942036,12.660291095465459,1.0,1.0,1.0,1.0,1.0,1.0,1.0,1.0,1.0,1.0
616.75,4.0,0.0,0.0,0.0,0.0,0.0,0.0,0.0,0.0,0.0,0.0,0.0,0.0,0.0,0.0,0.0,0.0,0.0,0.0,0.0,0.0
617.0,1.0,15.89593163185297,16.212650775732882,17.168016249692954,16.653230975536946,17.17363548326205,16.60177921377324,17.547015420457672,16.865358107491993,17.285101395094642,17.442814452502333,1.0,1.0,1.0,1.0,1.0,1.0,1.0,1.0,1.0,1.0
617.25,2.0,13.733995034198097,15.307642233621825,16.31877004973187,15.675665735901802,15.246906348248087,15.975097226805344,15.992068197397073,14.393797086793736,15.0488618693245,15.176375674504635,1.0,1.0,1.0,1.0,1.0,1.0,1.0,1.0,1.0,1.0
617.5,3.0,0.0,0.0,0.0,0.0,0.0,0.0,0.0,0.0,0.0,0.0,0.0,0.0,0.0,0.0,0.0,0.0,0.0,0.0,0.0,0.0
617.75,4.0,14.294945368167104,13.827978360870782,15.278435701657513,15.16462115507695,15.23375254523512,16.073362268536858,16.984819659693226,16.96355511443274,17.123459789394765,16.25231728802258,1.0,1.0,1.0,1.0,1.0,1.0,1.0,1.0,1.0,1.0
618.0,1.0,16.68847020437472,17.054736942557092,17.42484400595253,16.937528168453245,17.889883651612347,17.436247530032848,17.43466706211466,16.76592045158181,17.28905375526574,17.226289779839533,1.0,1.0,1.0,1.0,1.0,1.0,1.0,1.0,1.0,1.0
618.25,2.0,0.0,0.0,0.0,0.0,0.0,0.0,0.0,0.0,0.0,0.0,0.0,0.0,0.0,0.0,0.0,0.0,0.0,0.0,0.0,0.0
618.5,3.0,15.359503399927718,14.988087947532232,12.761734421286192,12.921918083922833,14.20258385424563,13.818937236058925,13.559102034357435,13.067458885812178,13.148235635641115,12.952624266050623,1.0,1.0,1.0,1.0,1.0,1.0,1.0,1.0,1.0,1.0
618.75,4.0,14.851550693794486,15.369953312947928,16.647125921449256,16.442292693752552,14.708324488111497,14.924713802025483,15.268246886244677,13.762595413475681,14.774496538308586,15.309402597784874,1.0,1.0,1.0,1.0,1.0,1.0,1.0,1.0,1.0,1.0
619.0,1.0,16.986631922694865,17.518863978077977,17.909536125732068,17.750581136123696,18.772519992239104,18.402002118841224,17.919066527925136,17.060232198136696,18.137286581750327,17.315165511376062,1.0,1.0,1.0,1.0,1.0,1.0,1.0,1.0,1.0,1.0
619.25,2.0,13.959882011993638,15.388399991798568,14.864874388936624,15.150786621107997,14.433047390713382,14.82834334679796,15.364862103628118,14.747411252479315,15.593825750295085,16.0247551274934,1.0,1.0,1.0,1.0,1.0,1.0,1.0,1.0,1.0,1.0
619.5,3.0,0.0,0.0,0.0,0.0,0.0,0.0,0.0,0.0,0.0,0.0,0.0,0.0,0.0,0.0,0.0,0.0,0.0,0.0,0.0,0.0
619.75,4.0,0.0,0.0,0.0,0.0,0.0,0.0,0.0,0.0,0.0,0.0,0.0,0.0,0.0,0.0,0.0,0.0,0.0,0.0,0.0,0.0
620.0,1.0,17.381567900577185,16.78193740579844,18.012329985841816,18.31862543372516,18.683081178231095,18.425799331958604,17.919554232040415,17.5563434291406,17.432690052060057,16.964431222464597,1.0,1.0,1.0,1.0,1.0,1.0,1.0,1.0,1.0,1.0
620.25,2.0,14.443843351312246,15.154086128110393,15.199560363177474,14.379115892990868,13.970142542204151,14.796412972350048,16.02741128936639,16.475483095296884,16.378867837549258,16.122008558602044,1.0,1.0,1.0,1.0,1.0,1.0,1.0,1.0,1.0,1.0
620.5,3.0,14.940370572725136,12.668919701883308,13.112226405229896,13.979168526469975,14.719255679704698,14.586006330584762,14.57347133368361,14.869660581539401,14.036381312924425,14.878870593066901,1.0,1.0,1.0,1.0,1.0,1.0,1.0,1.0,1.0,1.0
620.75,4.0,16.0690870813291,16.390673309487877,17.086073977219225,16.372970540437873,14.879409804188297,15.477311339751342,15.190061019766263,14.585038389965256,16.269594246364015,16.466752048631264,1.0,1.0,1.0,1.0,1.0,1.0,1.0,1.0,1.0,1.0
621.0,1.0,0.0,0.0,0.0,0.0,0.0,0.0,0.0,0.0,0.0,0.0,0.0,0.0,0.0,0.0,0.0,0.0,0.0,0.0,0.0,0.0
621.25,2.0,0.0,0.0,0.0,0.0,0.0,0.0,0.0,0.0,0.0,0.0,0.0,0.0,0.0,0.0,0.0,0.0,0.0,0.0,0.0,0.0
621.5,3.0,12.627893095865826,12.497795088649001,12.500692066386012,12.94221995880115,15.162352954706808,15.83584562811765,15.582255233952765,15.334445735463708,13.945521414024746,14.434711671045674,1.0,1.0,1.0,1.0,1.0,1.0,1.0,1.0,1.0,1.0
621.75,4.0,15.820770869939377,15.781783105271431,16.783524584890344,16.15086978475351,13.810771746795481,15.445999953600822,15.655391239977321,15.870850434157932,17.358118819067744,17.111103747978756,1.0,1.0,1.0,1.0,1.0,1.0,1.0,1.0,1.0,1.0
622.0,1.0,16.113994765326275,17.063268873381286,18.27324670955914,17.843347759987886,18.139250826978085,17.449510445742824,17.4943979709435,16.47756800874691,17.115989652843286,17.010323046607084,1.0,1.0,1.0,1.0,1.0,1.0,1.0,1.0,1.0,1.0
622.25,2.0,15.456858613148535,15.885175338359714,14.877965549684385,13.324804091681393,14.325253183042195,15.134682172656998,15.1106972372121,15.134035410793352,15.867147740541661,15.266456385904533,1.0,1.0,1.0,1.0,1.0,1.0,1.0,1.0,1.0,1.0
622.5,3.0,0.0,0.0,0.0,0.0,0.0,0.0,0.0,0.0,0.0,0.0,0.0,0.0,0.0,0.0,0.0,0.0,0.0,0.0,0.0,0.0
622.75,4.0,15.301493703215398,16.902676234245284,17.163822858500097,15.409746129196835,14.075199070314277,15.95740568266739,16.245129005413744,16.848547948725248,17.748335129174983,17.259451893899886,1.0,1.0,1.0,1.0,1.0,1.0,1.0,1.0,1.0,1.0
623.0,1.0,16.897864672179963,17.503563654188614,17.156375823007817,17.665188637757048,18.732044665750873,17.328311272299228,17.081965638264588,15.017833155697355,15.724825157122462,16.397838670471636,1.0,1.0,1.0,1.0,1.0,1.0,1.0,1.0,1.0,1.0
623.25,2.0,0.0,0.0,0.0,0.0,0.0,0.0,0.0,0.0,0.0,0.0,0.0,0.0,0.0,0.0,0.0,0.0,0.0,0.0,0.0,0.0
623.5,3.0,12.636668747675987,11.322202922831286,13.333766295395224,15.260396317922098,16.60394974725941,16.95919834027672,15.257545309303547,14.401151922997501,13.835127036795532,14.877671962781598,1.0,1.0,1.0,1.0,1.0,1.0,1.0,1.0,1.0,1.0
623.75,4.0,16.81363399258499,17.03293298813914,16.40702162398436,16.079286602654403,15.43527903385007,16.472470531525854,17.648111715219247,18.104230053101592,18.650055860508317,18.518936509613305,1.0,1.0,1.0,1.0,1.0,1.0,1.0,1.0,1.0,1.0
624.0,1.0,0.0,0.0,0.0,0.0,0.0,0.0,0.0,0.0,0.0,0.0,0.0,0.0,0.0,0.0,0.0,0.0,0.0,0.0,0.0,0.0
624.25,2.0,15.670420041866146,15.90004593787771,16.258652593683927,15.349899295289305,15.059437436462117,15.676703317410713,16.205575875600594,15.507577236654749,15.7634106913167,14.291780841153487,1.0,1.0,1.0,1.0,1.0,1.0,1.0,1.0,1.0,1.0
624.5,3.0,13.32248830858915,12.717553784355017,15.176064307760917,17.61290558449791,17.991396704348542,17.70395325789215,15.92106796746845,15.005953044225638,15.48049248887918,15.593661759662712,1.0,1.0,1.0,1.0,1.0,1.0,1.0,1.0,1.0,1.0
624.75,4.0,0.0,0.0,0.0,0.0,0.0,0.0,0.0,0.0,0.0,0.0,0.0,0.0,0.0,0.0,0.0,0.0,0.0,0.0,0.0,0.0
625.0,1.0,17.67655256876301,16.499034630930556,17.130546478133176,17.12886566872476,16.24387871353872,15.693203303159143,14.903492357130913,14.518128426269723,14.622628265850606,14.426794848182835,1.0,1.0,1.0,1.0,1.0,1.0,1.0,1.0,1.0,1.0
625.25,2.0,16.34937318224522,15.78004342937743,16.511511776092597,14.884995251648093,16.00123280432744,16.86094677184702,16.293334416399748,15.84853424893736,15.798819797943196,13.854796704238565,1.0,1.0,1.0,1.0,1.0,1.0,1.0,1.0,1.0,1.0
625.5,3.0,0.0,0.0,0.0,0.0,0.0,0.0,0.0,0.0,0.0,0.0,0.0,0.0,0.0,0.0,0.0,0.0,0.0,0.0,0.0,0.0
625.75,4.0,17.254993077181133,18.062176535169005,17.716117528721536,17.466389017343918,19.523588310103662,19.810237862015974,19.601540078951373,19.741948738698408,19.895459414407004,19.422084303638776,1.0,1.0,1.0,1.0,1.0,1.0,1.0,1.0,1.0,1.0
626.0,1.0,16.776595291226272,16.842286074923273,18.294948042731637,18.84948833585968,17.198608433292133,15.872678286075864,15.223051541972772,14.829255245603964,15.304983593039905,15.38913056804571,1.0,1.0,1.0,1.0,1.0,1.0,1.0,1.0,1.0,1.0
626.25,2.0,0.0,0.0,0.0,0.0,0.0,0.0,0.0,0.0,0.0,0.0,0.0,0.0,0.0,0.0,0.0,0.0,0.0,0.0,0.0,0.0
626.5,3.0,14.677128274590077,16.2994078004513,18.341235565121178,18.66873096268684,19.865814856929358,19.520981277562157,18.22119591036186,15.56070389098336,14.587659957702652,15.267718991724822,1.0,1.0,1.0,1.0,1.0,1.0,1.0,1.0,1.0,1.0
626.75,4.0,17.822812234662514,18.572121882166535,17.953829789707687,17.48838579391925,19.881825599971698,19.862193753698776,20.134394175620997,19.888453936582106,20.29130255466941,19.442362440778634,1.0,1.0,1.0,1.0,1.0,1.0,1.0,1.0,1.0,1.0
627.0,1.0,17.28233436376412,17.369071258498426,17.52051835577468,17.06943409574257,15.79234781287646,15.718249760659573,15.709367882756831,15.03328817885198,14.648658246400784,15.092650628894795,1.0,1.0,1.0,1.0,1.0,1.0,1.0,1.0,1.0,1.0
627.25,2.0,17.28477651205915,16.120535110669692,15.07346329616894,13.204142527989726,15.134266831784187,15.109242731115591,15.394637016049826,15.19884130960138,15.61529576428799,14.783974459332354,1.0,1.0,1.0,1.0,1.0,1.0,1.0,1.0,1.0,1.0
627.5,3.0,0.0,0.0,0.0,0.0,0.0,0.0,0.0,0.0,0.0,0.0,0.0,0.0,0.0,0.0,0.0,0.0,0.0,0.0,0.0,0.0
627.75,4.0,16.84367807865817,18.78991937112283,18.41958343319649,18.761791718700792,19.487329215243314,20.38747518153218,20.148489051746772,18.891882211549937,18.896322100099624,18.3934500029257,1.0,1.0,1.0,1.0,1.0,1.0,1.0,1.0,1.0,1.0
628.0,1.0,16.997406057286234,16.86973101185645,16.8922667308651,16.73513592427614,16.041710380284705,15.410417474811753,15.016937653060193,14.984300773207705,14.910780511972058,15.971572659032836,1.0,1.0,1.0,1.0,1.0,1.0,1.0,1.0,1.0,1.0
628.25,2.0,17.6701049250934,16.76329949672211,15.582242487644933,13.729134801850186,15.449155181270536,16.106613321907368,16.394277224033,15.596485879543357,15.328003922097693,15.463972143012354,1.0,1.0,1.0,1.0,1.0,1.0,1.0,1.0,1.0,1.0
628.5,3.0,16.2530584452279,17.690391061931884,19.921023403352777,19.84228946243478,17.68043390792869,18.353603084772367,17.52262625347489,17.8296010802553,17.291231953790206,18.59198391690395,1.0,1.0,1.0,1.0,1.0,1.0,1.0,1.0,1.0,1.0
628.75,4.0,18.337137819469785,19.62551840191846,19.463489095351477,19.421133733466377,19.971524011118255,20.857619726277253,20.422091580632625,18.68584860348851,17.755480830343668,18.0773264628054,1.0,1.0,1.0,1.0,1.0,1.0,1.0,1.0,1.0,1.0
629.0,1.0,0.0,0.0,0.0,0.0,0.0,0.0,0.0,0.0,0.0,0.0,0.0,0.0,0.0,0.0,0.0,0.0,0.0,0.0,0.0,0.0
629.25,2.0,0.0,0.0,0.0,0.0,0.0,0.0,0.0,0.0,0.0,0.0,0.0,0.0,0.0,0.0,0.0,0.0,0.0,0.0,0.0,0.0
629.5,3.0,17.245223311684658,17.648248568981575,19.50562236116043,19.3090967713727,17.118529666037656,18.266667833339557,17.108779332588938,18.450689010996726,18.089760664214815,19.430412448533055,1.0,1.0,1.0,1.0,1.0,1.0,1.0,1.0,1.0,1.0
629.75,4.0,0.0,0.0,0.0,0.0,0.0,0.0,0.0,0.0,0.0,0.0,0.0,0.0,0.0,0.0,0.0,0.0,0.0,0.0,0.0,0.0
630.0,1.0,17.78586944298564,15.506668846070784,15.805458816136735,16.65239376909355,15.939517552690162,16.590895647936037,17.25041620044851,17.03423977468446,17.023552238505662,18.08434861414685,1.0,1.0,1.0,1.0,1.0,1.0,1.0,1.0,1.0,1.0
630.25,2.0,16.245898528403032,15.295730439769173,15.251406800458584,16.37444242743997,16.092745901730346,16.022082712303348,16.83579220322387,16.388996749818812,16.132681253552793,16.174357628301863,1.0,1.0,1.0,1.0,1.0,1.0,1.0,1.0,1.0,1.0
630.5,3.0,0.0,0.0,0.0,0.0,0.0,0.0,0.0,0.0,0.0,0.0,0.0,0.0,0.0,0.0,0.0,0.0,0.0,0.0,0.0,0.0
630.75,4.0,19.25370950346026,18.86958973426022,17.989123825632515,18.314393062293295,18.367844603535744,19.97892035964864,20.334278762814517,20.183143118551584,19.957205293953926,20.530482160540654,1.0,1.0,1.0,1.0,1.0,1.0,1.0,1.0,1.0,1.0
631.0,1.0,16.53938019871709,14.842779198354771,15.099066626977741,15.675982230529165,16.113584130376243,16.536817385031064,17.168878482904795,16.453554226311258,16.14507598744759,17.396819067751277,1.0,1.0,1.0,1.0,1.0,1.0,1.0,1.0,1.0,1.0
631.25,2.0,0.0,0.0,0.0,0.0,0.0,0.0,0.0,0.0,0.0,0.0,0.0,0.0,0.0,0.0,0.0,0.0,0.0,0.0,0.0,0.0
631.5,3.0,17.79325609936303,17.71769939880204,17.915670421655616,17.423439320794873,17.316324852318953,18.666956827008608,17.607641036771337,18.048257341519196,17.112570169231347,17.664277433345507,1.0,1.0,1.0,1.0,1.0,1.0,1.0,1.0,1.0,1.0
631.75,4.0,19.40867348138845,19.061840042094474,18.284738411955683,18.864731439100506,20.75914708030057,21.766515235878877,21.79803397419579,21.00648355605137,20.266548206969254,21.33355541508788,1.0,1.0,1.0,1.0,1.0,1.0,1.0,1.0,1.0,1.0
632.0,1.0,0.0,0.0,0.0,0.0,0.0,0.0,0.0,0.0,0.0,0.0,0.0,0.0,0.0,0.0,0.0,0.0,0.0,0.0,0.0,0.0
632.25,2.0,13.831385373731129,16.149603010052168,16.304642877038102,16.58594881906864,16.331111980973404,15.099536805428412,15.873102543881002,15.701125685943294,14.846039316781177,14.034635989245968,1.0,1.0,1.0,1.0,1.0,1.0,1.0,1.0,1.0,1.0
632.5,3.0,0.0,0.0,0.0,0.0,0.0,0.0,0.0,0.0,0.0,0.0,0.0,0.0,0.0,0.0,0.0,0.0,0.0,0.0,0.0,0.0
632.75,4.0,0.0,0.0,0.0,0.0,0.0,0.0,0.0,0.0,0.0,0.0,0.0,0.0,0.0,0.0,0.0,0.0,0.0,0.0,0.0,0.0
633.0,1.0,16.288674197455205,15.888891899265758,16.272360928763398,16.31910796737035,15.311300266501162,15.2676311635785,16.60731531858526,16.942434498953247,16.562895351547294,17.03182908891459,1.0,1.0,1.0,1.0,1.0,1.0,1.0,1.0,1.0,1.0
633.25,2.0,14.207017093974077,15.678036048543198,15.272142987944704,15.589564877351297,15.352701279456456,14.726923542025826,15.491319418301934,14.894244583051794,14.496066623311485,14.0803418876086,1.0,1.0,1.0,1.0,1.0,1.0,1.0,1.0,1.0,1.0
633.5,3.0,0.0,0.0,0.0,0.0,0.0,0.0,0.0,0.0,0.0,0.0,0.0,0.0,0.0,0.0,0.0,0.0,0.0,0.0,0.0,0.0
633.75,4.0,18.742209802022863,18.63666040763028,17.386932935229098,18.527167109531568,19.24313681796775,21.288285528227014,21.851808020144706,21.926386555678512,21.02609395796429,20.296256037663966,1.0,1.0,1.0,1.0,1.0,1.0,1.0,1.0,1.0,1.0
634.0,1.0,16.239878263310136,16.850729900057814,16.210428720347704,15.721832068547815,14.670760471908547,14.713223672309992,15.755963124632784,16.223878515856306,16.023098721602505,17.57752462241878,1.0,1.0,1.0,1.0,1.0,1.0,1.0,1.0,1.0,1.0
634.25,2.0,0.0,0.0,0.0,0.0,0.0,0.0,0.0,0.0,0.0,0.0,0.0,0.0,0.0,0.0,0.0,0.0,0.0,0.0,0.0,0.0
634.5,3.0,15.848878316260036,17.81928935105692,17.068061531569086,15.569632514565884,16.84830386295637,17.12983136514137,15.97467984803386,16.651061989233906,15.44580750346208,16.274053823344403,1.0,1.0,1.0,1.0,1.0,1.0,1.0,1.0,1.0,1.0
634.75,4.0,17.935201564803215,18.091688417683812,16.96200920980975,16.93587869179471,18.54991426995744,20.59705976303739,20.654136805937316,20.396399673326354,19.67267904843105,18.614244899777145,1.0,1.0,1.0,1.0,1.0,1.0,1.0,1.0,1.0,1.0
635.0,1.0,15.372221162044374,16.51934950376576,15.572064034037297,15.60293493285585,14.84527092714857,14.51233729291181,16.211596559043045,16.751213501879427,17.243290999667224,18.345730639670176,1.0,1.0,1.0,1.0,1.0,1.0,1.0,1.0,1.0,1.0
635.25,2.0,15.228873832970645,16.80338282247788,16.089163876997564,15.267825246903287,15.488772318883948,14.179776781564067,14.012930932699996,14.369983008395797,14.077187855163945,14.511789538807859,1.0,1.0,1.0,1.0,1.0,1.0,1.0,1.0,1.0,1.0
635.5,3.0,0.0,0.0,0.0,0.0,0.0,0.0,0.0,0.0,0.0,0.0,0.0,0.0,0.0,0.0,0.0,0.0,0.0,0.0,0.0,0.0
635.75,4.0,17.98550523326816,18.23878629147686,17.121018913168186,17.9635559097029,18.94918867368313,19.861762542223236,19.830946310621403,19.544081134230954,19.495419313800998,18.499949012739442,1.0,1.0,1.0,1.0,1.0,1.0,1.0,1.0,1.0,1.0
636.0,1.0,16.768429499557133,16.347530397961904,16.145962245466706,15.05375295376125,14.78865666176021,15.163215387923042,16.325766614229842,17.23174909896416,18.289706022912043,18.83836304733765,1.0,1.0,1.0,1.0,1.0,1.0,1.0,1.0,1.0,1.0
636.25,2.0,0.0,0.0,0.0,0.0,0.0,0.0,0.0,0.0,0.0,0.0,0.0,0.0,0.0,0.0,0.0,0.0,0.0,0.0,0.0,0.0
636.5,3.0,15.499553388040605,17.29811763473724,16.19504530550735,15.41975033279385,16.320745464839174,16.634165964597955,15.669693876663475,16.20511623744482,15.254542902856404,15.703305915218353,1.0,1.0,1.0,1.0,1.0,1.0,1.0,1.0,1.0,1.0
636.75,4.0,18.177272229816463,18.12990572177806,19.42814451533947,18.898639561067476,19.113932052819518,20.07493047173887,19.253142194846614,19.288584237836247,18.454866384768348,16.402010195151668,1.0,1.0,1.0,1.0,1.0,1.0,1.0,1.0,1.0,1.0
637.0,1.0,0.0,0.0,0.0,0.0,0.0,0.0,0.0,0.0,0.0,0.0,0.0,0.0,0.0,0.0,0.0,0.0,0.0,0.0,0.0,0.0
637.25,2.0,0.0,0.0,0.0,0.0,0.0,0.0,0.0,0.0,0.0,0.0,0.0,0.0,0.0,0.0,0.0,0.0,0.0,0.0,0.0,0.0
637.5,3.0,16.510571214116403,17.163616160848864,15.291112327310659,15.489274683636616,16.508046030132693,16.41250056730799,16.640851833666307,15.952917951761332,14.865746374842454,14.89372620455412,1.0,1.0,1.0,1.0,1.0,1.0,1.0,1.0,1.0,1.0
637.75,4.0,0.0,0.0,0.0,0.0,0.0,0.0,0.0,0.0,0.0,0.0,0.0,0.0,0.0,0.0,0.0,0.0,0.0,0.0,0.0,0.0
638.0,1.0,17.343514740765418,16.939329669296,15.656722066844935,14.892689318107195,16.730425776490023,17.291277697059343,18.00199111333532,19.229520804783828,20.36659660012822,20.416466012471815,1.0,1.0,1.0,1.0,1.0,1.0,1.0,1.0,1.0,1.0
638.25,2.0,16.68769090069849,17.263923178424367,15.817013748750993,14.00620464191825,14.886045307895932,15.028575241564939,14.863066018076955,15.129231439803611,14.210339946324561,15.674018752880448,1.0,1.0,1.0,1.0,1.0,1.0,1.0,1.0,1.0,1.0
638.5,3.0,0.0,0.0,0.0,0.0,0.0,0.0,0.0,0.0,0.0,0.0,0.0,0.0,0.0,0.0,0.0,0.0,0.0,0.0,0.0,0.0
638.75,4.0,17.37019136595962,18.191100246641497,18.999108216205993,18.263664656404906,17.010915853970157,17.30925056452606,16.08765335843734,14.401323834681998,14.723616318228496,14.591659740225621,1.0,1.0,1.0,1.0,1.0,1.0,1.0,1.0,1.0,1.0
639.0,1.0,17.90323045721208,17.483600295189156,16.08006752388793,15.042888049574323,16.18026906012821,17.132183542321982,18.855643953874033,18.54249724837383,19.03928761709483,19.577229200253708,1.0,1.0,1.0,1.0,1.0,1.0,1.0,1.0,1.0,1.0
639.25,2.0,0.0,0.0,0.0,0.0,0.0,0.0,0.0,0.0,0.0,0.0,0.0,0.0,0.0,0.0,0.0,0.0,0.0,0.0,0.0,0.0
639.5,3.0,14.877762438502115,14.537446439266063,14.35415721639246,16.172140932798808,16.63418414375362,16.841934690060018,16.973744623769775,16.07595106461188,14.506086094182963,13.972028465165504,1.0,1.0,1.0,1.0,1.0,1.0,1.0,1.0,1.0,1.0
639.75,4.0,17.937292344659458,17.720734909954746,18.028945821859857,18.363345772738242,16.737124387605345,17.027925485673773,15.728906116985293,15.309217545805732,15.395443984592191,15.4473480130798,1.0,1.0,1.0,1.0,1.0,1.0,1.0,1.0,1.0,1.0
640.0,1.0,0.0,0.0,0.0,0.0,0.0,0.0,0.0,0.0,0.0,0.0,0.0,0.0,0.0,0.0,0.0,0.0,0.0,0.0,0.0,0.0
640.25,2.0,15.306755928862959,14.507205034766422,14.313531442960663,15.508826128413062,15.07918992948216,15.214538771681857,15.89162026273153,15.842145370240823,15.546949347312507,16.162936117548508,1.0,1.0,1.0,1.0,1.0,1.0,1.0,1.0,1.0,1.0
640.5,3.0,0.0,0.0,0.0,0.0,0.0,0.0,0.0,0.0,0.0,0.0,0.0,0.0,0.0,0.0,0.0,0.0,0.0,0.0,0.0,0.0
640.75,4.0,0.0,0.0,0.0,0.0,0.0,0.0,0.0,0.0,0.0,0.0,0.0,0.0,0.0,0.0,0.0,0.0,0.0,0.0,0.0,0.0
641.0,1.0,16.482633126616207,16.958256577775995,17.27261156492717,16.85430518637147,16.744685966625777,16.87168374737982,17.994444039271478,17.06532864619818,17.99389685298671,17.552512897283766,1.0,1.0,1.0,1.0,1.0,1.0,1.0,1.0,1.0,1.0
641.25,2.0,15.201643662650437,14.256047362025187,14.406321234610088,14.543276106676947,15.716293653980353,15.393134557095784,16.365452269855265,16.671042060766716,16.48052592288954,17.032080168624358,1.0,1.0,1.0,1.0,1.0,1.0,1.0,1.0,1.0,1.0
641.5,3.0,0.0,0.0,0.0,0.0,0.0,0.0,0.0,0.0,0.0,0.0,0.0,0.0,0.0,0.0,0.0,0.0,0.0,0.0,0.0,0.0
641.75,4.0,17.19848427518288,18.784079146024954,18.042723536350532,16.253395765263882,15.700616778014615,16.205861044254835,15.481219499520083,15.554944574414915,16.009115157238224,17.122225498777652,1.0,1.0,1.0,1.0,1.0,1.0,1.0,1.0,1.0,1.0
642.0,1.0,16.7629142992001,17.796204359444705,18.009290832873848,16.918503771652496,16.58025606932607,15.609301615968246,16.032234880350945,16.011577412727124,16.364773551387287,16.780071846961505,1.0,1.0,1.0,1.0,1.0,1.0,1.0,1.0,1.0,1.0
642.25,2.0,0.0,0.0,0.0,0.0,0.0,0.0,0.0,0.0,0.0,0.0,0.0,0.0,0.0,0.0,0.0,0.0,0.0,0.0,0.0,0.0
642.5,3.0,15.514023153381169,16.022046628876144,16.82594524623589,15.056913611310785,15.994158573267669,17.38600862451783,17.065161126012846,16.92294729563616,15.788280074860435,15.643396001466563,1.0,1.0,1.0,1.0,1.0,1.0,1.0,1.0,1.0,1.0
642.75,4.0,18.6460382867222,18.337236434554853,17.20613045783077,15.494884256874201,15.057049043511384,15.911677846375143,15.469604581330275,17.00715063931456,17.125586870059067,17.574420696793887,1.0,1.0,1.0,1.0,1.0,1.0,1.0,1.0,1.0,1.0
643.0,1.0,17.093949195950117,18.34814670152523,17.048632215031475,15.346654181444183,15.43177900267004,16.19689684407827,17.098040476288467,17.12952666427312,17.472991587996866,17.942271989679124,1.0,1.0,1.0,1.0,1.0,1.0,1.0,1.0,1.0,1.0
643.25,2.0,15.02359800545565,12.882356036765703,12.42406670897025,13.448969975089947,15.565628171267466,15.530625408497102,15.695641133900988,16.4125741237272,16.25087065040401,16.68141216932247,1.0,1.0,1.0,1.0,1.0,1.0,1.0,1.0,1.0,1.0
643.5,3.0,0.0,0.0,0.0,0.0,0.0,0.0,0.0,0.0,0.0,0.0,0.0,0.0,0.0,0.0,0.0,0.0,0.0,0.0,0.0,0.0
643.75,4.0,17.975458219645958,17.81263744576061,17.18982059722461,15.565031817527691,15.028183701840424,15.363529361976964,15.926132678798822,17.37213921379388,16.85906522192788,17.04310395323749,1.0,1.0,1.0,1.0,1.0,1.0,1.0,1.0,1.0,1.0
644.0,1.0,17.913452313398437,18.32021995191745,16.454831751476426,15.53342137910121,16.476119537459095,16.448307649884825,16.754905693444822,15.317506716339675,15.929971217953696,16.699514330476585,1.0,1.0,1.0,1.0,1.0,1.0,1.0,1.0,1.0,1.0
644.25,2.0,0.0,0.0,0.0,0.0,0.0,0.0,0.0,0.0,0.0,0.0,0.0,0.0,0.0,0.0,0.0,0.0,0.0,0.0,0.0,0.0
644.5,3.0,16.718350660999118,17.020167898692712,14.990168246018829,14.79600573605162,16.376338477661843,15.831537521053718,14.773658014622836,15.350887178390186,15.599890890803016,15.68237123279013,1.0,1.0,1.0,1.0,1.0,1.0,1.0,1.0,1.0,1.0
644.75,4.0,18.417245864357188,18.407921487245307,17.481322754316356,16.761489855031265,15.554649062088822,15.970940988050371,15.620781582897596,16.282883698284863,15.681531488940365,15.56087034510598,1.0,1.0,1.0,1.0,1.0,1.0,1.0,1.0,1.0,1.0
645.0,1.0,0.0,0.0,0.0,0.0,0.0,0.0,0.0,0.0,0.0,0.0,0.0,0.0,0.0,0.0,0.0,0.0,0.0,0.0,0.0,0.0
645.25,2.0,0.0,0.0,0.0,0.0,0.0,0.0,0.0,0.0,0.0,0.0,0.0,0.0,0.0,0.0,0.0,0.0,0.0,0.0,0.0,0.0
645.5,3.0,15.629109369681085,16.49139583146963,15.014734609690345,15.325104384007238,15.990619765273781,15.196640244120095,14.87211693314275,14.90555316536801,15.842254038931863,15.838504740519232,1.0,1.0,1.0,1.0,1.0,1.0,1.0,1.0,1.0,1.0
645.75,4.0,0.0,0.0,0.0,0.0,0.0,0.0,0.0,0.0,0.0,0.0,0.0,0.0,0.0,0.0,0.0,0.0,0.0,0.0,0.0,0.0
646.0,1.0,18.670186289249855,17.064807704913427,15.81502127201333,15.267450325291733,16.163576615401148,16.020896781395994,16.203347825031862,15.305926799753125,15.40677220985147,15.263542897826193,1.0,1.0,1.0,1.0,1.0,1.0,1.0,1.0,1.0,1.0
646.25,2.0,15.183923993024603,14.801631223349121,14.105635233537964,14.195392252970482,14.605223982743773,15.340942374457573,16.529931485058754,16.24774205193773,16.042484327659224,15.787982990894072,1.0,1.0,1.0,1.0,1.0,1.0,1.0,1.0,1.0,1.0
646.5,3.0,0.0,0.0,0.0,0.0,0.0,0.0,0.0,0.0,0.0,0.0,0.0,0.0,0.0,0.0,0.0,0.0,0.0,0.0,0.0,0.0
646.75,4.0,16.988336512313488,17.67158404716726,18.14337859874304,17.725161411514268,15.87275933846945,15.951123231799466,15.511147514714166,15.947644469919004,16.176606789169867,18.112442192557253,1.0,1.0,1.0,1.0,1.0,1.0,1.0,1.0,1.0,1.0
647.0,1.0,17.59013892628302,16.344349567073113,15.600703883585807,14.66270957563721,16.782310062438142,16.075191093054425,16.29735032133793,15.62720101639281,16.21253660266911,15.965238403953474,1.0,1.0,1.0,1.0,1.0,1.0,1.0,1.0,1.0,1.0
647.25,2.0,0.0,0.0,0.0,0.0,0.0,0.0,0.0,0.0,0.0,0.0,0.0,0.0,0.0,0.0,0.0,0.0,0.0,0.0,0.0,0.0
647.5,3.0,13.041974997798041,14.332443266424384,14.381720635004136,15.14800914115775,16.294674856640952,16.39727570424177,16.673660832683122,15.909267623270837,14.758688679900146,13.824167556725962,1.0,1.0,1.0,1.0,1.0,1.0,1.0,1.0,1.0,1.0
647.75,4.0,17.740235590450247,17.10756609268452,17.155055959227848,17.34643605679766,15.712075077788807,16.57030678653983,17.041211547644,16.66370735008433,17.663080779519145,18.19393568336157,1.0,1.0,1.0,1.0,1.0,1.0,1.0,1.0,1.0,1.0
648.0,1.0,0.0,0.0,0.0,0.0,0.0,0.0,0.0,0.0,0.0,0.0,0.0,0.0,0.0,0.0,0.0,0.0,0.0,0.0,0.0,0.0
648.25,2.0,15.277649693365287,14.711219649145853,14.681291849919221,14.624428477583322,15.9856250472313,15.87658037178869,16.524234049733572,15.493920937763665,15.578835825948659,15.817777044088091,1.0,1.0,1.0,1.0,1.0,1.0,1.0,1.0,1.0,1.0
648.5,3.0,0.0,0.0,0.0,0.0,0.0,0.0,0.0,0.0,0.0,0.0,0.0,0.0,0.0,0.0,0.0,0.0,0.0,0.0,0.0,0.0
648.75,4.0,0.0,0.0,0.0,0.0,0.0,0.0,0.0,0.0,0.0,0.0,0.0,0.0,0.0,0.0,0.0,0.0,0.0,0.0,0.0,0.0
649.0,1.0,15.140983485262465,14.871986739283901,15.840110602711658,15.712317612572793,16.771845205771985,15.5438070636802,16.003054817939873,15.696904283803383,15.725768849452798,16.145772741200332,1.0,1.0,1.0,1.0,1.0,1.0,1.0,1.0,1.0,1.0
649.25,2.0,14.895440212749797,15.348791828718886,15.901101642141603,16.24614408894482,15.708484810359915,16.018057535410144,17.08081813533341,15.971895045996078,15.325443971555952,15.996921854472198,1.0,1.0,1.0,1.0,1.0,1.0,1.0,1.0,1.0,1.0
649.5,3.0,15.35643972533528,14.887097727580437,14.920456897248823,14.65029539691188,16.510387541413095,15.685155998531231,14.604081714580927,13.678889247164628,14.461624257289794,14.030493664276115,1.0,1.0,1.0,1.0,1.0,1.0,1.0,1.0,1.0,1.0
649.75,4.0,16.352110929771637,16.09164743134592,16.120869814651417,16.72107674683543,17.40334386435704,16.12676375566712,15.888135235729361,16.435289561927963,16.624031138304332,16.97183719849953,1.0,1.0,1.0,1.0,1.0,1.0,1.0,1.0,1.0,1.0
650.0,1.0,15.036015246898483,15.428376859298005,16.329543108926774,16.21124095800734,15.805381266643552,15.24415962912356,15.706269792523214,15.830135784006323,17.07190664220588,17.579203183617324,1.0,1.0,1.0,1.0,1.0,1.0,1.0,1.0,1.0,1.0
650.25,2.0,0.0,0.0,0.0,0.0,0.0,0.0,0.0,0.0,0.0,0.0,0.0,0.0,0.0,0.0,0.0,0.0,0.0,0.0,0.0,0.0
650.5,3.0,14.518176888815212,13.497591776760792,13.509988787701001,15.119438839503022,16.055922599700825,15.708349837778561,15.545303826832589,14.164551042041136,14.546172822895876,13.785744808865584,1.0,1.0,1.0,1.0,1.0,1.0,1.0,1.0,1.0,1.0
650.75,4.0,17.13367768550192,17.371067026854536,16.475432385004556,16.048198553223724,16.21126248313239,16.80708535543289,16.629429783593093,17.27102764146891,17.628463411647715,18.07399055424068,1.0,1.0,1.0,1.0,1.0,1.0,1.0,1.0,1.0,1.0
651.0,1.0,14.470186986590512,14.59807887088411,15.680055552373247,14.332964398800522,14.258049716610788,15.156228573932323,16.098733183625942,16.719036073839096,16.897799171547177,16.665311386856587,1.0,1.0,1.0,1.0,1.0,1.0,1.0,1.0,1.0,1.0
651.25,2.0,15.152089117824188,13.927299956470309,14.560258996735278,15.357134668765067,15.088253945993738,14.66856317053055,14.870610384373492,14.823816350176672,14.605893484611308,15.357361726214808,1.0,1.0,1.0,1.0,1.0,1.0,1.0,1.0,1.0,1.0
651.5,3.0,0.0,0.0,0.0,0.0,0.0,0.0,0.0,0.0,0.0,0.0,0.0,0.0,0.0,0.0,0.0,0.0,0.0,0.0,0.0,0.0
651.75,4.0,16.953980488064513,16.784499543478848,15.798411777440098,16.406533792497918,18.229460940132267,17.778698203147314,17.19587280973095,16.991466054798305,17.823484743056742,18.18037514698586,1.0,1.0,1.0,1.0,1.0,1.0,1.0,1.0,1.0,1.0
652.0,1.0,14.325418918701295,14.844754309480118,15.44565583347071,15.468672899725544,16.445520853709933,16.537812660728584,17.832073427335615,16.885346720419413,15.935564645765536,16.995077398429757,1.0,1.0,1.0,1.0,1.0,1.0,1.0,1.0,1.0,1.0
652.25,2.0,0.0,0.0,0.0,0.0,0.0,0.0,0.0,0.0,0.0,0.0,0.0,0.0,0.0,0.0,0.0,0.0,0.0,0.0,0.0,0.0
652.5,3.0,13.069587277656499,13.36844110443513,12.38444822985803,14.06152498383709,15.876131777816656,14.6983320305014,14.38513509238287,14.068634466002413,14.12205306685903,15.769327392344731,1.0,1.0,1.0,1.0,1.0,1.0,1.0,1.0,1.0,1.0
652.75,4.0,16.242663593746624,15.719281698706059,15.125451433762759,16.794619398967086,18.071095976186836,17.23062679418407,16.77842449043453,16.394935676035196,16.649395532678867,16.98426781044191,1.0,1.0,1.0,1.0,1.0,1.0,1.0,1.0,1.0,1.0
653.0,1.0,0.0,0.0,0.0,0.0,0.0,0.0,0.0,0.0,0.0,0.0,0.0,0.0,0.0,0.0,0.0,0.0,0.0,0.0,0.0,0.0
653.25,2.0,0.0,0.0,0.0,0.0,0.0,0.0,0.0,0.0,0.0,0.0,0.0,0.0,0.0,0.0,0.0,0.0,0.0,0.0,0.0,0.0
653.5,3.0,13.084151638699089,12.620722605408895,12.12177115358559,13.891236823236557,14.656334137263919,13.87070859626043,14.348710298410031,15.692907880067008,15.4443177247117,17.02725541602603,1.0,1.0,1.0,1.0,1.0,1.0,1.0,1.0,1.0,1.0
653.75,4.0,0.0,0.0,0.0,0.0,0.0,0.0,0.0,0.0,0.0,0.0,0.0,0.0,0.0,0.0,0.0,0.0,0.0,0.0,0.0,0.0
654.0,1.0,17.03767923411872,17.1572081771387,17.834258890132414,17.094441955760985,17.322674571025818,16.429501775326077,17.30141389671482,16.99117466552981,16.8097129279791,16.939171598836833,1.0,1.0,1.0,1.0,1.0,1.0,1.0,1.0,1.0,1.0
654.25,2.0,14.153347708975092,13.952795198148122,14.280855743081155,13.421262700655411,13.255681883420134,12.142150203508319,11.911200635618117,11.895572896144714,11.185347190263997,11.459680640616083,1.0,1.0,1.0,1.0,1.0,1.0,1.0,1.0,1.0,1.0
654.5,3.0,0.0,0.0,0.0,0.0,0.0,0.0,0.0,0.0,0.0,0.0,0.0,0.0,0.0,0.0,0.0,0.0,0.0,0.0,0.0,0.0
654.75,4.0,14.444490629371554,15.188762076450319,15.52816497213961,16.225681085860554,14.569685754888166,13.546231664452064,14.528283945951973,14.347379443272072,13.96135845656039,14.245796348361361,1.0,1.0,1.0,1.0,1.0,1.0,1.0,1.0,1.0,1.0
655.0,1.0,16.420968593840623,17.201310308105008,17.849029840261704,16.90109782285019,17.73924300271533,17.168661319413957,17.9008102369158,16.949368050720103,16.70773279066961,17.151285189095837,1.0,1.0,1.0,1.0,1.0,1.0,1.0,1.0,1.0,1.0
655.25,2.0,0.0,0.0,0.0,0.0,0.0,0.0,0.0,0.0,0.0,0.0,0.0,0.0,0.0,0.0,0.0,0.0,0.0,0.0,0.0,0.0
655.5,3.0,12.120458384543667,13.929424754226197,14.73344500204792,15.0436722925988,14.272864036034871,13.288509426764886,14.15623257205585,15.092585142341857,16.84151393546044,17.20186408329416,1.0,1.0,1.0,1.0,1.0,1.0,1.0,1.0,1.0,1.0
655.75,4.0,13.609524167751589,14.300058360963215,13.928550060850865,15.448031101221837,14.942082471832524,13.834006224447691,14.386432622448563,13.710853316121268,13.51298275732602,14.353925169956682,1.0,1.0,1.0,1.0,1.0,1.0,1.0,1.0,1.0,1.0
656.0,1.0,0.0,0.0,0.0,0.0,0.0,0.0,0.0,0.0,0.0,0.0,0.0,0.0,0.0,0.0,0.0,0.0,0.0,0.0,0.0,0.0
656.25,2.0,13.601467683843206,15.037102872681158,14.941561531134106,14.170129692413338,14.256747840849789,13.359967974579096,13.849627135504793,12.491193290825093,12.246706573495425,12.658225588621137,1.0,1.0,1.0,1.0,1.0,1.0,1.0,1.0,1.0,1.0
656.5,3.0,0.0,0.0,0.0,0.0,0.0,0.0,0.0,0.0,0.0,0.0,0.0,0.0,0.0,0.0,0.0,0.0,0.0,0.0,0.0,0.0
656.75,4.0,0.0,0.0,0.0,0.0,0.0,0.0,0.0,0.0,0.0,0.0,0.0,0.0,0.0,0.0,0.0,0.0,0.0,0.0,0.0,0.0
657.0,1.0,18.13149535034113,17.99526007949008,17.975059096515434,17.954071331892127,17.588278111259783,17.84264890744669,18.470014202332358,17.24136255582,17.458443745590838,18.299102818544473,1.0,1.0,1.0,1.0,1.0,1.0,1.0,1.0,1.0,1.0
657.25,2.0,13.956153754418247,14.478458778819595,13.82050322335943,15.315181345912224,14.347856985524244,12.645893163452003,13.390384810152478,12.12370507434696,12.543931135814173,12.384148205627499,1.0,1.0,1.0,1.0,1.0,1.0,1.0,1.0,1.0,1.0
657.5,3.0,13.920173240420482,15.60147505186263,15.059079949953023,15.1016935685403,13.834474026834023,13.98868446793877,14.76087203322199,15.163628664583664,16.654356795730155,17.568249138192925,1.0,1.0,1.0,1.0,1.0,1.0,1.0,1.0,1.0,1.0
657.75,4.0,12.790994996676433,12.791998062585627,11.55231164707724,13.986920485600598,14.687121798275273,14.132192319483854,13.945603085920188,13.811196860598024,14.615477468701213,14.19101531497192,1.0,1.0,1.0,1.0,1.0,1.0,1.0,1.0,1.0,1.0
658.0,1.0,18.51678800437841,18.5190703961769,18.181412327083947,18.183485266817357,18.17279146262589,17.6436271611093,17.81778987051238,17.589720510237857,17.683820996698483,18.311766629814283,1.0,1.0,1.0,1.0,1.0,1.0,1.0,1.0,1.0,1.0
658.25,2.0,0.0,0.0,0.0,0.0,0.0,0.0,0.0,0.0,0.0,0.0,0.0,0.0,0.0,0.0,0.0,0.0,0.0,0.0,0.0,0.0
658.5,3.0,13.816034467683618,13.59239884155287,12.571078756527383,15.122452019535435,15.911638519501187,15.68676498076461,16.684980382132306,16.67020028404836,17.41670155466935,18.08525570728287,1.0,1.0,1.0,1.0,1.0,1.0,1.0,1.0,1.0,1.0
658.75,4.0,13.340092677553606,12.09224613240027,11.210923909789662,13.520284355668519,12.256946651043032,12.462425938655455,12.991566790605066,12.870993087464099,13.865425548836475,13.183633107939624,1.0,1.0,1.0,1.0,1.0,1.0,1.0,1.0,1.0,1.0
659.0,1.0,17.77815712904966,17.149403070816085,16.069905587205998,16.816359743359705,17.145868449749138,18.004389359218454,18.1462713884074,18.009896566993703,18.63744024920726,18.606292439474807,1.0,1.0,1.0,1.0,1.0,1.0,1.0,1.0,1.0,1.0
659.25,2.0,13.432509547300267,15.471336774383612,14.561828771321048,14.485591019834168,14.543045575580754,12.736447070680706,12.883683968870116,12.014230763902823,11.841632734513274,12.210315789491347,1.0,1.0,1.0,1.0,1.0,1.0,1.0,1.0,1.0,1.0
659.5,3.0,0.0,0.0,0.0,0.0,0.0,0.0,0.0,0.0,0.0,0.0,0.0,0.0,0.0,0.0,0.0,0.0,0.0,0.0,0.0,0.0
659.75,4.0,12.231172520122666,10.890228429060306,11.571940834065883,12.931193305066774,12.071244592344991,13.862582555714386,14.050239785509167,13.767939316002,13.57626246926239,12.68410692231187,1.0,1.0,1.0,1.0,1.0,1.0,1.0,1.0,1.0,1.0
