time,beamID,lineOfSightWindSpeed1,lineOfSightWindSpeed2,lineOfSightWindSpeed3,lineOfSightWindSpeed4,lineOfSightWindSpeed5,lineOfSightWindSpeed6,lineOfSightWindSpeed7,lineOfSightWindSpeed8,lineOfSightWindSpeed9,lineOfSightWindSpeed10,isValid1,isValid2,isValid3,isValid4,isValid5,isValid6,isValid7,isValid8,isValid9,isValid10
0.0,1.0,15.541401993445154,16.84077437099931,17.74888643187982,18.041265632312257,16.028105750169434,15.183942732472206,15.081094995177365,15.507965864613784,17.08731713764573,18.043659749743494,1.0,1.0,1.0,1.0,1.0,1.0,1.0,1.0,1.0,1.0
0.25,2.0,16.771648632364336,18.651625882606293,16.970776213688854,16.507668240688606,17.154923909187335,17.03603764771165,16.63330051814877,17.386143345527326,17.650971469517255,17.652511808678042,1.0,1.0,1.0,1.0,1.0,1.0,1.0,1.0,1.0,1.0
0.5,3.0,0.0,0.0,0.0,0.0,0.0,0.0,0.0,0.0,0.0,0.0,0.0,0.0,0.0,0.0,0.0,0.0,0.0,0.0,0.0,0.0
0.75,4.0,16.744664389183136,17.390326938793397,16.943613922443184,17.18427111859239,18.195629066533744,17.90770203267711,17.819485015102046,18.85357043704039,19.242977928144025,19.503287850493162,1.0,1.0,1.0,1.0,1.0,1.0,1.0,1.0,1.0,1.0
1.0,1.0,16.69085545991901,18.195996518587172,18.993840678479405,17.161758462292482,14.930498366994696,15.177714393908833,15.699911453048935,16.437909366814093,18.37737375872539,19.484473013186886,1.0,1.0,1.0,1.0,1.0,1.0,1.0,1.0,1.0,1.0
1.25,2.0,17.10408736108204,19.04174990938374,17.28216946313523,16.379571662982137,17.623569346500325,17.613744151974373,17.600061855583856,17.67910811796881,17.73618263379821,17.44646337492029,1.0,1.0,1.0,1.0,1.0,1.0,1.0,1.0,1.0,1.0
1.5,3.0,18.5857043594988,18.248236095893173,18.935677406077527,18.025342529970885,17.56302268658051,16.50665084752726,16.330728497505575,16.205254250533336,16.23875855206575,17.252232597264985,1.0,1.0,1.0,1.0,1.0,1.0,1.0,1.0,1.0,1.0
1.75,4.0,17.089908594796736,17.902667942539118,16.713438543092387,16.845067968288962,18.015102257960333,18.95085201341966,19.133913651406118,20.292062591819466,20.28776986854059,19.781170164460974,1.0,1.0,1.0,1.0,1.0,1.0,1.0,1.0,1.0,1.0
2.0,1.0,0.0,0.0,0.0,0.0,0.0,0.0,0.0,0.0,0.0,0.0,0.0,0.0,0.0,0.0,0.0,0.0,0.0,0.0,0.0,0.0
2.25,2.0,0.0,0.0,0.0,0.0,0.0,0.0,0.0,0.0,0.0,0.0,0.0,0.0,0.0,0.0,0.0,0.0,0.0,0.0,0.0,0.0
2.5,3.0,19.47104331506549,19.6285889732845,19.581192378934567,18.729480145903743,17.139951499598073,16.623516262082287,16.9311056872005,17.07946453803248,17.43508165236036,17.914796688784218,1.0,1.0,1.0,1.0,1.0,1.0,1.0,1.0,1.0,1.0
2.75,4.0,0.0,0.0,0.0,0.0,0.0,0.0,0.0,0.0,0.0,0.0,0.0,0.0,0.0,0.0,0.0,0.0,0.0,0.0,0.0,0.0
3.0,1.0,18.49022864403431,20.48743649087879,18.767227358424268,17.296349628124258,15.619977022410604,16.093128361039682,17.041495588143132,17.88270092324659,19.330045295771715,19.984836671760977,1.0,1.0,1.0,1.0,1.0,1.0,1.0,1.0,1.0,1.0
3.25,2.0,17.63110086188985,16.86397423648101,16.13580696431846,16.589894531122805,18.163847118953623,18.207850072884572,18.75599650305586,19.49321971064704,18.366394797252926,17.756212917591657,1.0,1.0,1.0,1.0,1.0,1.0,1.0,1.0,1.0,1.0
3.5,3.0,0.0,0.0,0.0,0.0,0.0,0.0,0.0,0.0,0.0,0.0,0.0,0.0,0.0,0.0,0.0,0.0,0.0,0.0,0.0,0.0
3.75,4.0,18.1206490722601,17.423832081770318,18.220678409272992,18.714315006760906,20.292082558349733,20.641837409713872,20.89470368613415,20.48445264903924,19.71532606664041,18.21780108739137,1.0,1.0,1.0,1.0,1.0,1.0,1.0,1.0,1.0,1.0
4.0,1.0,18.801879309493906,19.090698795703457,18.513070221937863,17.380940491659562,16.084352216068478,17.722556948537992,18.07197251800356,18.977876169906505,20.78160190194531,21.136340530029308,1.0,1.0,1.0,1.0,1.0,1.0,1.0,1.0,1.0,1.0
4.25,2.0,0.0,0.0,0.0,0.0,0.0,0.0,0.0,0.0,0.0,0.0,0.0,0.0,0.0,0.0,0.0,0.0,0.0,0.0,0.0,0.0
4.5,3.0,19.72439867126706,20.0976730778708,19.17745756042066,17.84493617682469,16.86654219956287,17.133601021899278,18.791368195191104,18.836408104533238,18.19794663785632,18.024378399192198,1.0,1.0,1.0,1.0,1.0,1.0,1.0,1.0,1.0,1.0
4.75,4.0,18.299152713283185,16.905281444466546,17.814503100674525,18.34965049737011,19.964776498375418,20.21761952316312,20.5291440385851,20.093499199408388,19.307465421045944,19.539469238125893,1.0,1.0,1.0,1.0,1.0,1.0,1.0,1.0,1.0,1.0
5.0,1.0,0.0,0.0,0.0,0.0,0.0,0.0,0.0,0.0,0.0,0.0,0.0,0.0,0.0,0.0,0.0,0.0,0.0,0.0,0.0,0.0
5.25,2.0,16.71191969978289,15.371339729475391,15.039569540210952,16.16812330382196,18.570227176881684,19.09650808892505,19.542973269324893,19.262339606305947,19.74353426190098,18.536495972805252,1.0,1.0,1.0,1.0,1.0,1.0,1.0,1.0,1.0,1.0
5.5,3.0,0.0,0.0,0.0,0.0,0.0,0.0,0.0,0.0,0.0,0.0,0.0,0.0,0.0,0.0,0.0,0.0,0.0,0.0,0.0,0.0
5.75,4.0,0.0,0.0,0.0,0.0,0.0,0.0,0.0,0.0,0.0,0.0,0.0,0.0,0.0,0.0,0.0,0.0,0.0,0.0,0.0,0.0
6.0,1.0,17.73974271140315,17.918377486916224,18.04111626764385,17.78297054516886,17.50699186997762,18.442378293362374,19.881169340255514,20.91153080002671,21.450886455306836,21.626607241107575,1.0,1.0,1.0,1.0,1.0,1.0,1.0,1.0,1.0,1.0
6.25,2.0,16.59608855660769,15.106803039042147,15.674790432507482,16.501392696042622,17.217414637239294,18.140943228732134,18.221899542581745,18.928014709407616,19.241237838434635,18.31975267808245,1.0,1.0,1.0,1.0,1.0,1.0,1.0,1.0,1.0,1.0
6.5,3.0,0.0,0.0,0.0,0.0,0.0,0.0,0.0,0.0,0.0,0.0,0.0,0.0,0.0,0.0,0.0,0.0,0.0,0.0,0.0,0.0
6.75,4.0,18.42402782137552,18.113916288470246,18.736557486916315,20.50400017417468,19.879570689778756,18.92515009717648,20.09078195452411,20.155133460855367,18.337426399067944,18.424923355203212,1.0,1.0,1.0,1.0,1.0,1.0,1.0,1.0,1.0,1.0
7.0,1.0,17.313423973527176,19.915765471743736,19.386645255984032,18.847816634074665,19.417676391754437,19.883379583080163,20.993929347059414,21.90821640559742,22.118547113324794,22.699659419631498,1.0,1.0,1.0,1.0,1.0,1.0,1.0,1.0,1.0,1.0
7.25,2.0,0.0,0.0,0.0,0.0,0.0,0.0,0.0,0.0,0.0,0.0,0.0,0.0,0.0,0.0,0.0,0.0,0.0,0.0,0.0,0.0
7.5,3.0,19.371700295926384,18.373070854944267,17.437825359769224,17.997005985735182,18.522495420821436,18.231932107902473,18.57461842205923,18.908486422614118,19.17502677018099,19.13285705803088,1.0,1.0,1.0,1.0,1.0,1.0,1.0,1.0,1.0,1.0
7.75,4.0,17.671017058183704,18.65298092918506,19.88285276907212,19.852880439312322,19.073747842282064,17.873219115798022,19.383968091123936,19.551741935863003,18.957247887166165,19.03281125040133,1.0,1.0,1.0,1.0,1.0,1.0,1.0,1.0,1.0,1.0
8.0,1.0,18.204921432146307,20.58538959474593,19.97616800903865,18.834328126468517,20.373049465876605,20.22474682612522,21.505139935612718,21.512209451309804,22.32520987223473,21.956192831438344,1.0,1.0,1.0,1.0,1.0,1.0,1.0,1.0,1.0,1.0
8.25,2.0,17.68612787468262,16.36166460654243,15.891342557530928,16.202585132763325,16.690841267854168,18.31859564234272,18.508090906984474,18.253300269601585,17.97273985007308,17.056904841007576,1.0,1.0,1.0,1.0,1.0,1.0,1.0,1.0,1.0,1.0
8.5,3.0,0.0,0.0,0.0,0.0,0.0,0.0,0.0,0.0,0.0,0.0,0.0,0.0,0.0,0.0,0.0,0.0,0.0,0.0,0.0,0.0
8.75,4.0,18.483072925134255,20.412296866528454,18.76772703294729,17.691596132605813,18.328804065852896,17.848985346374914,18.297450605165768,19.455743778424694,18.359606263404586,18.29219607693227,1.0,1.0,1.0,1.0,1.0,1.0,1.0,1.0,1.0,1.0
9.0,1.0,19.3623240837022,20.633013789124696,20.11844341405776,20.744544208014144,20.600999707481005,20.636650487009973,22.078223482793533,22.671120921057838,22.76626228999897,21.50792544699966,1.0,1.0,1.0,1.0,1.0,1.0,1.0,1.0,1.0,1.0
9.25,2.0,0.0,0.0,0.0,0.0,0.0,0.0,0.0,0.0,0.0,0.0,0.0,0.0,0.0,0.0,0.0,0.0,0.0,0.0,0.0,0.0
9.5,3.0,18.761102801749463,17.628554764369124,16.978716330179846,17.884069123833235,18.048781142695184,19.51721172787685,19.87746913792251,20.108574527503777,19.417735962823794,18.298453182783724,1.0,1.0,1.0,1.0,1.0,1.0,1.0,1.0,1.0,1.0
9.75,4.0,19.1812105905213,19.51797740341778,18.141995774348608,17.87574001540672,17.919547158423068,17.130897060202866,17.662894154235364,18.42852425565682,18.72764020391687,19.288484665328586,1.0,1.0,1.0,1.0,1.0,1.0,1.0,1.0,1.0,1.0
10.0,1.0,0.0,0.0,0.0,0.0,0.0,0.0,0.0,0.0,0.0,0.0,0.0,0.0,0.0,0.0,0.0,0.0,0.0,0.0,0.0,0.0
10.25,2.0,0.0,0.0,0.0,0.0,0.0,0.0,0.0,0.0,0.0,0.0,0.0,0.0,0.0,0.0,0.0,0.0,0.0,0.0,0.0,0.0
10.5,3.0,18.0272941781867,16.862569173285667,16.628087722699753,18.5183533937466,20.103842995839404,20.429772196332195,19.18202606094841,18.62323555979839,18.52830638650749,17.72760651292212,1.0,1.0,1.0,1.0,1.0,1.0,1.0,1.0,1.0,1.0
10.75,4.0,0.0,0.0,0.0,0.0,0.0,0.0,0.0,0.0,0.0,0.0,0.0,0.0,0.0,0.0,0.0,0.0,0.0,0.0,0.0,0.0
11.0,1.0,19.090815381168834,20.84024362453612,21.77322188199418,19.633915606466854,19.695564614929012,20.601151498005983,21.663987088938867,20.28134662154496,19.864531968160193,19.014640331684895,1.0,1.0,1.0,1.0,1.0,1.0,1.0,1.0,1.0,1.0
11.25,2.0,16.41769335643209,17.213024799482668,16.553592392347273,16.34403447781587,16.572341698102825,17.678074155489167,16.91753511251835,16.873088513262694,16.524300843484603,15.512838369329602,1.0,1.0,1.0,1.0,1.0,1.0,1.0,1.0,1.0,1.0
11.5,3.0,0.0,0.0,0.0,0.0,0.0,0.0,0.0,0.0,0.0,0.0,0.0,0.0,0.0,0.0,0.0,0.0,0.0,0.0,0.0,0.0
11.75,4.0,18.566083768176505,17.964892697128402,16.959868282175016,17.977335125539483,19.002827909795982,19.02457753528004,20.049089184852992,21.155333048664094,20.869641425460376,21.00168117139753,1.0,1.0,1.0,1.0,1.0,1.0,1.0,1.0,1.0,1.0
12.0,1.0,20.67399737373379,22.156477802314193,21.693329614422975,19.2815947668118,20.210758431767392,19.913237593868246,19.700234320768942,19.12051955782619,19.050487674896164,18.53711392874087,1.0,1.0,1.0,1.0,1.0,1.0,1.0,1.0,1.0,1.0
12.25,2.0,0.0,0.0,0.0,0.0,0.0,0.0,0.0,0.0,0.0,0.0,0.0,0.0,0.0,0.0,0.0,0.0,0.0,0.0,0.0,0.0
12.5,3.0,17.014191709124553,16.359471075526226,17.30391756164335,19.030180405068894,19.5768397505686,18.94203723036004,18.20621891649139,16.24442803108944,15.483493419523617,13.306516290418575,1.0,1.0,1.0,1.0,1.0,1.0,1.0,1.0,1.0,1.0
12.75,4.0,17.808543659854834,18.644557819628346,17.770039637201933,18.04158836072472,18.826311239997025,19.546462255484137,20.46756045166632,21.213404659935215,20.97755845843442,21.872720916618388,1.0,1.0,1.0,1.0,1.0,1.0,1.0,1.0,1.0,1.0
13.0,1.0,0.0,0.0,0.0,0.0,0.0,0.0,0.0,0.0,0.0,0.0,0.0,0.0,0.0,0.0,0.0,0.0,0.0,0.0,0.0,0.0
13.25,2.0,17.655830195468504,16.641206971313103,16.941566233014875,17.801765760001057,15.99161780387201,16.502223213113993,15.67875983850082,16.07801080108536,16.04017735765698,14.68113174690106,1.0,1.0,1.0,1.0,1.0,1.0,1.0,1.0,1.0,1.0
13.5,3.0,0.0,0.0,0.0,0.0,0.0,0.0,0.0,0.0,0.0,0.0,0.0,0.0,0.0,0.0,0.0,0.0,0.0,0.0,0.0,0.0
13.75,4.0,0.0,0.0,0.0,0.0,0.0,0.0,0.0,0.0,0.0,0.0,0.0,0.0,0.0,0.0,0.0,0.0,0.0,0.0,0.0,0.0
14.0,1.0,22.43568933057339,20.024343469397635,19.30196238666879,19.549157596655448,18.045749658501702,18.63412798982148,18.705005603691628,18.64218481781838,18.266535123105957,18.65505463025454,1.0,1.0,1.0,1.0,1.0,1.0,1.0,1.0,1.0,1.0
14.25,2.0,16.825436620270654,16.24614399750172,16.99375110182002,17.120501369714077,15.729276580943717,16.608537155625626,16.280327486199035,16.25387339179324,15.800926591240644,14.841130001512884,1.0,1.0,1.0,1.0,1.0,1.0,1.0,1.0,1.0,1.0
14.5,3.0,0.0,0.0,0.0,0.0,0.0,0.0,0.0,0.0,0.0,0.0,0.0,0.0,0.0,0.0,0.0,0.0,0.0,0.0,0.0,0.0
14.75,4.0,18.457424730298605,20.311201394620397,20.49361198742233,20.500997411342716,20.18365587942371,19.941913419890913,21.64067776191751,22.7901529232307,23.58136643363524,24.528913115156445,1.0,1.0,1.0,1.0,1.0,1.0,1.0,1.0,1.0,1.0
15.0,1.0,21.154066174841294,19.752513129456812,20.827727335840596,21.133740000001023,18.99937335151884,19.426063301412423,19.6637332965109,19.83400322359199,18.947034119803533,18.730617459477692,1.0,1.0,1.0,1.0,1.0,1.0,1.0,1.0,1.0,1.0
15.25,2.0,0.0,0.0,0.0,0.0,0.0,0.0,0.0,0.0,0.0,0.0,0.0,0.0,0.0,0.0,0.0,0.0,0.0,0.0,0.0,0.0
15.5,3.0,17.98391075743046,17.097067969982124,16.786156527611762,17.550437102898893,16.41038382011724,15.996905371857485,15.652088902437146,15.337717836105307,15.949073198748112,15.064669992109133,1.0,1.0,1.0,1.0,1.0,1.0,1.0,1.0,1.0,1.0
15.75,4.0,20.173689447978543,21.64311588141631,21.146614607993552,21.697112925503173,21.087529413617695,21.507095065560787,22.795647796631297,24.428804866187487,24.59224706347737,25.02550897130169,1.0,1.0,1.0,1.0,1.0,1.0,1.0,1.0,1.0,1.0
16.0,1.0,20.740541141381918,20.480474478534834,21.018863424976256,21.157477376804305,20.737471430699042,20.760232608243925,19.67785749488031,19.040437769471644,18.134238441913112,19.374612811027028,1.0,1.0,1.0,1.0,1.0,1.0,1.0,1.0,1.0,1.0
16.25,2.0,18.09052604351828,17.47471580740376,15.925307129933007,15.924210724923544,14.145362010136374,14.83407340122355,13.781368748347592,14.115827503265661,14.384714054671486,14.195625647602943,1.0,1.0,1.0,1.0,1.0,1.0,1.0,1.0,1.0,1.0
16.5,3.0,0.0,0.0,0.0,0.0,0.0,0.0,0.0,0.0,0.0,0.0,0.0,0.0,0.0,0.0,0.0,0.0,0.0,0.0,0.0,0.0
16.75,4.0,21.046137776113287,22.89002861736596,21.58045831847209,22.06034122132731,22.688309248491592,22.5368747096656,24.44598134426404,24.339115076525736,23.85289490439016,24.08129440357219,1.0,1.0,1.0,1.0,1.0,1.0,1.0,1.0,1.0,1.0
17.0,1.0,19.467396023686014,19.884232731528865,20.301731828166606,20.124006805646925,19.980468178915515,19.67737584480866,19.01494755491058,18.06933678954461,18.2369037107849,19.55223225333565,1.0,1.0,1.0,1.0,1.0,1.0,1.0,1.0,1.0,1.0
17.25,2.0,0.0,0.0,0.0,0.0,0.0,0.0,0.0,0.0,0.0,0.0,0.0,0.0,0.0,0.0,0.0,0.0,0.0,0.0,0.0,0.0
17.5,3.0,17.997602206268816,17.304825050502547,16.428211557123053,15.319469841937268,16.11481453084348,16.31730096578158,15.608533685201088,15.866419910522234,16.190245247602622,17.207526279406164,1.0,1.0,1.0,1.0,1.0,1.0,1.0,1.0,1.0,1.0
17.75,4.0,22.385192579236087,24.168046849296292,22.140775100306925,23.41297218905097,23.181959942010337,23.856395701198643,24.21376989031779,23.848174875565118,23.637677901812314,22.878563779542688,1.0,1.0,1.0,1.0,1.0,1.0,1.0,1.0,1.0,1.0
18.0,1.0,0.0,0.0,0.0,0.0,0.0,0.0,0.0,0.0,0.0,0.0,0.0,0.0,0.0,0.0,0.0,0.0,0.0,0.0,0.0,0.0
18.25,2.0,0.0,0.0,0.0,0.0,0.0,0.0,0.0,0.0,0.0,0.0,0.0,0.0,0.0,0.0,0.0,0.0,0.0,0.0,0.0,0.0
18.5,3.0,17.421298738957447,17.256930067784847,15.903098991231628,15.171671967934495,15.375833794681762,15.571232505664161,14.59970744656687,16.25950221975494,16.56743722773236,17.240929256329988,1.0,1.0,1.0,1.0,1.0,1.0,1.0,1.0,1.0,1.0
18.75,4.0,0.0,0.0,0.0,0.0,0.0,0.0,0.0,0.0,0.0,0.0,0.0,0.0,0.0,0.0,0.0,0.0,0.0,0.0,0.0,0.0
19.0,1.0,20.185537038011013,19.984464787373167,20.59027718979555,20.283247613482157,19.391052046789202,19.956833159155135,18.958438716613742,18.37959967651963,17.63785117494064,17.51710262083704,1.0,1.0,1.0,1.0,1.0,1.0,1.0,1.0,1.0,1.0
19.25,2.0,17.033078662473894,16.521919669419734,14.464244695925334,14.736291204364502,13.136362856073891,13.152084220429467,13.113206165136292,13.497265081795508,13.373095806363969,14.482642218308161,1.0,1.0,1.0,1.0,1.0,1.0,1.0,1.0,1.0,1.0
19.5,3.0,0.0,0.0,0.0,0.0,0.0,0.0,0.0,0.0,0.0,0.0,0.0,0.0,0.0,0.0,0.0,0.0,0.0,0.0,0.0,0.0
19.75,4.0,22.263967110507025,22.511288141151795,21.294555187398853,22.667829091763124,22.0296799955928,21.712218701106156,22.283125950172913,21.86218140974684,22.180783160355002,21.359313253095806,1.0,1.0,1.0,1.0,1.0,1.0,1.0,1.0,1.0,1.0
20.0,1.0,19.98084009416477,20.072402866216393,20.47692946858881,21.101821491343316,19.545715758586486,18.603055075915414,17.33468897498863,16.705635522838964,16.00654910938782,16.46567408788626,1.0,1.0,1.0,1.0,1.0,1.0,1.0,1.0,1.0,1.0
20.25,2.0,0.0,0.0,0.0,0.0,0.0,0.0,0.0,0.0,0.0,0.0,0.0,0.0,0.0,0.0,0.0,0.0,0.0,0.0,0.0,0.0
20.5,3.0,17.99951564169614,16.823694960801944,17.138675987540704,17.210234750625933,16.554422257315373,17.266935790762663,16.398560102802243,16.799958003871694,16.371097153440875,16.713073809256628,1.0,1.0,1.0,1.0,1.0,1.0,1.0,1.0,1.0,1.0
20.75,4.0,20.741849389399057,22.49630356520202,21.615942831870196,22.160769117353837,21.532834917121516,21.34074427689934,21.96252302223941,21.86710805052845,22.37453459426034,22.65434008380007,1.0,1.0,1.0,1.0,1.0,1.0,1.0,1.0,1.0,1.0
21.0,1.0,0.0,0.0,0.0,0.0,0.0,0.0,0.0,0.0,0.0,0.0,0.0,0.0,0.0,0.0,0.0,0.0,0.0,0.0,0.0,0.0
21.25,2.0,15.356327230434292,14.480898949843246,14.172783133141232,13.69529626230871,14.557201852087546,14.33326510235799,14.355356412345374,13.612089026405199,14.265104254324672,14.530771428638356,1.0,1.0,1.0,1.0,1.0,1.0,1.0,1.0,1.0,1.0
21.5,3.0,0.0,0.0,0.0,0.0,0.0,0.0,0.0,0.0,0.0,0.0,0.0,0.0,0.0,0.0,0.0,0.0,0.0,0.0,0.0,0.0
21.75,4.0,0.0,0.0,0.0,0.0,0.0,0.0,0.0,0.0,0.0,0.0,0.0,0.0,0.0,0.0,0.0,0.0,0.0,0.0,0.0,0.0
22.0,1.0,20.62862147961712,20.640291854949936,20.05889699476077,19.90142964703108,17.87017356179722,17.654763151773892,16.761341022309,15.793728491148961,16.745524722502008,17.43672621579197,1.0,1.0,1.0,1.0,1.0,1.0,1.0,1.0,1.0,1.0
22.25,2.0,14.62182773574604,14.627955828403595,14.747371280638694,14.224900243761633,14.497016379831189,13.370668648705275,13.312208489710606,12.474747208490177,13.180249698544525,14.260946879806875,1.0,1.0,1.0,1.0,1.0,1.0,1.0,1.0,1.0,1.0
22.5,3.0,18.390597634520947,17.080092642728214,18.573471152487244,17.851864536989005,16.945725262058257,17.713695706089524,17.258045542430562,16.848448696912467,17.342930138854403,17.325461011112854,1.0,1.0,1.0,1.0,1.0,1.0,1.0,1.0,1.0,1.0
22.75,4.0,20.550686574057554,22.736307588711284,20.675964962337304,21.79583357332153,21.48939909661435,20.970667895256742,21.049437286958458,20.067031897648587,19.798798936471197,19.953554260206687,1.0,1.0,1.0,1.0,1.0,1.0,1.0,1.0,1.0,1.0
23.0,1.0,20.91969541970231,20.24739707771954,19.060860358508506,18.495913955731826,17.565337118059436,17.669083194797075,16.93780952982855,16.32903564346607,16.84404049616382,17.29178018354303,1.0,1.0,1.0,1.0,1.0,1.0,1.0,1.0,1.0,1.0
23.25,2.0,0.0,0.0,0.0,0.0,0.0,0.0,0.0,0.0,0.0,0.0,0.0,0.0,0.0,0.0,0.0,0.0,0.0,0.0,0.0,0.0
23.5,3.0,18.188628182739734,17.03029044099345,18.735257553534428,18.204115460126182,18.3711140866977,18.8378421826436,18.383855366457187,17.88060233691752,18.03907512482329,17.13574691557581,1.0,1.0,1.0,1.0,1.0,1.0,1.0,1.0,1.0,1.0
23.75,4.0,20.138106073044682,20.943282891672812,20.647355960814096,21.832374597939737,21.15330113219603,20.125258139362987,20.541690915443017,19.727194015566376,18.256996653626548,17.846257621635804,1.0,1.0,1.0,1.0,1.0,1.0,1.0,1.0,1.0,1.0
24.0,1.0,19.6857644451511,18.163477109822175,17.361809997297225,17.84545002813646,17.452157109948065,17.252354532859584,17.215392594860273,16.887702855459505,16.256737920578807,16.3189058833234,1.0,1.0,1.0,1.0,1.0,1.0,1.0,1.0,1.0,1.0
24.25,2.0,16.163852936398882,16.162167580377407,15.127950885642655,15.113304501165336,14.600359072638527,14.930825963194083,14.9173911391911,14.214382003839361,14.36235697884449,14.490656227599876,1.0,1.0,1.0,1.0,1.0,1.0,1.0,1.0,1.0,1.0
24.5,3.0,0.0,0.0,0.0,0.0,0.0,0.0,0.0,0.0,0.0,0.0,0.0,0.0,0.0,0.0,0.0,0.0,0.0,0.0,0.0,0.0
24.75,4.0,18.653789607494986,20.03537848972674,20.005061129409306,20.152173492740985,19.56284329018202,18.461522442242863,19.39873497538258,19.546222537083935,18.654449776166597,18.37438717531168,1.0,1.0,1.0,1.0,1.0,1.0,1.0,1.0,1.0,1.0
25.0,1.0,18.986431677116297,17.75472580756939,18.05146158832251,17.833916922647568,17.310548565666643,16.907681849396667,16.478398530602917,15.744174804422467,15.376941338010619,15.368439563645047,1.0,1.0,1.0,1.0,1.0,1.0,1.0,1.0,1.0,1.0
25.25,2.0,0.0,0.0,0.0,0.0,0.0,0.0,0.0,0.0,0.0,0.0,0.0,0.0,0.0,0.0,0.0,0.0,0.0,0.0,0.0,0.0
25.5,3.0,19.443881020554155,18.348245597375605,18.273715706469513,19.071870775902138,19.17027564467076,18.76208005587954,18.710156426481117,18.659916337500924,19.815301083152857,19.238044394275235,1.0,1.0,1.0,1.0,1.0,1.0,1.0,1.0,1.0,1.0
25.75,4.0,18.67523256851773,19.73221226116597,17.923925170039304,18.545185024390378,18.53617832915175,18.467626125964117,20.328041217032887,20.301639101921392,19.46548303085033,19.333129676669948,1.0,1.0,1.0,1.0,1.0,1.0,1.0,1.0,1.0,1.0
26.0,1.0,0.0,0.0,0.0,0.0,0.0,0.0,0.0,0.0,0.0,0.0,0.0,0.0,0.0,0.0,0.0,0.0,0.0,0.0,0.0,0.0
26.25,2.0,0.0,0.0,0.0,0.0,0.0,0.0,0.0,0.0,0.0,0.0,0.0,0.0,0.0,0.0,0.0,0.0,0.0,0.0,0.0,0.0
26.5,3.0,19.828399251998146,19.106847740352812,20.141412400258083,19.71374494358466,18.81965160720071,18.305109670604587,18.673799456066007,18.902879609675022,19.150654479894175,18.960123493088098,1.0,1.0,1.0,1.0,1.0,1.0,1.0,1.0,1.0,1.0
26.75,4.0,0.0,0.0,0.0,0.0,0.0,0.0,0.0,0.0,0.0,0.0,0.0,0.0,0.0,0.0,0.0,0.0,0.0,0.0,0.0,0.0
27.0,1.0,17.63204195630856,16.941277089321023,18.795104061183043,18.940480476187776,15.564964611118368,15.716012107489329,15.039915443075028,15.27054320001425,14.210304101176744,14.083773520483671,1.0,1.0,1.0,1.0,1.0,1.0,1.0,1.0,1.0,1.0
27.25,2.0,17.26340370465775,17.42654960958282,16.40725304262889,15.170976132645096,16.55536884893222,17.456492744381343,18.197579238784588,17.202306561403766,16.908014064289215,16.500067103704097,1.0,1.0,1.0,1.0,1.0,1.0,1.0,1.0,1.0,1.0
27.5,3.0,0.0,0.0,0.0,0.0,0.0,0.0,0.0,0.0,0.0,0.0,0.0,0.0,0.0,0.0,0.0,0.0,0.0,0.0,0.0,0.0
27.75,4.0,19.3934637291724,18.8477027992144,18.79374059043633,18.963279082128754,20.55128225378078,19.93414035947698,20.88889990575231,19.7386057064065,19.479868836115457,19.712741005752147,1.0,1.0,1.0,1.0,1.0,1.0,1.0,1.0,1.0,1.0
28.0,1.0,16.85080778531349,16.94950323080622,19.425490972373467,18.13511067526615,15.453041321845276,15.640933320204764,14.54941240876953,14.55227582668086,13.250972194687394,13.146062047383023,1.0,1.0,1.0,1.0,1.0,1.0,1.0,1.0,1.0,1.0
28.25,2.0,0.0,0.0,0.0,0.0,0.0,0.0,0.0,0.0,0.0,0.0,0.0,0.0,0.0,0.0,0.0,0.0,0.0,0.0,0.0,0.0
28.5,3.0,18.98021200879208,18.735110448867054,19.38484250246617,18.430082747927166,18.057768948593484,18.4827447126965,19.117029263219926,18.405701462232567,18.62538461054944,19.002552833670546,1.0,1.0,1.0,1.0,1.0,1.0,1.0,1.0,1.0,1.0
28.75,4.0,18.034744717742292,18.33166733799209,20.162881484444313,20.41065468088774,21.09498248165016,20.09038816258254,20.669035419412516,19.88540671030674,19.56842978358014,20.204608534500018,1.0,1.0,1.0,1.0,1.0,1.0,1.0,1.0,1.0,1.0
29.0,1.0,0.0,0.0,0.0,0.0,0.0,0.0,0.0,0.0,0.0,0.0,0.0,0.0,0.0,0.0,0.0,0.0,0.0,0.0,0.0,0.0
29.25,2.0,18.299956213268647,16.836081280383386,18.007463100309536,18.246014479238696,17.543530515834846,17.43664699981669,17.514186586262674,17.621395922273763,16.47594096071791,16.058603019730036,1.0,1.0,1.0,1.0,1.0,1.0,1.0,1.0,1.0,1.0
29.5,3.0,0.0,0.0,0.0,0.0,0.0,0.0,0.0,0.0,0.0,0.0,0.0,0.0,0.0,0.0,0.0,0.0,0.0,0.0,0.0,0.0
29.75,4.0,0.0,0.0,0.0,0.0,0.0,0.0,0.0,0.0,0.0,0.0,0.0,0.0,0.0,0.0,0.0,0.0,0.0,0.0,0.0,0.0
30.0,1.0,18.461988450631715,18.502138201562726,18.073227892316932,17.50356651287356,16.578921650525732,16.70038569861916,15.000288184357283,15.025537518127685,15.12044455669965,13.753930286554741,1.0,1.0,1.0,1.0,1.0,1.0,1.0,1.0,1.0,1.0
30.25,2.0,18.877331091163928,17.045770802944833,19.10846657719663,19.709978313995794,17.307537197912,17.201082095687838,16.992799678049927,16.89816992656466,17.538784683172555,16.863243039597915,1.0,1.0,1.0,1.0,1.0,1.0,1.0,1.0,1.0,1.0
30.5,3.0,21.054000219832535,20.111778496304215,19.129365282649342,19.422724243129583,19.20042088197734,18.54315807650523,18.780105712390792,18.591434526799542,18.52782531828145,18.62457666347267,1.0,1.0,1.0,1.0,1.0,1.0,1.0,1.0,1.0,1.0
30.75,4.0,19.401662256336976,18.83013836595665,18.475240483495075,18.282622934898377,17.679601525266953,17.846993204186656,18.9084177832784,19.599452075912097,18.967377484802746,19.948399828478646,1.0,1.0,1.0,1.0,1.0,1.0,1.0,1.0,1.0,1.0
31.0,1.0,18.583155151661273,18.911185964382877,17.831394632356286,15.807972503719348,16.069463496728467,16.240055044134337,15.23807756056056,16.120722447585905,15.93772788040803,14.780553859437966,1.0,1.0,1.0,1.0,1.0,1.0,1.0,1.0,1.0,1.0
31.25,2.0,0.0,0.0,0.0,0.0,0.0,0.0,0.0,0.0,0.0,0.0,0.0,0.0,0.0,0.0,0.0,0.0,0.0,0.0,0.0,0.0
31.5,3.0,20.561471053981762,20.21579843790688,19.582451174636994,20.71018105742451,19.036108925919194,17.100358630971186,17.976468264396942,18.35679929555474,18.431430971669208,17.756730603221595,1.0,1.0,1.0,1.0,1.0,1.0,1.0,1.0,1.0,1.0
31.75,4.0,19.15724604525418,18.050302074730592,18.193558891125704,17.844439590677784,18.068781559405803,17.58933100493945,18.147110855228192,18.72642958198013,17.902102116297062,18.605435839278005,1.0,1.0,1.0,1.0,1.0,1.0,1.0,1.0,1.0,1.0
32.0,1.0,19.41201415305366,19.232528800262504,18.017142849499827,16.61630056607046,15.424066588961105,15.893667417741085,15.983866304078326,16.09169915127403,14.963915210663203,14.163954994227248,1.0,1.0,1.0,1.0,1.0,1.0,1.0,1.0,1.0,1.0
32.25,2.0,18.763010575735482,18.0892539497899,18.31572970225208,17.450437843071505,15.877961794721214,16.474497771995434,17.51690307855968,16.93955210165693,17.88969030679631,17.29172866476342,1.0,1.0,1.0,1.0,1.0,1.0,1.0,1.0,1.0,1.0
32.5,3.0,0.0,0.0,0.0,0.0,0.0,0.0,0.0,0.0,0.0,0.0,0.0,0.0,0.0,0.0,0.0,0.0,0.0,0.0,0.0,0.0
32.75,4.0,19.250797521984726,18.439101676464286,18.780154259005048,17.995737465529274,17.20840986615033,17.08962287284021,18.24552584050613,18.93330284676628,19.30555178328375,20.102416754563112,1.0,1.0,1.0,1.0,1.0,1.0,1.0,1.0,1.0,1.0
33.0,1.0,19.853909206578198,19.84738010379113,18.979422310401866,16.66275589361398,15.794918148702198,14.929774930854975,15.18730246751395,15.68451919033097,14.899502085527537,13.929581625538257,1.0,1.0,1.0,1.0,1.0,1.0,1.0,1.0,1.0,1.0
33.25,2.0,0.0,0.0,0.0,0.0,0.0,0.0,0.0,0.0,0.0,0.0,0.0,0.0,0.0,0.0,0.0,0.0,0.0,0.0,0.0,0.0
33.5,3.0,19.002380528420918,19.79394549165587,20.018495992490852,19.538423277593772,18.6152858362029,16.71693340667086,16.268354664155826,15.655668097507657,15.17123846625148,15.59756555980528,1.0,1.0,1.0,1.0,1.0,1.0,1.0,1.0,1.0,1.0
33.75,4.0,19.597375044535333,19.11515388305327,18.802946114469098,17.363109270058903,17.615266116893125,17.88878377809621,18.35358250198757,18.896716708516035,19.726347442465283,19.814702567188387,1.0,1.0,1.0,1.0,1.0,1.0,1.0,1.0,1.0,1.0
34.0,1.0,0.0,0.0,0.0,0.0,0.0,0.0,0.0,0.0,0.0,0.0,0.0,0.0,0.0,0.0,0.0,0.0,0.0,0.0,0.0,0.0
34.25,2.0,17.860723867685895,17.990500761426826,17.96481549410183,18.061407467525736,16.99855198641989,17.037797880454168,17.620111394300565,17.92605917529613,18.635188681805055,19.08724909854159,1.0,1.0,1.0,1.0,1.0,1.0,1.0,1.0,1.0,1.0
34.5,3.0,18.57163640143316,19.639913860929287,20.434326667199404,19.063467461565796,18.49598866210579,16.900595115119557,16.87975298932694,16.013345734701286,16.04211468892006,15.893302733733368,1.0,1.0,1.0,1.0,1.0,1.0,1.0,1.0,1.0,1.0
34.75,4.0,0.0,0.0,0.0,0.0,0.0,0.0,0.0,0.0,0.0,0.0,0.0,0.0,0.0,0.0,0.0,0.0,0.0,0.0,0.0,0.0
35.0,1.0,20.12467305133061,19.42753285724596,18.713399685356237,16.983809963083893,17.720428856282698,15.208559875272382,15.17953499626856,15.014449343209586,14.504965507363288,14.298319472153828,1.0,1.0,1.0,1.0,1.0,1.0,1.0,1.0,1.0,1.0
35.25,2.0,18.571506782839105,18.657080624958827,18.73188379086045,19.585544596855875,19.377287811600866,19.055281963506403,20.239503365312565,19.454724489460244,18.751559424508216,18.789308980764826,1.0,1.0,1.0,1.0,1.0,1.0,1.0,1.0,1.0,1.0
35.5,3.0,0.0,0.0,0.0,0.0,0.0,0.0,0.0,0.0,0.0,0.0,0.0,0.0,0.0,0.0,0.0,0.0,0.0,0.0,0.0,0.0
35.75,4.0,18.42301234396427,20.36386391993139,18.508315012442136,18.251802973001183,19.169320100881052,19.24400028857263,19.52676622565102,19.226346333384843,19.168640169372086,19.129726074895128,1.0,1.0,1.0,1.0,1.0,1.0,1.0,1.0,1.0,1.0
36.0,1.0,21.182032496592235,19.034065527931794,18.502122256276305,16.962271156632887,16.142013128603526,14.76228228865668,15.233941561355904,14.690023250329384,15.552759449276373,15.748662535565447,1.0,1.0,1.0,1.0,1.0,1.0,1.0,1.0,1.0,1.0
36.25,2.0,0.0,0.0,0.0,0.0,0.0,0.0,0.0,0.0,0.0,0.0,0.0,0.0,0.0,0.0,0.0,0.0,0.0,0.0,0.0,0.0
36.5,3.0,18.327725410254992,17.756203116534202,18.365437487553496,18.48866870942619,18.158724251921637,17.66676499959409,18.045386268269684,18.194194074954467,17.33834135978131,18.406085645118225,1.0,1.0,1.0,1.0,1.0,1.0,1.0,1.0,1.0,1.0
36.75,4.0,18.885146497344067,18.91877141736281,18.493106323787586,19.005730722182946,19.418601309681566,19.08526426468406,19.033148834171268,18.785441078590885,19.297471400190307,19.62040294124357,1.0,1.0,1.0,1.0,1.0,1.0,1.0,1.0,1.0,1.0
37.0,1.0,20.81817713327399,17.360777709938077,17.249836764250137,16.318948741243435,16.33045557597871,15.550146433576785,15.956583525417427,14.76922258647137,14.499901124958644,14.97836408370477,1.0,1.0,1.0,1.0,1.0,1.0,1.0,1.0,1.0,1.0
37.25,2.0,19.062958072771465,19.42947848320876,20.621408674851367,21.93053568346347,21.081611704071232,21.097453371250122,20.534057920251374,20.128769497816062,20.0582147245864,19.199991481254777,1.0,1.0,1.0,1.0,1.0,1.0,1.0,1.0,1.0,1.0
37.5,3.0,0.0,0.0,0.0,0.0,0.0,0.0,0.0,0.0,0.0,0.0,0.0,0.0,0.0,0.0,0.0,0.0,0.0,0.0,0.0,0.0
37.75,4.0,17.38501147187153,17.573124669118652,17.945602220629212,17.46563270062988,18.798074239672566,17.932753741613823,18.01677095975345,17.477449284230964,18.64864279664931,19.330387473877973,1.0,1.0,1.0,1.0,1.0,1.0,1.0,1.0,1.0,1.0
38.0,1.0,19.288118816258265,16.949668067722055,16.921480513258178,16.86480743527059,16.388830534970573,15.240678148372997,14.953157481676808,15.108435661013612,16.003504260030322,15.769245040514608,1.0,1.0,1.0,1.0,1.0,1.0,1.0,1.0,1.0,1.0
38.25,2.0,17.696739071604668,19.496493527861812,20.697193711793528,22.218505760711132,20.994083626461286,20.42461485377825,19.30851302917084,18.726159305513622,17.976699473986223,17.614166194220832,1.0,1.0,1.0,1.0,1.0,1.0,1.0,1.0,1.0,1.0
38.5,3.0,17.010421552307882,17.215272631563945,17.116062030058295,17.904795506367254,15.947942096982601,15.786300726304233,15.863234184297136,16.621879018858312,17.599977605390535,17.468372727122674,1.0,1.0,1.0,1.0,1.0,1.0,1.0,1.0,1.0,1.0
38.75,4.0,17.04370926956098,17.710082744195407,16.895340976524,15.852462162994346,17.19264207232404,17.39393107762734,17.67948048974049,18.393451618031303,18.26941808425263,18.54192674082621,1.0,1.0,1.0,1.0,1.0,1.0,1.0,1.0,1.0,1.0
39.0,1.0,0.0,0.0,0.0,0.0,0.0,0.0,0.0,0.0,0.0,0.0,0.0,0.0,0.0,0.0,0.0,0.0,0.0,0.0,0.0,0.0
39.25,2.0,0.0,0.0,0.0,0.0,0.0,0.0,0.0,0.0,0.0,0.0,0.0,0.0,0.0,0.0,0.0,0.0,0.0,0.0,0.0,0.0
39.5,3.0,16.036613051972655,16.400037843766338,15.492735057973132,16.25807368405158,16.126253709297824,16.554793624599103,17.7289761029846,17.100264097027676,16.525252003910882,15.96589734705462,1.0,1.0,1.0,1.0,1.0,1.0,1.0,1.0,1.0,1.0
39.75,4.0,16.52602998150553,17.65516106676323,16.695144051071424,16.168509017352477,17.274513805520417,17.40358008761049,16.812120777957126,18.029649939421184,17.97366684543054,18.434046494025715,1.0,1.0,1.0,1.0,1.0,1.0,1.0,1.0,1.0,1.0
40.0,1.0,15.844896338710088,15.501649160749208,17.268600372414326,17.16354231610086,15.791973443616934,15.739897998378403,16.45404954408821,16.293436788251537,15.147055915643339,15.145349303495681,1.0,1.0,1.0,1.0,1.0,1.0,1.0,1.0,1.0,1.0
40.25,2.0,18.45344443366486,20.35814105212065,19.71897079156096,19.880840116244205,19.78377741382742,19.516958946558688,18.569389327891074,18.092409736136243,17.77476562198281,17.828181677434845,1.0,1.0,1.0,1.0,1.0,1.0,1.0,1.0,1.0,1.0
40.5,3.0,0.0,0.0,0.0,0.0,0.0,0.0,0.0,0.0,0.0,0.0,0.0,0.0,0.0,0.0,0.0,0.0,0.0,0.0,0.0,0.0
40.75,4.0,16.15032091586279,16.494553386719836,16.19574530339551,15.860464596566887,17.461518951953185,17.018915274559244,16.96601288425747,18.277731373357035,18.540813108356318,19.053261943321058,1.0,1.0,1.0,1.0,1.0,1.0,1.0,1.0,1.0,1.0
41.0,1.0,16.07518021002662,15.82348895689301,17.031137436967875,17.178095284362662,16.729228344002017,15.824371855991835,15.892709618015534,14.680263290872972,14.050283098202032,14.368877937913968,1.0,1.0,1.0,1.0,1.0,1.0,1.0,1.0,1.0,1.0
41.25,2.0,0.0,0.0,0.0,0.0,0.0,0.0,0.0,0.0,0.0,0.0,0.0,0.0,0.0,0.0,0.0,0.0,0.0,0.0,0.0,0.0
41.5,3.0,15.418018146575417,14.631352764665564,15.113033491684016,16.812455051470128,16.900981621180208,15.980235039819553,16.1323591641156,15.723586092399483,15.564278909099938,14.990585200528297,1.0,1.0,1.0,1.0,1.0,1.0,1.0,1.0,1.0,1.0
41.75,4.0,15.571758046279424,15.925489494707696,16.451549915701925,16.37057218443495,16.720985883097317,16.407069191073663,17.257922970175674,17.474121720039694,17.36464157146794,17.566044121689675,1.0,1.0,1.0,1.0,1.0,1.0,1.0,1.0,1.0,1.0
42.0,1.0,0.0,0.0,0.0,0.0,0.0,0.0,0.0,0.0,0.0,0.0,0.0,0.0,0.0,0.0,0.0,0.0,0.0,0.0,0.0,0.0
42.25,2.0,18.103021700996468,21.622641884437506,20.380040467661026,19.590050238194067,19.265418423349093,18.479442872828294,18.217726072348547,17.772376528165424,16.510650282779803,16.27440741192116,1.0,1.0,1.0,1.0,1.0,1.0,1.0,1.0,1.0,1.0
42.5,3.0,15.980182778674125,14.509093248205064,16.811374674751022,18.149762905423508,16.00929589316441,14.8158245486675,15.365462237096377,15.871701048024018,16.68898287372117,15.66608795895643,1.0,1.0,1.0,1.0,1.0,1.0,1.0,1.0,1.0,1.0
42.75,4.0,0.0,0.0,0.0,0.0,0.0,0.0,0.0,0.0,0.0,0.0,0.0,0.0,0.0,0.0,0.0,0.0,0.0,0.0,0.0,0.0
43.0,1.0,16.142175516764627,16.414028933323795,17.04789527230183,16.51661355657372,16.073436943776212,14.245127811955642,14.160235239432618,15.018556656734246,15.713590663974331,16.39822299402082,1.0,1.0,1.0,1.0,1.0,1.0,1.0,1.0,1.0,1.0
43.25,2.0,18.595710298722675,21.195203711931335,19.56131941943172,19.2209195961308,18.887628545338593,18.881507584314217,18.27840288914201,17.082709240894744,15.505873899369844,15.658109011219436,1.0,1.0,1.0,1.0,1.0,1.0,1.0,1.0,1.0,1.0
43.5,3.0,0.0,0.0,0.0,0.0,0.0,0.0,0.0,0.0,0.0,0.0,0.0,0.0,0.0,0.0,0.0,0.0,0.0,0.0,0.0,0.0
43.75,4.0,15.321534424876171,16.75117527224381,16.80049603578127,16.52014866507367,16.874022079901465,15.09264923856089,16.176452503040817,16.719447047548712,16.664701762334012,17.900568257721254,1.0,1.0,1.0,1.0,1.0,1.0,1.0,1.0,1.0,1.0
44.0,1.0,17.167071462875793,17.927886792133744,17.33076069527809,16.41521695895739,15.815047865950373,14.719235047530738,14.81602882521313,15.540983298101326,15.19156413149849,16.050088628356395,1.0,1.0,1.0,1.0,1.0,1.0,1.0,1.0,1.0,1.0
44.25,2.0,0.0,0.0,0.0,0.0,0.0,0.0,0.0,0.0,0.0,0.0,0.0,0.0,0.0,0.0,0.0,0.0,0.0,0.0,0.0,0.0
44.5,3.0,15.995602429157232,16.633382891327518,17.681048282158425,17.790371125852925,17.117381607185745,16.945908617355713,17.551181340276877,17.421658262776717,16.870271373069723,16.429078120319264,1.0,1.0,1.0,1.0,1.0,1.0,1.0,1.0,1.0,1.0
44.75,4.0,17.064223204785577,17.874305322724258,15.988291766149787,15.943287270665328,15.737635609313411,15.08215454425072,16.48972577096773,18.589338187454583,18.69449286412856,19.38232545920993,1.0,1.0,1.0,1.0,1.0,1.0,1.0,1.0,1.0,1.0
45.0,1.0,17.546867385612664,18.403366376592775,17.77582104778022,16.870249394649274,15.223199469434054,14.666037025695086,15.348150035631292,16.073868259737,16.270556612489415,15.922317643361778,1.0,1.0,1.0,1.0,1.0,1.0,1.0,1.0,1.0,1.0
45.25,2.0,18.023555256319206,19.817912618095406,17.52132413425718,15.96482628113464,15.781004642004504,15.782059769893984,16.526268436997675,16.494742232506116,16.443217329841747,17.4057337612263,1.0,1.0,1.0,1.0,1.0,1.0,1.0,1.0,1.0,1.0
45.5,3.0,0.0,0.0,0.0,0.0,0.0,0.0,0.0,0.0,0.0,0.0,0.0,0.0,0.0,0.0,0.0,0.0,0.0,0.0,0.0,0.0
45.75,4.0,17.423063675976817,17.723366751051987,16.670461514108485,16.55480330308165,16.114955810223393,16.138275978890377,18.379659378654793,19.120562031421034,19.57839433602147,19.775411684740583,1.0,1.0,1.0,1.0,1.0,1.0,1.0,1.0,1.0,1.0
46.0,1.0,17.418812982520055,17.422127446259932,17.634451466524744,15.722175662645995,15.217521309272275,15.963958672438274,16.503901864794774,16.24702792519016,15.373896507943899,14.995233491236421,1.0,1.0,1.0,1.0,1.0,1.0,1.0,1.0,1.0,1.0
46.25,2.0,18.209399856442175,18.66186289744383,16.302642071346547,15.940939792994492,17.022580823789546,17.131866066919958,17.306449626776697,16.64646448834787,17.041185969791268,18.159021456245984,1.0,1.0,1.0,1.0,1.0,1.0,1.0,1.0,1.0,1.0
46.5,3.0,16.74224032947534,16.482237879608075,17.557670213508114,18.497071739582374,19.488218532863044,17.2086459526661,18.00820290284067,17.004555832251544,16.92877141113696,16.868720485156736,1.0,1.0,1.0,1.0,1.0,1.0,1.0,1.0,1.0,1.0
46.75,4.0,18.101616520359624,17.84365316271838,17.84620718545456,16.80566829765912,16.79997661228354,16.848784501609973,18.417182741800875,18.030103916662554,18.943314968193842,19.597483227445835,1.0,1.0,1.0,1.0,1.0,1.0,1.0,1.0,1.0,1.0
47.0,1.0,0.0,0.0,0.0,0.0,0.0,0.0,0.0,0.0,0.0,0.0,0.0,0.0,0.0,0.0,0.0,0.0,0.0,0.0,0.0,0.0
47.25,2.0,0.0,0.0,0.0,0.0,0.0,0.0,0.0,0.0,0.0,0.0,0.0,0.0,0.0,0.0,0.0,0.0,0.0,0.0,0.0,0.0
47.5,3.0,15.900106899110344,16.437685189079463,18.67679341289184,18.40900058943424,18.625697679068313,17.11968749322148,17.601856197798405,17.4828981952258,15.911598070724944,16.17473483920142,1.0,1.0,1.0,1.0,1.0,1.0,1.0,1.0,1.0,1.0
47.75,4.0,0.0,0.0,0.0,0.0,0.0,0.0,0.0,0.0,0.0,0.0,0.0,0.0,0.0,0.0,0.0,0.0,0.0,0.0,0.0,0.0
48.0,1.0,17.96195175550153,16.617213189062895,15.048705563790413,14.427461011531625,16.09925569062529,15.896898269557107,15.982828891404026,16.36262278592814,15.542644425837175,15.760159821361647,1.0,1.0,1.0,1.0,1.0,1.0,1.0,1.0,1.0,1.0
48.25,2.0,15.562705905232551,17.02718138539137,16.470784080766048,16.280278038095563,17.500941034447475,18.235355410430092,17.550558092299575,18.358582984889672,19.017773162303136,19.736445937266787,1.0,1.0,1.0,1.0,1.0,1.0,1.0,1.0,1.0,1.0
48.5,3.0,0.0,0.0,0.0,0.0,0.0,0.0,0.0,0.0,0.0,0.0,0.0,0.0,0.0,0.0,0.0,0.0,0.0,0.0,0.0,0.0
48.75,4.0,18.254109926144146,18.369414910914667,17.0875612412081,17.54592045829228,18.8979814013915,18.82136632937125,20.07999844906326,18.913169262763006,19.366612366024228,19.948053918645613,1.0,1.0,1.0,1.0,1.0,1.0,1.0,1.0,1.0,1.0
49.0,1.0,17.77857528609098,16.78368709914046,14.854558529480913,14.45161881911991,14.076848508419156,15.215127509671266,15.953594570200638,16.192676002661283,15.900661267136925,16.5742237132036,1.0,1.0,1.0,1.0,1.0,1.0,1.0,1.0,1.0,1.0
49.25,2.0,0.0,0.0,0.0,0.0,0.0,0.0,0.0,0.0,0.0,0.0,0.0,0.0,0.0,0.0,0.0,0.0,0.0,0.0,0.0,0.0
49.5,3.0,16.73702005821249,17.254336092714507,18.863276006392493,18.130704863880368,17.676419842392832,16.684243777355714,17.31554260721287,16.904886485144193,16.31528396644349,16.746360089415102,1.0,1.0,1.0,1.0,1.0,1.0,1.0,1.0,1.0,1.0
49.75,4.0,17.875063045396484,17.19786803262023,17.224153298687554,17.774505862536696,19.71756132422202,19.686458043712342,20.211408363626994,19.1443520448296,19.70493442639435,20.052864224985772,1.0,1.0,1.0,1.0,1.0,1.0,1.0,1.0,1.0,1.0
50.0,1.0,0.0,0.0,0.0,0.0,0.0,0.0,0.0,0.0,0.0,0.0,0.0,0.0,0.0,0.0,0.0,0.0,0.0,0.0,0.0,0.0
50.25,2.0,18.28625515366813,17.470631607385947,17.144623258629615,16.39283709890412,17.586793819358167,17.73038819025917,17.935206608362996,18.51183444630219,18.92782445629,19.307636715633848,1.0,1.0,1.0,1.0,1.0,1.0,1.0,1.0,1.0,1.0
50.5,3.0,0.0,0.0,0.0,0.0,0.0,0.0,0.0,0.0,0.0,0.0,0.0,0.0,0.0,0.0,0.0,0.0,0.0,0.0,0.0,0.0
50.75,4.0,0.0,0.0,0.0,0.0,0.0,0.0,0.0,0.0,0.0,0.0,0.0,0.0,0.0,0.0,0.0,0.0,0.0,0.0,0.0,0.0
51.0,1.0,16.380804972510926,16.112953031817064,15.524053041030236,15.546136270122057,15.011583845751106,17.09487749523405,15.87464664221273,15.24400046388831,15.403337657722913,15.671713246449226,1.0,1.0,1.0,1.0,1.0,1.0,1.0,1.0,1.0,1.0
51.25,2.0,18.632081184703615,17.12830114284487,17.480850592408164,16.979620376696648,17.949577885085073,18.67525059762076,18.119988471099674,17.171098750675213,17.382944458814336,17.775497958492117,1.0,1.0,1.0,1.0,1.0,1.0,1.0,1.0,1.0,1.0
51.5,3.0,0.0,0.0,0.0,0.0,0.0,0.0,0.0,0.0,0.0,0.0,0.0,0.0,0.0,0.0,0.0,0.0,0.0,0.0,0.0,0.0
51.75,4.0,17.354798653244316,18.15735708669653,18.813018330962308,19.185715466651683,18.752893968036815,19.500224019918456,20.472157145261463,20.077682285618682,20.394931077699486,19.54303315287254,1.0,1.0,1.0,1.0,1.0,1.0,1.0,1.0,1.0,1.0
52.0,1.0,17.446087974087124,17.774234046422457,16.159571960324005,16.433073562358402,15.900908507630518,16.815311753458523,15.829047691776017,16.071780173361788,16.15319528095459,17.30810597889239,1.0,1.0,1.0,1.0,1.0,1.0,1.0,1.0,1.0,1.0
52.25,2.0,0.0,0.0,0.0,0.0,0.0,0.0,0.0,0.0,0.0,0.0,0.0,0.0,0.0,0.0,0.0,0.0,0.0,0.0,0.0,0.0
52.5,3.0,17.825854149179538,15.719347982441993,16.980720727036246,17.23733441281782,18.398804609667273,19.469927134585586,19.400332559334483,19.508424563678513,18.701717288183772,18.78843897174531,1.0,1.0,1.0,1.0,1.0,1.0,1.0,1.0,1.0,1.0
52.75,4.0,18.54196636808928,17.951397325770373,18.74305698380368,18.4018028478517,18.49914397196591,19.954184621578076,20.812640115510398,20.49648636600393,20.052918850675756,19.38495609035919,1.0,1.0,1.0,1.0,1.0,1.0,1.0,1.0,1.0,1.0
53.0,1.0,17.45859893500997,16.68443710350184,16.215694788642445,17.072478801431476,16.54556984742325,16.852057268167734,16.3813498342373,16.61793823862213,17.05883145861855,17.357197710563533,1.0,1.0,1.0,1.0,1.0,1.0,1.0,1.0,1.0,1.0
53.25,2.0,18.133306672863114,15.893619958538697,14.733668327638776,15.558885481129298,17.05468651692535,17.426792163567335,17.413483481300037,16.641882704067307,16.606986242186867,17.08601947510074,1.0,1.0,1.0,1.0,1.0,1.0,1.0,1.0,1.0,1.0
53.5,3.0,0.0,0.0,0.0,0.0,0.0,0.0,0.0,0.0,0.0,0.0,0.0,0.0,0.0,0.0,0.0,0.0,0.0,0.0,0.0,0.0
53.75,4.0,17.751795695762794,17.96211252538628,18.6959924165718,18.713098350443175,19.294304521563284,20.721739447499065,21.050104285890402,19.5273305788243,19.164874016051733,18.423554870765617,1.0,1.0,1.0,1.0,1.0,1.0,1.0,1.0,1.0,1.0
54.0,1.0,16.513742659509667,16.651552480472613,17.76432734373428,18.760005419169993,17.17581761619422,17.94637546729055,17.76174137416965,17.705266872421728,18.202773853338716,17.63651319717451,1.0,1.0,1.0,1.0,1.0,1.0,1.0,1.0,1.0,1.0
54.25,2.0,0.0,0.0,0.0,0.0,0.0,0.0,0.0,0.0,0.0,0.0,0.0,0.0,0.0,0.0,0.0,0.0,0.0,0.0,0.0,0.0
54.5,3.0,15.645795880423501,15.901704856988694,18.538364691315955,19.195070537054992,19.254578323436824,20.13773712655304,19.890599076510448,18.905073832211063,18.28372776571683,18.92543578551135,1.0,1.0,1.0,1.0,1.0,1.0,1.0,1.0,1.0,1.0
54.75,4.0,19.453986134738123,19.031786157864204,18.443944178772618,19.457321855910212,19.167199252519758,19.77712122459807,19.915598830394188,19.79321026547482,20.488339097007994,19.99288779819273,1.0,1.0,1.0,1.0,1.0,1.0,1.0,1.0,1.0,1.0
55.0,1.0,0.0,0.0,0.0,0.0,0.0,0.0,0.0,0.0,0.0,0.0,0.0,0.0,0.0,0.0,0.0,0.0,0.0,0.0,0.0,0.0
55.25,2.0,0.0,0.0,0.0,0.0,0.0,0.0,0.0,0.0,0.0,0.0,0.0,0.0,0.0,0.0,0.0,0.0,0.0,0.0,0.0,0.0
55.5,3.0,17.61733093273271,17.56574162902854,19.53824202988305,19.860779311174312,19.367528769584112,20.35156497256538,19.728826735306964,19.354718053028275,18.920088215329226,18.494465657806806,1.0,1.0,1.0,1.0,1.0,1.0,1.0,1.0,1.0,1.0
55.75,4.0,0.0,0.0,0.0,0.0,0.0,0.0,0.0,0.0,0.0,0.0,0.0,0.0,0.0,0.0,0.0,0.0,0.0,0.0,0.0,0.0
56.0,1.0,17.17026186525829,16.98663404532048,16.74279701945966,17.287589529265357,18.457984926224874,19.66485804700213,19.021758370532595,18.787922545650712,17.520934150857876,17.698021317274176,1.0,1.0,1.0,1.0,1.0,1.0,1.0,1.0,1.0,1.0
56.25,2.0,18.53917481854176,18.923878887681873,17.870622444606607,16.828660005594088,16.469123360887433,15.837310537037029,15.854308507978098,15.372938267155686,14.679772843081562,14.907995741929264,1.0,1.0,1.0,1.0,1.0,1.0,1.0,1.0,1.0,1.0
56.5,3.0,0.0,0.0,0.0,0.0,0.0,0.0,0.0,0.0,0.0,0.0,0.0,0.0,0.0,0.0,0.0,0.0,0.0,0.0,0.0,0.0
56.75,4.0,18.503060403534544,19.840510151175916,19.61509885639475,20.678032072037347,21.332415854443067,20.941329057508977,21.302678807092388,20.660794814159154,21.516959335317907,20.93140089459158,1.0,1.0,1.0,1.0,1.0,1.0,1.0,1.0,1.0,1.0
57.0,1.0,18.26831849375788,16.85733514888419,16.983947590710887,17.50886328946104,18.965900465951233,19.660161375430327,18.95622477269346,18.03517964374499,16.475896156910927,18.01480792392605,1.0,1.0,1.0,1.0,1.0,1.0,1.0,1.0,1.0,1.0
57.25,2.0,0.0,0.0,0.0,0.0,0.0,0.0,0.0,0.0,0.0,0.0,0.0,0.0,0.0,0.0,0.0,0.0,0.0,0.0,0.0,0.0
57.5,3.0,18.785571344593112,19.734808529588356,20.281698494791453,19.574209975645733,20.094665177535894,20.068433857498913,19.080782867018957,19.348512352248846,17.72112599951763,17.57332779744109,1.0,1.0,1.0,1.0,1.0,1.0,1.0,1.0,1.0,1.0
57.75,4.0,19.16752993159434,19.289033475581714,19.65536657519176,21.184807358623566,21.388193794502083,21.88251200327736,23.249859708380875,21.179840460312537,21.736743174227282,21.064988431886363,1.0,1.0,1.0,1.0,1.0,1.0,1.0,1.0,1.0,1.0
58.0,1.0,0.0,0.0,0.0,0.0,0.0,0.0,0.0,0.0,0.0,0.0,0.0,0.0,0.0,0.0,0.0,0.0,0.0,0.0,0.0,0.0
58.25,2.0,17.84783193651333,18.41641608715772,16.742825697903477,16.30465719932367,15.933321900904936,15.364307167185034,15.632542143218028,15.106342823255373,14.580091081231378,14.416732389310214,1.0,1.0,1.0,1.0,1.0,1.0,1.0,1.0,1.0,1.0
58.5,3.0,0.0,0.0,0.0,0.0,0.0,0.0,0.0,0.0,0.0,0.0,0.0,0.0,0.0,0.0,0.0,0.0,0.0,0.0,0.0,0.0
58.75,4.0,0.0,0.0,0.0,0.0,0.0,0.0,0.0,0.0,0.0,0.0,0.0,0.0,0.0,0.0,0.0,0.0,0.0,0.0,0.0,0.0
59.0,1.0,17.74037770023465,18.885932621369346,19.52951513447612,19.232529445043344,18.554306532558044,18.521512119983058,18.669396767784075,18.341066229428822,18.1456961042608,20.58903579108214,1.0,1.0,1.0,1.0,1.0,1.0,1.0,1.0,1.0,1.0
59.25,2.0,18.108633042312345,17.844743838990766,16.709986330196475,15.795561069289777,16.018070145327428,15.824145939874695,15.989493443989934,15.45223374221122,16.140548119524425,16.41978525643059,1.0,1.0,1.0,1.0,1.0,1.0,1.0,1.0,1.0,1.0
59.5,3.0,0.0,0.0,0.0,0.0,0.0,0.0,0.0,0.0,0.0,0.0,0.0,0.0,0.0,0.0,0.0,0.0,0.0,0.0,0.0,0.0
59.75,4.0,18.59202880721006,18.194606334392876,19.44994139527775,21.946220010493203,21.639666239592447,21.542834702946696,20.55282286782899,19.50390743495135,19.2300758561146,18.638106804974058,1.0,1.0,1.0,1.0,1.0,1.0,1.0,1.0,1.0,1.0
60.0,1.0,18.47456075905867,19.475278350359325,20.03723871628039,20.02625236412757,19.332402328748866,18.78575031361249,19.656263765127292,19.59841446247659,19.81641942584222,20.10027053745106,1.0,1.0,1.0,1.0,1.0,1.0,1.0,1.0,1.0,1.0
60.25,2.0,0.0,0.0,0.0,0.0,0.0,0.0,0.0,0.0,0.0,0.0,0.0,0.0,0.0,0.0,0.0,0.0,0.0,0.0,0.0,0.0
60.5,3.0,19.395578867304213,18.8521980089218,18.469220300281215,18.47387837623332,19.66323618409787,20.99620461607136,21.746680962148215,20.831034052212043,21.51019876829223,20.93363969570047,1.0,1.0,1.0,1.0,1.0,1.0,1.0,1.0,1.0,1.0
60.75,4.0,17.93501070470204,17.175784945815764,20.000509585790656,20.905555538015506,20.58324648514871,21.058398051624412,20.12419828230842,18.35552461793653,18.41265270091419,17.994934181904465,1.0,1.0,1.0,1.0,1.0,1.0,1.0,1.0,1.0,1.0
61.0,1.0,17.640846545943376,19.309153531500122,20.001616853295527,19.953974358257835,18.464813475208835,19.466304146043676,20.611225414830393,20.711487707066006,20.194141651045175,19.510361351756504,1.0,1.0,1.0,1.0,1.0,1.0,1.0,1.0,1.0,1.0
61.25,2.0,18.10677627735265,18.103048767766634,16.756649773477196,15.660551654558958,15.483913946944245,15.921425439434017,16.508844937838994,16.687366471100034,16.673581563116567,17.28053589585982,1.0,1.0,1.0,1.0,1.0,1.0,1.0,1.0,1.0,1.0
61.5,3.0,0.0,0.0,0.0,0.0,0.0,0.0,0.0,0.0,0.0,0.0,0.0,0.0,0.0,0.0,0.0,0.0,0.0,0.0,0.0,0.0
61.75,4.0,17.87100060429723,17.822147727303175,20.324176183383248,19.404611950086867,21.02618359094174,20.729748619805658,19.98281106475351,18.592413594556305,18.93592972210568,19.051696656945737,1.0,1.0,1.0,1.0,1.0,1.0,1.0,1.0,1.0,1.0
62.0,1.0,18.200334114635954,19.628484744426892,20.63549328456685,21.294817963155992,20.635538206228073,20.312344333335176,21.066716033323083,20.194334616331457,19.59200257287997,19.43062814177455,1.0,1.0,1.0,1.0,1.0,1.0,1.0,1.0,1.0,1.0
62.25,2.0,0.0,0.0,0.0,0.0,0.0,0.0,0.0,0.0,0.0,0.0,0.0,0.0,0.0,0.0,0.0,0.0,0.0,0.0,0.0,0.0
62.5,3.0,18.68460529119251,17.780227950909342,18.11286100380578,21.519607706386275,20.66370042346383,21.37423022500941,22.062860451754513,22.24276059943302,21.407813444122592,20.291947442015648,1.0,1.0,1.0,1.0,1.0,1.0,1.0,1.0,1.0,1.0
62.75,4.0,19.221410044583724,18.529561826585436,19.693647134976345,19.84873400604785,20.10667164625707,20.243406565874213,20.51938175970445,19.947683984081177,20.332415812628952,19.81786969940286,1.0,1.0,1.0,1.0,1.0,1.0,1.0,1.0,1.0,1.0
63.0,1.0,0.0,0.0,0.0,0.0,0.0,0.0,0.0,0.0,0.0,0.0,0.0,0.0,0.0,0.0,0.0,0.0,0.0,0.0,0.0,0.0
63.25,2.0,0.0,0.0,0.0,0.0,0.0,0.0,0.0,0.0,0.0,0.0,0.0,0.0,0.0,0.0,0.0,0.0,0.0,0.0,0.0,0.0
63.5,3.0,18.739439533236837,18.482563905974963,19.90998163369917,21.16895517361539,19.819796146931946,19.292670680917315,20.794513569482543,21.561998304923026,20.13652119696577,18.806183400302956,1.0,1.0,1.0,1.0,1.0,1.0,1.0,1.0,1.0,1.0
63.75,4.0,0.0,0.0,0.0,0.0,0.0,0.0,0.0,0.0,0.0,0.0,0.0,0.0,0.0,0.0,0.0,0.0,0.0,0.0,0.0,0.0
64.0,1.0,19.794452581370184,20.514844371975396,22.455784392784928,23.832748852227727,23.11688695152729,22.164860719372236,21.03211960480608,19.79465578115021,19.954362853375834,19.166841629526484,1.0,1.0,1.0,1.0,1.0,1.0,1.0,1.0,1.0,1.0
64.25,2.0,17.92484823723236,17.79996153888278,17.284023409425952,16.965962203084228,17.860070040345548,18.550282762392662,18.112515325242043,18.664272922871138,18.416924492472706,17.866411583119927,1.0,1.0,1.0,1.0,1.0,1.0,1.0,1.0,1.0,1.0
64.5,3.0,0.0,0.0,0.0,0.0,0.0,0.0,0.0,0.0,0.0,0.0,0.0,0.0,0.0,0.0,0.0,0.0,0.0,0.0,0.0,0.0
64.75,4.0,18.254353116376876,17.75292058775528,19.244872676489614,19.77011695519415,21.536750535855965,21.00802123647658,20.678039617152976,18.716573604044243,18.919617841675926,19.42292929175768,1.0,1.0,1.0,1.0,1.0,1.0,1.0,1.0,1.0,1.0
65.0,1.0,20.311816232605224,22.415063605712707,23.874918368515043,23.263638931379006,22.42176474574307,22.290742077993773,21.325086317778744,20.99617351514924,20.997777823574573,20.292635299616823,1.0,1.0,1.0,1.0,1.0,1.0,1.0,1.0,1.0,1.0
65.25,2.0,0.0,0.0,0.0,0.0,0.0,0.0,0.0,0.0,0.0,0.0,0.0,0.0,0.0,0.0,0.0,0.0,0.0,0.0,0.0,0.0
65.5,3.0,19.721618930000417,20.73140980278274,21.614879080359326,21.632825516216325,21.5294314269946,20.807204330138642,21.293975677066264,20.58432190738838,18.379232077001497,16.754009544248397,1.0,1.0,1.0,1.0,1.0,1.0,1.0,1.0,1.0,1.0
65.75,4.0,17.937190889699796,18.053188346235064,18.52535088859161,20.216302541445305,19.88494658429026,19.421281669830325,19.237764785389754,18.493080460787915,19.751481606156972,19.591230203751437,1.0,1.0,1.0,1.0,1.0,1.0,1.0,1.0,1.0,1.0
66.0,1.0,0.0,0.0,0.0,0.0,0.0,0.0,0.0,0.0,0.0,0.0,0.0,0.0,0.0,0.0,0.0,0.0,0.0,0.0,0.0,0.0
66.25,2.0,18.9420452580049,19.29279247811713,18.903000445081446,19.05554993152296,19.23391123970713,19.028329962168907,20.173553733956673,19.042942245934192,18.691624852079826,18.043571182011522,1.0,1.0,1.0,1.0,1.0,1.0,1.0,1.0,1.0,1.0
66.5,3.0,0.0,0.0,0.0,0.0,0.0,0.0,0.0,0.0,0.0,0.0,0.0,0.0,0.0,0.0,0.0,0.0,0.0,0.0,0.0,0.0
66.75,4.0,0.0,0.0,0.0,0.0,0.0,0.0,0.0,0.0,0.0,0.0,0.0,0.0,0.0,0.0,0.0,0.0,0.0,0.0,0.0,0.0
67.0,1.0,22.334276961463285,23.134801309944105,23.085505818003334,23.20779435086171,23.213483234891335,22.189382784127538,22.510455424648764,22.42354289884705,22.59793740943807,22.710379675585617,1.0,1.0,1.0,1.0,1.0,1.0,1.0,1.0,1.0,1.0
67.25,2.0,19.646242371572345,19.326647216221634,17.645253821796874,17.698035325279296,18.861625172161144,18.611268879874103,18.63646733792383,18.29258407890455,17.907071214946406,17.887436445812593,1.0,1.0,1.0,1.0,1.0,1.0,1.0,1.0,1.0,1.0
67.5,3.0,20.098618381524858,21.845806408108714,21.92506000073785,21.892918759684132,20.240829090101702,18.854194792550604,19.204721439621967,18.730432874677916,17.844511689987268,17.438148184560045,1.0,1.0,1.0,1.0,1.0,1.0,1.0,1.0,1.0,1.0
67.75,4.0,17.33257202111513,16.638128549949123,17.188042179802796,19.276162815251112,19.4364674599428,19.745952127107714,19.609202835451395,18.995948990143,18.96931441834116,19.66345761994459,1.0,1.0,1.0,1.0,1.0,1.0,1.0,1.0,1.0,1.0
68.0,1.0,21.786006709412977,22.670856686958825,23.15406014331962,22.825581687566622,22.93375379989068,22.251341778208243,22.37264063289397,22.087155675685228,22.6485206792943,22.47405601917474,1.0,1.0,1.0,1.0,1.0,1.0,1.0,1.0,1.0,1.0
68.25,2.0,0.0,0.0,0.0,0.0,0.0,0.0,0.0,0.0,0.0,0.0,0.0,0.0,0.0,0.0,0.0,0.0,0.0,0.0,0.0,0.0
68.5,3.0,20.33154805379759,22.727545623258635,21.862442282255852,20.509590285030026,18.38322629988841,18.872480793741378,19.480398825292323,19.531572153820793,18.794482500923767,18.877487442119225,1.0,1.0,1.0,1.0,1.0,1.0,1.0,1.0,1.0,1.0
68.75,4.0,18.136133328484895,17.363518049475744,18.231322419560122,19.15810099150514,20.143148638280508,19.770649526735664,19.98615216160487,19.070776004421806,19.571479162270425,19.377207746091443,1.0,1.0,1.0,1.0,1.0,1.0,1.0,1.0,1.0,1.0
69.0,1.0,22.6034986535463,22.894354649447788,22.47959164929426,23.350827051856204,22.893413578133014,22.379357571997378,23.099713144507156,22.422203258175415,22.873865897085956,21.04848079331699,1.0,1.0,1.0,1.0,1.0,1.0,1.0,1.0,1.0,1.0
69.25,2.0,18.65270636945846,18.224825273891298,18.965511950142822,19.329836165402604,19.273267122033833,19.463519294679674,21.77393337104493,20.859479312942007,20.54450353770473,20.95575628430614,1.0,1.0,1.0,1.0,1.0,1.0,1.0,1.0,1.0,1.0
69.5,3.0,0.0,0.0,0.0,0.0,0.0,0.0,0.0,0.0,0.0,0.0,0.0,0.0,0.0,0.0,0.0,0.0,0.0,0.0,0.0,0.0
69.75,4.0,17.391912103012917,17.635882097740787,17.689951510110877,18.50968257899786,20.769238751307455,19.88309050377096,20.277527710163387,19.190521803558845,18.85130758777461,19.755843067634004,1.0,1.0,1.0,1.0,1.0,1.0,1.0,1.0,1.0,1.0
70.0,1.0,21.89100103144084,22.02804931176645,21.232998769119167,21.55022682568399,22.645583091888042,21.479478675823668,22.384126059773077,21.311362635428978,21.654778808871438,20.81868553391516,1.0,1.0,1.0,1.0,1.0,1.0,1.0,1.0,1.0,1.0
70.25,2.0,0.0,0.0,0.0,0.0,0.0,0.0,0.0,0.0,0.0,0.0,0.0,0.0,0.0,0.0,0.0,0.0,0.0,0.0,0.0,0.0
70.5,3.0,22.26030059690002,21.45830454460351,20.77723816466004,18.158824794948842,17.51384443539902,18.375830513519134,19.75583240658271,21.01787377367459,21.545899197450797,21.155003403465507,1.0,1.0,1.0,1.0,1.0,1.0,1.0,1.0,1.0,1.0
70.75,4.0,16.613614897946903,16.915136565752622,17.599491975002792,19.869185130308118,21.19788112710898,21.054648292051745,21.998252666555135,20.492535253780478,19.746818320588304,20.059540466808297,1.0,1.0,1.0,1.0,1.0,1.0,1.0,1.0,1.0,1.0
71.0,1.0,0.0,0.0,0.0,0.0,0.0,0.0,0.0,0.0,0.0,0.0,0.0,0.0,0.0,0.0,0.0,0.0,0.0,0.0,0.0,0.0
71.25,2.0,19.69659464259424,19.467873778359674,19.531470624874046,20.271493691068724,21.714106692467592,21.85068571482125,21.548095928969254,22.33886585930188,21.062443480234805,21.064880333594697,1.0,1.0,1.0,1.0,1.0,1.0,1.0,1.0,1.0,1.0
71.5,3.0,21.650008537169523,20.22527177597082,19.462938540510702,18.021412044416824,18.786622424391965,18.80401292528236,20.42005370164223,21.324514487686223,21.611453089028856,20.060576564277184,1.0,1.0,1.0,1.0,1.0,1.0,1.0,1.0,1.0,1.0
71.75,4.0,0.0,0.0,0.0,0.0,0.0,0.0,0.0,0.0,0.0,0.0,0.0,0.0,0.0,0.0,0.0,0.0,0.0,0.0,0.0,0.0
72.0,1.0,18.631546693630202,19.043727546200774,19.847753624491844,21.880504071076267,21.641695097173624,22.452359597297367,21.68471113776655,21.87749295175267,21.563893959824004,21.134769916471118,1.0,1.0,1.0,1.0,1.0,1.0,1.0,1.0,1.0,1.0
72.25,2.0,19.715594615216204,19.25959209791471,19.775783832958545,20.680089740263323,20.90696530151156,20.720988034484222,21.140343838398184,22.024357513671774,20.338534678148942,19.96129120572051,1.0,1.0,1.0,1.0,1.0,1.0,1.0,1.0,1.0,1.0
72.5,3.0,0.0,0.0,0.0,0.0,0.0,0.0,0.0,0.0,0.0,0.0,0.0,0.0,0.0,0.0,0.0,0.0,0.0,0.0,0.0,0.0
72.75,4.0,18.421717926482124,20.17069386649613,22.482060189482727,22.587124082275935,21.019722647880876,21.286214708244856,21.408734007152034,19.655459260873133,19.945843870524907,19.664078582889104,1.0,1.0,1.0,1.0,1.0,1.0,1.0,1.0,1.0,1.0
73.0,1.0,18.037987266791546,17.547238824828874,19.85533877992674,20.973547825882676,21.758961401356245,23.168193466257183,22.37981526581389,21.36230777218946,21.986122142369936,20.11686135209343,1.0,1.0,1.0,1.0,1.0,1.0,1.0,1.0,1.0,1.0
73.25,2.0,0.0,0.0,0.0,0.0,0.0,0.0,0.0,0.0,0.0,0.0,0.0,0.0,0.0,0.0,0.0,0.0,0.0,0.0,0.0,0.0
73.5,3.0,22.03127990845293,19.895092647890465,18.480563120543287,18.506292651878454,20.459523239465724,20.625138432322295,21.515547991628956,20.079744729807064,18.934212097472088,16.59878889834508,1.0,1.0,1.0,1.0,1.0,1.0,1.0,1.0,1.0,1.0
73.75,4.0,20.420650450863036,22.15672771185832,22.308923770799023,21.65689485883581,20.00343503232222,20.51551655162402,20.598727735958377,20.2033335404997,19.307404194125404,18.77663352186241,1.0,1.0,1.0,1.0,1.0,1.0,1.0,1.0,1.0,1.0
74.0,1.0,18.275565676424574,18.31302936930334,20.077177112851803,21.912836765018465,24.07925250945022,23.338851434880237,22.38234471576637,20.854429199181318,21.41497707463973,20.181241706815463,1.0,1.0,1.0,1.0,1.0,1.0,1.0,1.0,1.0,1.0
74.25,2.0,20.015093970971247,19.01538980248207,21.33978738216637,22.680739482489823,21.169907833648608,21.51238732949761,20.76436065082429,19.999667938711287,19.856426451690275,19.13848406384467,1.0,1.0,1.0,1.0,1.0,1.0,1.0,1.0,1.0,1.0
74.5,3.0,0.0,0.0,0.0,0.0,0.0,0.0,0.0,0.0,0.0,0.0,0.0,0.0,0.0,0.0,0.0,0.0,0.0,0.0,0.0,0.0
74.75,4.0,0.0,0.0,0.0,0.0,0.0,0.0,0.0,0.0,0.0,0.0,0.0,0.0,0.0,0.0,0.0,0.0,0.0,0.0,0.0,0.0
75.0,1.0,19.903806611797116,19.934718146303844,21.97977643488745,22.465403854492436,24.725980485552085,22.444280676588317,21.991185019270546,20.854637907852677,20.61445068034686,20.068609758411622,1.0,1.0,1.0,1.0,1.0,1.0,1.0,1.0,1.0,1.0
75.25,2.0,19.38585182578551,20.115191804689395,22.07293159463642,23.123215173295208,22.012595431121202,21.72493880307368,20.663411090523862,19.182055481267223,19.431807764097176,18.084298239038695,1.0,1.0,1.0,1.0,1.0,1.0,1.0,1.0,1.0,1.0
75.5,3.0,21.02317865844822,20.55712382638968,19.63385258719254,19.922099282574532,21.920187792045994,21.2350798975762,21.46226052452453,19.896438530457942,17.69303676306496,16.464994412723335,1.0,1.0,1.0,1.0,1.0,1.0,1.0,1.0,1.0,1.0
75.75,4.0,21.871633738763432,22.517315751836573,22.402805598304436,22.23534006825261,19.80699654458282,20.09485806853781,19.129254237472228,18.654599991604673,18.682961005533627,18.782857659063488,1.0,1.0,1.0,1.0,1.0,1.0,1.0,1.0,1.0,1.0
76.0,1.0,21.687277011936082,20.77440962347855,22.407504415055953,23.393137234759525,25.106358004445386,22.929460616427733,22.078961263721897,22.429315636378405,21.906035940014508,21.912373692789046,1.0,1.0,1.0,1.0,1.0,1.0,1.0,1.0,1.0,1.0
76.25,2.0,0.0,0.0,0.0,0.0,0.0,0.0,0.0,0.0,0.0,0.0,0.0,0.0,0.0,0.0,0.0,0.0,0.0,0.0,0.0,0.0
76.5,3.0,20.83025107258209,20.562973225843688,20.370560043247018,22.032494024550722,22.46255217655077,21.457245747435277,21.7000334947719,20.200454548142314,18.571137511393186,17.59330423548126,1.0,1.0,1.0,1.0,1.0,1.0,1.0,1.0,1.0,1.0
76.75,4.0,21.282143867732447,21.52429502798502,21.486980231520356,20.746580603774177,19.533222138381845,20.90502098164561,19.52836544486168,19.343913957922545,20.248717705148167,20.496175985295835,1.0,1.0,1.0,1.0,1.0,1.0,1.0,1.0,1.0,1.0
77.0,1.0,20.870720117534162,20.804556692381137,22.828424439713512,22.51448436253686,23.73716684218633,22.088213185743626,22.19411921748821,22.08154237641925,22.32306181587325,22.006797947877963,1.0,1.0,1.0,1.0,1.0,1.0,1.0,1.0,1.0,1.0
77.25,2.0,21.301912494295276,22.053489905737727,23.490200010483303,22.544577777245127,21.689766332889608,20.50756638489125,20.92942696309498,19.12742017727541,19.35435431075247,18.294044614104923,1.0,1.0,1.0,1.0,1.0,1.0,1.0,1.0,1.0,1.0
77.5,3.0,0.0,0.0,0.0,0.0,0.0,0.0,0.0,0.0,0.0,0.0,0.0,0.0,0.0,0.0,0.0,0.0,0.0,0.0,0.0,0.0
77.75,4.0,20.551995086363515,20.959821320481062,21.109376139200755,20.772159406878213,18.712625671614298,20.098408247883032,19.65356735657897,19.543943757956608,20.248099573005632,20.64610120113213,1.0,1.0,1.0,1.0,1.0,1.0,1.0,1.0,1.0,1.0
78.0,1.0,21.48899330904156,22.102178516246923,22.116844355215445,21.828839289742145,23.071660316043783,22.477173944903512,21.971567431127255,21.88241926737358,22.25809025236384,21.036454822438774,1.0,1.0,1.0,1.0,1.0,1.0,1.0,1.0,1.0,1.0
78.25,2.0,0.0,0.0,0.0,0.0,0.0,0.0,0.0,0.0,0.0,0.0,0.0,0.0,0.0,0.0,0.0,0.0,0.0,0.0,0.0,0.0
78.5,3.0,21.54879504758579,23.849992135160935,23.68806416841998,23.48035831590214,20.818563340546074,20.80428541071798,20.703504698305313,20.00934371216577,18.13268980635642,17.075173907589082,1.0,1.0,1.0,1.0,1.0,1.0,1.0,1.0,1.0,1.0
78.75,4.0,21.55472725587904,21.919812294975085,22.12504089833095,21.774750197598294,19.068101082151827,20.231722002177392,19.760454178435566,20.436822027141694,20.58618560843724,20.0969373703998,1.0,1.0,1.0,1.0,1.0,1.0,1.0,1.0,1.0,1.0
79.0,1.0,0.0,0.0,0.0,0.0,0.0,0.0,0.0,0.0,0.0,0.0,0.0,0.0,0.0,0.0,0.0,0.0,0.0,0.0,0.0,0.0
79.25,2.0,22.61835981200674,22.906879407539343,23.635299359679294,21.86061087882039,20.636865651673823,18.99702936519089,18.774571615332015,19.29217660565016,19.838892230284127,18.70183875356765,1.0,1.0,1.0,1.0,1.0,1.0,1.0,1.0,1.0,1.0
79.5,3.0,22.532500675500856,23.389963577295237,22.97192760567486,22.717909093593956,19.259632683234997,19.822158561763697,19.545465952329952,18.20952274738231,16.842154689903143,17.33088663995446,1.0,1.0,1.0,1.0,1.0,1.0,1.0,1.0,1.0,1.0
79.75,4.0,0.0,0.0,0.0,0.0,0.0,0.0,0.0,0.0,0.0,0.0,0.0,0.0,0.0,0.0,0.0,0.0,0.0,0.0,0.0,0.0
80.0,1.0,23.725941876589218,22.878775112279275,21.90816918511119,21.590618248625745,23.322078974560114,22.167783606970048,21.81053188578903,21.673528598863893,19.76677637492436,19.643652221665775,1.0,1.0,1.0,1.0,1.0,1.0,1.0,1.0,1.0,1.0
80.25,2.0,23.56583055852995,22.88220068883935,23.000363240843967,22.1266421822108,19.561424730299972,19.630323858090087,20.24197209339827,19.976622613086676,19.168848014512115,18.192474092453246,1.0,1.0,1.0,1.0,1.0,1.0,1.0,1.0,1.0,1.0
80.5,3.0,0.0,0.0,0.0,0.0,0.0,0.0,0.0,0.0,0.0,0.0,0.0,0.0,0.0,0.0,0.0,0.0,0.0,0.0,0.0,0.0
80.75,4.0,23.386327579839676,23.754741833421388,22.51232103802766,20.973203601236584,19.24901914491692,20.91304029750955,20.595688196882513,20.956004563875254,20.24241482577309,19.140591363663784,1.0,1.0,1.0,1.0,1.0,1.0,1.0,1.0,1.0,1.0
81.0,1.0,23.439592951525483,22.739429928731127,21.40280541290695,21.00836794100152,22.61257252366959,21.906709302524416,20.672664254592746,21.691746212380593,20.419165840879945,20.534051105749054,1.0,1.0,1.0,1.0,1.0,1.0,1.0,1.0,1.0,1.0
81.25,2.0,0.0,0.0,0.0,0.0,0.0,0.0,0.0,0.0,0.0,0.0,0.0,0.0,0.0,0.0,0.0,0.0,0.0,0.0,0.0,0.0
81.5,3.0,23.015623986131377,22.628457998037288,22.764574182630785,20.847530826065306,18.99832643604462,18.358892095121142,18.4389538931382,17.230446622203214,17.44216637884805,16.621948443339534,1.0,1.0,1.0,1.0,1.0,1.0,1.0,1.0,1.0,1.0
81.75,4.0,23.906231594340998,23.94419412546154,23.303433065405077,21.391416291372167,20.42354585678243,21.81401019964954,20.129484235651347,19.37449315067966,17.91568041542699,17.125165044776786,1.0,1.0,1.0,1.0,1.0,1.0,1.0,1.0,1.0,1.0
82.0,1.0,22.627658857742293,21.340045644899035,20.826057934216372,20.403782948499412,21.86774517690534,20.773662353410614,19.171254288776684,20.21968311810998,19.962526174447074,20.113866651670236,1.0,1.0,1.0,1.0,1.0,1.0,1.0,1.0,1.0,1.0
82.25,2.0,23.047637225097755,22.775929008523434,21.50786117288049,19.90709212785902,18.041147693532245,18.00143120963129,19.075362674703975,20.03035117439633,19.958093606217933,19.9812609405851,1.0,1.0,1.0,1.0,1.0,1.0,1.0,1.0,1.0,1.0
82.5,3.0,0.0,0.0,0.0,0.0,0.0,0.0,0.0,0.0,0.0,0.0,0.0,0.0,0.0,0.0,0.0,0.0,0.0,0.0,0.0,0.0
82.75,4.0,23.092686534070182,23.360247993697293,23.49541529834876,22.20072866890099,20.715197544958787,21.938791129926614,20.363474004316124,19.12533351441745,18.245021548994337,17.46863102056643,1.0,1.0,1.0,1.0,1.0,1.0,1.0,1.0,1.0,1.0
83.0,1.0,22.68608353410662,21.009383767765247,21.618044396318496,20.57800956792896,20.860999822911975,20.81414412968048,20.477470671968085,20.336956762983892,19.929803527269446,20.06641731882277,1.0,1.0,1.0,1.0,1.0,1.0,1.0,1.0,1.0,1.0
83.25,2.0,22.065082451150065,22.152336538134673,19.872564332527496,18.50640910774192,18.023465287435123,19.75932023628646,19.977521082632556,20.988489358499514,20.378285090957732,20.142856510623506,1.0,1.0,1.0,1.0,1.0,1.0,1.0,1.0,1.0,1.0
83.5,3.0,21.81746278341143,21.27973386388354,20.458046206565147,19.279773633724915,18.103995074920118,18.09119944275188,17.553445562154007,16.64565247984528,16.507021246724783,15.723397034812484,1.0,1.0,1.0,1.0,1.0,1.0,1.0,1.0,1.0,1.0
83.75,4.0,23.697561408711767,23.31095420015739,22.72527355678795,21.46221192348138,21.22510232820692,21.732124817853595,20.445538500971413,19.258875103008517,17.96031946131746,17.71084994247348,1.0,1.0,1.0,1.0,1.0,1.0,1.0,1.0,1.0,1.0
84.0,1.0,0.0,0.0,0.0,0.0,0.0,0.0,0.0,0.0,0.0,0.0,0.0,0.0,0.0,0.0,0.0,0.0,0.0,0.0,0.0,0.0
84.25,2.0,0.0,0.0,0.0,0.0,0.0,0.0,0.0,0.0,0.0,0.0,0.0,0.0,0.0,0.0,0.0,0.0,0.0,0.0,0.0,0.0
84.5,3.0,21.388731890481605,20.10350340546202,18.06011141420355,17.678151678645136,17.740754961352234,17.756275636717625,17.666274556570393,17.30900962351829,17.192911275413394,16.070130853282542,1.0,1.0,1.0,1.0,1.0,1.0,1.0,1.0,1.0,1.0
84.75,4.0,0.0,0.0,0.0,0.0,0.0,0.0,0.0,0.0,0.0,0.0,0.0,0.0,0.0,0.0,0.0,0.0,0.0,0.0,0.0,0.0
85.0,1.0,21.736118717567216,20.451141765450252,21.78798172886134,22.38384678643878,22.305684866682537,21.8239875340494,21.47367720889936,21.78317078141526,21.82256784557101,20.273551113558618,1.0,1.0,1.0,1.0,1.0,1.0,1.0,1.0,1.0,1.0
85.25,2.0,20.635448289709494,20.08556964214242,18.790211574671876,17.79497813015086,17.268989850556196,18.999387917448516,17.88954806972796,18.368303641219516,17.540572381209433,16.805677270238753,1.0,1.0,1.0,1.0,1.0,1.0,1.0,1.0,1.0,1.0
85.5,3.0,0.0,0.0,0.0,0.0,0.0,0.0,0.0,0.0,0.0,0.0,0.0,0.0,0.0,0.0,0.0,0.0,0.0,0.0,0.0,0.0
85.75,4.0,22.325244643298852,21.15535630742668,21.006722229241348,19.633702384154525,18.230743468752237,18.575226458378843,18.505616141764815,18.893436314978832,18.57744793828995,20.27862081322812,1.0,1.0,1.0,1.0,1.0,1.0,1.0,1.0,1.0,1.0
86.0,1.0,20.711719999812157,20.781164820219654,22.151693329116245,22.781620456058505,22.822858808849517,21.95621968355176,20.9934374602417,21.056576113257595,20.654310755095242,20.501203062898895,1.0,1.0,1.0,1.0,1.0,1.0,1.0,1.0,1.0,1.0
86.25,2.0,0.0,0.0,0.0,0.0,0.0,0.0,0.0,0.0,0.0,0.0,0.0,0.0,0.0,0.0,0.0,0.0,0.0,0.0,0.0,0.0
86.5,3.0,19.076267535219912,17.93153247055441,18.219610887242883,19.433300515595054,18.940616336939303,18.57514014948964,17.398368002674836,16.93888339412343,16.7940022021242,16.761049661948423,1.0,1.0,1.0,1.0,1.0,1.0,1.0,1.0,1.0,1.0
86.75,4.0,21.701294331455642,20.73843792700707,21.243506483872476,19.3700886428911,18.72555443309251,19.70098346827302,19.081017507532955,19.880139980564962,20.524255876500167,20.87885381624464,1.0,1.0,1.0,1.0,1.0,1.0,1.0,1.0,1.0,1.0
87.0,1.0,0.0,0.0,0.0,0.0,0.0,0.0,0.0,0.0,0.0,0.0,0.0,0.0,0.0,0.0,0.0,0.0,0.0,0.0,0.0,0.0
87.25,2.0,18.843713349045277,19.497072216010555,19.124839548759258,18.71280256047448,16.44382430170115,17.780525058582402,17.027918188422706,16.317134316738745,15.999739494679943,15.70698156385921,1.0,1.0,1.0,1.0,1.0,1.0,1.0,1.0,1.0,1.0
87.5,3.0,0.0,0.0,0.0,0.0,0.0,0.0,0.0,0.0,0.0,0.0,0.0,0.0,0.0,0.0,0.0,0.0,0.0,0.0,0.0,0.0
87.75,4.0,0.0,0.0,0.0,0.0,0.0,0.0,0.0,0.0,0.0,0.0,0.0,0.0,0.0,0.0,0.0,0.0,0.0,0.0,0.0,0.0
88.0,1.0,21.301534551189658,21.34626061645529,22.39224521975243,22.125687225774907,22.31991733145622,21.889366222155424,21.395921056946698,21.696114053164045,21.506412597713084,20.370153663760462,1.0,1.0,1.0,1.0,1.0,1.0,1.0,1.0,1.0,1.0
88.25,2.0,19.392529987650107,20.07621513198502,19.91425212389513,18.051261601669072,17.426933535760575,18.313026169100187,18.08678464913721,16.963486297041097,16.619249125692654,16.038266581878084,1.0,1.0,1.0,1.0,1.0,1.0,1.0,1.0,1.0,1.0
88.5,3.0,0.0,0.0,0.0,0.0,0.0,0.0,0.0,0.0,0.0,0.0,0.0,0.0,0.0,0.0,0.0,0.0,0.0,0.0,0.0,0.0
88.75,4.0,20.912043422058144,19.917762176755307,19.729173446801223,18.89229866154479,18.92305201305466,19.199660955488962,19.27105481279727,18.919887871785587,19.222026985159843,19.692322651407736,1.0,1.0,1.0,1.0,1.0,1.0,1.0,1.0,1.0,1.0
89.0,1.0,21.829730842380147,22.692589235538506,22.95024336254252,22.013169536787498,21.807236561299224,20.57521815297769,20.640752780636863,20.72735296923651,20.6311378112702,19.96599110012388,1.0,1.0,1.0,1.0,1.0,1.0,1.0,1.0,1.0,1.0
89.25,2.0,0.0,0.0,0.0,0.0,0.0,0.0,0.0,0.0,0.0,0.0,0.0,0.0,0.0,0.0,0.0,0.0,0.0,0.0,0.0,0.0
89.5,3.0,18.72633457371742,19.621974440861962,19.137599680210812,20.44964603582194,19.85231590301664,19.216111992276495,18.722967777669865,17.95899039526296,17.9830091263464,17.555405421306812,1.0,1.0,1.0,1.0,1.0,1.0,1.0,1.0,1.0,1.0
89.75,4.0,19.932841519521077,18.459517633001077,19.07009879558882,18.672225545642064,17.469080436707653,18.65245293973197,18.142754405677895,18.66587257504574,18.985705280540493,19.156398850819613,1.0,1.0,1.0,1.0,1.0,1.0,1.0,1.0,1.0,1.0
90.0,1.0,22.400174128779053,22.93302761869474,23.57589189203248,22.395985487453558,21.753092752109808,20.657672765666057,20.367588234465675,21.062232114362494,20.161968549474956,20.042527526519457,1.0,1.0,1.0,1.0,1.0,1.0,1.0,1.0,1.0,1.0
90.25,2.0,20.298922264439945,21.824568469996407,21.371985898334568,19.403799055008783,18.025280259531122,17.713015598076428,17.00152428582751,16.084163426835968,16.47590793729877,16.597451539608645,1.0,1.0,1.0,1.0,1.0,1.0,1.0,1.0,1.0,1.0
90.5,3.0,0.0,0.0,0.0,0.0,0.0,0.0,0.0,0.0,0.0,0.0,0.0,0.0,0.0,0.0,0.0,0.0,0.0,0.0,0.0,0.0
90.75,4.0,19.477022989382757,18.24580145089282,18.6565043543892,17.93041454550924,16.897401857000492,17.73296400716457,17.316638177782533,19.459249270855928,19.86991809362814,19.339228903318006,1.0,1.0,1.0,1.0,1.0,1.0,1.0,1.0,1.0,1.0
91.0,1.0,21.752818392296987,23.864193802086174,24.519262820201984,22.46635234487325,21.37843962038761,19.793358664297006,18.850756745149084,19.730247706919986,20.043775915947666,20.516387834774413,1.0,1.0,1.0,1.0,1.0,1.0,1.0,1.0,1.0,1.0
91.25,2.0,21.29913343044072,21.56686077593354,20.39672101838924,17.458023753745387,16.250738790098982,17.020767768803484,16.816998857463133,16.708777996614316,15.997703620174505,16.4759893339735,1.0,1.0,1.0,1.0,1.0,1.0,1.0,1.0,1.0,1.0
91.5,3.0,19.24915509994567,19.10236044747211,19.93477574230446,20.353597781037813,18.9905882533733,19.073548668444143,19.417055486764074,19.064198667829395,18.436997279454125,17.529628908910144,1.0,1.0,1.0,1.0,1.0,1.0,1.0,1.0,1.0,1.0
91.75,4.0,19.491001094221453,18.943844217993306,18.378600056324355,18.089184226517503,16.359052031664618,18.202451828121603,17.159717898184837,18.649805543708993,18.771754743326543,19.01020385658589,1.0,1.0,1.0,1.0,1.0,1.0,1.0,1.0,1.0,1.0
92.0,1.0,0.0,0.0,0.0,0.0,0.0,0.0,0.0,0.0,0.0,0.0,0.0,0.0,0.0,0.0,0.0,0.0,0.0,0.0,0.0,0.0
92.25,2.0,0.0,0.0,0.0,0.0,0.0,0.0,0.0,0.0,0.0,0.0,0.0,0.0,0.0,0.0,0.0,0.0,0.0,0.0,0.0,0.0
92.5,3.0,19.049044734919217,19.042327410891268,19.935359878147906,21.187008281277848,19.230107658165963,18.808925615875253,18.775450316961454,18.74085845436702,18.759432200625785,18.67006316195698,1.0,1.0,1.0,1.0,1.0,1.0,1.0,1.0,1.0,1.0
92.75,4.0,0.0,0.0,0.0,0.0,0.0,0.0,0.0,0.0,0.0,0.0,0.0,0.0,0.0,0.0,0.0,0.0,0.0,0.0,0.0,0.0
93.0,1.0,22.353920072984298,23.467646549855115,23.012692947431802,20.916757234592463,20.648809398684264,19.277839204840653,18.49143864106717,18.852472850853335,20.089862674489215,20.7008246354146,1.0,1.0,1.0,1.0,1.0,1.0,1.0,1.0,1.0,1.0
93.25,2.0,20.01692103883408,19.073032912453538,18.098852669853837,16.209395571154484,17.172476913403763,16.914067331614017,15.912273270507635,15.275323842055363,16.052509366928515,16.7546872381504,1.0,1.0,1.0,1.0,1.0,1.0,1.0,1.0,1.0,1.0
93.5,3.0,0.0,0.0,0.0,0.0,0.0,0.0,0.0,0.0,0.0,0.0,0.0,0.0,0.0,0.0,0.0,0.0,0.0,0.0,0.0,0.0
93.75,4.0,19.12191017510628,19.295851684928977,19.032628584807416,17.855829856696012,18.749939125819385,19.615343185420734,19.204506116634125,19.408902693240222,18.52455892479503,18.533199208659617,1.0,1.0,1.0,1.0,1.0,1.0,1.0,1.0,1.0,1.0
94.0,1.0,23.35056285754612,23.623623324021636,22.459741175728833,20.21738131072171,19.325892021927626,17.99034312926973,17.597401756673747,18.858967789615583,20.25933112276354,20.60347568209669,1.0,1.0,1.0,1.0,1.0,1.0,1.0,1.0,1.0,1.0
94.25,2.0,0.0,0.0,0.0,0.0,0.0,0.0,0.0,0.0,0.0,0.0,0.0,0.0,0.0,0.0,0.0,0.0,0.0,0.0,0.0,0.0
94.5,3.0,18.628006115833152,19.17407395862633,20.31035621500599,21.83767530028808,19.12965933350652,18.405842936129183,18.5451691033652,18.90966808167441,17.851463035738366,18.44604490818331,1.0,1.0,1.0,1.0,1.0,1.0,1.0,1.0,1.0,1.0
94.75,4.0,20.007076060236315,19.631069219093284,19.015962018918284,18.605550714055497,18.59319418197418,20.06800441570199,18.92112763893769,19.22373551742225,18.363516133931416,17.403724184620557,1.0,1.0,1.0,1.0,1.0,1.0,1.0,1.0,1.0,1.0
95.0,1.0,0.0,0.0,0.0,0.0,0.0,0.0,0.0,0.0,0.0,0.0,0.0,0.0,0.0,0.0,0.0,0.0,0.0,0.0,0.0,0.0
95.25,2.0,16.469230140531415,17.233134203125243,18.37265271535546,17.55512665275448,18.08841117001739,18.623998986888722,18.827078339163535,18.665415796127967,18.709948708460562,18.532131669846283,1.0,1.0,1.0,1.0,1.0,1.0,1.0,1.0,1.0,1.0
95.5,3.0,0.0,0.0,0.0,0.0,0.0,0.0,0.0,0.0,0.0,0.0,0.0,0.0,0.0,0.0,0.0,0.0,0.0,0.0,0.0,0.0
95.75,4.0,0.0,0.0,0.0,0.0,0.0,0.0,0.0,0.0,0.0,0.0,0.0,0.0,0.0,0.0,0.0,0.0,0.0,0.0,0.0,0.0
96.0,1.0,23.128399283896815,22.924810153465742,20.09735755280572,17.89698122120993,18.662740802117337,19.005917422042987,18.356920156877823,19.216087560726535,20.027019430143916,19.870106941538157,1.0,1.0,1.0,1.0,1.0,1.0,1.0,1.0,1.0,1.0
96.25,2.0,17.03364578995427,17.97952739572861,18.719606325688886,18.248100538615144,17.945559562375326,18.50016712626755,18.11416379402225,19.019465950204058,19.079128259060905,19.525777708851795,1.0,1.0,1.0,1.0,1.0,1.0,1.0,1.0,1.0,1.0
96.5,3.0,0.0,0.0,0.0,0.0,0.0,0.0,0.0,0.0,0.0,0.0,0.0,0.0,0.0,0.0,0.0,0.0,0.0,0.0,0.0,0.0
96.75,4.0,20.79207499995396,20.420206728428003,19.26765612825952,20.045128673464706,18.17747158359944,18.54535798875662,18.109610019588963,18.86758693449621,16.95873870936117,17.281601873338275,1.0,1.0,1.0,1.0,1.0,1.0,1.0,1.0,1.0,1.0
97.0,1.0,22.02952397511748,20.4456330927964,19.451663396969913,18.111718567434295,19.202584514888578,18.408020253716344,18.074414430709044,18.749263677032364,20.064450715175507,20.47355441134326,1.0,1.0,1.0,1.0,1.0,1.0,1.0,1.0,1.0,1.0
97.25,2.0,0.0,0.0,0.0,0.0,0.0,0.0,0.0,0.0,0.0,0.0,0.0,0.0,0.0,0.0,0.0,0.0,0.0,0.0,0.0,0.0
97.5,3.0,18.6539275786862,18.860970592090663,18.744978276010226,20.079426712133703,18.48849777160935,17.043078414131614,16.364053236520512,17.27745684011389,16.878995324840012,17.93748521327684,1.0,1.0,1.0,1.0,1.0,1.0,1.0,1.0,1.0,1.0
97.75,4.0,20.04838060004185,19.204532005773032,19.04449002291547,19.523389313552943,17.911588699515573,17.628807454219146,16.79426379328074,17.44869532681883,16.925311888556973,17.31299411911454,1.0,1.0,1.0,1.0,1.0,1.0,1.0,1.0,1.0,1.0
98.0,1.0,20.036292096044274,18.49487051511746,18.09011232992941,18.5867147015815,18.7344575694297,17.39723880585085,18.81189373724512,19.909023568982505,20.574292624712005,20.508911610329832,1.0,1.0,1.0,1.0,1.0,1.0,1.0,1.0,1.0,1.0
98.25,2.0,16.369396445810278,17.78131629172439,18.50874341147108,18.824163722957927,18.50481888675564,19.83523436117734,20.55709356764812,20.232223855345683,21.258695535725472,20.46657470854853,1.0,1.0,1.0,1.0,1.0,1.0,1.0,1.0,1.0,1.0
98.5,3.0,0.0,0.0,0.0,0.0,0.0,0.0,0.0,0.0,0.0,0.0,0.0,0.0,0.0,0.0,0.0,0.0,0.0,0.0,0.0,0.0
98.75,4.0,19.474879919593047,18.08164756096113,18.11643718149316,19.231487323678394,17.959981109646755,17.27809663302424,17.126565129550713,17.79702457189727,17.233350971461295,17.83089284538216,1.0,1.0,1.0,1.0,1.0,1.0,1.0,1.0,1.0,1.0
99.0,1.0,18.647576401787664,17.254722550546354,18.789707624177417,19.054608069245155,18.826888089372293,18.18689277764133,19.45388480809478,18.909378947027438,18.850275832439113,18.655844316497344,1.0,1.0,1.0,1.0,1.0,1.0,1.0,1.0,1.0,1.0
99.25,2.0,0.0,0.0,0.0,0.0,0.0,0.0,0.0,0.0,0.0,0.0,0.0,0.0,0.0,0.0,0.0,0.0,0.0,0.0,0.0,0.0
99.5,3.0,17.029333209022763,17.43931992904215,18.131728140839606,17.94664295978081,15.07676823913411,13.746925310917838,13.861090719539813,14.702282671044422,14.23518447496914,15.968992439689988,1.0,1.0,1.0,1.0,1.0,1.0,1.0,1.0,1.0,1.0
99.75,4.0,18.231233148510047,16.782020645990098,16.841839405268928,18.28201428018867,16.444629395710656,16.219013745251083,15.438264818526088,17.07252784844646,17.02562572684458,17.841966679790623,1.0,1.0,1.0,1.0,1.0,1.0,1.0,1.0,1.0,1.0
100.0,1.0,0.0,0.0,0.0,0.0,0.0,0.0,0.0,0.0,0.0,0.0,0.0,0.0,0.0,0.0,0.0,0.0,0.0,0.0,0.0,0.0
100.25,2.0,0.0,0.0,0.0,0.0,0.0,0.0,0.0,0.0,0.0,0.0,0.0,0.0,0.0,0.0,0.0,0.0,0.0,0.0,0.0,0.0
100.5,3.0,15.788680301503657,16.97853287557982,17.920353394847425,17.580000749859128,14.558859496699498,13.292260169658974,13.70332858062136,14.283994750961792,14.891302557933473,16.148733543184463,1.0,1.0,1.0,1.0,1.0,1.0,1.0,1.0,1.0,1.0
100.75,4.0,0.0,0.0,0.0,0.0,0.0,0.0,0.0,0.0,0.0,0.0,0.0,0.0,0.0,0.0,0.0,0.0,0.0,0.0,0.0,0.0
101.0,1.0,17.705382128517332,17.669365141314795,18.950814371045002,18.93545491154159,18.219421987391062,17.82034125422421,17.984570141726568,17.54685675967399,17.692730316499436,18.02721244685546,1.0,1.0,1.0,1.0,1.0,1.0,1.0,1.0,1.0,1.0
101.25,2.0,17.708994991099374,19.892155782902645,20.073484272068352,18.590308817495217,19.067886597617743,19.678900646243648,19.8128756069578,19.94171887389948,18.910483799727704,18.692208354777794,1.0,1.0,1.0,1.0,1.0,1.0,1.0,1.0,1.0,1.0
101.5,3.0,0.0,0.0,0.0,0.0,0.0,0.0,0.0,0.0,0.0,0.0,0.0,0.0,0.0,0.0,0.0,0.0,0.0,0.0,0.0,0.0
101.75,4.0,16.244184712571325,16.017366721104707,15.988531484151531,16.221574405271287,15.060408904003415,16.108659856597114,17.092495927024924,18.07424128403077,18.241562703093862,18.682249740802195,1.0,1.0,1.0,1.0,1.0,1.0,1.0,1.0,1.0,1.0
102.0,1.0,19.4728179702873,17.39504799571575,18.00843777904723,17.809347472145117,18.397171964769264,18.492202395846427,18.899697210676546,19.061437718250016,19.368366144458808,18.992214811797965,1.0,1.0,1.0,1.0,1.0,1.0,1.0,1.0,1.0,1.0
102.25,2.0,0.0,0.0,0.0,0.0,0.0,0.0,0.0,0.0,0.0,0.0,0.0,0.0,0.0,0.0,0.0,0.0,0.0,0.0,0.0,0.0
102.5,3.0,18.12505830976316,18.973860787165936,19.029978163930988,16.83490442430472,14.712341383909134,14.099088216017929,14.366686767232506,15.632154425974168,16.161054219795943,16.10502451050249,1.0,1.0,1.0,1.0,1.0,1.0,1.0,1.0,1.0,1.0
102.75,4.0,17.241263359923124,16.072228687782246,16.240467790908635,17.277270878356074,16.412774124157377,17.182242860495546,17.756198801231466,18.368947422446197,18.225562415726767,18.871675500058423,1.0,1.0,1.0,1.0,1.0,1.0,1.0,1.0,1.0,1.0
103.0,1.0,0.0,0.0,0.0,0.0,0.0,0.0,0.0,0.0,0.0,0.0,0.0,0.0,0.0,0.0,0.0,0.0,0.0,0.0,0.0,0.0
103.25,2.0,19.36986479009877,18.99219356870127,20.051482068203057,19.103006206646352,19.39674540567629,19.782687181536687,20.216719220315504,20.57459777724964,19.06884419728581,18.52867376174299,1.0,1.0,1.0,1.0,1.0,1.0,1.0,1.0,1.0,1.0
103.5,3.0,0.0,0.0,0.0,0.0,0.0,0.0,0.0,0.0,0.0,0.0,0.0,0.0,0.0,0.0,0.0,0.0,0.0,0.0,0.0,0.0
103.75,4.0,0.0,0.0,0.0,0.0,0.0,0.0,0.0,0.0,0.0,0.0,0.0,0.0,0.0,0.0,0.0,0.0,0.0,0.0,0.0,0.0
104.0,1.0,18.20300712415605,16.856006956647825,16.729204379445406,17.419204447702366,18.084986241399317,17.579060642938476,18.02833335628241,18.07165594049981,17.96794284932903,17.25087566872228,1.0,1.0,1.0,1.0,1.0,1.0,1.0,1.0,1.0,1.0
104.25,2.0,19.44498489051775,19.884370965325427,19.9758242611195,19.21085484916592,20.42682653469725,20.050064214717644,20.628505211815703,19.433125978586897,19.414067822137795,18.546326844682476,1.0,1.0,1.0,1.0,1.0,1.0,1.0,1.0,1.0,1.0
104.5,3.0,0.0,0.0,0.0,0.0,0.0,0.0,0.0,0.0,0.0,0.0,0.0,0.0,0.0,0.0,0.0,0.0,0.0,0.0,0.0,0.0
104.75,4.0,17.2772458882862,17.532410450769092,17.444086837976958,16.804384498278907,18.224882123800366,17.533159932032437,17.661872720571278,18.39177954714067,18.3007448041926,18.096041250294586,1.0,1.0,1.0,1.0,1.0,1.0,1.0,1.0,1.0,1.0
105.0,1.0,18.419335591485446,17.213143362541942,17.317523549585705,19.050927110959034,17.807734693237077,17.429868497380095,16.832099662289625,17.009320038634765,16.359385995422514,16.936068528101263,1.0,1.0,1.0,1.0,1.0,1.0,1.0,1.0,1.0,1.0
105.25,2.0,0.0,0.0,0.0,0.0,0.0,0.0,0.0,0.0,0.0,0.0,0.0,0.0,0.0,0.0,0.0,0.0,0.0,0.0,0.0,0.0
105.5,3.0,18.003874820808218,16.252569830944445,15.09593570740431,14.376059891449799,13.150851074902041,12.49862188697567,13.152796568488222,13.312458763950108,13.65187678342648,14.140208757720714,1.0,1.0,1.0,1.0,1.0,1.0,1.0,1.0,1.0,1.0
105.75,4.0,17.71881204343733,17.986655845062344,16.012582400927805,17.048049163066658,18.36087913289839,17.524714062176116,17.91094805237104,17.857809207836706,16.46275970361084,16.867630178967993,1.0,1.0,1.0,1.0,1.0,1.0,1.0,1.0,1.0,1.0
106.0,1.0,17.63493748334502,17.595273370641042,18.368788592790004,18.73121065836525,17.703723474762217,16.75627456827556,16.13807885764375,16.69205994343781,15.817505647212913,17.34028238231443,1.0,1.0,1.0,1.0,1.0,1.0,1.0,1.0,1.0,1.0
106.25,2.0,18.38607684710005,17.209853702959002,17.820109407825914,18.554850243841386,19.395310247020902,19.473642228952418,20.11881337115103,20.10874604023227,19.36125442815823,18.642689143648976,1.0,1.0,1.0,1.0,1.0,1.0,1.0,1.0,1.0,1.0
106.5,3.0,0.0,0.0,0.0,0.0,0.0,0.0,0.0,0.0,0.0,0.0,0.0,0.0,0.0,0.0,0.0,0.0,0.0,0.0,0.0,0.0
106.75,4.0,16.7528018510958,16.97884368271789,13.743384910928462,16.550676167603516,17.17129575070033,16.197303452243517,16.734660515957838,16.324241532528873,15.893923743630852,17.08715613740839,1.0,1.0,1.0,1.0,1.0,1.0,1.0,1.0,1.0,1.0
107.0,1.0,18.316684783314674,19.354256778338524,17.894631117871356,16.52723444118301,15.853965652012418,15.838601355562245,15.695297011837729,16.51500190703112,16.249394417664416,18.055767292409804,1.0,1.0,1.0,1.0,1.0,1.0,1.0,1.0,1.0,1.0
107.25,2.0,0.0,0.0,0.0,0.0,0.0,0.0,0.0,0.0,0.0,0.0,0.0,0.0,0.0,0.0,0.0,0.0,0.0,0.0,0.0,0.0
107.5,3.0,15.832295258761581,14.114656082619799,13.093829642162303,13.48243161181599,14.102397789624066,13.412266926253599,14.022680446399972,12.870758719050665,13.046034725002405,11.977751635124354,1.0,1.0,1.0,1.0,1.0,1.0,1.0,1.0,1.0,1.0
107.75,4.0,16.323928256663642,14.857618079852111,13.437726684440003,15.784392964401368,16.23537001689533,15.381172522112031,15.541521946383499,15.599796571973146,15.45219786725639,15.700005740754612,1.0,1.0,1.0,1.0,1.0,1.0,1.0,1.0,1.0,1.0
108.0,1.0,0.0,0.0,0.0,0.0,0.0,0.0,0.0,0.0,0.0,0.0,0.0,0.0,0.0,0.0,0.0,0.0,0.0,0.0,0.0,0.0
108.25,2.0,0.0,0.0,0.0,0.0,0.0,0.0,0.0,0.0,0.0,0.0,0.0,0.0,0.0,0.0,0.0,0.0,0.0,0.0,0.0,0.0
108.5,3.0,13.698816026149116,13.492518989278915,13.992602569539375,14.426579690484648,13.98550031328412,13.3358195149182,13.072880238429295,11.935986608366582,12.341035632133671,11.20340926752156,1.0,1.0,1.0,1.0,1.0,1.0,1.0,1.0,1.0,1.0
108.75,4.0,0.0,0.0,0.0,0.0,0.0,0.0,0.0,0.0,0.0,0.0,0.0,0.0,0.0,0.0,0.0,0.0,0.0,0.0,0.0,0.0
109.0,1.0,16.55537769665832,16.704237075707926,15.57990477798964,15.170818473134485,15.420147376819365,15.65241402179554,16.020885265417363,16.950581721579127,17.882121101392748,18.585203609038796,1.0,1.0,1.0,1.0,1.0,1.0,1.0,1.0,1.0,1.0
109.25,2.0,17.684734984039142,18.285632647966224,17.784387050183277,17.643763435636743,18.61643000231279,17.500577501495858,17.1670433191717,16.181084526240888,16.0490023858646,16.868854496461434,1.0,1.0,1.0,1.0,1.0,1.0,1.0,1.0,1.0,1.0
109.5,3.0,0.0,0.0,0.0,0.0,0.0,0.0,0.0,0.0,0.0,0.0,0.0,0.0,0.0,0.0,0.0,0.0,0.0,0.0,0.0,0.0
109.75,4.0,13.08467239391378,12.679388508807234,13.819967595338019,14.808006674731615,14.28765708282171,14.520845063520252,13.62840589783001,14.689489735103175,13.422941303721037,13.970340459304373,1.0,1.0,1.0,1.0,1.0,1.0,1.0,1.0,1.0,1.0
110.0,1.0,16.11999898132719,15.907996459040131,15.880496938883848,15.419185319189138,15.580288908470507,16.543048110431204,16.627089195396064,18.007080474012593,17.600165460836894,17.50397439553242,1.0,1.0,1.0,1.0,1.0,1.0,1.0,1.0,1.0,1.0
110.25,2.0,0.0,0.0,0.0,0.0,0.0,0.0,0.0,0.0,0.0,0.0,0.0,0.0,0.0,0.0,0.0,0.0,0.0,0.0,0.0,0.0
110.5,3.0,14.789830719415278,13.508784233108155,14.267036586315976,15.39563150801036,14.411041839277795,12.710639527812006,12.542283421289447,11.485210433566715,12.681322483948462,12.705561119163722,1.0,1.0,1.0,1.0,1.0,1.0,1.0,1.0,1.0,1.0
110.75,4.0,12.969884498614078,13.82923530508472,14.467330333410155,14.408340102522184,13.579383873628368,13.901207992663421,13.42408400351934,15.290245487346414,14.58455946766062,15.576524555153313,1.0,1.0,1.0,1.0,1.0,1.0,1.0,1.0,1.0,1.0
111.0,1.0,0.0,0.0,0.0,0.0,0.0,0.0,0.0,0.0,0.0,0.0,0.0,0.0,0.0,0.0,0.0,0.0,0.0,0.0,0.0,0.0
111.25,2.0,16.02012587860444,16.915230870252945,17.68230394500422,16.841056709962754,16.03160826485004,16.386064500385924,16.15822212560722,17.09133874894314,17.15544856828196,17.58365350185451,1.0,1.0,1.0,1.0,1.0,1.0,1.0,1.0,1.0,1.0
111.5,3.0,0.0,0.0,0.0,0.0,0.0,0.0,0.0,0.0,0.0,0.0,0.0,0.0,0.0,0.0,0.0,0.0,0.0,0.0,0.0,0.0
111.75,4.0,0.0,0.0,0.0,0.0,0.0,0.0,0.0,0.0,0.0,0.0,0.0,0.0,0.0,0.0,0.0,0.0,0.0,0.0,0.0,0.0
112.0,1.0,16.08355598443305,17.4790653059363,16.06830293878083,15.959937111780716,15.912037584809793,16.201790773553032,17.158836944159308,17.947622149461548,17.690480239565087,17.705072783474154,1.0,1.0,1.0,1.0,1.0,1.0,1.0,1.0,1.0,1.0
112.25,2.0,15.863703012793895,16.530326397349924,17.616393905161466,16.799609638498282,15.60978478253644,16.42903431032972,16.68862344680418,17.743235950229778,17.13822819170611,17.16586103197208,1.0,1.0,1.0,1.0,1.0,1.0,1.0,1.0,1.0,1.0
112.5,3.0,13.905230228239537,13.801557678882157,14.647532167355557,16.396040516949537,15.764685856719714,13.84253838616935,13.798625905111562,13.545137814868513,15.166854974610438,15.799938488081379,1.0,1.0,1.0,1.0,1.0,1.0,1.0,1.0,1.0,1.0
112.75,4.0,13.732785864504955,13.69437246257648,15.086582209062675,14.688221011623751,12.983910366424947,14.032672405669999,15.686825774955931,17.011304621187836,15.993780396428662,15.776915489914064,1.0,1.0,1.0,1.0,1.0,1.0,1.0,1.0,1.0,1.0
113.0,1.0,16.583139805361157,17.259033608422214,17.151100856460626,17.20209723702879,16.84572045452689,16.352825008413298,17.82545918228413,18.499056796219627,18.329082938585564,19.242188754460358,1.0,1.0,1.0,1.0,1.0,1.0,1.0,1.0,1.0,1.0
113.25,2.0,0.0,0.0,0.0,0.0,0.0,0.0,0.0,0.0,0.0,0.0,0.0,0.0,0.0,0.0,0.0,0.0,0.0,0.0,0.0,0.0
113.5,3.0,13.496612925283173,14.379496490264597,15.57599117641259,15.436099937128237,15.5180500967444,14.669884170197982,15.86993621096922,14.918535276425148,15.433229674838325,14.61219632119434,1.0,1.0,1.0,1.0,1.0,1.0,1.0,1.0,1.0,1.0
113.75,4.0,14.050437398967816,14.724190116029822,15.08985355692195,15.308564874904848,14.333124410866576,15.354824174885843,16.69104936006741,17.463921528350404,16.163774461988616,16.221759171661727,1.0,1.0,1.0,1.0,1.0,1.0,1.0,1.0,1.0,1.0
114.0,1.0,16.339845201860253,18.213986992413318,18.292699487921652,18.331993661179077,18.23620218257254,18.000883530412164,18.36290829454259,19.98467649513638,19.43916321865809,20.14791274659044,1.0,1.0,1.0,1.0,1.0,1.0,1.0,1.0,1.0,1.0
114.25,2.0,15.154940605009045,17.05443593613398,17.41096843548328,15.95541945473298,16.74683556318594,16.57273598117372,16.00438712859515,16.891872404614542,15.984608215632171,15.342808118524204,1.0,1.0,1.0,1.0,1.0,1.0,1.0,1.0,1.0,1.0
114.5,3.0,0.0,0.0,0.0,0.0,0.0,0.0,0.0,0.0,0.0,0.0,0.0,0.0,0.0,0.0,0.0,0.0,0.0,0.0,0.0,0.0
114.75,4.0,13.360714852904033,14.417468925732269,14.837444125681584,16.074538859966516,15.387037021709991,16.392555993982313,16.8395198811511,17.834205467680984,17.99056334663191,17.182624887111587,1.0,1.0,1.0,1.0,1.0,1.0,1.0,1.0,1.0,1.0
115.0,1.0,17.597837821819972,18.996282032771617,18.84468009375363,19.078130370359474,19.909466580326864,18.313893334211354,18.207178366761084,19.398445129974284,18.221084118882125,18.84614870615253,1.0,1.0,1.0,1.0,1.0,1.0,1.0,1.0,1.0,1.0
115.25,2.0,0.0,0.0,0.0,0.0,0.0,0.0,0.0,0.0,0.0,0.0,0.0,0.0,0.0,0.0,0.0,0.0,0.0,0.0,0.0,0.0
115.5,3.0,13.621741337404119,14.658093328764693,16.450641830840716,16.075287339807286,14.941808917975196,14.561956330319775,14.617517419654618,14.181594839208142,14.260542785225212,13.98177361737682,1.0,1.0,1.0,1.0,1.0,1.0,1.0,1.0,1.0,1.0
115.75,4.0,14.754579030785107,15.187230675523034,15.398736082148774,16.762415101918865,16.666045001759,16.775510920794378,17.618517257772883,17.313667646249264,16.505256415417538,17.034569948454486,1.0,1.0,1.0,1.0,1.0,1.0,1.0,1.0,1.0,1.0
116.0,1.0,0.0,0.0,0.0,0.0,0.0,0.0,0.0,0.0,0.0,0.0,0.0,0.0,0.0,0.0,0.0,0.0,0.0,0.0,0.0,0.0
116.25,2.0,15.9912949857023,16.828594772842113,16.53914705225558,15.641490730210407,15.049921233161218,13.743182873078675,13.922329328826185,14.679178514312861,16.204164349346105,15.207342937500133,1.0,1.0,1.0,1.0,1.0,1.0,1.0,1.0,1.0,1.0
116.5,3.0,13.883810590307078,16.1920209278863,16.808018586519392,16.282303248498305,15.218150266770936,15.700572672114951,16.50692258688836,15.317161585431263,16.36187628114734,15.03363347679096,1.0,1.0,1.0,1.0,1.0,1.0,1.0,1.0,1.0,1.0
116.75,4.0,0.0,0.0,0.0,0.0,0.0,0.0,0.0,0.0,0.0,0.0,0.0,0.0,0.0,0.0,0.0,0.0,0.0,0.0,0.0,0.0
117.0,1.0,17.55883464459065,16.829142234577297,18.088196184708323,17.623423039189593,16.77453236745637,17.06672767656897,17.35320416314097,18.602319725977544,17.985109923923112,17.60886929718609,1.0,1.0,1.0,1.0,1.0,1.0,1.0,1.0,1.0,1.0
117.25,2.0,16.79730004730101,17.254625487676076,16.5618718201326,13.992335974319861,12.429985469603489,13.58472922632292,14.304555670705653,15.903173479555967,16.487388541049594,16.14339584035699,1.0,1.0,1.0,1.0,1.0,1.0,1.0,1.0,1.0,1.0
117.5,3.0,0.0,0.0,0.0,0.0,0.0,0.0,0.0,0.0,0.0,0.0,0.0,0.0,0.0,0.0,0.0,0.0,0.0,0.0,0.0,0.0
117.75,4.0,15.884899959479762,15.473649674991828,14.499336200851744,14.409370297629977,13.21010494386427,13.984870875571628,14.878322619135263,15.052063703808486,14.932368819796926,14.95155664527895,1.0,1.0,1.0,1.0,1.0,1.0,1.0,1.0,1.0,1.0
118.0,1.0,16.98909796632554,15.49312683251209,16.59442651354388,15.546545734153934,15.613557380361138,15.76955071934906,16.150372936874522,17.614802176298017,17.800700100052623,17.455472337713324,1.0,1.0,1.0,1.0,1.0,1.0,1.0,1.0,1.0,1.0
118.25,2.0,0.0,0.0,0.0,0.0,0.0,0.0,0.0,0.0,0.0,0.0,0.0,0.0,0.0,0.0,0.0,0.0,0.0,0.0,0.0,0.0
118.5,3.0,15.739937658705019,16.069964802535605,16.089857783256157,16.018619862960445,16.104125240934906,17.49222481010596,17.729243540734828,17.467501966340848,16.804005789792676,15.268032185540442,1.0,1.0,1.0,1.0,1.0,1.0,1.0,1.0,1.0,1.0
118.75,4.0,14.691774582877594,14.484322510043482,13.926176860063668,13.31410354752784,13.519312540622849,13.456302336536071,14.569467841720703,14.240236434298508,15.645288093974052,16.325221650209617,1.0,1.0,1.0,1.0,1.0,1.0,1.0,1.0,1.0,1.0
119.0,1.0,16.685216440976156,14.75464212511403,16.351397043466427,15.86332691881411,15.947520215260582,16.43959109028315,17.457486771814512,18.349581596289596,17.835103373455144,18.220357317100245,1.0,1.0,1.0,1.0,1.0,1.0,1.0,1.0,1.0,1.0
119.25,2.0,17.466261667825016,17.542762894561474,15.093293619599137,13.734432416836002,13.761885097123818,14.81549138741477,14.629678909753954,15.2916297493437,16.567359678839086,16.203807226905926,1.0,1.0,1.0,1.0,1.0,1.0,1.0,1.0,1.0,1.0
119.5,3.0,0.0,0.0,0.0,0.0,0.0,0.0,0.0,0.0,0.0,0.0,0.0,0.0,0.0,0.0,0.0,0.0,0.0,0.0,0.0,0.0
119.75,4.0,0.0,0.0,0.0,0.0,0.0,0.0,0.0,0.0,0.0,0.0,0.0,0.0,0.0,0.0,0.0,0.0,0.0,0.0,0.0,0.0
120.0,1.0,16.393387269400247,16.12095843214435,16.39438397312949,15.141412511309282,16.34971995608203,17.39097934187477,17.828848545670695,19.18435698624371,18.345032073926497,19.48376233705564,1.0,1.0,1.0,1.0,1.0,1.0,1.0,1.0,1.0,1.0
120.25,2.0,17.229643363909222,16.11760125999137,15.227337168445088,13.534482801503042,13.691452484635837,14.212915740262162,14.980509411062636,15.360569266508998,16.064051352402448,15.728322055935626,1.0,1.0,1.0,1.0,1.0,1.0,1.0,1.0,1.0,1.0
120.5,3.0,17.26719259620642,16.20040188146352,16.290436021434157,16.7075754110484,15.568003270689777,15.95855960663645,16.840558900211995,17.265792576004284,17.19134422672054,14.894353714337452,1.0,1.0,1.0,1.0,1.0,1.0,1.0,1.0,1.0,1.0
120.75,4.0,15.289261895741362,15.328090284041014,14.058396632218242,13.4791858168534,14.777971731158527,14.556530392563118,15.02693469393343,15.360720533250312,15.92933878237012,15.962871624370022,1.0,1.0,1.0,1.0,1.0,1.0,1.0,1.0,1.0,1.0
121.0,1.0,0.0,0.0,0.0,0.0,0.0,0.0,0.0,0.0,0.0,0.0,0.0,0.0,0.0,0.0,0.0,0.0,0.0,0.0,0.0,0.0
121.25,2.0,0.0,0.0,0.0,0.0,0.0,0.0,0.0,0.0,0.0,0.0,0.0,0.0,0.0,0.0,0.0,0.0,0.0,0.0,0.0,0.0
121.5,3.0,16.984698221226072,15.665181987905347,17.029386159475386,17.408322306761022,15.678366776784518,17.084015887988773,18.399630413537267,17.6665545136059,17.02877434093619,14.292368192038198,1.0,1.0,1.0,1.0,1.0,1.0,1.0,1.0,1.0,1.0
121.75,4.0,15.237165988905344,15.222140944328101,14.958206019560095,14.50236255462895,15.166606851356155,14.91919256408642,15.59761790239864,14.921382433301373,16.32967389808999,16.167527480670433,1.0,1.0,1.0,1.0,1.0,1.0,1.0,1.0,1.0,1.0
122.0,1.0,16.19987756533899,15.788178761193823,15.890990637223222,17.19757288892112,16.613613250886857,17.603283097923587,18.467862188675227,20.026877027714594,18.807579287658022,19.390584179015278,1.0,1.0,1.0,1.0,1.0,1.0,1.0,1.0,1.0,1.0
122.25,2.0,15.13843879816105,16.26969960064711,15.140339750675752,13.589551364499057,15.01033834683573,14.983328208133695,15.28744760205251,16.452841972613385,17.01189876225991,16.52139617716436,1.0,1.0,1.0,1.0,1.0,1.0,1.0,1.0,1.0,1.0
122.5,3.0,0.0,0.0,0.0,0.0,0.0,0.0,0.0,0.0,0.0,0.0,0.0,0.0,0.0,0.0,0.0,0.0,0.0,0.0,0.0,0.0
122.75,4.0,14.914240656759299,15.509897498022216,15.602641593607565,14.904148280090615,15.37564101157403,15.531896151831464,14.670199502008193,15.774296713604295,16.702877211822962,17.35600776803628,1.0,1.0,1.0,1.0,1.0,1.0,1.0,1.0,1.0,1.0
123.0,1.0,16.520387301689773,15.075678209063055,15.572784686895265,16.30487717906786,16.940924570916653,17.924131193041735,18.634880220177486,18.780259386579424,18.0413915609133,18.855190237360304,1.0,1.0,1.0,1.0,1.0,1.0,1.0,1.0,1.0,1.0
123.25,2.0,0.0,0.0,0.0,0.0,0.0,0.0,0.0,0.0,0.0,0.0,0.0,0.0,0.0,0.0,0.0,0.0,0.0,0.0,0.0,0.0
123.5,3.0,15.861263703616663,14.087452685145438,14.91875775615558,15.61887714101074,16.124717678574964,16.917417876153305,17.38079263764883,15.55027387982214,14.456993964229328,12.922279023836339,1.0,1.0,1.0,1.0,1.0,1.0,1.0,1.0,1.0,1.0
123.75,4.0,15.796149898460055,16.38280722147135,16.398601287616803,14.28142767845756,14.67068710993885,14.257490977633982,14.863122804923453,15.24530899046679,15.625640231974776,17.047472172498445,1.0,1.0,1.0,1.0,1.0,1.0,1.0,1.0,1.0,1.0
124.0,1.0,0.0,0.0,0.0,0.0,0.0,0.0,0.0,0.0,0.0,0.0,0.0,0.0,0.0,0.0,0.0,0.0,0.0,0.0,0.0,0.0
124.25,2.0,14.755824612998085,14.684746340404192,14.99756523738974,14.204903982749055,14.577741023196591,14.839601851530439,15.0452692326609,16.864348787167543,16.47014662992597,16.311336073420907,1.0,1.0,1.0,1.0,1.0,1.0,1.0,1.0,1.0,1.0
124.5,3.0,14.620386177404347,14.361997693670421,15.393832335717129,15.372227087733634,15.791245250680529,17.002387180456008,16.799859166449345,16.121714612846144,15.067290482557604,13.232111666442444,1.0,1.0,1.0,1.0,1.0,1.0,1.0,1.0,1.0,1.0
124.75,4.0,0.0,0.0,0.0,0.0,0.0,0.0,0.0,0.0,0.0,0.0,0.0,0.0,0.0,0.0,0.0,0.0,0.0,0.0,0.0,0.0
125.0,1.0,16.60977354859629,16.14950077036976,15.955956672057914,17.706846001552524,20.586088261210435,19.580788734272538,18.724120583530624,19.355286613675066,17.13647603884271,17.942659844332965,1.0,1.0,1.0,1.0,1.0,1.0,1.0,1.0,1.0,1.0
125.25,2.0,14.490034713462538,14.890767107187955,15.990842227562215,15.16509390101298,15.669057546724124,15.49093074170436,16.33066604750733,17.741246488287867,17.358817079464608,16.51504570166965,1.0,1.0,1.0,1.0,1.0,1.0,1.0,1.0,1.0,1.0
125.5,3.0,0.0,0.0,0.0,0.0,0.0,0.0,0.0,0.0,0.0,0.0,0.0,0.0,0.0,0.0,0.0,0.0,0.0,0.0,0.0,0.0
125.75,4.0,15.40716256012787,14.143760956455987,13.839430035530693,13.229483045283384,15.798953083246076,16.655355970892643,16.496629231961084,16.939941662902058,16.968530966811812,16.873565644463817,1.0,1.0,1.0,1.0,1.0,1.0,1.0,1.0,1.0,1.0
126.0,1.0,16.777567042309233,16.012030014569554,16.64118339612804,17.996667087956695,19.69767919523565,18.520930930560088,17.14312679154127,18.85809299545047,19.046620972240483,19.48055554878933,1.0,1.0,1.0,1.0,1.0,1.0,1.0,1.0,1.0,1.0
126.25,2.0,0.0,0.0,0.0,0.0,0.0,0.0,0.0,0.0,0.0,0.0,0.0,0.0,0.0,0.0,0.0,0.0,0.0,0.0,0.0,0.0
126.5,3.0,15.212728954266359,14.806726967370233,15.84834895962912,17.316668284388342,16.185925107787536,16.372151425034147,16.31025800723384,16.579483215384858,15.725712925958385,15.03935032080632,1.0,1.0,1.0,1.0,1.0,1.0,1.0,1.0,1.0,1.0
126.75,4.0,14.853866659186277,14.049924053375875,14.533581870335151,15.673217594388374,17.381468434292042,17.397608288950522,17.336127411945633,16.85650162380023,16.477061321687785,16.26751903590211,1.0,1.0,1.0,1.0,1.0,1.0,1.0,1.0,1.0,1.0
127.0,1.0,15.817547570070769,15.867830750930198,17.01674277900926,19.314539641012082,20.19072863913009,19.15959383438198,18.35560641323387,19.77947859480953,19.860975942969,19.71613444822528,1.0,1.0,1.0,1.0,1.0,1.0,1.0,1.0,1.0,1.0
127.25,2.0,16.806350936693534,15.078602930275066,14.432007642173037,14.35294007449904,15.998714978390888,16.274096466881357,15.815503111077133,17.621621189257667,17.396606083237156,16.722703058222464,1.0,1.0,1.0,1.0,1.0,1.0,1.0,1.0,1.0,1.0
127.5,3.0,0.0,0.0,0.0,0.0,0.0,0.0,0.0,0.0,0.0,0.0,0.0,0.0,0.0,0.0,0.0,0.0,0.0,0.0,0.0,0.0
127.75,4.0,14.955382499223912,15.192637999719224,15.655836851153754,16.82187091779385,17.606961606412447,17.054383934989698,17.00558364933094,16.402263121857892,15.538071301121622,15.78112945868497,1.0,1.0,1.0,1.0,1.0,1.0,1.0,1.0,1.0,1.0
128.0,1.0,16.448559880282787,17.484866710064196,18.888562149078478,20.49535436479598,20.189769840815224,19.212055568408097,18.881547075374932,19.691987945511173,18.438050433592462,18.40263960387756,1.0,1.0,1.0,1.0,1.0,1.0,1.0,1.0,1.0,1.0
128.25,2.0,16.795918012213537,14.52917615126785,15.450525395073166,15.056752940606087,15.311220879763232,16.208238127686013,16.484070109070295,17.11616013209086,16.571955444974698,16.030494929439673,1.0,1.0,1.0,1.0,1.0,1.0,1.0,1.0,1.0,1.0
128.5,3.0,14.5345996020939,14.728164388764702,15.277049568858978,16.503270053381694,15.409762750652927,15.375030543708029,15.257824063977353,15.398104876484568,15.41892648379987,14.848457736840881,1.0,1.0,1.0,1.0,1.0,1.0,1.0,1.0,1.0,1.0
128.75,4.0,15.907553677697285,15.58075445110648,15.92693371242529,16.98497325497271,16.348591692885297,16.682597095366102,16.79844156400892,15.86122487312464,15.845431602788794,16.524042542263743,1.0,1.0,1.0,1.0,1.0,1.0,1.0,1.0,1.0,1.0
129.0,1.0,0.0,0.0,0.0,0.0,0.0,0.0,0.0,0.0,0.0,0.0,0.0,0.0,0.0,0.0,0.0,0.0,0.0,0.0,0.0,0.0
129.25,2.0,0.0,0.0,0.0,0.0,0.0,0.0,0.0,0.0,0.0,0.0,0.0,0.0,0.0,0.0,0.0,0.0,0.0,0.0,0.0,0.0
129.5,3.0,14.748901930679821,15.959780704631775,15.938859376689463,15.440830577835188,15.252191636827805,15.251840530025179,14.936338580618797,15.745361086854135,15.798534219778183,16.05093941973739,1.0,1.0,1.0,1.0,1.0,1.0,1.0,1.0,1.0,1.0
129.75,4.0,0.0,0.0,0.0,0.0,0.0,0.0,0.0,0.0,0.0,0.0,0.0,0.0,0.0,0.0,0.0,0.0,0.0,0.0,0.0,0.0
130.0,1.0,16.459963985229525,19.01865595732236,18.362111963422294,19.35930031003348,19.129601534753103,19.070937539117875,18.14168320302782,18.787384542064906,17.660938829128412,17.412470323905417,1.0,1.0,1.0,1.0,1.0,1.0,1.0,1.0,1.0,1.0
130.25,2.0,17.28915303002403,17.766063323267765,17.563085567531044,15.64696701507692,14.877355330057215,15.171846853015158,15.477272035140796,16.101058903963708,15.69149560091526,16.144693137380454,1.0,1.0,1.0,1.0,1.0,1.0,1.0,1.0,1.0,1.0
130.5,3.0,0.0,0.0,0.0,0.0,0.0,0.0,0.0,0.0,0.0,0.0,0.0,0.0,0.0,0.0,0.0,0.0,0.0,0.0,0.0,0.0
130.75,4.0,16.182651541936035,15.61182224464129,16.57107402258662,17.46760869994352,16.85679581715203,17.142542437563137,16.912218365287693,16.706814775371413,17.13164096419598,16.795073968260848,1.0,1.0,1.0,1.0,1.0,1.0,1.0,1.0,1.0,1.0
131.0,1.0,17.186045957050396,17.738154866775854,17.29770773816877,18.13482298238974,18.31721428894228,17.6466572990268,16.711168885214835,17.031696251774907,16.42546114226204,16.961361501565825,1.0,1.0,1.0,1.0,1.0,1.0,1.0,1.0,1.0,1.0
131.25,2.0,0.0,0.0,0.0,0.0,0.0,0.0,0.0,0.0,0.0,0.0,0.0,0.0,0.0,0.0,0.0,0.0,0.0,0.0,0.0,0.0
131.5,3.0,17.157437905451907,17.4398203274268,16.815671769453303,15.922144285545455,15.55861740320722,16.609090258937176,17.353212155494035,18.04604970102392,18.48233361183894,18.165967039367317,1.0,1.0,1.0,1.0,1.0,1.0,1.0,1.0,1.0,1.0
131.75,4.0,16.584035306897725,16.735215805989295,16.294386022463073,16.535946856176757,15.934495208803012,17.023657623479416,17.466602317548425,17.818225635176375,17.198441692393196,17.234595174242585,1.0,1.0,1.0,1.0,1.0,1.0,1.0,1.0,1.0,1.0
132.0,1.0,0.0,0.0,0.0,0.0,0.0,0.0,0.0,0.0,0.0,0.0,0.0,0.0,0.0,0.0,0.0,0.0,0.0,0.0,0.0,0.0
132.25,2.0,17.648545025787552,18.393392627143136,17.59763252782636,16.59329195411313,16.591019911561716,16.670444620807693,16.84620901970443,17.05597331827983,16.769922970616555,17.46951757674906,1.0,1.0,1.0,1.0,1.0,1.0,1.0,1.0,1.0,1.0
132.5,3.0,0.0,0.0,0.0,0.0,0.0,0.0,0.0,0.0,0.0,0.0,0.0,0.0,0.0,0.0,0.0,0.0,0.0,0.0,0.0,0.0
132.75,4.0,0.0,0.0,0.0,0.0,0.0,0.0,0.0,0.0,0.0,0.0,0.0,0.0,0.0,0.0,0.0,0.0,0.0,0.0,0.0,0.0
133.0,1.0,17.264343668771478,17.063234994609367,16.554087679865457,16.599680561655777,16.112548264157375,15.751030733407323,16.209681015821467,16.415476567591313,16.191839864257513,15.774190410098885,1.0,1.0,1.0,1.0,1.0,1.0,1.0,1.0,1.0,1.0
133.25,2.0,17.582674173523987,18.610808255894103,17.812890802499663,17.31135806363726,16.66444204397384,17.332815295434475,17.518033979712765,17.215652334338735,17.637916131338827,18.87240028715928,1.0,1.0,1.0,1.0,1.0,1.0,1.0,1.0,1.0,1.0
133.5,3.0,0.0,0.0,0.0,0.0,0.0,0.0,0.0,0.0,0.0,0.0,0.0,0.0,0.0,0.0,0.0,0.0,0.0,0.0,0.0,0.0
133.75,4.0,17.928451949208856,17.79900689909768,17.467666259129253,17.198643165030873,16.787909134105742,17.26460742524939,17.692672104692928,17.429692545726308,16.613599324214494,17.768338186251146,1.0,1.0,1.0,1.0,1.0,1.0,1.0,1.0,1.0,1.0
134.0,1.0,15.732992114782679,17.0695604035015,15.312885152305297,15.467872288486106,15.383408099161226,15.042486577733097,15.991326543593527,15.768466988483707,15.75392289459186,15.914938483605166,1.0,1.0,1.0,1.0,1.0,1.0,1.0,1.0,1.0,1.0
134.25,2.0,0.0,0.0,0.0,0.0,0.0,0.0,0.0,0.0,0.0,0.0,0.0,0.0,0.0,0.0,0.0,0.0,0.0,0.0,0.0,0.0
134.5,3.0,16.685277343508957,16.548899884437194,14.778404935992992,15.886376597211093,16.566979356033915,16.317740508879673,16.808817156943466,16.00564571387816,14.91850162991958,13.207144926752523,1.0,1.0,1.0,1.0,1.0,1.0,1.0,1.0,1.0,1.0
134.75,4.0,18.802588044652094,18.481058994502373,16.551659584616132,17.304407010827113,16.56044980755462,17.69325551917536,17.374583756641933,16.967809562261184,15.98960048816635,16.810256380745766,1.0,1.0,1.0,1.0,1.0,1.0,1.0,1.0,1.0,1.0
135.0,1.0,15.46344228928663,16.61898646778545,14.29882736600104,13.984094792328188,14.856950121175265,14.903083346345706,16.047218350411487,15.691833448281958,15.539394563983631,15.942669451828873,1.0,1.0,1.0,1.0,1.0,1.0,1.0,1.0,1.0,1.0
135.25,2.0,18.826913976891397,18.995803632666245,17.943792577377103,16.871895004803665,17.87669163598401,17.596651912481203,18.70695737898361,18.808060297947662,19.389263686906745,18.750383469214892,1.0,1.0,1.0,1.0,1.0,1.0,1.0,1.0,1.0,1.0
135.5,3.0,0.0,0.0,0.0,0.0,0.0,0.0,0.0,0.0,0.0,0.0,0.0,0.0,0.0,0.0,0.0,0.0,0.0,0.0,0.0,0.0
135.75,4.0,19.24409326479929,17.669492919126892,18.093392478169065,18.522856530327605,15.32171611939782,16.0806705007646,15.288793149865601,15.501870929164788,15.046470219267729,16.02378931996492,1.0,1.0,1.0,1.0,1.0,1.0,1.0,1.0,1.0,1.0
136.0,1.0,15.013566670684035,16.132535026634056,13.214154137554154,13.65925650710032,14.450031225213024,14.323520514590435,15.502151012617169,15.585187110471598,14.722711934219083,14.873375466135876,1.0,1.0,1.0,1.0,1.0,1.0,1.0,1.0,1.0,1.0
136.25,2.0,0.0,0.0,0.0,0.0,0.0,0.0,0.0,0.0,0.0,0.0,0.0,0.0,0.0,0.0,0.0,0.0,0.0,0.0,0.0,0.0
136.5,3.0,15.7209475020869,16.103160220553427,14.242744331901868,14.063009022296873,14.542001765331959,12.909718798876629,12.282622827987145,12.94549816991482,12.67564263709296,14.105681943371184,1.0,1.0,1.0,1.0,1.0,1.0,1.0,1.0,1.0,1.0
136.75,4.0,18.28504122323645,17.513085127408274,17.692353801759744,16.8137443419358,14.381101036216071,15.61899104194136,15.76237799561726,17.115054225868246,15.833513519533877,16.134583749381527,1.0,1.0,1.0,1.0,1.0,1.0,1.0,1.0,1.0,1.0
137.0,1.0,0.0,0.0,0.0,0.0,0.0,0.0,0.0,0.0,0.0,0.0,0.0,0.0,0.0,0.0,0.0,0.0,0.0,0.0,0.0,0.0
137.25,2.0,0.0,0.0,0.0,0.0,0.0,0.0,0.0,0.0,0.0,0.0,0.0,0.0,0.0,0.0,0.0,0.0,0.0,0.0,0.0,0.0
137.5,3.0,15.105535054079171,16.39370554133298,13.578046830944384,14.116807895347337,12.837401826905603,12.452513623531786,11.999907331433878,13.550130730050466,13.75376055096914,15.562469219283534,1.0,1.0,1.0,1.0,1.0,1.0,1.0,1.0,1.0,1.0
137.75,4.0,0.0,0.0,0.0,0.0,0.0,0.0,0.0,0.0,0.0,0.0,0.0,0.0,0.0,0.0,0.0,0.0,0.0,0.0,0.0,0.0
138.0,1.0,15.643023693657677,13.358955409358845,12.541050477243108,12.601577496451343,13.269589568886188,12.72331055551289,14.952392676711368,14.354119216760347,14.507340324784646,14.720811788535132,1.0,1.0,1.0,1.0,1.0,1.0,1.0,1.0,1.0,1.0
138.25,2.0,16.671643217778605,15.5523598926832,15.734463723118992,17.75754525938953,18.305453046014346,18.008148225198905,18.895432265267583,19.54465185586295,18.376470868909667,17.502576653525324,1.0,1.0,1.0,1.0,1.0,1.0,1.0,1.0,1.0,1.0
138.5,3.0,0.0,0.0,0.0,0.0,0.0,0.0,0.0,0.0,0.0,0.0,0.0,0.0,0.0,0.0,0.0,0.0,0.0,0.0,0.0,0.0
138.75,4.0,16.90104449873317,16.595207242160622,16.508112406575094,14.996745223112116,14.178804559179094,15.141898952702,15.537214197147295,15.656108568137235,15.973493431448182,15.272389130870014,1.0,1.0,1.0,1.0,1.0,1.0,1.0,1.0,1.0,1.0
139.0,1.0,13.784850026693022,11.757915895880632,12.736164097519486,14.173154663455282,15.353937991586251,14.09516342393177,15.933807503616622,16.306241584647722,16.54038976112558,16.42393595505433,1.0,1.0,1.0,1.0,1.0,1.0,1.0,1.0,1.0,1.0
139.25,2.0,0.0,0.0,0.0,0.0,0.0,0.0,0.0,0.0,0.0,0.0,0.0,0.0,0.0,0.0,0.0,0.0,0.0,0.0,0.0,0.0
139.5,3.0,15.385548966032506,15.742605528024159,15.5463789804649,14.568842141488837,14.859315066964289,13.69498789081224,13.128433747684067,15.150496506827064,15.321636952797569,16.039316848038506,1.0,1.0,1.0,1.0,1.0,1.0,1.0,1.0,1.0,1.0
139.75,4.0,16.72483524942675,17.614109681808753,16.45843613788776,15.573211551492635,14.613824358126337,14.294378903311797,15.167021853012299,15.070426559443675,16.20004134335449,15.820134823062457,1.0,1.0,1.0,1.0,1.0,1.0,1.0,1.0,1.0,1.0
140.0,1.0,0.0,0.0,0.0,0.0,0.0,0.0,0.0,0.0,0.0,0.0,0.0,0.0,0.0,0.0,0.0,0.0,0.0,0.0,0.0,0.0
140.25,2.0,16.76479260036488,17.276369579328936,16.214781821440926,15.770733652932806,17.328564827889657,18.147091300294342,18.843377845961363,18.05395987637404,16.876751248539357,15.430463674641276,1.0,1.0,1.0,1.0,1.0,1.0,1.0,1.0,1.0,1.0
140.5,3.0,0.0,0.0,0.0,0.0,0.0,0.0,0.0,0.0,0.0,0.0,0.0,0.0,0.0,0.0,0.0,0.0,0.0,0.0,0.0,0.0
140.75,4.0,0.0,0.0,0.0,0.0,0.0,0.0,0.0,0.0,0.0,0.0,0.0,0.0,0.0,0.0,0.0,0.0,0.0,0.0,0.0,0.0
141.0,1.0,15.161391042130871,15.426853451853553,16.084382934054318,15.543925188412317,15.180745878472923,14.99305422179972,16.756019812459638,17.529157818107112,18.12177984826882,19.249699847442294,1.0,1.0,1.0,1.0,1.0,1.0,1.0,1.0,1.0,1.0
141.25,2.0,18.09277690430204,18.788145402355863,17.10582509723396,16.05518598456391,17.260139652089123,17.724328306077208,17.928613564897166,16.61913396122492,15.88865325930464,15.449759584314167,1.0,1.0,1.0,1.0,1.0,1.0,1.0,1.0,1.0,1.0
141.5,3.0,0.0,0.0,0.0,0.0,0.0,0.0,0.0,0.0,0.0,0.0,0.0,0.0,0.0,0.0,0.0,0.0,0.0,0.0,0.0,0.0
141.75,4.0,15.977383469514866,16.136181106021194,15.607136315132985,15.260902732482126,14.954258945706664,15.517093232913352,15.519658815974346,15.752651338604917,16.968197356245312,16.801923893218284,1.0,1.0,1.0,1.0,1.0,1.0,1.0,1.0,1.0,1.0
142.0,1.0,16.326426426406424,16.845808021361446,16.005330309116225,16.012857045718775,16.321500859013035,16.878959513032903,18.63179248386529,18.93285847579328,19.971102303636943,20.654517745460247,1.0,1.0,1.0,1.0,1.0,1.0,1.0,1.0,1.0,1.0
142.25,2.0,0.0,0.0,0.0,0.0,0.0,0.0,0.0,0.0,0.0,0.0,0.0,0.0,0.0,0.0,0.0,0.0,0.0,0.0,0.0,0.0
142.5,3.0,16.323761775543865,16.53315200062305,15.783633587267527,16.041275979290855,14.500988940698981,15.421745893197807,15.82645387083379,16.35091099578286,16.998623445291727,17.099597392532292,1.0,1.0,1.0,1.0,1.0,1.0,1.0,1.0,1.0,1.0
142.75,4.0,16.259952598727633,16.34800736427945,15.804681274786011,15.9272091730228,17.16916569915147,17.112176131181922,17.243804434724865,17.422257825748254,16.627788538379757,17.502557444771707,1.0,1.0,1.0,1.0,1.0,1.0,1.0,1.0,1.0,1.0
143.0,1.0,17.056266843235782,16.220199581946613,16.248197463657736,16.362026968691264,17.035151498129473,17.656510305854187,20.19660063590573,19.922245090538,20.669430388422448,20.827394135974718,1.0,1.0,1.0,1.0,1.0,1.0,1.0,1.0,1.0,1.0
143.25,2.0,17.44914066224661,16.843093022472107,16.727171036679312,15.350354677935112,15.939930160401468,15.503345518448462,16.472346738982782,15.500733670433346,14.748954476090708,14.290465676943546,1.0,1.0,1.0,1.0,1.0,1.0,1.0,1.0,1.0,1.0
143.5,3.0,0.0,0.0,0.0,0.0,0.0,0.0,0.0,0.0,0.0,0.0,0.0,0.0,0.0,0.0,0.0,0.0,0.0,0.0,0.0,0.0
143.75,4.0,16.18832454027074,16.20684833112012,15.257342039344142,15.763771929430114,17.053300386999506,16.154041768012217,16.378521583476516,17.238323227784807,16.705547792265754,18.172135706536483,1.0,1.0,1.0,1.0,1.0,1.0,1.0,1.0,1.0,1.0
144.0,1.0,17.962682980560967,17.09046561159616,16.337266426027927,16.720190305131425,18.082315145459184,17.985260752090838,19.828272516352254,20.498722988613945,21.02558640980967,20.100940705367858,1.0,1.0,1.0,1.0,1.0,1.0,1.0,1.0,1.0,1.0
144.25,2.0,0.0,0.0,0.0,0.0,0.0,0.0,0.0,0.0,0.0,0.0,0.0,0.0,0.0,0.0,0.0,0.0,0.0,0.0,0.0,0.0
144.5,3.0,16.67040502397372,16.454664143107877,14.366091572393174,15.657962795019714,17.03619260528507,17.18860041429457,16.828384750380543,16.79057894087917,17.139675721607777,16.614720115384365,1.0,1.0,1.0,1.0,1.0,1.0,1.0,1.0,1.0,1.0
144.75,4.0,15.748358973279107,15.572076312785487,15.783320599963899,16.625160534102303,16.437373754163833,15.717086063853086,16.976171435135083,17.89032440734396,17.940871429155226,18.928960821149975,1.0,1.0,1.0,1.0,1.0,1.0,1.0,1.0,1.0,1.0
145.0,1.0,0.0,0.0,0.0,0.0,0.0,0.0,0.0,0.0,0.0,0.0,0.0,0.0,0.0,0.0,0.0,0.0,0.0,0.0,0.0,0.0
145.25,2.0,0.0,0.0,0.0,0.0,0.0,0.0,0.0,0.0,0.0,0.0,0.0,0.0,0.0,0.0,0.0,0.0,0.0,0.0,0.0,0.0
145.5,3.0,16.596443861572045,16.60231619275603,15.936517186740058,15.732261604506874,16.387242581111003,16.39466398985596,16.765231438794935,16.92608720757744,17.287128609065245,16.843217192830405,1.0,1.0,1.0,1.0,1.0,1.0,1.0,1.0,1.0,1.0
145.75,4.0,0.0,0.0,0.0,0.0,0.0,0.0,0.0,0.0,0.0,0.0,0.0,0.0,0.0,0.0,0.0,0.0,0.0,0.0,0.0,0.0
146.0,1.0,17.341002339619276,17.233338365860455,15.511585342804956,15.983445268000759,17.635252044118868,18.864436208881752,19.49174472329948,19.84306627177366,20.159741226696543,19.807775997612353,1.0,1.0,1.0,1.0,1.0,1.0,1.0,1.0,1.0,1.0
146.25,2.0,16.087477228536105,14.186025242589588,14.937724882703794,16.114571894851366,17.524853514861846,16.42672811690513,16.657555558974813,14.877341929958181,14.916989311449576,14.614357439061967,1.0,1.0,1.0,1.0,1.0,1.0,1.0,1.0,1.0,1.0
146.5,3.0,0.0,0.0,0.0,0.0,0.0,0.0,0.0,0.0,0.0,0.0,0.0,0.0,0.0,0.0,0.0,0.0,0.0,0.0,0.0,0.0
146.75,4.0,17.427895150275667,16.78453523314906,16.841538587721328,17.481731345544947,17.300846711546214,17.088787980174832,16.70021379067585,17.1298781117902,17.39910653031203,18.456359385844653,1.0,1.0,1.0,1.0,1.0,1.0,1.0,1.0,1.0,1.0
147.0,1.0,16.34020195196964,15.679600500187485,14.408425678742407,16.64248758053954,18.1244389376208,18.069650492432142,19.097516349926686,18.556552281967416,18.82969093772484,19.050317467619923,1.0,1.0,1.0,1.0,1.0,1.0,1.0,1.0,1.0,1.0
147.25,2.0,0.0,0.0,0.0,0.0,0.0,0.0,0.0,0.0,0.0,0.0,0.0,0.0,0.0,0.0,0.0,0.0,0.0,0.0,0.0,0.0
147.5,3.0,16.458827174319346,16.31815143909818,16.119502003474278,16.244438276909708,16.05022129617017,16.757038894377764,16.81847463467147,16.56696479054726,17.89602991026974,17.656065255513422,1.0,1.0,1.0,1.0,1.0,1.0,1.0,1.0,1.0,1.0
147.75,4.0,16.834332556454907,16.56432593883909,16.991619366880357,16.96182190565431,17.121237317252284,16.736758250279088,17.31820331031378,17.142787494001798,18.269395421281164,19.523487338986477,1.0,1.0,1.0,1.0,1.0,1.0,1.0,1.0,1.0,1.0
148.0,1.0,0.0,0.0,0.0,0.0,0.0,0.0,0.0,0.0,0.0,0.0,0.0,0.0,0.0,0.0,0.0,0.0,0.0,0.0,0.0,0.0
148.25,2.0,16.07832318765778,16.22062335163407,16.412093203977488,16.314224867248804,15.954339395778337,15.579963077128347,15.85935611580766,14.531550712088059,14.542284967494112,13.613525851717746,1.0,1.0,1.0,1.0,1.0,1.0,1.0,1.0,1.0,1.0
148.5,3.0,0.0,0.0,0.0,0.0,0.0,0.0,0.0,0.0,0.0,0.0,0.0,0.0,0.0,0.0,0.0,0.0,0.0,0.0,0.0,0.0
148.75,4.0,0.0,0.0,0.0,0.0,0.0,0.0,0.0,0.0,0.0,0.0,0.0,0.0,0.0,0.0,0.0,0.0,0.0,0.0,0.0,0.0
149.0,1.0,15.68352200020613,15.058258589780033,15.008348226181344,16.722903613412235,18.023102085180714,18.96096392860561,19.582928241709077,18.69332907685964,17.990683514030824,17.314906669294288,1.0,1.0,1.0,1.0,1.0,1.0,1.0,1.0,1.0,1.0
149.25,2.0,16.26453808286877,16.071605688955874,16.531907667757423,16.896628771879016,15.539046536857636,15.310933175819544,15.53245341378195,15.864945054271296,15.652415217783188,14.854921739401389,1.0,1.0,1.0,1.0,1.0,1.0,1.0,1.0,1.0,1.0
149.5,3.0,16.88959959866643,16.819896601394195,15.980179148184801,17.647801302941396,16.629880107893054,16.951471110730672,18.00994058748745,19.03286078909703,19.801437718088746,19.465360513756007,1.0,1.0,1.0,1.0,1.0,1.0,1.0,1.0,1.0,1.0
149.75,4.0,16.363579171473372,17.304074346004978,17.26910250256949,18.569381060432246,18.738385493642692,18.160640502450196,18.8790014110759,19.326937725032423,19.665487878994792,21.069654368967832,1.0,1.0,1.0,1.0,1.0,1.0,1.0,1.0,1.0,1.0
150.0,1.0,15.405735971399666,14.809095865675149,15.0007725491802,17.82566516815912,18.618866823277692,18.485482259597195,18.83909968024419,17.238069403559564,17.45901845070345,17.240060262045976,1.0,1.0,1.0,1.0,1.0,1.0,1.0,1.0,1.0,1.0
150.25,2.0,0.0,0.0,0.0,0.0,0.0,0.0,0.0,0.0,0.0,0.0,0.0,0.0,0.0,0.0,0.0,0.0,0.0,0.0,0.0,0.0
150.5,3.0,17.303491204423196,16.605573189104504,16.137998533101253,17.508872526959696,17.487235524909053,17.906256394257856,18.014105902227328,18.91141353143518,19.37634364813195,19.90026242626913,1.0,1.0,1.0,1.0,1.0,1.0,1.0,1.0,1.0,1.0
150.75,4.0,16.57295045165016,17.49701019618026,17.623602801221395,17.83844702362094,18.776020637300906,19.10111692018934,19.106700644815916,19.932158701366195,19.835651667531405,20.062181167443008,1.0,1.0,1.0,1.0,1.0,1.0,1.0,1.0,1.0,1.0
151.0,1.0,14.133422205178501,14.430840270385918,15.494254776019005,19.135886499753447,18.392872775399894,18.914638504271842,18.6341724613359,17.096452538967192,17.253104906880466,17.18097526045983,1.0,1.0,1.0,1.0,1.0,1.0,1.0,1.0,1.0,1.0
151.25,2.0,16.584681453148267,15.987007347511591,16.538553092659786,16.197467668943148,17.01994336479606,17.17405090757821,18.861844566944182,16.958126663179055,15.682067849980385,15.449985672869925,1.0,1.0,1.0,1.0,1.0,1.0,1.0,1.0,1.0,1.0
151.5,3.0,0.0,0.0,0.0,0.0,0.0,0.0,0.0,0.0,0.0,0.0,0.0,0.0,0.0,0.0,0.0,0.0,0.0,0.0,0.0,0.0
151.75,4.0,18.012057145723347,18.101054049432694,17.86198466863577,18.360068548633834,18.675257207354875,19.39097684728425,19.728980710636257,21.0969722940245,21.72523554710286,22.24462424848739,1.0,1.0,1.0,1.0,1.0,1.0,1.0,1.0,1.0,1.0
152.0,1.0,14.054232860390677,14.513418498839698,15.980672611718173,18.580828405881153,19.423625498358156,19.140600603109547,18.397865017225943,17.52012387822533,16.767773905677345,16.057254033543266,1.0,1.0,1.0,1.0,1.0,1.0,1.0,1.0,1.0,1.0
152.25,2.0,0.0,0.0,0.0,0.0,0.0,0.0,0.0,0.0,0.0,0.0,0.0,0.0,0.0,0.0,0.0,0.0,0.0,0.0,0.0,0.0
152.5,3.0,17.845970435579606,18.483518635532448,17.25870720029237,17.4831614623597,18.68904504095151,18.708550541612812,19.42477937691219,19.862932981366356,20.548084284792804,20.82699373767553,1.0,1.0,1.0,1.0,1.0,1.0,1.0,1.0,1.0,1.0
152.75,4.0,18.88528466737897,19.48420755533672,18.782613077133306,18.282297454358716,18.30054870235845,19.414087326920168,21.26656443715715,22.574476709606678,23.09670446508463,22.710653381964946,1.0,1.0,1.0,1.0,1.0,1.0,1.0,1.0,1.0,1.0
153.0,1.0,0.0,0.0,0.0,0.0,0.0,0.0,0.0,0.0,0.0,0.0,0.0,0.0,0.0,0.0,0.0,0.0,0.0,0.0,0.0,0.0
153.25,2.0,0.0,0.0,0.0,0.0,0.0,0.0,0.0,0.0,0.0,0.0,0.0,0.0,0.0,0.0,0.0,0.0,0.0,0.0,0.0,0.0
153.5,3.0,19.274488602201433,19.34618416803672,18.07234830790598,16.648092382546686,17.7656072569325,18.85133768146816,19.69443235907161,19.659255071759805,19.339593620155878,19.5296567959506,1.0,1.0,1.0,1.0,1.0,1.0,1.0,1.0,1.0,1.0
153.75,4.0,0.0,0.0,0.0,0.0,0.0,0.0,0.0,0.0,0.0,0.0,0.0,0.0,0.0,0.0,0.0,0.0,0.0,0.0,0.0,0.0
154.0,1.0,15.233779632287375,15.003238204380514,15.308083854089476,17.34568237023658,19.70680403928008,20.31293366681524,19.333837614404242,18.1613082608973,18.81188009519777,18.620113189226227,1.0,1.0,1.0,1.0,1.0,1.0,1.0,1.0,1.0,1.0
154.25,2.0,15.402262896027402,16.063242313714518,17.060158363294363,16.045786009346603,17.425638879501427,18.42010756268603,18.230987767729843,17.265884572590718,16.977383415517416,16.495391800917137,1.0,1.0,1.0,1.0,1.0,1.0,1.0,1.0,1.0,1.0
154.5,3.0,0.0,0.0,0.0,0.0,0.0,0.0,0.0,0.0,0.0,0.0,0.0,0.0,0.0,0.0,0.0,0.0,0.0,0.0,0.0,0.0
154.75,4.0,18.913711443420617,19.91672854700357,19.693069885769578,20.30908642491098,19.86113184864513,19.944726048681055,20.436770800731317,20.69297809859388,20.736532258469428,20.49475371172812,1.0,1.0,1.0,1.0,1.0,1.0,1.0,1.0,1.0,1.0
155.0,1.0,15.521629461701941,14.876216396697995,15.78109109056119,17.913639072750673,19.144367853669834,20.210664804377608,18.90545401489067,18.5478770449331,18.70290238526369,18.98204386538605,1.0,1.0,1.0,1.0,1.0,1.0,1.0,1.0,1.0,1.0
155.25,2.0,0.0,0.0,0.0,0.0,0.0,0.0,0.0,0.0,0.0,0.0,0.0,0.0,0.0,0.0,0.0,0.0,0.0,0.0,0.0,0.0
155.5,3.0,19.168817299975686,19.29276571925017,17.726737110545972,17.262941942390086,19.369366789685028,19.77779780066602,20.507426016273474,18.82700573040394,18.614496365195134,18.656625579265583,1.0,1.0,1.0,1.0,1.0,1.0,1.0,1.0,1.0,1.0
155.75,4.0,19.44617818902902,19.82292464486299,20.042842697254937,19.697111741499207,19.517105008194815,19.268703557200748,19.916332289266542,19.224615042692843,18.669830169731,18.240645335168598,1.0,1.0,1.0,1.0,1.0,1.0,1.0,1.0,1.0,1.0
156.0,1.0,0.0,0.0,0.0,0.0,0.0,0.0,0.0,0.0,0.0,0.0,0.0,0.0,0.0,0.0,0.0,0.0,0.0,0.0,0.0,0.0
156.25,2.0,18.199546959630087,16.645149215274543,16.915767370844765,17.245930601122804,16.853518799789903,17.614861793989174,17.057646619641805,17.558933559957197,16.566266856954364,15.527095444469266,1.0,1.0,1.0,1.0,1.0,1.0,1.0,1.0,1.0,1.0
156.5,3.0,0.0,0.0,0.0,0.0,0.0,0.0,0.0,0.0,0.0,0.0,0.0,0.0,0.0,0.0,0.0,0.0,0.0,0.0,0.0,0.0
156.75,4.0,0.0,0.0,0.0,0.0,0.0,0.0,0.0,0.0,0.0,0.0,0.0,0.0,0.0,0.0,0.0,0.0,0.0,0.0,0.0,0.0
157.0,1.0,16.688620942814772,17.360280902896942,17.708912320867476,17.68634662932092,17.32030633727464,18.907243438271056,20.14771124043886,18.94683443651331,20.186446926773367,21.23842965891259,1.0,1.0,1.0,1.0,1.0,1.0,1.0,1.0,1.0,1.0
157.25,2.0,18.604420167901612,17.1617124512023,18.388199786018014,18.113448527330473,18.140595391088265,17.513980928943138,16.732349520014946,16.49134069286585,15.557773704474856,15.050829534552012,1.0,1.0,1.0,1.0,1.0,1.0,1.0,1.0,1.0,1.0
157.5,3.0,19.2698494694504,18.27348478713702,18.90514000700139,19.06199713273809,18.3834110272909,18.92990290867187,19.863376684303066,19.648439939735404,19.065752294314674,17.468187035426666,1.0,1.0,1.0,1.0,1.0,1.0,1.0,1.0,1.0,1.0
157.75,4.0,18.21168356523112,19.607271509160114,20.0950389898928,19.671581352189644,20.37990375184667,19.98829343457795,19.344932569863303,18.25539332224513,19.041791155410557,18.978711885955693,1.0,1.0,1.0,1.0,1.0,1.0,1.0,1.0,1.0,1.0
158.0,1.0,17.411702652884895,18.0921335545228,17.427401131681492,18.192498746137204,19.757996327489725,20.955264543783066,21.885694784490507,20.648262890123757,21.460610201075756,21.48384687612444,1.0,1.0,1.0,1.0,1.0,1.0,1.0,1.0,1.0,1.0
158.25,2.0,0.0,0.0,0.0,0.0,0.0,0.0,0.0,0.0,0.0,0.0,0.0,0.0,0.0,0.0,0.0,0.0,0.0,0.0,0.0,0.0
158.5,3.0,18.988778778595652,18.55129829407894,17.75469546659786,18.837012693295478,19.117836007104664,18.781806023040406,19.008068804249262,18.066764050005368,18.1717220553397,17.149085055347616,1.0,1.0,1.0,1.0,1.0,1.0,1.0,1.0,1.0,1.0
158.75,4.0,19.488375266479384,20.96580234238607,20.2793208626211,20.311242124743686,20.788263716870496,19.146913346305958,18.253810859154562,19.049029344771192,19.373886963845653,18.74015629044128,1.0,1.0,1.0,1.0,1.0,1.0,1.0,1.0,1.0,1.0
159.0,1.0,19.349365302169762,19.626307311463822,18.341989716821917,20.185215095027942,22.218227633572372,23.69031582784528,23.4266471839678,21.687525614022675,22.498689803354804,22.50038983008169,1.0,1.0,1.0,1.0,1.0,1.0,1.0,1.0,1.0,1.0
159.25,2.0,18.491682358944953,18.07998559897554,18.817325805232308,18.431038122209365,18.111287030288533,18.277956309092556,17.77334722235032,16.623092814352997,16.140196159046564,15.906596132588405,1.0,1.0,1.0,1.0,1.0,1.0,1.0,1.0,1.0,1.0
159.5,3.0,0.0,0.0,0.0,0.0,0.0,0.0,0.0,0.0,0.0,0.0,0.0,0.0,0.0,0.0,0.0,0.0,0.0,0.0,0.0,0.0
159.75,4.0,19.734402700027903,20.1427523177404,20.259223219980186,20.294879011444806,19.157867448339623,18.99903085312913,17.609077537908874,18.472961472930677,18.812494688949847,18.756407074312605,1.0,1.0,1.0,1.0,1.0,1.0,1.0,1.0,1.0,1.0
160.0,1.0,20.16159046003161,18.639585976809244,18.364172877815538,21.28093720713183,23.47450306282496,24.891628174124207,25.14104063903926,23.363681520075424,22.59175417754251,22.809000699615346,1.0,1.0,1.0,1.0,1.0,1.0,1.0,1.0,1.0,1.0
160.25,2.0,0.0,0.0,0.0,0.0,0.0,0.0,0.0,0.0,0.0,0.0,0.0,0.0,0.0,0.0,0.0,0.0,0.0,0.0,0.0,0.0
160.5,3.0,16.83900784320235,16.786320978083133,17.69544693482266,19.046677959326942,18.244077342746674,17.944331605270396,17.3882602163618,17.11895910192362,16.483503524610594,16.198797760088326,1.0,1.0,1.0,1.0,1.0,1.0,1.0,1.0,1.0,1.0
160.75,4.0,19.27542895993927,19.600456724127564,19.701122644927295,19.34684549759648,20.215831696389465,19.480039382372624,17.70367798352906,17.525683913430683,17.56474191756486,18.017951417886746,1.0,1.0,1.0,1.0,1.0,1.0,1.0,1.0,1.0,1.0
161.0,1.0,0.0,0.0,0.0,0.0,0.0,0.0,0.0,0.0,0.0,0.0,0.0,0.0,0.0,0.0,0.0,0.0,0.0,0.0,0.0,0.0
161.25,2.0,19.853782244244364,19.819768089206452,19.909120202615817,20.073071817270513,18.139715430644944,18.600305457717923,18.734919392048077,18.09083108325246,17.996903708189734,16.84784807493293,1.0,1.0,1.0,1.0,1.0,1.0,1.0,1.0,1.0,1.0
161.5,3.0,16.858644240229523,17.158726816363895,18.689062604648832,18.52701458096347,17.816482848693415,17.447888077172433,16.12604132342491,16.06370008959579,16.59882910251666,17.20500150072729,1.0,1.0,1.0,1.0,1.0,1.0,1.0,1.0,1.0,1.0
161.75,4.0,0.0,0.0,0.0,0.0,0.0,0.0,0.0,0.0,0.0,0.0,0.0,0.0,0.0,0.0,0.0,0.0,0.0,0.0,0.0,0.0
162.0,1.0,18.542830124893054,19.128259298605673,21.02068087640227,23.205170853949678,21.056558617416442,22.529903652554864,22.12397096436399,21.78169762123537,22.478692202159518,22.239386414574156,1.0,1.0,1.0,1.0,1.0,1.0,1.0,1.0,1.0,1.0
162.25,2.0,20.532326350538472,20.283666084886043,19.186407829559187,20.20859129666739,18.61049426704019,18.535464788940125,18.56894560945858,18.920349994045846,18.877350968288376,17.779638996846344,1.0,1.0,1.0,1.0,1.0,1.0,1.0,1.0,1.0,1.0
162.5,3.0,0.0,0.0,0.0,0.0,0.0,0.0,0.0,0.0,0.0,0.0,0.0,0.0,0.0,0.0,0.0,0.0,0.0,0.0,0.0,0.0
162.75,4.0,18.580097771841274,18.798552554255146,20.152587302052364,20.2887926832171,19.792755309941793,19.345115503255066,18.140533074226294,18.903183142915207,19.025829094812035,21.002747503531666,1.0,1.0,1.0,1.0,1.0,1.0,1.0,1.0,1.0,1.0
163.0,1.0,18.393728518607414,19.070356987575124,21.401411515805844,22.139411185327873,21.811720856756462,22.663323687314655,23.122002226654466,21.66651110587193,21.720446022353034,21.40485803385866,1.0,1.0,1.0,1.0,1.0,1.0,1.0,1.0,1.0,1.0
163.25,2.0,0.0,0.0,0.0,0.0,0.0,0.0,0.0,0.0,0.0,0.0,0.0,0.0,0.0,0.0,0.0,0.0,0.0,0.0,0.0,0.0
163.5,3.0,19.05284007645858,18.35883225741759,17.91116065824936,15.654473764720887,15.671102589237888,16.502542710669523,15.172459471387956,15.71401297701139,15.899922322040135,15.505912862785097,1.0,1.0,1.0,1.0,1.0,1.0,1.0,1.0,1.0,1.0
163.75,4.0,18.941521856107613,18.599473969863414,19.43276262468721,19.170651518138307,18.632682021413206,18.425469953571792,17.95062144258205,20.3388644788933,22.17330941385201,23.144300109164714,1.0,1.0,1.0,1.0,1.0,1.0,1.0,1.0,1.0,1.0
164.0,1.0,18.8297357549193,18.766012870132524,20.681712431227243,21.846029235650832,22.52436264476998,21.790843243675454,21.13677327761109,20.499405475964824,21.778806169993686,21.260913870566622,1.0,1.0,1.0,1.0,1.0,1.0,1.0,1.0,1.0,1.0
164.25,2.0,22.377519168103362,21.071588837325027,19.999207749055167,20.781979467771233,20.27485867298109,21.05051235493421,20.668569333095206,21.080881807528428,20.331953804091,18.383873329748575,1.0,1.0,1.0,1.0,1.0,1.0,1.0,1.0,1.0,1.0
164.5,3.0,0.0,0.0,0.0,0.0,0.0,0.0,0.0,0.0,0.0,0.0,0.0,0.0,0.0,0.0,0.0,0.0,0.0,0.0,0.0,0.0
164.75,4.0,19.207010194115444,18.784085524405274,20.145043632600135,19.655197461747125,18.92303192653572,19.476277767220633,19.410452782204572,21.56496229331748,23.265098313808938,23.154543526436047,1.0,1.0,1.0,1.0,1.0,1.0,1.0,1.0,1.0,1.0
165.0,1.0,18.98167762342614,18.303039823104346,20.504632949319852,21.065476392813462,21.16292064629805,20.28035719718791,20.230131629834485,20.885550160406982,22.169334133483197,22.17073401061688,1.0,1.0,1.0,1.0,1.0,1.0,1.0,1.0,1.0,1.0
165.25,2.0,21.30801840053504,21.130029706349248,20.284528535552543,21.514350665417442,21.317009762377214,21.371377632846592,20.992102753968584,21.057677320292836,19.517668772256748,18.08543035757951,1.0,1.0,1.0,1.0,1.0,1.0,1.0,1.0,1.0,1.0
165.5,3.0,19.66333539203443,17.72522210705443,15.576767476989716,15.048533904880985,15.422865141809371,14.807909943139007,14.9646617696018,15.660419764803672,16.766668205265656,17.152856251428748,1.0,1.0,1.0,1.0,1.0,1.0,1.0,1.0,1.0,1.0
165.75,4.0,19.5221356118984,18.8819547610378,20.741085862826022,20.60218785746998,21.571847966560117,22.558789271533968,22.68848280817941,22.836443899886397,23.59597207710403,23.128416281858375,1.0,1.0,1.0,1.0,1.0,1.0,1.0,1.0,1.0,1.0
166.0,1.0,0.0,0.0,0.0,0.0,0.0,0.0,0.0,0.0,0.0,0.0,0.0,0.0,0.0,0.0,0.0,0.0,0.0,0.0,0.0,0.0
166.25,2.0,0.0,0.0,0.0,0.0,0.0,0.0,0.0,0.0,0.0,0.0,0.0,0.0,0.0,0.0,0.0,0.0,0.0,0.0,0.0,0.0
166.5,3.0,18.764379903767697,16.182569811754767,13.870363981865976,15.091068480290007,15.418217414208543,16.37335869690867,16.480971042054325,17.348033775365316,18.495733174799554,18.4707245134884,1.0,1.0,1.0,1.0,1.0,1.0,1.0,1.0,1.0,1.0
166.75,4.0,0.0,0.0,0.0,0.0,0.0,0.0,0.0,0.0,0.0,0.0,0.0,0.0,0.0,0.0,0.0,0.0,0.0,0.0,0.0,0.0
167.0,1.0,19.221881764508893,20.614147981008358,21.752622429316776,20.78429715233853,20.748451275905133,20.576919914079976,21.085507830258887,21.63653390227588,21.776593133628023,21.545990503080198,1.0,1.0,1.0,1.0,1.0,1.0,1.0,1.0,1.0,1.0
167.25,2.0,21.163647709216345,20.777118621064588,20.600185197268804,21.216168733135124,19.336669731879674,18.159546664263708,17.79236103191155,17.50541165585458,16.333303153733876,15.986591701689928,1.0,1.0,1.0,1.0,1.0,1.0,1.0,1.0,1.0,1.0
167.5,3.0,0.0,0.0,0.0,0.0,0.0,0.0,0.0,0.0,0.0,0.0,0.0,0.0,0.0,0.0,0.0,0.0,0.0,0.0,0.0,0.0
167.75,4.0,19.285531467647022,18.51309900369706,20.43355185761419,20.697193021640512,20.96814959948687,20.536108053529677,19.742226563007307,19.89051804999891,20.82292113480565,20.90389562401679,1.0,1.0,1.0,1.0,1.0,1.0,1.0,1.0,1.0,1.0
168.0,1.0,19.594346703814537,21.01277094138964,21.05462843891452,21.75037233913205,21.50566634496694,21.720679404232982,21.688584648870812,22.182234592655792,21.615807288131695,21.686669912681783,1.0,1.0,1.0,1.0,1.0,1.0,1.0,1.0,1.0,1.0
168.25,2.0,0.0,0.0,0.0,0.0,0.0,0.0,0.0,0.0,0.0,0.0,0.0,0.0,0.0,0.0,0.0,0.0,0.0,0.0,0.0,0.0
168.5,3.0,17.69876857667314,14.978888304092493,15.831688296816917,17.691035151306657,17.058887426614053,16.928637616222947,17.149304176218337,16.59721780882801,16.92394555256883,16.504289394317144,1.0,1.0,1.0,1.0,1.0,1.0,1.0,1.0,1.0,1.0
168.75,4.0,18.079458156535217,18.86469339175411,19.900073630890066,20.614940324407517,19.89236593134584,19.53861457610039,18.767132423815795,18.94357671282876,19.75056945070935,19.89595692174489,1.0,1.0,1.0,1.0,1.0,1.0,1.0,1.0,1.0,1.0
169.0,1.0,0.0,0.0,0.0,0.0,0.0,0.0,0.0,0.0,0.0,0.0,0.0,0.0,0.0,0.0,0.0,0.0,0.0,0.0,0.0,0.0
169.25,2.0,20.520094804596972,20.432012595190255,18.96164489387795,19.45782189866712,18.756902942513825,16.80671945321515,15.467796685571539,14.95303206357711,14.199193577094965,13.71763908563118,1.0,1.0,1.0,1.0,1.0,1.0,1.0,1.0,1.0,1.0
169.5,3.0,0.0,0.0,0.0,0.0,0.0,0.0,0.0,0.0,0.0,0.0,0.0,0.0,0.0,0.0,0.0,0.0,0.0,0.0,0.0,0.0
169.75,4.0,0.0,0.0,0.0,0.0,0.0,0.0,0.0,0.0,0.0,0.0,0.0,0.0,0.0,0.0,0.0,0.0,0.0,0.0,0.0,0.0
170.0,1.0,18.634404952251156,19.48045152712215,19.915535792451617,21.557441401654533,21.844040929790513,21.203087471890523,20.894755899135077,20.41600489624023,21.06900979406075,20.43328024890465,1.0,1.0,1.0,1.0,1.0,1.0,1.0,1.0,1.0,1.0
170.25,2.0,20.85503645381318,19.019031496257355,18.217772884235178,18.080909291344604,15.89873203858506,15.001747087499679,14.491394399311394,14.532060625676328,14.182000414378253,14.28987657726477,1.0,1.0,1.0,1.0,1.0,1.0,1.0,1.0,1.0,1.0
170.5,3.0,0.0,0.0,0.0,0.0,0.0,0.0,0.0,0.0,0.0,0.0,0.0,0.0,0.0,0.0,0.0,0.0,0.0,0.0,0.0,0.0
170.75,4.0,18.649929510822304,18.48040732304678,19.0921244423166,18.53767187529693,18.924227340828725,19.654295377560427,19.670420307390483,20.01110621070808,20.29121209974263,20.636922080314722,1.0,1.0,1.0,1.0,1.0,1.0,1.0,1.0,1.0,1.0
171.0,1.0,19.496515554834744,18.651216901900497,18.844540307459035,19.91949991554036,21.364485314042252,21.450979774304045,20.54782080255869,20.113842551556115,19.311716187365732,19.617578822287904,1.0,1.0,1.0,1.0,1.0,1.0,1.0,1.0,1.0,1.0
171.25,2.0,0.0,0.0,0.0,0.0,0.0,0.0,0.0,0.0,0.0,0.0,0.0,0.0,0.0,0.0,0.0,0.0,0.0,0.0,0.0,0.0
171.5,3.0,17.887987389391494,16.12630137701338,16.6937248678211,17.54845300253775,17.33582659229473,17.06852289884261,17.46425353850978,15.689364489137514,15.657390833989329,15.21795440053007,1.0,1.0,1.0,1.0,1.0,1.0,1.0,1.0,1.0,1.0
171.75,4.0,18.747542120857364,18.68038933131321,19.231746763485525,18.80227498564471,20.98589650834262,20.50156029428981,19.791654696881913,19.548520725675623,19.605053099583163,20.339678971825176,1.0,1.0,1.0,1.0,1.0,1.0,1.0,1.0,1.0,1.0
172.0,1.0,18.212274729866788,17.802097601308986,18.718252478003745,20.53497997621558,21.32983744985725,21.13826938906486,20.368757584882502,20.414473671078024,20.586826912541934,19.82236877858137,1.0,1.0,1.0,1.0,1.0,1.0,1.0,1.0,1.0,1.0
172.25,2.0,18.382111408591896,18.808129368106762,16.63263034802271,16.98917953438533,16.62315836841943,15.555537703592023,14.983988613279275,14.271519522632019,15.650825399458967,15.797503089234759,1.0,1.0,1.0,1.0,1.0,1.0,1.0,1.0,1.0,1.0
172.5,3.0,0.0,0.0,0.0,0.0,0.0,0.0,0.0,0.0,0.0,0.0,0.0,0.0,0.0,0.0,0.0,0.0,0.0,0.0,0.0,0.0
172.75,4.0,18.063715455105005,18.919851398390712,18.966601054500646,18.503357989664124,20.129920421191027,18.86400040979484,19.319441071387743,19.41688842171664,19.76250635208785,19.992864384151357,1.0,1.0,1.0,1.0,1.0,1.0,1.0,1.0,1.0,1.0
173.0,1.0,18.13799474890963,15.33571179274427,17.330184971942202,19.420874562234847,19.610484771340023,20.038810646732863,19.699701055026985,20.1701130478841,19.478867743276652,18.90000483956176,1.0,1.0,1.0,1.0,1.0,1.0,1.0,1.0,1.0,1.0
173.25,2.0,17.585008795154405,17.31366466017717,16.418630118560767,17.605846438718483,16.828942382883888,15.552966423713968,15.375787059194186,15.870089103205723,16.352839342518163,16.25728671309451,1.0,1.0,1.0,1.0,1.0,1.0,1.0,1.0,1.0,1.0
173.5,3.0,18.887978345945125,16.219219034138504,16.305730969953796,16.439696477418092,15.624247792965823,16.153459273155985,16.4563118073385,15.249861874702521,15.788143401272976,15.184950632699495,1.0,1.0,1.0,1.0,1.0,1.0,1.0,1.0,1.0,1.0
173.75,4.0,18.195069922617616,18.544124032348563,17.725653106526757,18.039621869472537,19.216135099247737,18.567982189845605,19.305440228194136,19.359363822058647,19.26135286062839,19.403362065780954,1.0,1.0,1.0,1.0,1.0,1.0,1.0,1.0,1.0,1.0
174.0,1.0,0.0,0.0,0.0,0.0,0.0,0.0,0.0,0.0,0.0,0.0,0.0,0.0,0.0,0.0,0.0,0.0,0.0,0.0,0.0,0.0
174.25,2.0,0.0,0.0,0.0,0.0,0.0,0.0,0.0,0.0,0.0,0.0,0.0,0.0,0.0,0.0,0.0,0.0,0.0,0.0,0.0,0.0
174.5,3.0,18.393406572286754,15.857385806995524,15.541481453037951,15.204973511436153,14.544098032759848,14.9110136613075,16.3997029127506,16.044145910835933,16.82973440407792,15.589339500245522,1.0,1.0,1.0,1.0,1.0,1.0,1.0,1.0,1.0,1.0
174.75,4.0,0.0,0.0,0.0,0.0,0.0,0.0,0.0,0.0,0.0,0.0,0.0,0.0,0.0,0.0,0.0,0.0,0.0,0.0,0.0,0.0
175.0,1.0,15.615042576903011,15.797065061935552,17.252139419196663,18.409820280887768,17.763383429551315,18.827338734452223,19.050072797189937,18.905967954271507,17.747148422855304,17.55564068795361,1.0,1.0,1.0,1.0,1.0,1.0,1.0,1.0,1.0,1.0
175.25,2.0,16.68491521944055,17.051906548245952,15.743766053890157,15.867088034532445,15.184273838623001,14.884506249963506,14.333530901600795,14.883357932795027,15.526593013288977,15.547265359029321,1.0,1.0,1.0,1.0,1.0,1.0,1.0,1.0,1.0,1.0
175.5,3.0,0.0,0.0,0.0,0.0,0.0,0.0,0.0,0.0,0.0,0.0,0.0,0.0,0.0,0.0,0.0,0.0,0.0,0.0,0.0,0.0
175.75,4.0,15.646933218896951,16.06900877529888,16.863999419526138,17.323963766906388,18.248877877739577,17.22374396625434,18.126810912566842,18.085711818041766,18.479263865162906,19.192973486202828,1.0,1.0,1.0,1.0,1.0,1.0,1.0,1.0,1.0,1.0
176.0,1.0,15.223935061060267,16.38875914787129,17.10960097442997,17.116790613022513,17.00151192314476,17.77339730363049,17.890778543423348,18.255060291912233,17.842778823628446,17.77066880064659,1.0,1.0,1.0,1.0,1.0,1.0,1.0,1.0,1.0,1.0
176.25,2.0,0.0,0.0,0.0,0.0,0.0,0.0,0.0,0.0,0.0,0.0,0.0,0.0,0.0,0.0,0.0,0.0,0.0,0.0,0.0,0.0
176.5,3.0,16.085988680404533,16.189067136730458,14.790261630274848,14.834726391837487,15.682878896533566,16.033761176673124,15.49286382198079,14.27587103488678,15.25073901593142,15.278860213843519,1.0,1.0,1.0,1.0,1.0,1.0,1.0,1.0,1.0,1.0
176.75,4.0,16.15355191816443,15.846592995112534,17.57308504535864,18.752594949917633,18.06525914292024,17.441030593953823,18.03162735997884,18.364711023342522,19.02800321209151,18.55436279477408,1.0,1.0,1.0,1.0,1.0,1.0,1.0,1.0,1.0,1.0
177.0,1.0,0.0,0.0,0.0,0.0,0.0,0.0,0.0,0.0,0.0,0.0,0.0,0.0,0.0,0.0,0.0,0.0,0.0,0.0,0.0,0.0
177.25,2.0,15.371865730882446,13.722376759310272,12.225588747115694,13.031624264144725,15.00456188136757,15.740909320616572,15.715776555501371,16.38649118506341,15.553352462806265,15.553881249244599,1.0,1.0,1.0,1.0,1.0,1.0,1.0,1.0,1.0,1.0
177.5,3.0,0.0,0.0,0.0,0.0,0.0,0.0,0.0,0.0,0.0,0.0,0.0,0.0,0.0,0.0,0.0,0.0,0.0,0.0,0.0,0.0
177.75,4.0,0.0,0.0,0.0,0.0,0.0,0.0,0.0,0.0,0.0,0.0,0.0,0.0,0.0,0.0,0.0,0.0,0.0,0.0,0.0,0.0
178.0,1.0,17.373147218745697,16.173265416840707,15.584116036663877,16.600490826916644,16.01079247587718,16.776197608926353,16.534173323146394,17.385445538273995,18.145930926979606,17.37593252647137,1.0,1.0,1.0,1.0,1.0,1.0,1.0,1.0,1.0,1.0
178.25,2.0,15.562391375450025,13.322550585193817,12.947081629288656,13.309439511925424,14.573948737249333,15.405278539568224,15.603655702184085,15.232209618194503,15.12358877932376,15.733754063742303,1.0,1.0,1.0,1.0,1.0,1.0,1.0,1.0,1.0,1.0
178.5,3.0,0.0,0.0,0.0,0.0,0.0,0.0,0.0,0.0,0.0,0.0,0.0,0.0,0.0,0.0,0.0,0.0,0.0,0.0,0.0,0.0
178.75,4.0,17.794899920034826,17.543957444338446,18.15394287268654,19.866739380783525,18.523043765167465,19.47796044099863,19.28012612430424,18.90508560769601,18.837645500104294,17.003637153151416,1.0,1.0,1.0,1.0,1.0,1.0,1.0,1.0,1.0,1.0
179.0,1.0,16.914784652326993,14.997937398500644,14.214225033623318,16.995518834003963,15.805945258771247,16.64329270696437,16.650552466457896,17.03408804684572,18.485664207752624,17.06768566360843,1.0,1.0,1.0,1.0,1.0,1.0,1.0,1.0,1.0,1.0
179.25,2.0,0.0,0.0,0.0,0.0,0.0,0.0,0.0,0.0,0.0,0.0,0.0,0.0,0.0,0.0,0.0,0.0,0.0,0.0,0.0,0.0
179.5,3.0,17.295981691676513,15.665521965569445,13.680599627019625,14.955718690050082,15.256228302289724,15.683201757084728,16.24049618212504,17.783507144596282,19.07351353389133,19.284669826983418,1.0,1.0,1.0,1.0,1.0,1.0,1.0,1.0,1.0,1.0
179.75,4.0,18.41506432723185,17.606039197666945,19.116541595879227,19.25746208596657,18.80869608992301,19.47464771141302,19.199987510121183,17.970901952286823,18.137907489475595,16.82461781565217,1.0,1.0,1.0,1.0,1.0,1.0,1.0,1.0,1.0,1.0
180.0,1.0,15.95491514668237,14.536758546997243,14.257905511246756,15.95306609059631,15.56679114235866,15.643869881547591,16.25813646144346,16.099621525700595,18.102413314544755,18.414664943293186,1.0,1.0,1.0,1.0,1.0,1.0,1.0,1.0,1.0,1.0
180.25,2.0,14.61069434478108,12.753263627912991,13.454431507297484,14.247261278235543,15.341666585652517,16.05486771232574,17.06033861980836,16.642904490180563,17.680419813646427,17.76878477427771,1.0,1.0,1.0,1.0,1.0,1.0,1.0,1.0,1.0,1.0
180.5,3.0,0.0,0.0,0.0,0.0,0.0,0.0,0.0,0.0,0.0,0.0,0.0,0.0,0.0,0.0,0.0,0.0,0.0,0.0,0.0,0.0
180.75,4.0,18.907819632415784,17.625923702109148,18.156152968081685,18.44003428648683,19.17130706186,19.30163896973848,18.611339568164873,18.65010689459792,18.778282105511476,17.96779285854408,1.0,1.0,1.0,1.0,1.0,1.0,1.0,1.0,1.0,1.0
181.0,1.0,15.345048359972216,14.851781195747197,14.627120488431038,16.11262583159699,15.32878979841254,16.095363488718938,15.994560163591254,17.27659720138953,18.772549230380847,18.166142913752612,1.0,1.0,1.0,1.0,1.0,1.0,1.0,1.0,1.0,1.0
181.25,2.0,0.0,0.0,0.0,0.0,0.0,0.0,0.0,0.0,0.0,0.0,0.0,0.0,0.0,0.0,0.0,0.0,0.0,0.0,0.0,0.0
181.5,3.0,15.631601237393209,15.040210622038426,14.703636528408344,15.367571937017074,15.095107924917855,15.927871072109093,15.243934654784777,16.8082116352216,18.173827994751893,19.72116642286044,1.0,1.0,1.0,1.0,1.0,1.0,1.0,1.0,1.0,1.0
181.75,4.0,17.607180898021955,16.810719123663965,18.02929246178498,18.02613375721957,18.362453844804634,18.39299809262064,17.748688514328926,18.801039072356392,19.71805290256695,18.536890781350838,1.0,1.0,1.0,1.0,1.0,1.0,1.0,1.0,1.0,1.0
182.0,1.0,0.0,0.0,0.0,0.0,0.0,0.0,0.0,0.0,0.0,0.0,0.0,0.0,0.0,0.0,0.0,0.0,0.0,0.0,0.0,0.0
182.25,2.0,0.0,0.0,0.0,0.0,0.0,0.0,0.0,0.0,0.0,0.0,0.0,0.0,0.0,0.0,0.0,0.0,0.0,0.0,0.0,0.0
182.5,3.0,15.234665741199294,14.525852318795584,14.327297273735645,14.528211859083742,15.812884995573182,16.085335563989776,15.212833255605124,16.99522888867711,18.379437082677622,20.203802385136374,1.0,1.0,1.0,1.0,1.0,1.0,1.0,1.0,1.0,1.0
182.75,4.0,0.0,0.0,0.0,0.0,0.0,0.0,0.0,0.0,0.0,0.0,0.0,0.0,0.0,0.0,0.0,0.0,0.0,0.0,0.0,0.0
183.0,1.0,15.54586149710111,16.885960456003993,15.345630494216714,16.00768132736579,17.376390819162815,18.914080992322198,18.97228219362609,19.81210079849256,21.23342680077042,21.027935417802112,1.0,1.0,1.0,1.0,1.0,1.0,1.0,1.0,1.0,1.0
183.25,2.0,14.420888959345284,13.87316789751117,14.400302763755981,15.228094137432292,16.744201088838548,16.51572142545348,16.021145995659882,15.660530173503007,15.652697493206626,15.949463896518623,1.0,1.0,1.0,1.0,1.0,1.0,1.0,1.0,1.0,1.0
183.5,3.0,0.0,0.0,0.0,0.0,0.0,0.0,0.0,0.0,0.0,0.0,0.0,0.0,0.0,0.0,0.0,0.0,0.0,0.0,0.0,0.0
183.75,4.0,16.807484498761884,15.461735400421539,16.285387636756134,17.232910424257327,18.27748030835955,18.57484931893899,17.900032301805588,18.63024592695883,19.363861082746162,18.740362309705798,1.0,1.0,1.0,1.0,1.0,1.0,1.0,1.0,1.0,1.0
184.0,1.0,16.227377890319996,17.45200282721821,15.902551365672945,17.33257278973734,19.142550831183804,19.597145317162624,20.12522994667611,19.903326112394996,20.986519149732967,20.893891197160617,1.0,1.0,1.0,1.0,1.0,1.0,1.0,1.0,1.0,1.0
184.25,2.0,0.0,0.0,0.0,0.0,0.0,0.0,0.0,0.0,0.0,0.0,0.0,0.0,0.0,0.0,0.0,0.0,0.0,0.0,0.0,0.0
184.5,3.0,15.103095062260778,14.978523988589123,15.37819334800976,15.739774593971338,17.182496789694405,18.025823718064395,18.26663847814418,19.57244939472487,19.310080857392972,20.43787122598567,1.0,1.0,1.0,1.0,1.0,1.0,1.0,1.0,1.0,1.0
184.75,4.0,16.833487077517653,15.838161143070847,16.959144260162173,18.15437276225601,18.49558241722545,19.78582769854312,19.106062501771206,19.887252638041776,20.274266034822162,20.005174466083503,1.0,1.0,1.0,1.0,1.0,1.0,1.0,1.0,1.0,1.0
185.0,1.0,0.0,0.0,0.0,0.0,0.0,0.0,0.0,0.0,0.0,0.0,0.0,0.0,0.0,0.0,0.0,0.0,0.0,0.0,0.0,0.0
185.25,2.0,15.640680127600518,15.078762454788704,15.844020116688103,16.4679205363878,16.936834790566657,17.575783199724555,17.19268162685118,16.735454577909483,17.057755167549065,16.908633507787137,1.0,1.0,1.0,1.0,1.0,1.0,1.0,1.0,1.0,1.0
185.5,3.0,0.0,0.0,0.0,0.0,0.0,0.0,0.0,0.0,0.0,0.0,0.0,0.0,0.0,0.0,0.0,0.0,0.0,0.0,0.0,0.0
185.75,4.0,0.0,0.0,0.0,0.0,0.0,0.0,0.0,0.0,0.0,0.0,0.0,0.0,0.0,0.0,0.0,0.0,0.0,0.0,0.0,0.0
186.0,1.0,16.611914217539514,17.80919775222058,17.988519517558963,19.196022093531827,20.175690602291816,20.815546842260048,21.588003208674625,22.039596769725787,22.31739113783362,21.231115640999338,1.0,1.0,1.0,1.0,1.0,1.0,1.0,1.0,1.0,1.0
186.25,2.0,15.775533740961095,15.385728021203162,16.357848727887685,16.768503979366223,17.52065034847054,18.22246113791712,17.712082341834563,16.90296237052999,17.18151164830197,17.08528628901339,1.0,1.0,1.0,1.0,1.0,1.0,1.0,1.0,1.0,1.0
186.5,3.0,0.0,0.0,0.0,0.0,0.0,0.0,0.0,0.0,0.0,0.0,0.0,0.0,0.0,0.0,0.0,0.0,0.0,0.0,0.0,0.0
186.75,4.0,17.021615372738296,17.60204681040704,17.776229279688433,18.791135229613232,19.61037919333438,20.27059452020203,20.56504165485434,21.582470076573927,21.847510100580042,21.20630194959861,1.0,1.0,1.0,1.0,1.0,1.0,1.0,1.0,1.0,1.0
187.0,1.0,16.933124109346057,18.738268485654924,19.31522594763408,20.18214630564887,21.091090082376464,21.708238220033664,21.16855284560122,21.573775923321435,21.83083970341675,21.54528300187403,1.0,1.0,1.0,1.0,1.0,1.0,1.0,1.0,1.0,1.0
187.25,2.0,0.0,0.0,0.0,0.0,0.0,0.0,0.0,0.0,0.0,0.0,0.0,0.0,0.0,0.0,0.0,0.0,0.0,0.0,0.0,0.0
187.5,3.0,15.390204844029187,15.690143349814178,16.403697416478273,17.085395492286626,18.134572357590226,18.838152958511003,18.652968984480648,18.185717880715178,18.389860126176007,18.835184251584487,1.0,1.0,1.0,1.0,1.0,1.0,1.0,1.0,1.0,1.0
187.75,4.0,16.51814672857322,18.001292369140668,17.513425502393442,18.138875037232314,19.722769921294347,21.672457540529166,21.885738872681543,22.924331838774165,22.07795182926302,21.352942823077402,1.0,1.0,1.0,1.0,1.0,1.0,1.0,1.0,1.0,1.0
188.0,1.0,17.74476635742539,19.74050285964532,19.225780959656433,19.69154514719492,21.442639183838157,20.924681950215817,21.104328023437766,21.86495630449297,21.746048323806157,20.381648647529207,1.0,1.0,1.0,1.0,1.0,1.0,1.0,1.0,1.0,1.0
188.25,2.0,16.804219878953607,17.351008448624945,17.987902374769376,17.23385084909986,17.71085597522999,15.892045025633069,15.823718352655737,16.66315220827495,17.79389811142321,17.282316603805356,1.0,1.0,1.0,1.0,1.0,1.0,1.0,1.0,1.0,1.0
188.5,3.0,0.0,0.0,0.0,0.0,0.0,0.0,0.0,0.0,0.0,0.0,0.0,0.0,0.0,0.0,0.0,0.0,0.0,0.0,0.0,0.0
188.75,4.0,16.849782002809995,17.360015552418666,18.29687247208692,18.005962434102106,22.010213718057578,23.143062798060072,22.914763369925556,23.054584326875716,22.3977030089338,21.93410782794973,1.0,1.0,1.0,1.0,1.0,1.0,1.0,1.0,1.0,1.0
189.0,1.0,18.137489038492117,19.624650335372753,18.704845609275743,20.404619193460217,21.335167978880225,20.688495405957358,20.743534046345648,21.285088039044908,21.673963654954346,19.920630388089396,1.0,1.0,1.0,1.0,1.0,1.0,1.0,1.0,1.0,1.0
189.25,2.0,0.0,0.0,0.0,0.0,0.0,0.0,0.0,0.0,0.0,0.0,0.0,0.0,0.0,0.0,0.0,0.0,0.0,0.0,0.0,0.0
189.5,3.0,16.086426640474443,17.36317793322762,18.363661201218157,18.262565452369756,17.238064421038274,17.26014716950009,17.308625624424877,18.26065670857573,18.68367961144275,19.782895244658775,1.0,1.0,1.0,1.0,1.0,1.0,1.0,1.0,1.0,1.0
189.75,4.0,18.230080274438475,19.097979907529226,19.263278972026097,21.42747765625379,23.16949552219328,23.37781088412161,22.74840621348441,23.059572742417686,23.218427226498676,24.222144338592486,1.0,1.0,1.0,1.0,1.0,1.0,1.0,1.0,1.0,1.0
190.0,1.0,0.0,0.0,0.0,0.0,0.0,0.0,0.0,0.0,0.0,0.0,0.0,0.0,0.0,0.0,0.0,0.0,0.0,0.0,0.0,0.0
190.25,2.0,0.0,0.0,0.0,0.0,0.0,0.0,0.0,0.0,0.0,0.0,0.0,0.0,0.0,0.0,0.0,0.0,0.0,0.0,0.0,0.0
190.5,3.0,16.500445824897835,17.550501582509135,18.58295536379976,18.36699573520946,17.507753495664023,17.88279914559858,16.913495376181547,17.572459064107534,18.3367224218236,18.908204887012083,1.0,1.0,1.0,1.0,1.0,1.0,1.0,1.0,1.0,1.0
190.75,4.0,0.0,0.0,0.0,0.0,0.0,0.0,0.0,0.0,0.0,0.0,0.0,0.0,0.0,0.0,0.0,0.0,0.0,0.0,0.0,0.0
191.0,1.0,18.49573181429548,18.98276120685734,20.079122301994165,21.191617634955286,21.192597530392316,20.996643525283705,20.32319874604433,21.228039426379468,20.410090025072826,18.92338790854723,1.0,1.0,1.0,1.0,1.0,1.0,1.0,1.0,1.0,1.0
191.25,2.0,16.183254867182196,15.362220759479014,16.578453339925183,16.541915655755567,16.93312388051614,15.993272028302247,15.770394282943839,14.50944816278292,14.935946774088919,14.381730777504268,1.0,1.0,1.0,1.0,1.0,1.0,1.0,1.0,1.0,1.0
191.5,3.0,0.0,0.0,0.0,0.0,0.0,0.0,0.0,0.0,0.0,0.0,0.0,0.0,0.0,0.0,0.0,0.0,0.0,0.0,0.0,0.0
191.75,4.0,19.837564933179923,21.221418173901842,23.728153090404934,24.02339640216688,24.553113271925405,24.013427147891033,23.922558470526223,23.96296968496818,23.093376391039936,21.664293011169537,1.0,1.0,1.0,1.0,1.0,1.0,1.0,1.0,1.0,1.0
192.0,1.0,19.37453734087205,19.028707421553612,19.759158273304514,20.312309319691078,19.780147136914866,20.867917302958325,19.986198163480225,20.59598936290027,20.28616558697492,18.360672994184213,1.0,1.0,1.0,1.0,1.0,1.0,1.0,1.0,1.0,1.0
192.25,2.0,0.0,0.0,0.0,0.0,0.0,0.0,0.0,0.0,0.0,0.0,0.0,0.0,0.0,0.0,0.0,0.0,0.0,0.0,0.0,0.0
192.5,3.0,16.468315716218793,18.52377581116434,19.300697312508944,17.922158737654005,17.916658651484013,17.968765117925194,17.162140305568172,17.483745961256535,18.96562965820243,18.246435682233813,1.0,1.0,1.0,1.0,1.0,1.0,1.0,1.0,1.0,1.0
192.75,4.0,20.822416775949797,21.594691757499564,23.673499157604375,22.841127796784164,23.028329344827892,22.685584160639724,22.529288717622155,23.211414274023742,21.80693434401639,20.60988472090741,1.0,1.0,1.0,1.0,1.0,1.0,1.0,1.0,1.0,1.0
193.0,1.0,0.0,0.0,0.0,0.0,0.0,0.0,0.0,0.0,0.0,0.0,0.0,0.0,0.0,0.0,0.0,0.0,0.0,0.0,0.0,0.0
193.25,2.0,16.545024375569984,15.824077054353603,15.78746204852766,15.086837879835803,14.823812810109523,14.734203535966875,16.019404068091525,15.250369165219647,15.212751985025347,15.018076904143182,1.0,1.0,1.0,1.0,1.0,1.0,1.0,1.0,1.0,1.0
193.5,3.0,0.0,0.0,0.0,0.0,0.0,0.0,0.0,0.0,0.0,0.0,0.0,0.0,0.0,0.0,0.0,0.0,0.0,0.0,0.0,0.0
193.75,4.0,0.0,0.0,0.0,0.0,0.0,0.0,0.0,0.0,0.0,0.0,0.0,0.0,0.0,0.0,0.0,0.0,0.0,0.0,0.0,0.0
194.0,1.0,17.509859474111877,17.054397678784127,17.717860222069575,18.38189287790609,19.293214902435444,18.936752960923606,18.580689539881682,17.757964000702778,18.222245388485664,17.825400339594093,1.0,1.0,1.0,1.0,1.0,1.0,1.0,1.0,1.0,1.0
194.25,2.0,15.96579043141279,15.537962279681354,15.086897385185308,14.16981749937288,14.410952792727686,14.660232055094717,15.389255979280938,14.49049545290368,15.913991955710827,16.499529033471703,1.0,1.0,1.0,1.0,1.0,1.0,1.0,1.0,1.0,1.0
194.5,3.0,18.961704839793857,17.13824519861737,17.221138265214268,16.650307689227933,17.06107212254816,16.830379361762276,16.752060273531573,16.706145151094994,17.585780008201915,17.321669885752208,1.0,1.0,1.0,1.0,1.0,1.0,1.0,1.0,1.0,1.0
194.75,4.0,22.048227029941405,22.675385191786983,22.242711428325872,22.734554860881367,21.72559542759228,20.892059302491322,20.4014946992184,20.450404104181406,19.636943731527975,20.01331414831354,1.0,1.0,1.0,1.0,1.0,1.0,1.0,1.0,1.0,1.0
195.0,1.0,16.840441879688147,18.332408908661943,17.052808954884515,16.66870433906224,17.844822593223203,17.794848309398485,17.247977759507833,17.777862860331027,18.001211485613155,17.895721721630643,1.0,1.0,1.0,1.0,1.0,1.0,1.0,1.0,1.0,1.0
195.25,2.0,0.0,0.0,0.0,0.0,0.0,0.0,0.0,0.0,0.0,0.0,0.0,0.0,0.0,0.0,0.0,0.0,0.0,0.0,0.0,0.0
195.5,3.0,17.62409011219748,15.98214918011378,17.890905143850127,16.99781505829257,18.28148698043969,18.358479613075197,18.297961487521025,17.859263170725836,17.831711101202572,17.54858822408311,1.0,1.0,1.0,1.0,1.0,1.0,1.0,1.0,1.0,1.0
195.75,4.0,20.667554694923364,20.908412556521235,21.156769917652163,21.30818621607716,20.386983504257692,20.002490211056337,19.618675061064003,20.508588618461918,20.054954934194278,20.06303062069058,1.0,1.0,1.0,1.0,1.0,1.0,1.0,1.0,1.0,1.0
196.0,1.0,18.034720084471108,19.142363131427878,16.453300951615024,15.771212688431962,16.418798122777375,17.546631701954027,17.292897108447633,18.504653615054703,18.935123488596947,19.849062745353805,1.0,1.0,1.0,1.0,1.0,1.0,1.0,1.0,1.0,1.0
196.25,2.0,14.526887146401057,13.501484884818005,14.010594742186749,15.878572598745894,16.392475488119047,15.662062767930381,16.118495597764362,15.516532126789874,17.164951497812854,16.886691324820266,1.0,1.0,1.0,1.0,1.0,1.0,1.0,1.0,1.0,1.0
196.5,3.0,0.0,0.0,0.0,0.0,0.0,0.0,0.0,0.0,0.0,0.0,0.0,0.0,0.0,0.0,0.0,0.0,0.0,0.0,0.0,0.0
196.75,4.0,21.16017679131193,20.409969805970494,19.942491521574592,19.646392858218043,18.8799016628583,19.697194747583758,19.77845415225971,20.124032103690844,20.924067536774096,21.074353416735185,1.0,1.0,1.0,1.0,1.0,1.0,1.0,1.0,1.0,1.0
197.0,1.0,18.35007768862218,18.724098725930038,16.140378523905905,15.968667692064708,17.25214927992218,17.84548034513783,18.434279397749208,18.941881013764277,19.241176532593833,19.73557045496402,1.0,1.0,1.0,1.0,1.0,1.0,1.0,1.0,1.0,1.0
197.25,2.0,0.0,0.0,0.0,0.0,0.0,0.0,0.0,0.0,0.0,0.0,0.0,0.0,0.0,0.0,0.0,0.0,0.0,0.0,0.0,0.0
197.5,3.0,16.808488187483444,16.8784735114239,18.267132884199643,18.710418774612023,20.92934201882874,19.98657066732958,18.63321426838368,17.916078903439836,16.705510871809476,15.7932150480561,1.0,1.0,1.0,1.0,1.0,1.0,1.0,1.0,1.0,1.0
197.75,4.0,20.563304323476622,19.989997504775904,19.61639701278853,19.14668092665097,18.692783239308373,20.11677042960572,19.6488285320949,20.42026400444424,20.001049461305552,20.31729034460895,1.0,1.0,1.0,1.0,1.0,1.0,1.0,1.0,1.0,1.0
198.0,1.0,0.0,0.0,0.0,0.0,0.0,0.0,0.0,0.0,0.0,0.0,0.0,0.0,0.0,0.0,0.0,0.0,0.0,0.0,0.0,0.0
198.25,2.0,15.324371104263633,14.491615195337456,13.917245165490163,14.696107934276396,15.368147816233913,15.14061262555768,15.655536822729776,16.359150996426763,17.750174694583606,17.18599118112883,1.0,1.0,1.0,1.0,1.0,1.0,1.0,1.0,1.0,1.0
198.5,3.0,16.35653770833281,16.30253351613506,18.003575604437735,20.180231640490245,19.941035418530273,18.2492260212442,17.540400702021852,15.920285774209113,15.614855320778569,14.757785939257733,1.0,1.0,1.0,1.0,1.0,1.0,1.0,1.0,1.0,1.0
198.75,4.0,0.0,0.0,0.0,0.0,0.0,0.0,0.0,0.0,0.0,0.0,0.0,0.0,0.0,0.0,0.0,0.0,0.0,0.0,0.0,0.0
199.0,1.0,16.686038947619004,16.773743921050965,16.569197324265772,15.918234895840236,18.39691831125658,19.67574430024355,19.51507971848645,20.882775029432363,20.244980299724876,20.025022887209623,1.0,1.0,1.0,1.0,1.0,1.0,1.0,1.0,1.0,1.0
199.25,2.0,14.47361700064765,14.352022945928983,14.867317146186123,13.865318568056027,14.223472889022995,14.56572654292468,15.418622911429877,15.73855148173056,16.60784356160771,16.01654631856742,1.0,1.0,1.0,1.0,1.0,1.0,1.0,1.0,1.0,1.0
199.5,3.0,0.0,0.0,0.0,0.0,0.0,0.0,0.0,0.0,0.0,0.0,0.0,0.0,0.0,0.0,0.0,0.0,0.0,0.0,0.0,0.0
199.75,4.0,18.420601825564663,18.304037565666288,18.175230793223434,18.776067898319642,18.286041691947037,19.845361316212173,19.48207373098611,19.623190497517054,19.586619540783214,19.514056977479587,1.0,1.0,1.0,1.0,1.0,1.0,1.0,1.0,1.0,1.0
200.0,1.0,17.06511110979078,17.374471303395925,16.479644856475932,17.547842807089612,20.19588634303352,21.123989758203383,21.17742797060072,21.44833258064259,20.673870616052312,20.10654270131498,1.0,1.0,1.0,1.0,1.0,1.0,1.0,1.0,1.0,1.0
200.25,2.0,0.0,0.0,0.0,0.0,0.0,0.0,0.0,0.0,0.0,0.0,0.0,0.0,0.0,0.0,0.0,0.0,0.0,0.0,0.0,0.0
200.5,3.0,18.240034013246483,19.168941817157105,19.886672016795032,18.23243377242817,15.979311930040847,15.316559260938456,14.86788938869178,14.463178519235134,14.243497450782067,14.844130935056063,1.0,1.0,1.0,1.0,1.0,1.0,1.0,1.0,1.0,1.0
200.75,4.0,17.45681348911567,18.45966697460665,17.749875686396717,18.21864697203285,18.692255726846028,19.00466422439247,19.43869973635397,20.076315877952105,19.973186439513167,20.56402906879629,1.0,1.0,1.0,1.0,1.0,1.0,1.0,1.0,1.0,1.0
201.0,1.0,17.170734216170377,16.85105140326536,16.397770183444003,18.51237001872123,21.051047998616372,21.515091359822055,21.574913097560525,21.67771047241269,20.771831305307128,20.322626279879668,1.0,1.0,1.0,1.0,1.0,1.0,1.0,1.0,1.0,1.0
201.25,2.0,15.005441269822507,14.688343811629046,15.405431532223862,16.071658712426995,16.519701313808525,16.268771772490542,16.888846927252207,15.196148605063597,14.923947662694554,13.907218291387858,1.0,1.0,1.0,1.0,1.0,1.0,1.0,1.0,1.0,1.0
201.5,3.0,0.0,0.0,0.0,0.0,0.0,0.0,0.0,0.0,0.0,0.0,0.0,0.0,0.0,0.0,0.0,0.0,0.0,0.0,0.0,0.0
201.75,4.0,0.0,0.0,0.0,0.0,0.0,0.0,0.0,0.0,0.0,0.0,0.0,0.0,0.0,0.0,0.0,0.0,0.0,0.0,0.0,0.0
202.0,1.0,17.843007936613613,16.99802077065117,16.720785162344413,20.183393387020924,21.807263126015787,22.317629956962527,22.656506873196818,22.23344498809113,20.697848718841147,20.148505471462638,1.0,1.0,1.0,1.0,1.0,1.0,1.0,1.0,1.0,1.0
202.25,2.0,15.467356029349633,15.466644204441014,15.546233464391555,16.101232090198693,16.480481638333952,15.58352265030558,15.279835157974762,14.552494480143677,14.465153263146398,13.890813312565456,1.0,1.0,1.0,1.0,1.0,1.0,1.0,1.0,1.0,1.0
202.5,3.0,17.329987764314446,18.721106477783792,17.077197290789293,15.051947677088283,14.668782005637725,13.391038984779968,14.051523714073822,13.606236615479832,14.979023283494977,15.359317475099674,1.0,1.0,1.0,1.0,1.0,1.0,1.0,1.0,1.0,1.0
202.75,4.0,17.27411974073961,17.547068065647466,17.282731431233064,18.30214437122976,19.284965445876974,19.628480243983226,19.751407758558454,20.650565484395322,20.47326807027773,21.617750442998663,1.0,1.0,1.0,1.0,1.0,1.0,1.0,1.0,1.0,1.0
203.0,1.0,0.0,0.0,0.0,0.0,0.0,0.0,0.0,0.0,0.0,0.0,0.0,0.0,0.0,0.0,0.0,0.0,0.0,0.0,0.0,0.0
203.25,2.0,0.0,0.0,0.0,0.0,0.0,0.0,0.0,0.0,0.0,0.0,0.0,0.0,0.0,0.0,0.0,0.0,0.0,0.0,0.0,0.0
203.5,3.0,16.819184000051717,18.589490710088203,16.34000541447719,14.576327154490174,14.18597519140365,14.242589566190947,15.267507746774024,15.058989573426569,15.606785687268015,15.493884129115289,1.0,1.0,1.0,1.0,1.0,1.0,1.0,1.0,1.0,1.0
203.75,4.0,16.765617346670926,16.868117972207582,18.473988023371167,18.80856734969683,18.85100106713895,19.328575627030826,19.42168226298975,19.797770920299207,20.085141070018107,21.74759624290107,1.0,1.0,1.0,1.0,1.0,1.0,1.0,1.0,1.0,1.0
204.0,1.0,16.12009956573789,18.6201743040256,19.037340053430114,19.953857683505575,21.415904623854342,21.76301061127011,20.83148078761586,19.625325529231713,18.54046828519865,19.120045603419808,1.0,1.0,1.0,1.0,1.0,1.0,1.0,1.0,1.0,1.0
204.25,2.0,16.330270912580826,14.777737863158059,14.973893929847664,15.388743135467966,13.819660238371284,13.641640637886134,12.999647339199258,13.426149379394072,12.795777188450055,11.909449673723364,1.0,1.0,1.0,1.0,1.0,1.0,1.0,1.0,1.0,1.0
204.5,3.0,0.0,0.0,0.0,0.0,0.0,0.0,0.0,0.0,0.0,0.0,0.0,0.0,0.0,0.0,0.0,0.0,0.0,0.0,0.0,0.0
204.75,4.0,17.275943838085308,17.682283292242225,18.655817048980055,18.576061133077726,19.04375878651064,20.57430175488239,20.352739521004832,21.043645613159484,20.917859804325026,20.924098638910454,1.0,1.0,1.0,1.0,1.0,1.0,1.0,1.0,1.0,1.0
205.0,1.0,16.550161519841275,18.46049151560933,19.54986510320622,21.091670411812423,21.36020736367237,21.730981322227787,19.91442163153581,19.07242824649462,17.996571057160246,19.31644982976936,1.0,1.0,1.0,1.0,1.0,1.0,1.0,1.0,1.0,1.0
205.25,2.0,0.0,0.0,0.0,0.0,0.0,0.0,0.0,0.0,0.0,0.0,0.0,0.0,0.0,0.0,0.0,0.0,0.0,0.0,0.0,0.0
205.5,3.0,15.496706975102924,16.38578163805255,14.64035359195077,14.71825432312235,14.967129445489455,15.821098619173418,15.280506167486514,14.059012021342012,14.52976855483825,15.459118752042643,1.0,1.0,1.0,1.0,1.0,1.0,1.0,1.0,1.0,1.0
205.75,4.0,17.00051054128213,17.394658354429517,18.71230314472471,19.163456016256113,19.16156916672768,20.991767234919596,20.619209357715086,20.21715912453291,20.243160770761563,19.848660540727945,1.0,1.0,1.0,1.0,1.0,1.0,1.0,1.0,1.0,1.0
206.0,1.0,0.0,0.0,0.0,0.0,0.0,0.0,0.0,0.0,0.0,0.0,0.0,0.0,0.0,0.0,0.0,0.0,0.0,0.0,0.0,0.0
206.25,2.0,16.347470881020858,15.601383055313518,15.17948941525332,14.198158324484195,12.228524276194502,12.147327418828342,12.080828738489434,11.522103295312558,11.080736298127167,11.270671734938892,1.0,1.0,1.0,1.0,1.0,1.0,1.0,1.0,1.0,1.0
206.5,3.0,16.092332997604746,16.809033136899725,15.487710366784937,14.903615998514324,15.852398620380335,16.26184171157975,16.23708889269626,15.13011971727957,16.22488885311068,17.315382370581283,1.0,1.0,1.0,1.0,1.0,1.0,1.0,1.0,1.0,1.0
206.75,4.0,0.0,0.0,0.0,0.0,0.0,0.0,0.0,0.0,0.0,0.0,0.0,0.0,0.0,0.0,0.0,0.0,0.0,0.0,0.0,0.0
207.0,1.0,18.449732313510278,20.800379997104805,19.406585635068023,20.05097426726224,19.19943895268615,18.566678474235072,18.81859259832931,18.88916160161195,19.18092929767312,19.511813702182,1.0,1.0,1.0,1.0,1.0,1.0,1.0,1.0,1.0,1.0
207.25,2.0,16.88460020770538,16.28528938020481,15.217740169487627,13.733066022000848,12.461478563339249,12.196914203492657,11.876587329676582,10.855659171591451,11.066780053677071,11.323478079835223,1.0,1.0,1.0,1.0,1.0,1.0,1.0,1.0,1.0,1.0
207.5,3.0,0.0,0.0,0.0,0.0,0.0,0.0,0.0,0.0,0.0,0.0,0.0,0.0,0.0,0.0,0.0,0.0,0.0,0.0,0.0,0.0
207.75,4.0,18.098552243583974,18.634176667249385,17.931874307781303,17.077499826330556,18.04110719773426,19.330272150051194,18.97138043952721,18.78688242871459,19.0069109575236,19.516417551266493,1.0,1.0,1.0,1.0,1.0,1.0,1.0,1.0,1.0,1.0
208.0,1.0,19.27596588427741,19.510635870642375,18.99789181474207,20.070079549525182,19.227081027918953,18.801296927743717,19.20578638217525,19.605853843645455,19.436032083983115,19.603005014522502,1.0,1.0,1.0,1.0,1.0,1.0,1.0,1.0,1.0,1.0
208.25,2.0,0.0,0.0,0.0,0.0,0.0,0.0,0.0,0.0,0.0,0.0,0.0,0.0,0.0,0.0,0.0,0.0,0.0,0.0,0.0,0.0
208.5,3.0,14.38357902086007,14.519992365773989,13.727332579683473,15.665460264202041,16.406481373335303,16.85140772009759,17.698405931541508,17.259902571776202,18.057064518858578,17.693916385899794,1.0,1.0,1.0,1.0,1.0,1.0,1.0,1.0,1.0,1.0
208.75,4.0,19.045586735021907,19.16835518978723,18.843956721439348,17.998204536323367,17.655765445919716,18.70534932627194,18.72277570129205,19.16240539502643,19.694189163598733,19.572756684297765,1.0,1.0,1.0,1.0,1.0,1.0,1.0,1.0,1.0,1.0
209.0,1.0,17.74088108697498,19.818324911794218,19.10887229828792,19.572085165986707,18.65357044889787,17.952214096188438,19.79633328414134,19.62945794908676,19.41340944885173,20.221428669804475,1.0,1.0,1.0,1.0,1.0,1.0,1.0,1.0,1.0,1.0
209.25,2.0,16.995465392912905,15.442345225103315,15.464530736985122,14.390647772846705,12.361515674909423,12.490066665771655,11.60210916434521,10.290103411421187,10.351253511711297,10.09086468553712,1.0,1.0,1.0,1.0,1.0,1.0,1.0,1.0,1.0,1.0
209.5,3.0,0.0,0.0,0.0,0.0,0.0,0.0,0.0,0.0,0.0,0.0,0.0,0.0,0.0,0.0,0.0,0.0,0.0,0.0,0.0,0.0
209.75,4.0,17.99645604707441,18.516405470548392,17.858099876905293,16.976601017053337,17.376107357068086,19.29580239129047,19.148040063421377,18.775156620708366,20.29054643312964,20.197764066030526,1.0,1.0,1.0,1.0,1.0,1.0,1.0,1.0,1.0,1.0
210.0,1.0,17.37408982735843,20.12123851857297,19.0217910602585,17.86949852815866,19.175084945716108,18.62226025762009,18.98404591915572,18.68888933889743,17.824744904688394,18.733951808013888,1.0,1.0,1.0,1.0,1.0,1.0,1.0,1.0,1.0,1.0
210.25,2.0,16.16757157569833,14.929474759657014,14.393253022684146,14.160922689019058,11.969605550954723,12.109977916090747,11.248479466179338,10.76115778254017,10.656399465486006,10.609828480002383,1.0,1.0,1.0,1.0,1.0,1.0,1.0,1.0,1.0,1.0
210.5,3.0,13.751787187338264,14.387744143602147,15.43478050177476,16.959034767674076,17.875673165360848,18.784811888160505,19.664425381931693,18.529347972361023,16.841420184107115,16.28608083771563,1.0,1.0,1.0,1.0,1.0,1.0,1.0,1.0,1.0,1.0
210.75,4.0,18.396799778142082,17.686374971929858,18.44750232217574,18.313045619650172,18.66343959076801,19.94725794007008,20.286243522052597,20.265131559729433,21.130691067310135,20.84643172151051,1.0,1.0,1.0,1.0,1.0,1.0,1.0,1.0,1.0,1.0
211.0,1.0,0.0,0.0,0.0,0.0,0.0,0.0,0.0,0.0,0.0,0.0,0.0,0.0,0.0,0.0,0.0,0.0,0.0,0.0,0.0,0.0
211.25,2.0,0.0,0.0,0.0,0.0,0.0,0.0,0.0,0.0,0.0,0.0,0.0,0.0,0.0,0.0,0.0,0.0,0.0,0.0,0.0,0.0
211.5,3.0,13.695282916527532,15.020361361257054,16.091897315658507,16.555054656664975,17.322892710662046,18.31855711649135,18.322688838845345,17.20396767231095,16.126721809434546,15.75264719646058,1.0,1.0,1.0,1.0,1.0,1.0,1.0,1.0,1.0,1.0
211.75,4.0,0.0,0.0,0.0,0.0,0.0,0.0,0.0,0.0,0.0,0.0,0.0,0.0,0.0,0.0,0.0,0.0,0.0,0.0,0.0,0.0
212.0,1.0,17.823889230317167,17.579548132880504,17.00922337935499,16.583923401995314,17.672441065495963,17.123396884578344,17.978899038580014,17.212699957805537,17.54402961338222,18.539347553674844,1.0,1.0,1.0,1.0,1.0,1.0,1.0,1.0,1.0,1.0
212.25,2.0,14.796210032472507,14.312757534902827,14.10319231515388,13.279034977088036,11.73778466813499,12.9149128401643,12.856555756927651,12.670943848392955,12.536067690686393,12.310285592439646,1.0,1.0,1.0,1.0,1.0,1.0,1.0,1.0,1.0,1.0
212.5,3.0,0.0,0.0,0.0,0.0,0.0,0.0,0.0,0.0,0.0,0.0,0.0,0.0,0.0,0.0,0.0,0.0,0.0,0.0,0.0,0.0
212.75,4.0,17.371305309618535,19.17642688737662,18.86602834001075,18.102712962655566,18.199814168685464,18.719980265584947,19.461809508885082,19.76646127347976,20.34308350638941,19.87162932334412,1.0,1.0,1.0,1.0,1.0,1.0,1.0,1.0,1.0,1.0
213.0,1.0,17.32360610546624,17.013178288876357,17.511277059891956,17.699042604014164,18.437055156062144,17.391786449873408,18.007649690235727,17.434770552541956,18.548016381773657,18.674255153698468,1.0,1.0,1.0,1.0,1.0,1.0,1.0,1.0,1.0,1.0
213.25,2.0,0.0,0.0,0.0,0.0,0.0,0.0,0.0,0.0,0.0,0.0,0.0,0.0,0.0,0.0,0.0,0.0,0.0,0.0,0.0,0.0
213.5,3.0,16.97810853843921,18.108631432449425,16.569602857846785,15.161607535162558,15.55944503379173,16.074591534474852,16.123911079325605,15.618278227784158,14.375609587781975,13.659255045735383,1.0,1.0,1.0,1.0,1.0,1.0,1.0,1.0,1.0,1.0
213.75,4.0,18.141739658968966,18.341755460442794,17.139866751515463,17.438712070791617,19.05698135236458,19.092183790955744,20.01384751621304,19.32272485132075,19.40732501017186,19.29069545429201,1.0,1.0,1.0,1.0,1.0,1.0,1.0,1.0,1.0,1.0
214.0,1.0,0.0,0.0,0.0,0.0,0.0,0.0,0.0,0.0,0.0,0.0,0.0,0.0,0.0,0.0,0.0,0.0,0.0,0.0,0.0,0.0
214.25,2.0,12.695339901508154,12.200050769717114,13.403822654101862,12.432882433781867,13.727440739769914,14.38322247311159,13.346815947331027,12.680621642651804,12.049664323551196,12.070333254767185,1.0,1.0,1.0,1.0,1.0,1.0,1.0,1.0,1.0,1.0
214.5,3.0,0.0,0.0,0.0,0.0,0.0,0.0,0.0,0.0,0.0,0.0,0.0,0.0,0.0,0.0,0.0,0.0,0.0,0.0,0.0,0.0
214.75,4.0,0.0,0.0,0.0,0.0,0.0,0.0,0.0,0.0,0.0,0.0,0.0,0.0,0.0,0.0,0.0,0.0,0.0,0.0,0.0,0.0
215.0,1.0,15.338284594479754,17.447410662483637,17.870963673192787,17.855783075295133,16.898211646801062,16.579633581143334,16.91777307970608,17.472587552874575,17.681515813195862,18.184276506789704,1.0,1.0,1.0,1.0,1.0,1.0,1.0,1.0,1.0,1.0
215.25,2.0,12.294780862583941,11.589852829941897,13.347144119365302,12.981526855136977,13.733048087651813,13.861156394514031,12.623158538944201,12.03604012996669,11.338301961963262,12.044621107675155,1.0,1.0,1.0,1.0,1.0,1.0,1.0,1.0,1.0,1.0
215.5,3.0,0.0,0.0,0.0,0.0,0.0,0.0,0.0,0.0,0.0,0.0,0.0,0.0,0.0,0.0,0.0,0.0,0.0,0.0,0.0,0.0
215.75,4.0,15.420189180379412,15.655081913433047,14.772869812846137,16.053227194493417,18.741226748505667,19.703963908368692,19.831708357011088,18.518250427381197,18.32719598821555,17.256884486543584,1.0,1.0,1.0,1.0,1.0,1.0,1.0,1.0,1.0,1.0
216.0,1.0,15.299909758545947,17.151706997640282,17.847279485994427,17.871502350957453,16.80580867678276,16.993605370132563,16.524128310319988,17.115537044560273,17.572738877239278,17.505125070947354,1.0,1.0,1.0,1.0,1.0,1.0,1.0,1.0,1.0,1.0
216.25,2.0,0.0,0.0,0.0,0.0,0.0,0.0,0.0,0.0,0.0,0.0,0.0,0.0,0.0,0.0,0.0,0.0,0.0,0.0,0.0,0.0
216.5,3.0,16.395695968945013,14.703172389619933,14.856944187733962,15.443805370916051,15.08555469550613,14.925408042969895,14.948690762962695,14.285848531884861,13.567038938101197,13.701872210333702,1.0,1.0,1.0,1.0,1.0,1.0,1.0,1.0,1.0,1.0
216.75,4.0,15.368903385315653,15.892112095476477,14.758958397876524,16.515179854526906,18.229747734295238,19.25980268642557,19.0641215884014,18.80916330256334,17.524901327217652,16.174597192011998,1.0,1.0,1.0,1.0,1.0,1.0,1.0,1.0,1.0,1.0
217.0,1.0,15.816001899132802,17.66500794966773,17.80160248165335,17.691400624489773,17.445789537353246,17.382427594563985,17.211832102708854,17.85132709294619,18.313675882668228,18.692972298493572,1.0,1.0,1.0,1.0,1.0,1.0,1.0,1.0,1.0,1.0
217.25,2.0,11.509111545647334,12.341439593042297,13.514426609242047,13.777139440264339,13.603586059227645,12.28028381655949,11.199500766751154,10.988909040100184,10.7165510277059,10.964125622660491,1.0,1.0,1.0,1.0,1.0,1.0,1.0,1.0,1.0,1.0
217.5,3.0,0.0,0.0,0.0,0.0,0.0,0.0,0.0,0.0,0.0,0.0,0.0,0.0,0.0,0.0,0.0,0.0,0.0,0.0,0.0,0.0
217.75,4.0,14.4115330426957,15.411756609580792,15.99881613802449,17.497740812422347,17.618965780943206,18.803980044043474,17.945776362923976,19.08816652926692,18.121920903067693,17.124949933804118,1.0,1.0,1.0,1.0,1.0,1.0,1.0,1.0,1.0,1.0
218.0,1.0,16.21291171262619,17.782387335799307,17.26150319581078,17.654641474206326,19.341628792491388,19.422460210608865,18.235642497455647,18.085477573241747,17.684179253343945,17.06661002708962,1.0,1.0,1.0,1.0,1.0,1.0,1.0,1.0,1.0,1.0
218.25,2.0,0.0,0.0,0.0,0.0,0.0,0.0,0.0,0.0,0.0,0.0,0.0,0.0,0.0,0.0,0.0,0.0,0.0,0.0,0.0,0.0
218.5,3.0,16.01115146831476,14.942389598763926,14.576122114922327,13.605419613624514,13.234912155381354,13.885144037402128,13.230054894650255,13.39228654989962,13.49913291162596,14.321787803957312,1.0,1.0,1.0,1.0,1.0,1.0,1.0,1.0,1.0,1.0
218.75,4.0,15.852454792438346,15.771597250851544,16.07293027166291,16.379154609772083,16.538259394581033,17.901298836852728,17.761232011501264,18.392462516925452,17.50581942319263,17.463741578932922,1.0,1.0,1.0,1.0,1.0,1.0,1.0,1.0,1.0,1.0
219.0,1.0,0.0,0.0,0.0,0.0,0.0,0.0,0.0,0.0,0.0,0.0,0.0,0.0,0.0,0.0,0.0,0.0,0.0,0.0,0.0,0.0
219.25,2.0,0.0,0.0,0.0,0.0,0.0,0.0,0.0,0.0,0.0,0.0,0.0,0.0,0.0,0.0,0.0,0.0,0.0,0.0,0.0,0.0
219.5,3.0,15.50470678606609,14.490172003695653,13.931170876439891,12.810213442240652,13.524599516157675,14.05945021895782,14.319012389371245,14.96694525038994,14.604000131628405,15.932244350611754,1.0,1.0,1.0,1.0,1.0,1.0,1.0,1.0,1.0,1.0
219.75,4.0,0.0,0.0,0.0,0.0,0.0,0.0,0.0,0.0,0.0,0.0,0.0,0.0,0.0,0.0,0.0,0.0,0.0,0.0,0.0,0.0
220.0,1.0,16.21225252579993,16.233543099619354,16.617270494437324,16.94233038478027,18.862690469657313,18.83986295664137,16.887407279710228,15.380779756178722,15.684948138962978,14.98681741444855,1.0,1.0,1.0,1.0,1.0,1.0,1.0,1.0,1.0,1.0
220.25,2.0,11.299233963587554,11.313652038321912,11.495172888610151,11.527179247037306,11.431876856734462,10.94033757048925,11.319623286397661,11.281042330131175,11.798230624680533,11.18571925616054,1.0,1.0,1.0,1.0,1.0,1.0,1.0,1.0,1.0,1.0
220.5,3.0,0.0,0.0,0.0,0.0,0.0,0.0,0.0,0.0,0.0,0.0,0.0,0.0,0.0,0.0,0.0,0.0,0.0,0.0,0.0,0.0
220.75,4.0,15.372719341713742,17.075948093772638,15.557607953103744,16.006682683569082,15.631570658376694,16.805904229212096,16.72760968410159,17.0833376568869,17.194178207644605,16.999195224481106,1.0,1.0,1.0,1.0,1.0,1.0,1.0,1.0,1.0,1.0
221.0,1.0,16.544626795608373,17.067043467445913,17.684255181048666,18.041760568534272,19.990760701699607,18.417498301959103,16.39771898629668,15.360749223365774,14.956155715404089,15.118892517623918,1.0,1.0,1.0,1.0,1.0,1.0,1.0,1.0,1.0,1.0
221.25,2.0,0.0,0.0,0.0,0.0,0.0,0.0,0.0,0.0,0.0,0.0,0.0,0.0,0.0,0.0,0.0,0.0,0.0,0.0,0.0,0.0
221.5,3.0,16.17134913205572,15.492534443005653,13.828923055291952,12.314446510951388,13.429521874897006,12.805000427119127,13.908929424036383,14.135964785815148,13.867238348180223,15.741967777019338,1.0,1.0,1.0,1.0,1.0,1.0,1.0,1.0,1.0,1.0
221.75,4.0,15.239616670137925,15.434307815671234,15.451986739515469,15.451438325076872,15.732931809909855,16.19375333851359,16.220918036403702,17.244571113293933,17.42589152562236,17.493846741369776,1.0,1.0,1.0,1.0,1.0,1.0,1.0,1.0,1.0,1.0
222.0,1.0,0.0,0.0,0.0,0.0,0.0,0.0,0.0,0.0,0.0,0.0,0.0,0.0,0.0,0.0,0.0,0.0,0.0,0.0,0.0,0.0
222.25,2.0,11.785871209862528,12.901336705153508,12.300014731022848,10.682941489522765,10.786887753698952,10.651053192697823,11.997609631659245,10.677546352798503,10.501084689524536,11.504400141927754,1.0,1.0,1.0,1.0,1.0,1.0,1.0,1.0,1.0,1.0
222.5,3.0,0.0,0.0,0.0,0.0,0.0,0.0,0.0,0.0,0.0,0.0,0.0,0.0,0.0,0.0,0.0,0.0,0.0,0.0,0.0,0.0
222.75,4.0,0.0,0.0,0.0,0.0,0.0,0.0,0.0,0.0,0.0,0.0,0.0,0.0,0.0,0.0,0.0,0.0,0.0,0.0,0.0,0.0
223.0,1.0,17.34190719390966,17.142342079759402,18.15767012115198,17.64634374656371,17.1621337967749,17.079397047385303,15.127852451887538,14.453665549535355,14.35131085914369,14.666742806526681,1.0,1.0,1.0,1.0,1.0,1.0,1.0,1.0,1.0,1.0
223.25,2.0,12.19871657675708,12.34675928342979,11.979796343409317,10.703904929237938,11.07693133046599,11.444288285472501,12.803596789786319,11.191954047199733,10.80613998726201,10.086803688772418,1.0,1.0,1.0,1.0,1.0,1.0,1.0,1.0,1.0,1.0
223.5,3.0,0.0,0.0,0.0,0.0,0.0,0.0,0.0,0.0,0.0,0.0,0.0,0.0,0.0,0.0,0.0,0.0,0.0,0.0,0.0,0.0
223.75,4.0,13.386755353419755,13.592069706479409,14.700518171599555,14.301456214754927,14.404941700736012,16.577096360856743,15.789216109325162,16.29175848570501,16.374100025811654,15.27945473351855,1.0,1.0,1.0,1.0,1.0,1.0,1.0,1.0,1.0,1.0
224.0,1.0,17.141843169832644,17.240883905556252,18.49803531722956,17.458346080034453,15.47312981724944,15.776136134404227,14.660076885087005,14.643107578606342,14.34690127012117,15.217421210937426,1.0,1.0,1.0,1.0,1.0,1.0,1.0,1.0,1.0,1.0
224.25,2.0,0.0,0.0,0.0,0.0,0.0,0.0,0.0,0.0,0.0,0.0,0.0,0.0,0.0,0.0,0.0,0.0,0.0,0.0,0.0,0.0
224.5,3.0,14.239710171461208,13.323383937660026,12.392216395274547,10.118159535718796,12.206668148607351,13.645683861105445,14.027672841901826,14.56329811773922,14.111412580061986,15.003214571008623,1.0,1.0,1.0,1.0,1.0,1.0,1.0,1.0,1.0,1.0
224.75,4.0,14.030358266363887,13.416620248107966,14.266896491542271,14.252237841726858,14.480025704336775,15.602514594183695,15.086731645762343,15.362247880946814,15.481812503712485,13.895900429082989,1.0,1.0,1.0,1.0,1.0,1.0,1.0,1.0,1.0,1.0
225.0,1.0,16.67523388543068,16.533142992290557,17.493119730887063,15.675040244415229,13.710068536170398,14.651433364712213,14.644205650693195,15.44541457485942,16.10522814908195,16.938770643823382,1.0,1.0,1.0,1.0,1.0,1.0,1.0,1.0,1.0,1.0
225.25,2.0,12.841545529093173,12.090277944686616,11.607302414488997,11.06405909263814,11.014971210755457,11.157783601501487,10.918339405416214,10.270668868463291,10.268654844700652,10.415832847956601,1.0,1.0,1.0,1.0,1.0,1.0,1.0,1.0,1.0,1.0
225.5,3.0,0.0,0.0,0.0,0.0,0.0,0.0,0.0,0.0,0.0,0.0,0.0,0.0,0.0,0.0,0.0,0.0,0.0,0.0,0.0,0.0
225.75,4.0,13.354887143195153,13.110244410332541,13.498037061521078,13.051725899245227,14.615753240168978,15.732776787692956,15.076941052391216,15.500178087543459,15.311434983854172,14.301485761823798,1.0,1.0,1.0,1.0,1.0,1.0,1.0,1.0,1.0,1.0
226.0,1.0,15.36170760544986,15.568946263548815,16.046218572989268,14.216212575410976,14.548696725628536,15.345547534537003,15.79401829250712,16.466079921587255,16.61622435632544,16.261357903559485,1.0,1.0,1.0,1.0,1.0,1.0,1.0,1.0,1.0,1.0
226.25,2.0,0.0,0.0,0.0,0.0,0.0,0.0,0.0,0.0,0.0,0.0,0.0,0.0,0.0,0.0,0.0,0.0,0.0,0.0,0.0,0.0
226.5,3.0,12.044945963520043,13.631931550491862,12.803398769967993,11.513072853075242,12.93893599349733,13.764986601812268,14.176272206056797,14.224309293407035,14.265395883508095,14.093577731346505,1.0,1.0,1.0,1.0,1.0,1.0,1.0,1.0,1.0,1.0
226.75,4.0,14.203000666165492,13.445982326829323,12.764355503082161,13.93610201362214,16.201404246938065,15.909834974988893,15.208866243287602,14.86317736480554,14.748705343805879,14.202146897461995,1.0,1.0,1.0,1.0,1.0,1.0,1.0,1.0,1.0,1.0
227.0,1.0,0.0,0.0,0.0,0.0,0.0,0.0,0.0,0.0,0.0,0.0,0.0,0.0,0.0,0.0,0.0,0.0,0.0,0.0,0.0,0.0
227.25,2.0,0.0,0.0,0.0,0.0,0.0,0.0,0.0,0.0,0.0,0.0,0.0,0.0,0.0,0.0,0.0,0.0,0.0,0.0,0.0,0.0
227.5,3.0,11.803129237656282,13.101465125687202,12.165897282328753,11.9067914575962,12.923169815457054,14.068546333823347,14.809756875009498,13.898071159869136,14.203387854148431,13.61299247095223,1.0,1.0,1.0,1.0,1.0,1.0,1.0,1.0,1.0,1.0
227.75,4.0,0.0,0.0,0.0,0.0,0.0,0.0,0.0,0.0,0.0,0.0,0.0,0.0,0.0,0.0,0.0,0.0,0.0,0.0,0.0,0.0
228.0,1.0,15.598521024751701,14.531780950144476,13.373180413396504,14.141380183518846,14.615268153480612,14.898826903747812,14.166528066292006,14.384240470102748,14.997413598795275,15.83960777904741,1.0,1.0,1.0,1.0,1.0,1.0,1.0,1.0,1.0,1.0
228.25,2.0,11.745601986210835,11.654558502819807,11.996666839471342,11.979018524618013,12.161008740616152,11.235498957623097,12.091135255415955,10.478554136674969,10.600868207233104,10.91176204616696,1.0,1.0,1.0,1.0,1.0,1.0,1.0,1.0,1.0,1.0
228.5,3.0,0.0,0.0,0.0,0.0,0.0,0.0,0.0,0.0,0.0,0.0,0.0,0.0,0.0,0.0,0.0,0.0,0.0,0.0,0.0,0.0
228.75,4.0,14.11442994550823,15.06729093306312,14.989419706111082,13.796561707678295,15.105840407394355,14.74616891373792,13.667543579815765,14.230180264908926,15.64038942072888,16.89441868682679,1.0,1.0,1.0,1.0,1.0,1.0,1.0,1.0,1.0,1.0
229.0,1.0,14.30298707929446,13.045213730233232,13.818287816548192,14.710623871296994,14.36525434942041,13.865561538334019,14.533016714823551,14.86875481301052,15.677052294041767,16.40368570385958,1.0,1.0,1.0,1.0,1.0,1.0,1.0,1.0,1.0,1.0
229.25,2.0,0.0,0.0,0.0,0.0,0.0,0.0,0.0,0.0,0.0,0.0,0.0,0.0,0.0,0.0,0.0,0.0,0.0,0.0,0.0,0.0
229.5,3.0,12.656011710883703,13.24710178122254,12.00609937264933,12.568757057819901,13.225554675434504,13.387751089925542,13.844286741789306,13.858851740701931,13.857475328894425,14.486540234569855,1.0,1.0,1.0,1.0,1.0,1.0,1.0,1.0,1.0,1.0
229.75,4.0,14.723221391840012,16.334732007436756,15.442565649891092,15.256124744600694,14.902877441738422,15.546916229111616,15.514210390609277,15.247309905217936,16.388532720437382,16.50367261311153,1.0,1.0,1.0,1.0,1.0,1.0,1.0,1.0,1.0,1.0
230.0,1.0,0.0,0.0,0.0,0.0,0.0,0.0,0.0,0.0,0.0,0.0,0.0,0.0,0.0,0.0,0.0,0.0,0.0,0.0,0.0,0.0
230.25,2.0,10.119566178248894,10.608855524630451,11.66886837707748,12.586501353765874,11.436730705208378,11.33473667343842,12.331232700160928,11.554631911499905,11.018817812132625,12.349323479172929,1.0,1.0,1.0,1.0,1.0,1.0,1.0,1.0,1.0,1.0
230.5,3.0,0.0,0.0,0.0,0.0,0.0,0.0,0.0,0.0,0.0,0.0,0.0,0.0,0.0,0.0,0.0,0.0,0.0,0.0,0.0,0.0
230.75,4.0,0.0,0.0,0.0,0.0,0.0,0.0,0.0,0.0,0.0,0.0,0.0,0.0,0.0,0.0,0.0,0.0,0.0,0.0,0.0,0.0
231.0,1.0,13.477575705656864,13.186479634298436,15.7727430335926,15.147865682706584,15.282344144333521,15.91253781972998,16.47301786882291,17.64696373866528,17.943212872910546,18.734145627646214,1.0,1.0,1.0,1.0,1.0,1.0,1.0,1.0,1.0,1.0
231.25,2.0,10.998844584639548,11.824541016313251,12.06118917484758,12.757863494540153,13.54867651177367,12.971215779337857,14.063395808621886,13.187933280088526,12.8380117398714,12.719009894477905,1.0,1.0,1.0,1.0,1.0,1.0,1.0,1.0,1.0,1.0
231.5,3.0,13.241841629154438,13.121072870360786,13.011966186962137,12.444035683954317,13.74461546112185,14.531559849800882,15.374955603217694,14.715640941476366,14.106965677246228,14.556940559469824,1.0,1.0,1.0,1.0,1.0,1.0,1.0,1.0,1.0,1.0
231.75,4.0,15.590083929175611,16.050741944480723,16.277337990935333,14.64562435742203,14.996031527245005,15.900973915829724,16.243609995617962,16.446713323262273,17.617348347783974,17.847393398751418,1.0,1.0,1.0,1.0,1.0,1.0,1.0,1.0,1.0,1.0
232.0,1.0,14.19646437182675,14.412413539313825,15.444087089765645,16.021124827525703,17.12842503854003,17.412879602781803,17.831820799439285,18.957866897846205,18.50578965695478,18.84759702719285,1.0,1.0,1.0,1.0,1.0,1.0,1.0,1.0,1.0,1.0
232.25,2.0,0.0,0.0,0.0,0.0,0.0,0.0,0.0,0.0,0.0,0.0,0.0,0.0,0.0,0.0,0.0,0.0,0.0,0.0,0.0,0.0
232.5,3.0,13.528185845620095,14.217630271105683,13.953789887350085,14.025094314049374,15.182102935547931,14.825341361953052,15.709340191692982,15.472977495051904,15.254612385792838,15.292802790485633,1.0,1.0,1.0,1.0,1.0,1.0,1.0,1.0,1.0,1.0
232.75,4.0,17.573554269547685,16.21675462781561,14.641111490350406,13.791935553221407,15.294404139629261,17.025275779324392,17.410941301728993,17.68549426050579,19.120733232747334,17.32215728474071,1.0,1.0,1.0,1.0,1.0,1.0,1.0,1.0,1.0,1.0
233.0,1.0,14.17129989239232,15.401860200809374,17.271004256042836,17.457702748488053,16.99867401816391,16.395005819040033,16.1589166054995,16.427059945081467,17.03559138268631,17.40027566693715,1.0,1.0,1.0,1.0,1.0,1.0,1.0,1.0,1.0,1.0
233.25,2.0,11.139743600629162,12.911197511264547,12.91629074389146,12.93022054308967,13.343510270122135,14.099933547955422,14.468016376157133,13.771451958149612,12.762666748149439,12.667457598623335,1.0,1.0,1.0,1.0,1.0,1.0,1.0,1.0,1.0,1.0
233.5,3.0,0.0,0.0,0.0,0.0,0.0,0.0,0.0,0.0,0.0,0.0,0.0,0.0,0.0,0.0,0.0,0.0,0.0,0.0,0.0,0.0
233.75,4.0,16.331940008549417,14.675712252994876,13.521629437377053,14.51155324144388,17.03859508787714,18.350248191296025,18.363206703539454,18.077100012932906,18.446618898176975,17.273056549113303,1.0,1.0,1.0,1.0,1.0,1.0,1.0,1.0,1.0,1.0
234.0,1.0,14.701588581349219,15.567588086299152,17.100316977201437,16.94429633831319,16.830617938959232,15.746282229234438,15.495958655147689,15.647080403951064,16.3113718977114,17.03502387049669,1.0,1.0,1.0,1.0,1.0,1.0,1.0,1.0,1.0,1.0
234.25,2.0,0.0,0.0,0.0,0.0,0.0,0.0,0.0,0.0,0.0,0.0,0.0,0.0,0.0,0.0,0.0,0.0,0.0,0.0,0.0,0.0
234.5,3.0,14.898759412271438,14.193421460200893,13.742624309261213,13.25355093136845,14.725389481495558,15.165872990735608,15.27724785914413,16.11717786233268,15.172230807204336,14.230054812602248,1.0,1.0,1.0,1.0,1.0,1.0,1.0,1.0,1.0,1.0
234.75,4.0,14.755956484823791,12.999658975322976,14.16115829269631,16.432641496745738,18.63430234549426,18.713663930253734,18.443354284335296,17.29812948602734,17.82270763691789,17.26939136725206,1.0,1.0,1.0,1.0,1.0,1.0,1.0,1.0,1.0,1.0
235.0,1.0,0.0,0.0,0.0,0.0,0.0,0.0,0.0,0.0,0.0,0.0,0.0,0.0,0.0,0.0,0.0,0.0,0.0,0.0,0.0,0.0
235.25,2.0,0.0,0.0,0.0,0.0,0.0,0.0,0.0,0.0,0.0,0.0,0.0,0.0,0.0,0.0,0.0,0.0,0.0,0.0,0.0,0.0
235.5,3.0,15.669093866199622,14.932940243074503,13.5130982602538,13.278593777661234,14.197137258553274,13.860358551997287,13.943670469854041,14.858372381739377,14.05611791697762,13.706773135729353,1.0,1.0,1.0,1.0,1.0,1.0,1.0,1.0,1.0,1.0
235.75,4.0,0.0,0.0,0.0,0.0,0.0,0.0,0.0,0.0,0.0,0.0,0.0,0.0,0.0,0.0,0.0,0.0,0.0,0.0,0.0,0.0
236.0,1.0,14.535718436841524,16.95703554910818,16.81954674241875,14.240273459710526,14.130479680424967,14.547018516888905,15.139290857444987,16.41843250824014,17.17737312933096,18.443770390012684,1.0,1.0,1.0,1.0,1.0,1.0,1.0,1.0,1.0,1.0
236.25,2.0,13.441667333203672,14.017980197913246,13.628820380516098,12.676483091444357,10.29159607710162,9.927854948167461,9.443699747206592,10.75441626952193,11.210791815998814,11.729121387906627,1.0,1.0,1.0,1.0,1.0,1.0,1.0,1.0,1.0,1.0
236.5,3.0,0.0,0.0,0.0,0.0,0.0,0.0,0.0,0.0,0.0,0.0,0.0,0.0,0.0,0.0,0.0,0.0,0.0,0.0,0.0,0.0
236.75,4.0,14.25611270462862,13.48352669854638,17.176725544675723,17.992142527269774,17.11587634656883,18.211348907236065,17.238367432593233,16.623921644615137,17.887297017774273,17.174024900092874,1.0,1.0,1.0,1.0,1.0,1.0,1.0,1.0,1.0,1.0
237.0,1.0,15.557860295533663,16.927878181111776,15.927119408176306,14.855972942325574,15.209842408080874,15.336092224414516,16.81549919168457,17.371508194022457,19.547488059514688,20.146318039968175,1.0,1.0,1.0,1.0,1.0,1.0,1.0,1.0,1.0,1.0
237.25,2.0,0.0,0.0,0.0,0.0,0.0,0.0,0.0,0.0,0.0,0.0,0.0,0.0,0.0,0.0,0.0,0.0,0.0,0.0,0.0,0.0
237.5,3.0,15.086881427589265,12.739261049556822,12.37712916701811,11.985998812112074,12.88677742366007,12.832293185866229,13.53206630665411,14.20499729519069,13.593603417409797,13.234661027178207,1.0,1.0,1.0,1.0,1.0,1.0,1.0,1.0,1.0,1.0
237.75,4.0,15.373094879750601,15.021776193015551,17.630566229634432,17.32172256706492,15.879847704590464,17.539836349788896,16.77369934882938,17.005145861175663,17.31287222925475,17.052758711969705,1.0,1.0,1.0,1.0,1.0,1.0,1.0,1.0,1.0,1.0
238.0,1.0,0.0,0.0,0.0,0.0,0.0,0.0,0.0,0.0,0.0,0.0,0.0,0.0,0.0,0.0,0.0,0.0,0.0,0.0,0.0,0.0
238.25,2.0,14.029858144617368,14.77039102658476,13.47093767931708,11.325957760628004,9.567598407418805,11.41495768473574,12.039410369883257,12.90147220026412,12.051949929628565,11.437223920013391,1.0,1.0,1.0,1.0,1.0,1.0,1.0,1.0,1.0,1.0
238.5,3.0,0.0,0.0,0.0,0.0,0.0,0.0,0.0,0.0,0.0,0.0,0.0,0.0,0.0,0.0,0.0,0.0,0.0,0.0,0.0,0.0
238.75,4.0,0.0,0.0,0.0,0.0,0.0,0.0,0.0,0.0,0.0,0.0,0.0,0.0,0.0,0.0,0.0,0.0,0.0,0.0,0.0,0.0
239.0,1.0,16.489648848781304,17.388427495888653,16.91818417510446,15.877225781688072,17.061246509411912,17.627720241148346,18.419182122196666,18.350276061336857,18.87547418310637,19.86020783590151,1.0,1.0,1.0,1.0,1.0,1.0,1.0,1.0,1.0,1.0
239.25,2.0,14.442651972782924,15.890987789404628,13.58289717862502,13.103956364610275,12.569430237199573,13.09872093091522,12.518335084934035,11.380775925094484,10.36296173362294,9.554926452846564,1.0,1.0,1.0,1.0,1.0,1.0,1.0,1.0,1.0,1.0
239.5,3.0,13.070754214516878,12.033615304448686,13.198696854026178,13.610738200126736,13.42278889861892,13.3517897314759,12.533549977436875,13.322601364358873,13.009879666166709,13.64823628318948,1.0,1.0,1.0,1.0,1.0,1.0,1.0,1.0,1.0,1.0
239.75,4.0,15.562020522243492,15.901300067336239,17.317979539057582,17.22679645931652,16.252740809042514,16.72047673964009,16.448757545671924,16.43988613046542,16.337133097226772,16.94267328001707,1.0,1.0,1.0,1.0,1.0,1.0,1.0,1.0,1.0,1.0
240.0,1.0,16.977212583489127,17.42368063486723,17.224148271545808,16.769123777776176,17.68518127766674,18.319080061498326,17.93470105261747,18.97406995588851,19.79479096690191,20.387175223940606,1.0,1.0,1.0,1.0,1.0,1.0,1.0,1.0,1.0,1.0
240.25,2.0,0.0,0.0,0.0,0.0,0.0,0.0,0.0,0.0,0.0,0.0,0.0,0.0,0.0,0.0,0.0,0.0,0.0,0.0,0.0,0.0
240.5,3.0,12.66026367936091,13.194908964907366,13.832486073338613,14.014916685955843,13.765371283841898,14.406746675983518,14.042095426039113,14.297860515373564,13.894548524979118,14.313624413308087,1.0,1.0,1.0,1.0,1.0,1.0,1.0,1.0,1.0,1.0
240.75,4.0,15.694982410705055,16.683282548762136,16.888879183844768,15.43048071663853,15.338362259412733,15.797222512299983,15.72408851725809,15.529860765265243,16.139810072684345,16.779545537269847,1.0,1.0,1.0,1.0,1.0,1.0,1.0,1.0,1.0,1.0
241.0,1.0,16.995194621665274,16.825727740948828,17.501565362891036,17.783514826048098,19.459689184677714,19.776228585183414,19.229038199011825,20.384141153049796,21.192634002848486,20.428106743833176,1.0,1.0,1.0,1.0,1.0,1.0,1.0,1.0,1.0,1.0
241.25,2.0,15.223329890345111,15.701322980599214,15.111478083464322,16.050290753386875,13.824582779300561,13.144585730089721,12.898449101582493,12.230185459285721,11.558189000106855,11.47101227790279,1.0,1.0,1.0,1.0,1.0,1.0,1.0,1.0,1.0,1.0
241.5,3.0,0.0,0.0,0.0,0.0,0.0,0.0,0.0,0.0,0.0,0.0,0.0,0.0,0.0,0.0,0.0,0.0,0.0,0.0,0.0,0.0
241.75,4.0,14.814078226384778,15.236389554558885,14.948969955811602,14.83751903033527,15.714478197350324,16.527659848402532,17.097261729536747,17.040882752231845,17.14945342263998,16.935284003851855,1.0,1.0,1.0,1.0,1.0,1.0,1.0,1.0,1.0,1.0
242.0,1.0,16.403387617528157,16.7804855122027,17.14233830743894,19.084346299146496,21.214715412415465,21.10051225657338,20.269426990346794,19.769784803170168,19.396104285999044,18.083443895768607,1.0,1.0,1.0,1.0,1.0,1.0,1.0,1.0,1.0,1.0
242.25,2.0,0.0,0.0,0.0,0.0,0.0,0.0,0.0,0.0,0.0,0.0,0.0,0.0,0.0,0.0,0.0,0.0,0.0,0.0,0.0,0.0
242.5,3.0,15.018437993940635,14.815806516300679,13.685570330840152,13.627210848030005,14.037862782819964,13.896644849053121,14.197483839835222,14.119231452997198,13.578077328557042,12.866813012172063,1.0,1.0,1.0,1.0,1.0,1.0,1.0,1.0,1.0,1.0
242.75,4.0,13.55493382779252,14.643435508460248,14.917683963420457,14.712275993840912,16.664456042925465,17.34222550916934,17.818083632226596,16.826741261928788,16.127899799589734,15.747378793336015,1.0,1.0,1.0,1.0,1.0,1.0,1.0,1.0,1.0,1.0
243.0,1.0,0.0,0.0,0.0,0.0,0.0,0.0,0.0,0.0,0.0,0.0,0.0,0.0,0.0,0.0,0.0,0.0,0.0,0.0,0.0,0.0
243.25,2.0,16.839482526633823,17.02651570670852,16.242185654290374,16.63999088017813,14.570304890139026,14.239915185235938,13.875624543970876,13.8855030206458,13.522144413702138,13.534088384943267,1.0,1.0,1.0,1.0,1.0,1.0,1.0,1.0,1.0,1.0
243.5,3.0,14.092673029992854,13.557630814682383,13.403224855592358,13.267775832404773,13.749239114330257,14.018909574950483,13.271096080382693,13.376470148088165,12.562550547568875,11.591682693545748,1.0,1.0,1.0,1.0,1.0,1.0,1.0,1.0,1.0,1.0
243.75,4.0,0.0,0.0,0.0,0.0,0.0,0.0,0.0,0.0,0.0,0.0,0.0,0.0,0.0,0.0,0.0,0.0,0.0,0.0,0.0,0.0
244.0,1.0,16.365358846831107,16.608119106661498,18.94863789062299,19.879630813142825,19.74932343883661,18.194015444702334,18.018775393611353,18.487017358981497,17.576130680149436,17.301682295070012,1.0,1.0,1.0,1.0,1.0,1.0,1.0,1.0,1.0,1.0
244.25,2.0,16.57916929802534,16.28999913951955,16.65572508300242,16.09144284073303,15.005411092053661,14.979085739111422,14.011755163956751,14.126753367015214,14.188404346737613,14.180396153402535,1.0,1.0,1.0,1.0,1.0,1.0,1.0,1.0,1.0,1.0
244.5,3.0,0.0,0.0,0.0,0.0,0.0,0.0,0.0,0.0,0.0,0.0,0.0,0.0,0.0,0.0,0.0,0.0,0.0,0.0,0.0,0.0
244.75,4.0,13.816643357038345,14.278866482415733,13.880910045767427,15.884932940839354,16.652807453851548,16.993077361467204,18.087770358111722,17.555319528180434,17.43081124697338,17.422209882750852,1.0,1.0,1.0,1.0,1.0,1.0,1.0,1.0,1.0,1.0
245.0,1.0,16.968347381137978,16.853876172429196,19.50955832002013,19.3220110009011,18.74996130732321,18.227690801901286,17.875492893904614,17.57141902616964,17.13792478956114,17.471833024810646,1.0,1.0,1.0,1.0,1.0,1.0,1.0,1.0,1.0,1.0
245.25,2.0,0.0,0.0,0.0,0.0,0.0,0.0,0.0,0.0,0.0,0.0,0.0,0.0,0.0,0.0,0.0,0.0,0.0,0.0,0.0,0.0
245.5,3.0,12.405242647793871,12.701926404146208,12.379180987765997,13.219949185779482,13.083583908663849,12.77711061008834,12.567599094138908,11.924164414489622,10.82597627919243,11.1054686822225,1.0,1.0,1.0,1.0,1.0,1.0,1.0,1.0,1.0,1.0
245.75,4.0,13.586178291145163,12.561599130013658,13.474620029389813,15.080348238583978,16.11379743836128,16.53549042793446,17.719143036143695,17.70010141596919,17.51376597717894,17.67190734069638,1.0,1.0,1.0,1.0,1.0,1.0,1.0,1.0,1.0,1.0
246.0,1.0,17.672183321074925,18.402067545996594,19.85521762594746,18.69591646908842,19.340917569303052,18.684544873336307,17.813578668530983,17.696390192245488,17.414932177736567,17.57142950211249,1.0,1.0,1.0,1.0,1.0,1.0,1.0,1.0,1.0,1.0
246.25,2.0,16.373905053899716,16.618023143093183,16.540948388153474,16.447656927826895,12.957434021599287,14.245893191356304,14.916866384558505,16.118369491882476,16.359668882327327,16.12841122709886,1.0,1.0,1.0,1.0,1.0,1.0,1.0,1.0,1.0,1.0
246.5,3.0,0.0,0.0,0.0,0.0,0.0,0.0,0.0,0.0,0.0,0.0,0.0,0.0,0.0,0.0,0.0,0.0,0.0,0.0,0.0,0.0
246.75,4.0,12.887690596506955,12.005389436022602,13.565923386792303,14.360557573157683,15.52140910737481,16.290258287691948,17.163118690358445,17.097713426150403,17.078088922299784,17.810117630627623,1.0,1.0,1.0,1.0,1.0,1.0,1.0,1.0,1.0,1.0
247.0,1.0,18.04536090274511,18.861712531021798,19.372385386654322,19.166155017591507,19.29811858290882,18.012087519390832,17.392772520545094,17.29359698022232,17.39223180737333,17.00046755224059,1.0,1.0,1.0,1.0,1.0,1.0,1.0,1.0,1.0,1.0
247.25,2.0,15.911725826370873,16.21936732088373,17.19885104528431,15.7663680701323,13.938925124515253,15.968190810801271,15.600182237366914,16.481977881702015,15.926934061435691,15.508861196992038,1.0,1.0,1.0,1.0,1.0,1.0,1.0,1.0,1.0,1.0
247.5,3.0,12.435810060012049,10.876524294505327,11.740248344615553,10.864793026071712,12.54289554205153,12.480511976220289,12.221428718923967,11.773223324088626,11.731057890518409,11.506777731347123,1.0,1.0,1.0,1.0,1.0,1.0,1.0,1.0,1.0,1.0
247.75,4.0,12.75571684524918,12.72459646840864,13.526499530840843,15.06309715369717,16.744415373812288,16.918718130559874,16.99341148568808,17.286702955712222,17.900457441702518,18.65168428346334,1.0,1.0,1.0,1.0,1.0,1.0,1.0,1.0,1.0,1.0
248.0,1.0,0.0,0.0,0.0,0.0,0.0,0.0,0.0,0.0,0.0,0.0,0.0,0.0,0.0,0.0,0.0,0.0,0.0,0.0,0.0,0.0
248.25,2.0,0.0,0.0,0.0,0.0,0.0,0.0,0.0,0.0,0.0,0.0,0.0,0.0,0.0,0.0,0.0,0.0,0.0,0.0,0.0,0.0
248.5,3.0,12.050354203627675,10.565352938964041,12.049890638574583,12.859144679724016,13.772999147298224,13.40442175685582,12.939277370407185,11.873980474677776,13.214666983717441,13.300619791068142,1.0,1.0,1.0,1.0,1.0,1.0,1.0,1.0,1.0,1.0
248.75,4.0,12.209256201610266,11.793367265161661,12.92799523125523,14.619673400016556,17.569500012157437,17.460108127568546,17.774665006760863,18.73802536600366,19.144873822544092,19.548641288105255,1.0,1.0,1.0,1.0,1.0,1.0,1.0,1.0,1.0,1.0
249.0,1.0,16.614637934531668,18.284128601707362,18.457472430795065,16.280333770999714,17.99056938966635,17.1378714089355,17.343378771551446,17.808964844168294,18.7072782545019,18.646087897061072,1.0,1.0,1.0,1.0,1.0,1.0,1.0,1.0,1.0,1.0
249.25,2.0,15.326710294444906,15.286125657617193,15.03495648196033,14.656429416118055,14.590543325304854,16.053433961618765,15.303769394057005,14.580867234742714,14.145311627742508,14.922823103887161,1.0,1.0,1.0,1.0,1.0,1.0,1.0,1.0,1.0,1.0
249.5,3.0,0.0,0.0,0.0,0.0,0.0,0.0,0.0,0.0,0.0,0.0,0.0,0.0,0.0,0.0,0.0,0.0,0.0,0.0,0.0,0.0
249.75,4.0,12.165262412545342,11.897504885670172,13.0849483057487,16.1722018564482,17.134752147795997,16.982054412493905,17.481630587229645,18.82197210376166,18.556083872771424,18.6952552321794,1.0,1.0,1.0,1.0,1.0,1.0,1.0,1.0,1.0,1.0
250.0,1.0,17.604274931299294,18.2706040037454,17.54951884571738,15.587294969959759,16.551691566100782,17.02423066603084,17.955993052348145,18.61178842262487,19.47427978674247,18.79079448659043,1.0,1.0,1.0,1.0,1.0,1.0,1.0,1.0,1.0,1.0
250.25,2.0,0.0,0.0,0.0,0.0,0.0,0.0,0.0,0.0,0.0,0.0,0.0,0.0,0.0,0.0,0.0,0.0,0.0,0.0,0.0,0.0
250.5,3.0,9.692330194672392,12.074135141619315,13.854196211718866,13.235274359659842,13.852026021399139,14.16460860325668,14.897125559003955,14.352126803317507,14.316895291801234,13.941020981578221,1.0,1.0,1.0,1.0,1.0,1.0,1.0,1.0,1.0,1.0
250.75,4.0,12.50436024816513,12.185068786078956,14.662258955281153,14.986290183390745,15.998261287749502,16.63222056937428,17.125976996690763,18.604750289565946,17.434014624500612,17.691913311183633,1.0,1.0,1.0,1.0,1.0,1.0,1.0,1.0,1.0,1.0
251.0,1.0,0.0,0.0,0.0,0.0,0.0,0.0,0.0,0.0,0.0,0.0,0.0,0.0,0.0,0.0,0.0,0.0,0.0,0.0,0.0,0.0
251.25,2.0,14.77148447641573,15.158150647199587,15.555833126422229,15.397821728564844,14.953097170142081,15.493723370918355,15.172411152990751,15.32313589511674,14.780590223042548,13.999546567175804,1.0,1.0,1.0,1.0,1.0,1.0,1.0,1.0,1.0,1.0
251.5,3.0,11.344235213645385,13.485578818499157,15.095774367596416,14.189296311006265,14.208431912488981,13.812666338344895,13.33513525572023,12.773096465090154,13.36844539925455,13.36896777879331,1.0,1.0,1.0,1.0,1.0,1.0,1.0,1.0,1.0,1.0
251.75,4.0,0.0,0.0,0.0,0.0,0.0,0.0,0.0,0.0,0.0,0.0,0.0,0.0,0.0,0.0,0.0,0.0,0.0,0.0,0.0,0.0
252.0,1.0,16.668281537304296,17.209151772134852,16.743907812094108,16.000721127210838,16.69766003969166,16.626160607247584,17.116092991269948,17.00479821517246,18.069632414176652,17.236609515884144,1.0,1.0,1.0,1.0,1.0,1.0,1.0,1.0,1.0,1.0
252.25,2.0,15.671366550251811,15.67410899389048,16.458405089672592,14.921003044107428,14.882705059740378,15.16003702502992,15.397435875579701,15.65871588688006,15.537454619440915,16.091589580662188,1.0,1.0,1.0,1.0,1.0,1.0,1.0,1.0,1.0,1.0
252.5,3.0,0.0,0.0,0.0,0.0,0.0,0.0,0.0,0.0,0.0,0.0,0.0,0.0,0.0,0.0,0.0,0.0,0.0,0.0,0.0,0.0
252.75,4.0,14.244657058979438,14.028422311937826,13.221535120515295,14.028515635664682,15.940310328750646,17.966647749340257,17.47356326212127,17.932079970753605,16.881792252910195,15.66906707162115,1.0,1.0,1.0,1.0,1.0,1.0,1.0,1.0,1.0,1.0
253.0,1.0,16.878546751231347,15.8068448563084,15.147169152483421,15.672021017428886,16.23707648394228,16.230521783709303,15.894791574020687,16.55470504116067,17.212293385905163,16.943517698716285,1.0,1.0,1.0,1.0,1.0,1.0,1.0,1.0,1.0,1.0
253.25,2.0,0.0,0.0,0.0,0.0,0.0,0.0,0.0,0.0,0.0,0.0,0.0,0.0,0.0,0.0,0.0,0.0,0.0,0.0,0.0,0.0
253.5,3.0,13.916868590129821,15.813069677314955,16.328788688248814,14.728748116732891,13.388450567183572,12.67626792546226,12.833776220712942,13.12018863395666,14.120485885457828,14.372836006969575,1.0,1.0,1.0,1.0,1.0,1.0,1.0,1.0,1.0,1.0
253.75,4.0,12.85515431433353,13.397007553385844,13.889768306956283,14.738347809399539,16.886017232572456,18.49223503942527,17.188959803052807,16.89409268557219,15.161387527201722,13.854128295536167,1.0,1.0,1.0,1.0,1.0,1.0,1.0,1.0,1.0,1.0
254.0,1.0,15.95106923916045,14.448627969105168,15.384192178435365,15.652303581245913,14.606447049044544,14.961867565603265,14.967292083269301,15.798906134673501,16.745390650597905,16.665129384234074,1.0,1.0,1.0,1.0,1.0,1.0,1.0,1.0,1.0,1.0
254.25,2.0,15.29463205065513,15.495003259415578,15.999810002679597,15.376763447535188,15.598908940616907,17.670531493819546,17.629796713599383,18.304279028008366,16.84427960311996,16.428341833051185,1.0,1.0,1.0,1.0,1.0,1.0,1.0,1.0,1.0,1.0
254.5,3.0,0.0,0.0,0.0,0.0,0.0,0.0,0.0,0.0,0.0,0.0,0.0,0.0,0.0,0.0,0.0,0.0,0.0,0.0,0.0,0.0
254.75,4.0,13.295526393817841,12.682833752644365,12.658431948832739,14.880219619180043,17.525497430126574,17.67743092939859,16.880608030590846,15.847148751546063,14.802137672847362,14.675797939151133,1.0,1.0,1.0,1.0,1.0,1.0,1.0,1.0,1.0,1.0
255.0,1.0,16.15659064125461,14.541832963794596,15.175218260692773,15.025983044435444,13.853392448109624,14.250590345037413,15.325781592109182,16.143372221217412,16.861967283850852,17.57994941232239,1.0,1.0,1.0,1.0,1.0,1.0,1.0,1.0,1.0,1.0
255.25,2.0,15.25173957272515,14.849219525996844,16.363570336645555,16.242944067877115,17.012395586717226,18.43868165618027,17.807189193815375,17.613354426894837,16.799210101345423,16.60132230802774,1.0,1.0,1.0,1.0,1.0,1.0,1.0,1.0,1.0,1.0
255.5,3.0,14.939790180586009,16.18028224590457,15.261703731710542,14.853304227812721,14.56099953148443,13.189180499512869,13.411849583873714,13.958618305360961,15.246677774525875,16.49437230735916,1.0,1.0,1.0,1.0,1.0,1.0,1.0,1.0,1.0,1.0
255.75,4.0,12.38798055791818,12.811010317796272,14.128564075775074,15.76117874642909,15.497339213686343,16.3032062216215,15.843171898497413,15.681978471517732,15.285996080069257,14.61640780149341,1.0,1.0,1.0,1.0,1.0,1.0,1.0,1.0,1.0,1.0
256.0,1.0,0.0,0.0,0.0,0.0,0.0,0.0,0.0,0.0,0.0,0.0,0.0,0.0,0.0,0.0,0.0,0.0,0.0,0.0,0.0,0.0
256.25,2.0,0.0,0.0,0.0,0.0,0.0,0.0,0.0,0.0,0.0,0.0,0.0,0.0,0.0,0.0,0.0,0.0,0.0,0.0,0.0,0.0
256.5,3.0,14.779559438403213,15.134045433712545,14.579535881439979,14.504922512013014,14.182195004767598,13.883111228883818,14.357576655253329,14.488619561364768,16.47379807013613,16.089192585601996,1.0,1.0,1.0,1.0,1.0,1.0,1.0,1.0,1.0,1.0
256.75,4.0,0.0,0.0,0.0,0.0,0.0,0.0,0.0,0.0,0.0,0.0,0.0,0.0,0.0,0.0,0.0,0.0,0.0,0.0,0.0,0.0
257.0,1.0,14.935524679877831,13.774736596723795,13.161386780422387,14.536855226891713,15.631794378442068,16.876836757427924,17.423544475182055,18.355272742118782,18.136592548026776,18.54143571217105,1.0,1.0,1.0,1.0,1.0,1.0,1.0,1.0,1.0,1.0
257.25,2.0,15.886009735388823,16.15154644661797,17.109319514826748,17.385300382905083,16.192448544947325,16.881470190019915,15.647456480336848,16.237032549240723,15.873668709881906,15.841096239646477,1.0,1.0,1.0,1.0,1.0,1.0,1.0,1.0,1.0,1.0
257.5,3.0,0.0,0.0,0.0,0.0,0.0,0.0,0.0,0.0,0.0,0.0,0.0,0.0,0.0,0.0,0.0,0.0,0.0,0.0,0.0,0.0
257.75,4.0,14.242541228700455,15.441402343878165,16.054947235512355,15.462981207340862,15.10532953624954,15.948721955383046,16.052977646820068,16.322596057009818,16.958457619453327,16.83714885503019,1.0,1.0,1.0,1.0,1.0,1.0,1.0,1.0,1.0,1.0
258.0,1.0,14.329791302538396,12.59997433561639,14.528346300367362,16.534992352522682,16.693956656719198,18.08363105681771,18.90742364214229,18.17699944072115,17.491838989959906,18.07865980028939,1.0,1.0,1.0,1.0,1.0,1.0,1.0,1.0,1.0,1.0
258.25,2.0,0.0,0.0,0.0,0.0,0.0,0.0,0.0,0.0,0.0,0.0,0.0,0.0,0.0,0.0,0.0,0.0,0.0,0.0,0.0,0.0
258.5,3.0,12.453439318851832,14.085075675373776,14.091853563334341,14.602994974245501,16.106217649913248,16.369751835329595,15.591322524722939,14.807092608080538,15.290235306519484,14.545547106190181,1.0,1.0,1.0,1.0,1.0,1.0,1.0,1.0,1.0,1.0
258.75,4.0,13.848836744136845,15.039206798544159,15.597783033031785,16.14234730857008,15.968719503124248,16.327197176089285,16.562409457670757,16.48808698261492,16.53891002254522,16.530415284138822,1.0,1.0,1.0,1.0,1.0,1.0,1.0,1.0,1.0,1.0
259.0,1.0,0.0,0.0,0.0,0.0,0.0,0.0,0.0,0.0,0.0,0.0,0.0,0.0,0.0,0.0,0.0,0.0,0.0,0.0,0.0,0.0
259.25,2.0,14.756766904380264,14.877476420438482,14.867035335568476,17.33873146317207,16.79500047521054,17.8254478200078,17.858499314960806,17.877471219045173,18.11498623207991,18.999491563987537,1.0,1.0,1.0,1.0,1.0,1.0,1.0,1.0,1.0,1.0
259.5,3.0,0.0,0.0,0.0,0.0,0.0,0.0,0.0,0.0,0.0,0.0,0.0,0.0,0.0,0.0,0.0,0.0,0.0,0.0,0.0,0.0
259.75,4.0,0.0,0.0,0.0,0.0,0.0,0.0,0.0,0.0,0.0,0.0,0.0,0.0,0.0,0.0,0.0,0.0,0.0,0.0,0.0,0.0
260.0,1.0,12.518987678562503,11.752031935318705,16.510640463004066,19.357343750383652,19.627626898208447,19.246085790420153,19.749287248878815,19.28282479626885,20.56112035992515,20.411904441159,1.0,1.0,1.0,1.0,1.0,1.0,1.0,1.0,1.0,1.0
260.25,2.0,13.910901117375984,14.127109742416707,14.068987752886628,17.514306424567774,17.43200801813049,18.03473083765465,18.31372439390904,18.563481353021647,19.562210483933644,20.706816280022217,1.0,1.0,1.0,1.0,1.0,1.0,1.0,1.0,1.0,1.0
260.5,3.0,0.0,0.0,0.0,0.0,0.0,0.0,0.0,0.0,0.0,0.0,0.0,0.0,0.0,0.0,0.0,0.0,0.0,0.0,0.0,0.0
260.75,4.0,14.305992096496462,15.201797094214037,14.928016126788455,14.86198429526078,16.796331371329398,17.118026704824896,16.6900444241138,16.940583094442434,17.037984072859878,16.453121302863217,1.0,1.0,1.0,1.0,1.0,1.0,1.0,1.0,1.0,1.0
261.0,1.0,14.838112445175865,14.45026875710247,18.14892709641057,19.67205312123917,19.297741847536457,19.148366669165334,18.530190526787155,18.85305628173623,19.431250192105512,19.14661560383724,1.0,1.0,1.0,1.0,1.0,1.0,1.0,1.0,1.0,1.0
261.25,2.0,0.0,0.0,0.0,0.0,0.0,0.0,0.0,0.0,0.0,0.0,0.0,0.0,0.0,0.0,0.0,0.0,0.0,0.0,0.0,0.0
261.5,3.0,13.69265423191675,14.275119735004377,15.658001684780057,16.100701970112542,16.841627847554072,17.102495503058446,16.795008275222287,16.23475562190249,16.40805214751358,15.74800155034263,1.0,1.0,1.0,1.0,1.0,1.0,1.0,1.0,1.0,1.0
261.75,4.0,14.55671653981047,16.52359397852006,15.464768425462353,15.748728112809069,17.47412016855789,17.94859517461615,18.041392271463888,16.822495634504225,16.212728154007884,16.080506234952093,1.0,1.0,1.0,1.0,1.0,1.0,1.0,1.0,1.0,1.0
262.0,1.0,15.052891082764459,15.616152326448516,18.082673405082723,19.317040517883164,19.08569926456733,18.97452420322663,18.28141971173936,18.23546833972851,18.442864208229146,18.066420861760303,1.0,1.0,1.0,1.0,1.0,1.0,1.0,1.0,1.0,1.0
262.25,2.0,12.848860729610331,14.250028241386554,15.728935526111487,18.1693046677091,19.228061301018755,18.683950006493824,18.789972942360073,18.44780626457716,19.25451741773431,19.655363809598065,1.0,1.0,1.0,1.0,1.0,1.0,1.0,1.0,1.0,1.0
262.5,3.0,0.0,0.0,0.0,0.0,0.0,0.0,0.0,0.0,0.0,0.0,0.0,0.0,0.0,0.0,0.0,0.0,0.0,0.0,0.0,0.0
262.75,4.0,15.30474185294317,17.461806604426233,16.071249547568097,16.452543423284144,18.48097659231843,17.753339967123786,16.934050469890924,16.295894538658775,15.101991582767871,15.206264055655467,1.0,1.0,1.0,1.0,1.0,1.0,1.0,1.0,1.0,1.0
263.0,1.0,16.2064830104703,16.499152807956833,18.060237902435787,18.281424913035423,18.911279504685876,18.457728985758287,18.21843574535794,18.83342454576583,19.763364990902623,19.228074573077507,1.0,1.0,1.0,1.0,1.0,1.0,1.0,1.0,1.0,1.0
263.25,2.0,0.0,0.0,0.0,0.0,0.0,0.0,0.0,0.0,0.0,0.0,0.0,0.0,0.0,0.0,0.0,0.0,0.0,0.0,0.0,0.0
263.5,3.0,16.029380147466902,16.08904130262777,17.637882792169513,18.224268069537953,17.893921161945965,17.035753961848375,15.915071038635674,15.050051537477263,15.204962418627744,15.465625371557953,1.0,1.0,1.0,1.0,1.0,1.0,1.0,1.0,1.0,1.0
263.75,4.0,16.021364071701203,16.60197407502022,15.975033270483369,18.297328675076287,17.764469678188146,16.929575579227095,16.527999933035705,16.21306594415646,15.685256919758201,16.0313107782154,1.0,1.0,1.0,1.0,1.0,1.0,1.0,1.0,1.0,1.0
264.0,1.0,0.0,0.0,0.0,0.0,0.0,0.0,0.0,0.0,0.0,0.0,0.0,0.0,0.0,0.0,0.0,0.0,0.0,0.0,0.0,0.0
264.25,2.0,0.0,0.0,0.0,0.0,0.0,0.0,0.0,0.0,0.0,0.0,0.0,0.0,0.0,0.0,0.0,0.0,0.0,0.0,0.0,0.0
264.5,3.0,16.774184674873894,17.28327329476719,18.46986446931908,18.09846433922219,15.963958394378649,14.855872462018572,14.523771583536414,14.537774525273141,14.241560688976332,15.51122907588754,1.0,1.0,1.0,1.0,1.0,1.0,1.0,1.0,1.0,1.0
264.75,4.0,0.0,0.0,0.0,0.0,0.0,0.0,0.0,0.0,0.0,0.0,0.0,0.0,0.0,0.0,0.0,0.0,0.0,0.0,0.0,0.0
265.0,1.0,16.104242002082874,17.29690970776228,17.613073416939685,18.208286439191244,19.230026203900714,19.161630880300553,18.623306489153826,19.837936012173234,20.027827365094126,19.57267809604006,1.0,1.0,1.0,1.0,1.0,1.0,1.0,1.0,1.0,1.0
265.25,2.0,14.465508015477532,15.83878356926434,16.97579796306305,17.562629757416442,17.23252069566466,18.29478556964295,18.834171939947712,18.88288850133939,18.610137923764754,18.496799938209175,1.0,1.0,1.0,1.0,1.0,1.0,1.0,1.0,1.0,1.0
265.5,3.0,0.0,0.0,0.0,0.0,0.0,0.0,0.0,0.0,0.0,0.0,0.0,0.0,0.0,0.0,0.0,0.0,0.0,0.0,0.0,0.0
265.75,4.0,17.970392822821253,16.918016295581815,17.35008871776676,17.161129031954527,16.814277972583863,15.227793443922966,13.800129134750327,13.774388210069532,13.801703083203055,15.181586678904786,1.0,1.0,1.0,1.0,1.0,1.0,1.0,1.0,1.0,1.0
266.0,1.0,17.11663284194906,17.32669397714521,18.05296841821331,19.018315499209596,19.955326103259647,18.95604301845874,18.87769908134823,19.217234052966994,19.314097700454926,19.339154870427826,1.0,1.0,1.0,1.0,1.0,1.0,1.0,1.0,1.0,1.0
266.25,2.0,0.0,0.0,0.0,0.0,0.0,0.0,0.0,0.0,0.0,0.0,0.0,0.0,0.0,0.0,0.0,0.0,0.0,0.0,0.0,0.0
266.5,3.0,18.962115493871863,18.63014032245747,18.655315356437033,16.8417054926194,15.188333598156216,14.964585585815794,14.36249836495618,14.262847861942808,15.33619411462943,15.017500178088113,1.0,1.0,1.0,1.0,1.0,1.0,1.0,1.0,1.0,1.0
266.75,4.0,17.293995230876785,18.174948609583232,18.01900606736987,17.29936464427853,15.39679326225608,14.532286615525022,13.867275427052231,14.627999619444948,15.254960796509671,15.591695607480851,1.0,1.0,1.0,1.0,1.0,1.0,1.0,1.0,1.0,1.0
267.0,1.0,0.0,0.0,0.0,0.0,0.0,0.0,0.0,0.0,0.0,0.0,0.0,0.0,0.0,0.0,0.0,0.0,0.0,0.0,0.0,0.0
267.25,2.0,17.38828324217472,18.18564331930187,17.466906924797936,18.420559217239035,18.568241423548553,18.422315887900208,17.777720554448166,17.68737617486346,17.166559171750503,16.608088927292663,1.0,1.0,1.0,1.0,1.0,1.0,1.0,1.0,1.0,1.0
267.5,3.0,0.0,0.0,0.0,0.0,0.0,0.0,0.0,0.0,0.0,0.0,0.0,0.0,0.0,0.0,0.0,0.0,0.0,0.0,0.0,0.0
267.75,4.0,0.0,0.0,0.0,0.0,0.0,0.0,0.0,0.0,0.0,0.0,0.0,0.0,0.0,0.0,0.0,0.0,0.0,0.0,0.0,0.0
268.0,1.0,16.278643704725315,16.838513672633756,17.957421074288202,19.134130916713072,18.913616235174633,19.02181686088786,18.34019126906925,20.353839247154028,21.590866596354374,21.394342135313405,1.0,1.0,1.0,1.0,1.0,1.0,1.0,1.0,1.0,1.0
268.25,2.0,17.49753453616762,17.401890406348272,17.139240563019094,17.397823420017723,18.08646428013572,17.88827553185093,17.379791527501485,16.122988260815,15.633512547750223,15.091461303835432,1.0,1.0,1.0,1.0,1.0,1.0,1.0,1.0,1.0,1.0
268.5,3.0,0.0,0.0,0.0,0.0,0.0,0.0,0.0,0.0,0.0,0.0,0.0,0.0,0.0,0.0,0.0,0.0,0.0,0.0,0.0,0.0
268.75,4.0,17.63892767410264,18.033741331930404,15.378563652181835,15.175203455084999,15.744651649152946,15.139335022452887,15.122633017339197,16.57566796420204,17.73275302626754,18.620306322985517,1.0,1.0,1.0,1.0,1.0,1.0,1.0,1.0,1.0,1.0
269.0,1.0,15.907337147627803,16.574657572362216,18.243031721797905,18.158528112602138,17.71400829039163,18.82373374395422,19.142425019995645,21.435764682412767,22.010241541048707,21.54531706144144,1.0,1.0,1.0,1.0,1.0,1.0,1.0,1.0,1.0,1.0
269.25,2.0,0.0,0.0,0.0,0.0,0.0,0.0,0.0,0.0,0.0,0.0,0.0,0.0,0.0,0.0,0.0,0.0,0.0,0.0,0.0,0.0
269.5,3.0,20.31701020210302,19.309583043161382,18.713840450754716,16.357633799616227,16.217263521247354,15.80784501980296,16.09599928223181,16.52364813483972,15.964918710155219,16.144714122879407,1.0,1.0,1.0,1.0,1.0,1.0,1.0,1.0,1.0,1.0
269.75,4.0,18.118038175648415,16.990916040522393,15.53627681008441,15.182367576575107,15.392923527643221,15.924177989611808,15.997683359827178,17.449454683610533,18.525518231963733,18.892129601248776,1.0,1.0,1.0,1.0,1.0,1.0,1.0,1.0,1.0,1.0
270.0,1.0,17.040832926484164,17.728281715429045,18.85304546709121,18.567211287434855,19.1663149317258,20.093778996327124,20.039563411037847,20.71131968921668,22.241067242451873,21.649801117338967,1.0,1.0,1.0,1.0,1.0,1.0,1.0,1.0,1.0,1.0
270.25,2.0,17.002465038414957,16.30007623381743,17.667288340416583,17.402329927574186,16.005508263987693,16.119982022100352,15.318204669917925,16.476652912784292,16.319044611246472,17.042961011422722,1.0,1.0,1.0,1.0,1.0,1.0,1.0,1.0,1.0,1.0
270.5,3.0,0.0,0.0,0.0,0.0,0.0,0.0,0.0,0.0,0.0,0.0,0.0,0.0,0.0,0.0,0.0,0.0,0.0,0.0,0.0,0.0
270.75,4.0,16.505418612326295,17.076288087718662,16.344933192191952,15.623984199533504,16.348840133472386,16.867288915238696,17.59318367279074,19.313260727053066,20.418329090154643,20.011308096640413,1.0,1.0,1.0,1.0,1.0,1.0,1.0,1.0,1.0,1.0
271.0,1.0,18.19583118774908,19.421239714017755,20.022360363151538,19.681108582529582,20.66611552791769,20.680788539836556,20.070785699536316,20.724558875208935,22.50590838906445,21.575229284757167,1.0,1.0,1.0,1.0,1.0,1.0,1.0,1.0,1.0,1.0
271.25,2.0,0.0,0.0,0.0,0.0,0.0,0.0,0.0,0.0,0.0,0.0,0.0,0.0,0.0,0.0,0.0,0.0,0.0,0.0,0.0,0.0
271.5,3.0,18.880077925701418,18.834929455663158,18.657884429371062,17.039807701996693,17.94014213913633,18.379566332322188,18.868313730561486,19.11207647652533,17.84494770302409,17.04250138565985,1.0,1.0,1.0,1.0,1.0,1.0,1.0,1.0,1.0,1.0
271.75,4.0,16.384524982880336,17.127531568769054,16.339340647562718,15.43325373051845,16.680561464807838,17.35378411199649,18.165777575167503,19.520206661169173,20.21011614895576,19.4166425435755,1.0,1.0,1.0,1.0,1.0,1.0,1.0,1.0,1.0,1.0
272.0,1.0,0.0,0.0,0.0,0.0,0.0,0.0,0.0,0.0,0.0,0.0,0.0,0.0,0.0,0.0,0.0,0.0,0.0,0.0,0.0,0.0
272.25,2.0,0.0,0.0,0.0,0.0,0.0,0.0,0.0,0.0,0.0,0.0,0.0,0.0,0.0,0.0,0.0,0.0,0.0,0.0,0.0,0.0
272.5,3.0,17.872571472880242,18.440036702298794,19.313747578462692,17.646943182186394,18.61789049528275,19.155015601957327,19.458018181303007,18.508384104923735,16.410837094467684,14.903473698726186,1.0,1.0,1.0,1.0,1.0,1.0,1.0,1.0,1.0,1.0
272.75,4.0,0.0,0.0,0.0,0.0,0.0,0.0,0.0,0.0,0.0,0.0,0.0,0.0,0.0,0.0,0.0,0.0,0.0,0.0,0.0,0.0
273.0,1.0,18.73403471994907,18.4032140797979,19.561640580543152,19.7041085954215,19.53785557923322,19.564365497552433,19.73823778926647,20.254800191759934,21.155056929219278,21.356853685771195,1.0,1.0,1.0,1.0,1.0,1.0,1.0,1.0,1.0,1.0
273.25,2.0,17.288058475594543,16.19546574839368,16.40681426446851,17.18056370866168,16.91313577590549,16.833620203654682,15.56142260657851,16.39554915313191,17.752889377052654,17.520096892599398,1.0,1.0,1.0,1.0,1.0,1.0,1.0,1.0,1.0,1.0
273.5,3.0,0.0,0.0,0.0,0.0,0.0,0.0,0.0,0.0,0.0,0.0,0.0,0.0,0.0,0.0,0.0,0.0,0.0,0.0,0.0,0.0
273.75,4.0,15.81438475095106,14.889751447144931,17.517411949993786,18.035202312536626,17.330177585639007,16.939903676427342,17.33252476542744,18.045573196069597,18.81891164732439,18.549039108377407,1.0,1.0,1.0,1.0,1.0,1.0,1.0,1.0,1.0,1.0
274.0,1.0,19.40254675944472,19.349302272348993,19.83312609434586,19.34057859194706,20.22870050545802,20.210646469721812,19.777709659153906,21.21862395039929,21.754888851136833,21.480235743302163,1.0,1.0,1.0,1.0,1.0,1.0,1.0,1.0,1.0,1.0
274.25,2.0,0.0,0.0,0.0,0.0,0.0,0.0,0.0,0.0,0.0,0.0,0.0,0.0,0.0,0.0,0.0,0.0,0.0,0.0,0.0,0.0
274.5,3.0,17.55950985733878,18.149874693470174,19.97375391998344,18.610749226907913,17.01949341995994,17.57225844662976,16.718696320545533,17.961277999064944,17.103188761710474,15.95591187997802,1.0,1.0,1.0,1.0,1.0,1.0,1.0,1.0,1.0,1.0
274.75,4.0,16.094467177437714,15.578437962163276,17.53334916482328,17.838455363035955,17.009206773463866,16.054348556824817,17.3539717111102,18.883372244013167,19.858504103592747,19.756022711338304,1.0,1.0,1.0,1.0,1.0,1.0,1.0,1.0,1.0,1.0
275.0,1.0,0.0,0.0,0.0,0.0,0.0,0.0,0.0,0.0,0.0,0.0,0.0,0.0,0.0,0.0,0.0,0.0,0.0,0.0,0.0,0.0
275.25,2.0,18.21678638427469,18.417776438356086,18.621528820322858,18.753850813336722,17.93023900588016,17.777901343371713,16.144990235601032,15.662617756357156,16.316589121339067,16.339492160023084,1.0,1.0,1.0,1.0,1.0,1.0,1.0,1.0,1.0,1.0
275.5,3.0,0.0,0.0,0.0,0.0,0.0,0.0,0.0,0.0,0.0,0.0,0.0,0.0,0.0,0.0,0.0,0.0,0.0,0.0,0.0,0.0
275.75,4.0,0.0,0.0,0.0,0.0,0.0,0.0,0.0,0.0,0.0,0.0,0.0,0.0,0.0,0.0,0.0,0.0,0.0,0.0,0.0,0.0
276.0,1.0,18.909946291772414,19.049099651057112,18.787018871550313,20.040268551120022,19.395979406666708,20.29488301388343,19.723677446888022,20.145503421950476,20.736649432694467,20.44836824315826,1.0,1.0,1.0,1.0,1.0,1.0,1.0,1.0,1.0,1.0
276.25,2.0,18.633774279278292,17.922690700190646,18.43397376602288,17.426028909184513,17.227984978773293,17.101053131354465,16.776884973400342,15.17978005061154,15.06493538571916,15.447438536282773,1.0,1.0,1.0,1.0,1.0,1.0,1.0,1.0,1.0,1.0
276.5,3.0,16.64825912877014,16.90799699748303,18.063110600265578,17.176568874375523,16.667651811491886,17.405793212700004,16.423745816869676,16.903319946056122,15.848913590587644,14.997081691106919,1.0,1.0,1.0,1.0,1.0,1.0,1.0,1.0,1.0,1.0
276.75,4.0,17.743195278716552,17.290313595413565,18.69865912787239,18.238388439621733,17.559945022084822,17.2965305656051,18.73404971538974,19.68327280415575,20.704218842705888,19.339475186876214,1.0,1.0,1.0,1.0,1.0,1.0,1.0,1.0,1.0,1.0
277.0,1.0,19.289485135989466,18.7624314524806,19.361820175222515,20.051092332256946,18.52094853976576,19.41563890056419,19.144270552694458,19.79925362375038,20.03832291365835,20.04894444696582,1.0,1.0,1.0,1.0,1.0,1.0,1.0,1.0,1.0,1.0
277.25,2.0,0.0,0.0,0.0,0.0,0.0,0.0,0.0,0.0,0.0,0.0,0.0,0.0,0.0,0.0,0.0,0.0,0.0,0.0,0.0,0.0
277.5,3.0,17.79317701800875,16.331391776861604,17.135130066823606,16.246726689627828,16.601684216834226,16.922958842055554,16.238147725974,16.22950124808008,15.397946361019757,14.068615450450668,1.0,1.0,1.0,1.0,1.0,1.0,1.0,1.0,1.0,1.0
277.75,4.0,18.614381489906123,16.966706199142536,17.8166333511575,17.514184064421745,18.228243569105782,18.853965258292607,18.750062553016207,19.840067269943187,20.21219951975495,19.18283532697708,1.0,1.0,1.0,1.0,1.0,1.0,1.0,1.0,1.0,1.0
278.0,1.0,20.47479255555975,18.584176276247838,19.222123949466255,20.314193977385123,17.94457612969249,18.92574635100226,18.690551216575923,19.959631116351996,21.005660556428456,21.009400190725323,1.0,1.0,1.0,1.0,1.0,1.0,1.0,1.0,1.0,1.0
278.25,2.0,19.159132200257957,18.733833724658552,19.040995324153016,17.85110468080297,17.02186668145531,16.59220364370276,17.015476564995886,15.471499444414691,14.785576051434642,14.783541043897781,1.0,1.0,1.0,1.0,1.0,1.0,1.0,1.0,1.0,1.0
278.5,3.0,0.0,0.0,0.0,0.0,0.0,0.0,0.0,0.0,0.0,0.0,0.0,0.0,0.0,0.0,0.0,0.0,0.0,0.0,0.0,0.0
278.75,4.0,17.79514911697685,16.427764643693862,17.372461683302777,16.94361802153373,18.704193355703136,18.09813564644852,18.345274399555535,19.12424483644948,20.140047435712617,19.372812988586556,1.0,1.0,1.0,1.0,1.0,1.0,1.0,1.0,1.0,1.0
279.0,1.0,19.269185722850192,18.835276811349104,19.39742838829026,19.735969189956155,17.983225208482988,18.83995535413195,19.0517228514412,20.217198834773473,21.492076449310275,21.49843162357681,1.0,1.0,1.0,1.0,1.0,1.0,1.0,1.0,1.0,1.0
279.25,2.0,0.0,0.0,0.0,0.0,0.0,0.0,0.0,0.0,0.0,0.0,0.0,0.0,0.0,0.0,0.0,0.0,0.0,0.0,0.0,0.0
279.5,3.0,17.502301604495845,16.183635140677385,16.937071865770378,14.959230470139431,16.026829427919193,15.889572631527042,16.03620456218874,15.390519559665199,15.298816617189594,15.54248501107933,1.0,1.0,1.0,1.0,1.0,1.0,1.0,1.0,1.0,1.0
279.75,4.0,18.028591364821192,17.83933258220596,18.358537662727603,18.41922640417679,17.358916059196957,17.579758767086762,18.97356157092072,19.578596420534247,20.504245861473724,20.101483915144794,1.0,1.0,1.0,1.0,1.0,1.0,1.0,1.0,1.0,1.0
280.0,1.0,0.0,0.0,0.0,0.0,0.0,0.0,0.0,0.0,0.0,0.0,0.0,0.0,0.0,0.0,0.0,0.0,0.0,0.0,0.0,0.0
280.25,2.0,20.895855975238636,21.471549681580512,18.442543160630823,16.398501983954876,15.579658876456708,15.723235110178244,16.910764382701103,15.687449312383293,15.629956564084283,16.085007328086725,1.0,1.0,1.0,1.0,1.0,1.0,1.0,1.0,1.0,1.0
280.5,3.0,17.26213296935703,17.16892918040169,16.603317405333843,14.000378315615295,15.580397293212366,15.993276656965667,16.847278180473566,16.68698530098086,16.801733846431546,16.228410354402378,1.0,1.0,1.0,1.0,1.0,1.0,1.0,1.0,1.0,1.0
280.75,4.0,0.0,0.0,0.0,0.0,0.0,0.0,0.0,0.0,0.0,0.0,0.0,0.0,0.0,0.0,0.0,0.0,0.0,0.0,0.0,0.0
281.0,1.0,20.1863169454224,21.06624319528936,20.091463368582662,19.21417369929789,18.255708537761464,19.368867784030297,19.52180226627435,20.06585945877206,21.52645144337257,21.703185501910724,1.0,1.0,1.0,1.0,1.0,1.0,1.0,1.0,1.0,1.0
281.25,2.0,20.094486073755235,19.70018355872443,16.964670878896296,15.78474126339349,15.891536747306908,15.917992842511278,17.005610800726554,15.253464155212537,15.38395856186976,15.6907664457837,1.0,1.0,1.0,1.0,1.0,1.0,1.0,1.0,1.0,1.0
281.5,3.0,0.0,0.0,0.0,0.0,0.0,0.0,0.0,0.0,0.0,0.0,0.0,0.0,0.0,0.0,0.0,0.0,0.0,0.0,0.0,0.0
281.75,4.0,18.294667797707177,17.073581590152813,17.115968104843628,17.148034213904108,17.222626676002367,18.361912705699133,18.797328014260792,19.381818695582847,20.53036115002078,20.602714766184402,1.0,1.0,1.0,1.0,1.0,1.0,1.0,1.0,1.0,1.0
282.0,1.0,20.716068020608766,20.67718184983509,18.78651129142081,19.233474211306802,18.555223264369992,18.837713888733926,20.376093390440374,21.18930552385075,22.23461304501127,22.00583510065001,1.0,1.0,1.0,1.0,1.0,1.0,1.0,1.0,1.0,1.0
282.25,2.0,0.0,0.0,0.0,0.0,0.0,0.0,0.0,0.0,0.0,0.0,0.0,0.0,0.0,0.0,0.0,0.0,0.0,0.0,0.0,0.0
282.5,3.0,16.68185652106048,17.402015108605536,17.348981220611197,15.579644156322496,18.11201967886503,18.128425726682273,17.481536973855285,17.940373222401252,15.533441124773688,14.791395262740467,1.0,1.0,1.0,1.0,1.0,1.0,1.0,1.0,1.0,1.0
282.75,4.0,18.653452953628488,15.943757438027431,16.403431720454567,18.924719986336736,18.582636819946543,20.0168048958466,20.496843650025763,20.491782443765025,21.212573378137428,20.51921331082685,1.0,1.0,1.0,1.0,1.0,1.0,1.0,1.0,1.0,1.0
283.0,1.0,19.20256931354709,19.27063049912795,18.24022859333714,20.149577894794152,19.854901539313953,20.663005639391592,21.70913595179938,21.50818357786306,22.913370829387006,22.677936888570184,1.0,1.0,1.0,1.0,1.0,1.0,1.0,1.0,1.0,1.0
283.25,2.0,17.301798550367653,19.027589341818402,17.889602000123915,15.889489319340033,15.196386521823744,14.36124361048149,14.756300801314557,15.19322175852758,16.00588756860523,17.23025020370946,1.0,1.0,1.0,1.0,1.0,1.0,1.0,1.0,1.0,1.0
283.5,3.0,0.0,0.0,0.0,0.0,0.0,0.0,0.0,0.0,0.0,0.0,0.0,0.0,0.0,0.0,0.0,0.0,0.0,0.0,0.0,0.0
283.75,4.0,0.0,0.0,0.0,0.0,0.0,0.0,0.0,0.0,0.0,0.0,0.0,0.0,0.0,0.0,0.0,0.0,0.0,0.0,0.0,0.0
284.0,1.0,18.36408318497949,19.594940631172225,19.672452077390115,20.236305773951578,20.534285559184156,21.673532874006007,22.292024087883096,22.036999996929076,22.681983881155542,22.246901279317186,1.0,1.0,1.0,1.0,1.0,1.0,1.0,1.0,1.0,1.0
284.25,2.0,18.661805807089266,20.196342309108662,18.09813058035478,15.850813801721914,14.736656012475157,14.60509768271183,15.244776435867768,16.019852381080963,16.329082301176154,17.48259215951865,1.0,1.0,1.0,1.0,1.0,1.0,1.0,1.0,1.0,1.0
284.5,3.0,16.852786089628587,16.07324632437608,16.280090622357434,15.905028774733362,18.42992262733663,17.677215359680417,16.496324269565388,16.434819675046857,15.73323352559586,16.261622400009326,1.0,1.0,1.0,1.0,1.0,1.0,1.0,1.0,1.0,1.0
284.75,4.0,15.698232030436795,17.69255603389197,20.304075582081087,20.884853790389684,21.117582099263846,19.9509169651337,20.44864257095777,19.935222224002896,19.383904335321347,19.152139740137244,1.0,1.0,1.0,1.0,1.0,1.0,1.0,1.0,1.0,1.0
285.0,1.0,19.28249098706595,20.293610422359034,20.039439562551955,20.39370664836567,21.506830017908765,21.80813865919598,22.85061923435546,22.10531496315557,22.354952231384857,22.181961466184433,1.0,1.0,1.0,1.0,1.0,1.0,1.0,1.0,1.0,1.0
285.25,2.0,0.0,0.0,0.0,0.0,0.0,0.0,0.0,0.0,0.0,0.0,0.0,0.0,0.0,0.0,0.0,0.0,0.0,0.0,0.0,0.0
285.5,3.0,17.861740428647785,16.75506446870988,17.445622914695548,16.961389052319966,17.724451110648005,16.405112547735108,16.513957145152037,16.2632143104927,16.147364295079075,16.576329472189688,1.0,1.0,1.0,1.0,1.0,1.0,1.0,1.0,1.0,1.0
285.75,4.0,16.989583976251133,18.48509000596813,21.890677865436157,21.312255138709432,20.679548563538482,19.309401526488024,19.788540795352574,20.276782279661504,20.19416340146187,20.44078065154271,1.0,1.0,1.0,1.0,1.0,1.0,1.0,1.0,1.0,1.0
286.0,1.0,19.293937841086773,20.523545134135194,19.75095239749476,20.504988390884286,21.593432234076076,22.988561731949094,22.914338925471657,22.449737207621567,21.61857701973844,21.727383946768164,1.0,1.0,1.0,1.0,1.0,1.0,1.0,1.0,1.0,1.0
286.25,2.0,19.803338793377286,18.607176088466538,15.81719065943061,14.540115902060055,12.893425945305662,13.837332830773768,14.879746500433594,16.05231374372282,17.392808656415504,18.529218117966266,1.0,1.0,1.0,1.0,1.0,1.0,1.0,1.0,1.0,1.0
286.5,3.0,0.0,0.0,0.0,0.0,0.0,0.0,0.0,0.0,0.0,0.0,0.0,0.0,0.0,0.0,0.0,0.0,0.0,0.0,0.0,0.0
286.75,4.0,17.22582150584614,19.39715673499294,22.582887883322673,21.99306440826823,21.92922117717744,21.00628786778134,20.696193412995505,20.681735872656308,21.602407021454162,21.472797801587216,1.0,1.0,1.0,1.0,1.0,1.0,1.0,1.0,1.0,1.0
287.0,1.0,19.892597270936342,19.83738072630163,19.99240072976536,20.841029973683497,21.817715560207887,22.546344178458444,21.699237786788196,21.352806679678988,21.289447223921787,21.35484825342606,1.0,1.0,1.0,1.0,1.0,1.0,1.0,1.0,1.0,1.0
287.25,2.0,0.0,0.0,0.0,0.0,0.0,0.0,0.0,0.0,0.0,0.0,0.0,0.0,0.0,0.0,0.0,0.0,0.0,0.0,0.0,0.0
287.5,3.0,19.34908269977873,17.830758841016724,18.33493761377518,17.33019918131192,17.678826114949118,16.61938223799246,17.660620133679778,16.09964330327158,15.642547979936872,14.775875226558135,1.0,1.0,1.0,1.0,1.0,1.0,1.0,1.0,1.0,1.0
287.75,4.0,18.690246093758052,20.401802769890793,21.606184639196147,21.23864237895874,22.41191949886168,21.69798639749321,20.738860449767937,21.46266504926203,22.774164647024772,22.261811304461073,1.0,1.0,1.0,1.0,1.0,1.0,1.0,1.0,1.0,1.0
288.0,1.0,0.0,0.0,0.0,0.0,0.0,0.0,0.0,0.0,0.0,0.0,0.0,0.0,0.0,0.0,0.0,0.0,0.0,0.0,0.0,0.0
288.25,2.0,17.43412144503421,16.061607232226404,14.920043499074074,16.393305246532833,15.64859563563716,15.585348004543834,15.276157550640436,16.40317955614417,17.51255495731713,17.825488975819127,1.0,1.0,1.0,1.0,1.0,1.0,1.0,1.0,1.0,1.0
288.5,3.0,17.71280813996596,17.112373110528374,17.425789836270575,16.468656627424334,16.64904267481777,16.370151954663523,15.903343673995408,15.1228684468073,14.74565419677259,14.012070546800926,1.0,1.0,1.0,1.0,1.0,1.0,1.0,1.0,1.0,1.0
288.75,4.0,0.0,0.0,0.0,0.0,0.0,0.0,0.0,0.0,0.0,0.0,0.0,0.0,0.0,0.0,0.0,0.0,0.0,0.0,0.0,0.0
289.0,1.0,21.433858130576834,22.258365499166853,21.62069161772565,21.050685891000185,20.674192766876068,20.469358776039,19.87572836224704,19.06677318837735,19.024947298995883,20.163177375274913,1.0,1.0,1.0,1.0,1.0,1.0,1.0,1.0,1.0,1.0
289.25,2.0,17.656068487893464,16.90534539503898,16.528426106292375,16.971024787860454,15.482653922075428,14.48619511840017,13.9468855786625,14.617169839174363,15.966009018787691,15.963239152884059,1.0,1.0,1.0,1.0,1.0,1.0,1.0,1.0,1.0,1.0
289.5,3.0,0.0,0.0,0.0,0.0,0.0,0.0,0.0,0.0,0.0,0.0,0.0,0.0,0.0,0.0,0.0,0.0,0.0,0.0,0.0,0.0
289.75,4.0,20.23118634240469,20.97429785729898,21.002252264837725,20.478814301176847,21.26953443697192,21.556122719648407,21.286744469232378,21.519195618983595,22.295803903759836,22.47795653999841,1.0,1.0,1.0,1.0,1.0,1.0,1.0,1.0,1.0,1.0
290.0,1.0,22.79889395260318,21.701671613430612,21.492815882404205,21.052115302232846,20.448535407391248,19.945417198855413,19.236733741185926,18.665847943690938,19.857238273287035,20.814123184310667,1.0,1.0,1.0,1.0,1.0,1.0,1.0,1.0,1.0,1.0
290.25,2.0,0.0,0.0,0.0,0.0,0.0,0.0,0.0,0.0,0.0,0.0,0.0,0.0,0.0,0.0,0.0,0.0,0.0,0.0,0.0,0.0
290.5,3.0,16.78187471239284,16.607658271629848,17.123732697290794,15.7628987869754,15.636870942160494,14.974932434119522,14.855172095583578,14.667512390411547,15.074819190900214,14.320577117684348,1.0,1.0,1.0,1.0,1.0,1.0,1.0,1.0,1.0,1.0
290.75,4.0,19.171662984365224,20.688953042331605,21.61349411509965,21.805613505417448,21.310055210433372,21.968121447009715,21.61269281925565,22.38006021823666,22.148539484644363,21.964961204370322,1.0,1.0,1.0,1.0,1.0,1.0,1.0,1.0,1.0,1.0
291.0,1.0,22.634928177757835,20.350801678787537,20.60997536327226,21.947075604740284,19.61329989834871,20.19032615672891,19.361637887444285,19.000084348703666,19.87871066223192,20.675275243079785,1.0,1.0,1.0,1.0,1.0,1.0,1.0,1.0,1.0,1.0
291.25,2.0,16.98731474536553,17.969099827894894,16.42224841099155,14.666241977475337,14.265299758744545,14.194657037033046,14.300676272869504,15.175916708949886,16.682135409565568,16.978850470113407,1.0,1.0,1.0,1.0,1.0,1.0,1.0,1.0,1.0,1.0
291.5,3.0,0.0,0.0,0.0,0.0,0.0,0.0,0.0,0.0,0.0,0.0,0.0,0.0,0.0,0.0,0.0,0.0,0.0,0.0,0.0,0.0
291.75,4.0,20.241160461187274,20.06276105236169,21.99984499986149,22.23463172566422,21.720211696206547,21.92155052638125,21.08138302879837,21.552626992098077,22.03481517308814,22.3564869986589,1.0,1.0,1.0,1.0,1.0,1.0,1.0,1.0,1.0,1.0
292.0,1.0,20.766893623556566,20.15213527685478,22.274223749497757,21.660370476345495,18.935648866385264,18.73309049762649,18.69253889813235,18.43690377214489,18.71882766353673,19.127694552355546,1.0,1.0,1.0,1.0,1.0,1.0,1.0,1.0,1.0,1.0
292.25,2.0,17.55998650090706,18.66766921240103,15.2419610574972,14.156601103629344,14.998973093338178,15.185814949935203,14.908673529757012,15.367942294467872,16.31931549483249,15.843394380659474,1.0,1.0,1.0,1.0,1.0,1.0,1.0,1.0,1.0,1.0
292.5,3.0,17.498207086955144,17.135382991722174,17.781700087896123,17.50489284197968,16.94612580306568,17.77400985073755,17.335353697311227,16.644414392738618,16.92626377267214,14.66183138823934,1.0,1.0,1.0,1.0,1.0,1.0,1.0,1.0,1.0,1.0
292.75,4.0,19.219078628238535,20.40076959543131,21.70838364518162,22.04855025851796,22.16119033878019,21.753007456716126,21.84149490230676,21.77625817543799,22.009560307400413,22.487971878385174,1.0,1.0,1.0,1.0,1.0,1.0,1.0,1.0,1.0,1.0
293.0,1.0,0.0,0.0,0.0,0.0,0.0,0.0,0.0,0.0,0.0,0.0,0.0,0.0,0.0,0.0,0.0,0.0,0.0,0.0,0.0,0.0
293.25,2.0,0.0,0.0,0.0,0.0,0.0,0.0,0.0,0.0,0.0,0.0,0.0,0.0,0.0,0.0,0.0,0.0,0.0,0.0,0.0,0.0
293.5,3.0,17.492598712148155,17.346985288887026,16.89326288689873,16.79014089033979,16.592273932798616,17.53794906881825,17.219570998327246,16.25896141941589,15.707779440096498,14.761846007485653,1.0,1.0,1.0,1.0,1.0,1.0,1.0,1.0,1.0,1.0
293.75,4.0,0.0,0.0,0.0,0.0,0.0,0.0,0.0,0.0,0.0,0.0,0.0,0.0,0.0,0.0,0.0,0.0,0.0,0.0,0.0,0.0
294.0,1.0,19.942860934174128,20.623892644800065,20.834885319575545,20.135877485714374,20.25271469454555,20.306815184389954,21.431093624847275,20.522297231467224,20.99097901505922,20.816737702493825,1.0,1.0,1.0,1.0,1.0,1.0,1.0,1.0,1.0,1.0
294.25,2.0,15.688812211807344,15.412168331883613,14.841085500600363,14.899415643501134,14.34706191129822,14.074290001183183,12.71773600528327,14.16754151472722,14.651235497514586,14.701183859588731,1.0,1.0,1.0,1.0,1.0,1.0,1.0,1.0,1.0,1.0
294.5,3.0,0.0,0.0,0.0,0.0,0.0,0.0,0.0,0.0,0.0,0.0,0.0,0.0,0.0,0.0,0.0,0.0,0.0,0.0,0.0,0.0
294.75,4.0,19.681413288395408,21.367828990427864,22.61395113742935,23.605572161019406,21.641648059540955,21.189835954937656,21.301007900200652,21.44942951873124,21.331313606234737,21.953692695176148,1.0,1.0,1.0,1.0,1.0,1.0,1.0,1.0,1.0,1.0
295.0,1.0,19.71617173481201,20.423024782186552,20.086892142744908,20.26661589557693,21.055000188376404,19.992227284722073,20.53566794432289,19.33398467691016,18.85240061889247,19.381302087707123,1.0,1.0,1.0,1.0,1.0,1.0,1.0,1.0,1.0,1.0
295.25,2.0,0.0,0.0,0.0,0.0,0.0,0.0,0.0,0.0,0.0,0.0,0.0,0.0,0.0,0.0,0.0,0.0,0.0,0.0,0.0,0.0
295.5,3.0,19.007953685386127,18.390075666732578,17.515576446102827,16.6179439532142,17.484339677590643,17.08169299680218,16.61849249533551,15.910731967918869,16.122798442244594,16.634528539720804,1.0,1.0,1.0,1.0,1.0,1.0,1.0,1.0,1.0,1.0
295.75,4.0,19.63683582533741,21.795688421044286,22.787170359054095,23.367316276468205,21.88880891027034,20.93040194555677,20.879378145923056,20.563166057762402,21.07011793301736,21.00641859613868,1.0,1.0,1.0,1.0,1.0,1.0,1.0,1.0,1.0,1.0
296.0,1.0,0.0,0.0,0.0,0.0,0.0,0.0,0.0,0.0,0.0,0.0,0.0,0.0,0.0,0.0,0.0,0.0,0.0,0.0,0.0,0.0
296.25,2.0,14.53353299385043,14.457551720538328,13.289342147172599,13.643747592359988,14.177942284701624,12.925665166294317,12.872464315538991,13.047073592334522,13.138205130862094,13.783796084146738,1.0,1.0,1.0,1.0,1.0,1.0,1.0,1.0,1.0,1.0
296.5,3.0,0.0,0.0,0.0,0.0,0.0,0.0,0.0,0.0,0.0,0.0,0.0,0.0,0.0,0.0,0.0,0.0,0.0,0.0,0.0,0.0
296.75,4.0,0.0,0.0,0.0,0.0,0.0,0.0,0.0,0.0,0.0,0.0,0.0,0.0,0.0,0.0,0.0,0.0,0.0,0.0,0.0,0.0
297.0,1.0,17.208858968701854,17.887314303096154,18.24299011287172,19.357038220448665,19.580919955803196,18.22962915208678,18.56434571248594,18.163950254630585,18.18980387025567,19.258034502931807,1.0,1.0,1.0,1.0,1.0,1.0,1.0,1.0,1.0,1.0
297.25,2.0,12.717528854921381,14.040836074357427,14.397597419028438,14.224772260416877,14.3072552251284,13.312076592341231,13.099919013907016,13.643746342989282,14.217464334170396,14.022511560174593,1.0,1.0,1.0,1.0,1.0,1.0,1.0,1.0,1.0,1.0
297.5,3.0,0.0,0.0,0.0,0.0,0.0,0.0,0.0,0.0,0.0,0.0,0.0,0.0,0.0,0.0,0.0,0.0,0.0,0.0,0.0,0.0
297.75,4.0,19.961420115846188,20.87550791022275,21.57937415457922,22.17600654715108,22.444999734139703,20.201057203048464,18.922024889506364,18.58104796574771,18.26223249044144,18.01994685037058,1.0,1.0,1.0,1.0,1.0,1.0,1.0,1.0,1.0,1.0
298.0,1.0,17.28557428189734,18.518789782856746,19.187358061381495,19.419589640765416,19.30191146956892,18.89601384489605,19.137214143503456,18.019709792206555,19.082994252097848,18.911291361407887,1.0,1.0,1.0,1.0,1.0,1.0,1.0,1.0,1.0,1.0
298.25,2.0,0.0,0.0,0.0,0.0,0.0,0.0,0.0,0.0,0.0,0.0,0.0,0.0,0.0,0.0,0.0,0.0,0.0,0.0,0.0,0.0
298.5,3.0,18.640732718576547,17.87127030644155,18.040996138309954,18.264000487338674,17.39556694871125,17.350593823538016,15.738574801917848,15.846192244055295,16.251615396275575,15.681189092825113,1.0,1.0,1.0,1.0,1.0,1.0,1.0,1.0,1.0,1.0
298.75,4.0,19.023344719949364,20.134340507868256,22.750405566494155,22.01265537693545,20.8666698970668,19.526124537512263,18.36176567374397,17.798837080210053,17.69702480822137,17.525296797459717,1.0,1.0,1.0,1.0,1.0,1.0,1.0,1.0,1.0,1.0
299.0,1.0,16.802442069914314,20.54252698769927,19.85110940141912,19.923380312178356,19.568875840027737,19.714151695203814,19.127193593972525,18.50225787919125,19.68735449737743,19.24205274354943,1.0,1.0,1.0,1.0,1.0,1.0,1.0,1.0,1.0,1.0
299.25,2.0,16.485757848712925,16.332455467423106,15.729893490164864,15.464466511564138,14.00339160204334,12.497809708771992,12.596911047293576,12.189415540782239,13.16638381116427,13.53502105834412,1.0,1.0,1.0,1.0,1.0,1.0,1.0,1.0,1.0,1.0
299.5,3.0,0.0,0.0,0.0,0.0,0.0,0.0,0.0,0.0,0.0,0.0,0.0,0.0,0.0,0.0,0.0,0.0,0.0,0.0,0.0,0.0
299.75,4.0,19.118705461373345,20.602465038695396,22.300031516084427,21.348439042922116,19.61647216964739,18.205056693145085,17.44896963374717,17.148005811179374,17.685002682747452,17.93397407116907,1.0,1.0,1.0,1.0,1.0,1.0,1.0,1.0,1.0,1.0
300.0,1.0,18.897949370172853,20.852073156034614,20.49659045095372,19.543372159581082,20.32789234811083,20.154868223063303,19.78173648412772,19.398553677316606,20.280779081671906,19.571300156129354,1.0,1.0,1.0,1.0,1.0,1.0,1.0,1.0,1.0,1.0
300.25,2.0,18.01010873421664,17.16011758795527,15.942643978916434,13.906037312026205,12.989992938613492,11.770143842437399,11.235196674212863,11.266445063457414,12.080120266062798,13.144617007971355,1.0,1.0,1.0,1.0,1.0,1.0,1.0,1.0,1.0,1.0
300.5,3.0,18.24070560001113,18.517817384318402,20.017957404893604,18.515215173943094,17.2730663752985,16.38065312495232,15.367035039144172,16.060426341376342,15.624024672394608,14.96527962653237,1.0,1.0,1.0,1.0,1.0,1.0,1.0,1.0,1.0,1.0
300.75,4.0,20.111778572479004,20.387333564844845,20.501088003273086,20.039280749373543,18.381199205424434,18.522625080135185,17.75178606931715,17.124772866932478,17.622077517751432,18.21084461946522,1.0,1.0,1.0,1.0,1.0,1.0,1.0,1.0,1.0,1.0
301.0,1.0,0.0,0.0,0.0,0.0,0.0,0.0,0.0,0.0,0.0,0.0,0.0,0.0,0.0,0.0,0.0,0.0,0.0,0.0,0.0,0.0
301.25,2.0,0.0,0.0,0.0,0.0,0.0,0.0,0.0,0.0,0.0,0.0,0.0,0.0,0.0,0.0,0.0,0.0,0.0,0.0,0.0,0.0
301.5,3.0,19.837661141827162,18.351374772587224,19.5533726402695,17.295280876502275,15.981982018915863,15.875378826127296,15.368880737400533,15.16607873690459,14.590913632642527,14.991505832851338,1.0,1.0,1.0,1.0,1.0,1.0,1.0,1.0,1.0,1.0
301.75,4.0,0.0,0.0,0.0,0.0,0.0,0.0,0.0,0.0,0.0,0.0,0.0,0.0,0.0,0.0,0.0,0.0,0.0,0.0,0.0,0.0
302.0,1.0,20.82476277320089,20.47892132971481,19.75816876110398,18.483643661066274,19.318243049676298,19.703604735674883,20.494835311230574,20.334612730414783,20.963065483091654,20.392378899831186,1.0,1.0,1.0,1.0,1.0,1.0,1.0,1.0,1.0,1.0
302.25,2.0,17.54390075999243,16.44650175081875,14.111293233139794,12.714893854192148,11.543292590212204,12.00162187740257,11.762611763065497,12.353692067712888,13.156622324824303,13.421897812545389,1.0,1.0,1.0,1.0,1.0,1.0,1.0,1.0,1.0,1.0
302.5,3.0,0.0,0.0,0.0,0.0,0.0,0.0,0.0,0.0,0.0,0.0,0.0,0.0,0.0,0.0,0.0,0.0,0.0,0.0,0.0,0.0
302.75,4.0,19.150619185392177,18.37506964723598,20.291849113037898,19.569132343835122,18.72415049134342,18.524195527897934,18.51704442470926,18.043633261324814,17.63650502209463,18.509909964925548,1.0,1.0,1.0,1.0,1.0,1.0,1.0,1.0,1.0,1.0
303.0,1.0,20.634359332590847,20.69779698179909,19.0934070925944,17.420458588019795,18.983200654246666,20.163571139884496,21.09000843408224,20.224041174334253,21.43427885928976,21.0635214976566,1.0,1.0,1.0,1.0,1.0,1.0,1.0,1.0,1.0,1.0
303.25,2.0,0.0,0.0,0.0,0.0,0.0,0.0,0.0,0.0,0.0,0.0,0.0,0.0,0.0,0.0,0.0,0.0,0.0,0.0,0.0,0.0
303.5,3.0,18.774935645170533,17.86593054777669,17.484652528155014,16.04196229221986,15.216449513136373,13.318942186680191,12.916835501084964,13.73783161179443,15.236854624494184,17.02910542803872,1.0,1.0,1.0,1.0,1.0,1.0,1.0,1.0,1.0,1.0
303.75,4.0,18.273526899805503,18.738455796884516,21.5107527607201,20.37479308145725,19.395026234934623,18.749420332287336,18.189566032589134,17.790483093133584,17.47247408061894,18.81670175161118,1.0,1.0,1.0,1.0,1.0,1.0,1.0,1.0,1.0,1.0
304.0,1.0,0.0,0.0,0.0,0.0,0.0,0.0,0.0,0.0,0.0,0.0,0.0,0.0,0.0,0.0,0.0,0.0,0.0,0.0,0.0,0.0
304.25,2.0,16.804728119094403,15.113135238706805,14.002024268652649,13.76895708959327,15.209855133863279,14.71990580919643,13.896066026190288,14.420275022304331,14.585786309681565,14.76364555627183,1.0,1.0,1.0,1.0,1.0,1.0,1.0,1.0,1.0,1.0
304.5,3.0,0.0,0.0,0.0,0.0,0.0,0.0,0.0,0.0,0.0,0.0,0.0,0.0,0.0,0.0,0.0,0.0,0.0,0.0,0.0,0.0
304.75,4.0,0.0,0.0,0.0,0.0,0.0,0.0,0.0,0.0,0.0,0.0,0.0,0.0,0.0,0.0,0.0,0.0,0.0,0.0,0.0,0.0
305.0,1.0,19.040145654271267,18.655465997136012,18.76139355530383,17.373503925067837,20.407961420083595,21.14053312562483,21.320273696696113,21.035073466346944,21.48306494088458,20.405368788947808,1.0,1.0,1.0,1.0,1.0,1.0,1.0,1.0,1.0,1.0
305.25,2.0,15.454938105978727,15.168235182542691,14.382837901906907,14.643596874254735,16.098087576907997,16.019371937018963,15.323353556559262,15.418009687577603,14.640157171419842,14.051697977201178,1.0,1.0,1.0,1.0,1.0,1.0,1.0,1.0,1.0,1.0
305.5,3.0,0.0,0.0,0.0,0.0,0.0,0.0,0.0,0.0,0.0,0.0,0.0,0.0,0.0,0.0,0.0,0.0,0.0,0.0,0.0,0.0
305.75,4.0,19.035085587808755,19.781281398818233,20.224803784240812,19.003503862915622,19.017980127941538,19.423604399742747,19.768453449256167,18.649632172664337,18.02359408768468,17.88792188366057,1.0,1.0,1.0,1.0,1.0,1.0,1.0,1.0,1.0,1.0
306.0,1.0,20.007522287229996,18.290578179680853,19.23527159687233,17.919499229240675,21.316560861963318,22.6007855244521,22.50278166724813,21.781327901917688,22.206321835903687,19.586829828921918,1.0,1.0,1.0,1.0,1.0,1.0,1.0,1.0,1.0,1.0
306.25,2.0,0.0,0.0,0.0,0.0,0.0,0.0,0.0,0.0,0.0,0.0,0.0,0.0,0.0,0.0,0.0,0.0,0.0,0.0,0.0,0.0
306.5,3.0,15.775191006512031,16.715518135674724,15.64942896566142,15.630518051471132,15.063336256474724,14.198455707036262,14.12121192972295,14.70394679879553,15.771074417000696,16.73003760452185,1.0,1.0,1.0,1.0,1.0,1.0,1.0,1.0,1.0,1.0
306.75,4.0,18.590708892572895,18.792252929360203,18.99827333139086,18.660029794145558,19.800836196656654,20.021776324806048,19.498513001392265,18.632354096347875,18.020818033431816,17.50667810585914,1.0,1.0,1.0,1.0,1.0,1.0,1.0,1.0,1.0,1.0
307.0,1.0,19.247974635955305,17.632686157747578,18.641762359222028,19.84429453698521,22.999487561148886,23.58758606122593,21.79793830807088,20.852995645042547,21.021337272251436,18.654859779680223,1.0,1.0,1.0,1.0,1.0,1.0,1.0,1.0,1.0,1.0
307.25,2.0,15.393351310591125,15.812062044778108,16.340112809878367,17.854227333896127,17.15248499784497,15.322240039920434,14.82269710196036,14.424989996664587,14.584781494129485,13.985606414880522,1.0,1.0,1.0,1.0,1.0,1.0,1.0,1.0,1.0,1.0
307.5,3.0,0.0,0.0,0.0,0.0,0.0,0.0,0.0,0.0,0.0,0.0,0.0,0.0,0.0,0.0,0.0,0.0,0.0,0.0,0.0,0.0
307.75,4.0,17.658650501321905,18.564150936780525,18.53222344667169,19.092073831484072,19.462010432297976,19.60014406976525,18.74950150294625,18.706941907008723,16.8136595443791,16.75722119256486,1.0,1.0,1.0,1.0,1.0,1.0,1.0,1.0,1.0,1.0
308.0,1.0,17.648776840189235,19.64561120820974,20.91193846660938,21.060331637876818,22.66467064691233,22.271597227204605,21.55464803052155,20.45752062631504,19.22913168580226,19.007580692317784,1.0,1.0,1.0,1.0,1.0,1.0,1.0,1.0,1.0,1.0
308.25,2.0,0.0,0.0,0.0,0.0,0.0,0.0,0.0,0.0,0.0,0.0,0.0,0.0,0.0,0.0,0.0,0.0,0.0,0.0,0.0,0.0
308.5,3.0,15.741798225825011,17.232703591482576,16.38362133945586,16.172046293214763,16.715208285096594,17.069054849514448,17.386223937583384,17.091876148228188,17.25954040746915,17.564144199026842,1.0,1.0,1.0,1.0,1.0,1.0,1.0,1.0,1.0,1.0
308.75,4.0,16.611382406370605,19.070893768899694,19.69764168690831,19.290064195302055,18.35483344673919,19.155978844564668,18.379321852899775,17.472245241154894,16.479286553034065,17.43578695247393,1.0,1.0,1.0,1.0,1.0,1.0,1.0,1.0,1.0,1.0
309.0,1.0,0.0,0.0,0.0,0.0,0.0,0.0,0.0,0.0,0.0,0.0,0.0,0.0,0.0,0.0,0.0,0.0,0.0,0.0,0.0,0.0
309.25,2.0,0.0,0.0,0.0,0.0,0.0,0.0,0.0,0.0,0.0,0.0,0.0,0.0,0.0,0.0,0.0,0.0,0.0,0.0,0.0,0.0
309.5,3.0,16.341433042957654,18.156974165480563,16.826274515012532,17.70281576646423,17.7998974637716,17.410187928692817,16.95546535781425,16.736963665111723,17.010094424677405,18.645967903074656,1.0,1.0,1.0,1.0,1.0,1.0,1.0,1.0,1.0,1.0
309.75,4.0,0.0,0.0,0.0,0.0,0.0,0.0,0.0,0.0,0.0,0.0,0.0,0.0,0.0,0.0,0.0,0.0,0.0,0.0,0.0,0.0
310.0,1.0,20.79780894799909,21.079735901155523,20.645961324484357,20.18354253510194,19.628455965000793,18.71806902250698,16.959625992811556,17.163398784388207,16.815543985204112,16.39750913130563,1.0,1.0,1.0,1.0,1.0,1.0,1.0,1.0,1.0,1.0
310.25,2.0,17.74422512577763,18.517261105103994,16.70481307816945,15.924426117831594,16.216108851052603,13.968159972468284,12.81406435155083,12.529613101020098,12.877474656361194,13.444440405076083,1.0,1.0,1.0,1.0,1.0,1.0,1.0,1.0,1.0,1.0
310.5,3.0,0.0,0.0,0.0,0.0,0.0,0.0,0.0,0.0,0.0,0.0,0.0,0.0,0.0,0.0,0.0,0.0,0.0,0.0,0.0,0.0
310.75,4.0,18.752056257465807,21.0237736986617,20.189108030816616,19.710445821699853,19.523522603053273,18.49427362492437,17.79061128503731,17.067256032405506,17.31944526391631,18.50395031227416,1.0,1.0,1.0,1.0,1.0,1.0,1.0,1.0,1.0,1.0
311.0,1.0,21.039832693875066,19.160055842908776,20.029134470127133,19.00753039842798,17.27835521194599,17.128435885706335,16.38213129721171,16.446963114454434,16.769026598934612,16.43588888620928,1.0,1.0,1.0,1.0,1.0,1.0,1.0,1.0,1.0,1.0
311.25,2.0,0.0,0.0,0.0,0.0,0.0,0.0,0.0,0.0,0.0,0.0,0.0,0.0,0.0,0.0,0.0,0.0,0.0,0.0,0.0,0.0
311.5,3.0,17.701612876374707,17.930953195406577,16.787057610371814,18.331071798890523,19.699851137489404,19.017467054915784,18.477201066298353,17.298370800488712,17.27577522171212,18.248567563508445,1.0,1.0,1.0,1.0,1.0,1.0,1.0,1.0,1.0,1.0
311.75,4.0,19.72719997046042,20.398379358941842,19.553604374841406,19.430227237961745,18.425257534077037,17.147248203975217,17.595700181727846,17.45686192531382,17.648140744818807,17.498195081758944,1.0,1.0,1.0,1.0,1.0,1.0,1.0,1.0,1.0,1.0
312.0,1.0,0.0,0.0,0.0,0.0,0.0,0.0,0.0,0.0,0.0,0.0,0.0,0.0,0.0,0.0,0.0,0.0,0.0,0.0,0.0,0.0
312.25,2.0,19.21625455617657,16.396996177123718,15.604673487150269,16.081124975887317,15.358695752859338,14.071760611294168,14.335064734089146,14.641877656929355,14.846363372428533,16.14135860456874,1.0,1.0,1.0,1.0,1.0,1.0,1.0,1.0,1.0,1.0
312.5,3.0,0.0,0.0,0.0,0.0,0.0,0.0,0.0,0.0,0.0,0.0,0.0,0.0,0.0,0.0,0.0,0.0,0.0,0.0,0.0,0.0
312.75,4.0,0.0,0.0,0.0,0.0,0.0,0.0,0.0,0.0,0.0,0.0,0.0,0.0,0.0,0.0,0.0,0.0,0.0,0.0,0.0,0.0
313.0,1.0,19.419480343056886,19.173006734122637,18.59779975615533,16.77521103164252,18.205855597472922,19.171254487063198,19.07959648955363,19.384142176150455,19.24015292741105,18.759639171747136,1.0,1.0,1.0,1.0,1.0,1.0,1.0,1.0,1.0,1.0
313.25,2.0,18.289785569255876,16.04783483978276,17.089027585651365,17.03097252715092,15.069313881436951,14.005613583249492,14.041899673306073,15.337415708063432,15.838304046124987,17.028763103058,1.0,1.0,1.0,1.0,1.0,1.0,1.0,1.0,1.0,1.0
313.5,3.0,0.0,0.0,0.0,0.0,0.0,0.0,0.0,0.0,0.0,0.0,0.0,0.0,0.0,0.0,0.0,0.0,0.0,0.0,0.0,0.0
313.75,4.0,20.699998542895738,22.180020206132305,19.469597987348266,16.739583034544378,16.621421975748884,17.04247689513821,18.582492493249347,17.83674264325718,18.763559084421587,19.20196990502911,1.0,1.0,1.0,1.0,1.0,1.0,1.0,1.0,1.0,1.0
314.0,1.0,18.825924596051454,19.639291974735098,18.872700508858237,17.635649477714935,18.588573646250417,19.579810727638208,19.514832288744824,19.59393596249525,19.959782860039642,18.88696332575548,1.0,1.0,1.0,1.0,1.0,1.0,1.0,1.0,1.0,1.0
314.25,2.0,0.0,0.0,0.0,0.0,0.0,0.0,0.0,0.0,0.0,0.0,0.0,0.0,0.0,0.0,0.0,0.0,0.0,0.0,0.0,0.0
314.5,3.0,18.236338968913028,19.309715131514018,17.904165923781424,17.471901253950655,17.89445322625576,18.71692679758547,20.572061536157154,19.362413411446806,18.818058903910096,18.886022839080148,1.0,1.0,1.0,1.0,1.0,1.0,1.0,1.0,1.0,1.0
314.75,4.0,21.520289806819864,23.217022568484047,18.920122522532655,17.29735479606233,17.804940874593424,18.13828534546047,18.81331847114805,17.962846259918187,18.287930244173864,19.828833644640714,1.0,1.0,1.0,1.0,1.0,1.0,1.0,1.0,1.0,1.0
315.0,1.0,18.238434566188122,19.89160647397454,18.778810977216793,17.692617552724972,19.911736783480904,20.25460466377985,19.477782268513,20.223835525864637,19.657223724503286,19.08378854146639,1.0,1.0,1.0,1.0,1.0,1.0,1.0,1.0,1.0,1.0
315.25,2.0,17.73746559824509,16.524136845725486,16.39084757974851,16.74153558014889,16.121138501316814,14.964281038009341,15.437467064998243,15.675198316342078,16.233775996114243,17.418630723029818,1.0,1.0,1.0,1.0,1.0,1.0,1.0,1.0,1.0,1.0
315.5,3.0,0.0,0.0,0.0,0.0,0.0,0.0,0.0,0.0,0.0,0.0,0.0,0.0,0.0,0.0,0.0,0.0,0.0,0.0,0.0,0.0
315.75,4.0,21.60015326116638,22.21959629922153,17.675847373668187,16.779272926076487,18.057546228256275,18.214044936703537,18.400798844449746,18.83942712982936,19.35714442466914,19.929867257372184,1.0,1.0,1.0,1.0,1.0,1.0,1.0,1.0,1.0,1.0
316.0,1.0,17.63403446280501,19.932488384251496,19.07712701161283,19.200295396722453,19.376756398014127,19.254502716911233,19.239877690403805,19.59306200905149,18.815867443653836,18.432181516779913,1.0,1.0,1.0,1.0,1.0,1.0,1.0,1.0,1.0,1.0
316.25,2.0,0.0,0.0,0.0,0.0,0.0,0.0,0.0,0.0,0.0,0.0,0.0,0.0,0.0,0.0,0.0,0.0,0.0,0.0,0.0,0.0
316.5,3.0,17.399809851313957,17.183912904939394,17.86709356840913,17.522364043577486,19.01568623743279,19.368047602439106,19.81753990543076,18.672462087384172,17.251419415583698,17.047218072092303,1.0,1.0,1.0,1.0,1.0,1.0,1.0,1.0,1.0,1.0
316.75,4.0,21.146725775642043,20.716433879959908,16.654812532446748,16.462638478930696,18.089606596602497,17.40443638246503,17.420503809501156,18.431279966858884,19.05398457663663,19.37856194698382,1.0,1.0,1.0,1.0,1.0,1.0,1.0,1.0,1.0,1.0
317.0,1.0,0.0,0.0,0.0,0.0,0.0,0.0,0.0,0.0,0.0,0.0,0.0,0.0,0.0,0.0,0.0,0.0,0.0,0.0,0.0,0.0
317.25,2.0,0.0,0.0,0.0,0.0,0.0,0.0,0.0,0.0,0.0,0.0,0.0,0.0,0.0,0.0,0.0,0.0,0.0,0.0,0.0,0.0
317.5,3.0,17.254223472309988,17.227669756847384,17.12057336061744,18.66015391783018,18.64918883639571,18.65437993586616,17.98251676447641,16.709951412785447,16.578369131496554,16.089687284155197,1.0,1.0,1.0,1.0,1.0,1.0,1.0,1.0,1.0,1.0
317.75,4.0,0.0,0.0,0.0,0.0,0.0,0.0,0.0,0.0,0.0,0.0,0.0,0.0,0.0,0.0,0.0,0.0,0.0,0.0,0.0,0.0
318.0,1.0,18.32830657047093,19.49089072680937,18.543421496213416,18.524865524469185,19.3541783623637,19.092824805984147,18.24387040621578,17.59664996616083,16.928186621192527,17.054272417916227,1.0,1.0,1.0,1.0,1.0,1.0,1.0,1.0,1.0,1.0
318.25,2.0,16.597415241471367,15.367678401976615,15.542350187086896,16.47421126289053,15.611683397466797,15.663992109700253,16.839955097253444,17.254669726728725,17.250082816537734,17.625354247250677,1.0,1.0,1.0,1.0,1.0,1.0,1.0,1.0,1.0,1.0
318.5,3.0,0.0,0.0,0.0,0.0,0.0,0.0,0.0,0.0,0.0,0.0,0.0,0.0,0.0,0.0,0.0,0.0,0.0,0.0,0.0,0.0
318.75,4.0,18.15019433749635,16.131122284726867,14.528154906925879,16.13376046678514,18.25194947292343,18.290683233375916,18.324745838021393,17.720845264607124,18.103548330624054,17.346815912151037,1.0,1.0,1.0,1.0,1.0,1.0,1.0,1.0,1.0,1.0
319.0,1.0,18.81550675269915,18.84823641052095,18.61739044610421,18.389099908367516,19.6658188483775,19.188565649066618,17.801890342612193,18.18453448823938,17.20302045829867,17.31314100301815,1.0,1.0,1.0,1.0,1.0,1.0,1.0,1.0,1.0,1.0
319.25,2.0,0.0,0.0,0.0,0.0,0.0,0.0,0.0,0.0,0.0,0.0,0.0,0.0,0.0,0.0,0.0,0.0,0.0,0.0,0.0,0.0
319.5,3.0,17.303653192660818,17.550023369328187,17.93950608433707,19.148779693201096,18.11008995870487,18.535016842396217,17.21678786083747,15.187998640529187,15.655496713880149,14.738192564859123,1.0,1.0,1.0,1.0,1.0,1.0,1.0,1.0,1.0,1.0
319.75,4.0,17.363487841169363,16.652480986539345,15.51274259930084,18.11860659403892,19.16003890444268,18.504298396373265,17.522702266939028,17.309818924707454,18.36143744795344,16.774425677484786,1.0,1.0,1.0,1.0,1.0,1.0,1.0,1.0,1.0,1.0
320.0,1.0,0.0,0.0,0.0,0.0,0.0,0.0,0.0,0.0,0.0,0.0,0.0,0.0,0.0,0.0,0.0,0.0,0.0,0.0,0.0,0.0
320.25,2.0,16.724865248804722,15.013602030600893,15.305545230655545,16.734207077112384,16.782635472694142,16.485135248505358,17.71752527374775,16.617623195011358,16.533408773646983,16.229245049868997,1.0,1.0,1.0,1.0,1.0,1.0,1.0,1.0,1.0,1.0
320.5,3.0,0.0,0.0,0.0,0.0,0.0,0.0,0.0,0.0,0.0,0.0,0.0,0.0,0.0,0.0,0.0,0.0,0.0,0.0,0.0,0.0
320.75,4.0,0.0,0.0,0.0,0.0,0.0,0.0,0.0,0.0,0.0,0.0,0.0,0.0,0.0,0.0,0.0,0.0,0.0,0.0,0.0,0.0
321.0,1.0,18.53617267231399,18.78466814503628,18.470846202179963,19.27364421476762,20.289895229088845,19.79397352401649,19.635625823706018,18.90923865413837,18.01527103765665,17.42439424728156,1.0,1.0,1.0,1.0,1.0,1.0,1.0,1.0,1.0,1.0
321.25,2.0,16.403314997783138,15.506735074953339,16.195111202544,17.4394970852763,17.14248076522303,17.113386757729575,16.492451947903373,17.03833281738949,16.334273210550396,16.807737605710813,1.0,1.0,1.0,1.0,1.0,1.0,1.0,1.0,1.0,1.0
321.5,3.0,18.082954188446998,18.49074564273134,19.54523505515205,20.172124908674753,17.95175682052769,16.662997794532583,15.39400975269517,15.533735630835526,15.496025099838878,15.035326938357311,1.0,1.0,1.0,1.0,1.0,1.0,1.0,1.0,1.0,1.0
321.75,4.0,16.208485769244366,16.246931980963087,15.105533556360475,17.72414910904393,18.272966561823317,18.688646843173853,17.78594514771249,17.538151695519783,17.121698002334192,16.921548100460623,1.0,1.0,1.0,1.0,1.0,1.0,1.0,1.0,1.0,1.0
322.0,1.0,18.164532105258765,17.59781185079057,19.05840690326826,19.1294772871386,19.40985866667529,20.13289536412385,19.506878493046486,18.752086529692704,17.309232738012685,16.71540898026192,1.0,1.0,1.0,1.0,1.0,1.0,1.0,1.0,1.0,1.0
322.25,2.0,0.0,0.0,0.0,0.0,0.0,0.0,0.0,0.0,0.0,0.0,0.0,0.0,0.0,0.0,0.0,0.0,0.0,0.0,0.0,0.0
322.5,3.0,18.017573770720468,19.487811248382904,19.395237035081745,18.266893959022173,16.536351083408785,15.568014856860446,15.07175811501796,15.29155991946026,15.700976402556151,15.495930840066737,1.0,1.0,1.0,1.0,1.0,1.0,1.0,1.0,1.0,1.0
322.75,4.0,15.510586286458024,15.003319678889781,15.153415566397058,17.824284055267768,18.052118668587617,18.770443419217134,17.931018542229307,16.990889831087987,15.95528995135499,15.886479790516026,1.0,1.0,1.0,1.0,1.0,1.0,1.0,1.0,1.0,1.0
323.0,1.0,17.998136482791235,18.232414979508867,17.925145029354876,17.88167747154428,17.892616126322924,19.00719672136353,18.558561310525867,18.035505544457877,16.79041892974578,15.367254962646449,1.0,1.0,1.0,1.0,1.0,1.0,1.0,1.0,1.0,1.0
323.25,2.0,16.167592902952276,14.058538396762557,16.53224617500029,18.038125479288478,15.061654337586427,15.05924186250113,14.48365158009857,16.409464545984207,16.152711798714805,16.231780174650204,1.0,1.0,1.0,1.0,1.0,1.0,1.0,1.0,1.0,1.0
323.5,3.0,0.0,0.0,0.0,0.0,0.0,0.0,0.0,0.0,0.0,0.0,0.0,0.0,0.0,0.0,0.0,0.0,0.0,0.0,0.0,0.0
323.75,4.0,15.724644962599173,15.659769470374435,15.855848183045508,17.203788077066903,18.08250902952083,17.555141994684575,16.6864776789325,15.738735050714347,15.818231947833898,15.67519403745347,1.0,1.0,1.0,1.0,1.0,1.0,1.0,1.0,1.0,1.0
324.0,1.0,16.80598241836738,17.671590102204185,16.36496576738359,16.795584956987792,16.386608133518827,17.437429421921824,16.495714384133255,16.28581921495819,15.740963816851625,15.003067590138702,1.0,1.0,1.0,1.0,1.0,1.0,1.0,1.0,1.0,1.0
324.25,2.0,0.0,0.0,0.0,0.0,0.0,0.0,0.0,0.0,0.0,0.0,0.0,0.0,0.0,0.0,0.0,0.0,0.0,0.0,0.0,0.0
324.5,3.0,18.298229176860776,18.094939728039947,17.023511028239408,16.541872609605925,14.518464924043474,15.147248597227883,14.647555122050623,14.988363677881493,15.165236431967669,14.71574522268739,1.0,1.0,1.0,1.0,1.0,1.0,1.0,1.0,1.0,1.0
324.75,4.0,15.469480040965113,16.251582943606284,14.938812738361026,15.770332564302192,16.403786107193785,16.49475491843134,15.25398256805552,15.03877176006321,15.252740636130687,15.613400615911765,1.0,1.0,1.0,1.0,1.0,1.0,1.0,1.0,1.0,1.0
325.0,1.0,0.0,0.0,0.0,0.0,0.0,0.0,0.0,0.0,0.0,0.0,0.0,0.0,0.0,0.0,0.0,0.0,0.0,0.0,0.0,0.0
325.25,2.0,16.252283598023695,14.962945344993571,15.782388239292636,15.42964704851723,15.539051617578282,15.390516775877083,16.593413949884223,16.71294065475263,16.541484219801667,16.60669494659769,1.0,1.0,1.0,1.0,1.0,1.0,1.0,1.0,1.0,1.0
325.5,3.0,17.056669403966428,17.93411487156657,16.323753241442663,14.88324376066713,14.446083659220422,14.777410490698335,13.89691824923049,13.566396207067752,12.981574791928983,13.607695098242385,1.0,1.0,1.0,1.0,1.0,1.0,1.0,1.0,1.0,1.0
325.75,4.0,0.0,0.0,0.0,0.0,0.0,0.0,0.0,0.0,0.0,0.0,0.0,0.0,0.0,0.0,0.0,0.0,0.0,0.0,0.0,0.0
326.0,1.0,15.716509641811765,16.423308812939858,15.311184177521001,15.50683685468586,14.015893874878012,14.195148202501146,14.173565712119172,13.840253559825793,12.281123848256883,12.38116464527626,1.0,1.0,1.0,1.0,1.0,1.0,1.0,1.0,1.0,1.0
326.25,2.0,14.867747088649226,14.434783048762437,13.490465952271332,14.032641056334876,15.810679165708132,15.259186815037497,14.939874051618775,16.483546982754984,16.891782959988365,16.639281937500442,1.0,1.0,1.0,1.0,1.0,1.0,1.0,1.0,1.0,1.0
326.5,3.0,0.0,0.0,0.0,0.0,0.0,0.0,0.0,0.0,0.0,0.0,0.0,0.0,0.0,0.0,0.0,0.0,0.0,0.0,0.0,0.0
326.75,4.0,15.666647665528885,16.225471080703137,15.336714240080413,15.61144409668901,16.19896337770279,16.44191442188869,16.035120926347176,16.169397958406133,16.134728983427035,16.63094770978654,1.0,1.0,1.0,1.0,1.0,1.0,1.0,1.0,1.0,1.0
327.0,1.0,14.731765739292461,14.876391805088883,14.874576611789932,14.844960732735295,13.365998404397757,13.471044791070597,12.800097273732586,13.387286183467904,13.347698269982487,13.664156655566156,1.0,1.0,1.0,1.0,1.0,1.0,1.0,1.0,1.0,1.0
327.25,2.0,0.0,0.0,0.0,0.0,0.0,0.0,0.0,0.0,0.0,0.0,0.0,0.0,0.0,0.0,0.0,0.0,0.0,0.0,0.0,0.0
327.5,3.0,14.90906131094856,17.154815476179124,15.919463415127279,15.258224887434459,14.985259766004225,14.972907634491923,15.056675358682025,13.349429606927812,12.935052428197402,12.364284774135442,1.0,1.0,1.0,1.0,1.0,1.0,1.0,1.0,1.0,1.0
327.75,4.0,16.235190179018744,16.27123989603984,14.285033494790364,15.048630763266047,16.84634409849898,16.468434766058806,16.933522023663027,17.60205893557027,17.699278694802132,18.576482452691156,1.0,1.0,1.0,1.0,1.0,1.0,1.0,1.0,1.0,1.0
328.0,1.0,14.6256032105688,13.674749273400302,15.02122056253627,15.274981089393012,13.677222592075847,13.695850376105406,12.339878235507374,12.8731192127237,12.770630873899544,13.933914954705589,1.0,1.0,1.0,1.0,1.0,1.0,1.0,1.0,1.0,1.0
328.25,2.0,13.355904220226927,15.235351011523031,14.86085524177453,15.659533572511839,16.137033672077933,16.254416691756155,16.212257546027168,16.273261167822067,16.670858527610775,17.285948156974126,1.0,1.0,1.0,1.0,1.0,1.0,1.0,1.0,1.0,1.0
328.5,3.0,0.0,0.0,0.0,0.0,0.0,0.0,0.0,0.0,0.0,0.0,0.0,0.0,0.0,0.0,0.0,0.0,0.0,0.0,0.0,0.0
328.75,4.0,0.0,0.0,0.0,0.0,0.0,0.0,0.0,0.0,0.0,0.0,0.0,0.0,0.0,0.0,0.0,0.0,0.0,0.0,0.0,0.0
329.0,1.0,13.041902637503984,13.849667768048462,15.470612889582108,14.5427580285644,14.308354632128012,14.632419098516564,13.67637167501755,13.757390405599326,13.985617365317324,15.516444279681433,1.0,1.0,1.0,1.0,1.0,1.0,1.0,1.0,1.0,1.0
329.25,2.0,14.681188546611043,16.198239806222404,15.90535388837321,16.257690611198463,16.816486376168047,17.16205285712879,17.294249465496648,16.69839189628119,17.430857066239728,17.754648357390618,1.0,1.0,1.0,1.0,1.0,1.0,1.0,1.0,1.0,1.0
329.5,3.0,14.48074041047532,15.733880413958566,15.17484264351744,15.383107509859752,15.312882454521468,14.773776359482342,14.880157207293697,14.175003485542543,14.238739383299308,14.024555085899426,1.0,1.0,1.0,1.0,1.0,1.0,1.0,1.0,1.0,1.0
329.75,4.0,16.557810469077083,16.52003824848984,15.742562249301887,16.632032112967273,16.88496305041751,17.058552103122864,18.685901242361087,18.37332025877472,19.212717131041998,18.917774326239616,1.0,1.0,1.0,1.0,1.0,1.0,1.0,1.0,1.0,1.0
330.0,1.0,0.0,0.0,0.0,0.0,0.0,0.0,0.0,0.0,0.0,0.0,0.0,0.0,0.0,0.0,0.0,0.0,0.0,0.0,0.0,0.0
330.25,2.0,0.0,0.0,0.0,0.0,0.0,0.0,0.0,0.0,0.0,0.0,0.0,0.0,0.0,0.0,0.0,0.0,0.0,0.0,0.0,0.0
330.5,3.0,15.450077167410086,16.304953144530913,15.7305147334052,14.098137649094355,14.864553694851406,14.518266278190747,14.268080515884732,14.090150758438805,15.50549614614349,15.918074862318432,1.0,1.0,1.0,1.0,1.0,1.0,1.0,1.0,1.0,1.0
330.75,4.0,16.328023610307977,16.487582223126235,16.46241829224952,16.238222810569454,17.806183359238123,18.594266779798023,20.80870180068131,19.69735826015681,19.998598973689322,19.295711407901166,1.0,1.0,1.0,1.0,1.0,1.0,1.0,1.0,1.0,1.0
331.0,1.0,13.329793686988902,15.008356492277125,13.511493630670017,12.770629452730184,13.905447662355586,14.26232728670725,14.233497039888855,13.559601268089468,14.472002836419781,14.481296748973817,1.0,1.0,1.0,1.0,1.0,1.0,1.0,1.0,1.0,1.0
331.25,2.0,18.290410789595974,19.201470296276977,18.001138672063764,17.38072304935323,17.80307991873901,17.888230299703164,18.440362295702514,18.207061993569493,18.585234901112358,17.769601364596006,1.0,1.0,1.0,1.0,1.0,1.0,1.0,1.0,1.0,1.0
331.5,3.0,0.0,0.0,0.0,0.0,0.0,0.0,0.0,0.0,0.0,0.0,0.0,0.0,0.0,0.0,0.0,0.0,0.0,0.0,0.0,0.0
331.75,4.0,15.311350656854332,16.071390253531693,16.61232420461687,17.56331375507455,18.673345236627235,19.863880513386572,20.71113858401463,19.701721649146297,19.46612042642103,18.97274725440382,1.0,1.0,1.0,1.0,1.0,1.0,1.0,1.0,1.0,1.0
332.0,1.0,14.172856831644985,15.505344352122043,13.258929704252331,13.2594376255349,15.153752068271148,15.086186471741714,14.48542532876852,14.100729900201898,14.241104661720534,15.390738629024803,1.0,1.0,1.0,1.0,1.0,1.0,1.0,1.0,1.0,1.0
332.25,2.0,0.0,0.0,0.0,0.0,0.0,0.0,0.0,0.0,0.0,0.0,0.0,0.0,0.0,0.0,0.0,0.0,0.0,0.0,0.0,0.0
332.5,3.0,16.36476565588898,16.39279921693937,14.911399319988453,14.402695675565772,15.87884975350567,16.02664771418985,16.99387389320216,16.463291373130215,16.97817577487254,17.962037202154583,1.0,1.0,1.0,1.0,1.0,1.0,1.0,1.0,1.0,1.0
332.75,4.0,15.787356047488935,15.732689244306448,15.472678904073524,18.02298923315264,19.028535551335253,19.277268893135364,20.50173364882986,21.116569694623387,20.73313441903604,20.49789588301771,1.0,1.0,1.0,1.0,1.0,1.0,1.0,1.0,1.0,1.0
333.0,1.0,0.0,0.0,0.0,0.0,0.0,0.0,0.0,0.0,0.0,0.0,0.0,0.0,0.0,0.0,0.0,0.0,0.0,0.0,0.0,0.0
333.25,2.0,18.43970939701065,20.00957389475469,18.654018314955735,17.516614191662796,17.942502701040926,18.667236624027666,19.14767893592878,19.443174278490584,19.612783647684424,18.523774405702202,1.0,1.0,1.0,1.0,1.0,1.0,1.0,1.0,1.0,1.0
333.5,3.0,16.32872568707422,15.896266847057104,15.679295090877574,15.572014851553494,16.821464304294278,17.32773464502656,18.145892497842777,17.47088654159736,17.64853449089701,18.423847840806893,1.0,1.0,1.0,1.0,1.0,1.0,1.0,1.0,1.0,1.0
333.75,4.0,0.0,0.0,0.0,0.0,0.0,0.0,0.0,0.0,0.0,0.0,0.0,0.0,0.0,0.0,0.0,0.0,0.0,0.0,0.0,0.0
334.0,1.0,14.34879048493286,13.939226225496228,13.070441537751691,13.941405307466352,15.540719812158725,14.964408920916823,15.840627983832906,16.533541309621743,16.058653334935105,15.961450027393594,1.0,1.0,1.0,1.0,1.0,1.0,1.0,1.0,1.0,1.0
334.25,2.0,17.707288964740094,19.379766217048708,19.338427205773772,18.820147672603635,18.984900227286005,19.207523256265794,19.8839102433612,18.945801469096928,18.44762811715209,17.570723065480028,1.0,1.0,1.0,1.0,1.0,1.0,1.0,1.0,1.0,1.0
334.5,3.0,0.0,0.0,0.0,0.0,0.0,0.0,0.0,0.0,0.0,0.0,0.0,0.0,0.0,0.0,0.0,0.0,0.0,0.0,0.0,0.0
334.75,4.0,14.89363286464808,15.243492804930474,17.361545721306868,19.31801707180735,20.55404410625193,19.6584251658656,20.153456600784857,20.491513866726233,18.684993461286755,18.838279642840348,1.0,1.0,1.0,1.0,1.0,1.0,1.0,1.0,1.0,1.0
335.0,1.0,11.889117972674875,13.241641824478698,13.375187512937995,13.013937790785084,15.50323057487446,15.347639700603397,16.389599223063538,16.646964609479973,15.899305615099657,14.969458277537928,1.0,1.0,1.0,1.0,1.0,1.0,1.0,1.0,1.0,1.0
335.25,2.0,0.0,0.0,0.0,0.0,0.0,0.0,0.0,0.0,0.0,0.0,0.0,0.0,0.0,0.0,0.0,0.0,0.0,0.0,0.0,0.0
335.5,3.0,15.738762372591395,15.696240600481795,16.292072174970805,17.527729458857713,18.462488916653776,18.129457708319247,18.999510851470966,18.795431975059458,18.92341850145857,19.16668965046764,1.0,1.0,1.0,1.0,1.0,1.0,1.0,1.0,1.0,1.0
335.75,4.0,15.278339243674072,16.545324047557518,17.84933058497609,19.284137679167326,20.824052519101794,19.290918023440312,19.09984010604268,19.52204218707637,17.974195645438336,17.151184772472014,1.0,1.0,1.0,1.0,1.0,1.0,1.0,1.0,1.0,1.0
336.0,1.0,12.378253850186109,13.547434493771172,13.252609089765,14.466543253046135,16.94440057610821,16.185126128979768,16.06054332217414,15.374868126100921,14.937212729955277,15.283311133676715,1.0,1.0,1.0,1.0,1.0,1.0,1.0,1.0,1.0,1.0
336.25,2.0,18.206904361397964,19.32020771147006,21.070149293521638,20.73880520576689,19.368856957707564,17.3466997613701,17.246658508748197,16.91898492385744,16.468515850351714,15.62730331086964,1.0,1.0,1.0,1.0,1.0,1.0,1.0,1.0,1.0,1.0
336.5,3.0,0.0,0.0,0.0,0.0,0.0,0.0,0.0,0.0,0.0,0.0,0.0,0.0,0.0,0.0,0.0,0.0,0.0,0.0,0.0,0.0
336.75,4.0,16.55815982302026,17.493678538143527,18.546918888669527,18.30132027477905,20.08236239468865,19.781321048756098,19.15873985358834,18.636044259896707,17.423067555311587,16.451808363786537,1.0,1.0,1.0,1.0,1.0,1.0,1.0,1.0,1.0,1.0
337.0,1.0,13.87815420205087,14.278560876523102,13.932046865478647,16.0967891095207,17.404804543338958,16.208862850034176,15.312943225849363,14.810358915052241,14.869382906910785,15.158361712170377,1.0,1.0,1.0,1.0,1.0,1.0,1.0,1.0,1.0,1.0
337.25,2.0,18.40362718103176,18.923990209803957,19.99606478508377,19.704004421938436,17.916671353346405,16.65989546649348,17.056509648932874,16.27094148975808,15.434562056637354,15.066025321302442,1.0,1.0,1.0,1.0,1.0,1.0,1.0,1.0,1.0,1.0
337.5,3.0,14.877526328853143,16.540382746170593,18.64042036586245,18.49344368779771,19.759537630817118,18.99080593969609,19.125900727478253,18.956994750399346,18.625233218653968,17.88050765507948,1.0,1.0,1.0,1.0,1.0,1.0,1.0,1.0,1.0,1.0
337.75,4.0,17.229898336954985,18.81096589038751,19.198680822873097,19.394597195784502,20.122447224140338,19.725759923229347,18.81025544815566,18.464719174568,17.64816341398106,17.015941296739598,1.0,1.0,1.0,1.0,1.0,1.0,1.0,1.0,1.0,1.0
338.0,1.0,0.0,0.0,0.0,0.0,0.0,0.0,0.0,0.0,0.0,0.0,0.0,0.0,0.0,0.0,0.0,0.0,0.0,0.0,0.0,0.0
338.25,2.0,0.0,0.0,0.0,0.0,0.0,0.0,0.0,0.0,0.0,0.0,0.0,0.0,0.0,0.0,0.0,0.0,0.0,0.0,0.0,0.0
338.5,3.0,15.435043938606366,17.185981164303104,18.652132455960757,17.848030618300854,18.251426110606968,17.698606631894755,18.23199763896889,18.067678673508784,17.146965630705832,16.853185709722094,1.0,1.0,1.0,1.0,1.0,1.0,1.0,1.0,1.0,1.0
338.75,4.0,0.0,0.0,0.0,0.0,0.0,0.0,0.0,0.0,0.0,0.0,0.0,0.0,0.0,0.0,0.0,0.0,0.0,0.0,0.0,0.0
339.0,1.0,15.810406542406685,15.865234417652092,15.234397869531024,15.795975473748086,15.50975475475114,15.676172723832783,15.302278209731439,14.637465234159986,14.566705439593575,14.7109579494305,1.0,1.0,1.0,1.0,1.0,1.0,1.0,1.0,1.0,1.0
339.25,2.0,18.445545652605645,18.62242731317043,18.832605391509176,18.347547939328095,17.65607292037187,17.920139186070614,18.895244619854267,16.572130124555528,14.874112541111371,14.320064965550088,1.0,1.0,1.0,1.0,1.0,1.0,1.0,1.0,1.0,1.0
339.5,3.0,0.0,0.0,0.0,0.0,0.0,0.0,0.0,0.0,0.0,0.0,0.0,0.0,0.0,0.0,0.0,0.0,0.0,0.0,0.0,0.0
339.75,4.0,18.8086994749013,19.98353105286911,19.516127135749123,18.707687432356103,18.730276885004496,18.33051422148025,18.558295142944225,18.957228956380803,18.466514114202027,17.983892113562167,1.0,1.0,1.0,1.0,1.0,1.0,1.0,1.0,1.0,1.0
340.0,1.0,16.048534533192147,14.897136778590736,13.95699445882596,15.117893849956065,17.110303708638128,16.349741972490992,16.3481168684753,15.575821281818506,15.123413305271994,16.54262595987803,1.0,1.0,1.0,1.0,1.0,1.0,1.0,1.0,1.0,1.0
340.25,2.0,0.0,0.0,0.0,0.0,0.0,0.0,0.0,0.0,0.0,0.0,0.0,0.0,0.0,0.0,0.0,0.0,0.0,0.0,0.0,0.0
340.5,3.0,17.134415343768833,16.701399251818447,18.200389453341945,18.240065030880327,18.30106024371347,17.47822045997764,17.597118944166738,16.936110589378526,17.51791885485073,18.38623844549652,1.0,1.0,1.0,1.0,1.0,1.0,1.0,1.0,1.0,1.0
340.75,4.0,18.96932119595237,19.93072631268771,19.797309002512154,18.969404203808235,19.057796580513898,18.86565995257047,18.291529695091103,18.250171100073935,18.221928749009063,18.563378640052534,1.0,1.0,1.0,1.0,1.0,1.0,1.0,1.0,1.0,1.0
341.0,1.0,0.0,0.0,0.0,0.0,0.0,0.0,0.0,0.0,0.0,0.0,0.0,0.0,0.0,0.0,0.0,0.0,0.0,0.0,0.0,0.0
341.25,2.0,19.992267362195975,19.618855657635766,19.72581709359189,18.51169630442739,16.813783354478698,16.019746171774017,15.355006320265307,14.378910906212143,14.046157461284801,15.017132839221887,1.0,1.0,1.0,1.0,1.0,1.0,1.0,1.0,1.0,1.0
341.5,3.0,0.0,0.0,0.0,0.0,0.0,0.0,0.0,0.0,0.0,0.0,0.0,0.0,0.0,0.0,0.0,0.0,0.0,0.0,0.0,0.0
341.75,4.0,0.0,0.0,0.0,0.0,0.0,0.0,0.0,0.0,0.0,0.0,0.0,0.0,0.0,0.0,0.0,0.0,0.0,0.0,0.0,0.0
342.0,1.0,16.84775136880508,14.365972938725607,14.271836409916942,14.355087058603605,15.177273322390963,15.755488815741954,16.029745654518656,15.75447678759644,16.901024605499906,17.37001356008248,1.0,1.0,1.0,1.0,1.0,1.0,1.0,1.0,1.0,1.0
342.25,2.0,20.15322958786694,18.894944486868372,18.503915765624356,17.411235707700175,16.038286712603522,14.981621988320764,15.221816887137194,14.804001790978587,15.178084786187737,15.577148817994914,1.0,1.0,1.0,1.0,1.0,1.0,1.0,1.0,1.0,1.0
342.5,3.0,0.0,0.0,0.0,0.0,0.0,0.0,0.0,0.0,0.0,0.0,0.0,0.0,0.0,0.0,0.0,0.0,0.0,0.0,0.0,0.0
342.75,4.0,20.12360833627197,19.666101844325095,18.644079823905862,18.521283242892782,17.01994179991513,17.846399612411382,17.358163304865343,18.496257590948453,18.10833905602546,17.754831390163574,1.0,1.0,1.0,1.0,1.0,1.0,1.0,1.0,1.0,1.0
343.0,1.0,16.369253785651694,14.83989662383058,14.140126562576945,15.295420251769452,16.300081843071926,16.30046798845585,16.093977581761852,16.375656410469315,16.502897379288292,16.813532672794818,1.0,1.0,1.0,1.0,1.0,1.0,1.0,1.0,1.0,1.0
343.25,2.0,0.0,0.0,0.0,0.0,0.0,0.0,0.0,0.0,0.0,0.0,0.0,0.0,0.0,0.0,0.0,0.0,0.0,0.0,0.0,0.0
343.5,3.0,17.529972382432693,17.263121197534574,17.60473787782522,17.593216310285136,18.02090835713403,19.335353426240303,20.35869079980285,19.76796153939794,19.822271955161984,18.951185878808946,1.0,1.0,1.0,1.0,1.0,1.0,1.0,1.0,1.0,1.0
343.75,4.0,19.481566148898313,18.51987538365959,17.819140457668485,17.615609099934805,18.10137944372735,18.318399037781447,17.577012044224585,18.498729204634614,17.489386262393566,17.726020506932,1.0,1.0,1.0,1.0,1.0,1.0,1.0,1.0,1.0,1.0
344.0,1.0,15.43881780153048,14.744475458590058,15.795539313802845,16.029717747181632,16.465230169547276,16.006149991852823,15.747100853374635,15.9396477160925,15.051969956798818,15.339182216894537,1.0,1.0,1.0,1.0,1.0,1.0,1.0,1.0,1.0,1.0
344.25,2.0,19.35070638489115,17.91778398844235,17.85776295373596,17.556051556630436,16.682410439571196,16.524932419507522,16.135731016998804,15.143995983610182,14.11394765193391,15.548033952605882,1.0,1.0,1.0,1.0,1.0,1.0,1.0,1.0,1.0,1.0
344.5,3.0,0.0,0.0,0.0,0.0,0.0,0.0,0.0,0.0,0.0,0.0,0.0,0.0,0.0,0.0,0.0,0.0,0.0,0.0,0.0,0.0
344.75,4.0,18.75327308971797,17.284898653845467,17.24998103674624,17.390654857953322,17.88933240414436,18.023975846591178,17.298956761479968,18.30572481626571,18.50084986518127,19.023827398422124,1.0,1.0,1.0,1.0,1.0,1.0,1.0,1.0,1.0,1.0
345.0,1.0,16.484905205624443,16.92331331108808,17.941439072843842,17.104955781465797,15.447483603899814,14.229187060004792,13.785689394309394,13.49823157838222,13.424513552173714,13.959364151586257,1.0,1.0,1.0,1.0,1.0,1.0,1.0,1.0,1.0,1.0
345.25,2.0,0.0,0.0,0.0,0.0,0.0,0.0,0.0,0.0,0.0,0.0,0.0,0.0,0.0,0.0,0.0,0.0,0.0,0.0,0.0,0.0
345.5,3.0,16.07217941694422,17.225585216490195,17.971657160610807,17.827695551344206,17.187706679371715,18.716086532684418,18.835658288759028,18.103112477433342,18.04006085153266,17.541537586302294,1.0,1.0,1.0,1.0,1.0,1.0,1.0,1.0,1.0,1.0
345.75,4.0,17.916173921659162,16.281391117431095,17.075249610893884,17.84278036439157,18.374682401137804,18.553971890952063,19.4012661606837,19.97212608483983,20.060558737583623,19.699149795450182,1.0,1.0,1.0,1.0,1.0,1.0,1.0,1.0,1.0,1.0
346.0,1.0,0.0,0.0,0.0,0.0,0.0,0.0,0.0,0.0,0.0,0.0,0.0,0.0,0.0,0.0,0.0,0.0,0.0,0.0,0.0,0.0
346.25,2.0,0.0,0.0,0.0,0.0,0.0,0.0,0.0,0.0,0.0,0.0,0.0,0.0,0.0,0.0,0.0,0.0,0.0,0.0,0.0,0.0
346.5,3.0,16.473103416084516,16.845146927172024,16.655537651146137,14.940266238397879,16.609149587686588,17.33136580033976,17.70412645817106,17.408747501389318,18.449894097961984,17.222396263659512,1.0,1.0,1.0,1.0,1.0,1.0,1.0,1.0,1.0,1.0
346.75,4.0,0.0,0.0,0.0,0.0,0.0,0.0,0.0,0.0,0.0,0.0,0.0,0.0,0.0,0.0,0.0,0.0,0.0,0.0,0.0,0.0
347.0,1.0,18.604920078927478,18.67064476235457,17.073998599447684,14.637273851687066,13.331563521549208,13.894437423974331,13.249583331907882,13.019163450566063,14.212865714139832,15.07117284115981,1.0,1.0,1.0,1.0,1.0,1.0,1.0,1.0,1.0,1.0
347.25,2.0,17.990160025821673,18.895126448486362,18.117807884316484,16.59958164342012,16.0944547558997,15.099395974210102,15.237621330064808,15.695885562073617,16.29869538027146,17.901239284621518,1.0,1.0,1.0,1.0,1.0,1.0,1.0,1.0,1.0,1.0
347.5,3.0,0.0,0.0,0.0,0.0,0.0,0.0,0.0,0.0,0.0,0.0,0.0,0.0,0.0,0.0,0.0,0.0,0.0,0.0,0.0,0.0
347.75,4.0,19.44474105413375,18.3306491801821,18.10143089401336,19.88218362542069,21.75902780799567,21.509335805570814,21.447998620066425,20.749892391246178,20.136103367581835,19.990550790880015,1.0,1.0,1.0,1.0,1.0,1.0,1.0,1.0,1.0,1.0
348.0,1.0,19.57080050180947,19.309898995944902,15.910909355256573,14.600148054575104,14.01466325868153,13.788788652532093,13.699536341420085,14.59218037293527,16.003780445969515,16.568969431875548,1.0,1.0,1.0,1.0,1.0,1.0,1.0,1.0,1.0,1.0
348.25,2.0,0.0,0.0,0.0,0.0,0.0,0.0,0.0,0.0,0.0,0.0,0.0,0.0,0.0,0.0,0.0,0.0,0.0,0.0,0.0,0.0
348.5,3.0,17.471667605499114,16.398613122043752,15.626380027390695,14.66421789873375,16.63599335303401,17.338231136037106,18.256413949326575,17.62295842114876,18.190016682730462,17.583845127357595,1.0,1.0,1.0,1.0,1.0,1.0,1.0,1.0,1.0,1.0
348.75,4.0,20.057894930044444,18.83347239875977,18.61507019494105,20.06658735465155,21.65912487789714,20.837248150641102,20.927689995545258,20.14865870177395,18.849399525305003,19.113080856308017,1.0,1.0,1.0,1.0,1.0,1.0,1.0,1.0,1.0,1.0
349.0,1.0,0.0,0.0,0.0,0.0,0.0,0.0,0.0,0.0,0.0,0.0,0.0,0.0,0.0,0.0,0.0,0.0,0.0,0.0,0.0,0.0
349.25,2.0,17.590492512188483,16.025245143972942,15.173761876100123,15.017191314218879,14.774833912265922,14.735742921005034,14.990375583233732,15.63929465831925,16.870371872929894,17.55371046861612,1.0,1.0,1.0,1.0,1.0,1.0,1.0,1.0,1.0,1.0
349.5,3.0,0.0,0.0,0.0,0.0,0.0,0.0,0.0,0.0,0.0,0.0,0.0,0.0,0.0,0.0,0.0,0.0,0.0,0.0,0.0,0.0
349.75,4.0,0.0,0.0,0.0,0.0,0.0,0.0,0.0,0.0,0.0,0.0,0.0,0.0,0.0,0.0,0.0,0.0,0.0,0.0,0.0,0.0
350.0,1.0,17.514610217846975,17.079927823923082,15.25801874469423,14.524350007375347,15.095178662394526,15.666028519022785,16.06152535422498,15.585085211388296,15.943346027431408,16.74612771497608,1.0,1.0,1.0,1.0,1.0,1.0,1.0,1.0,1.0,1.0
350.25,2.0,16.868332777262665,15.532894648073317,15.422631525234511,15.781442347045916,16.153325345227486,16.010713312814545,16.327354913022617,15.89816850217524,16.358448974968255,16.812101921491532,1.0,1.0,1.0,1.0,1.0,1.0,1.0,1.0,1.0,1.0
350.5,3.0,0.0,0.0,0.0,0.0,0.0,0.0,0.0,0.0,0.0,0.0,0.0,0.0,0.0,0.0,0.0,0.0,0.0,0.0,0.0,0.0
350.75,4.0,20.852602396924038,19.181269590365158,18.075667485937547,17.90402667162592,20.18150796412265,20.2420170289982,20.663661596204538,20.15804599029132,19.365025022224053,17.90239007458831,1.0,1.0,1.0,1.0,1.0,1.0,1.0,1.0,1.0,1.0
351.0,1.0,16.718403286525614,15.954835916596696,14.029105595020972,14.519220314776582,15.358763707429654,16.93832831530209,16.429437248009965,16.058728590090315,15.889448059435159,15.860302101142526,1.0,1.0,1.0,1.0,1.0,1.0,1.0,1.0,1.0,1.0
351.25,2.0,0.0,0.0,0.0,0.0,0.0,0.0,0.0,0.0,0.0,0.0,0.0,0.0,0.0,0.0,0.0,0.0,0.0,0.0,0.0,0.0
351.5,3.0,16.725543608991767,15.840388566155656,16.519717760030957,16.76538598909781,16.669287435843884,16.892131657418666,16.63258177066372,18.139774943168412,16.68803018431107,17.039800101791908,1.0,1.0,1.0,1.0,1.0,1.0,1.0,1.0,1.0,1.0
351.75,4.0,20.772903504968014,19.212288831813943,17.79978616539132,18.73787011880606,20.21442644601058,19.629984993165063,18.70399278989351,18.45755096788929,17.346657061605686,16.83651174455927,1.0,1.0,1.0,1.0,1.0,1.0,1.0,1.0,1.0,1.0
352.0,1.0,16.559279066935602,15.426141938990707,13.899455946062135,14.651967973702552,16.532023217422598,17.158684697080798,16.40642553225894,14.903576904868073,15.063634560710657,15.012841825069934,1.0,1.0,1.0,1.0,1.0,1.0,1.0,1.0,1.0,1.0
352.25,2.0,16.5792418336068,16.682806949400486,16.12288705166225,15.941411727317918,15.00733216169949,14.123490142345684,14.037335786760876,14.205049967959914,14.83223034230357,16.39847964881674,1.0,1.0,1.0,1.0,1.0,1.0,1.0,1.0,1.0,1.0
352.5,3.0,0.0,0.0,0.0,0.0,0.0,0.0,0.0,0.0,0.0,0.0,0.0,0.0,0.0,0.0,0.0,0.0,0.0,0.0,0.0,0.0
352.75,4.0,20.315393705900043,18.81378633934909,18.212566785159904,18.661805564039742,19.49991007514499,18.43318904738016,17.929889062090915,17.73213113275172,17.40220997296568,17.24427402790548,1.0,1.0,1.0,1.0,1.0,1.0,1.0,1.0,1.0,1.0
353.0,1.0,16.37890223615717,15.218426716802306,14.508864496054713,15.24539617305637,17.07581650489534,16.56025111146402,16.364118360237605,14.892066252119715,15.422135314030818,15.407279727079949,1.0,1.0,1.0,1.0,1.0,1.0,1.0,1.0,1.0,1.0
353.25,2.0,0.0,0.0,0.0,0.0,0.0,0.0,0.0,0.0,0.0,0.0,0.0,0.0,0.0,0.0,0.0,0.0,0.0,0.0,0.0,0.0
353.5,3.0,17.723785182092204,17.770453981227387,17.271839680567876,17.141577698286095,17.359248620957825,16.342084533866693,17.09974165446655,17.75660759308882,17.765373469400153,18.352345171002824,1.0,1.0,1.0,1.0,1.0,1.0,1.0,1.0,1.0,1.0
353.75,4.0,19.099922357223637,18.6451782149081,18.29383909104995,20.05990925829136,18.097738066416163,17.512451545307982,17.41549759900962,16.79505365234334,16.445003498901745,16.5405841401635,1.0,1.0,1.0,1.0,1.0,1.0,1.0,1.0,1.0,1.0
354.0,1.0,0.0,0.0,0.0,0.0,0.0,0.0,0.0,0.0,0.0,0.0,0.0,0.0,0.0,0.0,0.0,0.0,0.0,0.0,0.0,0.0
354.25,2.0,0.0,0.0,0.0,0.0,0.0,0.0,0.0,0.0,0.0,0.0,0.0,0.0,0.0,0.0,0.0,0.0,0.0,0.0,0.0,0.0
354.5,3.0,17.248847165545822,17.541299740949228,16.661681432317046,17.886960122674964,18.25671636663325,17.80687461978239,17.291778380410733,18.09287385942517,18.430476701579522,19.241948896492048,1.0,1.0,1.0,1.0,1.0,1.0,1.0,1.0,1.0,1.0
354.75,4.0,0.0,0.0,0.0,0.0,0.0,0.0,0.0,0.0,0.0,0.0,0.0,0.0,0.0,0.0,0.0,0.0,0.0,0.0,0.0,0.0
355.0,1.0,16.72953278503053,16.98317331779195,16.23598189071158,15.820362537660086,15.065239896487022,15.91096726013643,15.157270824913386,15.497999576542759,16.159071276444166,16.79501298951537,1.0,1.0,1.0,1.0,1.0,1.0,1.0,1.0,1.0,1.0
355.25,2.0,17.770580569467803,18.397024551491103,18.335376774277307,16.882235791218548,14.398966893358532,13.952195220109468,14.587850109599755,14.608466118353,15.122999271433255,15.60498072428055,1.0,1.0,1.0,1.0,1.0,1.0,1.0,1.0,1.0,1.0
355.5,3.0,0.0,0.0,0.0,0.0,0.0,0.0,0.0,0.0,0.0,0.0,0.0,0.0,0.0,0.0,0.0,0.0,0.0,0.0,0.0,0.0
355.75,4.0,17.71311216840612,18.19999347003266,17.301862436934965,17.695529871081604,18.394197489068343,17.89486191457591,17.13786985621,16.413552394632827,16.68745038279418,16.49298775962019,1.0,1.0,1.0,1.0,1.0,1.0,1.0,1.0,1.0,1.0
356.0,1.0,16.251627885330947,17.501158155574814,17.433714760234164,17.42300733406267,14.957391151002481,15.40304858515258,16.62820620446239,17.220926604523406,17.050877357896375,18.188195800900626,1.0,1.0,1.0,1.0,1.0,1.0,1.0,1.0,1.0,1.0
356.25,2.0,0.0,0.0,0.0,0.0,0.0,0.0,0.0,0.0,0.0,0.0,0.0,0.0,0.0,0.0,0.0,0.0,0.0,0.0,0.0,0.0
356.5,3.0,17.674316723370016,16.207907177342758,16.75946421248499,17.960233141891553,19.116133274284376,17.854487547268693,18.53284221437274,19.833943003566237,19.04347218960639,19.05320989206473,1.0,1.0,1.0,1.0,1.0,1.0,1.0,1.0,1.0,1.0
356.75,4.0,16.690267848726393,16.642908842356466,16.573281569156137,17.58518278203251,17.13385481157415,16.281225338278905,15.72432164651229,15.330404293988732,15.818272503239982,16.417254915578127,1.0,1.0,1.0,1.0,1.0,1.0,1.0,1.0,1.0,1.0
357.0,1.0,0.0,0.0,0.0,0.0,0.0,0.0,0.0,0.0,0.0,0.0,0.0,0.0,0.0,0.0,0.0,0.0,0.0,0.0,0.0,0.0
357.25,2.0,20.115724704900064,19.757596013303175,17.365222495957987,15.667834975199174,14.253727447240623,13.419551235860427,13.180677587169278,13.453369826902003,14.852977505752172,14.846368534183155,1.0,1.0,1.0,1.0,1.0,1.0,1.0,1.0,1.0,1.0
357.5,3.0,0.0,0.0,0.0,0.0,0.0,0.0,0.0,0.0,0.0,0.0,0.0,0.0,0.0,0.0,0.0,0.0,0.0,0.0,0.0,0.0
357.75,4.0,0.0,0.0,0.0,0.0,0.0,0.0,0.0,0.0,0.0,0.0,0.0,0.0,0.0,0.0,0.0,0.0,0.0,0.0,0.0,0.0
358.0,1.0,17.597813749895867,17.89917864143173,16.915012384800796,16.521741596665553,16.534301271078437,16.941435423800534,18.408085909817874,17.95129987578346,17.49728842861952,17.756767659975274,1.0,1.0,1.0,1.0,1.0,1.0,1.0,1.0,1.0,1.0
358.25,2.0,19.615848517358753,18.648911320943263,17.063441615941784,15.354152095117236,14.864665978280645,14.369840713040357,13.586284453393693,13.916582899282874,14.587190194558655,14.550145556036767,1.0,1.0,1.0,1.0,1.0,1.0,1.0,1.0,1.0,1.0
358.5,3.0,17.25496651216514,16.01336244534969,16.748871771762385,16.612279074755406,18.18020627914471,18.17219613207799,18.201437734763797,18.452056046866648,15.905240452632928,15.546243036481288,1.0,1.0,1.0,1.0,1.0,1.0,1.0,1.0,1.0,1.0
358.75,4.0,15.729737289272473,17.387419470189815,17.146643831976046,17.00062617388478,17.083493332832568,16.46444793920746,16.802497401761872,16.81274228866614,16.511571544679935,16.13460303412325,1.0,1.0,1.0,1.0,1.0,1.0,1.0,1.0,1.0,1.0
359.0,1.0,17.58186259911302,17.720701682940454,17.54536794132941,17.624753743867547,17.26887384009628,17.517792206705415,18.986834987513205,18.695442531774777,17.982045496113177,18.293037108009006,1.0,1.0,1.0,1.0,1.0,1.0,1.0,1.0,1.0,1.0
359.25,2.0,0.0,0.0,0.0,0.0,0.0,0.0,0.0,0.0,0.0,0.0,0.0,0.0,0.0,0.0,0.0,0.0,0.0,0.0,0.0,0.0
359.5,3.0,16.725618281469647,16.16010729613094,16.023201475760576,14.46771060617342,15.79134272642888,15.880878364705225,14.972695035560472,15.035028747417808,13.358802981187264,13.56674239992664,1.0,1.0,1.0,1.0,1.0,1.0,1.0,1.0,1.0,1.0
359.75,4.0,17.366406418870426,17.571706280749808,17.53110445272563,17.231036450002552,16.54840513145791,17.469482417552154,17.4442126788818,17.468756260753953,18.09789833435668,17.654159905755314,1.0,1.0,1.0,1.0,1.0,1.0,1.0,1.0,1.0,1.0
360.0,1.0,17.21564567682215,18.79310673010483,17.717691989506125,17.679878728322276,18.149561756619903,18.534012867751514,19.69565462645514,19.101817540803633,18.495701735313737,18.45285829456026,1.0,1.0,1.0,1.0,1.0,1.0,1.0,1.0,1.0,1.0
360.25,2.0,19.774509192084803,18.916492971115673,17.433116205528453,16.878745385657584,15.675373551615111,14.603966999209128,14.825849947327528,15.318609442788114,15.29135615910882,15.535388508593732,1.0,1.0,1.0,1.0,1.0,1.0,1.0,1.0,1.0,1.0
360.5,3.0,0.0,0.0,0.0,0.0,0.0,0.0,0.0,0.0,0.0,0.0,0.0,0.0,0.0,0.0,0.0,0.0,0.0,0.0,0.0,0.0
360.75,4.0,18.052787747453902,18.861960566819135,18.8732912760517,17.241517423162968,16.79087685589145,18.03468269013868,18.054729344155966,17.890016825753225,18.113215768875808,16.826971087093927,1.0,1.0,1.0,1.0,1.0,1.0,1.0,1.0,1.0,1.0
361.0,1.0,17.44841509804432,19.046516967174785,17.92913242578273,18.433065973000126,18.831562341704505,18.29508657661582,18.893570816587236,18.91753319969133,18.339093475291897,18.99688521636803,1.0,1.0,1.0,1.0,1.0,1.0,1.0,1.0,1.0,1.0
361.25,2.0,0.0,0.0,0.0,0.0,0.0,0.0,0.0,0.0,0.0,0.0,0.0,0.0,0.0,0.0,0.0,0.0,0.0,0.0,0.0,0.0
361.5,3.0,17.873062718288235,16.623650617710037,14.195206023544765,14.358222833889432,15.537105765054593,14.125801027461687,13.818708067776138,14.80669148233721,15.195017780126586,15.281699228937327,1.0,1.0,1.0,1.0,1.0,1.0,1.0,1.0,1.0,1.0
361.75,4.0,18.863111539171822,19.98027859973727,19.62022439818085,19.66499370380197,18.04999217661332,17.932307201334275,17.906243925154925,17.624061732030253,18.834395176739616,18.415286645835586,1.0,1.0,1.0,1.0,1.0,1.0,1.0,1.0,1.0,1.0
362.0,1.0,0.0,0.0,0.0,0.0,0.0,0.0,0.0,0.0,0.0,0.0,0.0,0.0,0.0,0.0,0.0,0.0,0.0,0.0,0.0,0.0
362.25,2.0,18.976794958097692,19.515993233118508,19.087056901066223,18.03296255364059,16.164442458277975,14.20030351657042,13.503765119026726,13.92419041063267,14.218542109432107,14.28213847525927,1.0,1.0,1.0,1.0,1.0,1.0,1.0,1.0,1.0,1.0
362.5,3.0,18.11240656120054,16.63167049459339,15.704249321552027,15.584996099696985,15.08662852220627,13.992212322826935,14.972504494469128,15.019193478294223,14.293283032541858,14.088509232969994,1.0,1.0,1.0,1.0,1.0,1.0,1.0,1.0,1.0,1.0
362.75,4.0,0.0,0.0,0.0,0.0,0.0,0.0,0.0,0.0,0.0,0.0,0.0,0.0,0.0,0.0,0.0,0.0,0.0,0.0,0.0,0.0
363.0,1.0,19.008703323422452,19.533050086075782,19.338005049941437,18.25097394480117,17.246869726800007,17.672882373116256,18.943544775827935,19.43360986399242,18.549837437039457,18.886394739265164,1.0,1.0,1.0,1.0,1.0,1.0,1.0,1.0,1.0,1.0
363.25,2.0,19.23577713923821,19.100798829620604,18.60473742118532,17.7452273171327,16.32352431382675,14.969089306715308,14.51734503186055,13.707566988217454,14.328885177485148,13.921645088807933,1.0,1.0,1.0,1.0,1.0,1.0,1.0,1.0,1.0,1.0
363.5,3.0,0.0,0.0,0.0,0.0,0.0,0.0,0.0,0.0,0.0,0.0,0.0,0.0,0.0,0.0,0.0,0.0,0.0,0.0,0.0,0.0
363.75,4.0,19.57535817245044,19.46548325247665,17.965012978211508,18.261848634310034,17.654299778101425,18.25764562701291,18.873926255628298,18.647162101350354,18.628902472413618,19.650694309956904,1.0,1.0,1.0,1.0,1.0,1.0,1.0,1.0,1.0,1.0
364.0,1.0,19.00798632368708,19.441313094021346,19.253511058690965,17.923779570474142,18.586040002494816,18.3386223438945,18.731273247537956,18.235313218627628,17.52017215239623,18.223119857827673,1.0,1.0,1.0,1.0,1.0,1.0,1.0,1.0,1.0,1.0
364.25,2.0,0.0,0.0,0.0,0.0,0.0,0.0,0.0,0.0,0.0,0.0,0.0,0.0,0.0,0.0,0.0,0.0,0.0,0.0,0.0,0.0
364.5,3.0,17.305996599198085,17.080471695700556,14.95323327912418,14.86856631913063,15.549202413676793,14.8663259101785,15.312054649357709,14.793523354469343,14.088950317057071,14.30702820639146,1.0,1.0,1.0,1.0,1.0,1.0,1.0,1.0,1.0,1.0
364.75,4.0,18.208308479591558,17.596328549389074,17.998921844606805,19.362135884244957,18.23452443878422,18.196941464697556,18.310267734812726,18.30393173177818,18.552607345357682,20.464630534352175,1.0,1.0,1.0,1.0,1.0,1.0,1.0,1.0,1.0,1.0
365.0,1.0,0.0,0.0,0.0,0.0,0.0,0.0,0.0,0.0,0.0,0.0,0.0,0.0,0.0,0.0,0.0,0.0,0.0,0.0,0.0,0.0
365.25,2.0,18.27364904044592,19.21226434015191,19.011681312052218,16.7490740591503,16.166618123383937,15.197489135019456,14.504340712295065,14.54357331545184,14.643866267150853,14.376483900549099,1.0,1.0,1.0,1.0,1.0,1.0,1.0,1.0,1.0,1.0
365.5,3.0,0.0,0.0,0.0,0.0,0.0,0.0,0.0,0.0,0.0,0.0,0.0,0.0,0.0,0.0,0.0,0.0,0.0,0.0,0.0,0.0
365.75,4.0,0.0,0.0,0.0,0.0,0.0,0.0,0.0,0.0,0.0,0.0,0.0,0.0,0.0,0.0,0.0,0.0,0.0,0.0,0.0,0.0
366.0,1.0,18.467847960283482,19.07733507453403,17.579813829675498,17.551240994075588,17.034760650058164,17.364568353158035,17.28957257058193,17.06638553720873,16.949844650258306,16.816962524367618,1.0,1.0,1.0,1.0,1.0,1.0,1.0,1.0,1.0,1.0
366.25,2.0,17.428021002255605,18.72169385975855,18.241619317932354,16.8274988917893,16.18473840358266,14.360345475007534,13.16513948718246,12.782265745846862,13.413811757025973,13.350777475831855,1.0,1.0,1.0,1.0,1.0,1.0,1.0,1.0,1.0,1.0
366.5,3.0,16.653539333476143,15.958674515215211,15.878844381859926,16.368832531121175,16.96776783715235,16.572140725694222,15.374366877831104,14.553896573421726,14.808970816056641,15.672089200690337,1.0,1.0,1.0,1.0,1.0,1.0,1.0,1.0,1.0,1.0
366.75,4.0,17.396611901726594,17.716877693811977,18.088812585862833,19.53620156440585,19.10469283378422,19.635925797817315,19.396739768151157,19.48555481655733,19.999032883180636,20.870675199525486,1.0,1.0,1.0,1.0,1.0,1.0,1.0,1.0,1.0,1.0
367.0,1.0,19.007697236387177,19.80051041055912,17.69254781890197,17.564939800190917,17.529166841709827,17.459956448373497,16.703677142253945,16.95242045294685,16.75604340676518,17.4780657733046,1.0,1.0,1.0,1.0,1.0,1.0,1.0,1.0,1.0,1.0
367.25,2.0,0.0,0.0,0.0,0.0,0.0,0.0,0.0,0.0,0.0,0.0,0.0,0.0,0.0,0.0,0.0,0.0,0.0,0.0,0.0,0.0
367.5,3.0,17.66060885967881,16.33430444712349,16.333430911012066,16.438421636498195,17.3624443991625,16.612142772914424,15.320040701800266,15.05094551124238,16.038524695168782,16.51594762325583,1.0,1.0,1.0,1.0,1.0,1.0,1.0,1.0,1.0,1.0
367.75,4.0,18.462336315013278,17.598002265835646,19.03703516003636,19.34524686561009,19.72539735655356,19.227358403591964,19.75172725188847,19.325353287546303,19.211790432797915,20.35896395043136,1.0,1.0,1.0,1.0,1.0,1.0,1.0,1.0,1.0,1.0
368.0,1.0,20.044121495501948,18.972902759210562,17.739766423222754,18.29636045663056,17.416950721939628,18.429099558357763,17.16993980772441,17.623326757092705,17.445117372955828,17.42584467377862,1.0,1.0,1.0,1.0,1.0,1.0,1.0,1.0,1.0,1.0
368.25,2.0,17.88202921112111,17.764308973855535,16.99516778482213,16.487211212056337,15.471011569457556,13.844176148883474,12.844998831131718,12.357347176687707,12.721626519901621,14.44988458117148,1.0,1.0,1.0,1.0,1.0,1.0,1.0,1.0,1.0,1.0
368.5,3.0,0.0,0.0,0.0,0.0,0.0,0.0,0.0,0.0,0.0,0.0,0.0,0.0,0.0,0.0,0.0,0.0,0.0,0.0,0.0,0.0
368.75,4.0,19.05991715664518,17.94729895360442,19.49288337398164,19.07646246492072,18.943412657433885,18.150472104852323,19.116529704660177,19.185688436391107,20.14061162941474,20.37811509215164,1.0,1.0,1.0,1.0,1.0,1.0,1.0,1.0,1.0,1.0
369.0,1.0,19.190043481603063,18.98126857317827,17.870839318751806,18.602619819970183,18.026605350263946,18.171937900315044,16.762374551704873,16.40020251118909,16.627435379986007,16.665841566646666,1.0,1.0,1.0,1.0,1.0,1.0,1.0,1.0,1.0,1.0
369.25,2.0,0.0,0.0,0.0,0.0,0.0,0.0,0.0,0.0,0.0,0.0,0.0,0.0,0.0,0.0,0.0,0.0,0.0,0.0,0.0,0.0
369.5,3.0,16.335268004664194,16.72435649436869,15.845886827497203,14.334698758911683,16.088920129155238,15.122264137578803,14.650765419024296,15.244192452464707,14.79333103642432,15.042103482004231,1.0,1.0,1.0,1.0,1.0,1.0,1.0,1.0,1.0,1.0
369.75,4.0,19.153052379374124,18.848329793908515,19.628964355046286,18.600454125014856,18.045826644179343,18.830452441614966,20.251086649665538,19.93481284543959,20.85165424533853,20.606780728503658,1.0,1.0,1.0,1.0,1.0,1.0,1.0,1.0,1.0,1.0
370.0,1.0,0.0,0.0,0.0,0.0,0.0,0.0,0.0,0.0,0.0,0.0,0.0,0.0,0.0,0.0,0.0,0.0,0.0,0.0,0.0,0.0
370.25,2.0,18.420474667372822,17.826255837321067,17.62731542266168,18.453349882175246,16.612160497718232,16.569557080913516,15.96331797350943,15.507020826374557,16.24038672093886,16.937453946005544,1.0,1.0,1.0,1.0,1.0,1.0,1.0,1.0,1.0,1.0
370.5,3.0,15.899373674680538,16.818261886615396,16.44652627785134,15.165319119328707,15.92387255491409,15.220515466338613,15.19367882748178,15.226916363360738,14.15850415486298,14.718047155869076,1.0,1.0,1.0,1.0,1.0,1.0,1.0,1.0,1.0,1.0
370.75,4.0,0.0,0.0,0.0,0.0,0.0,0.0,0.0,0.0,0.0,0.0,0.0,0.0,0.0,0.0,0.0,0.0,0.0,0.0,0.0,0.0
371.0,1.0,20.257258121072702,18.975093547149772,17.672670682225046,17.441605622654713,17.034759712665817,16.858789023378772,16.674820977865085,17.077570846521283,17.167017700647463,16.668806089210783,1.0,1.0,1.0,1.0,1.0,1.0,1.0,1.0,1.0,1.0
371.25,2.0,18.3547933453829,17.731309700298844,18.110404043822108,18.501671721841404,17.805167255832917,17.4530773894296,16.831713826748334,16.380966466595975,16.72821454086499,17.068665379616174,1.0,1.0,1.0,1.0,1.0,1.0,1.0,1.0,1.0,1.0
371.5,3.0,0.0,0.0,0.0,0.0,0.0,0.0,0.0,0.0,0.0,0.0,0.0,0.0,0.0,0.0,0.0,0.0,0.0,0.0,0.0,0.0
371.75,4.0,19.299347053502817,19.637787004340556,20.692694672380206,20.680992548011208,20.350335697192044,19.985056844214625,20.42433394729718,21.359346574638266,21.20877291362578,21.729554431087486,1.0,1.0,1.0,1.0,1.0,1.0,1.0,1.0,1.0,1.0
372.0,1.0,19.99525959764883,19.21770725596925,17.438843512526788,17.49954810646218,17.29972967838541,17.16968677827724,17.146301328887294,17.010626606502548,17.259036239432664,16.171765402913387,1.0,1.0,1.0,1.0,1.0,1.0,1.0,1.0,1.0,1.0
372.25,2.0,0.0,0.0,0.0,0.0,0.0,0.0,0.0,0.0,0.0,0.0,0.0,0.0,0.0,0.0,0.0,0.0,0.0,0.0,0.0,0.0
372.5,3.0,15.97311925170905,18.183031183953023,17.315895518150285,16.965101850052065,17.129581056604316,16.45261186625006,16.067042697358907,15.640588609203709,16.582627832810882,16.02095151061121,1.0,1.0,1.0,1.0,1.0,1.0,1.0,1.0,1.0,1.0
372.75,4.0,19.030205846454425,20.750698123680753,22.316653679742714,21.128067854256187,19.909720991183434,20.180887287421168,20.9250954368523,21.820150401720056,21.292682635193966,21.05963925237908,1.0,1.0,1.0,1.0,1.0,1.0,1.0,1.0,1.0,1.0
373.0,1.0,19.414331807602814,20.243852928893382,17.7110190298178,16.78414127594105,17.1862578605245,17.754695328571934,18.121938260869182,17.22572077276169,17.21214458471126,16.885212009187935,1.0,1.0,1.0,1.0,1.0,1.0,1.0,1.0,1.0,1.0
373.25,2.0,18.208442595484104,19.180873906897595,19.340974072854678,19.246718993666825,17.929390653331133,17.37796900671278,16.13088766313341,15.708290987584858,16.12732577274348,16.02582095605348,1.0,1.0,1.0,1.0,1.0,1.0,1.0,1.0,1.0,1.0
373.5,3.0,0.0,0.0,0.0,0.0,0.0,0.0,0.0,0.0,0.0,0.0,0.0,0.0,0.0,0.0,0.0,0.0,0.0,0.0,0.0,0.0
373.75,4.0,20.17936264030928,22.369702557858886,22.485982327287175,21.41902845456194,21.19256943126267,21.429359443446796,21.532658413358902,21.75909881601733,21.272358791747994,21.58657735588106,1.0,1.0,1.0,1.0,1.0,1.0,1.0,1.0,1.0,1.0
374.0,1.0,20.28168243620284,20.169604980084333,17.153478202755554,17.024993744588894,18.179983119566586,18.738270590198606,18.389180834590345,17.5075408741497,16.910100734445198,16.859385824251977,1.0,1.0,1.0,1.0,1.0,1.0,1.0,1.0,1.0,1.0
374.25,2.0,18.83836935964197,20.450137252209064,20.054681288334553,18.805836849107006,18.366874616947545,16.820821890965913,16.685080002651617,15.490531977201893,15.189799025448453,15.437505778677956,1.0,1.0,1.0,1.0,1.0,1.0,1.0,1.0,1.0,1.0
374.5,3.0,17.982599897608903,19.90247808173095,19.10338197625417,19.326677966459467,18.84429437582393,18.703291884359633,17.716939187758204,17.90290214376603,17.814893077255753,16.690052371633712,1.0,1.0,1.0,1.0,1.0,1.0,1.0,1.0,1.0,1.0
374.75,4.0,21.670163040388037,20.990491740324092,21.640218377901082,21.632845594407623,22.055969163391474,22.318701531170188,21.437432952786377,21.27285756040596,21.88445832342544,21.294535601089535,1.0,1.0,1.0,1.0,1.0,1.0,1.0,1.0,1.0,1.0
375.0,1.0,0.0,0.0,0.0,0.0,0.0,0.0,0.0,0.0,0.0,0.0,0.0,0.0,0.0,0.0,0.0,0.0,0.0,0.0,0.0,0.0
375.25,2.0,0.0,0.0,0.0,0.0,0.0,0.0,0.0,0.0,0.0,0.0,0.0,0.0,0.0,0.0,0.0,0.0,0.0,0.0,0.0,0.0
375.5,3.0,17.826727327628376,19.72868642334126,19.823426284109203,19.999373591875752,18.967374809726795,18.27277824766478,17.79160503572496,18.066963655009612,18.335226647278418,17.041640047467766,1.0,1.0,1.0,1.0,1.0,1.0,1.0,1.0,1.0,1.0
375.75,4.0,0.0,0.0,0.0,0.0,0.0,0.0,0.0,0.0,0.0,0.0,0.0,0.0,0.0,0.0,0.0,0.0,0.0,0.0,0.0,0.0
376.0,1.0,19.604265595976372,20.12458173948364,19.4043579901972,19.314434684077213,18.60910480880518,18.41884781751861,18.098080909694186,17.815231646998605,17.073748318655507,17.259584314053974,1.0,1.0,1.0,1.0,1.0,1.0,1.0,1.0,1.0,1.0
376.25,2.0,20.10728975385795,19.49110590209724,18.304481821102833,19.006305850948678,17.203847752191674,15.136498334526879,14.83867554377602,15.12580790016028,15.554385597056694,16.064230207103087,1.0,1.0,1.0,1.0,1.0,1.0,1.0,1.0,1.0,1.0
376.5,3.0,0.0,0.0,0.0,0.0,0.0,0.0,0.0,0.0,0.0,0.0,0.0,0.0,0.0,0.0,0.0,0.0,0.0,0.0,0.0,0.0
376.75,4.0,21.44158102646717,21.99877539682249,24.002298794895154,23.838893998540303,21.955620425390823,21.354431988556325,20.573004496043875,19.762773942741987,20.02605795806752,20.52472301132095,1.0,1.0,1.0,1.0,1.0,1.0,1.0,1.0,1.0,1.0
377.0,1.0,19.28976097212094,18.888342585434245,18.153602482420474,18.427160157568238,19.261259555793433,18.409529263853425,18.23994868343602,17.839948224926363,17.876381506077035,17.319156592944136,1.0,1.0,1.0,1.0,1.0,1.0,1.0,1.0,1.0,1.0
377.25,2.0,0.0,0.0,0.0,0.0,0.0,0.0,0.0,0.0,0.0,0.0,0.0,0.0,0.0,0.0,0.0,0.0,0.0,0.0,0.0,0.0
377.5,3.0,20.071793733552163,20.219504614902323,18.749534874986114,18.120857639317162,17.81249897323247,17.43797580160332,16.93321336661565,16.85033102847785,16.458120850141526,16.82944284718621,1.0,1.0,1.0,1.0,1.0,1.0,1.0,1.0,1.0,1.0
377.75,4.0,21.62230758111447,23.14840000546684,24.459814612472798,23.193686854676603,20.394913325767206,19.78508649187493,19.17062204459871,19.061121036949565,20.54890527332276,20.420928968594662,1.0,1.0,1.0,1.0,1.0,1.0,1.0,1.0,1.0,1.0
378.0,1.0,0.0,0.0,0.0,0.0,0.0,0.0,0.0,0.0,0.0,0.0,0.0,0.0,0.0,0.0,0.0,0.0,0.0,0.0,0.0,0.0
378.25,2.0,18.701809082970943,19.089951409873123,18.373366070345813,16.584490549688606,15.87671334942895,14.79841275785562,14.619960381427616,14.76418665719447,14.897158159213063,14.699489532284336,1.0,1.0,1.0,1.0,1.0,1.0,1.0,1.0,1.0,1.0
378.5,3.0,0.0,0.0,0.0,0.0,0.0,0.0,0.0,0.0,0.0,0.0,0.0,0.0,0.0,0.0,0.0,0.0,0.0,0.0,0.0,0.0
378.75,4.0,0.0,0.0,0.0,0.0,0.0,0.0,0.0,0.0,0.0,0.0,0.0,0.0,0.0,0.0,0.0,0.0,0.0,0.0,0.0,0.0
379.0,1.0,18.743090111079074,19.755049835529977,18.409100024670547,18.356524026933215,18.58458101329599,17.510987277182,17.86978661123434,17.388407755811617,16.144874048594396,15.525126847061106,1.0,1.0,1.0,1.0,1.0,1.0,1.0,1.0,1.0,1.0
379.25,2.0,16.823295398195622,18.647292450906896,18.232603551898404,15.980486957682649,15.145393877907177,14.960777869741444,15.177323703161816,14.701077803212868,14.39315880898544,14.47394963298185,1.0,1.0,1.0,1.0,1.0,1.0,1.0,1.0,1.0,1.0
379.5,3.0,0.0,0.0,0.0,0.0,0.0,0.0,0.0,0.0,0.0,0.0,0.0,0.0,0.0,0.0,0.0,0.0,0.0,0.0,0.0,0.0
379.75,4.0,22.22890798140855,22.26007505855527,20.676021618867612,18.996195967988683,19.068588636865606,18.550761223796894,18.93648571282648,18.688807246314333,18.839978953300736,19.149416544180717,1.0,1.0,1.0,1.0,1.0,1.0,1.0,1.0,1.0,1.0
380.0,1.0,18.618777918057553,18.629345241868677,17.42531297981219,17.41412759973179,19.20580512292116,17.506634160863385,17.043362039979193,15.632806140404632,15.973620158044316,15.491333287039957,1.0,1.0,1.0,1.0,1.0,1.0,1.0,1.0,1.0,1.0
380.25,2.0,0.0,0.0,0.0,0.0,0.0,0.0,0.0,0.0,0.0,0.0,0.0,0.0,0.0,0.0,0.0,0.0,0.0,0.0,0.0,0.0
380.5,3.0,18.229961906203712,17.62811397282556,17.60293909382644,17.637659188466248,17.00386029330992,16.21118755558662,16.135846178814056,16.528087805595614,17.843489178478308,16.768425165058172,1.0,1.0,1.0,1.0,1.0,1.0,1.0,1.0,1.0,1.0
380.75,4.0,21.26503279015951,20.677154116725568,19.07568382798465,18.354023645841526,19.896010883757405,18.63291473610161,18.572600060516393,18.04202192742982,17.839919121556175,18.112948742972854,1.0,1.0,1.0,1.0,1.0,1.0,1.0,1.0,1.0,1.0
381.0,1.0,18.54294538715115,18.613788478362,17.810257554014406,17.026607629587247,17.187332025806402,17.161755524423402,17.283759186952302,16.523325829546458,16.360182103007094,16.63248906915871,1.0,1.0,1.0,1.0,1.0,1.0,1.0,1.0,1.0,1.0
381.25,2.0,15.502146694204352,15.947350271019983,16.06747474112279,15.030400849758731,15.789420437927669,15.76105805479609,15.523442531050955,15.055436304341072,14.302231777167785,13.888056865967732,1.0,1.0,1.0,1.0,1.0,1.0,1.0,1.0,1.0,1.0
381.5,3.0,0.0,0.0,0.0,0.0,0.0,0.0,0.0,0.0,0.0,0.0,0.0,0.0,0.0,0.0,0.0,0.0,0.0,0.0,0.0,0.0
381.75,4.0,20.980508432217075,19.974529478421108,18.220378937310176,19.157161211249207,19.603712453308976,18.707840118801755,17.87843904262938,17.046717024763534,17.603266394692486,17.771296465634734,1.0,1.0,1.0,1.0,1.0,1.0,1.0,1.0,1.0,1.0
382.0,1.0,18.234551592479214,17.480454436134565,17.75568656160352,16.429157375807826,16.088280777732454,16.930887770585272,17.14264042430164,16.371591549946523,16.274224787454333,16.781889277442144,1.0,1.0,1.0,1.0,1.0,1.0,1.0,1.0,1.0,1.0
382.25,2.0,14.890233706808132,16.053352503176022,15.591631947457218,14.482281877137247,15.15429789265877,14.608553231659295,14.519215900098217,14.359921533117406,14.092736827298067,14.57527977050338,1.0,1.0,1.0,1.0,1.0,1.0,1.0,1.0,1.0,1.0
382.5,3.0,17.47981442291104,17.40751960466404,19.06827953833109,18.494305963698785,16.81162855880182,16.316799973321476,15.482860676896172,16.317592281140186,16.02603458788474,16.061449955349037,1.0,1.0,1.0,1.0,1.0,1.0,1.0,1.0,1.0,1.0
382.75,4.0,21.926827413861528,19.40403888644333,18.99471138474257,19.337735194451415,18.880754440822813,18.26866244283467,17.95889615984708,17.60881759553452,17.980723122387115,18.263368380065828,1.0,1.0,1.0,1.0,1.0,1.0,1.0,1.0,1.0,1.0
383.0,1.0,0.0,0.0,0.0,0.0,0.0,0.0,0.0,0.0,0.0,0.0,0.0,0.0,0.0,0.0,0.0,0.0,0.0,0.0,0.0,0.0
383.25,2.0,0.0,0.0,0.0,0.0,0.0,0.0,0.0,0.0,0.0,0.0,0.0,0.0,0.0,0.0,0.0,0.0,0.0,0.0,0.0,0.0
383.5,3.0,18.0359634834528,18.113010239440836,18.47767904710599,18.114267532696616,16.509558987809747,16.32052298195731,15.794677541681182,16.64587838224603,15.115000274444032,15.196042983667143,1.0,1.0,1.0,1.0,1.0,1.0,1.0,1.0,1.0,1.0
383.75,4.0,0.0,0.0,0.0,0.0,0.0,0.0,0.0,0.0,0.0,0.0,0.0,0.0,0.0,0.0,0.0,0.0,0.0,0.0,0.0,0.0
384.0,1.0,18.47694413525877,17.54853234049791,16.332764059353558,15.938605015000205,16.676728816456702,17.351476726270924,17.64569615754201,17.610786108594432,17.360760131641786,17.276439383038515,1.0,1.0,1.0,1.0,1.0,1.0,1.0,1.0,1.0,1.0
384.25,2.0,14.9685239610176,16.734412061404125,15.218063500104561,15.359847220066694,15.057290579067326,15.219113485230373,16.19056662669463,15.535858978818439,15.394370231553406,14.85627993461532,1.0,1.0,1.0,1.0,1.0,1.0,1.0,1.0,1.0,1.0
384.5,3.0,0.0,0.0,0.0,0.0,0.0,0.0,0.0,0.0,0.0,0.0,0.0,0.0,0.0,0.0,0.0,0.0,0.0,0.0,0.0,0.0
384.75,4.0,20.28360054702227,20.208697250193897,19.49135910819787,18.295625266055296,18.72063937470869,17.793714250407117,17.63923490926739,18.20836822337541,17.134565300712328,17.995753996805913,1.0,1.0,1.0,1.0,1.0,1.0,1.0,1.0,1.0,1.0
385.0,1.0,19.320466109990605,17.39083039757469,15.350657232680769,14.805967163245212,15.48312173746346,15.579100914331457,15.456625121593907,16.259332653036264,16.40614976978716,17.70354067904116,1.0,1.0,1.0,1.0,1.0,1.0,1.0,1.0,1.0,1.0
385.25,2.0,0.0,0.0,0.0,0.0,0.0,0.0,0.0,0.0,0.0,0.0,0.0,0.0,0.0,0.0,0.0,0.0,0.0,0.0,0.0,0.0
385.5,3.0,17.45166978159776,18.95592838675336,17.79396533461641,17.515535203757274,16.95905206870111,16.341743345750483,15.246451478062987,14.216238553966868,13.686158995924593,13.43976551941452,1.0,1.0,1.0,1.0,1.0,1.0,1.0,1.0,1.0,1.0
385.75,4.0,19.568065181591066,19.63178158970329,18.807300170648567,17.14055193441001,16.995981590257784,16.620605687577623,17.12916196321992,17.709721577321112,15.879952687526469,16.457449455342832,1.0,1.0,1.0,1.0,1.0,1.0,1.0,1.0,1.0,1.0
386.0,1.0,0.0,0.0,0.0,0.0,0.0,0.0,0.0,0.0,0.0,0.0,0.0,0.0,0.0,0.0,0.0,0.0,0.0,0.0,0.0,0.0
386.25,2.0,15.175752581252913,15.886401915202716,16.731367210692945,15.87794022748449,15.750030615121215,15.073758309069007,14.349030519497811,14.621984472580895,14.271670830855271,15.135180369669445,1.0,1.0,1.0,1.0,1.0,1.0,1.0,1.0,1.0,1.0
386.5,3.0,0.0,0.0,0.0,0.0,0.0,0.0,0.0,0.0,0.0,0.0,0.0,0.0,0.0,0.0,0.0,0.0,0.0,0.0,0.0,0.0
386.75,4.0,0.0,0.0,0.0,0.0,0.0,0.0,0.0,0.0,0.0,0.0,0.0,0.0,0.0,0.0,0.0,0.0,0.0,0.0,0.0,0.0
387.0,1.0,19.08730999643684,17.70323752550379,15.586320463469667,13.834220822790256,14.778556596583734,14.312509617691603,15.67675904353406,16.3829268773217,17.5525982364904,18.78357527062839,1.0,1.0,1.0,1.0,1.0,1.0,1.0,1.0,1.0,1.0
387.25,2.0,14.902362439840596,16.23544097757309,16.56587138899976,15.29414657336528,14.955928503784085,14.422916725059105,13.872458425970164,14.661707648017916,15.329356474441827,16.252440003242715,1.0,1.0,1.0,1.0,1.0,1.0,1.0,1.0,1.0,1.0
387.5,3.0,0.0,0.0,0.0,0.0,0.0,0.0,0.0,0.0,0.0,0.0,0.0,0.0,0.0,0.0,0.0,0.0,0.0,0.0,0.0,0.0
387.75,4.0,18.23510284557344,18.96689292058008,19.455805866996336,18.13094367929512,16.441743488416684,16.275362467650105,16.603341509614896,16.068289656910792,15.278047392050114,16.458063362185044,1.0,1.0,1.0,1.0,1.0,1.0,1.0,1.0,1.0,1.0
388.0,1.0,17.999973917419446,16.23512249081369,14.687300771519425,15.196971735280156,15.671728782265834,15.58721009610072,16.419972084523376,17.808840063322005,19.431251518931898,19.668241409067267,1.0,1.0,1.0,1.0,1.0,1.0,1.0,1.0,1.0,1.0
388.25,2.0,0.0,0.0,0.0,0.0,0.0,0.0,0.0,0.0,0.0,0.0,0.0,0.0,0.0,0.0,0.0,0.0,0.0,0.0,0.0,0.0
388.5,3.0,15.758306479663242,16.135133566570502,14.256876904493408,14.364266409867312,14.379731732688615,13.306726225130575,12.5622223346992,12.837326555822688,12.25034109149916,12.25507547883818,1.0,1.0,1.0,1.0,1.0,1.0,1.0,1.0,1.0,1.0
388.75,4.0,18.329796185830865,19.199564614180375,17.7957882629448,16.581170063403327,15.832104188334872,15.270892413817787,15.710285410497518,16.043458337004225,15.696891453288028,15.490113895531936,1.0,1.0,1.0,1.0,1.0,1.0,1.0,1.0,1.0,1.0
389.0,1.0,17.766516185456695,16.008336128914614,15.458451982344663,15.404232559110378,15.697104026117456,16.22781830310371,17.18269651797395,18.377676406315686,19.47778918257283,19.87705051967223,1.0,1.0,1.0,1.0,1.0,1.0,1.0,1.0,1.0,1.0
389.25,2.0,14.922854921313434,15.928812136643941,13.854220855643671,14.681646436213114,14.578820022616387,14.200177566596656,14.611408899836833,15.06374102729306,16.756433690665062,18.67751988658478,1.0,1.0,1.0,1.0,1.0,1.0,1.0,1.0,1.0,1.0
389.5,3.0,0.0,0.0,0.0,0.0,0.0,0.0,0.0,0.0,0.0,0.0,0.0,0.0,0.0,0.0,0.0,0.0,0.0,0.0,0.0,0.0
389.75,4.0,17.54415461128022,18.33945359772901,16.69821869920699,16.414331691055015,16.377776909838506,15.860039772668138,15.513744931299593,14.573123380930484,13.922852216990998,13.755427641224044,1.0,1.0,1.0,1.0,1.0,1.0,1.0,1.0,1.0,1.0
390.0,1.0,18.09258006598184,15.352913320485639,14.518070657619065,15.653687253274192,15.928187308472834,16.609077705863925,17.156767349575805,18.31588848597652,19.251600574379207,19.382825526975772,1.0,1.0,1.0,1.0,1.0,1.0,1.0,1.0,1.0,1.0
390.25,2.0,0.0,0.0,0.0,0.0,0.0,0.0,0.0,0.0,0.0,0.0,0.0,0.0,0.0,0.0,0.0,0.0,0.0,0.0,0.0,0.0
390.5,3.0,13.824976725258312,12.46931131965924,11.969811997242703,13.069026942962273,12.435017648081974,11.884178372890359,12.098934683459138,12.320362225642329,13.150590341017184,12.938404949613279,1.0,1.0,1.0,1.0,1.0,1.0,1.0,1.0,1.0,1.0
390.75,4.0,15.363472068018083,17.064227114298742,15.723272429914612,17.307896317538273,15.88584444481834,14.663463895724215,13.690181871139318,13.587080723570518,12.92034281105663,12.637795131687076,1.0,1.0,1.0,1.0,1.0,1.0,1.0,1.0,1.0,1.0
391.0,1.0,0.0,0.0,0.0,0.0,0.0,0.0,0.0,0.0,0.0,0.0,0.0,0.0,0.0,0.0,0.0,0.0,0.0,0.0,0.0,0.0
391.25,2.0,0.0,0.0,0.0,0.0,0.0,0.0,0.0,0.0,0.0,0.0,0.0,0.0,0.0,0.0,0.0,0.0,0.0,0.0,0.0,0.0
391.5,3.0,13.073196219789184,11.48475062731807,11.736651621860064,13.089656914041816,12.551505145431125,12.918836270305887,13.24521418270123,12.9004688569109,13.70943377730149,14.141392418030536,1.0,1.0,1.0,1.0,1.0,1.0,1.0,1.0,1.0,1.0
391.75,4.0,0.0,0.0,0.0,0.0,0.0,0.0,0.0,0.0,0.0,0.0,0.0,0.0,0.0,0.0,0.0,0.0,0.0,0.0,0.0,0.0
392.0,1.0,15.736912211790875,15.184944540146693,14.901573013851573,14.225075541572508,15.432328692717096,16.69877461302536,17.065109061254223,18.049974028125245,18.129520085805062,19.206763408062876,1.0,1.0,1.0,1.0,1.0,1.0,1.0,1.0,1.0,1.0
392.25,2.0,12.323843620741203,13.00228578391927,14.450970231354338,13.425572299918187,14.577855306046061,15.120821340303314,16.06860314975727,17.330680149518944,17.145309219519103,16.90747868081711,1.0,1.0,1.0,1.0,1.0,1.0,1.0,1.0,1.0,1.0
392.5,3.0,0.0,0.0,0.0,0.0,0.0,0.0,0.0,0.0,0.0,0.0,0.0,0.0,0.0,0.0,0.0,0.0,0.0,0.0,0.0,0.0
392.75,4.0,13.392928229663395,15.428950395995953,14.759228899541101,13.295734417150387,12.684386501686307,12.650387744323135,13.184045048465943,13.389674146391355,12.7138198981178,12.388551003793665,1.0,1.0,1.0,1.0,1.0,1.0,1.0,1.0,1.0,1.0
393.0,1.0,15.695240382714095,14.9933213383034,14.719565018657153,14.565224242535947,15.577209374335625,17.454833285562476,17.786252241067466,17.66488334027378,18.265090566017403,19.276350054860465,1.0,1.0,1.0,1.0,1.0,1.0,1.0,1.0,1.0,1.0
393.25,2.0,0.0,0.0,0.0,0.0,0.0,0.0,0.0,0.0,0.0,0.0,0.0,0.0,0.0,0.0,0.0,0.0,0.0,0.0,0.0,0.0
393.5,3.0,12.985194523282358,14.23943381445334,14.25288324519577,13.023531680495987,12.586826614812798,13.323429622773714,13.376200549539098,14.902378357783743,16.15106196421406,16.46907178525128,1.0,1.0,1.0,1.0,1.0,1.0,1.0,1.0,1.0,1.0
393.75,4.0,13.795119740840134,15.515986975039702,13.546847294182015,12.813043440247329,13.586791818037542,12.534597755948173,12.590616995924337,12.461434624911773,11.463212390138349,11.539488356137962,1.0,1.0,1.0,1.0,1.0,1.0,1.0,1.0,1.0,1.0
394.0,1.0,0.0,0.0,0.0,0.0,0.0,0.0,0.0,0.0,0.0,0.0,0.0,0.0,0.0,0.0,0.0,0.0,0.0,0.0,0.0,0.0
394.25,2.0,13.645368453889807,14.870470831683564,14.00418883732182,13.092254305584868,15.236295437450215,15.766610873219866,14.918772886925312,15.018829860320228,15.862224250164724,15.083582198497608,1.0,1.0,1.0,1.0,1.0,1.0,1.0,1.0,1.0,1.0
394.5,3.0,0.0,0.0,0.0,0.0,0.0,0.0,0.0,0.0,0.0,0.0,0.0,0.0,0.0,0.0,0.0,0.0,0.0,0.0,0.0,0.0
394.75,4.0,0.0,0.0,0.0,0.0,0.0,0.0,0.0,0.0,0.0,0.0,0.0,0.0,0.0,0.0,0.0,0.0,0.0,0.0,0.0,0.0
395.0,1.0,14.159854644237688,11.97871808348256,14.967522583840891,16.552975244621148,18.688905514035106,17.32644553504277,17.644623890319828,16.78789447597157,17.72242398917977,17.351520310528848,1.0,1.0,1.0,1.0,1.0,1.0,1.0,1.0,1.0,1.0
395.25,2.0,14.059544467645397,14.427696466744388,14.397730169827955,14.276942981256576,15.515321557125889,15.936045677525286,15.416033464159462,15.272840616641076,15.043164063850533,13.944224316338213,1.0,1.0,1.0,1.0,1.0,1.0,1.0,1.0,1.0,1.0
395.5,3.0,0.0,0.0,0.0,0.0,0.0,0.0,0.0,0.0,0.0,0.0,0.0,0.0,0.0,0.0,0.0,0.0,0.0,0.0,0.0,0.0
395.75,4.0,12.575485411194462,13.105166539097993,11.381941412115836,12.990152185555392,13.475123702630595,12.816695864564004,12.122186756071756,11.820681932213372,11.03325956382793,11.421846380184183,1.0,1.0,1.0,1.0,1.0,1.0,1.0,1.0,1.0,1.0
396.0,1.0,13.93214923164857,12.389336805995274,16.354632902206564,17.03575068826072,17.912610293720434,17.619810261018177,17.315962382837956,16.528167820326995,17.489188171134945,16.762933571905524,1.0,1.0,1.0,1.0,1.0,1.0,1.0,1.0,1.0,1.0
396.25,2.0,0.0,0.0,0.0,0.0,0.0,0.0,0.0,0.0,0.0,0.0,0.0,0.0,0.0,0.0,0.0,0.0,0.0,0.0,0.0,0.0
396.5,3.0,14.91720937423373,14.245595585941258,13.853991059830676,14.457034944426871,14.024350982168766,14.854334226659548,14.562390818482601,13.993516349784793,13.8611138242185,14.237980972127342,1.0,1.0,1.0,1.0,1.0,1.0,1.0,1.0,1.0,1.0
396.75,4.0,11.529082938227617,11.757898629038005,12.541137514029058,13.270703938417796,13.185941894208959,12.556462374051264,11.448103416633433,12.506142014534314,12.549423757139143,12.987660482397088,1.0,1.0,1.0,1.0,1.0,1.0,1.0,1.0,1.0,1.0
397.0,1.0,13.254463000145737,14.407340585471696,16.83651141374626,17.757242570823085,17.99425036330589,17.332250130884237,16.368755452776416,16.28571623269945,16.986404328797892,16.789534064573477,1.0,1.0,1.0,1.0,1.0,1.0,1.0,1.0,1.0,1.0
397.25,2.0,12.639678290410135,12.162437966767511,13.310141963646975,13.553910142225453,15.200850996326153,14.570026831103512,14.598783812639903,13.543798965927783,13.397724358033942,13.248199198331559,1.0,1.0,1.0,1.0,1.0,1.0,1.0,1.0,1.0,1.0
397.5,3.0,0.0,0.0,0.0,0.0,0.0,0.0,0.0,0.0,0.0,0.0,0.0,0.0,0.0,0.0,0.0,0.0,0.0,0.0,0.0,0.0
397.75,4.0,11.07006336451978,12.317936943797246,13.028331012717613,13.94558049540451,13.219459437178656,12.912970776878408,12.5401831754042,13.451749069440982,12.496738473033707,12.31909094813165,1.0,1.0,1.0,1.0,1.0,1.0,1.0,1.0,1.0,1.0
398.0,1.0,15.120518168273042,16.394140807487563,18.087811392758294,17.245369979170373,16.567053671210893,15.613546297411252,15.419842178781996,16.242921152939935,17.577633518311494,16.74729066365337,1.0,1.0,1.0,1.0,1.0,1.0,1.0,1.0,1.0,1.0
398.25,2.0,0.0,0.0,0.0,0.0,0.0,0.0,0.0,0.0,0.0,0.0,0.0,0.0,0.0,0.0,0.0,0.0,0.0,0.0,0.0,0.0
398.5,3.0,14.616439767401687,14.465424313307777,13.720222239819169,13.468049126616586,11.565549680813865,11.209766782662353,10.711794444226687,11.469367752994499,10.663027627521727,11.017418128685819,1.0,1.0,1.0,1.0,1.0,1.0,1.0,1.0,1.0,1.0
398.75,4.0,12.944100356332267,13.148269614296181,14.649167864309764,15.24782870372545,13.725150723376265,12.524489426020288,12.310921717702252,13.00869952632618,12.960240058958348,13.148332270081008,1.0,1.0,1.0,1.0,1.0,1.0,1.0,1.0,1.0,1.0
399.0,1.0,0.0,0.0,0.0,0.0,0.0,0.0,0.0,0.0,0.0,0.0,0.0,0.0,0.0,0.0,0.0,0.0,0.0,0.0,0.0,0.0
399.25,2.0,0.0,0.0,0.0,0.0,0.0,0.0,0.0,0.0,0.0,0.0,0.0,0.0,0.0,0.0,0.0,0.0,0.0,0.0,0.0,0.0
399.5,3.0,14.785138580522396,14.581666835153078,13.366947589786776,11.968382124412999,11.370238329867883,10.417960328794607,9.572050379294328,10.775312813765007,10.238322350500919,11.078722582427073,1.0,1.0,1.0,1.0,1.0,1.0,1.0,1.0,1.0,1.0
399.75,4.0,0.0,0.0,0.0,0.0,0.0,0.0,0.0,0.0,0.0,0.0,0.0,0.0,0.0,0.0,0.0,0.0,0.0,0.0,0.0,0.0
400.0,1.0,15.02263665109259,16.581626791425037,17.768194425878498,17.960799335757287,14.910430460865312,13.903882676213007,14.084763375289215,15.371669952146698,16.08798993653949,16.353890279323288,1.0,1.0,1.0,1.0,1.0,1.0,1.0,1.0,1.0,1.0
400.25,2.0,13.764486662913844,13.642718425217188,14.30335914063796,14.042206976940209,13.520281359554223,12.524292659832978,13.48096403805455,13.061563296632581,13.738973578385329,13.402789253628095,1.0,1.0,1.0,1.0,1.0,1.0,1.0,1.0,1.0,1.0
400.5,3.0,0.0,0.0,0.0,0.0,0.0,0.0,0.0,0.0,0.0,0.0,0.0,0.0,0.0,0.0,0.0,0.0,0.0,0.0,0.0,0.0
400.75,4.0,16.205855006620368,16.19743039753075,15.565127077980065,16.3641877483512,13.514757720466916,12.191590574246383,12.36322477839419,12.936291357769813,12.866099645616053,13.497207403629863,1.0,1.0,1.0,1.0,1.0,1.0,1.0,1.0,1.0,1.0
401.0,1.0,16.549663363841123,17.601334933805518,17.731676785514193,17.452745766770978,15.276357904384112,14.545753253761609,14.062440930121928,15.603460406400066,16.137481541789608,16.289103019684063,1.0,1.0,1.0,1.0,1.0,1.0,1.0,1.0,1.0,1.0
401.25,2.0,0.0,0.0,0.0,0.0,0.0,0.0,0.0,0.0,0.0,0.0,0.0,0.0,0.0,0.0,0.0,0.0,0.0,0.0,0.0,0.0
401.5,3.0,15.214216058507892,13.369943027593981,12.394054684781938,12.954419231609243,12.122188951721146,10.97823360055572,11.133190242950269,10.015208276772487,9.852589398602955,9.903244199118145,1.0,1.0,1.0,1.0,1.0,1.0,1.0,1.0,1.0,1.0
401.75,4.0,15.97314154636079,16.224901513911462,16.12899380250357,15.808732847707418,13.611068337005433,12.797599146295198,13.037089420417143,13.55420771679956,12.198895596919463,12.974233895793938,1.0,1.0,1.0,1.0,1.0,1.0,1.0,1.0,1.0,1.0
402.0,1.0,0.0,0.0,0.0,0.0,0.0,0.0,0.0,0.0,0.0,0.0,0.0,0.0,0.0,0.0,0.0,0.0,0.0,0.0,0.0,0.0
402.25,2.0,13.85892969007291,14.226167147963684,14.362293058207053,13.155234719905877,12.825783931129669,12.857275265967768,13.185190992906142,12.709996747315733,12.924683622476884,13.576749644611677,1.0,1.0,1.0,1.0,1.0,1.0,1.0,1.0,1.0,1.0
402.5,3.0,0.0,0.0,0.0,0.0,0.0,0.0,0.0,0.0,0.0,0.0,0.0,0.0,0.0,0.0,0.0,0.0,0.0,0.0,0.0,0.0
402.75,4.0,0.0,0.0,0.0,0.0,0.0,0.0,0.0,0.0,0.0,0.0,0.0,0.0,0.0,0.0,0.0,0.0,0.0,0.0,0.0,0.0
403.0,1.0,17.286962196710544,18.153215072968383,16.613452034149393,15.919193991831687,15.756324779671381,14.67843363443872,13.907713702600784,15.806065244037715,16.226471724163698,16.73896055624921,1.0,1.0,1.0,1.0,1.0,1.0,1.0,1.0,1.0,1.0
403.25,2.0,14.970857656684203,14.112888368317662,12.876415780172502,11.451830927076454,11.860933313125862,12.000660002803894,12.526423733227219,11.819029065520631,12.287811655579176,13.402435204364165,1.0,1.0,1.0,1.0,1.0,1.0,1.0,1.0,1.0,1.0
403.5,3.0,11.835485703699685,13.64954639024912,13.081993109863594,11.221373647377439,12.100906752369138,12.515503872291534,12.907557932782584,12.282441776029742,11.844872866088917,11.451785828837204,1.0,1.0,1.0,1.0,1.0,1.0,1.0,1.0,1.0,1.0
403.75,4.0,15.568176157574594,14.1849132395386,15.29207747070154,14.412703040617307,11.358244269043412,11.014375740726681,12.268990560214087,13.899944587360814,14.137416083004917,13.417604795334926,1.0,1.0,1.0,1.0,1.0,1.0,1.0,1.0,1.0,1.0
404.0,1.0,17.286995588922093,17.351185556076736,15.692031901340572,14.71321530096818,16.095543579631244,14.658987942850704,15.12838394137005,16.598452120833194,16.246104087324323,15.739422425840267,1.0,1.0,1.0,1.0,1.0,1.0,1.0,1.0,1.0,1.0
404.25,2.0,0.0,0.0,0.0,0.0,0.0,0.0,0.0,0.0,0.0,0.0,0.0,0.0,0.0,0.0,0.0,0.0,0.0,0.0,0.0,0.0
404.5,3.0,12.612835600080475,13.075261112719433,11.825663696849036,11.217971962812298,11.6265228016983,12.223679098744782,11.992819459085977,11.953628831125924,11.457867955234626,11.439645681437083,1.0,1.0,1.0,1.0,1.0,1.0,1.0,1.0,1.0,1.0
404.75,4.0,14.657860470837964,15.605732077775203,15.529607936940856,14.108089602560856,12.008250707025221,10.938256882878841,13.027210748646391,13.792970636875765,14.877381155910792,14.28813715640418,1.0,1.0,1.0,1.0,1.0,1.0,1.0,1.0,1.0,1.0
405.0,1.0,18.963422516699286,18.35054938056508,15.428789062757627,13.896126302411092,15.733710900942967,14.326257904520359,14.814639933250307,14.672367704598457,14.908052245803095,14.223252834738362,1.0,1.0,1.0,1.0,1.0,1.0,1.0,1.0,1.0,1.0
405.25,2.0,12.71811600453343,11.482272870684875,11.276858273685336,10.399713575246041,13.085409128076778,13.263538994708489,13.541871183084977,12.126118307726792,12.830718562306798,12.719335035573502,1.0,1.0,1.0,1.0,1.0,1.0,1.0,1.0,1.0,1.0
405.5,3.0,0.0,0.0,0.0,0.0,0.0,0.0,0.0,0.0,0.0,0.0,0.0,0.0,0.0,0.0,0.0,0.0,0.0,0.0,0.0,0.0
405.75,4.0,14.838023694530996,15.374563733759706,14.205035552082984,13.314121087858423,12.773587981656647,11.968119110032681,13.3897451747776,14.002490728776422,14.60930451937856,14.654470151180362,1.0,1.0,1.0,1.0,1.0,1.0,1.0,1.0,1.0,1.0
406.0,1.0,19.451636470139338,18.254751146414332,14.147684075315631,13.106023753449795,15.702358403238259,14.166234017225175,13.968000785397217,14.760076168681257,15.778669665352309,15.646335168872744,1.0,1.0,1.0,1.0,1.0,1.0,1.0,1.0,1.0,1.0
406.25,2.0,0.0,0.0,0.0,0.0,0.0,0.0,0.0,0.0,0.0,0.0,0.0,0.0,0.0,0.0,0.0,0.0,0.0,0.0,0.0,0.0
406.5,3.0,12.722739073311898,11.746998716424947,12.04957360908527,12.147166615857026,11.549840011807367,11.715739364332913,11.342436931746496,12.134636076538479,11.030422309726836,12.023683602460189,1.0,1.0,1.0,1.0,1.0,1.0,1.0,1.0,1.0,1.0
406.75,4.0,14.623865758611142,15.253181646448258,13.662114020162377,13.955745515133357,13.383414987787154,12.180716082870736,13.896803959045332,15.080935504846588,15.71630949272071,14.947390253071097,1.0,1.0,1.0,1.0,1.0,1.0,1.0,1.0,1.0,1.0
407.0,1.0,0.0,0.0,0.0,0.0,0.0,0.0,0.0,0.0,0.0,0.0,0.0,0.0,0.0,0.0,0.0,0.0,0.0,0.0,0.0,0.0
407.25,2.0,11.596897809609349,13.288727394767953,12.92811081061459,13.33473016412406,13.262550528454641,13.075210447924377,12.808890102107574,12.076171418673027,12.325664720360814,12.48230988401899,1.0,1.0,1.0,1.0,1.0,1.0,1.0,1.0,1.0,1.0
407.5,3.0,12.72463224758995,12.08380294771433,13.693949603003041,13.807891134730562,11.09671545841966,11.486588848993456,11.339409797671635,12.526968714722079,11.496500683370048,12.298081939478745,1.0,1.0,1.0,1.0,1.0,1.0,1.0,1.0,1.0,1.0
407.75,4.0,0.0,0.0,0.0,0.0,0.0,0.0,0.0,0.0,0.0,0.0,0.0,0.0,0.0,0.0,0.0,0.0,0.0,0.0,0.0,0.0
408.0,1.0,14.389659297094147,13.947666453716897,13.785603120736718,13.704887012191097,12.025069436845245,11.723274694423212,12.402351032189229,14.825651592018247,15.596146346582008,15.42903593192873,1.0,1.0,1.0,1.0,1.0,1.0,1.0,1.0,1.0,1.0
408.25,2.0,12.117798910133608,13.776431085301427,14.158211586605102,13.36960408231107,14.909769556581479,14.538277129732,13.00214917731158,13.230105152607482,12.94227627399756,13.817172461424711,1.0,1.0,1.0,1.0,1.0,1.0,1.0,1.0,1.0,1.0
408.5,3.0,0.0,0.0,0.0,0.0,0.0,0.0,0.0,0.0,0.0,0.0,0.0,0.0,0.0,0.0,0.0,0.0,0.0,0.0,0.0,0.0
408.75,4.0,15.06480973327703,13.343683043159139,14.29626469645858,13.805269851776556,15.218818994371498,14.388429351460852,14.771683806037469,16.05877304671737,15.817929766792636,15.400146526357776,1.0,1.0,1.0,1.0,1.0,1.0,1.0,1.0,1.0,1.0
409.0,1.0,14.780210251002632,14.26863725799009,13.546997689720214,13.12589871712668,11.892702509484877,12.136141484010707,13.610299811317505,15.179317143696734,16.190266956650824,15.618597890808093,1.0,1.0,1.0,1.0,1.0,1.0,1.0,1.0,1.0,1.0
409.25,2.0,0.0,0.0,0.0,0.0,0.0,0.0,0.0,0.0,0.0,0.0,0.0,0.0,0.0,0.0,0.0,0.0,0.0,0.0,0.0,0.0
409.5,3.0,11.877241955359642,14.092644303163505,13.54353832041594,12.326304140019133,11.803106125410839,12.984115362622635,12.792293123998766,13.289268186934722,13.17535661391969,13.641452637076437,1.0,1.0,1.0,1.0,1.0,1.0,1.0,1.0,1.0,1.0
409.75,4.0,14.883421497846301,13.725798369864739,14.646604336330288,14.20718579472357,14.555340657705369,14.365637354011538,14.462356734258215,15.794855391720652,15.818039741397147,15.236683338686898,1.0,1.0,1.0,1.0,1.0,1.0,1.0,1.0,1.0,1.0
410.0,1.0,14.914709531844576,14.202634109024338,13.563061722189252,13.187351332120988,11.730521526255425,11.234390246318235,13.150663268760862,14.463229935049235,14.653553177680681,14.994533661605528,1.0,1.0,1.0,1.0,1.0,1.0,1.0,1.0,1.0,1.0
410.25,2.0,13.937869367998388,13.132480924660204,13.970081058860428,12.825925595378921,13.991131286379892,14.225623773805818,13.966252371261342,14.351905251290345,14.094612195760732,14.142370306620553,1.0,1.0,1.0,1.0,1.0,1.0,1.0,1.0,1.0,1.0
410.5,3.0,0.0,0.0,0.0,0.0,0.0,0.0,0.0,0.0,0.0,0.0,0.0,0.0,0.0,0.0,0.0,0.0,0.0,0.0,0.0,0.0
410.75,4.0,0.0,0.0,0.0,0.0,0.0,0.0,0.0,0.0,0.0,0.0,0.0,0.0,0.0,0.0,0.0,0.0,0.0,0.0,0.0,0.0
411.0,1.0,14.163881759307964,13.191352937431432,12.623619115301501,11.994901608057408,11.58888647603124,11.65706651515461,13.070686902990738,14.040595373658013,15.16266033530444,15.892901994948941,1.0,1.0,1.0,1.0,1.0,1.0,1.0,1.0,1.0,1.0
411.25,2.0,13.717510629894912,14.231923363606622,14.977080454136797,12.793266264495651,14.226976189768637,15.59212810032542,15.316365325932015,14.543621340179712,14.454447545232153,14.533187756259728,1.0,1.0,1.0,1.0,1.0,1.0,1.0,1.0,1.0,1.0
411.5,3.0,14.923782686088947,14.52891995228051,13.112622397435382,13.231619289220408,13.23276266307316,14.286053917908005,14.251018139885108,14.609959400720143,14.45915333645701,14.11919098873848,1.0,1.0,1.0,1.0,1.0,1.0,1.0,1.0,1.0,1.0
411.75,4.0,13.939092914596017,14.180444229271965,15.291624028875482,16.166769270545082,15.952504811187186,16.23804074820769,15.622739373233756,14.459211855903776,13.995578513004935,13.956742389195576,1.0,1.0,1.0,1.0,1.0,1.0,1.0,1.0,1.0,1.0
412.0,1.0,0.0,0.0,0.0,0.0,0.0,0.0,0.0,0.0,0.0,0.0,0.0,0.0,0.0,0.0,0.0,0.0,0.0,0.0,0.0,0.0
412.25,2.0,0.0,0.0,0.0,0.0,0.0,0.0,0.0,0.0,0.0,0.0,0.0,0.0,0.0,0.0,0.0,0.0,0.0,0.0,0.0,0.0
412.5,3.0,15.224729728241027,15.10073231723634,14.166109028660903,13.687479839708134,13.258507703196583,14.206792215136828,14.0936146705021,14.855394365595412,14.961360771591673,15.379730347744527,1.0,1.0,1.0,1.0,1.0,1.0,1.0,1.0,1.0,1.0
412.75,4.0,13.985682729818585,14.23124349819392,16.058897117542568,16.8208055196167,16.684140823602984,16.617902506552902,15.517055359465047,14.55720070457945,14.074867641144511,13.586226274926789,1.0,1.0,1.0,1.0,1.0,1.0,1.0,1.0,1.0,1.0
413.0,1.0,13.16981779184945,12.910272959946335,12.82811692111634,13.675508681678357,14.509756842704821,13.574634637060724,15.087244976698983,15.536875952029712,16.255469547446964,17.743719840529373,1.0,1.0,1.0,1.0,1.0,1.0,1.0,1.0,1.0,1.0
413.25,2.0,13.64263994645603,14.392172363160217,14.174963506527881,14.37425333230877,13.79571818436475,14.349807475422416,15.124025311453241,15.325684032594385,15.02380383625211,15.478491823391789,1.0,1.0,1.0,1.0,1.0,1.0,1.0,1.0,1.0,1.0
413.5,3.0,0.0,0.0,0.0,0.0,0.0,0.0,0.0,0.0,0.0,0.0,0.0,0.0,0.0,0.0,0.0,0.0,0.0,0.0,0.0,0.0
413.75,4.0,14.148219625512317,14.111103012659623,16.269821221090446,16.76639771715758,16.100378955153786,16.064765245083283,15.290994908220094,15.224696023934294,16.206864100766825,15.890240054533287,1.0,1.0,1.0,1.0,1.0,1.0,1.0,1.0,1.0,1.0
414.0,1.0,12.956300420335122,13.87184450911192,13.96804290598448,14.208433645822028,14.821412653410922,14.64549113127314,15.680999547719459,16.157876061498364,16.8851075291852,18.392714119005152,1.0,1.0,1.0,1.0,1.0,1.0,1.0,1.0,1.0,1.0
414.25,2.0,0.0,0.0,0.0,0.0,0.0,0.0,0.0,0.0,0.0,0.0,0.0,0.0,0.0,0.0,0.0,0.0,0.0,0.0,0.0,0.0
414.5,3.0,15.23954008024266,14.315385781387906,12.58144253928477,12.905629283617369,13.396695066784853,13.903421041019785,13.359719629115428,13.585666804010021,13.649980406772928,13.770541313945138,1.0,1.0,1.0,1.0,1.0,1.0,1.0,1.0,1.0,1.0
414.75,4.0,13.557687786728948,14.04517679068458,15.82602162302536,16.39081887500476,16.168326590260612,16.1434764834645,15.909169312945354,15.913644315058479,16.102041085065032,15.539080704142492,1.0,1.0,1.0,1.0,1.0,1.0,1.0,1.0,1.0,1.0
415.0,1.0,0.0,0.0,0.0,0.0,0.0,0.0,0.0,0.0,0.0,0.0,0.0,0.0,0.0,0.0,0.0,0.0,0.0,0.0,0.0,0.0
415.25,2.0,13.53939143819753,15.233184790542646,14.888614325626934,14.651762012223088,15.477814246328272,15.98732848064183,16.08459055638822,16.768415938945022,16.13933764912391,17.15244060343085,1.0,1.0,1.0,1.0,1.0,1.0,1.0,1.0,1.0,1.0
415.5,3.0,14.410402572485893,14.27267873445561,13.446135399220458,14.108215729361365,12.595931361096792,12.6345107226134,13.280096277048967,13.654915659175032,14.397880751401065,14.875588843993633,1.0,1.0,1.0,1.0,1.0,1.0,1.0,1.0,1.0,1.0
415.75,4.0,0.0,0.0,0.0,0.0,0.0,0.0,0.0,0.0,0.0,0.0,0.0,0.0,0.0,0.0,0.0,0.0,0.0,0.0,0.0,0.0
416.0,1.0,15.049668045737553,14.154614590692711,12.760884508916792,14.225259274775096,14.98488360161895,15.07242688593578,16.42491428903454,16.220121671826,16.319743785554575,17.058763209475124,1.0,1.0,1.0,1.0,1.0,1.0,1.0,1.0,1.0,1.0
416.25,2.0,13.878955183813638,15.327863540251313,14.748284402617509,14.24287892056967,16.447309762394035,16.053825947943306,16.329852243492123,16.28114699044884,15.776225116479727,16.227103033831046,1.0,1.0,1.0,1.0,1.0,1.0,1.0,1.0,1.0,1.0
416.5,3.0,0.0,0.0,0.0,0.0,0.0,0.0,0.0,0.0,0.0,0.0,0.0,0.0,0.0,0.0,0.0,0.0,0.0,0.0,0.0,0.0
416.75,4.0,15.148302219266737,14.742428578909703,15.399495809740387,15.999711566965379,14.250589949938437,15.227897596888566,15.263161598195293,15.647555858250062,16.064544351524546,15.939577652086037,1.0,1.0,1.0,1.0,1.0,1.0,1.0,1.0,1.0,1.0
417.0,1.0,15.008598039300908,14.33898743818711,14.460626919674736,15.775107848244463,15.790261991408853,15.500268992760533,16.455639389167892,15.800179213896026,16.24003507314555,17.038029334453938,1.0,1.0,1.0,1.0,1.0,1.0,1.0,1.0,1.0,1.0
417.25,2.0,0.0,0.0,0.0,0.0,0.0,0.0,0.0,0.0,0.0,0.0,0.0,0.0,0.0,0.0,0.0,0.0,0.0,0.0,0.0,0.0
417.5,3.0,14.287554135200194,14.701253866577119,13.325468403632987,13.207104368494306,13.856442141427872,13.786713652126982,14.345898227417905,13.917760358766284,15.119606839340754,16.64294204283578,1.0,1.0,1.0,1.0,1.0,1.0,1.0,1.0,1.0,1.0
417.75,4.0,14.619674277082607,14.634711767313075,16.02659443724075,16.10079697650775,14.939898062146446,15.54151145448008,15.655254557709593,15.538031852971713,15.75233095072122,16.364921505113966,1.0,1.0,1.0,1.0,1.0,1.0,1.0,1.0,1.0,1.0
418.0,1.0,14.75656775447187,14.240196125990044,14.389574789199592,15.132297097258945,16.660962844467463,16.115408313425064,17.138320642799446,16.478940757540546,16.600962936285978,17.736874167670912,1.0,1.0,1.0,1.0,1.0,1.0,1.0,1.0,1.0,1.0
418.25,2.0,15.02031653300514,14.403354447315259,14.682325664755906,16.42911065307092,15.862549145544312,16.607125653790384,17.744462111280768,16.531193657337656,16.66930874589758,15.05606138665397,1.0,1.0,1.0,1.0,1.0,1.0,1.0,1.0,1.0,1.0
418.5,3.0,0.0,0.0,0.0,0.0,0.0,0.0,0.0,0.0,0.0,0.0,0.0,0.0,0.0,0.0,0.0,0.0,0.0,0.0,0.0,0.0
418.75,4.0,13.730919630966756,15.181415159660549,15.688335722584766,16.05620978459827,15.29304132036161,16.70025099964016,16.830086914876315,16.214767457328993,16.4303243498821,17.50125728095194,1.0,1.0,1.0,1.0,1.0,1.0,1.0,1.0,1.0,1.0
419.0,1.0,12.796161549375483,13.585831583629489,13.964899995709896,15.539191566298056,15.981624764049009,16.517781879641248,17.344005027659563,16.65293544595406,17.488257870815165,17.621254640958487,1.0,1.0,1.0,1.0,1.0,1.0,1.0,1.0,1.0,1.0
419.25,2.0,14.904881215544908,14.305787955430526,15.741836544006215,17.37957958137215,16.448985410234396,16.447961801502526,17.19741999607301,15.602726159600154,16.01245956057585,14.66207984517083,1.0,1.0,1.0,1.0,1.0,1.0,1.0,1.0,1.0,1.0
419.5,3.0,12.478440730020608,13.302783750269992,13.324444118011176,15.303345168088693,16.570517921435012,16.260947004203512,15.59999991593208,15.493087062442113,15.363451106850315,15.275626816783873,1.0,1.0,1.0,1.0,1.0,1.0,1.0,1.0,1.0,1.0
419.75,4.0,13.116517098515185,14.681592697998248,16.365228807790896,16.672396626515393,16.855991161319864,17.409015757713835,17.473302976705476,17.43253334145992,15.867136307354926,16.485786930521815,1.0,1.0,1.0,1.0,1.0,1.0,1.0,1.0,1.0,1.0
420.0,1.0,0.0,0.0,0.0,0.0,0.0,0.0,0.0,0.0,0.0,0.0,0.0,0.0,0.0,0.0,0.0,0.0,0.0,0.0,0.0,0.0
420.25,2.0,0.0,0.0,0.0,0.0,0.0,0.0,0.0,0.0,0.0,0.0,0.0,0.0,0.0,0.0,0.0,0.0,0.0,0.0,0.0,0.0
420.5,3.0,12.179041405590716,13.521685411718803,15.233372373785398,15.580638227359383,16.4605507211322,16.761332648081293,17.04015843903363,15.714910262475115,15.07265757921412,14.135980082983732,1.0,1.0,1.0,1.0,1.0,1.0,1.0,1.0,1.0,1.0
420.75,4.0,0.0,0.0,0.0,0.0,0.0,0.0,0.0,0.0,0.0,0.0,0.0,0.0,0.0,0.0,0.0,0.0,0.0,0.0,0.0,0.0
421.0,1.0,13.705340681748046,15.636056677158173,16.9992835777094,16.965547488607022,16.25782596782889,16.91608127125814,17.1064817812809,15.943987124610764,16.911236479743472,15.939895396018674,1.0,1.0,1.0,1.0,1.0,1.0,1.0,1.0,1.0,1.0
421.25,2.0,15.109298040434467,15.079871009028482,15.372009837656183,17.11811418570234,15.458939542778324,15.611526195749649,15.453385129520015,13.913689592756299,14.028249182198131,13.059453327157422,1.0,1.0,1.0,1.0,1.0,1.0,1.0,1.0,1.0,1.0
421.5,3.0,0.0,0.0,0.0,0.0,0.0,0.0,0.0,0.0,0.0,0.0,0.0,0.0,0.0,0.0,0.0,0.0,0.0,0.0,0.0,0.0
421.75,4.0,12.333747744999924,13.10904369811652,16.24228482401847,17.100454638007285,18.308282334066284,18.243386528472218,17.675967266426607,17.430566422154413,15.638778629177652,14.814816770504141,1.0,1.0,1.0,1.0,1.0,1.0,1.0,1.0,1.0,1.0
422.0,1.0,14.67853351070689,17.607030463085465,17.505288167696616,16.771582076388,16.930159220308152,17.396994131760795,17.766003100731336,16.516189493435036,16.383032031115224,15.786785866031899,1.0,1.0,1.0,1.0,1.0,1.0,1.0,1.0,1.0,1.0
422.25,2.0,0.0,0.0,0.0,0.0,0.0,0.0,0.0,0.0,0.0,0.0,0.0,0.0,0.0,0.0,0.0,0.0,0.0,0.0,0.0,0.0
422.5,3.0,13.19951140405993,15.114556359907224,15.584717298190416,16.332582469988424,17.03227712657961,15.84455014289912,14.821413150274768,14.192069271194116,13.885499763218478,13.649007106975029,1.0,1.0,1.0,1.0,1.0,1.0,1.0,1.0,1.0,1.0
422.75,4.0,12.340583315383057,14.614812189133056,17.577612352256605,17.153835064846614,18.02349088643472,18.60077165470604,17.683114785258386,17.63153669604758,16.430846278685173,16.308449053558462,1.0,1.0,1.0,1.0,1.0,1.0,1.0,1.0,1.0,1.0
423.0,1.0,0.0,0.0,0.0,0.0,0.0,0.0,0.0,0.0,0.0,0.0,0.0,0.0,0.0,0.0,0.0,0.0,0.0,0.0,0.0,0.0
423.25,2.0,14.644595035625755,13.913598080287546,16.733957504606156,17.19595030986438,14.832995411492519,14.624263223910994,13.367041099695243,12.82378161847263,14.042816180833434,14.346809540293588,1.0,1.0,1.0,1.0,1.0,1.0,1.0,1.0,1.0,1.0
423.5,3.0,0.0,0.0,0.0,0.0,0.0,0.0,0.0,0.0,0.0,0.0,0.0,0.0,0.0,0.0,0.0,0.0,0.0,0.0,0.0,0.0
423.75,4.0,0.0,0.0,0.0,0.0,0.0,0.0,0.0,0.0,0.0,0.0,0.0,0.0,0.0,0.0,0.0,0.0,0.0,0.0,0.0,0.0
424.0,1.0,14.633635907979674,16.122150490884707,16.301607128762658,16.448818881948007,17.641833812749645,18.36752415211569,19.101751037592802,18.567572014739262,17.794015729135932,17.72919095556926,1.0,1.0,1.0,1.0,1.0,1.0,1.0,1.0,1.0,1.0
424.25,2.0,15.727029107723865,15.853136643070835,17.408742648307037,16.418594459942778,15.485396773204473,15.35489031179786,15.003359608613135,14.079123678315646,15.09782725489827,15.319603518476079,1.0,1.0,1.0,1.0,1.0,1.0,1.0,1.0,1.0,1.0
424.5,3.0,0.0,0.0,0.0,0.0,0.0,0.0,0.0,0.0,0.0,0.0,0.0,0.0,0.0,0.0,0.0,0.0,0.0,0.0,0.0,0.0
424.75,4.0,13.817441444193456,15.499294823310748,17.392329372464346,17.53524647793609,18.65677914629696,19.112180409807166,17.92936884188296,17.46134047250612,16.772508317563478,15.957807208933625,1.0,1.0,1.0,1.0,1.0,1.0,1.0,1.0,1.0,1.0
425.0,1.0,14.957295954784676,15.928280618440718,17.304773897376364,17.054888956039633,17.908749327928312,18.721341239898134,19.810485886071714,18.431610112192352,17.28376649960452,17.88649413700048,1.0,1.0,1.0,1.0,1.0,1.0,1.0,1.0,1.0,1.0
425.25,2.0,0.0,0.0,0.0,0.0,0.0,0.0,0.0,0.0,0.0,0.0,0.0,0.0,0.0,0.0,0.0,0.0,0.0,0.0,0.0,0.0
425.5,3.0,13.929396513817744,14.373419434587374,13.914533268365865,15.244597320691588,15.047257036105822,14.527317045140915,12.920421211201099,14.331556684191314,14.282974171333118,15.993470132358553,1.0,1.0,1.0,1.0,1.0,1.0,1.0,1.0,1.0,1.0
425.75,4.0,14.887319249394615,16.814913055352815,17.810083987930593,18.668352198529927,18.657611275076547,18.185822532439303,16.972157333510378,16.635843747309604,16.90610613910791,16.538853259648462,1.0,1.0,1.0,1.0,1.0,1.0,1.0,1.0,1.0,1.0
426.0,1.0,14.66879304392096,15.95098625854945,17.468195805741573,16.89044436685268,16.962768735574517,17.82489419072723,18.063247342160803,16.740903642077253,15.852184866407613,16.27520323232618,1.0,1.0,1.0,1.0,1.0,1.0,1.0,1.0,1.0,1.0
426.25,2.0,17.52215651077671,16.441754634395153,16.30047769550206,15.360142277612225,14.92396790765675,16.640589440999975,15.191140173636862,15.660981869370067,15.105407400956839,14.189238972189965,1.0,1.0,1.0,1.0,1.0,1.0,1.0,1.0,1.0,1.0
426.5,3.0,0.0,0.0,0.0,0.0,0.0,0.0,0.0,0.0,0.0,0.0,0.0,0.0,0.0,0.0,0.0,0.0,0.0,0.0,0.0,0.0
426.75,4.0,16.060289166270135,17.008380134974352,18.239834472165057,18.680369460635738,17.876843464820794,17.370913869373194,16.822405299135855,16.818494060660864,17.12093478505818,17.806888972047563,1.0,1.0,1.0,1.0,1.0,1.0,1.0,1.0,1.0,1.0
427.0,1.0,15.389891180381047,16.131642869162192,16.65025900411075,16.998539159750376,16.36973157487832,17.31767620956738,17.32904378747426,16.994955563919763,16.355124541392144,16.19029507490336,1.0,1.0,1.0,1.0,1.0,1.0,1.0,1.0,1.0,1.0
427.25,2.0,0.0,0.0,0.0,0.0,0.0,0.0,0.0,0.0,0.0,0.0,0.0,0.0,0.0,0.0,0.0,0.0,0.0,0.0,0.0,0.0
427.5,3.0,14.300860752657009,14.833345704735438,14.455660921730589,15.112160425139859,16.304078299316025,17.141970692522985,16.113433629156155,16.37019334908974,16.83991601074132,18.109194583810986,1.0,1.0,1.0,1.0,1.0,1.0,1.0,1.0,1.0,1.0
427.75,4.0,15.846623733109647,16.94504179312231,18.272060433121812,17.189900000015502,17.8152954443628,17.39344723086351,17.407360425631257,17.500804317767763,18.270063536396925,18.721360785095996,1.0,1.0,1.0,1.0,1.0,1.0,1.0,1.0,1.0,1.0
428.0,1.0,0.0,0.0,0.0,0.0,0.0,0.0,0.0,0.0,0.0,0.0,0.0,0.0,0.0,0.0,0.0,0.0,0.0,0.0,0.0,0.0
428.25,2.0,0.0,0.0,0.0,0.0,0.0,0.0,0.0,0.0,0.0,0.0,0.0,0.0,0.0,0.0,0.0,0.0,0.0,0.0,0.0,0.0
428.5,3.0,15.600300490535119,16.460900659306557,16.466068099947737,15.644936957826875,16.486363845413997,16.247216915096757,15.467315872213923,15.904561937884552,16.10050712403845,17.05851803069536,1.0,1.0,1.0,1.0,1.0,1.0,1.0,1.0,1.0,1.0
428.75,4.0,0.0,0.0,0.0,0.0,0.0,0.0,0.0,0.0,0.0,0.0,0.0,0.0,0.0,0.0,0.0,0.0,0.0,0.0,0.0,0.0
429.0,1.0,15.975992959344863,14.725147031429106,15.480880885450233,16.54465922839081,14.823100304627976,16.047978880513668,16.23528436553636,16.326991264139973,15.066395384148363,15.089554889316437,1.0,1.0,1.0,1.0,1.0,1.0,1.0,1.0,1.0,1.0
429.25,2.0,14.681266634904057,12.983043412939605,13.660717690917195,13.500603672921173,13.994224981570014,16.030733452309892,14.70780079968332,14.216409520273317,13.966694809946862,12.421275301767542,1.0,1.0,1.0,1.0,1.0,1.0,1.0,1.0,1.0,1.0
429.5,3.0,0.0,0.0,0.0,0.0,0.0,0.0,0.0,0.0,0.0,0.0,0.0,0.0,0.0,0.0,0.0,0.0,0.0,0.0,0.0,0.0
429.75,4.0,15.965230065173463,17.517023490270365,18.956207536251966,18.472809903144025,18.101088480909112,17.99540954262229,18.046822468436584,17.37293222933035,16.359431947931128,17.55345791665613,1.0,1.0,1.0,1.0,1.0,1.0,1.0,1.0,1.0,1.0
430.0,1.0,16.025670121715983,13.782540484522066,15.260179013965102,16.467320163160423,13.699387806084632,15.713059305373053,15.916599912008788,15.529100810125515,14.110453674744226,13.573808181043278,1.0,1.0,1.0,1.0,1.0,1.0,1.0,1.0,1.0,1.0
430.25,2.0,0.0,0.0,0.0,0.0,0.0,0.0,0.0,0.0,0.0,0.0,0.0,0.0,0.0,0.0,0.0,0.0,0.0,0.0,0.0,0.0
430.5,3.0,16.948691475462596,14.908730340172319,16.36140397803449,16.297191736470236,16.338624116778472,16.261055264902456,15.81643585309324,16.45037079902819,16.952198831987047,17.013910637487395,1.0,1.0,1.0,1.0,1.0,1.0,1.0,1.0,1.0,1.0
430.75,4.0,17.8628422249182,17.432434263811178,18.855176274440733,18.933389375899555,18.5020233442744,17.480912654395922,17.016402487813206,16.355961515073478,16.408393618063688,17.354354841756713,1.0,1.0,1.0,1.0,1.0,1.0,1.0,1.0,1.0,1.0
431.0,1.0,0.0,0.0,0.0,0.0,0.0,0.0,0.0,0.0,0.0,0.0,0.0,0.0,0.0,0.0,0.0,0.0,0.0,0.0,0.0,0.0
431.25,2.0,13.86597504509411,12.714151695176472,14.546707366467164,14.551612966597299,14.117058587531922,14.842335868248508,15.296442891779527,15.050818676452057,14.976153427253283,14.288459148878092,1.0,1.0,1.0,1.0,1.0,1.0,1.0,1.0,1.0,1.0
431.5,3.0,0.0,0.0,0.0,0.0,0.0,0.0,0.0,0.0,0.0,0.0,0.0,0.0,0.0,0.0,0.0,0.0,0.0,0.0,0.0,0.0
431.75,4.0,0.0,0.0,0.0,0.0,0.0,0.0,0.0,0.0,0.0,0.0,0.0,0.0,0.0,0.0,0.0,0.0,0.0,0.0,0.0,0.0
432.0,1.0,15.077420154350621,14.698795561704996,16.068706217194023,16.610296310956134,15.09917501094515,15.942445118489399,14.260046757283174,13.546722458734639,12.588364912793132,13.022597201697891,1.0,1.0,1.0,1.0,1.0,1.0,1.0,1.0,1.0,1.0
432.25,2.0,14.269907660355218,12.754771463862419,14.130377165212073,13.73758706403391,14.788125087168401,15.92171349697697,17.041865890098567,16.39453709525823,16.47188493971656,15.133215898974512,1.0,1.0,1.0,1.0,1.0,1.0,1.0,1.0,1.0,1.0
432.5,3.0,0.0,0.0,0.0,0.0,0.0,0.0,0.0,0.0,0.0,0.0,0.0,0.0,0.0,0.0,0.0,0.0,0.0,0.0,0.0,0.0
432.75,4.0,18.32131459349917,17.334380576119344,17.70242698328902,18.14955810533469,18.8529549330691,18.36032079213394,17.657432986839893,16.56191628608381,16.076820825434208,16.774498086593304,1.0,1.0,1.0,1.0,1.0,1.0,1.0,1.0,1.0,1.0
433.0,1.0,15.968325582900942,16.09177311883206,14.686391940992,15.477370788405398,14.97332236182787,15.534644939271608,14.352578028221215,13.512019364177812,13.565211640073274,13.831286968666024,1.0,1.0,1.0,1.0,1.0,1.0,1.0,1.0,1.0,1.0
433.25,2.0,0.0,0.0,0.0,0.0,0.0,0.0,0.0,0.0,0.0,0.0,0.0,0.0,0.0,0.0,0.0,0.0,0.0,0.0,0.0,0.0
433.5,3.0,16.5820396707102,15.264468468667115,15.100027494652574,15.5803493914003,13.843826462086353,14.64092895070717,13.875569754397985,15.840069540704336,15.519703915645271,16.111969807901634,1.0,1.0,1.0,1.0,1.0,1.0,1.0,1.0,1.0,1.0
433.75,4.0,18.468574983707605,16.91003844511565,18.17418526811168,18.283329970117638,18.291905554378875,18.338310450773903,17.11243299858282,16.98179266747852,16.51095889203819,16.356512557991056,1.0,1.0,1.0,1.0,1.0,1.0,1.0,1.0,1.0,1.0
434.0,1.0,16.546460353092595,14.789235762923596,13.924004469215593,16.344137344442313,14.763560410435332,15.789854474255534,14.736065117358583,14.143117526751823,14.083410610124982,13.906194441462999,1.0,1.0,1.0,1.0,1.0,1.0,1.0,1.0,1.0,1.0
434.25,2.0,13.239233181001733,13.460129593639495,15.675395149248876,16.459313321847883,17.22448354612103,17.621578266320444,17.006937228582824,16.128405278369645,16.179350309791726,13.96808718643589,1.0,1.0,1.0,1.0,1.0,1.0,1.0,1.0,1.0,1.0
434.5,3.0,0.0,0.0,0.0,0.0,0.0,0.0,0.0,0.0,0.0,0.0,0.0,0.0,0.0,0.0,0.0,0.0,0.0,0.0,0.0,0.0
434.75,4.0,18.19469580544762,17.825370722786218,19.27950819995128,17.343845474173538,16.67133431531387,17.677410243151876,16.61448992553242,17.210573122855735,16.806586294301432,16.233466132778805,1.0,1.0,1.0,1.0,1.0,1.0,1.0,1.0,1.0,1.0
435.0,1.0,15.42035753471927,14.840705485611899,14.631908087758623,15.944507496095067,14.567551023579018,15.306207010802963,14.387893211090233,14.386900648866654,15.363112726740345,13.38474043784292,1.0,1.0,1.0,1.0,1.0,1.0,1.0,1.0,1.0,1.0
435.25,2.0,0.0,0.0,0.0,0.0,0.0,0.0,0.0,0.0,0.0,0.0,0.0,0.0,0.0,0.0,0.0,0.0,0.0,0.0,0.0,0.0
435.5,3.0,17.0931387534123,16.046784947349984,14.804203481449544,14.657970274331355,12.495996650566848,13.300395863784622,13.357418270481974,14.76197506641354,14.994205311613381,15.537032468402261,1.0,1.0,1.0,1.0,1.0,1.0,1.0,1.0,1.0,1.0
435.75,4.0,19.015901666694514,18.303832133280647,17.99377285054095,15.937368516219482,16.94084079640983,17.567910099802624,17.111890267993065,18.207043973027176,17.36964095368146,16.849972818717017,1.0,1.0,1.0,1.0,1.0,1.0,1.0,1.0,1.0,1.0
436.0,1.0,0.0,0.0,0.0,0.0,0.0,0.0,0.0,0.0,0.0,0.0,0.0,0.0,0.0,0.0,0.0,0.0,0.0,0.0,0.0,0.0
436.25,2.0,0.0,0.0,0.0,0.0,0.0,0.0,0.0,0.0,0.0,0.0,0.0,0.0,0.0,0.0,0.0,0.0,0.0,0.0,0.0,0.0
436.5,3.0,17.163562669574087,15.870145733809933,14.606148839501643,13.72203740934662,12.483097882941232,12.810155183610783,13.045736428454052,14.288118869607375,15.0925866858543,15.767228818735578,1.0,1.0,1.0,1.0,1.0,1.0,1.0,1.0,1.0,1.0
436.75,4.0,0.0,0.0,0.0,0.0,0.0,0.0,0.0,0.0,0.0,0.0,0.0,0.0,0.0,0.0,0.0,0.0,0.0,0.0,0.0,0.0
437.0,1.0,16.889819603688853,16.16041340636235,15.331813572243618,15.71565793189057,14.592973963091957,15.262389755207735,15.378325413123767,14.951173432665668,15.495259054194545,14.106424770763233,1.0,1.0,1.0,1.0,1.0,1.0,1.0,1.0,1.0,1.0
437.25,2.0,15.839675598326377,17.45596822821082,16.05882718585328,14.70546455874521,15.862714716040687,16.35206351617223,15.07001322257196,13.537756286051097,13.758339389143085,13.692446506788386,1.0,1.0,1.0,1.0,1.0,1.0,1.0,1.0,1.0,1.0
437.5,3.0,0.0,0.0,0.0,0.0,0.0,0.0,0.0,0.0,0.0,0.0,0.0,0.0,0.0,0.0,0.0,0.0,0.0,0.0,0.0,0.0
437.75,4.0,18.287587810303886,17.25804502639993,16.551750299495872,16.743119853834443,17.65460987769732,17.366123737988953,17.493988191017348,16.370895591118362,16.960797254355096,16.956439600926643,1.0,1.0,1.0,1.0,1.0,1.0,1.0,1.0,1.0,1.0
438.0,1.0,15.477236911526646,14.90052868664195,14.526312703591286,14.427971733494333,14.890355730129091,15.97025696503795,16.66311659538184,15.362767272636564,14.966886278730234,13.80379581496379,1.0,1.0,1.0,1.0,1.0,1.0,1.0,1.0,1.0,1.0
438.25,2.0,0.0,0.0,0.0,0.0,0.0,0.0,0.0,0.0,0.0,0.0,0.0,0.0,0.0,0.0,0.0,0.0,0.0,0.0,0.0,0.0
438.5,3.0,15.60678597124847,14.710381191740552,14.3203319790999,12.1627291832694,13.143815338775015,14.167892767075594,15.158684730729439,15.667210146644841,16.090359549179723,15.553223444996389,1.0,1.0,1.0,1.0,1.0,1.0,1.0,1.0,1.0,1.0
438.75,4.0,18.59123834993825,17.24583920063576,16.822348576982986,17.47050328146709,17.9775310868882,16.628030056098385,17.08184916195315,16.87477240072127,16.741658536609968,17.497849173009513,1.0,1.0,1.0,1.0,1.0,1.0,1.0,1.0,1.0,1.0
439.0,1.0,0.0,0.0,0.0,0.0,0.0,0.0,0.0,0.0,0.0,0.0,0.0,0.0,0.0,0.0,0.0,0.0,0.0,0.0,0.0,0.0
439.25,2.0,14.936400826362542,13.596063732701612,12.797144819085693,13.7813935693265,14.765449893527467,15.535056029537945,15.433487441008815,14.47904290663805,14.604865196352035,14.333721797925534,1.0,1.0,1.0,1.0,1.0,1.0,1.0,1.0,1.0,1.0
439.5,3.0,0.0,0.0,0.0,0.0,0.0,0.0,0.0,0.0,0.0,0.0,0.0,0.0,0.0,0.0,0.0,0.0,0.0,0.0,0.0,0.0
439.75,4.0,0.0,0.0,0.0,0.0,0.0,0.0,0.0,0.0,0.0,0.0,0.0,0.0,0.0,0.0,0.0,0.0,0.0,0.0,0.0,0.0
440.0,1.0,13.956681026889386,14.384539119526394,14.662611363847935,14.004328162019354,15.16565461699666,14.505645809974455,14.491478350291768,14.153178528564125,13.875102656443524,13.772430893180648,1.0,1.0,1.0,1.0,1.0,1.0,1.0,1.0,1.0,1.0
440.25,2.0,14.221674877062345,12.568886920701784,12.500716168614328,13.297765619225853,14.877988128059792,15.432147792424894,15.229969023033208,14.410675272536116,14.249777269540166,14.734322816448726,1.0,1.0,1.0,1.0,1.0,1.0,1.0,1.0,1.0,1.0
440.5,3.0,15.666319299720385,14.141977127498121,14.203548540471196,13.019197276858769,13.469752388919556,14.807773027873344,14.223546903952775,15.603048638923815,15.39862511712257,15.730129527370647,1.0,1.0,1.0,1.0,1.0,1.0,1.0,1.0,1.0,1.0
440.75,4.0,15.550533890928316,15.233771835381852,15.599461402947917,16.03934746624867,16.202981156773124,16.041432947244342,16.913876233653752,16.601790747470602,16.392860036969115,16.10224035199899,1.0,1.0,1.0,1.0,1.0,1.0,1.0,1.0,1.0,1.0
441.0,1.0,15.34162715392593,15.53324086748597,15.716767703276878,14.540470235491957,14.517608387343165,14.419040583127503,14.963056369168621,15.227954917639453,15.200874518542442,14.976720428655982,1.0,1.0,1.0,1.0,1.0,1.0,1.0,1.0,1.0,1.0
441.25,2.0,0.0,0.0,0.0,0.0,0.0,0.0,0.0,0.0,0.0,0.0,0.0,0.0,0.0,0.0,0.0,0.0,0.0,0.0,0.0,0.0
441.5,3.0,15.75949207989569,13.839411377896244,13.709733741145758,12.890122293325616,13.298081666811997,14.56686412796239,14.09571112263664,15.477186122338097,15.964639280486677,15.529026345682828,1.0,1.0,1.0,1.0,1.0,1.0,1.0,1.0,1.0,1.0
441.75,4.0,14.891641383430056,16.385945730103526,16.47906977296102,15.89561487737091,15.953710211479107,15.41221975844277,15.156461120477374,15.00218298571054,15.393890468800985,15.447941435933556,1.0,1.0,1.0,1.0,1.0,1.0,1.0,1.0,1.0,1.0
442.0,1.0,15.730001840087919,15.626828624319312,15.662083570916133,14.820458374167982,14.621292679858646,14.316039142786453,15.793609043174268,15.922675199788904,16.217590335043724,16.667485023677763,1.0,1.0,1.0,1.0,1.0,1.0,1.0,1.0,1.0,1.0
442.25,2.0,14.257790292752684,12.987918832190122,11.847014997172023,12.609009005879692,14.510894166772644,14.591597591101184,15.243695349371972,15.171392788081086,15.239720431622706,16.455466300009398,1.0,1.0,1.0,1.0,1.0,1.0,1.0,1.0,1.0,1.0
442.5,3.0,0.0,0.0,0.0,0.0,0.0,0.0,0.0,0.0,0.0,0.0,0.0,0.0,0.0,0.0,0.0,0.0,0.0,0.0,0.0,0.0
442.75,4.0,15.529342909802441,16.746163386366007,16.27449491452002,14.367311568319003,14.733980871036843,14.908301329013327,14.195664266360096,14.160220023524168,14.701212508457967,14.119454806628815,1.0,1.0,1.0,1.0,1.0,1.0,1.0,1.0,1.0,1.0
443.0,1.0,16.184570800860534,16.237017002469486,15.256916843741799,14.601098792401729,15.57152320150769,16.106082396492095,16.74569217158694,16.346799414021714,15.67715601229776,15.555133017353693,1.0,1.0,1.0,1.0,1.0,1.0,1.0,1.0,1.0,1.0
443.25,2.0,0.0,0.0,0.0,0.0,0.0,0.0,0.0,0.0,0.0,0.0,0.0,0.0,0.0,0.0,0.0,0.0,0.0,0.0,0.0,0.0
443.5,3.0,14.130868836091715,13.461013327875937,14.910427468622858,16.258983708773172,15.165622798016338,15.238037824980104,15.058462248781295,16.43568626622829,16.524087061612093,17.185097428213076,1.0,1.0,1.0,1.0,1.0,1.0,1.0,1.0,1.0,1.0
443.75,4.0,16.034504322084832,16.026221422370792,14.841260590142314,14.687173301889707,14.365892682493289,14.103008136686638,13.911523866450354,13.364166156347514,13.657301642984244,13.316038695709707,1.0,1.0,1.0,1.0,1.0,1.0,1.0,1.0,1.0,1.0
444.0,1.0,0.0,0.0,0.0,0.0,0.0,0.0,0.0,0.0,0.0,0.0,0.0,0.0,0.0,0.0,0.0,0.0,0.0,0.0,0.0,0.0
444.25,2.0,0.0,0.0,0.0,0.0,0.0,0.0,0.0,0.0,0.0,0.0,0.0,0.0,0.0,0.0,0.0,0.0,0.0,0.0,0.0,0.0
444.5,3.0,13.834289211035705,14.420143701775437,16.8380555655293,16.2027235591024,15.615499202321642,16.025702160484183,15.780364149629545,17.562340207501496,17.58040380182908,18.58276031191567,1.0,1.0,1.0,1.0,1.0,1.0,1.0,1.0,1.0,1.0
444.75,4.0,0.0,0.0,0.0,0.0,0.0,0.0,0.0,0.0,0.0,0.0,0.0,0.0,0.0,0.0,0.0,0.0,0.0,0.0,0.0,0.0
445.0,1.0,16.526894760144664,15.426364776816964,15.173805217859693,14.191957257581922,15.477261317122357,16.56494644477451,16.90050661278213,16.175593387290508,16.368696389238668,15.634641148995133,1.0,1.0,1.0,1.0,1.0,1.0,1.0,1.0,1.0,1.0
445.25,2.0,12.417436986653687,13.808604710840973,15.42795728959485,15.175307665117298,16.09226703627861,16.626942590749596,17.830298988953324,17.862668917448634,17.668952951684656,17.917211179749227,1.0,1.0,1.0,1.0,1.0,1.0,1.0,1.0,1.0,1.0
445.5,3.0,0.0,0.0,0.0,0.0,0.0,0.0,0.0,0.0,0.0,0.0,0.0,0.0,0.0,0.0,0.0,0.0,0.0,0.0,0.0,0.0
445.75,4.0,16.422109750849717,16.70782201885825,16.99904634698187,15.334676873549794,13.574310063666543,14.33273739235968,14.036375632728877,13.30298989573191,12.873441958967364,12.52167650291611,1.0,1.0,1.0,1.0,1.0,1.0,1.0,1.0,1.0,1.0
446.0,1.0,15.752312705578515,15.875329122845272,15.232161609220139,14.858357624404618,16.556854981914487,16.486204566133658,16.550846855842604,15.283991368773371,15.293437416337172,14.182168511275648,1.0,1.0,1.0,1.0,1.0,1.0,1.0,1.0,1.0,1.0
446.25,2.0,0.0,0.0,0.0,0.0,0.0,0.0,0.0,0.0,0.0,0.0,0.0,0.0,0.0,0.0,0.0,0.0,0.0,0.0,0.0,0.0
446.5,3.0,14.508105295120908,15.085149656941226,15.047354012374214,15.420162080210302,15.010208312395925,15.04436963104036,13.727833023091904,15.106358148301618,16.531897327763726,17.820854445286642,1.0,1.0,1.0,1.0,1.0,1.0,1.0,1.0,1.0,1.0
446.75,4.0,16.650616108421794,17.13447219826628,16.383549678894116,14.89514946566752,14.176240503637858,13.539197711676357,13.11880054698221,13.113803090228378,12.418375923681841,12.555284899969362,1.0,1.0,1.0,1.0,1.0,1.0,1.0,1.0,1.0,1.0
447.0,1.0,0.0,0.0,0.0,0.0,0.0,0.0,0.0,0.0,0.0,0.0,0.0,0.0,0.0,0.0,0.0,0.0,0.0,0.0,0.0,0.0
447.25,2.0,16.04225180134875,16.958596551819564,16.822469896292596,16.06699380812436,17.444178770111204,16.733150085068793,17.25768103015415,16.36957192660413,17.250682081661928,19.043270373112875,1.0,1.0,1.0,1.0,1.0,1.0,1.0,1.0,1.0,1.0
447.5,3.0,0.0,0.0,0.0,0.0,0.0,0.0,0.0,0.0,0.0,0.0,0.0,0.0,0.0,0.0,0.0,0.0,0.0,0.0,0.0,0.0
447.75,4.0,0.0,0.0,0.0,0.0,0.0,0.0,0.0,0.0,0.0,0.0,0.0,0.0,0.0,0.0,0.0,0.0,0.0,0.0,0.0,0.0
448.0,1.0,16.219278770101287,15.577781680671762,15.563155374586797,15.49454812323507,15.278179611747893,15.1928565413985,14.819129729767544,14.355258540757417,14.370159575181981,12.836703013646632,1.0,1.0,1.0,1.0,1.0,1.0,1.0,1.0,1.0,1.0
448.25,2.0,16.434613049514322,17.53798832382349,17.048980014647643,16.238184292090153,16.433413479380373,16.861218473057388,16.922849905089844,16.693863656941783,17.680527075168825,20.11722018949373,1.0,1.0,1.0,1.0,1.0,1.0,1.0,1.0,1.0,1.0
448.5,3.0,14.380355569193883,13.983465343781557,14.176481630411104,14.996581581284518,15.57514645028906,16.23724394341626,15.247861775410419,16.079744658680795,17.801023833273764,18.018685023643055,1.0,1.0,1.0,1.0,1.0,1.0,1.0,1.0,1.0,1.0
448.75,4.0,16.238336832517618,16.155417010376976,14.796754089216744,13.966750307471065,14.747917090839918,14.312223041437782,14.569991425245407,13.80259895420191,13.211779994676172,13.856021970198803,1.0,1.0,1.0,1.0,1.0,1.0,1.0,1.0,1.0,1.0
449.0,1.0,16.821450147269186,17.067086786688357,15.46093544440612,14.345801455433334,16.293191458067774,15.604297314072351,15.261429682043596,14.250538200031531,13.871792338586497,13.104151627339405,1.0,1.0,1.0,1.0,1.0,1.0,1.0,1.0,1.0,1.0
449.25,2.0,0.0,0.0,0.0,0.0,0.0,0.0,0.0,0.0,0.0,0.0,0.0,0.0,0.0,0.0,0.0,0.0,0.0,0.0,0.0,0.0
449.5,3.0,14.40745512994651,15.638805886605388,14.360739457502941,14.259273093569247,14.931440459371293,16.13139734555886,14.89175284175647,16.353784720510667,17.19865819433322,16.78267138573372,1.0,1.0,1.0,1.0,1.0,1.0,1.0,1.0,1.0,1.0
449.75,4.0,15.683009361743256,15.164448500944335,14.555012479010726,14.253075620303505,16.449351868756292,15.151192996161122,14.900699871501809,13.940790917292002,13.475876058306564,14.258910340828786,1.0,1.0,1.0,1.0,1.0,1.0,1.0,1.0,1.0,1.0
450.0,1.0,16.324705732163196,16.445071081681775,14.827358740032727,15.32319209510225,16.985670163484823,15.955006258263156,14.623474118969495,13.534918057710563,13.100174716029983,13.21147101271601,1.0,1.0,1.0,1.0,1.0,1.0,1.0,1.0,1.0,1.0
450.25,2.0,15.796878017415745,16.917268288298676,17.9140659930097,17.818873701019402,18.86052978146959,19.306846830895026,19.654484806062115,19.867518250612356,19.762414726689048,20.436897338708373,1.0,1.0,1.0,1.0,1.0,1.0,1.0,1.0,1.0,1.0
450.5,3.0,0.0,0.0,0.0,0.0,0.0,0.0,0.0,0.0,0.0,0.0,0.0,0.0,0.0,0.0,0.0,0.0,0.0,0.0,0.0,0.0
450.75,4.0,15.257525892972385,15.661428880372451,15.049569773123583,15.082160626196933,16.225078604928612,15.615202825672553,14.77240049801013,14.42973635751053,14.211347514119677,15.113224976306666,1.0,1.0,1.0,1.0,1.0,1.0,1.0,1.0,1.0,1.0
451.0,1.0,16.749094577035613,15.64438309298999,15.296706335392594,16.006774289735905,16.226163126468013,15.81616176763901,14.68387059680496,14.544212322272262,13.866305600597995,14.023996075477235,1.0,1.0,1.0,1.0,1.0,1.0,1.0,1.0,1.0,1.0
451.25,2.0,0.0,0.0,0.0,0.0,0.0,0.0,0.0,0.0,0.0,0.0,0.0,0.0,0.0,0.0,0.0,0.0,0.0,0.0,0.0,0.0
451.5,3.0,14.523366759477415,14.039075466848931,13.135763051750095,14.043921734515388,16.453061576605226,16.38563115761776,15.289472764913535,15.570718906209514,16.05425105557722,15.627151167299937,1.0,1.0,1.0,1.0,1.0,1.0,1.0,1.0,1.0,1.0
451.75,4.0,15.46969543276409,14.923763032508852,15.17441039019931,15.994986582515429,16.833857699597008,16.42314102434547,16.521737605165267,15.894347434879405,16.087749157145325,17.209995353553165,1.0,1.0,1.0,1.0,1.0,1.0,1.0,1.0,1.0,1.0
452.0,1.0,0.0,0.0,0.0,0.0,0.0,0.0,0.0,0.0,0.0,0.0,0.0,0.0,0.0,0.0,0.0,0.0,0.0,0.0,0.0,0.0
452.25,2.0,15.985680026526897,18.05971193523023,18.42092423611915,19.039744372656788,20.057818023526956,19.673539434554844,18.159390596462007,19.372845503702973,18.97867029414591,19.12344068873857,1.0,1.0,1.0,1.0,1.0,1.0,1.0,1.0,1.0,1.0
452.5,3.0,14.253243474486284,13.056827331735743,13.747488134998553,15.127902241130284,16.11851575546402,15.835273252090378,14.972008249863528,15.316603631137168,15.195483335895458,14.50686253215021,1.0,1.0,1.0,1.0,1.0,1.0,1.0,1.0,1.0,1.0
452.75,4.0,0.0,0.0,0.0,0.0,0.0,0.0,0.0,0.0,0.0,0.0,0.0,0.0,0.0,0.0,0.0,0.0,0.0,0.0,0.0,0.0
453.0,1.0,15.721488585214415,17.996281297253308,18.34623565293697,17.0857146352599,15.578775306400674,15.141123222296368,15.555622195483586,15.471442330239634,15.069717286975724,15.713040054447141,1.0,1.0,1.0,1.0,1.0,1.0,1.0,1.0,1.0,1.0
453.25,2.0,16.014212548704972,17.854138617818702,17.319230376899238,17.10320224306028,18.09855296909567,18.30981777277655,18.011181579680844,19.386842709842252,19.59636990505813,19.53527168224402,1.0,1.0,1.0,1.0,1.0,1.0,1.0,1.0,1.0,1.0
453.5,3.0,0.0,0.0,0.0,0.0,0.0,0.0,0.0,0.0,0.0,0.0,0.0,0.0,0.0,0.0,0.0,0.0,0.0,0.0,0.0,0.0
453.75,4.0,14.935564480163501,15.16306162970997,14.866280435911804,14.926255710945398,15.819604948692584,16.292344269556544,17.420869292425007,18.07567313054697,18.957657615803406,20.134949962298474,1.0,1.0,1.0,1.0,1.0,1.0,1.0,1.0,1.0,1.0
454.0,1.0,16.455402020561294,17.87989475542284,16.970459626369628,15.468241794344149,14.579918554278168,15.274910518783715,15.621361178457839,16.410733358715937,16.50067678080692,16.432662912704327,1.0,1.0,1.0,1.0,1.0,1.0,1.0,1.0,1.0,1.0
454.25,2.0,0.0,0.0,0.0,0.0,0.0,0.0,0.0,0.0,0.0,0.0,0.0,0.0,0.0,0.0,0.0,0.0,0.0,0.0,0.0,0.0
454.5,3.0,13.54115712010947,13.691538518525533,15.026173978343168,16.523936502397596,17.155031661442845,15.979144370158624,15.032781365644738,14.880403212220664,14.482855475274071,14.979703315611197,1.0,1.0,1.0,1.0,1.0,1.0,1.0,1.0,1.0,1.0
454.75,4.0,15.238442178769438,14.998831432265698,15.247867412923396,14.801068175284453,15.951887532090808,17.590768620886553,19.006592668108087,20.02389816246413,21.026647204844995,21.718394520632554,1.0,1.0,1.0,1.0,1.0,1.0,1.0,1.0,1.0,1.0
455.0,1.0,15.721840009254295,16.039741795536685,14.617764518727558,14.606388511755958,15.250570144570897,15.48215932660554,16.584407177382975,16.788185460168858,17.487561268782972,17.618616952089695,1.0,1.0,1.0,1.0,1.0,1.0,1.0,1.0,1.0,1.0
455.25,2.0,15.945319946472303,15.56571322945476,16.632697950175046,17.15256094127314,18.436979693316154,17.588880593574203,17.762866873657522,17.99752249659612,17.958480604193344,18.00816927200585,1.0,1.0,1.0,1.0,1.0,1.0,1.0,1.0,1.0,1.0
455.5,3.0,0.0,0.0,0.0,0.0,0.0,0.0,0.0,0.0,0.0,0.0,0.0,0.0,0.0,0.0,0.0,0.0,0.0,0.0,0.0,0.0
455.75,4.0,15.647261959681924,15.245139906594416,15.323426577268913,14.81533443945899,17.405824701441468,19.69503335115228,20.291052847866677,20.646953413384892,20.998713115281053,21.537181314781,1.0,1.0,1.0,1.0,1.0,1.0,1.0,1.0,1.0,1.0
456.0,1.0,14.203605448959548,13.71049424032184,13.140905431885308,14.36089918006737,15.654289697038847,16.19525184423265,17.11957940431727,18.084282800378734,17.98251186436373,18.37274398157642,1.0,1.0,1.0,1.0,1.0,1.0,1.0,1.0,1.0,1.0
456.25,2.0,14.617130502214222,16.161639539061113,17.407263752648152,17.742533854953933,18.958257495907237,18.17474372039039,18.482227978245508,18.8480291558985,18.983929611832764,18.698262954524054,1.0,1.0,1.0,1.0,1.0,1.0,1.0,1.0,1.0,1.0
456.5,3.0,13.731509295143722,13.712769411454918,16.082365728689343,17.48843605466895,15.922957828530162,14.727472026757406,14.383399098970237,13.631421240182569,13.593030848096095,13.556973725443944,1.0,1.0,1.0,1.0,1.0,1.0,1.0,1.0,1.0,1.0
456.75,4.0,15.78029089607723,14.908940771420912,15.854023070885374,18.336306834347784,19.803788238346065,19.546490556733023,20.30548969018132,20.401695346706706,20.20620616119673,20.268685950962468,1.0,1.0,1.0,1.0,1.0,1.0,1.0,1.0,1.0,1.0
457.0,1.0,0.0,0.0,0.0,0.0,0.0,0.0,0.0,0.0,0.0,0.0,0.0,0.0,0.0,0.0,0.0,0.0,0.0,0.0,0.0,0.0
457.25,2.0,0.0,0.0,0.0,0.0,0.0,0.0,0.0,0.0,0.0,0.0,0.0,0.0,0.0,0.0,0.0,0.0,0.0,0.0,0.0,0.0
457.5,3.0,14.544302381877545,14.046474497271513,15.696665213945343,16.504253652567602,15.25958882376344,14.838324668731255,14.247312023465966,14.172132213171384,14.810068704644962,15.818930264726943,1.0,1.0,1.0,1.0,1.0,1.0,1.0,1.0,1.0,1.0
457.75,4.0,15.392054876336214,15.296919678301396,17.19058607995037,20.20901008027048,20.705020144684575,19.71180626497865,19.458572343501,19.4730723913962,19.344818036315715,19.01070223729997,1.0,1.0,1.0,1.0,1.0,1.0,1.0,1.0,1.0,1.0
458.0,1.0,13.41645100795652,13.397902601524976,13.998782676400841,16.063199582100086,18.171141577121116,18.622716141684432,18.464193707026535,18.174807797616694,17.502148883571124,18.1823263408648,1.0,1.0,1.0,1.0,1.0,1.0,1.0,1.0,1.0,1.0
458.25,2.0,14.328572988320294,16.62654542002125,17.626482671527118,17.755064927190592,20.157064341154857,20.590974627531796,20.672610344976047,21.0421521906009,19.698189096682583,19.339349200093743,1.0,1.0,1.0,1.0,1.0,1.0,1.0,1.0,1.0,1.0
458.5,3.0,0.0,0.0,0.0,0.0,0.0,0.0,0.0,0.0,0.0,0.0,0.0,0.0,0.0,0.0,0.0,0.0,0.0,0.0,0.0,0.0
458.75,4.0,15.59638658964445,16.060373418573523,18.286476695947083,20.292748145207927,20.496651466871192,20.300501629390137,20.34770460708822,19.390194004678836,17.703679228530785,17.678499097645716,1.0,1.0,1.0,1.0,1.0,1.0,1.0,1.0,1.0,1.0
459.0,1.0,14.128725824394712,14.666234773155573,14.714789548368241,17.671311736795094,19.334820962713472,18.686521657467136,18.56592703986404,16.961937572116934,16.797886609684014,18.124912878508468,1.0,1.0,1.0,1.0,1.0,1.0,1.0,1.0,1.0,1.0
459.25,2.0,0.0,0.0,0.0,0.0,0.0,0.0,0.0,0.0,0.0,0.0,0.0,0.0,0.0,0.0,0.0,0.0,0.0,0.0,0.0,0.0
459.5,3.0,15.470521190518822,15.857836737079857,16.338592686945887,16.130588625082865,16.945935319546376,17.18937348141203,16.88824550074402,17.013250418826143,17.12176697948358,18.466907838077308,1.0,1.0,1.0,1.0,1.0,1.0,1.0,1.0,1.0,1.0
459.75,4.0,15.843570121508208,16.36529042537839,19.182439686370145,20.401561713901526,21.450651308347613,20.013510816419217,18.456752229713274,17.898092289580266,16.531939972671097,16.28958473476474,1.0,1.0,1.0,1.0,1.0,1.0,1.0,1.0,1.0,1.0
460.0,1.0,0.0,0.0,0.0,0.0,0.0,0.0,0.0,0.0,0.0,0.0,0.0,0.0,0.0,0.0,0.0,0.0,0.0,0.0,0.0,0.0
460.25,2.0,16.10374247694606,17.021397641404043,18.84433666030249,20.18993956253662,20.869036020877093,20.7290027330596,21.279520031178293,21.45777377478128,20.48993830426007,20.36947517483333,1.0,1.0,1.0,1.0,1.0,1.0,1.0,1.0,1.0,1.0
460.5,3.0,15.369562986189818,15.303262104090331,15.845320586585993,17.26635813305195,18.085360663530988,18.646631081042358,18.76649947336338,19.259554547343132,18.28730668162374,19.035865233045474,1.0,1.0,1.0,1.0,1.0,1.0,1.0,1.0,1.0,1.0
460.75,4.0,0.0,0.0,0.0,0.0,0.0,0.0,0.0,0.0,0.0,0.0,0.0,0.0,0.0,0.0,0.0,0.0,0.0,0.0,0.0,0.0
461.0,1.0,14.849032478005844,16.80022034081522,18.246982478363353,18.78901072913813,17.72636586861692,18.391608648252678,19.2827253654577,18.468791305082526,17.459408201818718,18.100290695775612,1.0,1.0,1.0,1.0,1.0,1.0,1.0,1.0,1.0,1.0
461.25,2.0,15.931228525666198,17.490738195287655,19.27837754307517,20.897731441666778,21.82331706670578,21.70988041545584,22.484177458821378,21.802050251582607,20.423823150477528,18.784051834255624,1.0,1.0,1.0,1.0,1.0,1.0,1.0,1.0,1.0,1.0
461.5,3.0,0.0,0.0,0.0,0.0,0.0,0.0,0.0,0.0,0.0,0.0,0.0,0.0,0.0,0.0,0.0,0.0,0.0,0.0,0.0,0.0
461.75,4.0,17.85026961945044,19.07247919825692,18.990104456755187,19.985727153546364,18.702279702548317,17.000060632308955,16.633312288488767,15.911712636993663,15.192627974099098,15.569999944790084,1.0,1.0,1.0,1.0,1.0,1.0,1.0,1.0,1.0,1.0
462.0,1.0,16.473764608455536,18.80443530894482,18.723591077450088,19.490640899097112,17.716140652391793,17.34648625739671,17.89555641022965,17.697023851547588,17.75220016365012,18.090198864852812,1.0,1.0,1.0,1.0,1.0,1.0,1.0,1.0,1.0,1.0
462.25,2.0,0.0,0.0,0.0,0.0,0.0,0.0,0.0,0.0,0.0,0.0,0.0,0.0,0.0,0.0,0.0,0.0,0.0,0.0,0.0,0.0
462.5,3.0,15.51715423459447,16.307875173285574,17.95451583254405,20.770158142083904,21.04635201327372,20.239143617163865,20.73634039150339,20.352506722300674,20.51733559658621,19.895496097130575,1.0,1.0,1.0,1.0,1.0,1.0,1.0,1.0,1.0,1.0
462.75,4.0,18.514729373168308,18.42634234950279,19.280456947208815,19.586263148098514,17.819178822461176,16.2940364754824,16.387610382265834,15.747548892555388,16.440003194857784,17.926933037069826,1.0,1.0,1.0,1.0,1.0,1.0,1.0,1.0,1.0,1.0
463.0,1.0,18.158139411446665,19.84362400694811,19.536096307327025,19.49654807971976,17.917910770661244,18.4745675367212,19.64015857666363,18.629417253130157,17.801131332541186,18.86999341632681,1.0,1.0,1.0,1.0,1.0,1.0,1.0,1.0,1.0,1.0
463.25,2.0,17.88811155682,18.15622300872724,19.143999005110256,20.488420661524525,21.495494294288175,21.085874213340116,20.50999368591748,20.326947781108647,19.953077392546884,19.319549634683245,1.0,1.0,1.0,1.0,1.0,1.0,1.0,1.0,1.0,1.0
463.5,3.0,0.0,0.0,0.0,0.0,0.0,0.0,0.0,0.0,0.0,0.0,0.0,0.0,0.0,0.0,0.0,0.0,0.0,0.0,0.0,0.0
463.75,4.0,18.154631821207243,17.57292052012667,18.865820009525162,19.298925186278723,18.199686187297036,16.888279105008596,17.18892469031936,17.034523107991983,17.489314831437706,18.09533679777385,1.0,1.0,1.0,1.0,1.0,1.0,1.0,1.0,1.0,1.0
464.0,1.0,19.6139828684721,20.070549161738985,19.34848520141658,19.27319778107268,18.822264065469785,19.05071411576805,19.30291379700021,18.34984306498519,18.018680600286295,19.06521308515366,1.0,1.0,1.0,1.0,1.0,1.0,1.0,1.0,1.0,1.0
464.25,2.0,19.034503287034667,19.483329301217445,20.545196427333256,20.192624445475744,21.18472223361311,21.466890542464206,21.140153333505104,20.88626593621058,20.8447933174812,19.839344358919266,1.0,1.0,1.0,1.0,1.0,1.0,1.0,1.0,1.0,1.0
464.5,3.0,18.30874577869975,19.611752163969886,20.867948115281923,21.29038682508202,21.157821368905385,20.850069551660024,19.397237429845642,18.42761448963321,18.307455235172135,17.064455442370416,1.0,1.0,1.0,1.0,1.0,1.0,1.0,1.0,1.0,1.0
464.75,4.0,18.50311443874789,18.43263843854806,18.683542018351464,19.38855424716847,19.0100315002748,18.21097501254535,18.05207992503978,18.196962032404702,17.537128607683815,18.486215710576136,1.0,1.0,1.0,1.0,1.0,1.0,1.0,1.0,1.0,1.0
465.0,1.0,0.0,0.0,0.0,0.0,0.0,0.0,0.0,0.0,0.0,0.0,0.0,0.0,0.0,0.0,0.0,0.0,0.0,0.0,0.0,0.0
465.25,2.0,0.0,0.0,0.0,0.0,0.0,0.0,0.0,0.0,0.0,0.0,0.0,0.0,0.0,0.0,0.0,0.0,0.0,0.0,0.0,0.0
465.5,3.0,20.282469929460852,20.385644482249845,21.540452916397697,21.007548326362365,19.807504826469476,19.333211827287958,18.17987671113383,16.65513024452204,17.41334547423316,16.435684064793914,1.0,1.0,1.0,1.0,1.0,1.0,1.0,1.0,1.0,1.0
465.75,4.0,0.0,0.0,0.0,0.0,0.0,0.0,0.0,0.0,0.0,0.0,0.0,0.0,0.0,0.0,0.0,0.0,0.0,0.0,0.0,0.0
466.0,1.0,17.824304336486154,19.27839016374533,18.567672105562586,18.56380265590347,20.084464263318118,19.61967975591364,20.073976089991465,19.264891246808435,18.50613575191197,19.35828623071088,1.0,1.0,1.0,1.0,1.0,1.0,1.0,1.0,1.0,1.0
466.25,2.0,20.50295285910027,21.63098520537237,21.135629522442876,21.65253406558062,22.062228989125376,22.23114380201234,21.890950380984656,21.42062181508057,20.187857512395006,18.650686160473338,1.0,1.0,1.0,1.0,1.0,1.0,1.0,1.0,1.0,1.0
466.5,3.0,0.0,0.0,0.0,0.0,0.0,0.0,0.0,0.0,0.0,0.0,0.0,0.0,0.0,0.0,0.0,0.0,0.0,0.0,0.0,0.0
466.75,4.0,17.938141653311668,18.60773549083935,18.880161970887833,19.497974340512343,18.936834348595077,18.10892173467158,17.806477025535386,18.20833607814491,18.33871955895744,19.795848808626932,1.0,1.0,1.0,1.0,1.0,1.0,1.0,1.0,1.0,1.0
467.0,1.0,18.474946367108416,19.55324643515242,18.866096186915616,18.55732123885874,20.554796650153744,19.088458581408187,19.382705853960037,19.368397998198006,18.248796731236045,19.2547412379371,1.0,1.0,1.0,1.0,1.0,1.0,1.0,1.0,1.0,1.0
467.25,2.0,0.0,0.0,0.0,0.0,0.0,0.0,0.0,0.0,0.0,0.0,0.0,0.0,0.0,0.0,0.0,0.0,0.0,0.0,0.0,0.0
467.5,3.0,20.664292516354344,20.39384146336833,19.58463335780217,19.333899558988808,19.795247692129937,19.366653778396078,18.257706598284184,17.298222025810595,18.476413901397017,17.83105653222059,1.0,1.0,1.0,1.0,1.0,1.0,1.0,1.0,1.0,1.0
467.75,4.0,18.0807135739158,19.432952120688764,19.9168756525446,19.748309384828897,18.249244334507807,18.008940499791628,17.676057447439145,18.905396280264377,18.828225607791452,19.42713496977875,1.0,1.0,1.0,1.0,1.0,1.0,1.0,1.0,1.0,1.0
468.0,1.0,0.0,0.0,0.0,0.0,0.0,0.0,0.0,0.0,0.0,0.0,0.0,0.0,0.0,0.0,0.0,0.0,0.0,0.0,0.0,0.0
468.25,2.0,20.51996779344285,21.5194375320579,22.28715862142041,22.68684993794797,21.48764368707077,20.92747153856584,20.192892677249745,19.588508359009754,18.51608631004899,18.92968050798203,1.0,1.0,1.0,1.0,1.0,1.0,1.0,1.0,1.0,1.0
468.5,3.0,0.0,0.0,0.0,0.0,0.0,0.0,0.0,0.0,0.0,0.0,0.0,0.0,0.0,0.0,0.0,0.0,0.0,0.0,0.0,0.0
468.75,4.0,0.0,0.0,0.0,0.0,0.0,0.0,0.0,0.0,0.0,0.0,0.0,0.0,0.0,0.0,0.0,0.0,0.0,0.0,0.0,0.0
469.0,1.0,19.092272038379022,17.412040088524222,18.381229543765958,20.183673782500797,20.420478464075583,19.215059905520683,19.895147373048427,19.24349259738329,18.94818678003904,17.87136719681052,1.0,1.0,1.0,1.0,1.0,1.0,1.0,1.0,1.0,1.0
469.25,2.0,20.404299799925912,21.999385241996524,21.76496213483268,21.97288208001577,20.997821892394544,20.766388860388968,20.222972925149282,19.46193131753852,18.49887413372505,18.980813617623994,1.0,1.0,1.0,1.0,1.0,1.0,1.0,1.0,1.0,1.0
469.5,3.0,0.0,0.0,0.0,0.0,0.0,0.0,0.0,0.0,0.0,0.0,0.0,0.0,0.0,0.0,0.0,0.0,0.0,0.0,0.0,0.0
469.75,4.0,18.68245408311652,19.19776732080713,19.60766970031441,20.11044098415416,20.118085028836067,19.788179984999925,20.391053853547902,20.757594712802153,19.966093543076276,19.497896947497168,1.0,1.0,1.0,1.0,1.0,1.0,1.0,1.0,1.0,1.0
470.0,1.0,17.53416908660657,17.61673855470809,19.319944323710594,20.82450146452753,21.0000519772198,19.82275692338873,20.404495167779384,19.877885890824682,19.849663870442495,18.93915509088257,1.0,1.0,1.0,1.0,1.0,1.0,1.0,1.0,1.0,1.0
470.25,2.0,0.0,0.0,0.0,0.0,0.0,0.0,0.0,0.0,0.0,0.0,0.0,0.0,0.0,0.0,0.0,0.0,0.0,0.0,0.0,0.0
470.5,3.0,19.539918879101133,19.163601652568413,18.77272880282291,17.91178315713721,18.372121858419124,19.277023208331194,18.91561953127299,19.17509003765036,20.13137540579863,19.29429569525495,1.0,1.0,1.0,1.0,1.0,1.0,1.0,1.0,1.0,1.0
470.75,4.0,18.599960830824116,19.147607579507522,20.625029549553876,22.832772948616494,21.297266838067255,21.109665416161654,20.869847888479672,20.422671933485727,20.184871340258404,19.57489591860611,1.0,1.0,1.0,1.0,1.0,1.0,1.0,1.0,1.0,1.0
471.0,1.0,18.286377011599296,18.293435555815634,20.41145435248406,22.321599851919665,20.607030477893414,20.142152933980476,20.67778025394187,20.42805738837777,19.968850635063205,19.21170118165938,1.0,1.0,1.0,1.0,1.0,1.0,1.0,1.0,1.0,1.0
471.25,2.0,20.314198028054154,20.453388486577484,20.361562932349802,19.310626077036858,19.237681297953028,18.448705772616492,17.69132166132247,19.2129030117085,19.657547915197608,20.39421160327188,1.0,1.0,1.0,1.0,1.0,1.0,1.0,1.0,1.0,1.0
471.5,3.0,0.0,0.0,0.0,0.0,0.0,0.0,0.0,0.0,0.0,0.0,0.0,0.0,0.0,0.0,0.0,0.0,0.0,0.0,0.0,0.0
471.75,4.0,18.80608255321891,19.6211652898622,22.047272354471936,23.415286688289207,21.000205321531563,20.171780982363043,20.690521120185128,20.45028970425116,20.431245345030607,18.444160368663344,1.0,1.0,1.0,1.0,1.0,1.0,1.0,1.0,1.0,1.0
472.0,1.0,16.329399754004346,19.031078627110578,22.254491020272,23.908546800571177,20.14042974089954,19.720028790058787,20.215507065821974,19.313470178357168,19.469423603205993,19.793204065863492,1.0,1.0,1.0,1.0,1.0,1.0,1.0,1.0,1.0,1.0
472.25,2.0,0.0,0.0,0.0,0.0,0.0,0.0,0.0,0.0,0.0,0.0,0.0,0.0,0.0,0.0,0.0,0.0,0.0,0.0,0.0,0.0
472.5,3.0,18.479259463184114,18.303573057890727,18.657866461204673,19.24092743674955,20.279531247782167,20.67786173308891,20.389302724038842,20.311061725343116,19.69980440375004,18.088418102249666,1.0,1.0,1.0,1.0,1.0,1.0,1.0,1.0,1.0,1.0
472.75,4.0,19.048804366573766,21.052339322670395,22.85823612908784,21.3813228994667,19.476405615024056,19.460143140580225,20.486120201291655,20.097717314821832,18.97732498332975,17.413237819234105,1.0,1.0,1.0,1.0,1.0,1.0,1.0,1.0,1.0,1.0
473.0,1.0,0.0,0.0,0.0,0.0,0.0,0.0,0.0,0.0,0.0,0.0,0.0,0.0,0.0,0.0,0.0,0.0,0.0,0.0,0.0,0.0
473.25,2.0,0.0,0.0,0.0,0.0,0.0,0.0,0.0,0.0,0.0,0.0,0.0,0.0,0.0,0.0,0.0,0.0,0.0,0.0,0.0,0.0
473.5,3.0,17.91216836084329,19.812392735894512,19.696900332823883,18.49349611978148,18.01597168662872,19.288841067760032,19.256459216608846,19.473141933377413,19.175092144210804,18.476172918139213,1.0,1.0,1.0,1.0,1.0,1.0,1.0,1.0,1.0,1.0
473.75,4.0,0.0,0.0,0.0,0.0,0.0,0.0,0.0,0.0,0.0,0.0,0.0,0.0,0.0,0.0,0.0,0.0,0.0,0.0,0.0,0.0
474.0,1.0,17.93613838526209,19.325321429105752,22.6707266193361,21.1595215455096,21.583898603396385,20.826619729980575,20.53229519790801,18.74256164071718,18.310488477351797,16.251840349376963,1.0,1.0,1.0,1.0,1.0,1.0,1.0,1.0,1.0,1.0
474.25,2.0,19.300135916206152,21.532237512132415,19.92400791292744,19.372875472631943,20.582737505615967,19.118708689400084,19.209435229680704,20.02347358830519,19.688510881993906,20.04933997929412,1.0,1.0,1.0,1.0,1.0,1.0,1.0,1.0,1.0,1.0
474.5,3.0,0.0,0.0,0.0,0.0,0.0,0.0,0.0,0.0,0.0,0.0,0.0,0.0,0.0,0.0,0.0,0.0,0.0,0.0,0.0,0.0
474.75,4.0,21.425665564586847,20.948001045910612,22.824624609851814,22.107493217013015,20.010868799558647,18.82667217886017,18.272572919428004,17.24779441227793,17.402042767790107,16.371676754945327,1.0,1.0,1.0,1.0,1.0,1.0,1.0,1.0,1.0,1.0
475.0,1.0,19.15450758856861,19.568694463288487,21.025348455925755,20.56638956913638,21.26287847307859,19.284366380097847,18.81890353986212,17.069841619816483,17.87224156635391,16.601665344184603,1.0,1.0,1.0,1.0,1.0,1.0,1.0,1.0,1.0,1.0
475.25,2.0,0.0,0.0,0.0,0.0,0.0,0.0,0.0,0.0,0.0,0.0,0.0,0.0,0.0,0.0,0.0,0.0,0.0,0.0,0.0,0.0
475.5,3.0,19.52385329568519,20.469192038669195,19.767791063608954,19.007623704761382,18.084165008863362,18.426848641887656,18.414905203175067,19.36315797841237,19.6383936310712,18.909561766333116,1.0,1.0,1.0,1.0,1.0,1.0,1.0,1.0,1.0,1.0
475.75,4.0,21.605262457203143,19.273880968338226,22.327233286412216,20.748070358473015,18.731795419712586,17.915067435686225,18.191846381093807,16.619127848278705,16.68989533018638,15.900254170302144,1.0,1.0,1.0,1.0,1.0,1.0,1.0,1.0,1.0,1.0
476.0,1.0,0.0,0.0,0.0,0.0,0.0,0.0,0.0,0.0,0.0,0.0,0.0,0.0,0.0,0.0,0.0,0.0,0.0,0.0,0.0,0.0
476.25,2.0,20.304687094258732,21.163225487580274,21.22700017618032,20.381339322871064,19.661313468719715,18.526972800607723,19.589300525168127,20.399088122904015,18.59048690253638,18.700427933143143,1.0,1.0,1.0,1.0,1.0,1.0,1.0,1.0,1.0,1.0
476.5,3.0,0.0,0.0,0.0,0.0,0.0,0.0,0.0,0.0,0.0,0.0,0.0,0.0,0.0,0.0,0.0,0.0,0.0,0.0,0.0,0.0
476.75,4.0,0.0,0.0,0.0,0.0,0.0,0.0,0.0,0.0,0.0,0.0,0.0,0.0,0.0,0.0,0.0,0.0,0.0,0.0,0.0,0.0
477.0,1.0,20.468453725932157,20.353415770150832,21.264959993390093,20.785826339755413,20.413166070955466,19.95339030146571,19.25287813676613,17.489894529008996,17.57911754417332,17.357050325167204,1.0,1.0,1.0,1.0,1.0,1.0,1.0,1.0,1.0,1.0
477.25,2.0,20.719333215894384,20.911181078166685,19.936218539058693,19.333956978671957,20.661834392017763,19.46501252216781,19.33798973530405,19.29951331884824,17.720335770216927,16.57957168359821,1.0,1.0,1.0,1.0,1.0,1.0,1.0,1.0,1.0,1.0
477.5,3.0,0.0,0.0,0.0,0.0,0.0,0.0,0.0,0.0,0.0,0.0,0.0,0.0,0.0,0.0,0.0,0.0,0.0,0.0,0.0,0.0
477.75,4.0,20.5807114066016,20.524482864520756,21.7336844129509,20.096856619275247,19.168654836141986,18.547446280506577,18.631697274629683,18.057508330968933,17.309402693188552,17.995663914666498,1.0,1.0,1.0,1.0,1.0,1.0,1.0,1.0,1.0,1.0
478.0,1.0,20.84287345627244,20.002797340802807,20.327266295054812,19.16094312365712,19.513470910388527,18.75862810758774,18.50986990122461,17.409653598919327,17.322748960446752,16.538825579381914,1.0,1.0,1.0,1.0,1.0,1.0,1.0,1.0,1.0,1.0
478.25,2.0,0.0,0.0,0.0,0.0,0.0,0.0,0.0,0.0,0.0,0.0,0.0,0.0,0.0,0.0,0.0,0.0,0.0,0.0,0.0,0.0
478.5,3.0,21.2616252229548,21.254243197278964,20.043244354465898,19.467910197931406,18.876844922029314,18.777001589538106,19.60369904048427,18.332072951401255,18.902164576154128,18.246942930183586,1.0,1.0,1.0,1.0,1.0,1.0,1.0,1.0,1.0,1.0
478.75,4.0,21.659982406659417,21.35546790136335,21.274957311200776,20.350931510288593,19.054084310102244,18.463457224839477,18.62371711652484,17.589693006807305,16.869632285568358,18.90745896826023,1.0,1.0,1.0,1.0,1.0,1.0,1.0,1.0,1.0,1.0
479.0,1.0,20.217465050733974,19.902035025630916,19.751234339042284,17.29306202899629,16.97172766139522,17.073148695457622,15.89638698152653,15.42972849506776,15.6450696650942,15.345475046161624,1.0,1.0,1.0,1.0,1.0,1.0,1.0,1.0,1.0,1.0
479.25,2.0,20.150689260547804,19.000599226464423,18.776106430660047,20.594154102526716,21.29859684056038,19.811969448757417,18.49640614825584,17.16839062025116,15.98010624697702,15.25159102072311,1.0,1.0,1.0,1.0,1.0,1.0,1.0,1.0,1.0,1.0
479.5,3.0,0.0,0.0,0.0,0.0,0.0,0.0,0.0,0.0,0.0,0.0,0.0,0.0,0.0,0.0,0.0,0.0,0.0,0.0,0.0,0.0
479.75,4.0,20.838694933284394,20.678853825019427,20.060577796307097,20.098271298394177,18.230730111381682,18.361476465241424,18.70533733990353,17.958677706122963,17.421499908807967,19.13655458760171,1.0,1.0,1.0,1.0,1.0,1.0,1.0,1.0,1.0,1.0
480.0,1.0,19.54177781392478,19.455475598073495,18.050637489286604,17.25849631569779,17.528415386524482,17.023836036058245,16.016405653603186,15.893988663684857,15.857070251138323,16.453053930330963,1.0,1.0,1.0,1.0,1.0,1.0,1.0,1.0,1.0,1.0
480.25,2.0,0.0,0.0,0.0,0.0,0.0,0.0,0.0,0.0,0.0,0.0,0.0,0.0,0.0,0.0,0.0,0.0,0.0,0.0,0.0,0.0
480.5,3.0,19.08500191600121,21.778889349175238,19.392287599489254,19.441956657518965,20.30379897677788,18.327609187946237,18.82280851856882,18.24658786884495,18.553173888346315,17.820976023338204,1.0,1.0,1.0,1.0,1.0,1.0,1.0,1.0,1.0,1.0
480.75,4.0,19.215255071763515,19.384075221228287,19.599228971474428,20.17624912250234,19.013390225322894,18.711501418139452,18.42191567800498,17.96527313570423,18.289910070524417,19.10098414667281,1.0,1.0,1.0,1.0,1.0,1.0,1.0,1.0,1.0,1.0
481.0,1.0,0.0,0.0,0.0,0.0,0.0,0.0,0.0,0.0,0.0,0.0,0.0,0.0,0.0,0.0,0.0,0.0,0.0,0.0,0.0,0.0
481.25,2.0,0.0,0.0,0.0,0.0,0.0,0.0,0.0,0.0,0.0,0.0,0.0,0.0,0.0,0.0,0.0,0.0,0.0,0.0,0.0,0.0
481.5,3.0,19.069980061170376,20.394764260205967,19.68132863659373,19.73360825626258,19.47099482348722,18.06375476923872,18.27845977121947,17.75858920852234,17.849873158787283,17.515103497602613,1.0,1.0,1.0,1.0,1.0,1.0,1.0,1.0,1.0,1.0
481.75,4.0,0.0,0.0,0.0,0.0,0.0,0.0,0.0,0.0,0.0,0.0,0.0,0.0,0.0,0.0,0.0,0.0,0.0,0.0,0.0,0.0
482.0,1.0,18.957499604154673,17.08291354755035,16.46903849371471,16.913474582580257,17.2856654115637,17.67520937757226,16.04240894181868,15.88191579079384,16.10149125020445,16.251492703602047,1.0,1.0,1.0,1.0,1.0,1.0,1.0,1.0,1.0,1.0
482.25,2.0,19.022083637897456,20.27040755588084,18.875237037712726,18.460799468693477,17.195745224241858,16.619863278537842,17.745752499541304,15.791238057723925,16.14387435915829,16.03738076395825,1.0,1.0,1.0,1.0,1.0,1.0,1.0,1.0,1.0,1.0
482.5,3.0,0.0,0.0,0.0,0.0,0.0,0.0,0.0,0.0,0.0,0.0,0.0,0.0,0.0,0.0,0.0,0.0,0.0,0.0,0.0,0.0
482.75,4.0,19.26775544337894,19.389919465236375,20.588175377345692,19.39798221984523,17.21343778215232,17.06889072221803,17.308251899101137,18.038575653610355,17.691278339306507,18.844584108701,1.0,1.0,1.0,1.0,1.0,1.0,1.0,1.0,1.0,1.0
483.0,1.0,17.944519698036437,16.768283544378377,16.48422113463445,16.26767339608819,16.71826773672679,16.365820629277124,16.18251941524341,15.688478711921517,15.318593873555276,15.328331190314962,1.0,1.0,1.0,1.0,1.0,1.0,1.0,1.0,1.0,1.0
483.25,2.0,0.0,0.0,0.0,0.0,0.0,0.0,0.0,0.0,0.0,0.0,0.0,0.0,0.0,0.0,0.0,0.0,0.0,0.0,0.0,0.0
483.5,3.0,19.17976381966592,18.991221330295144,19.48682039182535,19.1201888175349,18.072049422751785,17.180342641930622,16.944369914635367,16.19243312685406,16.26659973221012,16.195622284455474,1.0,1.0,1.0,1.0,1.0,1.0,1.0,1.0,1.0,1.0
483.75,4.0,18.633759649550957,18.538897684205224,18.579030636803154,17.550711807827483,15.47743452935638,16.184849434495177,16.998487360975922,17.54618880210987,17.26015831784535,17.86039391310355,1.0,1.0,1.0,1.0,1.0,1.0,1.0,1.0,1.0,1.0
484.0,1.0,0.0,0.0,0.0,0.0,0.0,0.0,0.0,0.0,0.0,0.0,0.0,0.0,0.0,0.0,0.0,0.0,0.0,0.0,0.0,0.0
484.25,2.0,18.967776959286812,16.785102853183194,16.45112628995415,17.48304996998335,16.133320162336812,16.166513445807357,16.158308299793866,16.08341202166565,15.91693183704184,16.413283054074398,1.0,1.0,1.0,1.0,1.0,1.0,1.0,1.0,1.0,1.0
484.5,3.0,0.0,0.0,0.0,0.0,0.0,0.0,0.0,0.0,0.0,0.0,0.0,0.0,0.0,0.0,0.0,0.0,0.0,0.0,0.0,0.0
484.75,4.0,0.0,0.0,0.0,0.0,0.0,0.0,0.0,0.0,0.0,0.0,0.0,0.0,0.0,0.0,0.0,0.0,0.0,0.0,0.0,0.0
485.0,1.0,17.260813114547215,16.509971565600186,16.215733705888937,15.977471170570949,16.894152020748887,16.298666820637692,16.30537733693802,16.837835595314186,16.778813962550196,17.067441863949263,1.0,1.0,1.0,1.0,1.0,1.0,1.0,1.0,1.0,1.0
485.25,2.0,17.989728529413316,17.625856981792523,16.457251464713714,15.923810911861988,15.971572241158793,16.49122658201104,16.87334214155431,17.134776734654594,17.109214901630462,17.197156720648405,1.0,1.0,1.0,1.0,1.0,1.0,1.0,1.0,1.0,1.0
485.5,3.0,19.29503330473411,17.169723870495822,16.907067317842436,16.209185302994033,15.238673523213414,15.491879186773433,17.25890147633894,16.937444505626225,16.465470406516424,16.481331556598345,1.0,1.0,1.0,1.0,1.0,1.0,1.0,1.0,1.0,1.0
485.75,4.0,17.971907838961258,16.010328603361287,16.702053900155075,15.262440385952448,13.521829752954291,14.671347574421421,15.914100299366167,17.52145885391605,17.128475406894903,17.29685826194905,1.0,1.0,1.0,1.0,1.0,1.0,1.0,1.0,1.0,1.0
486.0,1.0,17.059013131214186,16.57274535221254,15.980430466493027,16.062873856834873,16.255908580812832,16.162944999128953,16.212302521518026,15.189112814506867,15.111728245861471,14.929300759970422,1.0,1.0,1.0,1.0,1.0,1.0,1.0,1.0,1.0,1.0
486.25,2.0,0.0,0.0,0.0,0.0,0.0,0.0,0.0,0.0,0.0,0.0,0.0,0.0,0.0,0.0,0.0,0.0,0.0,0.0,0.0,0.0
486.5,3.0,18.46206117691943,16.542377512060966,16.033958763436793,15.56235889869096,14.617044844444877,15.728778281685726,16.48107008667344,16.68239991979394,16.88064716146493,17.22270090181625,1.0,1.0,1.0,1.0,1.0,1.0,1.0,1.0,1.0,1.0
486.75,4.0,17.077164988961602,16.568061523825435,16.676238137679984,15.097024763388808,14.494539536290112,14.94030128098319,15.429745274712824,15.651317408853616,16.615023804737753,17.22833978000472,1.0,1.0,1.0,1.0,1.0,1.0,1.0,1.0,1.0,1.0
487.0,1.0,17.834328983535414,16.78534958245082,15.882134545015191,14.759681136149085,15.703617749167657,16.25977924076447,14.697248367870154,14.341635555591274,15.240353839805678,15.127076233068994,1.0,1.0,1.0,1.0,1.0,1.0,1.0,1.0,1.0,1.0
487.25,2.0,18.78719938890187,16.349654063469252,15.781543275380448,16.42463671641411,19.015039663901334,18.045184265039747,17.567116034055676,17.560928396633038,15.83851025801454,16.467161949323728,1.0,1.0,1.0,1.0,1.0,1.0,1.0,1.0,1.0,1.0
487.5,3.0,0.0,0.0,0.0,0.0,0.0,0.0,0.0,0.0,0.0,0.0,0.0,0.0,0.0,0.0,0.0,0.0,0.0,0.0,0.0,0.0
487.75,4.0,17.119119165480132,15.664449539412065,15.687418808086997,15.41549808975734,15.471149239027286,15.386259740660368,15.2543135288193,15.47208152544961,16.608091745788414,16.92221006049693,1.0,1.0,1.0,1.0,1.0,1.0,1.0,1.0,1.0,1.0
488.0,1.0,17.383430908678758,16.41547630997012,14.935554073519702,13.968773735398583,14.98315116933205,15.805014178311902,14.958735614866331,15.497577001059902,15.557786861936123,15.031079279238208,1.0,1.0,1.0,1.0,1.0,1.0,1.0,1.0,1.0,1.0
488.25,2.0,0.0,0.0,0.0,0.0,0.0,0.0,0.0,0.0,0.0,0.0,0.0,0.0,0.0,0.0,0.0,0.0,0.0,0.0,0.0,0.0
488.5,3.0,16.37261237662472,15.710963119065791,15.08226674829151,14.76555284692939,14.01611476662021,14.076253821970713,15.423462497029483,15.681293194470104,16.006219920562657,16.57464972990381,1.0,1.0,1.0,1.0,1.0,1.0,1.0,1.0,1.0,1.0
488.75,4.0,15.771483328287173,14.62093033474103,15.216862340424743,14.301393190530755,15.094680734740242,14.958624936989002,15.913472954955832,16.52505660500588,17.91899674641184,18.06402143091854,1.0,1.0,1.0,1.0,1.0,1.0,1.0,1.0,1.0,1.0
489.0,1.0,0.0,0.0,0.0,0.0,0.0,0.0,0.0,0.0,0.0,0.0,0.0,0.0,0.0,0.0,0.0,0.0,0.0,0.0,0.0,0.0
489.25,2.0,16.57083676684135,15.182867012720413,15.78550936364529,16.570843311924573,16.072995947748563,15.494372765585213,14.637558087774034,15.318374975965275,14.316601262171174,15.050836873203846,1.0,1.0,1.0,1.0,1.0,1.0,1.0,1.0,1.0,1.0
489.5,3.0,16.35199815160425,15.69011984480254,16.449258566341797,16.214369967130608,14.702773735779715,15.203046581743894,16.17674682473357,16.295842225981303,16.189039127088346,16.01658928570724,1.0,1.0,1.0,1.0,1.0,1.0,1.0,1.0,1.0,1.0
489.75,4.0,0.0,0.0,0.0,0.0,0.0,0.0,0.0,0.0,0.0,0.0,0.0,0.0,0.0,0.0,0.0,0.0,0.0,0.0,0.0,0.0
490.0,1.0,15.886894188012068,14.518902150900198,14.36465828382038,15.091539300747298,16.330306724948937,16.667117232226808,16.009882981184266,15.390612304193718,13.943959475567182,13.49005956083827,1.0,1.0,1.0,1.0,1.0,1.0,1.0,1.0,1.0,1.0
490.25,2.0,14.65524482294774,14.475350337983478,15.525111183855108,16.560391480055358,15.09979064019788,15.24575586493768,14.754849822889675,14.542473081225944,14.6796577123014,15.6281413652549,1.0,1.0,1.0,1.0,1.0,1.0,1.0,1.0,1.0,1.0
490.5,3.0,0.0,0.0,0.0,0.0,0.0,0.0,0.0,0.0,0.0,0.0,0.0,0.0,0.0,0.0,0.0,0.0,0.0,0.0,0.0,0.0
490.75,4.0,14.744628686084315,15.521828641206406,15.297498338189499,14.884615072931261,15.279073174583917,14.12686144339918,14.621688905159631,14.870637821711734,15.790755399342055,17.133565166651366,1.0,1.0,1.0,1.0,1.0,1.0,1.0,1.0,1.0,1.0
491.0,1.0,12.879476700612718,14.058258605172037,14.618389673135058,14.760716268272656,16.280226541926123,15.424225077414903,15.21568848160733,13.952651058853494,13.653184448062614,14.481403342858936,1.0,1.0,1.0,1.0,1.0,1.0,1.0,1.0,1.0,1.0
491.25,2.0,0.0,0.0,0.0,0.0,0.0,0.0,0.0,0.0,0.0,0.0,0.0,0.0,0.0,0.0,0.0,0.0,0.0,0.0,0.0,0.0
491.5,3.0,18.10241514573424,15.857672930733845,16.173885642440847,16.265925803662796,14.215629030713725,14.734184366885117,15.987483718653687,16.256483382718294,16.079907725877046,17.169487482913354,1.0,1.0,1.0,1.0,1.0,1.0,1.0,1.0,1.0,1.0
491.75,4.0,15.52060786328014,16.203935326060904,15.548426080598745,14.437865922728848,14.181484021937008,13.318602962178623,14.02702485040658,14.675090679621311,15.949772874935995,16.984854013097976,1.0,1.0,1.0,1.0,1.0,1.0,1.0,1.0,1.0,1.0
492.0,1.0,13.019255560586494,13.482095448302761,14.54502684993876,15.117889418958265,16.57399852899998,15.155836918551705,14.847114708022012,14.171753003785568,14.86848561937999,15.640203771866556,1.0,1.0,1.0,1.0,1.0,1.0,1.0,1.0,1.0,1.0
492.25,2.0,14.51856138635746,14.381646948608406,13.986843090623301,13.272820346081803,11.887610114439951,12.727178662548601,14.067710067371547,13.779957268721091,13.397689652696515,14.276535378940675,1.0,1.0,1.0,1.0,1.0,1.0,1.0,1.0,1.0,1.0
492.5,3.0,0.0,0.0,0.0,0.0,0.0,0.0,0.0,0.0,0.0,0.0,0.0,0.0,0.0,0.0,0.0,0.0,0.0,0.0,0.0,0.0
492.75,4.0,0.0,0.0,0.0,0.0,0.0,0.0,0.0,0.0,0.0,0.0,0.0,0.0,0.0,0.0,0.0,0.0,0.0,0.0,0.0,0.0
493.0,1.0,12.821627914413348,13.146788297950401,15.401236591397527,17.045867329683244,16.36348186110699,14.804604103317763,14.95876842658339,15.3494027991,15.4272343587272,16.155377650359828,1.0,1.0,1.0,1.0,1.0,1.0,1.0,1.0,1.0,1.0
493.25,2.0,15.515276232573445,14.545624976361893,14.576796928735732,12.894894454786073,12.902994657333105,12.717373437644403,14.136306268352893,14.023418208205308,13.466099265205285,14.054154093500156,1.0,1.0,1.0,1.0,1.0,1.0,1.0,1.0,1.0,1.0
493.5,3.0,15.361915378776798,14.255331242845196,14.733533851103804,15.369586040737277,16.324603132538453,16.359804118599126,17.76143657841098,16.8055273994172,17.008112649396338,17.23804887435786,1.0,1.0,1.0,1.0,1.0,1.0,1.0,1.0,1.0,1.0
493.75,4.0,16.521921648046465,16.040998226731286,15.3976813554524,14.2391966251034,14.842143747258204,14.898944230315614,15.494672677844719,15.59621153695446,16.90563546286843,17.576381646165476,1.0,1.0,1.0,1.0,1.0,1.0,1.0,1.0,1.0,1.0
494.0,1.0,14.658256318752674,14.285980177935924,16.7482110026096,16.963027490892927,16.61900487433579,16.369388798130114,15.851808942735175,16.665345160170265,17.479139276130766,17.003781124132903,1.0,1.0,1.0,1.0,1.0,1.0,1.0,1.0,1.0,1.0
494.25,2.0,0.0,0.0,0.0,0.0,0.0,0.0,0.0,0.0,0.0,0.0,0.0,0.0,0.0,0.0,0.0,0.0,0.0,0.0,0.0,0.0
494.5,3.0,14.87273978259561,13.985126179343817,14.621894740045377,16.333602622447234,17.279387306512476,17.930719067635234,17.70729447155143,16.57354817942416,16.553363295555258,16.433685532896167,1.0,1.0,1.0,1.0,1.0,1.0,1.0,1.0,1.0,1.0
494.75,4.0,15.97308632893864,14.796474627399776,15.694328132091886,16.259431643473103,16.24289735197512,16.502869590725336,16.573066992893988,16.768159548262094,17.111996436197973,17.60402087851831,1.0,1.0,1.0,1.0,1.0,1.0,1.0,1.0,1.0,1.0
495.0,1.0,14.684964645347351,14.502946035437622,16.635085567904383,17.838301865944832,16.83791342228289,16.271879142885307,15.000294340661654,16.077871473986185,16.656992957630255,17.282455112574006,1.0,1.0,1.0,1.0,1.0,1.0,1.0,1.0,1.0,1.0
495.25,2.0,15.7146588410403,14.557083986512145,12.717794194741122,11.948877085010722,11.688928893247091,11.347658887317726,11.61655862445064,12.963297084059846,12.844373109762994,13.012963935641,1.0,1.0,1.0,1.0,1.0,1.0,1.0,1.0,1.0,1.0
495.5,3.0,0.0,0.0,0.0,0.0,0.0,0.0,0.0,0.0,0.0,0.0,0.0,0.0,0.0,0.0,0.0,0.0,0.0,0.0,0.0,0.0
495.75,4.0,16.315741612523777,15.275151074385086,17.79155094432089,17.602931670663903,17.089826812567416,16.3918265096007,16.393099309251824,16.564514207642738,17.131471814343676,18.236615293089148,1.0,1.0,1.0,1.0,1.0,1.0,1.0,1.0,1.0,1.0
496.0,1.0,15.896919726464118,15.1365158476564,16.44049964214528,17.594259757387928,16.512136328676558,16.13188497584933,15.520738868097673,17.423761468575584,18.688512193147634,18.447968384007208,1.0,1.0,1.0,1.0,1.0,1.0,1.0,1.0,1.0,1.0
496.25,2.0,0.0,0.0,0.0,0.0,0.0,0.0,0.0,0.0,0.0,0.0,0.0,0.0,0.0,0.0,0.0,0.0,0.0,0.0,0.0,0.0
496.5,3.0,15.08315300201753,14.72663638169882,14.729515574257379,16.393157197712643,15.124971337356143,15.391699174011162,14.68796907903917,14.855626631212962,15.385009810247068,15.764693492174121,1.0,1.0,1.0,1.0,1.0,1.0,1.0,1.0,1.0,1.0
496.75,4.0,16.52602768057182,16.65667168939442,18.617679424774458,18.639365869204973,17.541079119918727,16.612650017702926,17.282545180725062,17.038704769555093,16.929975283846623,17.559318002364115,1.0,1.0,1.0,1.0,1.0,1.0,1.0,1.0,1.0,1.0
497.0,1.0,0.0,0.0,0.0,0.0,0.0,0.0,0.0,0.0,0.0,0.0,0.0,0.0,0.0,0.0,0.0,0.0,0.0,0.0,0.0,0.0
497.25,2.0,14.585864098805239,12.658267859549436,12.71527196005665,13.57417260582303,13.83078240333974,13.635925741549519,13.251378074010358,14.300946859369532,13.32136667163739,15.032090007232236,1.0,1.0,1.0,1.0,1.0,1.0,1.0,1.0,1.0,1.0
497.5,3.0,16.01568165643963,14.489606458976061,14.444255286869334,16.579894844596744,14.887962756868358,14.980910141855489,13.94224851425589,14.178582658777557,15.783398705373038,16.53222607872069,1.0,1.0,1.0,1.0,1.0,1.0,1.0,1.0,1.0,1.0
497.75,4.0,0.0,0.0,0.0,0.0,0.0,0.0,0.0,0.0,0.0,0.0,0.0,0.0,0.0,0.0,0.0,0.0,0.0,0.0,0.0,0.0
498.0,1.0,15.984465703194111,15.504505814933555,17.4325652962709,18.473793390166676,18.082741842946806,18.441917095052496,17.390594897182602,18.730258071846144,18.734379839351057,18.330503834802762,1.0,1.0,1.0,1.0,1.0,1.0,1.0,1.0,1.0,1.0
498.25,2.0,14.221172843231312,13.282558830070013,13.727790082551966,15.503801560303472,14.734728114439124,13.790392875651836,14.366377778180555,15.107074351712114,14.89070609738409,16.180320192217145,1.0,1.0,1.0,1.0,1.0,1.0,1.0,1.0,1.0,1.0
498.5,3.0,0.0,0.0,0.0,0.0,0.0,0.0,0.0,0.0,0.0,0.0,0.0,0.0,0.0,0.0,0.0,0.0,0.0,0.0,0.0,0.0
498.75,4.0,15.99007277492743,16.494601259388535,17.426605081948733,17.91573512157571,17.376144408126112,16.899958094059976,16.4546533737081,16.1168901363519,15.707494864633778,16.139546676542984,1.0,1.0,1.0,1.0,1.0,1.0,1.0,1.0,1.0,1.0
499.0,1.0,15.863776782602622,15.569302179478765,17.532672863081054,17.783884908633958,18.24525090080702,18.730900140628943,17.154623629237157,18.749574246780384,19.05195689173612,18.976859514763106,1.0,1.0,1.0,1.0,1.0,1.0,1.0,1.0,1.0,1.0
499.25,2.0,0.0,0.0,0.0,0.0,0.0,0.0,0.0,0.0,0.0,0.0,0.0,0.0,0.0,0.0,0.0,0.0,0.0,0.0,0.0,0.0
499.5,3.0,15.239616989168622,13.86430891146054,14.298124032162011,15.348468397906043,13.402808638419948,13.528205548939972,14.934239864311838,15.38661656651676,17.114991480175092,16.82034080175725,1.0,1.0,1.0,1.0,1.0,1.0,1.0,1.0,1.0,1.0
499.75,4.0,15.42161492067494,15.838641015021912,16.55429648439003,16.736596572809,16.87230056730457,16.852799594248722,16.389825001474875,17.09042397283785,17.13556842993841,18.12196817951467,1.0,1.0,1.0,1.0,1.0,1.0,1.0,1.0,1.0,1.0
500.0,1.0,15.92885005188826,15.931488949017673,16.571380787250778,16.838915655504177,17.637740858866007,18.03141879294886,17.149818420278805,18.640793845446712,19.23648173938064,19.667638000809536,1.0,1.0,1.0,1.0,1.0,1.0,1.0,1.0,1.0,1.0
500.25,2.0,13.93950653901509,12.198906120223599,13.69565836644193,14.634366824645332,14.21371427601257,14.354972691190715,14.49586040857223,14.550337946190727,14.605217554516715,13.759089228795748,1.0,1.0,1.0,1.0,1.0,1.0,1.0,1.0,1.0,1.0
500.5,3.0,0.0,0.0,0.0,0.0,0.0,0.0,0.0,0.0,0.0,0.0,0.0,0.0,0.0,0.0,0.0,0.0,0.0,0.0,0.0,0.0
500.75,4.0,15.091733518922558,16.51715712126321,16.507893178684707,16.381597780670567,16.522289834279384,17.683129434719152,17.294095459223897,16.902320420082912,16.213759994484416,16.6783808077361,1.0,1.0,1.0,1.0,1.0,1.0,1.0,1.0,1.0,1.0
501.0,1.0,15.892891769719986,16.083074755934867,16.283867965069582,16.950512377031174,16.516560375492105,16.819738434567906,16.30479743192134,17.991776301417275,19.241363387670937,19.51294482281403,1.0,1.0,1.0,1.0,1.0,1.0,1.0,1.0,1.0,1.0
501.25,2.0,14.019149934265993,13.388277063837641,13.759105014469897,13.825679627174129,15.057169363282924,14.746459197872003,13.937873285904464,14.191350814815852,13.967871121728198,14.98679449010481,1.0,1.0,1.0,1.0,1.0,1.0,1.0,1.0,1.0,1.0
501.5,3.0,16.193628128863516,16.25664708337789,15.882254536718138,15.120992038462141,14.589428648111129,16.27829379017054,17.104201494290514,16.681174206498167,17.010586700497985,16.091058443583336,1.0,1.0,1.0,1.0,1.0,1.0,1.0,1.0,1.0,1.0
501.75,4.0,17.08071866473164,17.499782398881866,16.01430679669607,16.623404386589826,16.949262823824867,16.679311309967865,15.847479626628568,16.05399103548902,16.848270199948697,17.308634425934102,1.0,1.0,1.0,1.0,1.0,1.0,1.0,1.0,1.0,1.0
502.0,1.0,0.0,0.0,0.0,0.0,0.0,0.0,0.0,0.0,0.0,0.0,0.0,0.0,0.0,0.0,0.0,0.0,0.0,0.0,0.0,0.0
502.25,2.0,0.0,0.0,0.0,0.0,0.0,0.0,0.0,0.0,0.0,0.0,0.0,0.0,0.0,0.0,0.0,0.0,0.0,0.0,0.0,0.0
502.5,3.0,17.29742506171916,17.146959112700163,15.70791485308099,14.981268611765111,15.320103522939979,17.18306816533496,17.49122737356236,16.18554022735478,16.058140611970014,16.25919061452841,1.0,1.0,1.0,1.0,1.0,1.0,1.0,1.0,1.0,1.0
502.75,4.0,0.0,0.0,0.0,0.0,0.0,0.0,0.0,0.0,0.0,0.0,0.0,0.0,0.0,0.0,0.0,0.0,0.0,0.0,0.0,0.0
503.0,1.0,14.86731939107081,15.008759054124468,15.695281015075581,17.1841289962447,16.878680049381877,17.973004115946363,18.368404060836454,19.7844972897416,19.247362324057647,19.644120674593083,1.0,1.0,1.0,1.0,1.0,1.0,1.0,1.0,1.0,1.0
503.25,2.0,14.894146665686609,14.839972116056337,14.082201190125957,14.71196814413702,15.310788057581103,14.556032793888333,14.261891896131564,15.096723691881534,14.77976159574451,15.51125150250179,1.0,1.0,1.0,1.0,1.0,1.0,1.0,1.0,1.0,1.0
503.5,3.0,0.0,0.0,0.0,0.0,0.0,0.0,0.0,0.0,0.0,0.0,0.0,0.0,0.0,0.0,0.0,0.0,0.0,0.0,0.0,0.0
503.75,4.0,17.23530298266007,16.679290283534968,16.301093545876196,17.05178323475991,16.888864566829703,16.566128802981858,16.17423511406219,16.200961835241454,16.599731980990153,17.500658161315922,1.0,1.0,1.0,1.0,1.0,1.0,1.0,1.0,1.0,1.0
504.0,1.0,14.669428353846529,13.57083281796749,15.309211353612488,16.41427866047142,17.676827284000407,17.908626787217113,18.37109815495284,20.19738373271927,19.713765028961433,21.0112600664382,1.0,1.0,1.0,1.0,1.0,1.0,1.0,1.0,1.0,1.0
504.25,2.0,0.0,0.0,0.0,0.0,0.0,0.0,0.0,0.0,0.0,0.0,0.0,0.0,0.0,0.0,0.0,0.0,0.0,0.0,0.0,0.0
504.5,3.0,17.074560998539525,17.00139143864122,15.632153541284072,16.030096312468476,16.558817802886487,16.564706283427807,16.23603645074085,15.891171607033552,16.54680177622787,16.496338565614234,1.0,1.0,1.0,1.0,1.0,1.0,1.0,1.0,1.0,1.0
504.75,4.0,16.438198351008417,16.28368413815599,15.970769908725648,16.06769714185266,16.31287993849415,17.319598421460313,16.742678201023416,17.30668888675614,16.894140735559215,18.12038391880724,1.0,1.0,1.0,1.0,1.0,1.0,1.0,1.0,1.0,1.0
505.0,1.0,0.0,0.0,0.0,0.0,0.0,0.0,0.0,0.0,0.0,0.0,0.0,0.0,0.0,0.0,0.0,0.0,0.0,0.0,0.0,0.0
505.25,2.0,17.069299518455235,15.092784359825245,13.766898586988882,15.354249088746599,15.878443101860118,15.815181023272812,16.63508026086063,16.038466449145943,16.035854277514908,16.79758717020337,1.0,1.0,1.0,1.0,1.0,1.0,1.0,1.0,1.0,1.0
505.5,3.0,0.0,0.0,0.0,0.0,0.0,0.0,0.0,0.0,0.0,0.0,0.0,0.0,0.0,0.0,0.0,0.0,0.0,0.0,0.0,0.0
505.75,4.0,0.0,0.0,0.0,0.0,0.0,0.0,0.0,0.0,0.0,0.0,0.0,0.0,0.0,0.0,0.0,0.0,0.0,0.0,0.0,0.0
506.0,1.0,14.272137246448597,15.905745618944996,15.958549682897555,16.12257257888204,16.903142261326067,17.68428464933297,17.53491438982331,18.398488479645383,19.16481704382101,18.66523104025636,1.0,1.0,1.0,1.0,1.0,1.0,1.0,1.0,1.0,1.0
506.25,2.0,16.593731738246085,15.318097167076722,15.469729967221301,16.490214977056354,16.83897886041668,16.359314727424348,16.094601536367847,15.734672586649893,15.852597996666834,16.875216094567925,1.0,1.0,1.0,1.0,1.0,1.0,1.0,1.0,1.0,1.0
506.5,3.0,0.0,0.0,0.0,0.0,0.0,0.0,0.0,0.0,0.0,0.0,0.0,0.0,0.0,0.0,0.0,0.0,0.0,0.0,0.0,0.0
506.75,4.0,16.304251864044055,15.539661655393466,14.894110867281338,15.531681048707707,17.778198063894994,18.91345093783983,17.93400472983206,19.540639410048467,19.442919851857685,20.148621827585472,1.0,1.0,1.0,1.0,1.0,1.0,1.0,1.0,1.0,1.0
507.0,1.0,14.341543183588577,16.188836279378805,15.190632119712552,16.063676135294468,16.85117419207833,16.80401677977174,16.980051178414403,18.058666064841837,18.63933484416329,18.356134424796746,1.0,1.0,1.0,1.0,1.0,1.0,1.0,1.0,1.0,1.0
507.25,2.0,0.0,0.0,0.0,0.0,0.0,0.0,0.0,0.0,0.0,0.0,0.0,0.0,0.0,0.0,0.0,0.0,0.0,0.0,0.0,0.0
507.5,3.0,14.252547087462048,13.94693397813039,13.69276003494936,14.763570407667329,14.549000183258164,13.930321432270512,13.861900469822462,13.641285422180818,14.20281727100806,12.785455799054592,1.0,1.0,1.0,1.0,1.0,1.0,1.0,1.0,1.0,1.0
507.75,4.0,16.372850021215264,15.169260100453991,14.607954681474006,16.502398003670553,18.22607530382605,17.87001820767863,18.0861374130737,18.545992595464973,18.846457155239126,19.037999692346453,1.0,1.0,1.0,1.0,1.0,1.0,1.0,1.0,1.0,1.0
508.0,1.0,14.58509207894879,15.346648440584762,14.258349637770491,16.04042586952727,17.042159070289024,16.5970782958354,16.478403949710618,17.10102016888308,17.858039993682787,17.959512518998917,1.0,1.0,1.0,1.0,1.0,1.0,1.0,1.0,1.0,1.0
508.25,2.0,15.81892176787532,16.964361357956534,16.184271031175896,17.15314812433653,16.98144443512932,16.345117392429636,16.125737993941918,16.44227946959724,16.364956868572,17.046503401374885,1.0,1.0,1.0,1.0,1.0,1.0,1.0,1.0,1.0,1.0
508.5,3.0,0.0,0.0,0.0,0.0,0.0,0.0,0.0,0.0,0.0,0.0,0.0,0.0,0.0,0.0,0.0,0.0,0.0,0.0,0.0,0.0
508.75,4.0,17.871172744566977,15.950987162900958,16.475481727622455,17.52163356810389,18.2518195977381,18.57390464144261,18.479370400351847,20.224523353912108,19.723037701877256,19.49151376861657,1.0,1.0,1.0,1.0,1.0,1.0,1.0,1.0,1.0,1.0
509.0,1.0,14.353832821664316,15.176792901270352,14.71695805517352,16.387425987693657,16.538073272206653,16.908848254451847,17.111113382361644,17.17865985768522,17.52317826454715,17.914169493666677,1.0,1.0,1.0,1.0,1.0,1.0,1.0,1.0,1.0,1.0
509.25,2.0,0.0,0.0,0.0,0.0,0.0,0.0,0.0,0.0,0.0,0.0,0.0,0.0,0.0,0.0,0.0,0.0,0.0,0.0,0.0,0.0
509.5,3.0,14.415922013347135,14.545845203563001,13.254829589111678,12.787879716995928,12.703743127889684,13.535957848960845,14.008069192263227,13.83281238104937,14.094773741965176,13.413366398984088,1.0,1.0,1.0,1.0,1.0,1.0,1.0,1.0,1.0,1.0
509.75,4.0,17.876158310517546,17.163421011573146,17.17645173599612,17.998962964427836,19.01667971225763,18.210703827694758,18.025670446128355,17.698426567878688,17.16056899978809,16.654300001590734,1.0,1.0,1.0,1.0,1.0,1.0,1.0,1.0,1.0,1.0
510.0,1.0,0.0,0.0,0.0,0.0,0.0,0.0,0.0,0.0,0.0,0.0,0.0,0.0,0.0,0.0,0.0,0.0,0.0,0.0,0.0,0.0
510.25,2.0,0.0,0.0,0.0,0.0,0.0,0.0,0.0,0.0,0.0,0.0,0.0,0.0,0.0,0.0,0.0,0.0,0.0,0.0,0.0,0.0
510.5,3.0,14.619396893870055,14.351947889893054,12.44873904171285,12.446633465909889,13.481703047752625,14.084751059244507,15.310695559040534,14.125657767888905,13.259439546900488,13.254166653996661,1.0,1.0,1.0,1.0,1.0,1.0,1.0,1.0,1.0,1.0
510.75,4.0,0.0,0.0,0.0,0.0,0.0,0.0,0.0,0.0,0.0,0.0,0.0,0.0,0.0,0.0,0.0,0.0,0.0,0.0,0.0,0.0
511.0,1.0,16.312944606029316,15.86080279475765,17.612209937557523,17.30813267003557,14.16290795032534,15.220093573908981,14.740529355289578,16.08979864952583,16.64042934848973,18.00062141436536,1.0,1.0,1.0,1.0,1.0,1.0,1.0,1.0,1.0,1.0
511.25,2.0,15.64920886316845,14.760214034854865,15.332284618889783,15.69353962640066,15.226121081571643,14.37514241095041,15.003676491494877,15.884588000475711,16.307922311202024,16.553493906324775,1.0,1.0,1.0,1.0,1.0,1.0,1.0,1.0,1.0,1.0
511.5,3.0,0.0,0.0,0.0,0.0,0.0,0.0,0.0,0.0,0.0,0.0,0.0,0.0,0.0,0.0,0.0,0.0,0.0,0.0,0.0,0.0
511.75,4.0,17.29849169333265,17.294080366329393,17.63386551581064,17.758405996095522,17.508781160562815,16.44213055906062,15.960693241395324,14.895919827392573,14.602568764602283,14.118252326668845,1.0,1.0,1.0,1.0,1.0,1.0,1.0,1.0,1.0,1.0
512.0,1.0,16.99184413891259,17.161533670245866,17.569265198340883,16.2211128555125,14.348586679404962,14.519313128337801,14.73156608428145,16.31370534177067,17.096366683360493,18.331630749834257,1.0,1.0,1.0,1.0,1.0,1.0,1.0,1.0,1.0,1.0
512.25,2.0,0.0,0.0,0.0,0.0,0.0,0.0,0.0,0.0,0.0,0.0,0.0,0.0,0.0,0.0,0.0,0.0,0.0,0.0,0.0,0.0
512.5,3.0,14.995120216689651,14.117920094074915,12.910303700355511,14.215690921658082,13.627880759018181,13.5786580902339,13.323585459359581,13.646504075841845,11.946328065042554,11.987543651828739,1.0,1.0,1.0,1.0,1.0,1.0,1.0,1.0,1.0,1.0
512.75,4.0,16.25518822682538,17.37714834204441,18.56263791652818,17.786652893065128,17.06127859966243,15.355555606928109,15.175000026019063,14.601274964614138,13.948474658721327,13.643335367958253,1.0,1.0,1.0,1.0,1.0,1.0,1.0,1.0,1.0,1.0
513.0,1.0,0.0,0.0,0.0,0.0,0.0,0.0,0.0,0.0,0.0,0.0,0.0,0.0,0.0,0.0,0.0,0.0,0.0,0.0,0.0,0.0
513.25,2.0,15.639347087723687,14.200746206251047,14.62729013368982,14.77707246980786,15.484656601102374,14.841587676000382,15.925916051309775,17.045222414089586,17.900116214768858,18.640646379406963,1.0,1.0,1.0,1.0,1.0,1.0,1.0,1.0,1.0,1.0
513.5,3.0,0.0,0.0,0.0,0.0,0.0,0.0,0.0,0.0,0.0,0.0,0.0,0.0,0.0,0.0,0.0,0.0,0.0,0.0,0.0,0.0
513.75,4.0,0.0,0.0,0.0,0.0,0.0,0.0,0.0,0.0,0.0,0.0,0.0,0.0,0.0,0.0,0.0,0.0,0.0,0.0,0.0,0.0
514.0,1.0,17.12656018732843,17.439893764488662,18.453868191192875,17.40683246602269,16.552349162543063,16.43956790320508,16.627395769215283,16.90383410531418,17.271273766761855,17.42045044276723,1.0,1.0,1.0,1.0,1.0,1.0,1.0,1.0,1.0,1.0
514.25,2.0,15.54601318285578,14.605657607280836,16.097226809307628,14.64819074981306,15.730008091426633,16.721818890370653,17.356571996496157,17.23398126625733,18.54953639777713,18.9598351539596,1.0,1.0,1.0,1.0,1.0,1.0,1.0,1.0,1.0,1.0
514.5,3.0,0.0,0.0,0.0,0.0,0.0,0.0,0.0,0.0,0.0,0.0,0.0,0.0,0.0,0.0,0.0,0.0,0.0,0.0,0.0,0.0
514.75,4.0,17.231978095467184,18.52877371111458,17.475390602167835,15.25038814927135,14.455237591830409,13.601793759390329,14.392818529958593,13.764277429410752,13.29215325887803,14.704373203400195,1.0,1.0,1.0,1.0,1.0,1.0,1.0,1.0,1.0,1.0
515.0,1.0,16.298916188700225,16.323925706660855,18.581184728193882,17.416891540530408,17.764315746082318,17.719281015901007,18.092478514156433,17.49354074521583,17.10856653458638,16.788762919971123,1.0,1.0,1.0,1.0,1.0,1.0,1.0,1.0,1.0,1.0
515.25,2.0,0.0,0.0,0.0,0.0,0.0,0.0,0.0,0.0,0.0,0.0,0.0,0.0,0.0,0.0,0.0,0.0,0.0,0.0,0.0,0.0
515.5,3.0,13.136786456123785,13.945210279465808,14.025821061019316,13.167377187339069,11.186819213700907,11.452611551418062,11.524417497086025,12.942027988816218,13.993052771321178,14.356663481334312,1.0,1.0,1.0,1.0,1.0,1.0,1.0,1.0,1.0,1.0
515.75,4.0,18.279424837099697,17.66778256845505,16.35355820142255,15.64114087345555,14.312471856909387,14.275370887960431,14.740212876168531,14.01692283703037,13.673180095896612,15.620294594122463,1.0,1.0,1.0,1.0,1.0,1.0,1.0,1.0,1.0,1.0
516.0,1.0,16.07965672487638,17.250322960201785,18.831188521722435,18.4069154384878,18.447935559907528,17.861099525719144,17.96940081918599,16.98684027907525,15.60201133165223,15.543421887522127,1.0,1.0,1.0,1.0,1.0,1.0,1.0,1.0,1.0,1.0
516.25,2.0,15.36340307323321,14.307999663724967,14.937824266470992,17.14194214712508,19.325882397743914,18.910759193411277,18.24184190593737,16.483199828201425,16.633500258693697,16.124729188819266,1.0,1.0,1.0,1.0,1.0,1.0,1.0,1.0,1.0,1.0
516.5,3.0,0.0,0.0,0.0,0.0,0.0,0.0,0.0,0.0,0.0,0.0,0.0,0.0,0.0,0.0,0.0,0.0,0.0,0.0,0.0,0.0
516.75,4.0,18.3999556789678,16.963585924788582,15.835083498619452,15.565271561036244,14.508214552364239,14.63093330479047,14.35591233861823,14.701607131621817,14.506609887694701,15.185110226792593,1.0,1.0,1.0,1.0,1.0,1.0,1.0,1.0,1.0,1.0
517.0,1.0,16.878699227600688,17.603152305379332,19.160266574284524,17.98144976862618,17.582440440891247,16.98264307502384,16.581981729606643,15.756351234326493,15.42070747356209,15.295883400474178,1.0,1.0,1.0,1.0,1.0,1.0,1.0,1.0,1.0,1.0
517.25,2.0,0.0,0.0,0.0,0.0,0.0,0.0,0.0,0.0,0.0,0.0,0.0,0.0,0.0,0.0,0.0,0.0,0.0,0.0,0.0,0.0
517.5,3.0,12.287155456835363,13.614139189706615,13.431061577112118,13.447280867903148,12.614558852286647,13.523532888890117,14.507436852895943,15.872300516020195,16.511151394912925,17.91910975631227,1.0,1.0,1.0,1.0,1.0,1.0,1.0,1.0,1.0,1.0
517.75,4.0,17.7793118535769,16.436085762754782,15.107372058861113,14.410393648870752,13.598596496888169,14.156449261192982,14.273504554276276,14.423393266250871,14.13266414989031,15.128807047924369,1.0,1.0,1.0,1.0,1.0,1.0,1.0,1.0,1.0,1.0
518.0,1.0,0.0,0.0,0.0,0.0,0.0,0.0,0.0,0.0,0.0,0.0,0.0,0.0,0.0,0.0,0.0,0.0,0.0,0.0,0.0,0.0
518.25,2.0,0.0,0.0,0.0,0.0,0.0,0.0,0.0,0.0,0.0,0.0,0.0,0.0,0.0,0.0,0.0,0.0,0.0,0.0,0.0,0.0
518.5,3.0,13.644274477961083,14.498344349384539,13.998733008499967,13.42768848300489,13.370836939540274,15.21156279266943,16.05812322777909,17.529426817802737,17.053768102278895,17.619332889327556,1.0,1.0,1.0,1.0,1.0,1.0,1.0,1.0,1.0,1.0
518.75,4.0,0.0,0.0,0.0,0.0,0.0,0.0,0.0,0.0,0.0,0.0,0.0,0.0,0.0,0.0,0.0,0.0,0.0,0.0,0.0,0.0
519.0,1.0,18.9816612722847,19.28339956722317,19.996864955366856,18.150447787075574,16.504332901685867,16.811525221650832,16.680910190243864,14.818983730377738,14.432516135681407,15.434374290034965,1.0,1.0,1.0,1.0,1.0,1.0,1.0,1.0,1.0,1.0
519.25,2.0,17.614273723919815,17.10120148943522,18.33727958541268,18.737326836221126,17.637030957639112,18.258128916474348,17.02576778643169,15.662548341323143,15.757334652822879,16.008435514398183,1.0,1.0,1.0,1.0,1.0,1.0,1.0,1.0,1.0,1.0
519.5,3.0,0.0,0.0,0.0,0.0,0.0,0.0,0.0,0.0,0.0,0.0,0.0,0.0,0.0,0.0,0.0,0.0,0.0,0.0,0.0,0.0
519.75,4.0,17.075297723137044,15.371273702140563,14.551382006463198,11.979872133138583,11.326717504765405,13.797859231719846,13.57636295066558,14.396695548617487,15.000279618119121,15.765608931471053,1.0,1.0,1.0,1.0,1.0,1.0,1.0,1.0,1.0,1.0
520.0,1.0,19.4320522953099,18.811043292341857,19.951838323808417,18.17158841050781,17.057644563022162,16.807208137280867,16.15567117133511,15.148247523609227,15.740582660046327,16.556477705788854,1.0,1.0,1.0,1.0,1.0,1.0,1.0,1.0,1.0,1.0
520.25,2.0,0.0,0.0,0.0,0.0,0.0,0.0,0.0,0.0,0.0,0.0,0.0,0.0,0.0,0.0,0.0,0.0,0.0,0.0,0.0,0.0
520.5,3.0,13.132128242415323,13.78447831656372,13.188723753615445,14.79595482139369,16.147045920142734,16.97715379807149,17.657412525677923,17.120177986881238,16.266666410053535,16.810715967881286,1.0,1.0,1.0,1.0,1.0,1.0,1.0,1.0,1.0,1.0
520.75,4.0,15.492416772366287,13.802086161249203,13.66262985446708,12.560059647309902,13.415657684035356,15.680107727832622,15.747673831030724,16.73322518288333,17.961883117904534,17.71654808386352,1.0,1.0,1.0,1.0,1.0,1.0,1.0,1.0,1.0,1.0
521.0,1.0,0.0,0.0,0.0,0.0,0.0,0.0,0.0,0.0,0.0,0.0,0.0,0.0,0.0,0.0,0.0,0.0,0.0,0.0,0.0,0.0
521.25,2.0,19.859540933297836,18.479644231733385,18.959521639485207,19.57390986632448,19.29169340823509,18.50388475526148,17.549861235814284,17.094999438212962,16.41042191442172,16.569214671413647,1.0,1.0,1.0,1.0,1.0,1.0,1.0,1.0,1.0,1.0
521.5,3.0,0.0,0.0,0.0,0.0,0.0,0.0,0.0,0.0,0.0,0.0,0.0,0.0,0.0,0.0,0.0,0.0,0.0,0.0,0.0,0.0
521.75,4.0,0.0,0.0,0.0,0.0,0.0,0.0,0.0,0.0,0.0,0.0,0.0,0.0,0.0,0.0,0.0,0.0,0.0,0.0,0.0,0.0
522.0,1.0,18.853345597409454,19.63565130661697,20.321802301815868,18.024075885171168,15.824440804731763,16.291298633518657,17.062880996485536,17.192546064726592,17.106920494627147,17.405506374620472,1.0,1.0,1.0,1.0,1.0,1.0,1.0,1.0,1.0,1.0
522.25,2.0,19.14866543569371,18.58245139586197,18.87347224983081,19.319635454083077,18.50391500609517,17.88187168072287,18.57943022892155,17.88911863336407,17.06677665585891,16.939746280991066,1.0,1.0,1.0,1.0,1.0,1.0,1.0,1.0,1.0,1.0
522.5,3.0,0.0,0.0,0.0,0.0,0.0,0.0,0.0,0.0,0.0,0.0,0.0,0.0,0.0,0.0,0.0,0.0,0.0,0.0,0.0,0.0
522.75,4.0,15.40462682819168,14.932130245838058,14.037244598733526,13.69150330303678,16.033701843026044,16.343189183171706,17.223098313003113,17.403986075718322,18.25071621029589,17.080849045547783,1.0,1.0,1.0,1.0,1.0,1.0,1.0,1.0,1.0,1.0
523.0,1.0,17.857986255789697,17.878265107484946,19.053853928397494,17.29718981606639,16.377176409934663,16.779608109135378,16.636062320356707,16.737205815910873,16.469893073106256,18.61852246479475,1.0,1.0,1.0,1.0,1.0,1.0,1.0,1.0,1.0,1.0
523.25,2.0,0.0,0.0,0.0,0.0,0.0,0.0,0.0,0.0,0.0,0.0,0.0,0.0,0.0,0.0,0.0,0.0,0.0,0.0,0.0,0.0
523.5,3.0,15.06210761197104,16.995572792604527,18.68192265635192,18.649891789495488,18.961301383845225,17.4475182742703,16.804557104527255,16.681081042313426,16.500217488707243,16.58992785592251,1.0,1.0,1.0,1.0,1.0,1.0,1.0,1.0,1.0,1.0
523.75,4.0,16.204821267890207,15.251049133739885,15.085672951111558,14.366918114338745,16.761231568915818,16.59194571520243,17.585379704178298,17.21237503380395,17.13287861632571,17.634825987164955,1.0,1.0,1.0,1.0,1.0,1.0,1.0,1.0,1.0,1.0
524.0,1.0,17.92387934830614,18.300322992370205,19.0182712065807,17.920813260187817,17.496883943641755,17.13270007955769,17.25307585860783,16.937083827461034,17.33444363139533,19.39113848141908,1.0,1.0,1.0,1.0,1.0,1.0,1.0,1.0,1.0,1.0
524.25,2.0,19.0542460039744,17.309930619762316,17.918595963316214,18.901799699549784,16.911825543702104,16.965809102898973,16.726064798557573,16.33937914702452,15.996467607148402,16.279320320989573,1.0,1.0,1.0,1.0,1.0,1.0,1.0,1.0,1.0,1.0
524.5,3.0,0.0,0.0,0.0,0.0,0.0,0.0,0.0,0.0,0.0,0.0,0.0,0.0,0.0,0.0,0.0,0.0,0.0,0.0,0.0,0.0
524.75,4.0,16.775204858287847,16.859403386177423,16.17499757677603,15.414008988811249,16.264446997426877,16.739020634854185,17.71607369683727,18.470218529453295,19.36646452967912,18.496275630884714,1.0,1.0,1.0,1.0,1.0,1.0,1.0,1.0,1.0,1.0
525.0,1.0,18.07279642356807,18.724467854122242,19.587684642641428,17.83908268348872,18.057587108594888,17.902023835986096,18.546296176309497,17.98919301644938,18.05153582720884,19.19369712752089,1.0,1.0,1.0,1.0,1.0,1.0,1.0,1.0,1.0,1.0
525.25,2.0,0.0,0.0,0.0,0.0,0.0,0.0,0.0,0.0,0.0,0.0,0.0,0.0,0.0,0.0,0.0,0.0,0.0,0.0,0.0,0.0
525.5,3.0,17.176399798806656,17.528582145253864,17.6477311982199,17.434361714783613,16.380883210598988,16.182520792980394,16.206670644830044,16.355314962764744,15.68012548783735,15.732465935208118,1.0,1.0,1.0,1.0,1.0,1.0,1.0,1.0,1.0,1.0
525.75,4.0,16.578322877940558,17.431832738646225,16.585266983393804,14.876704028923585,16.58588133479656,16.618338084524943,18.483720177674545,18.231735724635186,19.75390569799293,19.5988945643739,1.0,1.0,1.0,1.0,1.0,1.0,1.0,1.0,1.0,1.0
526.0,1.0,0.0,0.0,0.0,0.0,0.0,0.0,0.0,0.0,0.0,0.0,0.0,0.0,0.0,0.0,0.0,0.0,0.0,0.0,0.0,0.0
526.25,2.0,0.0,0.0,0.0,0.0,0.0,0.0,0.0,0.0,0.0,0.0,0.0,0.0,0.0,0.0,0.0,0.0,0.0,0.0,0.0,0.0
526.5,3.0,17.146515871303492,17.82338310630542,16.405144943723936,15.2926613024983,15.786881535679118,15.993307670932428,16.020551826874065,15.386321967407131,15.41552854050924,15.0181965355712,1.0,1.0,1.0,1.0,1.0,1.0,1.0,1.0,1.0,1.0
526.75,4.0,0.0,0.0,0.0,0.0,0.0,0.0,0.0,0.0,0.0,0.0,0.0,0.0,0.0,0.0,0.0,0.0,0.0,0.0,0.0,0.0
527.0,1.0,16.70735968176346,15.649201159418443,17.074825370797203,16.922468771604976,18.170694368516603,17.51567452483568,18.46803952763518,18.563052281096756,18.183301126474994,18.08704582223089,1.0,1.0,1.0,1.0,1.0,1.0,1.0,1.0,1.0,1.0
527.25,2.0,16.971554298525543,14.921710199789645,16.57686161986488,16.809095687054704,16.52101345012087,16.81532125645629,16.43272366828307,16.5473459188258,16.87511725259334,16.0336672171605,1.0,1.0,1.0,1.0,1.0,1.0,1.0,1.0,1.0,1.0
527.5,3.0,0.0,0.0,0.0,0.0,0.0,0.0,0.0,0.0,0.0,0.0,0.0,0.0,0.0,0.0,0.0,0.0,0.0,0.0,0.0,0.0
527.75,4.0,17.326804840291434,18.200474246595757,17.62424191100558,17.57933979680394,17.919288804420667,17.667069670522917,18.79095244966307,18.840177647285532,18.938313987222074,17.79602353284427,1.0,1.0,1.0,1.0,1.0,1.0,1.0,1.0,1.0,1.0
528.0,1.0,16.580034662351245,14.842687821650504,16.9034048350185,17.534486628345608,18.288591834436527,18.03552095654336,18.42590728310806,18.498838026708064,17.915325296094377,17.847285916896116,1.0,1.0,1.0,1.0,1.0,1.0,1.0,1.0,1.0,1.0
528.25,2.0,0.0,0.0,0.0,0.0,0.0,0.0,0.0,0.0,0.0,0.0,0.0,0.0,0.0,0.0,0.0,0.0,0.0,0.0,0.0,0.0
528.5,3.0,16.958007390662647,15.500545940523919,14.58486366907854,16.648034416679845,16.768659335733528,16.276368000268267,16.10353940433702,14.902847193144348,13.655669675345623,13.906000578418258,1.0,1.0,1.0,1.0,1.0,1.0,1.0,1.0,1.0,1.0
528.75,4.0,16.88968155874019,18.100170450061103,18.46225533367506,18.0774719395974,17.81199553937195,18.770143053056163,18.81127720227883,17.81248453266185,18.05104454590247,17.429562873449033,1.0,1.0,1.0,1.0,1.0,1.0,1.0,1.0,1.0,1.0
529.0,1.0,0.0,0.0,0.0,0.0,0.0,0.0,0.0,0.0,0.0,0.0,0.0,0.0,0.0,0.0,0.0,0.0,0.0,0.0,0.0,0.0
529.25,2.0,16.815454037213545,15.043416298151698,16.422727833363634,16.126523160653093,15.538048617305524,17.00608256111705,17.340115547163606,18.262560481125583,17.843734885400576,16.440185755034683,1.0,1.0,1.0,1.0,1.0,1.0,1.0,1.0,1.0,1.0
529.5,3.0,0.0,0.0,0.0,0.0,0.0,0.0,0.0,0.0,0.0,0.0,0.0,0.0,0.0,0.0,0.0,0.0,0.0,0.0,0.0,0.0
529.75,4.0,0.0,0.0,0.0,0.0,0.0,0.0,0.0,0.0,0.0,0.0,0.0,0.0,0.0,0.0,0.0,0.0,0.0,0.0,0.0,0.0
530.0,1.0,15.914883973093202,15.173788661692871,16.83725589747022,17.998081838412624,18.062244909977167,18.65193101168082,18.634625003511246,19.04738643623905,18.397865214200564,18.057976823698652,1.0,1.0,1.0,1.0,1.0,1.0,1.0,1.0,1.0,1.0
530.25,2.0,17.224579765553433,14.925524798747334,15.30648570386419,14.909955920721293,15.229315974222294,16.613446647200643,15.761635000235362,17.83520027676382,17.5696798744942,16.274195614863753,1.0,1.0,1.0,1.0,1.0,1.0,1.0,1.0,1.0,1.0
530.5,3.0,14.707586448616318,17.380727593416236,17.147965357123304,17.036452937863338,16.737978180367584,16.04510392833855,15.158797437775153,14.428703304236727,14.039067217988817,14.233217308886124,1.0,1.0,1.0,1.0,1.0,1.0,1.0,1.0,1.0,1.0
530.75,4.0,16.68782986023242,18.02394186672547,19.183303045163296,18.702824028879853,17.329515937046082,17.28014294784784,17.14654860672005,16.37791626991271,16.637409023605425,17.341647476843406,1.0,1.0,1.0,1.0,1.0,1.0,1.0,1.0,1.0,1.0
531.0,1.0,16.946522330335405,16.2840310186475,17.43953541482982,17.820685270934636,17.341070096482465,17.568851583261658,18.061055454895403,18.36177019364552,17.275906917986152,18.846405738438797,1.0,1.0,1.0,1.0,1.0,1.0,1.0,1.0,1.0,1.0
531.25,2.0,0.0,0.0,0.0,0.0,0.0,0.0,0.0,0.0,0.0,0.0,0.0,0.0,0.0,0.0,0.0,0.0,0.0,0.0,0.0,0.0
531.5,3.0,16.003569220101525,17.05157435417958,17.396761940362563,15.731772566522174,16.12460279745945,15.362105947432893,15.126694063315409,14.923199211415913,15.12313187647805,15.649383226824257,1.0,1.0,1.0,1.0,1.0,1.0,1.0,1.0,1.0,1.0
531.75,4.0,16.56713190010549,18.923161154317548,19.552691177022208,19.151274855861004,16.736847677569042,16.314800839316018,17.366299450538754,16.415767679429592,17.241596115810598,18.374280963542702,1.0,1.0,1.0,1.0,1.0,1.0,1.0,1.0,1.0,1.0
532.0,1.0,17.54916697719615,18.08876682344339,18.407510181657013,17.462783281899057,15.388874570606637,16.444454248950287,17.218345175602806,18.692097540104598,18.74160092453357,20.28517403086923,1.0,1.0,1.0,1.0,1.0,1.0,1.0,1.0,1.0,1.0
532.25,2.0,16.944942942059306,15.207562575024127,15.362598481772793,15.599969197905,16.058416338409735,16.781078687781484,15.015373053667018,15.97344540532625,16.719429342987315,15.115683654746778,1.0,1.0,1.0,1.0,1.0,1.0,1.0,1.0,1.0,1.0
532.5,3.0,0.0,0.0,0.0,0.0,0.0,0.0,0.0,0.0,0.0,0.0,0.0,0.0,0.0,0.0,0.0,0.0,0.0,0.0,0.0,0.0
532.75,4.0,18.89667101799645,19.256620115555034,19.102585075635368,18.498401613062384,18.000197739651664,16.95660688684296,18.166274438028744,16.298182069196415,17.73313074422598,18.712029669443627,1.0,1.0,1.0,1.0,1.0,1.0,1.0,1.0,1.0,1.0
533.0,1.0,18.115048690063723,18.751599113909467,18.39033942253506,16.796229550318987,14.590986259201902,16.492225778959348,17.463878150410935,19.809326950459496,20.04211853036932,21.26667600490966,1.0,1.0,1.0,1.0,1.0,1.0,1.0,1.0,1.0,1.0
533.25,2.0,0.0,0.0,0.0,0.0,0.0,0.0,0.0,0.0,0.0,0.0,0.0,0.0,0.0,0.0,0.0,0.0,0.0,0.0,0.0,0.0
533.5,3.0,15.58758586061536,17.988151329618486,17.57369366771037,16.37370984555503,16.971152792456035,16.88149178807352,16.178990167942285,16.60279709837387,16.86487468627644,16.34390746314529,1.0,1.0,1.0,1.0,1.0,1.0,1.0,1.0,1.0,1.0
533.75,4.0,19.026816718807492,19.294764700887516,18.456125946067033,18.183354993345173,18.913633604079727,18.295276257470178,18.859521202785906,17.515012035204865,18.7062704146407,18.75503789492658,1.0,1.0,1.0,1.0,1.0,1.0,1.0,1.0,1.0,1.0
534.0,1.0,0.0,0.0,0.0,0.0,0.0,0.0,0.0,0.0,0.0,0.0,0.0,0.0,0.0,0.0,0.0,0.0,0.0,0.0,0.0,0.0
534.25,2.0,16.80586086277318,15.92219267045887,16.889863541901743,16.71621215015535,18.205065403223454,18.691853179511398,17.548253134090313,18.4082338979994,18.69204443677127,17.79021920054666,1.0,1.0,1.0,1.0,1.0,1.0,1.0,1.0,1.0,1.0
534.5,3.0,16.42630448311772,18.26822404410708,17.52943625892261,16.683185280486228,16.78004618287247,17.167698615482387,16.07728230443592,17.33724083766952,16.38615550244941,15.659067935965727,1.0,1.0,1.0,1.0,1.0,1.0,1.0,1.0,1.0,1.0
534.75,4.0,0.0,0.0,0.0,0.0,0.0,0.0,0.0,0.0,0.0,0.0,0.0,0.0,0.0,0.0,0.0,0.0,0.0,0.0,0.0,0.0
535.0,1.0,17.20149916297223,18.11542273686322,16.897854928665428,16.292644132687965,17.319243185402815,18.70420898476283,20.358145091624063,22.1931865120428,21.555088160159205,22.734202293287815,1.0,1.0,1.0,1.0,1.0,1.0,1.0,1.0,1.0,1.0
535.25,2.0,16.293516709833277,16.998760520233528,18.477911860252682,18.12554459460226,18.20532774066997,18.889047191728466,17.5689465630606,17.261665762155626,18.117300533646446,17.89502536878634,1.0,1.0,1.0,1.0,1.0,1.0,1.0,1.0,1.0,1.0
535.5,3.0,0.0,0.0,0.0,0.0,0.0,0.0,0.0,0.0,0.0,0.0,0.0,0.0,0.0,0.0,0.0,0.0,0.0,0.0,0.0,0.0
535.75,4.0,17.78924171810505,17.406973349788732,18.443448480672828,18.064202580762817,19.723305855378158,18.755283985029298,18.547637482979326,18.779775984968957,18.530577664474976,17.38549581322952,1.0,1.0,1.0,1.0,1.0,1.0,1.0,1.0,1.0,1.0
536.0,1.0,18.50025961937651,18.202404698769527,16.84056771447581,15.636587714635207,16.552075097148595,18.45761444932673,20.89266269398558,22.34093148540439,22.10736368362251,23.026685034484835,1.0,1.0,1.0,1.0,1.0,1.0,1.0,1.0,1.0,1.0
536.25,2.0,0.0,0.0,0.0,0.0,0.0,0.0,0.0,0.0,0.0,0.0,0.0,0.0,0.0,0.0,0.0,0.0,0.0,0.0,0.0,0.0
536.5,3.0,17.075046831074342,18.389817379510642,17.831561862103385,15.879870840876647,15.474222701267612,15.61279835975859,15.37714347729103,17.204252821129835,16.387162284373513,15.861026495556448,1.0,1.0,1.0,1.0,1.0,1.0,1.0,1.0,1.0,1.0
536.75,4.0,18.86298244045191,18.615232913927436,18.87432842473885,19.494415476834124,20.466257987455887,19.59999497589189,19.12757139302482,17.570114552398884,17.101093464150615,15.681325287643729,1.0,1.0,1.0,1.0,1.0,1.0,1.0,1.0,1.0,1.0
537.0,1.0,18.024091215117043,17.317596147310617,16.862975360034117,16.888445727050026,18.573640088018706,19.70789405438757,21.61379776674178,21.982396318810643,20.933588065741123,20.992706348589632,1.0,1.0,1.0,1.0,1.0,1.0,1.0,1.0,1.0,1.0
537.25,2.0,16.326957125547583,17.331862355239004,17.830564604073682,18.86254570425308,18.536387112426812,19.111759412092777,18.905603525858655,18.429679793653822,18.515337421499034,19.006609647609526,1.0,1.0,1.0,1.0,1.0,1.0,1.0,1.0,1.0,1.0
537.5,3.0,0.0,0.0,0.0,0.0,0.0,0.0,0.0,0.0,0.0,0.0,0.0,0.0,0.0,0.0,0.0,0.0,0.0,0.0,0.0,0.0
537.75,4.0,19.038005629163262,18.623905837095762,19.487267319377683,19.85106043337608,20.145854129234642,19.74023841657096,17.989573393342564,16.672018905016074,17.237985504562044,15.724792163555767,1.0,1.0,1.0,1.0,1.0,1.0,1.0,1.0,1.0,1.0
538.0,1.0,16.514457134609337,16.31479599895396,17.796745491462765,19.51012189287405,20.74728779533674,20.64397310899865,21.34946205798269,21.24084019471323,21.231915360679118,20.50631209307863,1.0,1.0,1.0,1.0,1.0,1.0,1.0,1.0,1.0,1.0
538.25,2.0,16.18851549236774,17.3045662592103,17.69566828145446,18.85096422908594,19.00358243606159,19.61785375546446,19.71205289225526,18.28518818775896,19.05228690853719,18.91947082159284,1.0,1.0,1.0,1.0,1.0,1.0,1.0,1.0,1.0,1.0
538.5,3.0,17.352141684123612,19.02011684328042,18.660321151130475,16.49337880060721,15.385035881316258,16.520705883720893,17.489924188474305,18.21658446285476,18.097894062762297,17.130271655800865,1.0,1.0,1.0,1.0,1.0,1.0,1.0,1.0,1.0,1.0
538.75,4.0,19.47067457823191,19.08841484353113,18.516809458046602,18.22575847541487,19.487018839690446,18.514555686275095,18.009170179431287,17.572488963587947,17.646529452352894,17.290613563526612,1.0,1.0,1.0,1.0,1.0,1.0,1.0,1.0,1.0,1.0
539.0,1.0,0.0,0.0,0.0,0.0,0.0,0.0,0.0,0.0,0.0,0.0,0.0,0.0,0.0,0.0,0.0,0.0,0.0,0.0,0.0,0.0
539.25,2.0,0.0,0.0,0.0,0.0,0.0,0.0,0.0,0.0,0.0,0.0,0.0,0.0,0.0,0.0,0.0,0.0,0.0,0.0,0.0,0.0
539.5,3.0,16.86774468353141,18.36590398668875,17.941490697425206,16.305921917192617,15.958432902153252,17.14354401442643,17.66400757433134,17.578667044308965,17.127486495707004,16.02731519485914,1.0,1.0,1.0,1.0,1.0,1.0,1.0,1.0,1.0,1.0
539.75,4.0,19.9298210334721,19.212555394361516,19.44843233880551,19.97683994616502,19.200714541436945,19.45920291826214,17.92349365291274,17.905580308229798,19.13572386239368,18.01102566994897,1.0,1.0,1.0,1.0,1.0,1.0,1.0,1.0,1.0,1.0
540.0,1.0,15.721974364097838,16.217040295880594,17.803573919331356,20.008383220439494,19.778527303440125,20.307578250084866,20.975483586433704,20.140564325632525,20.264385944521393,20.473883516907442,1.0,1.0,1.0,1.0,1.0,1.0,1.0,1.0,1.0,1.0
540.25,2.0,17.42651452534649,18.70266142623208,19.51016253139791,18.52072063319717,17.14083683779948,19.35360572434462,19.856804981490686,19.824802362325872,19.254072038588884,19.23495508721254,1.0,1.0,1.0,1.0,1.0,1.0,1.0,1.0,1.0,1.0
540.5,3.0,0.0,0.0,0.0,0.0,0.0,0.0,0.0,0.0,0.0,0.0,0.0,0.0,0.0,0.0,0.0,0.0,0.0,0.0,0.0,0.0
540.75,4.0,20.088362468728576,19.463626245123624,19.519933067881517,18.9180264534357,18.869535077112232,19.4558623915075,18.071351889958876,18.483519607062163,19.341296190983318,18.807362221219652,1.0,1.0,1.0,1.0,1.0,1.0,1.0,1.0,1.0,1.0
541.0,1.0,16.01821263225729,17.301131303628377,20.080160499481682,20.80434812910489,19.739598391308856,20.63376645017605,21.414654281340358,21.23867474796153,20.782007551571926,20.04198552009153,1.0,1.0,1.0,1.0,1.0,1.0,1.0,1.0,1.0,1.0
541.25,2.0,0.0,0.0,0.0,0.0,0.0,0.0,0.0,0.0,0.0,0.0,0.0,0.0,0.0,0.0,0.0,0.0,0.0,0.0,0.0,0.0
541.5,3.0,17.264770272548656,19.68984109124692,18.40110542445215,18.23176434022567,16.029108926044433,15.364644749806095,15.04250495138693,14.991623859432032,14.969299595691291,14.271369666379936,1.0,1.0,1.0,1.0,1.0,1.0,1.0,1.0,1.0,1.0
541.75,4.0,20.521728799401522,18.408662986475836,18.44164251369377,18.945629514340748,18.313817003393016,19.44727476518025,18.58493199772099,19.55682383421983,20.02437568055284,19.547796444868062,1.0,1.0,1.0,1.0,1.0,1.0,1.0,1.0,1.0,1.0
542.0,1.0,0.0,0.0,0.0,0.0,0.0,0.0,0.0,0.0,0.0,0.0,0.0,0.0,0.0,0.0,0.0,0.0,0.0,0.0,0.0,0.0
542.25,2.0,20.393812199736395,21.008836784840152,20.154759222899017,19.992439141347145,18.353789857851403,18.920589827120345,17.75470754686825,17.41938277611014,17.014249553793675,16.54509805761136,1.0,1.0,1.0,1.0,1.0,1.0,1.0,1.0,1.0,1.0
542.5,3.0,18.75563083069079,20.458441719799172,18.56419743731648,17.78458614837568,16.28843845815588,15.791670050890318,15.005501997345602,14.651328742918949,14.63685744959095,13.774834076069716,1.0,1.0,1.0,1.0,1.0,1.0,1.0,1.0,1.0,1.0
542.75,4.0,0.0,0.0,0.0,0.0,0.0,0.0,0.0,0.0,0.0,0.0,0.0,0.0,0.0,0.0,0.0,0.0,0.0,0.0,0.0,0.0
543.0,1.0,17.55414600564276,18.24386342497042,20.697269096370068,21.693586058232995,20.528398114857495,20.419105179610625,21.208092341567802,21.552541830645584,21.32216420105993,21.126521691954625,1.0,1.0,1.0,1.0,1.0,1.0,1.0,1.0,1.0,1.0
543.25,2.0,19.82124187830688,19.737489496301272,19.157628795275922,19.795678506293818,18.072415421487364,18.336180149959656,17.17764757125768,18.19457835912186,16.627505808230914,16.604850616199094,1.0,1.0,1.0,1.0,1.0,1.0,1.0,1.0,1.0,1.0
543.5,3.0,0.0,0.0,0.0,0.0,0.0,0.0,0.0,0.0,0.0,0.0,0.0,0.0,0.0,0.0,0.0,0.0,0.0,0.0,0.0,0.0
543.75,4.0,18.983946106387926,18.509789758300375,18.6799885527086,18.55495768118106,18.732294098727486,18.76353080977404,19.40246924162231,19.27762060944746,19.45866147798069,17.726190611534257,1.0,1.0,1.0,1.0,1.0,1.0,1.0,1.0,1.0,1.0
544.0,1.0,18.495337950163783,19.804281497615428,20.636707290929966,21.424016444053233,20.02043765395266,19.520503247612147,20.023797100610313,20.345058619195505,19.84088456750585,19.556457761444307,1.0,1.0,1.0,1.0,1.0,1.0,1.0,1.0,1.0,1.0
544.25,2.0,0.0,0.0,0.0,0.0,0.0,0.0,0.0,0.0,0.0,0.0,0.0,0.0,0.0,0.0,0.0,0.0,0.0,0.0,0.0,0.0
544.5,3.0,18.560606603527642,18.683590788943498,18.01576825476491,18.081244758312884,16.559494783221826,16.227118157467014,15.18988012239081,15.059290810876277,14.331396532428926,14.900676068972201,1.0,1.0,1.0,1.0,1.0,1.0,1.0,1.0,1.0,1.0
544.75,4.0,20.44287689268404,18.594664667440288,17.262851608005725,17.859068278969964,19.074167033178817,19.230858024856058,18.605954248486224,18.17843437976594,18.25049463514463,17.289987126861764,1.0,1.0,1.0,1.0,1.0,1.0,1.0,1.0,1.0,1.0
545.0,1.0,19.798616823913225,20.847332302062096,21.22822133341703,21.35481515464286,20.229710339864898,19.56243133434591,20.31538140292658,20.983432958963295,20.574464288221375,20.07916116111689,1.0,1.0,1.0,1.0,1.0,1.0,1.0,1.0,1.0,1.0
545.25,2.0,17.401817832027145,18.78965509553237,19.188107161983307,19.63442976831896,17.079989196998813,17.74884039119146,18.830226039234766,18.763455369096718,17.67331332956631,16.08031831302346,1.0,1.0,1.0,1.0,1.0,1.0,1.0,1.0,1.0,1.0
545.5,3.0,0.0,0.0,0.0,0.0,0.0,0.0,0.0,0.0,0.0,0.0,0.0,0.0,0.0,0.0,0.0,0.0,0.0,0.0,0.0,0.0
545.75,4.0,19.949162821966116,18.06741555552928,17.18276605813404,18.43684088426263,19.71309870564161,19.676212134385004,19.25496019107658,18.69937252336344,18.997114257094815,18.41227956373398,1.0,1.0,1.0,1.0,1.0,1.0,1.0,1.0,1.0,1.0
546.0,1.0,21.04211075534809,22.097512859009832,21.713189607366044,20.442149678824627,19.482027742057248,19.75362216827991,19.172675618633864,20.065684807207802,19.826157118757017,19.165117943260327,1.0,1.0,1.0,1.0,1.0,1.0,1.0,1.0,1.0,1.0
546.25,2.0,17.798640853356645,18.621734139696127,19.089119769022833,19.11216997041136,17.240435056237377,17.742092495941915,18.41039966433497,18.396203233483586,17.28109029588834,16.698418303292872,1.0,1.0,1.0,1.0,1.0,1.0,1.0,1.0,1.0,1.0
546.5,3.0,19.158922733930755,18.338832499349724,19.20766334447531,18.169959296676716,17.033931823660314,17.90417491853832,16.69053019974177,16.72466499527211,16.298409378305895,16.717324398298555,1.0,1.0,1.0,1.0,1.0,1.0,1.0,1.0,1.0,1.0
546.75,4.0,19.017235096517762,18.801286534078024,18.965097900681126,18.19918603482768,18.741953681777712,18.54004146728318,19.018715354529988,18.66496824466503,18.973918137866914,17.417179087095494,1.0,1.0,1.0,1.0,1.0,1.0,1.0,1.0,1.0,1.0
547.0,1.0,0.0,0.0,0.0,0.0,0.0,0.0,0.0,0.0,0.0,0.0,0.0,0.0,0.0,0.0,0.0,0.0,0.0,0.0,0.0,0.0
547.25,2.0,0.0,0.0,0.0,0.0,0.0,0.0,0.0,0.0,0.0,0.0,0.0,0.0,0.0,0.0,0.0,0.0,0.0,0.0,0.0,0.0
547.5,3.0,19.559024213453807,19.01385796075241,19.416997913416203,19.656593209005393,17.51480625347545,18.030008226275253,16.85045109056705,17.010905464458755,16.5322672744993,16.172441542913077,1.0,1.0,1.0,1.0,1.0,1.0,1.0,1.0,1.0,1.0
547.75,4.0,0.0,0.0,0.0,0.0,0.0,0.0,0.0,0.0,0.0,0.0,0.0,0.0,0.0,0.0,0.0,0.0,0.0,0.0,0.0,0.0
548.0,1.0,21.03240771409929,20.3075624589206,20.46728661044207,19.155090135316012,17.744906139561085,18.54181761717728,19.142889133728385,20.411831954387765,20.165140992675997,20.627064551565972,1.0,1.0,1.0,1.0,1.0,1.0,1.0,1.0,1.0,1.0
548.25,2.0,19.36161779393912,20.28332515527648,19.420050068434758,19.15074571398794,16.564956549812447,16.76447412502888,17.592692952428695,18.977917685072583,18.814897240123592,18.597474143287428,1.0,1.0,1.0,1.0,1.0,1.0,1.0,1.0,1.0,1.0
548.5,3.0,0.0,0.0,0.0,0.0,0.0,0.0,0.0,0.0,0.0,0.0,0.0,0.0,0.0,0.0,0.0,0.0,0.0,0.0,0.0,0.0
548.75,4.0,20.832261916457252,20.733006459495225,18.443484554121074,17.841624737088672,20.722368445117663,19.558161861891346,20.298646823185226,20.24287808832782,19.321113375118983,19.257012742855437,1.0,1.0,1.0,1.0,1.0,1.0,1.0,1.0,1.0,1.0
549.0,1.0,21.144048289432337,19.64138145605575,19.415463243738106,19.038957844864896,17.178410697325212,18.132818078900048,20.062058240480223,20.25025621545051,20.13865419707182,20.581236279372554,1.0,1.0,1.0,1.0,1.0,1.0,1.0,1.0,1.0,1.0
549.25,2.0,0.0,0.0,0.0,0.0,0.0,0.0,0.0,0.0,0.0,0.0,0.0,0.0,0.0,0.0,0.0,0.0,0.0,0.0,0.0,0.0
549.5,3.0,19.73370476727955,19.375313935078193,19.41824189324079,19.483847962595565,18.20672717560374,16.94440461777955,15.283079909779957,14.889529011884022,13.604074053053656,14.201551529001124,1.0,1.0,1.0,1.0,1.0,1.0,1.0,1.0,1.0,1.0
549.75,4.0,20.539253026628423,20.170171175809905,17.85522548087585,18.913820251053277,20.965665661877146,18.93765347817221,19.782781720078894,19.408093338973124,19.260313207698832,19.81145038848328,1.0,1.0,1.0,1.0,1.0,1.0,1.0,1.0,1.0,1.0
550.0,1.0,0.0,0.0,0.0,0.0,0.0,0.0,0.0,0.0,0.0,0.0,0.0,0.0,0.0,0.0,0.0,0.0,0.0,0.0,0.0,0.0
550.25,2.0,20.29524651153421,20.349285609079367,20.052979899829275,17.70215845851092,18.3647036544328,18.217914712503894,17.797538453748036,19.165071509120345,19.070409338068597,19.55351430909349,1.0,1.0,1.0,1.0,1.0,1.0,1.0,1.0,1.0,1.0
550.5,3.0,0.0,0.0,0.0,0.0,0.0,0.0,0.0,0.0,0.0,0.0,0.0,0.0,0.0,0.0,0.0,0.0,0.0,0.0,0.0,0.0
550.75,4.0,0.0,0.0,0.0,0.0,0.0,0.0,0.0,0.0,0.0,0.0,0.0,0.0,0.0,0.0,0.0,0.0,0.0,0.0,0.0,0.0
551.0,1.0,21.414584292662052,20.809444188603994,19.633881658631,18.629344457974764,19.07589080096688,19.02063261366447,20.966478922725464,20.925839414835522,20.099843138643763,20.860057120139228,1.0,1.0,1.0,1.0,1.0,1.0,1.0,1.0,1.0,1.0
551.25,2.0,20.2556368688893,20.041888976178704,20.005336790735228,19.158844372628504,18.957427836472853,18.598391006896147,18.177756947473597,18.19625782849878,18.256529473625417,18.652797197166755,1.0,1.0,1.0,1.0,1.0,1.0,1.0,1.0,1.0,1.0
551.5,3.0,0.0,0.0,0.0,0.0,0.0,0.0,0.0,0.0,0.0,0.0,0.0,0.0,0.0,0.0,0.0,0.0,0.0,0.0,0.0,0.0
551.75,4.0,19.78439888824911,19.40758363217306,18.599500393380676,19.559235333411667,20.587875842393046,21.319803422494616,21.958039973511013,21.360222025142935,21.48697621724985,21.688019286799317,1.0,1.0,1.0,1.0,1.0,1.0,1.0,1.0,1.0,1.0
552.0,1.0,21.865346548006368,20.331282093715593,20.315585692297894,20.299148716937506,20.291554186460143,19.68608279689034,22.022351387443,21.614640120170407,21.03990937160104,21.071062525137492,1.0,1.0,1.0,1.0,1.0,1.0,1.0,1.0,1.0,1.0
552.25,2.0,0.0,0.0,0.0,0.0,0.0,0.0,0.0,0.0,0.0,0.0,0.0,0.0,0.0,0.0,0.0,0.0,0.0,0.0,0.0,0.0
552.5,3.0,22.320026163441952,22.184483396829155,21.139992215170068,17.65730494827969,13.57660685511087,11.693473825173186,12.119969996066377,12.96882076200643,12.980731739129745,13.16328855993599,1.0,1.0,1.0,1.0,1.0,1.0,1.0,1.0,1.0,1.0
552.75,4.0,19.331126601431464,19.59107715388094,18.995685014907,19.753946084571197,20.775826070249586,21.653740224325322,21.341624819148997,21.85973883147903,21.95235743793954,21.57457194142111,1.0,1.0,1.0,1.0,1.0,1.0,1.0,1.0,1.0,1.0
553.0,1.0,21.08599478357793,20.012755819466324,20.087998217128572,20.616895184923983,18.910275366693376,17.83354641522796,19.498742412396677,20.430911707300954,20.709710913009296,20.969925808528792,1.0,1.0,1.0,1.0,1.0,1.0,1.0,1.0,1.0,1.0
553.25,2.0,19.173988577001243,18.974337333283017,19.828023458977068,20.019580932167706,18.74685445787825,18.26946782519642,18.73524899950617,18.245899562535023,18.12778599437537,17.78212816967717,1.0,1.0,1.0,1.0,1.0,1.0,1.0,1.0,1.0,1.0
553.5,3.0,0.0,0.0,0.0,0.0,0.0,0.0,0.0,0.0,0.0,0.0,0.0,0.0,0.0,0.0,0.0,0.0,0.0,0.0,0.0,0.0
553.75,4.0,20.492874146959977,19.783967886965318,18.205514265017463,18.81865991417736,20.876316784707498,21.19452132058504,21.25917829142222,21.964779009992142,21.98987027965868,21.24125594368379,1.0,1.0,1.0,1.0,1.0,1.0,1.0,1.0,1.0,1.0
554.0,1.0,20.447264088894194,21.077349933551062,20.2573421241316,20.18850880459836,18.207973277719184,18.20381228984846,20.072282455913122,19.589987368560447,20.121323030278578,20.483662594534263,1.0,1.0,1.0,1.0,1.0,1.0,1.0,1.0,1.0,1.0
554.25,2.0,0.0,0.0,0.0,0.0,0.0,0.0,0.0,0.0,0.0,0.0,0.0,0.0,0.0,0.0,0.0,0.0,0.0,0.0,0.0,0.0
554.5,3.0,21.732388069843374,21.10002903408622,16.99781710500271,14.63518915754259,13.695195854929969,12.545946912062563,13.252716301608826,13.277057575465909,14.371093468558907,15.57770940953406,1.0,1.0,1.0,1.0,1.0,1.0,1.0,1.0,1.0,1.0
554.75,4.0,19.78698588785802,19.664871450636415,17.97993860118905,18.44035202863141,20.343562724494895,20.424317925696908,21.040224820389618,21.831207350438973,21.754355335132146,21.586100072652226,1.0,1.0,1.0,1.0,1.0,1.0,1.0,1.0,1.0,1.0
555.0,1.0,0.0,0.0,0.0,0.0,0.0,0.0,0.0,0.0,0.0,0.0,0.0,0.0,0.0,0.0,0.0,0.0,0.0,0.0,0.0,0.0
555.25,2.0,0.0,0.0,0.0,0.0,0.0,0.0,0.0,0.0,0.0,0.0,0.0,0.0,0.0,0.0,0.0,0.0,0.0,0.0,0.0,0.0
555.5,3.0,21.44507961546143,18.775970760909253,15.339073562008599,14.054602863253631,12.565029878659749,12.152769132178758,13.501184322411085,14.661676805776981,14.591811791212264,15.574515394846122,1.0,1.0,1.0,1.0,1.0,1.0,1.0,1.0,1.0,1.0
555.75,4.0,0.0,0.0,0.0,0.0,0.0,0.0,0.0,0.0,0.0,0.0,0.0,0.0,0.0,0.0,0.0,0.0,0.0,0.0,0.0,0.0
556.0,1.0,21.27620391943565,22.686676463406634,21.413188531396223,21.044194553934318,20.24663245916318,19.91404385495272,20.726511048419585,20.057229501633564,20.067383522460446,20.78024262707543,1.0,1.0,1.0,1.0,1.0,1.0,1.0,1.0,1.0,1.0
556.25,2.0,20.867045944475368,20.82869899044842,19.95760065203353,18.90257270045091,18.781674867447173,18.29059034530275,19.103020636129326,18.296206879925887,18.13986736111406,17.894549034978738,1.0,1.0,1.0,1.0,1.0,1.0,1.0,1.0,1.0,1.0
556.5,3.0,0.0,0.0,0.0,0.0,0.0,0.0,0.0,0.0,0.0,0.0,0.0,0.0,0.0,0.0,0.0,0.0,0.0,0.0,0.0,0.0
556.75,4.0,19.42010615162621,18.37990027692688,17.713512156570218,18.006341448621765,19.146233511738536,20.308532734652513,20.482062905258772,20.74942182797737,19.890196837119458,19.682377227703924,1.0,1.0,1.0,1.0,1.0,1.0,1.0,1.0,1.0,1.0
557.0,1.0,20.766125128534046,22.49744125448234,20.436111026297088,20.950064533364806,21.496743729701567,20.699780001902916,21.07066631691689,21.223184779777874,20.821050839694312,20.82643007675302,1.0,1.0,1.0,1.0,1.0,1.0,1.0,1.0,1.0,1.0
557.25,2.0,0.0,0.0,0.0,0.0,0.0,0.0,0.0,0.0,0.0,0.0,0.0,0.0,0.0,0.0,0.0,0.0,0.0,0.0,0.0,0.0
557.5,3.0,18.465413758479656,17.73139758644117,15.597992295627279,13.502829879977982,13.51177514763944,14.918549882291652,16.334081017249424,15.87976356799411,16.4926521171838,17.252331655738566,1.0,1.0,1.0,1.0,1.0,1.0,1.0,1.0,1.0,1.0
557.75,4.0,18.629965907972284,16.86114093228082,16.055561404680653,17.72731516691784,19.48715817253858,20.075668259212755,19.366670466615556,19.269931153324823,19.028835583651897,19.596801946470492,1.0,1.0,1.0,1.0,1.0,1.0,1.0,1.0,1.0,1.0
558.0,1.0,0.0,0.0,0.0,0.0,0.0,0.0,0.0,0.0,0.0,0.0,0.0,0.0,0.0,0.0,0.0,0.0,0.0,0.0,0.0,0.0
558.25,2.0,19.23040129394404,15.91439934819414,17.099363186353,18.279749067670824,18.068971121330033,19.31373543703881,20.52586129664404,20.827655942650825,20.085474734399874,19.8474628887025,1.0,1.0,1.0,1.0,1.0,1.0,1.0,1.0,1.0,1.0
558.5,3.0,0.0,0.0,0.0,0.0,0.0,0.0,0.0,0.0,0.0,0.0,0.0,0.0,0.0,0.0,0.0,0.0,0.0,0.0,0.0,0.0
558.75,4.0,0.0,0.0,0.0,0.0,0.0,0.0,0.0,0.0,0.0,0.0,0.0,0.0,0.0,0.0,0.0,0.0,0.0,0.0,0.0,0.0
559.0,1.0,18.47638886386707,19.463323002735997,20.664222930458454,20.556080112203762,21.76953867786024,20.42535075560394,21.75463602972218,21.496292306886495,21.084125470896858,20.648091273400645,1.0,1.0,1.0,1.0,1.0,1.0,1.0,1.0,1.0,1.0
559.25,2.0,17.614055143387624,14.962947514148588,15.753455316728179,18.264749910890604,19.09906635663068,19.802963094261706,21.901919192609625,22.33613529482767,21.30284796104807,21.946488317969994,1.0,1.0,1.0,1.0,1.0,1.0,1.0,1.0,1.0,1.0
559.5,3.0,0.0,0.0,0.0,0.0,0.0,0.0,0.0,0.0,0.0,0.0,0.0,0.0,0.0,0.0,0.0,0.0,0.0,0.0,0.0,0.0
559.75,4.0,15.987684772370793,17.183989478790135,18.482890541610807,19.54493185854526,20.145060203396312,19.438515024690695,19.67696949547618,19.424107031884855,19.540115233277447,18.51892490846703,1.0,1.0,1.0,1.0,1.0,1.0,1.0,1.0,1.0,1.0
560.0,1.0,17.969638824603777,19.395325340172718,20.700745934906134,21.011517496947185,21.97167422342023,21.316075426978585,20.975753449661614,21.10444259556644,20.2808709649229,20.199496526297875,1.0,1.0,1.0,1.0,1.0,1.0,1.0,1.0,1.0,1.0
560.25,2.0,0.0,0.0,0.0,0.0,0.0,0.0,0.0,0.0,0.0,0.0,0.0,0.0,0.0,0.0,0.0,0.0,0.0,0.0,0.0,0.0
560.5,3.0,16.510283719953467,16.547776272725834,15.374636151478583,15.737391682617655,16.78818191666456,17.183523714100012,15.956035802334581,16.024575432353146,16.581980554926403,17.335686110418234,1.0,1.0,1.0,1.0,1.0,1.0,1.0,1.0,1.0,1.0
560.75,4.0,17.23222741731294,17.976930566209465,18.922730095286436,19.486704172483364,19.189517125458355,18.304983421674216,18.229513309486837,18.45872870155934,18.957577259554977,19.613605587192684,1.0,1.0,1.0,1.0,1.0,1.0,1.0,1.0,1.0,1.0
561.0,1.0,18.775471997386894,19.73388392501156,20.565274949817905,20.966379117665763,21.73628997575163,20.74219471048799,20.594142101766135,20.757595353789185,21.289219302423973,21.189042843170146,1.0,1.0,1.0,1.0,1.0,1.0,1.0,1.0,1.0,1.0
561.25,2.0,16.328898578930037,16.057320255231684,18.342968731981834,20.935137650649313,20.346851676539817,21.888502806756513,22.483112250324293,22.464483669416598,20.74343119226474,20.648098619252323,1.0,1.0,1.0,1.0,1.0,1.0,1.0,1.0,1.0,1.0
561.5,3.0,0.0,0.0,0.0,0.0,0.0,0.0,0.0,0.0,0.0,0.0,0.0,0.0,0.0,0.0,0.0,0.0,0.0,0.0,0.0,0.0
561.75,4.0,17.788193108400236,18.97940844036468,18.97321671951833,18.559041961342515,18.02662370133244,18.25195822824816,18.539857925013912,19.18829166903461,18.554157838386406,19.205370365628912,1.0,1.0,1.0,1.0,1.0,1.0,1.0,1.0,1.0,1.0
562.0,1.0,18.422177989148636,19.16005889349684,21.197454950247877,21.52419605478105,22.78267017951706,22.2448052776123,22.178006306090516,22.30041175667412,22.394031198659395,21.47996066800248,1.0,1.0,1.0,1.0,1.0,1.0,1.0,1.0,1.0,1.0
562.25,2.0,0.0,0.0,0.0,0.0,0.0,0.0,0.0,0.0,0.0,0.0,0.0,0.0,0.0,0.0,0.0,0.0,0.0,0.0,0.0,0.0
562.5,3.0,17.07862675200692,15.928201385946446,15.617629036140809,15.28468270639645,17.333578157996808,17.394775718385578,17.349244624216222,18.024395322512355,18.26908541102544,18.72104968106001,1.0,1.0,1.0,1.0,1.0,1.0,1.0,1.0,1.0,1.0
562.75,4.0,18.40982498916355,18.649951019671988,17.203780444776235,17.88220937372292,17.862418177872396,18.52960485999468,18.989199985367268,19.444927459299468,18.988580951002383,19.63115378035833,1.0,1.0,1.0,1.0,1.0,1.0,1.0,1.0,1.0,1.0
563.0,1.0,0.0,0.0,0.0,0.0,0.0,0.0,0.0,0.0,0.0,0.0,0.0,0.0,0.0,0.0,0.0,0.0,0.0,0.0,0.0,0.0
563.25,2.0,0.0,0.0,0.0,0.0,0.0,0.0,0.0,0.0,0.0,0.0,0.0,0.0,0.0,0.0,0.0,0.0,0.0,0.0,0.0,0.0
563.5,3.0,15.930939130358063,16.125892190683857,15.662846256095444,15.223782458686136,18.333852699280506,18.631778628138072,18.71366919864259,18.52781786652292,18.873888464010683,18.70635902762623,1.0,1.0,1.0,1.0,1.0,1.0,1.0,1.0,1.0,1.0
563.75,4.0,0.0,0.0,0.0,0.0,0.0,0.0,0.0,0.0,0.0,0.0,0.0,0.0,0.0,0.0,0.0,0.0,0.0,0.0,0.0,0.0
564.0,1.0,19.293013450505892,20.936000581478186,23.294879470888628,23.31317414032485,22.82312971052015,22.303996278675125,21.551097491757687,21.2177633983704,21.263799689512908,19.92217389865686,1.0,1.0,1.0,1.0,1.0,1.0,1.0,1.0,1.0,1.0
564.25,2.0,18.682286222840634,19.95993577022054,19.921370865020975,21.33234092977959,21.344908310443614,21.734258902186376,21.594774991348768,22.016355323616693,20.918804922906826,20.88958811986303,1.0,1.0,1.0,1.0,1.0,1.0,1.0,1.0,1.0,1.0
564.5,3.0,0.0,0.0,0.0,0.0,0.0,0.0,0.0,0.0,0.0,0.0,0.0,0.0,0.0,0.0,0.0,0.0,0.0,0.0,0.0,0.0
564.75,4.0,18.123930840087663,18.728884212439,18.178977325141805,19.04410820602983,18.752332542185513,18.832769985837306,18.15382462338008,17.02988575154409,17.80699657210932,17.878653749329747,1.0,1.0,1.0,1.0,1.0,1.0,1.0,1.0,1.0,1.0
565.0,1.0,21.118969253000163,21.965693832626307,22.93086934525281,23.004229843475567,22.308126446394816,22.16201838339316,21.363429877404865,20.25322897808581,20.766171955488257,19.142037640036495,1.0,1.0,1.0,1.0,1.0,1.0,1.0,1.0,1.0,1.0
565.25,2.0,0.0,0.0,0.0,0.0,0.0,0.0,0.0,0.0,0.0,0.0,0.0,0.0,0.0,0.0,0.0,0.0,0.0,0.0,0.0,0.0
565.5,3.0,18.28682770814679,17.30620503891752,16.264478731285614,18.197256090001662,20.779088040068256,20.422457429135434,20.647911003849668,19.035719608360942,19.157206080045924,19.133949644727196,1.0,1.0,1.0,1.0,1.0,1.0,1.0,1.0,1.0,1.0
565.75,4.0,18.628968309364506,19.83304114269658,18.299152223347516,19.047098048481356,18.57744681563122,18.676523766740882,17.93532170444283,17.295079162158093,17.636327224341308,16.63983200895175,1.0,1.0,1.0,1.0,1.0,1.0,1.0,1.0,1.0,1.0
566.0,1.0,0.0,0.0,0.0,0.0,0.0,0.0,0.0,0.0,0.0,0.0,0.0,0.0,0.0,0.0,0.0,0.0,0.0,0.0,0.0,0.0
566.25,2.0,19.826047735031505,20.94706480047566,20.2886956531407,22.8074014359842,22.18493279953379,21.343835375747442,21.51481161509317,21.58648524299847,20.310871666425047,20.47367156113901,1.0,1.0,1.0,1.0,1.0,1.0,1.0,1.0,1.0,1.0
566.5,3.0,0.0,0.0,0.0,0.0,0.0,0.0,0.0,0.0,0.0,0.0,0.0,0.0,0.0,0.0,0.0,0.0,0.0,0.0,0.0,0.0
566.75,4.0,0.0,0.0,0.0,0.0,0.0,0.0,0.0,0.0,0.0,0.0,0.0,0.0,0.0,0.0,0.0,0.0,0.0,0.0,0.0,0.0
567.0,1.0,21.915906859069164,22.336913648029928,22.414139310564117,20.781692545480237,19.131949435428727,18.581428568356724,18.742905311989528,19.742760230919146,19.435811397356378,19.297450496736552,1.0,1.0,1.0,1.0,1.0,1.0,1.0,1.0,1.0,1.0
567.25,2.0,20.84928801219378,21.18697667537898,20.29767474849323,21.78003515908137,21.270909848254476,20.988565048185603,20.607566079785357,21.759585459658535,19.975509765614827,19.54711320892199,1.0,1.0,1.0,1.0,1.0,1.0,1.0,1.0,1.0,1.0
567.5,3.0,18.089690428222173,16.731342717224155,18.318744875037996,18.650858854325893,19.343920803243325,19.409866139990637,20.49853301142132,19.631851696282133,19.254064281184643,19.256107415336608,1.0,1.0,1.0,1.0,1.0,1.0,1.0,1.0,1.0,1.0
567.75,4.0,19.92038005274707,20.01790934478862,20.33244160966541,19.920114969073175,19.14733886944782,20.368349736613688,19.10355078795391,17.1290931436641,17.86624041037564,16.879426416753073,1.0,1.0,1.0,1.0,1.0,1.0,1.0,1.0,1.0,1.0
568.0,1.0,22.65238896010331,22.248410248882397,21.6642255538402,19.380489522386096,18.525209787517774,18.97431547152816,19.27605268852352,19.725940928998153,19.567676371628338,19.60163053549624,1.0,1.0,1.0,1.0,1.0,1.0,1.0,1.0,1.0,1.0
568.25,2.0,0.0,0.0,0.0,0.0,0.0,0.0,0.0,0.0,0.0,0.0,0.0,0.0,0.0,0.0,0.0,0.0,0.0,0.0,0.0,0.0
568.5,3.0,18.093691654197134,17.389561768133376,19.059111459203244,19.08218487047269,19.20982573892487,18.754935028154907,19.137283706093097,18.043370586514975,17.521355016228018,17.940387188989387,1.0,1.0,1.0,1.0,1.0,1.0,1.0,1.0,1.0,1.0
568.75,4.0,20.98404593823832,20.43447869921168,19.96705650121825,20.370772433505877,18.963044535696348,19.8054869821507,17.754929651659896,16.82898296066691,16.25623834164442,16.108555044248792,1.0,1.0,1.0,1.0,1.0,1.0,1.0,1.0,1.0,1.0
569.0,1.0,21.16680623286292,20.025762009784934,20.096038828834367,17.962809509073686,19.24156291986098,19.444400840542922,19.543327597388892,19.344284974739196,19.026979053493886,18.892105658590985,1.0,1.0,1.0,1.0,1.0,1.0,1.0,1.0,1.0,1.0
569.25,2.0,20.716101686202045,20.362467418733903,19.791376305405418,20.96105938703586,20.062559893227515,18.82892952847274,18.410999363709927,18.47861141301446,17.79736309080192,17.480129410115474,1.0,1.0,1.0,1.0,1.0,1.0,1.0,1.0,1.0,1.0
569.5,3.0,0.0,0.0,0.0,0.0,0.0,0.0,0.0,0.0,0.0,0.0,0.0,0.0,0.0,0.0,0.0,0.0,0.0,0.0,0.0,0.0
569.75,4.0,20.926816171338672,20.421411016403955,19.58417955584843,19.209792365952914,18.006968071677644,19.151375056345227,17.33940302554641,16.468451858995596,16.73823671120722,17.022130376661465,1.0,1.0,1.0,1.0,1.0,1.0,1.0,1.0,1.0,1.0
570.0,1.0,20.83144199033361,20.1423646849981,18.719296553033338,18.08870064342545,19.919195794107928,19.632645061670463,19.660743750068544,19.36184557978571,19.394391051079445,18.175869468904008,1.0,1.0,1.0,1.0,1.0,1.0,1.0,1.0,1.0,1.0
570.25,2.0,0.0,0.0,0.0,0.0,0.0,0.0,0.0,0.0,0.0,0.0,0.0,0.0,0.0,0.0,0.0,0.0,0.0,0.0,0.0,0.0
570.5,3.0,19.634768117839155,18.63754631106111,18.57991296347755,18.07523167641779,19.616119521152243,19.0604214530393,18.84958861719376,17.71228546562113,16.744097842331108,16.636445379329274,1.0,1.0,1.0,1.0,1.0,1.0,1.0,1.0,1.0,1.0
570.75,4.0,21.4131080110677,21.047148524407806,19.158345011077557,17.593801508593373,16.79657081267344,18.64129671375835,17.036736658588232,16.76345889556001,17.209324125652607,17.004737872614673,1.0,1.0,1.0,1.0,1.0,1.0,1.0,1.0,1.0,1.0
571.0,1.0,0.0,0.0,0.0,0.0,0.0,0.0,0.0,0.0,0.0,0.0,0.0,0.0,0.0,0.0,0.0,0.0,0.0,0.0,0.0,0.0
571.25,2.0,20.97386608169717,20.064417475047186,19.902694467886914,21.551160956351495,19.081060823154363,18.3660008329627,19.14574986152158,19.135399963352736,19.625797607911043,18.767665064467604,1.0,1.0,1.0,1.0,1.0,1.0,1.0,1.0,1.0,1.0
571.5,3.0,19.74848352912943,18.632440928486048,18.351167259664887,18.10276449462947,18.248060449901637,17.19408664951332,16.252069446409553,16.19398232910832,16.185907897143476,16.243080455541197,1.0,1.0,1.0,1.0,1.0,1.0,1.0,1.0,1.0,1.0
571.75,4.0,0.0,0.0,0.0,0.0,0.0,0.0,0.0,0.0,0.0,0.0,0.0,0.0,0.0,0.0,0.0,0.0,0.0,0.0,0.0,0.0
572.0,1.0,20.28387583640817,20.07016764494256,18.92311419282922,16.67941002385237,16.994683474829603,18.580040324285036,18.399150944171538,17.888524927438457,17.805065982294355,16.94051478231325,1.0,1.0,1.0,1.0,1.0,1.0,1.0,1.0,1.0,1.0
572.25,2.0,20.231348196728682,19.165349497854667,19.58367612671287,19.955531885084024,18.53292486056503,18.753757939959257,18.902752774321925,18.972308411789825,18.929633570897806,18.55815884675264,1.0,1.0,1.0,1.0,1.0,1.0,1.0,1.0,1.0,1.0
572.5,3.0,0.0,0.0,0.0,0.0,0.0,0.0,0.0,0.0,0.0,0.0,0.0,0.0,0.0,0.0,0.0,0.0,0.0,0.0,0.0,0.0
572.75,4.0,20.551435896904447,19.10123571169458,18.638919929670546,17.43049402154549,16.66603583815285,17.293914130449163,16.620739037546183,16.63793919122223,16.596595314008447,16.91540193012299,1.0,1.0,1.0,1.0,1.0,1.0,1.0,1.0,1.0,1.0
573.0,1.0,20.71792444149435,19.51832037420676,16.7652508939125,16.488032267165472,17.118039707231468,18.567790897322173,18.213420885402176,17.051233565002203,17.185233147315795,17.564504935623756,1.0,1.0,1.0,1.0,1.0,1.0,1.0,1.0,1.0,1.0
573.25,2.0,0.0,0.0,0.0,0.0,0.0,0.0,0.0,0.0,0.0,0.0,0.0,0.0,0.0,0.0,0.0,0.0,0.0,0.0,0.0,0.0
573.5,3.0,18.13634775938222,17.741854517182652,18.178926939766928,18.750516389715465,18.47915343411564,17.328612612561823,17.032584162173283,17.117296955252787,16.632162517090535,17.885656929783575,1.0,1.0,1.0,1.0,1.0,1.0,1.0,1.0,1.0,1.0
573.75,4.0,19.876061482383648,18.262082904079378,17.943668714490542,17.269642476091807,16.967775579493722,16.643151777424446,17.35582303336607,16.92904650262843,17.99226147099989,17.28297301649008,1.0,1.0,1.0,1.0,1.0,1.0,1.0,1.0,1.0,1.0
574.0,1.0,19.557379271476936,17.683094011577637,15.634523499138162,16.13505684137294,17.493705418407753,18.827151557507207,18.604596629062858,19.20422587905783,18.988365285854968,19.429259517351394,1.0,1.0,1.0,1.0,1.0,1.0,1.0,1.0,1.0,1.0
574.25,2.0,19.450473524893816,18.542637892860395,18.083548587230215,18.1450750670759,18.32356434255119,18.527354523462577,18.02347061667595,17.8663638872571,17.36014202204678,16.126828384702637,1.0,1.0,1.0,1.0,1.0,1.0,1.0,1.0,1.0,1.0
574.5,3.0,0.0,0.0,0.0,0.0,0.0,0.0,0.0,0.0,0.0,0.0,0.0,0.0,0.0,0.0,0.0,0.0,0.0,0.0,0.0,0.0
574.75,4.0,0.0,0.0,0.0,0.0,0.0,0.0,0.0,0.0,0.0,0.0,0.0,0.0,0.0,0.0,0.0,0.0,0.0,0.0,0.0,0.0
575.0,1.0,18.304094047217035,16.970813963705755,15.792583979223023,15.590206349678116,17.049369766280165,17.94865337181184,18.29489927632338,19.651854107620224,19.169214461773397,19.442326952964056,1.0,1.0,1.0,1.0,1.0,1.0,1.0,1.0,1.0,1.0
575.25,2.0,20.247470156867262,17.943410672198915,17.44578418585777,17.704365462129605,18.35192399283409,18.74045079558745,17.68289225185205,17.781635926745842,17.38296056821159,16.234336206406635,1.0,1.0,1.0,1.0,1.0,1.0,1.0,1.0,1.0,1.0
575.5,3.0,19.385621699783396,18.314987416138987,18.71773024657819,19.26819760002211,20.81972061420306,20.909772610379722,20.8659963042098,20.2715891844695,18.6197406885081,17.988423004669908,1.0,1.0,1.0,1.0,1.0,1.0,1.0,1.0,1.0,1.0
575.75,4.0,18.896123258635065,18.12526377975379,17.02385494406055,16.463971795983788,15.970306590120623,16.775537561013767,17.232966678218276,16.701245451062363,18.514829264590833,18.231640105226006,1.0,1.0,1.0,1.0,1.0,1.0,1.0,1.0,1.0,1.0
576.0,1.0,16.82543431951031,16.596202218418508,16.707599346163793,17.092069172883136,17.15916955183874,18.638704667683907,19.32644025009731,18.78897879873287,18.766771899279437,17.939063631259593,1.0,1.0,1.0,1.0,1.0,1.0,1.0,1.0,1.0,1.0
576.25,2.0,0.0,0.0,0.0,0.0,0.0,0.0,0.0,0.0,0.0,0.0,0.0,0.0,0.0,0.0,0.0,0.0,0.0,0.0,0.0,0.0
576.5,3.0,19.08076244371186,18.991491842050333,18.36157301415077,18.86060887703214,20.21653891694098,20.666179594752222,20.04085853891713,19.46445868721582,18.53727060781571,17.170943869122674,1.0,1.0,1.0,1.0,1.0,1.0,1.0,1.0,1.0,1.0
576.75,4.0,18.86839878874863,17.89462952701315,17.377076998964906,16.99023076661863,17.427411666889125,17.967514443097485,18.13096912099252,18.505897386631947,19.334681887580505,18.533031199035232,1.0,1.0,1.0,1.0,1.0,1.0,1.0,1.0,1.0,1.0
577.0,1.0,16.8583631320807,16.606866149430598,16.696643114692908,17.89340320657856,17.48701063998744,18.690982924401247,19.1570581413062,19.641194171451957,18.986145980013166,18.455080229106866,1.0,1.0,1.0,1.0,1.0,1.0,1.0,1.0,1.0,1.0
577.25,2.0,18.202513973920716,18.248344609780517,16.889794452961045,15.280648523299067,16.011092288739032,15.9277672080812,16.48589593176832,16.376215024688435,17.168082067546276,16.57838654602049,1.0,1.0,1.0,1.0,1.0,1.0,1.0,1.0,1.0,1.0
577.5,3.0,0.0,0.0,0.0,0.0,0.0,0.0,0.0,0.0,0.0,0.0,0.0,0.0,0.0,0.0,0.0,0.0,0.0,0.0,0.0,0.0
577.75,4.0,18.205650651834446,18.13858248763972,17.866128991151463,18.494645768821776,17.37148377034815,17.950155837918324,17.643289477230674,17.126379312776105,16.826929684371482,17.717906178855614,1.0,1.0,1.0,1.0,1.0,1.0,1.0,1.0,1.0,1.0
578.0,1.0,16.97018592001704,16.888252769560278,17.131797045852064,17.654375506726197,17.754528437304955,18.533331480634963,19.708810201698462,19.961005174034998,19.194064005094084,18.24083990148218,1.0,1.0,1.0,1.0,1.0,1.0,1.0,1.0,1.0,1.0
578.25,2.0,0.0,0.0,0.0,0.0,0.0,0.0,0.0,0.0,0.0,0.0,0.0,0.0,0.0,0.0,0.0,0.0,0.0,0.0,0.0,0.0
578.5,3.0,19.391947320561865,18.320132418016055,19.259895091185637,20.872766156848748,20.04780192675469,19.646151069559977,18.96553181575266,18.01790758703381,18.026405299946124,16.935497011439523,1.0,1.0,1.0,1.0,1.0,1.0,1.0,1.0,1.0,1.0
578.75,4.0,17.93840990143946,18.953927364159572,18.7720289007073,18.677488329476827,17.38206045049015,17.077605609467554,17.670549917999914,17.677388390909602,18.218788240406703,18.81064672879746,1.0,1.0,1.0,1.0,1.0,1.0,1.0,1.0,1.0,1.0
579.0,1.0,0.0,0.0,0.0,0.0,0.0,0.0,0.0,0.0,0.0,0.0,0.0,0.0,0.0,0.0,0.0,0.0,0.0,0.0,0.0,0.0
579.25,2.0,16.15812539972013,15.02058091981991,14.936413542617855,13.877222256560168,13.88585342009315,14.134458394244097,14.791398293600567,15.276655832336228,17.23002152099529,16.643503755048258,1.0,1.0,1.0,1.0,1.0,1.0,1.0,1.0,1.0,1.0
579.5,3.0,19.296612054459118,18.226295026601786,20.214818381612893,20.515077971655035,19.024820425006777,18.88756989850364,18.468070353374113,17.60725838991414,17.366213011584755,17.34387242219443,1.0,1.0,1.0,1.0,1.0,1.0,1.0,1.0,1.0,1.0
579.75,4.0,0.0,0.0,0.0,0.0,0.0,0.0,0.0,0.0,0.0,0.0,0.0,0.0,0.0,0.0,0.0,0.0,0.0,0.0,0.0,0.0
580.0,1.0,16.86267997551816,17.59811071703273,18.280231609895736,19.877146500671866,18.787908518418497,18.603030464940645,17.70556201890374,16.339947549651143,15.498123115397993,15.901980624842665,1.0,1.0,1.0,1.0,1.0,1.0,1.0,1.0,1.0,1.0
580.25,2.0,16.840590624176823,15.42710166260407,15.184712461569827,14.124590424795489,14.24664837705096,14.495464202229025,15.97517098195802,16.121627909948558,16.376212681464967,15.159389205494827,1.0,1.0,1.0,1.0,1.0,1.0,1.0,1.0,1.0,1.0
580.5,3.0,0.0,0.0,0.0,0.0,0.0,0.0,0.0,0.0,0.0,0.0,0.0,0.0,0.0,0.0,0.0,0.0,0.0,0.0,0.0,0.0
580.75,4.0,19.55384078896254,18.508058295896618,18.064091114958455,18.160475076821104,17.604906522144326,17.464989077943272,17.784599799918052,18.621443572298816,19.401381349924065,19.463223636725594,1.0,1.0,1.0,1.0,1.0,1.0,1.0,1.0,1.0,1.0
581.0,1.0,17.15433009113412,18.145846169908257,19.541171039549944,19.23597615277672,17.51996034936236,16.87313218650746,15.717218221423423,14.429937246409747,15.124643037644619,16.419391791246746,1.0,1.0,1.0,1.0,1.0,1.0,1.0,1.0,1.0,1.0
581.25,2.0,0.0,0.0,0.0,0.0,0.0,0.0,0.0,0.0,0.0,0.0,0.0,0.0,0.0,0.0,0.0,0.0,0.0,0.0,0.0,0.0
581.5,3.0,19.795680838961193,19.132252680693057,19.021723145793086,19.01165237907793,18.120474583319393,17.698095612460314,17.247162621998005,16.997224388876933,17.291338545905045,16.99337133692648,1.0,1.0,1.0,1.0,1.0,1.0,1.0,1.0,1.0,1.0
581.75,4.0,18.297579713399106,17.698168176651762,18.618306572942398,18.596649162962095,17.84707016416856,17.101524649797536,17.813861840524805,18.079497452720265,18.677188399945912,18.162132739362168,1.0,1.0,1.0,1.0,1.0,1.0,1.0,1.0,1.0,1.0
582.0,1.0,18.460362119985188,20.16455616431028,20.095594113719677,18.597524533684823,16.805894750930072,16.20787645743382,16.286393679143917,16.10889932507572,16.78686983752432,18.14720706934696,1.0,1.0,1.0,1.0,1.0,1.0,1.0,1.0,1.0,1.0
582.25,2.0,16.076225289797456,14.502834996022754,15.629397231873291,15.421727028442929,14.928801652027042,14.920235482816414,14.860926350660714,14.564425822706902,15.287975158081597,15.628307863711168,1.0,1.0,1.0,1.0,1.0,1.0,1.0,1.0,1.0,1.0
582.5,3.0,0.0,0.0,0.0,0.0,0.0,0.0,0.0,0.0,0.0,0.0,0.0,0.0,0.0,0.0,0.0,0.0,0.0,0.0,0.0,0.0
582.75,4.0,19.793845070611553,17.804560712942223,18.443995597564182,19.234034099142736,18.68608949911062,17.616675464385978,18.254535740362172,18.464770820148868,18.423519931608915,18.150085244552717,1.0,1.0,1.0,1.0,1.0,1.0,1.0,1.0,1.0,1.0
583.0,1.0,18.185036237256814,18.988090841627784,18.773613357386463,17.769386507797318,17.729514137505106,17.544756294581713,17.271103566664696,17.594405519903884,17.067611754135026,17.94046277241131,1.0,1.0,1.0,1.0,1.0,1.0,1.0,1.0,1.0,1.0
583.25,2.0,15.774921564388075,14.907737873754428,16.56382841020289,17.478968324136027,15.41180692485422,14.638798822855266,15.022191148828794,14.580302141390154,16.532751292882452,16.4070679406948,1.0,1.0,1.0,1.0,1.0,1.0,1.0,1.0,1.0,1.0
583.5,3.0,18.351996985703135,18.289417301516245,19.158795610394268,17.472614607937725,17.076357573271395,17.2333175553196,17.330750355343888,17.422311257428397,18.78299906484935,18.213316086563115,1.0,1.0,1.0,1.0,1.0,1.0,1.0,1.0,1.0,1.0
583.75,4.0,18.92429209623584,17.943919208314494,18.04513417476802,19.37412387867224,19.531481423629995,18.515660684640224,18.1266960634191,18.86926724607367,18.001909830768685,18.187194954329488,1.0,1.0,1.0,1.0,1.0,1.0,1.0,1.0,1.0,1.0
584.0,1.0,0.0,0.0,0.0,0.0,0.0,0.0,0.0,0.0,0.0,0.0,0.0,0.0,0.0,0.0,0.0,0.0,0.0,0.0,0.0,0.0
584.25,2.0,0.0,0.0,0.0,0.0,0.0,0.0,0.0,0.0,0.0,0.0,0.0,0.0,0.0,0.0,0.0,0.0,0.0,0.0,0.0,0.0
584.5,3.0,19.542556848431236,19.567830183954893,18.03525618068375,16.69052276284639,17.319086913070386,17.489982640625513,17.3461417787282,18.54331914614818,18.902801925479547,18.47973979383079,1.0,1.0,1.0,1.0,1.0,1.0,1.0,1.0,1.0,1.0
584.75,4.0,0.0,0.0,0.0,0.0,0.0,0.0,0.0,0.0,0.0,0.0,0.0,0.0,0.0,0.0,0.0,0.0,0.0,0.0,0.0,0.0
585.0,1.0,17.889137030468923,18.725231031706045,17.45376173216197,16.704256461659114,18.11702359632003,18.48998161803261,18.507611014066548,17.392756047724284,18.078796272138337,18.678475285407306,1.0,1.0,1.0,1.0,1.0,1.0,1.0,1.0,1.0,1.0
585.25,2.0,15.999897550516707,16.873742004202484,16.940450391184914,15.201267636131773,15.635203898612533,15.575248529432377,16.655045945028462,16.318454606374203,16.692278015144936,15.72333541109722,1.0,1.0,1.0,1.0,1.0,1.0,1.0,1.0,1.0,1.0
585.5,3.0,0.0,0.0,0.0,0.0,0.0,0.0,0.0,0.0,0.0,0.0,0.0,0.0,0.0,0.0,0.0,0.0,0.0,0.0,0.0,0.0
585.75,4.0,20.017235390438664,18.759139304739158,17.6314412485812,17.376251906095064,16.56050606475439,16.539947145215173,17.42775427823929,17.938968485607454,18.535607232926058,19.673438662623738,1.0,1.0,1.0,1.0,1.0,1.0,1.0,1.0,1.0,1.0
586.0,1.0,18.32298194980579,18.305531124197774,17.809632154419297,17.482207358386834,18.015912541669735,17.989215172820263,17.933531819898185,17.98468966042528,17.83218803881702,19.19715214402442,1.0,1.0,1.0,1.0,1.0,1.0,1.0,1.0,1.0,1.0
586.25,2.0,0.0,0.0,0.0,0.0,0.0,0.0,0.0,0.0,0.0,0.0,0.0,0.0,0.0,0.0,0.0,0.0,0.0,0.0,0.0,0.0
586.5,3.0,21.184630233292758,19.106810442244015,18.24630208146873,17.482592579367005,17.792670673485393,18.27187833296205,19.149120310301022,21.02870956369506,21.21106658047019,20.50727655997213,1.0,1.0,1.0,1.0,1.0,1.0,1.0,1.0,1.0,1.0
586.75,4.0,20.03026634919382,19.093407712874104,17.619885694775178,16.305568112362984,16.862939077202892,17.70768051839251,18.43752146630595,18.35328655321643,18.882697992801127,19.29861621157243,1.0,1.0,1.0,1.0,1.0,1.0,1.0,1.0,1.0,1.0
587.0,1.0,0.0,0.0,0.0,0.0,0.0,0.0,0.0,0.0,0.0,0.0,0.0,0.0,0.0,0.0,0.0,0.0,0.0,0.0,0.0,0.0
587.25,2.0,18.41947423197913,17.88882760557577,17.039934313477428,16.45044715943444,17.263252535058122,16.46840100309008,16.45058191845401,15.596554062655718,16.070088065716487,15.418085678379706,1.0,1.0,1.0,1.0,1.0,1.0,1.0,1.0,1.0,1.0
587.5,3.0,0.0,0.0,0.0,0.0,0.0,0.0,0.0,0.0,0.0,0.0,0.0,0.0,0.0,0.0,0.0,0.0,0.0,0.0,0.0,0.0
587.75,4.0,0.0,0.0,0.0,0.0,0.0,0.0,0.0,0.0,0.0,0.0,0.0,0.0,0.0,0.0,0.0,0.0,0.0,0.0,0.0,0.0
588.0,1.0,18.27826603607176,17.472618864992782,18.66936268096517,17.820627232117047,17.472167690216004,16.642638474377055,17.772636067379068,18.328400109303075,18.03131313571913,19.125888528573693,1.0,1.0,1.0,1.0,1.0,1.0,1.0,1.0,1.0,1.0
588.25,2.0,19.048135652798564,18.808064526303433,18.320179975679856,16.515175354784333,15.59218112676137,16.172388929913026,17.266984743422547,17.390275523754507,16.82473772357711,15.457508702692099,1.0,1.0,1.0,1.0,1.0,1.0,1.0,1.0,1.0,1.0
588.5,3.0,0.0,0.0,0.0,0.0,0.0,0.0,0.0,0.0,0.0,0.0,0.0,0.0,0.0,0.0,0.0,0.0,0.0,0.0,0.0,0.0
588.75,4.0,18.002244884190716,17.425966073247668,17.371864364632327,17.494708128450338,19.36877603578302,18.617720909135326,18.453959780826786,18.220735339867954,18.14472681915494,17.97213594285205,1.0,1.0,1.0,1.0,1.0,1.0,1.0,1.0,1.0,1.0
589.0,1.0,18.622677781333216,17.850090597196786,18.28498238045385,16.962119602597355,17.606719268605577,18.082286476579576,19.10706604840978,20.09553317768108,18.96192145945639,19.0529976139352,1.0,1.0,1.0,1.0,1.0,1.0,1.0,1.0,1.0,1.0
589.25,2.0,0.0,0.0,0.0,0.0,0.0,0.0,0.0,0.0,0.0,0.0,0.0,0.0,0.0,0.0,0.0,0.0,0.0,0.0,0.0,0.0
589.5,3.0,20.877365688139886,19.063989443501228,18.14445282468472,16.504838304047833,18.15597891146045,19.026151078885647,19.92773626093551,18.501425788971993,18.307344032201126,16.485102398565417,1.0,1.0,1.0,1.0,1.0,1.0,1.0,1.0,1.0,1.0
589.75,4.0,17.563703290133883,16.65469103260834,16.58567178192072,16.603860558880115,19.81307142563062,18.92470111528056,18.810975160039668,18.81732472013596,19.967074914825467,20.234142063558863,1.0,1.0,1.0,1.0,1.0,1.0,1.0,1.0,1.0,1.0
590.0,1.0,18.632320757976476,17.007718833205875,17.635445435058426,17.040952156847034,18.2021555158634,19.492958573132825,20.1772834410716,20.281242080149156,19.38423690375387,19.00640754475684,1.0,1.0,1.0,1.0,1.0,1.0,1.0,1.0,1.0,1.0
590.25,2.0,19.73343875582247,18.349716856835588,16.84359547720323,16.156575552284018,17.692968211951047,17.83324902522708,17.05716858009058,16.444014936237153,15.900123862234624,15.437273153536287,1.0,1.0,1.0,1.0,1.0,1.0,1.0,1.0,1.0,1.0
590.5,3.0,0.0,0.0,0.0,0.0,0.0,0.0,0.0,0.0,0.0,0.0,0.0,0.0,0.0,0.0,0.0,0.0,0.0,0.0,0.0,0.0
590.75,4.0,17.02554621487093,17.421008095568208,15.360972970755373,14.664592594834108,18.124958487812272,17.40464460227516,18.19310797473764,19.933325886986005,19.376087342092966,19.65400555582081,1.0,1.0,1.0,1.0,1.0,1.0,1.0,1.0,1.0,1.0
591.0,1.0,18.432217749945018,16.266424869455626,17.34882364105148,17.963301075549477,20.11011700688115,20.601365132003618,20.371212663055996,20.041966875104347,19.264039816636437,18.78483732640624,1.0,1.0,1.0,1.0,1.0,1.0,1.0,1.0,1.0,1.0
591.25,2.0,18.282083536248724,17.317417806704327,16.573383901054747,16.731184589092518,18.013820203245153,17.88129506776993,16.759379692746013,16.00031017336361,16.632580919377194,16.912992363593002,1.0,1.0,1.0,1.0,1.0,1.0,1.0,1.0,1.0,1.0
591.5,3.0,20.66048221230169,19.529850677725467,18.563933858150737,17.98151949398184,19.167705218633923,19.121005655328933,19.386815640055357,18.79566269310487,18.039058705980366,17.06918744268217,1.0,1.0,1.0,1.0,1.0,1.0,1.0,1.0,1.0,1.0
591.75,4.0,16.875111516347037,18.99663473703143,16.0100768974955,15.913926487880895,18.052200912459902,17.35765382958569,18.038705977636777,18.52753111458458,18.013525725029854,19.35718598322017,1.0,1.0,1.0,1.0,1.0,1.0,1.0,1.0,1.0,1.0
592.0,1.0,0.0,0.0,0.0,0.0,0.0,0.0,0.0,0.0,0.0,0.0,0.0,0.0,0.0,0.0,0.0,0.0,0.0,0.0,0.0,0.0
592.25,2.0,0.0,0.0,0.0,0.0,0.0,0.0,0.0,0.0,0.0,0.0,0.0,0.0,0.0,0.0,0.0,0.0,0.0,0.0,0.0,0.0
592.5,3.0,20.38583953935578,19.59498140342176,19.719323476099266,20.053840107035246,19.28062264404398,20.0177343551002,20.461236955506166,19.349642400014126,18.707092888738742,17.436829115075195,1.0,1.0,1.0,1.0,1.0,1.0,1.0,1.0,1.0,1.0
592.75,4.0,0.0,0.0,0.0,0.0,0.0,0.0,0.0,0.0,0.0,0.0,0.0,0.0,0.0,0.0,0.0,0.0,0.0,0.0,0.0,0.0
593.0,1.0,18.277684705788865,15.556463305808654,17.30434535298355,20.18986184737051,19.725779225977707,19.69473409512316,20.447656613026226,19.882310077992795,19.622535816289172,19.676972329700252,1.0,1.0,1.0,1.0,1.0,1.0,1.0,1.0,1.0,1.0
593.25,2.0,16.714310974386187,15.926674033561978,16.175250416931977,16.762409693592122,16.54185334439515,16.93100277952841,16.63569680582461,16.294385511812063,16.195638147300592,15.044578944342192,1.0,1.0,1.0,1.0,1.0,1.0,1.0,1.0,1.0,1.0
593.5,3.0,0.0,0.0,0.0,0.0,0.0,0.0,0.0,0.0,0.0,0.0,0.0,0.0,0.0,0.0,0.0,0.0,0.0,0.0,0.0,0.0
593.75,4.0,17.27178481621104,19.049466008645243,17.15981485212403,17.075574994391346,17.33781456109567,17.334378829457346,18.666555268504307,18.998914857877,18.921024404920832,18.77944100719226,1.0,1.0,1.0,1.0,1.0,1.0,1.0,1.0,1.0,1.0
594.0,1.0,16.98629804361304,15.80235727921158,19.14983934242165,20.491022980285944,18.93574503992001,18.696515569710748,19.924119430950704,19.54252503718653,18.700500498805578,18.604035164737798,1.0,1.0,1.0,1.0,1.0,1.0,1.0,1.0,1.0,1.0
594.25,2.0,0.0,0.0,0.0,0.0,0.0,0.0,0.0,0.0,0.0,0.0,0.0,0.0,0.0,0.0,0.0,0.0,0.0,0.0,0.0,0.0
594.5,3.0,20.103454535176986,19.040241102323883,19.285934832345216,18.027101391849232,17.63370989630289,17.97460039573266,17.914276182029834,18.30193438812273,18.144603920369395,16.367357083255634,1.0,1.0,1.0,1.0,1.0,1.0,1.0,1.0,1.0,1.0
594.75,4.0,18.024898590898253,19.75868573904395,17.314716993259,17.282394640175937,20.061458220209325,19.068970662266803,19.662637626517718,18.865136467868297,18.01835971809151,17.87344201117995,1.0,1.0,1.0,1.0,1.0,1.0,1.0,1.0,1.0,1.0
595.0,1.0,0.0,0.0,0.0,0.0,0.0,0.0,0.0,0.0,0.0,0.0,0.0,0.0,0.0,0.0,0.0,0.0,0.0,0.0,0.0,0.0
595.25,2.0,16.657486506979527,17.622404649033776,18.175012833438647,17.816914819577427,17.091907637619848,15.765965124117116,16.0720552663954,16.223499540377176,16.697390158187314,16.162742251170343,1.0,1.0,1.0,1.0,1.0,1.0,1.0,1.0,1.0,1.0
595.5,3.0,0.0,0.0,0.0,0.0,0.0,0.0,0.0,0.0,0.0,0.0,0.0,0.0,0.0,0.0,0.0,0.0,0.0,0.0,0.0,0.0
595.75,4.0,0.0,0.0,0.0,0.0,0.0,0.0,0.0,0.0,0.0,0.0,0.0,0.0,0.0,0.0,0.0,0.0,0.0,0.0,0.0,0.0
596.0,1.0,17.40221327234239,18.430917365739784,18.314323989626725,17.14468546499363,16.396875366047052,17.03082915166372,17.87934220875466,17.46353156051984,17.298076418867943,16.478868910944158,1.0,1.0,1.0,1.0,1.0,1.0,1.0,1.0,1.0,1.0
596.25,2.0,16.61802424350213,18.244270727185857,18.038663509633597,16.728803854034553,16.220490617973116,15.302764306418686,14.971451422654702,15.353572765556581,15.823191342035184,17.25299010560365,1.0,1.0,1.0,1.0,1.0,1.0,1.0,1.0,1.0,1.0
596.5,3.0,0.0,0.0,0.0,0.0,0.0,0.0,0.0,0.0,0.0,0.0,0.0,0.0,0.0,0.0,0.0,0.0,0.0,0.0,0.0,0.0
596.75,4.0,19.44504750958196,19.640271801801838,17.27612133326503,17.9337076291255,18.855665461928307,18.612441371658328,17.958704220092436,17.630712399984034,16.88525847451267,16.814457462724228,1.0,1.0,1.0,1.0,1.0,1.0,1.0,1.0,1.0,1.0
597.0,1.0,18.939754671900523,17.384401154855667,16.88588873272043,16.058045094119713,15.649419988870978,16.131591562114348,16.260727237288748,16.38904009646677,15.944169873164615,15.539970468735802,1.0,1.0,1.0,1.0,1.0,1.0,1.0,1.0,1.0,1.0
597.25,2.0,0.0,0.0,0.0,0.0,0.0,0.0,0.0,0.0,0.0,0.0,0.0,0.0,0.0,0.0,0.0,0.0,0.0,0.0,0.0,0.0
597.5,3.0,20.00557985211886,20.77587580738202,19.63502329935411,17.202930335598293,16.27837949723478,16.559828905231466,16.412613341883226,16.178822112021013,16.193545513581526,16.1202832576338,1.0,1.0,1.0,1.0,1.0,1.0,1.0,1.0,1.0,1.0
597.75,4.0,19.0600807107978,19.096317304036475,17.342455398268324,17.341224248990688,18.32824088704271,17.94621015052904,17.892925314761488,17.689649788644733,16.981544473882707,16.816232099020276,1.0,1.0,1.0,1.0,1.0,1.0,1.0,1.0,1.0,1.0
598.0,1.0,18.118908831787856,15.663439230879632,16.118646884492748,15.909966309453102,16.11654285898193,16.410395798218115,16.13942028062329,15.918337913804056,16.071191534254563,16.249631859425637,1.0,1.0,1.0,1.0,1.0,1.0,1.0,1.0,1.0,1.0
598.25,2.0,17.267321500662906,17.91863663563637,17.062956046761254,16.035122319489012,15.777116004225942,16.015410194914658,15.631413372680488,16.675548728039956,17.99959483812871,18.18515561619124,1.0,1.0,1.0,1.0,1.0,1.0,1.0,1.0,1.0,1.0
598.5,3.0,0.0,0.0,0.0,0.0,0.0,0.0,0.0,0.0,0.0,0.0,0.0,0.0,0.0,0.0,0.0,0.0,0.0,0.0,0.0,0.0
598.75,4.0,17.887024966208703,18.637556845796205,17.008839313383856,16.38179767367009,17.353831402878175,17.942132635443006,17.669609011966887,17.704520228971667,17.223509359523426,16.853902364538087,1.0,1.0,1.0,1.0,1.0,1.0,1.0,1.0,1.0,1.0
599.0,1.0,15.7338904554529,15.939199709917492,16.699553053431206,17.69186565630616,16.766651649671456,16.498151147293985,16.493790831581606,15.94534792756691,16.42995868958431,17.514868038856743,1.0,1.0,1.0,1.0,1.0,1.0,1.0,1.0,1.0,1.0
599.25,2.0,0.0,0.0,0.0,0.0,0.0,0.0,0.0,0.0,0.0,0.0,0.0,0.0,0.0,0.0,0.0,0.0,0.0,0.0,0.0,0.0
599.5,3.0,19.587257622256217,18.579375652023284,18.281526795962744,17.840352166990183,16.844645306908138,17.059344482539814,16.732674885965565,16.35066766950263,15.899777756946168,16.70902650417229,1.0,1.0,1.0,1.0,1.0,1.0,1.0,1.0,1.0,1.0
599.75,4.0,16.962900369363712,17.48068366593326,17.229758330235388,16.620509543159567,18.361363747042247,17.955818769810197,17.926952335158735,17.7436981821406,17.93989594407253,18.819594410312344,1.0,1.0,1.0,1.0,1.0,1.0,1.0,1.0,1.0,1.0
600.0,1.0,0.0,0.0,0.0,0.0,0.0,0.0,0.0,0.0,0.0,0.0,0.0,0.0,0.0,0.0,0.0,0.0,0.0,0.0,0.0,0.0
600.25,2.0,0.0,0.0,0.0,0.0,0.0,0.0,0.0,0.0,0.0,0.0,0.0,0.0,0.0,0.0,0.0,0.0,0.0,0.0,0.0,0.0
600.5,3.0,18.876624387046107,18.22010075352531,18.06113968136374,17.986622092423477,17.24304189315517,16.828526109287417,15.90030249198376,15.596868455628824,16.74403329858137,17.282480412314715,1.0,1.0,1.0,1.0,1.0,1.0,1.0,1.0,1.0,1.0
600.75,4.0,0.0,0.0,0.0,0.0,0.0,0.0,0.0,0.0,0.0,0.0,0.0,0.0,0.0,0.0,0.0,0.0,0.0,0.0,0.0,0.0
601.0,1.0,17.378282823558266,18.78587949244363,18.892185268826605,18.016716060154355,15.818888336965724,15.497953962315666,16.387513272606398,17.237376469088783,18.43510118653205,19.50759863888233,1.0,1.0,1.0,1.0,1.0,1.0,1.0,1.0,1.0,1.0
601.25,2.0,17.752421629186976,19.027132258002567,17.430776500073964,16.269814181998417,17.52719022013675,17.794420379670047,17.40805839415738,17.998476616738966,17.804127724876775,17.080724964043505,1.0,1.0,1.0,1.0,1.0,1.0,1.0,1.0,1.0,1.0
601.5,3.0,0.0,0.0,0.0,0.0,0.0,0.0,0.0,0.0,0.0,0.0,0.0,0.0,0.0,0.0,0.0,0.0,0.0,0.0,0.0,0.0
601.75,4.0,17.319701279717897,17.57822888618583,17.179296915872417,17.1298406764212,18.466926402456718,19.148573191478203,19.579772257382825,20.577990643457902,19.845568659595976,19.594303681091688,1.0,1.0,1.0,1.0,1.0,1.0,1.0,1.0,1.0,1.0
602.0,1.0,18.212809722866915,20.084553808274876,18.80862553153286,17.17565956116695,16.023868000814584,16.147490220160783,17.080916376072487,18.372004423390475,19.249225752056006,20.146722015173175,1.0,1.0,1.0,1.0,1.0,1.0,1.0,1.0,1.0,1.0
602.25,2.0,0.0,0.0,0.0,0.0,0.0,0.0,0.0,0.0,0.0,0.0,0.0,0.0,0.0,0.0,0.0,0.0,0.0,0.0,0.0,0.0
602.5,3.0,19.72212749001444,20.079289284461492,19.282363917845448,18.51841717656776,16.84177460775126,16.583193289135487,17.360546307902446,17.510368116533048,17.78036288995035,18.263719103596316,1.0,1.0,1.0,1.0,1.0,1.0,1.0,1.0,1.0,1.0
602.75,4.0,17.696073454852122,17.86064057441385,17.826102427704456,17.614344493006126,19.679209482165337,20.124401814359,20.208933700654597,19.84340574063589,19.08844770271587,18.34073421166795,1.0,1.0,1.0,1.0,1.0,1.0,1.0,1.0,1.0,1.0
603.0,1.0,0.0,0.0,0.0,0.0,0.0,0.0,0.0,0.0,0.0,0.0,0.0,0.0,0.0,0.0,0.0,0.0,0.0,0.0,0.0,0.0
603.25,2.0,17.68957550959125,16.496732482480674,16.11963810385521,16.406635021867178,18.216416451489483,18.81677779256506,18.924710518345606,19.241071239937384,18.564997990017922,17.974367276804355,1.0,1.0,1.0,1.0,1.0,1.0,1.0,1.0,1.0,1.0
603.5,3.0,0.0,0.0,0.0,0.0,0.0,0.0,0.0,0.0,0.0,0.0,0.0,0.0,0.0,0.0,0.0,0.0,0.0,0.0,0.0,0.0
603.75,4.0,0.0,0.0,0.0,0.0,0.0,0.0,0.0,0.0,0.0,0.0,0.0,0.0,0.0,0.0,0.0,0.0,0.0,0.0,0.0,0.0
604.0,1.0,18.657333030834582,18.26061458667934,18.288816786065382,17.042721014667794,16.334357734689963,17.1645113508663,18.404046335085322,19.093178081384053,20.951338957689003,21.28860581252617,1.0,1.0,1.0,1.0,1.0,1.0,1.0,1.0,1.0,1.0
604.25,2.0,17.035758133532177,15.78226027236873,14.944737976354693,15.052086338298611,18.43899153707289,19.14194131528474,19.730046398577734,19.136090297160283,19.28314148553051,18.18971817666037,1.0,1.0,1.0,1.0,1.0,1.0,1.0,1.0,1.0,1.0
604.5,3.0,0.0,0.0,0.0,0.0,0.0,0.0,0.0,0.0,0.0,0.0,0.0,0.0,0.0,0.0,0.0,0.0,0.0,0.0,0.0,0.0
604.75,4.0,18.390912791110885,17.246204421092305,18.062606074969786,18.425528104170617,20.091026203060252,19.924592588492732,20.682760366041837,19.854431884696293,19.479776210553972,19.756921654766174,1.0,1.0,1.0,1.0,1.0,1.0,1.0,1.0,1.0,1.0
605.0,1.0,18.34189849082855,17.521042306489214,17.76721041745167,16.466741964748792,16.26152276888809,17.411007838706155,18.756220047540676,20.050782813375793,21.196085189182394,21.51114157981692,1.0,1.0,1.0,1.0,1.0,1.0,1.0,1.0,1.0,1.0
605.25,2.0,0.0,0.0,0.0,0.0,0.0,0.0,0.0,0.0,0.0,0.0,0.0,0.0,0.0,0.0,0.0,0.0,0.0,0.0,0.0,0.0
605.5,3.0,19.84036269529117,19.069713291398838,18.686174578651173,18.123208590393027,17.147422594060544,18.148984830448335,18.065647941317284,17.889238746735778,18.465124260624588,17.957782067707072,1.0,1.0,1.0,1.0,1.0,1.0,1.0,1.0,1.0,1.0
605.75,4.0,18.271627857627617,18.071775759818685,18.444757286749272,20.21331090670037,20.479120177374366,19.697849066083243,21.06882333492072,20.384565120693345,19.39303463331666,19.08338510281164,1.0,1.0,1.0,1.0,1.0,1.0,1.0,1.0,1.0,1.0
606.0,1.0,17.427770646836112,18.76165170367844,18.319258016660932,17.962857328899087,17.797381016004746,18.909053373615297,20.09152509408635,21.257419484654143,21.825920500932916,21.85023896698432,1.0,1.0,1.0,1.0,1.0,1.0,1.0,1.0,1.0,1.0
606.25,2.0,17.21512317811412,15.084506404425465,15.608040654690164,16.49878622324763,16.884513171815403,18.150948182592394,17.885386526719373,19.096144254650117,19.007287985069294,17.774400582780686,1.0,1.0,1.0,1.0,1.0,1.0,1.0,1.0,1.0,1.0
606.5,3.0,0.0,0.0,0.0,0.0,0.0,0.0,0.0,0.0,0.0,0.0,0.0,0.0,0.0,0.0,0.0,0.0,0.0,0.0,0.0,0.0
606.75,4.0,18.013308970449465,17.901334163481966,19.37099821605653,20.61531508696097,19.66202441328833,18.74148242351577,20.074935790583424,19.698249678638213,18.48915143522724,18.961755158983543,1.0,1.0,1.0,1.0,1.0,1.0,1.0,1.0,1.0,1.0
607.0,1.0,17.842920343543298,20.09503529476875,19.569828875934324,18.927338086171208,19.494265719736607,20.230773258507618,21.298090057482813,21.709640519348543,21.77368433961079,22.10302302021925,1.0,1.0,1.0,1.0,1.0,1.0,1.0,1.0,1.0,1.0
607.25,2.0,0.0,0.0,0.0,0.0,0.0,0.0,0.0,0.0,0.0,0.0,0.0,0.0,0.0,0.0,0.0,0.0,0.0,0.0,0.0,0.0
607.5,3.0,19.282215237522063,17.776610201519787,17.21063365623513,17.853493512217852,18.203459367590014,18.44546036054911,18.992950056476218,18.636636342422122,19.20783556313142,18.865921664197508,1.0,1.0,1.0,1.0,1.0,1.0,1.0,1.0,1.0,1.0
607.75,4.0,17.6513966196071,18.972996800710188,19.825337394537893,19.124923889670175,18.460076440130976,18.407907233782332,18.765417072215637,19.10519380422596,18.28344067486264,18.311069015671183,1.0,1.0,1.0,1.0,1.0,1.0,1.0,1.0,1.0,1.0
608.0,1.0,0.0,0.0,0.0,0.0,0.0,0.0,0.0,0.0,0.0,0.0,0.0,0.0,0.0,0.0,0.0,0.0,0.0,0.0,0.0,0.0
608.25,2.0,0.0,0.0,0.0,0.0,0.0,0.0,0.0,0.0,0.0,0.0,0.0,0.0,0.0,0.0,0.0,0.0,0.0,0.0,0.0,0.0
608.5,3.0,18.676275028000774,17.014361461072426,17.271933037595495,16.734728939364636,17.183447802593356,18.670474841650098,19.232972363480027,20.15233584669109,20.370812649625126,19.573804254524333,1.0,1.0,1.0,1.0,1.0,1.0,1.0,1.0,1.0,1.0
608.75,4.0,0.0,0.0,0.0,0.0,0.0,0.0,0.0,0.0,0.0,0.0,0.0,0.0,0.0,0.0,0.0,0.0,0.0,0.0,0.0,0.0
609.0,1.0,19.99700160448327,20.704727177891613,20.26307736472922,21.01117628933018,20.757250379989863,20.811343282483232,22.581899934342836,22.500046644446684,22.30386435508119,21.534297651243687,1.0,1.0,1.0,1.0,1.0,1.0,1.0,1.0,1.0,1.0
609.25,2.0,16.98072094370194,15.851588393585955,14.848855044035131,15.550723000236227,17.222152935262685,18.250506615643626,17.806305395436446,18.014042123754827,17.666535234146924,16.338758744952496,1.0,1.0,1.0,1.0,1.0,1.0,1.0,1.0,1.0,1.0
609.5,3.0,0.0,0.0,0.0,0.0,0.0,0.0,0.0,0.0,0.0,0.0,0.0,0.0,0.0,0.0,0.0,0.0,0.0,0.0,0.0,0.0
609.75,4.0,19.27648731510811,19.174312232701507,18.02277214012463,18.053299912466873,17.884092563685666,17.50315537954517,17.71164687944025,18.65034003573772,19.135529369417068,19.25169683295809,1.0,1.0,1.0,1.0,1.0,1.0,1.0,1.0,1.0,1.0
610.0,1.0,19.495519379847366,20.078366550240556,21.462862311107894,20.631378626506642,20.721143850938585,20.295492267800352,21.926645357735,20.71291515162265,20.820820446653542,20.48081182784538,1.0,1.0,1.0,1.0,1.0,1.0,1.0,1.0,1.0,1.0
610.25,2.0,0.0,0.0,0.0,0.0,0.0,0.0,0.0,0.0,0.0,0.0,0.0,0.0,0.0,0.0,0.0,0.0,0.0,0.0,0.0,0.0
610.5,3.0,17.635995344689153,16.51215186065638,16.50141256466003,19.19336823614216,20.42407385971727,20.380839356595907,19.373290671647826,17.987434615811814,18.696494752814484,16.80971811368202,1.0,1.0,1.0,1.0,1.0,1.0,1.0,1.0,1.0,1.0
610.75,4.0,19.824750122755095,17.915434005013623,17.47673702846964,17.86270992021441,19.068733223511757,18.588973027131964,18.932836103149477,19.77718114752661,19.765145225477053,20.028034524687598,1.0,1.0,1.0,1.0,1.0,1.0,1.0,1.0,1.0,1.0
611.0,1.0,0.0,0.0,0.0,0.0,0.0,0.0,0.0,0.0,0.0,0.0,0.0,0.0,0.0,0.0,0.0,0.0,0.0,0.0,0.0,0.0
611.25,2.0,16.75200272377243,17.510255325550084,16.143557756754056,16.345038537762914,17.09236864087513,18.177430362576338,16.966571597777566,16.938541237135343,17.064042153615503,15.785314652445358,1.0,1.0,1.0,1.0,1.0,1.0,1.0,1.0,1.0,1.0
611.5,3.0,0.0,0.0,0.0,0.0,0.0,0.0,0.0,0.0,0.0,0.0,0.0,0.0,0.0,0.0,0.0,0.0,0.0,0.0,0.0,0.0
611.75,4.0,0.0,0.0,0.0,0.0,0.0,0.0,0.0,0.0,0.0,0.0,0.0,0.0,0.0,0.0,0.0,0.0,0.0,0.0,0.0,0.0
612.0,1.0,21.388104722862842,22.378183422288433,21.120601787857,19.70158950428105,19.89512290998189,19.4544000012299,19.437886635481366,18.75541745665067,18.740970876827173,18.67656035756247,1.0,1.0,1.0,1.0,1.0,1.0,1.0,1.0,1.0,1.0
612.25,2.0,17.149401461683922,17.344305630033816,16.81753912766238,18.28143717227005,17.868945449811605,17.334698958229385,16.678986422004048,16.64720417149972,16.382688025262688,15.373750086160305,1.0,1.0,1.0,1.0,1.0,1.0,1.0,1.0,1.0,1.0
612.5,3.0,17.18816231132431,16.171158489620524,17.57612079295957,19.215187653721696,19.163007499837295,18.675994330017392,18.15820837643389,15.978518198343348,15.44022852511984,13.546088562205572,1.0,1.0,1.0,1.0,1.0,1.0,1.0,1.0,1.0,1.0
612.75,4.0,17.935810873841366,18.505159038231362,17.76145498447981,18.614084366953026,18.804952241400812,19.62036156153089,20.982550045008555,21.510439117820766,21.335358476561993,22.233737852782536,1.0,1.0,1.0,1.0,1.0,1.0,1.0,1.0,1.0,1.0
613.0,1.0,23.13162713491613,21.86998853833915,20.561581742369256,20.04906936627159,18.886813463683165,18.92974205406494,18.7820756815298,18.494810062344456,18.283236771104804,18.19263929071031,1.0,1.0,1.0,1.0,1.0,1.0,1.0,1.0,1.0,1.0
613.25,2.0,0.0,0.0,0.0,0.0,0.0,0.0,0.0,0.0,0.0,0.0,0.0,0.0,0.0,0.0,0.0,0.0,0.0,0.0,0.0,0.0
613.5,3.0,18.173483897243955,17.14447416958592,18.66709086391464,20.090356248423497,19.882238989880456,18.462155073499083,16.994993123987005,14.9703875958098,15.055774212337786,14.11635299951379,1.0,1.0,1.0,1.0,1.0,1.0,1.0,1.0,1.0,1.0
613.75,4.0,18.195738083440798,19.47546757196458,19.04414987346008,19.80410259221342,19.932541873586644,20.109909496699768,21.48074747087591,21.783518747314492,22.333207889231744,24.094799532504876,1.0,1.0,1.0,1.0,1.0,1.0,1.0,1.0,1.0,1.0
614.0,1.0,22.135929577391288,20.021985800259664,19.617595038728084,19.296508055496997,18.187230666446187,18.63731001498673,19.04584529715453,18.822428531517986,18.811590375258348,18.987699215140395,1.0,1.0,1.0,1.0,1.0,1.0,1.0,1.0,1.0,1.0
614.25,2.0,17.021324477269495,16.756863891350815,16.76761349375846,17.070232484536305,16.059468541357028,16.03843178712238,15.955177127562036,16.144927732042717,15.703968653809047,14.432910641488949,1.0,1.0,1.0,1.0,1.0,1.0,1.0,1.0,1.0,1.0
614.5,3.0,0.0,0.0,0.0,0.0,0.0,0.0,0.0,0.0,0.0,0.0,0.0,0.0,0.0,0.0,0.0,0.0,0.0,0.0,0.0,0.0
614.75,4.0,18.567345308150042,20.81639079280384,20.77625484719614,20.68049375771344,20.650392529272857,20.716693509726245,21.86937836192917,23.299515128767908,23.682014421721565,24.649357231713054,1.0,1.0,1.0,1.0,1.0,1.0,1.0,1.0,1.0,1.0
615.0,1.0,20.73665340497189,20.389044727227084,20.86655002985668,21.02213016353807,19.321830036859073,19.83148332023849,19.62961097930059,19.254517862439958,18.85106611860841,18.927471740436417,1.0,1.0,1.0,1.0,1.0,1.0,1.0,1.0,1.0,1.0
615.25,2.0,0.0,0.0,0.0,0.0,0.0,0.0,0.0,0.0,0.0,0.0,0.0,0.0,0.0,0.0,0.0,0.0,0.0,0.0,0.0,0.0
615.5,3.0,17.398878880227063,17.092077016453754,16.955059931401195,17.702615595066916,16.15905315093392,16.4420064855239,15.770846837890263,15.902279658840763,16.13255975622746,14.879128511925558,1.0,1.0,1.0,1.0,1.0,1.0,1.0,1.0,1.0,1.0
615.75,4.0,20.67657787601221,21.74973325968588,21.81782686008113,21.524199391460712,21.997142492631895,21.773180802830744,23.55452288584972,24.385644169989266,24.461133994487465,25.07357753796654,1.0,1.0,1.0,1.0,1.0,1.0,1.0,1.0,1.0,1.0
616.0,1.0,0.0,0.0,0.0,0.0,0.0,0.0,0.0,0.0,0.0,0.0,0.0,0.0,0.0,0.0,0.0,0.0,0.0,0.0,0.0,0.0
616.25,2.0,17.78565139578984,17.33390744180076,15.442907395872735,16.074167405131526,14.252275791671611,14.415374917229236,13.579345174126406,13.8032388699029,13.698626522046633,14.099470277683494,1.0,1.0,1.0,1.0,1.0,1.0,1.0,1.0,1.0,1.0
616.5,3.0,17.95969186426429,16.95347005729144,16.812879382360485,15.630568725284615,16.243985896880403,16.898218299320703,16.684024168002797,16.31820604270252,15.413220396510196,15.077834100902852,1.0,1.0,1.0,1.0,1.0,1.0,1.0,1.0,1.0,1.0
616.75,4.0,0.0,0.0,0.0,0.0,0.0,0.0,0.0,0.0,0.0,0.0,0.0,0.0,0.0,0.0,0.0,0.0,0.0,0.0,0.0,0.0
617.0,1.0,19.466596245959963,19.884719197287115,19.86666411867726,19.905349644086147,19.51352716376932,20.138219154425595,18.866846681201846,18.35494292595478,18.16622981663164,19.539708487200752,1.0,1.0,1.0,1.0,1.0,1.0,1.0,1.0,1.0,1.0
617.25,2.0,17.35903740836578,16.127224617440948,13.896088797454581,15.346236028135726,14.07283674688776,14.096131932403555,13.436156061628422,13.974524941582237,14.124761048977023,14.308326375386958,1.0,1.0,1.0,1.0,1.0,1.0,1.0,1.0,1.0,1.0
617.5,3.0,0.0,0.0,0.0,0.0,0.0,0.0,0.0,0.0,0.0,0.0,0.0,0.0,0.0,0.0,0.0,0.0,0.0,0.0,0.0,0.0
617.75,4.0,22.774047521706407,24.434457502941548,22.025654682856295,23.518135615391962,23.176894082824173,23.397852011298042,24.836667656839037,24.031907651057804,23.085026880394768,22.555608283167206,1.0,1.0,1.0,1.0,1.0,1.0,1.0,1.0,1.0,1.0
618.0,1.0,19.589854232113975,20.38314952378666,20.259654413295145,19.932361937417124,19.67302042682759,19.33989769490108,18.5154650216592,18.983851463587385,18.731637215160198,19.103372787027087,1.0,1.0,1.0,1.0,1.0,1.0,1.0,1.0,1.0,1.0
618.25,2.0,0.0,0.0,0.0,0.0,0.0,0.0,0.0,0.0,0.0,0.0,0.0,0.0,0.0,0.0,0.0,0.0,0.0,0.0,0.0,0.0
618.5,3.0,17.033039400368335,16.76364456315565,15.867727203356198,15.861716529819486,15.618419971260328,15.540207024863559,15.117536607492884,15.861420685416842,16.878404193627144,17.245782829811702,1.0,1.0,1.0,1.0,1.0,1.0,1.0,1.0,1.0,1.0
618.75,4.0,23.12969133642783,23.600417148844766,22.7493702467127,22.502714637459743,23.292959377661205,23.071472127711083,23.221006450565707,22.822756092973222,22.645940779476255,22.03520249005663,1.0,1.0,1.0,1.0,1.0,1.0,1.0,1.0,1.0,1.0
619.0,1.0,19.76540277354545,20.20735079857618,20.42368602486466,20.40334760252692,19.883230808673172,19.988047008145237,18.53835306776143,18.075614606730916,16.979714016409147,17.140004910558492,1.0,1.0,1.0,1.0,1.0,1.0,1.0,1.0,1.0,1.0
619.25,2.0,16.895869351763693,16.359532713057487,14.160301781216429,14.667397571777247,13.066537089032604,13.01417064799047,12.850404225693957,13.613327795022826,13.76403588177569,14.230272509654954,1.0,1.0,1.0,1.0,1.0,1.0,1.0,1.0,1.0,1.0
619.5,3.0,0.0,0.0,0.0,0.0,0.0,0.0,0.0,0.0,0.0,0.0,0.0,0.0,0.0,0.0,0.0,0.0,0.0,0.0,0.0,0.0
619.75,4.0,0.0,0.0,0.0,0.0,0.0,0.0,0.0,0.0,0.0,0.0,0.0,0.0,0.0,0.0,0.0,0.0,0.0,0.0,0.0,0.0
620.0,1.0,19.543810128806392,20.410390639578154,20.602651562172515,21.073774390491433,18.783785222785248,17.995104439867113,16.91144849922537,16.622384414693677,15.984570062655347,16.286293746882578,1.0,1.0,1.0,1.0,1.0,1.0,1.0,1.0,1.0,1.0
620.25,2.0,16.449533353642728,14.942137755573691,14.882866826153924,13.865292552787016,13.749344366569959,13.64409042531629,14.359450289475435,13.805159987802737,14.719537655598394,15.054483888154268,1.0,1.0,1.0,1.0,1.0,1.0,1.0,1.0,1.0,1.0
620.5,3.0,18.222649896444768,17.24546111552074,17.28568483381433,17.220758814021742,16.96453965819031,16.63932948772215,16.253244624967472,16.236304690055736,15.95119839297346,16.443856030851876,1.0,1.0,1.0,1.0,1.0,1.0,1.0,1.0,1.0,1.0
620.75,4.0,20.792825384771106,23.043515807025408,21.726396968802934,22.47292857295239,21.87504784700943,21.66327324585616,21.815463684805774,21.963234760148087,22.092132047054076,22.562934584805074,1.0,1.0,1.0,1.0,1.0,1.0,1.0,1.0,1.0,1.0
621.0,1.0,0.0,0.0,0.0,0.0,0.0,0.0,0.0,0.0,0.0,0.0,0.0,0.0,0.0,0.0,0.0,0.0,0.0,0.0,0.0,0.0
621.25,2.0,0.0,0.0,0.0,0.0,0.0,0.0,0.0,0.0,0.0,0.0,0.0,0.0,0.0,0.0,0.0,0.0,0.0,0.0,0.0,0.0
621.5,3.0,18.607233785888184,16.75829609910198,18.229853010791384,17.51119852934372,16.523931070799023,16.334450008140596,15.492121261062257,15.60115279637323,16.356470422787655,17.01480074910583,1.0,1.0,1.0,1.0,1.0,1.0,1.0,1.0,1.0,1.0
621.75,4.0,20.597329027647064,23.09102818526713,21.102047914876053,21.513504047154374,21.76631924266965,21.18688964135299,21.545604567970294,21.37395901959163,20.975508193097745,21.35470738865241,1.0,1.0,1.0,1.0,1.0,1.0,1.0,1.0,1.0,1.0
622.0,1.0,20.7688773179095,20.698896835721317,19.98041999375228,19.505822240284562,17.543651441521266,16.989982386712096,16.370314243280347,15.918403382319962,16.70203430631777,17.385503472569564,1.0,1.0,1.0,1.0,1.0,1.0,1.0,1.0,1.0,1.0
622.25,2.0,14.63195759245579,14.917241878051598,14.983106424227044,14.477787435049542,14.651940722388979,13.851062585127371,13.26521389761688,12.585198030067922,13.247467595118572,14.419058484393766,1.0,1.0,1.0,1.0,1.0,1.0,1.0,1.0,1.0,1.0
622.5,3.0,0.0,0.0,0.0,0.0,0.0,0.0,0.0,0.0,0.0,0.0,0.0,0.0,0.0,0.0,0.0,0.0,0.0,0.0,0.0,0.0
622.75,4.0,20.672015846410737,22.38264702484809,20.720930186951293,21.949562673234443,21.572322972166848,21.04766360955269,21.156489935551956,20.27081385275164,19.783084570933678,19.833890827208627,1.0,1.0,1.0,1.0,1.0,1.0,1.0,1.0,1.0,1.0
623.0,1.0,20.72970859794832,19.90325309243995,18.249111644581674,18.04162394646313,17.287379876884433,17.844361558095795,17.239817711835947,16.895633479400686,17.358624461661297,17.358380473711875,1.0,1.0,1.0,1.0,1.0,1.0,1.0,1.0,1.0,1.0
623.25,2.0,0.0,0.0,0.0,0.0,0.0,0.0,0.0,0.0,0.0,0.0,0.0,0.0,0.0,0.0,0.0,0.0,0.0,0.0,0.0,0.0
623.5,3.0,18.06223462634129,17.83533346171151,18.381883501685014,18.528657620266657,18.870891758735485,18.38808555827873,19.021449845010125,18.003402003194353,18.322082530391917,17.82458891311054,1.0,1.0,1.0,1.0,1.0,1.0,1.0,1.0,1.0,1.0
623.75,4.0,19.8909307584378,20.758049883339492,20.345952446496227,21.568471712081404,20.764951511166913,19.80870562333391,19.706826486713457,19.12553311394597,18.146709046789983,18.086749191420306,1.0,1.0,1.0,1.0,1.0,1.0,1.0,1.0,1.0,1.0
624.0,1.0,0.0,0.0,0.0,0.0,0.0,0.0,0.0,0.0,0.0,0.0,0.0,0.0,0.0,0.0,0.0,0.0,0.0,0.0,0.0,0.0
624.25,2.0,16.59833841681567,16.03815413065255,15.909800224625673,15.278486404656306,14.284137840401751,14.461858497156637,15.0073879614252,14.784842161785743,15.072450515351234,14.648450453386618,1.0,1.0,1.0,1.0,1.0,1.0,1.0,1.0,1.0,1.0
624.5,3.0,18.831889949716366,18.29215381247083,18.297328031913683,17.978430885001366,18.75818320472924,18.67605483215069,19.44491217256174,18.863026038279834,19.230491702323537,18.474954682494907,1.0,1.0,1.0,1.0,1.0,1.0,1.0,1.0,1.0,1.0
624.75,4.0,0.0,0.0,0.0,0.0,0.0,0.0,0.0,0.0,0.0,0.0,0.0,0.0,0.0,0.0,0.0,0.0,0.0,0.0,0.0,0.0
625.0,1.0,18.494696118935956,17.51860036676095,18.31710381237774,17.350499420851914,16.669266708627507,16.927377267545126,16.052594420508154,15.726162549246698,15.198724739932533,15.463037725069908,1.0,1.0,1.0,1.0,1.0,1.0,1.0,1.0,1.0,1.0
625.25,2.0,16.41091085777274,16.112893422196468,16.467175812254425,15.81286430329768,14.61631778092369,15.656403289149573,16.507353505314875,16.123736880266794,15.767261042034706,15.269456926508168,1.0,1.0,1.0,1.0,1.0,1.0,1.0,1.0,1.0,1.0
625.5,3.0,0.0,0.0,0.0,0.0,0.0,0.0,0.0,0.0,0.0,0.0,0.0,0.0,0.0,0.0,0.0,0.0,0.0,0.0,0.0,0.0
625.75,4.0,18.596186116511788,19.42186866821871,18.135779073280514,19.328977269345604,18.851067464448604,18.856205116331545,20.441121613602142,20.234651922122314,19.62844675285784,18.79753740514519,1.0,1.0,1.0,1.0,1.0,1.0,1.0,1.0,1.0,1.0
626.0,1.0,18.761577469871103,17.21153244514508,18.301414139080187,18.712454299572038,16.090051083796958,15.96292528542964,15.88966971652327,15.568574126741584,15.070261766203886,15.24622038818885,1.0,1.0,1.0,1.0,1.0,1.0,1.0,1.0,1.0,1.0
626.25,2.0,0.0,0.0,0.0,0.0,0.0,0.0,0.0,0.0,0.0,0.0,0.0,0.0,0.0,0.0,0.0,0.0,0.0,0.0,0.0,0.0
626.5,3.0,19.607523151384186,18.94273723469148,19.98749613396593,19.56958881880128,18.524699505249036,17.858652446513403,18.23144533637705,18.528406725585143,18.707850733165966,19.210033695234074,1.0,1.0,1.0,1.0,1.0,1.0,1.0,1.0,1.0,1.0
626.75,4.0,19.16358848980397,19.13694333947547,17.85764623205141,18.863991421164023,20.134711773840998,19.536344121952826,20.590988396663096,19.139162310796657,19.633255347889943,18.85846197530437,1.0,1.0,1.0,1.0,1.0,1.0,1.0,1.0,1.0,1.0
627.0,1.0,17.45909664970076,16.69913449415727,19.101247262488695,18.670680832712303,15.039688299669413,15.405117473487271,14.749529841116733,14.925463331619731,13.837494759195481,13.827107332346376,1.0,1.0,1.0,1.0,1.0,1.0,1.0,1.0,1.0,1.0
627.25,2.0,17.796279443525258,17.19136576474698,16.05539554423658,15.6182858209661,17.26739099987799,18.0687980419304,18.56360814828976,17.485015905879003,16.461853529566522,16.046175780403118,1.0,1.0,1.0,1.0,1.0,1.0,1.0,1.0,1.0,1.0
627.5,3.0,0.0,0.0,0.0,0.0,0.0,0.0,0.0,0.0,0.0,0.0,0.0,0.0,0.0,0.0,0.0,0.0,0.0,0.0,0.0,0.0
627.75,4.0,18.68949406751882,18.519416074497503,19.063092883671448,19.753344636709592,20.602734132859784,20.138731558673438,20.765473134320157,19.56686072054866,19.474804101629246,19.902150690228435,1.0,1.0,1.0,1.0,1.0,1.0,1.0,1.0,1.0,1.0
628.0,1.0,17.084996536529584,17.123628337770548,19.23432130805908,17.3502358970244,14.968131553744966,16.00606229478878,14.250247625846717,14.343027392190628,13.666526712836628,12.993850039810974,1.0,1.0,1.0,1.0,1.0,1.0,1.0,1.0,1.0,1.0
628.25,2.0,18.419394699371065,16.756127120741354,16.775651115480454,17.437763512538158,17.924167414368917,18.30878497526358,18.369446443596964,18.057407883467157,17.137155829609082,16.464139222785114,1.0,1.0,1.0,1.0,1.0,1.0,1.0,1.0,1.0,1.0
628.5,3.0,19.212735540681617,19.196944432776924,19.547977522595218,17.711746993470918,18.19968049470073,18.924420103817816,19.264557097577917,18.769948395421768,18.363466383941876,18.79671192730111,1.0,1.0,1.0,1.0,1.0,1.0,1.0,1.0,1.0,1.0
628.75,4.0,18.482315868129344,18.439697759505705,19.79349371673116,20.296232488795802,21.258411530624066,19.936259111108846,19.646768822702796,19.81451058003138,19.34211069058629,20.212505310239294,1.0,1.0,1.0,1.0,1.0,1.0,1.0,1.0,1.0,1.0
629.0,1.0,0.0,0.0,0.0,0.0,0.0,0.0,0.0,0.0,0.0,0.0,0.0,0.0,0.0,0.0,0.0,0.0,0.0,0.0,0.0,0.0
629.25,2.0,0.0,0.0,0.0,0.0,0.0,0.0,0.0,0.0,0.0,0.0,0.0,0.0,0.0,0.0,0.0,0.0,0.0,0.0,0.0,0.0
629.5,3.0,20.75856576932411,20.191271416436162,18.931528442541346,18.92940276600534,18.730772786236994,18.70199188656338,19.542367834638885,18.471576672078495,18.428015308419106,18.745819866424057,1.0,1.0,1.0,1.0,1.0,1.0,1.0,1.0,1.0,1.0
629.75,4.0,0.0,0.0,0.0,0.0,0.0,0.0,0.0,0.0,0.0,0.0,0.0,0.0,0.0,0.0,0.0,0.0,0.0,0.0,0.0,0.0
630.0,1.0,18.843272579966044,18.21970362318941,18.010999373511062,16.82520161654162,15.892491505466,16.344672890581673,15.382351733749786,15.538435325721984,15.03058110504722,13.817340967956065,1.0,1.0,1.0,1.0,1.0,1.0,1.0,1.0,1.0,1.0
630.25,2.0,18.684533674024603,17.078939154312135,19.615222903327027,19.737388770881672,17.495602052911583,17.602152576726027,17.53581117137397,17.302204371514204,17.779390865246302,16.852701855438955,1.0,1.0,1.0,1.0,1.0,1.0,1.0,1.0,1.0,1.0
630.5,3.0,0.0,0.0,0.0,0.0,0.0,0.0,0.0,0.0,0.0,0.0,0.0,0.0,0.0,0.0,0.0,0.0,0.0,0.0,0.0,0.0
630.75,4.0,19.019411886213828,18.800001230678554,18.497233915785653,18.140544052205467,17.8989180049853,18.097278974119103,18.81492140056447,19.62160324176873,18.968709339083226,19.197532503967103,1.0,1.0,1.0,1.0,1.0,1.0,1.0,1.0,1.0,1.0
631.0,1.0,18.675107434736763,18.925115547117986,17.584178317130757,15.780951764429577,15.746140336554976,16.02269785098809,15.247950018542422,16.037352891997223,16.38684330740419,15.012342494183315,1.0,1.0,1.0,1.0,1.0,1.0,1.0,1.0,1.0,1.0
631.25,2.0,0.0,0.0,0.0,0.0,0.0,0.0,0.0,0.0,0.0,0.0,0.0,0.0,0.0,0.0,0.0,0.0,0.0,0.0,0.0,0.0
631.5,3.0,20.47146209759923,19.790551329943316,19.4671209920873,20.9452661618551,19.110909617882335,16.93842128811694,17.851588321841945,17.971852606818526,18.42582781475877,16.90908102762036,1.0,1.0,1.0,1.0,1.0,1.0,1.0,1.0,1.0,1.0
631.75,4.0,19.327693244501063,18.4345581180527,18.273615996474405,17.960814507222818,18.038586445667264,17.41879729700856,17.906374277582838,18.838163914547778,18.40570643592426,18.583642182006987,1.0,1.0,1.0,1.0,1.0,1.0,1.0,1.0,1.0,1.0
632.0,1.0,0.0,0.0,0.0,0.0,0.0,0.0,0.0,0.0,0.0,0.0,0.0,0.0,0.0,0.0,0.0,0.0,0.0,0.0,0.0,0.0
632.25,2.0,18.5063662327334,18.638351488808073,17.76170091126178,17.117866311512717,16.06880466300182,16.71673401316445,17.841037530254816,16.993091517244046,17.96858833015694,17.97493658691974,1.0,1.0,1.0,1.0,1.0,1.0,1.0,1.0,1.0,1.0
632.5,3.0,0.0,0.0,0.0,0.0,0.0,0.0,0.0,0.0,0.0,0.0,0.0,0.0,0.0,0.0,0.0,0.0,0.0,0.0,0.0,0.0
632.75,4.0,0.0,0.0,0.0,0.0,0.0,0.0,0.0,0.0,0.0,0.0,0.0,0.0,0.0,0.0,0.0,0.0,0.0,0.0,0.0,0.0
633.0,1.0,20.099791409326365,20.04669372514978,18.82513072346889,16.88893658343074,16.00336728116637,15.225386325389202,15.391364802988155,15.381123515966133,14.8727427656589,14.206715212398542,1.0,1.0,1.0,1.0,1.0,1.0,1.0,1.0,1.0,1.0
633.25,2.0,18.170842957708004,18.710427733193395,17.297633110850164,17.421106863814074,16.38795309783662,16.36284812992629,17.010687213043752,17.269994208644587,17.956126042828643,18.3237785861437,1.0,1.0,1.0,1.0,1.0,1.0,1.0,1.0,1.0,1.0
633.5,3.0,0.0,0.0,0.0,0.0,0.0,0.0,0.0,0.0,0.0,0.0,0.0,0.0,0.0,0.0,0.0,0.0,0.0,0.0,0.0,0.0
633.75,4.0,19.190842633553544,18.897545967602213,18.60420692520923,17.37812599398812,17.692445924031023,18.495844380212688,18.81715816088754,19.017019221798833,20.021615690143467,19.517213750769482,1.0,1.0,1.0,1.0,1.0,1.0,1.0,1.0,1.0,1.0
634.0,1.0,20.065246015960398,19.99571569751733,19.170370452324153,16.90482329148242,17.325421871334683,15.959211675876016,16.092400774975058,15.843864080991311,14.592226563852943,14.970801204826866,1.0,1.0,1.0,1.0,1.0,1.0,1.0,1.0,1.0,1.0
634.25,2.0,0.0,0.0,0.0,0.0,0.0,0.0,0.0,0.0,0.0,0.0,0.0,0.0,0.0,0.0,0.0,0.0,0.0,0.0,0.0,0.0
634.5,3.0,18.396511193673287,19.518794729721964,19.693942364894653,19.180938014229287,18.49245856581311,16.94937377822714,16.77810614056712,16.689032309676733,16.40356804794445,15.990110427131638,1.0,1.0,1.0,1.0,1.0,1.0,1.0,1.0,1.0,1.0
634.75,4.0,18.605838845765703,19.872795441103925,17.81958237642239,17.1922586617067,18.41197327031176,18.910586942133204,19.45333508582686,18.97459347443007,18.77717225152421,19.030576418011403,1.0,1.0,1.0,1.0,1.0,1.0,1.0,1.0,1.0,1.0
635.0,1.0,20.46434672325046,19.534198654214897,18.679115599790535,17.3346506377106,17.202479502667344,15.018461522751803,15.140938710626425,14.85286087064012,14.508418509692246,14.381826471919936,1.0,1.0,1.0,1.0,1.0,1.0,1.0,1.0,1.0,1.0
635.25,2.0,18.84145642259599,18.823038879921512,18.700992299695496,19.528465070957388,19.36659032291276,20.055801084802862,20.08098139359758,19.41977539251784,18.72773583527002,18.521385331160126,1.0,1.0,1.0,1.0,1.0,1.0,1.0,1.0,1.0,1.0
635.5,3.0,0.0,0.0,0.0,0.0,0.0,0.0,0.0,0.0,0.0,0.0,0.0,0.0,0.0,0.0,0.0,0.0,0.0,0.0,0.0,0.0
635.75,4.0,18.80225517352817,20.045622526746275,18.617717518089037,18.685256537358587,19.235070356985393,19.272205479163397,19.189237917304062,18.82338278977926,19.213855642563292,19.237855702729632,1.0,1.0,1.0,1.0,1.0,1.0,1.0,1.0,1.0,1.0
636.0,1.0,20.774071216384336,18.16512651767239,18.427953367787815,16.78118164543189,16.095157616873383,15.151634260406,15.59803451400382,15.332070865581853,15.748046951889064,15.397466521967445,1.0,1.0,1.0,1.0,1.0,1.0,1.0,1.0,1.0,1.0
636.25,2.0,0.0,0.0,0.0,0.0,0.0,0.0,0.0,0.0,0.0,0.0,0.0,0.0,0.0,0.0,0.0,0.0,0.0,0.0,0.0,0.0
636.5,3.0,18.1510814090247,17.458290811749187,18.45486157664977,18.227415351849167,18.573572552850703,17.87748740223029,17.901337905502185,18.176882135525076,17.06457524572543,18.04613529497233,1.0,1.0,1.0,1.0,1.0,1.0,1.0,1.0,1.0,1.0
636.75,4.0,18.86728754054391,18.38198949208391,18.60698808009729,18.547618541917824,19.22386644131916,18.816616910864557,18.663813338755393,17.857150338158757,19.260212141130257,19.334282393643495,1.0,1.0,1.0,1.0,1.0,1.0,1.0,1.0,1.0,1.0
637.0,1.0,0.0,0.0,0.0,0.0,0.0,0.0,0.0,0.0,0.0,0.0,0.0,0.0,0.0,0.0,0.0,0.0,0.0,0.0,0.0,0.0
637.25,2.0,0.0,0.0,0.0,0.0,0.0,0.0,0.0,0.0,0.0,0.0,0.0,0.0,0.0,0.0,0.0,0.0,0.0,0.0,0.0,0.0
637.5,3.0,16.611387782133747,17.231547542721675,18.062191524741895,18.918313325311654,17.51750372994378,16.60418778562961,16.993899147244115,16.738583835640096,16.50965549801944,17.42023071013871,1.0,1.0,1.0,1.0,1.0,1.0,1.0,1.0,1.0,1.0
637.75,4.0,0.0,0.0,0.0,0.0,0.0,0.0,0.0,0.0,0.0,0.0,0.0,0.0,0.0,0.0,0.0,0.0,0.0,0.0,0.0,0.0
638.0,1.0,18.676669298760153,16.613829114926887,16.84461413222714,16.967887897831027,16.01966947901614,14.591381659450454,15.311920446581945,15.459908180772118,15.838283527223481,15.986214880872993,1.0,1.0,1.0,1.0,1.0,1.0,1.0,1.0,1.0,1.0
638.25,2.0,17.59047339241881,19.58017365393978,20.909757602055258,21.96504424167416,20.845182794458157,20.427627400362233,18.988302866841227,18.423504048500238,17.67248896927673,17.72800191415419,1.0,1.0,1.0,1.0,1.0,1.0,1.0,1.0,1.0,1.0
638.5,3.0,0.0,0.0,0.0,0.0,0.0,0.0,0.0,0.0,0.0,0.0,0.0,0.0,0.0,0.0,0.0,0.0,0.0,0.0,0.0,0.0
638.75,4.0,16.83365387139525,17.620072517408996,16.713565347332125,16.091183276819944,16.697088266732127,17.579449769028237,17.177457468358437,18.27773003782154,18.0429250427908,18.5426547426104,1.0,1.0,1.0,1.0,1.0,1.0,1.0,1.0,1.0,1.0
639.0,1.0,16.974244552045835,16.291338038567442,17.2277691795373,17.14169851743583,15.221660583297213,15.44845460835596,15.559091772304567,15.839066926191606,15.81589514292595,16.189081208076463,1.0,1.0,1.0,1.0,1.0,1.0,1.0,1.0,1.0,1.0
639.25,2.0,0.0,0.0,0.0,0.0,0.0,0.0,0.0,0.0,0.0,0.0,0.0,0.0,0.0,0.0,0.0,0.0,0.0,0.0,0.0,0.0
639.5,3.0,16.35731452221714,16.099357967014416,15.759198224979032,16.1954454337481,16.54639257987345,16.763393684276,17.64437490443089,16.49089915708467,16.03902629077596,15.300298795630175,1.0,1.0,1.0,1.0,1.0,1.0,1.0,1.0,1.0,1.0
639.75,4.0,16.347795694164148,17.364366046751726,16.5749914466324,15.648545296232223,17.01380246921376,17.305550746247388,17.02524079455116,18.02760528429784,18.026648104868563,18.89361863770854,1.0,1.0,1.0,1.0,1.0,1.0,1.0,1.0,1.0,1.0
640.0,1.0,0.0,0.0,0.0,0.0,0.0,0.0,0.0,0.0,0.0,0.0,0.0,0.0,0.0,0.0,0.0,0.0,0.0,0.0,0.0,0.0
640.25,2.0,18.682996278944906,20.170798986617196,19.752429533925064,20.22057226146482,20.181950325157445,19.36859644291381,18.960770342077023,18.650653569657738,17.715450239076972,17.399659953583193,1.0,1.0,1.0,1.0,1.0,1.0,1.0,1.0,1.0,1.0
640.5,3.0,0.0,0.0,0.0,0.0,0.0,0.0,0.0,0.0,0.0,0.0,0.0,0.0,0.0,0.0,0.0,0.0,0.0,0.0,0.0,0.0
640.75,4.0,0.0,0.0,0.0,0.0,0.0,0.0,0.0,0.0,0.0,0.0,0.0,0.0,0.0,0.0,0.0,0.0,0.0,0.0,0.0,0.0
641.0,1.0,16.354781350398483,16.164376773709574,17.006091149777927,17.696363476497165,16.98493202836079,16.200582879162667,15.707673751299012,14.947770835383059,14.219020783108382,14.210310017172977,1.0,1.0,1.0,1.0,1.0,1.0,1.0,1.0,1.0,1.0
641.25,2.0,18.17941912318443,20.346352908852285,19.813152412623047,19.954585863245313,19.795690573181894,19.069387875232078,18.42593742898247,18.818387929098186,17.202884088026646,17.053394823548807,1.0,1.0,1.0,1.0,1.0,1.0,1.0,1.0,1.0,1.0
641.5,3.0,0.0,0.0,0.0,0.0,0.0,0.0,0.0,0.0,0.0,0.0,0.0,0.0,0.0,0.0,0.0,0.0,0.0,0.0,0.0,0.0
641.75,4.0,15.827744591654618,16.299458582695443,16.37088549007263,16.832795312184192,17.151018811636682,16.34526120112451,17.05971763405046,17.326509114800743,17.33123716166782,17.264022495348037,1.0,1.0,1.0,1.0,1.0,1.0,1.0,1.0,1.0,1.0
642.0,1.0,16.347769401735466,15.623798510994728,16.61269930071815,16.957995996754466,17.014158253185926,14.938041400135791,15.194283476866046,14.462018921239189,14.45398086388771,15.311486221390792,1.0,1.0,1.0,1.0,1.0,1.0,1.0,1.0,1.0,1.0
642.25,2.0,0.0,0.0,0.0,0.0,0.0,0.0,0.0,0.0,0.0,0.0,0.0,0.0,0.0,0.0,0.0,0.0,0.0,0.0,0.0,0.0
642.5,3.0,15.902852812516283,15.090938987366268,16.68466399273375,17.987750418994768,15.750739016748005,14.944021025170942,15.629288206746303,16.247236692821367,17.022260515181966,16.222946996773775,1.0,1.0,1.0,1.0,1.0,1.0,1.0,1.0,1.0,1.0
642.75,4.0,15.44265715301579,16.752609485789694,17.018462563542762,17.029761862719702,18.104983276692288,16.032710183270744,16.720510665843555,16.981533863134146,16.544799223117213,17.02989598322315,1.0,1.0,1.0,1.0,1.0,1.0,1.0,1.0,1.0,1.0
643.0,1.0,15.939260064726867,16.832236875169375,17.08444324694715,16.342190614043094,15.77314578734533,14.297141325696376,14.295868320685125,15.101855761483902,15.886875058765469,16.21227574051,1.0,1.0,1.0,1.0,1.0,1.0,1.0,1.0,1.0,1.0
643.25,2.0,18.0792430079468,20.412315617014624,19.4726719324221,18.98627033459983,19.236610156654667,18.569275189435743,17.86634300267953,17.007667979980614,15.280692957659262,15.307769290911256,1.0,1.0,1.0,1.0,1.0,1.0,1.0,1.0,1.0,1.0
643.5,3.0,0.0,0.0,0.0,0.0,0.0,0.0,0.0,0.0,0.0,0.0,0.0,0.0,0.0,0.0,0.0,0.0,0.0,0.0,0.0,0.0
643.75,4.0,15.838663731847088,16.618629306963424,16.650671773391252,16.312545857945285,16.353948380928678,15.09577867586205,16.26214294962621,16.848357993222074,17.33845113596584,18.429378339397942,1.0,1.0,1.0,1.0,1.0,1.0,1.0,1.0,1.0,1.0
644.0,1.0,17.44729630262784,18.25641685310189,17.4798488956977,16.591373947303065,15.987942584777468,14.767419997503671,14.986498478708594,15.21471713238536,15.125597220434821,16.136983387955485,1.0,1.0,1.0,1.0,1.0,1.0,1.0,1.0,1.0,1.0
644.25,2.0,0.0,0.0,0.0,0.0,0.0,0.0,0.0,0.0,0.0,0.0,0.0,0.0,0.0,0.0,0.0,0.0,0.0,0.0,0.0,0.0
644.5,3.0,16.198189901012377,17.200045460131356,17.99332126210502,18.30967002422519,17.677550925255797,17.32028383857302,18.083592892881917,17.18502744895867,16.69219848419779,16.484931718250056,1.0,1.0,1.0,1.0,1.0,1.0,1.0,1.0,1.0,1.0
644.75,4.0,17.60961197161751,17.253947362963615,15.650947741811779,16.289695453334556,16.065685101737117,15.464014274988934,17.0610347343674,18.687060856723118,19.21669820940416,19.801280441409634,1.0,1.0,1.0,1.0,1.0,1.0,1.0,1.0,1.0,1.0
645.0,1.0,0.0,0.0,0.0,0.0,0.0,0.0,0.0,0.0,0.0,0.0,0.0,0.0,0.0,0.0,0.0,0.0,0.0,0.0,0.0,0.0
645.25,2.0,0.0,0.0,0.0,0.0,0.0,0.0,0.0,0.0,0.0,0.0,0.0,0.0,0.0,0.0,0.0,0.0,0.0,0.0,0.0,0.0
645.5,3.0,17.153226536133854,16.851530202231935,17.907587262573543,18.51739648902377,19.839029156940732,17.459858260262177,18.064326644986778,16.61061280039958,16.976471991157485,16.886117585562136,1.0,1.0,1.0,1.0,1.0,1.0,1.0,1.0,1.0,1.0
645.75,4.0,0.0,0.0,0.0,0.0,0.0,0.0,0.0,0.0,0.0,0.0,0.0,0.0,0.0,0.0,0.0,0.0,0.0,0.0,0.0,0.0
646.0,1.0,17.59218107780825,17.236103551343323,17.15846325916568,15.463829881006257,15.715934819026376,16.328469007930963,16.45521385296689,15.919596282634107,15.052755252251536,15.290652401040354,1.0,1.0,1.0,1.0,1.0,1.0,1.0,1.0,1.0,1.0
646.25,2.0,18.19047794616748,17.82325343587195,16.20029368237492,16.25127448116661,17.4007797610472,17.703621416411337,17.077240838590168,16.76190376960263,16.94317751028251,18.07355801700008,1.0,1.0,1.0,1.0,1.0,1.0,1.0,1.0,1.0,1.0
646.5,3.0,0.0,0.0,0.0,0.0,0.0,0.0,0.0,0.0,0.0,0.0,0.0,0.0,0.0,0.0,0.0,0.0,0.0,0.0,0.0,0.0
646.75,4.0,17.940217427744688,18.113517170877696,18.081008404281476,17.328403863944086,16.946878316557637,17.30027654329449,19.19380522750188,18.52974763142667,18.849083525118598,19.552904812073425,1.0,1.0,1.0,1.0,1.0,1.0,1.0,1.0,1.0,1.0
647.0,1.0,18.25596202180284,16.391474929636907,15.874891708044634,14.803917707001018,16.402446391971452,15.919516711276078,16.259082250368714,15.685578343118529,14.644549779827015,14.47479183301922,1.0,1.0,1.0,1.0,1.0,1.0,1.0,1.0,1.0,1.0
647.25,2.0,0.0,0.0,0.0,0.0,0.0,0.0,0.0,0.0,0.0,0.0,0.0,0.0,0.0,0.0,0.0,0.0,0.0,0.0,0.0,0.0
647.5,3.0,15.913893349464555,16.90233521847876,18.959395077679574,18.55109388907233,18.707945447581583,16.78497663559285,17.235361975895902,17.044032397950488,15.740300004299822,16.33781628390953,1.0,1.0,1.0,1.0,1.0,1.0,1.0,1.0,1.0,1.0
647.75,4.0,18.02955888279868,18.709104862041126,17.876624484443703,16.742115002161547,17.77631135094958,18.404643319241607,19.285965805598842,18.929364731926416,19.34869257364234,19.475290160331017,1.0,1.0,1.0,1.0,1.0,1.0,1.0,1.0,1.0,1.0
648.0,1.0,0.0,0.0,0.0,0.0,0.0,0.0,0.0,0.0,0.0,0.0,0.0,0.0,0.0,0.0,0.0,0.0,0.0,0.0,0.0,0.0
648.25,2.0,15.893444314447825,17.566354999148974,16.354585384671797,16.1620725335845,17.742313878114853,17.587995643002845,17.634945717774915,18.2320344737756,19.155643710692626,19.624069594914204,1.0,1.0,1.0,1.0,1.0,1.0,1.0,1.0,1.0,1.0
648.5,3.0,0.0,0.0,0.0,0.0,0.0,0.0,0.0,0.0,0.0,0.0,0.0,0.0,0.0,0.0,0.0,0.0,0.0,0.0,0.0,0.0
648.75,4.0,0.0,0.0,0.0,0.0,0.0,0.0,0.0,0.0,0.0,0.0,0.0,0.0,0.0,0.0,0.0,0.0,0.0,0.0,0.0,0.0
649.0,1.0,17.843298476552416,16.744874261304826,15.21112999918767,14.229030037905025,13.56881009197589,15.249146818946054,16.087321701665324,16.487233909298297,15.757812230046254,16.42021811579166,1.0,1.0,1.0,1.0,1.0,1.0,1.0,1.0,1.0,1.0
649.25,2.0,17.436261309007616,17.797746101447114,16.27325788277424,16.613018205598546,17.711504853867567,18.727727481545614,19.246527441184323,19.220115042750606,19.156577419569455,20.03993638910302,1.0,1.0,1.0,1.0,1.0,1.0,1.0,1.0,1.0,1.0
649.5,3.0,16.789707904652516,17.207735900604167,18.666815221770317,17.71266178421445,17.552942029998817,16.583710433039126,17.36339034423783,17.184393827545986,16.862702487498588,17.434981574102167,1.0,1.0,1.0,1.0,1.0,1.0,1.0,1.0,1.0,1.0
649.75,4.0,17.965054320754135,17.10030089743424,17.487735435398374,18.583759197353867,19.84165264291884,19.74017188135247,20.185790033849006,19.26838491370472,19.747960377863826,19.91902662195561,1.0,1.0,1.0,1.0,1.0,1.0,1.0,1.0,1.0,1.0
650.0,1.0,17.251681176524126,15.60862547574829,14.85303186772897,14.535666592001137,13.755627296097607,16.043976070177084,15.329503228785297,15.772696341270796,15.274769992588762,15.643266021642113,1.0,1.0,1.0,1.0,1.0,1.0,1.0,1.0,1.0,1.0
650.25,2.0,0.0,0.0,0.0,0.0,0.0,0.0,0.0,0.0,0.0,0.0,0.0,0.0,0.0,0.0,0.0,0.0,0.0,0.0,0.0,0.0
650.5,3.0,17.041215821047338,16.861301020417436,17.511231381881764,16.08617006915569,16.6236623936219,17.18992849899716,18.699684194606988,18.073803085307794,17.948679639769672,17.79729516286852,1.0,1.0,1.0,1.0,1.0,1.0,1.0,1.0,1.0,1.0
650.75,4.0,17.619648308077586,17.283633851550263,18.438991718488023,19.330619848604364,18.8818053692408,19.336915964874024,20.39537405114131,19.76120485792393,19.850763156035136,20.0682857537451,1.0,1.0,1.0,1.0,1.0,1.0,1.0,1.0,1.0,1.0
651.0,1.0,16.59013404693104,16.65375000590049,16.048484782873796,15.59836994397446,15.65693291748998,16.57227891052686,15.524910174879246,15.631609488240532,15.353066055487231,15.944954224682414,1.0,1.0,1.0,1.0,1.0,1.0,1.0,1.0,1.0,1.0
651.25,2.0,18.879405537965436,17.411167954767336,17.480332552818393,17.03644920720084,18.32689180585592,18.704752188744926,17.835755680401537,17.112839974686054,16.85939362142557,17.4711514308569,1.0,1.0,1.0,1.0,1.0,1.0,1.0,1.0,1.0,1.0
651.5,3.0,0.0,0.0,0.0,0.0,0.0,0.0,0.0,0.0,0.0,0.0,0.0,0.0,0.0,0.0,0.0,0.0,0.0,0.0,0.0,0.0
651.75,4.0,17.60454328604336,17.97990807383913,19.080423757189298,19.273608459876062,18.592072823096675,19.709019731711333,20.73509519026982,20.58421145564986,20.42453470985748,20.009164512533854,1.0,1.0,1.0,1.0,1.0,1.0,1.0,1.0,1.0,1.0
652.0,1.0,17.550305612697056,17.5499411366579,15.922172588887136,16.30811375715577,15.883533971758995,16.455888477539578,15.669251075839673,16.03289557853514,16.598646299502608,17.46283822796134,1.0,1.0,1.0,1.0,1.0,1.0,1.0,1.0,1.0,1.0
652.25,2.0,0.0,0.0,0.0,0.0,0.0,0.0,0.0,0.0,0.0,0.0,0.0,0.0,0.0,0.0,0.0,0.0,0.0,0.0,0.0,0.0
652.5,3.0,17.297954222880943,15.962274078824398,16.77087441634916,16.97738934569201,19.053189045713058,19.707444565760813,19.077841789570325,19.428718669221848,18.590514945244614,18.52574091306741,1.0,1.0,1.0,1.0,1.0,1.0,1.0,1.0,1.0,1.0
652.75,4.0,18.032181394547283,17.83554690399457,18.767880189145533,18.252899365912477,18.390029211565796,19.954830431634857,20.848081816754448,20.078352408553783,19.555752759758413,19.466225381197205,1.0,1.0,1.0,1.0,1.0,1.0,1.0,1.0,1.0,1.0
653.0,1.0,0.0,0.0,0.0,0.0,0.0,0.0,0.0,0.0,0.0,0.0,0.0,0.0,0.0,0.0,0.0,0.0,0.0,0.0,0.0,0.0
653.25,2.0,0.0,0.0,0.0,0.0,0.0,0.0,0.0,0.0,0.0,0.0,0.0,0.0,0.0,0.0,0.0,0.0,0.0,0.0,0.0,0.0
653.5,3.0,15.931379459461029,15.21482826080581,17.82159693885159,18.297310154893374,19.267762065185664,19.549078733173005,19.342435712916533,18.874142461788093,18.133399019212376,18.92420536600872,1.0,1.0,1.0,1.0,1.0,1.0,1.0,1.0,1.0,1.0
653.75,4.0,0.0,0.0,0.0,0.0,0.0,0.0,0.0,0.0,0.0,0.0,0.0,0.0,0.0,0.0,0.0,0.0,0.0,0.0,0.0,0.0
654.0,1.0,16.669751826395593,17.376553267302647,17.774734281722832,18.35366775281556,17.589628265323206,18.163888523188966,18.116512908664504,18.54840499542813,18.537011190817143,18.333112939625448,1.0,1.0,1.0,1.0,1.0,1.0,1.0,1.0,1.0,1.0
654.25,2.0,18.002681952940705,16.846301505225448,16.991650515326246,17.03513986513642,17.910751686509712,18.25166687186882,17.126336987625983,16.42687247339283,16.78917611451509,16.5412081763119,1.0,1.0,1.0,1.0,1.0,1.0,1.0,1.0,1.0,1.0
654.5,3.0,0.0,0.0,0.0,0.0,0.0,0.0,0.0,0.0,0.0,0.0,0.0,0.0,0.0,0.0,0.0,0.0,0.0,0.0,0.0,0.0
654.75,4.0,19.25219393818558,18.83741332484661,18.582160432165598,19.5548230600845,19.002904771821115,20.111783833065235,20.43707320577126,19.85976712583389,20.587867581471098,19.992957525859595,1.0,1.0,1.0,1.0,1.0,1.0,1.0,1.0,1.0,1.0
655.0,1.0,16.26501615277407,17.467477387574217,17.517878206705472,17.708662467107853,17.753091726067506,18.970153913659306,19.477136095780285,19.349280442301424,18.939879095670605,18.310098650087593,1.0,1.0,1.0,1.0,1.0,1.0,1.0,1.0,1.0,1.0
655.25,2.0,0.0,0.0,0.0,0.0,0.0,0.0,0.0,0.0,0.0,0.0,0.0,0.0,0.0,0.0,0.0,0.0,0.0,0.0,0.0,0.0
655.5,3.0,17.96245802649923,18.695986546588827,20.35824021160275,20.310871455226398,19.327005862902734,20.221079933881704,20.19834963637325,19.526156309996892,18.823586986356375,17.985834325817724,1.0,1.0,1.0,1.0,1.0,1.0,1.0,1.0,1.0,1.0
655.75,4.0,18.0508575742153,19.48188028652869,19.851589097341435,19.87486898461501,20.911580911105627,21.272355663741678,21.09001148134436,20.264670352292047,20.953485237787383,20.738290824015618,1.0,1.0,1.0,1.0,1.0,1.0,1.0,1.0,1.0,1.0
656.0,1.0,0.0,0.0,0.0,0.0,0.0,0.0,0.0,0.0,0.0,0.0,0.0,0.0,0.0,0.0,0.0,0.0,0.0,0.0,0.0,0.0
656.25,2.0,18.33936229349781,19.12347014436402,17.998823131558023,16.903381030916933,16.7093550912284,15.897164320981288,15.529673034085375,15.33435336801544,14.968147033754748,15.051833289567428,1.0,1.0,1.0,1.0,1.0,1.0,1.0,1.0,1.0,1.0
656.5,3.0,0.0,0.0,0.0,0.0,0.0,0.0,0.0,0.0,0.0,0.0,0.0,0.0,0.0,0.0,0.0,0.0,0.0,0.0,0.0,0.0
656.75,4.0,0.0,0.0,0.0,0.0,0.0,0.0,0.0,0.0,0.0,0.0,0.0,0.0,0.0,0.0,0.0,0.0,0.0,0.0,0.0,0.0
657.0,1.0,18.198261975022547,17.132857099213584,17.297982269317707,18.079156454433605,19.27895541614853,19.9559802785592,18.893114720843595,18.56206735774037,16.74600638460279,17.694167108328198,1.0,1.0,1.0,1.0,1.0,1.0,1.0,1.0,1.0,1.0
657.25,2.0,18.428981525517074,18.90215097469244,17.200181023747373,16.209825821874688,16.286979205985606,15.92484000819692,15.608821111086648,15.677252888716433,15.060470635046197,14.393935382691147,1.0,1.0,1.0,1.0,1.0,1.0,1.0,1.0,1.0,1.0
657.5,3.0,19.32768097153181,19.897378569358107,19.82343896280811,19.29793089928116,20.11925681676837,20.28084559625305,19.060512816938857,18.91466628970686,17.757506098686726,17.87911951381794,1.0,1.0,1.0,1.0,1.0,1.0,1.0,1.0,1.0,1.0
657.75,4.0,18.977182491447227,19.162310928108564,19.887553065940498,21.125372099838536,21.563829538779185,22.425921788714916,23.18814644733523,21.807695789521446,21.348926817595338,19.92710595443375,1.0,1.0,1.0,1.0,1.0,1.0,1.0,1.0,1.0,1.0
658.0,1.0,17.418806131478274,18.027121638707293,18.512791456141446,19.817459054806523,19.27714229440886,19.267760827206747,19.13216532962008,18.132832535768546,17.566135444766832,19.22716002603992,1.0,1.0,1.0,1.0,1.0,1.0,1.0,1.0,1.0,1.0
658.25,2.0,0.0,0.0,0.0,0.0,0.0,0.0,0.0,0.0,0.0,0.0,0.0,0.0,0.0,0.0,0.0,0.0,0.0,0.0,0.0,0.0
658.5,3.0,19.407839605873924,19.854908787513892,20.355619412085932,19.512007960580505,18.832899240497994,19.38913437162968,19.693958165435273,19.063068170923305,19.13762943206437,19.08089930099977,1.0,1.0,1.0,1.0,1.0,1.0,1.0,1.0,1.0,1.0
658.75,4.0,19.047458267308592,18.935234049993458,19.711423559170548,21.721340060007726,22.313038801710757,22.73440986706263,21.623524047349484,20.19809698130323,19.35413679304899,18.155435446795725,1.0,1.0,1.0,1.0,1.0,1.0,1.0,1.0,1.0,1.0
659.0,1.0,17.94321954379211,19.09372360553768,19.474358532833772,19.45881408605935,18.739876701023622,18.948753085729912,18.61011187661665,18.791278085789635,18.776246079594387,20.1508748293907,1.0,1.0,1.0,1.0,1.0,1.0,1.0,1.0,1.0,1.0
659.25,2.0,18.028354435312973,17.92528176881272,16.606389784380283,15.88217639988866,15.75560894228027,15.436151597008967,16.06709964380844,16.412710282698562,16.342069662845226,16.55956921280118,1.0,1.0,1.0,1.0,1.0,1.0,1.0,1.0,1.0,1.0
659.5,3.0,0.0,0.0,0.0,0.0,0.0,0.0,0.0,0.0,0.0,0.0,0.0,0.0,0.0,0.0,0.0,0.0,0.0,0.0,0.0,0.0
659.75,4.0,18.433526676180207,18.018569814314773,19.37110075566132,22.02572724396688,21.43704343964569,21.078786207091163,19.90768423238763,19.376078054284196,19.183319260569146,18.8267514243057,1.0,1.0,1.0,1.0,1.0,1.0,1.0,1.0,1.0,1.0
