time,beamID,lineOfSightWindSpeed1,lineOfSightWindSpeed2,lineOfSightWindSpeed3,lineOfSightWindSpeed4,lineOfSightWindSpeed5,lineOfSightWindSpeed6,lineOfSightWindSpeed7,lineOfSightWindSpeed8,lineOfSightWindSpeed9,lineOfSightWindSpeed10,isValid1,isValid2,isValid3,isValid4,isValid5,isValid6,isValid7,isValid8,isValid9,isValid10
0.0,1.0,17.501859664207394,18.69570693416494,17.693993932272306,16.85308732486618,18.00294424896376,17.92711568152948,18.452116158876073,17.88498005861615,17.519721640880935,18.26769572784577,1.0,1.0,1.0,1.0,1.0,1.0,1.0,1.0,1.0,1.0
0.25,2.0,18.197525444598078,16.506678208750213,16.583253338249776,16.127482959413292,16.746949821975956,16.11072217280265,16.83826740500855,16.07583837656916,16.1685648446092,16.83404763143075,1.0,1.0,1.0,1.0,1.0,1.0,1.0,1.0,1.0,1.0
0.5,3.0,0.0,0.0,0.0,0.0,0.0,0.0,0.0,0.0,0.0,0.0,0.0,0.0,0.0,0.0,0.0,0.0,0.0,0.0,0.0,0.0
0.75,4.0,20.794471111507693,19.959422530234058,18.9740402343039,18.754242139275007,19.609916955901777,19.74220931886605,19.335936266075407,18.59635698313808,18.330843113271605,19.957613367551087,1.0,1.0,1.0,1.0,1.0,1.0,1.0,1.0,1.0,1.0
1.0,1.0,18.623282907075268,18.7074527002129,16.849496794134716,17.305758122989165,18.60864433538855,17.968989234215275,18.903471279561227,18.62896660276295,18.28393704158902,17.707765691921157,1.0,1.0,1.0,1.0,1.0,1.0,1.0,1.0,1.0,1.0
1.25,2.0,16.772213298006832,16.087845726505744,17.131057521961424,16.538648659434493,16.670932760704407,15.95129191979806,15.868625364323334,16.498360389003896,16.87518109736186,17.27203547382221,1.0,1.0,1.0,1.0,1.0,1.0,1.0,1.0,1.0,1.0
1.5,3.0,16.835904161748257,17.553423617985175,20.82995288486327,20.907035544217873,20.200187818078234,20.454701824727405,20.04857349221743,19.59753634062578,18.41955291165559,17.03181575650446,1.0,1.0,1.0,1.0,1.0,1.0,1.0,1.0,1.0,1.0
1.75,4.0,19.99313676755378,18.93973639263986,18.718015526546736,18.33868941253741,18.688376653577524,19.046936778234922,18.516276706076553,18.749053764661074,18.927287360153276,20.48195693228138,1.0,1.0,1.0,1.0,1.0,1.0,1.0,1.0,1.0,1.0
2.0,1.0,0.0,0.0,0.0,0.0,0.0,0.0,0.0,0.0,0.0,0.0,0.0,0.0,0.0,0.0,0.0,0.0,0.0,0.0,0.0,0.0
2.25,2.0,0.0,0.0,0.0,0.0,0.0,0.0,0.0,0.0,0.0,0.0,0.0,0.0,0.0,0.0,0.0,0.0,0.0,0.0,0.0,0.0
2.5,3.0,17.383767504331182,18.834687035846493,20.27836044293276,19.49067822040772,20.46564490096798,20.447147085353237,20.284768105162847,19.63805590679991,18.259446812658823,16.876006245935987,1.0,1.0,1.0,1.0,1.0,1.0,1.0,1.0,1.0,1.0
2.75,4.0,0.0,0.0,0.0,0.0,0.0,0.0,0.0,0.0,0.0,0.0,0.0,0.0,0.0,0.0,0.0,0.0,0.0,0.0,0.0,0.0
3.0,1.0,17.161273916998663,17.900774745481687,16.92659370145174,17.63523006593332,16.99818044491302,17.041353404801153,17.58490377694221,18.612235955435928,18.83047362057307,18.03524716905835,1.0,1.0,1.0,1.0,1.0,1.0,1.0,1.0,1.0,1.0
3.25,2.0,16.00855034604379,17.027448679566167,18.565741671483213,16.42646868422749,15.738357804931447,15.821543187332864,15.599532169443915,15.899872926074305,16.8596998916508,17.753040462556136,1.0,1.0,1.0,1.0,1.0,1.0,1.0,1.0,1.0,1.0
3.5,3.0,0.0,0.0,0.0,0.0,0.0,0.0,0.0,0.0,0.0,0.0,0.0,0.0,0.0,0.0,0.0,0.0,0.0,0.0,0.0,0.0
3.75,4.0,18.600600543568238,17.793938506512692,18.159313326011933,20.14735825689577,20.342101351405653,21.51571534705061,21.240148839189114,20.505506514584958,21.318190831095748,21.820776291611367,1.0,1.0,1.0,1.0,1.0,1.0,1.0,1.0,1.0,1.0
4.0,1.0,15.473702608980094,17.45877358781353,17.00743032931021,16.52830652696346,17.193899135373005,17.30697753787917,17.724170435943208,17.741447048540252,17.122471630790844,16.09820697468467,1.0,1.0,1.0,1.0,1.0,1.0,1.0,1.0,1.0,1.0
4.25,2.0,0.0,0.0,0.0,0.0,0.0,0.0,0.0,0.0,0.0,0.0,0.0,0.0,0.0,0.0,0.0,0.0,0.0,0.0,0.0,0.0
4.5,3.0,18.575791103501018,19.04814234403198,20.448109094078546,20.878904135521132,20.098011759790417,20.03885009464777,19.5651356723043,18.25194380783718,17.22089356278735,16.448217150374177,1.0,1.0,1.0,1.0,1.0,1.0,1.0,1.0,1.0,1.0
4.75,4.0,17.63709034707595,18.143772487321705,19.27811147095701,20.169590494243522,20.62228666917296,21.545378680487776,20.869304472131805,21.465377832184352,20.95703319393819,21.62885541208332,1.0,1.0,1.0,1.0,1.0,1.0,1.0,1.0,1.0,1.0
5.0,1.0,0.0,0.0,0.0,0.0,0.0,0.0,0.0,0.0,0.0,0.0,0.0,0.0,0.0,0.0,0.0,0.0,0.0,0.0,0.0,0.0
5.25,2.0,17.96498641251959,17.107674023512082,15.759683006247204,14.157708570445891,16.54033650382315,17.117450668242203,16.96569017870663,17.138339628766076,16.44051985175996,17.05334013955018,1.0,1.0,1.0,1.0,1.0,1.0,1.0,1.0,1.0,1.0
5.5,3.0,0.0,0.0,0.0,0.0,0.0,0.0,0.0,0.0,0.0,0.0,0.0,0.0,0.0,0.0,0.0,0.0,0.0,0.0,0.0,0.0
5.75,4.0,0.0,0.0,0.0,0.0,0.0,0.0,0.0,0.0,0.0,0.0,0.0,0.0,0.0,0.0,0.0,0.0,0.0,0.0,0.0,0.0
6.0,1.0,17.84752693836913,19.809267693276052,18.302249697504347,16.4254392111889,17.157426725687824,16.26868554412716,16.898568380046804,17.2286303599874,17.42999669994939,16.376796713420244,1.0,1.0,1.0,1.0,1.0,1.0,1.0,1.0,1.0,1.0
6.25,2.0,16.577431341624816,15.604439399537792,15.670752001880977,15.175936347508333,18.24297125390768,18.22728013088981,17.414204755048864,17.303402173731136,17.364721712323743,17.473853142115665,1.0,1.0,1.0,1.0,1.0,1.0,1.0,1.0,1.0,1.0
6.5,3.0,0.0,0.0,0.0,0.0,0.0,0.0,0.0,0.0,0.0,0.0,0.0,0.0,0.0,0.0,0.0,0.0,0.0,0.0,0.0,0.0
6.75,4.0,19.293618270464165,18.616172982739304,19.035502297239148,19.76908229955722,17.673602723065986,18.926602577540844,19.72126297785159,21.00011913094861,20.922114864393755,21.060207386069504,1.0,1.0,1.0,1.0,1.0,1.0,1.0,1.0,1.0,1.0
7.0,1.0,18.535542399229417,21.087894038775225,18.26657480494654,17.637451810999856,17.8981295706198,17.773354278877196,17.968516575316766,18.238766459913908,16.579195605110243,16.812540719738408,1.0,1.0,1.0,1.0,1.0,1.0,1.0,1.0,1.0,1.0
7.25,2.0,0.0,0.0,0.0,0.0,0.0,0.0,0.0,0.0,0.0,0.0,0.0,0.0,0.0,0.0,0.0,0.0,0.0,0.0,0.0,0.0
7.5,3.0,20.51243667021727,20.329591073833534,21.144644191298344,20.267744841965634,18.308720017020523,18.445828821253443,18.79455588575309,17.353092762587643,18.315859368058454,18.65212677351695,1.0,1.0,1.0,1.0,1.0,1.0,1.0,1.0,1.0,1.0
7.75,4.0,18.729179397857816,19.089727741316146,18.663829893491197,18.597587849665803,16.170649393486567,17.636632740467142,18.93367906777865,19.200690305505887,18.77530866953781,18.72276614936139,1.0,1.0,1.0,1.0,1.0,1.0,1.0,1.0,1.0,1.0
8.0,1.0,18.36378360576198,19.968046720248886,17.27631333403341,17.556609343566098,18.057998320594532,17.3965451305511,16.95807039692507,16.617798150835412,16.531572186016483,16.539518298148174,1.0,1.0,1.0,1.0,1.0,1.0,1.0,1.0,1.0,1.0
8.25,2.0,16.136792662164346,15.749795048182316,15.568120992343347,15.957433544249916,17.160416272090576,16.362683206316646,15.682999937096096,15.819398348572166,16.31731637681892,16.37315288198899,1.0,1.0,1.0,1.0,1.0,1.0,1.0,1.0,1.0,1.0
8.5,3.0,0.0,0.0,0.0,0.0,0.0,0.0,0.0,0.0,0.0,0.0,0.0,0.0,0.0,0.0,0.0,0.0,0.0,0.0,0.0,0.0
8.75,4.0,17.520942256054617,18.976320856125582,18.68557593456698,18.402063464040275,16.59409652363862,17.59102735882164,18.31866253040089,17.38131523972992,18.544704938342292,19.01267281430684,1.0,1.0,1.0,1.0,1.0,1.0,1.0,1.0,1.0,1.0
9.0,1.0,17.155033057219306,19.17903485231828,17.50038202742745,17.542808892107303,17.05700572238235,16.172538615771433,16.748434984508375,17.178292887880723,18.111830379967873,18.564009879635716,1.0,1.0,1.0,1.0,1.0,1.0,1.0,1.0,1.0,1.0
9.25,2.0,0.0,0.0,0.0,0.0,0.0,0.0,0.0,0.0,0.0,0.0,0.0,0.0,0.0,0.0,0.0,0.0,0.0,0.0,0.0,0.0
9.5,3.0,20.88903673672054,21.27614410427564,21.194327347550946,19.34631681734398,17.746573956784555,18.242953545233064,17.824694120426084,18.72826896975036,17.905940221132443,18.69448957473091,1.0,1.0,1.0,1.0,1.0,1.0,1.0,1.0,1.0,1.0
9.75,4.0,19.00816866719801,19.8197494645925,18.669329385837557,18.609316089934303,17.155751618442963,19.04670699172544,18.575840924488883,18.53934636478142,19.181770403703887,19.815718440527874,1.0,1.0,1.0,1.0,1.0,1.0,1.0,1.0,1.0,1.0
10.0,1.0,0.0,0.0,0.0,0.0,0.0,0.0,0.0,0.0,0.0,0.0,0.0,0.0,0.0,0.0,0.0,0.0,0.0,0.0,0.0,0.0
10.25,2.0,0.0,0.0,0.0,0.0,0.0,0.0,0.0,0.0,0.0,0.0,0.0,0.0,0.0,0.0,0.0,0.0,0.0,0.0,0.0,0.0
10.5,3.0,20.798572408608397,19.782113002002436,20.833855722086685,19.742481911980246,18.46199960371888,18.878989234923896,18.193268735345747,18.71757396242555,17.586287429125544,18.38655493271361,1.0,1.0,1.0,1.0,1.0,1.0,1.0,1.0,1.0,1.0
10.75,4.0,0.0,0.0,0.0,0.0,0.0,0.0,0.0,0.0,0.0,0.0,0.0,0.0,0.0,0.0,0.0,0.0,0.0,0.0,0.0,0.0
11.0,1.0,17.327185002206768,17.984285401576816,17.346059250820787,17.1392223261653,15.607765502545378,16.276172897266253,17.645409360794208,17.85590596066621,18.386222146967896,19.450748701207893,1.0,1.0,1.0,1.0,1.0,1.0,1.0,1.0,1.0,1.0
11.25,2.0,16.234220373548137,16.86486594271096,16.90847627167077,15.520382820058455,15.678944437603164,15.31212902162961,14.786563494352103,16.676919211253534,16.792029030260807,17.266969857073132,1.0,1.0,1.0,1.0,1.0,1.0,1.0,1.0,1.0,1.0
11.5,3.0,0.0,0.0,0.0,0.0,0.0,0.0,0.0,0.0,0.0,0.0,0.0,0.0,0.0,0.0,0.0,0.0,0.0,0.0,0.0,0.0
11.75,4.0,18.499274259203162,19.50305846000626,18.172328196682454,19.314322785403224,18.58809141071057,19.79981939704134,19.418940237886076,18.82094170247476,20.078673600806066,20.98678631985211,1.0,1.0,1.0,1.0,1.0,1.0,1.0,1.0,1.0,1.0
12.0,1.0,17.16896442960129,17.40558971840232,17.91983232614618,18.394206727724164,17.28923704983812,17.15817330370904,18.257621705840002,18.455490550818077,19.058647544728604,20.58469119378354,1.0,1.0,1.0,1.0,1.0,1.0,1.0,1.0,1.0,1.0
12.25,2.0,0.0,0.0,0.0,0.0,0.0,0.0,0.0,0.0,0.0,0.0,0.0,0.0,0.0,0.0,0.0,0.0,0.0,0.0,0.0,0.0
12.5,3.0,18.73792829235548,18.17753068868318,19.5839119182925,17.289664336717397,18.246402632427195,18.799399989307346,18.102725934014213,18.867833780166034,18.240920107058685,19.190729779339833,1.0,1.0,1.0,1.0,1.0,1.0,1.0,1.0,1.0,1.0
12.75,4.0,18.608541069406478,18.788901953727116,17.785790421817627,19.128404257152493,19.235259248416952,20.14694020835638,19.569660609835513,19.637117537727605,20.372208255180787,21.159515900494927,1.0,1.0,1.0,1.0,1.0,1.0,1.0,1.0,1.0,1.0
13.0,1.0,0.0,0.0,0.0,0.0,0.0,0.0,0.0,0.0,0.0,0.0,0.0,0.0,0.0,0.0,0.0,0.0,0.0,0.0,0.0,0.0
13.25,2.0,17.95680584861755,17.917961676184163,15.701464045233932,15.597978119102045,17.310572623966095,17.56440639350801,17.314913542125367,17.84501972845553,18.611963380356297,18.38561769191216,1.0,1.0,1.0,1.0,1.0,1.0,1.0,1.0,1.0,1.0
13.5,3.0,0.0,0.0,0.0,0.0,0.0,0.0,0.0,0.0,0.0,0.0,0.0,0.0,0.0,0.0,0.0,0.0,0.0,0.0,0.0,0.0
13.75,4.0,0.0,0.0,0.0,0.0,0.0,0.0,0.0,0.0,0.0,0.0,0.0,0.0,0.0,0.0,0.0,0.0,0.0,0.0,0.0,0.0
14.0,1.0,16.912110714821832,19.33737584614973,18.74341379122661,19.755035594070577,20.475375441840026,20.363226931059298,20.522083975672064,20.874445415303317,20.702826660495973,20.32230881438743,1.0,1.0,1.0,1.0,1.0,1.0,1.0,1.0,1.0,1.0
14.25,2.0,18.29314467292066,16.236728696650587,14.677051203821767,17.36704616064434,17.73406174136966,17.63023196415294,17.236359214193488,18.390954244998085,18.653164386131255,19.316997118788755,1.0,1.0,1.0,1.0,1.0,1.0,1.0,1.0,1.0,1.0
14.5,3.0,0.0,0.0,0.0,0.0,0.0,0.0,0.0,0.0,0.0,0.0,0.0,0.0,0.0,0.0,0.0,0.0,0.0,0.0,0.0,0.0
14.75,4.0,19.77146827122655,19.655952465811126,18.78356285345472,20.237222929045316,18.03781656022325,19.37830640490325,19.61537470966276,19.701712549427366,20.110487165081842,20.968791006567212,1.0,1.0,1.0,1.0,1.0,1.0,1.0,1.0,1.0,1.0
15.0,1.0,17.899631897356674,18.77513374279305,19.270736062547762,19.22090951026786,19.750567991630852,20.058988086651954,19.85602239886671,20.335840732009167,19.394133289074414,19.620478563709487,1.0,1.0,1.0,1.0,1.0,1.0,1.0,1.0,1.0,1.0
15.25,2.0,0.0,0.0,0.0,0.0,0.0,0.0,0.0,0.0,0.0,0.0,0.0,0.0,0.0,0.0,0.0,0.0,0.0,0.0,0.0,0.0
15.5,3.0,17.061144928287966,18.406973972645737,19.80728292894505,19.344594486822988,18.38663365271635,19.319195460231708,20.176837288363753,19.90777890886729,20.681304840974047,20.69974197362709,1.0,1.0,1.0,1.0,1.0,1.0,1.0,1.0,1.0,1.0
15.75,4.0,20.158815216695125,19.89697981757418,19.150909073109776,19.758787046971406,18.160232172785896,18.99004973137283,20.102286110187258,20.54568286180161,21.086903962381363,21.034803842662015,1.0,1.0,1.0,1.0,1.0,1.0,1.0,1.0,1.0,1.0
16.0,1.0,18.657200642291595,18.86765115892453,18.435164768598263,18.69343048776769,19.036716741974285,19.82524400118716,19.96895686278287,19.774277263387955,20.06200288109153,20.033712436353422,1.0,1.0,1.0,1.0,1.0,1.0,1.0,1.0,1.0,1.0
16.25,2.0,16.312242582197946,14.403249424519954,16.580646940388593,19.029415078666457,19.73366736317635,19.496845238942523,19.375247892232853,20.50347506046738,20.143946708112104,19.492125061632592,1.0,1.0,1.0,1.0,1.0,1.0,1.0,1.0,1.0,1.0
16.5,3.0,0.0,0.0,0.0,0.0,0.0,0.0,0.0,0.0,0.0,0.0,0.0,0.0,0.0,0.0,0.0,0.0,0.0,0.0,0.0,0.0
16.75,4.0,19.695154575097682,19.60009966331014,19.362012590663337,21.01630058199268,19.303397960559305,20.36182244324723,20.88196756906556,21.698172806797107,21.086470847496724,21.383449857420604,1.0,1.0,1.0,1.0,1.0,1.0,1.0,1.0,1.0,1.0
17.0,1.0,18.49588487951147,18.4732785979137,18.308067636705196,18.454874884251762,17.75942395042031,19.28878881927763,18.84078056023526,19.57013401656832,19.870576834650905,19.814469413487206,1.0,1.0,1.0,1.0,1.0,1.0,1.0,1.0,1.0,1.0
17.25,2.0,0.0,0.0,0.0,0.0,0.0,0.0,0.0,0.0,0.0,0.0,0.0,0.0,0.0,0.0,0.0,0.0,0.0,0.0,0.0,0.0
17.5,3.0,18.739516172872186,19.45736555038729,19.096644329414445,18.76652564637476,21.208740565443456,21.425190945040637,21.209286779588393,20.54527067261683,19.968212780793014,19.52683361311847,1.0,1.0,1.0,1.0,1.0,1.0,1.0,1.0,1.0,1.0
17.75,4.0,18.71165293889114,20.820576270068972,21.301287538872913,21.010063247086478,19.849755434875323,20.12631472696527,20.38145681778463,20.910357808799986,20.432077625848294,20.604712226712234,1.0,1.0,1.0,1.0,1.0,1.0,1.0,1.0,1.0,1.0
18.0,1.0,0.0,0.0,0.0,0.0,0.0,0.0,0.0,0.0,0.0,0.0,0.0,0.0,0.0,0.0,0.0,0.0,0.0,0.0,0.0,0.0
18.25,2.0,0.0,0.0,0.0,0.0,0.0,0.0,0.0,0.0,0.0,0.0,0.0,0.0,0.0,0.0,0.0,0.0,0.0,0.0,0.0,0.0
18.5,3.0,18.782960295337627,18.537135524661288,18.091756948723937,19.1153436189968,20.39188121478728,19.970419137960917,20.147400902540586,19.638921262090964,19.957201927403208,20.289573585032425,1.0,1.0,1.0,1.0,1.0,1.0,1.0,1.0,1.0,1.0
18.75,4.0,0.0,0.0,0.0,0.0,0.0,0.0,0.0,0.0,0.0,0.0,0.0,0.0,0.0,0.0,0.0,0.0,0.0,0.0,0.0,0.0
19.0,1.0,18.199222430352155,17.897745965669824,19.2101278524282,20.40348361033188,20.729698889973047,21.27342906267923,21.05836278569789,22.335184765753084,21.86333744237227,21.172134993056773,1.0,1.0,1.0,1.0,1.0,1.0,1.0,1.0,1.0,1.0
19.25,2.0,16.59717726748772,16.260249692914428,16.483254412163284,18.076791976334395,18.931560603639618,18.96765047147317,18.334455075181342,18.688164611741936,19.02403454745832,19.599354105178488,1.0,1.0,1.0,1.0,1.0,1.0,1.0,1.0,1.0,1.0
19.5,3.0,0.0,0.0,0.0,0.0,0.0,0.0,0.0,0.0,0.0,0.0,0.0,0.0,0.0,0.0,0.0,0.0,0.0,0.0,0.0,0.0
19.75,4.0,21.566936453841166,23.066692619420923,22.684046335300984,22.07244926992128,19.922689719539683,20.025148751003538,19.5818616970108,19.409945630530984,19.936267085266376,20.06637054186522,1.0,1.0,1.0,1.0,1.0,1.0,1.0,1.0,1.0,1.0
20.0,1.0,19.15764433341783,18.968672773596463,20.57251791115053,22.35922024854101,22.393762242189332,22.29580213620433,21.747991439914728,22.59384466797225,21.95846880118472,21.416973253825105,1.0,1.0,1.0,1.0,1.0,1.0,1.0,1.0,1.0,1.0
20.25,2.0,0.0,0.0,0.0,0.0,0.0,0.0,0.0,0.0,0.0,0.0,0.0,0.0,0.0,0.0,0.0,0.0,0.0,0.0,0.0,0.0
20.5,3.0,16.872692212019718,17.982969601790845,18.570422031715125,20.851600863670882,21.4430836248097,21.56654678410011,22.329393663677852,21.54470377180558,21.979632664550785,20.633046367057506,1.0,1.0,1.0,1.0,1.0,1.0,1.0,1.0,1.0,1.0
20.75,4.0,21.602621767478436,22.53349663968262,22.165036703938483,22.2045904654784,20.916563100584106,20.341351223949875,20.770520658477288,21.106854862451012,21.175212400899692,21.165641196767883,1.0,1.0,1.0,1.0,1.0,1.0,1.0,1.0,1.0,1.0
21.0,1.0,0.0,0.0,0.0,0.0,0.0,0.0,0.0,0.0,0.0,0.0,0.0,0.0,0.0,0.0,0.0,0.0,0.0,0.0,0.0,0.0
21.25,2.0,17.034578007646157,16.362508609876553,17.055987978528055,18.660917321983717,18.836382531029447,19.51436357516456,19.428305036368723,20.468987652753675,20.493274030192914,21.60351028149736,1.0,1.0,1.0,1.0,1.0,1.0,1.0,1.0,1.0,1.0
21.5,3.0,0.0,0.0,0.0,0.0,0.0,0.0,0.0,0.0,0.0,0.0,0.0,0.0,0.0,0.0,0.0,0.0,0.0,0.0,0.0,0.0
21.75,4.0,0.0,0.0,0.0,0.0,0.0,0.0,0.0,0.0,0.0,0.0,0.0,0.0,0.0,0.0,0.0,0.0,0.0,0.0,0.0,0.0
22.0,1.0,20.329793555423887,21.102602105793924,22.791905468207375,23.129546579058584,22.62254871711262,22.84766580744441,22.315250302106257,22.737955429950283,23.21105606893903,22.615348758001478,1.0,1.0,1.0,1.0,1.0,1.0,1.0,1.0,1.0,1.0
22.25,2.0,18.51100025694439,17.99046059563895,17.27260378462301,18.406268840579635,18.357203033541932,19.053472784007514,18.514932568771535,19.848354619245764,19.99896263172841,21.32689672282218,1.0,1.0,1.0,1.0,1.0,1.0,1.0,1.0,1.0,1.0
22.5,3.0,16.73938915477405,18.381487313644822,19.880305692658702,20.37437737087423,23.470779392699416,23.236782332809298,22.319687608422168,20.388301062720128,19.969871206848545,19.135283860318758,1.0,1.0,1.0,1.0,1.0,1.0,1.0,1.0,1.0,1.0
22.75,4.0,20.731975873602025,21.771097617684855,22.72382143874865,21.403807387200555,20.893373694432594,21.34358958242433,21.122960999757733,21.85648133991851,21.625204931436347,22.861809041019377,1.0,1.0,1.0,1.0,1.0,1.0,1.0,1.0,1.0,1.0
23.0,1.0,20.9349421535653,22.482919502627468,23.144859589022264,23.16795842708586,22.7380192665652,23.000681630119,22.586568622703492,22.862053597203367,23.474179731980215,22.08724519961597,1.0,1.0,1.0,1.0,1.0,1.0,1.0,1.0,1.0,1.0
23.25,2.0,0.0,0.0,0.0,0.0,0.0,0.0,0.0,0.0,0.0,0.0,0.0,0.0,0.0,0.0,0.0,0.0,0.0,0.0,0.0,0.0
23.5,3.0,18.72661958739673,18.094298366403144,19.928787201543773,21.627743197398058,23.45342893852573,22.194517872263404,20.753670524993808,19.409240628896097,19.539267844772272,18.53372893894088,1.0,1.0,1.0,1.0,1.0,1.0,1.0,1.0,1.0,1.0
23.75,4.0,20.236730283238973,21.06581235597276,22.658029134810402,22.82907579447866,20.919643168017583,21.01335618330401,20.90984242893664,22.249669010619396,22.88208858640227,23.506919183861655,1.0,1.0,1.0,1.0,1.0,1.0,1.0,1.0,1.0,1.0
24.0,1.0,21.629728339804725,22.15799325989464,22.221782549604388,23.445444359346347,22.614808219930755,22.50058231670329,21.980285783959854,22.765724509241043,22.888137616890234,21.975085462032585,1.0,1.0,1.0,1.0,1.0,1.0,1.0,1.0,1.0,1.0
24.25,2.0,19.636001458693702,19.67877243247353,19.663797659896943,21.860587783201,20.13553740324312,20.77375893666535,20.568497458782037,21.292968688772085,20.367832477463683,19.12237485119307,1.0,1.0,1.0,1.0,1.0,1.0,1.0,1.0,1.0,1.0
24.5,3.0,0.0,0.0,0.0,0.0,0.0,0.0,0.0,0.0,0.0,0.0,0.0,0.0,0.0,0.0,0.0,0.0,0.0,0.0,0.0,0.0
24.75,4.0,21.09349732633681,21.101837799197824,23.194343081317108,23.152787373756816,22.07260786046278,21.5257869399895,22.02752783640517,22.90781398592307,23.00056606147377,23.346011609177395,1.0,1.0,1.0,1.0,1.0,1.0,1.0,1.0,1.0,1.0
25.0,1.0,22.268903406026936,22.458537884071564,22.059224204869427,23.578776208339534,22.917941563143152,22.612470701839673,23.00764850060201,23.09790719794381,22.8314945555697,21.419330718369636,1.0,1.0,1.0,1.0,1.0,1.0,1.0,1.0,1.0,1.0
25.25,2.0,0.0,0.0,0.0,0.0,0.0,0.0,0.0,0.0,0.0,0.0,0.0,0.0,0.0,0.0,0.0,0.0,0.0,0.0,0.0,0.0
25.5,3.0,18.84835760955429,20.360323477469368,22.310728911051314,22.29314582320911,22.54731355615003,20.52047899203577,20.059931991271586,18.75874003774132,19.208210371447375,18.779448574517975,1.0,1.0,1.0,1.0,1.0,1.0,1.0,1.0,1.0,1.0
25.75,4.0,21.098337131086165,22.355416531111114,23.23013648005025,23.93067816199376,23.809470331832802,24.20074087065678,24.48505101797583,25.330104137199523,25.645089050042184,25.403441704091076,1.0,1.0,1.0,1.0,1.0,1.0,1.0,1.0,1.0,1.0
26.0,1.0,0.0,0.0,0.0,0.0,0.0,0.0,0.0,0.0,0.0,0.0,0.0,0.0,0.0,0.0,0.0,0.0,0.0,0.0,0.0,0.0
26.25,2.0,0.0,0.0,0.0,0.0,0.0,0.0,0.0,0.0,0.0,0.0,0.0,0.0,0.0,0.0,0.0,0.0,0.0,0.0,0.0,0.0
26.5,3.0,19.490495006775607,22.333277370668664,22.383577175592492,22.25176366244564,22.912272920986418,21.992401217874548,19.503704951004256,18.815901928385347,18.75893273633828,18.60574043616305,1.0,1.0,1.0,1.0,1.0,1.0,1.0,1.0,1.0,1.0
26.75,4.0,0.0,0.0,0.0,0.0,0.0,0.0,0.0,0.0,0.0,0.0,0.0,0.0,0.0,0.0,0.0,0.0,0.0,0.0,0.0,0.0
27.0,1.0,22.334962856383335,22.410016801787894,23.89001692409715,25.551331426816866,24.841321804742417,24.289851096329006,23.27109932808428,23.027410075498874,22.973090849156346,21.632668898135705,1.0,1.0,1.0,1.0,1.0,1.0,1.0,1.0,1.0,1.0
27.25,2.0,21.081024070864043,21.662329081608977,22.045343151897807,22.73006125526513,22.3131118313435,22.87416383074885,22.47030734668281,23.263494478539247,22.747225081235605,22.21419986166206,1.0,1.0,1.0,1.0,1.0,1.0,1.0,1.0,1.0,1.0
27.5,3.0,0.0,0.0,0.0,0.0,0.0,0.0,0.0,0.0,0.0,0.0,0.0,0.0,0.0,0.0,0.0,0.0,0.0,0.0,0.0,0.0
27.75,4.0,22.098197431281342,24.844559067540384,24.343350234429998,25.119448975133796,25.254203992922655,26.1148850371458,25.96519121474353,27.229849277694598,26.61931521331927,25.61265429577571,1.0,1.0,1.0,1.0,1.0,1.0,1.0,1.0,1.0,1.0
28.0,1.0,21.924365915982076,21.9903240901469,23.939117314549417,24.99773443544035,24.286771303193905,24.02928016646867,23.255326185534603,22.67977924279422,21.939901374897108,21.7823822808523,1.0,1.0,1.0,1.0,1.0,1.0,1.0,1.0,1.0,1.0
28.25,2.0,0.0,0.0,0.0,0.0,0.0,0.0,0.0,0.0,0.0,0.0,0.0,0.0,0.0,0.0,0.0,0.0,0.0,0.0,0.0,0.0
28.5,3.0,22.65255962205672,24.284329947044935,23.507960746861766,22.681550577399886,21.012188919807922,20.297566259267473,20.16593346174511,19.32532745020422,20.66768764668764,19.800912158211073,1.0,1.0,1.0,1.0,1.0,1.0,1.0,1.0,1.0,1.0
28.75,4.0,23.359531269830683,25.037795509309415,26.32436847418588,26.320437572410643,27.181160672894215,27.443531537203448,26.230753594720873,25.948328113482354,25.911956517927933,24.562425559141953,1.0,1.0,1.0,1.0,1.0,1.0,1.0,1.0,1.0,1.0
29.0,1.0,0.0,0.0,0.0,0.0,0.0,0.0,0.0,0.0,0.0,0.0,0.0,0.0,0.0,0.0,0.0,0.0,0.0,0.0,0.0,0.0
29.25,2.0,23.359558346930633,23.244408616124257,22.756890454655743,23.778544477686356,24.412092562700295,23.886820406085697,23.336504978820958,21.844578040313657,22.044032442367964,21.59622112165334,1.0,1.0,1.0,1.0,1.0,1.0,1.0,1.0,1.0,1.0
29.5,3.0,0.0,0.0,0.0,0.0,0.0,0.0,0.0,0.0,0.0,0.0,0.0,0.0,0.0,0.0,0.0,0.0,0.0,0.0,0.0,0.0
29.75,4.0,0.0,0.0,0.0,0.0,0.0,0.0,0.0,0.0,0.0,0.0,0.0,0.0,0.0,0.0,0.0,0.0,0.0,0.0,0.0,0.0
30.0,1.0,23.536813438014942,23.15415577598826,25.374613453402826,26.016648919937584,25.764298357028,25.349332432558235,24.54919176541885,24.48428998496161,24.31832452722534,24.600003032988614,1.0,1.0,1.0,1.0,1.0,1.0,1.0,1.0,1.0,1.0
30.25,2.0,24.370359206363595,21.556575647465333,22.498877527401397,24.951089432030496,24.408873625845708,23.755164273605025,22.25232653178221,21.82009826770842,21.639064833546254,21.473916644319846,1.0,1.0,1.0,1.0,1.0,1.0,1.0,1.0,1.0,1.0
30.5,3.0,24.318467995932956,23.838699800107765,22.92766418423878,21.34983689957074,20.788567058514822,20.390572558578366,21.152642271035795,21.304823786125237,22.503581356467457,22.597557221055062,1.0,1.0,1.0,1.0,1.0,1.0,1.0,1.0,1.0,1.0
30.75,4.0,25.087852313192812,26.295460168468004,26.190364730987646,26.925928888355315,27.201142970705146,26.451321912753663,26.93972905128671,26.064882301251355,26.604085065285442,25.41592863499045,1.0,1.0,1.0,1.0,1.0,1.0,1.0,1.0,1.0,1.0
31.0,1.0,22.333560685913408,23.457529301054674,25.055822461326557,25.761175636969213,26.328005276165147,25.862166558343343,24.809513772950943,24.300838406825946,24.51601696061251,24.690948066467918,1.0,1.0,1.0,1.0,1.0,1.0,1.0,1.0,1.0,1.0
31.25,2.0,0.0,0.0,0.0,0.0,0.0,0.0,0.0,0.0,0.0,0.0,0.0,0.0,0.0,0.0,0.0,0.0,0.0,0.0,0.0,0.0
31.5,3.0,25.398010430564067,23.96358698195288,23.561263356409555,21.797849803156804,21.867434214047915,21.21325748514469,21.720558934977795,21.853044008391386,22.7766955494367,22.08631465557853,1.0,1.0,1.0,1.0,1.0,1.0,1.0,1.0,1.0,1.0
31.75,4.0,26.60734009457391,26.015069698137815,26.720454698736518,27.987647448495075,28.338029590638385,27.737851696293504,27.670793562512998,26.997220029353848,27.64699063976476,26.04909540577305,1.0,1.0,1.0,1.0,1.0,1.0,1.0,1.0,1.0,1.0
32.0,1.0,22.382157195649867,24.75337699300837,25.749864850848375,26.515766119612685,26.070662732996432,25.50837964750886,24.936375050888625,23.977328542235412,24.16192347592926,24.607642959739344,1.0,1.0,1.0,1.0,1.0,1.0,1.0,1.0,1.0,1.0
32.25,2.0,23.133666837728168,20.82385466190813,22.683389428720798,24.914737747766218,21.527650216177324,21.62212928751016,20.912630845104136,19.73196652033146,20.771611631029913,19.567773309002188,1.0,1.0,1.0,1.0,1.0,1.0,1.0,1.0,1.0,1.0
32.5,3.0,0.0,0.0,0.0,0.0,0.0,0.0,0.0,0.0,0.0,0.0,0.0,0.0,0.0,0.0,0.0,0.0,0.0,0.0,0.0,0.0
32.75,4.0,26.4689416225109,26.490538258510306,27.71868021272901,27.64568258024205,28.82579754911677,28.253199576117215,27.744443514744386,27.091361302792187,27.9559202359021,26.49784031693825,1.0,1.0,1.0,1.0,1.0,1.0,1.0,1.0,1.0,1.0
33.0,1.0,24.61276627053149,26.68313861166978,26.804650550310917,26.942108513426962,24.80574949430311,24.944738755873434,25.001593334960376,24.45438202938861,23.59981586673887,24.13683475255887,1.0,1.0,1.0,1.0,1.0,1.0,1.0,1.0,1.0,1.0
33.25,2.0,0.0,0.0,0.0,0.0,0.0,0.0,0.0,0.0,0.0,0.0,0.0,0.0,0.0,0.0,0.0,0.0,0.0,0.0,0.0,0.0
33.5,3.0,23.17828333345361,22.144025593490106,23.310514994845907,21.110858554743025,20.342637201168433,20.381142870500515,21.38606386561206,20.97843788500724,21.386008960661,20.892514642041146,1.0,1.0,1.0,1.0,1.0,1.0,1.0,1.0,1.0,1.0
33.75,4.0,26.434740192979078,26.265477396274566,26.96051562740338,26.618998388914417,29.050008967374453,28.75290286387337,27.832243373497267,27.000948641036544,27.5100051430571,26.866242203487385,1.0,1.0,1.0,1.0,1.0,1.0,1.0,1.0,1.0,1.0
34.0,1.0,0.0,0.0,0.0,0.0,0.0,0.0,0.0,0.0,0.0,0.0,0.0,0.0,0.0,0.0,0.0,0.0,0.0,0.0,0.0,0.0
34.25,2.0,21.907144583583698,21.370232653658444,21.765833338591168,23.249002511796423,21.665839009252345,21.67635976444658,20.651702024808138,19.744835202072185,19.413453660922695,19.18674825441622,1.0,1.0,1.0,1.0,1.0,1.0,1.0,1.0,1.0,1.0
34.5,3.0,23.812301431640716,23.716473857178105,22.72044241588178,20.718616027544833,19.628434073042833,19.626652773690477,20.425921664111677,20.061102385808148,21.10799091085433,21.59885860823847,1.0,1.0,1.0,1.0,1.0,1.0,1.0,1.0,1.0,1.0
34.75,4.0,0.0,0.0,0.0,0.0,0.0,0.0,0.0,0.0,0.0,0.0,0.0,0.0,0.0,0.0,0.0,0.0,0.0,0.0,0.0,0.0
35.0,1.0,26.242185171383863,27.916062709161206,26.908635429879848,26.145973532020502,23.734253089129066,23.722871540840945,23.741994414292904,23.935214472199856,24.075064386239553,23.97218714696268,1.0,1.0,1.0,1.0,1.0,1.0,1.0,1.0,1.0,1.0
35.25,2.0,21.53121498390424,21.58569537200285,22.684144439747318,23.021945656535692,22.217208134309665,21.66568676506202,20.032794279348263,19.270184922143553,19.315762086529816,20.006202782339535,1.0,1.0,1.0,1.0,1.0,1.0,1.0,1.0,1.0,1.0
35.5,3.0,0.0,0.0,0.0,0.0,0.0,0.0,0.0,0.0,0.0,0.0,0.0,0.0,0.0,0.0,0.0,0.0,0.0,0.0,0.0,0.0
35.75,4.0,26.820695082089177,26.380491361390703,25.594466345719674,26.73133809015918,27.237631186799913,26.805342690304126,26.863163081471022,26.741191152036375,25.72693612840377,24.882934153138354,1.0,1.0,1.0,1.0,1.0,1.0,1.0,1.0,1.0,1.0
36.0,1.0,27.746482054795848,27.153036036896008,26.140754274660683,24.33714188019125,22.810201222085112,23.268033444950245,23.53836026103996,24.86124639569712,24.757260317139878,24.81373009886808,1.0,1.0,1.0,1.0,1.0,1.0,1.0,1.0,1.0,1.0
36.25,2.0,0.0,0.0,0.0,0.0,0.0,0.0,0.0,0.0,0.0,0.0,0.0,0.0,0.0,0.0,0.0,0.0,0.0,0.0,0.0,0.0
36.5,3.0,22.470192610419506,22.703536415275487,21.782807937975996,20.387688677788923,20.736502201422134,20.735283859045015,21.19488686622018,20.492473815391374,20.760410792950907,20.8145644069147,1.0,1.0,1.0,1.0,1.0,1.0,1.0,1.0,1.0,1.0
36.75,4.0,27.125676686367388,27.135782341650682,26.937589807097503,26.931529306010976,27.712112870022956,26.929580260853996,27.31930074621702,26.15999194733232,25.310118200284155,23.651845097020303,1.0,1.0,1.0,1.0,1.0,1.0,1.0,1.0,1.0,1.0
37.0,1.0,26.191851818882167,26.708091091610857,25.14809170854112,24.0546047345524,23.44717733828366,24.09321132235125,23.92075653243133,24.75984222048036,24.225794134177338,24.208703152317213,1.0,1.0,1.0,1.0,1.0,1.0,1.0,1.0,1.0,1.0
37.25,2.0,21.942528177698165,21.836564539097218,21.712316436820146,21.4621985616194,21.079959075972102,21.115428628393996,20.93672019052708,21.059457210998495,20.69528779376775,20.76644570809667,1.0,1.0,1.0,1.0,1.0,1.0,1.0,1.0,1.0,1.0
37.5,3.0,0.0,0.0,0.0,0.0,0.0,0.0,0.0,0.0,0.0,0.0,0.0,0.0,0.0,0.0,0.0,0.0,0.0,0.0,0.0,0.0
37.75,4.0,27.578920683934683,27.436636710913017,26.633797407736296,27.488238645609535,27.739973456706814,25.965629435543537,25.789312035426878,24.2363255413391,22.325529325173306,21.8049718731437,1.0,1.0,1.0,1.0,1.0,1.0,1.0,1.0,1.0,1.0
38.0,1.0,26.50844468901516,26.698209363690502,25.55097376907488,23.772107012355654,24.615148930194017,24.595229154684464,23.70337459735891,24.203983749596055,25.48506671848396,25.125478948538795,1.0,1.0,1.0,1.0,1.0,1.0,1.0,1.0,1.0,1.0
38.25,2.0,22.06450862066903,22.798284248786594,21.886808573588524,20.544239663434308,20.956171133747258,20.796123871364017,20.645127768599757,20.027203070270197,20.234440996565628,21.537284546928973,1.0,1.0,1.0,1.0,1.0,1.0,1.0,1.0,1.0,1.0
38.5,3.0,22.66630500518955,20.626253911081236,20.873879158674804,20.70007102007362,20.015542978766632,20.338831039653186,20.204801351944322,20.000888544213176,19.678620456148355,19.08249409872951,1.0,1.0,1.0,1.0,1.0,1.0,1.0,1.0,1.0,1.0
38.75,4.0,26.355233801077503,27.42391095436674,26.449071089194597,25.913195989728145,25.756319207743505,24.386869216137043,23.73853483100955,22.319080267365006,22.074896236676665,21.701622747225144,1.0,1.0,1.0,1.0,1.0,1.0,1.0,1.0,1.0,1.0
39.0,1.0,0.0,0.0,0.0,0.0,0.0,0.0,0.0,0.0,0.0,0.0,0.0,0.0,0.0,0.0,0.0,0.0,0.0,0.0,0.0,0.0
39.25,2.0,0.0,0.0,0.0,0.0,0.0,0.0,0.0,0.0,0.0,0.0,0.0,0.0,0.0,0.0,0.0,0.0,0.0,0.0,0.0,0.0
39.5,3.0,22.038681677429064,20.32200724858651,20.197582911291466,19.89253846294432,19.866107080920656,19.49912912005536,19.628869867226445,18.985452392951327,18.60316827929554,18.596234115326542,1.0,1.0,1.0,1.0,1.0,1.0,1.0,1.0,1.0,1.0
39.75,4.0,26.55886918145988,26.575615829213543,24.829204619972142,25.61605406253215,25.252948148920964,23.868682091169223,23.167154501152545,22.951452561630237,22.87695908906683,22.751353568523793,1.0,1.0,1.0,1.0,1.0,1.0,1.0,1.0,1.0,1.0
40.0,1.0,25.995973700161972,25.99401965040126,25.172566812974637,23.365125272226525,23.21389394523067,23.36472011671369,22.837714572512105,23.89121892023793,23.27006960321828,23.3712040635838,1.0,1.0,1.0,1.0,1.0,1.0,1.0,1.0,1.0,1.0
40.25,2.0,20.007916452171933,20.448654004435465,20.89585371934266,21.226647688959282,21.603285342732406,21.20913937752649,21.31366151919381,20.240648944907452,20.039991312861922,21.36894533618497,1.0,1.0,1.0,1.0,1.0,1.0,1.0,1.0,1.0,1.0
40.5,3.0,0.0,0.0,0.0,0.0,0.0,0.0,0.0,0.0,0.0,0.0,0.0,0.0,0.0,0.0,0.0,0.0,0.0,0.0,0.0,0.0
40.75,4.0,26.375202774863705,24.83881577973815,24.20233100543024,24.282040829422435,23.825720328274546,23.685205508781305,23.729883690895537,23.29527284518001,23.324983834920324,22.585547787662904,1.0,1.0,1.0,1.0,1.0,1.0,1.0,1.0,1.0,1.0
41.0,1.0,24.68121520162842,25.569767065289255,24.971011010294667,22.68790413351272,22.17615862797075,22.463107835545244,22.0050321116976,23.226575427642448,22.827448874927388,23.35712205541061,1.0,1.0,1.0,1.0,1.0,1.0,1.0,1.0,1.0,1.0
41.25,2.0,0.0,0.0,0.0,0.0,0.0,0.0,0.0,0.0,0.0,0.0,0.0,0.0,0.0,0.0,0.0,0.0,0.0,0.0,0.0,0.0
41.5,3.0,21.57191075218601,20.04206807160534,19.41432381622904,19.001447073647164,19.95504581753346,18.72912053383861,19.625459675934355,18.325878082837267,18.511003113211693,18.019384294250486,1.0,1.0,1.0,1.0,1.0,1.0,1.0,1.0,1.0,1.0
41.75,4.0,24.846707704152696,24.254936968804753,21.986714731890938,21.77294071423897,23.59099556363313,23.235367986955406,23.224665646015023,22.575962404708548,22.478023610129085,22.262894797580106,1.0,1.0,1.0,1.0,1.0,1.0,1.0,1.0,1.0,1.0
42.0,1.0,0.0,0.0,0.0,0.0,0.0,0.0,0.0,0.0,0.0,0.0,0.0,0.0,0.0,0.0,0.0,0.0,0.0,0.0,0.0,0.0
42.25,2.0,22.347168320196968,20.760879466294565,21.099395169900077,19.855497974326916,21.165995596649044,22.23826288116248,22.045372541571563,21.853432036113656,21.66408753426207,22.04085404439961,1.0,1.0,1.0,1.0,1.0,1.0,1.0,1.0,1.0,1.0
42.5,3.0,21.608146242666255,21.33378472300932,19.876737282744475,18.37321592413027,19.584319213242487,18.817923734645756,20.054219251854967,19.2811830134774,18.828165279704137,18.821955313376126,1.0,1.0,1.0,1.0,1.0,1.0,1.0,1.0,1.0,1.0
42.75,4.0,0.0,0.0,0.0,0.0,0.0,0.0,0.0,0.0,0.0,0.0,0.0,0.0,0.0,0.0,0.0,0.0,0.0,0.0,0.0,0.0
43.0,1.0,25.965514110096876,25.09946189010055,22.60797462943284,19.56585724403303,20.872296434901212,22.027865704297316,21.993034314810046,22.995428383673932,23.364942119378632,23.32014348754946,1.0,1.0,1.0,1.0,1.0,1.0,1.0,1.0,1.0,1.0
43.25,2.0,21.78284029095743,20.015680543986896,19.29349088620711,19.927974681215453,21.605787848670545,21.801328142812935,21.30715150165794,21.903776836561615,21.4446493247588,21.44619462610832,1.0,1.0,1.0,1.0,1.0,1.0,1.0,1.0,1.0,1.0
43.5,3.0,0.0,0.0,0.0,0.0,0.0,0.0,0.0,0.0,0.0,0.0,0.0,0.0,0.0,0.0,0.0,0.0,0.0,0.0,0.0,0.0
43.75,4.0,21.25510494722439,20.860663521426293,20.050461257830875,21.660474248465015,22.123649365725033,21.622384682062044,22.796788625132784,22.051904420960845,22.57082189843107,21.835479095293344,1.0,1.0,1.0,1.0,1.0,1.0,1.0,1.0,1.0,1.0
44.0,1.0,24.94400307011447,23.39942364847699,21.16354505157059,20.489559328691698,21.695378251224952,22.161392946707686,22.165348510135022,22.449278422483832,22.96740413562041,23.169840709527872,1.0,1.0,1.0,1.0,1.0,1.0,1.0,1.0,1.0,1.0
44.25,2.0,0.0,0.0,0.0,0.0,0.0,0.0,0.0,0.0,0.0,0.0,0.0,0.0,0.0,0.0,0.0,0.0,0.0,0.0,0.0,0.0
44.5,3.0,21.339819066562693,20.89312501571332,18.017158878557193,17.709796476329576,19.35645425779323,18.21622248376955,18.42374584434696,18.859436326043276,18.052496527127857,18.574559198749906,1.0,1.0,1.0,1.0,1.0,1.0,1.0,1.0,1.0,1.0
44.75,4.0,21.07581062198252,22.293041407113527,21.987642223051534,22.683525892829234,22.7261169564963,21.776626940299394,22.765040356122153,21.75557580600745,21.289362312651992,20.37630276636503,1.0,1.0,1.0,1.0,1.0,1.0,1.0,1.0,1.0,1.0
45.0,1.0,24.326658937038612,22.745415641818067,20.796514574108684,20.36656750485134,21.95496343163238,22.804053270639564,21.85750008529357,22.303745411166634,23.255231797433044,22.17172130952,1.0,1.0,1.0,1.0,1.0,1.0,1.0,1.0,1.0,1.0
45.25,2.0,19.93420210865764,20.711567645885186,20.016014861761796,20.041831083348345,20.702725072346965,21.443560571770185,21.467385306711037,21.343385181599857,19.838293607351684,19.02730133712937,1.0,1.0,1.0,1.0,1.0,1.0,1.0,1.0,1.0,1.0
45.5,3.0,0.0,0.0,0.0,0.0,0.0,0.0,0.0,0.0,0.0,0.0,0.0,0.0,0.0,0.0,0.0,0.0,0.0,0.0,0.0,0.0
45.75,4.0,22.666381990137825,22.497782249719645,21.59220498037135,22.191680535197868,22.049945189532135,21.474234715579485,21.89012218907509,20.68788536007586,20.826541178689926,19.714995986942125,1.0,1.0,1.0,1.0,1.0,1.0,1.0,1.0,1.0,1.0
46.0,1.0,23.37605829713571,20.491584842799043,20.596193593947252,21.304002636596213,22.350479714639157,23.26172853463662,22.4970357786124,23.45839200842803,22.777732790981922,22.323752187947974,1.0,1.0,1.0,1.0,1.0,1.0,1.0,1.0,1.0,1.0
46.25,2.0,20.218430627227907,21.15104983189045,21.25293274610907,20.154791830058944,20.892220249399493,21.58268535863874,21.760972397458872,21.045750872266407,20.411725705293286,18.330356501896393,1.0,1.0,1.0,1.0,1.0,1.0,1.0,1.0,1.0,1.0
46.5,3.0,19.801348872879664,18.4456502453286,18.382119393655586,18.86015098078986,17.57371136322573,17.69394862262712,18.210821613943686,19.09132796310651,18.331398520764875,18.056871362009566,1.0,1.0,1.0,1.0,1.0,1.0,1.0,1.0,1.0,1.0
46.75,4.0,21.499389778306636,22.621183557615442,21.737476318069795,22.42621587066847,22.636408463096117,22.405684123104837,21.079535176807468,20.480225110346215,20.383113498233072,20.355672704911363,1.0,1.0,1.0,1.0,1.0,1.0,1.0,1.0,1.0,1.0
47.0,1.0,0.0,0.0,0.0,0.0,0.0,0.0,0.0,0.0,0.0,0.0,0.0,0.0,0.0,0.0,0.0,0.0,0.0,0.0,0.0,0.0
47.25,2.0,0.0,0.0,0.0,0.0,0.0,0.0,0.0,0.0,0.0,0.0,0.0,0.0,0.0,0.0,0.0,0.0,0.0,0.0,0.0,0.0
47.5,3.0,19.811186054206914,17.22820720417626,18.73656707034559,18.687622139942498,17.96019077964078,18.954075456829585,19.20744412804257,19.284930914269616,17.847208024027182,16.90657212821751,1.0,1.0,1.0,1.0,1.0,1.0,1.0,1.0,1.0,1.0
47.75,4.0,0.0,0.0,0.0,0.0,0.0,0.0,0.0,0.0,0.0,0.0,0.0,0.0,0.0,0.0,0.0,0.0,0.0,0.0,0.0,0.0
48.0,1.0,20.797411567717706,20.05379853483013,19.555027029070963,21.216545196939446,21.569975870053984,21.99289847262439,22.590968643958853,22.324540520263973,22.20835248183498,21.535579357169393,1.0,1.0,1.0,1.0,1.0,1.0,1.0,1.0,1.0,1.0
48.25,2.0,20.28241614133975,22.52918214872892,21.000403550335907,19.994822806431703,21.55727595374279,21.78554806512614,20.7093772740981,19.151648878954113,19.278247755039526,18.01380081749337,1.0,1.0,1.0,1.0,1.0,1.0,1.0,1.0,1.0,1.0
48.5,3.0,0.0,0.0,0.0,0.0,0.0,0.0,0.0,0.0,0.0,0.0,0.0,0.0,0.0,0.0,0.0,0.0,0.0,0.0,0.0,0.0
48.75,4.0,19.720838436960868,19.059267775868392,19.74599027603177,21.2363587036018,21.33949274693279,21.121498986755007,21.032504103528545,20.211051566250127,20.35254621537377,19.8431798835987,1.0,1.0,1.0,1.0,1.0,1.0,1.0,1.0,1.0,1.0
49.0,1.0,19.65363878934678,19.357574937047577,20.182202672009332,21.119178241352618,21.228256920120245,21.16259344708399,21.71879492405115,22.01863237222528,21.345892395563844,21.137488977982795,1.0,1.0,1.0,1.0,1.0,1.0,1.0,1.0,1.0,1.0
49.25,2.0,0.0,0.0,0.0,0.0,0.0,0.0,0.0,0.0,0.0,0.0,0.0,0.0,0.0,0.0,0.0,0.0,0.0,0.0,0.0,0.0
49.5,3.0,19.82022154331716,20.581812164884784,19.07687634500278,18.089922995107717,18.032265671472643,17.84169686447278,17.43567278093468,17.32929877617749,17.143104336981274,17.583100187169777,1.0,1.0,1.0,1.0,1.0,1.0,1.0,1.0,1.0,1.0
49.75,4.0,19.332149672018872,18.328442841775647,18.798631162296072,20.290653390880752,21.534539612899724,20.566593582076873,20.3363658700675,18.230821714234875,19.324697576100313,19.614029722583666,1.0,1.0,1.0,1.0,1.0,1.0,1.0,1.0,1.0,1.0
50.0,1.0,0.0,0.0,0.0,0.0,0.0,0.0,0.0,0.0,0.0,0.0,0.0,0.0,0.0,0.0,0.0,0.0,0.0,0.0,0.0,0.0
50.25,2.0,22.65528719337705,23.983035873879285,22.407120792048616,20.91040790536072,19.810110263409843,20.7043510756802,19.868205272317507,18.81136462009218,18.847355874885945,18.253404216654694,1.0,1.0,1.0,1.0,1.0,1.0,1.0,1.0,1.0,1.0
50.5,3.0,0.0,0.0,0.0,0.0,0.0,0.0,0.0,0.0,0.0,0.0,0.0,0.0,0.0,0.0,0.0,0.0,0.0,0.0,0.0,0.0
50.75,4.0,0.0,0.0,0.0,0.0,0.0,0.0,0.0,0.0,0.0,0.0,0.0,0.0,0.0,0.0,0.0,0.0,0.0,0.0,0.0,0.0
51.0,1.0,20.314700247132013,19.51379621069732,19.730423325887024,20.63307053769919,20.58577043378867,20.41641431287743,21.06760702349136,21.308997128349876,21.651492060244294,21.025132329799572,1.0,1.0,1.0,1.0,1.0,1.0,1.0,1.0,1.0,1.0
51.25,2.0,22.80989033760729,23.06711407367098,21.823494487103048,20.844576587152424,18.423478270679013,18.417818856852147,18.214555003665044,17.738266504174284,17.742614947169162,17.2585126187809,1.0,1.0,1.0,1.0,1.0,1.0,1.0,1.0,1.0,1.0
51.5,3.0,0.0,0.0,0.0,0.0,0.0,0.0,0.0,0.0,0.0,0.0,0.0,0.0,0.0,0.0,0.0,0.0,0.0,0.0,0.0,0.0
51.75,4.0,19.079541827728644,17.942960713596555,18.92089502057977,19.873271130986918,21.716086289446846,21.03261217578419,20.51477713810732,20.436829466697393,20.584520480301833,21.064340685310867,1.0,1.0,1.0,1.0,1.0,1.0,1.0,1.0,1.0,1.0
52.0,1.0,19.846492376980724,19.238568433361795,18.23830746116834,19.621961532916934,20.554122795408926,21.7490842683057,21.51194899416872,20.9189860526908,21.01928222777793,21.76747609137471,1.0,1.0,1.0,1.0,1.0,1.0,1.0,1.0,1.0,1.0
52.25,2.0,0.0,0.0,0.0,0.0,0.0,0.0,0.0,0.0,0.0,0.0,0.0,0.0,0.0,0.0,0.0,0.0,0.0,0.0,0.0,0.0
52.5,3.0,19.888135660070898,17.00834487197986,17.96944705024597,18.532178492193864,18.325439786713414,17.559794532426885,17.079859440751772,16.243719666586397,16.907100913358207,16.609664144418637,1.0,1.0,1.0,1.0,1.0,1.0,1.0,1.0,1.0,1.0
52.75,4.0,18.366818528722796,17.262063272999143,19.369931588229232,21.634322820841046,21.9491237577062,20.759913055923306,19.963897824941128,19.78015925327729,20.394976967185695,20.32751893987992,1.0,1.0,1.0,1.0,1.0,1.0,1.0,1.0,1.0,1.0
53.0,1.0,18.78310903492866,19.510916794132083,19.69274611545503,20.33419140303633,20.825532615002924,21.73575319131087,21.0173347792642,20.18848926101448,21.027443859942302,20.922916056081554,1.0,1.0,1.0,1.0,1.0,1.0,1.0,1.0,1.0,1.0
53.25,2.0,22.098694906007022,20.898111681534726,20.242577926937773,18.397556711723283,17.654116787877363,17.211442304855076,17.063192878584648,15.514882692025347,14.525694236121389,15.061985246300667,1.0,1.0,1.0,1.0,1.0,1.0,1.0,1.0,1.0,1.0
53.5,3.0,0.0,0.0,0.0,0.0,0.0,0.0,0.0,0.0,0.0,0.0,0.0,0.0,0.0,0.0,0.0,0.0,0.0,0.0,0.0,0.0
53.75,4.0,17.949698840324384,17.453687634700355,20.104220476239686,20.93259291614418,20.50382521610982,19.35789687105187,19.037241473837714,19.100918405849036,19.08470019185425,19.39798390180587,1.0,1.0,1.0,1.0,1.0,1.0,1.0,1.0,1.0,1.0
54.0,1.0,20.93590882661771,20.87013175301431,19.93516128942849,20.118153335242564,20.45439272803274,21.59729475717433,20.821735969636627,20.268155191125203,20.664057801748037,21.615879045015188,1.0,1.0,1.0,1.0,1.0,1.0,1.0,1.0,1.0,1.0
54.25,2.0,0.0,0.0,0.0,0.0,0.0,0.0,0.0,0.0,0.0,0.0,0.0,0.0,0.0,0.0,0.0,0.0,0.0,0.0,0.0,0.0
54.5,3.0,18.571270761881323,16.68510181495776,17.60799828882977,18.70865982978625,16.95466663587368,16.437457422389603,16.353015804094984,16.854794919746396,17.859143659102777,17.551276535501824,1.0,1.0,1.0,1.0,1.0,1.0,1.0,1.0,1.0,1.0
54.75,4.0,18.878250281547754,18.00777525821514,20.464563891506838,20.501674301585084,17.933539717961178,18.595138827309704,17.94671455303156,18.693789228367628,18.560652621990137,19.58608636950836,1.0,1.0,1.0,1.0,1.0,1.0,1.0,1.0,1.0,1.0
55.0,1.0,0.0,0.0,0.0,0.0,0.0,0.0,0.0,0.0,0.0,0.0,0.0,0.0,0.0,0.0,0.0,0.0,0.0,0.0,0.0,0.0
55.25,2.0,0.0,0.0,0.0,0.0,0.0,0.0,0.0,0.0,0.0,0.0,0.0,0.0,0.0,0.0,0.0,0.0,0.0,0.0,0.0,0.0
55.5,3.0,18.281687613491453,18.74008457849003,18.869726581739673,19.017808358304915,16.035025105719956,16.284559722795194,15.79285082547106,17.628748696218672,18.010186345229634,17.864023716379528,1.0,1.0,1.0,1.0,1.0,1.0,1.0,1.0,1.0,1.0
55.75,4.0,0.0,0.0,0.0,0.0,0.0,0.0,0.0,0.0,0.0,0.0,0.0,0.0,0.0,0.0,0.0,0.0,0.0,0.0,0.0,0.0
56.0,1.0,19.88697004705334,20.816034275365496,19.481173600386587,20.895014728644835,21.11606213697529,21.000901122062896,21.057710529132994,21.60380545116778,23.27265648503699,23.90373978662246,1.0,1.0,1.0,1.0,1.0,1.0,1.0,1.0,1.0,1.0
56.25,2.0,18.985414873978936,19.898320281440988,20.110191977195832,17.945753192911674,17.01334076097628,17.395392103102367,16.94711764102819,16.624904630518476,17.12193109508608,17.32155747106027,1.0,1.0,1.0,1.0,1.0,1.0,1.0,1.0,1.0,1.0
56.5,3.0,0.0,0.0,0.0,0.0,0.0,0.0,0.0,0.0,0.0,0.0,0.0,0.0,0.0,0.0,0.0,0.0,0.0,0.0,0.0,0.0
56.75,4.0,18.735770805087565,16.75497505001931,18.25789755863717,18.48883093097969,18.620764392061254,19.684422857712253,19.184306103621346,19.402250617889315,19.215734275123015,19.860609874728734,1.0,1.0,1.0,1.0,1.0,1.0,1.0,1.0,1.0,1.0
57.0,1.0,21.037141609731986,20.73547809460038,20.188185832743713,21.202784324444384,21.30274924737013,21.18348721442283,21.78946664252695,21.58117930981537,22.845624578992673,23.211582032247552,1.0,1.0,1.0,1.0,1.0,1.0,1.0,1.0,1.0,1.0
57.25,2.0,0.0,0.0,0.0,0.0,0.0,0.0,0.0,0.0,0.0,0.0,0.0,0.0,0.0,0.0,0.0,0.0,0.0,0.0,0.0,0.0
57.5,3.0,19.905060714941165,19.9388688681203,19.727996703781265,17.969514795204145,15.782566084914619,16.49015076350023,15.757916880531345,16.756737940514526,16.92120409177252,17.812043281059093,1.0,1.0,1.0,1.0,1.0,1.0,1.0,1.0,1.0,1.0
57.75,4.0,18.433510463282502,16.469859279537577,17.6149140599738,18.487546115344692,19.349946492582646,19.37394403814618,18.538513989429074,19.51842738849326,19.43463055360442,18.746272963966845,1.0,1.0,1.0,1.0,1.0,1.0,1.0,1.0,1.0,1.0
58.0,1.0,0.0,0.0,0.0,0.0,0.0,0.0,0.0,0.0,0.0,0.0,0.0,0.0,0.0,0.0,0.0,0.0,0.0,0.0,0.0,0.0
58.25,2.0,19.459971428894253,18.467456213432023,19.588171356804214,18.599493903668392,17.114902798369048,17.52161460917808,16.68080667245247,16.947887845295377,15.977829503763216,16.27975015006883,1.0,1.0,1.0,1.0,1.0,1.0,1.0,1.0,1.0,1.0
58.5,3.0,0.0,0.0,0.0,0.0,0.0,0.0,0.0,0.0,0.0,0.0,0.0,0.0,0.0,0.0,0.0,0.0,0.0,0.0,0.0,0.0
58.75,4.0,0.0,0.0,0.0,0.0,0.0,0.0,0.0,0.0,0.0,0.0,0.0,0.0,0.0,0.0,0.0,0.0,0.0,0.0,0.0,0.0
59.0,1.0,21.764333449967083,19.971752523420015,20.958817777887457,21.48696511708373,21.484488182260904,21.41935010237496,21.760974446092295,22.133995952560074,21.84147307167455,21.94620037617865,1.0,1.0,1.0,1.0,1.0,1.0,1.0,1.0,1.0,1.0
59.25,2.0,19.35261746392477,18.391876064336593,18.592610294412165,18.603157894081725,17.837211099577257,17.995923885948272,17.24190446038365,17.10292370709565,15.997676153680814,15.969158755321597,1.0,1.0,1.0,1.0,1.0,1.0,1.0,1.0,1.0,1.0
59.5,3.0,0.0,0.0,0.0,0.0,0.0,0.0,0.0,0.0,0.0,0.0,0.0,0.0,0.0,0.0,0.0,0.0,0.0,0.0,0.0,0.0
59.75,4.0,16.393020857314767,14.319397007801557,16.827506762164788,16.986660443641586,17.071440462274833,17.4266991137816,17.21040737611962,18.393802150309433,16.481814972722738,16.39696162230102,1.0,1.0,1.0,1.0,1.0,1.0,1.0,1.0,1.0,1.0
60.0,1.0,19.40232820573165,19.200586413480732,20.483397188585,21.422739983829302,19.878017575709865,20.69547174033512,20.345592106882137,20.85226847550942,20.27070127511355,20.53745953406061,1.0,1.0,1.0,1.0,1.0,1.0,1.0,1.0,1.0,1.0
60.25,2.0,0.0,0.0,0.0,0.0,0.0,0.0,0.0,0.0,0.0,0.0,0.0,0.0,0.0,0.0,0.0,0.0,0.0,0.0,0.0,0.0
60.5,3.0,17.440186765424073,16.653596329102083,16.815181655485333,16.520548131184214,17.981567748396188,19.7344755888257,18.663090681985064,17.57987530407116,17.319373940986797,16.553841151547402,1.0,1.0,1.0,1.0,1.0,1.0,1.0,1.0,1.0,1.0
60.75,4.0,14.718914785073258,14.656638483393094,17.90638671685123,16.37411300602842,17.003861462868915,17.01264357180536,16.65879336420514,16.484954708308006,16.05225560776677,16.615131040880545,1.0,1.0,1.0,1.0,1.0,1.0,1.0,1.0,1.0,1.0
61.0,1.0,19.2844436584108,19.41653784916606,19.68550918661135,19.89497518309298,19.273109306017723,19.64214412346496,19.16067630284117,19.905321585058427,19.624630728183522,18.95363705771903,1.0,1.0,1.0,1.0,1.0,1.0,1.0,1.0,1.0,1.0
61.25,2.0,18.79877360894524,17.971195047460768,20.331715249944768,20.155308018715616,17.255850889185528,18.361895610156694,17.14460809410229,17.425137760690205,16.11436622615751,15.335288733451973,1.0,1.0,1.0,1.0,1.0,1.0,1.0,1.0,1.0,1.0
61.5,3.0,0.0,0.0,0.0,0.0,0.0,0.0,0.0,0.0,0.0,0.0,0.0,0.0,0.0,0.0,0.0,0.0,0.0,0.0,0.0,0.0
61.75,4.0,15.439076127450546,16.106699125573094,18.202611185603253,17.45807603126373,17.406702018783154,17.230217492537275,15.873197198794514,16.606517733100013,15.959036326636232,16.2796732810011,1.0,1.0,1.0,1.0,1.0,1.0,1.0,1.0,1.0,1.0
62.0,1.0,18.456488648746554,17.278487785589224,17.108042086948895,17.811047166419282,17.82581100675895,19.063807499173507,18.825123442777336,18.852205766275056,18.144483858837052,18.122754812617238,1.0,1.0,1.0,1.0,1.0,1.0,1.0,1.0,1.0,1.0
62.25,2.0,0.0,0.0,0.0,0.0,0.0,0.0,0.0,0.0,0.0,0.0,0.0,0.0,0.0,0.0,0.0,0.0,0.0,0.0,0.0,0.0
62.5,3.0,15.91970644782617,17.123150115957795,16.227113057348703,18.48699105483554,18.499154238034468,19.04330672050623,19.683070441445697,18.794194101377812,18.402340619353648,18.313037447343717,1.0,1.0,1.0,1.0,1.0,1.0,1.0,1.0,1.0,1.0
62.75,4.0,16.078082657051603,17.071560213104373,17.897217408459614,17.686129590347186,17.097898724486903,16.81201290828131,16.13681588856591,16.11055165218034,15.170003431247578,15.012130532005996,1.0,1.0,1.0,1.0,1.0,1.0,1.0,1.0,1.0,1.0
63.0,1.0,0.0,0.0,0.0,0.0,0.0,0.0,0.0,0.0,0.0,0.0,0.0,0.0,0.0,0.0,0.0,0.0,0.0,0.0,0.0,0.0
63.25,2.0,0.0,0.0,0.0,0.0,0.0,0.0,0.0,0.0,0.0,0.0,0.0,0.0,0.0,0.0,0.0,0.0,0.0,0.0,0.0,0.0
63.5,3.0,15.671890178383368,16.9833136330765,16.994375810043667,18.421683100103735,18.41282919431207,18.881867623819605,19.325585505173354,18.431398716851646,17.870034633158685,17.186405016073728,1.0,1.0,1.0,1.0,1.0,1.0,1.0,1.0,1.0,1.0
63.75,4.0,0.0,0.0,0.0,0.0,0.0,0.0,0.0,0.0,0.0,0.0,0.0,0.0,0.0,0.0,0.0,0.0,0.0,0.0,0.0,0.0
64.0,1.0,17.57348749405153,17.63848486002769,17.504745089020993,18.479887840004213,17.74731688547965,17.74574141506899,18.81855706043002,17.839558787667325,18.03672434032387,19.055896074070652,1.0,1.0,1.0,1.0,1.0,1.0,1.0,1.0,1.0,1.0
64.25,2.0,17.721468269547994,16.477924525257638,17.75851546290974,17.36269323200612,15.778060522479356,15.106707962468002,15.188046466925572,14.749635965888602,15.31653994493729,15.16899065020004,1.0,1.0,1.0,1.0,1.0,1.0,1.0,1.0,1.0,1.0
64.5,3.0,0.0,0.0,0.0,0.0,0.0,0.0,0.0,0.0,0.0,0.0,0.0,0.0,0.0,0.0,0.0,0.0,0.0,0.0,0.0,0.0
64.75,4.0,17.498966174267196,17.911090128456816,17.865592761827813,17.306890220822932,17.027084677795923,16.39355860136625,15.120384509580688,15.35970249022539,15.564771220096743,14.588892567609781,1.0,1.0,1.0,1.0,1.0,1.0,1.0,1.0,1.0,1.0
65.0,1.0,17.26944997673318,17.242426830957758,17.639195625426503,17.583967382402133,18.411391321357,18.27063705269072,19.76535024466959,19.127013500616037,18.846185628533853,19.414267385271355,1.0,1.0,1.0,1.0,1.0,1.0,1.0,1.0,1.0,1.0
65.25,2.0,0.0,0.0,0.0,0.0,0.0,0.0,0.0,0.0,0.0,0.0,0.0,0.0,0.0,0.0,0.0,0.0,0.0,0.0,0.0,0.0
65.5,3.0,16.957056519883942,17.901864324349404,17.571005817599286,18.29922597847025,19.133941732696336,19.325651392927774,19.019959900829843,17.71780764821763,18.78863862169754,18.56606865352079,1.0,1.0,1.0,1.0,1.0,1.0,1.0,1.0,1.0,1.0
65.75,4.0,16.802555038178394,16.852068640072602,17.48922809050811,15.590844704532767,16.280711058278253,15.843184081529246,14.927334908298672,15.91358132433593,16.111563426392518,14.873904665018054,1.0,1.0,1.0,1.0,1.0,1.0,1.0,1.0,1.0,1.0
66.0,1.0,0.0,0.0,0.0,0.0,0.0,0.0,0.0,0.0,0.0,0.0,0.0,0.0,0.0,0.0,0.0,0.0,0.0,0.0,0.0,0.0
66.25,2.0,16.627875194656855,15.662125968906398,15.843843993926491,15.11537397194341,14.926976004599583,15.40693317550679,16.35293586525062,15.756837792242077,16.334757899990272,17.492589229952532,1.0,1.0,1.0,1.0,1.0,1.0,1.0,1.0,1.0,1.0
66.5,3.0,0.0,0.0,0.0,0.0,0.0,0.0,0.0,0.0,0.0,0.0,0.0,0.0,0.0,0.0,0.0,0.0,0.0,0.0,0.0,0.0
66.75,4.0,0.0,0.0,0.0,0.0,0.0,0.0,0.0,0.0,0.0,0.0,0.0,0.0,0.0,0.0,0.0,0.0,0.0,0.0,0.0,0.0
67.0,1.0,16.846914745772114,17.90403359721866,18.337105059871448,19.12322956648875,18.42665821163945,19.16283744840114,19.67843006029433,19.544494021755053,19.540343966413303,20.180703729790682,1.0,1.0,1.0,1.0,1.0,1.0,1.0,1.0,1.0,1.0
67.25,2.0,16.81135758633997,15.280650918686346,15.40948485348501,16.72065826112213,17.612059721722026,16.83821376701377,17.7358071153637,17.936377070569385,18.62923859957752,18.971840553537156,1.0,1.0,1.0,1.0,1.0,1.0,1.0,1.0,1.0,1.0
67.5,3.0,16.978333717720854,17.628044707929973,17.52782324163867,17.302255484447752,17.628396095873857,18.322221982183734,18.161195585596666,16.951059888188308,16.352327365668287,16.249767305121733,1.0,1.0,1.0,1.0,1.0,1.0,1.0,1.0,1.0,1.0
67.75,4.0,16.766220084944607,16.49658704274381,15.221117041819374,12.894974519136024,13.815556851792168,14.641946093377031,15.689579101096175,15.713924500808584,17.11553904156868,16.248761762521525,1.0,1.0,1.0,1.0,1.0,1.0,1.0,1.0,1.0,1.0
68.0,1.0,16.118913130056356,18.42532137105952,19.23370399355257,19.31249692014984,18.827230556750962,19.966718960014717,20.051749028662616,20.052744798438482,19.211228147864755,19.811310325454595,1.0,1.0,1.0,1.0,1.0,1.0,1.0,1.0,1.0,1.0
68.25,2.0,0.0,0.0,0.0,0.0,0.0,0.0,0.0,0.0,0.0,0.0,0.0,0.0,0.0,0.0,0.0,0.0,0.0,0.0,0.0,0.0
68.5,3.0,16.175438000535813,17.16925610603147,17.28909000720645,17.069310414640054,18.13527846976057,17.21558397104294,16.872412028651713,15.853906710532948,16.324071990916128,16.6988924782349,1.0,1.0,1.0,1.0,1.0,1.0,1.0,1.0,1.0,1.0
68.75,4.0,16.9966870586553,16.177964256508677,14.376544961151948,13.221228977694102,14.650037211683712,15.278286251419997,15.57189450165186,15.463620983171726,16.187168801478904,16.133299534482777,1.0,1.0,1.0,1.0,1.0,1.0,1.0,1.0,1.0,1.0
69.0,1.0,16.860988379805427,17.868852174016173,19.146725934119445,20.042564101969397,18.768893149273485,19.043905110248385,19.072775755234154,18.82374669717667,19.019888897672047,20.038171620766086,1.0,1.0,1.0,1.0,1.0,1.0,1.0,1.0,1.0,1.0
69.25,2.0,16.53042297708311,16.619231925000683,17.621167188923533,17.36827120909913,17.723947709006147,18.102640499218232,18.08114991733538,17.89028550463226,17.590240679142376,17.535868738849345,1.0,1.0,1.0,1.0,1.0,1.0,1.0,1.0,1.0,1.0
69.5,3.0,0.0,0.0,0.0,0.0,0.0,0.0,0.0,0.0,0.0,0.0,0.0,0.0,0.0,0.0,0.0,0.0,0.0,0.0,0.0,0.0
69.75,4.0,16.1858302918502,15.936868488375525,15.447096028368197,13.997855145574011,14.619207548827317,16.18962758620125,15.027842626343437,15.52417633956586,16.13712469224279,16.196386224996576,1.0,1.0,1.0,1.0,1.0,1.0,1.0,1.0,1.0,1.0
70.0,1.0,17.367318710804547,17.71551217253935,20.298843279653777,19.68346104670947,19.575909334115547,19.309832348691955,19.965047937363973,19.269706718337506,19.065753215208176,19.886956475991962,1.0,1.0,1.0,1.0,1.0,1.0,1.0,1.0,1.0,1.0
70.25,2.0,0.0,0.0,0.0,0.0,0.0,0.0,0.0,0.0,0.0,0.0,0.0,0.0,0.0,0.0,0.0,0.0,0.0,0.0,0.0,0.0
70.5,3.0,18.068666374421767,16.58228752939079,17.0223201675607,17.395469090721058,16.70986990587237,17.524188712054755,17.248450706033697,18.233029887626074,19.013117109261465,18.29969494159142,1.0,1.0,1.0,1.0,1.0,1.0,1.0,1.0,1.0,1.0
70.75,4.0,16.84070098125638,17.068110033948866,16.30682272274506,15.265060584022338,15.145987690801087,15.884757344144932,16.2973507778455,16.041581004537136,16.96922585548641,16.894212124665348,1.0,1.0,1.0,1.0,1.0,1.0,1.0,1.0,1.0,1.0
71.0,1.0,0.0,0.0,0.0,0.0,0.0,0.0,0.0,0.0,0.0,0.0,0.0,0.0,0.0,0.0,0.0,0.0,0.0,0.0,0.0,0.0
71.25,2.0,19.127318654376364,19.57138374342092,18.610921151943366,18.002030141832652,19.165717765065814,19.317139778564915,19.69095465177123,18.78595128850982,17.87778801250007,18.258795407132073,1.0,1.0,1.0,1.0,1.0,1.0,1.0,1.0,1.0,1.0
71.5,3.0,17.697576621459003,16.53206843282815,17.48209403337454,17.28668922473367,16.93600213571596,17.992328646445493,18.445206098183675,18.936812368795405,18.68904873320807,17.98126129965562,1.0,1.0,1.0,1.0,1.0,1.0,1.0,1.0,1.0,1.0
71.75,4.0,0.0,0.0,0.0,0.0,0.0,0.0,0.0,0.0,0.0,0.0,0.0,0.0,0.0,0.0,0.0,0.0,0.0,0.0,0.0,0.0
72.0,1.0,19.59389917870017,18.994737212879013,20.30056909090765,19.253806270714392,17.733154566584062,19.175901325243554,19.59305269911774,19.479977640422074,19.322359793019764,19.898016992177507,1.0,1.0,1.0,1.0,1.0,1.0,1.0,1.0,1.0,1.0
72.25,2.0,19.04429404176511,18.211037806717034,18.62826287962541,18.969073000313276,19.14896151174497,19.078366679902054,18.425742167752304,17.5515408513677,16.432265647035315,17.590791146220607,1.0,1.0,1.0,1.0,1.0,1.0,1.0,1.0,1.0,1.0
72.5,3.0,0.0,0.0,0.0,0.0,0.0,0.0,0.0,0.0,0.0,0.0,0.0,0.0,0.0,0.0,0.0,0.0,0.0,0.0,0.0,0.0
72.75,4.0,18.545767369817487,18.32199940143276,17.27564217841772,16.71912526637741,17.42916114201962,18.195151801835543,17.794401505405222,17.10122079037711,17.029490475653816,16.267139812346027,1.0,1.0,1.0,1.0,1.0,1.0,1.0,1.0,1.0,1.0
73.0,1.0,20.220235321656734,19.52563534003354,18.924119547872298,18.028128287781158,17.502614144681328,18.90508504661432,18.692438586508338,19.150172714881315,18.942179875158683,19.41149849961821,1.0,1.0,1.0,1.0,1.0,1.0,1.0,1.0,1.0,1.0
73.25,2.0,0.0,0.0,0.0,0.0,0.0,0.0,0.0,0.0,0.0,0.0,0.0,0.0,0.0,0.0,0.0,0.0,0.0,0.0,0.0,0.0
73.5,3.0,19.149288289450457,19.995549944427587,18.167128877559534,17.609304657811013,17.916086766539944,18.050139343881323,18.090340231737283,18.053702296497207,16.348468331695408,15.445598478724703,1.0,1.0,1.0,1.0,1.0,1.0,1.0,1.0,1.0,1.0
73.75,4.0,19.005309178419544,17.31341314669044,15.641561537222202,15.92395812950811,18.94550536560308,19.407704317332232,17.888725293355822,17.442883492602462,17.61224195815727,16.99396308138775,1.0,1.0,1.0,1.0,1.0,1.0,1.0,1.0,1.0,1.0
74.0,1.0,18.9451569151803,19.317622987903516,18.473645585469573,19.161406881549837,18.36646234138038,19.533846504520177,19.208410069754514,18.83426352633185,17.99227293306531,19.456236656957344,1.0,1.0,1.0,1.0,1.0,1.0,1.0,1.0,1.0,1.0
74.25,2.0,19.062884493225727,17.849632585981936,17.417672835164943,17.876804124912677,17.669423441639605,17.445023413521803,17.955354758185,16.744833143559127,17.806007677282,18.497930740054755,1.0,1.0,1.0,1.0,1.0,1.0,1.0,1.0,1.0,1.0
74.5,3.0,0.0,0.0,0.0,0.0,0.0,0.0,0.0,0.0,0.0,0.0,0.0,0.0,0.0,0.0,0.0,0.0,0.0,0.0,0.0,0.0
74.75,4.0,0.0,0.0,0.0,0.0,0.0,0.0,0.0,0.0,0.0,0.0,0.0,0.0,0.0,0.0,0.0,0.0,0.0,0.0,0.0,0.0
75.0,1.0,18.910894656861622,19.900971241707428,19.556003989512316,20.410922239289103,18.83607615146567,19.34205723350174,18.87408157225438,18.114428507046032,18.551405180687986,19.86073009679666,1.0,1.0,1.0,1.0,1.0,1.0,1.0,1.0,1.0,1.0
75.25,2.0,17.235440684292456,16.95433585778501,18.022580303779208,19.46694420320985,18.419717361774154,17.603898596776187,17.1827347814317,16.235901743853617,16.871592829508756,17.53714695634231,1.0,1.0,1.0,1.0,1.0,1.0,1.0,1.0,1.0,1.0
75.5,3.0,20.001513836800473,20.36175991565804,18.598174335236564,17.8249498871566,17.249033817530435,16.025988905270946,15.908687731389039,14.889173175937295,13.878453116393253,14.556764729955189,1.0,1.0,1.0,1.0,1.0,1.0,1.0,1.0,1.0,1.0
75.75,4.0,17.604129795455066,16.21146779132194,16.54483569750827,16.639380926019964,17.332983707014822,17.714734273842975,17.63238665346235,17.116722319329057,17.13212470388789,17.35057206063344,1.0,1.0,1.0,1.0,1.0,1.0,1.0,1.0,1.0,1.0
76.0,1.0,19.17475712085877,20.037178329204757,19.535365172413577,19.602442654684797,18.568041003466732,19.31362837350991,18.924863748704933,19.322679833045274,19.428957776972105,20.683780709663225,1.0,1.0,1.0,1.0,1.0,1.0,1.0,1.0,1.0,1.0
76.25,2.0,0.0,0.0,0.0,0.0,0.0,0.0,0.0,0.0,0.0,0.0,0.0,0.0,0.0,0.0,0.0,0.0,0.0,0.0,0.0,0.0
76.5,3.0,20.04569353013035,19.296928596391073,18.517976488809257,18.408473156464513,16.764700608602812,15.59556635181737,15.750005416391067,14.690042453823223,14.637942986004886,14.990482125185052,1.0,1.0,1.0,1.0,1.0,1.0,1.0,1.0,1.0,1.0
76.75,4.0,17.8375722769365,17.640919408637195,16.51010973572521,16.274828775045755,17.384952063309843,17.829903372338386,17.08892027662546,16.965758322330384,16.969485530295117,17.279218131191893,1.0,1.0,1.0,1.0,1.0,1.0,1.0,1.0,1.0,1.0
77.0,1.0,19.802994601036538,19.88618216627926,19.848982171772846,19.48143923593048,17.467129712310737,19.39160457266966,19.411990447294468,19.46600576849977,18.529670852161768,19.47807646214609,1.0,1.0,1.0,1.0,1.0,1.0,1.0,1.0,1.0,1.0
77.25,2.0,16.760834828488917,16.477289369998285,17.914566004195873,17.68183920335871,16.662061575731776,16.519687142872872,16.693246584029566,16.02994735299225,16.37532837650159,16.975626160036445,1.0,1.0,1.0,1.0,1.0,1.0,1.0,1.0,1.0,1.0
77.5,3.0,0.0,0.0,0.0,0.0,0.0,0.0,0.0,0.0,0.0,0.0,0.0,0.0,0.0,0.0,0.0,0.0,0.0,0.0,0.0,0.0
77.75,4.0,18.33051426210385,17.690969382515373,16.596952114991833,16.910608267657395,16.841693119789877,16.97905460988501,16.548302729433995,16.668107086938193,17.443513032782814,18.242170771574294,1.0,1.0,1.0,1.0,1.0,1.0,1.0,1.0,1.0,1.0
78.0,1.0,20.556451926385204,20.16166590153339,19.56150914143486,18.31948694366175,17.472014078837297,19.42059095685144,19.0297715686383,18.69758492482723,18.02460399194996,18.94458292440939,1.0,1.0,1.0,1.0,1.0,1.0,1.0,1.0,1.0,1.0
78.25,2.0,0.0,0.0,0.0,0.0,0.0,0.0,0.0,0.0,0.0,0.0,0.0,0.0,0.0,0.0,0.0,0.0,0.0,0.0,0.0,0.0
78.5,3.0,20.967770944569427,19.755457787736724,17.605449781973313,16.23161477946293,15.088335205127056,15.884623801411626,15.203371528942673,15.7010619669527,15.13119561019325,15.433047383304864,1.0,1.0,1.0,1.0,1.0,1.0,1.0,1.0,1.0,1.0
78.75,4.0,18.043314156008698,17.927600182055357,16.198581303278203,16.92572627596918,17.17675981842038,17.13178995664791,17.174215902642818,17.939918192582656,18.584482954235575,19.556612455175642,1.0,1.0,1.0,1.0,1.0,1.0,1.0,1.0,1.0,1.0
79.0,1.0,0.0,0.0,0.0,0.0,0.0,0.0,0.0,0.0,0.0,0.0,0.0,0.0,0.0,0.0,0.0,0.0,0.0,0.0,0.0,0.0
79.25,2.0,18.604143941480594,17.491950840386114,17.997672081398914,17.389241537585413,15.947770428206908,15.841028259851297,15.98283100042878,17.195928449227946,17.722347146860574,18.759628768374558,1.0,1.0,1.0,1.0,1.0,1.0,1.0,1.0,1.0,1.0
79.5,3.0,19.94243197543922,17.99263838355785,16.445152234346583,15.497491311472944,14.234874547398263,15.606263955086552,14.758187317012869,15.143289490095974,15.450145560236843,15.93459824715162,1.0,1.0,1.0,1.0,1.0,1.0,1.0,1.0,1.0,1.0
79.75,4.0,0.0,0.0,0.0,0.0,0.0,0.0,0.0,0.0,0.0,0.0,0.0,0.0,0.0,0.0,0.0,0.0,0.0,0.0,0.0,0.0
80.0,1.0,18.623304025512383,18.036206592497518,17.785183708725842,18.3689925978747,18.372792051751322,19.57902532025171,18.928091709106994,18.369602862466806,18.586961038630026,18.761083785739043,1.0,1.0,1.0,1.0,1.0,1.0,1.0,1.0,1.0,1.0
80.25,2.0,19.104192723305086,16.944999586785496,16.79130249672606,16.033730399550365,15.949700319964206,16.681346153215625,17.652064232137107,18.565865516825117,18.64671579699,19.02209166987628,1.0,1.0,1.0,1.0,1.0,1.0,1.0,1.0,1.0,1.0
80.5,3.0,0.0,0.0,0.0,0.0,0.0,0.0,0.0,0.0,0.0,0.0,0.0,0.0,0.0,0.0,0.0,0.0,0.0,0.0,0.0,0.0
80.75,4.0,16.952936722171177,16.3878776033965,15.538709830569083,16.94035462976632,17.010981177165007,16.364935961925834,17.838714129383316,18.702505624139036,18.36654711040257,19.932287944570145,1.0,1.0,1.0,1.0,1.0,1.0,1.0,1.0,1.0,1.0
81.0,1.0,17.22656442361056,16.424767172603204,16.823477156643502,18.379540883468497,18.90997583052117,18.606983521317105,18.809291394580885,18.225816260613353,18.425898550266467,19.358353590839737,1.0,1.0,1.0,1.0,1.0,1.0,1.0,1.0,1.0,1.0
81.25,2.0,0.0,0.0,0.0,0.0,0.0,0.0,0.0,0.0,0.0,0.0,0.0,0.0,0.0,0.0,0.0,0.0,0.0,0.0,0.0,0.0
81.5,3.0,18.083146956051838,16.645139938818375,15.642241312675361,14.390373665055005,14.497011928787071,15.254995510351781,15.091035581214204,14.513392009290722,13.92160108758121,13.891010940461697,1.0,1.0,1.0,1.0,1.0,1.0,1.0,1.0,1.0,1.0
81.75,4.0,17.21915928793625,15.951367668289878,16.466587329076276,16.788267652408475,17.26925220712604,16.529855365056424,17.907260398999345,18.74744982013896,17.47230865009474,17.880127118294265,1.0,1.0,1.0,1.0,1.0,1.0,1.0,1.0,1.0,1.0
82.0,1.0,16.210139016068545,15.540722426350534,17.80188121086275,19.03528493555803,17.787159515069217,17.73708577275875,17.962629728467594,17.69220862988642,18.70054989824192,19.119594406403937,1.0,1.0,1.0,1.0,1.0,1.0,1.0,1.0,1.0,1.0
82.25,2.0,16.642850448590675,16.693367176582335,16.396474457457565,16.806655928081412,16.980471870367012,17.30294573138537,17.753196935534433,17.289571253956733,18.127985591751127,18.01792892202747,1.0,1.0,1.0,1.0,1.0,1.0,1.0,1.0,1.0,1.0
82.5,3.0,0.0,0.0,0.0,0.0,0.0,0.0,0.0,0.0,0.0,0.0,0.0,0.0,0.0,0.0,0.0,0.0,0.0,0.0,0.0,0.0
82.75,4.0,16.283347205736025,15.183119079165985,15.75860461964182,16.0044839262728,16.34763592473092,16.619813001736567,16.36423071418899,18.587172673450112,18.856009876430242,19.326988179091686,1.0,1.0,1.0,1.0,1.0,1.0,1.0,1.0,1.0,1.0
83.0,1.0,16.426778147457895,16.612221327896588,18.60035335996801,18.620865267131176,17.24935622531927,17.66148742059227,17.80099937388295,17.911265267780177,18.238290819200152,17.894390282462666,1.0,1.0,1.0,1.0,1.0,1.0,1.0,1.0,1.0,1.0
83.25,2.0,15.769499377515407,15.246478224196885,16.917301427519977,16.80275116567156,17.157207903230596,17.80650590258515,18.041986839223497,18.502750722498394,18.117123054609785,18.057413199942154,1.0,1.0,1.0,1.0,1.0,1.0,1.0,1.0,1.0,1.0
83.5,3.0,15.466051472172996,14.93389430658289,14.83493590331008,13.59918251174356,13.415951579407913,13.919749315739594,13.233549127131043,14.52938227413792,14.58616875377638,15.174716269552272,1.0,1.0,1.0,1.0,1.0,1.0,1.0,1.0,1.0,1.0
83.75,4.0,16.055318311913574,14.114423878553053,14.961304899527573,15.184814018363127,16.034581268231918,17.23486225575954,17.919541777807456,19.37443652266408,18.506343367354756,18.721399902818415,1.0,1.0,1.0,1.0,1.0,1.0,1.0,1.0,1.0,1.0
84.0,1.0,0.0,0.0,0.0,0.0,0.0,0.0,0.0,0.0,0.0,0.0,0.0,0.0,0.0,0.0,0.0,0.0,0.0,0.0,0.0,0.0
84.25,2.0,0.0,0.0,0.0,0.0,0.0,0.0,0.0,0.0,0.0,0.0,0.0,0.0,0.0,0.0,0.0,0.0,0.0,0.0,0.0,0.0
84.5,3.0,15.734848228803628,15.35978509034643,15.448595164708864,13.992083476225115,13.735596869511594,15.009504797419154,14.449204256190148,14.704710253909491,14.68905603412169,15.52263860772448,1.0,1.0,1.0,1.0,1.0,1.0,1.0,1.0,1.0,1.0
84.75,4.0,0.0,0.0,0.0,0.0,0.0,0.0,0.0,0.0,0.0,0.0,0.0,0.0,0.0,0.0,0.0,0.0,0.0,0.0,0.0,0.0
85.0,1.0,16.3149793783635,17.665097011896446,19.194488074504857,16.19887287504481,16.056277121313496,16.63284225489571,15.895511165204608,15.555362671624328,15.949778889417637,15.70173444104588,1.0,1.0,1.0,1.0,1.0,1.0,1.0,1.0,1.0,1.0
85.25,2.0,16.77284385472029,14.909351658665003,15.581009534751347,16.654541215742785,18.11899668958653,18.435020410877396,18.490840559424313,18.74863342791649,18.398684769655784,18.947712092829445,1.0,1.0,1.0,1.0,1.0,1.0,1.0,1.0,1.0,1.0
85.5,3.0,0.0,0.0,0.0,0.0,0.0,0.0,0.0,0.0,0.0,0.0,0.0,0.0,0.0,0.0,0.0,0.0,0.0,0.0,0.0,0.0
85.75,4.0,15.178421190881092,14.745672412169975,15.631167090899273,16.387213648469757,17.335584440973346,17.91422327465452,17.85059783479947,18.782153624378875,17.897878335375566,18.154535394164693,1.0,1.0,1.0,1.0,1.0,1.0,1.0,1.0,1.0,1.0
86.0,1.0,17.315504365587348,17.57309905187824,17.737655382633605,16.640147141715307,16.50501080185598,17.655461061937057,16.354444934582325,15.75970235061676,16.51191569315809,16.429498112040605,1.0,1.0,1.0,1.0,1.0,1.0,1.0,1.0,1.0,1.0
86.25,2.0,0.0,0.0,0.0,0.0,0.0,0.0,0.0,0.0,0.0,0.0,0.0,0.0,0.0,0.0,0.0,0.0,0.0,0.0,0.0,0.0
86.5,3.0,15.741685870345488,15.529728522335745,15.061864003714149,15.754942592392966,14.785055164151164,16.605566848220864,16.28128685954894,15.664528906460243,15.279941588216692,15.317655307059326,1.0,1.0,1.0,1.0,1.0,1.0,1.0,1.0,1.0,1.0
86.75,4.0,14.721978847817482,14.57201582099399,16.425571302755156,16.536072732302095,18.75119636910808,18.718258336468608,18.65053127764126,17.860813984091624,16.593628639442507,16.66526238571006,1.0,1.0,1.0,1.0,1.0,1.0,1.0,1.0,1.0,1.0
87.0,1.0,0.0,0.0,0.0,0.0,0.0,0.0,0.0,0.0,0.0,0.0,0.0,0.0,0.0,0.0,0.0,0.0,0.0,0.0,0.0,0.0
87.25,2.0,15.28843637480728,14.261202812360587,14.862154037957964,16.768257651160724,16.55141590968142,16.94654888498316,16.393118104387973,16.676511152131727,17.15131677973144,17.759271117223427,1.0,1.0,1.0,1.0,1.0,1.0,1.0,1.0,1.0,1.0
87.5,3.0,0.0,0.0,0.0,0.0,0.0,0.0,0.0,0.0,0.0,0.0,0.0,0.0,0.0,0.0,0.0,0.0,0.0,0.0,0.0,0.0
87.75,4.0,0.0,0.0,0.0,0.0,0.0,0.0,0.0,0.0,0.0,0.0,0.0,0.0,0.0,0.0,0.0,0.0,0.0,0.0,0.0,0.0
88.0,1.0,16.74883333128497,17.69446106367225,17.272962949378616,16.12498651061369,16.05540549442674,16.855935291490173,15.624566739136405,15.740515236405935,15.712487120655693,16.73109519926273,1.0,1.0,1.0,1.0,1.0,1.0,1.0,1.0,1.0,1.0
88.25,2.0,15.085152244170606,15.045055641525865,15.918024152856203,16.157048911774183,15.881052623641946,16.289135091243146,15.937830190263876,16.662816934095652,17.108376917590252,17.793664596113732,1.0,1.0,1.0,1.0,1.0,1.0,1.0,1.0,1.0,1.0
88.5,3.0,0.0,0.0,0.0,0.0,0.0,0.0,0.0,0.0,0.0,0.0,0.0,0.0,0.0,0.0,0.0,0.0,0.0,0.0,0.0,0.0
88.75,4.0,14.595692218645272,15.199858555518714,17.42566495943767,18.63823357858027,18.599548088526195,18.60796953987521,17.772335017606242,17.163210031871245,17.22834119194955,16.926347759328305,1.0,1.0,1.0,1.0,1.0,1.0,1.0,1.0,1.0,1.0
89.0,1.0,15.42637869269045,15.125550548417795,15.503285455167633,15.658420600658658,14.047982721044468,15.307408106776089,15.355374829944939,15.962078655877232,16.182737753027777,17.930131000550613,1.0,1.0,1.0,1.0,1.0,1.0,1.0,1.0,1.0,1.0
89.25,2.0,0.0,0.0,0.0,0.0,0.0,0.0,0.0,0.0,0.0,0.0,0.0,0.0,0.0,0.0,0.0,0.0,0.0,0.0,0.0,0.0
89.5,3.0,14.894110028015659,15.601490201715633,15.782067143086227,15.745151586034943,14.308566978879245,14.985151528100067,15.86809430155898,16.24822424841367,16.74339247388369,17.928683546722624,1.0,1.0,1.0,1.0,1.0,1.0,1.0,1.0,1.0,1.0
89.75,4.0,14.974327783222728,16.20671267303035,17.723451384350195,18.037544691234018,16.456256443362676,17.16583973658635,15.881503092914446,16.235410684225805,15.999172429270043,16.20291778696309,1.0,1.0,1.0,1.0,1.0,1.0,1.0,1.0,1.0,1.0
90.0,1.0,14.324423876394606,14.207287177621447,15.939069997883264,15.81302294239595,14.750263060325857,15.871515658348944,15.721540161261787,16.881759286511254,17.60789439786518,18.523715786582308,1.0,1.0,1.0,1.0,1.0,1.0,1.0,1.0,1.0,1.0
90.25,2.0,14.539362088226595,14.865949370657678,15.455522549673795,15.924891095490262,15.850995194920015,16.285367891536403,16.606271460787433,17.886272614492928,17.643940292921823,17.620038312801505,1.0,1.0,1.0,1.0,1.0,1.0,1.0,1.0,1.0,1.0
90.5,3.0,0.0,0.0,0.0,0.0,0.0,0.0,0.0,0.0,0.0,0.0,0.0,0.0,0.0,0.0,0.0,0.0,0.0,0.0,0.0,0.0
90.75,4.0,15.443365047246175,16.438667951365,16.918836655317865,17.91014176595098,14.040335033664748,14.267085003447892,14.823089425103015,15.465986365583412,15.673601317544163,15.09790096503365,1.0,1.0,1.0,1.0,1.0,1.0,1.0,1.0,1.0,1.0
91.0,1.0,13.943156542406175,14.766966035241117,16.524323174965375,15.110583207158994,15.14163368983183,16.129583356537953,16.5044047312185,17.278417800076145,17.005471213857632,18.206061931481536,1.0,1.0,1.0,1.0,1.0,1.0,1.0,1.0,1.0,1.0
91.25,2.0,13.90040697724562,14.03739394223042,14.590562291900094,15.667416961416276,15.670178436318858,15.892220246884396,16.146391630033044,17.471227537025545,16.039779182461626,16.014259568478625,1.0,1.0,1.0,1.0,1.0,1.0,1.0,1.0,1.0,1.0
91.5,3.0,15.580124733927038,16.40914562454786,16.836189196171464,15.995448718566914,15.945464769489496,17.163008304674843,18.328012485934384,19.1402445960206,20.854570564762707,21.470366637112818,1.0,1.0,1.0,1.0,1.0,1.0,1.0,1.0,1.0,1.0
91.75,4.0,16.188534292424624,16.332650234265536,16.951855375469382,16.711323925267354,12.495533315344842,13.90277057643809,14.829745775189595,15.609699603993851,15.392076311191003,15.300699300147498,1.0,1.0,1.0,1.0,1.0,1.0,1.0,1.0,1.0,1.0
92.0,1.0,0.0,0.0,0.0,0.0,0.0,0.0,0.0,0.0,0.0,0.0,0.0,0.0,0.0,0.0,0.0,0.0,0.0,0.0,0.0,0.0
92.25,2.0,0.0,0.0,0.0,0.0,0.0,0.0,0.0,0.0,0.0,0.0,0.0,0.0,0.0,0.0,0.0,0.0,0.0,0.0,0.0,0.0
92.5,3.0,15.279651387423906,16.198240636965036,17.356829138013392,17.445371170595873,16.617315283295735,18.287972338724813,19.102591200306932,19.89455524709729,20.0867255566076,20.51941146287112,1.0,1.0,1.0,1.0,1.0,1.0,1.0,1.0,1.0,1.0
92.75,4.0,0.0,0.0,0.0,0.0,0.0,0.0,0.0,0.0,0.0,0.0,0.0,0.0,0.0,0.0,0.0,0.0,0.0,0.0,0.0,0.0
93.0,1.0,14.508851058176127,15.093002227899635,15.563260807046824,15.255339670416317,15.878089443538125,17.503195744373926,17.887156340148433,18.860929323169458,18.038930074097106,18.220116520605554,1.0,1.0,1.0,1.0,1.0,1.0,1.0,1.0,1.0,1.0
93.25,2.0,14.89648539445671,14.700914795575232,13.186520507521044,13.353333073535742,15.220579798923566,16.914112983774384,17.807630176070266,18.260156566580477,15.698794172803002,15.064074025974776,1.0,1.0,1.0,1.0,1.0,1.0,1.0,1.0,1.0,1.0
93.5,3.0,0.0,0.0,0.0,0.0,0.0,0.0,0.0,0.0,0.0,0.0,0.0,0.0,0.0,0.0,0.0,0.0,0.0,0.0,0.0,0.0
93.75,4.0,16.71739280783922,15.658227348229195,15.555283082093228,14.444082705155134,13.506981884220611,13.351929334172395,14.243920709678521,15.642396053525006,16.237164850111764,17.35280950113846,1.0,1.0,1.0,1.0,1.0,1.0,1.0,1.0,1.0,1.0
94.0,1.0,14.747629551079422,15.927309107648437,15.520046501775203,16.313906418410426,18.00562851794903,18.283987435898368,18.41114673693006,18.559104901032896,18.592842147163964,18.575392720714888,1.0,1.0,1.0,1.0,1.0,1.0,1.0,1.0,1.0,1.0
94.25,2.0,0.0,0.0,0.0,0.0,0.0,0.0,0.0,0.0,0.0,0.0,0.0,0.0,0.0,0.0,0.0,0.0,0.0,0.0,0.0,0.0
94.5,3.0,14.957994090132937,15.952386577152621,17.301054900290953,16.986577010687107,17.849415036959865,19.48689909150784,19.895759082261765,20.508998097976946,19.712063320235348,19.044307531602378,1.0,1.0,1.0,1.0,1.0,1.0,1.0,1.0,1.0,1.0
94.75,4.0,15.394319702260075,14.329622214526452,15.268900405060599,14.525699886353042,14.659193752626733,15.578341812304211,15.752349891967235,16.84405424166435,17.84817054013538,18.57231877997437,1.0,1.0,1.0,1.0,1.0,1.0,1.0,1.0,1.0,1.0
95.0,1.0,0.0,0.0,0.0,0.0,0.0,0.0,0.0,0.0,0.0,0.0,0.0,0.0,0.0,0.0,0.0,0.0,0.0,0.0,0.0,0.0
95.25,2.0,15.765768097304793,14.044679097395932,14.241544152508425,16.339156707604722,16.628224957561354,17.458547415175197,17.845129181691824,17.070294346037862,16.122616387443205,16.015030895716134,1.0,1.0,1.0,1.0,1.0,1.0,1.0,1.0,1.0,1.0
95.5,3.0,0.0,0.0,0.0,0.0,0.0,0.0,0.0,0.0,0.0,0.0,0.0,0.0,0.0,0.0,0.0,0.0,0.0,0.0,0.0,0.0
95.75,4.0,0.0,0.0,0.0,0.0,0.0,0.0,0.0,0.0,0.0,0.0,0.0,0.0,0.0,0.0,0.0,0.0,0.0,0.0,0.0,0.0
96.0,1.0,15.25646730606344,16.68570348423506,17.606814063895172,19.366745465431443,20.780873157221347,20.395019749079328,20.428341160721043,20.464165731539975,20.27043378718323,20.037630857365137,1.0,1.0,1.0,1.0,1.0,1.0,1.0,1.0,1.0,1.0
96.25,2.0,15.660422904038553,14.13443829193444,13.571573013053781,15.97318593313601,17.466032317443563,18.379534481730243,18.20139917442626,17.888195380620946,16.72278485756903,16.32238682270993,1.0,1.0,1.0,1.0,1.0,1.0,1.0,1.0,1.0,1.0
96.5,3.0,0.0,0.0,0.0,0.0,0.0,0.0,0.0,0.0,0.0,0.0,0.0,0.0,0.0,0.0,0.0,0.0,0.0,0.0,0.0,0.0
96.75,4.0,14.320847829416568,14.967124466149718,15.754749484722684,15.275568311890492,17.618927539622813,18.101098923112293,18.32360195341248,17.957337725078695,17.79376617633516,18.122866714103225,1.0,1.0,1.0,1.0,1.0,1.0,1.0,1.0,1.0,1.0
97.0,1.0,15.203788138906313,16.972749701795333,19.11492382177605,20.590388368323147,20.826298586024812,20.085031155877925,20.602098595309897,20.19931803849611,20.39222608870897,20.045008264540176,1.0,1.0,1.0,1.0,1.0,1.0,1.0,1.0,1.0,1.0
97.25,2.0,0.0,0.0,0.0,0.0,0.0,0.0,0.0,0.0,0.0,0.0,0.0,0.0,0.0,0.0,0.0,0.0,0.0,0.0,0.0,0.0
97.5,3.0,15.601297435796148,15.077088146612185,17.43992691981129,19.41421112103708,19.101260060573864,18.243794536401037,17.706898027193898,16.716014609490095,16.67505136936435,17.580654985409076,1.0,1.0,1.0,1.0,1.0,1.0,1.0,1.0,1.0,1.0
97.75,4.0,14.739938126162203,15.648759004320889,15.89191417884865,15.815338425581784,17.84563569809426,17.64941782542318,17.95002306235058,17.147749258321465,17.70776360702149,17.852396965208598,1.0,1.0,1.0,1.0,1.0,1.0,1.0,1.0,1.0,1.0
98.0,1.0,15.412083831322697,17.019882618713773,20.181178518841815,20.080321527548463,19.20801253972559,19.395881434789285,20.169121571736184,19.714720693259913,21.319017763187222,21.113403682701993,1.0,1.0,1.0,1.0,1.0,1.0,1.0,1.0,1.0,1.0
98.25,2.0,15.47380356045782,16.704624449447238,17.124251988227748,18.893828945049222,18.45059355188331,18.11407199692081,16.228365170728758,14.80340592037162,14.091930910020764,13.58181441056736,1.0,1.0,1.0,1.0,1.0,1.0,1.0,1.0,1.0,1.0
98.5,3.0,0.0,0.0,0.0,0.0,0.0,0.0,0.0,0.0,0.0,0.0,0.0,0.0,0.0,0.0,0.0,0.0,0.0,0.0,0.0,0.0
98.75,4.0,16.214740497427893,16.093481292600043,16.883995531116774,16.74905569654653,17.955984537526138,17.469611688189012,16.89075381657221,17.672415505170143,17.201703173144455,17.795380695008447,1.0,1.0,1.0,1.0,1.0,1.0,1.0,1.0,1.0,1.0
99.0,1.0,15.339543093574077,16.691568160244685,19.43054067576921,19.001055829100657,19.204484178666462,19.46058918152673,20.88649617289253,20.820027549083026,21.625522759680134,21.397094141861626,1.0,1.0,1.0,1.0,1.0,1.0,1.0,1.0,1.0,1.0
99.25,2.0,0.0,0.0,0.0,0.0,0.0,0.0,0.0,0.0,0.0,0.0,0.0,0.0,0.0,0.0,0.0,0.0,0.0,0.0,0.0,0.0
99.5,3.0,16.39162104999216,17.20960815126899,18.503875645521827,19.275870956857865,17.535135953191165,16.260671077688453,16.654483831649813,16.683120769420352,17.613588092635265,19.75463090357604,1.0,1.0,1.0,1.0,1.0,1.0,1.0,1.0,1.0,1.0
99.75,4.0,16.64296916632634,17.0183478279956,19.34685377473306,18.7445829586293,18.602663815691212,17.714999353504076,17.677021616926915,17.445669544047913,17.87192024691677,18.48378512237213,1.0,1.0,1.0,1.0,1.0,1.0,1.0,1.0,1.0,1.0
100.0,1.0,0.0,0.0,0.0,0.0,0.0,0.0,0.0,0.0,0.0,0.0,0.0,0.0,0.0,0.0,0.0,0.0,0.0,0.0,0.0,0.0
100.25,2.0,0.0,0.0,0.0,0.0,0.0,0.0,0.0,0.0,0.0,0.0,0.0,0.0,0.0,0.0,0.0,0.0,0.0,0.0,0.0,0.0
100.5,3.0,17.771098356221813,18.447786783624213,18.65147292576654,19.175805481931782,16.78267806542166,17.120379183895402,17.144626354498993,18.272887722457746,19.21456916606517,19.789927621472714,1.0,1.0,1.0,1.0,1.0,1.0,1.0,1.0,1.0,1.0
100.75,4.0,0.0,0.0,0.0,0.0,0.0,0.0,0.0,0.0,0.0,0.0,0.0,0.0,0.0,0.0,0.0,0.0,0.0,0.0,0.0,0.0
101.0,1.0,17.31536750862044,18.58628243328648,19.106918846615056,18.911002363140728,19.38301699094624,19.26911116115875,21.29736062376768,20.266384116449895,19.684521677709764,19.85930637260421,1.0,1.0,1.0,1.0,1.0,1.0,1.0,1.0,1.0,1.0
101.25,2.0,16.983045701763483,17.854287995352003,15.979750688028478,15.796380482967217,15.740630297854427,16.041741410660954,16.299097387729304,16.201608141866828,15.767129092528664,17.134427191959162,1.0,1.0,1.0,1.0,1.0,1.0,1.0,1.0,1.0,1.0
101.5,3.0,0.0,0.0,0.0,0.0,0.0,0.0,0.0,0.0,0.0,0.0,0.0,0.0,0.0,0.0,0.0,0.0,0.0,0.0,0.0,0.0
101.75,4.0,18.649995773988028,19.342445685705446,20.96621779131553,18.355474018526017,18.9537838353428,17.90416026075941,17.256073517673375,16.507858833508525,16.03256214604166,15.498446491300562,1.0,1.0,1.0,1.0,1.0,1.0,1.0,1.0,1.0,1.0
102.0,1.0,17.335595292699573,19.71304738334016,19.70561501665599,19.459437014506474,18.81431537919636,18.939295164024642,20.354773775956932,20.3075089336735,20.137393804076208,19.204113929601732,1.0,1.0,1.0,1.0,1.0,1.0,1.0,1.0,1.0,1.0
102.25,2.0,0.0,0.0,0.0,0.0,0.0,0.0,0.0,0.0,0.0,0.0,0.0,0.0,0.0,0.0,0.0,0.0,0.0,0.0,0.0,0.0
102.5,3.0,20.201051757244198,20.648653582817204,19.739046231540797,20.11438261144342,19.211882798337903,20.675003166709384,19.992774795811762,19.947873006018533,19.520982312960577,19.013461711684265,1.0,1.0,1.0,1.0,1.0,1.0,1.0,1.0,1.0,1.0
102.75,4.0,19.460630389674996,19.67699590933504,19.502490641839902,17.851481642816896,17.48731067348816,17.00803910248785,16.567365326383932,15.59721836025358,15.448612704833367,15.591277645684158,1.0,1.0,1.0,1.0,1.0,1.0,1.0,1.0,1.0,1.0
103.0,1.0,0.0,0.0,0.0,0.0,0.0,0.0,0.0,0.0,0.0,0.0,0.0,0.0,0.0,0.0,0.0,0.0,0.0,0.0,0.0,0.0
103.25,2.0,16.52502891660749,17.06367270492691,16.159166511224164,16.110450162066478,16.539836066965723,15.712585059013215,15.289673365082326,15.48341829237814,14.944475352534315,15.015962552677431,1.0,1.0,1.0,1.0,1.0,1.0,1.0,1.0,1.0,1.0
103.5,3.0,0.0,0.0,0.0,0.0,0.0,0.0,0.0,0.0,0.0,0.0,0.0,0.0,0.0,0.0,0.0,0.0,0.0,0.0,0.0,0.0
103.75,4.0,0.0,0.0,0.0,0.0,0.0,0.0,0.0,0.0,0.0,0.0,0.0,0.0,0.0,0.0,0.0,0.0,0.0,0.0,0.0,0.0
104.0,1.0,18.53600601401633,19.830917941493766,19.3848739928743,19.144401702010416,20.023042553142357,19.987844813652146,20.015118615645704,19.55835257829778,18.926185578074133,17.95726596836161,1.0,1.0,1.0,1.0,1.0,1.0,1.0,1.0,1.0,1.0
104.25,2.0,17.457839587512627,17.806324688228433,16.406254966076897,16.849403560787614,17.06293936573003,15.067017551221664,15.387175079490355,15.12870537066815,14.245598654330516,14.635015719792953,1.0,1.0,1.0,1.0,1.0,1.0,1.0,1.0,1.0,1.0
104.5,3.0,0.0,0.0,0.0,0.0,0.0,0.0,0.0,0.0,0.0,0.0,0.0,0.0,0.0,0.0,0.0,0.0,0.0,0.0,0.0,0.0
104.75,4.0,19.672636353127228,20.234086093506203,18.79503394458792,17.08424097817509,16.036398952426765,16.15582358397605,16.470187771711235,17.131463079588165,17.1405624907718,16.479402975114812,1.0,1.0,1.0,1.0,1.0,1.0,1.0,1.0,1.0,1.0
105.0,1.0,20.29512107047902,20.837014491665585,19.50370879280638,19.82148025629527,20.090114979635064,19.46067040238844,19.16794538412679,18.655477804471918,18.319447176144756,17.64970750823105,1.0,1.0,1.0,1.0,1.0,1.0,1.0,1.0,1.0,1.0
105.25,2.0,0.0,0.0,0.0,0.0,0.0,0.0,0.0,0.0,0.0,0.0,0.0,0.0,0.0,0.0,0.0,0.0,0.0,0.0,0.0,0.0
105.5,3.0,17.737486349822767,18.549543096961134,19.702165142664796,21.671447938877463,20.740150732251116,20.887692791677946,19.13687598657522,18.397453920222464,17.24310249238695,16.80074378327242,1.0,1.0,1.0,1.0,1.0,1.0,1.0,1.0,1.0,1.0
105.75,4.0,19.845375541537805,19.42513424449427,18.205245240735906,17.459522509410654,16.108718934387863,16.05829721206079,15.443412681498817,16.749619260657962,16.493692524869942,16.99577430368868,1.0,1.0,1.0,1.0,1.0,1.0,1.0,1.0,1.0,1.0
106.0,1.0,20.097373774246712,20.142756038761583,19.30965735497631,19.064623682122775,18.80563737050472,17.95574946576839,17.63641311708074,17.559147390620087,17.31722707677595,17.4984219416503,1.0,1.0,1.0,1.0,1.0,1.0,1.0,1.0,1.0,1.0
106.25,2.0,17.455073680932088,15.761414535879455,15.703556627315187,16.513548218476107,16.68230187404796,15.876406023638607,15.354681211853352,16.618926315062026,16.155112260839342,17.594147222266525,1.0,1.0,1.0,1.0,1.0,1.0,1.0,1.0,1.0,1.0
106.5,3.0,0.0,0.0,0.0,0.0,0.0,0.0,0.0,0.0,0.0,0.0,0.0,0.0,0.0,0.0,0.0,0.0,0.0,0.0,0.0,0.0
106.75,4.0,19.039411994920503,19.035463917228082,18.252069276493984,17.090312791379375,17.32542974575116,16.223329061809324,16.366093924222955,17.106037388232338,17.268145742355582,17.85012751376719,1.0,1.0,1.0,1.0,1.0,1.0,1.0,1.0,1.0,1.0
107.0,1.0,19.46149143666173,20.61770076274302,19.119696048408862,19.67640074000617,17.364841480643864,16.653395010239045,16.843619852454808,17.0611745380566,17.357447190038997,17.86976504834868,1.0,1.0,1.0,1.0,1.0,1.0,1.0,1.0,1.0,1.0
107.25,2.0,0.0,0.0,0.0,0.0,0.0,0.0,0.0,0.0,0.0,0.0,0.0,0.0,0.0,0.0,0.0,0.0,0.0,0.0,0.0,0.0
107.5,3.0,19.382768705593858,20.566797714370775,21.0393130510498,21.427807627276565,19.02345417944362,19.710750100022064,19.358967064639938,17.318271955353065,18.01215315547922,16.81715814746097,1.0,1.0,1.0,1.0,1.0,1.0,1.0,1.0,1.0,1.0
107.75,4.0,18.885335428292624,18.82535086815914,17.47784494195034,16.767127977762744,17.553276512239503,16.356810952309317,15.989982157766214,17.94184190618512,17.088131883345838,18.776887149141743,1.0,1.0,1.0,1.0,1.0,1.0,1.0,1.0,1.0,1.0
108.0,1.0,0.0,0.0,0.0,0.0,0.0,0.0,0.0,0.0,0.0,0.0,0.0,0.0,0.0,0.0,0.0,0.0,0.0,0.0,0.0,0.0
108.25,2.0,0.0,0.0,0.0,0.0,0.0,0.0,0.0,0.0,0.0,0.0,0.0,0.0,0.0,0.0,0.0,0.0,0.0,0.0,0.0,0.0
108.5,3.0,20.225174410978656,19.839246054181377,19.601909046888558,20.84002373858871,19.45700541128751,19.155884250448633,17.907996849848843,17.695836130550763,17.283557762091892,16.347190590672636,1.0,1.0,1.0,1.0,1.0,1.0,1.0,1.0,1.0,1.0
108.75,4.0,0.0,0.0,0.0,0.0,0.0,0.0,0.0,0.0,0.0,0.0,0.0,0.0,0.0,0.0,0.0,0.0,0.0,0.0,0.0,0.0
109.0,1.0,18.039687404721892,19.75336693737978,18.482049731648708,18.742337976150356,18.141942798757835,18.046960969163898,18.447012190938075,18.890312669762473,17.47752269160706,17.003234479914095,1.0,1.0,1.0,1.0,1.0,1.0,1.0,1.0,1.0,1.0
109.25,2.0,15.376725168775945,16.125353794295183,15.155525800641367,14.690144873110787,16.036958261150662,15.889442052037516,16.142301963276783,17.056335612826768,17.441408398351957,18.240432788825032,1.0,1.0,1.0,1.0,1.0,1.0,1.0,1.0,1.0,1.0
109.5,3.0,0.0,0.0,0.0,0.0,0.0,0.0,0.0,0.0,0.0,0.0,0.0,0.0,0.0,0.0,0.0,0.0,0.0,0.0,0.0,0.0
109.75,4.0,17.408341960742504,16.048544270624646,16.098858265033233,15.476444726039139,16.2928608254292,15.696427472517579,16.319608629407757,17.054549851384643,17.517538054810483,18.84493907576825,1.0,1.0,1.0,1.0,1.0,1.0,1.0,1.0,1.0,1.0
110.0,1.0,18.039314648992587,19.176776965719935,18.463087536944297,19.59222024473386,18.8882093374166,17.695388121889934,18.00267215997967,17.840298268615427,17.4190389513462,16.891983316178244,1.0,1.0,1.0,1.0,1.0,1.0,1.0,1.0,1.0,1.0
110.25,2.0,0.0,0.0,0.0,0.0,0.0,0.0,0.0,0.0,0.0,0.0,0.0,0.0,0.0,0.0,0.0,0.0,0.0,0.0,0.0,0.0
110.5,3.0,20.188075028073314,19.43377012158883,19.685447538079845,20.038719692760314,17.55239130502013,16.528923009361037,16.24748283527381,15.69468576788334,16.064093183944866,15.858496765206837,1.0,1.0,1.0,1.0,1.0,1.0,1.0,1.0,1.0,1.0
110.75,4.0,16.3170578896501,16.006949349747117,15.408222450466713,15.684854920045225,16.929965573541924,16.968456368573833,17.614267389564287,17.758083159112925,17.874521447969112,19.22009033249131,1.0,1.0,1.0,1.0,1.0,1.0,1.0,1.0,1.0,1.0
111.0,1.0,0.0,0.0,0.0,0.0,0.0,0.0,0.0,0.0,0.0,0.0,0.0,0.0,0.0,0.0,0.0,0.0,0.0,0.0,0.0,0.0
111.25,2.0,16.101863258655065,15.269445094684016,15.371411893636001,15.686168325584532,15.080986469083557,14.803755434566105,14.677471975956392,15.019733732262434,16.134900440857674,17.295958019652396,1.0,1.0,1.0,1.0,1.0,1.0,1.0,1.0,1.0,1.0
111.5,3.0,0.0,0.0,0.0,0.0,0.0,0.0,0.0,0.0,0.0,0.0,0.0,0.0,0.0,0.0,0.0,0.0,0.0,0.0,0.0,0.0
111.75,4.0,0.0,0.0,0.0,0.0,0.0,0.0,0.0,0.0,0.0,0.0,0.0,0.0,0.0,0.0,0.0,0.0,0.0,0.0,0.0,0.0
112.0,1.0,17.664530454975427,18.73822681466116,20.32253857075197,21.057071234571232,17.30861505091166,16.584467829787556,16.0717017202974,15.890284713471095,16.354595137209017,15.754698442943827,1.0,1.0,1.0,1.0,1.0,1.0,1.0,1.0,1.0,1.0
112.25,2.0,16.125053861618174,16.354185021433082,15.86409157089464,16.396651621195154,15.484780027428032,15.278931346667317,15.700627302158951,16.039419818693013,16.578166884126507,17.35303375209175,1.0,1.0,1.0,1.0,1.0,1.0,1.0,1.0,1.0,1.0
112.5,3.0,18.674532435959065,17.44650958930053,17.822168056761196,17.513644757879895,15.62105993969877,15.557505196528084,15.473557544469834,17.1509867007253,17.672872675598146,18.62629683781029,1.0,1.0,1.0,1.0,1.0,1.0,1.0,1.0,1.0,1.0
112.75,4.0,15.794554624188885,15.221665450804604,16.398720607762193,17.297703268893365,17.82136457985522,18.03144279536308,17.978389739507122,19.33220761458335,19.034362408739266,20.26563477286321,1.0,1.0,1.0,1.0,1.0,1.0,1.0,1.0,1.0,1.0
113.0,1.0,19.82639124401336,20.515417841742273,20.602294638092303,19.141955138493188,16.099036258456376,16.112993872223036,16.36484375927716,16.20169481126306,16.549141099518856,16.94087048926264,1.0,1.0,1.0,1.0,1.0,1.0,1.0,1.0,1.0,1.0
113.25,2.0,0.0,0.0,0.0,0.0,0.0,0.0,0.0,0.0,0.0,0.0,0.0,0.0,0.0,0.0,0.0,0.0,0.0,0.0,0.0,0.0
113.5,3.0,17.51499739229901,16.863488404135037,17.329691023983692,16.153593770564196,16.140414825812947,16.319664983834688,16.510521649404044,17.35659446289422,17.825107800250564,18.38686144020348,1.0,1.0,1.0,1.0,1.0,1.0,1.0,1.0,1.0,1.0
113.75,4.0,16.335442952140628,16.27033083032969,17.059251361692983,16.703514202369906,17.029416987607476,18.365524458804437,18.242448208073785,19.359114931620976,19.729056839633834,20.28499036128592,1.0,1.0,1.0,1.0,1.0,1.0,1.0,1.0,1.0,1.0
114.0,1.0,22.010967163655337,20.732809050902176,19.5230534470417,19.207494590820463,15.717679557698066,15.699953607956907,16.359549329889052,16.7762401935263,17.31808503703216,17.1617867790931,1.0,1.0,1.0,1.0,1.0,1.0,1.0,1.0,1.0,1.0
114.25,2.0,17.667878972063736,16.93020268895816,16.46396205027296,17.592924150422878,17.933169504587543,18.196565749668597,18.656269579935,18.060321631696535,17.960253376037684,17.661619825971908,1.0,1.0,1.0,1.0,1.0,1.0,1.0,1.0,1.0,1.0
114.5,3.0,0.0,0.0,0.0,0.0,0.0,0.0,0.0,0.0,0.0,0.0,0.0,0.0,0.0,0.0,0.0,0.0,0.0,0.0,0.0,0.0
114.75,4.0,17.48874239685322,16.97614854655401,17.364630216030875,16.892086847088947,16.93946682704414,17.869463760520144,18.04176251540199,19.827094924581633,19.334605921529462,20.439034166847332,1.0,1.0,1.0,1.0,1.0,1.0,1.0,1.0,1.0,1.0
115.0,1.0,21.652021777887214,20.02839371998508,19.115732934252687,19.16007074003836,15.958506951523814,16.844438295268972,16.669482287310352,16.90047613330344,16.068926046428498,16.609276024740392,1.0,1.0,1.0,1.0,1.0,1.0,1.0,1.0,1.0,1.0
115.25,2.0,0.0,0.0,0.0,0.0,0.0,0.0,0.0,0.0,0.0,0.0,0.0,0.0,0.0,0.0,0.0,0.0,0.0,0.0,0.0,0.0
115.5,3.0,17.44520561243832,17.552658001763714,16.46670398832271,17.070146595999915,18.284094045471033,17.729695624169743,17.15757286818252,16.528419645960362,16.460911188016727,16.05441576674666,1.0,1.0,1.0,1.0,1.0,1.0,1.0,1.0,1.0,1.0
115.75,4.0,17.43006428609371,17.887022945012124,18.349929115847853,17.420688311806543,17.254222191964658,17.63279237250813,17.772379763033683,19.486646403000627,18.904956783752986,19.273441794320405,1.0,1.0,1.0,1.0,1.0,1.0,1.0,1.0,1.0,1.0
116.0,1.0,0.0,0.0,0.0,0.0,0.0,0.0,0.0,0.0,0.0,0.0,0.0,0.0,0.0,0.0,0.0,0.0,0.0,0.0,0.0,0.0
116.25,2.0,18.736839843512087,18.018718819957964,18.420395406407344,19.82896282388137,18.248941770044695,16.983753367652675,17.992154152520524,18.52067741862261,18.085942944588577,18.68431487105146,1.0,1.0,1.0,1.0,1.0,1.0,1.0,1.0,1.0,1.0
116.5,3.0,16.51474493599091,16.84748298568979,16.56041763516682,17.86318270444358,18.08034529022827,16.6770312841843,16.26308740421262,14.987230343001828,15.27266694401966,15.806793675229619,1.0,1.0,1.0,1.0,1.0,1.0,1.0,1.0,1.0,1.0
116.75,4.0,0.0,0.0,0.0,0.0,0.0,0.0,0.0,0.0,0.0,0.0,0.0,0.0,0.0,0.0,0.0,0.0,0.0,0.0,0.0,0.0
117.0,1.0,19.87599710490831,18.783622586611365,19.07758140281452,17.554965610041382,16.073195275560234,16.764666238818815,16.92609592616185,17.22407386976808,16.919573317906053,17.17636737209739,1.0,1.0,1.0,1.0,1.0,1.0,1.0,1.0,1.0,1.0
117.25,2.0,19.00646718799311,18.7056085840535,19.251837764916903,20.749242086394535,18.783471211500164,18.1378144054538,18.82167456573622,19.378897113333977,19.365275028454352,19.9024941619691,1.0,1.0,1.0,1.0,1.0,1.0,1.0,1.0,1.0,1.0
117.5,3.0,0.0,0.0,0.0,0.0,0.0,0.0,0.0,0.0,0.0,0.0,0.0,0.0,0.0,0.0,0.0,0.0,0.0,0.0,0.0,0.0
117.75,4.0,16.856267231051866,18.023331283605106,16.935791152729227,18.62972189279093,17.894249697776935,18.389134433438517,17.036514868999298,18.330559816562797,17.859161836485086,18.0811362433052,1.0,1.0,1.0,1.0,1.0,1.0,1.0,1.0,1.0,1.0
118.0,1.0,18.521367960617255,18.065658422751724,17.94512198355263,16.50421682148719,16.366100753355173,17.36930149470254,18.44521575708327,18.005220183224473,17.338116487343946,16.9714814860679,1.0,1.0,1.0,1.0,1.0,1.0,1.0,1.0,1.0,1.0
118.25,2.0,0.0,0.0,0.0,0.0,0.0,0.0,0.0,0.0,0.0,0.0,0.0,0.0,0.0,0.0,0.0,0.0,0.0,0.0,0.0,0.0
118.5,3.0,16.633484397745647,19.145612282049914,18.860704919747462,17.701405131467144,15.958431863836074,14.576042326183986,14.75895283562718,14.15775293731273,15.523789412837223,16.709831827739354,1.0,1.0,1.0,1.0,1.0,1.0,1.0,1.0,1.0,1.0
118.75,4.0,16.187129581517965,17.777063875348617,18.232705446191783,17.471896729781143,17.553804655446676,17.931455733550607,17.111849920272736,18.19770836220847,17.57133310162323,19.27699646525781,1.0,1.0,1.0,1.0,1.0,1.0,1.0,1.0,1.0,1.0
119.0,1.0,18.387016573480963,17.077908920124653,16.913914642823613,16.579931048206817,16.05478283565901,17.264731237504243,17.5209273463627,17.547302620987775,16.282743247998162,16.063867853931665,1.0,1.0,1.0,1.0,1.0,1.0,1.0,1.0,1.0,1.0
119.25,2.0,21.566096810089867,21.32247143685868,20.157015549156835,19.914639621937084,18.765703807364293,19.21251670381492,18.01746223416745,18.823708022137442,17.7188437258682,17.828942000589436,1.0,1.0,1.0,1.0,1.0,1.0,1.0,1.0,1.0,1.0
119.5,3.0,0.0,0.0,0.0,0.0,0.0,0.0,0.0,0.0,0.0,0.0,0.0,0.0,0.0,0.0,0.0,0.0,0.0,0.0,0.0,0.0
119.75,4.0,0.0,0.0,0.0,0.0,0.0,0.0,0.0,0.0,0.0,0.0,0.0,0.0,0.0,0.0,0.0,0.0,0.0,0.0,0.0,0.0
120.0,1.0,17.26422489687377,16.227372938206432,16.42570778819671,17.019320062772252,15.666558202304198,17.02457947600202,16.71633627470961,16.100519199829762,15.39745572412909,15.057086692330506,1.0,1.0,1.0,1.0,1.0,1.0,1.0,1.0,1.0,1.0
120.25,2.0,22.293684964595506,21.844815163475037,20.92158436116804,19.954269250993413,17.844880122373542,17.5918448515774,17.420250188845,17.480011315262544,16.72457162893982,17.21106935638163,1.0,1.0,1.0,1.0,1.0,1.0,1.0,1.0,1.0,1.0
120.5,3.0,17.786687388143605,17.83645814970084,17.966611138575647,18.72855445379109,17.36543740703294,16.02946904674322,16.004848020093128,14.85209429081351,14.92444824056661,16.02597871499522,1.0,1.0,1.0,1.0,1.0,1.0,1.0,1.0,1.0,1.0
120.75,4.0,16.662327884083158,17.91536025090684,17.062054064866068,17.61724599858453,18.383089142030315,18.414562869952753,18.54966666422474,18.684531302571468,18.52062441392579,18.563316016490145,1.0,1.0,1.0,1.0,1.0,1.0,1.0,1.0,1.0,1.0
121.0,1.0,0.0,0.0,0.0,0.0,0.0,0.0,0.0,0.0,0.0,0.0,0.0,0.0,0.0,0.0,0.0,0.0,0.0,0.0,0.0,0.0
121.25,2.0,0.0,0.0,0.0,0.0,0.0,0.0,0.0,0.0,0.0,0.0,0.0,0.0,0.0,0.0,0.0,0.0,0.0,0.0,0.0,0.0
121.5,3.0,17.826748934953486,18.230650625283786,18.25577143212852,18.1651446592715,16.101134507472914,16.200953935208656,15.616691697924425,15.584504145343317,15.714573122391899,15.849883844445381,1.0,1.0,1.0,1.0,1.0,1.0,1.0,1.0,1.0,1.0
121.75,4.0,16.4561004681068,17.620989744175958,17.36673117432942,19.230814041773105,19.70351005603567,19.098108553143224,18.541018966617344,18.857539810398936,18.448799363366327,19.116786118624287,1.0,1.0,1.0,1.0,1.0,1.0,1.0,1.0,1.0,1.0
122.0,1.0,15.005732954457427,15.09885404629227,17.35721610067236,18.25253265359103,16.05660304189495,17.017770893435706,16.372684846084336,16.329536019917388,16.736216298022185,17.080291985444138,1.0,1.0,1.0,1.0,1.0,1.0,1.0,1.0,1.0,1.0
122.25,2.0,18.64631802678514,19.162578479390245,18.462997290852634,18.42897928268775,16.1153026916998,15.343647904044474,15.74896255191885,16.058267998988494,15.68891922278024,15.86757947388548,1.0,1.0,1.0,1.0,1.0,1.0,1.0,1.0,1.0,1.0
122.5,3.0,0.0,0.0,0.0,0.0,0.0,0.0,0.0,0.0,0.0,0.0,0.0,0.0,0.0,0.0,0.0,0.0,0.0,0.0,0.0,0.0
122.75,4.0,16.218706457201232,17.19861042505495,17.554837734232024,19.38750350789919,19.523990333804825,18.95265506948949,18.41912208432672,18.123003641633797,17.554718188951533,17.021187405160703,1.0,1.0,1.0,1.0,1.0,1.0,1.0,1.0,1.0,1.0
123.0,1.0,17.718234991665412,17.72134726145281,17.952913161516953,17.59809810002229,15.861317123543527,16.389687044407328,15.555352196823724,16.42161160895541,17.104025597000994,17.249559034621836,1.0,1.0,1.0,1.0,1.0,1.0,1.0,1.0,1.0,1.0
123.25,2.0,0.0,0.0,0.0,0.0,0.0,0.0,0.0,0.0,0.0,0.0,0.0,0.0,0.0,0.0,0.0,0.0,0.0,0.0,0.0,0.0
123.5,3.0,17.4263808125275,17.40892093948469,18.30079693812059,18.024719175207494,15.943290598785646,15.489509840795352,15.28823419071043,15.64821046130859,16.31193426996202,16.556619646734404,1.0,1.0,1.0,1.0,1.0,1.0,1.0,1.0,1.0,1.0
123.75,4.0,16.428829988930083,17.50280083648382,17.574580452588698,18.504091968525795,18.88786781548197,18.457796603838815,16.774889980398182,16.673003897662756,14.665621087779305,14.160163672950503,1.0,1.0,1.0,1.0,1.0,1.0,1.0,1.0,1.0,1.0
124.0,1.0,0.0,0.0,0.0,0.0,0.0,0.0,0.0,0.0,0.0,0.0,0.0,0.0,0.0,0.0,0.0,0.0,0.0,0.0,0.0,0.0
124.25,2.0,18.59529865995893,17.697018531958616,16.585246861313824,16.24568745867622,15.775104961129792,15.644374351944382,15.465458409927269,16.487465818871755,17.228570401145383,16.598100402247947,1.0,1.0,1.0,1.0,1.0,1.0,1.0,1.0,1.0,1.0
124.5,3.0,17.149640112211003,17.76269011321071,17.609900565143022,15.923893659667808,15.48517923025019,15.473354475954793,15.71001869479404,15.6897445936941,16.49761586434486,16.795289362194403,1.0,1.0,1.0,1.0,1.0,1.0,1.0,1.0,1.0,1.0
124.75,4.0,0.0,0.0,0.0,0.0,0.0,0.0,0.0,0.0,0.0,0.0,0.0,0.0,0.0,0.0,0.0,0.0,0.0,0.0,0.0,0.0
125.0,1.0,17.314647353911734,17.036272465320014,16.341522751975717,16.46912836321399,15.823793666919116,17.123243924898564,17.464339432152553,17.76080086156773,17.543420886203155,18.733338012602317,1.0,1.0,1.0,1.0,1.0,1.0,1.0,1.0,1.0,1.0
125.25,2.0,18.126407066719022,16.84834586589196,17.139675548869878,17.05476975844962,15.961868935500638,15.416581790350895,15.542335716839089,15.559929438116173,16.563214480664897,16.355918389675434,1.0,1.0,1.0,1.0,1.0,1.0,1.0,1.0,1.0,1.0
125.5,3.0,0.0,0.0,0.0,0.0,0.0,0.0,0.0,0.0,0.0,0.0,0.0,0.0,0.0,0.0,0.0,0.0,0.0,0.0,0.0,0.0
125.75,4.0,18.04392130786412,17.98055785757248,16.31060368519404,15.937097543759915,15.7441701261971,16.05037246654031,15.052243839094217,15.308147988035635,14.436223397891824,16.401987512991116,1.0,1.0,1.0,1.0,1.0,1.0,1.0,1.0,1.0,1.0
126.0,1.0,16.884425050582617,17.37599877543317,16.344728800854146,17.14580955123386,17.66792279393559,17.977778397393653,18.482861843388626,18.520632837551272,18.254497472873453,18.24427122492334,1.0,1.0,1.0,1.0,1.0,1.0,1.0,1.0,1.0,1.0
126.25,2.0,0.0,0.0,0.0,0.0,0.0,0.0,0.0,0.0,0.0,0.0,0.0,0.0,0.0,0.0,0.0,0.0,0.0,0.0,0.0,0.0
126.5,3.0,17.801386036885567,17.02948457971601,15.618537239971193,13.99011049957029,15.304157477233174,16.02497576376764,16.37532741293143,17.100690554161417,17.376592189709466,16.951280218649977,1.0,1.0,1.0,1.0,1.0,1.0,1.0,1.0,1.0,1.0
126.75,4.0,18.608218254179885,17.765528207600777,16.22631480149469,16.445423733364855,16.163152273326972,16.069613608365295,16.17043503806444,16.606312260022637,15.561623902172833,16.420584353784186,1.0,1.0,1.0,1.0,1.0,1.0,1.0,1.0,1.0,1.0
127.0,1.0,16.10972162794016,16.61364625703432,16.40761808747701,17.826087485286408,17.295817996598934,18.920333450743804,18.779147192986187,18.908635706369246,18.75679831402723,18.238561768533422,1.0,1.0,1.0,1.0,1.0,1.0,1.0,1.0,1.0,1.0
127.25,2.0,16.082519170151553,15.211351072596006,16.352398260011356,17.842480382678012,16.117186369202958,15.58349363201928,15.029462632719065,16.38463416463403,17.52219164041821,17.621894364107234,1.0,1.0,1.0,1.0,1.0,1.0,1.0,1.0,1.0,1.0
127.5,3.0,0.0,0.0,0.0,0.0,0.0,0.0,0.0,0.0,0.0,0.0,0.0,0.0,0.0,0.0,0.0,0.0,0.0,0.0,0.0,0.0
127.75,4.0,17.766269412823828,18.6031253611227,16.63302639687028,16.491474957037816,16.105196262658342,15.885434235646239,16.293419358237866,16.59891829530807,17.007867555355556,17.36160910013864,1.0,1.0,1.0,1.0,1.0,1.0,1.0,1.0,1.0,1.0
128.0,1.0,16.32590965274119,16.95116365892193,17.400594353951938,17.875785978297124,18.03574071626638,18.908015414204932,20.374103095627962,19.96104340429511,19.45936530322256,18.591159978673833,1.0,1.0,1.0,1.0,1.0,1.0,1.0,1.0,1.0,1.0
128.25,2.0,15.657574517743337,14.785641887959217,15.661084075609459,16.248451073975414,15.99253584976724,15.984099437305261,16.283590141582735,17.182096272128998,17.87302240332158,17.43833166697226,1.0,1.0,1.0,1.0,1.0,1.0,1.0,1.0,1.0,1.0
128.5,3.0,17.930778849498548,17.157157308947955,16.99805016521584,16.256589252568897,17.140541227593484,18.216843819392945,19.141639935021207,18.278011208734565,18.35754396937452,17.459948184860007,1.0,1.0,1.0,1.0,1.0,1.0,1.0,1.0,1.0,1.0
128.75,4.0,19.16606992334582,19.13628396558438,16.248399136344553,15.488400301952755,15.840083678792945,16.381044124235583,16.980232287719055,17.25314182364003,17.83158185399804,17.699161479554387,1.0,1.0,1.0,1.0,1.0,1.0,1.0,1.0,1.0,1.0
129.0,1.0,0.0,0.0,0.0,0.0,0.0,0.0,0.0,0.0,0.0,0.0,0.0,0.0,0.0,0.0,0.0,0.0,0.0,0.0,0.0,0.0
129.25,2.0,0.0,0.0,0.0,0.0,0.0,0.0,0.0,0.0,0.0,0.0,0.0,0.0,0.0,0.0,0.0,0.0,0.0,0.0,0.0,0.0
129.5,3.0,17.990238350622143,17.313235249970504,18.594954719262212,17.88640884308308,17.81534856600255,18.230110493221783,18.140992486524453,19.473720328430286,19.41502846316712,19.12503437307739,1.0,1.0,1.0,1.0,1.0,1.0,1.0,1.0,1.0,1.0
129.75,4.0,0.0,0.0,0.0,0.0,0.0,0.0,0.0,0.0,0.0,0.0,0.0,0.0,0.0,0.0,0.0,0.0,0.0,0.0,0.0,0.0
130.0,1.0,16.247696018894814,15.58759292685443,15.440019027954683,17.669070386025357,19.865202922774834,20.002188108135673,19.89864509864153,20.37112704870726,20.11155694195318,18.87151929345971,1.0,1.0,1.0,1.0,1.0,1.0,1.0,1.0,1.0,1.0
130.25,2.0,16.129939331467284,14.567128554265084,15.56449862792587,14.811685923071174,17.009425588294828,17.31242990373987,17.218486785786443,17.677996149692927,18.36786141095716,19.079779298914566,1.0,1.0,1.0,1.0,1.0,1.0,1.0,1.0,1.0,1.0
130.5,3.0,0.0,0.0,0.0,0.0,0.0,0.0,0.0,0.0,0.0,0.0,0.0,0.0,0.0,0.0,0.0,0.0,0.0,0.0,0.0,0.0
130.75,4.0,17.23440093851302,15.617556483599765,15.631892579730808,17.39741111536725,18.505829987994137,17.999463244282893,16.999268052145535,17.368222530565035,16.877595354299796,15.576216085546692,1.0,1.0,1.0,1.0,1.0,1.0,1.0,1.0,1.0,1.0
131.0,1.0,15.90040602575511,16.046729151032398,16.888235314724987,18.533895689108075,18.735492354932536,19.04927825794955,18.73291032388936,19.282006021343676,17.776934857800434,16.583261101341183,1.0,1.0,1.0,1.0,1.0,1.0,1.0,1.0,1.0,1.0
131.25,2.0,0.0,0.0,0.0,0.0,0.0,0.0,0.0,0.0,0.0,0.0,0.0,0.0,0.0,0.0,0.0,0.0,0.0,0.0,0.0,0.0
131.5,3.0,18.478773643245656,18.173635757088114,19.582953791235642,16.912531222074257,18.14640628280368,18.56017922014886,18.05195290545679,17.661126185276572,17.587619972269923,17.088329103384865,1.0,1.0,1.0,1.0,1.0,1.0,1.0,1.0,1.0,1.0
131.75,4.0,16.28653168332442,15.775646877096948,16.093020879746184,17.232090677840905,16.947612650286644,17.135827417513315,16.795855308886964,16.27095916191555,15.560896732396634,14.203774080227529,1.0,1.0,1.0,1.0,1.0,1.0,1.0,1.0,1.0,1.0
132.0,1.0,0.0,0.0,0.0,0.0,0.0,0.0,0.0,0.0,0.0,0.0,0.0,0.0,0.0,0.0,0.0,0.0,0.0,0.0,0.0,0.0
132.25,2.0,15.542161351486712,15.50292381303592,15.351641692633532,15.89504985058395,16.841081011503398,16.642740598875605,17.03753191911612,18.273346213725457,19.368547104294983,19.57693223645659,1.0,1.0,1.0,1.0,1.0,1.0,1.0,1.0,1.0,1.0
132.5,3.0,0.0,0.0,0.0,0.0,0.0,0.0,0.0,0.0,0.0,0.0,0.0,0.0,0.0,0.0,0.0,0.0,0.0,0.0,0.0,0.0
132.75,4.0,0.0,0.0,0.0,0.0,0.0,0.0,0.0,0.0,0.0,0.0,0.0,0.0,0.0,0.0,0.0,0.0,0.0,0.0,0.0,0.0
133.0,1.0,17.073831470368923,17.981934664365472,17.364034730482825,18.474614314802146,17.057059315292182,17.029830372902314,16.026590174686948,16.488578348654023,15.49834036708702,14.190035641546393,1.0,1.0,1.0,1.0,1.0,1.0,1.0,1.0,1.0,1.0
133.25,2.0,15.826489471324157,14.78225455197145,16.652985539627505,17.44321547062832,16.62618336134434,16.928500216927464,17.266627288618565,18.935519035979567,18.61722121695487,19.04239077571182,1.0,1.0,1.0,1.0,1.0,1.0,1.0,1.0,1.0,1.0
133.5,3.0,0.0,0.0,0.0,0.0,0.0,0.0,0.0,0.0,0.0,0.0,0.0,0.0,0.0,0.0,0.0,0.0,0.0,0.0,0.0,0.0
133.75,4.0,16.729361982417775,17.60082724372332,17.175284918172185,17.13450643624763,17.396145172354363,17.580819559566834,16.988878597016544,17.354527745682727,16.667029896543394,15.907819680754832,1.0,1.0,1.0,1.0,1.0,1.0,1.0,1.0,1.0,1.0
134.0,1.0,16.479446294884067,18.25118177817764,18.030739214348245,17.804165881629768,15.082376736064985,15.838696038477261,15.375131200921144,15.287980087306094,15.021587257838869,13.867429969195149,1.0,1.0,1.0,1.0,1.0,1.0,1.0,1.0,1.0,1.0
134.25,2.0,0.0,0.0,0.0,0.0,0.0,0.0,0.0,0.0,0.0,0.0,0.0,0.0,0.0,0.0,0.0,0.0,0.0,0.0,0.0,0.0
134.5,3.0,21.00469567826022,19.717404858785304,19.172173367292697,18.03976469890784,16.03039359934311,14.931656112241257,14.56375251328084,15.238445174579109,15.277274250240612,16.651415847549405,1.0,1.0,1.0,1.0,1.0,1.0,1.0,1.0,1.0,1.0
134.75,4.0,17.593474605883515,17.23970051363978,17.130303450466872,16.48629831987449,17.185698707980624,17.22345387140993,17.136354250972705,16.25701194804026,15.926150344183839,15.122714779556729,1.0,1.0,1.0,1.0,1.0,1.0,1.0,1.0,1.0,1.0
135.0,1.0,18.00667943117492,17.907488132213842,17.48388017234143,16.931843353005398,15.606496559271145,14.914458573747641,14.394221935063637,14.315427636114661,14.334355691176661,14.34485608928075,1.0,1.0,1.0,1.0,1.0,1.0,1.0,1.0,1.0,1.0
135.25,2.0,16.473386700241235,17.069671541948562,17.463439781595532,17.751537123116044,17.656905318856115,17.546883098066967,17.649076216187353,17.881317528822592,18.466551278082743,18.071796636436613,1.0,1.0,1.0,1.0,1.0,1.0,1.0,1.0,1.0,1.0
135.5,3.0,0.0,0.0,0.0,0.0,0.0,0.0,0.0,0.0,0.0,0.0,0.0,0.0,0.0,0.0,0.0,0.0,0.0,0.0,0.0,0.0
135.75,4.0,18.0442863435786,17.110495390809767,16.61280761215327,17.332508801716838,17.220766607056873,16.489528105712516,16.195436116221565,16.88622630087339,15.832126414928982,15.353684891118089,1.0,1.0,1.0,1.0,1.0,1.0,1.0,1.0,1.0,1.0
136.0,1.0,17.21635218720456,16.73645305632072,16.025773584205375,15.195796411800345,15.079811674842974,14.570673210433823,14.251858883979144,14.45126049641501,14.625127700266473,14.478421310232946,1.0,1.0,1.0,1.0,1.0,1.0,1.0,1.0,1.0,1.0
136.25,2.0,0.0,0.0,0.0,0.0,0.0,0.0,0.0,0.0,0.0,0.0,0.0,0.0,0.0,0.0,0.0,0.0,0.0,0.0,0.0,0.0
136.5,3.0,18.585648855174046,17.253438078886443,17.71161446077058,16.372841167756896,16.033878272204216,15.885476161185581,15.351972709412593,16.44626848522469,16.701759938625315,16.975376800689165,1.0,1.0,1.0,1.0,1.0,1.0,1.0,1.0,1.0,1.0
136.75,4.0,18.55744557514629,18.72930531613536,17.487960871442276,16.345467727293684,15.951237509138716,16.49877960090054,15.438660113562646,16.710441645979913,15.708718737884956,16.368308914795353,1.0,1.0,1.0,1.0,1.0,1.0,1.0,1.0,1.0,1.0
137.0,1.0,0.0,0.0,0.0,0.0,0.0,0.0,0.0,0.0,0.0,0.0,0.0,0.0,0.0,0.0,0.0,0.0,0.0,0.0,0.0,0.0
137.25,2.0,0.0,0.0,0.0,0.0,0.0,0.0,0.0,0.0,0.0,0.0,0.0,0.0,0.0,0.0,0.0,0.0,0.0,0.0,0.0,0.0
137.5,3.0,19.20183815343293,18.267909519305377,17.68642264723438,16.057565746596982,16.98906093826764,17.035955062893432,16.121921905496137,16.25486348495254,16.945857094079678,17.367828254294917,1.0,1.0,1.0,1.0,1.0,1.0,1.0,1.0,1.0,1.0
137.75,4.0,0.0,0.0,0.0,0.0,0.0,0.0,0.0,0.0,0.0,0.0,0.0,0.0,0.0,0.0,0.0,0.0,0.0,0.0,0.0,0.0
138.0,1.0,15.696744241320472,14.212573173012036,15.26741368194723,15.086935606138193,15.639612902045759,15.810136352474798,15.627610226970333,14.950088155791304,13.99915128450931,13.21453259360992,1.0,1.0,1.0,1.0,1.0,1.0,1.0,1.0,1.0,1.0
138.25,2.0,19.14844161618706,19.586877187568223,18.87821271791359,17.914356693862974,16.45589590998469,15.62174437265507,15.55527276535719,14.26165811504073,15.433976591056123,14.340010914250225,1.0,1.0,1.0,1.0,1.0,1.0,1.0,1.0,1.0,1.0
138.5,3.0,0.0,0.0,0.0,0.0,0.0,0.0,0.0,0.0,0.0,0.0,0.0,0.0,0.0,0.0,0.0,0.0,0.0,0.0,0.0,0.0
138.75,4.0,19.204843517681205,18.21295376281112,15.513933855177381,15.340408938559367,16.51121135552238,17.827498588169664,18.591173004000584,19.13640788519539,17.328833360323472,17.500686934192387,1.0,1.0,1.0,1.0,1.0,1.0,1.0,1.0,1.0,1.0
139.0,1.0,15.83937315964413,15.480523685960595,15.121307781670634,14.100846616208324,16.12093437570976,15.997763967074114,15.551181104094535,14.199294111356203,13.359293031424244,12.745114098015295,1.0,1.0,1.0,1.0,1.0,1.0,1.0,1.0,1.0,1.0
139.25,2.0,0.0,0.0,0.0,0.0,0.0,0.0,0.0,0.0,0.0,0.0,0.0,0.0,0.0,0.0,0.0,0.0,0.0,0.0,0.0,0.0
139.5,3.0,19.970565130822553,19.2978109449408,17.957442277099805,17.87220970314406,17.401007575957433,16.249141953251886,15.35671310401306,15.044153031622653,15.429720040040092,16.207586203170727,1.0,1.0,1.0,1.0,1.0,1.0,1.0,1.0,1.0,1.0
139.75,4.0,18.64128311152112,16.437757065658932,15.158982021071871,15.22548362396371,17.531475494278485,18.336388141314934,18.03758212409443,18.198215318821624,16.029078562935954,16.913856330335605,1.0,1.0,1.0,1.0,1.0,1.0,1.0,1.0,1.0,1.0
140.0,1.0,0.0,0.0,0.0,0.0,0.0,0.0,0.0,0.0,0.0,0.0,0.0,0.0,0.0,0.0,0.0,0.0,0.0,0.0,0.0,0.0
140.25,2.0,17.75458967251795,16.94742232210368,17.668359431079292,16.540143409592115,15.3097356735217,15.410860473816443,15.830100924305798,15.941993944224114,15.473596133133418,14.511417072709307,1.0,1.0,1.0,1.0,1.0,1.0,1.0,1.0,1.0,1.0
140.5,3.0,0.0,0.0,0.0,0.0,0.0,0.0,0.0,0.0,0.0,0.0,0.0,0.0,0.0,0.0,0.0,0.0,0.0,0.0,0.0,0.0
140.75,4.0,0.0,0.0,0.0,0.0,0.0,0.0,0.0,0.0,0.0,0.0,0.0,0.0,0.0,0.0,0.0,0.0,0.0,0.0,0.0,0.0
141.0,1.0,16.430449975029216,15.271804909340442,14.66587092432557,15.600876923800165,15.98509722049177,14.810329085060904,14.01505860905629,14.156792973125743,13.937129230886496,14.281546847619863,1.0,1.0,1.0,1.0,1.0,1.0,1.0,1.0,1.0,1.0
141.25,2.0,17.212847959358463,16.92581641167506,17.3230651201815,16.049083368184807,17.092247200398905,17.057056739848065,16.91496476056494,16.070082928403494,15.912794339471414,15.157226430966304,1.0,1.0,1.0,1.0,1.0,1.0,1.0,1.0,1.0,1.0
141.5,3.0,0.0,0.0,0.0,0.0,0.0,0.0,0.0,0.0,0.0,0.0,0.0,0.0,0.0,0.0,0.0,0.0,0.0,0.0,0.0,0.0
141.75,4.0,17.231469301081184,14.955397758940723,15.404282518981011,16.08351537571665,17.09378791158994,17.30670515359711,15.618434593606922,17.04733769908225,15.214061064188453,16.276035685635605,1.0,1.0,1.0,1.0,1.0,1.0,1.0,1.0,1.0,1.0
142.0,1.0,14.892282922714196,13.685231173762466,14.149210229821762,14.36268296218371,14.554686807402545,14.557050017165807,13.892289437799803,14.608027505725103,14.523647828912894,14.405827509964704,1.0,1.0,1.0,1.0,1.0,1.0,1.0,1.0,1.0,1.0
142.25,2.0,0.0,0.0,0.0,0.0,0.0,0.0,0.0,0.0,0.0,0.0,0.0,0.0,0.0,0.0,0.0,0.0,0.0,0.0,0.0,0.0
142.5,3.0,18.27809510635837,16.813115216846303,16.17220059943086,14.426130676147695,13.624882991707368,12.9413859560188,13.2010895916891,13.61422983758644,14.320006625270809,15.0622206594291,1.0,1.0,1.0,1.0,1.0,1.0,1.0,1.0,1.0,1.0
142.75,4.0,16.28938996076792,15.333194256444036,16.017603304023005,16.21539579131677,16.372985652018865,16.096788975199814,15.694684827686768,16.671877707662777,15.732561542943724,17.186640157844217,1.0,1.0,1.0,1.0,1.0,1.0,1.0,1.0,1.0,1.0
143.0,1.0,14.53311216122882,13.088658536196162,14.25821647482272,14.835015810772864,15.583182051567594,16.091395230989995,16.053272979655052,15.781556407885203,15.530215266228387,14.837042513277016,1.0,1.0,1.0,1.0,1.0,1.0,1.0,1.0,1.0,1.0
143.25,2.0,18.206618449665253,17.195939213561452,17.120216792858447,16.260245550571675,16.11136423059846,15.544208801088894,14.946079703786612,14.753693778001889,14.38952118942725,13.255031500217243,1.0,1.0,1.0,1.0,1.0,1.0,1.0,1.0,1.0,1.0
143.5,3.0,0.0,0.0,0.0,0.0,0.0,0.0,0.0,0.0,0.0,0.0,0.0,0.0,0.0,0.0,0.0,0.0,0.0,0.0,0.0,0.0
143.75,4.0,16.584678066315462,16.55250194993362,16.40395186032547,16.66833245251481,16.624619185494822,17.303947870256895,16.537727855074387,18.134071098644668,17.443414162107935,18.390116348889713,1.0,1.0,1.0,1.0,1.0,1.0,1.0,1.0,1.0,1.0
144.0,1.0,14.449118573988065,13.951746061397532,14.450757861688095,14.745261199611042,15.832045858516343,17.22748963311192,16.283495930481624,15.322180390079176,14.376120356196697,14.079413654702487,1.0,1.0,1.0,1.0,1.0,1.0,1.0,1.0,1.0,1.0
144.25,2.0,0.0,0.0,0.0,0.0,0.0,0.0,0.0,0.0,0.0,0.0,0.0,0.0,0.0,0.0,0.0,0.0,0.0,0.0,0.0,0.0
144.5,3.0,16.208525108025803,15.652680488717936,13.783677084465007,11.806970521157247,12.592859453017631,13.49834649307414,13.831707460068621,13.538429112383357,14.496561624974616,14.598547571311396,1.0,1.0,1.0,1.0,1.0,1.0,1.0,1.0,1.0,1.0
144.75,4.0,16.239753059139865,15.878069029106584,16.075480332447796,16.257239368027893,16.32562432698755,16.340078674118722,16.287903541405072,18.141990763222367,18.14088224949415,18.685699464303106,1.0,1.0,1.0,1.0,1.0,1.0,1.0,1.0,1.0,1.0
145.0,1.0,0.0,0.0,0.0,0.0,0.0,0.0,0.0,0.0,0.0,0.0,0.0,0.0,0.0,0.0,0.0,0.0,0.0,0.0,0.0,0.0
145.25,2.0,0.0,0.0,0.0,0.0,0.0,0.0,0.0,0.0,0.0,0.0,0.0,0.0,0.0,0.0,0.0,0.0,0.0,0.0,0.0,0.0
145.5,3.0,16.058272624875766,15.02403168374006,13.153189761627758,12.622033227541623,13.090916992853588,14.066382869508029,14.061991620366213,14.795209801451158,14.783311408854276,14.3290303176684,1.0,1.0,1.0,1.0,1.0,1.0,1.0,1.0,1.0,1.0
145.75,4.0,0.0,0.0,0.0,0.0,0.0,0.0,0.0,0.0,0.0,0.0,0.0,0.0,0.0,0.0,0.0,0.0,0.0,0.0,0.0,0.0
146.0,1.0,16.706653024221,15.141629983446135,16.136841456270233,16.45219682178373,17.720743005769755,17.384342983458197,16.382673770738513,15.310006349011836,14.385757804825609,14.206985210953293,1.0,1.0,1.0,1.0,1.0,1.0,1.0,1.0,1.0,1.0
146.25,2.0,19.09765849805225,17.2398314974567,16.057385357209245,15.213620484408533,15.804514487614215,16.933880205057342,17.573864459112645,17.690658677636854,16.58355448734192,14.289687037186155,1.0,1.0,1.0,1.0,1.0,1.0,1.0,1.0,1.0,1.0
146.5,3.0,0.0,0.0,0.0,0.0,0.0,0.0,0.0,0.0,0.0,0.0,0.0,0.0,0.0,0.0,0.0,0.0,0.0,0.0,0.0,0.0
146.75,4.0,15.419813772896404,15.073065245666076,15.086773248948637,16.1369201233434,18.097164906840366,18.499967705693617,19.299279390023525,19.899279826372602,19.9025528945626,19.508070152493836,1.0,1.0,1.0,1.0,1.0,1.0,1.0,1.0,1.0,1.0
147.0,1.0,16.015273034985306,14.676823132166083,15.700216959819633,15.695826754157858,17.02459409996826,16.46897684386718,14.967963901728796,14.202315294291367,13.90875250679179,14.775849250722716,1.0,1.0,1.0,1.0,1.0,1.0,1.0,1.0,1.0,1.0
147.25,2.0,0.0,0.0,0.0,0.0,0.0,0.0,0.0,0.0,0.0,0.0,0.0,0.0,0.0,0.0,0.0,0.0,0.0,0.0,0.0,0.0
147.5,3.0,16.159320925508844,13.404248799872262,13.31688279129211,14.004006455961694,14.176658146988284,15.183684138222137,15.994305719987045,16.118668351628052,16.190670767733312,15.223916253756279,1.0,1.0,1.0,1.0,1.0,1.0,1.0,1.0,1.0,1.0
147.75,4.0,15.715813132763895,14.294552931761642,15.426893329070742,17.04221729021884,19.626410189560694,20.23833107395004,20.213174677730134,20.628138270022458,19.868413216878025,19.08806742174108,1.0,1.0,1.0,1.0,1.0,1.0,1.0,1.0,1.0,1.0
148.0,1.0,0.0,0.0,0.0,0.0,0.0,0.0,0.0,0.0,0.0,0.0,0.0,0.0,0.0,0.0,0.0,0.0,0.0,0.0,0.0,0.0
148.25,2.0,18.09026427403895,16.016411381519326,16.850654862576476,16.259819911389773,17.189005305337766,17.56241350045379,17.489992631779533,16.387214746058373,15.961145267526625,14.007038847354298,1.0,1.0,1.0,1.0,1.0,1.0,1.0,1.0,1.0,1.0
148.5,3.0,0.0,0.0,0.0,0.0,0.0,0.0,0.0,0.0,0.0,0.0,0.0,0.0,0.0,0.0,0.0,0.0,0.0,0.0,0.0,0.0
148.75,4.0,0.0,0.0,0.0,0.0,0.0,0.0,0.0,0.0,0.0,0.0,0.0,0.0,0.0,0.0,0.0,0.0,0.0,0.0,0.0,0.0
149.0,1.0,16.63608088346215,16.122152473289088,17.29909302287818,16.853026930610998,17.27200281974085,17.045382351409824,15.630969731656302,15.57914296411647,15.914277748688816,14.827152803236691,1.0,1.0,1.0,1.0,1.0,1.0,1.0,1.0,1.0,1.0
149.25,2.0,17.65058312959719,16.597328054656433,16.982419158677224,17.191638214274022,17.796297732160085,18.201525917623194,18.165540178802328,17.72369379632033,17.406894580612423,15.164159741591067,1.0,1.0,1.0,1.0,1.0,1.0,1.0,1.0,1.0,1.0
149.5,3.0,17.11104453141542,14.759610118342115,14.84833368388728,16.001967282378043,16.298501497943583,16.2139191277368,15.774947147672831,16.29989243462867,16.375799107053314,16.097277255120986,1.0,1.0,1.0,1.0,1.0,1.0,1.0,1.0,1.0,1.0
149.75,4.0,16.9429609136097,14.556712906146346,16.812741135562362,19.40188545639131,19.799680926016208,19.19690334846034,18.565812094308615,18.757900875483184,18.602600018211326,19.008675357633447,1.0,1.0,1.0,1.0,1.0,1.0,1.0,1.0,1.0,1.0
150.0,1.0,16.599020452332756,15.783462119665591,17.477145510068322,17.645325530233652,18.102107513356614,17.539980275260834,15.698249938169349,16.543170775261324,16.45975517651668,15.33752718135379,1.0,1.0,1.0,1.0,1.0,1.0,1.0,1.0,1.0,1.0
150.25,2.0,0.0,0.0,0.0,0.0,0.0,0.0,0.0,0.0,0.0,0.0,0.0,0.0,0.0,0.0,0.0,0.0,0.0,0.0,0.0,0.0
150.5,3.0,15.836785884908164,14.83143371552762,17.02340482837456,17.013969157941734,17.637651939108157,17.298321676333593,15.716252978460906,16.665136563814738,15.136590546614158,15.328955960882796,1.0,1.0,1.0,1.0,1.0,1.0,1.0,1.0,1.0,1.0
150.75,4.0,17.49712327065637,15.274124175826012,17.677152522566075,18.660913233023113,18.39846914205302,18.210147851408994,17.68695268156822,17.808725802513,17.301313554781107,18.628703011144427,1.0,1.0,1.0,1.0,1.0,1.0,1.0,1.0,1.0,1.0
151.0,1.0,16.874193542915712,16.37529628021637,17.937604137006673,18.178049899181712,17.85880347528886,16.778720577465734,14.690255372590764,15.169147046212318,15.077746199708255,14.370437775197601,1.0,1.0,1.0,1.0,1.0,1.0,1.0,1.0,1.0,1.0
151.25,2.0,18.053284218054134,17.674289255854735,18.215530321188663,18.299461980546145,20.02139976314674,19.61769646886767,19.46392090330059,17.316104595125747,16.862526838298322,14.566686057708232,1.0,1.0,1.0,1.0,1.0,1.0,1.0,1.0,1.0,1.0
151.5,3.0,0.0,0.0,0.0,0.0,0.0,0.0,0.0,0.0,0.0,0.0,0.0,0.0,0.0,0.0,0.0,0.0,0.0,0.0,0.0,0.0
151.75,4.0,17.42229450873362,15.484600268117353,17.35345105463853,18.395062031178966,18.191406331721044,17.724131988552337,17.503571410741777,18.41392114176324,19.545482747763298,20.02273137218552,1.0,1.0,1.0,1.0,1.0,1.0,1.0,1.0,1.0,1.0
152.0,1.0,17.208195330139038,17.500411063194953,18.506071272696857,18.19546375079228,18.4966310324769,16.54042744283399,14.241581327126166,14.401064012476656,14.504961604764642,14.249202165492429,1.0,1.0,1.0,1.0,1.0,1.0,1.0,1.0,1.0,1.0
152.25,2.0,0.0,0.0,0.0,0.0,0.0,0.0,0.0,0.0,0.0,0.0,0.0,0.0,0.0,0.0,0.0,0.0,0.0,0.0,0.0,0.0
152.5,3.0,16.22837640711424,16.356339284721617,16.666811409743968,17.725779603811333,17.92481826669702,17.384936683103167,17.343295888508997,16.587196793946404,16.67981145403346,16.224628210840418,1.0,1.0,1.0,1.0,1.0,1.0,1.0,1.0,1.0,1.0
152.75,4.0,16.763947149703796,16.368552236603527,16.341542665176966,17.16779173922742,17.32479245348497,18.47878327449304,19.17134823750039,20.31565195654768,19.936025676259355,18.96395678946764,1.0,1.0,1.0,1.0,1.0,1.0,1.0,1.0,1.0,1.0
153.0,1.0,0.0,0.0,0.0,0.0,0.0,0.0,0.0,0.0,0.0,0.0,0.0,0.0,0.0,0.0,0.0,0.0,0.0,0.0,0.0,0.0
153.25,2.0,0.0,0.0,0.0,0.0,0.0,0.0,0.0,0.0,0.0,0.0,0.0,0.0,0.0,0.0,0.0,0.0,0.0,0.0,0.0,0.0
153.5,3.0,16.274723159864774,16.877450449784543,17.661624931330362,17.355987321380823,18.18702530870972,18.138065494759047,17.931193270096156,17.261119412878017,16.423911379574804,16.674432556418946,1.0,1.0,1.0,1.0,1.0,1.0,1.0,1.0,1.0,1.0
153.75,4.0,0.0,0.0,0.0,0.0,0.0,0.0,0.0,0.0,0.0,0.0,0.0,0.0,0.0,0.0,0.0,0.0,0.0,0.0,0.0,0.0
154.0,1.0,17.71048033292271,18.398381683812666,18.11549401795673,16.51366021314931,16.10904548048742,15.201191362656502,13.91581691358559,15.023432653533837,15.948132552445562,15.25667398373928,1.0,1.0,1.0,1.0,1.0,1.0,1.0,1.0,1.0,1.0
154.25,2.0,17.65894474130723,18.947312260510834,20.03508596254472,18.50621752308458,18.677139845031984,16.70394566565125,15.612013284356282,13.845222310715211,13.860463631999576,11.699252352142288,1.0,1.0,1.0,1.0,1.0,1.0,1.0,1.0,1.0,1.0
154.5,3.0,0.0,0.0,0.0,0.0,0.0,0.0,0.0,0.0,0.0,0.0,0.0,0.0,0.0,0.0,0.0,0.0,0.0,0.0,0.0,0.0
154.75,4.0,18.389750393130747,19.162079515942786,17.80198276174855,16.89405693747599,16.364236727318588,18.71959867272994,18.903573516954506,20.55763953671579,19.939152259201002,19.594071414927743,1.0,1.0,1.0,1.0,1.0,1.0,1.0,1.0,1.0,1.0
155.0,1.0,17.54527393228141,17.33353873469807,16.230876101342073,15.433773320864148,15.736568221580855,14.956411079857745,14.590467527004119,14.614102985796869,14.99449961586046,14.041880328254122,1.0,1.0,1.0,1.0,1.0,1.0,1.0,1.0,1.0,1.0
155.25,2.0,0.0,0.0,0.0,0.0,0.0,0.0,0.0,0.0,0.0,0.0,0.0,0.0,0.0,0.0,0.0,0.0,0.0,0.0,0.0,0.0
155.5,3.0,19.15949250114362,18.555149674424378,18.84192870343119,18.019898024288562,17.40695973093076,17.274635143836,16.69116292324517,14.611233754218594,14.75328924746449,14.73547468716367,1.0,1.0,1.0,1.0,1.0,1.0,1.0,1.0,1.0,1.0
155.75,4.0,19.202720180361478,18.28761902998839,16.40739302984612,16.590724326312014,15.860190906932958,18.138114302433507,18.01283913866914,19.83787956321842,20.169017261569014,19.511901044331545,1.0,1.0,1.0,1.0,1.0,1.0,1.0,1.0,1.0,1.0
156.0,1.0,0.0,0.0,0.0,0.0,0.0,0.0,0.0,0.0,0.0,0.0,0.0,0.0,0.0,0.0,0.0,0.0,0.0,0.0,0.0,0.0
156.25,2.0,18.84667342346832,18.028819333071947,17.456089522235764,16.909029472017952,16.278465252205375,14.164753038502917,13.645764951758421,12.824815083969604,13.659095099261101,12.46784060878181,1.0,1.0,1.0,1.0,1.0,1.0,1.0,1.0,1.0,1.0
156.5,3.0,0.0,0.0,0.0,0.0,0.0,0.0,0.0,0.0,0.0,0.0,0.0,0.0,0.0,0.0,0.0,0.0,0.0,0.0,0.0,0.0
156.75,4.0,0.0,0.0,0.0,0.0,0.0,0.0,0.0,0.0,0.0,0.0,0.0,0.0,0.0,0.0,0.0,0.0,0.0,0.0,0.0,0.0
157.0,1.0,17.834510060665348,16.121095187612386,16.811543502544616,15.910005615266194,16.459581109539688,15.8453368014302,14.958113363300251,14.789602321626283,15.054013377182052,14.322017369985508,1.0,1.0,1.0,1.0,1.0,1.0,1.0,1.0,1.0,1.0
157.25,2.0,18.201651546279745,16.198351304918653,16.719255527380838,15.722350405209921,15.59716132521961,14.210594070576333,14.104038716543432,14.566675384070527,14.856016257556734,13.794883333938776,1.0,1.0,1.0,1.0,1.0,1.0,1.0,1.0,1.0,1.0
157.5,3.0,18.968261144800465,16.006513138632766,15.043114344079301,17.22204717703777,16.20362372255138,16.099529497237206,16.96598458445922,14.963806850376654,14.983800136910268,14.304962285036382,1.0,1.0,1.0,1.0,1.0,1.0,1.0,1.0,1.0,1.0
157.75,4.0,17.287598848753785,16.918476649600493,16.394257817354166,17.12686719152173,17.807825255662614,18.448687023386167,17.92032530693644,18.14931083968986,16.571246847438555,16.302964914879034,1.0,1.0,1.0,1.0,1.0,1.0,1.0,1.0,1.0,1.0
158.0,1.0,17.856488479467263,16.46523373087229,16.31335479442798,16.28869353606516,16.131250769882087,15.168566891865348,14.397170639958869,15.08084078452566,15.423787156941842,14.921263182876109,1.0,1.0,1.0,1.0,1.0,1.0,1.0,1.0,1.0,1.0
158.25,2.0,0.0,0.0,0.0,0.0,0.0,0.0,0.0,0.0,0.0,0.0,0.0,0.0,0.0,0.0,0.0,0.0,0.0,0.0,0.0,0.0
158.5,3.0,16.050057234196856,15.330639848808609,15.996742364574539,17.266706240932674,15.42643062633512,15.886674577258086,15.545425541178583,15.435710036939115,14.49074557471857,13.388704093112967,1.0,1.0,1.0,1.0,1.0,1.0,1.0,1.0,1.0,1.0
158.75,4.0,17.08405572426949,16.737272773305364,17.139638444264477,18.499804837440692,17.019201286166577,16.481090145154326,15.652218887346223,16.09555547241122,15.45922184056215,15.736973114481662,1.0,1.0,1.0,1.0,1.0,1.0,1.0,1.0,1.0,1.0
159.0,1.0,16.965252380126596,17.08935151211935,16.590469720734678,15.748848652305595,15.37241073327391,14.931920779147804,13.964907079887022,14.878559707626824,15.926463169854847,15.003402834087519,1.0,1.0,1.0,1.0,1.0,1.0,1.0,1.0,1.0,1.0
159.25,2.0,15.850644028622298,18.141963534102835,18.10266747478952,16.484794836291787,15.555542197399403,14.594428457151322,14.968288450420022,14.191880078834522,14.119170429263566,13.202977963519828,1.0,1.0,1.0,1.0,1.0,1.0,1.0,1.0,1.0,1.0
159.5,3.0,0.0,0.0,0.0,0.0,0.0,0.0,0.0,0.0,0.0,0.0,0.0,0.0,0.0,0.0,0.0,0.0,0.0,0.0,0.0,0.0
159.75,4.0,15.98582767830539,17.209063019623645,18.02839836077808,17.746570341682457,14.724571374430145,15.247651334878752,15.399694041399272,15.421407586583017,15.269201742766624,14.660002432003079,1.0,1.0,1.0,1.0,1.0,1.0,1.0,1.0,1.0,1.0
160.0,1.0,16.42471663082894,16.45125202933207,17.794919518392998,15.917416627900753,15.699106333119158,15.778213244072884,14.553211386061454,15.150566293593695,15.960781912091957,14.629244358959637,1.0,1.0,1.0,1.0,1.0,1.0,1.0,1.0,1.0,1.0
160.25,2.0,0.0,0.0,0.0,0.0,0.0,0.0,0.0,0.0,0.0,0.0,0.0,0.0,0.0,0.0,0.0,0.0,0.0,0.0,0.0,0.0
160.5,3.0,17.731846033297817,16.517571999835226,17.28445534154544,16.850213657440026,16.146029856972568,15.171751329459154,14.667733235380076,14.708588649838157,13.486395371218737,13.789557091796306,1.0,1.0,1.0,1.0,1.0,1.0,1.0,1.0,1.0,1.0
160.75,4.0,15.91995803591504,17.05776173370985,17.055663071507727,16.545211174555536,13.66974229952365,14.461512726455025,14.680637415405423,15.572501859489655,15.582153581022348,15.180480399886676,1.0,1.0,1.0,1.0,1.0,1.0,1.0,1.0,1.0,1.0
161.0,1.0,0.0,0.0,0.0,0.0,0.0,0.0,0.0,0.0,0.0,0.0,0.0,0.0,0.0,0.0,0.0,0.0,0.0,0.0,0.0,0.0
161.25,2.0,15.705792672777928,17.35721050392276,15.542013224750818,13.786151582779336,14.270403084623778,13.95147119716108,12.98471098835259,12.727554821233568,12.397715057955626,11.464709088313864,1.0,1.0,1.0,1.0,1.0,1.0,1.0,1.0,1.0,1.0
161.5,3.0,16.87856315726532,17.01889976858988,17.271719727174926,17.18280684945942,15.814968063964287,15.820927893204134,16.073154971100777,15.990604029019831,15.215574902771856,14.858722054677205,1.0,1.0,1.0,1.0,1.0,1.0,1.0,1.0,1.0,1.0
161.75,4.0,0.0,0.0,0.0,0.0,0.0,0.0,0.0,0.0,0.0,0.0,0.0,0.0,0.0,0.0,0.0,0.0,0.0,0.0,0.0,0.0
162.0,1.0,15.460106353734558,15.854621371328355,16.871924075281157,16.355486241187943,15.520050458034842,16.0364152073784,15.321487682850352,15.588827857068223,16.79460192142283,16.018472426621994,1.0,1.0,1.0,1.0,1.0,1.0,1.0,1.0,1.0,1.0
162.25,2.0,14.883724770435242,16.422773124748133,14.098544351386453,12.976211503654001,13.35698870375527,11.582961311076216,11.90274631455333,11.443403211167283,11.640787671236328,11.407824177639771,1.0,1.0,1.0,1.0,1.0,1.0,1.0,1.0,1.0,1.0
162.5,3.0,0.0,0.0,0.0,0.0,0.0,0.0,0.0,0.0,0.0,0.0,0.0,0.0,0.0,0.0,0.0,0.0,0.0,0.0,0.0,0.0
162.75,4.0,15.420002917999604,16.51740494421673,16.06099670160413,15.674518533977288,15.241446062058587,15.854394160983777,16.562508584220197,16.15233068406099,14.791779128724215,13.915202676923476,1.0,1.0,1.0,1.0,1.0,1.0,1.0,1.0,1.0,1.0
163.0,1.0,15.975751711316976,15.70748768127708,15.212610464191766,14.974141732668748,15.641782461817382,16.37638016350919,15.335422851498514,15.726137711665432,15.729161269213902,14.779612270181163,1.0,1.0,1.0,1.0,1.0,1.0,1.0,1.0,1.0,1.0
163.25,2.0,0.0,0.0,0.0,0.0,0.0,0.0,0.0,0.0,0.0,0.0,0.0,0.0,0.0,0.0,0.0,0.0,0.0,0.0,0.0,0.0
163.5,3.0,16.54739094769807,16.114897557185262,15.347291421480396,16.706092242328,16.701593558366103,17.49392293414316,16.78420795968521,16.858165494995898,15.263370886763786,14.389511690602268,1.0,1.0,1.0,1.0,1.0,1.0,1.0,1.0,1.0,1.0
163.75,4.0,15.497147550715386,17.3485982465601,15.596176703383522,15.023026970928772,16.03422161030442,15.940614963624993,16.196144245848195,14.978646137544315,14.731752754015785,14.592356886783179,1.0,1.0,1.0,1.0,1.0,1.0,1.0,1.0,1.0,1.0
164.0,1.0,15.370019895033664,15.021214976354386,14.120467641451048,14.241514805843098,14.89472728560972,15.134410205779782,14.298486354227657,13.599346784111564,13.774862069370513,13.231034551959564,1.0,1.0,1.0,1.0,1.0,1.0,1.0,1.0,1.0,1.0
164.25,2.0,15.257453134956988,14.976770312192116,13.94408820761124,12.112659377113236,10.682288856163204,10.793301150210834,11.683186637396867,12.118595718912191,12.821060890622697,11.704980168833636,1.0,1.0,1.0,1.0,1.0,1.0,1.0,1.0,1.0,1.0
164.5,3.0,0.0,0.0,0.0,0.0,0.0,0.0,0.0,0.0,0.0,0.0,0.0,0.0,0.0,0.0,0.0,0.0,0.0,0.0,0.0,0.0
164.75,4.0,16.60998969041941,18.222685352797285,16.395919024116335,15.680226614311398,16.19427930946345,15.058205539204396,15.870816798520268,14.859778501886758,15.02791749747295,15.47152605858332,1.0,1.0,1.0,1.0,1.0,1.0,1.0,1.0,1.0,1.0
165.0,1.0,15.071503719078544,14.033315099298378,14.336788383303775,14.67559812342572,14.670980741971693,14.490997460732796,13.402159543835639,14.331713083638286,14.365198436742682,13.686554419738181,1.0,1.0,1.0,1.0,1.0,1.0,1.0,1.0,1.0,1.0
165.25,2.0,15.849176098612132,15.215731842271706,13.344667362878008,12.06028998730138,11.848878579869934,12.216678370239611,12.708623194427501,12.100549756434626,12.134137505457463,11.734547232879377,1.0,1.0,1.0,1.0,1.0,1.0,1.0,1.0,1.0,1.0
165.5,3.0,15.031240109391883,14.820045079578332,16.636376551048674,16.953762543306308,15.107789230487434,15.16536195657218,15.132088823259705,15.643814914111843,14.837641836286531,15.51242272173412,1.0,1.0,1.0,1.0,1.0,1.0,1.0,1.0,1.0,1.0
165.75,4.0,17.24055055107647,18.00587754122079,16.384742764506985,14.82739213338795,14.330913584002518,14.086403671354727,15.554241640289252,15.712675964978695,15.088070181027131,16.101122791897573,1.0,1.0,1.0,1.0,1.0,1.0,1.0,1.0,1.0,1.0
166.0,1.0,0.0,0.0,0.0,0.0,0.0,0.0,0.0,0.0,0.0,0.0,0.0,0.0,0.0,0.0,0.0,0.0,0.0,0.0,0.0,0.0
166.25,2.0,0.0,0.0,0.0,0.0,0.0,0.0,0.0,0.0,0.0,0.0,0.0,0.0,0.0,0.0,0.0,0.0,0.0,0.0,0.0,0.0
166.5,3.0,13.98490590014708,14.449440305213274,15.450806926744512,15.755392498599049,14.905584347997916,14.853211692508717,14.419194025925549,14.964913758092052,15.135950042223751,15.451259271805911,1.0,1.0,1.0,1.0,1.0,1.0,1.0,1.0,1.0,1.0
166.75,4.0,0.0,0.0,0.0,0.0,0.0,0.0,0.0,0.0,0.0,0.0,0.0,0.0,0.0,0.0,0.0,0.0,0.0,0.0,0.0,0.0
167.0,1.0,15.906215436102503,15.31764971823835,14.130432906375049,11.861937682433888,12.68282471200102,12.245586266272218,12.221972809743217,12.566010939620698,13.192901255005674,12.941679884885481,1.0,1.0,1.0,1.0,1.0,1.0,1.0,1.0,1.0,1.0
167.25,2.0,14.450890896582228,14.976949546773982,14.207761884226475,13.665904374779256,12.862279271252158,12.983190191486221,14.26071061560265,14.171460991917845,13.448056384732007,11.357512868810366,1.0,1.0,1.0,1.0,1.0,1.0,1.0,1.0,1.0,1.0
167.5,3.0,0.0,0.0,0.0,0.0,0.0,0.0,0.0,0.0,0.0,0.0,0.0,0.0,0.0,0.0,0.0,0.0,0.0,0.0,0.0,0.0
167.75,4.0,17.276467923655822,17.196044740161597,16.86976727489772,15.336826530772461,15.384389425531616,15.607319998659898,16.530966927452884,16.815154322680627,17.253864973270364,17.7254101597721,1.0,1.0,1.0,1.0,1.0,1.0,1.0,1.0,1.0,1.0
168.0,1.0,15.227166386446457,14.662781022932172,12.715293379538585,10.98275929682047,12.487894459178989,12.490785071690793,13.522773012100894,13.172170575774514,13.983255723103232,13.385461746826353,1.0,1.0,1.0,1.0,1.0,1.0,1.0,1.0,1.0,1.0
168.25,2.0,0.0,0.0,0.0,0.0,0.0,0.0,0.0,0.0,0.0,0.0,0.0,0.0,0.0,0.0,0.0,0.0,0.0,0.0,0.0,0.0
168.5,3.0,14.312991662306656,13.662735005825285,13.517294618800163,13.415333578869689,16.027446378182407,16.36168928835713,16.048855014182866,16.03947703767459,15.280324821698768,15.129360345658467,1.0,1.0,1.0,1.0,1.0,1.0,1.0,1.0,1.0,1.0
168.75,4.0,16.625932479142033,16.81152598956662,16.781315150283913,15.259485139024063,15.776488776799662,16.576312761799596,17.625836555686668,17.841733848629836,17.74374103524097,17.199276179124258,1.0,1.0,1.0,1.0,1.0,1.0,1.0,1.0,1.0,1.0
169.0,1.0,0.0,0.0,0.0,0.0,0.0,0.0,0.0,0.0,0.0,0.0,0.0,0.0,0.0,0.0,0.0,0.0,0.0,0.0,0.0,0.0
169.25,2.0,14.109979475835384,13.358864382057948,12.753329760942345,11.23206570864275,13.450782923165715,13.927742790723872,14.520427154071857,14.34663361050201,13.084542236736137,11.670741393153147,1.0,1.0,1.0,1.0,1.0,1.0,1.0,1.0,1.0,1.0
169.5,3.0,0.0,0.0,0.0,0.0,0.0,0.0,0.0,0.0,0.0,0.0,0.0,0.0,0.0,0.0,0.0,0.0,0.0,0.0,0.0,0.0
169.75,4.0,0.0,0.0,0.0,0.0,0.0,0.0,0.0,0.0,0.0,0.0,0.0,0.0,0.0,0.0,0.0,0.0,0.0,0.0,0.0,0.0
170.0,1.0,14.310712183959971,12.694893484978474,13.038171398587831,12.93055980699061,13.947400833783167,13.404438696268285,13.718640657918577,13.54315438570284,14.42098328772166,13.600058716690492,1.0,1.0,1.0,1.0,1.0,1.0,1.0,1.0,1.0,1.0
170.25,2.0,13.084576421904398,12.922497598056111,12.85142371017852,12.597627681018654,14.620897054336378,14.664218790705428,13.335660285732077,13.455320218455798,12.98840189844318,12.860903690018208,1.0,1.0,1.0,1.0,1.0,1.0,1.0,1.0,1.0,1.0
170.5,3.0,0.0,0.0,0.0,0.0,0.0,0.0,0.0,0.0,0.0,0.0,0.0,0.0,0.0,0.0,0.0,0.0,0.0,0.0,0.0,0.0
170.75,4.0,14.881038619677312,14.815309598020928,15.034495775414538,16.28736320979092,17.727387159220182,18.371199096482165,18.79098416738792,18.014128263438106,18.101079865447293,18.024883679856316,1.0,1.0,1.0,1.0,1.0,1.0,1.0,1.0,1.0,1.0
171.0,1.0,14.373972812880842,12.873114025753237,13.343018803604666,12.832850885008757,13.951876877428841,13.681471202253894,14.271945122320664,14.494772164042521,15.270537181985857,15.83963479872182,1.0,1.0,1.0,1.0,1.0,1.0,1.0,1.0,1.0,1.0
171.25,2.0,0.0,0.0,0.0,0.0,0.0,0.0,0.0,0.0,0.0,0.0,0.0,0.0,0.0,0.0,0.0,0.0,0.0,0.0,0.0,0.0
171.5,3.0,10.686095766795006,11.752063783321363,15.035307656612057,17.497469969347616,16.748959600387558,16.41508322809669,16.638340057883944,16.171945719522924,15.685217977640452,14.640185951175898,1.0,1.0,1.0,1.0,1.0,1.0,1.0,1.0,1.0,1.0
171.75,4.0,14.913449754340112,14.864446034911523,16.277251462481257,17.60684890247951,18.438337970678692,18.661880028201782,19.11572276986262,18.272787529055925,18.613810134427585,18.102495390043668,1.0,1.0,1.0,1.0,1.0,1.0,1.0,1.0,1.0,1.0
172.0,1.0,14.402660032619794,13.754206470933656,13.456967125881016,13.237366864862464,14.480058642389412,15.078882777007747,15.833607810255494,15.856571236022978,16.458020713525368,16.78723774820248,1.0,1.0,1.0,1.0,1.0,1.0,1.0,1.0,1.0,1.0
172.25,2.0,14.056506978825388,14.898002652229696,15.127300555199621,14.53819570563231,12.94686266079674,14.455472929869602,14.14311329855537,14.337506353027152,13.6543814508872,12.892254597065422,1.0,1.0,1.0,1.0,1.0,1.0,1.0,1.0,1.0,1.0
172.5,3.0,0.0,0.0,0.0,0.0,0.0,0.0,0.0,0.0,0.0,0.0,0.0,0.0,0.0,0.0,0.0,0.0,0.0,0.0,0.0,0.0
172.75,4.0,14.866538918231065,15.030472690299597,17.728459225119877,18.95218634029341,18.622702201748286,19.109746765249515,19.179739481341,18.32593579434188,17.535121651151005,18.49156047342711,1.0,1.0,1.0,1.0,1.0,1.0,1.0,1.0,1.0,1.0
173.0,1.0,14.573118258021228,14.381803193091542,14.52887333580258,15.317799860927499,16.391465415920266,16.812600755579265,16.745887241643356,16.91628218105144,18.06821999662436,17.890647722782557,1.0,1.0,1.0,1.0,1.0,1.0,1.0,1.0,1.0,1.0
173.25,2.0,14.878471087112873,15.194279303523437,15.62194985459588,14.682283573426798,13.423262806653014,14.190516838987296,13.4319276847547,13.739590805572135,13.049648638457759,14.143937396476655,1.0,1.0,1.0,1.0,1.0,1.0,1.0,1.0,1.0,1.0
173.5,3.0,11.997611334677424,12.64153419285999,14.493084661973947,17.755571523939974,18.18914539879635,17.255195975108883,16.493227303334667,15.740700542820242,15.374860315278141,14.846741987029096,1.0,1.0,1.0,1.0,1.0,1.0,1.0,1.0,1.0,1.0
173.75,4.0,14.544431965267366,16.18679085134073,18.62679295968922,20.016780443288344,18.898848603018845,18.64315194462228,18.211196843516163,17.754655740352955,18.615243726334764,19.3360055610655,1.0,1.0,1.0,1.0,1.0,1.0,1.0,1.0,1.0,1.0
174.0,1.0,0.0,0.0,0.0,0.0,0.0,0.0,0.0,0.0,0.0,0.0,0.0,0.0,0.0,0.0,0.0,0.0,0.0,0.0,0.0,0.0
174.25,2.0,0.0,0.0,0.0,0.0,0.0,0.0,0.0,0.0,0.0,0.0,0.0,0.0,0.0,0.0,0.0,0.0,0.0,0.0,0.0,0.0
174.5,3.0,12.788302444772581,13.490957661244643,15.474546085985804,17.54186698377995,16.92905309559479,16.29826998849296,16.076416939351038,15.808180745286572,15.41820262287946,15.576930295350689,1.0,1.0,1.0,1.0,1.0,1.0,1.0,1.0,1.0,1.0
174.75,4.0,0.0,0.0,0.0,0.0,0.0,0.0,0.0,0.0,0.0,0.0,0.0,0.0,0.0,0.0,0.0,0.0,0.0,0.0,0.0,0.0
175.0,1.0,15.51155471642801,15.796361347910198,18.060001006724004,17.77356616336858,16.47969942982123,15.839256535263617,16.53923004636575,17.344273193223906,17.28412745948482,18.355278536612765,1.0,1.0,1.0,1.0,1.0,1.0,1.0,1.0,1.0,1.0
175.25,2.0,15.787077170893205,16.311037500497097,16.770428332201803,15.055900368885528,13.726440703955104,13.650343868215804,13.564693549581046,14.281614741450996,14.766069159011817,14.577357567560083,1.0,1.0,1.0,1.0,1.0,1.0,1.0,1.0,1.0,1.0
175.5,3.0,0.0,0.0,0.0,0.0,0.0,0.0,0.0,0.0,0.0,0.0,0.0,0.0,0.0,0.0,0.0,0.0,0.0,0.0,0.0,0.0
175.75,4.0,16.425951547755705,18.083620292853894,20.150881003065724,19.54479580515332,16.921547869614926,17.434169148125093,17.186492078572808,17.34047030068762,18.143234028204958,18.40213516847437,1.0,1.0,1.0,1.0,1.0,1.0,1.0,1.0,1.0,1.0
176.0,1.0,16.38490385268655,16.050439787861222,17.084035673624403,16.355642606756046,15.374967920986817,15.587891131449174,16.41457341715166,18.06312193463113,17.939853780764548,19.42070573375736,1.0,1.0,1.0,1.0,1.0,1.0,1.0,1.0,1.0,1.0
176.25,2.0,0.0,0.0,0.0,0.0,0.0,0.0,0.0,0.0,0.0,0.0,0.0,0.0,0.0,0.0,0.0,0.0,0.0,0.0,0.0,0.0
176.5,3.0,13.857345355019811,15.104353626574227,15.77720831783072,15.509245591127568,14.584473062803276,13.61471994116829,14.521306108162742,14.546684161424816,15.064246339831811,14.38618819547789,1.0,1.0,1.0,1.0,1.0,1.0,1.0,1.0,1.0,1.0
176.75,4.0,17.34414800415745,18.55431795440313,19.23476834452546,18.04967766502207,17.253030205797412,17.203786582633594,16.772294523937816,17.498246786620175,16.837304668157913,18.071260389981543,1.0,1.0,1.0,1.0,1.0,1.0,1.0,1.0,1.0,1.0
177.0,1.0,0.0,0.0,0.0,0.0,0.0,0.0,0.0,0.0,0.0,0.0,0.0,0.0,0.0,0.0,0.0,0.0,0.0,0.0,0.0,0.0
177.25,2.0,15.702166430761123,14.641680978860606,13.410350135607247,12.454101926092969,13.051811013967368,14.045809199048625,14.11048581703142,15.243365439621764,16.866087076585146,16.31958143097574,1.0,1.0,1.0,1.0,1.0,1.0,1.0,1.0,1.0,1.0
177.5,3.0,0.0,0.0,0.0,0.0,0.0,0.0,0.0,0.0,0.0,0.0,0.0,0.0,0.0,0.0,0.0,0.0,0.0,0.0,0.0,0.0
177.75,4.0,0.0,0.0,0.0,0.0,0.0,0.0,0.0,0.0,0.0,0.0,0.0,0.0,0.0,0.0,0.0,0.0,0.0,0.0,0.0,0.0
178.0,1.0,16.432026120249716,18.484822061834215,18.408995393646443,17.691050744611424,16.88097156427532,16.798079759196764,16.706381542459784,17.317752010674376,17.70755561779494,17.296463083266122,1.0,1.0,1.0,1.0,1.0,1.0,1.0,1.0,1.0,1.0
178.25,2.0,15.130213715240902,13.512736407861553,12.371308018622582,12.471279566869427,12.766500137238978,13.951064178585643,13.999121362401647,15.05484623925615,17.1691260502201,17.01060468602403,1.0,1.0,1.0,1.0,1.0,1.0,1.0,1.0,1.0,1.0
178.5,3.0,0.0,0.0,0.0,0.0,0.0,0.0,0.0,0.0,0.0,0.0,0.0,0.0,0.0,0.0,0.0,0.0,0.0,0.0,0.0,0.0
178.75,4.0,16.9338550643268,15.483498198890103,16.334285860383652,17.20727473193239,17.598644605543992,17.999383126216944,17.02486235756613,16.75221263947419,16.929194845655545,17.604380511770994,1.0,1.0,1.0,1.0,1.0,1.0,1.0,1.0,1.0,1.0
179.0,1.0,18.334701728827923,20.07002467667592,18.863289668714824,18.091818019542238,16.986687218219,17.097452352177488,17.346890822694117,17.135586211253344,17.88483058963552,18.13026797630892,1.0,1.0,1.0,1.0,1.0,1.0,1.0,1.0,1.0,1.0
179.25,2.0,0.0,0.0,0.0,0.0,0.0,0.0,0.0,0.0,0.0,0.0,0.0,0.0,0.0,0.0,0.0,0.0,0.0,0.0,0.0,0.0
179.5,3.0,14.38911224648597,14.52117140276541,13.44174958568145,14.149641537487554,15.7539116784382,14.786998535134403,15.374922231320184,14.058047334250862,15.227795658371829,14.745327342347844,1.0,1.0,1.0,1.0,1.0,1.0,1.0,1.0,1.0,1.0
179.75,4.0,15.88209431562466,15.044816381601965,15.976248078805247,17.459592142967008,17.99997146326388,17.972195679117803,17.793541907083725,17.78002361674607,17.951671791897272,17.993989544814713,1.0,1.0,1.0,1.0,1.0,1.0,1.0,1.0,1.0,1.0
180.0,1.0,19.53512064025267,20.686704166416664,18.986469051899284,17.513860554860766,17.342078079118668,17.184362904382077,17.408295523520508,16.39842768834466,17.849358846799863,17.243858227761336,1.0,1.0,1.0,1.0,1.0,1.0,1.0,1.0,1.0,1.0
180.25,2.0,14.951142452703289,13.331758291684242,13.935347093125944,14.441047335491115,15.750935517403795,17.459436631828048,17.711230794680315,18.362101408445287,18.25156697995322,17.966645790531008,1.0,1.0,1.0,1.0,1.0,1.0,1.0,1.0,1.0,1.0
180.5,3.0,0.0,0.0,0.0,0.0,0.0,0.0,0.0,0.0,0.0,0.0,0.0,0.0,0.0,0.0,0.0,0.0,0.0,0.0,0.0,0.0
180.75,4.0,15.431685367292614,14.46390429319181,15.174452395069219,17.63269537378271,17.903165786654608,18.386469175264963,18.359077654603748,18.265206166770675,18.296852608587287,18.67053606660871,1.0,1.0,1.0,1.0,1.0,1.0,1.0,1.0,1.0,1.0
181.0,1.0,19.47030235806185,20.68823987188037,18.76535911888524,17.62626587392443,17.956815136714273,17.259437485765208,17.375608739026546,16.60468775313128,17.773666552930482,17.25415801211574,1.0,1.0,1.0,1.0,1.0,1.0,1.0,1.0,1.0,1.0
181.25,2.0,0.0,0.0,0.0,0.0,0.0,0.0,0.0,0.0,0.0,0.0,0.0,0.0,0.0,0.0,0.0,0.0,0.0,0.0,0.0,0.0
181.5,3.0,13.681098158309085,13.715966024509813,15.440370443457144,17.367233408976727,17.147228473344946,16.97407536799126,17.446035692138583,16.599397960177427,15.890294437471086,15.221366398523614,1.0,1.0,1.0,1.0,1.0,1.0,1.0,1.0,1.0,1.0
181.75,4.0,14.638907569055599,14.592776636741604,16.315607734701775,18.003621602335283,19.238523149828588,18.61954068329218,18.49044001095634,17.64602909874389,17.566785879282783,17.35288814388241,1.0,1.0,1.0,1.0,1.0,1.0,1.0,1.0,1.0,1.0
182.0,1.0,0.0,0.0,0.0,0.0,0.0,0.0,0.0,0.0,0.0,0.0,0.0,0.0,0.0,0.0,0.0,0.0,0.0,0.0,0.0,0.0
182.25,2.0,0.0,0.0,0.0,0.0,0.0,0.0,0.0,0.0,0.0,0.0,0.0,0.0,0.0,0.0,0.0,0.0,0.0,0.0,0.0,0.0
182.5,3.0,13.654598375077093,13.924528954746918,16.014517814427254,17.19799997044903,17.835190427264852,17.872596279707064,18.544971324348158,16.392993141968027,15.93615139864039,15.668953853496287,1.0,1.0,1.0,1.0,1.0,1.0,1.0,1.0,1.0,1.0
182.75,4.0,0.0,0.0,0.0,0.0,0.0,0.0,0.0,0.0,0.0,0.0,0.0,0.0,0.0,0.0,0.0,0.0,0.0,0.0,0.0,0.0
183.0,1.0,18.64215127037895,18.72272253079292,18.10494171732656,17.742209907209812,19.530906646379922,17.950406894130342,17.510292457731495,17.95385186056712,18.186127616290676,17.927869373780187,1.0,1.0,1.0,1.0,1.0,1.0,1.0,1.0,1.0,1.0
183.25,2.0,15.95257147527207,15.369507893026991,15.723842261745148,15.399388145140493,17.58453448625055,18.195426758220986,17.727030882390306,17.15371696853656,16.60269133601706,15.461538907010565,1.0,1.0,1.0,1.0,1.0,1.0,1.0,1.0,1.0,1.0
183.5,3.0,0.0,0.0,0.0,0.0,0.0,0.0,0.0,0.0,0.0,0.0,0.0,0.0,0.0,0.0,0.0,0.0,0.0,0.0,0.0,0.0
183.75,4.0,14.248452680908432,15.546261126524671,17.643954892902514,20.256472390770547,19.084612454046997,18.030305720713223,16.80680517948581,15.889665014192348,16.42879785588737,16.98724824065529,1.0,1.0,1.0,1.0,1.0,1.0,1.0,1.0,1.0,1.0
184.0,1.0,18.51437305597843,18.984210878072812,18.760375978333617,18.240704377015042,19.224721135854576,18.660128681893323,18.401744098989216,17.868440542904036,17.911724172193384,17.446322630085923,1.0,1.0,1.0,1.0,1.0,1.0,1.0,1.0,1.0,1.0
184.25,2.0,0.0,0.0,0.0,0.0,0.0,0.0,0.0,0.0,0.0,0.0,0.0,0.0,0.0,0.0,0.0,0.0,0.0,0.0,0.0,0.0
184.5,3.0,13.91381355346454,13.949089118437906,14.818243837034666,16.82919256603411,17.170009456188794,16.67984058196247,17.36346282097308,17.32375213185266,17.617617749417505,17.38357465899957,1.0,1.0,1.0,1.0,1.0,1.0,1.0,1.0,1.0,1.0
184.75,4.0,15.383273825774209,17.073030432573983,17.811734186492476,19.55610992664748,18.730549614744646,18.44981604524962,17.142986488054756,16.72622184117937,16.899349049677465,17.26053589003685,1.0,1.0,1.0,1.0,1.0,1.0,1.0,1.0,1.0,1.0
185.0,1.0,0.0,0.0,0.0,0.0,0.0,0.0,0.0,0.0,0.0,0.0,0.0,0.0,0.0,0.0,0.0,0.0,0.0,0.0,0.0,0.0
185.25,2.0,15.59024906981981,15.633770090229222,16.549839298573005,17.903729630992327,17.044081057636127,15.140819857100727,15.305679243887901,13.887746658129332,14.412080066804345,15.546564073992945,1.0,1.0,1.0,1.0,1.0,1.0,1.0,1.0,1.0,1.0
185.5,3.0,0.0,0.0,0.0,0.0,0.0,0.0,0.0,0.0,0.0,0.0,0.0,0.0,0.0,0.0,0.0,0.0,0.0,0.0,0.0,0.0
185.75,4.0,0.0,0.0,0.0,0.0,0.0,0.0,0.0,0.0,0.0,0.0,0.0,0.0,0.0,0.0,0.0,0.0,0.0,0.0,0.0,0.0
186.0,1.0,18.16903449611381,18.34284002029049,18.254886262837914,17.401799642345804,18.48058373392963,18.78934401974403,17.69798473593882,17.196962708504156,17.69912972415133,18.29544782123499,1.0,1.0,1.0,1.0,1.0,1.0,1.0,1.0,1.0,1.0
186.25,2.0,15.043132074193412,16.204387617685228,16.232371606854976,17.425308600055466,17.106775314017472,16.058606702686866,16.310411833573504,15.261487609545512,14.885123608860159,14.893447771047116,1.0,1.0,1.0,1.0,1.0,1.0,1.0,1.0,1.0,1.0
186.5,3.0,0.0,0.0,0.0,0.0,0.0,0.0,0.0,0.0,0.0,0.0,0.0,0.0,0.0,0.0,0.0,0.0,0.0,0.0,0.0,0.0
186.75,4.0,16.360004800284827,17.679409001044338,17.70340162117962,17.760842145750036,18.22112364483995,17.23511802918161,17.76069817213245,17.319294099509523,18.111037697112824,17.705581400422535,1.0,1.0,1.0,1.0,1.0,1.0,1.0,1.0,1.0,1.0
187.0,1.0,17.877247160277342,18.376569986805315,17.651952017846263,17.26818889915519,18.66193756018063,19.45744377481305,18.226145939952684,17.823247873523606,18.17731605180132,18.064080267187514,1.0,1.0,1.0,1.0,1.0,1.0,1.0,1.0,1.0,1.0
187.25,2.0,0.0,0.0,0.0,0.0,0.0,0.0,0.0,0.0,0.0,0.0,0.0,0.0,0.0,0.0,0.0,0.0,0.0,0.0,0.0,0.0
187.5,3.0,14.985766079272773,15.65013941038699,16.317675773782504,17.213729693483607,17.216651535884374,17.475244859175366,17.969334404964016,17.256406121434487,16.66256069664612,16.35128117041146,1.0,1.0,1.0,1.0,1.0,1.0,1.0,1.0,1.0,1.0
187.75,4.0,16.259081174587504,16.71062937703583,16.040854844158893,16.521863740037972,18.79879484764348,18.38881687596949,19.215497559930785,18.315288413025044,19.158185526078828,18.30100441500417,1.0,1.0,1.0,1.0,1.0,1.0,1.0,1.0,1.0,1.0
188.0,1.0,17.910028893436895,18.155974111766366,18.640665483842305,18.978048076785573,19.251625925759775,19.504540260158198,18.679918688513137,18.392817775798967,18.856211197563628,18.65851226825551,1.0,1.0,1.0,1.0,1.0,1.0,1.0,1.0,1.0,1.0
188.25,2.0,15.10155426477724,15.821989623865045,16.289857332459118,16.28056458297582,16.506570859417945,15.892398876275989,15.80608947819435,15.065917865298713,14.261647348020347,14.501347633162617,1.0,1.0,1.0,1.0,1.0,1.0,1.0,1.0,1.0,1.0
188.5,3.0,0.0,0.0,0.0,0.0,0.0,0.0,0.0,0.0,0.0,0.0,0.0,0.0,0.0,0.0,0.0,0.0,0.0,0.0,0.0,0.0
188.75,4.0,17.515199233483848,15.528917934442177,16.61884335159176,18.606261883652973,19.219416316469683,17.891316195616177,18.602145597726548,18.218791330086873,19.27610949250705,18.643024817657874,1.0,1.0,1.0,1.0,1.0,1.0,1.0,1.0,1.0,1.0
189.0,1.0,17.84344890714758,17.902491006223787,18.858903600299982,19.46994509608566,18.8071788356703,18.99530626332758,17.979477841261126,17.818618343567664,18.45499009796277,18.742765112148977,1.0,1.0,1.0,1.0,1.0,1.0,1.0,1.0,1.0,1.0
189.25,2.0,0.0,0.0,0.0,0.0,0.0,0.0,0.0,0.0,0.0,0.0,0.0,0.0,0.0,0.0,0.0,0.0,0.0,0.0,0.0,0.0
189.5,3.0,17.216124904520598,17.120171039704722,17.749371512162284,16.39854814841901,17.642749571645176,17.931775969867957,18.86957324569572,18.3361040062051,18.299424042638833,18.040059945782314,1.0,1.0,1.0,1.0,1.0,1.0,1.0,1.0,1.0,1.0
189.75,4.0,16.55216009978563,15.35250197245843,17.68492376856436,18.755393066301092,19.162328725095215,18.073451115037482,19.656240468800032,19.804695596912413,20.014072445068397,19.2646439269466,1.0,1.0,1.0,1.0,1.0,1.0,1.0,1.0,1.0,1.0
190.0,1.0,0.0,0.0,0.0,0.0,0.0,0.0,0.0,0.0,0.0,0.0,0.0,0.0,0.0,0.0,0.0,0.0,0.0,0.0,0.0,0.0
190.25,2.0,0.0,0.0,0.0,0.0,0.0,0.0,0.0,0.0,0.0,0.0,0.0,0.0,0.0,0.0,0.0,0.0,0.0,0.0,0.0,0.0
190.5,3.0,17.247676043087058,17.49298452886388,17.67026245292,17.000672347621475,17.753610536469438,19.12252348873125,19.145687297474264,18.26527078399842,18.001103515800896,17.916967428422666,1.0,1.0,1.0,1.0,1.0,1.0,1.0,1.0,1.0,1.0
190.75,4.0,0.0,0.0,0.0,0.0,0.0,0.0,0.0,0.0,0.0,0.0,0.0,0.0,0.0,0.0,0.0,0.0,0.0,0.0,0.0,0.0
191.0,1.0,18.346362495468533,18.17849758996364,17.75467506486983,17.959980730126446,19.04386383464334,19.260034085069922,18.342750885292055,18.97291383742487,18.30321970851649,18.989582712131288,1.0,1.0,1.0,1.0,1.0,1.0,1.0,1.0,1.0,1.0
191.25,2.0,17.711505763933765,18.702352539681172,17.108211097290305,15.400523351591117,14.633625809067514,13.744518738274873,13.191617778047105,13.628128381476992,13.078566629480816,13.797118303247197,1.0,1.0,1.0,1.0,1.0,1.0,1.0,1.0,1.0,1.0
191.5,3.0,0.0,0.0,0.0,0.0,0.0,0.0,0.0,0.0,0.0,0.0,0.0,0.0,0.0,0.0,0.0,0.0,0.0,0.0,0.0,0.0
191.75,4.0,17.27593385513936,16.792902820858952,18.8101804685739,19.80986259323595,19.33529090098935,18.004721135671044,19.414406298992233,20.43143928068125,21.245115949614867,20.99384348371376,1.0,1.0,1.0,1.0,1.0,1.0,1.0,1.0,1.0,1.0
192.0,1.0,18.178677322256767,16.09326456962087,17.099041371861308,19.029463677869053,19.19754409591736,19.204554659363787,18.33203271992422,18.316775014480076,18.06694364994334,18.88384987341516,1.0,1.0,1.0,1.0,1.0,1.0,1.0,1.0,1.0,1.0
192.25,2.0,0.0,0.0,0.0,0.0,0.0,0.0,0.0,0.0,0.0,0.0,0.0,0.0,0.0,0.0,0.0,0.0,0.0,0.0,0.0,0.0
192.5,3.0,16.658510463669682,16.963754309802738,17.931520183433353,18.659738443367473,18.258498500806752,18.791122534059735,18.63879227599859,17.732689648055842,17.237034699175396,17.271913403758916,1.0,1.0,1.0,1.0,1.0,1.0,1.0,1.0,1.0,1.0
192.75,4.0,17.914947756709307,17.598191225090094,20.032046580419753,19.539642983527653,17.652458820406,16.47275385658681,17.90487127660206,19.41921847887492,20.36969520540395,20.710130951239133,1.0,1.0,1.0,1.0,1.0,1.0,1.0,1.0,1.0,1.0
193.0,1.0,0.0,0.0,0.0,0.0,0.0,0.0,0.0,0.0,0.0,0.0,0.0,0.0,0.0,0.0,0.0,0.0,0.0,0.0,0.0,0.0
193.25,2.0,17.72991851779505,16.297103905635723,13.758159107535196,13.309894681110833,13.541364518698465,14.797364380099637,13.942370113683973,14.676823218008815,14.289267808925942,14.830908326402973,1.0,1.0,1.0,1.0,1.0,1.0,1.0,1.0,1.0,1.0
193.5,3.0,0.0,0.0,0.0,0.0,0.0,0.0,0.0,0.0,0.0,0.0,0.0,0.0,0.0,0.0,0.0,0.0,0.0,0.0,0.0,0.0
193.75,4.0,0.0,0.0,0.0,0.0,0.0,0.0,0.0,0.0,0.0,0.0,0.0,0.0,0.0,0.0,0.0,0.0,0.0,0.0,0.0,0.0
194.0,1.0,16.040699918744767,14.714671823284624,16.10860361476213,18.289702221560198,18.71778619266734,19.050491253627204,18.26270732968637,18.583943443915054,18.22298961182851,18.35722826351024,1.0,1.0,1.0,1.0,1.0,1.0,1.0,1.0,1.0,1.0
194.25,2.0,15.654985658614308,15.354003779893008,14.315848510249914,14.049166429437854,14.654571761428164,14.902775058876774,14.18060654208132,14.969247968305105,14.359292194399337,14.33627094380408,1.0,1.0,1.0,1.0,1.0,1.0,1.0,1.0,1.0,1.0
194.5,3.0,18.59971934032498,17.51787829970895,17.126310041850815,18.17987806969347,18.125232659778582,18.183185056186783,18.780945817565915,17.989658974769775,18.479456100803947,18.80689974416037,1.0,1.0,1.0,1.0,1.0,1.0,1.0,1.0,1.0,1.0
194.75,4.0,16.99779710471098,18.52784956658201,19.594612853989954,19.9153752887008,17.50638193197116,17.43000623582492,19.26022400020115,19.927196750149246,20.673251633615823,21.562294498946553,1.0,1.0,1.0,1.0,1.0,1.0,1.0,1.0,1.0,1.0
195.0,1.0,14.453352903378663,14.397193061415969,17.079484683196952,17.511331350641036,17.77522225163611,18.21076051935611,17.324467023487795,18.168529346493763,18.402992677710014,18.22420022904596,1.0,1.0,1.0,1.0,1.0,1.0,1.0,1.0,1.0,1.0
195.25,2.0,0.0,0.0,0.0,0.0,0.0,0.0,0.0,0.0,0.0,0.0,0.0,0.0,0.0,0.0,0.0,0.0,0.0,0.0,0.0,0.0
195.5,3.0,18.41274569944601,17.78211502673355,17.07524278449897,15.71236198161745,16.84054876030683,17.67801163823689,18.192622379225053,18.75324080804177,17.83427105013326,18.414588639283032,1.0,1.0,1.0,1.0,1.0,1.0,1.0,1.0,1.0,1.0
195.75,4.0,18.693258963604706,19.60057899427744,20.359176384276783,19.587247020216907,17.9831238598487,17.89136962494306,19.778271078183117,19.897230942548514,20.378226257514388,20.676215284511276,1.0,1.0,1.0,1.0,1.0,1.0,1.0,1.0,1.0,1.0
196.0,1.0,14.923998542815378,15.248257769081338,16.460326580118117,17.25107136200602,18.349791009684388,17.87638241757317,18.183075206229418,17.342294222557705,18.020929437129066,18.270011941107004,1.0,1.0,1.0,1.0,1.0,1.0,1.0,1.0,1.0,1.0
196.25,2.0,15.165766650002642,14.898605793062087,15.025721618568793,16.709619997012073,18.13958698305418,17.35580611687395,16.494074175799863,16.027520969506458,14.429860224665068,13.869551864239721,1.0,1.0,1.0,1.0,1.0,1.0,1.0,1.0,1.0,1.0
196.5,3.0,0.0,0.0,0.0,0.0,0.0,0.0,0.0,0.0,0.0,0.0,0.0,0.0,0.0,0.0,0.0,0.0,0.0,0.0,0.0,0.0
196.75,4.0,18.774332237423387,19.4644187505929,19.121686457995995,19.41298802310743,19.368010860872264,20.288205805325855,20.77380179690842,20.006050544399162,19.272304188719538,19.04112328834737,1.0,1.0,1.0,1.0,1.0,1.0,1.0,1.0,1.0,1.0
197.0,1.0,14.824792304474487,14.813069956405654,16.344507213755655,17.980294641209206,18.143709284379465,18.4590552381518,17.575046252358263,17.53540025268069,18.15133440203227,17.922889280727308,1.0,1.0,1.0,1.0,1.0,1.0,1.0,1.0,1.0,1.0
197.25,2.0,0.0,0.0,0.0,0.0,0.0,0.0,0.0,0.0,0.0,0.0,0.0,0.0,0.0,0.0,0.0,0.0,0.0,0.0,0.0,0.0
197.5,3.0,17.485265596507908,15.635668750335029,14.36974412928174,15.265611807282841,15.817068433209213,18.279945766290567,18.494716544477843,18.644248025155004,18.219069636906266,18.65443400992862,1.0,1.0,1.0,1.0,1.0,1.0,1.0,1.0,1.0,1.0
197.75,4.0,18.735673161613953,19.24650028951687,18.911068950546188,20.54393829573894,22.343642299170767,22.419568090138707,21.763638389757634,19.851426323894746,18.47388773511231,18.331068529795058,1.0,1.0,1.0,1.0,1.0,1.0,1.0,1.0,1.0,1.0
198.0,1.0,0.0,0.0,0.0,0.0,0.0,0.0,0.0,0.0,0.0,0.0,0.0,0.0,0.0,0.0,0.0,0.0,0.0,0.0,0.0,0.0
198.25,2.0,15.596511721476382,15.692643302884916,17.41669856940394,19.609268636839026,17.328675040343693,15.393880103205596,14.651082445767262,13.80319171166436,13.321683366784615,13.382181897564232,1.0,1.0,1.0,1.0,1.0,1.0,1.0,1.0,1.0,1.0
198.5,3.0,15.921661863832947,15.39564710775052,16.165704664188098,16.73702268109507,16.49853997279216,17.61579345733949,17.684986666447713,18.278668941835942,18.357134488643776,18.573961115821533,1.0,1.0,1.0,1.0,1.0,1.0,1.0,1.0,1.0,1.0
198.75,4.0,0.0,0.0,0.0,0.0,0.0,0.0,0.0,0.0,0.0,0.0,0.0,0.0,0.0,0.0,0.0,0.0,0.0,0.0,0.0,0.0
199.0,1.0,14.160108272574108,15.28174727318586,16.164184644300644,18.37592433799101,18.93655361986517,18.610113519668086,19.209422395133284,19.674463162446056,18.87425307215603,19.10728312040131,1.0,1.0,1.0,1.0,1.0,1.0,1.0,1.0,1.0,1.0
199.25,2.0,15.29332927591753,16.691805691618598,18.51307863713178,18.79629070137548,16.6276775537788,15.85123448960601,14.999217245467408,13.98028218704721,14.000690313913319,13.886965025161196,1.0,1.0,1.0,1.0,1.0,1.0,1.0,1.0,1.0,1.0
199.5,3.0,0.0,0.0,0.0,0.0,0.0,0.0,0.0,0.0,0.0,0.0,0.0,0.0,0.0,0.0,0.0,0.0,0.0,0.0,0.0,0.0
199.75,4.0,17.545119002640686,17.574247162960297,19.858249131305232,21.434607440250346,19.255533213964416,17.937594901640274,18.54648551171344,18.319398341962163,17.615160355640715,18.478355500175898,1.0,1.0,1.0,1.0,1.0,1.0,1.0,1.0,1.0,1.0
200.0,1.0,13.301666965408057,14.938468361031344,17.064948489129616,19.707828701221885,21.11166715854849,19.982053170002366,20.294162602688665,19.829811555923328,20.606672693201016,18.632729392428516,1.0,1.0,1.0,1.0,1.0,1.0,1.0,1.0,1.0,1.0
200.25,2.0,0.0,0.0,0.0,0.0,0.0,0.0,0.0,0.0,0.0,0.0,0.0,0.0,0.0,0.0,0.0,0.0,0.0,0.0,0.0,0.0
200.5,3.0,15.628835420017063,15.008682535255389,15.362504502215385,17.00381123608242,17.011676358125854,18.48890504616856,19.273090745089863,19.58895062053581,19.330308891978717,18.211348978970925,1.0,1.0,1.0,1.0,1.0,1.0,1.0,1.0,1.0,1.0
200.75,4.0,17.877733878169554,17.21352025088825,18.479658568920094,18.758224814673785,18.14336888836403,17.407320855335733,18.611371665483464,17.184870852742446,16.031161520945524,17.095885057095302,1.0,1.0,1.0,1.0,1.0,1.0,1.0,1.0,1.0,1.0
201.0,1.0,14.037690675834796,15.486877273693317,18.315166131379556,20.69602269912688,21.521984909687774,21.14451059534915,20.49751783508495,20.706937538533474,19.93025494178699,18.629596102823577,1.0,1.0,1.0,1.0,1.0,1.0,1.0,1.0,1.0,1.0
201.25,2.0,17.061540018130746,18.07081997170707,17.991856849636807,16.941790817128798,14.988039970216727,15.664097192715781,15.019759634512118,14.351190781091056,13.969349344886481,14.1779212384681,1.0,1.0,1.0,1.0,1.0,1.0,1.0,1.0,1.0,1.0
201.5,3.0,0.0,0.0,0.0,0.0,0.0,0.0,0.0,0.0,0.0,0.0,0.0,0.0,0.0,0.0,0.0,0.0,0.0,0.0,0.0,0.0
201.75,4.0,0.0,0.0,0.0,0.0,0.0,0.0,0.0,0.0,0.0,0.0,0.0,0.0,0.0,0.0,0.0,0.0,0.0,0.0,0.0,0.0
202.0,1.0,15.957919754342893,17.052223035387346,19.373504899968164,20.743479089157546,20.803538937619432,19.615595038727324,19.090383739894733,18.827558679870073,18.003835752600793,17.939343765659437,1.0,1.0,1.0,1.0,1.0,1.0,1.0,1.0,1.0,1.0
202.25,2.0,18.108887748550043,19.32056674255339,18.059153079145204,15.680055675735062,14.18034844497656,14.835588040102465,14.83136557753057,14.289806258955426,14.086826665396362,14.5221091078342,1.0,1.0,1.0,1.0,1.0,1.0,1.0,1.0,1.0,1.0
202.5,3.0,15.135253680916597,15.474227632535879,16.06445386380417,17.735645363478984,19.452923554229972,20.47574252590791,19.941342782321374,20.58034950033157,19.9142297311537,18.37320400929045,1.0,1.0,1.0,1.0,1.0,1.0,1.0,1.0,1.0,1.0
202.75,4.0,17.242386659856848,17.1457252578183,17.862080742119684,18.244333551485422,17.073980553286443,16.508969104079434,17.31718263969659,18.09382641799365,17.774859271097604,17.94631228275973,1.0,1.0,1.0,1.0,1.0,1.0,1.0,1.0,1.0,1.0
203.0,1.0,0.0,0.0,0.0,0.0,0.0,0.0,0.0,0.0,0.0,0.0,0.0,0.0,0.0,0.0,0.0,0.0,0.0,0.0,0.0,0.0
203.25,2.0,0.0,0.0,0.0,0.0,0.0,0.0,0.0,0.0,0.0,0.0,0.0,0.0,0.0,0.0,0.0,0.0,0.0,0.0,0.0,0.0
203.5,3.0,16.589902787302734,15.749167213455317,17.311182732294043,18.572939499343846,18.57851344806192,19.22930862691075,19.31334442886158,20.329397775279816,19.753593713961532,18.30934680467194,1.0,1.0,1.0,1.0,1.0,1.0,1.0,1.0,1.0,1.0
203.75,4.0,17.07058546979454,17.434615670619298,16.97296847878273,17.624052441527922,16.298126230356107,15.956346953504594,16.930241975280925,17.445434161235074,17.214148510967924,18.268511346659295,1.0,1.0,1.0,1.0,1.0,1.0,1.0,1.0,1.0,1.0
204.0,1.0,18.68426573069331,17.58486807437571,17.282895283660626,17.8758576024497,17.873720170531346,18.043749712958682,17.411738980346108,17.31593662743193,17.597529871684266,17.468519118489482,1.0,1.0,1.0,1.0,1.0,1.0,1.0,1.0,1.0,1.0
204.25,2.0,18.13611156238715,17.693279068104825,16.413946834365415,16.787407029432064,17.268299841004318,16.994523990237713,16.105061682949806,14.309518615835447,13.296442291762338,13.151666876990005,1.0,1.0,1.0,1.0,1.0,1.0,1.0,1.0,1.0,1.0
204.5,3.0,0.0,0.0,0.0,0.0,0.0,0.0,0.0,0.0,0.0,0.0,0.0,0.0,0.0,0.0,0.0,0.0,0.0,0.0,0.0,0.0
204.75,4.0,17.6517553771708,17.962796628442124,17.127868623931956,17.45561761735225,16.810687637853594,16.952750103355026,17.37203831715964,18.086942171109012,17.8977823230882,18.54930985949136,1.0,1.0,1.0,1.0,1.0,1.0,1.0,1.0,1.0,1.0
205.0,1.0,17.865706265850168,17.24318644860109,17.8149726652754,17.579218426852616,16.637940992936215,17.46022648414573,16.926356988816952,17.137949625751794,18.101872384727418,18.557867983627503,1.0,1.0,1.0,1.0,1.0,1.0,1.0,1.0,1.0,1.0
205.25,2.0,0.0,0.0,0.0,0.0,0.0,0.0,0.0,0.0,0.0,0.0,0.0,0.0,0.0,0.0,0.0,0.0,0.0,0.0,0.0,0.0
205.5,3.0,17.691762451734256,16.65439537675935,17.32418377111225,18.478009384880384,16.78355852110736,17.075410604083135,16.884056083170787,15.89989827233896,16.122083255485563,16.181277833663028,1.0,1.0,1.0,1.0,1.0,1.0,1.0,1.0,1.0,1.0
205.75,4.0,17.757128971236035,17.997930879657886,17.506546578516115,17.839378054952764,18.09835348821566,17.840788146300735,18.25115654916173,19.07315806483452,17.821577248335505,17.075516994980383,1.0,1.0,1.0,1.0,1.0,1.0,1.0,1.0,1.0,1.0
206.0,1.0,0.0,0.0,0.0,0.0,0.0,0.0,0.0,0.0,0.0,0.0,0.0,0.0,0.0,0.0,0.0,0.0,0.0,0.0,0.0,0.0
206.25,2.0,15.844376090409835,15.332867825003767,15.69850852843217,15.49947051507094,15.575537184864745,15.724961196861726,14.719441722743854,14.31187794783767,14.236153474302156,14.53138820199715,1.0,1.0,1.0,1.0,1.0,1.0,1.0,1.0,1.0,1.0
206.5,3.0,18.189331841184266,16.48520022477798,16.57561145395657,17.184022105943146,15.985126070421378,16.257449412295376,16.47962991645567,17.122034142078682,16.83095724658322,17.2124784092487,1.0,1.0,1.0,1.0,1.0,1.0,1.0,1.0,1.0,1.0
206.75,4.0,0.0,0.0,0.0,0.0,0.0,0.0,0.0,0.0,0.0,0.0,0.0,0.0,0.0,0.0,0.0,0.0,0.0,0.0,0.0,0.0
207.0,1.0,18.159729921115485,17.720580999657944,15.994172323969522,16.481462738895864,17.468551499922405,17.618917833712523,17.70205541556214,17.28671764185338,17.637000136900493,17.35175269827703,1.0,1.0,1.0,1.0,1.0,1.0,1.0,1.0,1.0,1.0
207.25,2.0,16.22350528478429,15.913522383523853,15.052800606243952,14.617337303466917,15.84527022094293,15.68630504674022,14.782270610108604,14.834759477686918,15.392655735993744,15.070158525522304,1.0,1.0,1.0,1.0,1.0,1.0,1.0,1.0,1.0,1.0
207.5,3.0,0.0,0.0,0.0,0.0,0.0,0.0,0.0,0.0,0.0,0.0,0.0,0.0,0.0,0.0,0.0,0.0,0.0,0.0,0.0,0.0
207.75,4.0,18.787541372097618,18.579673204634453,16.320609237127194,15.784151858651722,16.95181344167115,17.151979131542173,17.06375162854355,17.13000165409915,16.20885970766407,15.745470367310324,1.0,1.0,1.0,1.0,1.0,1.0,1.0,1.0,1.0,1.0
208.0,1.0,17.39141770065645,15.041867677489181,15.650061281712418,17.47385576082937,18.679108069748036,18.509253236130313,18.160388116488175,18.324928868936283,18.081690910025873,17.01235001138616,1.0,1.0,1.0,1.0,1.0,1.0,1.0,1.0,1.0,1.0
208.25,2.0,0.0,0.0,0.0,0.0,0.0,0.0,0.0,0.0,0.0,0.0,0.0,0.0,0.0,0.0,0.0,0.0,0.0,0.0,0.0,0.0
208.5,3.0,17.00942033748083,17.794553711334338,15.909279313344342,15.709949725197532,15.178201611208138,15.411187934262637,15.559703453392915,16.698200052546788,18.010773755610696,18.22162723558433,1.0,1.0,1.0,1.0,1.0,1.0,1.0,1.0,1.0,1.0
208.75,4.0,18.01666714125989,17.656426989357392,16.552937938203613,16.33961602798192,16.206808957149455,16.17562969153066,16.339850568637686,15.96248433947771,15.179200032044283,15.190156365281826,1.0,1.0,1.0,1.0,1.0,1.0,1.0,1.0,1.0,1.0
209.0,1.0,16.2194465087794,14.770425192259998,15.86409088113246,18.490406857772456,18.576552405346277,19.057654155754285,18.475625529616913,17.831629689044046,17.484573221538017,16.991709779474938,1.0,1.0,1.0,1.0,1.0,1.0,1.0,1.0,1.0,1.0
209.25,2.0,15.400422417108869,14.845387977585158,14.582956496174914,13.435259234194687,15.348655553260667,15.878245388845757,15.140002163498034,14.79225228873128,14.607083256402628,14.48637331705113,1.0,1.0,1.0,1.0,1.0,1.0,1.0,1.0,1.0,1.0
209.5,3.0,0.0,0.0,0.0,0.0,0.0,0.0,0.0,0.0,0.0,0.0,0.0,0.0,0.0,0.0,0.0,0.0,0.0,0.0,0.0,0.0
209.75,4.0,16.89526770826202,17.39365071897824,16.402981803240646,16.642931746776632,15.82614116922561,16.173945369535623,16.31698498491218,15.994952888818302,15.46184679695352,15.088749747957873,1.0,1.0,1.0,1.0,1.0,1.0,1.0,1.0,1.0,1.0
210.0,1.0,15.367675090949717,15.032419418259773,16.895827745591117,19.032117159489136,18.846664748424303,18.37285007068612,17.825456242107172,17.295989941788342,17.96621683345982,17.18364189578152,1.0,1.0,1.0,1.0,1.0,1.0,1.0,1.0,1.0,1.0
210.25,2.0,15.430176960487533,15.854655114305638,15.389365132339446,14.139665133704797,15.81650404616056,16.369511013542347,15.83372466261949,14.871154612873475,15.709521811998796,16.107992640872315,1.0,1.0,1.0,1.0,1.0,1.0,1.0,1.0,1.0,1.0
210.5,3.0,17.19841346000227,15.764932800084408,14.53579485031175,15.873700023932903,16.57537980503666,16.787322393523876,17.025364281334895,17.32723368600522,17.643769910348848,17.127480135312553,1.0,1.0,1.0,1.0,1.0,1.0,1.0,1.0,1.0,1.0
210.75,4.0,16.181795032284853,17.338815672861568,17.48311703827601,16.649183059173357,15.884435011387913,15.613589819184732,15.75482102706293,16.132974074682274,15.143101892188184,15.164518137603043,1.0,1.0,1.0,1.0,1.0,1.0,1.0,1.0,1.0,1.0
211.0,1.0,0.0,0.0,0.0,0.0,0.0,0.0,0.0,0.0,0.0,0.0,0.0,0.0,0.0,0.0,0.0,0.0,0.0,0.0,0.0,0.0
211.25,2.0,0.0,0.0,0.0,0.0,0.0,0.0,0.0,0.0,0.0,0.0,0.0,0.0,0.0,0.0,0.0,0.0,0.0,0.0,0.0,0.0
211.5,3.0,15.718465049685971,14.415607176769516,14.235169677545292,16.565199241336046,16.740445532958596,17.025462593108557,18.08173478011395,17.538305258758207,17.376917680110047,17.13006181159406,1.0,1.0,1.0,1.0,1.0,1.0,1.0,1.0,1.0,1.0
211.75,4.0,0.0,0.0,0.0,0.0,0.0,0.0,0.0,0.0,0.0,0.0,0.0,0.0,0.0,0.0,0.0,0.0,0.0,0.0,0.0,0.0
212.0,1.0,16.883492345940976,16.810472330563638,18.485274871903506,18.590483336535037,18.230157474860015,16.462700857709194,16.195826847948624,16.01236906346774,16.032469363422884,16.325167298163322,1.0,1.0,1.0,1.0,1.0,1.0,1.0,1.0,1.0,1.0
212.25,2.0,17.032727850095252,16.56031552508505,14.635465724387641,14.095464366173909,15.99723424219531,15.708665683106675,15.501306608438835,15.97661706379743,16.052647286516347,16.69825334682528,1.0,1.0,1.0,1.0,1.0,1.0,1.0,1.0,1.0,1.0
212.5,3.0,0.0,0.0,0.0,0.0,0.0,0.0,0.0,0.0,0.0,0.0,0.0,0.0,0.0,0.0,0.0,0.0,0.0,0.0,0.0,0.0
212.75,4.0,17.822401057273417,16.979554940372303,16.43216847822474,14.529237262850016,15.684414689348092,15.521006460173842,15.153356001320162,14.221465240868685,14.288561910122894,14.667756100337101,1.0,1.0,1.0,1.0,1.0,1.0,1.0,1.0,1.0,1.0
213.0,1.0,17.238817532846348,16.893027733866475,18.671119329281204,18.113848564100596,18.077898246310934,16.46396493366772,16.568934479279612,16.267868045267996,17.18420047067157,18.138646087391177,1.0,1.0,1.0,1.0,1.0,1.0,1.0,1.0,1.0,1.0
213.25,2.0,0.0,0.0,0.0,0.0,0.0,0.0,0.0,0.0,0.0,0.0,0.0,0.0,0.0,0.0,0.0,0.0,0.0,0.0,0.0,0.0
213.5,3.0,15.845405364489306,16.69288895551239,17.049414025908675,17.05664487987562,17.227546466184013,17.11492545361404,17.875933179009703,17.53810433596396,18.48280306615518,18.72094481754308,1.0,1.0,1.0,1.0,1.0,1.0,1.0,1.0,1.0,1.0
213.75,4.0,16.842936189291933,16.56339145643917,15.75224353562627,14.85112099559468,16.300915817213795,15.222053635949969,14.680802497275316,14.723478924032738,14.419287863838045,14.789546944269286,1.0,1.0,1.0,1.0,1.0,1.0,1.0,1.0,1.0,1.0
214.0,1.0,0.0,0.0,0.0,0.0,0.0,0.0,0.0,0.0,0.0,0.0,0.0,0.0,0.0,0.0,0.0,0.0,0.0,0.0,0.0,0.0
214.25,2.0,17.228145761917162,15.583741943355857,14.241889119969205,15.009546585781516,17.067661303549073,18.34653888245777,17.396425748040468,18.03302116342708,18.13196365983587,17.620183934139305,1.0,1.0,1.0,1.0,1.0,1.0,1.0,1.0,1.0,1.0
214.5,3.0,0.0,0.0,0.0,0.0,0.0,0.0,0.0,0.0,0.0,0.0,0.0,0.0,0.0,0.0,0.0,0.0,0.0,0.0,0.0,0.0
214.75,4.0,0.0,0.0,0.0,0.0,0.0,0.0,0.0,0.0,0.0,0.0,0.0,0.0,0.0,0.0,0.0,0.0,0.0,0.0,0.0,0.0
215.0,1.0,18.3288545849949,18.842904630226247,18.523857233104746,17.478072971346208,15.616888443044845,15.861276834932601,16.41615210975428,17.357187760231987,19.059072436050272,19.14244124695356,1.0,1.0,1.0,1.0,1.0,1.0,1.0,1.0,1.0,1.0
215.25,2.0,16.93572888856009,14.546812973987382,13.838734002431732,15.063535039845574,17.31725515736085,18.932963906513454,19.20644311201652,19.150111814921722,17.632242646193067,16.09444479667259,1.0,1.0,1.0,1.0,1.0,1.0,1.0,1.0,1.0,1.0
215.5,3.0,0.0,0.0,0.0,0.0,0.0,0.0,0.0,0.0,0.0,0.0,0.0,0.0,0.0,0.0,0.0,0.0,0.0,0.0,0.0,0.0
215.75,4.0,16.49205749920323,16.159095416290832,16.17986250901292,17.655092786753617,16.519768107463133,15.792899723931962,15.23987773997925,14.95853074876619,15.80780119135895,15.957541884075704,1.0,1.0,1.0,1.0,1.0,1.0,1.0,1.0,1.0,1.0
216.0,1.0,17.945411249830123,17.8832621564239,18.278165053983166,16.656284299658488,16.275807252636895,18.20304551210563,18.930720152694196,19.528691436958407,19.609392992231662,19.403560125226214,1.0,1.0,1.0,1.0,1.0,1.0,1.0,1.0,1.0,1.0
216.25,2.0,0.0,0.0,0.0,0.0,0.0,0.0,0.0,0.0,0.0,0.0,0.0,0.0,0.0,0.0,0.0,0.0,0.0,0.0,0.0,0.0
216.5,3.0,17.258427120322043,16.946748297354425,17.16325884731746,17.940100603383097,18.55887019533787,18.619010193403742,18.252365152820033,18.613763810961792,18.876946769387423,19.833683394537783,1.0,1.0,1.0,1.0,1.0,1.0,1.0,1.0,1.0,1.0
216.75,4.0,15.960298664158184,16.79183542831351,18.14441481957182,17.950628370044203,17.351789902342716,16.457388685713756,16.871505320522495,16.89826903157808,16.783907526288267,16.201106903523957,1.0,1.0,1.0,1.0,1.0,1.0,1.0,1.0,1.0,1.0
217.0,1.0,18.274053574815568,17.49446987280829,16.576787314774688,15.826516774062954,18.02518754193493,19.540418711603937,19.98841294391959,19.940313181259352,19.432754727473803,18.698924527107714,1.0,1.0,1.0,1.0,1.0,1.0,1.0,1.0,1.0,1.0
217.25,2.0,15.666488554170108,14.21635497695466,14.575550894220621,17.24408630658366,17.009517792502674,17.16833638987795,16.437527729024374,16.259457834824612,15.750574714271254,15.785428286272762,1.0,1.0,1.0,1.0,1.0,1.0,1.0,1.0,1.0,1.0
217.5,3.0,0.0,0.0,0.0,0.0,0.0,0.0,0.0,0.0,0.0,0.0,0.0,0.0,0.0,0.0,0.0,0.0,0.0,0.0,0.0,0.0
217.75,4.0,17.240070384174278,18.926009291708844,18.463313010901796,19.086630030051385,17.66305151972879,17.27872098904632,17.826868903019033,17.303655757059573,17.883447453283377,17.315422502240704,1.0,1.0,1.0,1.0,1.0,1.0,1.0,1.0,1.0,1.0
218.0,1.0,16.79683594265943,17.822148385311337,16.405229087165196,15.893728373459046,18.52254115442464,19.199367664222937,20.00335779676924,19.47247416831874,19.744403521480503,19.185769862346046,1.0,1.0,1.0,1.0,1.0,1.0,1.0,1.0,1.0,1.0
218.25,2.0,0.0,0.0,0.0,0.0,0.0,0.0,0.0,0.0,0.0,0.0,0.0,0.0,0.0,0.0,0.0,0.0,0.0,0.0,0.0,0.0
218.5,3.0,16.277597757425184,15.782826724695328,17.641501510039483,18.899583040446682,21.060764179228784,19.331280019304014,18.756718360094418,18.4484664629137,18.47777768956426,18.951013251507426,1.0,1.0,1.0,1.0,1.0,1.0,1.0,1.0,1.0,1.0
218.75,4.0,16.88193965733962,18.082274285089255,18.344441009387623,20.031629296684375,17.282146815499022,17.154404036391643,17.92538473231717,17.056021040048293,18.077140582815428,17.63498432718677,1.0,1.0,1.0,1.0,1.0,1.0,1.0,1.0,1.0,1.0
219.0,1.0,0.0,0.0,0.0,0.0,0.0,0.0,0.0,0.0,0.0,0.0,0.0,0.0,0.0,0.0,0.0,0.0,0.0,0.0,0.0,0.0
219.25,2.0,0.0,0.0,0.0,0.0,0.0,0.0,0.0,0.0,0.0,0.0,0.0,0.0,0.0,0.0,0.0,0.0,0.0,0.0,0.0,0.0
219.5,3.0,15.881941672684743,15.922896079751052,18.14095369882087,18.852897366021203,20.973205142997955,20.40891479250581,20.410805499017695,19.980323072964644,19.618046255986858,20.52692977572888,1.0,1.0,1.0,1.0,1.0,1.0,1.0,1.0,1.0,1.0
219.75,4.0,0.0,0.0,0.0,0.0,0.0,0.0,0.0,0.0,0.0,0.0,0.0,0.0,0.0,0.0,0.0,0.0,0.0,0.0,0.0,0.0
220.0,1.0,16.234144581168426,16.872766670519905,18.832677688363454,18.060983122246082,19.311029708478088,18.809493692662862,18.928782497797016,20.37973215531438,20.627431248092083,21.2149957076633,1.0,1.0,1.0,1.0,1.0,1.0,1.0,1.0,1.0,1.0
220.25,2.0,16.672522999053694,16.021030721883353,17.56992724691345,19.63364723274972,18.424451351151923,18.216345048013196,17.433438452490815,18.51939362995924,18.783684825708466,17.018189571766932,1.0,1.0,1.0,1.0,1.0,1.0,1.0,1.0,1.0,1.0
220.5,3.0,0.0,0.0,0.0,0.0,0.0,0.0,0.0,0.0,0.0,0.0,0.0,0.0,0.0,0.0,0.0,0.0,0.0,0.0,0.0,0.0
220.75,4.0,18.275203480637078,20.60599944095653,20.871908307461723,19.37515870151182,18.25715985104608,17.92004564342569,18.04808420280796,17.06571547856352,17.802366024276537,18.181602858385745,1.0,1.0,1.0,1.0,1.0,1.0,1.0,1.0,1.0,1.0
221.0,1.0,16.470910110386793,16.663110872786632,18.950049532368638,18.006419696613165,19.29461405111594,20.421654847375386,20.97800689159843,21.31245823369223,20.695511904176445,22.007087593797753,1.0,1.0,1.0,1.0,1.0,1.0,1.0,1.0,1.0,1.0
221.25,2.0,0.0,0.0,0.0,0.0,0.0,0.0,0.0,0.0,0.0,0.0,0.0,0.0,0.0,0.0,0.0,0.0,0.0,0.0,0.0,0.0
221.5,3.0,16.324639374625228,17.873112963254616,19.338282293115434,20.01661398890871,20.16799843057285,19.266408600202478,20.123541820713147,20.54103144494486,20.303563680934307,20.98175574944994,1.0,1.0,1.0,1.0,1.0,1.0,1.0,1.0,1.0,1.0
221.75,4.0,19.323541335377758,19.601764005335255,19.024736292543604,18.836266466632175,18.246434327166803,18.575568158216395,18.826421232173555,17.830068408423276,18.539747446673744,18.51291112764264,1.0,1.0,1.0,1.0,1.0,1.0,1.0,1.0,1.0,1.0
222.0,1.0,0.0,0.0,0.0,0.0,0.0,0.0,0.0,0.0,0.0,0.0,0.0,0.0,0.0,0.0,0.0,0.0,0.0,0.0,0.0,0.0
222.25,2.0,18.76192100891782,17.487327871138632,18.12821376590342,18.855587071571318,19.379124720198906,19.11983319876643,18.504825915289324,17.82557417160692,17.35756532620742,15.634218356708706,1.0,1.0,1.0,1.0,1.0,1.0,1.0,1.0,1.0,1.0
222.5,3.0,0.0,0.0,0.0,0.0,0.0,0.0,0.0,0.0,0.0,0.0,0.0,0.0,0.0,0.0,0.0,0.0,0.0,0.0,0.0,0.0
222.75,4.0,0.0,0.0,0.0,0.0,0.0,0.0,0.0,0.0,0.0,0.0,0.0,0.0,0.0,0.0,0.0,0.0,0.0,0.0,0.0,0.0
223.0,1.0,18.885820588844194,19.808110746185346,20.473118709452084,20.925937398434204,22.61825814926643,23.079059030636788,22.87691675757116,22.760036583614102,21.36166515514832,21.417067092423533,1.0,1.0,1.0,1.0,1.0,1.0,1.0,1.0,1.0,1.0
223.25,2.0,18.386713512606576,17.593992613027822,18.35574498489504,17.648661008907204,19.453052463709046,19.002929444795335,18.401828440056207,18.907770494490347,17.594131646346163,16.29411263137906,1.0,1.0,1.0,1.0,1.0,1.0,1.0,1.0,1.0,1.0
223.5,3.0,0.0,0.0,0.0,0.0,0.0,0.0,0.0,0.0,0.0,0.0,0.0,0.0,0.0,0.0,0.0,0.0,0.0,0.0,0.0,0.0
223.75,4.0,19.995945755338504,18.890796614879264,19.94041370010465,21.238092432194293,20.115554845365406,19.305840564083802,19.427139011492425,18.49589107534464,19.26300915846898,18.81733386085919,1.0,1.0,1.0,1.0,1.0,1.0,1.0,1.0,1.0,1.0
224.0,1.0,19.763002081103913,19.459657585704896,20.0025874313107,20.096607834060162,22.741880620557605,22.57578949841657,22.447304943068804,21.283130168264364,18.97038902876513,19.279480378371925,1.0,1.0,1.0,1.0,1.0,1.0,1.0,1.0,1.0,1.0
224.25,2.0,0.0,0.0,0.0,0.0,0.0,0.0,0.0,0.0,0.0,0.0,0.0,0.0,0.0,0.0,0.0,0.0,0.0,0.0,0.0,0.0
224.5,3.0,17.799344399489577,17.236116559120966,17.055137612530007,17.372767822463533,19.199926444949572,18.989122728264913,19.30471859627591,19.565832477876324,19.718092200907897,19.274816699380352,1.0,1.0,1.0,1.0,1.0,1.0,1.0,1.0,1.0,1.0
224.75,4.0,19.32628439704735,19.670467852904,20.657383336792822,20.587307921266117,19.318422929538187,18.548229258127193,18.51608190130894,18.097782864648373,19.32782831319449,18.877103610583717,1.0,1.0,1.0,1.0,1.0,1.0,1.0,1.0,1.0,1.0
225.0,1.0,18.91023863368541,17.91949884998589,19.379552813475904,21.06101228608396,22.460796765608382,21.45295486038582,21.027259709568387,20.30486045080324,18.86710888733523,19.245560941644435,1.0,1.0,1.0,1.0,1.0,1.0,1.0,1.0,1.0,1.0
225.25,2.0,18.533194387397145,17.640505362770444,17.535118120363954,17.633801506786444,18.21811704930145,19.06120922034848,18.84634375586556,18.860353910479272,18.258652493396166,17.356312504143013,1.0,1.0,1.0,1.0,1.0,1.0,1.0,1.0,1.0,1.0
225.5,3.0,0.0,0.0,0.0,0.0,0.0,0.0,0.0,0.0,0.0,0.0,0.0,0.0,0.0,0.0,0.0,0.0,0.0,0.0,0.0,0.0
225.75,4.0,19.68970902654184,20.185128295025027,20.76300967253679,19.94169579093274,19.047570770132822,18.557939660506907,18.97562762608126,19.109764938390178,20.246782760052774,19.95480328525018,1.0,1.0,1.0,1.0,1.0,1.0,1.0,1.0,1.0,1.0
226.0,1.0,18.432511147578968,18.09381454837587,20.24294662965394,21.55949394667715,21.552210008239047,20.35388890851733,20.039229686090746,19.724069689087955,19.00723950322885,19.43249574244219,1.0,1.0,1.0,1.0,1.0,1.0,1.0,1.0,1.0,1.0
226.25,2.0,0.0,0.0,0.0,0.0,0.0,0.0,0.0,0.0,0.0,0.0,0.0,0.0,0.0,0.0,0.0,0.0,0.0,0.0,0.0,0.0
226.5,3.0,18.49344679052045,18.69664459111842,18.659767889640502,19.049646187499167,19.32067162391634,19.360745990199696,19.487118202450628,19.893487678470148,20.267030667612875,20.38020469154285,1.0,1.0,1.0,1.0,1.0,1.0,1.0,1.0,1.0,1.0
226.75,4.0,19.44916924909298,21.17179662514512,21.460141594763257,19.594851093814466,18.535902656663037,18.9839808245265,19.542923754464432,19.70600635066975,20.819021896927,20.917404678406704,1.0,1.0,1.0,1.0,1.0,1.0,1.0,1.0,1.0,1.0
227.0,1.0,0.0,0.0,0.0,0.0,0.0,0.0,0.0,0.0,0.0,0.0,0.0,0.0,0.0,0.0,0.0,0.0,0.0,0.0,0.0,0.0
227.25,2.0,0.0,0.0,0.0,0.0,0.0,0.0,0.0,0.0,0.0,0.0,0.0,0.0,0.0,0.0,0.0,0.0,0.0,0.0,0.0,0.0
227.5,3.0,18.038307213223273,18.576432158750503,18.610791818877733,19.505481974196165,19.987040161707075,20.791111307695676,21.36822424610305,21.521402594234,20.797238256547327,20.611670341060762,1.0,1.0,1.0,1.0,1.0,1.0,1.0,1.0,1.0,1.0
227.75,4.0,0.0,0.0,0.0,0.0,0.0,0.0,0.0,0.0,0.0,0.0,0.0,0.0,0.0,0.0,0.0,0.0,0.0,0.0,0.0,0.0
228.0,1.0,18.660497812635327,18.987407279742975,20.76533846248826,20.324529977835635,20.523710851997162,19.53037769873427,20.093206773990943,20.712827649571892,20.120896473971715,19.216065443561085,1.0,1.0,1.0,1.0,1.0,1.0,1.0,1.0,1.0,1.0
228.25,2.0,17.82972367322312,19.410805999560207,19.442168371290162,19.592868354359343,19.845275022605016,20.43263795963616,20.40493040541277,20.738495951043305,20.66867997060459,20.46141009738074,1.0,1.0,1.0,1.0,1.0,1.0,1.0,1.0,1.0,1.0
228.5,3.0,0.0,0.0,0.0,0.0,0.0,0.0,0.0,0.0,0.0,0.0,0.0,0.0,0.0,0.0,0.0,0.0,0.0,0.0,0.0,0.0
228.75,4.0,21.16623212886007,20.852730763769713,20.543606455097144,20.1857444909399,20.86392425080133,20.6848921939483,20.735090908126075,21.44585711571085,22.90759198275063,23.124671519385473,1.0,1.0,1.0,1.0,1.0,1.0,1.0,1.0,1.0,1.0
229.0,1.0,19.449785684415474,19.967607807647237,20.394464925537314,21.016452353401487,20.48971987452902,19.540545007163278,19.750123098590244,19.77209357989802,19.076381324377714,18.825780914955153,1.0,1.0,1.0,1.0,1.0,1.0,1.0,1.0,1.0,1.0
229.25,2.0,0.0,0.0,0.0,0.0,0.0,0.0,0.0,0.0,0.0,0.0,0.0,0.0,0.0,0.0,0.0,0.0,0.0,0.0,0.0,0.0
229.5,3.0,19.390021699212145,18.521140710749744,17.67670084339451,18.434031116280494,19.389093505177698,19.23288531930465,18.768379463975982,18.0725788716514,18.75055194932142,19.645119634675265,1.0,1.0,1.0,1.0,1.0,1.0,1.0,1.0,1.0,1.0
229.75,4.0,21.119765288013863,20.70345756214054,20.971222075024688,21.63908291965589,21.00373040146038,21.19861523514707,21.007450549223908,21.776525571153197,23.013362105459535,22.736833995254393,1.0,1.0,1.0,1.0,1.0,1.0,1.0,1.0,1.0,1.0
230.0,1.0,0.0,0.0,0.0,0.0,0.0,0.0,0.0,0.0,0.0,0.0,0.0,0.0,0.0,0.0,0.0,0.0,0.0,0.0,0.0,0.0
230.25,2.0,18.622845610484028,20.107490910455468,20.375832767355863,19.58155290597729,18.597588892098994,20.185482504672965,20.221800379918783,19.65079157791005,20.610274633358912,19.832213189795294,1.0,1.0,1.0,1.0,1.0,1.0,1.0,1.0,1.0,1.0
230.5,3.0,0.0,0.0,0.0,0.0,0.0,0.0,0.0,0.0,0.0,0.0,0.0,0.0,0.0,0.0,0.0,0.0,0.0,0.0,0.0,0.0
230.75,4.0,0.0,0.0,0.0,0.0,0.0,0.0,0.0,0.0,0.0,0.0,0.0,0.0,0.0,0.0,0.0,0.0,0.0,0.0,0.0,0.0
231.0,1.0,20.815760861909023,21.550427897184615,18.42334227002225,19.33776322282837,21.20481249645856,19.92750417121738,19.74855685505519,19.79934073967483,20.195991658616197,21.347833712695326,1.0,1.0,1.0,1.0,1.0,1.0,1.0,1.0,1.0,1.0
231.25,2.0,19.155484662908076,21.080906680373534,20.558991030341364,19.192242941944635,19.944707360967122,21.20976757006787,21.681577647908085,19.713114874464267,20.4563815917373,18.950806139944724,1.0,1.0,1.0,1.0,1.0,1.0,1.0,1.0,1.0,1.0
231.5,3.0,18.84272156787187,18.044519071059508,17.87366857702473,18.919497289993927,18.942491357694472,18.20355696152446,17.623663646389467,17.205968025489668,18.44171134418967,18.309436219385308,1.0,1.0,1.0,1.0,1.0,1.0,1.0,1.0,1.0,1.0
231.75,4.0,21.93277489510523,22.972020406357164,23.16526700600779,22.361245925519817,20.076703255571342,19.93726991408243,20.902748224031523,22.000868562704138,22.182081125688267,21.59706558131259,1.0,1.0,1.0,1.0,1.0,1.0,1.0,1.0,1.0,1.0
232.0,1.0,20.72586922442175,19.44437226308994,17.738473813361377,19.044331304927624,20.38314966728597,19.894906935615605,20.333759342069335,21.054064490522162,20.392389889146763,21.362892143889823,1.0,1.0,1.0,1.0,1.0,1.0,1.0,1.0,1.0,1.0
232.25,2.0,0.0,0.0,0.0,0.0,0.0,0.0,0.0,0.0,0.0,0.0,0.0,0.0,0.0,0.0,0.0,0.0,0.0,0.0,0.0,0.0
232.5,3.0,17.292935503397985,17.194369044750434,18.691414992547557,18.838676761948996,18.00275590019126,17.667560893546835,17.105246948372372,17.740540707410513,18.221148964022838,17.987748378556116,1.0,1.0,1.0,1.0,1.0,1.0,1.0,1.0,1.0,1.0
232.75,4.0,21.71018417879009,23.372143809528964,22.944352620931195,20.307433435052832,18.9477878467781,19.47759397432612,21.01747417960739,20.746957031757535,21.704585682962595,21.093447928655117,1.0,1.0,1.0,1.0,1.0,1.0,1.0,1.0,1.0,1.0
233.0,1.0,19.65364955363139,18.981555614661932,18.579230258254533,18.876611515647067,19.254004742971844,19.900264198359864,21.10600882856149,21.09426253855474,21.20380149035608,21.29261634757359,1.0,1.0,1.0,1.0,1.0,1.0,1.0,1.0,1.0,1.0
233.25,2.0,20.136978996685905,20.578996722413603,20.343705134807667,20.724386998158035,23.03175654764402,23.687068359446297,24.38753648947121,21.46137518005897,21.930116774683174,20.207860718985764,1.0,1.0,1.0,1.0,1.0,1.0,1.0,1.0,1.0,1.0
233.5,3.0,0.0,0.0,0.0,0.0,0.0,0.0,0.0,0.0,0.0,0.0,0.0,0.0,0.0,0.0,0.0,0.0,0.0,0.0,0.0,0.0
233.75,4.0,21.015581553218684,23.271573529837724,21.234770080969305,18.905707686212885,19.608951606380725,20.169804390143064,21.200625095406068,20.83297605931103,21.490711225087786,20.094580335004718,1.0,1.0,1.0,1.0,1.0,1.0,1.0,1.0,1.0,1.0
234.0,1.0,20.054415173994407,18.469090352734973,18.749266342595543,18.20513893565387,20.607260554540463,21.157406247204115,21.19639808167654,20.841733081373462,20.072538380217537,20.85919754720883,1.0,1.0,1.0,1.0,1.0,1.0,1.0,1.0,1.0,1.0
234.25,2.0,0.0,0.0,0.0,0.0,0.0,0.0,0.0,0.0,0.0,0.0,0.0,0.0,0.0,0.0,0.0,0.0,0.0,0.0,0.0,0.0
234.5,3.0,18.25485900495666,18.986350077870796,18.43561042550069,16.40615051600412,18.371943050938736,17.952078521142347,18.16937784608965,17.983644163483746,18.6290157027599,19.060304817491666,1.0,1.0,1.0,1.0,1.0,1.0,1.0,1.0,1.0,1.0
234.75,4.0,21.147968233367486,20.835249383905943,19.282025194843904,19.00982129064887,19.595846059276372,20.63650755851257,20.6666460919537,21.080958280112394,21.645069553298033,19.67567271661649,1.0,1.0,1.0,1.0,1.0,1.0,1.0,1.0,1.0,1.0
235.0,1.0,0.0,0.0,0.0,0.0,0.0,0.0,0.0,0.0,0.0,0.0,0.0,0.0,0.0,0.0,0.0,0.0,0.0,0.0,0.0,0.0
235.25,2.0,0.0,0.0,0.0,0.0,0.0,0.0,0.0,0.0,0.0,0.0,0.0,0.0,0.0,0.0,0.0,0.0,0.0,0.0,0.0,0.0
235.5,3.0,19.663531083931538,19.10324814069318,17.892243909789034,16.07370596573122,18.099359883281682,18.750778230661872,18.80806686759214,18.13291923571681,18.097434396663793,16.73303414634265,1.0,1.0,1.0,1.0,1.0,1.0,1.0,1.0,1.0,1.0
235.75,4.0,0.0,0.0,0.0,0.0,0.0,0.0,0.0,0.0,0.0,0.0,0.0,0.0,0.0,0.0,0.0,0.0,0.0,0.0,0.0,0.0
236.0,1.0,20.91171778930639,18.572565861493896,17.959471044328662,17.764854429998582,20.113049410787973,18.972411693074363,19.674943843174894,19.63629901496468,19.888231978488182,20.41595963818451,1.0,1.0,1.0,1.0,1.0,1.0,1.0,1.0,1.0,1.0
236.25,2.0,20.67997119906285,20.013946489290653,20.22096819163494,20.18033570659403,20.698606643859883,20.364358663208982,20.42482392079796,17.63464970739414,18.23686648735758,18.134880867530455,1.0,1.0,1.0,1.0,1.0,1.0,1.0,1.0,1.0,1.0
236.5,3.0,0.0,0.0,0.0,0.0,0.0,0.0,0.0,0.0,0.0,0.0,0.0,0.0,0.0,0.0,0.0,0.0,0.0,0.0,0.0,0.0
236.75,4.0,20.13393748520036,18.529097736611476,18.013110364863767,19.104500724978845,19.140883089222545,19.42406257415736,20.04143088504352,20.32871508626212,20.45988288763585,18.593258499233038,1.0,1.0,1.0,1.0,1.0,1.0,1.0,1.0,1.0,1.0
237.0,1.0,20.105457570314144,17.957972306555106,18.79297858944352,18.416040893552996,18.248815374185618,17.769668688128984,18.845865772374303,19.744435575881482,19.410811158402094,19.264732922379785,1.0,1.0,1.0,1.0,1.0,1.0,1.0,1.0,1.0,1.0
237.25,2.0,0.0,0.0,0.0,0.0,0.0,0.0,0.0,0.0,0.0,0.0,0.0,0.0,0.0,0.0,0.0,0.0,0.0,0.0,0.0,0.0
237.5,3.0,17.969303731691035,16.81271472371574,18.14535294982977,16.765471210768315,18.957273388217953,17.851360324394555,16.86007424746676,16.06569674912977,16.618576116377465,17.45210362998206,1.0,1.0,1.0,1.0,1.0,1.0,1.0,1.0,1.0,1.0
237.75,4.0,20.358689455088875,17.788772684235997,17.518315435822146,18.65368103085381,19.03252298395531,19.02289798340456,18.192721400703658,19.74751446871211,19.315070770853094,18.746412132056342,1.0,1.0,1.0,1.0,1.0,1.0,1.0,1.0,1.0,1.0
238.0,1.0,0.0,0.0,0.0,0.0,0.0,0.0,0.0,0.0,0.0,0.0,0.0,0.0,0.0,0.0,0.0,0.0,0.0,0.0,0.0,0.0
238.25,2.0,20.593330306458967,20.409933006566522,20.511030491825796,19.715657495043327,19.801014681008546,19.656603147443583,19.450316051426988,18.65109961926895,18.494972369955313,18.335343121561557,1.0,1.0,1.0,1.0,1.0,1.0,1.0,1.0,1.0,1.0
238.5,3.0,0.0,0.0,0.0,0.0,0.0,0.0,0.0,0.0,0.0,0.0,0.0,0.0,0.0,0.0,0.0,0.0,0.0,0.0,0.0,0.0
238.75,4.0,0.0,0.0,0.0,0.0,0.0,0.0,0.0,0.0,0.0,0.0,0.0,0.0,0.0,0.0,0.0,0.0,0.0,0.0,0.0,0.0
239.0,1.0,18.643132021583874,18.88854530378049,18.123160154731554,16.70476366535542,19.021579791145044,19.819145572310074,20.169751249215793,20.44608095764495,20.262943709910502,20.69878381105298,1.0,1.0,1.0,1.0,1.0,1.0,1.0,1.0,1.0,1.0
239.25,2.0,21.695968916902093,20.633901940024135,19.998934718977598,18.82230824793501,19.30692747091747,18.887605204101003,18.371037154909395,16.82922469417509,17.48524914831957,18.471694131622034,1.0,1.0,1.0,1.0,1.0,1.0,1.0,1.0,1.0,1.0
239.5,3.0,18.93144734884449,18.06492572212466,19.093125219152054,17.92541464187141,18.013999020340677,17.840973885282942,18.46487809450794,18.331940052742606,18.74773160524383,19.094259179803455,1.0,1.0,1.0,1.0,1.0,1.0,1.0,1.0,1.0,1.0
239.75,4.0,17.388895827772078,16.74823386798907,17.151589549557144,17.996679639836046,16.991369281566996,17.88209309605266,18.26593662802566,18.903142310906293,18.454006815870763,17.997344181594386,1.0,1.0,1.0,1.0,1.0,1.0,1.0,1.0,1.0,1.0
240.0,1.0,19.624647665619328,18.340437209877706,16.79708703462148,16.437001739465188,19.845261784106484,20.67315007643174,21.37007998975221,21.9007505981632,21.31996543196177,21.21698042560957,1.0,1.0,1.0,1.0,1.0,1.0,1.0,1.0,1.0,1.0
240.25,2.0,0.0,0.0,0.0,0.0,0.0,0.0,0.0,0.0,0.0,0.0,0.0,0.0,0.0,0.0,0.0,0.0,0.0,0.0,0.0,0.0
240.5,3.0,18.86238117483383,17.09020002244388,19.816534388643927,18.715706213203056,17.40970963305325,17.049879875110545,18.14394519570036,18.998280798088793,19.663255780411525,20.335417189457928,1.0,1.0,1.0,1.0,1.0,1.0,1.0,1.0,1.0,1.0
240.75,4.0,17.082788235640233,18.072804101135915,16.451117955431663,16.25565693654824,16.29820684140949,16.715739724412817,17.978448524655217,18.547847478278822,17.144704908744696,17.99688819244363,1.0,1.0,1.0,1.0,1.0,1.0,1.0,1.0,1.0,1.0
241.0,1.0,18.951245855416982,16.866999441892553,16.9918668210785,18.160498332861117,21.46752498921657,22.101281839064846,22.473873240096395,22.598765021571197,22.2286259215179,22.743115924417896,1.0,1.0,1.0,1.0,1.0,1.0,1.0,1.0,1.0,1.0
241.25,2.0,20.684113157168394,18.87118107308524,18.419552850372877,17.379557503259154,17.17401941889132,15.887815823303567,16.78359964533547,16.363658321046515,16.181833631401876,16.652358934166333,1.0,1.0,1.0,1.0,1.0,1.0,1.0,1.0,1.0,1.0
241.5,3.0,0.0,0.0,0.0,0.0,0.0,0.0,0.0,0.0,0.0,0.0,0.0,0.0,0.0,0.0,0.0,0.0,0.0,0.0,0.0,0.0
241.75,4.0,17.44805979328382,17.040541121825953,15.802912752231737,16.067214807068595,17.354271011895655,17.450513384767767,17.949890598478223,17.886979945161674,17.10798390188704,17.729283334577506,1.0,1.0,1.0,1.0,1.0,1.0,1.0,1.0,1.0,1.0
242.0,1.0,17.45282935982247,15.782651520108693,18.134345628829923,20.800686311821075,23.157459224861928,23.586046100515883,23.21540606670641,22.93002077791958,21.94728347887405,22.25380529464705,1.0,1.0,1.0,1.0,1.0,1.0,1.0,1.0,1.0,1.0
242.25,2.0,0.0,0.0,0.0,0.0,0.0,0.0,0.0,0.0,0.0,0.0,0.0,0.0,0.0,0.0,0.0,0.0,0.0,0.0,0.0,0.0
242.5,3.0,18.68542574724834,17.24678780832664,18.48863021071977,17.248287640701992,18.267119026081478,18.645435684490245,19.73924519419065,19.721627363942318,19.30108338955676,19.58581342779546,1.0,1.0,1.0,1.0,1.0,1.0,1.0,1.0,1.0,1.0
242.75,4.0,16.665675407897087,17.57131378028293,17.382022150926524,17.617012860062022,19.73923001372412,18.526614353924145,17.73122211885647,17.36192702021427,16.858086942362892,17.4928653055476,1.0,1.0,1.0,1.0,1.0,1.0,1.0,1.0,1.0,1.0
243.0,1.0,0.0,0.0,0.0,0.0,0.0,0.0,0.0,0.0,0.0,0.0,0.0,0.0,0.0,0.0,0.0,0.0,0.0,0.0,0.0,0.0
243.25,2.0,20.1184565895242,19.72777632611487,19.410689279663305,18.4210369865148,18.259836707905663,17.26006321980517,17.24069333134339,17.430050717893778,17.358323753218876,18.54398705572737,1.0,1.0,1.0,1.0,1.0,1.0,1.0,1.0,1.0,1.0
243.5,3.0,17.238592040355023,17.6631171809549,18.816495790908732,17.95984981601306,18.284416400689793,18.333840072712388,18.626766092174027,18.09427610937644,18.162510390820692,18.61452949424384,1.0,1.0,1.0,1.0,1.0,1.0,1.0,1.0,1.0,1.0
243.75,4.0,0.0,0.0,0.0,0.0,0.0,0.0,0.0,0.0,0.0,0.0,0.0,0.0,0.0,0.0,0.0,0.0,0.0,0.0,0.0,0.0
244.0,1.0,16.088581421498095,17.11297225951599,20.12004738391128,21.15945793749469,22.044939716826637,22.90079186344147,22.051246159864085,21.969066815104213,21.979251004673838,21.871174800981954,1.0,1.0,1.0,1.0,1.0,1.0,1.0,1.0,1.0,1.0
244.25,2.0,20.30306127487194,20.342876748672683,20.04890210496263,19.49740906398783,19.512869854742128,18.86367717306338,20.183358472559945,18.590918651312897,18.424648363639875,18.596700445193502,1.0,1.0,1.0,1.0,1.0,1.0,1.0,1.0,1.0,1.0
244.5,3.0,0.0,0.0,0.0,0.0,0.0,0.0,0.0,0.0,0.0,0.0,0.0,0.0,0.0,0.0,0.0,0.0,0.0,0.0,0.0,0.0
244.75,4.0,17.471530418990195,17.23237426539807,18.13826613679877,17.914120221658358,18.164279517758057,18.29619488969377,18.451527348578786,19.02600030640347,19.364746646517588,20.031723035409463,1.0,1.0,1.0,1.0,1.0,1.0,1.0,1.0,1.0,1.0
245.0,1.0,16.608191976541477,17.899540476016956,20.18537666873759,21.10450666746037,21.491384215331856,22.698376526065474,22.108485708222787,22.463862555889417,21.333969158668186,21.420407511493384,1.0,1.0,1.0,1.0,1.0,1.0,1.0,1.0,1.0,1.0
245.25,2.0,0.0,0.0,0.0,0.0,0.0,0.0,0.0,0.0,0.0,0.0,0.0,0.0,0.0,0.0,0.0,0.0,0.0,0.0,0.0,0.0
245.5,3.0,17.890223205739005,18.36403561188122,17.564672624973948,18.604680050229543,18.420172284757953,17.71288758152467,16.808778960315564,16.97862347383334,17.571938678277665,17.65954191812227,1.0,1.0,1.0,1.0,1.0,1.0,1.0,1.0,1.0,1.0
245.75,4.0,17.5337993609021,17.497502996199575,18.308983760163635,17.3781415281947,19.035926851763023,20.021152421399197,19.72170113292382,19.957611736092154,20.134529444072076,20.37400932332799,1.0,1.0,1.0,1.0,1.0,1.0,1.0,1.0,1.0,1.0
246.0,1.0,17.53381181303677,19.574454358166026,21.22165397549008,21.562063454288662,21.72010880363554,22.89510895941193,22.84021817217901,22.649803248084805,21.251049878605844,21.999503568147443,1.0,1.0,1.0,1.0,1.0,1.0,1.0,1.0,1.0,1.0
246.25,2.0,21.392288287370285,21.226309986109772,21.10191055084711,18.626744138140364,18.939113317894194,18.774639116897703,19.486584123606892,18.342314304053932,18.317610897909425,18.798496270685227,1.0,1.0,1.0,1.0,1.0,1.0,1.0,1.0,1.0,1.0
246.5,3.0,0.0,0.0,0.0,0.0,0.0,0.0,0.0,0.0,0.0,0.0,0.0,0.0,0.0,0.0,0.0,0.0,0.0,0.0,0.0,0.0
246.75,4.0,18.07448077122058,17.71789811159622,17.464830978345745,18.23723472183262,19.69770991932733,20.510502135140765,20.692826531335143,20.8157941819215,21.289651147364424,22.55312471004045,1.0,1.0,1.0,1.0,1.0,1.0,1.0,1.0,1.0,1.0
247.0,1.0,19.74376514649948,20.475604736559248,21.705279164556842,21.53234052293951,21.486149298786017,21.70619168361652,22.024693232119734,21.28473600260421,21.55513436198773,22.92860920016423,1.0,1.0,1.0,1.0,1.0,1.0,1.0,1.0,1.0,1.0
247.25,2.0,21.307880399099158,20.038254697277445,18.154499911007555,18.03043538858031,18.013516985425884,18.319194205806127,18.633747721279853,18.35067409443026,18.59208699798134,19.107850094204064,1.0,1.0,1.0,1.0,1.0,1.0,1.0,1.0,1.0,1.0
247.5,3.0,16.61298252673504,16.998998776680985,18.927187416178057,18.1540371045775,16.310036870458568,16.262970671083426,16.16819918791606,18.127529450811124,16.497992640550038,16.224240535136907,1.0,1.0,1.0,1.0,1.0,1.0,1.0,1.0,1.0,1.0
247.75,4.0,17.455000641792314,17.035563538455683,18.362971399258555,20.092880349752708,20.084988834634824,20.464097148676522,20.92806494138746,20.68089045428116,20.767597104299643,22.632151372272766,1.0,1.0,1.0,1.0,1.0,1.0,1.0,1.0,1.0,1.0
248.0,1.0,0.0,0.0,0.0,0.0,0.0,0.0,0.0,0.0,0.0,0.0,0.0,0.0,0.0,0.0,0.0,0.0,0.0,0.0,0.0,0.0
248.25,2.0,0.0,0.0,0.0,0.0,0.0,0.0,0.0,0.0,0.0,0.0,0.0,0.0,0.0,0.0,0.0,0.0,0.0,0.0,0.0,0.0
248.5,3.0,16.513240317588924,18.18426727881357,18.848952143748686,17.294952670401695,16.079663995664184,16.268052396346334,16.128357636392792,16.744242725396948,15.842763257479243,16.217009260893793,1.0,1.0,1.0,1.0,1.0,1.0,1.0,1.0,1.0,1.0
248.75,4.0,17.534433898001872,17.2926893486987,19.224249484171143,19.67456177852914,19.765785322837424,20.24758014927018,20.80388540768957,20.465337883933497,21.034533494517,21.778115272485177,1.0,1.0,1.0,1.0,1.0,1.0,1.0,1.0,1.0,1.0
249.0,1.0,20.383942955637824,21.790383267685787,21.998623280587193,22.40139282548629,21.97010792189527,22.379393112528042,21.794710940982547,21.630321161088467,21.65073305518909,22.40780385956535,1.0,1.0,1.0,1.0,1.0,1.0,1.0,1.0,1.0,1.0
249.25,2.0,20.25651550287597,20.012766069909244,19.6789708592829,18.740760845109325,17.64218984054295,18.4749029446767,19.237924560913186,19.94240542463776,20.81161110618919,20.837528195901402,1.0,1.0,1.0,1.0,1.0,1.0,1.0,1.0,1.0,1.0
249.5,3.0,0.0,0.0,0.0,0.0,0.0,0.0,0.0,0.0,0.0,0.0,0.0,0.0,0.0,0.0,0.0,0.0,0.0,0.0,0.0,0.0
249.75,4.0,19.15069412344773,19.79262314096016,19.55245827491412,19.798082590673733,19.53601995124494,20.126950822072935,20.617406314710752,21.282947243017084,21.741163209935436,21.22088875246075,1.0,1.0,1.0,1.0,1.0,1.0,1.0,1.0,1.0,1.0
250.0,1.0,19.614612929810047,20.392995916740514,20.88035447694396,21.459127233180368,21.585732941957275,21.96153294710537,21.540054027683972,21.694359740720206,21.76686017267227,22.84406869509162,1.0,1.0,1.0,1.0,1.0,1.0,1.0,1.0,1.0,1.0
250.25,2.0,0.0,0.0,0.0,0.0,0.0,0.0,0.0,0.0,0.0,0.0,0.0,0.0,0.0,0.0,0.0,0.0,0.0,0.0,0.0,0.0
250.5,3.0,17.393621873480537,17.857824460759776,16.88032017762912,15.727085252246603,16.386355397219766,16.644362052769058,17.44756360458912,17.847634323237653,18.866563680656114,19.227927162158824,1.0,1.0,1.0,1.0,1.0,1.0,1.0,1.0,1.0,1.0
250.75,4.0,19.96147994881853,20.23368669604747,18.919707948860317,18.75669714055503,17.85032713663013,19.74796037646944,19.919141135728072,20.18814499679762,21.61649467846041,20.33077699661791,1.0,1.0,1.0,1.0,1.0,1.0,1.0,1.0,1.0,1.0
251.0,1.0,0.0,0.0,0.0,0.0,0.0,0.0,0.0,0.0,0.0,0.0,0.0,0.0,0.0,0.0,0.0,0.0,0.0,0.0,0.0,0.0
251.25,2.0,20.21090797022091,19.90837447400492,19.91800719742398,20.40120642781233,19.82450327212555,19.60552707223291,18.96451433051951,19.49096913348691,19.768653937409752,19.722823013564238,1.0,1.0,1.0,1.0,1.0,1.0,1.0,1.0,1.0,1.0
251.5,3.0,18.64473807747842,18.254362976269388,15.755728138345802,16.339758216086242,18.129476573496135,18.588705677706205,19.087402621929762,20.251840806751055,20.154402712099046,19.876878033845625,1.0,1.0,1.0,1.0,1.0,1.0,1.0,1.0,1.0,1.0
251.75,4.0,0.0,0.0,0.0,0.0,0.0,0.0,0.0,0.0,0.0,0.0,0.0,0.0,0.0,0.0,0.0,0.0,0.0,0.0,0.0,0.0
252.0,1.0,18.904470289254146,18.987292569297896,19.01206120737919,19.08846934161372,21.734916760302575,21.603713118805253,21.051730854780516,20.95843616082642,21.26798898098879,21.11044029945759,1.0,1.0,1.0,1.0,1.0,1.0,1.0,1.0,1.0,1.0
252.25,2.0,20.244004146329537,20.338723662814903,21.04269320701662,20.319948602430827,18.41010501058225,17.82964254258983,18.707026559175695,18.70410581262133,18.370251495515813,18.76857310500781,1.0,1.0,1.0,1.0,1.0,1.0,1.0,1.0,1.0,1.0
252.5,3.0,0.0,0.0,0.0,0.0,0.0,0.0,0.0,0.0,0.0,0.0,0.0,0.0,0.0,0.0,0.0,0.0,0.0,0.0,0.0,0.0
252.75,4.0,21.060754066224124,19.49562172685544,18.630816307294513,18.372544485324447,18.56237902598703,19.279616893910532,19.6598290278628,19.88533616843328,20.412589334989757,19.560722456863395,1.0,1.0,1.0,1.0,1.0,1.0,1.0,1.0,1.0,1.0
253.0,1.0,19.903902830231743,19.041381402268808,19.58565915681167,19.43256692290571,20.721622950750607,21.055230006160286,20.742131716253475,20.410876029773004,21.230191913881942,21.300455304942417,1.0,1.0,1.0,1.0,1.0,1.0,1.0,1.0,1.0,1.0
253.25,2.0,0.0,0.0,0.0,0.0,0.0,0.0,0.0,0.0,0.0,0.0,0.0,0.0,0.0,0.0,0.0,0.0,0.0,0.0,0.0,0.0
253.5,3.0,19.124169294779556,18.70224399118504,16.8638829197401,15.582675285311119,17.22652475065648,17.19399738920016,18.074429480250743,19.46381888340642,20.083927398766832,20.840266315822745,1.0,1.0,1.0,1.0,1.0,1.0,1.0,1.0,1.0,1.0
253.75,4.0,21.1613366406929,19.077621176007145,17.890946107267787,17.793310408931934,19.55715123280683,19.549880668353165,19.483239748137247,19.417155316156855,19.078419012189435,18.58106326216476,1.0,1.0,1.0,1.0,1.0,1.0,1.0,1.0,1.0,1.0
254.0,1.0,21.828236910783538,21.333747011312337,20.618041320867455,19.05342089070308,20.26520365388571,20.40847269827927,20.543148167138256,19.72412900377368,20.14245026405438,19.674677050433214,1.0,1.0,1.0,1.0,1.0,1.0,1.0,1.0,1.0,1.0
254.25,2.0,20.141397638363454,21.033499925224376,21.346266711322613,20.168393933238107,18.89188566477022,18.31253305200706,18.578828079205667,19.034451749638343,20.109435665624435,20.727825705558658,1.0,1.0,1.0,1.0,1.0,1.0,1.0,1.0,1.0,1.0
254.5,3.0,0.0,0.0,0.0,0.0,0.0,0.0,0.0,0.0,0.0,0.0,0.0,0.0,0.0,0.0,0.0,0.0,0.0,0.0,0.0,0.0
254.75,4.0,20.528549920164743,17.762890278192728,16.821867024933166,16.98350512231682,19.207646926460946,18.784430153562482,18.459982962807004,17.929880677480128,17.382187288456432,17.05789078615893,1.0,1.0,1.0,1.0,1.0,1.0,1.0,1.0,1.0,1.0
255.0,1.0,22.638225164108682,21.753122840691304,20.255599250500502,20.082025356857052,20.701067297796943,19.865106295690552,20.206136194487947,19.261093095268272,19.198488030966757,18.597603174532928,1.0,1.0,1.0,1.0,1.0,1.0,1.0,1.0,1.0,1.0
255.25,2.0,19.565272580884766,21.008314071536937,20.669607358143324,19.455454728776395,18.53915308518589,18.626669430972303,19.01333207408645,20.370329606374373,20.969679297354247,21.35134329651179,1.0,1.0,1.0,1.0,1.0,1.0,1.0,1.0,1.0,1.0
255.5,3.0,18.602946535683916,16.946465767381294,15.757519416418488,14.181463767597728,16.94097899315647,18.071138874478194,18.858115895676743,20.189707694690796,19.58873940555213,19.21262735338354,1.0,1.0,1.0,1.0,1.0,1.0,1.0,1.0,1.0,1.0
255.75,4.0,18.345649249727515,17.198570080636788,17.376519956586492,17.679296774568364,19.197227239338275,18.769843556483274,17.3259737743143,17.563935081696492,16.838724883263698,15.377222015857468,1.0,1.0,1.0,1.0,1.0,1.0,1.0,1.0,1.0,1.0
256.0,1.0,0.0,0.0,0.0,0.0,0.0,0.0,0.0,0.0,0.0,0.0,0.0,0.0,0.0,0.0,0.0,0.0,0.0,0.0,0.0,0.0
256.25,2.0,0.0,0.0,0.0,0.0,0.0,0.0,0.0,0.0,0.0,0.0,0.0,0.0,0.0,0.0,0.0,0.0,0.0,0.0,0.0,0.0
256.5,3.0,17.75396483270128,16.27767923188351,16.196234225407036,16.008845314297698,18.09085548211605,18.2838353200921,18.6610560390478,19.851647313396832,19.88748604499021,20.221089653973536,1.0,1.0,1.0,1.0,1.0,1.0,1.0,1.0,1.0,1.0
256.75,4.0,0.0,0.0,0.0,0.0,0.0,0.0,0.0,0.0,0.0,0.0,0.0,0.0,0.0,0.0,0.0,0.0,0.0,0.0,0.0,0.0
257.0,1.0,20.45546987249609,20.650892353610335,20.71865365225584,21.118347485520907,19.44791863749126,19.29630004639503,17.891801507233065,18.978872928281866,18.15348011482572,17.816432753951737,1.0,1.0,1.0,1.0,1.0,1.0,1.0,1.0,1.0,1.0
257.25,2.0,19.68951933109407,19.710105242899765,18.516819631539803,16.712506747068492,18.61081052542036,19.897131259589802,21.177225820235083,21.308122696036985,20.385018518463102,19.441682461247456,1.0,1.0,1.0,1.0,1.0,1.0,1.0,1.0,1.0,1.0
257.5,3.0,0.0,0.0,0.0,0.0,0.0,0.0,0.0,0.0,0.0,0.0,0.0,0.0,0.0,0.0,0.0,0.0,0.0,0.0,0.0,0.0
257.75,4.0,18.7653157984303,18.220438651779975,17.968232567532166,17.227881425994845,18.15856367205832,18.021122274648935,17.043903289950382,16.506053525514652,16.061560167558003,16.04020380583036,1.0,1.0,1.0,1.0,1.0,1.0,1.0,1.0,1.0,1.0
258.0,1.0,20.43458619773481,20.93690573766447,21.471978326098277,20.881145140709332,18.77468169577296,19.849520166908956,18.95016758471864,19.7284986030903,18.10371315707438,17.295142894103115,1.0,1.0,1.0,1.0,1.0,1.0,1.0,1.0,1.0,1.0
258.25,2.0,0.0,0.0,0.0,0.0,0.0,0.0,0.0,0.0,0.0,0.0,0.0,0.0,0.0,0.0,0.0,0.0,0.0,0.0,0.0,0.0
258.5,3.0,18.266280188684195,16.53943532829486,17.723946765531828,17.651979165113758,17.641636147657792,18.115277898056284,17.939831636107154,19.464417909636737,19.64215535692813,20.407574190842748,1.0,1.0,1.0,1.0,1.0,1.0,1.0,1.0,1.0,1.0
258.75,4.0,20.10017427800964,17.30395133983085,18.435539556047168,17.77155742745305,18.312229036061357,17.22301463513451,16.033843363990474,15.658621287942761,15.79547378785329,15.894414630304551,1.0,1.0,1.0,1.0,1.0,1.0,1.0,1.0,1.0,1.0
259.0,1.0,0.0,0.0,0.0,0.0,0.0,0.0,0.0,0.0,0.0,0.0,0.0,0.0,0.0,0.0,0.0,0.0,0.0,0.0,0.0,0.0
259.25,2.0,19.300940705627642,19.573808334468644,19.312086797830784,18.908251822719365,18.4624283471357,19.007209121670808,19.666841477648436,20.15197126727892,20.414504266962545,19.803861080707925,1.0,1.0,1.0,1.0,1.0,1.0,1.0,1.0,1.0,1.0
259.5,3.0,0.0,0.0,0.0,0.0,0.0,0.0,0.0,0.0,0.0,0.0,0.0,0.0,0.0,0.0,0.0,0.0,0.0,0.0,0.0,0.0
259.75,4.0,0.0,0.0,0.0,0.0,0.0,0.0,0.0,0.0,0.0,0.0,0.0,0.0,0.0,0.0,0.0,0.0,0.0,0.0,0.0,0.0
260.0,1.0,20.28297018294954,21.213205193526473,21.356643102929027,20.864024603693796,19.626420635105227,19.813815499322672,18.931091640764482,18.392271447863852,17.061454195121115,16.50465866428434,1.0,1.0,1.0,1.0,1.0,1.0,1.0,1.0,1.0,1.0
260.25,2.0,19.563365873370692,20.129608374186535,20.704478485972157,19.110638549577505,18.372521798954764,18.598834593399257,19.18239147226785,19.616411903059344,19.31198365109242,18.77393871041499,1.0,1.0,1.0,1.0,1.0,1.0,1.0,1.0,1.0,1.0
260.5,3.0,0.0,0.0,0.0,0.0,0.0,0.0,0.0,0.0,0.0,0.0,0.0,0.0,0.0,0.0,0.0,0.0,0.0,0.0,0.0,0.0
260.75,4.0,19.088400588276293,18.46848216752946,18.495362399188313,17.004541564704603,17.923346473343347,17.09309605834653,16.389795902611525,15.574474542792725,16.020548784457933,15.135344576267286,1.0,1.0,1.0,1.0,1.0,1.0,1.0,1.0,1.0,1.0
261.0,1.0,20.827249359269047,21.319568776718604,20.962970537750373,20.754933689631894,20.415112254798117,19.621519967880914,18.838387654751287,18.595157211805763,18.537386246883145,18.60814676410238,1.0,1.0,1.0,1.0,1.0,1.0,1.0,1.0,1.0,1.0
261.25,2.0,0.0,0.0,0.0,0.0,0.0,0.0,0.0,0.0,0.0,0.0,0.0,0.0,0.0,0.0,0.0,0.0,0.0,0.0,0.0,0.0
261.5,3.0,17.490913172049975,16.640336153873307,15.440670979853493,16.021148404347862,16.19134102975805,16.606884550878885,17.083725119289237,18.718433648189805,17.39562215257532,19.05218017352418,1.0,1.0,1.0,1.0,1.0,1.0,1.0,1.0,1.0,1.0
261.75,4.0,19.46045353541301,18.024507179418617,17.511139309276643,17.393035775353056,17.861911447044,17.11507084688912,16.343703077491774,16.401376850305862,16.937200749408078,16.031342176253858,1.0,1.0,1.0,1.0,1.0,1.0,1.0,1.0,1.0,1.0
262.0,1.0,20.773174911139357,21.505488545779443,22.284902142786756,20.654706966128476,20.275205114077693,19.64375737248628,18.870388088568944,19.661213142656667,19.78412349563046,20.038441881746284,1.0,1.0,1.0,1.0,1.0,1.0,1.0,1.0,1.0,1.0
262.25,2.0,19.72724653344453,17.664816028571025,17.680361360131776,18.88498199709529,18.337979071685478,18.28278293848738,19.08388092896291,18.763780882355103,18.673912528709682,19.508167819109875,1.0,1.0,1.0,1.0,1.0,1.0,1.0,1.0,1.0,1.0
262.5,3.0,0.0,0.0,0.0,0.0,0.0,0.0,0.0,0.0,0.0,0.0,0.0,0.0,0.0,0.0,0.0,0.0,0.0,0.0,0.0,0.0
262.75,4.0,18.340160627140545,17.216510569946767,17.12292916704056,17.31289439327964,17.50954526018906,16.629355021870282,16.82321639776131,16.405806810445572,15.884396248861764,15.648510119037143,1.0,1.0,1.0,1.0,1.0,1.0,1.0,1.0,1.0,1.0
263.0,1.0,22.404073437603433,20.94033625115171,20.967655928588623,19.447331057290775,20.198579422790942,19.85326142340945,20.562254119635575,20.820545737018065,21.63045773366584,20.87241484019772,1.0,1.0,1.0,1.0,1.0,1.0,1.0,1.0,1.0,1.0
263.25,2.0,0.0,0.0,0.0,0.0,0.0,0.0,0.0,0.0,0.0,0.0,0.0,0.0,0.0,0.0,0.0,0.0,0.0,0.0,0.0,0.0
263.5,3.0,17.05638468091861,15.143455874254318,15.604072335260255,13.517509904540898,15.739960570316175,17.163802343290207,16.997011090279294,18.175819613947212,17.302696988969114,19.493846153042757,1.0,1.0,1.0,1.0,1.0,1.0,1.0,1.0,1.0,1.0
263.75,4.0,18.5504013159237,18.558144470184114,17.13915082749068,16.026429856545594,17.173902492339298,16.80851485529806,16.852135880129275,15.938255145638053,15.288329588696978,14.796277778149785,1.0,1.0,1.0,1.0,1.0,1.0,1.0,1.0,1.0,1.0
264.0,1.0,0.0,0.0,0.0,0.0,0.0,0.0,0.0,0.0,0.0,0.0,0.0,0.0,0.0,0.0,0.0,0.0,0.0,0.0,0.0,0.0
264.25,2.0,0.0,0.0,0.0,0.0,0.0,0.0,0.0,0.0,0.0,0.0,0.0,0.0,0.0,0.0,0.0,0.0,0.0,0.0,0.0,0.0
264.5,3.0,15.958921270173269,15.344651653770994,15.481288248108427,14.72012896392885,17.835543133101655,18.47168863653658,18.180960924306792,19.776037636795195,19.780845117566546,20.93774472313637,1.0,1.0,1.0,1.0,1.0,1.0,1.0,1.0,1.0,1.0
264.75,4.0,0.0,0.0,0.0,0.0,0.0,0.0,0.0,0.0,0.0,0.0,0.0,0.0,0.0,0.0,0.0,0.0,0.0,0.0,0.0,0.0
265.0,1.0,20.676264122510677,19.34813283084169,19.87662351314305,19.877475406466406,20.32421527344177,20.986210533123437,20.470317012377425,21.180063584765136,20.08038786626413,20.166853775737813,1.0,1.0,1.0,1.0,1.0,1.0,1.0,1.0,1.0,1.0
265.25,2.0,17.139442694389572,16.421407379369157,18.37220714581551,19.727291093598296,19.697483956683,18.978200006206116,19.24357161294976,19.096319933642974,19.073826347144486,19.33887437886641,1.0,1.0,1.0,1.0,1.0,1.0,1.0,1.0,1.0,1.0
265.5,3.0,0.0,0.0,0.0,0.0,0.0,0.0,0.0,0.0,0.0,0.0,0.0,0.0,0.0,0.0,0.0,0.0,0.0,0.0,0.0,0.0
265.75,4.0,17.844145872295385,18.35206546224744,16.7947277511115,16.07560618943124,16.9807613935785,15.788381571043303,15.27196415788891,15.046132830312764,15.069794557089262,14.020250658537963,1.0,1.0,1.0,1.0,1.0,1.0,1.0,1.0,1.0,1.0
266.0,1.0,20.552530947330496,19.621405894020914,20.901081451856914,20.004815545963865,21.732629795872864,21.04683451589954,20.36583356185252,20.43021093069385,19.982228439181597,20.528944301058477,1.0,1.0,1.0,1.0,1.0,1.0,1.0,1.0,1.0,1.0
266.25,2.0,0.0,0.0,0.0,0.0,0.0,0.0,0.0,0.0,0.0,0.0,0.0,0.0,0.0,0.0,0.0,0.0,0.0,0.0,0.0,0.0
266.5,3.0,15.290867836086381,14.056698011825706,17.160023780520643,17.789385609150983,18.830988825610252,19.222446230819216,18.406193150129024,19.122194349169664,19.147475256211845,19.76510465741276,1.0,1.0,1.0,1.0,1.0,1.0,1.0,1.0,1.0,1.0
266.75,4.0,17.57858950763507,17.6280216379069,16.024236637370592,16.305615658469026,16.97736793781957,15.865260519328515,15.077474763655774,14.854530342851515,13.837638501885413,13.869109406510603,1.0,1.0,1.0,1.0,1.0,1.0,1.0,1.0,1.0,1.0
267.0,1.0,0.0,0.0,0.0,0.0,0.0,0.0,0.0,0.0,0.0,0.0,0.0,0.0,0.0,0.0,0.0,0.0,0.0,0.0,0.0,0.0
267.25,2.0,17.519359126621843,17.72829197226038,18.967250720583962,19.059036281788774,19.238163539408806,18.69146399341906,18.445584849955463,19.03286087299377,18.19917132041833,17.661537636384356,1.0,1.0,1.0,1.0,1.0,1.0,1.0,1.0,1.0,1.0
267.5,3.0,0.0,0.0,0.0,0.0,0.0,0.0,0.0,0.0,0.0,0.0,0.0,0.0,0.0,0.0,0.0,0.0,0.0,0.0,0.0,0.0
267.75,4.0,0.0,0.0,0.0,0.0,0.0,0.0,0.0,0.0,0.0,0.0,0.0,0.0,0.0,0.0,0.0,0.0,0.0,0.0,0.0,0.0
268.0,1.0,20.35249883202473,19.03049291724917,20.052338051731404,20.278173858312556,19.99297232332889,18.3795601496791,18.6404974415267,18.80610969635649,18.923527396923085,18.901128247807247,1.0,1.0,1.0,1.0,1.0,1.0,1.0,1.0,1.0,1.0
268.25,2.0,18.58242338735464,17.740989450545108,18.274245456791693,19.10580959546186,20.96049856468399,19.812411419222713,19.014234798569237,19.677571560044633,18.57145939515913,19.217616209476034,1.0,1.0,1.0,1.0,1.0,1.0,1.0,1.0,1.0,1.0
268.5,3.0,0.0,0.0,0.0,0.0,0.0,0.0,0.0,0.0,0.0,0.0,0.0,0.0,0.0,0.0,0.0,0.0,0.0,0.0,0.0,0.0
268.75,4.0,17.14213391526168,16.4361702418473,14.484859041632712,14.820906160564604,16.292346985059723,15.897214557095612,15.693985078898953,14.697290779069384,14.35021535194767,14.449093759443342,1.0,1.0,1.0,1.0,1.0,1.0,1.0,1.0,1.0,1.0
269.0,1.0,18.679809605708602,18.71333999219321,19.78281488499632,19.722121274856942,20.36411694927312,20.168233333925958,20.599894416855808,20.5504611495471,19.731033949140077,19.533905175387638,1.0,1.0,1.0,1.0,1.0,1.0,1.0,1.0,1.0,1.0
269.25,2.0,0.0,0.0,0.0,0.0,0.0,0.0,0.0,0.0,0.0,0.0,0.0,0.0,0.0,0.0,0.0,0.0,0.0,0.0,0.0,0.0
269.5,3.0,17.247458796809973,17.2264325946092,18.677426945687127,17.947990197167506,18.545082723024084,19.271758656511643,18.451809755438696,17.530833272186065,16.75602028135589,17.23917602852306,1.0,1.0,1.0,1.0,1.0,1.0,1.0,1.0,1.0,1.0
269.75,4.0,16.227947019156744,15.446047756528422,14.151231038942107,15.620440750539853,17.62063409706429,15.928460258853349,15.059858717102292,13.139065904306108,12.563891033036564,13.406911402502306,1.0,1.0,1.0,1.0,1.0,1.0,1.0,1.0,1.0,1.0
270.0,1.0,18.836076113514846,17.581393137673142,19.12344833574141,20.08430170334969,21.273711588492194,20.128024053184394,19.92595288068742,19.24142199178875,18.20419268784815,18.467607107875118,1.0,1.0,1.0,1.0,1.0,1.0,1.0,1.0,1.0,1.0
270.25,2.0,18.25412724768255,17.61664777277328,18.852465503094646,19.810200368849255,19.69334954120583,19.168201137436103,17.364627415925668,19.110668856631584,16.948113086247282,16.175307087549683,1.0,1.0,1.0,1.0,1.0,1.0,1.0,1.0,1.0,1.0
270.5,3.0,0.0,0.0,0.0,0.0,0.0,0.0,0.0,0.0,0.0,0.0,0.0,0.0,0.0,0.0,0.0,0.0,0.0,0.0,0.0,0.0
270.75,4.0,15.224671091180323,15.479730751997582,15.041760583995057,16.26857518850855,15.65245688908759,15.347891481013123,14.009618921959955,13.1136501691789,13.553845714586314,14.949988505735009,1.0,1.0,1.0,1.0,1.0,1.0,1.0,1.0,1.0,1.0
271.0,1.0,19.66845296184307,18.25503623935257,19.029689601799177,19.15852213926307,21.825409921252675,19.10097916497768,19.274011651103685,17.78125702319983,18.00736974991091,17.977386453527654,1.0,1.0,1.0,1.0,1.0,1.0,1.0,1.0,1.0,1.0
271.25,2.0,0.0,0.0,0.0,0.0,0.0,0.0,0.0,0.0,0.0,0.0,0.0,0.0,0.0,0.0,0.0,0.0,0.0,0.0,0.0,0.0
271.5,3.0,18.90648624549823,19.89686515725187,19.594305831093454,18.215393903715817,16.793042692325358,16.625916722895273,17.02796076189612,16.163534550250258,15.64602684033568,16.544724094047794,1.0,1.0,1.0,1.0,1.0,1.0,1.0,1.0,1.0,1.0
271.75,4.0,14.641926180044775,15.161602436905426,16.8530619563428,16.459094700506352,15.0995343551562,15.226698609068047,15.712690865318216,14.532605550602254,15.308229182841927,17.05109126130358,1.0,1.0,1.0,1.0,1.0,1.0,1.0,1.0,1.0,1.0
272.0,1.0,0.0,0.0,0.0,0.0,0.0,0.0,0.0,0.0,0.0,0.0,0.0,0.0,0.0,0.0,0.0,0.0,0.0,0.0,0.0,0.0
272.25,2.0,0.0,0.0,0.0,0.0,0.0,0.0,0.0,0.0,0.0,0.0,0.0,0.0,0.0,0.0,0.0,0.0,0.0,0.0,0.0,0.0
272.5,3.0,20.735045106039625,19.99157064359605,19.24447147421482,18.13488691630649,16.437311919796702,16.339342520365324,17.670994839120084,16.42787673997002,16.698239792120535,17.271499508230338,1.0,1.0,1.0,1.0,1.0,1.0,1.0,1.0,1.0,1.0
272.75,4.0,0.0,0.0,0.0,0.0,0.0,0.0,0.0,0.0,0.0,0.0,0.0,0.0,0.0,0.0,0.0,0.0,0.0,0.0,0.0,0.0
273.0,1.0,20.09586228566406,19.343080937603517,20.546614103169237,19.379266448001225,18.427600289443777,16.950943982150662,16.758068050630833,16.961648478809707,18.192010682094047,17.96603521896131,1.0,1.0,1.0,1.0,1.0,1.0,1.0,1.0,1.0,1.0
273.25,2.0,17.334926421655204,18.164690469027086,17.651759320238657,17.348939332286275,17.371481564524466,15.69870138748608,14.326969823495448,14.984354652337496,14.41603835197077,14.699483209589078,1.0,1.0,1.0,1.0,1.0,1.0,1.0,1.0,1.0,1.0
273.5,3.0,0.0,0.0,0.0,0.0,0.0,0.0,0.0,0.0,0.0,0.0,0.0,0.0,0.0,0.0,0.0,0.0,0.0,0.0,0.0,0.0
273.75,4.0,16.508134432198418,17.084251219741226,18.022417660775663,16.17299414778267,16.088774423032383,16.38228860022352,15.489906656185731,15.205959557495708,15.748981288796614,18.209328596570405,1.0,1.0,1.0,1.0,1.0,1.0,1.0,1.0,1.0,1.0
274.0,1.0,19.426309890650245,19.60486269936874,20.539807743472046,19.98596649949379,17.944041834728623,17.77876821997368,17.96397371128183,18.560347081781646,18.811167055210603,18.811725044308755,1.0,1.0,1.0,1.0,1.0,1.0,1.0,1.0,1.0,1.0
274.25,2.0,0.0,0.0,0.0,0.0,0.0,0.0,0.0,0.0,0.0,0.0,0.0,0.0,0.0,0.0,0.0,0.0,0.0,0.0,0.0,0.0
274.5,3.0,20.28560641345197,20.286306091854502,18.91981100593886,18.076548649786996,18.042459524038094,17.531190073451285,16.735490149082377,17.531243466230123,16.940448455952485,17.150522385219453,1.0,1.0,1.0,1.0,1.0,1.0,1.0,1.0,1.0,1.0
274.75,4.0,18.01704440856042,18.477900128903364,16.606631722937053,16.075919137103305,16.59744825230404,16.405179248603538,16.04300513169387,16.71259978684716,17.474474591022414,19.290167491968436,1.0,1.0,1.0,1.0,1.0,1.0,1.0,1.0,1.0,1.0
275.0,1.0,0.0,0.0,0.0,0.0,0.0,0.0,0.0,0.0,0.0,0.0,0.0,0.0,0.0,0.0,0.0,0.0,0.0,0.0,0.0,0.0
275.25,2.0,17.850114889035098,19.515109212478666,18.987276227030254,15.931812429110797,15.812029293310587,14.53398467175414,14.57395790286719,15.016996340125209,14.76899127726277,15.235979003969137,1.0,1.0,1.0,1.0,1.0,1.0,1.0,1.0,1.0,1.0
275.5,3.0,0.0,0.0,0.0,0.0,0.0,0.0,0.0,0.0,0.0,0.0,0.0,0.0,0.0,0.0,0.0,0.0,0.0,0.0,0.0,0.0
275.75,4.0,0.0,0.0,0.0,0.0,0.0,0.0,0.0,0.0,0.0,0.0,0.0,0.0,0.0,0.0,0.0,0.0,0.0,0.0,0.0,0.0
276.0,1.0,19.264822867806288,20.348759905342323,19.268289104716153,18.55109680443415,19.092773500465306,18.263553183790304,17.75397985233119,18.244899639494324,17.491899910349744,17.13956346303452,1.0,1.0,1.0,1.0,1.0,1.0,1.0,1.0,1.0,1.0
276.25,2.0,18.557399509772626,19.970468027166334,17.422139292820734,15.307698134405811,15.572186653059129,13.783842223886403,13.776093475519607,14.582866091437543,14.699340139467951,16.044403595634172,1.0,1.0,1.0,1.0,1.0,1.0,1.0,1.0,1.0,1.0
276.5,3.0,20.268781556198505,19.801771937447498,20.81771321926503,18.615077638749653,17.460375678725686,17.41837874479531,18.198354357321683,18.229469502183854,17.771446160066102,17.106626936188793,1.0,1.0,1.0,1.0,1.0,1.0,1.0,1.0,1.0,1.0
276.75,4.0,17.896024674672155,18.223999188426607,16.645087845065024,15.019832210825747,16.537086527454317,18.2801899722118,19.385073371008282,20.15575935929047,21.703510631732936,21.4268153456591,1.0,1.0,1.0,1.0,1.0,1.0,1.0,1.0,1.0,1.0
277.0,1.0,18.665334978523628,20.344252330119954,19.98305653161644,17.998152494931883,18.147186075010577,16.85300872453848,17.337488701699996,17.12211349089393,17.694075273117573,17.59516371460612,1.0,1.0,1.0,1.0,1.0,1.0,1.0,1.0,1.0,1.0
277.25,2.0,0.0,0.0,0.0,0.0,0.0,0.0,0.0,0.0,0.0,0.0,0.0,0.0,0.0,0.0,0.0,0.0,0.0,0.0,0.0,0.0
277.5,3.0,20.221046708922568,20.759689052578327,21.128057492458996,18.895423226004937,17.53637382603273,17.451552629635213,17.629542461782158,16.583121995985028,16.242887891079345,15.56142124156871,1.0,1.0,1.0,1.0,1.0,1.0,1.0,1.0,1.0,1.0
277.75,4.0,17.814773975580266,18.275971642729942,17.311127873807976,16.59248388678536,17.779227201299555,18.612341611584952,19.35940184190724,20.096789167214983,20.729247123784294,20.71530596287732,1.0,1.0,1.0,1.0,1.0,1.0,1.0,1.0,1.0,1.0
278.0,1.0,18.57896114676738,19.567338881225222,18.873865149865544,17.08449483685892,18.133289428926695,16.19298488550496,16.687544120557284,17.108028502502552,16.22862246647221,16.253076325753874,1.0,1.0,1.0,1.0,1.0,1.0,1.0,1.0,1.0,1.0
278.25,2.0,17.536058328686458,18.00094900551808,16.21689425905717,14.82458524854925,14.232792096019567,13.838265391011557,13.233676219937939,14.785028199722705,14.860414912110103,15.504413749296402,1.0,1.0,1.0,1.0,1.0,1.0,1.0,1.0,1.0,1.0
278.5,3.0,0.0,0.0,0.0,0.0,0.0,0.0,0.0,0.0,0.0,0.0,0.0,0.0,0.0,0.0,0.0,0.0,0.0,0.0,0.0,0.0
278.75,4.0,18.190663660079505,18.404485774086712,18.00812187823066,17.917438752269955,17.676453457889966,18.0148473238328,18.745087391640553,19.25451658260842,20.07906940716729,20.608677292767837,1.0,1.0,1.0,1.0,1.0,1.0,1.0,1.0,1.0,1.0
279.0,1.0,17.551226508284767,19.272530868424212,17.904584138334073,16.171031109224625,16.056610897827426,14.321170817314268,15.261430070628519,15.651074689745789,15.130985095738586,15.873425279107062,1.0,1.0,1.0,1.0,1.0,1.0,1.0,1.0,1.0,1.0
279.25,2.0,0.0,0.0,0.0,0.0,0.0,0.0,0.0,0.0,0.0,0.0,0.0,0.0,0.0,0.0,0.0,0.0,0.0,0.0,0.0,0.0
279.5,3.0,19.60818821342036,20.782587709273987,20.171914729720825,18.86360077856717,17.562392825691887,16.638991200908293,16.473179572209816,14.950279033471086,14.84455998488509,15.101693018741544,1.0,1.0,1.0,1.0,1.0,1.0,1.0,1.0,1.0,1.0
279.75,4.0,18.587636107568258,18.58378289171723,17.915081322914837,17.043022599325546,16.793794642066896,17.782618753232523,18.286452154373336,19.223072315809585,18.756134779024308,18.83985310745624,1.0,1.0,1.0,1.0,1.0,1.0,1.0,1.0,1.0,1.0
280.0,1.0,0.0,0.0,0.0,0.0,0.0,0.0,0.0,0.0,0.0,0.0,0.0,0.0,0.0,0.0,0.0,0.0,0.0,0.0,0.0,0.0
280.25,2.0,16.407318843554222,16.27531393156287,15.06517921254712,14.694889838449043,14.705058503259023,14.445057949949307,13.659091964918561,15.116449649635877,14.533446185341779,14.505717795976071,1.0,1.0,1.0,1.0,1.0,1.0,1.0,1.0,1.0,1.0
280.5,3.0,18.809121946637113,18.852893047269298,19.38787701642041,18.825580306323737,17.391651480012484,15.487576342036979,15.155503444679281,14.060210908358764,15.357793722117156,14.917175408338052,1.0,1.0,1.0,1.0,1.0,1.0,1.0,1.0,1.0,1.0
280.75,4.0,0.0,0.0,0.0,0.0,0.0,0.0,0.0,0.0,0.0,0.0,0.0,0.0,0.0,0.0,0.0,0.0,0.0,0.0,0.0,0.0
281.0,1.0,17.86684262025168,18.0661610998201,16.432024585587406,16.582929908857814,16.772456274119115,14.621795603097652,15.397349198484749,16.165989576212553,16.076360676276046,16.26356026735602,1.0,1.0,1.0,1.0,1.0,1.0,1.0,1.0,1.0,1.0
281.25,2.0,16.829313758438715,16.04796227886469,16.32258638288032,15.340062449325286,14.198646165159195,14.12518967344292,14.143574820722781,15.029989253184311,14.468312913610191,15.349358481860358,1.0,1.0,1.0,1.0,1.0,1.0,1.0,1.0,1.0,1.0
281.5,3.0,0.0,0.0,0.0,0.0,0.0,0.0,0.0,0.0,0.0,0.0,0.0,0.0,0.0,0.0,0.0,0.0,0.0,0.0,0.0,0.0
281.75,4.0,18.91730936828206,18.211132840792594,16.74286630094374,15.712574172263688,17.12203062897594,18.093253551034856,18.666520970585506,19.145433636629072,18.556013958470142,17.95858504952415,1.0,1.0,1.0,1.0,1.0,1.0,1.0,1.0,1.0,1.0
282.0,1.0,16.808579962072827,18.00152128989601,17.663173089675297,16.54400098892986,16.134390991944375,15.78231282297401,15.819227407472752,16.522972511128664,16.55177098720557,16.95913030814904,1.0,1.0,1.0,1.0,1.0,1.0,1.0,1.0,1.0,1.0
282.25,2.0,0.0,0.0,0.0,0.0,0.0,0.0,0.0,0.0,0.0,0.0,0.0,0.0,0.0,0.0,0.0,0.0,0.0,0.0,0.0,0.0
282.5,3.0,18.17608921955344,18.618794192730185,18.970334412378712,16.336884380725763,16.493417260510626,16.472423252099116,16.96603265159792,16.63676977275503,16.89265033852143,17.21135465114448,1.0,1.0,1.0,1.0,1.0,1.0,1.0,1.0,1.0,1.0
282.75,4.0,19.569809488365348,17.8489479775426,17.24954984750243,17.85020668207449,18.566172015966234,18.77836864026436,18.410329223584228,18.41074458865477,17.964361111291677,16.83318804798538,1.0,1.0,1.0,1.0,1.0,1.0,1.0,1.0,1.0,1.0
283.0,1.0,17.45709995568886,17.47010553912005,16.789826812534834,15.310929616690238,15.609559221658479,16.291421795272772,16.27497301732307,16.879879870981934,16.498467801979942,17.79780791989181,1.0,1.0,1.0,1.0,1.0,1.0,1.0,1.0,1.0,1.0
283.25,2.0,16.364620532718874,16.404137651005897,16.656942936206352,15.302016085017737,14.655619236244815,15.258712025810516,15.451814788497758,16.830042126514225,16.59021604041228,17.611003095963024,1.0,1.0,1.0,1.0,1.0,1.0,1.0,1.0,1.0,1.0
283.5,3.0,0.0,0.0,0.0,0.0,0.0,0.0,0.0,0.0,0.0,0.0,0.0,0.0,0.0,0.0,0.0,0.0,0.0,0.0,0.0,0.0
283.75,4.0,0.0,0.0,0.0,0.0,0.0,0.0,0.0,0.0,0.0,0.0,0.0,0.0,0.0,0.0,0.0,0.0,0.0,0.0,0.0,0.0
284.0,1.0,17.951506656307608,16.934709758896748,15.248046630383078,14.318189613299184,14.71452407300778,15.057078652928146,16.22840065027297,17.461416435394572,17.21745406532479,18.232720814272568,1.0,1.0,1.0,1.0,1.0,1.0,1.0,1.0,1.0,1.0
284.25,2.0,16.41599522154001,16.18309880408463,16.452500209559865,16.721245069198567,15.35020318945484,15.331829498670222,15.691544269775639,16.959958631142555,17.74801139149256,18.4594423312981,1.0,1.0,1.0,1.0,1.0,1.0,1.0,1.0,1.0,1.0
284.5,3.0,19.765197330469558,20.953715553266672,19.514325774727595,17.2417356332884,17.41948774808197,18.033307205877637,17.834962889800476,17.387685891062883,16.43095206982587,16.214643037978952,1.0,1.0,1.0,1.0,1.0,1.0,1.0,1.0,1.0,1.0
284.75,4.0,17.35225428021536,18.195165609292705,17.994428829895554,18.033792114824422,19.245080301522762,18.711154917201434,17.57957462978369,16.83111962757548,16.5649794833531,15.535823082667761,1.0,1.0,1.0,1.0,1.0,1.0,1.0,1.0,1.0,1.0
285.0,1.0,18.55345660529175,16.87301215604869,15.468150035034823,14.728484502398674,14.905495896328462,15.054494245563133,15.991978865446885,17.27429284000505,17.46652650447261,19.01385511553967,1.0,1.0,1.0,1.0,1.0,1.0,1.0,1.0,1.0,1.0
285.25,2.0,0.0,0.0,0.0,0.0,0.0,0.0,0.0,0.0,0.0,0.0,0.0,0.0,0.0,0.0,0.0,0.0,0.0,0.0,0.0,0.0
285.5,3.0,19.745617446743736,20.55586346136347,19.50219626403344,18.123687564353293,16.567168888852407,16.097617583572553,16.745138367642635,16.848427891425597,17.407014703416202,17.827452159304745,1.0,1.0,1.0,1.0,1.0,1.0,1.0,1.0,1.0,1.0
285.75,4.0,18.00474444471976,18.941037211568744,17.714657650881726,17.763792997395907,18.54169184999609,17.60233520767833,16.608398217607146,16.868680382536027,17.012775909393927,16.44315765453065,1.0,1.0,1.0,1.0,1.0,1.0,1.0,1.0,1.0,1.0
286.0,1.0,17.657612869652095,16.11279764821984,16.314205799007837,15.045597006399126,15.454353006234033,15.273220729153449,16.33182336533163,17.3643976238976,17.912631217126478,19.68480446443027,1.0,1.0,1.0,1.0,1.0,1.0,1.0,1.0,1.0,1.0
286.25,2.0,16.911193232970607,16.70195234092423,16.999796137362754,16.43636528181595,17.019378440136453,18.121851074912126,18.288402416976083,19.55820817070442,18.779675033741217,18.771037935590364,1.0,1.0,1.0,1.0,1.0,1.0,1.0,1.0,1.0,1.0
286.5,3.0,0.0,0.0,0.0,0.0,0.0,0.0,0.0,0.0,0.0,0.0,0.0,0.0,0.0,0.0,0.0,0.0,0.0,0.0,0.0,0.0
286.75,4.0,17.682948787868497,18.997973941481412,18.12550249580598,17.48087358261584,17.589774491035367,18.178744272181483,17.500949888642303,18.45234089751135,19.009025053376558,17.733893306559494,1.0,1.0,1.0,1.0,1.0,1.0,1.0,1.0,1.0,1.0
287.0,1.0,17.082603717408954,16.18884630780991,16.069985983051772,15.839590591362992,16.6561491679443,16.815979153649685,17.153678811143518,17.89917351756561,18.61792664637358,20.0285622561736,1.0,1.0,1.0,1.0,1.0,1.0,1.0,1.0,1.0,1.0
287.25,2.0,0.0,0.0,0.0,0.0,0.0,0.0,0.0,0.0,0.0,0.0,0.0,0.0,0.0,0.0,0.0,0.0,0.0,0.0,0.0,0.0
287.5,3.0,18.960175535225723,19.0391996608048,16.729468716834035,14.780121719199023,15.494767624643533,16.47253602677306,15.794669783662771,16.89096378263533,18.122020404588376,17.701253618830858,1.0,1.0,1.0,1.0,1.0,1.0,1.0,1.0,1.0,1.0
287.75,4.0,18.081785369722486,19.5976584531715,18.767695896622286,18.609195115125097,19.2104097324267,19.257865582478587,18.28165859419738,17.89210649727865,17.975332960246405,18.16677405174411,1.0,1.0,1.0,1.0,1.0,1.0,1.0,1.0,1.0,1.0
288.0,1.0,0.0,0.0,0.0,0.0,0.0,0.0,0.0,0.0,0.0,0.0,0.0,0.0,0.0,0.0,0.0,0.0,0.0,0.0,0.0,0.0
288.25,2.0,17.37040121354489,18.38072790746626,17.707402325147907,17.40106968836485,17.171130534608576,18.354732059031633,18.29577276720614,19.805376867834156,19.437709413970214,18.680320949555867,1.0,1.0,1.0,1.0,1.0,1.0,1.0,1.0,1.0,1.0
288.5,3.0,19.07873081483412,17.258221708912973,15.264869983175688,14.32466793889258,16.21007367061963,16.38464608085949,15.781035331261307,16.335717674900636,17.27243879793546,18.04517467208369,1.0,1.0,1.0,1.0,1.0,1.0,1.0,1.0,1.0,1.0
288.75,4.0,0.0,0.0,0.0,0.0,0.0,0.0,0.0,0.0,0.0,0.0,0.0,0.0,0.0,0.0,0.0,0.0,0.0,0.0,0.0,0.0
289.0,1.0,18.290938503817234,17.5963840385476,17.583204848642826,17.250837228496255,16.916932536861335,18.80461690431226,18.738577716146438,18.68414488553403,18.787334231908016,19.697882827325355,1.0,1.0,1.0,1.0,1.0,1.0,1.0,1.0,1.0,1.0
289.25,2.0,18.395878930798254,19.032704494358757,18.625315083268443,17.748075028920198,18.38610310193793,18.80362048815669,18.038495983100738,18.621936422023214,18.610604316651422,18.376803594833977,1.0,1.0,1.0,1.0,1.0,1.0,1.0,1.0,1.0,1.0
289.5,3.0,0.0,0.0,0.0,0.0,0.0,0.0,0.0,0.0,0.0,0.0,0.0,0.0,0.0,0.0,0.0,0.0,0.0,0.0,0.0,0.0
289.75,4.0,19.820755513270537,21.09131851150944,20.480920628412274,21.21398564871924,19.863967921564015,18.75436865703434,18.17512367537594,18.3218583129568,18.740225877655835,17.726336362877255,1.0,1.0,1.0,1.0,1.0,1.0,1.0,1.0,1.0,1.0
290.0,1.0,17.22504192781816,17.218577966510615,18.310866279516556,17.84119084474976,18.901228681191537,20.07088698088996,20.19720250736345,20.21161231423924,20.520189937982053,20.528590828711142,1.0,1.0,1.0,1.0,1.0,1.0,1.0,1.0,1.0,1.0
290.25,2.0,0.0,0.0,0.0,0.0,0.0,0.0,0.0,0.0,0.0,0.0,0.0,0.0,0.0,0.0,0.0,0.0,0.0,0.0,0.0,0.0
290.5,3.0,16.894474696181078,17.54959523918077,16.657152285602358,16.060303889340933,16.944906842907635,17.017914444662587,17.295611546412992,17.110908657434276,18.37429433078445,18.416201974658602,1.0,1.0,1.0,1.0,1.0,1.0,1.0,1.0,1.0,1.0
290.75,4.0,19.456249925197227,20.28098590559197,20.07945228149489,21.459581219566182,19.983249405176206,18.870072201384914,18.330805870267408,17.585381537695078,18.53822723396941,18.56050103864703,1.0,1.0,1.0,1.0,1.0,1.0,1.0,1.0,1.0,1.0
291.0,1.0,18.173146246042705,17.91737936227715,19.02418591225588,19.275070580815523,20.266162729094603,21.04564651217476,20.703496237930526,20.618852582696796,20.84472504967667,20.544636022505895,1.0,1.0,1.0,1.0,1.0,1.0,1.0,1.0,1.0,1.0
291.25,2.0,19.555372268906385,19.385520245733254,19.3790208733545,18.67704058153688,18.663722027546612,18.361917856434616,17.902572028547908,18.862666642790614,18.459196685544345,18.890046407186283,1.0,1.0,1.0,1.0,1.0,1.0,1.0,1.0,1.0,1.0
291.5,3.0,0.0,0.0,0.0,0.0,0.0,0.0,0.0,0.0,0.0,0.0,0.0,0.0,0.0,0.0,0.0,0.0,0.0,0.0,0.0,0.0
291.75,4.0,18.89036009532094,18.960996208691135,20.045445388828526,20.897882600612785,20.59080933905215,18.56923115157112,18.213200089008446,18.238930708318442,18.909583569588612,19.061183702843906,1.0,1.0,1.0,1.0,1.0,1.0,1.0,1.0,1.0,1.0
292.0,1.0,19.317192707732932,19.101703936169912,19.69130863763071,19.629269144149514,19.76360259347394,21.003875135394207,20.24635704638079,20.404233299355592,20.158134157501948,20.079007986814695,1.0,1.0,1.0,1.0,1.0,1.0,1.0,1.0,1.0,1.0
292.25,2.0,19.315992210007852,20.651918502376176,19.968192922800263,19.326230939051168,19.357430818433006,18.65956377099837,18.173697862559955,18.063596021892774,18.507029184493955,18.918181423944812,1.0,1.0,1.0,1.0,1.0,1.0,1.0,1.0,1.0,1.0
292.5,3.0,18.639000287520954,18.55175932510013,18.2543351821054,17.228870527090027,18.583368614592974,18.403249572758774,17.58733753531544,15.957984395638782,16.585610012846214,17.442691902442352,1.0,1.0,1.0,1.0,1.0,1.0,1.0,1.0,1.0,1.0
292.75,4.0,17.860781917613615,19.380121539529814,20.185946056647317,19.82898134924357,19.57694878126735,18.158347820807226,19.338552631271757,19.080973698702312,20.021995149515266,19.94418844203758,1.0,1.0,1.0,1.0,1.0,1.0,1.0,1.0,1.0,1.0
293.0,1.0,0.0,0.0,0.0,0.0,0.0,0.0,0.0,0.0,0.0,0.0,0.0,0.0,0.0,0.0,0.0,0.0,0.0,0.0,0.0,0.0
293.25,2.0,0.0,0.0,0.0,0.0,0.0,0.0,0.0,0.0,0.0,0.0,0.0,0.0,0.0,0.0,0.0,0.0,0.0,0.0,0.0,0.0
293.5,3.0,18.87984884654951,20.168147553578432,18.96334271230917,17.276508319668494,17.5936799105533,17.208331970383576,15.453831309924519,16.106843651701187,17.041797521630134,18.758226143802577,1.0,1.0,1.0,1.0,1.0,1.0,1.0,1.0,1.0,1.0
293.75,4.0,0.0,0.0,0.0,0.0,0.0,0.0,0.0,0.0,0.0,0.0,0.0,0.0,0.0,0.0,0.0,0.0,0.0,0.0,0.0,0.0
294.0,1.0,18.91637344712807,20.243621508433204,21.172843391650257,21.854609776922672,22.61466726700269,21.71115432047078,21.617327848391223,20.835905811419167,21.08533949592622,20.588724483703007,1.0,1.0,1.0,1.0,1.0,1.0,1.0,1.0,1.0,1.0
294.25,2.0,19.679742282039722,21.607124828585025,20.744863100513523,18.43421287702143,17.76457061711975,17.55387584737725,16.378397043029803,16.6831566251406,16.821871723836765,17.43094919309541,1.0,1.0,1.0,1.0,1.0,1.0,1.0,1.0,1.0,1.0
294.5,3.0,0.0,0.0,0.0,0.0,0.0,0.0,0.0,0.0,0.0,0.0,0.0,0.0,0.0,0.0,0.0,0.0,0.0,0.0,0.0,0.0
294.75,4.0,20.413629446303393,20.859455604221743,19.28486846928078,18.571957288536787,19.75817465544218,17.846525338338946,18.956296050876627,19.04561427965958,20.962722873763624,20.358704474776488,1.0,1.0,1.0,1.0,1.0,1.0,1.0,1.0,1.0,1.0
295.0,1.0,20.163749622887156,21.868747725232584,22.604925620759243,23.148065163448766,23.13026738029104,22.52653703755495,21.833216218943416,21.193187976042783,21.633820924426235,21.47783790900728,1.0,1.0,1.0,1.0,1.0,1.0,1.0,1.0,1.0,1.0
295.25,2.0,0.0,0.0,0.0,0.0,0.0,0.0,0.0,0.0,0.0,0.0,0.0,0.0,0.0,0.0,0.0,0.0,0.0,0.0,0.0,0.0
295.5,3.0,20.141775467663237,18.778947402456776,17.21933769744616,16.32086493711987,16.272443233172183,15.915398057826758,15.02301880245053,16.297010023104505,17.885550532437225,18.490740413536187,1.0,1.0,1.0,1.0,1.0,1.0,1.0,1.0,1.0,1.0
295.75,4.0,20.395064792045524,20.091419392612103,18.868733371569242,18.590843333544697,19.182042582672448,18.188258070836934,19.66597632014142,19.267986036515445,20.0143808771746,19.737779353447973,1.0,1.0,1.0,1.0,1.0,1.0,1.0,1.0,1.0,1.0
296.0,1.0,0.0,0.0,0.0,0.0,0.0,0.0,0.0,0.0,0.0,0.0,0.0,0.0,0.0,0.0,0.0,0.0,0.0,0.0,0.0,0.0
296.25,2.0,20.900038101058446,19.12493276584262,18.941131136465607,17.03610967835354,16.17090913432868,16.017570817987497,15.55016308157248,17.023265964592035,17.602107178416215,17.581801185171088,1.0,1.0,1.0,1.0,1.0,1.0,1.0,1.0,1.0,1.0
296.5,3.0,0.0,0.0,0.0,0.0,0.0,0.0,0.0,0.0,0.0,0.0,0.0,0.0,0.0,0.0,0.0,0.0,0.0,0.0,0.0,0.0
296.75,4.0,0.0,0.0,0.0,0.0,0.0,0.0,0.0,0.0,0.0,0.0,0.0,0.0,0.0,0.0,0.0,0.0,0.0,0.0,0.0,0.0
297.0,1.0,20.51139210089355,23.134267477977048,23.605271308159836,23.329808780877915,23.195434161693417,21.726613761575297,20.55398066811312,19.127440726750535,18.615806581006503,18.713371931079184,1.0,1.0,1.0,1.0,1.0,1.0,1.0,1.0,1.0,1.0
297.25,2.0,20.568054553871054,18.956026403383202,19.780319686142946,17.55383040019047,16.64520689276795,15.764596038553856,16.303024505177685,17.251089130816645,17.622199465286933,18.045268946884647,1.0,1.0,1.0,1.0,1.0,1.0,1.0,1.0,1.0,1.0
297.5,3.0,0.0,0.0,0.0,0.0,0.0,0.0,0.0,0.0,0.0,0.0,0.0,0.0,0.0,0.0,0.0,0.0,0.0,0.0,0.0,0.0
297.75,4.0,21.32234525584934,21.02533522131762,20.4459833344598,19.595415021979385,20.09319302027701,19.031173235238533,19.779205671721737,20.04614843628062,20.404751525796556,19.889113859366347,1.0,1.0,1.0,1.0,1.0,1.0,1.0,1.0,1.0,1.0
298.0,1.0,22.37905620105527,24.363633860037737,23.654171149827953,22.20521632486107,21.551388411606663,21.1440675623037,19.875019469386004,19.34740774427232,19.220077269106902,20.079623274476898,1.0,1.0,1.0,1.0,1.0,1.0,1.0,1.0,1.0,1.0
298.25,2.0,0.0,0.0,0.0,0.0,0.0,0.0,0.0,0.0,0.0,0.0,0.0,0.0,0.0,0.0,0.0,0.0,0.0,0.0,0.0,0.0
298.5,3.0,17.88304596474863,16.848812617693,16.34431689407485,16.44649690987805,17.398606277607247,17.09407589541686,15.42960263087762,15.866932639641213,15.60393278078684,15.599318424009306,1.0,1.0,1.0,1.0,1.0,1.0,1.0,1.0,1.0,1.0
298.75,4.0,20.67003773818723,20.95286031250414,19.72366545431681,19.314352798784547,19.636244100108954,18.56762236923524,18.676311431727413,19.179302886727886,18.582282952830287,19.05581543685672,1.0,1.0,1.0,1.0,1.0,1.0,1.0,1.0,1.0,1.0
299.0,1.0,23.33161272748013,23.845551569535193,22.653965764064417,21.452108292407477,20.104199906032644,19.968354055156166,19.72679817325171,20.3985703886911,20.93721653752812,20.679536535675606,1.0,1.0,1.0,1.0,1.0,1.0,1.0,1.0,1.0,1.0
299.25,2.0,21.741243778017402,18.467441655912268,17.66052393060115,16.295783880520307,17.077765720082162,16.988273386227018,16.896752948001517,16.480715321034637,16.769752711467174,16.4867949153845,1.0,1.0,1.0,1.0,1.0,1.0,1.0,1.0,1.0,1.0
299.5,3.0,0.0,0.0,0.0,0.0,0.0,0.0,0.0,0.0,0.0,0.0,0.0,0.0,0.0,0.0,0.0,0.0,0.0,0.0,0.0,0.0
299.75,4.0,20.057524363715757,19.782349667663947,19.610634846478508,18.856523959463907,18.355803177492344,18.29270037643662,18.923141358830765,19.30677117731267,19.47432552948456,19.62027143393441,1.0,1.0,1.0,1.0,1.0,1.0,1.0,1.0,1.0,1.0
300.0,1.0,23.03037239574817,23.377734101076314,22.615566373443198,19.94032477437863,19.75860711785568,20.297893877365933,20.326453747569246,19.892901777478386,19.648663731121683,18.779457681376755,1.0,1.0,1.0,1.0,1.0,1.0,1.0,1.0,1.0,1.0
300.25,2.0,20.979704711320945,19.208278571067744,17.77991016238218,15.719451401981406,17.057520221360047,17.09275156899759,16.65864005721436,17.05151490415157,16.34356504031396,15.769776656374981,1.0,1.0,1.0,1.0,1.0,1.0,1.0,1.0,1.0,1.0
300.5,3.0,17.01421678973352,16.557455103308335,17.939083948809493,16.819603831524656,16.99538755605619,16.581311551267223,16.168848888787846,16.391020319716297,17.12650894357617,16.62650111326327,1.0,1.0,1.0,1.0,1.0,1.0,1.0,1.0,1.0,1.0
300.75,4.0,19.2167148818376,18.619552821096235,18.139448290721354,17.586092440967725,18.769077877061896,19.523128353827342,19.528422200774198,19.108887795233084,18.846411601176946,17.660269598858083,1.0,1.0,1.0,1.0,1.0,1.0,1.0,1.0,1.0,1.0
301.0,1.0,0.0,0.0,0.0,0.0,0.0,0.0,0.0,0.0,0.0,0.0,0.0,0.0,0.0,0.0,0.0,0.0,0.0,0.0,0.0,0.0
301.25,2.0,0.0,0.0,0.0,0.0,0.0,0.0,0.0,0.0,0.0,0.0,0.0,0.0,0.0,0.0,0.0,0.0,0.0,0.0,0.0,0.0
301.5,3.0,18.835251181161002,18.552839877415046,17.392586470477998,16.707978803505174,15.92273846403085,15.87304547786464,15.722950546282883,16.130664403827506,16.291210030876677,16.158287143121584,1.0,1.0,1.0,1.0,1.0,1.0,1.0,1.0,1.0,1.0
301.75,4.0,0.0,0.0,0.0,0.0,0.0,0.0,0.0,0.0,0.0,0.0,0.0,0.0,0.0,0.0,0.0,0.0,0.0,0.0,0.0,0.0
302.0,1.0,21.693078290188677,20.867970645209237,19.380213203573092,18.4237704701484,18.84662286768808,18.735752493115925,19.051673745216664,18.273341647349596,18.16991052780535,16.642594597605292,1.0,1.0,1.0,1.0,1.0,1.0,1.0,1.0,1.0,1.0
302.25,2.0,19.576766332598126,17.534841318702135,17.53434053585515,16.30512774169525,16.68311498668399,15.770870842403395,15.824359449801332,16.347511282431846,15.067963213425557,15.27654833915988,1.0,1.0,1.0,1.0,1.0,1.0,1.0,1.0,1.0,1.0
302.5,3.0,0.0,0.0,0.0,0.0,0.0,0.0,0.0,0.0,0.0,0.0,0.0,0.0,0.0,0.0,0.0,0.0,0.0,0.0,0.0,0.0
302.75,4.0,17.180382465142205,17.95598647157441,18.863327268255336,18.876639598483383,20.2284435291437,20.958483952055193,20.17956552958505,19.78167464724423,19.405655712436577,18.35141031556113,1.0,1.0,1.0,1.0,1.0,1.0,1.0,1.0,1.0,1.0
303.0,1.0,20.982512793612408,21.745989943295893,19.521733968241644,18.49524090903834,18.25448748466478,17.812541208657798,17.615374759034808,17.942729227698475,17.81024830204719,18.390058357542035,1.0,1.0,1.0,1.0,1.0,1.0,1.0,1.0,1.0,1.0
303.25,2.0,0.0,0.0,0.0,0.0,0.0,0.0,0.0,0.0,0.0,0.0,0.0,0.0,0.0,0.0,0.0,0.0,0.0,0.0,0.0,0.0
303.5,3.0,18.032549239980263,16.831657793440947,18.017797301148285,17.394882923005177,15.506613603074808,15.230113822565784,15.860615647861938,15.691519416845134,15.648121217498442,16.11953946442708,1.0,1.0,1.0,1.0,1.0,1.0,1.0,1.0,1.0,1.0
303.75,4.0,18.0537372096218,19.4327089175033,20.002625652306193,20.09271214835418,21.5969500760465,21.607681008595595,21.48122892571726,19.720078579817454,18.748732885853038,17.441418844859378,1.0,1.0,1.0,1.0,1.0,1.0,1.0,1.0,1.0,1.0
304.0,1.0,0.0,0.0,0.0,0.0,0.0,0.0,0.0,0.0,0.0,0.0,0.0,0.0,0.0,0.0,0.0,0.0,0.0,0.0,0.0,0.0
304.25,2.0,20.057840248395426,18.917912962874393,17.12279358782205,16.00189368553207,16.66167012504425,15.022656458244567,16.095746029500688,14.939237756310899,14.132194502274286,13.87253984853835,1.0,1.0,1.0,1.0,1.0,1.0,1.0,1.0,1.0,1.0
304.5,3.0,0.0,0.0,0.0,0.0,0.0,0.0,0.0,0.0,0.0,0.0,0.0,0.0,0.0,0.0,0.0,0.0,0.0,0.0,0.0,0.0
304.75,4.0,0.0,0.0,0.0,0.0,0.0,0.0,0.0,0.0,0.0,0.0,0.0,0.0,0.0,0.0,0.0,0.0,0.0,0.0,0.0,0.0
305.0,1.0,19.867010925240898,17.624487623882516,18.774080955705607,18.808745920699234,19.74198847107295,18.89422018433831,19.452197449072624,19.431232929678803,18.55434488272782,18.735182763439123,1.0,1.0,1.0,1.0,1.0,1.0,1.0,1.0,1.0,1.0
305.25,2.0,20.49191123812943,18.284624293692897,17.568454594273824,16.773433219657992,16.84481317679604,15.936230309248545,15.785672007740393,14.743477869749226,14.468431795640823,14.771551846034896,1.0,1.0,1.0,1.0,1.0,1.0,1.0,1.0,1.0,1.0
305.5,3.0,0.0,0.0,0.0,0.0,0.0,0.0,0.0,0.0,0.0,0.0,0.0,0.0,0.0,0.0,0.0,0.0,0.0,0.0,0.0,0.0
305.75,4.0,20.188937531661143,20.11440102856538,19.4423764470245,20.445605584283843,19.571192704345155,18.556807520451432,17.88623149963908,17.014741437737005,17.85165703300404,17.658227093637535,1.0,1.0,1.0,1.0,1.0,1.0,1.0,1.0,1.0,1.0
306.0,1.0,19.53016945388709,17.86560562047962,18.12833990544257,18.544580280607573,18.881030247726052,18.235326749835984,18.066652309019474,18.169957367056796,17.610756338096,18.175489619879528,1.0,1.0,1.0,1.0,1.0,1.0,1.0,1.0,1.0,1.0
306.25,2.0,0.0,0.0,0.0,0.0,0.0,0.0,0.0,0.0,0.0,0.0,0.0,0.0,0.0,0.0,0.0,0.0,0.0,0.0,0.0,0.0
306.5,3.0,17.58222432832873,17.009726069248746,17.264656966489103,16.698288233301355,17.03721778284461,16.15589952390912,16.696228146762163,15.739649407117863,15.631071907450004,14.258291040325998,1.0,1.0,1.0,1.0,1.0,1.0,1.0,1.0,1.0,1.0
306.75,4.0,18.1740569709239,18.38427014216388,19.183744951688873,19.804750503502596,17.893769288902835,17.447156654617558,17.687897304956213,17.961500563709194,18.16936733120593,17.718312446803054,1.0,1.0,1.0,1.0,1.0,1.0,1.0,1.0,1.0,1.0
307.0,1.0,18.259324675864608,17.9032741412752,17.44604949737764,18.612434790067116,18.32277806825222,17.650126464487133,17.661363776899602,17.848565463985636,17.55467476902981,18.17298735042741,1.0,1.0,1.0,1.0,1.0,1.0,1.0,1.0,1.0,1.0
307.25,2.0,17.801848919757667,15.19230508071326,15.619051593269,15.522601187706831,14.549153668650296,13.585596565331286,13.909531050481835,13.339101761678881,13.443206597448881,12.835178994253152,1.0,1.0,1.0,1.0,1.0,1.0,1.0,1.0,1.0,1.0
307.5,3.0,0.0,0.0,0.0,0.0,0.0,0.0,0.0,0.0,0.0,0.0,0.0,0.0,0.0,0.0,0.0,0.0,0.0,0.0,0.0,0.0
307.75,4.0,18.37030741862861,18.938237334155644,20.064936792358974,19.695770650523116,18.40209617242486,18.15299272708653,18.59815008554258,17.81295384005785,18.25997320420327,17.644814124017678,1.0,1.0,1.0,1.0,1.0,1.0,1.0,1.0,1.0,1.0
308.0,1.0,18.007995183535513,18.236689258868193,18.23418071213442,17.489693228554145,16.967405951669544,16.624503908748075,17.177470996892488,17.203398001063263,17.288512008644386,18.077717937862758,1.0,1.0,1.0,1.0,1.0,1.0,1.0,1.0,1.0,1.0
308.25,2.0,0.0,0.0,0.0,0.0,0.0,0.0,0.0,0.0,0.0,0.0,0.0,0.0,0.0,0.0,0.0,0.0,0.0,0.0,0.0,0.0
308.5,3.0,18.829674708076258,17.767246188833024,17.49597427805323,16.824479179726957,16.529214798590008,15.979521912914898,16.21550891175814,15.066432234223473,15.556310547223541,13.944774325794373,1.0,1.0,1.0,1.0,1.0,1.0,1.0,1.0,1.0,1.0
308.75,4.0,19.91115725861611,19.80679847262241,19.261427801165922,18.814035179474278,18.66161947397068,18.518863236454223,18.806096149880826,18.634127999774353,18.71996483156907,18.28084944539234,1.0,1.0,1.0,1.0,1.0,1.0,1.0,1.0,1.0,1.0
309.0,1.0,0.0,0.0,0.0,0.0,0.0,0.0,0.0,0.0,0.0,0.0,0.0,0.0,0.0,0.0,0.0,0.0,0.0,0.0,0.0,0.0
309.25,2.0,0.0,0.0,0.0,0.0,0.0,0.0,0.0,0.0,0.0,0.0,0.0,0.0,0.0,0.0,0.0,0.0,0.0,0.0,0.0,0.0
309.5,3.0,19.07332209118662,18.17365253790945,17.403013946926986,18.286258295798504,18.387130834397453,17.666682164576073,16.902719099223955,15.235872126328074,15.318203510218908,13.833743628800141,1.0,1.0,1.0,1.0,1.0,1.0,1.0,1.0,1.0,1.0
309.75,4.0,0.0,0.0,0.0,0.0,0.0,0.0,0.0,0.0,0.0,0.0,0.0,0.0,0.0,0.0,0.0,0.0,0.0,0.0,0.0,0.0
310.0,1.0,17.322636056679233,16.310782853796034,14.933618200383481,15.517026312274126,16.295173120382387,15.84488546713495,16.344146858422818,15.646951664504558,14.955467500861616,14.66272605318794,1.0,1.0,1.0,1.0,1.0,1.0,1.0,1.0,1.0,1.0
310.25,2.0,17.60964526524947,16.117498318195377,14.850751471516615,13.061539006904212,13.295549675388498,13.254809408592243,14.624823040187334,14.37625590998066,14.312787413275498,13.788592902186037,1.0,1.0,1.0,1.0,1.0,1.0,1.0,1.0,1.0,1.0
310.5,3.0,0.0,0.0,0.0,0.0,0.0,0.0,0.0,0.0,0.0,0.0,0.0,0.0,0.0,0.0,0.0,0.0,0.0,0.0,0.0,0.0
310.75,4.0,20.41676477388681,18.990334186487267,17.029466288935254,18.766882260043637,19.545954630904173,19.75520864866691,19.894072922321204,18.760009672750027,17.875539948108507,16.822342186045198,1.0,1.0,1.0,1.0,1.0,1.0,1.0,1.0,1.0,1.0
311.0,1.0,17.51545133543099,16.3857962239326,14.659978045542365,14.688993419442385,15.194986331826739,15.852715494482657,16.085990799499022,15.490776963544082,15.251866664517294,14.749453305444701,1.0,1.0,1.0,1.0,1.0,1.0,1.0,1.0,1.0,1.0
311.25,2.0,0.0,0.0,0.0,0.0,0.0,0.0,0.0,0.0,0.0,0.0,0.0,0.0,0.0,0.0,0.0,0.0,0.0,0.0,0.0,0.0
311.5,3.0,18.268128978093035,17.745685104479502,18.088606209025567,17.670958913374335,16.374395467150162,16.24467461204327,16.26899368332056,14.270851458993741,14.211650097512848,13.586179596598372,1.0,1.0,1.0,1.0,1.0,1.0,1.0,1.0,1.0,1.0
311.75,4.0,18.78600423150467,16.784067354649448,17.016955587820544,17.921472428174578,18.45502380427277,19.23891630238822,18.857286183783277,18.404427440737958,17.6157723392776,16.553548804860707,1.0,1.0,1.0,1.0,1.0,1.0,1.0,1.0,1.0,1.0
312.0,1.0,0.0,0.0,0.0,0.0,0.0,0.0,0.0,0.0,0.0,0.0,0.0,0.0,0.0,0.0,0.0,0.0,0.0,0.0,0.0,0.0
312.25,2.0,14.698237798317011,14.075917361318787,12.840010673009974,12.917659247709427,13.832166531329374,13.853848665948899,13.69410908252234,14.45995976293954,14.4910938443674,14.011397116720277,1.0,1.0,1.0,1.0,1.0,1.0,1.0,1.0,1.0,1.0
312.5,3.0,0.0,0.0,0.0,0.0,0.0,0.0,0.0,0.0,0.0,0.0,0.0,0.0,0.0,0.0,0.0,0.0,0.0,0.0,0.0,0.0
312.75,4.0,0.0,0.0,0.0,0.0,0.0,0.0,0.0,0.0,0.0,0.0,0.0,0.0,0.0,0.0,0.0,0.0,0.0,0.0,0.0,0.0
313.0,1.0,16.43962468347182,15.218823209864007,13.23381172660702,14.090907599388993,15.118030752791825,15.763351427015836,16.5483262721855,16.061494475073196,15.490990865982985,16.351969579189056,1.0,1.0,1.0,1.0,1.0,1.0,1.0,1.0,1.0,1.0
313.25,2.0,14.368129406039708,13.06344461438003,13.04336739043003,13.492126444587914,14.167970571710063,14.934934051903538,14.88648832699191,14.849841737287717,13.982830115159317,13.284441861135877,1.0,1.0,1.0,1.0,1.0,1.0,1.0,1.0,1.0,1.0
313.5,3.0,0.0,0.0,0.0,0.0,0.0,0.0,0.0,0.0,0.0,0.0,0.0,0.0,0.0,0.0,0.0,0.0,0.0,0.0,0.0,0.0
313.75,4.0,17.11768504744506,16.627941816740744,15.603526899764637,16.076666860291144,16.401043283715378,17.051636676437333,17.1383724780669,16.379655476158877,15.78322002513929,15.25681628711933,1.0,1.0,1.0,1.0,1.0,1.0,1.0,1.0,1.0,1.0
314.0,1.0,15.550745563043039,14.718762947023713,13.204331813289919,14.084759967856398,14.805050994521425,15.899521552863689,16.54558113495629,16.0706213179747,15.217574297372396,15.304447568960855,1.0,1.0,1.0,1.0,1.0,1.0,1.0,1.0,1.0,1.0
314.25,2.0,0.0,0.0,0.0,0.0,0.0,0.0,0.0,0.0,0.0,0.0,0.0,0.0,0.0,0.0,0.0,0.0,0.0,0.0,0.0,0.0
314.5,3.0,18.08188824102696,18.428421981864478,18.932531816684286,17.170615606879753,14.851017501083986,15.178307633306225,15.132809110456373,15.340272302608664,14.292616747164757,13.435394701862943,1.0,1.0,1.0,1.0,1.0,1.0,1.0,1.0,1.0,1.0
314.75,4.0,16.346329593499462,16.520430984779537,14.821413888393844,15.7078814125641,16.15992270722454,16.725614641957478,17.052781408305894,15.372042221438626,15.383159261523712,15.49186430506032,1.0,1.0,1.0,1.0,1.0,1.0,1.0,1.0,1.0,1.0
315.0,1.0,15.069585795568656,14.88921558396014,13.39195330914275,14.49438206186862,15.4718891745068,15.586717997094109,16.049115797781628,14.238942442848888,14.104584707586625,14.157350110683002,1.0,1.0,1.0,1.0,1.0,1.0,1.0,1.0,1.0,1.0
315.25,2.0,14.918891264286314,13.650003113667806,14.577042948067604,15.452328652147845,13.67246105920935,13.178973317343296,12.977949978211532,11.6207043074615,11.86268630977863,12.529290947877382,1.0,1.0,1.0,1.0,1.0,1.0,1.0,1.0,1.0,1.0
315.5,3.0,0.0,0.0,0.0,0.0,0.0,0.0,0.0,0.0,0.0,0.0,0.0,0.0,0.0,0.0,0.0,0.0,0.0,0.0,0.0,0.0
315.75,4.0,16.07254186384067,16.158904596416285,14.790341411573893,14.735429982092782,14.906416851823085,15.48477442314341,15.508312988226045,15.399958661222362,14.996470713431632,15.518593368660115,1.0,1.0,1.0,1.0,1.0,1.0,1.0,1.0,1.0,1.0
316.0,1.0,15.328376488292832,13.670047722144384,13.580572942022556,15.557830235017855,16.698543701845434,15.387655929513311,15.063923136995994,13.884693544842632,14.059449471240237,14.303578825809605,1.0,1.0,1.0,1.0,1.0,1.0,1.0,1.0,1.0,1.0
316.25,2.0,0.0,0.0,0.0,0.0,0.0,0.0,0.0,0.0,0.0,0.0,0.0,0.0,0.0,0.0,0.0,0.0,0.0,0.0,0.0,0.0
316.5,3.0,18.15680976302367,17.558216810556182,17.481822069571685,14.81776145520508,14.860106862691165,15.267970695006612,15.38628734091109,14.197653032933177,13.657061928058365,13.45888050587874,1.0,1.0,1.0,1.0,1.0,1.0,1.0,1.0,1.0,1.0
316.75,4.0,15.237186029204068,14.98973583396579,14.567922382472297,15.537682664754172,13.418845751790544,14.304780459872658,14.904820204930994,15.050428560916204,14.908113107622897,15.295374724290147,1.0,1.0,1.0,1.0,1.0,1.0,1.0,1.0,1.0,1.0
317.0,1.0,0.0,0.0,0.0,0.0,0.0,0.0,0.0,0.0,0.0,0.0,0.0,0.0,0.0,0.0,0.0,0.0,0.0,0.0,0.0,0.0
317.25,2.0,0.0,0.0,0.0,0.0,0.0,0.0,0.0,0.0,0.0,0.0,0.0,0.0,0.0,0.0,0.0,0.0,0.0,0.0,0.0,0.0
317.5,3.0,17.58025560640772,17.17325954744118,16.213582642624424,15.298916109613101,15.811288712745249,15.75290017209759,16.92468690217435,15.131377990252865,15.903572670607929,15.093123001105356,1.0,1.0,1.0,1.0,1.0,1.0,1.0,1.0,1.0,1.0
317.75,4.0,0.0,0.0,0.0,0.0,0.0,0.0,0.0,0.0,0.0,0.0,0.0,0.0,0.0,0.0,0.0,0.0,0.0,0.0,0.0,0.0
318.0,1.0,14.232421909385952,15.742414291035251,16.079774437902305,16.74585615290969,14.937829410223564,14.468978376033258,14.382265748218543,14.587953746054332,15.803977287468237,16.20995941105915,1.0,1.0,1.0,1.0,1.0,1.0,1.0,1.0,1.0,1.0
318.25,2.0,14.769599373230362,13.610616683946228,13.559742407977792,13.606106446432646,11.25590525470566,11.851285719292544,12.236904944806078,10.60343640938762,10.55724399505657,10.958997815184926,1.0,1.0,1.0,1.0,1.0,1.0,1.0,1.0,1.0,1.0
318.5,3.0,0.0,0.0,0.0,0.0,0.0,0.0,0.0,0.0,0.0,0.0,0.0,0.0,0.0,0.0,0.0,0.0,0.0,0.0,0.0,0.0
318.75,4.0,15.135643961353129,14.698803789610789,15.096020168200734,15.803621075472433,13.789070784984222,15.453048264521048,17.245550902762886,17.31809586864863,17.26946346211139,17.22449801146413,1.0,1.0,1.0,1.0,1.0,1.0,1.0,1.0,1.0,1.0
319.0,1.0,14.61987254892995,17.504452147751234,17.440615963813126,17.38546008162216,16.59874300476385,16.35124572424855,16.579077182221145,16.713519081557333,16.830921331056707,17.390042679649266,1.0,1.0,1.0,1.0,1.0,1.0,1.0,1.0,1.0,1.0
319.25,2.0,0.0,0.0,0.0,0.0,0.0,0.0,0.0,0.0,0.0,0.0,0.0,0.0,0.0,0.0,0.0,0.0,0.0,0.0,0.0,0.0
319.5,3.0,16.96801999125376,17.358967903415575,17.106839715627107,16.167577770264433,15.287085274360823,16.54712835212594,18.03244840167693,16.778880333551584,16.48368662319373,15.603560351455394,1.0,1.0,1.0,1.0,1.0,1.0,1.0,1.0,1.0,1.0
319.75,4.0,15.589119445213738,16.534517738210194,15.378090265674967,15.645704940172234,14.341245564405744,15.816963059498892,17.054094481362743,17.345748001772453,17.451757956962098,17.039682611053895,1.0,1.0,1.0,1.0,1.0,1.0,1.0,1.0,1.0,1.0
320.0,1.0,0.0,0.0,0.0,0.0,0.0,0.0,0.0,0.0,0.0,0.0,0.0,0.0,0.0,0.0,0.0,0.0,0.0,0.0,0.0,0.0
320.25,2.0,14.408420774293706,14.464373946878911,13.927949674508106,13.855813014409833,13.215521700108138,13.043451058616848,13.127548688154882,12.239701460493723,12.681495530869967,12.888925724720437,1.0,1.0,1.0,1.0,1.0,1.0,1.0,1.0,1.0,1.0
320.5,3.0,0.0,0.0,0.0,0.0,0.0,0.0,0.0,0.0,0.0,0.0,0.0,0.0,0.0,0.0,0.0,0.0,0.0,0.0,0.0,0.0
320.75,4.0,0.0,0.0,0.0,0.0,0.0,0.0,0.0,0.0,0.0,0.0,0.0,0.0,0.0,0.0,0.0,0.0,0.0,0.0,0.0,0.0
321.0,1.0,15.400010416077762,17.372474974341554,17.012642143382394,16.303472532041134,16.978203135269087,17.488465480819926,18.080239432356937,17.954733169724225,17.16588682640869,17.378885379312454,1.0,1.0,1.0,1.0,1.0,1.0,1.0,1.0,1.0,1.0
321.25,2.0,13.994129491560033,14.043237099261951,14.792692312399284,14.554842304565392,13.663046682148424,14.034527137852162,15.245961199610216,14.551042508067386,14.590974796612912,13.832121620412138,1.0,1.0,1.0,1.0,1.0,1.0,1.0,1.0,1.0,1.0
321.5,3.0,17.199648853227735,17.525771140646775,16.82231762286503,16.719363403625273,18.04281703278989,18.238971196207032,18.41950111094469,17.806132593420575,16.697480236218585,16.410151852224434,1.0,1.0,1.0,1.0,1.0,1.0,1.0,1.0,1.0,1.0
321.75,4.0,16.155887845548406,17.453997309471305,15.558521173602939,15.324927091833045,14.451162409371008,15.805024355449444,17.659117602909006,17.552730719024556,18.340349600021174,16.86708667873955,1.0,1.0,1.0,1.0,1.0,1.0,1.0,1.0,1.0,1.0
322.0,1.0,14.824113589391438,16.116794213130092,16.84814223163371,17.80716154435004,17.224925457140245,17.190337112923444,17.872478743365402,17.74201527741766,17.522197124438815,17.351758210196863,1.0,1.0,1.0,1.0,1.0,1.0,1.0,1.0,1.0,1.0
322.25,2.0,0.0,0.0,0.0,0.0,0.0,0.0,0.0,0.0,0.0,0.0,0.0,0.0,0.0,0.0,0.0,0.0,0.0,0.0,0.0,0.0
322.5,3.0,16.592421729691317,17.664444441665925,16.620185553332615,16.295650306422036,16.402627610297323,17.183191918134426,18.172446090791638,17.514403921848366,17.033928852311305,16.864517348543902,1.0,1.0,1.0,1.0,1.0,1.0,1.0,1.0,1.0,1.0
322.75,4.0,16.529111556032667,17.492525622579457,15.804323106322375,16.05779304073006,15.555980602048756,16.185883422203442,17.749516949269502,17.204974251922582,17.697258715431694,16.49524709443362,1.0,1.0,1.0,1.0,1.0,1.0,1.0,1.0,1.0,1.0
323.0,1.0,15.023339415676288,14.668200411871913,16.346145008580816,17.668362269217468,18.258178210345214,17.135824604331805,17.461774054816658,17.3910835312138,18.109777377969966,17.265526970802235,1.0,1.0,1.0,1.0,1.0,1.0,1.0,1.0,1.0,1.0
323.25,2.0,15.165801470769173,13.762957026167493,14.568946625962472,14.49237906474964,14.205233402846552,14.219741130024108,15.013791145568021,14.552437621429275,14.165472197614278,13.481497361378167,1.0,1.0,1.0,1.0,1.0,1.0,1.0,1.0,1.0,1.0
323.5,3.0,0.0,0.0,0.0,0.0,0.0,0.0,0.0,0.0,0.0,0.0,0.0,0.0,0.0,0.0,0.0,0.0,0.0,0.0,0.0,0.0
323.75,4.0,17.15853600467202,17.31434235638551,15.480621955539528,15.132596046475193,16.918880111893806,16.640509138695577,17.679059134471554,17.489493994430276,16.428749150192925,14.882746979883255,1.0,1.0,1.0,1.0,1.0,1.0,1.0,1.0,1.0,1.0
324.0,1.0,14.789813327162628,14.586962288729666,16.937097622557854,18.363740574111446,18.796618343688493,17.58311695895049,18.124140905513546,17.225346664764192,17.687370326531422,16.245489707563827,1.0,1.0,1.0,1.0,1.0,1.0,1.0,1.0,1.0,1.0
324.25,2.0,0.0,0.0,0.0,0.0,0.0,0.0,0.0,0.0,0.0,0.0,0.0,0.0,0.0,0.0,0.0,0.0,0.0,0.0,0.0,0.0
324.5,3.0,14.94395287252946,15.092771592567717,16.298213933258594,15.44715915188161,15.132390711494047,15.246370476614246,15.264928871380887,15.715399715180899,15.539863975024636,16.44118006824524,1.0,1.0,1.0,1.0,1.0,1.0,1.0,1.0,1.0,1.0
324.75,4.0,16.836969187310256,15.83168279670676,14.75036167020553,14.916506606243672,17.51608522686302,16.706768414843147,17.522743602521615,17.40630873558376,16.25209262279131,16.090225199561843,1.0,1.0,1.0,1.0,1.0,1.0,1.0,1.0,1.0,1.0
325.0,1.0,0.0,0.0,0.0,0.0,0.0,0.0,0.0,0.0,0.0,0.0,0.0,0.0,0.0,0.0,0.0,0.0,0.0,0.0,0.0,0.0
325.25,2.0,14.086296585362648,14.357203982097852,14.210035343943844,15.20944444220628,13.759554177018325,13.119537858603293,15.010442185905584,14.335229750812436,14.470339133073823,15.078055657113541,1.0,1.0,1.0,1.0,1.0,1.0,1.0,1.0,1.0,1.0
325.5,3.0,14.63898144965655,15.400360555075812,15.42277421570658,15.767136325105687,15.689522633607941,15.36846675976881,15.894419660704271,15.615502868192326,15.325079482582312,15.381429398255152,1.0,1.0,1.0,1.0,1.0,1.0,1.0,1.0,1.0,1.0
325.75,4.0,0.0,0.0,0.0,0.0,0.0,0.0,0.0,0.0,0.0,0.0,0.0,0.0,0.0,0.0,0.0,0.0,0.0,0.0,0.0,0.0
326.0,1.0,15.355091544149797,17.02325481430238,18.370089351933903,17.46879253708426,17.465909313345193,16.74258682794348,17.790768920583027,17.340448904518112,17.659753479533286,17.649987077272318,1.0,1.0,1.0,1.0,1.0,1.0,1.0,1.0,1.0,1.0
326.25,2.0,14.941113772060854,14.63490603241213,15.106098585965396,14.343798748697631,13.990423157028133,13.542805381001118,14.801615497199347,15.800239731225773,14.881552628498245,15.17048688666986,1.0,1.0,1.0,1.0,1.0,1.0,1.0,1.0,1.0,1.0
326.5,3.0,0.0,0.0,0.0,0.0,0.0,0.0,0.0,0.0,0.0,0.0,0.0,0.0,0.0,0.0,0.0,0.0,0.0,0.0,0.0,0.0
326.75,4.0,15.405457726864823,15.094377501776238,15.632899700058903,16.572027686448024,17.247183093657014,16.340899360724304,17.410743024930987,16.059030766335315,14.982581430425402,15.06182645757337,1.0,1.0,1.0,1.0,1.0,1.0,1.0,1.0,1.0,1.0
327.0,1.0,15.78276063492661,17.717176763908622,17.006650824698774,17.422493920102468,17.504196549782392,16.84385094271404,17.731648892305483,17.565361105079234,17.475527335711575,18.250641179254206,1.0,1.0,1.0,1.0,1.0,1.0,1.0,1.0,1.0,1.0
327.25,2.0,0.0,0.0,0.0,0.0,0.0,0.0,0.0,0.0,0.0,0.0,0.0,0.0,0.0,0.0,0.0,0.0,0.0,0.0,0.0,0.0
327.5,3.0,13.149961215888748,13.925544703982423,14.19281143161971,14.54347259872663,14.650675537158559,14.621412271620185,15.2582381762892,13.561503542716105,13.121093042576998,13.449304003746509,1.0,1.0,1.0,1.0,1.0,1.0,1.0,1.0,1.0,1.0
327.75,4.0,14.334194744681522,14.072249482283626,16.70195598903879,18.280622834799377,18.31389091056812,16.927699265451096,17.359627341870105,16.296674249399146,15.342554566114357,15.061210206620652,1.0,1.0,1.0,1.0,1.0,1.0,1.0,1.0,1.0,1.0
328.0,1.0,16.18246019835011,16.76196080599822,16.437558497220756,16.707040894718535,16.738591949277954,16.328213747462407,17.086148934226422,17.515693416777783,17.937741938259983,18.460659720798176,1.0,1.0,1.0,1.0,1.0,1.0,1.0,1.0,1.0,1.0
328.25,2.0,15.384527779547259,15.15607847062522,14.013706189696375,14.63182983850947,15.41685417370629,15.525989898545731,16.61855365484413,16.03546126083793,15.15977335677335,14.302168032901418,1.0,1.0,1.0,1.0,1.0,1.0,1.0,1.0,1.0,1.0
328.5,3.0,0.0,0.0,0.0,0.0,0.0,0.0,0.0,0.0,0.0,0.0,0.0,0.0,0.0,0.0,0.0,0.0,0.0,0.0,0.0,0.0
328.75,4.0,0.0,0.0,0.0,0.0,0.0,0.0,0.0,0.0,0.0,0.0,0.0,0.0,0.0,0.0,0.0,0.0,0.0,0.0,0.0,0.0
329.0,1.0,15.475824892527775,15.713370522857167,16.347824878654123,15.504728689135243,15.543638105612898,15.883758444801309,16.497870072485647,17.317793934937384,18.01786341722973,18.675871210323155,1.0,1.0,1.0,1.0,1.0,1.0,1.0,1.0,1.0,1.0
329.25,2.0,16.095116162081474,14.436048462471483,14.56883699074849,15.298530831834308,16.15772006484694,16.67052368737068,17.409329506624015,16.677434409356188,15.710775401417793,15.170072403171702,1.0,1.0,1.0,1.0,1.0,1.0,1.0,1.0,1.0,1.0
329.5,3.0,13.78765907051699,14.789443604834881,15.21411882572279,15.030049942174575,12.77155691240245,13.328123496577373,14.67948216337443,14.668380247618156,14.949258600696146,15.595638045663646,1.0,1.0,1.0,1.0,1.0,1.0,1.0,1.0,1.0,1.0
329.75,4.0,15.874490548293823,15.76353388872838,18.367218026936605,17.84613740022885,17.063827745869485,16.52037324624047,15.844391984724757,15.355377810777934,14.622014397324982,14.399317259397886,1.0,1.0,1.0,1.0,1.0,1.0,1.0,1.0,1.0,1.0
330.0,1.0,0.0,0.0,0.0,0.0,0.0,0.0,0.0,0.0,0.0,0.0,0.0,0.0,0.0,0.0,0.0,0.0,0.0,0.0,0.0,0.0
330.25,2.0,0.0,0.0,0.0,0.0,0.0,0.0,0.0,0.0,0.0,0.0,0.0,0.0,0.0,0.0,0.0,0.0,0.0,0.0,0.0,0.0
330.5,3.0,15.016004583293125,15.785237970390645,15.876417933318995,15.443663914218439,13.864762757956578,14.772842662775217,16.650267101841713,16.51558408358703,16.330775295787642,15.485987101843357,1.0,1.0,1.0,1.0,1.0,1.0,1.0,1.0,1.0,1.0
330.75,4.0,16.122222624161758,17.243130585533027,18.658806535968388,17.261950458319784,17.922547140317892,16.95937180031142,15.781527852656788,14.71449208367174,15.03157161531596,14.843269320507197,1.0,1.0,1.0,1.0,1.0,1.0,1.0,1.0,1.0,1.0
331.0,1.0,15.571638491143002,16.718448829744712,17.655089572001923,18.147485850355757,18.590646405926577,17.91892467994309,18.379233045724057,17.21878640836712,17.899609373603884,19.15276831884726,1.0,1.0,1.0,1.0,1.0,1.0,1.0,1.0,1.0,1.0
331.25,2.0,14.376784202023375,14.407254428249749,15.592506015149812,15.7778145419739,16.01418226331187,15.951279484189122,16.502506847569784,16.95850377370494,17.016075218909222,15.774462554973146,1.0,1.0,1.0,1.0,1.0,1.0,1.0,1.0,1.0,1.0
331.5,3.0,0.0,0.0,0.0,0.0,0.0,0.0,0.0,0.0,0.0,0.0,0.0,0.0,0.0,0.0,0.0,0.0,0.0,0.0,0.0,0.0
331.75,4.0,16.550305666762203,18.069348994121846,18.539831757331253,16.9490899611175,17.1707568303419,17.27436211019053,15.966049444564291,15.702761258094801,15.400309507029796,15.215605910838937,1.0,1.0,1.0,1.0,1.0,1.0,1.0,1.0,1.0,1.0
332.0,1.0,17.93061817366565,17.14246530877318,17.46301955736193,18.610066573704106,19.514959348090926,18.96482591246929,19.262113149592274,17.927165405754,18.54902116281015,19.412913473695596,1.0,1.0,1.0,1.0,1.0,1.0,1.0,1.0,1.0,1.0
332.25,2.0,0.0,0.0,0.0,0.0,0.0,0.0,0.0,0.0,0.0,0.0,0.0,0.0,0.0,0.0,0.0,0.0,0.0,0.0,0.0,0.0
332.5,3.0,15.514937978006987,17.86909795639895,16.3082305870839,15.868850084767553,14.985508969979001,15.503478944285195,15.664752979559573,15.357598191321065,14.151714041285413,13.498612882623465,1.0,1.0,1.0,1.0,1.0,1.0,1.0,1.0,1.0,1.0
332.75,4.0,16.562913202644026,17.740983735360995,17.993746278579046,16.483138546379024,16.72512275285286,17.609345840304545,16.833202623475024,16.861782577144826,16.26116285265512,15.943617079742317,1.0,1.0,1.0,1.0,1.0,1.0,1.0,1.0,1.0,1.0
333.0,1.0,0.0,0.0,0.0,0.0,0.0,0.0,0.0,0.0,0.0,0.0,0.0,0.0,0.0,0.0,0.0,0.0,0.0,0.0,0.0,0.0
333.25,2.0,15.403956570993715,16.098399908247163,16.157091307491715,16.059485419959252,15.198871593301925,15.227649218267135,16.46861213974555,16.70188945061337,17.136717926133958,17.162646716264053,1.0,1.0,1.0,1.0,1.0,1.0,1.0,1.0,1.0,1.0
333.5,3.0,16.139232956093537,17.739393458732764,17.46300879787412,16.242468684741713,15.435516460348177,14.758804862222945,14.923042268088548,14.106781928636487,13.52602547603641,13.67929295931643,1.0,1.0,1.0,1.0,1.0,1.0,1.0,1.0,1.0,1.0
333.75,4.0,0.0,0.0,0.0,0.0,0.0,0.0,0.0,0.0,0.0,0.0,0.0,0.0,0.0,0.0,0.0,0.0,0.0,0.0,0.0,0.0
334.0,1.0,17.897170106156413,17.031659137840833,16.75267374083762,17.238888967169245,18.314936990913385,18.24022289835389,18.798549280130004,18.370344156230306,18.90336991812759,18.909314152735345,1.0,1.0,1.0,1.0,1.0,1.0,1.0,1.0,1.0,1.0
334.25,2.0,15.991274364038578,16.621318603532337,16.953564812246313,16.742197033135913,16.50928221617951,16.844819887587107,17.78811959142336,17.847385516794375,17.91909797794868,17.603543413233982,1.0,1.0,1.0,1.0,1.0,1.0,1.0,1.0,1.0,1.0
334.5,3.0,0.0,0.0,0.0,0.0,0.0,0.0,0.0,0.0,0.0,0.0,0.0,0.0,0.0,0.0,0.0,0.0,0.0,0.0,0.0,0.0
334.75,4.0,17.230447494513776,17.08427770301556,17.35977315448824,16.575279074079585,15.800419462420464,17.35218108591689,16.530941680903968,16.870348679940037,17.77170381417765,18.1494129269103,1.0,1.0,1.0,1.0,1.0,1.0,1.0,1.0,1.0,1.0
335.0,1.0,17.819080599176075,16.592076052521854,16.79473338971717,16.223940831597936,18.784195601643084,19.14387223286436,19.67820802079747,18.305829868151733,19.330895499070806,19.0166437721254,1.0,1.0,1.0,1.0,1.0,1.0,1.0,1.0,1.0,1.0
335.25,2.0,0.0,0.0,0.0,0.0,0.0,0.0,0.0,0.0,0.0,0.0,0.0,0.0,0.0,0.0,0.0,0.0,0.0,0.0,0.0,0.0
335.5,3.0,16.521599011141856,17.676147612987034,16.347076895363585,15.40746048762117,13.876371553067736,13.59367779673439,13.887680576633239,14.369985940267155,15.328179937264318,15.182263798798683,1.0,1.0,1.0,1.0,1.0,1.0,1.0,1.0,1.0,1.0
335.75,4.0,16.87589893969546,16.437970147729345,18.24416629098735,17.344119755464458,16.32942519420878,17.63922005594057,18.334780500714007,18.66019638948282,18.527669892686355,18.849810310273085,1.0,1.0,1.0,1.0,1.0,1.0,1.0,1.0,1.0,1.0
336.0,1.0,18.067730461027672,16.744535724342757,16.165884213255378,16.661837132097176,18.90676143799824,19.090753162329147,20.049413629394202,19.103565699231037,19.6873154886305,19.25838086284527,1.0,1.0,1.0,1.0,1.0,1.0,1.0,1.0,1.0,1.0
336.25,2.0,13.902675918547592,16.40450029116614,16.775642901281927,18.517409444822587,17.399415419864635,17.344638123608227,16.71451852207006,17.520746356791463,17.462328808220015,17.58847501164474,1.0,1.0,1.0,1.0,1.0,1.0,1.0,1.0,1.0,1.0
336.5,3.0,0.0,0.0,0.0,0.0,0.0,0.0,0.0,0.0,0.0,0.0,0.0,0.0,0.0,0.0,0.0,0.0,0.0,0.0,0.0,0.0
336.75,4.0,17.385879270173344,16.874547919947673,18.207458781874763,17.375118249881513,18.061274538428382,18.647054973286963,18.08851518180737,18.41261473672542,16.86738827028247,16.785107130907804,1.0,1.0,1.0,1.0,1.0,1.0,1.0,1.0,1.0,1.0
337.0,1.0,15.762754358687799,14.91881278753274,17.38427476415834,18.57279029198982,19.113334158738482,19.73224151664877,20.1197737253919,18.95538187795034,19.34715864102322,18.990981163914814,1.0,1.0,1.0,1.0,1.0,1.0,1.0,1.0,1.0,1.0
337.25,2.0,15.192989974741561,16.91391252820204,16.593184823058188,17.160601439963376,16.143008841626443,16.583662707809886,16.927495066588946,16.515264382998723,16.36677547398604,17.319056148947308,1.0,1.0,1.0,1.0,1.0,1.0,1.0,1.0,1.0,1.0
337.5,3.0,17.161194362379014,17.222077712227133,16.271449166196106,16.22214594654935,15.378149670583252,15.393286835089539,17.04845648433161,16.903813198708153,17.904530583383057,17.458510648541715,1.0,1.0,1.0,1.0,1.0,1.0,1.0,1.0,1.0,1.0
337.75,4.0,17.758048599773925,17.814383466851087,19.47526108035386,19.22957411455586,18.74569817284918,17.828229860017018,17.095444476436224,16.783824336227617,15.76707709608685,15.898636409985743,1.0,1.0,1.0,1.0,1.0,1.0,1.0,1.0,1.0,1.0
338.0,1.0,0.0,0.0,0.0,0.0,0.0,0.0,0.0,0.0,0.0,0.0,0.0,0.0,0.0,0.0,0.0,0.0,0.0,0.0,0.0,0.0
338.25,2.0,0.0,0.0,0.0,0.0,0.0,0.0,0.0,0.0,0.0,0.0,0.0,0.0,0.0,0.0,0.0,0.0,0.0,0.0,0.0,0.0
338.5,3.0,16.835593632629145,17.1445061786004,16.97680181642856,16.031568802253457,17.049138353738613,17.02586329741975,18.09934954251055,18.45394047062996,18.48921222753776,17.306497878597902,1.0,1.0,1.0,1.0,1.0,1.0,1.0,1.0,1.0,1.0
338.75,4.0,0.0,0.0,0.0,0.0,0.0,0.0,0.0,0.0,0.0,0.0,0.0,0.0,0.0,0.0,0.0,0.0,0.0,0.0,0.0,0.0
339.0,1.0,16.909942971502918,16.274011509264355,17.823195483407538,18.304271728689997,18.333924293413954,18.325024558643022,19.000753211950812,18.891819602903958,19.869708913109772,19.568775623447568,1.0,1.0,1.0,1.0,1.0,1.0,1.0,1.0,1.0,1.0
339.25,2.0,14.870460316116555,18.02914278088062,18.347777381178236,16.777259772970574,15.357217054385899,14.883678668364864,15.967491922197867,15.92404632254376,16.459484176914962,16.69546535942093,1.0,1.0,1.0,1.0,1.0,1.0,1.0,1.0,1.0,1.0
339.5,3.0,0.0,0.0,0.0,0.0,0.0,0.0,0.0,0.0,0.0,0.0,0.0,0.0,0.0,0.0,0.0,0.0,0.0,0.0,0.0,0.0
339.75,4.0,18.811491885785582,18.770317964971365,20.6169078708092,18.59405583605016,15.181111857152718,15.777344392436335,15.701738489753632,15.659837409895008,15.29618566376851,15.039866371500596,1.0,1.0,1.0,1.0,1.0,1.0,1.0,1.0,1.0,1.0
340.0,1.0,16.357807351858405,16.923708742121427,18.398795104752637,17.484507753901223,18.129420458379546,18.4415070257167,18.59956538861333,18.940214376059746,20.073227771674688,20.27660946387251,1.0,1.0,1.0,1.0,1.0,1.0,1.0,1.0,1.0,1.0
340.25,2.0,0.0,0.0,0.0,0.0,0.0,0.0,0.0,0.0,0.0,0.0,0.0,0.0,0.0,0.0,0.0,0.0,0.0,0.0,0.0,0.0
340.5,3.0,17.20150347943092,18.300569342039232,18.32336914541569,18.29701978895466,18.05509294107411,18.173688115426895,17.81814364651913,17.98045127952766,17.697562906949287,18.023023430883566,1.0,1.0,1.0,1.0,1.0,1.0,1.0,1.0,1.0,1.0
340.75,4.0,18.60690948458744,18.664279336121353,19.750239526316868,17.616968354602587,15.09917832722237,15.068476900298123,15.53006800873498,15.302822049450622,16.444386570802678,15.603194507110365,1.0,1.0,1.0,1.0,1.0,1.0,1.0,1.0,1.0,1.0
341.0,1.0,0.0,0.0,0.0,0.0,0.0,0.0,0.0,0.0,0.0,0.0,0.0,0.0,0.0,0.0,0.0,0.0,0.0,0.0,0.0,0.0
341.25,2.0,15.232010622789568,18.46602858801743,17.0694646031833,15.161290432512759,14.07212117013561,15.573729280324214,16.581527331569223,16.970328184327425,17.165808683728667,16.98586106265196,1.0,1.0,1.0,1.0,1.0,1.0,1.0,1.0,1.0,1.0
341.5,3.0,0.0,0.0,0.0,0.0,0.0,0.0,0.0,0.0,0.0,0.0,0.0,0.0,0.0,0.0,0.0,0.0,0.0,0.0,0.0,0.0
341.75,4.0,0.0,0.0,0.0,0.0,0.0,0.0,0.0,0.0,0.0,0.0,0.0,0.0,0.0,0.0,0.0,0.0,0.0,0.0,0.0,0.0
342.0,1.0,18.057949338407553,18.22192783991199,17.024803315684643,16.797438956179896,18.621176675092737,18.314886068734037,18.08275881351162,18.941923368603515,19.28510579403974,18.244204341142478,1.0,1.0,1.0,1.0,1.0,1.0,1.0,1.0,1.0,1.0
342.25,2.0,15.4637050867946,16.952592412739232,15.553379581962904,14.624405530320292,15.087609069640973,15.586844501403139,16.406559602112956,16.31766473871597,17.044137020925646,16.470554762177198,1.0,1.0,1.0,1.0,1.0,1.0,1.0,1.0,1.0,1.0
342.5,3.0,0.0,0.0,0.0,0.0,0.0,0.0,0.0,0.0,0.0,0.0,0.0,0.0,0.0,0.0,0.0,0.0,0.0,0.0,0.0,0.0
342.75,4.0,18.782361536348944,18.80528629877763,17.814733657765935,16.3609108600119,14.249920388053916,15.068033168345924,14.610529739119245,15.858465976412917,15.39960203662921,15.60209285291925,1.0,1.0,1.0,1.0,1.0,1.0,1.0,1.0,1.0,1.0
343.0,1.0,16.653926147561602,16.499492490932717,17.43138853974189,17.30329999262475,18.128379796349694,18.006358849233184,17.86229280185188,17.03969320457691,17.827771077289068,17.84072446717834,1.0,1.0,1.0,1.0,1.0,1.0,1.0,1.0,1.0,1.0
343.25,2.0,0.0,0.0,0.0,0.0,0.0,0.0,0.0,0.0,0.0,0.0,0.0,0.0,0.0,0.0,0.0,0.0,0.0,0.0,0.0,0.0
343.5,3.0,18.95427498609255,19.469112816494487,16.687048031628027,17.909606289297272,18.15430876872794,18.286129321687337,17.608980801885835,18.52871478136408,18.6428122113361,18.930234475293798,1.0,1.0,1.0,1.0,1.0,1.0,1.0,1.0,1.0,1.0
343.75,4.0,18.249499183346927,18.274782230439303,17.414763420146038,15.698114312533836,13.981387125471562,14.707017351788213,15.138552223628903,15.976683566542713,15.14395223088546,15.349891761350204,1.0,1.0,1.0,1.0,1.0,1.0,1.0,1.0,1.0,1.0
344.0,1.0,16.21244551213155,16.74906015408042,18.18429844257539,18.329942316277638,18.885367474340107,19.226360692200934,18.614933823126723,18.209909415976853,18.18016578667203,17.973167165620527,1.0,1.0,1.0,1.0,1.0,1.0,1.0,1.0,1.0,1.0
344.25,2.0,14.5902899135663,14.344990145739034,14.87008046427223,14.935219151089033,15.743436420574435,15.826827939160125,16.820560791487395,16.821417023202656,18.552753052676767,18.0317556770505,1.0,1.0,1.0,1.0,1.0,1.0,1.0,1.0,1.0,1.0
344.5,3.0,0.0,0.0,0.0,0.0,0.0,0.0,0.0,0.0,0.0,0.0,0.0,0.0,0.0,0.0,0.0,0.0,0.0,0.0,0.0,0.0
344.75,4.0,18.018672062263022,17.923274201511543,16.735229469165375,16.09910970643508,14.18178998966379,14.870946898728159,14.864433002962793,15.428328283518695,15.405130480268165,15.869928137995439,1.0,1.0,1.0,1.0,1.0,1.0,1.0,1.0,1.0,1.0
345.0,1.0,17.72006725427787,18.145333532364567,18.760554654302368,17.772490286739554,18.990181572042196,18.866802897242263,18.125024771373496,18.30226738087986,18.59014425284794,19.089718513289217,1.0,1.0,1.0,1.0,1.0,1.0,1.0,1.0,1.0,1.0
345.25,2.0,0.0,0.0,0.0,0.0,0.0,0.0,0.0,0.0,0.0,0.0,0.0,0.0,0.0,0.0,0.0,0.0,0.0,0.0,0.0,0.0
345.5,3.0,17.140011524745056,17.155400769928978,16.63283027706338,17.95489571956992,18.12434796989518,17.804859659437593,17.99926123287035,17.935202941033427,17.300223534438995,17.60242048956095,1.0,1.0,1.0,1.0,1.0,1.0,1.0,1.0,1.0,1.0
345.75,4.0,17.52190607095048,17.027489777760483,15.991094565422856,15.616725342460512,15.034293469263513,14.947800668089949,14.994234604286794,14.67544860402658,14.115715594955798,15.1095687777765,1.0,1.0,1.0,1.0,1.0,1.0,1.0,1.0,1.0,1.0
346.0,1.0,0.0,0.0,0.0,0.0,0.0,0.0,0.0,0.0,0.0,0.0,0.0,0.0,0.0,0.0,0.0,0.0,0.0,0.0,0.0,0.0
346.25,2.0,0.0,0.0,0.0,0.0,0.0,0.0,0.0,0.0,0.0,0.0,0.0,0.0,0.0,0.0,0.0,0.0,0.0,0.0,0.0,0.0
346.5,3.0,18.00820108025031,17.541571374771497,16.751100474931768,17.975709812928077,19.0005902561161,19.21083660841963,19.366832862159,19.02407978824596,18.395411788006715,18.590149315769136,1.0,1.0,1.0,1.0,1.0,1.0,1.0,1.0,1.0,1.0
346.75,4.0,0.0,0.0,0.0,0.0,0.0,0.0,0.0,0.0,0.0,0.0,0.0,0.0,0.0,0.0,0.0,0.0,0.0,0.0,0.0,0.0
347.0,1.0,17.686818291367576,18.529763209450135,19.058091273534664,18.990889364630416,18.05841261107302,18.10756063443909,18.296481969107365,19.360113653167897,19.005709139235485,19.787007438396632,1.0,1.0,1.0,1.0,1.0,1.0,1.0,1.0,1.0,1.0
347.25,2.0,14.430261621102957,13.917608725265566,15.000705880807857,16.26832722824594,15.952945706141694,16.950533319661105,17.69003306639873,17.737158314416796,19.06569313574671,17.895309839419003,1.0,1.0,1.0,1.0,1.0,1.0,1.0,1.0,1.0,1.0
347.5,3.0,0.0,0.0,0.0,0.0,0.0,0.0,0.0,0.0,0.0,0.0,0.0,0.0,0.0,0.0,0.0,0.0,0.0,0.0,0.0,0.0
347.75,4.0,16.741701698770793,16.03904935719393,15.765880204267017,15.951122355817686,12.36943702841361,12.857929621315206,14.336489299461208,15.490799814573128,16.644513894901742,16.864058632946666,1.0,1.0,1.0,1.0,1.0,1.0,1.0,1.0,1.0,1.0
348.0,1.0,17.085145064561253,18.045636641340888,18.33157206060782,18.234396255247717,17.697150022326948,17.914983210070858,18.761111025397824,18.83026118066864,18.30188813855897,19.179199262517926,1.0,1.0,1.0,1.0,1.0,1.0,1.0,1.0,1.0,1.0
348.25,2.0,0.0,0.0,0.0,0.0,0.0,0.0,0.0,0.0,0.0,0.0,0.0,0.0,0.0,0.0,0.0,0.0,0.0,0.0,0.0,0.0
348.5,3.0,17.072506960951223,18.81087120649002,17.962679361199054,18.199645327741745,19.548606148733036,19.69148977593578,19.440939099801046,18.883534040418226,18.344964636430063,18.84028143053406,1.0,1.0,1.0,1.0,1.0,1.0,1.0,1.0,1.0,1.0
348.75,4.0,16.46737160035741,16.14486333102457,16.975436883256453,15.466897802192477,13.517779977612078,13.847699006281157,15.577234702424304,16.09923424282896,16.762378239201432,16.57081453705517,1.0,1.0,1.0,1.0,1.0,1.0,1.0,1.0,1.0,1.0
349.0,1.0,0.0,0.0,0.0,0.0,0.0,0.0,0.0,0.0,0.0,0.0,0.0,0.0,0.0,0.0,0.0,0.0,0.0,0.0,0.0,0.0
349.25,2.0,14.864803162335907,15.64294947475982,16.073603007475462,16.482092594551247,18.63160978790968,18.829057338432257,18.942181102000497,18.74293293600614,19.181771242761986,17.057487259888145,1.0,1.0,1.0,1.0,1.0,1.0,1.0,1.0,1.0,1.0
349.5,3.0,0.0,0.0,0.0,0.0,0.0,0.0,0.0,0.0,0.0,0.0,0.0,0.0,0.0,0.0,0.0,0.0,0.0,0.0,0.0,0.0
349.75,4.0,0.0,0.0,0.0,0.0,0.0,0.0,0.0,0.0,0.0,0.0,0.0,0.0,0.0,0.0,0.0,0.0,0.0,0.0,0.0,0.0
350.0,1.0,17.93274957789771,18.031013528545202,18.062818284140842,18.142068957051546,17.133044695616555,16.736528617688407,17.52388453323281,18.102395343546164,17.99394831804594,18.040649902271078,1.0,1.0,1.0,1.0,1.0,1.0,1.0,1.0,1.0,1.0
350.25,2.0,16.53958764409891,16.03131686214885,15.398070588805563,15.939468009169815,17.338906809183648,18.197888822413148,19.053240629563557,19.157679844830344,18.171457476478977,16.774974361029063,1.0,1.0,1.0,1.0,1.0,1.0,1.0,1.0,1.0,1.0
350.5,3.0,0.0,0.0,0.0,0.0,0.0,0.0,0.0,0.0,0.0,0.0,0.0,0.0,0.0,0.0,0.0,0.0,0.0,0.0,0.0,0.0
350.75,4.0,17.798136448088098,16.377298506611858,17.633568035695294,15.524337517208513,14.652974995962962,15.661288442162448,15.458834600021966,15.72374079908748,15.327651574529522,15.930729847463414,1.0,1.0,1.0,1.0,1.0,1.0,1.0,1.0,1.0,1.0
351.0,1.0,18.306664440467188,18.693844919765695,18.67024947318157,17.439758253184106,16.570808605369386,16.41060437687524,16.454088765008844,17.229362583591097,17.346737767598068,17.85710698746719,1.0,1.0,1.0,1.0,1.0,1.0,1.0,1.0,1.0,1.0
351.25,2.0,0.0,0.0,0.0,0.0,0.0,0.0,0.0,0.0,0.0,0.0,0.0,0.0,0.0,0.0,0.0,0.0,0.0,0.0,0.0,0.0
351.5,3.0,18.98152032407108,19.77396274387688,19.076900581949612,18.48191013154121,19.93935494636448,18.681464720757642,17.345159549214717,17.323781222363483,16.50208040702335,15.611905635135194,1.0,1.0,1.0,1.0,1.0,1.0,1.0,1.0,1.0,1.0
351.75,4.0,19.363857643129236,17.591191528299515,16.842184759309646,16.25082713916639,16.16151019586791,15.743968665069294,15.288813860852224,15.42994450859225,14.767050693167784,15.338089480213927,1.0,1.0,1.0,1.0,1.0,1.0,1.0,1.0,1.0,1.0
352.0,1.0,19.019226091123443,18.88881997397509,18.356578566549853,17.484611655207587,16.16008456062842,16.203649913570825,17.263588209423315,17.415337990368567,17.34594194215963,17.853486565830075,1.0,1.0,1.0,1.0,1.0,1.0,1.0,1.0,1.0,1.0
352.25,2.0,15.56544164654278,17.4581215815128,17.96753521846396,18.853221320026353,19.26960877110897,17.71654875358912,18.509195922328654,17.20139693013143,17.858062211867438,18.127650427411684,1.0,1.0,1.0,1.0,1.0,1.0,1.0,1.0,1.0,1.0
352.5,3.0,0.0,0.0,0.0,0.0,0.0,0.0,0.0,0.0,0.0,0.0,0.0,0.0,0.0,0.0,0.0,0.0,0.0,0.0,0.0,0.0
352.75,4.0,18.38562235035598,16.740951701364512,16.337444232003435,17.544495756701693,16.26220792076318,14.814642982811947,14.472853755887048,15.748382529448142,15.94007605669606,16.505622409865484,1.0,1.0,1.0,1.0,1.0,1.0,1.0,1.0,1.0,1.0
353.0,1.0,18.522673331733913,17.591029273130605,17.349248291496718,17.103058172610933,16.762440032211497,16.41503872517097,17.36249014414782,17.1431233549633,18.45568651914507,19.16224505894805,1.0,1.0,1.0,1.0,1.0,1.0,1.0,1.0,1.0,1.0
353.25,2.0,0.0,0.0,0.0,0.0,0.0,0.0,0.0,0.0,0.0,0.0,0.0,0.0,0.0,0.0,0.0,0.0,0.0,0.0,0.0,0.0
353.5,3.0,18.580284769441604,17.698898862303224,18.377072647639757,19.908629832136096,19.087322681446057,16.097674880297294,15.3907258784727,15.239359737328002,14.818274307512677,13.739115865495148,1.0,1.0,1.0,1.0,1.0,1.0,1.0,1.0,1.0,1.0
353.75,4.0,17.7171154118821,16.349295688447313,17.087579062136502,17.374444179142447,15.411535668590354,15.48550526872119,15.852185741785336,16.020944585997324,16.16828374674863,16.684825296656257,1.0,1.0,1.0,1.0,1.0,1.0,1.0,1.0,1.0,1.0
354.0,1.0,0.0,0.0,0.0,0.0,0.0,0.0,0.0,0.0,0.0,0.0,0.0,0.0,0.0,0.0,0.0,0.0,0.0,0.0,0.0,0.0
354.25,2.0,0.0,0.0,0.0,0.0,0.0,0.0,0.0,0.0,0.0,0.0,0.0,0.0,0.0,0.0,0.0,0.0,0.0,0.0,0.0,0.0
354.5,3.0,17.93397918070942,17.101376749399883,17.816079144667803,18.59301669374395,17.78090562840414,14.688604761625818,13.817349569535013,14.593156864573645,14.160175385338592,13.11969476204453,1.0,1.0,1.0,1.0,1.0,1.0,1.0,1.0,1.0,1.0
354.75,4.0,0.0,0.0,0.0,0.0,0.0,0.0,0.0,0.0,0.0,0.0,0.0,0.0,0.0,0.0,0.0,0.0,0.0,0.0,0.0,0.0
355.0,1.0,18.096285734033348,17.285428372544114,17.566722997523463,18.046137286477617,17.081200277339992,17.291371908093936,18.305166279326023,18.311660764250338,18.68058519595119,17.65492330762748,1.0,1.0,1.0,1.0,1.0,1.0,1.0,1.0,1.0,1.0
355.25,2.0,15.090073713815217,16.945800852760723,16.439562357071786,17.311716377827235,18.55918105032453,17.493879233443696,17.749176880978236,16.873197916513583,16.756955721731256,16.970611447505693,1.0,1.0,1.0,1.0,1.0,1.0,1.0,1.0,1.0,1.0
355.5,3.0,0.0,0.0,0.0,0.0,0.0,0.0,0.0,0.0,0.0,0.0,0.0,0.0,0.0,0.0,0.0,0.0,0.0,0.0,0.0,0.0
355.75,4.0,17.40698526912654,17.15093073850263,17.303806375383523,16.433301493838087,16.47969565778505,16.328023378034644,17.520885088425434,16.479427169543225,17.089881075368687,17.515237036175453,1.0,1.0,1.0,1.0,1.0,1.0,1.0,1.0,1.0,1.0
356.0,1.0,18.11255663323838,17.310516367769754,17.503448276691124,16.952819101123506,17.00893411513077,17.54191146412736,17.89088485427881,18.033101379918897,18.727486805419044,18.51593836911126,1.0,1.0,1.0,1.0,1.0,1.0,1.0,1.0,1.0,1.0
356.25,2.0,0.0,0.0,0.0,0.0,0.0,0.0,0.0,0.0,0.0,0.0,0.0,0.0,0.0,0.0,0.0,0.0,0.0,0.0,0.0,0.0
356.5,3.0,17.061601734703462,17.004671409950042,16.815385362592398,16.82881105117813,17.21780070217883,15.515110554106268,15.124838474385825,14.563209478548444,13.791853758533613,12.930343897553414,1.0,1.0,1.0,1.0,1.0,1.0,1.0,1.0,1.0,1.0
356.75,4.0,16.219786545123327,15.652216554940258,16.762686139527297,16.196075890350645,15.410930224413057,15.545622905147585,16.136227078451476,14.91849705545109,16.58832698039646,17.724846720367335,1.0,1.0,1.0,1.0,1.0,1.0,1.0,1.0,1.0,1.0
357.0,1.0,0.0,0.0,0.0,0.0,0.0,0.0,0.0,0.0,0.0,0.0,0.0,0.0,0.0,0.0,0.0,0.0,0.0,0.0,0.0,0.0
357.25,2.0,15.334390922942713,16.977047274954042,17.31710555952839,17.097615228411797,17.8277460246609,16.56700653903025,17.3458344159131,15.708171021287527,15.952155107057681,16.00329561003669,1.0,1.0,1.0,1.0,1.0,1.0,1.0,1.0,1.0,1.0
357.5,3.0,0.0,0.0,0.0,0.0,0.0,0.0,0.0,0.0,0.0,0.0,0.0,0.0,0.0,0.0,0.0,0.0,0.0,0.0,0.0,0.0
357.75,4.0,0.0,0.0,0.0,0.0,0.0,0.0,0.0,0.0,0.0,0.0,0.0,0.0,0.0,0.0,0.0,0.0,0.0,0.0,0.0,0.0
358.0,1.0,17.270111064264004,15.42364004710901,15.78856639901598,17.946223414758293,20.00424340353833,20.175115942155237,20.28948777454096,18.974616060589728,19.829389379843903,19.652918736203215,1.0,1.0,1.0,1.0,1.0,1.0,1.0,1.0,1.0,1.0
358.25,2.0,16.108467565318875,17.877363009197285,16.857727049930546,16.893010941213618,17.74238464724415,16.455801144533122,17.697848246174818,16.077709133511906,16.499119986585605,14.956938008594204,1.0,1.0,1.0,1.0,1.0,1.0,1.0,1.0,1.0,1.0
358.5,3.0,17.02049322117937,16.023766690617684,16.901244613107135,16.091148828527864,16.016577251974162,15.311173727079831,14.758292447235743,14.636848018741219,14.40591876798906,13.69379264918525,1.0,1.0,1.0,1.0,1.0,1.0,1.0,1.0,1.0,1.0
358.75,4.0,16.60996502168959,15.733944442122002,16.750874083769762,16.403464245551824,16.24777652874757,16.104384362666316,16.51094012015483,16.162469042614745,16.39909556760224,16.754747984946185,1.0,1.0,1.0,1.0,1.0,1.0,1.0,1.0,1.0,1.0
359.0,1.0,16.109108934856202,15.347827462659396,17.15428360015551,19.77824288898116,20.799561076893205,20.853364935539993,20.707691137832825,20.825522989615866,20.612291053312685,19.425920646657893,1.0,1.0,1.0,1.0,1.0,1.0,1.0,1.0,1.0,1.0
359.25,2.0,0.0,0.0,0.0,0.0,0.0,0.0,0.0,0.0,0.0,0.0,0.0,0.0,0.0,0.0,0.0,0.0,0.0,0.0,0.0,0.0
359.5,3.0,16.918528268418484,16.952132608827668,17.806171755843557,16.55945604243222,15.30593784384257,14.503313079101277,14.798728715017878,14.478299745955496,14.667296151562219,14.29640683855094,1.0,1.0,1.0,1.0,1.0,1.0,1.0,1.0,1.0,1.0
359.75,4.0,16.449010619399253,17.041234449571714,17.064741175673834,16.206782639086153,16.34721115166832,16.099094972455223,16.59580234278026,16.931958533375884,16.5992503392687,16.792898063705334,1.0,1.0,1.0,1.0,1.0,1.0,1.0,1.0,1.0,1.0
360.0,1.0,17.400478192287725,15.478684168799676,18.15499248341695,19.908320902869473,19.567103792830178,20.00736821997707,19.309513348168956,19.03042506563968,18.562151709624246,17.97176135181069,1.0,1.0,1.0,1.0,1.0,1.0,1.0,1.0,1.0,1.0
360.25,2.0,18.252570942115156,17.42610545383331,17.440371661407138,18.216146445004544,16.920494115995968,16.204912752261365,17.218637334827463,15.645973300735529,15.077019849233007,14.09787219818262,1.0,1.0,1.0,1.0,1.0,1.0,1.0,1.0,1.0,1.0
360.5,3.0,0.0,0.0,0.0,0.0,0.0,0.0,0.0,0.0,0.0,0.0,0.0,0.0,0.0,0.0,0.0,0.0,0.0,0.0,0.0,0.0
360.75,4.0,17.400654675656188,17.576120835847895,15.91327065966024,15.3549755488901,16.099722678352403,16.116586324111765,17.186888362973882,16.353306921063222,15.792007239306535,15.121285980428297,1.0,1.0,1.0,1.0,1.0,1.0,1.0,1.0,1.0,1.0
361.0,1.0,17.931339957668065,16.402034360115405,19.01386619537742,20.255251640581218,20.454868598343296,20.602630251932844,19.625349341020506,18.98373181379287,17.50108980742477,17.206970629012076,1.0,1.0,1.0,1.0,1.0,1.0,1.0,1.0,1.0,1.0
361.25,2.0,0.0,0.0,0.0,0.0,0.0,0.0,0.0,0.0,0.0,0.0,0.0,0.0,0.0,0.0,0.0,0.0,0.0,0.0,0.0,0.0
361.5,3.0,17.069946447539703,16.463187920437843,16.767431244149677,16.630945364027653,16.136381852171098,15.91606844996381,15.27638482735868,15.31545768175037,16.16269010702987,15.345771247639256,1.0,1.0,1.0,1.0,1.0,1.0,1.0,1.0,1.0,1.0
361.75,4.0,16.30689911490971,15.24742488436623,15.241536215706462,16.631927157112006,17.858554973494797,17.163604711333903,17.119112354421162,16.43601951746207,15.86864639013072,16.021739542183564,1.0,1.0,1.0,1.0,1.0,1.0,1.0,1.0,1.0,1.0
362.0,1.0,0.0,0.0,0.0,0.0,0.0,0.0,0.0,0.0,0.0,0.0,0.0,0.0,0.0,0.0,0.0,0.0,0.0,0.0,0.0,0.0
362.25,2.0,18.17296566604097,17.93119932342457,16.358411980316426,16.932028503198907,15.70402218457093,14.605230655296657,14.74462544543172,14.944857233866738,15.565435873130491,14.690830168471873,1.0,1.0,1.0,1.0,1.0,1.0,1.0,1.0,1.0,1.0
362.5,3.0,17.11599977246118,15.540260264738395,16.203568165019384,16.560715812205242,15.820263514376574,15.881604338674942,15.950552332596102,15.812053679705993,16.788410963947367,16.037271983091326,1.0,1.0,1.0,1.0,1.0,1.0,1.0,1.0,1.0,1.0
362.75,4.0,0.0,0.0,0.0,0.0,0.0,0.0,0.0,0.0,0.0,0.0,0.0,0.0,0.0,0.0,0.0,0.0,0.0,0.0,0.0,0.0
363.0,1.0,18.28891987697675,18.81733721122419,20.089258314548076,21.651882481870363,21.498721889489445,20.260735175952536,20.259689919257927,18.721260778986316,18.417797343747818,19.110955557994636,1.0,1.0,1.0,1.0,1.0,1.0,1.0,1.0,1.0,1.0
363.25,2.0,17.39883258678918,16.616383727989003,15.740968935197222,16.35474781808107,15.947133661689344,16.30101031402129,16.657406317505753,16.552112708849393,16.302177859552764,15.089042353259838,1.0,1.0,1.0,1.0,1.0,1.0,1.0,1.0,1.0,1.0
363.5,3.0,0.0,0.0,0.0,0.0,0.0,0.0,0.0,0.0,0.0,0.0,0.0,0.0,0.0,0.0,0.0,0.0,0.0,0.0,0.0,0.0
363.75,4.0,14.305747038722583,13.869581170827708,15.75889518319331,17.487114741758123,17.75124191761248,16.769077095287493,16.537841344357098,16.8981559221777,15.676952061406725,15.751401081326753,1.0,1.0,1.0,1.0,1.0,1.0,1.0,1.0,1.0,1.0
364.0,1.0,17.651157558149645,18.571927022577956,20.87260904544271,22.64252551959274,20.332844915408625,20.57289344785813,20.39209817761309,19.85272771176773,19.402848273631193,19.77429115844144,1.0,1.0,1.0,1.0,1.0,1.0,1.0,1.0,1.0,1.0
364.25,2.0,0.0,0.0,0.0,0.0,0.0,0.0,0.0,0.0,0.0,0.0,0.0,0.0,0.0,0.0,0.0,0.0,0.0,0.0,0.0,0.0
364.5,3.0,17.412427809166825,17.47863142662144,17.397474204948157,15.976720781228314,16.19120475837325,16.181521181566968,16.37435125295295,17.53710207424896,18.52601607972904,16.330698555510853,1.0,1.0,1.0,1.0,1.0,1.0,1.0,1.0,1.0,1.0
364.75,4.0,12.905014227617231,14.724936346500789,15.974139073529876,17.200985192474985,16.35513237609026,16.452036695078355,16.146125016107785,16.165010923896848,15.61374557626688,16.370834858653858,1.0,1.0,1.0,1.0,1.0,1.0,1.0,1.0,1.0,1.0
365.0,1.0,0.0,0.0,0.0,0.0,0.0,0.0,0.0,0.0,0.0,0.0,0.0,0.0,0.0,0.0,0.0,0.0,0.0,0.0,0.0,0.0
365.25,2.0,18.013018354042433,17.615016367877754,17.16387923657258,17.24990675657593,16.448115833057404,16.09335911212135,15.929973893368825,16.000231851860423,16.152873025608727,15.191837675911469,1.0,1.0,1.0,1.0,1.0,1.0,1.0,1.0,1.0,1.0
365.5,3.0,0.0,0.0,0.0,0.0,0.0,0.0,0.0,0.0,0.0,0.0,0.0,0.0,0.0,0.0,0.0,0.0,0.0,0.0,0.0,0.0
365.75,4.0,0.0,0.0,0.0,0.0,0.0,0.0,0.0,0.0,0.0,0.0,0.0,0.0,0.0,0.0,0.0,0.0,0.0,0.0,0.0,0.0
366.0,1.0,19.31483793261675,18.687387067255465,19.74087951403663,20.726474328073728,20.28695789002653,20.669673431803414,20.388571009022264,19.554118334023002,18.286122735115946,18.917131850856883,1.0,1.0,1.0,1.0,1.0,1.0,1.0,1.0,1.0,1.0
366.25,2.0,18.398190048057256,18.510811831636744,17.278712763741996,18.466124987085134,16.54580406498338,15.778019570827029,15.61159389132891,16.18049278946016,16.67940559427934,16.31797533788152,1.0,1.0,1.0,1.0,1.0,1.0,1.0,1.0,1.0,1.0
366.5,3.0,17.895215633298427,16.920687472712743,16.154353351989165,15.94076896622944,15.952990329810776,15.215591588169396,15.150777236337678,16.042641855229423,16.302812991792024,13.854712069454978,1.0,1.0,1.0,1.0,1.0,1.0,1.0,1.0,1.0,1.0
366.75,4.0,15.034486947849935,15.752610034243943,14.543756207801316,14.380463884084397,14.067028962697604,16.00715931230721,16.241637493584847,16.35280853364123,15.545718726651785,16.96046713400248,1.0,1.0,1.0,1.0,1.0,1.0,1.0,1.0,1.0,1.0
367.0,1.0,19.140200282637803,17.517843649375735,18.017432613789673,19.161227669159402,19.32534743762402,19.817982149326294,20.118106113939593,20.21497501256355,19.711293371992138,19.86751074679611,1.0,1.0,1.0,1.0,1.0,1.0,1.0,1.0,1.0,1.0
367.25,2.0,0.0,0.0,0.0,0.0,0.0,0.0,0.0,0.0,0.0,0.0,0.0,0.0,0.0,0.0,0.0,0.0,0.0,0.0,0.0,0.0
367.5,3.0,17.260060906211105,15.77977586417487,15.505396208841473,15.038783491494488,15.520241199610517,15.759919404504654,14.749592574100133,15.171895798587721,14.112003776593932,13.00106999552475,1.0,1.0,1.0,1.0,1.0,1.0,1.0,1.0,1.0,1.0
367.75,4.0,15.888830118467055,14.895731185450064,13.716851989153422,14.74550876159652,15.135879978114977,15.891230117400722,15.30343802612655,16.070232726211152,17.055414174622978,17.157467978388073,1.0,1.0,1.0,1.0,1.0,1.0,1.0,1.0,1.0,1.0
368.0,1.0,17.94057285706272,17.19767287509091,17.71369840526884,18.850634583021378,19.419987202185045,19.484283461734208,20.29455467738954,19.950790366149803,19.807714077073364,20.547473570965565,1.0,1.0,1.0,1.0,1.0,1.0,1.0,1.0,1.0,1.0
368.25,2.0,18.20767118288346,19.280115388188943,18.855082370294912,18.684981124459462,17.8553188666334,18.260318357874908,18.564783908292082,19.30495753072677,19.100849182481298,17.763728336590614,1.0,1.0,1.0,1.0,1.0,1.0,1.0,1.0,1.0,1.0
368.5,3.0,0.0,0.0,0.0,0.0,0.0,0.0,0.0,0.0,0.0,0.0,0.0,0.0,0.0,0.0,0.0,0.0,0.0,0.0,0.0,0.0
368.75,4.0,15.235055883060319,14.911267593224293,14.239247548115468,15.335580740075958,15.682902712582921,15.920848899380681,16.37686463796383,16.905095395536538,18.76052221541265,18.02812601796028,1.0,1.0,1.0,1.0,1.0,1.0,1.0,1.0,1.0,1.0
369.0,1.0,17.806035565247907,17.307548091618465,19.391217950954758,20.549694545009682,19.843873978951063,20.37916200851261,20.54308045759398,19.89761345572901,18.687507561189864,19.352012913785096,1.0,1.0,1.0,1.0,1.0,1.0,1.0,1.0,1.0,1.0
369.25,2.0,0.0,0.0,0.0,0.0,0.0,0.0,0.0,0.0,0.0,0.0,0.0,0.0,0.0,0.0,0.0,0.0,0.0,0.0,0.0,0.0
369.5,3.0,15.521287618344083,15.446049248086304,14.340999863737414,15.887719394905655,14.31039465141433,14.442669869870972,13.950743627265378,13.89555628252951,14.372679640563186,14.172448074634751,1.0,1.0,1.0,1.0,1.0,1.0,1.0,1.0,1.0,1.0
369.75,4.0,16.49355934571155,15.956579423036974,14.605984287204432,16.237342286828326,16.56596731300658,17.42053840457549,17.52169364513877,18.50124828319844,20.36014540744087,19.591541438514337,1.0,1.0,1.0,1.0,1.0,1.0,1.0,1.0,1.0,1.0
370.0,1.0,0.0,0.0,0.0,0.0,0.0,0.0,0.0,0.0,0.0,0.0,0.0,0.0,0.0,0.0,0.0,0.0,0.0,0.0,0.0,0.0
370.25,2.0,17.726293378785105,17.921737088968126,17.997591582972994,20.19185547322028,19.114098949930785,17.921557248445616,16.64435813030439,17.910185757717787,18.28487215338724,17.71804581006186,1.0,1.0,1.0,1.0,1.0,1.0,1.0,1.0,1.0,1.0
370.5,3.0,15.255984657476258,15.149937891224324,14.867288933977711,15.315833412549994,14.774058763063904,14.76831077634305,14.75439252758072,15.071087212547353,15.638317920837627,15.629227375229272,1.0,1.0,1.0,1.0,1.0,1.0,1.0,1.0,1.0,1.0
370.75,4.0,0.0,0.0,0.0,0.0,0.0,0.0,0.0,0.0,0.0,0.0,0.0,0.0,0.0,0.0,0.0,0.0,0.0,0.0,0.0,0.0
371.0,1.0,18.996198735558224,19.61935856571672,20.55398003457519,20.03993097563718,20.06614179932677,19.94913925391955,19.78594489515072,19.419305323574402,19.660000951590124,19.87062943027363,1.0,1.0,1.0,1.0,1.0,1.0,1.0,1.0,1.0,1.0
371.25,2.0,16.70424416296488,17.082583072824754,18.485158766126077,20.197005959198123,19.037617828946527,17.870143536911954,17.033609388642617,18.451386920665772,19.036193676833893,19.14905967444007,1.0,1.0,1.0,1.0,1.0,1.0,1.0,1.0,1.0,1.0
371.5,3.0,0.0,0.0,0.0,0.0,0.0,0.0,0.0,0.0,0.0,0.0,0.0,0.0,0.0,0.0,0.0,0.0,0.0,0.0,0.0,0.0
371.75,4.0,16.40623527631591,15.846061594427557,16.25437234622813,17.66468833144585,18.463810515832954,20.279210814529005,20.05059401327,21.478730354829793,21.887851013346427,21.33432574945792,1.0,1.0,1.0,1.0,1.0,1.0,1.0,1.0,1.0,1.0
372.0,1.0,20.310005843818153,20.08670609267897,20.41816937070803,20.286681335247643,20.02495469651263,18.700466359504947,18.759435003775465,18.996376271258217,18.893538941563744,20.43332862235153,1.0,1.0,1.0,1.0,1.0,1.0,1.0,1.0,1.0,1.0
372.25,2.0,0.0,0.0,0.0,0.0,0.0,0.0,0.0,0.0,0.0,0.0,0.0,0.0,0.0,0.0,0.0,0.0,0.0,0.0,0.0,0.0
372.5,3.0,15.249093931406538,15.39879916457977,15.611857790318,16.2967496973265,17.21960392131391,17.886185620739003,18.38658636901264,18.460253401774715,17.609858109987474,16.95701105034515,1.0,1.0,1.0,1.0,1.0,1.0,1.0,1.0,1.0,1.0
372.75,4.0,16.946614894597527,16.349167635162345,16.54838030999941,17.76785434522694,19.592944187686594,21.54255926646842,21.611230912834124,23.069693883561847,23.119841545799435,21.827147978780793,1.0,1.0,1.0,1.0,1.0,1.0,1.0,1.0,1.0,1.0
373.0,1.0,19.013085190348974,19.77570982955057,20.292884113006078,19.47170527039373,18.960872429642578,18.795635098080755,19.553229086514573,20.549863120012457,19.565877750989173,20.106608201464688,1.0,1.0,1.0,1.0,1.0,1.0,1.0,1.0,1.0,1.0
373.25,2.0,16.8085296515347,18.426926981886947,17.845304430135275,18.86553653483825,18.40399113126816,18.43331020462421,18.919003623468836,19.331255010414434,19.71166486438877,18.92170976199228,1.0,1.0,1.0,1.0,1.0,1.0,1.0,1.0,1.0,1.0
373.5,3.0,0.0,0.0,0.0,0.0,0.0,0.0,0.0,0.0,0.0,0.0,0.0,0.0,0.0,0.0,0.0,0.0,0.0,0.0,0.0,0.0
373.75,4.0,17.16067788309561,16.008221171126696,16.474992728073634,18.77051521527332,20.62504260741711,22.074360273425132,22.853111374842754,23.263676635129276,23.092672649076416,21.47015096765218,1.0,1.0,1.0,1.0,1.0,1.0,1.0,1.0,1.0,1.0
374.0,1.0,19.865424881388687,20.269666342331163,20.57594001142298,19.907354739064328,18.935742183983898,18.988158145890896,19.883224423861645,21.138203890488615,19.784996696462187,20.146269927975474,1.0,1.0,1.0,1.0,1.0,1.0,1.0,1.0,1.0,1.0
374.25,2.0,17.968112995220945,17.01061666011245,16.326931537077865,18.066027187891724,18.706416774746014,19.32551721492339,20.793936969385577,20.632344910727316,19.97041251812373,18.524590330390236,1.0,1.0,1.0,1.0,1.0,1.0,1.0,1.0,1.0,1.0
374.5,3.0,15.326669608603316,14.938437773465205,16.699082841650515,16.741932180416082,19.074699571034365,19.26135554588152,18.861420150398583,17.75950573820051,16.497399045730926,15.760699270073706,1.0,1.0,1.0,1.0,1.0,1.0,1.0,1.0,1.0,1.0
374.75,4.0,17.680204247617898,16.06285754245004,18.143452115561768,19.62952577699189,21.128967615507907,22.453240568068498,22.576443357881683,23.442988688268684,22.724900488846707,21.597097186529567,1.0,1.0,1.0,1.0,1.0,1.0,1.0,1.0,1.0,1.0
375.0,1.0,0.0,0.0,0.0,0.0,0.0,0.0,0.0,0.0,0.0,0.0,0.0,0.0,0.0,0.0,0.0,0.0,0.0,0.0,0.0,0.0
375.25,2.0,0.0,0.0,0.0,0.0,0.0,0.0,0.0,0.0,0.0,0.0,0.0,0.0,0.0,0.0,0.0,0.0,0.0,0.0,0.0,0.0
375.5,3.0,17.091197128850226,15.590243265476703,16.270150168183157,17.335080277171464,18.434524334432776,18.769245678369856,17.384130237849092,16.68701457827921,15.857999759303102,16.0810494226013,1.0,1.0,1.0,1.0,1.0,1.0,1.0,1.0,1.0,1.0
375.75,4.0,0.0,0.0,0.0,0.0,0.0,0.0,0.0,0.0,0.0,0.0,0.0,0.0,0.0,0.0,0.0,0.0,0.0,0.0,0.0,0.0
376.0,1.0,20.017954234371395,19.873261375738856,18.73703743705172,17.508471898716333,18.452546925233747,18.608630679203106,19.874626396957268,20.783232132304065,20.128521521656253,19.93896723229792,1.0,1.0,1.0,1.0,1.0,1.0,1.0,1.0,1.0,1.0
376.25,2.0,16.588987803774348,14.912921068435569,15.926815205789959,19.286397821564243,18.1739324821514,18.352830519079884,19.636873981454745,18.410331413992335,18.671570478014687,16.86839642979425,1.0,1.0,1.0,1.0,1.0,1.0,1.0,1.0,1.0,1.0
376.5,3.0,0.0,0.0,0.0,0.0,0.0,0.0,0.0,0.0,0.0,0.0,0.0,0.0,0.0,0.0,0.0,0.0,0.0,0.0,0.0,0.0
376.75,4.0,19.302447862379175,18.919995481886474,20.492466758220992,21.79152332558907,22.912045337138334,21.693742071811577,21.510540410001433,20.394579363184462,20.530695424022575,19.35973634578625,1.0,1.0,1.0,1.0,1.0,1.0,1.0,1.0,1.0,1.0
377.0,1.0,18.796320757988124,19.6608096556825,18.761441235957854,18.352751850016393,19.30443635427648,19.07588984601611,18.78346955157764,19.98496293844215,20.64409947009533,20.335372304528118,1.0,1.0,1.0,1.0,1.0,1.0,1.0,1.0,1.0,1.0
377.25,2.0,0.0,0.0,0.0,0.0,0.0,0.0,0.0,0.0,0.0,0.0,0.0,0.0,0.0,0.0,0.0,0.0,0.0,0.0,0.0,0.0
377.5,3.0,16.80846989263699,15.717772476855519,16.66206043233014,17.896544422578486,17.553583973626196,17.42466220049487,17.74514965440121,16.827607059594676,17.818462708897997,17.59787431199533,1.0,1.0,1.0,1.0,1.0,1.0,1.0,1.0,1.0,1.0
377.75,4.0,20.228716325635588,19.24578984076593,20.056672880908348,21.821074398131774,21.503519900574243,20.533109164870275,20.34842308951736,19.4516428043724,19.61533413558883,18.826956767595608,1.0,1.0,1.0,1.0,1.0,1.0,1.0,1.0,1.0,1.0
378.0,1.0,0.0,0.0,0.0,0.0,0.0,0.0,0.0,0.0,0.0,0.0,0.0,0.0,0.0,0.0,0.0,0.0,0.0,0.0,0.0,0.0
378.25,2.0,15.66842450964952,16.795927579111833,17.161483475375775,19.2553176753814,18.626473451903347,17.95474497776824,18.91223753270507,17.226953324445713,17.463032027911968,16.02719835316037,1.0,1.0,1.0,1.0,1.0,1.0,1.0,1.0,1.0,1.0
378.5,3.0,0.0,0.0,0.0,0.0,0.0,0.0,0.0,0.0,0.0,0.0,0.0,0.0,0.0,0.0,0.0,0.0,0.0,0.0,0.0,0.0
378.75,4.0,0.0,0.0,0.0,0.0,0.0,0.0,0.0,0.0,0.0,0.0,0.0,0.0,0.0,0.0,0.0,0.0,0.0,0.0,0.0,0.0
379.0,1.0,20.100981448475906,18.697267346502066,17.837886708795914,17.203544935414516,16.95990759534428,17.715822610465505,17.99045588412427,18.79079209827077,19.009950934783564,19.001626977774322,1.0,1.0,1.0,1.0,1.0,1.0,1.0,1.0,1.0,1.0
379.25,2.0,16.454948199848747,18.003600897998076,18.35497248696536,18.633044846391094,17.84143652985094,16.904338763487452,16.892148678821737,17.09907257601668,17.1629799357377,16.30329330298775,1.0,1.0,1.0,1.0,1.0,1.0,1.0,1.0,1.0,1.0
379.5,3.0,0.0,0.0,0.0,0.0,0.0,0.0,0.0,0.0,0.0,0.0,0.0,0.0,0.0,0.0,0.0,0.0,0.0,0.0,0.0,0.0
379.75,4.0,19.09281698876872,18.8501965041935,19.65282268574173,20.461735843737493,19.0776577522546,17.558774344721318,18.158901442876008,17.70069517144123,17.95163035264496,18.083512617378208,1.0,1.0,1.0,1.0,1.0,1.0,1.0,1.0,1.0,1.0
380.0,1.0,18.541435920287384,17.282293063071368,16.92576927756283,16.889616770010118,18.236540970567198,18.329068721255407,18.614672009988926,19.21231269655553,18.945548755606364,18.167857213659836,1.0,1.0,1.0,1.0,1.0,1.0,1.0,1.0,1.0,1.0
380.25,2.0,0.0,0.0,0.0,0.0,0.0,0.0,0.0,0.0,0.0,0.0,0.0,0.0,0.0,0.0,0.0,0.0,0.0,0.0,0.0,0.0
380.5,3.0,19.075861083186492,19.04933268429809,17.340139644840505,16.74503394258578,15.846487200899604,15.925179779355409,15.790061133009598,16.515771708536196,16.025629109054186,15.983497603512468,1.0,1.0,1.0,1.0,1.0,1.0,1.0,1.0,1.0,1.0
380.75,4.0,20.18345161192646,18.330474205608503,18.798681493028674,18.810133340697835,17.71506729869207,16.438721050991827,17.041609613698753,18.9219299022799,19.663990475950165,19.953270477012374,1.0,1.0,1.0,1.0,1.0,1.0,1.0,1.0,1.0,1.0
381.0,1.0,18.57868954508212,17.11982937473753,16.636013631997752,17.055899913920598,17.438615777925005,17.757265809780606,17.906212556907928,18.9566157847248,17.162867306904328,17.567499171824686,1.0,1.0,1.0,1.0,1.0,1.0,1.0,1.0,1.0,1.0
381.25,2.0,16.57207924170509,17.119775715927307,16.142581874832803,16.6748793200866,17.043387107898262,17.97037545682687,18.07317441163427,17.307356044778363,17.546004548075143,16.504846059271134,1.0,1.0,1.0,1.0,1.0,1.0,1.0,1.0,1.0,1.0
381.5,3.0,0.0,0.0,0.0,0.0,0.0,0.0,0.0,0.0,0.0,0.0,0.0,0.0,0.0,0.0,0.0,0.0,0.0,0.0,0.0,0.0
381.75,4.0,20.13059184560822,18.100671137702815,17.84485532918138,17.546912079352403,17.19632132842153,17.478361187071172,18.042725479153944,20.076811915451362,19.941576363743916,20.26964031878375,1.0,1.0,1.0,1.0,1.0,1.0,1.0,1.0,1.0,1.0
382.0,1.0,17.834427759805504,16.839242445784986,17.66494411386766,17.997786858191084,17.534138715337225,17.801598393519214,17.067340406586894,17.597077280770925,16.932545905733896,17.425658238622912,1.0,1.0,1.0,1.0,1.0,1.0,1.0,1.0,1.0,1.0
382.25,2.0,16.614197017011698,15.48385325145021,15.615085412778837,16.813405786906937,17.38322311870117,17.35260744240375,16.787712514585547,17.092948748192132,16.993216303659842,16.077950771503406,1.0,1.0,1.0,1.0,1.0,1.0,1.0,1.0,1.0,1.0
382.5,3.0,18.7920580055755,18.703583379386274,17.049998646691588,17.056607781347694,15.966262263786945,15.92230449793676,16.288438479755335,15.958460363031188,16.363620234765772,16.780401123876292,1.0,1.0,1.0,1.0,1.0,1.0,1.0,1.0,1.0,1.0
382.75,4.0,18.42177050115531,17.392628273957175,17.348237406012544,15.798025098991197,16.47470573748709,16.892594386525367,17.861857223501456,18.471837137902277,19.580241758774864,20.107650490587712,1.0,1.0,1.0,1.0,1.0,1.0,1.0,1.0,1.0,1.0
383.0,1.0,0.0,0.0,0.0,0.0,0.0,0.0,0.0,0.0,0.0,0.0,0.0,0.0,0.0,0.0,0.0,0.0,0.0,0.0,0.0,0.0
383.25,2.0,0.0,0.0,0.0,0.0,0.0,0.0,0.0,0.0,0.0,0.0,0.0,0.0,0.0,0.0,0.0,0.0,0.0,0.0,0.0,0.0
383.5,3.0,18.164749790789514,18.69566874737482,17.226187289591902,16.78210775919418,15.19693608782226,14.770780902589975,14.405293097100223,15.09723750704161,15.479916619709394,15.92662427394438,1.0,1.0,1.0,1.0,1.0,1.0,1.0,1.0,1.0,1.0
383.75,4.0,0.0,0.0,0.0,0.0,0.0,0.0,0.0,0.0,0.0,0.0,0.0,0.0,0.0,0.0,0.0,0.0,0.0,0.0,0.0,0.0
384.0,1.0,17.449112686887577,17.048918646039763,18.135339291796534,18.314144066358157,16.93026100436031,17.206345832910202,15.82221549752671,16.174378798446817,15.113777749733533,16.044500251910947,1.0,1.0,1.0,1.0,1.0,1.0,1.0,1.0,1.0,1.0
384.25,2.0,13.358685702922397,13.470940070180268,13.024597948574518,13.60970889343255,14.684016551873697,14.51819511458228,14.564443451760324,15.164388667664127,15.468981209479017,14.971388909652422,1.0,1.0,1.0,1.0,1.0,1.0,1.0,1.0,1.0,1.0
384.5,3.0,0.0,0.0,0.0,0.0,0.0,0.0,0.0,0.0,0.0,0.0,0.0,0.0,0.0,0.0,0.0,0.0,0.0,0.0,0.0,0.0
384.75,4.0,17.954601050765508,16.70856749398938,14.5212975693603,14.864072636776582,16.21249782166441,17.08915659190358,17.18172195102001,18.542478452911446,20.126643754217557,19.719933917626225,1.0,1.0,1.0,1.0,1.0,1.0,1.0,1.0,1.0,1.0
385.0,1.0,16.852601697820734,16.823987998607077,17.601895836004267,17.819897468740283,16.196493337502503,16.371548427331028,15.135388741835055,15.620737127078634,14.746238160004745,15.611018796145787,1.0,1.0,1.0,1.0,1.0,1.0,1.0,1.0,1.0,1.0
385.25,2.0,0.0,0.0,0.0,0.0,0.0,0.0,0.0,0.0,0.0,0.0,0.0,0.0,0.0,0.0,0.0,0.0,0.0,0.0,0.0,0.0
385.5,3.0,18.87328125072559,19.23104319132199,17.375116596570553,15.661234589286464,14.324826676093016,13.909320513818349,13.451268291320147,13.299475906577277,14.003615119519296,14.121164165310056,1.0,1.0,1.0,1.0,1.0,1.0,1.0,1.0,1.0,1.0
385.75,4.0,16.454590273044577,14.613729888586011,13.838935392574372,15.340767870753844,16.724813941995563,16.648070112623877,16.884547474692265,18.242819981585267,19.028404737333528,19.20833024886259,1.0,1.0,1.0,1.0,1.0,1.0,1.0,1.0,1.0,1.0
386.0,1.0,0.0,0.0,0.0,0.0,0.0,0.0,0.0,0.0,0.0,0.0,0.0,0.0,0.0,0.0,0.0,0.0,0.0,0.0,0.0,0.0
386.25,2.0,12.243736992465667,11.9656825309531,12.164041749052622,12.848979201717317,14.854416280766369,14.775354428870854,14.632833811128746,14.204633583813163,13.710757901715677,13.712044009872566,1.0,1.0,1.0,1.0,1.0,1.0,1.0,1.0,1.0,1.0
386.5,3.0,0.0,0.0,0.0,0.0,0.0,0.0,0.0,0.0,0.0,0.0,0.0,0.0,0.0,0.0,0.0,0.0,0.0,0.0,0.0,0.0
386.75,4.0,0.0,0.0,0.0,0.0,0.0,0.0,0.0,0.0,0.0,0.0,0.0,0.0,0.0,0.0,0.0,0.0,0.0,0.0,0.0,0.0
387.0,1.0,17.47757654226084,17.015121774641223,16.79390812094964,14.819415064396454,14.397965004996783,14.82683323794484,14.530825735597933,15.202759199484897,14.819267863398585,14.942599862921263,1.0,1.0,1.0,1.0,1.0,1.0,1.0,1.0,1.0,1.0
387.25,2.0,11.292944593763838,12.001276680369191,12.348121239298738,12.879570733266947,13.90606782018793,13.492970357501854,13.77783758426991,13.045371090059422,13.780789876581846,13.362251819846449,1.0,1.0,1.0,1.0,1.0,1.0,1.0,1.0,1.0,1.0
387.5,3.0,0.0,0.0,0.0,0.0,0.0,0.0,0.0,0.0,0.0,0.0,0.0,0.0,0.0,0.0,0.0,0.0,0.0,0.0,0.0,0.0
387.75,4.0,15.094276398943892,14.667771762321607,15.21081611292977,15.863766184077212,16.836928001447152,17.804258875349795,18.48367487283024,18.460650189215585,20.08230874978457,20.40566394389191,1.0,1.0,1.0,1.0,1.0,1.0,1.0,1.0,1.0,1.0
388.0,1.0,17.30776912740208,16.145544414332026,15.729983323499349,14.4751333238248,15.84862943944835,15.999137105153698,15.254678963159643,14.420142293479627,14.019291475471933,14.984429004054583,1.0,1.0,1.0,1.0,1.0,1.0,1.0,1.0,1.0,1.0
388.25,2.0,0.0,0.0,0.0,0.0,0.0,0.0,0.0,0.0,0.0,0.0,0.0,0.0,0.0,0.0,0.0,0.0,0.0,0.0,0.0,0.0
388.5,3.0,18.253296561864932,18.15951455278519,15.930759858118849,12.772572119784698,14.46591891495843,15.56155238677289,16.41374782326292,15.396336283446027,16.423389096099047,16.449516633327658,1.0,1.0,1.0,1.0,1.0,1.0,1.0,1.0,1.0,1.0
388.75,4.0,15.426330118796127,15.125995790111084,16.12381215205953,16.594092592563367,17.4479654017431,18.755181749236144,19.227257784652164,20.7507643355328,22.03924835593341,21.826107869477568,1.0,1.0,1.0,1.0,1.0,1.0,1.0,1.0,1.0,1.0
389.0,1.0,16.178669123280685,15.525126572736076,14.27964506033917,14.67343817369875,15.531606083962627,15.668943167530035,14.513522302977664,14.58561632240987,14.008287747432025,14.190741507185685,1.0,1.0,1.0,1.0,1.0,1.0,1.0,1.0,1.0,1.0
389.25,2.0,11.47861801083467,12.685232615472211,14.568963397217262,14.654693345507246,14.75559780905673,13.94533703505044,13.812933142881347,13.291123577410126,13.782099897610042,14.051481472252147,1.0,1.0,1.0,1.0,1.0,1.0,1.0,1.0,1.0,1.0
389.5,3.0,0.0,0.0,0.0,0.0,0.0,0.0,0.0,0.0,0.0,0.0,0.0,0.0,0.0,0.0,0.0,0.0,0.0,0.0,0.0,0.0
389.75,4.0,15.454308259535146,15.92799283225175,16.97188752684567,17.095745373596188,17.480340138023813,19.241645519648785,19.973874527494896,20.272161098431503,21.470653308823692,21.845622240206435,1.0,1.0,1.0,1.0,1.0,1.0,1.0,1.0,1.0,1.0
390.0,1.0,15.151114387437195,13.929496508045256,14.036747350807001,14.48852699873734,15.340355248151793,14.907956026353904,13.866935665653559,12.539938698616787,13.087858013567544,13.67657503318399,1.0,1.0,1.0,1.0,1.0,1.0,1.0,1.0,1.0,1.0
390.25,2.0,0.0,0.0,0.0,0.0,0.0,0.0,0.0,0.0,0.0,0.0,0.0,0.0,0.0,0.0,0.0,0.0,0.0,0.0,0.0,0.0
390.5,3.0,15.24644728971798,14.075413237765156,14.250506753793532,15.683871712920014,16.829882865514577,16.180224364739143,16.160132140818884,15.433072365864366,14.677984695298829,14.704435131915508,1.0,1.0,1.0,1.0,1.0,1.0,1.0,1.0,1.0,1.0
390.75,4.0,14.624006249568616,15.88121596288754,17.491149232724602,17.383574469189043,18.87287223326452,21.089856505546123,21.51220681416929,21.590648506877887,22.3734825281013,21.766814694156032,1.0,1.0,1.0,1.0,1.0,1.0,1.0,1.0,1.0,1.0
391.0,1.0,0.0,0.0,0.0,0.0,0.0,0.0,0.0,0.0,0.0,0.0,0.0,0.0,0.0,0.0,0.0,0.0,0.0,0.0,0.0,0.0
391.25,2.0,0.0,0.0,0.0,0.0,0.0,0.0,0.0,0.0,0.0,0.0,0.0,0.0,0.0,0.0,0.0,0.0,0.0,0.0,0.0,0.0
391.5,3.0,13.472359005978731,13.569682197990453,15.341115804954086,17.192422335857636,16.82472274239017,15.616111045845768,14.720518671530801,13.961009074828683,13.868710316318433,14.39252707515931,1.0,1.0,1.0,1.0,1.0,1.0,1.0,1.0,1.0,1.0
391.75,4.0,0.0,0.0,0.0,0.0,0.0,0.0,0.0,0.0,0.0,0.0,0.0,0.0,0.0,0.0,0.0,0.0,0.0,0.0,0.0,0.0
392.0,1.0,12.257323862052282,11.304531226000973,10.941302450734776,12.234910408309853,14.395922212219004,13.6538970603268,13.26236696677594,13.743075668756047,14.065251075028778,13.879706419829338,1.0,1.0,1.0,1.0,1.0,1.0,1.0,1.0,1.0,1.0
392.25,2.0,12.537890760790408,13.682141440461079,13.025692348228048,12.60097276442027,13.375952346670541,13.056744950302841,12.22931248974034,12.035650289421119,13.04707046842565,13.805650235420607,1.0,1.0,1.0,1.0,1.0,1.0,1.0,1.0,1.0,1.0
392.5,3.0,0.0,0.0,0.0,0.0,0.0,0.0,0.0,0.0,0.0,0.0,0.0,0.0,0.0,0.0,0.0,0.0,0.0,0.0,0.0,0.0
392.75,4.0,13.651204065845079,16.009814146785807,17.10882863580828,18.499931565743367,20.325316020970394,20.34838238534521,19.605868717826517,20.11620520153893,20.356139908207634,19.719226617889138,1.0,1.0,1.0,1.0,1.0,1.0,1.0,1.0,1.0,1.0
393.0,1.0,10.484889730211975,11.582261277843012,11.95130019127936,13.537007251012538,14.470119542910334,13.78547315365513,14.013829341932995,14.390397442527055,14.822026300092045,13.432695987556963,1.0,1.0,1.0,1.0,1.0,1.0,1.0,1.0,1.0,1.0
393.25,2.0,0.0,0.0,0.0,0.0,0.0,0.0,0.0,0.0,0.0,0.0,0.0,0.0,0.0,0.0,0.0,0.0,0.0,0.0,0.0,0.0
393.5,3.0,13.117636255309616,14.041292393223292,15.315256403051892,15.452449443572842,14.151573192889707,14.113649437701959,14.086900508370599,14.07614233394597,14.293736029566944,14.695413815506402,1.0,1.0,1.0,1.0,1.0,1.0,1.0,1.0,1.0,1.0
393.75,4.0,14.934071083164712,16.95036939263897,17.70970628309882,17.549774322427353,19.585852905964877,19.315957854975565,18.571202574843955,19.25602251737733,19.0982696541496,19.20428344747804,1.0,1.0,1.0,1.0,1.0,1.0,1.0,1.0,1.0,1.0
394.0,1.0,0.0,0.0,0.0,0.0,0.0,0.0,0.0,0.0,0.0,0.0,0.0,0.0,0.0,0.0,0.0,0.0,0.0,0.0,0.0,0.0
394.25,2.0,11.336279417425084,11.970398350225496,12.12473931555438,13.720260304516946,13.371827766561331,14.709763105335812,14.492308848391533,14.513564480935868,14.579583331415538,14.850352127518423,1.0,1.0,1.0,1.0,1.0,1.0,1.0,1.0,1.0,1.0
394.5,3.0,0.0,0.0,0.0,0.0,0.0,0.0,0.0,0.0,0.0,0.0,0.0,0.0,0.0,0.0,0.0,0.0,0.0,0.0,0.0,0.0
394.75,4.0,0.0,0.0,0.0,0.0,0.0,0.0,0.0,0.0,0.0,0.0,0.0,0.0,0.0,0.0,0.0,0.0,0.0,0.0,0.0,0.0
395.0,1.0,9.646868525550287,10.812979727487592,12.721700261052824,13.79616671053406,15.070261567010409,13.795024944230569,13.600087876750106,13.681338879968635,15.118091092015197,15.178360369899167,1.0,1.0,1.0,1.0,1.0,1.0,1.0,1.0,1.0,1.0
395.25,2.0,10.042020641494979,11.026004230677975,12.689306587966259,14.501014653564427,14.972862553693114,15.75718799699062,14.690808309013708,14.772190457974697,14.566567537567467,14.83004506278055,1.0,1.0,1.0,1.0,1.0,1.0,1.0,1.0,1.0,1.0
395.5,3.0,0.0,0.0,0.0,0.0,0.0,0.0,0.0,0.0,0.0,0.0,0.0,0.0,0.0,0.0,0.0,0.0,0.0,0.0,0.0,0.0
395.75,4.0,15.186446327324758,16.31326979819743,16.199489717858814,17.16962571672521,17.466961464695547,17.337019637445277,17.536651057152966,18.5471087649536,19.334484642260637,19.834662108720835,1.0,1.0,1.0,1.0,1.0,1.0,1.0,1.0,1.0,1.0
396.0,1.0,11.170079385402259,11.809263950105375,12.759783530094431,13.810765912433789,14.54137699159286,14.012769656581398,14.463473751180203,14.744773957592017,16.386421717322314,16.43863632167307,1.0,1.0,1.0,1.0,1.0,1.0,1.0,1.0,1.0,1.0
396.25,2.0,0.0,0.0,0.0,0.0,0.0,0.0,0.0,0.0,0.0,0.0,0.0,0.0,0.0,0.0,0.0,0.0,0.0,0.0,0.0,0.0
396.5,3.0,14.140775681205719,15.47293245296738,14.087613137235543,14.14310419713679,13.460911042013688,14.505911196533164,14.839817878905926,14.834143162212664,14.42840296218299,15.182638401822654,1.0,1.0,1.0,1.0,1.0,1.0,1.0,1.0,1.0,1.0
396.75,4.0,15.03805754809289,16.325781822566288,16.75252989774937,16.410218379904485,16.872423051634566,18.170322710129142,17.780734967138308,19.101423409887296,19.089685088891216,19.72222847599302,1.0,1.0,1.0,1.0,1.0,1.0,1.0,1.0,1.0,1.0
397.0,1.0,11.460107540906305,12.81017659190414,14.489061088457348,14.448963725197936,14.740914026287934,14.734037627255391,15.426028106327013,16.03569962279082,17.213796553589194,16.586861794265477,1.0,1.0,1.0,1.0,1.0,1.0,1.0,1.0,1.0,1.0
397.25,2.0,9.900418868806444,12.704020521215924,13.668435869216838,14.56767530909722,16.604824868291747,16.277344201690894,15.111443152177156,15.165630477047394,15.92541491814905,15.439286843073841,1.0,1.0,1.0,1.0,1.0,1.0,1.0,1.0,1.0,1.0
397.5,3.0,0.0,0.0,0.0,0.0,0.0,0.0,0.0,0.0,0.0,0.0,0.0,0.0,0.0,0.0,0.0,0.0,0.0,0.0,0.0,0.0
397.75,4.0,15.1341258082949,15.612790729292087,15.577881370974843,16.797439477531235,17.163410279191645,17.861049446367634,17.326371020066198,19.604269267017628,20.186556540230924,20.702846164900432,1.0,1.0,1.0,1.0,1.0,1.0,1.0,1.0,1.0,1.0
398.0,1.0,13.00514296094165,15.327963995190089,16.00801096688787,15.216521992200333,14.368483439090918,14.908842021924013,16.407419223803327,15.599700221821335,16.88028851358701,16.272327081340567,1.0,1.0,1.0,1.0,1.0,1.0,1.0,1.0,1.0,1.0
398.25,2.0,0.0,0.0,0.0,0.0,0.0,0.0,0.0,0.0,0.0,0.0,0.0,0.0,0.0,0.0,0.0,0.0,0.0,0.0,0.0,0.0
398.5,3.0,13.460122624955149,14.071317325178246,13.80739644774157,14.659878356408704,14.363193487798252,16.2134716642456,16.406849363194176,16.05048722128578,16.65997457491053,16.38553618133438,1.0,1.0,1.0,1.0,1.0,1.0,1.0,1.0,1.0,1.0
398.75,4.0,15.745181146627365,16.10238613155704,16.064728083694497,17.73834995359095,18.10570708646054,19.14587901029869,19.380050084849326,20.58006802788788,21.295433210956304,21.667646370628724,1.0,1.0,1.0,1.0,1.0,1.0,1.0,1.0,1.0,1.0
399.0,1.0,0.0,0.0,0.0,0.0,0.0,0.0,0.0,0.0,0.0,0.0,0.0,0.0,0.0,0.0,0.0,0.0,0.0,0.0,0.0,0.0
399.25,2.0,0.0,0.0,0.0,0.0,0.0,0.0,0.0,0.0,0.0,0.0,0.0,0.0,0.0,0.0,0.0,0.0,0.0,0.0,0.0,0.0
399.5,3.0,12.259589960811601,12.50886108733479,13.394988378780049,14.775769747631077,15.505523674033443,17.029785829398705,17.545644012564868,17.218656019932386,17.58717038384371,16.533740167348633,1.0,1.0,1.0,1.0,1.0,1.0,1.0,1.0,1.0,1.0
399.75,4.0,0.0,0.0,0.0,0.0,0.0,0.0,0.0,0.0,0.0,0.0,0.0,0.0,0.0,0.0,0.0,0.0,0.0,0.0,0.0,0.0
400.0,1.0,16.40406871942355,15.71718609333482,15.442088557131553,15.768364722708332,16.318907555763417,16.097870464025007,16.806150577232025,16.194052820053543,17.408745387454726,16.835591278998137,1.0,1.0,1.0,1.0,1.0,1.0,1.0,1.0,1.0,1.0
400.25,2.0,12.759304386802473,14.615164193575946,13.836007819889712,14.982278713884678,16.51082048913022,15.341796706785237,14.103541382222318,13.04278790422559,12.36612241554283,10.7640672620245,1.0,1.0,1.0,1.0,1.0,1.0,1.0,1.0,1.0,1.0
400.5,3.0,0.0,0.0,0.0,0.0,0.0,0.0,0.0,0.0,0.0,0.0,0.0,0.0,0.0,0.0,0.0,0.0,0.0,0.0,0.0,0.0
400.75,4.0,15.936229686684568,17.346982092221065,18.2393070275701,18.7487571039766,19.72486059095482,20.48768686797471,21.575188772295647,21.72274328232948,21.718079739434337,22.28064662732709,1.0,1.0,1.0,1.0,1.0,1.0,1.0,1.0,1.0,1.0
401.0,1.0,16.763191794936194,15.80281882578433,15.409312186881804,13.826800845611192,15.390571342300936,16.87098311882233,16.97526339214233,17.1197720502597,17.824895953134245,16.542439813217218,1.0,1.0,1.0,1.0,1.0,1.0,1.0,1.0,1.0,1.0
401.25,2.0,0.0,0.0,0.0,0.0,0.0,0.0,0.0,0.0,0.0,0.0,0.0,0.0,0.0,0.0,0.0,0.0,0.0,0.0,0.0,0.0
401.5,3.0,10.32869048610564,13.392597049178043,15.398848608776639,15.245325919487113,16.780492859155444,17.9807820595859,16.915102894283685,17.72407497872889,15.751330768185928,15.745141518341715,1.0,1.0,1.0,1.0,1.0,1.0,1.0,1.0,1.0,1.0
401.75,4.0,16.41039563114301,18.124572207028645,19.433448537312593,18.49077636483985,19.717156432314017,20.689894774288284,20.561907786533066,20.794028877976892,21.661095270321276,22.465092192828667,1.0,1.0,1.0,1.0,1.0,1.0,1.0,1.0,1.0,1.0
402.0,1.0,0.0,0.0,0.0,0.0,0.0,0.0,0.0,0.0,0.0,0.0,0.0,0.0,0.0,0.0,0.0,0.0,0.0,0.0,0.0,0.0
402.25,2.0,13.066418809579368,15.982878478279332,14.726183563930004,15.381137018849572,14.69371071043564,13.617439090127624,13.705201535729177,13.035386106233759,12.672223214289197,12.878340067797502,1.0,1.0,1.0,1.0,1.0,1.0,1.0,1.0,1.0,1.0
402.5,3.0,0.0,0.0,0.0,0.0,0.0,0.0,0.0,0.0,0.0,0.0,0.0,0.0,0.0,0.0,0.0,0.0,0.0,0.0,0.0,0.0
402.75,4.0,0.0,0.0,0.0,0.0,0.0,0.0,0.0,0.0,0.0,0.0,0.0,0.0,0.0,0.0,0.0,0.0,0.0,0.0,0.0,0.0
403.0,1.0,15.63289492660617,13.782451849720665,14.5338657025274,15.278011886708455,15.537175289529443,17.11870247343406,15.934795565460261,17.374359695994407,18.02529224908802,18.315386745921607,1.0,1.0,1.0,1.0,1.0,1.0,1.0,1.0,1.0,1.0
403.25,2.0,13.631804444528827,15.687071651080489,14.544692958234286,14.953536799275012,14.76227097296984,14.203714476223263,14.119218669133101,14.022423893367538,14.473464602733761,14.876670514306744,1.0,1.0,1.0,1.0,1.0,1.0,1.0,1.0,1.0,1.0
403.5,3.0,12.98885311952595,14.158715186258668,16.713682736247733,18.565121214512317,18.822397062918544,17.358350305777336,16.564802939034692,16.353122139314696,15.16785852416601,15.742011355468717,1.0,1.0,1.0,1.0,1.0,1.0,1.0,1.0,1.0,1.0
403.75,4.0,18.06948989111836,17.655972847625538,17.511886504633363,18.050301384315585,20.310140824068647,21.288806537096367,21.936155488013796,22.501916500253213,23.84451476037305,24.450689163350173,1.0,1.0,1.0,1.0,1.0,1.0,1.0,1.0,1.0,1.0
404.0,1.0,14.517696139116836,14.091244414479176,14.676867979204095,15.435592165977704,15.643611429720938,16.620799585287923,15.740194039683523,16.76335518924607,17.030353663450946,17.949752661753653,1.0,1.0,1.0,1.0,1.0,1.0,1.0,1.0,1.0,1.0
404.25,2.0,0.0,0.0,0.0,0.0,0.0,0.0,0.0,0.0,0.0,0.0,0.0,0.0,0.0,0.0,0.0,0.0,0.0,0.0,0.0,0.0
404.5,3.0,14.496084496898652,16.535275462950292,19.288008216243615,18.806473883660445,16.857098028434837,16.230996994571374,14.46678262827038,16.367785368328434,15.38853871078589,16.413771079159513,1.0,1.0,1.0,1.0,1.0,1.0,1.0,1.0,1.0,1.0
404.75,4.0,17.667325429310804,16.98305056987932,17.05151335495288,18.746521994352182,21.705405672585606,22.30668764763794,22.348965378480933,22.124836604507873,22.625838485269792,22.83618701940185,1.0,1.0,1.0,1.0,1.0,1.0,1.0,1.0,1.0,1.0
405.0,1.0,15.560867248231098,15.151619744530267,14.397492212356498,14.628327729734554,16.320160192784954,16.74421811739207,16.778741503594798,16.73365369018355,18.734696996488918,18.848552748223092,1.0,1.0,1.0,1.0,1.0,1.0,1.0,1.0,1.0,1.0
405.25,2.0,15.30742431309554,16.294908557765964,14.996513649607824,14.162950125172932,14.153966530862832,13.555175991813146,13.332192162377822,13.397868791651087,14.44903919213034,14.50022349262325,1.0,1.0,1.0,1.0,1.0,1.0,1.0,1.0,1.0,1.0
405.5,3.0,0.0,0.0,0.0,0.0,0.0,0.0,0.0,0.0,0.0,0.0,0.0,0.0,0.0,0.0,0.0,0.0,0.0,0.0,0.0,0.0
405.75,4.0,17.301852649877656,18.083383880251713,18.626608181269614,19.69272778943519,20.87468722668077,21.575262048720536,22.083050535447153,21.77066202123706,22.510339148901373,21.89720576072043,1.0,1.0,1.0,1.0,1.0,1.0,1.0,1.0,1.0,1.0
406.0,1.0,16.049639698240153,15.74546722967012,14.416443691869887,15.04655507302431,15.37475528585092,16.256930901526765,16.308205759171752,17.64951529172238,19.34931078088664,19.649361113347254,1.0,1.0,1.0,1.0,1.0,1.0,1.0,1.0,1.0,1.0
406.25,2.0,0.0,0.0,0.0,0.0,0.0,0.0,0.0,0.0,0.0,0.0,0.0,0.0,0.0,0.0,0.0,0.0,0.0,0.0,0.0,0.0
406.5,3.0,17.702364395565674,20.46752445292726,19.369270126561286,17.217248387435745,16.544718975822914,16.429576372688704,15.806181474333835,16.134551248493338,15.843513788961273,15.410052496296483,1.0,1.0,1.0,1.0,1.0,1.0,1.0,1.0,1.0,1.0
406.75,4.0,18.051808220548963,19.44838901113084,18.423313246942588,18.97115221385588,19.834562629595293,21.28563035121488,22.508242172646323,21.944897094399735,21.06659305658667,20.826752599609797,1.0,1.0,1.0,1.0,1.0,1.0,1.0,1.0,1.0,1.0
407.0,1.0,0.0,0.0,0.0,0.0,0.0,0.0,0.0,0.0,0.0,0.0,0.0,0.0,0.0,0.0,0.0,0.0,0.0,0.0,0.0,0.0
407.25,2.0,15.459543190191761,16.16804073606853,15.1117242172362,15.469892279105654,15.613317851541895,15.080533640900327,14.754112298136596,14.855752825746334,16.13775320958948,15.930098887115268,1.0,1.0,1.0,1.0,1.0,1.0,1.0,1.0,1.0,1.0
407.5,3.0,18.562765557514346,19.37600410551212,18.874088154901962,17.002157198187508,15.894715448273892,16.286643359932928,15.665822759433388,16.156520922251133,15.419340547217802,14.891635700260105,1.0,1.0,1.0,1.0,1.0,1.0,1.0,1.0,1.0,1.0
407.75,4.0,0.0,0.0,0.0,0.0,0.0,0.0,0.0,0.0,0.0,0.0,0.0,0.0,0.0,0.0,0.0,0.0,0.0,0.0,0.0,0.0
408.0,1.0,14.617816908603258,15.040369271624211,14.654771214199378,15.620189880631177,17.256837182868466,18.64777974867566,19.27451082197992,20.506330708621764,20.978835808681808,20.35609324023013,1.0,1.0,1.0,1.0,1.0,1.0,1.0,1.0,1.0,1.0
408.25,2.0,14.988689654474184,14.611281311469591,14.7732437137022,15.849515343829067,15.995874069057722,16.452534953711233,16.860348037723547,16.626675255692767,17.01080661063451,17.22807007607139,1.0,1.0,1.0,1.0,1.0,1.0,1.0,1.0,1.0,1.0
408.5,3.0,0.0,0.0,0.0,0.0,0.0,0.0,0.0,0.0,0.0,0.0,0.0,0.0,0.0,0.0,0.0,0.0,0.0,0.0,0.0,0.0
408.75,4.0,17.869353531046464,17.957212776876702,18.135248244336275,18.768732162916173,18.41258981646471,19.502605970695623,21.64606050095445,21.151934050618095,20.123887179069627,20.366509741900913,1.0,1.0,1.0,1.0,1.0,1.0,1.0,1.0,1.0,1.0
409.0,1.0,14.415001805085579,15.877967871132515,15.552412798743223,17.557185471494673,19.106841922298315,18.72122283224313,19.97889039182811,19.688808179446106,20.91440968828519,20.56666677267262,1.0,1.0,1.0,1.0,1.0,1.0,1.0,1.0,1.0,1.0
409.25,2.0,0.0,0.0,0.0,0.0,0.0,0.0,0.0,0.0,0.0,0.0,0.0,0.0,0.0,0.0,0.0,0.0,0.0,0.0,0.0,0.0
409.5,3.0,16.30132295531191,16.310721367330427,17.333236772995463,17.36497840880736,16.31246149423843,16.126527717387,15.449351070525266,15.816610040060521,15.116297415109926,13.948339732029712,1.0,1.0,1.0,1.0,1.0,1.0,1.0,1.0,1.0,1.0
409.75,4.0,17.060708322434152,18.047226555471386,19.136548176063112,19.81761967212673,19.722411420190966,21.086048397911714,21.674809278076733,20.71399345625232,19.008108010872213,19.77322161263031,1.0,1.0,1.0,1.0,1.0,1.0,1.0,1.0,1.0,1.0
410.0,1.0,14.956242111608535,16.400262799877066,16.247176208911643,18.598191338089194,19.781194271614886,19.803512635508277,20.4643511374148,21.06362821100019,20.506289613504094,20.717973326079843,1.0,1.0,1.0,1.0,1.0,1.0,1.0,1.0,1.0,1.0
410.25,2.0,15.464974902782087,17.070819434522914,16.43161608321417,17.823760194578778,17.314148152036843,15.559604453436593,15.503788477916077,14.832727964449319,15.802947933293005,15.105028790610215,1.0,1.0,1.0,1.0,1.0,1.0,1.0,1.0,1.0,1.0
410.5,3.0,0.0,0.0,0.0,0.0,0.0,0.0,0.0,0.0,0.0,0.0,0.0,0.0,0.0,0.0,0.0,0.0,0.0,0.0,0.0,0.0
410.75,4.0,0.0,0.0,0.0,0.0,0.0,0.0,0.0,0.0,0.0,0.0,0.0,0.0,0.0,0.0,0.0,0.0,0.0,0.0,0.0,0.0
411.0,1.0,16.218750445527025,17.209689045284104,17.375701748046215,18.77641553351142,19.55795125242852,20.09384889006076,20.762421784869954,20.23418654579241,19.874459220259446,19.631126284884928,1.0,1.0,1.0,1.0,1.0,1.0,1.0,1.0,1.0,1.0
411.25,2.0,15.672824777813306,17.985645181005232,17.672882007026463,17.764002583613678,16.812661939717618,15.327596476101515,16.027747314514336,15.197910520102704,15.688472631240282,15.79485873081859,1.0,1.0,1.0,1.0,1.0,1.0,1.0,1.0,1.0,1.0
411.5,3.0,16.517431535855213,16.756854288929148,18.270831584986713,17.387117402538923,15.782654524797138,14.604629426657674,13.39758769910143,14.166554617812443,13.762121773577432,12.641807825238383,1.0,1.0,1.0,1.0,1.0,1.0,1.0,1.0,1.0,1.0
411.75,4.0,17.76832025535509,19.364768629801286,20.84930454726876,21.798056865324693,20.922510031763323,20.052519938181543,20.15179795772531,20.490196679342542,19.9652786895651,20.483775938081635,1.0,1.0,1.0,1.0,1.0,1.0,1.0,1.0,1.0,1.0
412.0,1.0,0.0,0.0,0.0,0.0,0.0,0.0,0.0,0.0,0.0,0.0,0.0,0.0,0.0,0.0,0.0,0.0,0.0,0.0,0.0,0.0
412.25,2.0,0.0,0.0,0.0,0.0,0.0,0.0,0.0,0.0,0.0,0.0,0.0,0.0,0.0,0.0,0.0,0.0,0.0,0.0,0.0,0.0
412.5,3.0,17.176254833656962,17.438770526163516,18.677836270652712,17.043988198244804,14.431583911539718,13.765516506211867,13.47821679739384,13.857686836530105,14.044070947717563,13.710546634501835,1.0,1.0,1.0,1.0,1.0,1.0,1.0,1.0,1.0,1.0
412.75,4.0,18.87051626900681,20.45730351089616,21.17236201338573,19.937816004343645,18.48291789382073,18.484290141020146,19.132200542863213,19.32488854339916,19.703733783845188,20.305500571261998,1.0,1.0,1.0,1.0,1.0,1.0,1.0,1.0,1.0,1.0
413.0,1.0,18.144473076241887,19.120460287446274,18.435796017199394,18.46713354320002,18.784906653008413,18.809947021983557,20.837967570024873,21.060642143079765,21.008154287137856,21.738903753117967,1.0,1.0,1.0,1.0,1.0,1.0,1.0,1.0,1.0,1.0
413.25,2.0,15.859525570315563,17.259530547424564,17.99537951489828,18.746176747815934,17.10529784487847,16.378863126502736,17.521110053709116,16.629134365565015,17.189264716444256,17.721817336739488,1.0,1.0,1.0,1.0,1.0,1.0,1.0,1.0,1.0,1.0
413.5,3.0,0.0,0.0,0.0,0.0,0.0,0.0,0.0,0.0,0.0,0.0,0.0,0.0,0.0,0.0,0.0,0.0,0.0,0.0,0.0,0.0
413.75,4.0,20.64879726239121,21.388142790841066,20.27182565105495,19.015455229423623,17.829019564739344,18.62356189572333,19.97549517474785,20.147157471602334,19.837689999329147,20.416182013606704,1.0,1.0,1.0,1.0,1.0,1.0,1.0,1.0,1.0,1.0
414.0,1.0,18.34150220486441,19.229905466569836,17.62436316550009,17.907442135280522,19.433834066308094,20.102563359021932,21.498885679003784,22.091535516868486,22.6299737874629,22.585090386870498,1.0,1.0,1.0,1.0,1.0,1.0,1.0,1.0,1.0,1.0
414.25,2.0,0.0,0.0,0.0,0.0,0.0,0.0,0.0,0.0,0.0,0.0,0.0,0.0,0.0,0.0,0.0,0.0,0.0,0.0,0.0,0.0
414.5,3.0,18.774056460984923,18.33524276775705,17.762072469607354,16.02427838183725,16.106235189771887,15.31503640558168,15.133735128036692,15.164377156128607,14.675729959295865,14.267606191327609,1.0,1.0,1.0,1.0,1.0,1.0,1.0,1.0,1.0,1.0
414.75,4.0,20.33011538716208,20.63335597691355,19.460353100384566,18.616651078774314,19.426763902066217,20.24843687025746,20.87009520007338,21.164587501243297,19.627122920271972,19.660452976955877,1.0,1.0,1.0,1.0,1.0,1.0,1.0,1.0,1.0,1.0
415.0,1.0,0.0,0.0,0.0,0.0,0.0,0.0,0.0,0.0,0.0,0.0,0.0,0.0,0.0,0.0,0.0,0.0,0.0,0.0,0.0,0.0
415.25,2.0,17.161847938923376,17.073151590690564,19.053968136143848,19.526295682333625,17.688667114222742,16.247216389581844,16.160618430226858,16.38987367520643,16.896228374282572,16.429273676874217,1.0,1.0,1.0,1.0,1.0,1.0,1.0,1.0,1.0,1.0
415.5,3.0,18.28269234735423,17.846100846793604,17.559520758182764,15.578900030396742,14.95450698759423,14.585207004715325,14.083980836209797,14.014516856828248,13.322381066788765,13.533738370469667,1.0,1.0,1.0,1.0,1.0,1.0,1.0,1.0,1.0,1.0
415.75,4.0,0.0,0.0,0.0,0.0,0.0,0.0,0.0,0.0,0.0,0.0,0.0,0.0,0.0,0.0,0.0,0.0,0.0,0.0,0.0,0.0
416.0,1.0,19.83560276056138,19.353605912071107,16.963200911604766,18.062819998470225,19.655252724892815,19.6586421870591,20.25968288534799,20.920629286293355,20.806689890272633,21.35900953251752,1.0,1.0,1.0,1.0,1.0,1.0,1.0,1.0,1.0,1.0
416.25,2.0,17.97355396549963,17.761437309638506,19.64722574302136,19.5269256454404,16.997735716007046,16.629353809845675,17.346787226607365,17.62157304959774,17.05290280565848,16.20559627710923,1.0,1.0,1.0,1.0,1.0,1.0,1.0,1.0,1.0,1.0
416.5,3.0,0.0,0.0,0.0,0.0,0.0,0.0,0.0,0.0,0.0,0.0,0.0,0.0,0.0,0.0,0.0,0.0,0.0,0.0,0.0,0.0
416.75,4.0,19.90478377277942,19.093443011711962,19.220519643601218,19.227576776679115,18.453134009146844,19.514082819611083,19.57292235652683,20.020119854135526,19.03464620830018,19.940298214526127,1.0,1.0,1.0,1.0,1.0,1.0,1.0,1.0,1.0,1.0
417.0,1.0,19.176818787481306,17.984750387997476,16.602269849387657,18.177105281550997,19.323515051144167,19.082589421498902,19.897521297860973,20.68656249761803,20.527099326254152,21.05364879149869,1.0,1.0,1.0,1.0,1.0,1.0,1.0,1.0,1.0,1.0
417.25,2.0,0.0,0.0,0.0,0.0,0.0,0.0,0.0,0.0,0.0,0.0,0.0,0.0,0.0,0.0,0.0,0.0,0.0,0.0,0.0,0.0
417.5,3.0,18.329392965633325,17.4145206507093,16.32553740659011,14.91874314987925,14.614638182394666,13.725749158197532,13.710531626349972,13.36239194303863,12.631639294350434,12.273279119368462,1.0,1.0,1.0,1.0,1.0,1.0,1.0,1.0,1.0,1.0
417.75,4.0,18.800172707010983,19.49083359061679,19.535666963866777,18.899049787375684,17.788868580544417,19.54467416738578,19.89319411705041,20.17908392586318,18.70471864074767,18.268533346703755,1.0,1.0,1.0,1.0,1.0,1.0,1.0,1.0,1.0,1.0
418.0,1.0,17.975107463940187,17.531702709766943,16.925809943885138,17.5205139438968,17.330593826428355,17.775267504913835,18.85360638630458,19.65857176843488,19.771571375931945,19.634486346673853,1.0,1.0,1.0,1.0,1.0,1.0,1.0,1.0,1.0,1.0
418.25,2.0,18.279436594536076,19.828191514835364,18.30336363305359,16.724343390402986,16.273599568628565,16.286080604695165,16.513519656873104,17.203475584999612,16.58803160172574,16.285600040026612,1.0,1.0,1.0,1.0,1.0,1.0,1.0,1.0,1.0,1.0
418.5,3.0,0.0,0.0,0.0,0.0,0.0,0.0,0.0,0.0,0.0,0.0,0.0,0.0,0.0,0.0,0.0,0.0,0.0,0.0,0.0,0.0
418.75,4.0,18.057466691606876,19.821833462351,18.90417231341161,17.508358489487982,17.700775253058314,18.36285374064018,18.483653742331324,17.96408066829181,16.115427078484448,16.88633451449492,1.0,1.0,1.0,1.0,1.0,1.0,1.0,1.0,1.0,1.0
419.0,1.0,17.766862535828295,17.81865854770181,17.632281233928108,17.3072445334585,17.92648360465554,17.776798286795476,18.623652818987612,19.301882567148457,19.512678087382803,19.627325134039577,1.0,1.0,1.0,1.0,1.0,1.0,1.0,1.0,1.0,1.0
419.25,2.0,17.707224513999858,18.467285605449256,16.58590442462964,16.424096339033117,17.083103463924214,16.660847521491927,17.317828182413177,17.21837033271848,16.26680460577466,15.204230612065942,1.0,1.0,1.0,1.0,1.0,1.0,1.0,1.0,1.0,1.0
419.5,3.0,16.92897830917792,17.0716845462083,16.664535398095918,15.288238158560581,14.015024381098515,13.225670202011576,13.044273733334512,12.361620273563592,12.185510804798426,10.4404461744551,1.0,1.0,1.0,1.0,1.0,1.0,1.0,1.0,1.0,1.0
419.75,4.0,18.964022733575522,19.649411757079466,18.2395155713997,16.45802890019588,17.719661362012477,18.004749501872766,17.4499647265938,17.476452646491158,16.533417667684496,17.22691012435525,1.0,1.0,1.0,1.0,1.0,1.0,1.0,1.0,1.0,1.0
420.0,1.0,0.0,0.0,0.0,0.0,0.0,0.0,0.0,0.0,0.0,0.0,0.0,0.0,0.0,0.0,0.0,0.0,0.0,0.0,0.0,0.0
420.25,2.0,0.0,0.0,0.0,0.0,0.0,0.0,0.0,0.0,0.0,0.0,0.0,0.0,0.0,0.0,0.0,0.0,0.0,0.0,0.0,0.0
420.5,3.0,16.683504853399548,16.35998360829586,15.802675211490618,14.135900086522327,12.398431883306706,11.90597186917589,11.735877827861401,11.372772210221608,11.94147181642725,11.855623676350431,1.0,1.0,1.0,1.0,1.0,1.0,1.0,1.0,1.0,1.0
420.75,4.0,0.0,0.0,0.0,0.0,0.0,0.0,0.0,0.0,0.0,0.0,0.0,0.0,0.0,0.0,0.0,0.0,0.0,0.0,0.0,0.0
421.0,1.0,18.93888649209079,18.560226417553334,17.860172549576014,17.081982341405684,17.242280996649825,18.46098852239936,18.287339535857686,18.824002662664842,18.17872995989751,18.20293881296828,1.0,1.0,1.0,1.0,1.0,1.0,1.0,1.0,1.0,1.0
421.25,2.0,14.32580455064022,16.58126759815304,18.522672952478416,18.611507688273804,18.645616107516528,18.06947733702167,18.283415066137543,18.1697798779327,16.687164163111188,15.94330758660322,1.0,1.0,1.0,1.0,1.0,1.0,1.0,1.0,1.0,1.0
421.5,3.0,0.0,0.0,0.0,0.0,0.0,0.0,0.0,0.0,0.0,0.0,0.0,0.0,0.0,0.0,0.0,0.0,0.0,0.0,0.0,0.0
421.75,4.0,19.242236653707092,17.913092745238504,17.268821117715746,17.06987670999249,18.541232963716308,17.591574804468884,17.631436287110358,17.360606489593224,16.5810023277105,17.07684574586623,1.0,1.0,1.0,1.0,1.0,1.0,1.0,1.0,1.0,1.0
422.0,1.0,18.40369428432277,18.635589462014387,17.58091758442294,18.044193292025323,17.752398556572686,17.668891731183454,18.01756056039162,18.441752886389885,18.3179684917132,17.98961702655651,1.0,1.0,1.0,1.0,1.0,1.0,1.0,1.0,1.0,1.0
422.25,2.0,0.0,0.0,0.0,0.0,0.0,0.0,0.0,0.0,0.0,0.0,0.0,0.0,0.0,0.0,0.0,0.0,0.0,0.0,0.0,0.0
422.5,3.0,15.96831143358766,16.58829775335276,15.676810662975132,13.219631487082747,12.883570088449304,12.79298035737336,13.026231911520844,14.160723404265676,14.741346306999386,15.169501649288522,1.0,1.0,1.0,1.0,1.0,1.0,1.0,1.0,1.0,1.0
422.75,4.0,19.819696040395797,18.64820252439021,17.39509734017569,17.99019081809618,17.680550660896238,17.169757357033493,18.290034079923625,17.12954431245798,17.1322149951547,17.45076637682479,1.0,1.0,1.0,1.0,1.0,1.0,1.0,1.0,1.0,1.0
423.0,1.0,0.0,0.0,0.0,0.0,0.0,0.0,0.0,0.0,0.0,0.0,0.0,0.0,0.0,0.0,0.0,0.0,0.0,0.0,0.0,0.0
423.25,2.0,16.410925801846318,19.144620904486192,20.44052863220947,18.903465750076684,19.588308278147007,18.91161646773757,18.89582432488416,18.119055659758924,17.8867174016953,16.64767581245798,1.0,1.0,1.0,1.0,1.0,1.0,1.0,1.0,1.0,1.0
423.5,3.0,0.0,0.0,0.0,0.0,0.0,0.0,0.0,0.0,0.0,0.0,0.0,0.0,0.0,0.0,0.0,0.0,0.0,0.0,0.0,0.0
423.75,4.0,0.0,0.0,0.0,0.0,0.0,0.0,0.0,0.0,0.0,0.0,0.0,0.0,0.0,0.0,0.0,0.0,0.0,0.0,0.0,0.0
424.0,1.0,18.133894094696544,18.876904975078165,18.26679647503058,18.372350063546175,17.502899213106485,17.58622026699886,17.3567907820628,17.9811876691098,17.677282666779654,16.82735658554932,1.0,1.0,1.0,1.0,1.0,1.0,1.0,1.0,1.0,1.0
424.25,2.0,17.50821198068435,20.785729226509762,20.712975493472364,18.13511778832417,19.69633612759849,18.388744636579094,17.905780876464434,17.87215294975081,17.51315644580746,16.998423161693655,1.0,1.0,1.0,1.0,1.0,1.0,1.0,1.0,1.0,1.0
424.5,3.0,0.0,0.0,0.0,0.0,0.0,0.0,0.0,0.0,0.0,0.0,0.0,0.0,0.0,0.0,0.0,0.0,0.0,0.0,0.0,0.0
424.75,4.0,19.409631482801313,19.01387908429149,18.322454325247826,17.90413926046323,16.950542753387644,17.347193626757583,17.858442693832558,18.087098114386922,17.500433025076426,17.39270714604903,1.0,1.0,1.0,1.0,1.0,1.0,1.0,1.0,1.0,1.0
425.0,1.0,18.906906659161372,19.399530422518716,18.578976482324023,18.900846505951982,16.57429855109273,16.71315163977096,16.87251138881582,17.01325909541254,17.10504803028683,16.67407970775271,1.0,1.0,1.0,1.0,1.0,1.0,1.0,1.0,1.0,1.0
425.25,2.0,0.0,0.0,0.0,0.0,0.0,0.0,0.0,0.0,0.0,0.0,0.0,0.0,0.0,0.0,0.0,0.0,0.0,0.0,0.0,0.0
425.5,3.0,17.84470097853429,17.043808728891555,15.895528207384185,15.576063092483155,16.06893998132112,16.256558556838037,15.454833194715407,15.507484860984762,16.551873159100477,16.489634025398793,1.0,1.0,1.0,1.0,1.0,1.0,1.0,1.0,1.0,1.0
425.75,4.0,19.516733379688528,19.414501135055385,18.29094224748251,17.635308495402565,17.401867585266622,18.431775860718766,18.504979686566173,18.72467209132759,16.895341838202352,17.39334704095567,1.0,1.0,1.0,1.0,1.0,1.0,1.0,1.0,1.0,1.0
426.0,1.0,18.04556063560108,18.731462262292297,18.071808469053142,17.444302871189418,16.31336464510814,16.65049338035341,16.840790780617326,16.769154119881257,17.07876489049751,16.75399426722868,1.0,1.0,1.0,1.0,1.0,1.0,1.0,1.0,1.0,1.0
426.25,2.0,18.700707192863117,19.348164696342103,20.926790254896588,18.530388238058464,17.912605357308347,17.262587194792946,16.435658706426846,15.914456898116374,16.933644539768487,16.304827263181135,1.0,1.0,1.0,1.0,1.0,1.0,1.0,1.0,1.0,1.0
426.5,3.0,0.0,0.0,0.0,0.0,0.0,0.0,0.0,0.0,0.0,0.0,0.0,0.0,0.0,0.0,0.0,0.0,0.0,0.0,0.0,0.0
426.75,4.0,19.172659173903394,19.002216934271285,17.95653650867503,18.503121525766613,18.42124253872286,20.068115368400683,19.217151719069903,18.71622296830409,17.39279780496997,17.036141119638433,1.0,1.0,1.0,1.0,1.0,1.0,1.0,1.0,1.0,1.0
427.0,1.0,17.676010507990718,17.018221099916914,16.460759981187532,17.13574496758038,16.827809209792036,16.459083210222968,16.74345980016551,17.268517383071977,17.608263849107235,17.561302019759747,1.0,1.0,1.0,1.0,1.0,1.0,1.0,1.0,1.0,1.0
427.25,2.0,0.0,0.0,0.0,0.0,0.0,0.0,0.0,0.0,0.0,0.0,0.0,0.0,0.0,0.0,0.0,0.0,0.0,0.0,0.0,0.0
427.5,3.0,18.60661864119777,17.538272680632616,18.047103605613568,17.471956856937243,16.353425163873766,17.045229710195546,16.04345283003669,16.20620973075001,16.159082209722335,15.248416471125468,1.0,1.0,1.0,1.0,1.0,1.0,1.0,1.0,1.0,1.0
427.75,4.0,18.527362910729508,17.41392112469616,17.15109251826617,18.027539644975857,18.702753573654487,19.325339632287594,18.53133628122705,18.53608979433512,18.01026202158106,17.955741695929024,1.0,1.0,1.0,1.0,1.0,1.0,1.0,1.0,1.0,1.0
428.0,1.0,0.0,0.0,0.0,0.0,0.0,0.0,0.0,0.0,0.0,0.0,0.0,0.0,0.0,0.0,0.0,0.0,0.0,0.0,0.0,0.0
428.25,2.0,0.0,0.0,0.0,0.0,0.0,0.0,0.0,0.0,0.0,0.0,0.0,0.0,0.0,0.0,0.0,0.0,0.0,0.0,0.0,0.0
428.5,3.0,18.338728408070228,17.500485315722138,18.122569122216916,16.936484920695396,17.76319037496892,17.97898444808855,17.178070727720726,16.346195279784297,16.070448835620567,16.219499681987845,1.0,1.0,1.0,1.0,1.0,1.0,1.0,1.0,1.0,1.0
428.75,4.0,0.0,0.0,0.0,0.0,0.0,0.0,0.0,0.0,0.0,0.0,0.0,0.0,0.0,0.0,0.0,0.0,0.0,0.0,0.0,0.0
429.0,1.0,17.15200236308421,17.02238708653763,17.611648315562928,18.25183304711206,17.662720095854954,17.974493989823646,17.868329055483198,18.670803555360113,17.456097931856135,18.06777057106785,1.0,1.0,1.0,1.0,1.0,1.0,1.0,1.0,1.0,1.0
429.25,2.0,18.406399643629403,17.309893637787894,18.796585990730737,18.41189768882846,16.76295516482024,16.405015930620376,16.244073159733635,15.821670587491667,16.71171255104628,16.903413274082276,1.0,1.0,1.0,1.0,1.0,1.0,1.0,1.0,1.0,1.0
429.5,3.0,0.0,0.0,0.0,0.0,0.0,0.0,0.0,0.0,0.0,0.0,0.0,0.0,0.0,0.0,0.0,0.0,0.0,0.0,0.0,0.0
429.75,4.0,16.20444611283766,16.389352552362666,17.165235583586135,16.88795416000982,17.85377777209732,18.470768046932253,18.810665933021067,18.497353417612775,17.551684600525682,17.41478879512125,1.0,1.0,1.0,1.0,1.0,1.0,1.0,1.0,1.0,1.0
430.0,1.0,17.68293573068377,16.865473111833765,17.366689426535533,17.79720986067059,17.23056375941167,16.792279857164985,16.942885637664368,17.44276615881885,16.54299154003185,17.775982745556156,1.0,1.0,1.0,1.0,1.0,1.0,1.0,1.0,1.0,1.0
430.25,2.0,0.0,0.0,0.0,0.0,0.0,0.0,0.0,0.0,0.0,0.0,0.0,0.0,0.0,0.0,0.0,0.0,0.0,0.0,0.0,0.0
430.5,3.0,17.076609298348473,15.855063483419247,15.738215368571625,16.713595358955036,16.957453306679806,16.830592118016472,16.546074352304515,16.189224739648488,16.463840344621417,15.843054735243733,1.0,1.0,1.0,1.0,1.0,1.0,1.0,1.0,1.0,1.0
430.75,4.0,16.623305495093845,17.444417472135893,17.67622537795636,16.26289267506853,18.29745682358356,18.199004353395942,18.65508778406083,18.247722955310866,18.48811982369622,19.065487526284226,1.0,1.0,1.0,1.0,1.0,1.0,1.0,1.0,1.0,1.0
431.0,1.0,0.0,0.0,0.0,0.0,0.0,0.0,0.0,0.0,0.0,0.0,0.0,0.0,0.0,0.0,0.0,0.0,0.0,0.0,0.0,0.0
431.25,2.0,16.977552423001722,16.498661496136087,16.674353696735338,14.991118452870959,15.105705269502149,14.747841423579663,16.204629119836195,16.054915714597286,16.845027748451347,17.20281095424986,1.0,1.0,1.0,1.0,1.0,1.0,1.0,1.0,1.0,1.0
431.5,3.0,0.0,0.0,0.0,0.0,0.0,0.0,0.0,0.0,0.0,0.0,0.0,0.0,0.0,0.0,0.0,0.0,0.0,0.0,0.0,0.0
431.75,4.0,0.0,0.0,0.0,0.0,0.0,0.0,0.0,0.0,0.0,0.0,0.0,0.0,0.0,0.0,0.0,0.0,0.0,0.0,0.0,0.0
432.0,1.0,17.665161051438364,17.196521040775455,16.35974959461735,16.036546392593333,17.30885889890098,17.098699532626757,16.67321364238693,16.653990554299984,17.114796235637563,17.490730861548332,1.0,1.0,1.0,1.0,1.0,1.0,1.0,1.0,1.0,1.0
432.25,2.0,17.00694480801894,15.675055551558216,16.778665555742084,15.443522634696029,14.487433773734182,14.83605617324914,16.106468560702677,16.694020137065635,17.10088013082371,17.447737909688435,1.0,1.0,1.0,1.0,1.0,1.0,1.0,1.0,1.0,1.0
432.5,3.0,0.0,0.0,0.0,0.0,0.0,0.0,0.0,0.0,0.0,0.0,0.0,0.0,0.0,0.0,0.0,0.0,0.0,0.0,0.0,0.0
432.75,4.0,18.39714212150292,20.068322165659566,18.124032283474175,17.138295397485514,16.41813384904635,16.688967210283987,18.265868661468996,19.406155137224353,20.034716936124727,22.202623746566903,1.0,1.0,1.0,1.0,1.0,1.0,1.0,1.0,1.0,1.0
433.0,1.0,17.58609334429159,16.980084254200232,15.879818326523317,15.967702201511154,16.374657467598674,15.50368836115329,15.93095939392807,16.668870141418267,17.22804110358853,17.548139604943035,1.0,1.0,1.0,1.0,1.0,1.0,1.0,1.0,1.0,1.0
433.25,2.0,0.0,0.0,0.0,0.0,0.0,0.0,0.0,0.0,0.0,0.0,0.0,0.0,0.0,0.0,0.0,0.0,0.0,0.0,0.0,0.0
433.5,3.0,16.023683462646044,15.888219707794255,16.426522016025245,15.332253360228112,15.19566667312125,15.735670545457397,16.400459123725657,17.2413737016318,17.280601848554358,16.470870987614155,1.0,1.0,1.0,1.0,1.0,1.0,1.0,1.0,1.0,1.0
433.75,4.0,18.025859142854063,19.776805622138276,16.99643369450565,16.18899892631844,17.424198450434922,18.299650123625444,20.16589167020649,22.21813193588205,22.859544560660883,23.41354810044853,1.0,1.0,1.0,1.0,1.0,1.0,1.0,1.0,1.0,1.0
434.0,1.0,16.72093318875884,16.326865318588123,16.15430197461814,14.267820869295806,14.195360296735846,14.452758061373501,14.653003458390398,16.82594882936689,17.48134061440257,16.9824516151986,1.0,1.0,1.0,1.0,1.0,1.0,1.0,1.0,1.0,1.0
434.25,2.0,16.668184198102058,16.33178946327979,16.768699175328514,15.369814786472208,15.813894816439198,16.882906020308923,18.17214072155468,16.813828986939228,16.474202554421144,17.017770469626228,1.0,1.0,1.0,1.0,1.0,1.0,1.0,1.0,1.0,1.0
434.5,3.0,0.0,0.0,0.0,0.0,0.0,0.0,0.0,0.0,0.0,0.0,0.0,0.0,0.0,0.0,0.0,0.0,0.0,0.0,0.0,0.0
434.75,4.0,18.58756384178742,18.80293787982704,15.556674774457548,16.67028467082211,18.640854483921636,19.565488799966374,21.03145157717084,21.99838509239851,22.506784655538855,22.58573086744637,1.0,1.0,1.0,1.0,1.0,1.0,1.0,1.0,1.0,1.0
435.0,1.0,17.266091781064354,16.088144898679026,15.448875499881026,14.069268618057409,13.66516903254456,13.996652975631392,14.201143620370079,15.279135923938256,15.874784696508597,15.588226083405624,1.0,1.0,1.0,1.0,1.0,1.0,1.0,1.0,1.0,1.0
435.25,2.0,0.0,0.0,0.0,0.0,0.0,0.0,0.0,0.0,0.0,0.0,0.0,0.0,0.0,0.0,0.0,0.0,0.0,0.0,0.0,0.0
435.5,3.0,15.669471413917487,15.334756361056314,14.94187541978778,17.45515861061851,17.54324752171983,18.165518353655273,18.731857995660057,18.38075770125686,17.653789362234022,17.012037521733657,1.0,1.0,1.0,1.0,1.0,1.0,1.0,1.0,1.0,1.0
435.75,4.0,18.199219092408644,18.942259772681474,17.75101022471199,17.863117559863365,19.334851360728564,19.206443668707035,20.741482890826713,21.636146463496996,21.461093963439847,21.921494985423347,1.0,1.0,1.0,1.0,1.0,1.0,1.0,1.0,1.0,1.0
436.0,1.0,0.0,0.0,0.0,0.0,0.0,0.0,0.0,0.0,0.0,0.0,0.0,0.0,0.0,0.0,0.0,0.0,0.0,0.0,0.0,0.0
436.25,2.0,0.0,0.0,0.0,0.0,0.0,0.0,0.0,0.0,0.0,0.0,0.0,0.0,0.0,0.0,0.0,0.0,0.0,0.0,0.0,0.0
436.5,3.0,15.27073249479316,15.114895527215047,16.02902138499039,17.026289657532015,17.56251784075685,17.314789857542305,17.92835004939064,17.816395809533624,17.532897535382556,16.823987686256007,1.0,1.0,1.0,1.0,1.0,1.0,1.0,1.0,1.0,1.0
436.75,4.0,0.0,0.0,0.0,0.0,0.0,0.0,0.0,0.0,0.0,0.0,0.0,0.0,0.0,0.0,0.0,0.0,0.0,0.0,0.0,0.0
437.0,1.0,16.235421988817222,16.013632614520773,15.399942639283156,14.618723020369098,15.145147534199943,16.009351446023874,15.136272973908106,15.125555918688555,14.830234762536199,15.902878296338699,1.0,1.0,1.0,1.0,1.0,1.0,1.0,1.0,1.0,1.0
437.25,2.0,14.955809892845016,15.773857698895371,16.50813319498891,14.693288572166887,16.081491412973214,16.050969995053705,16.670494106502865,16.679911988993958,17.669356699194346,17.02036966719637,1.0,1.0,1.0,1.0,1.0,1.0,1.0,1.0,1.0,1.0
437.5,3.0,0.0,0.0,0.0,0.0,0.0,0.0,0.0,0.0,0.0,0.0,0.0,0.0,0.0,0.0,0.0,0.0,0.0,0.0,0.0,0.0
437.75,4.0,19.08313170700824,18.91101267170374,19.86188742781173,18.91419902074167,20.434485793570786,20.926463645817527,22.456433753828463,22.094573551587803,21.64921913043289,20.938073985616622,1.0,1.0,1.0,1.0,1.0,1.0,1.0,1.0,1.0,1.0
438.0,1.0,16.394755470757513,16.3316920925268,15.905831697813852,14.3887746761133,16.076362574363674,16.05198911354581,16.142428991318035,16.497136985563632,16.549200005831587,17.002024182923954,1.0,1.0,1.0,1.0,1.0,1.0,1.0,1.0,1.0,1.0
438.25,2.0,0.0,0.0,0.0,0.0,0.0,0.0,0.0,0.0,0.0,0.0,0.0,0.0,0.0,0.0,0.0,0.0,0.0,0.0,0.0,0.0
438.5,3.0,14.476052108504176,14.045482622363089,15.661867844881632,16.286331393844804,18.306208767282985,17.61411821704684,17.963500707909933,17.856271368849203,17.36689259678803,15.652120574257403,1.0,1.0,1.0,1.0,1.0,1.0,1.0,1.0,1.0,1.0
438.75,4.0,18.839303447169897,19.285656140512952,19.868871689697357,20.585185588289654,22.44379434073857,22.552134622705918,22.506150660850768,21.13732554105248,20.419578200816055,19.08215910052172,1.0,1.0,1.0,1.0,1.0,1.0,1.0,1.0,1.0,1.0
439.0,1.0,0.0,0.0,0.0,0.0,0.0,0.0,0.0,0.0,0.0,0.0,0.0,0.0,0.0,0.0,0.0,0.0,0.0,0.0,0.0,0.0
439.25,2.0,16.265687633486554,16.331117178033406,15.915141081811415,15.14931655380641,14.99231637557484,17.111239430435035,17.63561602401087,18.74636372881378,18.732835773949073,18.206016037165778,1.0,1.0,1.0,1.0,1.0,1.0,1.0,1.0,1.0,1.0
439.5,3.0,0.0,0.0,0.0,0.0,0.0,0.0,0.0,0.0,0.0,0.0,0.0,0.0,0.0,0.0,0.0,0.0,0.0,0.0,0.0,0.0
439.75,4.0,0.0,0.0,0.0,0.0,0.0,0.0,0.0,0.0,0.0,0.0,0.0,0.0,0.0,0.0,0.0,0.0,0.0,0.0,0.0,0.0
440.0,1.0,18.30827033398439,16.384135566440637,15.96501477364913,15.40833072571143,16.049836917346873,15.296522124277248,16.370276524376717,17.597545171403187,17.658606693224097,18.07271082336805,1.0,1.0,1.0,1.0,1.0,1.0,1.0,1.0,1.0,1.0
440.25,2.0,16.430253160267156,16.53918212820005,15.266916817689312,14.81937329879462,15.90312167104908,17.00163493115962,17.606762185765334,17.82618718586197,17.66229388022748,16.73388095877948,1.0,1.0,1.0,1.0,1.0,1.0,1.0,1.0,1.0,1.0
440.5,3.0,16.089696827319397,17.50076738880654,17.884732230628543,17.905328574938988,18.495101045662956,18.616739641083587,19.415507927017245,18.231880849001378,16.8007294991619,15.862331281454095,1.0,1.0,1.0,1.0,1.0,1.0,1.0,1.0,1.0,1.0
440.75,4.0,18.217030197450683,18.62677812785037,19.595459479183006,20.448933106683356,20.881334777109313,19.872884414686762,20.474347763187698,19.330349115001436,18.817984912225,17.869983850567674,1.0,1.0,1.0,1.0,1.0,1.0,1.0,1.0,1.0,1.0
441.0,1.0,18.107681240290194,16.23751921167268,15.958272006912186,14.694234630549543,14.358271024114028,14.50250083946833,15.989183617172936,18.15023023082972,18.040358591750522,18.332553531275973,1.0,1.0,1.0,1.0,1.0,1.0,1.0,1.0,1.0,1.0
441.25,2.0,0.0,0.0,0.0,0.0,0.0,0.0,0.0,0.0,0.0,0.0,0.0,0.0,0.0,0.0,0.0,0.0,0.0,0.0,0.0,0.0
441.5,3.0,17.068927690993785,18.88762883031884,19.047186840825358,19.637519197417333,19.585603444940716,19.058592834189028,20.381673520267753,19.02915717594956,17.473028872950234,16.10631532760981,1.0,1.0,1.0,1.0,1.0,1.0,1.0,1.0,1.0,1.0
441.75,4.0,17.998646068132878,19.059582983067347,20.720142915642715,20.194423828798215,18.85785127590127,18.042315473542075,19.7546374245419,18.766711202231775,18.612414230655133,18.509283375863852,1.0,1.0,1.0,1.0,1.0,1.0,1.0,1.0,1.0,1.0
442.0,1.0,17.477501925136178,16.611627168271852,16.16901843575207,14.972516563298973,14.046271997902267,14.921721662899445,16.045668355561038,18.46154869556276,17.17071808653675,18.040824136776582,1.0,1.0,1.0,1.0,1.0,1.0,1.0,1.0,1.0,1.0
442.25,2.0,15.51792132187795,15.386496804349715,15.5706222148879,16.36104767013524,15.313626799896317,16.405969189706155,16.620896745592894,16.239090757787725,15.694710750524278,14.739226599689477,1.0,1.0,1.0,1.0,1.0,1.0,1.0,1.0,1.0,1.0
442.5,3.0,0.0,0.0,0.0,0.0,0.0,0.0,0.0,0.0,0.0,0.0,0.0,0.0,0.0,0.0,0.0,0.0,0.0,0.0,0.0,0.0
442.75,4.0,17.141236676569473,20.729364420864794,21.350605562023766,20.491925031933047,20.038006386351235,18.9510142900665,20.335766106667332,19.184387247802363,18.20020824698515,18.451985212473534,1.0,1.0,1.0,1.0,1.0,1.0,1.0,1.0,1.0,1.0
443.0,1.0,18.27094682738314,17.405099685979053,16.529104442502955,15.608507529473204,14.466585083741204,15.432216199026588,16.39982320733185,18.00797095751896,17.877050743306754,18.57212838565457,1.0,1.0,1.0,1.0,1.0,1.0,1.0,1.0,1.0,1.0
443.25,2.0,0.0,0.0,0.0,0.0,0.0,0.0,0.0,0.0,0.0,0.0,0.0,0.0,0.0,0.0,0.0,0.0,0.0,0.0,0.0,0.0
443.5,3.0,16.986505188726944,18.288656922244627,19.01787153818901,19.75131043494102,18.79169624987023,18.570185704417337,18.1595903572972,17.813943461670657,16.056739687029225,15.133736947188565,1.0,1.0,1.0,1.0,1.0,1.0,1.0,1.0,1.0,1.0
443.75,4.0,18.610635713459487,21.308925158270874,20.92051689376087,20.018763348060908,19.53245970818135,18.62096319565937,19.527609727233433,18.96191496091664,18.693357777435196,19.279124931496742,1.0,1.0,1.0,1.0,1.0,1.0,1.0,1.0,1.0,1.0
444.0,1.0,0.0,0.0,0.0,0.0,0.0,0.0,0.0,0.0,0.0,0.0,0.0,0.0,0.0,0.0,0.0,0.0,0.0,0.0,0.0,0.0
444.25,2.0,0.0,0.0,0.0,0.0,0.0,0.0,0.0,0.0,0.0,0.0,0.0,0.0,0.0,0.0,0.0,0.0,0.0,0.0,0.0,0.0
444.5,3.0,17.480169786865332,18.85324054241151,19.684983886300717,20.01716480028195,18.875843806423347,18.083762711781826,18.12521725560091,17.045517459168767,15.698850514441109,14.867032187110338,1.0,1.0,1.0,1.0,1.0,1.0,1.0,1.0,1.0,1.0
444.75,4.0,0.0,0.0,0.0,0.0,0.0,0.0,0.0,0.0,0.0,0.0,0.0,0.0,0.0,0.0,0.0,0.0,0.0,0.0,0.0,0.0
445.0,1.0,17.188020568691602,19.017914381560043,18.389140894163187,16.342749447914198,14.806923662420164,16.06365822893121,17.26583166044833,17.223008228815708,18.292633909368067,18.188070967353735,1.0,1.0,1.0,1.0,1.0,1.0,1.0,1.0,1.0,1.0
445.25,2.0,15.216083190591243,16.41886163907375,17.22656535348463,15.961074117409764,15.03726735673842,14.77281471513306,14.732312530126249,15.112986565713909,15.510191368790696,15.710412259873872,1.0,1.0,1.0,1.0,1.0,1.0,1.0,1.0,1.0,1.0
445.5,3.0,0.0,0.0,0.0,0.0,0.0,0.0,0.0,0.0,0.0,0.0,0.0,0.0,0.0,0.0,0.0,0.0,0.0,0.0,0.0,0.0
445.75,4.0,19.11715286454391,20.439495933736797,20.523164787178523,19.518766015713076,19.160070872316215,17.803298366707818,18.23008138649768,17.536198354666077,16.649148557316007,17.99880139501732,1.0,1.0,1.0,1.0,1.0,1.0,1.0,1.0,1.0,1.0
446.0,1.0,17.584541398965772,20.019326650218794,18.270763574259895,15.893633400451236,13.943986982089246,14.90409317562678,15.752673904126866,16.219240519687265,17.459583919957097,17.529991874571586,1.0,1.0,1.0,1.0,1.0,1.0,1.0,1.0,1.0,1.0
446.25,2.0,0.0,0.0,0.0,0.0,0.0,0.0,0.0,0.0,0.0,0.0,0.0,0.0,0.0,0.0,0.0,0.0,0.0,0.0,0.0,0.0
446.5,3.0,19.731100330867505,20.91678985573144,20.54171449975447,19.53249029603909,18.51853805884531,18.482898723967597,18.709965016824306,17.703587845398896,15.90418878643436,15.829672215185804,1.0,1.0,1.0,1.0,1.0,1.0,1.0,1.0,1.0,1.0
446.75,4.0,20.864530134433213,21.91203000003093,21.273172886313464,19.041685415580268,17.956945520579055,17.22873949132629,18.11668272582333,17.18602593131553,16.781781836238245,17.424748142440528,1.0,1.0,1.0,1.0,1.0,1.0,1.0,1.0,1.0,1.0
447.0,1.0,0.0,0.0,0.0,0.0,0.0,0.0,0.0,0.0,0.0,0.0,0.0,0.0,0.0,0.0,0.0,0.0,0.0,0.0,0.0,0.0
447.25,2.0,16.703926860399072,16.409867745111644,14.638896404748468,14.481947417082923,15.026813569135191,15.65118640177227,15.692462336127738,15.26256280900989,15.810314022833166,15.954724929790375,1.0,1.0,1.0,1.0,1.0,1.0,1.0,1.0,1.0,1.0
447.5,3.0,0.0,0.0,0.0,0.0,0.0,0.0,0.0,0.0,0.0,0.0,0.0,0.0,0.0,0.0,0.0,0.0,0.0,0.0,0.0,0.0
447.75,4.0,0.0,0.0,0.0,0.0,0.0,0.0,0.0,0.0,0.0,0.0,0.0,0.0,0.0,0.0,0.0,0.0,0.0,0.0,0.0,0.0
448.0,1.0,18.279483989919324,18.534284883227663,17.321655940338143,15.540105058309614,14.056714264303569,14.700095865948551,16.02347261808049,16.733157989544047,16.029126574519193,15.369628626712517,1.0,1.0,1.0,1.0,1.0,1.0,1.0,1.0,1.0,1.0
448.25,2.0,16.14463791752754,15.684247027062028,14.938404462605755,14.566963382043115,15.951848177515616,14.882361017943117,15.234358831948803,15.268730856215694,15.289476767947061,15.51701500140871,1.0,1.0,1.0,1.0,1.0,1.0,1.0,1.0,1.0,1.0
448.5,3.0,19.603547782955374,20.57361090967197,19.067440648387336,18.425996555234768,18.465377554740638,17.481713547143592,17.0019983684766,16.44917050381548,16.441154466739007,16.67292071260148,1.0,1.0,1.0,1.0,1.0,1.0,1.0,1.0,1.0,1.0
448.75,4.0,20.37405434981926,20.52032760961372,20.351318580896717,19.012435061904352,17.325777397210434,16.837714296172713,16.923473994807246,16.349528350574786,17.225400123647415,18.313723911266614,1.0,1.0,1.0,1.0,1.0,1.0,1.0,1.0,1.0,1.0
449.0,1.0,18.195645669515287,19.003199255409626,17.94318515298171,15.918465682861443,15.246051980195404,15.424328859126406,16.828075384080563,16.70632905230066,16.50437235034544,15.540921403313781,1.0,1.0,1.0,1.0,1.0,1.0,1.0,1.0,1.0,1.0
449.25,2.0,0.0,0.0,0.0,0.0,0.0,0.0,0.0,0.0,0.0,0.0,0.0,0.0,0.0,0.0,0.0,0.0,0.0,0.0,0.0,0.0
449.5,3.0,19.007196902588426,19.918177601824247,18.674165284873947,18.163684918711546,19.190777397534134,18.645797061643144,18.121904365152634,17.049993323574125,16.861835994500247,17.494211413261745,1.0,1.0,1.0,1.0,1.0,1.0,1.0,1.0,1.0,1.0
449.75,4.0,20.10861472074301,20.061044839757006,20.26276048006205,18.786148873235028,18.221333314793863,17.722599259179177,17.3977284376951,17.033620686825344,18.379286764022236,19.38100642814514,1.0,1.0,1.0,1.0,1.0,1.0,1.0,1.0,1.0,1.0
450.0,1.0,18.782941531503983,19.45922233416065,16.93778683825616,15.352247680397825,14.77835417881763,15.621126322098293,15.631496290495862,15.795689630718421,15.56100725415979,14.514490647280692,1.0,1.0,1.0,1.0,1.0,1.0,1.0,1.0,1.0,1.0
450.25,2.0,15.170123941780348,14.972485418719833,16.777601644645227,16.654525616121656,18.26213415356336,18.718163602396608,17.90781599965458,17.68575248089198,16.375013336297013,15.387820934544129,1.0,1.0,1.0,1.0,1.0,1.0,1.0,1.0,1.0,1.0
450.5,3.0,0.0,0.0,0.0,0.0,0.0,0.0,0.0,0.0,0.0,0.0,0.0,0.0,0.0,0.0,0.0,0.0,0.0,0.0,0.0,0.0
450.75,4.0,19.341638659536752,19.733819545913708,19.885854971930446,19.17846827028758,17.891186434533875,16.935908129823066,17.764659599242915,17.296635100280067,18.859425840423317,19.385548365449203,1.0,1.0,1.0,1.0,1.0,1.0,1.0,1.0,1.0,1.0
451.0,1.0,17.768238066844866,18.444103541289884,15.090674004337268,15.234971774716955,15.286896948347167,16.05171632034725,15.727200148796921,14.658808439896458,14.157667506477798,13.435635560990965,1.0,1.0,1.0,1.0,1.0,1.0,1.0,1.0,1.0,1.0
451.25,2.0,0.0,0.0,0.0,0.0,0.0,0.0,0.0,0.0,0.0,0.0,0.0,0.0,0.0,0.0,0.0,0.0,0.0,0.0,0.0,0.0
451.5,3.0,18.20931775179151,18.035653833857907,17.33921807300355,18.559032732352808,17.693097135384164,17.53335434015083,17.063125424625515,16.236724847387634,16.432623850196403,15.591166070439682,1.0,1.0,1.0,1.0,1.0,1.0,1.0,1.0,1.0,1.0
451.75,4.0,18.478163798289454,18.879541465858942,19.665825957992702,17.53874676066721,17.00241691254785,17.916952540546955,18.771246900299673,19.378748874665707,19.186706979556053,19.211323044700055,1.0,1.0,1.0,1.0,1.0,1.0,1.0,1.0,1.0,1.0
452.0,1.0,0.0,0.0,0.0,0.0,0.0,0.0,0.0,0.0,0.0,0.0,0.0,0.0,0.0,0.0,0.0,0.0,0.0,0.0,0.0,0.0
452.25,2.0,17.056778496079502,17.062510799560062,17.756683364398597,17.638334402884492,16.584684296121644,16.3698013392683,15.917382792438026,16.54099032720054,16.19970363768241,15.570971590726973,1.0,1.0,1.0,1.0,1.0,1.0,1.0,1.0,1.0,1.0
452.5,3.0,17.07910916752704,18.116558583121435,18.04746867070731,18.843666941413048,17.308343365580182,15.916065820633463,16.2437670020545,15.380478745270125,15.102322536946428,14.161903213032668,1.0,1.0,1.0,1.0,1.0,1.0,1.0,1.0,1.0,1.0
452.75,4.0,0.0,0.0,0.0,0.0,0.0,0.0,0.0,0.0,0.0,0.0,0.0,0.0,0.0,0.0,0.0,0.0,0.0,0.0,0.0,0.0
453.0,1.0,16.703620223873195,16.277270942283206,14.534449499089767,14.792186039991678,13.63991556287925,13.308917096693252,13.262950552563336,14.089612101824896,15.186831266556418,15.256304941463574,1.0,1.0,1.0,1.0,1.0,1.0,1.0,1.0,1.0,1.0
453.25,2.0,17.778438465054535,17.258476260751138,17.25599664572361,17.30746278179876,15.797940714180017,16.44910706795322,15.497381454097367,15.91104762082506,15.184467687019662,14.920255329782366,1.0,1.0,1.0,1.0,1.0,1.0,1.0,1.0,1.0,1.0
453.5,3.0,0.0,0.0,0.0,0.0,0.0,0.0,0.0,0.0,0.0,0.0,0.0,0.0,0.0,0.0,0.0,0.0,0.0,0.0,0.0,0.0
453.75,4.0,18.5834421612395,18.753803723687046,16.817746654206427,17.580749622510595,17.797096116425745,17.584333435933956,18.659954271867715,18.727281435386885,19.065703751383726,19.4258349911684,1.0,1.0,1.0,1.0,1.0,1.0,1.0,1.0,1.0,1.0
454.0,1.0,16.754730460577317,15.188419403189638,15.025652814932469,14.575114318289126,12.375322889784906,12.476197043894786,12.467347122998701,14.962589457098609,14.662050440786611,14.307683451297041,1.0,1.0,1.0,1.0,1.0,1.0,1.0,1.0,1.0,1.0
454.25,2.0,0.0,0.0,0.0,0.0,0.0,0.0,0.0,0.0,0.0,0.0,0.0,0.0,0.0,0.0,0.0,0.0,0.0,0.0,0.0,0.0
454.5,3.0,17.918558116838565,18.78513079781705,16.871747727054082,16.51505218487227,16.821778747100378,15.47496303458875,16.361217145499893,15.100456561322677,13.848506655762968,13.846201605029021,1.0,1.0,1.0,1.0,1.0,1.0,1.0,1.0,1.0,1.0
454.75,4.0,18.025461781948614,18.49039186271941,16.93604840402507,17.42471438024067,17.736920354859947,17.57454586605241,18.21772265670459,18.502276984262775,19.031315094718693,19.522164841738938,1.0,1.0,1.0,1.0,1.0,1.0,1.0,1.0,1.0,1.0
455.0,1.0,16.486809468479876,15.682753355588467,15.431642672079791,13.063654730518369,11.2127989923546,11.926492760253698,12.754580013382498,15.008760238046534,14.627267711362101,14.579103486492611,1.0,1.0,1.0,1.0,1.0,1.0,1.0,1.0,1.0,1.0
455.25,2.0,16.965195148167073,15.3250396008843,16.14082417574567,16.14129358131964,15.507064231469498,15.700247578441129,14.390896735896119,13.958242225816102,13.933943810950698,14.953859741159487,1.0,1.0,1.0,1.0,1.0,1.0,1.0,1.0,1.0,1.0
455.5,3.0,0.0,0.0,0.0,0.0,0.0,0.0,0.0,0.0,0.0,0.0,0.0,0.0,0.0,0.0,0.0,0.0,0.0,0.0,0.0,0.0
455.75,4.0,17.54820887401606,18.132308567698892,16.366347381347104,16.356402731754844,17.32983349706854,18.018707190722903,18.760167693542865,18.742142612442354,20.00784584815104,19.628937507438472,1.0,1.0,1.0,1.0,1.0,1.0,1.0,1.0,1.0,1.0
456.0,1.0,16.647416615103225,15.775526130312734,14.133396739294941,12.443127486905286,12.05838227108412,13.224093695018437,13.815188620343463,13.803328059933492,13.040235716883785,13.057203399832586,1.0,1.0,1.0,1.0,1.0,1.0,1.0,1.0,1.0,1.0
456.25,2.0,16.48182359500721,15.476035644169304,16.07841292063279,15.706245990323644,16.05224313230651,15.216560590103718,14.877873340995547,13.984113174425122,14.230353159825343,14.920793577320662,1.0,1.0,1.0,1.0,1.0,1.0,1.0,1.0,1.0,1.0
456.5,3.0,19.85439958259145,17.3939960211506,15.864518714149387,15.753424218583568,15.93708969290545,14.662436281606649,14.666892215359246,14.835821203093847,14.32755994197687,14.586777129883561,1.0,1.0,1.0,1.0,1.0,1.0,1.0,1.0,1.0,1.0
456.75,4.0,17.072244226624747,17.638441010356246,17.230949509520748,16.860451175540653,18.647971743839122,19.7502434837862,20.605435573312096,20.175800819995303,20.815903326740376,20.29701546194048,1.0,1.0,1.0,1.0,1.0,1.0,1.0,1.0,1.0,1.0
457.0,1.0,0.0,0.0,0.0,0.0,0.0,0.0,0.0,0.0,0.0,0.0,0.0,0.0,0.0,0.0,0.0,0.0,0.0,0.0,0.0,0.0
457.25,2.0,0.0,0.0,0.0,0.0,0.0,0.0,0.0,0.0,0.0,0.0,0.0,0.0,0.0,0.0,0.0,0.0,0.0,0.0,0.0,0.0
457.5,3.0,18.03269464546127,15.231313436870668,14.070418353424603,14.904293899551392,14.995943259024815,14.502660905995958,15.122068043803797,15.633599556394921,15.316172877348277,15.217237669756562,1.0,1.0,1.0,1.0,1.0,1.0,1.0,1.0,1.0,1.0
457.75,4.0,17.90591695979355,18.82021579982946,17.58076547946742,18.36885592017898,20.47797097367514,21.31899232896679,21.66058742957946,20.754503454614632,20.63090497530784,20.746947480344712,1.0,1.0,1.0,1.0,1.0,1.0,1.0,1.0,1.0,1.0
458.0,1.0,14.459245807705129,12.215505343678924,11.28373344341178,11.490031497100318,13.006131930044713,13.708683041991357,13.113876427876693,13.330365460772835,14.182155508075033,12.501665393687233,1.0,1.0,1.0,1.0,1.0,1.0,1.0,1.0,1.0,1.0
458.25,2.0,14.540103355365192,14.477926452673078,14.158592703773195,13.725057199308218,12.518381330954107,13.19024991068112,13.849431393226627,14.189736467701124,14.456070707585395,14.975775692225884,1.0,1.0,1.0,1.0,1.0,1.0,1.0,1.0,1.0,1.0
458.5,3.0,0.0,0.0,0.0,0.0,0.0,0.0,0.0,0.0,0.0,0.0,0.0,0.0,0.0,0.0,0.0,0.0,0.0,0.0,0.0,0.0
458.75,4.0,17.7688947477521,18.663935628451704,17.684315002828935,18.788459843537286,21.51021564158016,22.256619685591197,21.934194960318134,20.965276839356285,20.399703203116665,19.09183519196117,1.0,1.0,1.0,1.0,1.0,1.0,1.0,1.0,1.0,1.0
459.0,1.0,13.716361217633592,12.281159885372452,11.629816615543215,12.162253236207102,11.329394767595792,12.702340985772366,13.370249450930878,13.989096340958334,14.110780536881727,11.80252119910649,1.0,1.0,1.0,1.0,1.0,1.0,1.0,1.0,1.0,1.0
459.25,2.0,0.0,0.0,0.0,0.0,0.0,0.0,0.0,0.0,0.0,0.0,0.0,0.0,0.0,0.0,0.0,0.0,0.0,0.0,0.0,0.0
459.5,3.0,16.00759751439234,15.542945879473,14.97444360090935,16.01573618800797,15.038208976506096,14.571681085810043,14.45699377219242,14.649693265476808,14.53559711800071,14.405409540123863,1.0,1.0,1.0,1.0,1.0,1.0,1.0,1.0,1.0,1.0
459.75,4.0,17.54540281959176,18.23577896765926,18.63075738281054,19.63256647358396,21.299399933310447,21.120173958870353,19.88435482632721,19.47255265858202,19.2927067125492,19.143834715420788,1.0,1.0,1.0,1.0,1.0,1.0,1.0,1.0,1.0,1.0
460.0,1.0,0.0,0.0,0.0,0.0,0.0,0.0,0.0,0.0,0.0,0.0,0.0,0.0,0.0,0.0,0.0,0.0,0.0,0.0,0.0,0.0
460.25,2.0,15.402561902863164,13.744827741291198,14.823729382542219,15.767615503111271,13.903425280635025,13.600198484501965,12.661616558333288,11.796750394730196,10.77291731382507,11.99777196871172,1.0,1.0,1.0,1.0,1.0,1.0,1.0,1.0,1.0,1.0
460.5,3.0,15.729160736968998,16.281519301268915,15.631509082127568,14.69017427519746,14.700436591956219,14.798075494388836,14.50529694398244,14.314555432332481,13.326711234261994,13.347029641886754,1.0,1.0,1.0,1.0,1.0,1.0,1.0,1.0,1.0,1.0
460.75,4.0,0.0,0.0,0.0,0.0,0.0,0.0,0.0,0.0,0.0,0.0,0.0,0.0,0.0,0.0,0.0,0.0,0.0,0.0,0.0,0.0
461.0,1.0,13.62149888431588,12.719063413815073,13.122632896945733,12.902756032619179,11.94284716325627,12.079629630216266,12.218761459017216,12.178061095180762,10.818245257609053,10.979284733475362,1.0,1.0,1.0,1.0,1.0,1.0,1.0,1.0,1.0,1.0
461.25,2.0,14.305843849081691,13.611486300476635,14.347971011606438,13.544141399037747,12.041415050486846,12.404071671674751,12.020732331264911,11.054597056042978,10.681496515119548,12.21974649127955,1.0,1.0,1.0,1.0,1.0,1.0,1.0,1.0,1.0,1.0
461.5,3.0,0.0,0.0,0.0,0.0,0.0,0.0,0.0,0.0,0.0,0.0,0.0,0.0,0.0,0.0,0.0,0.0,0.0,0.0,0.0,0.0
461.75,4.0,17.712927981607255,19.387403138284135,19.666690925528027,19.315799256087747,20.45937713768323,19.207940624594293,18.358688152799964,17.69757423671703,16.715524307344968,17.038250180793085,1.0,1.0,1.0,1.0,1.0,1.0,1.0,1.0,1.0,1.0
462.0,1.0,14.445739365042432,13.125133770248723,13.180392733379598,12.450882649575531,11.010377053150448,12.577594809154022,12.430170748992127,13.217526473298737,11.764452937622382,11.079677941997227,1.0,1.0,1.0,1.0,1.0,1.0,1.0,1.0,1.0,1.0
462.25,2.0,0.0,0.0,0.0,0.0,0.0,0.0,0.0,0.0,0.0,0.0,0.0,0.0,0.0,0.0,0.0,0.0,0.0,0.0,0.0,0.0
462.5,3.0,15.13625125252653,14.60195695737706,15.608650161414221,13.656701863953224,13.506952408269006,12.806409903361923,13.021143623220897,12.040032167512445,12.542865218908146,11.806869622757043,1.0,1.0,1.0,1.0,1.0,1.0,1.0,1.0,1.0,1.0
462.75,4.0,18.82786556326449,20.273687505901727,20.266474817349458,19.642214755402655,17.85697975541884,17.472621197171446,16.71908114897467,16.439897612246018,16.031986141393602,16.813198764903923,1.0,1.0,1.0,1.0,1.0,1.0,1.0,1.0,1.0,1.0
463.0,1.0,13.50824509571785,12.839931931392902,12.517751336162032,13.524829666453991,12.379114282064114,13.11915527249446,12.215952641758776,12.152730411621071,10.607308009367651,10.894846204322,1.0,1.0,1.0,1.0,1.0,1.0,1.0,1.0,1.0,1.0
463.25,2.0,14.29182349156519,13.709648481633103,12.42894441023107,11.980660968355075,12.246860436496625,12.540278313921881,12.267925650155286,10.907718075573001,10.369092785877328,11.785868332110434,1.0,1.0,1.0,1.0,1.0,1.0,1.0,1.0,1.0,1.0
463.5,3.0,0.0,0.0,0.0,0.0,0.0,0.0,0.0,0.0,0.0,0.0,0.0,0.0,0.0,0.0,0.0,0.0,0.0,0.0,0.0,0.0
463.75,4.0,19.392457215459252,19.96828080548426,19.36337070193171,17.542287566222466,17.0447010857096,16.142229766755374,15.662724622244935,15.254824753225703,15.725179077382265,15.726982845794156,1.0,1.0,1.0,1.0,1.0,1.0,1.0,1.0,1.0,1.0
464.0,1.0,12.77612148724715,12.616211585816329,12.712228875479846,13.445303993646712,12.703618665908781,13.030005332173573,12.034119439997545,11.240434295859307,10.766607067616151,11.806804736901944,1.0,1.0,1.0,1.0,1.0,1.0,1.0,1.0,1.0,1.0
464.25,2.0,13.975367481162369,12.792812136787505,12.701853615927405,10.61106574840131,11.728839193267278,11.708686180667646,11.241483876132099,10.260940158694744,10.510519315767297,12.337915584526101,1.0,1.0,1.0,1.0,1.0,1.0,1.0,1.0,1.0,1.0
464.5,3.0,15.519042442539455,14.124877182675263,13.966021157761928,12.477110448929016,11.901149081048537,10.88766054817362,9.378757827819719,9.523680816606676,10.67512246210634,10.91863859597809,1.0,1.0,1.0,1.0,1.0,1.0,1.0,1.0,1.0,1.0
464.75,4.0,18.547938609199004,18.4585210136109,17.524258659619488,15.931917156000061,15.730235927538283,15.067311113624449,15.586559292324356,15.489134531079033,15.963993342651433,15.762155898415285,1.0,1.0,1.0,1.0,1.0,1.0,1.0,1.0,1.0,1.0
465.0,1.0,0.0,0.0,0.0,0.0,0.0,0.0,0.0,0.0,0.0,0.0,0.0,0.0,0.0,0.0,0.0,0.0,0.0,0.0,0.0,0.0
465.25,2.0,0.0,0.0,0.0,0.0,0.0,0.0,0.0,0.0,0.0,0.0,0.0,0.0,0.0,0.0,0.0,0.0,0.0,0.0,0.0,0.0
465.5,3.0,15.354421767732951,13.499184898975862,13.530218117909959,13.38304897036531,12.399180599212604,11.187968916344344,9.92521131634864,9.339064329884735,10.129213075300278,11.061648785454064,1.0,1.0,1.0,1.0,1.0,1.0,1.0,1.0,1.0,1.0
465.75,4.0,0.0,0.0,0.0,0.0,0.0,0.0,0.0,0.0,0.0,0.0,0.0,0.0,0.0,0.0,0.0,0.0,0.0,0.0,0.0,0.0
466.0,1.0,14.08458409358524,12.972130771597502,13.776096704322562,14.262039664734578,13.137901965169702,12.86684536891138,13.765864877800883,13.445875491432655,13.262060521832824,15.151110442402357,1.0,1.0,1.0,1.0,1.0,1.0,1.0,1.0,1.0,1.0
466.25,2.0,14.983036196430874,13.745817756262058,12.813083652809865,12.130744873402344,11.546630960442943,11.113299585451587,9.49226995516237,9.935460133268567,10.638472361882403,12.680530869762471,1.0,1.0,1.0,1.0,1.0,1.0,1.0,1.0,1.0,1.0
466.5,3.0,0.0,0.0,0.0,0.0,0.0,0.0,0.0,0.0,0.0,0.0,0.0,0.0,0.0,0.0,0.0,0.0,0.0,0.0,0.0,0.0
466.75,4.0,15.908275976324296,15.659956636713575,14.007383320460992,13.518245795388456,15.620897356004342,13.802884889025414,14.838637401323131,14.651083368654511,14.981608054525203,15.384067085259353,1.0,1.0,1.0,1.0,1.0,1.0,1.0,1.0,1.0,1.0
467.0,1.0,14.132856001000297,13.58244818939671,14.250044463728365,15.384293084858719,13.761787109729218,13.687965920569813,14.659256836470856,15.370639244614178,15.892485742665965,17.493925548584976,1.0,1.0,1.0,1.0,1.0,1.0,1.0,1.0,1.0,1.0
467.25,2.0,0.0,0.0,0.0,0.0,0.0,0.0,0.0,0.0,0.0,0.0,0.0,0.0,0.0,0.0,0.0,0.0,0.0,0.0,0.0,0.0
467.5,3.0,13.875515010575704,12.701746785808544,11.460991478672472,10.77701465187717,9.763249611336835,8.73015730526428,8.353579648258732,7.953634221340918,9.203958035752418,9.144218539207781,1.0,1.0,1.0,1.0,1.0,1.0,1.0,1.0,1.0,1.0
467.75,4.0,15.274552456746816,14.839905117706891,13.348631658225907,14.185436349138232,14.945979254378626,14.232418176412436,14.902439711615889,14.260115163473852,14.94777350033942,14.74720188735133,1.0,1.0,1.0,1.0,1.0,1.0,1.0,1.0,1.0,1.0
468.0,1.0,0.0,0.0,0.0,0.0,0.0,0.0,0.0,0.0,0.0,0.0,0.0,0.0,0.0,0.0,0.0,0.0,0.0,0.0,0.0,0.0
468.25,2.0,13.705091677351195,12.521398437083805,13.75559296340498,13.118130929944881,11.28597500332699,11.087802987865235,10.96413155900549,11.56656366491286,11.96581574199195,13.745410504715945,1.0,1.0,1.0,1.0,1.0,1.0,1.0,1.0,1.0,1.0
468.5,3.0,0.0,0.0,0.0,0.0,0.0,0.0,0.0,0.0,0.0,0.0,0.0,0.0,0.0,0.0,0.0,0.0,0.0,0.0,0.0,0.0
468.75,4.0,0.0,0.0,0.0,0.0,0.0,0.0,0.0,0.0,0.0,0.0,0.0,0.0,0.0,0.0,0.0,0.0,0.0,0.0,0.0,0.0
469.0,1.0,14.108280672676988,13.76804093639974,13.206956574773914,14.623230259209485,14.597406340655377,17.3852981247076,17.281613648606395,16.450885349947452,16.77569900761496,17.499792331819176,1.0,1.0,1.0,1.0,1.0,1.0,1.0,1.0,1.0,1.0
469.25,2.0,12.91396106295864,12.847167580234808,13.811923285979868,13.482252294639293,11.621886002839627,10.85591631256684,11.84595936708261,12.549469993195872,13.646442801797305,14.181221055932232,1.0,1.0,1.0,1.0,1.0,1.0,1.0,1.0,1.0,1.0
469.5,3.0,0.0,0.0,0.0,0.0,0.0,0.0,0.0,0.0,0.0,0.0,0.0,0.0,0.0,0.0,0.0,0.0,0.0,0.0,0.0,0.0
469.75,4.0,14.622083516456435,13.56938718726565,14.146143182312247,14.139548001141634,15.001162424304344,14.488997521568534,15.734862600820563,16.15863716563514,16.100911892183035,15.707240875898169,1.0,1.0,1.0,1.0,1.0,1.0,1.0,1.0,1.0,1.0
470.0,1.0,13.693275684266949,13.558491094091483,13.818516370026648,15.056802503102283,14.856379163562208,16.75587999115982,16.640056171379328,16.765562150790437,17.81923608432724,18.27927377168887,1.0,1.0,1.0,1.0,1.0,1.0,1.0,1.0,1.0,1.0
470.25,2.0,0.0,0.0,0.0,0.0,0.0,0.0,0.0,0.0,0.0,0.0,0.0,0.0,0.0,0.0,0.0,0.0,0.0,0.0,0.0,0.0
470.5,3.0,13.306294588278883,12.649008282294462,11.068727736501188,10.805274661693892,9.67762823889391,10.425558595337737,10.433945750975319,10.623639493889668,10.019524131147639,9.582608091403046,1.0,1.0,1.0,1.0,1.0,1.0,1.0,1.0,1.0,1.0
470.75,4.0,14.445956612772632,14.563277531944351,14.261991608165749,14.139554041253271,16.094387602068736,15.138324040682498,16.50022038260933,16.817401441522197,15.827444050319029,17.061979436233287,1.0,1.0,1.0,1.0,1.0,1.0,1.0,1.0,1.0,1.0
471.0,1.0,12.508975263423324,13.649639959369436,14.277126616942363,15.821591175404057,15.749569757272514,16.85760332296954,17.23675691685707,17.82296289338117,18.79494942151853,19.058422128830976,1.0,1.0,1.0,1.0,1.0,1.0,1.0,1.0,1.0,1.0
471.25,2.0,12.80703752388474,13.642082985768125,14.384422023124595,13.887502663061705,11.569699543261686,11.888572520544402,13.288460636607303,14.340793332757794,14.742354506491706,15.184387126763847,1.0,1.0,1.0,1.0,1.0,1.0,1.0,1.0,1.0,1.0
471.5,3.0,0.0,0.0,0.0,0.0,0.0,0.0,0.0,0.0,0.0,0.0,0.0,0.0,0.0,0.0,0.0,0.0,0.0,0.0,0.0,0.0
471.75,4.0,14.956454247088356,14.844961891821441,13.98591148370185,14.94380836738037,16.461873918476936,15.806199584500678,16.93311675921104,17.16274162524087,15.93805119740182,17.15071893923884,1.0,1.0,1.0,1.0,1.0,1.0,1.0,1.0,1.0,1.0
472.0,1.0,12.964780212939525,13.123522873429556,15.869739835444859,16.64604578705049,17.208003618165012,17.986840587056296,18.67456693963482,19.197274459540303,19.478032262105206,19.004602602905543,1.0,1.0,1.0,1.0,1.0,1.0,1.0,1.0,1.0,1.0
472.25,2.0,0.0,0.0,0.0,0.0,0.0,0.0,0.0,0.0,0.0,0.0,0.0,0.0,0.0,0.0,0.0,0.0,0.0,0.0,0.0,0.0
472.5,3.0,14.075295167423885,11.77932957680821,10.469743578497319,10.275909523185858,10.82275735233769,11.692142910192121,12.335943179093384,11.99348339633149,12.175308563811823,12.29562250611847,1.0,1.0,1.0,1.0,1.0,1.0,1.0,1.0,1.0,1.0
472.75,4.0,14.474863737858541,13.930162311101636,13.721228910811233,14.806087936579,16.812065531437497,15.674973598654852,17.643957747065365,16.723800170792092,15.790936905047392,16.32771583271985,1.0,1.0,1.0,1.0,1.0,1.0,1.0,1.0,1.0,1.0
473.0,1.0,0.0,0.0,0.0,0.0,0.0,0.0,0.0,0.0,0.0,0.0,0.0,0.0,0.0,0.0,0.0,0.0,0.0,0.0,0.0,0.0
473.25,2.0,0.0,0.0,0.0,0.0,0.0,0.0,0.0,0.0,0.0,0.0,0.0,0.0,0.0,0.0,0.0,0.0,0.0,0.0,0.0,0.0
473.5,3.0,14.24060860030796,12.126738921670409,12.36621713076602,11.376550363972951,11.08217914225551,11.855393256176567,12.928286270110977,12.39578949594489,13.087071664347556,13.55079068437987,1.0,1.0,1.0,1.0,1.0,1.0,1.0,1.0,1.0,1.0
473.75,4.0,0.0,0.0,0.0,0.0,0.0,0.0,0.0,0.0,0.0,0.0,0.0,0.0,0.0,0.0,0.0,0.0,0.0,0.0,0.0,0.0
474.0,1.0,14.273807161045296,13.329098409455954,15.370441824679995,16.35153095153311,17.548313313869983,18.33340882418046,19.103414261667538,19.82678276344463,20.772472436308874,20.514143814879777,1.0,1.0,1.0,1.0,1.0,1.0,1.0,1.0,1.0,1.0
474.25,2.0,15.138156013800177,13.85358903575886,14.06059916817176,14.059431406332036,13.99307426686621,14.572885241869232,14.327346163931606,15.441589539236041,17.595584987976157,17.603778241514476,1.0,1.0,1.0,1.0,1.0,1.0,1.0,1.0,1.0,1.0
474.5,3.0,0.0,0.0,0.0,0.0,0.0,0.0,0.0,0.0,0.0,0.0,0.0,0.0,0.0,0.0,0.0,0.0,0.0,0.0,0.0,0.0
474.75,4.0,15.672063323543114,15.983658550565082,16.250543261609824,16.214849390921795,16.01485112975409,15.14049216530579,16.085566322121018,16.030772237191268,15.128888239534419,15.152871409622806,1.0,1.0,1.0,1.0,1.0,1.0,1.0,1.0,1.0,1.0
475.0,1.0,14.224637268379501,14.176042636088376,15.91128883180548,16.651105590902574,16.58916760985674,18.368383258465983,18.72104933421872,19.276867459589834,20.0163590737572,19.924291796648653,1.0,1.0,1.0,1.0,1.0,1.0,1.0,1.0,1.0,1.0
475.25,2.0,0.0,0.0,0.0,0.0,0.0,0.0,0.0,0.0,0.0,0.0,0.0,0.0,0.0,0.0,0.0,0.0,0.0,0.0,0.0,0.0
475.5,3.0,13.158268219499766,12.478970883156379,12.05845684420711,12.600550854912358,13.663657751103749,14.462151590270507,14.174232169343398,12.814435794461916,12.180551082543763,11.73740466538961,1.0,1.0,1.0,1.0,1.0,1.0,1.0,1.0,1.0,1.0
475.75,4.0,15.31645320606555,15.13452134956554,16.404274668909196,15.237340345168436,15.79330039540198,15.190344918638711,15.337841632221059,15.832806847818675,15.734542633509744,16.470057137646368,1.0,1.0,1.0,1.0,1.0,1.0,1.0,1.0,1.0,1.0
476.0,1.0,0.0,0.0,0.0,0.0,0.0,0.0,0.0,0.0,0.0,0.0,0.0,0.0,0.0,0.0,0.0,0.0,0.0,0.0,0.0,0.0
476.25,2.0,14.46867424390785,13.525478264972485,13.987969580841444,14.189127783067208,15.42612265962356,16.686763788247493,16.46756452558274,16.070821562437544,16.867851947053015,17.264657725224083,1.0,1.0,1.0,1.0,1.0,1.0,1.0,1.0,1.0,1.0
476.5,3.0,0.0,0.0,0.0,0.0,0.0,0.0,0.0,0.0,0.0,0.0,0.0,0.0,0.0,0.0,0.0,0.0,0.0,0.0,0.0,0.0
476.75,4.0,0.0,0.0,0.0,0.0,0.0,0.0,0.0,0.0,0.0,0.0,0.0,0.0,0.0,0.0,0.0,0.0,0.0,0.0,0.0,0.0
477.0,1.0,14.593715453988597,15.375048291535727,15.0592302510621,16.69787988024473,17.76675640032838,19.899064586950562,19.66076588972659,19.93933712641327,19.498920233761474,19.48731927366195,1.0,1.0,1.0,1.0,1.0,1.0,1.0,1.0,1.0,1.0
477.25,2.0,13.568017310575053,13.820321439801106,14.722359313944388,15.980868002936718,17.639489083836075,17.52687681434249,16.68966538930474,16.182538531263102,16.790938848865274,16.309382967072338,1.0,1.0,1.0,1.0,1.0,1.0,1.0,1.0,1.0,1.0
477.5,3.0,0.0,0.0,0.0,0.0,0.0,0.0,0.0,0.0,0.0,0.0,0.0,0.0,0.0,0.0,0.0,0.0,0.0,0.0,0.0,0.0
477.75,4.0,13.144721240668328,12.337468952177547,13.86977841664359,14.491499182107125,14.636625828531757,14.889203715842415,15.64828194190951,16.34802682594628,16.769081071890476,16.73910955447373,1.0,1.0,1.0,1.0,1.0,1.0,1.0,1.0,1.0,1.0
478.0,1.0,14.299711694856587,14.320368715238873,15.727480432570294,16.640682173285825,17.854809938675427,19.79263112110035,19.31594093719511,19.6546680337605,19.825995437796326,19.870473989978382,1.0,1.0,1.0,1.0,1.0,1.0,1.0,1.0,1.0,1.0
478.25,2.0,0.0,0.0,0.0,0.0,0.0,0.0,0.0,0.0,0.0,0.0,0.0,0.0,0.0,0.0,0.0,0.0,0.0,0.0,0.0,0.0
478.5,3.0,14.584679404625296,13.933397977402526,14.11022264574424,14.79959121793355,14.499730301152855,13.595982646599817,12.74203875892802,12.224403572197465,12.529427963538712,11.839670664026418,1.0,1.0,1.0,1.0,1.0,1.0,1.0,1.0,1.0,1.0
478.75,4.0,12.358677972694533,12.20784857877392,13.449681253859712,14.082741547357163,14.615586419445576,15.512544255167459,15.853996467723094,15.918552950837023,16.329087931494808,16.085499152990618,1.0,1.0,1.0,1.0,1.0,1.0,1.0,1.0,1.0,1.0
479.0,1.0,14.389365400633903,15.647604056086209,16.528519291637853,17.914473208049536,18.11464201955724,18.946296755410387,18.129425528344285,18.605835805169352,18.648279365464887,19.04324346017222,1.0,1.0,1.0,1.0,1.0,1.0,1.0,1.0,1.0,1.0
479.25,2.0,15.447823315601243,15.634604046579339,15.724911701204888,15.717606982219074,16.98942142341187,16.196950030943416,15.721163624203133,14.864014379952442,14.574731073541091,14.33809094167599,1.0,1.0,1.0,1.0,1.0,1.0,1.0,1.0,1.0,1.0
479.5,3.0,0.0,0.0,0.0,0.0,0.0,0.0,0.0,0.0,0.0,0.0,0.0,0.0,0.0,0.0,0.0,0.0,0.0,0.0,0.0,0.0
479.75,4.0,13.235251806922104,12.15882758609991,13.817704269387033,14.271836841863724,14.81822473098207,15.589979716336734,15.513349269442656,14.834211370742917,15.356036557151977,15.38019982599415,1.0,1.0,1.0,1.0,1.0,1.0,1.0,1.0,1.0,1.0
480.0,1.0,16.270268603900355,17.01747636071857,17.544426512337015,18.333403536080557,17.007236682380363,17.3341063941943,16.94275491516803,17.42938789145371,17.93363303873391,18.676227938489344,1.0,1.0,1.0,1.0,1.0,1.0,1.0,1.0,1.0,1.0
480.25,2.0,0.0,0.0,0.0,0.0,0.0,0.0,0.0,0.0,0.0,0.0,0.0,0.0,0.0,0.0,0.0,0.0,0.0,0.0,0.0,0.0
480.5,3.0,14.32326345859123,14.538966240592364,15.027091391592242,15.074028252204517,13.823713168180745,13.717402700662754,13.42416470836138,13.353967001189824,14.1465914960963,14.285498900800736,1.0,1.0,1.0,1.0,1.0,1.0,1.0,1.0,1.0,1.0
480.75,4.0,11.766561019591581,11.987081610514005,15.404931752906604,15.702246173404848,16.451300118778907,16.098048352434567,15.296321634080716,14.669502801221174,14.128482742463085,14.015548178635795,1.0,1.0,1.0,1.0,1.0,1.0,1.0,1.0,1.0,1.0
481.0,1.0,0.0,0.0,0.0,0.0,0.0,0.0,0.0,0.0,0.0,0.0,0.0,0.0,0.0,0.0,0.0,0.0,0.0,0.0,0.0,0.0
481.25,2.0,0.0,0.0,0.0,0.0,0.0,0.0,0.0,0.0,0.0,0.0,0.0,0.0,0.0,0.0,0.0,0.0,0.0,0.0,0.0,0.0
481.5,3.0,14.53043797259602,13.558743490270686,14.446098480147214,15.345556225141635,13.276070195989758,12.971184123274563,13.293034903525303,13.65077296043256,13.880347248914275,14.161220489380414,1.0,1.0,1.0,1.0,1.0,1.0,1.0,1.0,1.0,1.0
481.75,4.0,0.0,0.0,0.0,0.0,0.0,0.0,0.0,0.0,0.0,0.0,0.0,0.0,0.0,0.0,0.0,0.0,0.0,0.0,0.0,0.0
482.0,1.0,16.85459700199673,17.779562222623504,16.297546658561163,16.199441984027,16.11434898391818,16.13545432567073,16.267194425893287,16.067246825620337,16.945811084576466,16.89029922305153,1.0,1.0,1.0,1.0,1.0,1.0,1.0,1.0,1.0,1.0
482.25,2.0,15.527118387572008,17.288597785239077,15.577614819067124,16.55302507390386,15.30505691275361,14.92258816202808,14.721941612730916,13.758076881761298,13.652815195154634,12.382166117307507,1.0,1.0,1.0,1.0,1.0,1.0,1.0,1.0,1.0,1.0
482.5,3.0,0.0,0.0,0.0,0.0,0.0,0.0,0.0,0.0,0.0,0.0,0.0,0.0,0.0,0.0,0.0,0.0,0.0,0.0,0.0,0.0
482.75,4.0,14.864570632150045,14.287255420026606,16.122913233540256,16.182864121448937,16.8439826560546,15.534318661717624,14.499118771811569,14.07987414209773,14.732932210441254,15.592312645745672,1.0,1.0,1.0,1.0,1.0,1.0,1.0,1.0,1.0,1.0
483.0,1.0,17.608032865543475,17.463950233266782,16.17005935191763,16.625745250396353,15.745540803946144,16.15209321081046,15.697381490272102,15.143999757697761,16.401546838520442,17.312091631116996,1.0,1.0,1.0,1.0,1.0,1.0,1.0,1.0,1.0,1.0
483.25,2.0,0.0,0.0,0.0,0.0,0.0,0.0,0.0,0.0,0.0,0.0,0.0,0.0,0.0,0.0,0.0,0.0,0.0,0.0,0.0,0.0
483.5,3.0,13.549364871554971,15.336082934650271,15.30631422518141,15.538963344404737,15.878413765622907,14.534185452069854,13.589123584192754,12.642302310705158,12.52043373062587,12.909813495646306,1.0,1.0,1.0,1.0,1.0,1.0,1.0,1.0,1.0,1.0
483.75,4.0,14.572845722613105,14.945774229187865,16.14888444396654,15.747084276324145,16.20156317579921,15.74772157375339,15.903997323049026,16.4300899095026,16.14552906752168,15.595346123428678,1.0,1.0,1.0,1.0,1.0,1.0,1.0,1.0,1.0,1.0
484.0,1.0,0.0,0.0,0.0,0.0,0.0,0.0,0.0,0.0,0.0,0.0,0.0,0.0,0.0,0.0,0.0,0.0,0.0,0.0,0.0,0.0
484.25,2.0,15.986708149650353,17.284562682442516,14.953991050731709,13.413044112533909,13.182154634320566,13.535673440003496,13.453937671323532,12.492000342277937,12.339002073156147,12.154072521395548,1.0,1.0,1.0,1.0,1.0,1.0,1.0,1.0,1.0,1.0
484.5,3.0,0.0,0.0,0.0,0.0,0.0,0.0,0.0,0.0,0.0,0.0,0.0,0.0,0.0,0.0,0.0,0.0,0.0,0.0,0.0,0.0
484.75,4.0,0.0,0.0,0.0,0.0,0.0,0.0,0.0,0.0,0.0,0.0,0.0,0.0,0.0,0.0,0.0,0.0,0.0,0.0,0.0,0.0
485.0,1.0,15.775263441461343,16.817595532127395,15.837056932887123,16.10543255936067,15.678328926417711,16.070030570250452,17.202566991044247,17.69718561999617,17.538299656104154,17.454372002813955,1.0,1.0,1.0,1.0,1.0,1.0,1.0,1.0,1.0,1.0
485.25,2.0,15.830652953032423,16.170460447532214,14.443757998473684,12.908430310578137,12.904839056145867,13.353405663419089,12.45127043819012,12.205742636486127,12.658593109940359,12.97393097824647,1.0,1.0,1.0,1.0,1.0,1.0,1.0,1.0,1.0,1.0
485.5,3.0,16.59856903330996,16.19632167812699,16.20831887654546,14.824317625172636,13.846817940951135,12.477619724685253,12.381249749615254,11.793143256551993,11.543987277188824,10.64462532406321,1.0,1.0,1.0,1.0,1.0,1.0,1.0,1.0,1.0,1.0
485.75,4.0,15.358323159538708,16.54847956064132,17.3769472095708,17.659830602214317,16.627462683133594,16.556618753722635,16.670324928384183,16.220841119026975,16.46052196411083,16.486573408560112,1.0,1.0,1.0,1.0,1.0,1.0,1.0,1.0,1.0,1.0
486.0,1.0,16.324500454344516,17.000884663503523,15.51405711165688,16.104019613276215,16.110653892151536,16.404489749058296,17.56822357709351,17.592223453987582,17.06053447937019,17.192127827675947,1.0,1.0,1.0,1.0,1.0,1.0,1.0,1.0,1.0,1.0
486.25,2.0,0.0,0.0,0.0,0.0,0.0,0.0,0.0,0.0,0.0,0.0,0.0,0.0,0.0,0.0,0.0,0.0,0.0,0.0,0.0,0.0
486.5,3.0,17.175588387427783,16.361913051543198,15.208251526251718,12.431296072074375,12.687238903949103,12.065744277402063,11.433197380945003,10.812713481998756,10.683794089960799,10.470725354107826,1.0,1.0,1.0,1.0,1.0,1.0,1.0,1.0,1.0,1.0
486.75,4.0,16.25198889036869,15.944267973978793,16.273146417725737,16.395573775100967,16.204958591921603,16.658062595901093,16.70504273735983,16.090661216464284,16.808804722618383,16.795967647129785,1.0,1.0,1.0,1.0,1.0,1.0,1.0,1.0,1.0,1.0
487.0,1.0,15.911012772250636,15.69122354929298,14.835814409609805,15.665473259150227,15.918711978580282,15.37883684252668,16.007019632584246,16.188150073902158,15.510703348828546,15.923041536393697,1.0,1.0,1.0,1.0,1.0,1.0,1.0,1.0,1.0,1.0
487.25,2.0,15.829880779051335,14.426540574766262,12.47431756023117,11.996626549071777,11.775854083986518,11.818189462692722,11.787913990432536,12.578072816692867,12.453795268309593,13.648806592918389,1.0,1.0,1.0,1.0,1.0,1.0,1.0,1.0,1.0,1.0
487.5,3.0,0.0,0.0,0.0,0.0,0.0,0.0,0.0,0.0,0.0,0.0,0.0,0.0,0.0,0.0,0.0,0.0,0.0,0.0,0.0,0.0
487.75,4.0,16.648147989617502,15.263769594839983,16.90423138831152,18.328501862338612,17.544161936808127,17.80058293713308,17.61833782854851,16.95052365503477,17.660360348134535,17.50139582782481,1.0,1.0,1.0,1.0,1.0,1.0,1.0,1.0,1.0,1.0
488.0,1.0,15.458228320574728,15.470594766327926,15.657133371715819,15.793490973430611,14.438097914844487,14.152829118315685,14.755348366568874,14.643339524442679,14.057007589467533,14.73517736533374,1.0,1.0,1.0,1.0,1.0,1.0,1.0,1.0,1.0,1.0
488.25,2.0,0.0,0.0,0.0,0.0,0.0,0.0,0.0,0.0,0.0,0.0,0.0,0.0,0.0,0.0,0.0,0.0,0.0,0.0,0.0,0.0
488.5,3.0,15.552175125941854,16.464894723769305,14.227085454813066,11.760905875398393,10.663782054897263,10.452610202122802,10.253569751586552,10.032831686736708,10.676250522634337,11.411098868317119,1.0,1.0,1.0,1.0,1.0,1.0,1.0,1.0,1.0,1.0
488.75,4.0,15.319364435624687,16.179066027137733,17.74773609702667,18.292578004173805,16.84393008891299,17.115451522842395,17.68395982148721,18.03663148907877,18.24157799679709,17.075152633563867,1.0,1.0,1.0,1.0,1.0,1.0,1.0,1.0,1.0,1.0
489.0,1.0,0.0,0.0,0.0,0.0,0.0,0.0,0.0,0.0,0.0,0.0,0.0,0.0,0.0,0.0,0.0,0.0,0.0,0.0,0.0,0.0
489.25,2.0,14.0037586992391,12.709702965780746,12.547055548158351,12.120842171457578,11.079066983567968,10.891469040886996,11.512014070992349,12.603962277585282,12.297798916760721,13.56880129464049,1.0,1.0,1.0,1.0,1.0,1.0,1.0,1.0,1.0,1.0
489.5,3.0,14.61162561307627,15.834597590381273,13.176697651178108,12.067685689374722,10.03289636458926,10.401579826180962,10.531684194196496,10.15766043985292,12.206848971171517,13.052043705588282,1.0,1.0,1.0,1.0,1.0,1.0,1.0,1.0,1.0,1.0
489.75,4.0,0.0,0.0,0.0,0.0,0.0,0.0,0.0,0.0,0.0,0.0,0.0,0.0,0.0,0.0,0.0,0.0,0.0,0.0,0.0,0.0
490.0,1.0,14.38914291423471,14.510280929400604,16.034875817035772,16.46302411584777,15.470406614702323,14.178023260803055,14.710882493448363,14.075507024655598,14.549812945013224,14.919407118503965,1.0,1.0,1.0,1.0,1.0,1.0,1.0,1.0,1.0,1.0
490.25,2.0,13.767564378593542,12.760119407196177,13.062642997289782,12.021299490568362,10.857393213552962,10.245538060716884,10.870438132075657,11.013068094803591,11.947465205113378,12.463482038278743,1.0,1.0,1.0,1.0,1.0,1.0,1.0,1.0,1.0,1.0
490.5,3.0,0.0,0.0,0.0,0.0,0.0,0.0,0.0,0.0,0.0,0.0,0.0,0.0,0.0,0.0,0.0,0.0,0.0,0.0,0.0,0.0
490.75,4.0,16.916744221881938,17.41673813529772,17.708969375371836,16.50319756590031,17.83288278829544,18.2537101889392,19.619425212852473,18.691553476409577,17.49431933038385,16.037133406115935,1.0,1.0,1.0,1.0,1.0,1.0,1.0,1.0,1.0,1.0
491.0,1.0,14.399892340283351,16.11627443920305,16.841239501757496,16.49835206072643,15.514350376197992,14.089221182831736,15.124348173572775,14.466776976893625,14.789870807747274,15.806113484428085,1.0,1.0,1.0,1.0,1.0,1.0,1.0,1.0,1.0,1.0
491.25,2.0,0.0,0.0,0.0,0.0,0.0,0.0,0.0,0.0,0.0,0.0,0.0,0.0,0.0,0.0,0.0,0.0,0.0,0.0,0.0,0.0
491.5,3.0,12.412055981550347,14.51928336167466,13.015557881401245,11.082231522241534,10.681784158192153,10.805369919091795,10.756009443418463,11.820024254334735,13.346596590001832,13.935422129736372,1.0,1.0,1.0,1.0,1.0,1.0,1.0,1.0,1.0,1.0
491.75,4.0,16.89746410912043,17.38891261157715,16.985139544490746,16.72830499731572,19.734668457321302,19.01544318782026,19.4376968664138,17.811963207047558,16.36133306110463,15.969376774546598,1.0,1.0,1.0,1.0,1.0,1.0,1.0,1.0,1.0,1.0
492.0,1.0,15.235624592446582,16.40983057076871,17.237876857115836,17.19806772098186,16.280884366186868,14.686484334504044,16.07427852866736,14.63379078694754,15.023975982007192,16.492854385531366,1.0,1.0,1.0,1.0,1.0,1.0,1.0,1.0,1.0,1.0
492.25,2.0,13.029146097751706,12.104588272709835,12.21198305603929,10.884870299770727,11.48418820168709,10.964335660129334,11.10405157963975,11.515881909943333,12.281269026580599,13.177767174640625,1.0,1.0,1.0,1.0,1.0,1.0,1.0,1.0,1.0,1.0
492.5,3.0,0.0,0.0,0.0,0.0,0.0,0.0,0.0,0.0,0.0,0.0,0.0,0.0,0.0,0.0,0.0,0.0,0.0,0.0,0.0,0.0
492.75,4.0,0.0,0.0,0.0,0.0,0.0,0.0,0.0,0.0,0.0,0.0,0.0,0.0,0.0,0.0,0.0,0.0,0.0,0.0,0.0,0.0
493.0,1.0,15.954231845547762,16.164032170738,17.459483097084096,17.62472888178105,15.97974849071208,14.460040498823096,15.31401942507385,14.714738403186209,15.422814637016108,16.945826867054006,1.0,1.0,1.0,1.0,1.0,1.0,1.0,1.0,1.0,1.0
493.25,2.0,13.500468212827204,11.758199583091699,12.812511877537245,12.28534595765346,11.876780586884083,11.415614700961575,10.779686076095645,11.735568328500479,12.530933835471703,12.304976229314066,1.0,1.0,1.0,1.0,1.0,1.0,1.0,1.0,1.0,1.0
493.5,3.0,14.41233583757372,14.707162458934313,11.972699805370123,11.57450636772928,13.930189119501579,13.165189926255692,13.5803642551277,12.563205769288539,12.58391140181145,11.08358995893253,1.0,1.0,1.0,1.0,1.0,1.0,1.0,1.0,1.0,1.0
493.75,4.0,16.800737642661026,17.21639321331234,18.36236949793187,19.409533948709285,19.359076620519286,19.097018411987676,18.44986185720307,17.59431706526414,15.589714667700507,16.463681444622313,1.0,1.0,1.0,1.0,1.0,1.0,1.0,1.0,1.0,1.0
494.0,1.0,16.165717369755832,16.828443217835332,17.88861414877285,18.338382414165128,16.016307896098937,15.050113753926176,15.113625439135193,14.94422630532689,15.351245154683332,16.627777793850868,1.0,1.0,1.0,1.0,1.0,1.0,1.0,1.0,1.0,1.0
494.25,2.0,0.0,0.0,0.0,0.0,0.0,0.0,0.0,0.0,0.0,0.0,0.0,0.0,0.0,0.0,0.0,0.0,0.0,0.0,0.0,0.0
494.5,3.0,13.759236471715274,13.677550828633281,12.505659934541553,13.010544419176604,14.362407925286128,14.622782000178436,13.956474999624067,12.289708050936882,10.767238108890547,10.229292429108542,1.0,1.0,1.0,1.0,1.0,1.0,1.0,1.0,1.0,1.0
494.75,4.0,16.34568686849685,16.800052051245256,18.442173081839872,19.112634252601655,18.210347530167244,18.069342481380353,17.743535808136613,16.729741110185756,15.11475226624475,15.009159756282813,1.0,1.0,1.0,1.0,1.0,1.0,1.0,1.0,1.0,1.0
495.0,1.0,16.134379526635453,18.472783003251372,19.493495258991953,18.55338253315196,16.18043267167239,15.215437848415316,15.758733601280259,15.094121086581127,14.75359255302467,15.467759169865316,1.0,1.0,1.0,1.0,1.0,1.0,1.0,1.0,1.0,1.0
495.25,2.0,15.169987246808455,14.242126698735563,12.946405141877873,12.681366661709392,14.002230244508869,13.915445045063366,14.824374917851438,13.953476553453013,12.785072579072137,11.672002898746403,1.0,1.0,1.0,1.0,1.0,1.0,1.0,1.0,1.0,1.0
495.5,3.0,0.0,0.0,0.0,0.0,0.0,0.0,0.0,0.0,0.0,0.0,0.0,0.0,0.0,0.0,0.0,0.0,0.0,0.0,0.0,0.0
495.75,4.0,16.17761331470395,17.016108996505697,18.830783278020785,17.08665118829275,17.5962422335494,17.302605755799366,17.353798164893302,16.299697396504587,14.920063347792837,14.203845490765133,1.0,1.0,1.0,1.0,1.0,1.0,1.0,1.0,1.0,1.0
496.0,1.0,17.175883075234847,19.46348546918586,19.447724194687385,17.575374931263504,15.319328660050639,14.302309509984333,15.386598716315058,14.194021488313009,14.04837913586572,15.003742058120418,1.0,1.0,1.0,1.0,1.0,1.0,1.0,1.0,1.0,1.0
496.25,2.0,0.0,0.0,0.0,0.0,0.0,0.0,0.0,0.0,0.0,0.0,0.0,0.0,0.0,0.0,0.0,0.0,0.0,0.0,0.0,0.0
496.5,3.0,11.666370964932657,13.950574529014212,14.834630185371536,14.57770599154363,14.553559125347203,12.624248297981987,11.464157039617211,11.254926152323911,11.026289028096093,12.051674553462473,1.0,1.0,1.0,1.0,1.0,1.0,1.0,1.0,1.0,1.0
496.75,4.0,16.497012165306554,18.169775497183114,18.7727298970403,16.85105287684311,16.93794615529542,16.895774178236564,16.281799016108884,15.288218178409302,15.423920971696825,15.798989546363124,1.0,1.0,1.0,1.0,1.0,1.0,1.0,1.0,1.0,1.0
497.0,1.0,0.0,0.0,0.0,0.0,0.0,0.0,0.0,0.0,0.0,0.0,0.0,0.0,0.0,0.0,0.0,0.0,0.0,0.0,0.0,0.0
497.25,2.0,15.509320046748728,15.383139592906357,14.537541677649854,15.005927753389475,15.460088234907145,14.639645250864573,13.704382283429489,12.523819618378008,12.157854828127386,12.012432306852556,1.0,1.0,1.0,1.0,1.0,1.0,1.0,1.0,1.0,1.0
497.5,3.0,13.053034488751063,15.12799135987384,14.385189362160723,15.27985109563811,13.687464987187965,11.993346832376147,10.99382864640925,11.621912266875322,12.474268354305337,12.5878683685813,1.0,1.0,1.0,1.0,1.0,1.0,1.0,1.0,1.0,1.0
497.75,4.0,0.0,0.0,0.0,0.0,0.0,0.0,0.0,0.0,0.0,0.0,0.0,0.0,0.0,0.0,0.0,0.0,0.0,0.0,0.0,0.0
498.0,1.0,16.558368545512117,17.19005001736964,15.955585097093765,15.310574902679344,15.519404451017841,14.692514831367284,15.959479308930703,14.220615497536487,14.843100153431353,15.565775283701509,1.0,1.0,1.0,1.0,1.0,1.0,1.0,1.0,1.0,1.0
498.25,2.0,15.34814496836696,15.326556900210347,14.47035182482931,15.423811152891574,14.455176693743937,14.276405474328543,13.696115931459525,12.84274028673809,12.631544226721775,13.061609830199306,1.0,1.0,1.0,1.0,1.0,1.0,1.0,1.0,1.0,1.0
498.5,3.0,0.0,0.0,0.0,0.0,0.0,0.0,0.0,0.0,0.0,0.0,0.0,0.0,0.0,0.0,0.0,0.0,0.0,0.0,0.0,0.0
498.75,4.0,16.803472015643475,18.76331008029147,18.504675486063125,16.68415586810131,17.16301572671387,16.594871784969328,16.029323628452854,16.283045658448177,16.198960553909064,16.90845873418661,1.0,1.0,1.0,1.0,1.0,1.0,1.0,1.0,1.0,1.0
499.0,1.0,15.869008963857368,16.736673914135665,16.741335207685985,15.161762284768958,16.44728446738922,15.488548921223547,16.792981994878776,15.790963071863406,15.14334196943353,16.65428648099512,1.0,1.0,1.0,1.0,1.0,1.0,1.0,1.0,1.0,1.0
499.25,2.0,0.0,0.0,0.0,0.0,0.0,0.0,0.0,0.0,0.0,0.0,0.0,0.0,0.0,0.0,0.0,0.0,0.0,0.0,0.0,0.0
499.5,3.0,15.260528990594803,16.173781358233217,13.674003644165445,12.562631973942725,11.796045809431382,11.344752597079554,10.841413869069251,11.132271453122598,11.153125237547357,10.983831295434257,1.0,1.0,1.0,1.0,1.0,1.0,1.0,1.0,1.0,1.0
499.75,4.0,17.201897754743026,17.8241360986646,17.623256964341177,16.708515043622285,16.258738914557387,16.240424476193724,15.99092997287613,16.462567321233134,16.378686514019712,16.713512026322732,1.0,1.0,1.0,1.0,1.0,1.0,1.0,1.0,1.0,1.0
500.0,1.0,16.17926693546561,16.454548135630766,15.477114730752714,15.29508335887665,18.07299441086083,16.777169424386756,16.73899615487292,16.045371527701782,15.752011677092874,16.991589215057225,1.0,1.0,1.0,1.0,1.0,1.0,1.0,1.0,1.0,1.0
500.25,2.0,14.808497281565263,14.275073593766455,14.403017849552597,14.128597645595669,13.145765856500045,13.459423739332633,13.91939096512682,14.181689984883658,14.074545119476667,14.615509012819796,1.0,1.0,1.0,1.0,1.0,1.0,1.0,1.0,1.0,1.0
500.5,3.0,0.0,0.0,0.0,0.0,0.0,0.0,0.0,0.0,0.0,0.0,0.0,0.0,0.0,0.0,0.0,0.0,0.0,0.0,0.0,0.0
500.75,4.0,17.31375394564692,17.36959619127674,17.252286428087377,17.446840667357666,17.044832951674017,16.99778299691447,17.05527152605161,16.67743941517846,17.048336610006412,16.583808481945663,1.0,1.0,1.0,1.0,1.0,1.0,1.0,1.0,1.0,1.0
501.0,1.0,16.437642174141917,16.23245821431092,17.80744671148954,18.093297692073488,17.494713010995664,16.734377882823544,17.335644969430675,16.919347699575518,17.401873113586927,18.77230194038784,1.0,1.0,1.0,1.0,1.0,1.0,1.0,1.0,1.0,1.0
501.25,2.0,15.836354114359393,15.680120905121113,15.023562205486376,13.588820843268806,12.650975327972699,13.508255542240072,14.249492442038521,14.284079069705339,15.09717697194918,15.46499491538609,1.0,1.0,1.0,1.0,1.0,1.0,1.0,1.0,1.0,1.0
501.5,3.0,14.529979930614221,14.013237169637112,11.64870072562093,12.76246478259529,11.889266212609696,11.635059279996005,12.127184323183016,11.562764465259084,11.406181821866062,11.118386255351039,1.0,1.0,1.0,1.0,1.0,1.0,1.0,1.0,1.0,1.0
501.75,4.0,17.55380484694935,16.405129327215086,17.67704924099314,18.323734788222694,17.074104415836587,16.353412653427434,16.683096358738084,16.256799220997955,17.587505386050786,18.18097909609408,1.0,1.0,1.0,1.0,1.0,1.0,1.0,1.0,1.0,1.0
502.0,1.0,0.0,0.0,0.0,0.0,0.0,0.0,0.0,0.0,0.0,0.0,0.0,0.0,0.0,0.0,0.0,0.0,0.0,0.0,0.0,0.0
502.25,2.0,0.0,0.0,0.0,0.0,0.0,0.0,0.0,0.0,0.0,0.0,0.0,0.0,0.0,0.0,0.0,0.0,0.0,0.0,0.0,0.0
502.5,3.0,14.959273893908822,13.839456787107322,10.147046804035426,11.700016010428703,11.913505114436655,12.034106618068218,12.252884859434237,12.21119828292377,11.792032602710357,10.850707931772511,1.0,1.0,1.0,1.0,1.0,1.0,1.0,1.0,1.0,1.0
502.75,4.0,0.0,0.0,0.0,0.0,0.0,0.0,0.0,0.0,0.0,0.0,0.0,0.0,0.0,0.0,0.0,0.0,0.0,0.0,0.0,0.0
503.0,1.0,16.524443718646424,17.7235828439378,18.46905408771946,17.279470551846615,18.027309749468106,17.451369993321148,18.036521013717383,17.56977817819355,18.053815541100395,17.834089372167856,1.0,1.0,1.0,1.0,1.0,1.0,1.0,1.0,1.0,1.0
503.25,2.0,16.504745630667276,17.489686470642006,16.79232023892405,15.910150993015582,15.566042712571225,15.717052272662384,16.726978780086757,15.936850008028365,15.876950948902767,16.034133938985047,1.0,1.0,1.0,1.0,1.0,1.0,1.0,1.0,1.0,1.0
503.5,3.0,0.0,0.0,0.0,0.0,0.0,0.0,0.0,0.0,0.0,0.0,0.0,0.0,0.0,0.0,0.0,0.0,0.0,0.0,0.0,0.0
503.75,4.0,16.684865633961373,16.94059377411546,16.198298235141873,16.00784464361834,16.02146851874574,15.852197693477471,17.47399648066767,17.18148919587654,17.03087903305659,17.387296741990678,1.0,1.0,1.0,1.0,1.0,1.0,1.0,1.0,1.0,1.0
504.0,1.0,18.027730905475707,19.103974483503837,19.043069013454403,17.698004448515707,17.17293282491928,17.658394543982354,18.30211769628157,16.683053560415583,17.362070088017767,17.85711951578019,1.0,1.0,1.0,1.0,1.0,1.0,1.0,1.0,1.0,1.0
504.25,2.0,0.0,0.0,0.0,0.0,0.0,0.0,0.0,0.0,0.0,0.0,0.0,0.0,0.0,0.0,0.0,0.0,0.0,0.0,0.0,0.0
504.5,3.0,12.869440648156534,11.410553459823493,9.024707086111235,10.117812908800543,11.686009741495878,13.260193338324722,12.682632390449982,12.937060401944674,13.116371101887141,12.982856935566478,1.0,1.0,1.0,1.0,1.0,1.0,1.0,1.0,1.0,1.0
504.75,4.0,16.80305517390388,17.037643182228383,15.913144963713819,16.312607396497523,15.80677488548992,16.31731018307098,17.70690040294826,17.468242777127653,17.898063432923927,17.88646751236942,1.0,1.0,1.0,1.0,1.0,1.0,1.0,1.0,1.0,1.0
505.0,1.0,0.0,0.0,0.0,0.0,0.0,0.0,0.0,0.0,0.0,0.0,0.0,0.0,0.0,0.0,0.0,0.0,0.0,0.0,0.0,0.0
505.25,2.0,18.09117278316197,17.523866093468207,16.353283023161627,15.729754617559296,15.175466491195511,15.713149539095646,15.86619525357625,15.608424976124185,15.856041603986963,15.800839958938257,1.0,1.0,1.0,1.0,1.0,1.0,1.0,1.0,1.0,1.0
505.5,3.0,0.0,0.0,0.0,0.0,0.0,0.0,0.0,0.0,0.0,0.0,0.0,0.0,0.0,0.0,0.0,0.0,0.0,0.0,0.0,0.0
505.75,4.0,0.0,0.0,0.0,0.0,0.0,0.0,0.0,0.0,0.0,0.0,0.0,0.0,0.0,0.0,0.0,0.0,0.0,0.0,0.0,0.0
506.0,1.0,18.458446613633505,20.224069988117495,19.159379086072743,18.380769536732736,17.307438777032125,17.577840308395817,17.377289028993133,16.464983832025634,16.428369172124523,16.863462096785565,1.0,1.0,1.0,1.0,1.0,1.0,1.0,1.0,1.0,1.0
506.25,2.0,17.94216155916981,17.169281465244335,16.730491702023425,16.137866717369064,15.30428329421663,15.808214429106208,15.718930503013194,15.129764599670102,15.010384880284933,14.177238806174053,1.0,1.0,1.0,1.0,1.0,1.0,1.0,1.0,1.0,1.0
506.5,3.0,0.0,0.0,0.0,0.0,0.0,0.0,0.0,0.0,0.0,0.0,0.0,0.0,0.0,0.0,0.0,0.0,0.0,0.0,0.0,0.0
506.75,4.0,16.90448125632388,15.200963815028606,15.089023834957738,16.676655713573535,16.677450715535223,17.038647391668114,17.209581259636387,16.883705060871854,17.812802607994964,18.46390824692914,1.0,1.0,1.0,1.0,1.0,1.0,1.0,1.0,1.0,1.0
507.0,1.0,18.079974814849002,19.94029775175317,17.195634876961552,16.79006375560261,16.8209743367739,16.345595212433054,16.535565652673363,15.878623725908616,16.639504576537647,15.577808376124539,1.0,1.0,1.0,1.0,1.0,1.0,1.0,1.0,1.0,1.0
507.25,2.0,0.0,0.0,0.0,0.0,0.0,0.0,0.0,0.0,0.0,0.0,0.0,0.0,0.0,0.0,0.0,0.0,0.0,0.0,0.0,0.0
507.5,3.0,12.915440906013986,13.614505703655583,12.354714968262098,12.3165021883372,11.187916983909387,12.66475525826784,12.706572959932156,13.04374473029684,13.504711177495384,12.554878823468641,1.0,1.0,1.0,1.0,1.0,1.0,1.0,1.0,1.0,1.0
507.75,4.0,15.836366241787642,15.56361734494174,15.752510385686906,16.87906875104164,16.60239553094359,16.007938938952222,16.50305772635479,15.993628117452191,17.733910973301843,18.422599384163092,1.0,1.0,1.0,1.0,1.0,1.0,1.0,1.0,1.0,1.0
508.0,1.0,18.921773469548544,18.77524975089483,15.750427815268916,16.37891445363729,15.717166668623891,16.11185973845177,15.370564450914667,15.291779978164998,15.403754484413946,14.906911837871633,1.0,1.0,1.0,1.0,1.0,1.0,1.0,1.0,1.0,1.0
508.25,2.0,18.853637706755805,19.94888786524204,17.796973838983412,15.839796463057594,13.338972176678217,13.797638047356966,13.759052923166486,13.387814050749865,14.219847486578324,14.164638677946094,1.0,1.0,1.0,1.0,1.0,1.0,1.0,1.0,1.0,1.0
508.5,3.0,0.0,0.0,0.0,0.0,0.0,0.0,0.0,0.0,0.0,0.0,0.0,0.0,0.0,0.0,0.0,0.0,0.0,0.0,0.0,0.0
508.75,4.0,15.694489340678984,15.702746136204304,15.620093956694651,16.092761785137498,16.229840738038607,16.396238285404365,16.009786038475262,15.283994669352857,16.60308053985272,16.764875358080463,1.0,1.0,1.0,1.0,1.0,1.0,1.0,1.0,1.0,1.0
509.0,1.0,17.215133897175406,17.293360547322767,17.13249584884312,17.749146332124116,15.464330217199581,15.37823708785907,15.400493802375765,15.3534627201707,15.648041239616939,14.948273820054743,1.0,1.0,1.0,1.0,1.0,1.0,1.0,1.0,1.0,1.0
509.25,2.0,0.0,0.0,0.0,0.0,0.0,0.0,0.0,0.0,0.0,0.0,0.0,0.0,0.0,0.0,0.0,0.0,0.0,0.0,0.0,0.0
509.5,3.0,14.06741198260124,13.411057713254213,12.247926025120808,11.855190032011764,12.390553147206264,13.013394885868436,11.721363957212962,12.46186985376383,13.124247751106052,12.829334658502132,1.0,1.0,1.0,1.0,1.0,1.0,1.0,1.0,1.0,1.0
509.75,4.0,16.123109795352125,16.122822267372296,15.970227898179981,15.407414563465611,15.507392553157667,15.247667261576794,14.719647871241893,14.48941170532319,15.669216678935916,16.806293597008608,1.0,1.0,1.0,1.0,1.0,1.0,1.0,1.0,1.0,1.0
510.0,1.0,0.0,0.0,0.0,0.0,0.0,0.0,0.0,0.0,0.0,0.0,0.0,0.0,0.0,0.0,0.0,0.0,0.0,0.0,0.0,0.0
510.25,2.0,0.0,0.0,0.0,0.0,0.0,0.0,0.0,0.0,0.0,0.0,0.0,0.0,0.0,0.0,0.0,0.0,0.0,0.0,0.0,0.0
510.5,3.0,13.870416683613366,13.09120882256984,12.313078326470608,12.824365061570669,14.048736889314759,13.815778873256741,12.829804877485053,12.721597125530943,13.038972048859172,13.172894787715917,1.0,1.0,1.0,1.0,1.0,1.0,1.0,1.0,1.0,1.0
510.75,4.0,0.0,0.0,0.0,0.0,0.0,0.0,0.0,0.0,0.0,0.0,0.0,0.0,0.0,0.0,0.0,0.0,0.0,0.0,0.0,0.0
511.0,1.0,17.16196913494231,17.3914231651509,19.12638130557653,17.995930462216705,15.45349346309125,14.856920155161115,15.213631342774972,14.887730296895679,15.83675417092086,15.69640541261807,1.0,1.0,1.0,1.0,1.0,1.0,1.0,1.0,1.0,1.0
511.25,2.0,18.35690399908157,18.143580776323553,16.29907533565809,15.178824567340952,13.843264663166932,13.368494414871599,13.178316728635604,13.402560062823461,13.024947108394308,13.410486325571359,1.0,1.0,1.0,1.0,1.0,1.0,1.0,1.0,1.0,1.0
511.5,3.0,0.0,0.0,0.0,0.0,0.0,0.0,0.0,0.0,0.0,0.0,0.0,0.0,0.0,0.0,0.0,0.0,0.0,0.0,0.0,0.0
511.75,4.0,17.129492350586567,15.654724720554475,14.23164257029529,13.354000575764276,10.96501911035029,12.686853459628765,13.328955849050823,14.456497096722268,15.176408879570428,16.32835573146954,1.0,1.0,1.0,1.0,1.0,1.0,1.0,1.0,1.0,1.0
512.0,1.0,15.605284397563155,17.323350553945932,18.817706958595284,16.898578499265696,14.799890678815558,15.444344351536218,15.89836142516128,14.780132079429269,16.29015571902277,15.585995550113942,1.0,1.0,1.0,1.0,1.0,1.0,1.0,1.0,1.0,1.0
512.25,2.0,0.0,0.0,0.0,0.0,0.0,0.0,0.0,0.0,0.0,0.0,0.0,0.0,0.0,0.0,0.0,0.0,0.0,0.0,0.0,0.0
512.5,3.0,12.150447380259086,12.289628126600745,12.890678168565579,13.37398448768027,14.687854937600884,13.977930665877798,12.855637540531335,13.127393089712255,11.687171439934826,11.49766744779352,1.0,1.0,1.0,1.0,1.0,1.0,1.0,1.0,1.0,1.0
512.75,4.0,16.026350462173678,13.77308002995443,14.649428216410268,14.131437037516399,12.090087828352583,13.557792965459685,14.817452863991113,15.926271220750042,15.56771623733087,17.142372465781783,1.0,1.0,1.0,1.0,1.0,1.0,1.0,1.0,1.0,1.0
513.0,1.0,0.0,0.0,0.0,0.0,0.0,0.0,0.0,0.0,0.0,0.0,0.0,0.0,0.0,0.0,0.0,0.0,0.0,0.0,0.0,0.0
513.25,2.0,16.861339875373016,16.605424398765592,14.553274813988743,13.72802529859322,12.356678200969327,13.203270373967824,13.7378857127287,14.11837640218054,14.440239255971402,14.820241052233758,1.0,1.0,1.0,1.0,1.0,1.0,1.0,1.0,1.0,1.0
513.5,3.0,0.0,0.0,0.0,0.0,0.0,0.0,0.0,0.0,0.0,0.0,0.0,0.0,0.0,0.0,0.0,0.0,0.0,0.0,0.0,0.0
513.75,4.0,0.0,0.0,0.0,0.0,0.0,0.0,0.0,0.0,0.0,0.0,0.0,0.0,0.0,0.0,0.0,0.0,0.0,0.0,0.0,0.0
514.0,1.0,15.374128481754791,18.252606907668394,17.135215326306614,16.062252983943356,16.18689454304228,14.74472798929561,15.823467055834403,15.687008854757316,16.23573833321585,15.651691013212556,1.0,1.0,1.0,1.0,1.0,1.0,1.0,1.0,1.0,1.0
514.25,2.0,16.3897706880263,17.014661647811955,15.53174368387816,14.094399057977267,12.070854604836244,13.649891841302889,14.448931445865407,14.049998540210867,14.15270356003853,13.811082972307743,1.0,1.0,1.0,1.0,1.0,1.0,1.0,1.0,1.0,1.0
514.5,3.0,0.0,0.0,0.0,0.0,0.0,0.0,0.0,0.0,0.0,0.0,0.0,0.0,0.0,0.0,0.0,0.0,0.0,0.0,0.0,0.0
514.75,4.0,15.112710726604332,15.442985998618921,15.002478826862466,14.649286419539699,15.902592583417652,16.16128246563429,15.322336552505353,15.618209605085383,16.514082551180643,16.296176849484556,1.0,1.0,1.0,1.0,1.0,1.0,1.0,1.0,1.0,1.0
515.0,1.0,16.542130252639826,18.54371105720188,16.56303912133106,15.97742726004262,15.396114521007362,15.27472670793262,14.871553265998498,16.298880793864377,17.222311793562216,16.617317312625033,1.0,1.0,1.0,1.0,1.0,1.0,1.0,1.0,1.0,1.0
515.25,2.0,0.0,0.0,0.0,0.0,0.0,0.0,0.0,0.0,0.0,0.0,0.0,0.0,0.0,0.0,0.0,0.0,0.0,0.0,0.0,0.0
515.5,3.0,13.07279286027117,13.049770117032612,13.465166630465099,14.585886881351001,13.719273008912063,12.44648937338162,12.271144047904333,12.01559624427752,12.732005100308859,13.596767319641843,1.0,1.0,1.0,1.0,1.0,1.0,1.0,1.0,1.0,1.0
515.75,4.0,16.449269349686087,15.749962575580726,14.636617173384183,14.673685513426856,15.335409339647338,15.742168213367156,14.061829815949409,14.44554982885888,15.150276038652647,14.784670762390794,1.0,1.0,1.0,1.0,1.0,1.0,1.0,1.0,1.0,1.0
516.0,1.0,16.690724276678708,16.467933655174132,16.402828972240076,15.713060068506909,15.072151667232772,16.112968760191066,15.711547919253357,15.867004017611015,16.772895611953842,16.440230805806394,1.0,1.0,1.0,1.0,1.0,1.0,1.0,1.0,1.0,1.0
516.25,2.0,15.934603328246597,15.646124078365292,14.172068871015775,12.65229301774387,12.136872869955258,12.23387056118219,13.34645975621614,12.71355715817837,13.391900351635845,14.113118499075613,1.0,1.0,1.0,1.0,1.0,1.0,1.0,1.0,1.0,1.0
516.5,3.0,0.0,0.0,0.0,0.0,0.0,0.0,0.0,0.0,0.0,0.0,0.0,0.0,0.0,0.0,0.0,0.0,0.0,0.0,0.0,0.0
516.75,4.0,15.428087037848004,15.812115294269883,15.84605430469902,14.443815862597372,15.583974500422183,14.806677764502268,14.05938559705842,14.08256049532579,15.196880390346848,15.584540995460438,1.0,1.0,1.0,1.0,1.0,1.0,1.0,1.0,1.0,1.0
517.0,1.0,17.033634561100346,17.331517906331452,17.14085152061911,16.50005708631066,14.874149599055961,15.715534029712655,14.787512286908747,15.448699076774528,16.07678357380743,16.956331581685525,1.0,1.0,1.0,1.0,1.0,1.0,1.0,1.0,1.0,1.0
517.25,2.0,0.0,0.0,0.0,0.0,0.0,0.0,0.0,0.0,0.0,0.0,0.0,0.0,0.0,0.0,0.0,0.0,0.0,0.0,0.0,0.0
517.5,3.0,14.851607156888116,12.949540058265047,12.0262710967608,11.97965076466237,12.242570343612766,12.676252338146377,13.09439819584879,13.780459052629423,13.518470411986762,14.206630184723481,1.0,1.0,1.0,1.0,1.0,1.0,1.0,1.0,1.0,1.0
517.75,4.0,15.404704171051627,16.089536192324317,15.19267251738215,14.432391371548482,14.996413915901353,14.947412752524523,14.799713887315624,14.692960074548433,15.946332737921477,16.473413562297146,1.0,1.0,1.0,1.0,1.0,1.0,1.0,1.0,1.0,1.0
518.0,1.0,0.0,0.0,0.0,0.0,0.0,0.0,0.0,0.0,0.0,0.0,0.0,0.0,0.0,0.0,0.0,0.0,0.0,0.0,0.0,0.0
518.25,2.0,0.0,0.0,0.0,0.0,0.0,0.0,0.0,0.0,0.0,0.0,0.0,0.0,0.0,0.0,0.0,0.0,0.0,0.0,0.0,0.0
518.5,3.0,15.465848142471476,12.971574660727356,12.088556112695072,11.649757589177378,12.653421477748033,12.986148849420713,13.390456913591356,14.49636228628663,13.276455730347807,14.756318740639305,1.0,1.0,1.0,1.0,1.0,1.0,1.0,1.0,1.0,1.0
518.75,4.0,0.0,0.0,0.0,0.0,0.0,0.0,0.0,0.0,0.0,0.0,0.0,0.0,0.0,0.0,0.0,0.0,0.0,0.0,0.0,0.0
519.0,1.0,17.289032123587816,17.32314218845935,16.22366933072756,15.518274833964341,15.522870890464105,16.525753816579616,16.736325403649772,17.787605670418056,17.76618717319625,18.843750831431283,1.0,1.0,1.0,1.0,1.0,1.0,1.0,1.0,1.0,1.0
519.25,2.0,16.67715941255913,14.500637146687032,12.760348596945489,12.82855832555995,13.978289940371177,15.291938637564629,16.524775088967345,17.37520710206074,16.948045564925653,16.973616375912393,1.0,1.0,1.0,1.0,1.0,1.0,1.0,1.0,1.0,1.0
519.5,3.0,0.0,0.0,0.0,0.0,0.0,0.0,0.0,0.0,0.0,0.0,0.0,0.0,0.0,0.0,0.0,0.0,0.0,0.0,0.0,0.0
519.75,4.0,14.93001052230983,14.366825962722428,13.089568368789783,14.036096841347922,13.37924610281397,14.612400302691324,14.596962140468742,14.528565044963926,16.73357744952909,16.303186146357586,1.0,1.0,1.0,1.0,1.0,1.0,1.0,1.0,1.0,1.0
520.0,1.0,16.998353412874067,16.795806111957535,15.663237786322568,16.826848577191107,18.176635001446908,17.794006120830083,17.590448501994626,17.803573669799572,16.56842738796907,17.083000683733868,1.0,1.0,1.0,1.0,1.0,1.0,1.0,1.0,1.0,1.0
520.25,2.0,0.0,0.0,0.0,0.0,0.0,0.0,0.0,0.0,0.0,0.0,0.0,0.0,0.0,0.0,0.0,0.0,0.0,0.0,0.0,0.0
520.5,3.0,15.52562179906157,11.208220202945721,11.546585431289046,12.698961966024173,13.705498358037005,11.994385328359213,12.921781827881757,13.224097013608402,12.613989487173365,12.705648320324482,1.0,1.0,1.0,1.0,1.0,1.0,1.0,1.0,1.0,1.0
520.75,4.0,13.93237938511791,13.719989199404177,13.667595406529243,14.9916729898498,16.205377224333876,16.085711090277524,15.985166903867489,14.984312876036068,16.539103136650958,16.187326081431834,1.0,1.0,1.0,1.0,1.0,1.0,1.0,1.0,1.0,1.0
521.0,1.0,0.0,0.0,0.0,0.0,0.0,0.0,0.0,0.0,0.0,0.0,0.0,0.0,0.0,0.0,0.0,0.0,0.0,0.0,0.0,0.0
521.25,2.0,15.608023464897999,16.36466454523547,15.117025392699963,13.818009727324014,13.724712380700751,15.461496996175564,16.1813294888608,16.403646218878293,16.473904771689195,17.259876611040774,1.0,1.0,1.0,1.0,1.0,1.0,1.0,1.0,1.0,1.0
521.5,3.0,0.0,0.0,0.0,0.0,0.0,0.0,0.0,0.0,0.0,0.0,0.0,0.0,0.0,0.0,0.0,0.0,0.0,0.0,0.0,0.0
521.75,4.0,0.0,0.0,0.0,0.0,0.0,0.0,0.0,0.0,0.0,0.0,0.0,0.0,0.0,0.0,0.0,0.0,0.0,0.0,0.0,0.0
522.0,1.0,16.53504239799574,16.90653786034692,16.756498857380773,17.544563716531314,17.528071148691073,17.03774621507508,17.098635884194127,16.714381997578535,15.843229992020358,17.01011179478074,1.0,1.0,1.0,1.0,1.0,1.0,1.0,1.0,1.0,1.0
522.25,2.0,16.222811648894528,17.679123976498065,15.696748772141031,14.039539405617193,14.4023848746266,15.392491068797044,15.699533039477627,15.867043223933804,16.145996662470935,16.62881814603171,1.0,1.0,1.0,1.0,1.0,1.0,1.0,1.0,1.0,1.0
522.5,3.0,0.0,0.0,0.0,0.0,0.0,0.0,0.0,0.0,0.0,0.0,0.0,0.0,0.0,0.0,0.0,0.0,0.0,0.0,0.0,0.0
522.75,4.0,13.325745979624044,12.921844817400592,14.460907227706812,16.03160940496563,17.52270118338951,17.082291174367157,16.649040081135812,16.57453754959046,17.091976235869932,17.14441679452225,1.0,1.0,1.0,1.0,1.0,1.0,1.0,1.0,1.0,1.0
523.0,1.0,16.11908452311043,17.463295497371664,16.20598610763344,16.845290063790106,16.9739060163434,16.586298161242095,16.35807245442552,15.71029615304542,15.296176811477306,16.290729409284243,1.0,1.0,1.0,1.0,1.0,1.0,1.0,1.0,1.0,1.0
523.25,2.0,0.0,0.0,0.0,0.0,0.0,0.0,0.0,0.0,0.0,0.0,0.0,0.0,0.0,0.0,0.0,0.0,0.0,0.0,0.0,0.0
523.5,3.0,12.91000187191081,12.679654641877962,13.282916200217205,14.879183370568505,13.343528375432067,12.973844592303672,14.144178775251337,13.203995076898037,13.207895519939719,12.71152171138083,1.0,1.0,1.0,1.0,1.0,1.0,1.0,1.0,1.0,1.0
523.75,4.0,13.396548307974147,14.245368495113176,16.309105269995236,16.25643230179665,18.029729092950664,17.32853755260828,16.384949432300566,16.031032350425395,16.940261947597474,16.405203835236225,1.0,1.0,1.0,1.0,1.0,1.0,1.0,1.0,1.0,1.0
524.0,1.0,16.835576220990593,18.189610692835064,15.721595382253359,16.412558086689682,16.57784504521049,17.000164375657988,16.874380211649466,16.129304378006953,15.784577451925657,16.256492622965588,1.0,1.0,1.0,1.0,1.0,1.0,1.0,1.0,1.0,1.0
524.25,2.0,17.733791488405597,17.492633916519413,15.621589137307158,15.800375629455468,16.23501213679612,16.919261300156013,16.590754124680338,16.909539459826455,16.929815396454604,16.31480717600886,1.0,1.0,1.0,1.0,1.0,1.0,1.0,1.0,1.0,1.0
524.5,3.0,0.0,0.0,0.0,0.0,0.0,0.0,0.0,0.0,0.0,0.0,0.0,0.0,0.0,0.0,0.0,0.0,0.0,0.0,0.0,0.0
524.75,4.0,13.7002638886797,15.034238695008854,17.056022054435815,16.75969965054155,16.71622431276431,15.650549337240278,14.834893539964614,14.971965202555676,16.121897258371853,16.16608799548008,1.0,1.0,1.0,1.0,1.0,1.0,1.0,1.0,1.0,1.0
525.0,1.0,16.780469730749356,16.789829425070568,15.258073255334224,16.437525969645876,17.150457411122115,18.08318660826606,18.233527361945892,17.093025887243275,16.396709707712994,16.638564723948335,1.0,1.0,1.0,1.0,1.0,1.0,1.0,1.0,1.0,1.0
525.25,2.0,0.0,0.0,0.0,0.0,0.0,0.0,0.0,0.0,0.0,0.0,0.0,0.0,0.0,0.0,0.0,0.0,0.0,0.0,0.0,0.0
525.5,3.0,12.000703921564664,14.04562258510812,14.109089916924708,14.217880248943308,13.545664519457905,12.505676081880447,13.256104178868236,13.481821619020975,14.242477004336193,14.532667604669259,1.0,1.0,1.0,1.0,1.0,1.0,1.0,1.0,1.0,1.0
525.75,4.0,13.914295695861988,14.932444271263895,16.705958398392717,17.23958841790903,16.935414083209178,16.982358287771397,16.54255870296275,15.930691763623917,17.221268885219356,17.73947613250482,1.0,1.0,1.0,1.0,1.0,1.0,1.0,1.0,1.0,1.0
526.0,1.0,0.0,0.0,0.0,0.0,0.0,0.0,0.0,0.0,0.0,0.0,0.0,0.0,0.0,0.0,0.0,0.0,0.0,0.0,0.0,0.0
526.25,2.0,0.0,0.0,0.0,0.0,0.0,0.0,0.0,0.0,0.0,0.0,0.0,0.0,0.0,0.0,0.0,0.0,0.0,0.0,0.0,0.0
526.5,3.0,12.482286679873088,13.113067197079493,13.364033965488732,14.236131084231046,12.487827378073185,13.007280688841782,13.791447990643766,14.328326164593104,13.955403422157168,14.300570596487868,1.0,1.0,1.0,1.0,1.0,1.0,1.0,1.0,1.0,1.0
526.75,4.0,0.0,0.0,0.0,0.0,0.0,0.0,0.0,0.0,0.0,0.0,0.0,0.0,0.0,0.0,0.0,0.0,0.0,0.0,0.0,0.0
527.0,1.0,16.97584232994033,18.037028846307642,17.265625173085773,17.31349104244026,17.46335762980984,18.133949515203753,18.358200879629212,17.54476050060018,17.535275622850904,17.49621935011194,1.0,1.0,1.0,1.0,1.0,1.0,1.0,1.0,1.0,1.0
527.25,2.0,16.788101557873805,16.0155626165645,17.50857593033469,18.08170239330802,17.51333306127298,17.61376668795823,17.11017515276345,16.438790405103695,15.267335774767073,14.582653900208424,1.0,1.0,1.0,1.0,1.0,1.0,1.0,1.0,1.0,1.0
527.5,3.0,0.0,0.0,0.0,0.0,0.0,0.0,0.0,0.0,0.0,0.0,0.0,0.0,0.0,0.0,0.0,0.0,0.0,0.0,0.0,0.0
527.75,4.0,14.488085784279,15.510274650584993,16.396103508317555,16.720842578907856,17.57850867979406,18.42531585962663,17.40003984269596,17.54196599721187,18.550618539805036,18.817946645638937,1.0,1.0,1.0,1.0,1.0,1.0,1.0,1.0,1.0,1.0
528.0,1.0,17.210827107723528,18.027960341295092,17.330723141417817,17.54638913005909,17.718484656814887,17.872455129069035,18.638546992353223,17.559010330801442,17.720929849990476,17.71249734854249,1.0,1.0,1.0,1.0,1.0,1.0,1.0,1.0,1.0,1.0
528.25,2.0,0.0,0.0,0.0,0.0,0.0,0.0,0.0,0.0,0.0,0.0,0.0,0.0,0.0,0.0,0.0,0.0,0.0,0.0,0.0,0.0
528.5,3.0,13.092334466327321,13.56825578992175,13.804698207328842,14.602037005862956,13.263084520511633,13.46175834212516,13.112298648554104,13.282135184985071,13.260473768944546,12.573528902604476,1.0,1.0,1.0,1.0,1.0,1.0,1.0,1.0,1.0,1.0
528.75,4.0,14.360694832437964,15.623898699150379,16.425298942798037,18.374052282831755,19.697482405546324,19.10591345485041,18.241709193336064,18.454946907396387,19.21963036223056,18.513234697805004,1.0,1.0,1.0,1.0,1.0,1.0,1.0,1.0,1.0,1.0
529.0,1.0,0.0,0.0,0.0,0.0,0.0,0.0,0.0,0.0,0.0,0.0,0.0,0.0,0.0,0.0,0.0,0.0,0.0,0.0,0.0,0.0
529.25,2.0,16.360694621286882,16.142759597752143,17.421119496558923,17.13499150656278,16.020290715102348,16.54933675609689,16.55745639435539,16.72603832923996,15.556531399187625,15.856687872041102,1.0,1.0,1.0,1.0,1.0,1.0,1.0,1.0,1.0,1.0
529.5,3.0,0.0,0.0,0.0,0.0,0.0,0.0,0.0,0.0,0.0,0.0,0.0,0.0,0.0,0.0,0.0,0.0,0.0,0.0,0.0,0.0
529.75,4.0,0.0,0.0,0.0,0.0,0.0,0.0,0.0,0.0,0.0,0.0,0.0,0.0,0.0,0.0,0.0,0.0,0.0,0.0,0.0,0.0
530.0,1.0,16.329108425475884,17.613609257063803,16.464867603244304,17.776436770996785,18.24581167873841,18.06657116130332,17.798864455933042,17.49485855195474,17.477206184150017,16.90504169825261,1.0,1.0,1.0,1.0,1.0,1.0,1.0,1.0,1.0,1.0
530.25,2.0,16.741085826869718,17.621805101554823,17.899174959966807,16.50399192021083,16.13488650988954,17.37292720752371,16.899605495343547,16.78625399206834,16.233483470493812,16.517415774213752,1.0,1.0,1.0,1.0,1.0,1.0,1.0,1.0,1.0,1.0
530.5,3.0,13.860986674545606,14.210122023553698,15.439560022707832,14.924856743433919,12.58326233090105,12.183369413937857,10.851028354544647,11.356011081470655,12.23516341623947,12.301280225809109,1.0,1.0,1.0,1.0,1.0,1.0,1.0,1.0,1.0,1.0
530.75,4.0,14.739954905916102,17.08427070025236,17.618970774926563,18.607109125268124,18.413887875774392,18.782538697680934,17.920077227334044,18.222440676431297,17.947882584841235,17.64249080714122,1.0,1.0,1.0,1.0,1.0,1.0,1.0,1.0,1.0,1.0
531.0,1.0,14.944563261675246,16.905365241713923,16.531398795773903,17.94671082805302,17.546285827777577,17.50310735305785,16.74605095088911,17.53102026599567,17.35642040880851,16.97231253061038,1.0,1.0,1.0,1.0,1.0,1.0,1.0,1.0,1.0,1.0
531.25,2.0,0.0,0.0,0.0,0.0,0.0,0.0,0.0,0.0,0.0,0.0,0.0,0.0,0.0,0.0,0.0,0.0,0.0,0.0,0.0,0.0
531.5,3.0,15.260099182269993,15.281758758900047,15.514796965984191,14.433048821932584,11.923411945210134,12.201750547097294,11.343408059487507,12.026186882699337,12.563743124644333,13.157431047769746,1.0,1.0,1.0,1.0,1.0,1.0,1.0,1.0,1.0,1.0
531.75,4.0,15.114692472278115,17.54402202306211,18.048816165315827,18.924708840122875,18.630808876795005,18.36885999554082,17.328124432420008,17.55399387996194,17.760649859515787,17.76310423037444,1.0,1.0,1.0,1.0,1.0,1.0,1.0,1.0,1.0,1.0
532.0,1.0,15.774529624967627,17.356686624912818,16.827056296359984,17.678637366133234,17.018509222003715,17.300774417051677,16.729318872858116,17.143954123428585,17.51243507582824,17.46359714432723,1.0,1.0,1.0,1.0,1.0,1.0,1.0,1.0,1.0,1.0
532.25,2.0,16.984716473386563,16.7134131751023,15.97000447670221,16.4137166049386,17.796339678107664,18.111522859183978,18.384615115063724,17.5937981981413,17.778481144264823,17.432126168562082,1.0,1.0,1.0,1.0,1.0,1.0,1.0,1.0,1.0,1.0
532.5,3.0,0.0,0.0,0.0,0.0,0.0,0.0,0.0,0.0,0.0,0.0,0.0,0.0,0.0,0.0,0.0,0.0,0.0,0.0,0.0,0.0
532.75,4.0,15.160943326216435,18.141950487330906,19.029874377156474,18.32850187373467,18.667209379594702,17.665229556268795,17.45962985417374,17.21856922581211,18.459972512336698,17.138845536351727,1.0,1.0,1.0,1.0,1.0,1.0,1.0,1.0,1.0,1.0
533.0,1.0,16.702708473612898,17.2193365216619,16.856866758859596,18.05702551405655,17.440640790576705,17.643482736648195,16.680825691074645,17.761669403419457,17.965257394654653,17.6853594896495,1.0,1.0,1.0,1.0,1.0,1.0,1.0,1.0,1.0,1.0
533.25,2.0,0.0,0.0,0.0,0.0,0.0,0.0,0.0,0.0,0.0,0.0,0.0,0.0,0.0,0.0,0.0,0.0,0.0,0.0,0.0,0.0
533.5,3.0,16.78785588000805,17.016462363561345,15.92045328710459,14.760371751155947,13.588952070999746,13.310481200289948,13.881176724148235,14.027289730874731,14.87531941861377,14.047415792542441,1.0,1.0,1.0,1.0,1.0,1.0,1.0,1.0,1.0,1.0
533.75,4.0,16.784664206725974,18.16017801227554,18.796064877475942,18.350387052860892,19.457133437150045,19.054396069465806,18.471465118540237,17.30306367152895,17.578254348807842,16.39957175139075,1.0,1.0,1.0,1.0,1.0,1.0,1.0,1.0,1.0,1.0
534.0,1.0,0.0,0.0,0.0,0.0,0.0,0.0,0.0,0.0,0.0,0.0,0.0,0.0,0.0,0.0,0.0,0.0,0.0,0.0,0.0,0.0
534.25,2.0,17.342136715156556,16.760656261716015,18.258355589109126,17.451900883742272,17.738671995569504,18.579803984690365,18.163051911407116,17.885403162543188,17.96593836439686,17.417298155693665,1.0,1.0,1.0,1.0,1.0,1.0,1.0,1.0,1.0,1.0
534.5,3.0,17.197872348477166,17.78907462178532,16.033571483664325,14.66389363959124,13.790892690985935,13.614001907204447,13.994639673350289,15.44009472288849,15.786132101578419,14.60621412578988,1.0,1.0,1.0,1.0,1.0,1.0,1.0,1.0,1.0,1.0
534.75,4.0,0.0,0.0,0.0,0.0,0.0,0.0,0.0,0.0,0.0,0.0,0.0,0.0,0.0,0.0,0.0,0.0,0.0,0.0,0.0,0.0
535.0,1.0,17.130661190450457,16.76780433147905,17.135033334603158,18.44109276370105,17.07211676665334,17.5794812784289,17.34742730985235,17.507036898729922,19.14067761441407,19.790804507003013,1.0,1.0,1.0,1.0,1.0,1.0,1.0,1.0,1.0,1.0
535.25,2.0,18.03470023833645,18.389739618383654,17.511368839943923,17.457798816646125,17.712565435006653,19.29225316291879,18.323724863910233,18.192339077592997,17.69109563042235,18.21326899486874,1.0,1.0,1.0,1.0,1.0,1.0,1.0,1.0,1.0,1.0
535.5,3.0,0.0,0.0,0.0,0.0,0.0,0.0,0.0,0.0,0.0,0.0,0.0,0.0,0.0,0.0,0.0,0.0,0.0,0.0,0.0,0.0
535.75,4.0,16.989854394049317,17.16916061918692,17.683909934817,17.308917188289634,19.416137300480344,17.188873229218597,17.20279903459344,15.868315614550838,15.103065239946881,14.056931294154602,1.0,1.0,1.0,1.0,1.0,1.0,1.0,1.0,1.0,1.0
536.0,1.0,16.114394370633143,15.956423256394073,17.032403004009453,18.21792966945937,19.009048601738222,18.63361846591109,18.52625585737245,18.703006725803277,19.63330774297383,20.438699760386985,1.0,1.0,1.0,1.0,1.0,1.0,1.0,1.0,1.0,1.0
536.25,2.0,0.0,0.0,0.0,0.0,0.0,0.0,0.0,0.0,0.0,0.0,0.0,0.0,0.0,0.0,0.0,0.0,0.0,0.0,0.0,0.0
536.5,3.0,16.97540995405397,17.245369923123082,16.50247841150351,16.342544872463662,14.89962272826291,14.221975628534956,14.005884305023256,14.002046151207178,14.55200731728495,14.516259465457244,1.0,1.0,1.0,1.0,1.0,1.0,1.0,1.0,1.0,1.0
536.75,4.0,16.212405920473604,16.610561927386005,17.82957366001448,18.29363401595253,17.57123847261201,15.945647515226518,16.05178733168398,15.713616408147672,15.762649447289053,14.797822907733316,1.0,1.0,1.0,1.0,1.0,1.0,1.0,1.0,1.0,1.0
537.0,1.0,16.40311439264664,15.756799302012093,16.092186545416094,18.64081334977191,18.349881671104168,18.922369931916897,19.028540447291718,18.64295950130192,19.835452045585072,19.64946901945445,1.0,1.0,1.0,1.0,1.0,1.0,1.0,1.0,1.0,1.0
537.25,2.0,17.18668266600268,18.782540169226742,17.641535001918523,17.333887712522163,17.116002652259887,18.43220816872055,18.17357456267745,17.878239601105456,17.899266921686703,18.107297500168244,1.0,1.0,1.0,1.0,1.0,1.0,1.0,1.0,1.0,1.0
537.5,3.0,0.0,0.0,0.0,0.0,0.0,0.0,0.0,0.0,0.0,0.0,0.0,0.0,0.0,0.0,0.0,0.0,0.0,0.0,0.0,0.0
537.75,4.0,15.4146167421808,15.827517892109768,16.952933742321214,16.388167422819116,15.953402820503484,15.059824685548943,14.891187098102979,15.618508711384521,14.71606737446722,14.260096890683863,1.0,1.0,1.0,1.0,1.0,1.0,1.0,1.0,1.0,1.0
538.0,1.0,16.323883365999915,15.755076450380011,16.540465239271857,18.013445864153198,18.75359469716703,19.60959252382768,19.25617480563228,18.569219703911326,18.817626988633048,18.5359036322815,1.0,1.0,1.0,1.0,1.0,1.0,1.0,1.0,1.0,1.0
538.25,2.0,17.593679109622556,16.43762956148218,15.68268814522011,16.879129793727643,17.411546660863067,18.566507920100655,18.091945315348518,17.97660595901295,17.53228643097029,16.874843674373484,1.0,1.0,1.0,1.0,1.0,1.0,1.0,1.0,1.0,1.0
538.5,3.0,14.92966735726907,15.155740472050596,14.284221956587176,14.716893626754867,12.857778640282723,13.677451190673226,13.696053224043808,14.09954507878051,14.44735419000495,13.798414601535272,1.0,1.0,1.0,1.0,1.0,1.0,1.0,1.0,1.0,1.0
538.75,4.0,13.781470281066662,15.593918982517552,15.317386246512994,16.0536579200881,15.664401330531225,15.016799985310262,15.352175624282621,15.106650600011697,14.339682329462466,14.111136926024477,1.0,1.0,1.0,1.0,1.0,1.0,1.0,1.0,1.0,1.0
539.0,1.0,0.0,0.0,0.0,0.0,0.0,0.0,0.0,0.0,0.0,0.0,0.0,0.0,0.0,0.0,0.0,0.0,0.0,0.0,0.0,0.0
539.25,2.0,0.0,0.0,0.0,0.0,0.0,0.0,0.0,0.0,0.0,0.0,0.0,0.0,0.0,0.0,0.0,0.0,0.0,0.0,0.0,0.0
539.5,3.0,15.012122315126119,14.384557384898633,14.996095730012295,14.06817835638435,12.267851304963498,13.93823591796301,13.71659103696966,13.468257450313251,14.493169156773785,13.603275543981713,1.0,1.0,1.0,1.0,1.0,1.0,1.0,1.0,1.0,1.0
539.75,4.0,13.312279555607944,14.234511630387468,14.1238235129131,15.602968034372703,16.325292346503907,15.562269045720836,15.349301349135676,14.098966772326458,13.412726321162088,14.405436698381575,1.0,1.0,1.0,1.0,1.0,1.0,1.0,1.0,1.0,1.0
540.0,1.0,16.67248953715896,17.432955690409695,18.27977368069,20.2753307734594,20.50794911881225,19.7856036881636,19.44422002516141,17.961279368981998,18.563842539822517,18.246014822306304,1.0,1.0,1.0,1.0,1.0,1.0,1.0,1.0,1.0,1.0
540.25,2.0,15.774277583176548,15.912594945831875,17.215076596632038,17.92978807226194,17.298209711871895,18.806616009404628,18.7683212947505,17.637185466357952,18.051677480852263,16.829125274543713,1.0,1.0,1.0,1.0,1.0,1.0,1.0,1.0,1.0,1.0
540.5,3.0,0.0,0.0,0.0,0.0,0.0,0.0,0.0,0.0,0.0,0.0,0.0,0.0,0.0,0.0,0.0,0.0,0.0,0.0,0.0,0.0
540.75,4.0,13.696214890242636,13.62224090797162,14.340191117800599,16.98645765458311,16.437189059830935,16.029706552089813,16.456157507975345,15.995264685713027,15.942831022127429,15.230900786221781,1.0,1.0,1.0,1.0,1.0,1.0,1.0,1.0,1.0,1.0
541.0,1.0,17.009909735628113,18.650626938769626,18.87765215242218,20.267812829001016,20.46703643493714,18.53714520892269,18.691117596063222,17.77533211846738,18.983842372290358,17.8689363551406,1.0,1.0,1.0,1.0,1.0,1.0,1.0,1.0,1.0,1.0
541.25,2.0,0.0,0.0,0.0,0.0,0.0,0.0,0.0,0.0,0.0,0.0,0.0,0.0,0.0,0.0,0.0,0.0,0.0,0.0,0.0,0.0
541.5,3.0,12.505642383285263,13.311112141733783,13.213500409345787,11.394021232621396,12.659398054718794,14.329732006432385,14.38227595969239,14.893771924903941,15.27145305427623,15.68417902601779,1.0,1.0,1.0,1.0,1.0,1.0,1.0,1.0,1.0,1.0
541.75,4.0,13.17961641836823,13.006343845448248,15.063981266949677,16.719322575674123,16.122772402157395,16.166557013682965,16.57591655619464,16.656207795639457,17.771992956903002,16.669712845228183,1.0,1.0,1.0,1.0,1.0,1.0,1.0,1.0,1.0,1.0
542.0,1.0,0.0,0.0,0.0,0.0,0.0,0.0,0.0,0.0,0.0,0.0,0.0,0.0,0.0,0.0,0.0,0.0,0.0,0.0,0.0,0.0
542.25,2.0,16.447140870440833,17.690465821968576,17.04745135237985,17.0410880113174,18.110234605154343,18.34911978475922,16.928185837385186,15.434837144360785,14.924313277446474,13.963717774069769,1.0,1.0,1.0,1.0,1.0,1.0,1.0,1.0,1.0,1.0
542.5,3.0,12.182295674779704,13.237302205420443,13.142546460333019,12.525874483712641,13.679287830584451,14.01275953445723,14.09574000285505,15.815347887223114,16.12109982024478,15.939383913307713,1.0,1.0,1.0,1.0,1.0,1.0,1.0,1.0,1.0,1.0
542.75,4.0,0.0,0.0,0.0,0.0,0.0,0.0,0.0,0.0,0.0,0.0,0.0,0.0,0.0,0.0,0.0,0.0,0.0,0.0,0.0,0.0
543.0,1.0,17.184506707765998,19.470849308392076,18.183307627916623,17.26923364560734,18.830791413777018,18.11282038944047,17.855508624547635,17.36366926683788,18.37731663312284,17.20024361533209,1.0,1.0,1.0,1.0,1.0,1.0,1.0,1.0,1.0,1.0
543.25,2.0,16.453688392261768,16.74567612848197,17.5837138371828,17.36567708462308,17.45151002889019,16.372938529429767,15.761458255677297,14.334998827382824,13.586828141331656,13.028905707864306,1.0,1.0,1.0,1.0,1.0,1.0,1.0,1.0,1.0,1.0
543.5,3.0,0.0,0.0,0.0,0.0,0.0,0.0,0.0,0.0,0.0,0.0,0.0,0.0,0.0,0.0,0.0,0.0,0.0,0.0,0.0,0.0
543.75,4.0,12.523493682103837,14.423356752113845,15.31935207180201,16.66917927667023,17.254921779908376,16.784505676409506,18.090287799989934,18.512444872886327,17.879275643273466,17.78367115703439,1.0,1.0,1.0,1.0,1.0,1.0,1.0,1.0,1.0,1.0
544.0,1.0,17.35569701419992,17.8737055469016,16.214456239917023,16.52375742219215,18.715813713830222,18.710714145164022,17.895492587457596,17.79945632869944,18.392846562297997,16.54053946088041,1.0,1.0,1.0,1.0,1.0,1.0,1.0,1.0,1.0,1.0
544.25,2.0,0.0,0.0,0.0,0.0,0.0,0.0,0.0,0.0,0.0,0.0,0.0,0.0,0.0,0.0,0.0,0.0,0.0,0.0,0.0,0.0
544.5,3.0,13.226148746712015,14.305079965596407,12.007301263559826,13.742544550552017,13.942827163137403,13.789708295625143,13.764038549235893,14.877841758865127,14.054403807827807,14.627575940675504,1.0,1.0,1.0,1.0,1.0,1.0,1.0,1.0,1.0,1.0
544.75,4.0,14.04841600856859,14.64774149834231,15.415654908649863,16.636770994082994,17.81195587222315,16.684639694613058,17.4313419307157,17.662713133347115,17.67870977385379,17.515828994050757,1.0,1.0,1.0,1.0,1.0,1.0,1.0,1.0,1.0,1.0
545.0,1.0,15.905408480761913,15.372938613625188,14.390865719145111,16.370821547515405,19.724818284131594,19.027365209565115,18.15080525152038,17.013112027509813,18.260596488510114,16.433037841169167,1.0,1.0,1.0,1.0,1.0,1.0,1.0,1.0,1.0,1.0
545.25,2.0,15.716464533930681,16.26076298334248,16.51355957787454,17.085711253729702,16.066847689678838,15.99851046682802,14.790000926866304,14.013511599128677,12.308791737214458,12.52605339490441,1.0,1.0,1.0,1.0,1.0,1.0,1.0,1.0,1.0,1.0
545.5,3.0,0.0,0.0,0.0,0.0,0.0,0.0,0.0,0.0,0.0,0.0,0.0,0.0,0.0,0.0,0.0,0.0,0.0,0.0,0.0,0.0
545.75,4.0,14.274623658258406,14.319081873094857,15.821019491324195,18.055181849118537,19.56842429278553,17.779324080843576,18.605409377010133,17.99167404022194,17.580289659239856,17.0384304381231,1.0,1.0,1.0,1.0,1.0,1.0,1.0,1.0,1.0,1.0
546.0,1.0,15.493323110291309,15.484691308065653,15.810403705518034,17.513097305307816,19.80275065605028,18.897509527286022,18.34634758776041,17.51075667640817,18.528156174959058,16.925152416743938,1.0,1.0,1.0,1.0,1.0,1.0,1.0,1.0,1.0,1.0
546.25,2.0,16.126460472695854,17.223326945331454,17.21784560431531,17.050352004843113,15.831856119979914,14.693046116611674,13.988281291275836,13.092947935090992,13.010048875716096,12.843536265187021,1.0,1.0,1.0,1.0,1.0,1.0,1.0,1.0,1.0,1.0
546.5,3.0,12.316084737709007,11.967952131034876,12.50570969056945,14.489920299659788,13.40054427788659,13.795526930431855,13.457971672507323,14.973099549259183,14.562885922680794,14.597749132624495,1.0,1.0,1.0,1.0,1.0,1.0,1.0,1.0,1.0,1.0
546.75,4.0,13.60819281987082,13.907392674417794,16.287849278294015,18.356095088368544,18.78627650796705,17.76904851236002,17.911245733619708,17.333628744555384,16.543888791126303,16.219570748622598,1.0,1.0,1.0,1.0,1.0,1.0,1.0,1.0,1.0,1.0
547.0,1.0,0.0,0.0,0.0,0.0,0.0,0.0,0.0,0.0,0.0,0.0,0.0,0.0,0.0,0.0,0.0,0.0,0.0,0.0,0.0,0.0
547.25,2.0,0.0,0.0,0.0,0.0,0.0,0.0,0.0,0.0,0.0,0.0,0.0,0.0,0.0,0.0,0.0,0.0,0.0,0.0,0.0,0.0
547.5,3.0,11.673430579452948,12.948126738102832,13.387221636477555,14.78869078575343,14.410319381107687,13.862856465991591,14.226820041777136,15.701618411464821,16.10230119975103,16.07290446648737,1.0,1.0,1.0,1.0,1.0,1.0,1.0,1.0,1.0,1.0
547.75,4.0,0.0,0.0,0.0,0.0,0.0,0.0,0.0,0.0,0.0,0.0,0.0,0.0,0.0,0.0,0.0,0.0,0.0,0.0,0.0,0.0
548.0,1.0,15.963039245361282,17.586466731024732,18.110413174401685,20.039059752447212,20.495154814126696,18.45287114508457,18.394442523773698,18.540615977711273,19.661218367869786,18.52229092240083,1.0,1.0,1.0,1.0,1.0,1.0,1.0,1.0,1.0,1.0
548.25,2.0,14.736990661593737,13.966707340044929,15.883642605477336,15.53203725864017,14.089349604123548,13.037355468421874,14.250259039817164,13.220731480655392,13.075428696384469,12.886288535759912,1.0,1.0,1.0,1.0,1.0,1.0,1.0,1.0,1.0,1.0
548.5,3.0,0.0,0.0,0.0,0.0,0.0,0.0,0.0,0.0,0.0,0.0,0.0,0.0,0.0,0.0,0.0,0.0,0.0,0.0,0.0,0.0
548.75,4.0,15.189758754303998,15.795653856148535,15.949447184863864,17.829699572018082,17.894924815924295,16.533870554662418,17.817000983805823,16.905042440293094,17.077849414412842,16.83600487121425,1.0,1.0,1.0,1.0,1.0,1.0,1.0,1.0,1.0,1.0
549.0,1.0,16.049321729732124,17.497558133566436,18.891818567544668,20.411977951398363,20.312923605986985,18.181848473709234,19.04533702294587,18.448558939413424,18.670626029060788,17.756084343533622,1.0,1.0,1.0,1.0,1.0,1.0,1.0,1.0,1.0,1.0
549.25,2.0,0.0,0.0,0.0,0.0,0.0,0.0,0.0,0.0,0.0,0.0,0.0,0.0,0.0,0.0,0.0,0.0,0.0,0.0,0.0,0.0
549.5,3.0,13.742618206066522,13.849726665381967,14.057457685191165,15.09684498597968,15.551711798110398,16.220908753891216,16.304898946187805,16.98247930190136,17.374418337376056,16.241438977165725,1.0,1.0,1.0,1.0,1.0,1.0,1.0,1.0,1.0,1.0
549.75,4.0,15.26744813768768,16.007865545438158,16.781142067965366,18.20231976480632,17.793009266244276,16.71773967112625,17.384574715355715,17.007221256811004,17.43285197194943,16.361191143450366,1.0,1.0,1.0,1.0,1.0,1.0,1.0,1.0,1.0,1.0
550.0,1.0,0.0,0.0,0.0,0.0,0.0,0.0,0.0,0.0,0.0,0.0,0.0,0.0,0.0,0.0,0.0,0.0,0.0,0.0,0.0,0.0
550.25,2.0,15.23355131938861,13.380831673785192,13.447517410634484,13.087957559480989,12.017058392399258,12.476735320674706,12.725573528092474,12.994875305213627,12.755474606066846,12.402065001482184,1.0,1.0,1.0,1.0,1.0,1.0,1.0,1.0,1.0,1.0
550.5,3.0,0.0,0.0,0.0,0.0,0.0,0.0,0.0,0.0,0.0,0.0,0.0,0.0,0.0,0.0,0.0,0.0,0.0,0.0,0.0,0.0
550.75,4.0,0.0,0.0,0.0,0.0,0.0,0.0,0.0,0.0,0.0,0.0,0.0,0.0,0.0,0.0,0.0,0.0,0.0,0.0,0.0,0.0
551.0,1.0,17.186834541426027,18.923759885000347,18.708533639408596,19.264064228735283,20.04112464622269,18.686016088882198,19.028548834784967,18.482353772712546,17.483742059112892,16.110429802854032,1.0,1.0,1.0,1.0,1.0,1.0,1.0,1.0,1.0,1.0
551.25,2.0,15.874887740207567,12.44118481364784,11.891619661732058,12.228246105610172,11.570738246719637,11.700624117189191,11.043326660138899,12.718053130150732,13.322574046852749,13.832945299868834,1.0,1.0,1.0,1.0,1.0,1.0,1.0,1.0,1.0,1.0
551.5,3.0,0.0,0.0,0.0,0.0,0.0,0.0,0.0,0.0,0.0,0.0,0.0,0.0,0.0,0.0,0.0,0.0,0.0,0.0,0.0,0.0
551.75,4.0,15.091892097027864,15.543883010703375,16.82518799994341,18.566822332519035,18.454270551961176,16.881153154312198,17.343914187482486,16.809920487032606,16.305328479338424,16.062395995833807,1.0,1.0,1.0,1.0,1.0,1.0,1.0,1.0,1.0,1.0
552.0,1.0,17.604546140750607,18.215524028871652,18.379524987957595,19.49034779225902,19.676174026345556,18.63085132617915,18.4043994700385,17.78300240123093,16.85195664025775,16.95433511629882,1.0,1.0,1.0,1.0,1.0,1.0,1.0,1.0,1.0,1.0
552.25,2.0,0.0,0.0,0.0,0.0,0.0,0.0,0.0,0.0,0.0,0.0,0.0,0.0,0.0,0.0,0.0,0.0,0.0,0.0,0.0,0.0
552.5,3.0,15.056350507155082,14.388310052436529,14.221745000969403,14.788770788988451,13.918963388643133,14.345145282056276,13.789305002681568,14.494940548024081,15.871725089454245,17.1832484001772,1.0,1.0,1.0,1.0,1.0,1.0,1.0,1.0,1.0,1.0
552.75,4.0,14.266189379170742,15.968184288502995,16.950963744496235,17.433540990655807,17.98110706781292,17.063695663142024,17.359836252616617,16.23031948239572,17.06617676316792,16.397315463077312,1.0,1.0,1.0,1.0,1.0,1.0,1.0,1.0,1.0,1.0
553.0,1.0,17.581908208148132,17.937571406781252,18.390456323240087,18.968248451732524,19.815434763759022,18.40260245726084,18.07746044896785,18.500647979618137,17.985077535846525,17.314709801881218,1.0,1.0,1.0,1.0,1.0,1.0,1.0,1.0,1.0,1.0
553.25,2.0,12.952959536622282,10.556563968135185,12.511578792682949,13.041377657121286,13.16404855710344,13.892151761935342,14.885082268618554,14.841284329446468,15.967872092868939,16.360517092772778,1.0,1.0,1.0,1.0,1.0,1.0,1.0,1.0,1.0,1.0
553.5,3.0,0.0,0.0,0.0,0.0,0.0,0.0,0.0,0.0,0.0,0.0,0.0,0.0,0.0,0.0,0.0,0.0,0.0,0.0,0.0,0.0
553.75,4.0,15.251108714227787,16.896591313461926,16.432046838746167,17.747191573764283,17.182117748425576,16.242066238774033,15.517104975771954,14.843983615140015,15.972007771790949,16.593255890757668,1.0,1.0,1.0,1.0,1.0,1.0,1.0,1.0,1.0,1.0
554.0,1.0,18.129799224306513,17.502189369974104,18.14938537083557,19.340059712068573,18.424015329511548,17.019830869175173,17.525831515628262,17.334417317755236,17.02759847347818,16.211531215056496,1.0,1.0,1.0,1.0,1.0,1.0,1.0,1.0,1.0,1.0
554.25,2.0,0.0,0.0,0.0,0.0,0.0,0.0,0.0,0.0,0.0,0.0,0.0,0.0,0.0,0.0,0.0,0.0,0.0,0.0,0.0,0.0
554.5,3.0,14.064500355303059,15.553048518279386,15.541567756854507,13.447560651093694,14.014808744806277,15.46621274558559,16.61228885867411,18.210201528312805,18.792607796622086,17.964712081756893,1.0,1.0,1.0,1.0,1.0,1.0,1.0,1.0,1.0,1.0
554.75,4.0,15.921751709209882,16.253086216757666,15.649193003180864,17.017172021555936,15.36719378912693,14.99530350854462,14.672087926415006,14.138375259878751,14.772272889161542,15.871336675523969,1.0,1.0,1.0,1.0,1.0,1.0,1.0,1.0,1.0,1.0
555.0,1.0,0.0,0.0,0.0,0.0,0.0,0.0,0.0,0.0,0.0,0.0,0.0,0.0,0.0,0.0,0.0,0.0,0.0,0.0,0.0,0.0
555.25,2.0,0.0,0.0,0.0,0.0,0.0,0.0,0.0,0.0,0.0,0.0,0.0,0.0,0.0,0.0,0.0,0.0,0.0,0.0,0.0,0.0
555.5,3.0,15.43603096207423,15.331987422890816,14.546479337875427,13.769878420757104,14.27129950783524,16.047269337987718,16.646139231882394,17.412968957410943,18.634859893766986,17.884507579108845,1.0,1.0,1.0,1.0,1.0,1.0,1.0,1.0,1.0,1.0
555.75,4.0,0.0,0.0,0.0,0.0,0.0,0.0,0.0,0.0,0.0,0.0,0.0,0.0,0.0,0.0,0.0,0.0,0.0,0.0,0.0,0.0
556.0,1.0,17.358865566187497,17.29766956176697,17.409556079731054,16.788622734249707,16.173674244997585,16.062453516483696,16.812196341904254,16.901609967013105,16.499744332867557,16.233126965693458,1.0,1.0,1.0,1.0,1.0,1.0,1.0,1.0,1.0,1.0
556.25,2.0,15.252109159018724,15.507209459181437,15.603412410413982,16.56345148894111,16.794649190999596,16.045561899599218,15.781730035705918,15.882291070953034,16.19135231778119,17.10775415609193,1.0,1.0,1.0,1.0,1.0,1.0,1.0,1.0,1.0,1.0
556.5,3.0,0.0,0.0,0.0,0.0,0.0,0.0,0.0,0.0,0.0,0.0,0.0,0.0,0.0,0.0,0.0,0.0,0.0,0.0,0.0,0.0
556.75,4.0,14.900982010432644,14.967040781941158,13.450812148427117,13.493887506936888,12.400753520383704,14.066975602917502,14.009461986775648,14.370760308161364,15.874452156465981,15.274042965480717,1.0,1.0,1.0,1.0,1.0,1.0,1.0,1.0,1.0,1.0
557.0,1.0,16.973667133995413,17.582010079065714,16.789450399729414,17.293864359485504,15.9683651186778,15.222357242849688,15.423176048108125,14.987221976757162,15.160805140589845,15.055166051422193,1.0,1.0,1.0,1.0,1.0,1.0,1.0,1.0,1.0,1.0
557.25,2.0,0.0,0.0,0.0,0.0,0.0,0.0,0.0,0.0,0.0,0.0,0.0,0.0,0.0,0.0,0.0,0.0,0.0,0.0,0.0,0.0
557.5,3.0,16.57476979885549,15.231133918701763,13.885702491000123,14.611780293626762,15.763018139835406,15.938263084242603,16.460507454218693,16.601194304650935,17.20373320940477,17.047422555439976,1.0,1.0,1.0,1.0,1.0,1.0,1.0,1.0,1.0,1.0
557.75,4.0,14.644613347095978,13.802202737795081,13.430841582965213,14.149340153886676,13.788922074300787,15.073213155160675,14.992610586336285,14.550703068493437,15.182144034289959,14.25811294375767,1.0,1.0,1.0,1.0,1.0,1.0,1.0,1.0,1.0,1.0
558.0,1.0,0.0,0.0,0.0,0.0,0.0,0.0,0.0,0.0,0.0,0.0,0.0,0.0,0.0,0.0,0.0,0.0,0.0,0.0,0.0,0.0
558.25,2.0,15.733805256046123,16.311949586454233,17.066968206298654,15.668015969504998,16.32627460777809,16.552483356187636,16.2096104423827,16.68931575545186,17.133789889399427,18.159561790240236,1.0,1.0,1.0,1.0,1.0,1.0,1.0,1.0,1.0,1.0
558.5,3.0,0.0,0.0,0.0,0.0,0.0,0.0,0.0,0.0,0.0,0.0,0.0,0.0,0.0,0.0,0.0,0.0,0.0,0.0,0.0,0.0
558.75,4.0,0.0,0.0,0.0,0.0,0.0,0.0,0.0,0.0,0.0,0.0,0.0,0.0,0.0,0.0,0.0,0.0,0.0,0.0,0.0,0.0
559.0,1.0,18.640966123334785,16.762109300785458,17.154812365006368,17.141800599788986,14.722386298714664,14.462922913353639,16.373167092178804,16.52070615554609,16.846075412613846,18.152789917016413,1.0,1.0,1.0,1.0,1.0,1.0,1.0,1.0,1.0,1.0
559.25,2.0,17.023110337412128,17.178372804071724,16.79540787963619,15.797455915781525,16.04801036619885,16.778535752756547,17.46374331033293,17.635731947550493,18.35244631623613,19.30083253212793,1.0,1.0,1.0,1.0,1.0,1.0,1.0,1.0,1.0,1.0
559.5,3.0,0.0,0.0,0.0,0.0,0.0,0.0,0.0,0.0,0.0,0.0,0.0,0.0,0.0,0.0,0.0,0.0,0.0,0.0,0.0,0.0
559.75,4.0,15.052617050202679,14.000007255918193,12.404600122773545,12.966893308966373,13.758636580039223,15.484466966542538,14.20082978635198,14.104154354179922,15.277427544183805,15.844745578177372,1.0,1.0,1.0,1.0,1.0,1.0,1.0,1.0,1.0,1.0
560.0,1.0,18.187067151824404,17.156469813402616,16.6819770396158,15.835898097822465,14.308762357309272,13.81228427534796,15.547144583503776,15.404586727237842,16.126340982596766,17.174857181274565,1.0,1.0,1.0,1.0,1.0,1.0,1.0,1.0,1.0,1.0
560.25,2.0,0.0,0.0,0.0,0.0,0.0,0.0,0.0,0.0,0.0,0.0,0.0,0.0,0.0,0.0,0.0,0.0,0.0,0.0,0.0,0.0
560.5,3.0,18.008196836612054,16.088293527381825,14.024299738897776,16.203808653992112,16.466923017457805,15.57453800249236,16.37073190844339,15.382473234087906,15.414685390319736,14.109676461625646,1.0,1.0,1.0,1.0,1.0,1.0,1.0,1.0,1.0,1.0
560.75,4.0,13.717898385919131,13.129518288795737,13.380861972004872,15.057647130957596,14.762408758775116,15.468146775889334,14.543487110210402,14.777020452452845,15.431798884807908,15.748362028459578,1.0,1.0,1.0,1.0,1.0,1.0,1.0,1.0,1.0,1.0
561.0,1.0,17.682841407903513,16.03691805030964,15.591517090877607,14.637595484358542,14.890321875674218,14.912436031077073,15.92814934206882,16.318277323997794,16.832124964837618,17.51214995737889,1.0,1.0,1.0,1.0,1.0,1.0,1.0,1.0,1.0,1.0
561.25,2.0,18.025920416950246,17.08649923625586,17.421363630678783,17.345712694809272,18.419308016649683,16.558994210904434,16.41678564025033,16.19232462397787,15.905006443308118,17.04060836473051,1.0,1.0,1.0,1.0,1.0,1.0,1.0,1.0,1.0,1.0
561.5,3.0,0.0,0.0,0.0,0.0,0.0,0.0,0.0,0.0,0.0,0.0,0.0,0.0,0.0,0.0,0.0,0.0,0.0,0.0,0.0,0.0
561.75,4.0,13.966847509606213,13.769739666373427,14.333263040720748,16.33958422611145,15.665471607889476,15.423135203023584,14.897002326254688,15.37564740884591,15.429355526883255,16.139461743675675,1.0,1.0,1.0,1.0,1.0,1.0,1.0,1.0,1.0,1.0
562.0,1.0,16.365686645225935,15.268344980055963,14.751726727934335,14.0797422491267,14.240956052862348,14.830148819096982,15.533588933793416,15.694519529997793,16.33544412326695,16.861599526051908,1.0,1.0,1.0,1.0,1.0,1.0,1.0,1.0,1.0,1.0
562.25,2.0,0.0,0.0,0.0,0.0,0.0,0.0,0.0,0.0,0.0,0.0,0.0,0.0,0.0,0.0,0.0,0.0,0.0,0.0,0.0,0.0
562.5,3.0,14.437680702749924,14.446479264998331,13.516012187725742,15.531180306609228,15.126527541438671,15.473126652534201,15.289483338604727,14.987402077101555,15.132355813655984,14.455332907719983,1.0,1.0,1.0,1.0,1.0,1.0,1.0,1.0,1.0,1.0
562.75,4.0,14.261569312962115,14.501814523018252,15.178329278448972,17.117674341154043,16.279047682107276,15.927469768120167,15.284232411840641,15.539060761502839,16.130703476322285,15.586804800342742,1.0,1.0,1.0,1.0,1.0,1.0,1.0,1.0,1.0,1.0
563.0,1.0,0.0,0.0,0.0,0.0,0.0,0.0,0.0,0.0,0.0,0.0,0.0,0.0,0.0,0.0,0.0,0.0,0.0,0.0,0.0,0.0
563.25,2.0,0.0,0.0,0.0,0.0,0.0,0.0,0.0,0.0,0.0,0.0,0.0,0.0,0.0,0.0,0.0,0.0,0.0,0.0,0.0,0.0
563.5,3.0,13.870372681404959,14.250307837977994,14.010554356270077,16.73020118417987,15.478174084534988,15.783686763240105,15.75708972278785,14.176344725677094,15.274966560444218,14.348646328871904,1.0,1.0,1.0,1.0,1.0,1.0,1.0,1.0,1.0,1.0
563.75,4.0,0.0,0.0,0.0,0.0,0.0,0.0,0.0,0.0,0.0,0.0,0.0,0.0,0.0,0.0,0.0,0.0,0.0,0.0,0.0,0.0
564.0,1.0,15.899925787210586,15.16031965020772,15.667844258977695,15.850784926223557,15.2265991372566,16.151895786606065,16.77221010822308,17.38946004460791,18.009142599671403,18.329583408624263,1.0,1.0,1.0,1.0,1.0,1.0,1.0,1.0,1.0,1.0
564.25,2.0,16.997091489322145,16.523511814436414,16.811791658358995,17.889144818187955,17.441705488152664,16.761456732707522,16.90446952109201,16.88037155629738,16.1019508579915,16.579779049933908,1.0,1.0,1.0,1.0,1.0,1.0,1.0,1.0,1.0,1.0
564.5,3.0,0.0,0.0,0.0,0.0,0.0,0.0,0.0,0.0,0.0,0.0,0.0,0.0,0.0,0.0,0.0,0.0,0.0,0.0,0.0,0.0
564.75,4.0,15.585917157925497,15.574069323700673,15.786761613178388,16.06106724200403,14.991791344158859,15.440782974195354,14.635688155637702,14.233638325917138,14.35945418823124,16.288146476913745,1.0,1.0,1.0,1.0,1.0,1.0,1.0,1.0,1.0,1.0
565.0,1.0,15.69270641853508,14.713693307636593,16.23010422769256,15.526402024388029,15.136887770256271,16.69271188043131,17.278814113427625,17.98707835119516,18.303886433090852,18.359049015836664,1.0,1.0,1.0,1.0,1.0,1.0,1.0,1.0,1.0,1.0
565.25,2.0,0.0,0.0,0.0,0.0,0.0,0.0,0.0,0.0,0.0,0.0,0.0,0.0,0.0,0.0,0.0,0.0,0.0,0.0,0.0,0.0
565.5,3.0,14.004328242371043,14.802003486240206,14.865061139134248,16.47797544972875,14.388866846576413,14.478935618666538,14.214284099067378,14.894015371518321,14.746929179116451,14.733819476132563,1.0,1.0,1.0,1.0,1.0,1.0,1.0,1.0,1.0,1.0
565.75,4.0,15.55614443453924,15.08967346055379,16.035630738237593,15.5537874594795,15.568273313658192,15.911641397909928,15.536606845593406,16.084381771842285,16.628398437064167,17.12196201720934,1.0,1.0,1.0,1.0,1.0,1.0,1.0,1.0,1.0,1.0
566.0,1.0,0.0,0.0,0.0,0.0,0.0,0.0,0.0,0.0,0.0,0.0,0.0,0.0,0.0,0.0,0.0,0.0,0.0,0.0,0.0,0.0
566.25,2.0,16.802595311570386,17.576408383780358,17.45093428450254,17.528090348986556,16.88222975899386,16.78229812608032,16.856807153233444,17.196265100253743,17.724685727243184,16.68106812623615,1.0,1.0,1.0,1.0,1.0,1.0,1.0,1.0,1.0,1.0
566.5,3.0,0.0,0.0,0.0,0.0,0.0,0.0,0.0,0.0,0.0,0.0,0.0,0.0,0.0,0.0,0.0,0.0,0.0,0.0,0.0,0.0
566.75,4.0,0.0,0.0,0.0,0.0,0.0,0.0,0.0,0.0,0.0,0.0,0.0,0.0,0.0,0.0,0.0,0.0,0.0,0.0,0.0,0.0
567.0,1.0,16.25258721854479,13.718465597755005,15.675204696235022,17.046416765113566,16.446379070912133,17.827968391962425,17.383834807761772,17.959423467450232,17.166503427669507,16.22410541861294,1.0,1.0,1.0,1.0,1.0,1.0,1.0,1.0,1.0,1.0
567.25,2.0,15.98130580303423,16.751720699969447,15.84047026557016,16.510096287421153,17.703097723289595,17.077135166120225,17.127026215608495,17.676544394501096,17.96808691739867,17.64970958022062,1.0,1.0,1.0,1.0,1.0,1.0,1.0,1.0,1.0,1.0
567.5,3.0,14.668110268050965,14.067597822263734,15.013667359342076,16.09987892469883,15.092750826764131,15.530057860604693,15.598636572805043,15.447852107507712,15.663159358530216,15.274146225425977,1.0,1.0,1.0,1.0,1.0,1.0,1.0,1.0,1.0,1.0
567.75,4.0,14.864819721335323,15.45206526494682,17.265343884524526,17.90008916757347,18.01079853950584,18.11849447057459,17.062662143051273,16.986948754699544,16.228552298667736,17.539047021255445,1.0,1.0,1.0,1.0,1.0,1.0,1.0,1.0,1.0,1.0
568.0,1.0,14.873820300705225,14.140319306641237,16.89294440703408,18.330474308612153,17.59788298258676,18.11848977278249,17.72528970161944,17.79239366598732,17.694689781056642,16.459214581988014,1.0,1.0,1.0,1.0,1.0,1.0,1.0,1.0,1.0,1.0
568.25,2.0,0.0,0.0,0.0,0.0,0.0,0.0,0.0,0.0,0.0,0.0,0.0,0.0,0.0,0.0,0.0,0.0,0.0,0.0,0.0,0.0
568.5,3.0,15.191351414564918,15.158074983920487,15.74482905139216,18.362701774696326,17.438652912016586,17.82311978616118,17.439434854991834,16.965647902360068,16.35314865754448,15.176888932233053,1.0,1.0,1.0,1.0,1.0,1.0,1.0,1.0,1.0,1.0
568.75,4.0,14.778976239622018,16.298120459661046,18.900349831999947,18.468186490469165,18.202691220512033,18.40741500581608,17.70589198002484,18.590520643974436,18.16385380068089,19.73484135015094,1.0,1.0,1.0,1.0,1.0,1.0,1.0,1.0,1.0,1.0
569.0,1.0,15.53362646233721,16.329097348566474,18.46816310697437,18.376872835177714,18.65273749904189,18.626125805210396,17.179890967063628,17.9690869901782,16.957388160238718,16.623710938806123,1.0,1.0,1.0,1.0,1.0,1.0,1.0,1.0,1.0,1.0
569.25,2.0,14.532330193178133,15.784656470963375,16.15512980687609,16.828482036385324,17.73530454930311,17.32270581208907,15.885450750960596,17.077442308687438,16.972038901528848,17.828529899304446,1.0,1.0,1.0,1.0,1.0,1.0,1.0,1.0,1.0,1.0
569.5,3.0,0.0,0.0,0.0,0.0,0.0,0.0,0.0,0.0,0.0,0.0,0.0,0.0,0.0,0.0,0.0,0.0,0.0,0.0,0.0,0.0
569.75,4.0,15.855082072925976,17.579848608161473,19.37190770623388,18.833115145440857,17.916538022904817,18.06725098928447,17.507503206955892,18.940243870425242,19.007032398820417,19.86473000036997,1.0,1.0,1.0,1.0,1.0,1.0,1.0,1.0,1.0,1.0
570.0,1.0,17.400009894348628,18.66031217054776,18.752856471185734,19.133671604386414,18.29794211933652,17.583250251052363,17.182315660002462,17.394409122383788,16.49810174387772,16.15652407633499,1.0,1.0,1.0,1.0,1.0,1.0,1.0,1.0,1.0,1.0
570.25,2.0,0.0,0.0,0.0,0.0,0.0,0.0,0.0,0.0,0.0,0.0,0.0,0.0,0.0,0.0,0.0,0.0,0.0,0.0,0.0,0.0
570.5,3.0,16.468138251276134,16.505428116029126,17.70447945167062,19.695582806017406,19.54828134547734,19.3545415224511,17.953212931417013,17.913310358421697,17.64865980792817,17.3781501003521,1.0,1.0,1.0,1.0,1.0,1.0,1.0,1.0,1.0,1.0
570.75,4.0,16.62010550045593,18.55685158111966,19.91874042340651,19.473760951865962,18.966198067170563,18.527910551463616,17.862797273231298,18.485040260668526,18.96116742719751,20.02950612656302,1.0,1.0,1.0,1.0,1.0,1.0,1.0,1.0,1.0,1.0
571.0,1.0,0.0,0.0,0.0,0.0,0.0,0.0,0.0,0.0,0.0,0.0,0.0,0.0,0.0,0.0,0.0,0.0,0.0,0.0,0.0,0.0
571.25,2.0,14.831404375342748,16.323476554205044,17.58962186174726,17.19656985205772,16.451076237186182,15.970280456901731,14.996442537706402,15.374915213885236,14.825821117425047,15.931318458455458,1.0,1.0,1.0,1.0,1.0,1.0,1.0,1.0,1.0,1.0
571.5,3.0,16.246139248971524,17.466427859911285,17.257814383498914,19.496354157414235,18.581641485872282,18.508966346157102,17.93842809564062,17.953677689438745,18.19642753174933,17.214465863964957,1.0,1.0,1.0,1.0,1.0,1.0,1.0,1.0,1.0,1.0
571.75,4.0,0.0,0.0,0.0,0.0,0.0,0.0,0.0,0.0,0.0,0.0,0.0,0.0,0.0,0.0,0.0,0.0,0.0,0.0,0.0,0.0
572.0,1.0,18.233103225515134,18.375818097081947,17.768023046166743,17.581283649353317,17.407116894072672,17.11178905966283,17.46691518132164,17.713974449345212,16.86412381329535,16.865955778043528,1.0,1.0,1.0,1.0,1.0,1.0,1.0,1.0,1.0,1.0
572.25,2.0,15.972624606377325,17.35164382565296,17.992453149742985,17.432955192079,16.440320391618453,16.290352692649353,16.167065464977046,16.251085794292752,16.334963869296633,15.802034744963294,1.0,1.0,1.0,1.0,1.0,1.0,1.0,1.0,1.0,1.0
572.5,3.0,0.0,0.0,0.0,0.0,0.0,0.0,0.0,0.0,0.0,0.0,0.0,0.0,0.0,0.0,0.0,0.0,0.0,0.0,0.0,0.0
572.75,4.0,18.072382088852482,18.251074687068808,19.082431616339402,19.41571583312854,20.179988209124883,19.088162641838164,19.07967835324594,19.354484472958326,19.701526405394073,20.40163209724606,1.0,1.0,1.0,1.0,1.0,1.0,1.0,1.0,1.0,1.0
573.0,1.0,18.70254100534865,16.78646868976827,17.061874533141875,16.80523679567198,16.63034035092119,16.715562195096783,17.180824391076726,17.56561231929826,17.302307427658867,16.902195344756322,1.0,1.0,1.0,1.0,1.0,1.0,1.0,1.0,1.0,1.0
573.25,2.0,0.0,0.0,0.0,0.0,0.0,0.0,0.0,0.0,0.0,0.0,0.0,0.0,0.0,0.0,0.0,0.0,0.0,0.0,0.0,0.0
573.5,3.0,19.01048362000773,18.394272225965732,19.464095503929563,20.180052276892894,18.29648839621079,18.547116957595826,18.41446047607844,18.526992010438217,18.07716915084608,17.121334685518068,1.0,1.0,1.0,1.0,1.0,1.0,1.0,1.0,1.0,1.0
573.75,4.0,17.698957540200254,17.558897223613318,19.40758348719265,18.91358280661552,20.28421683696733,20.302086217673352,19.62691792532778,18.86081398884217,18.344710024003394,19.394695393042547,1.0,1.0,1.0,1.0,1.0,1.0,1.0,1.0,1.0,1.0
574.0,1.0,16.66265220532666,15.533201413256966,16.652684810684836,16.561602240276905,17.687262663833724,17.406553259606355,17.31517880464422,17.62435597511588,17.825162576950685,18.084975668352456,1.0,1.0,1.0,1.0,1.0,1.0,1.0,1.0,1.0,1.0
574.25,2.0,16.686773713345623,17.83866476715582,17.99810144295921,18.320261102088946,17.52994508051051,16.42842529362839,14.687645196940764,15.152879219852794,14.565940826833955,15.019462903676313,1.0,1.0,1.0,1.0,1.0,1.0,1.0,1.0,1.0,1.0
574.5,3.0,0.0,0.0,0.0,0.0,0.0,0.0,0.0,0.0,0.0,0.0,0.0,0.0,0.0,0.0,0.0,0.0,0.0,0.0,0.0,0.0
574.75,4.0,0.0,0.0,0.0,0.0,0.0,0.0,0.0,0.0,0.0,0.0,0.0,0.0,0.0,0.0,0.0,0.0,0.0,0.0,0.0,0.0
575.0,1.0,16.160850524220926,16.644035672545723,16.553073388700486,15.75982805231142,17.271418494360574,17.141096969036784,17.9490108236929,18.3242498702262,18.419550813842303,17.97860276700983,1.0,1.0,1.0,1.0,1.0,1.0,1.0,1.0,1.0,1.0
575.25,2.0,17.543972053389517,18.741791591001853,19.40526762982676,18.947438437217887,16.60492301020609,16.524318140175794,14.506834263187173,15.288292137388055,13.92052051673856,13.165536424222443,1.0,1.0,1.0,1.0,1.0,1.0,1.0,1.0,1.0,1.0
575.5,3.0,18.336293939169728,18.513645669828872,18.35414207494581,16.972264397648072,16.681548986885353,17.58676585049567,16.95836090640464,17.60107497669425,15.803290231622427,14.852852713468113,1.0,1.0,1.0,1.0,1.0,1.0,1.0,1.0,1.0,1.0
575.75,4.0,18.377854109513393,18.915465151030737,19.702134346477422,19.950893775291377,19.751174488960658,19.73619893025574,19.979815300864058,19.46808362827461,20.274108222864097,19.70276074267034,1.0,1.0,1.0,1.0,1.0,1.0,1.0,1.0,1.0,1.0
576.0,1.0,16.580249591096102,16.66887154737277,16.302054174691396,16.660289527588315,18.235933489654418,18.446194276612758,19.291333329021985,19.030159890500844,18.530333015257245,19.02911967094834,1.0,1.0,1.0,1.0,1.0,1.0,1.0,1.0,1.0,1.0
576.25,2.0,0.0,0.0,0.0,0.0,0.0,0.0,0.0,0.0,0.0,0.0,0.0,0.0,0.0,0.0,0.0,0.0,0.0,0.0,0.0,0.0
576.5,3.0,18.920110374484036,18.506163538127467,18.127519413393482,17.38370703661669,16.98569562831666,17.212871598335237,16.789436052825074,16.58674088388893,15.294322461794362,14.745095184296538,1.0,1.0,1.0,1.0,1.0,1.0,1.0,1.0,1.0,1.0
576.75,4.0,18.081077499261934,17.919264818425024,18.502192225763935,19.713534478312784,20.001033042735823,20.41196068395781,20.289718517733405,20.20263331009896,20.284743404140013,19.24990809945858,1.0,1.0,1.0,1.0,1.0,1.0,1.0,1.0,1.0,1.0
577.0,1.0,17.99247581331366,17.544220784458926,17.270370680883097,17.80680650407317,19.485470359602832,19.697195790722528,19.306749155113778,19.639807446897482,19.031922583319254,19.069662873774902,1.0,1.0,1.0,1.0,1.0,1.0,1.0,1.0,1.0,1.0
577.25,2.0,18.276743358387428,20.47858356452062,19.570440188527478,17.152292813214547,14.805112982766769,14.37308955125764,13.43957149399319,13.337676362109791,13.377765629536649,13.155255019142533,1.0,1.0,1.0,1.0,1.0,1.0,1.0,1.0,1.0,1.0
577.5,3.0,0.0,0.0,0.0,0.0,0.0,0.0,0.0,0.0,0.0,0.0,0.0,0.0,0.0,0.0,0.0,0.0,0.0,0.0,0.0,0.0
577.75,4.0,17.81858398020208,18.1593805256089,18.764722748551144,18.770790185666893,20.59748136352086,20.700013333201337,20.697675149287484,19.343194538073437,19.929246561810775,19.92790899720599,1.0,1.0,1.0,1.0,1.0,1.0,1.0,1.0,1.0,1.0
578.0,1.0,17.313738220299474,18.420015388808395,18.91856040640996,18.060939997260856,19.8510036888322,19.85279666823456,19.127637313284943,19.850451441826152,19.10525341487422,18.34418452502893,1.0,1.0,1.0,1.0,1.0,1.0,1.0,1.0,1.0,1.0
578.25,2.0,0.0,0.0,0.0,0.0,0.0,0.0,0.0,0.0,0.0,0.0,0.0,0.0,0.0,0.0,0.0,0.0,0.0,0.0,0.0,0.0
578.5,3.0,19.528634429819707,18.37778740012989,16.99603886259553,17.338683930252696,18.00146931198625,18.462865726780954,18.29412352099873,17.40883805727286,15.722879140521831,14.264683756394643,1.0,1.0,1.0,1.0,1.0,1.0,1.0,1.0,1.0,1.0
578.75,4.0,19.65524050332593,20.094530483300407,18.912249265972182,18.905201162929092,20.962608420030577,21.08160803383212,20.090867939283942,19.474785959737574,20.09710818407535,19.652252032053777,1.0,1.0,1.0,1.0,1.0,1.0,1.0,1.0,1.0,1.0
579.0,1.0,0.0,0.0,0.0,0.0,0.0,0.0,0.0,0.0,0.0,0.0,0.0,0.0,0.0,0.0,0.0,0.0,0.0,0.0,0.0,0.0
579.25,2.0,17.023423327712997,18.91351978682867,16.711554273372553,14.206640115872089,13.135633390969248,13.857839058385416,13.117030766313434,13.912279321915596,13.997431893156055,13.915709120549334,1.0,1.0,1.0,1.0,1.0,1.0,1.0,1.0,1.0,1.0
579.5,3.0,18.80403192041895,18.617061311220123,16.952921039010153,16.879859193369086,19.139074498989622,17.637396609357655,18.039577316293464,17.16280875140989,15.007308973453451,14.896570601705896,1.0,1.0,1.0,1.0,1.0,1.0,1.0,1.0,1.0,1.0
579.75,4.0,0.0,0.0,0.0,0.0,0.0,0.0,0.0,0.0,0.0,0.0,0.0,0.0,0.0,0.0,0.0,0.0,0.0,0.0,0.0,0.0
580.0,1.0,19.14496829482857,20.161473599463836,19.565010361500907,19.289787303081916,19.279490547285608,18.356838975648458,18.65784396207378,20.007803554416377,20.176879561107167,20.42497849202983,1.0,1.0,1.0,1.0,1.0,1.0,1.0,1.0,1.0,1.0
580.25,2.0,16.86215577176838,17.14357736686,15.31461885830005,13.395980168870487,13.64913189340678,14.101345869027668,13.546568257186292,13.819239530782461,13.632273191404943,13.991003681726209,1.0,1.0,1.0,1.0,1.0,1.0,1.0,1.0,1.0,1.0
580.5,3.0,0.0,0.0,0.0,0.0,0.0,0.0,0.0,0.0,0.0,0.0,0.0,0.0,0.0,0.0,0.0,0.0,0.0,0.0,0.0,0.0
580.75,4.0,20.36804856986776,20.840730587221763,19.684392554724568,18.567557348489906,20.04014050435882,19.944605393526842,20.108740702356855,18.97745697976438,18.599433160945868,19.099473580886112,1.0,1.0,1.0,1.0,1.0,1.0,1.0,1.0,1.0,1.0
581.0,1.0,18.645027927021335,20.47843422097034,19.103435531548357,18.32336969863677,17.444007043970714,17.134505297920036,17.37748649764832,18.584974505397184,19.430306488459347,19.400799140171575,1.0,1.0,1.0,1.0,1.0,1.0,1.0,1.0,1.0,1.0
581.25,2.0,0.0,0.0,0.0,0.0,0.0,0.0,0.0,0.0,0.0,0.0,0.0,0.0,0.0,0.0,0.0,0.0,0.0,0.0,0.0,0.0
581.5,3.0,19.252216098045107,17.351172475769044,16.39886615550026,17.057428816822213,17.904793818040986,17.631270891737287,17.82897582917521,17.118510509924615,16.186710912154886,16.46921194241585,1.0,1.0,1.0,1.0,1.0,1.0,1.0,1.0,1.0,1.0
581.75,4.0,20.24714574889536,20.207329923998643,20.84381338680532,20.383606172750284,20.851203025927276,20.186966625932776,19.91734744873364,19.76387551059507,19.18088684007379,19.245771260417268,1.0,1.0,1.0,1.0,1.0,1.0,1.0,1.0,1.0,1.0
582.0,1.0,18.23274678547014,19.20770235844197,17.775010041485793,16.525906352280156,16.783604384292918,16.8872130765356,17.883698176194574,19.58731285622811,20.60080512433306,19.954335939360455,1.0,1.0,1.0,1.0,1.0,1.0,1.0,1.0,1.0,1.0
582.25,2.0,17.081768921644237,17.285579663994056,15.113261554826968,14.705845051822765,15.226305410430623,16.05552311860038,15.236216816672584,15.16610625716851,15.772277388173684,15.752037386715203,1.0,1.0,1.0,1.0,1.0,1.0,1.0,1.0,1.0,1.0
582.5,3.0,0.0,0.0,0.0,0.0,0.0,0.0,0.0,0.0,0.0,0.0,0.0,0.0,0.0,0.0,0.0,0.0,0.0,0.0,0.0,0.0
582.75,4.0,20.26051905780777,21.372375175370998,22.32641935600023,21.187814638621777,20.59825722982312,19.56266661133367,18.92081981674091,19.052815844848002,18.425249260941065,18.874496728727504,1.0,1.0,1.0,1.0,1.0,1.0,1.0,1.0,1.0,1.0
583.0,1.0,17.769735621143152,18.651817740026026,17.015501272948427,16.515620629430565,17.973863363803375,17.33115098942204,18.85937281473742,19.367527859522752,19.93684531422547,20.47079323469943,1.0,1.0,1.0,1.0,1.0,1.0,1.0,1.0,1.0,1.0
583.25,2.0,18.32663380399378,16.374850485179007,15.49325157575291,15.55306597193871,15.49231259647936,16.768461008411506,15.889590464866117,16.631336427844698,16.712759098293425,16.69183468986426,1.0,1.0,1.0,1.0,1.0,1.0,1.0,1.0,1.0,1.0
583.5,3.0,18.92094292786517,17.995393748389372,17.257009383879975,16.579925864417774,18.15742728233161,18.125053415992202,18.068207998577403,17.90145698636277,17.904531215565253,18.166134594164152,1.0,1.0,1.0,1.0,1.0,1.0,1.0,1.0,1.0,1.0
583.75,4.0,21.11706726705564,21.465048705719603,22.50875313439531,20.606532681382664,18.374190753099523,18.781616116024065,17.941085760228532,18.28338006759968,18.561138470631043,18.530026805606305,1.0,1.0,1.0,1.0,1.0,1.0,1.0,1.0,1.0,1.0
584.0,1.0,0.0,0.0,0.0,0.0,0.0,0.0,0.0,0.0,0.0,0.0,0.0,0.0,0.0,0.0,0.0,0.0,0.0,0.0,0.0,0.0
584.25,2.0,0.0,0.0,0.0,0.0,0.0,0.0,0.0,0.0,0.0,0.0,0.0,0.0,0.0,0.0,0.0,0.0,0.0,0.0,0.0,0.0
584.5,3.0,20.24856225109056,18.500629593672247,17.050292149197375,16.188928285952162,17.57971361189875,17.883346701305296,17.41519408783825,18.199941172662545,18.01781969486937,18.218999572015218,1.0,1.0,1.0,1.0,1.0,1.0,1.0,1.0,1.0,1.0
584.75,4.0,0.0,0.0,0.0,0.0,0.0,0.0,0.0,0.0,0.0,0.0,0.0,0.0,0.0,0.0,0.0,0.0,0.0,0.0,0.0,0.0
585.0,1.0,16.975073735289904,17.85599595623621,18.492935480515246,17.653474355339423,18.40823087633977,17.917590109032442,19.16392143917002,20.458216334104133,20.040730217001265,19.921271356043395,1.0,1.0,1.0,1.0,1.0,1.0,1.0,1.0,1.0,1.0
585.25,2.0,16.256694024794392,16.549497609448114,16.387025992645203,15.806924656806775,16.27125369548611,16.80984780854552,16.585420776520113,17.327834578558292,17.95552431134885,17.921895008436852,1.0,1.0,1.0,1.0,1.0,1.0,1.0,1.0,1.0,1.0
585.5,3.0,0.0,0.0,0.0,0.0,0.0,0.0,0.0,0.0,0.0,0.0,0.0,0.0,0.0,0.0,0.0,0.0,0.0,0.0,0.0,0.0
585.75,4.0,20.169599180139837,20.6724497272473,20.850100159761883,18.732410677700177,19.155947601492834,19.91499171650068,20.075321913063654,19.820145168957414,21.036271041253862,20.229742189638745,1.0,1.0,1.0,1.0,1.0,1.0,1.0,1.0,1.0,1.0
586.0,1.0,17.345028962306255,17.66433878193448,17.36892273197714,16.24621281780066,19.81802817311886,20.043354212287547,20.87461383273928,20.631930439881845,19.873065718602717,19.48496727364481,1.0,1.0,1.0,1.0,1.0,1.0,1.0,1.0,1.0,1.0
586.25,2.0,0.0,0.0,0.0,0.0,0.0,0.0,0.0,0.0,0.0,0.0,0.0,0.0,0.0,0.0,0.0,0.0,0.0,0.0,0.0,0.0
586.5,3.0,19.043219111580022,17.689933073556503,17.09411563352018,15.563418664051751,16.179379680492907,16.532168980026,16.40636235957252,16.556368806978725,16.62842341215951,17.173547102906017,1.0,1.0,1.0,1.0,1.0,1.0,1.0,1.0,1.0,1.0
586.75,4.0,19.919031034536406,20.643621832940582,19.490914341763116,18.47814170109224,18.88891736948804,19.63579993278828,19.52511883714461,19.967218272432003,20.196781924862897,19.84452513958381,1.0,1.0,1.0,1.0,1.0,1.0,1.0,1.0,1.0,1.0
587.0,1.0,0.0,0.0,0.0,0.0,0.0,0.0,0.0,0.0,0.0,0.0,0.0,0.0,0.0,0.0,0.0,0.0,0.0,0.0,0.0,0.0
587.25,2.0,17.02165985384367,16.887156294930165,17.35237067571132,16.73034614830019,17.75624956192915,17.954918234973718,18.091446495797186,18.127943789095276,17.63685440917835,17.39211279472972,1.0,1.0,1.0,1.0,1.0,1.0,1.0,1.0,1.0,1.0
587.5,3.0,0.0,0.0,0.0,0.0,0.0,0.0,0.0,0.0,0.0,0.0,0.0,0.0,0.0,0.0,0.0,0.0,0.0,0.0,0.0,0.0
587.75,4.0,0.0,0.0,0.0,0.0,0.0,0.0,0.0,0.0,0.0,0.0,0.0,0.0,0.0,0.0,0.0,0.0,0.0,0.0,0.0,0.0
588.0,1.0,17.016182403083018,17.119568868596897,16.260485484799766,18.62181151745553,21.266204020539824,21.06784215301361,21.60494481645808,22.103260892023197,20.995790827888094,21.25937535482122,1.0,1.0,1.0,1.0,1.0,1.0,1.0,1.0,1.0,1.0
588.25,2.0,17.80696928905201,17.784453004320042,18.475037798303834,17.36988830339617,17.914773608219356,17.532233797842995,18.672485231805197,18.207435247363623,18.565939956023783,17.72272971791394,1.0,1.0,1.0,1.0,1.0,1.0,1.0,1.0,1.0,1.0
588.5,3.0,0.0,0.0,0.0,0.0,0.0,0.0,0.0,0.0,0.0,0.0,0.0,0.0,0.0,0.0,0.0,0.0,0.0,0.0,0.0,0.0
588.75,4.0,19.54089290429756,19.584100721903184,17.929529730297794,16.840498186022206,17.954586630233916,18.844096227288563,18.92546688519748,18.884162184148042,18.34874321417807,18.061696829173123,1.0,1.0,1.0,1.0,1.0,1.0,1.0,1.0,1.0,1.0
589.0,1.0,17.707939834637184,17.00084409850463,16.783324250266126,18.923513588329936,20.747674813721265,22.432343463978466,23.567328148902874,22.578087966396556,21.340954954363035,21.54154011300416,1.0,1.0,1.0,1.0,1.0,1.0,1.0,1.0,1.0,1.0
589.25,2.0,0.0,0.0,0.0,0.0,0.0,0.0,0.0,0.0,0.0,0.0,0.0,0.0,0.0,0.0,0.0,0.0,0.0,0.0,0.0,0.0
589.5,3.0,19.279250449244998,18.758664255242376,18.447848177303896,15.12222412058313,14.725482809082532,14.693423098827113,14.857429763130186,15.687798493257334,17.098722647768646,17.616695179903953,1.0,1.0,1.0,1.0,1.0,1.0,1.0,1.0,1.0,1.0
589.75,4.0,19.423604995282506,19.242635495488518,17.79208373802328,17.749025131647628,18.187722455524984,18.468595449385656,18.466152134406148,17.790702236153948,17.940815777484477,17.976606550833242,1.0,1.0,1.0,1.0,1.0,1.0,1.0,1.0,1.0,1.0
590.0,1.0,18.209366931581954,18.226387812451513,17.175134844521033,18.50942409719888,22.183456808288735,22.81963755290421,22.98985558591818,22.017537367209876,21.047522410853805,22.0757869380819,1.0,1.0,1.0,1.0,1.0,1.0,1.0,1.0,1.0,1.0
590.25,2.0,18.22375156717658,19.047771187310783,18.778313640862553,17.59015165636189,18.15097612045633,18.069008320717558,18.716894302872312,18.024096016537467,17.482591308319943,16.29429752157021,1.0,1.0,1.0,1.0,1.0,1.0,1.0,1.0,1.0,1.0
590.5,3.0,0.0,0.0,0.0,0.0,0.0,0.0,0.0,0.0,0.0,0.0,0.0,0.0,0.0,0.0,0.0,0.0,0.0,0.0,0.0,0.0
590.75,4.0,18.794963193687924,18.340267429980926,17.482532879811963,18.012189518797435,18.87498435931741,18.790344772156516,18.697081487752435,17.958802193236064,17.68671177220486,18.40911760125899,1.0,1.0,1.0,1.0,1.0,1.0,1.0,1.0,1.0,1.0
591.0,1.0,16.7133399517938,16.513080378721792,16.396794225158267,16.830085911094695,21.80538672533031,22.423095808136058,22.632073689585532,22.135880947535053,20.928004212448776,20.714869652461648,1.0,1.0,1.0,1.0,1.0,1.0,1.0,1.0,1.0,1.0
591.25,2.0,19.808000509400717,19.507501992275603,17.72508214680406,16.95852188658682,17.537073372308754,17.84510405582597,18.131936141632032,18.051647255565197,17.202197948237142,16.368139947737912,1.0,1.0,1.0,1.0,1.0,1.0,1.0,1.0,1.0,1.0
591.5,3.0,18.367594141670647,17.809314181882293,17.823192768707074,15.766178164926945,16.107016655962603,16.99651804956609,17.724321302833964,17.10279312717468,17.56070764048294,18.732493145643236,1.0,1.0,1.0,1.0,1.0,1.0,1.0,1.0,1.0,1.0
591.75,4.0,18.00166571770628,17.52434695203529,16.854636053078366,16.695788186762382,18.511563763849928,18.02799901782136,17.72347883621298,17.353367478274194,17.998195846441757,18.856476826295616,1.0,1.0,1.0,1.0,1.0,1.0,1.0,1.0,1.0,1.0
592.0,1.0,0.0,0.0,0.0,0.0,0.0,0.0,0.0,0.0,0.0,0.0,0.0,0.0,0.0,0.0,0.0,0.0,0.0,0.0,0.0,0.0
592.25,2.0,0.0,0.0,0.0,0.0,0.0,0.0,0.0,0.0,0.0,0.0,0.0,0.0,0.0,0.0,0.0,0.0,0.0,0.0,0.0,0.0
592.5,3.0,18.538596804578717,17.661235351055357,17.907717784390403,16.75663940891926,16.121337919316755,16.287653618450943,17.161891106012174,17.029014877699357,16.92522050245618,19.12570929382291,1.0,1.0,1.0,1.0,1.0,1.0,1.0,1.0,1.0,1.0
592.75,4.0,0.0,0.0,0.0,0.0,0.0,0.0,0.0,0.0,0.0,0.0,0.0,0.0,0.0,0.0,0.0,0.0,0.0,0.0,0.0,0.0
593.0,1.0,17.238380639454224,17.61457677772207,17.196342442742086,19.015644390804823,20.480199448149573,19.783975182417556,19.495439738121426,18.408588875840163,16.836976217501768,17.10611568978104,1.0,1.0,1.0,1.0,1.0,1.0,1.0,1.0,1.0,1.0
593.25,2.0,20.420142945474126,19.060136053192153,17.39896287240034,16.65434219724493,17.014693329350767,17.083402230205103,17.40498944384316,16.831746261848334,16.88055698391469,17.26172513209198,1.0,1.0,1.0,1.0,1.0,1.0,1.0,1.0,1.0,1.0
593.5,3.0,0.0,0.0,0.0,0.0,0.0,0.0,0.0,0.0,0.0,0.0,0.0,0.0,0.0,0.0,0.0,0.0,0.0,0.0,0.0,0.0
593.75,4.0,17.81543960537581,17.637623607750324,18.147676437612997,17.981958984248703,16.891444337455145,16.932257351470465,17.447062975966023,17.07510926986417,17.567764198544037,17.645331253350257,1.0,1.0,1.0,1.0,1.0,1.0,1.0,1.0,1.0,1.0
594.0,1.0,18.054164765607972,17.454297363192563,17.99401046766653,19.696892994567015,18.85879760452986,18.230129464347776,17.684488087838222,16.84293578245283,15.951536544158461,16.334732643249975,1.0,1.0,1.0,1.0,1.0,1.0,1.0,1.0,1.0,1.0
594.25,2.0,0.0,0.0,0.0,0.0,0.0,0.0,0.0,0.0,0.0,0.0,0.0,0.0,0.0,0.0,0.0,0.0,0.0,0.0,0.0,0.0
594.5,3.0,16.88255070122341,17.946642456828766,17.31675252516374,16.51593711303643,17.814337919925514,18.015674090116157,19.489649098285952,19.55517450890276,18.113686992590367,19.540278295114828,1.0,1.0,1.0,1.0,1.0,1.0,1.0,1.0,1.0,1.0
594.75,4.0,18.533688713302205,18.11703927155471,18.902254406360814,18.09534964127595,16.471276067205537,17.369039700668555,17.571233205807385,17.60037378695307,17.463012589404485,17.49421068927036,1.0,1.0,1.0,1.0,1.0,1.0,1.0,1.0,1.0,1.0
595.0,1.0,0.0,0.0,0.0,0.0,0.0,0.0,0.0,0.0,0.0,0.0,0.0,0.0,0.0,0.0,0.0,0.0,0.0,0.0,0.0,0.0
595.25,2.0,18.155744316492314,17.915657873025687,17.23975505695379,16.8939283186503,17.413602321659578,17.18408807822488,17.993642137632815,17.815576248141166,17.963152366315384,18.57703767425294,1.0,1.0,1.0,1.0,1.0,1.0,1.0,1.0,1.0,1.0
595.5,3.0,0.0,0.0,0.0,0.0,0.0,0.0,0.0,0.0,0.0,0.0,0.0,0.0,0.0,0.0,0.0,0.0,0.0,0.0,0.0,0.0
595.75,4.0,0.0,0.0,0.0,0.0,0.0,0.0,0.0,0.0,0.0,0.0,0.0,0.0,0.0,0.0,0.0,0.0,0.0,0.0,0.0,0.0
596.0,1.0,17.56912594679803,18.948997525863742,17.05071528394338,16.38891792357597,17.63618730642928,16.300037235284957,15.424696640637084,16.454221474854375,15.766333758303638,17.076969329880324,1.0,1.0,1.0,1.0,1.0,1.0,1.0,1.0,1.0,1.0
596.25,2.0,16.92291845354837,17.86056389040418,18.603184077849907,18.142802669439792,17.71198141193343,17.452983431082906,17.845312429165144,17.7769171569347,17.72642705119747,18.51658146442751,1.0,1.0,1.0,1.0,1.0,1.0,1.0,1.0,1.0,1.0
596.5,3.0,0.0,0.0,0.0,0.0,0.0,0.0,0.0,0.0,0.0,0.0,0.0,0.0,0.0,0.0,0.0,0.0,0.0,0.0,0.0,0.0
596.75,4.0,20.427992131489667,20.92684428121945,19.10269681065459,18.93545294318062,18.98483870435056,18.952592859935756,17.5011402278108,17.57253207489611,17.964327899052613,18.41606336509608,1.0,1.0,1.0,1.0,1.0,1.0,1.0,1.0,1.0,1.0
597.0,1.0,17.2320617569404,17.836917612387865,16.98483206980696,16.908773216981924,17.278218929427467,16.422217853235267,17.27780817310048,17.834243234093538,17.532318290966312,18.184164816043204,1.0,1.0,1.0,1.0,1.0,1.0,1.0,1.0,1.0,1.0
597.25,2.0,0.0,0.0,0.0,0.0,0.0,0.0,0.0,0.0,0.0,0.0,0.0,0.0,0.0,0.0,0.0,0.0,0.0,0.0,0.0,0.0
597.5,3.0,17.082808001049305,16.79633476218671,17.96869119032757,18.761968453924492,20.530683301808562,20.733573280693196,21.472357974498316,20.782378762160015,19.16105732114287,20.34266998279129,1.0,1.0,1.0,1.0,1.0,1.0,1.0,1.0,1.0,1.0
597.75,4.0,21.31970930410495,20.69043014302333,17.901773932444808,18.639745856724158,18.740468848333006,19.32335073421188,18.92303718288179,17.924144685391465,16.502278483885185,16.86400763616989,1.0,1.0,1.0,1.0,1.0,1.0,1.0,1.0,1.0,1.0
598.0,1.0,18.005166571806157,17.258137668236504,17.146130267647738,17.392447228874705,17.709402853529433,16.98579687914328,17.907113834520143,18.399906175495705,17.311027038193526,17.171074496205936,1.0,1.0,1.0,1.0,1.0,1.0,1.0,1.0,1.0,1.0
598.25,2.0,17.94426870687863,17.969526662821863,17.4845662523734,15.937129798936448,16.26443065524037,15.372530951330637,16.499012756587774,17.140783488589896,18.05693803032268,17.829374383684648,1.0,1.0,1.0,1.0,1.0,1.0,1.0,1.0,1.0,1.0
598.5,3.0,0.0,0.0,0.0,0.0,0.0,0.0,0.0,0.0,0.0,0.0,0.0,0.0,0.0,0.0,0.0,0.0,0.0,0.0,0.0,0.0
598.75,4.0,21.08938964812225,20.03901532456553,18.457104116896826,18.768623724003316,18.349691017627865,19.016034351738853,17.932190710716405,17.814932694426354,17.455320774883177,17.24545343052842,1.0,1.0,1.0,1.0,1.0,1.0,1.0,1.0,1.0,1.0
599.0,1.0,18.248039690242997,18.162105981587356,17.65675768215425,17.58003988011792,16.77970268608365,16.707785769944337,17.25821986042105,17.23603021774388,17.210859644028076,17.12699078515895,1.0,1.0,1.0,1.0,1.0,1.0,1.0,1.0,1.0,1.0
599.25,2.0,0.0,0.0,0.0,0.0,0.0,0.0,0.0,0.0,0.0,0.0,0.0,0.0,0.0,0.0,0.0,0.0,0.0,0.0,0.0,0.0
599.5,3.0,15.548360725704017,15.126823026760134,17.45787806425512,20.062872270978172,21.10140761843436,20.77109239600155,20.252801938637532,21.185564623743005,19.523872235413826,20.213046619007486,1.0,1.0,1.0,1.0,1.0,1.0,1.0,1.0,1.0,1.0
599.75,4.0,20.473601935310153,20.919032370431648,19.500369662273037,18.795941661975288,19.455174960233766,19.908626909087484,19.063539862989384,18.16611101627067,18.128118005037575,19.497697193649916,1.0,1.0,1.0,1.0,1.0,1.0,1.0,1.0,1.0,1.0
600.0,1.0,0.0,0.0,0.0,0.0,0.0,0.0,0.0,0.0,0.0,0.0,0.0,0.0,0.0,0.0,0.0,0.0,0.0,0.0,0.0,0.0
600.25,2.0,0.0,0.0,0.0,0.0,0.0,0.0,0.0,0.0,0.0,0.0,0.0,0.0,0.0,0.0,0.0,0.0,0.0,0.0,0.0,0.0
600.5,3.0,16.735324459292286,16.24296445208799,19.399087159076956,21.22295809273729,20.717177176985402,19.93893490954293,19.795118000409996,19.799265070216297,19.702699426017926,18.42117491867099,1.0,1.0,1.0,1.0,1.0,1.0,1.0,1.0,1.0,1.0
600.75,4.0,0.0,0.0,0.0,0.0,0.0,0.0,0.0,0.0,0.0,0.0,0.0,0.0,0.0,0.0,0.0,0.0,0.0,0.0,0.0,0.0
601.0,1.0,18.37420702147819,18.57133334634196,16.932090715801912,17.433122962265063,18.723501099647756,17.433094288319907,18.532962571722692,18.164847875259134,18.041157270829125,17.806662517542716,1.0,1.0,1.0,1.0,1.0,1.0,1.0,1.0,1.0,1.0
601.25,2.0,16.65717188323643,16.589088633595857,17.573239587228894,16.438079002066203,16.864836820376354,16.261246534323007,15.847008741413198,16.375143999342885,17.142568025772015,17.43890143706007,1.0,1.0,1.0,1.0,1.0,1.0,1.0,1.0,1.0,1.0
601.5,3.0,0.0,0.0,0.0,0.0,0.0,0.0,0.0,0.0,0.0,0.0,0.0,0.0,0.0,0.0,0.0,0.0,0.0,0.0,0.0,0.0
601.75,4.0,20.181444647661372,18.53094041106644,18.682223106264765,18.016935315140504,18.51110093192459,18.926520787129657,18.658580472711122,18.942835715137107,19.29033856422723,21.162798373132492,1.0,1.0,1.0,1.0,1.0,1.0,1.0,1.0,1.0,1.0
602.0,1.0,18.2161582659458,18.371234139602656,16.282465506321362,17.861801259947534,17.71637616342991,17.287962427256804,18.246609787560867,17.905565474960994,18.212270265905087,17.752412333342015,1.0,1.0,1.0,1.0,1.0,1.0,1.0,1.0,1.0,1.0
602.25,2.0,0.0,0.0,0.0,0.0,0.0,0.0,0.0,0.0,0.0,0.0,0.0,0.0,0.0,0.0,0.0,0.0,0.0,0.0,0.0,0.0
602.5,3.0,17.722335133363853,18.719164534468323,20.009153128648236,19.374742813235958,19.69632732808363,20.520173403290627,20.338133966379658,19.97220313056408,18.029398586763783,16.812120260071787,1.0,1.0,1.0,1.0,1.0,1.0,1.0,1.0,1.0,1.0
602.75,4.0,20.278271583962777,18.604756884155883,17.954944877604216,18.789834216957175,19.840962110659643,20.335014173207483,20.223015081699387,20.284789456789706,20.437682531480494,20.37626478581663,1.0,1.0,1.0,1.0,1.0,1.0,1.0,1.0,1.0,1.0
603.0,1.0,0.0,0.0,0.0,0.0,0.0,0.0,0.0,0.0,0.0,0.0,0.0,0.0,0.0,0.0,0.0,0.0,0.0,0.0,0.0,0.0
603.25,2.0,15.908770325247641,17.20009059106282,18.650130012122823,16.22284265651336,15.961180711394507,16.227680039894988,16.16335736352474,16.351909655481204,17.144718700613694,17.99664305224122,1.0,1.0,1.0,1.0,1.0,1.0,1.0,1.0,1.0,1.0
603.5,3.0,0.0,0.0,0.0,0.0,0.0,0.0,0.0,0.0,0.0,0.0,0.0,0.0,0.0,0.0,0.0,0.0,0.0,0.0,0.0,0.0
603.75,4.0,0.0,0.0,0.0,0.0,0.0,0.0,0.0,0.0,0.0,0.0,0.0,0.0,0.0,0.0,0.0,0.0,0.0,0.0,0.0,0.0
604.0,1.0,15.238137814132756,17.16653055025312,17.33027610331394,16.486452979074425,17.33857713091872,17.48524201477998,17.419301177590864,17.324925586807375,16.450792028618253,15.84582145556975,1.0,1.0,1.0,1.0,1.0,1.0,1.0,1.0,1.0,1.0
604.25,2.0,17.47316276886977,18.224527895825457,17.680646089169446,15.470234722990261,15.962235577795145,16.678353558984117,16.39674634581725,17.13148181461694,16.827297204719077,17.729016900343858,1.0,1.0,1.0,1.0,1.0,1.0,1.0,1.0,1.0,1.0
604.5,3.0,0.0,0.0,0.0,0.0,0.0,0.0,0.0,0.0,0.0,0.0,0.0,0.0,0.0,0.0,0.0,0.0,0.0,0.0,0.0,0.0
604.75,4.0,17.99441599121569,18.636141895953287,19.361713828282348,20.21528140986076,20.546952038375558,21.899095407550117,21.209309050228875,20.946441638211564,20.918765065435753,21.856756665847097,1.0,1.0,1.0,1.0,1.0,1.0,1.0,1.0,1.0,1.0
605.0,1.0,16.212531871585384,18.32027534468461,17.69308610555744,16.451478042478335,17.173452672373415,16.473517346104682,16.71609766923667,16.991539794283593,17.774545432893177,16.675140056476387,1.0,1.0,1.0,1.0,1.0,1.0,1.0,1.0,1.0,1.0
605.25,2.0,0.0,0.0,0.0,0.0,0.0,0.0,0.0,0.0,0.0,0.0,0.0,0.0,0.0,0.0,0.0,0.0,0.0,0.0,0.0,0.0
605.5,3.0,18.003873056929,19.802515764607122,20.65234127459886,19.881783136374363,19.468425941609162,19.15211711148584,18.944259272430333,17.847812663631967,16.762575950626726,16.462292464075034,1.0,1.0,1.0,1.0,1.0,1.0,1.0,1.0,1.0,1.0
605.75,4.0,19.41601454544462,18.690823896993894,19.056806763047724,20.47979530014695,20.057011857217987,19.76177717788132,20.426093255891907,20.599743143252475,21.101632988515995,21.057448106244042,1.0,1.0,1.0,1.0,1.0,1.0,1.0,1.0,1.0,1.0
606.0,1.0,17.942134674723775,20.19206256705069,18.524723349431177,17.07175914093522,17.258866965190972,17.104718841565997,17.349836871754544,17.721600474576807,17.64901998674223,16.993890062482578,1.0,1.0,1.0,1.0,1.0,1.0,1.0,1.0,1.0,1.0
606.25,2.0,16.373946299060663,15.359753777404432,15.445945893385197,15.961488768381491,18.570883034102902,17.976392237204557,17.283564263130447,17.086460571225963,17.05029542413598,17.612405519312848,1.0,1.0,1.0,1.0,1.0,1.0,1.0,1.0,1.0,1.0
606.5,3.0,0.0,0.0,0.0,0.0,0.0,0.0,0.0,0.0,0.0,0.0,0.0,0.0,0.0,0.0,0.0,0.0,0.0,0.0,0.0,0.0
606.75,4.0,19.06237835808838,18.65509816788742,19.107144784086014,19.31908143520693,17.32028188289497,18.401113532894392,19.711016736141897,20.751194476973524,20.688411014675122,20.121189253050687,1.0,1.0,1.0,1.0,1.0,1.0,1.0,1.0,1.0,1.0
607.0,1.0,18.830911568729615,20.71386399227893,17.887585712386596,17.648211321769338,18.07489006502477,17.778277711251878,17.842367884289406,17.292385215668602,16.23217626917585,16.79441824659923,1.0,1.0,1.0,1.0,1.0,1.0,1.0,1.0,1.0,1.0
607.25,2.0,0.0,0.0,0.0,0.0,0.0,0.0,0.0,0.0,0.0,0.0,0.0,0.0,0.0,0.0,0.0,0.0,0.0,0.0,0.0,0.0
607.5,3.0,20.405822297792735,20.64901682080112,21.55649796028939,20.089229846495087,18.63330968730163,18.574457140489827,18.89393916153024,18.011057107650217,18.820221346447486,18.87019379729032,1.0,1.0,1.0,1.0,1.0,1.0,1.0,1.0,1.0,1.0
607.75,4.0,18.593328026882478,18.533462564839233,18.318830700557147,18.882665037808216,16.58231953879633,17.384302400757505,18.39440626546649,18.375319272250852,18.850383257760587,18.590635775145135,1.0,1.0,1.0,1.0,1.0,1.0,1.0,1.0,1.0,1.0
608.0,1.0,0.0,0.0,0.0,0.0,0.0,0.0,0.0,0.0,0.0,0.0,0.0,0.0,0.0,0.0,0.0,0.0,0.0,0.0,0.0,0.0
608.25,2.0,0.0,0.0,0.0,0.0,0.0,0.0,0.0,0.0,0.0,0.0,0.0,0.0,0.0,0.0,0.0,0.0,0.0,0.0,0.0,0.0
608.5,3.0,20.380956611485086,21.187966800581194,21.262177262314825,19.39581622314176,18.20023181600312,18.849483721811733,18.875074059588314,19.32424540743037,18.208157662378916,18.6765028219877,1.0,1.0,1.0,1.0,1.0,1.0,1.0,1.0,1.0,1.0
608.75,4.0,0.0,0.0,0.0,0.0,0.0,0.0,0.0,0.0,0.0,0.0,0.0,0.0,0.0,0.0,0.0,0.0,0.0,0.0,0.0,0.0
609.0,1.0,17.601953498788816,19.179280162784337,17.53518695520259,17.299404741132694,16.585168521835858,15.746151347865563,17.004373710474848,16.91098787553131,18.68472870326628,18.799749894727317,1.0,1.0,1.0,1.0,1.0,1.0,1.0,1.0,1.0,1.0
609.25,2.0,17.10535028845087,16.1379628032602,16.117270938621587,15.917798554561426,16.2789992320634,16.84778889365081,16.968311414294906,16.67334122805371,16.860796504755818,17.27190713547694,1.0,1.0,1.0,1.0,1.0,1.0,1.0,1.0,1.0,1.0
609.5,3.0,0.0,0.0,0.0,0.0,0.0,0.0,0.0,0.0,0.0,0.0,0.0,0.0,0.0,0.0,0.0,0.0,0.0,0.0,0.0,0.0
609.75,4.0,18.68211715772096,19.55302455748433,18.929869987394973,18.295973194651854,17.22689016910766,19.536402010352848,18.86803364969005,18.749445244374098,19.4917559492619,20.52373743565823,1.0,1.0,1.0,1.0,1.0,1.0,1.0,1.0,1.0,1.0
610.0,1.0,17.751261433449997,18.147713327171758,17.401653987547476,16.896735355508763,15.345097245157541,15.214635510070712,17.03003492645671,18.027439277571844,19.7372894830337,20.090205807044484,1.0,1.0,1.0,1.0,1.0,1.0,1.0,1.0,1.0,1.0
610.25,2.0,0.0,0.0,0.0,0.0,0.0,0.0,0.0,0.0,0.0,0.0,0.0,0.0,0.0,0.0,0.0,0.0,0.0,0.0,0.0,0.0
610.5,3.0,20.463706084263865,19.481663311601267,20.92036961577545,19.47031570275434,18.45403263984865,18.971111890840735,18.19479326380766,18.15320031267378,18.110009062859692,19.08581570072704,1.0,1.0,1.0,1.0,1.0,1.0,1.0,1.0,1.0,1.0
610.75,4.0,19.070656471924273,19.692894682621002,18.763696440048513,18.998771310533552,18.19390852057644,19.79212195217435,18.871397657327645,19.147831948932083,20.363645258710832,20.714579363636375,1.0,1.0,1.0,1.0,1.0,1.0,1.0,1.0,1.0,1.0
611.0,1.0,0.0,0.0,0.0,0.0,0.0,0.0,0.0,0.0,0.0,0.0,0.0,0.0,0.0,0.0,0.0,0.0,0.0,0.0,0.0,0.0
611.25,2.0,16.296697198464773,16.993956208746173,16.622249836451726,15.956383374139172,15.278348307897687,15.410188046656963,14.714386589259263,16.5239332600232,16.866981228993595,17.131190671616817,1.0,1.0,1.0,1.0,1.0,1.0,1.0,1.0,1.0,1.0
611.5,3.0,0.0,0.0,0.0,0.0,0.0,0.0,0.0,0.0,0.0,0.0,0.0,0.0,0.0,0.0,0.0,0.0,0.0,0.0,0.0,0.0
611.75,4.0,0.0,0.0,0.0,0.0,0.0,0.0,0.0,0.0,0.0,0.0,0.0,0.0,0.0,0.0,0.0,0.0,0.0,0.0,0.0,0.0
612.0,1.0,17.282718910883137,17.290268954783073,18.182685650048118,18.099090072665412,17.255029573488983,17.410111162603485,18.65172592619014,19.098992665064937,19.17904331481668,20.974975492512037,1.0,1.0,1.0,1.0,1.0,1.0,1.0,1.0,1.0,1.0
612.25,2.0,17.42988034698973,17.86100507506009,16.543932992155156,15.440720402816234,16.05835290624036,16.326294940516647,16.26862452998232,17.559013139405153,17.87919874135511,18.108457693141148,1.0,1.0,1.0,1.0,1.0,1.0,1.0,1.0,1.0,1.0
612.5,3.0,18.269928061152967,18.120173843193786,18.961436513431067,17.203610800382744,18.01927274600979,18.921669462346678,18.372881425251677,18.09371307011375,17.706271224701773,18.765287179294745,1.0,1.0,1.0,1.0,1.0,1.0,1.0,1.0,1.0,1.0
612.75,4.0,18.852728034323025,18.950978771108858,17.814312419675417,19.179812644114477,18.791796364018033,19.890055248785295,19.97032875416821,20.09652784277416,20.84492734536498,21.334096358210413,1.0,1.0,1.0,1.0,1.0,1.0,1.0,1.0,1.0,1.0
613.0,1.0,16.855422306647068,18.56480671089827,18.78012446566569,18.318845010801926,19.2276533721535,19.721141302434894,20.25161927114559,20.376723599408916,21.01828695741583,21.485712299554457,1.0,1.0,1.0,1.0,1.0,1.0,1.0,1.0,1.0,1.0
613.25,2.0,0.0,0.0,0.0,0.0,0.0,0.0,0.0,0.0,0.0,0.0,0.0,0.0,0.0,0.0,0.0,0.0,0.0,0.0,0.0,0.0
613.5,3.0,17.034230060609378,17.41299818158633,18.54095376811561,18.094988794539738,18.872621111333476,18.90218131628237,18.545788304110182,18.440148218109204,18.49301820786268,19.399323009440884,1.0,1.0,1.0,1.0,1.0,1.0,1.0,1.0,1.0,1.0
613.75,4.0,18.96308649075628,19.655737848364492,17.78920580615104,19.619069715418682,17.904793530033288,19.202024204666692,19.56215994959796,20.88545749977259,21.199313668574842,21.594470977828816,1.0,1.0,1.0,1.0,1.0,1.0,1.0,1.0,1.0,1.0
614.0,1.0,17.360848790261915,19.2017384827121,18.594430660427275,19.52445117544966,20.1562141743333,20.44327604085677,20.380343522558423,20.719299790239578,20.26957481130926,20.421353044290317,1.0,1.0,1.0,1.0,1.0,1.0,1.0,1.0,1.0,1.0
614.25,2.0,17.650267074972618,16.10975175885061,14.448431195205705,17.741512471482856,17.753775841944194,18.25831754560456,17.448054285440875,18.811299891812116,18.642297948775227,19.521192542868476,1.0,1.0,1.0,1.0,1.0,1.0,1.0,1.0,1.0,1.0
614.5,3.0,0.0,0.0,0.0,0.0,0.0,0.0,0.0,0.0,0.0,0.0,0.0,0.0,0.0,0.0,0.0,0.0,0.0,0.0,0.0,0.0
614.75,4.0,19.838300497272225,19.85639959993727,18.676535427303516,20.48985143515622,18.05735196239935,19.264879215465104,19.862579826668814,19.885594490060488,19.933939078314715,20.636254981810254,1.0,1.0,1.0,1.0,1.0,1.0,1.0,1.0,1.0,1.0
615.0,1.0,18.05748787880273,19.01934086503687,19.273209318395704,19.492559482292865,19.68407402694961,19.713110226156324,19.628467188437646,19.807217378296365,19.696714347838686,20.004314722498066,1.0,1.0,1.0,1.0,1.0,1.0,1.0,1.0,1.0,1.0
615.25,2.0,0.0,0.0,0.0,0.0,0.0,0.0,0.0,0.0,0.0,0.0,0.0,0.0,0.0,0.0,0.0,0.0,0.0,0.0,0.0,0.0
615.5,3.0,17.11981462236474,18.491316090726663,19.476065231566764,19.0516224636444,18.611181402837072,19.86122877557469,20.344050862822545,20.60225734891083,20.94816102989579,20.413218497610803,1.0,1.0,1.0,1.0,1.0,1.0,1.0,1.0,1.0,1.0
615.75,4.0,20.16290551663669,19.991712267388802,18.992265823162835,19.40596672183088,18.35570363617517,19.356160764464594,20.39666550927163,21.024002830825452,21.51845229244529,21.83168431761449,1.0,1.0,1.0,1.0,1.0,1.0,1.0,1.0,1.0,1.0
616.0,1.0,0.0,0.0,0.0,0.0,0.0,0.0,0.0,0.0,0.0,0.0,0.0,0.0,0.0,0.0,0.0,0.0,0.0,0.0,0.0,0.0
616.25,2.0,16.359073868999992,15.036681304675033,16.794301477721415,19.54402619788691,20.035291426549207,20.152669171784982,19.38470857561096,20.49488618432162,20.012090392659008,19.132404633517158,1.0,1.0,1.0,1.0,1.0,1.0,1.0,1.0,1.0,1.0
616.5,3.0,18.265057251018884,19.396551529868972,19.36176508600935,19.32331098593908,20.46562663335923,21.350372464149643,22.355177007026032,21.485601529974385,21.025058025365276,19.456303860284596,1.0,1.0,1.0,1.0,1.0,1.0,1.0,1.0,1.0,1.0
616.75,4.0,0.0,0.0,0.0,0.0,0.0,0.0,0.0,0.0,0.0,0.0,0.0,0.0,0.0,0.0,0.0,0.0,0.0,0.0,0.0,0.0
617.0,1.0,18.597788344259524,17.79535890349336,18.392806132578237,18.42072705716759,17.794794807925584,19.339988821373918,19.013149729301144,19.75985822265796,20.325722445865964,19.76970983676043,1.0,1.0,1.0,1.0,1.0,1.0,1.0,1.0,1.0,1.0
617.25,2.0,15.972367537046676,16.567448246783492,18.272945632451233,19.941441137166954,20.909974903259705,20.018041258194337,18.674293934346462,19.18397952139436,18.62296648871507,18.703941390252574,1.0,1.0,1.0,1.0,1.0,1.0,1.0,1.0,1.0,1.0
617.5,3.0,0.0,0.0,0.0,0.0,0.0,0.0,0.0,0.0,0.0,0.0,0.0,0.0,0.0,0.0,0.0,0.0,0.0,0.0,0.0,0.0
617.75,4.0,19.07839864291031,21.567336225915227,21.45440818414095,21.078424070873982,19.47002721007016,19.958999276683713,20.1811627154792,21.025324797044345,20.47874027463336,19.669510084308598,1.0,1.0,1.0,1.0,1.0,1.0,1.0,1.0,1.0,1.0
618.0,1.0,18.23171133910851,17.774878239907547,18.18283227007309,19.36036943220872,18.939764701674687,20.286889655610757,19.725012583698447,21.567325486664966,20.942340474737442,20.39329752383133,1.0,1.0,1.0,1.0,1.0,1.0,1.0,1.0,1.0,1.0
618.25,2.0,0.0,0.0,0.0,0.0,0.0,0.0,0.0,0.0,0.0,0.0,0.0,0.0,0.0,0.0,0.0,0.0,0.0,0.0,0.0,0.0
618.5,3.0,18.048765700323724,18.131502554558494,17.87739732386273,19.5765517208889,20.86393689817984,20.591362216351207,20.729821382345207,20.332474167070078,20.852916971662285,20.39139305957896,1.0,1.0,1.0,1.0,1.0,1.0,1.0,1.0,1.0,1.0
618.75,4.0,21.20295726350423,23.433790092731446,22.54293786814482,21.654995650143732,18.675296517973628,19.15225931049977,18.400185223986014,19.235855368711263,18.774150897188225,18.61678715250212,1.0,1.0,1.0,1.0,1.0,1.0,1.0,1.0,1.0,1.0
619.0,1.0,18.22498915182835,18.342598238142,19.659637218486793,21.064238512933848,21.242888203112056,21.72764855808846,21.446533259311188,22.495165548235384,21.67836949431129,21.108223791647006,1.0,1.0,1.0,1.0,1.0,1.0,1.0,1.0,1.0,1.0
619.25,2.0,16.513824722847236,15.904725306294516,16.376948150981924,18.571869634000002,18.648992844480983,19.17900883976675,18.315568154319333,18.73502841268329,19.375298002746252,20.421340997986064,1.0,1.0,1.0,1.0,1.0,1.0,1.0,1.0,1.0,1.0
619.5,3.0,0.0,0.0,0.0,0.0,0.0,0.0,0.0,0.0,0.0,0.0,0.0,0.0,0.0,0.0,0.0,0.0,0.0,0.0,0.0,0.0
619.75,4.0,0.0,0.0,0.0,0.0,0.0,0.0,0.0,0.0,0.0,0.0,0.0,0.0,0.0,0.0,0.0,0.0,0.0,0.0,0.0,0.0
620.0,1.0,18.584780647950936,19.07835264708873,20.256473530951077,22.24378068839973,22.164826122084197,22.507416509935258,21.645313864356073,22.710108069253323,21.9824326936234,21.36055849933515,1.0,1.0,1.0,1.0,1.0,1.0,1.0,1.0,1.0,1.0
620.25,2.0,16.193592580970936,15.813804985147256,16.877822224328465,18.698041379137212,19.05105848371847,19.248506475511935,19.60282193112479,20.297123901708762,20.487256002668467,21.617684613253747,1.0,1.0,1.0,1.0,1.0,1.0,1.0,1.0,1.0,1.0
620.5,3.0,16.85964487099552,17.422260963436806,18.905019230540308,20.842404423186125,21.61151475217803,21.635674577769084,22.424206166759266,21.72406102639463,21.898820018301638,20.70024526230889,1.0,1.0,1.0,1.0,1.0,1.0,1.0,1.0,1.0,1.0
620.75,4.0,21.7773766688633,22.635843606070445,21.482488172353918,21.979851830976667,20.89605197091773,21.23395346861419,20.752856816219307,21.218846828434934,21.345464328295712,21.545530825179554,1.0,1.0,1.0,1.0,1.0,1.0,1.0,1.0,1.0,1.0
621.0,1.0,0.0,0.0,0.0,0.0,0.0,0.0,0.0,0.0,0.0,0.0,0.0,0.0,0.0,0.0,0.0,0.0,0.0,0.0,0.0,0.0
621.25,2.0,0.0,0.0,0.0,0.0,0.0,0.0,0.0,0.0,0.0,0.0,0.0,0.0,0.0,0.0,0.0,0.0,0.0,0.0,0.0,0.0
621.5,3.0,16.09363399359121,17.55941048164743,19.45282664508602,20.30348706077954,22.62030843873651,22.232803097297275,22.375412563241532,21.256447053997316,21.020277637374317,19.211548339026166,1.0,1.0,1.0,1.0,1.0,1.0,1.0,1.0,1.0,1.0
621.75,4.0,20.81916951924434,22.137959838641724,22.328325299554134,22.19641181019596,21.200308717062512,21.403638303242886,20.54033086510158,21.41759453575912,22.042862112923743,22.78568440883899,1.0,1.0,1.0,1.0,1.0,1.0,1.0,1.0,1.0,1.0
622.0,1.0,20.83124035933681,21.591197323744705,22.954100657706686,23.160022206658567,22.55848103107637,23.072994406383504,22.194919693190695,23.2686353489089,23.40150813008385,22.471385058667348,1.0,1.0,1.0,1.0,1.0,1.0,1.0,1.0,1.0,1.0
622.25,2.0,18.89752916302208,18.066093025333043,17.36999982791351,18.796191545118603,18.794158577675944,19.560084509594002,18.97609511723987,20.030403112380167,20.263593726230113,21.293655717744578,1.0,1.0,1.0,1.0,1.0,1.0,1.0,1.0,1.0,1.0
622.5,3.0,0.0,0.0,0.0,0.0,0.0,0.0,0.0,0.0,0.0,0.0,0.0,0.0,0.0,0.0,0.0,0.0,0.0,0.0,0.0,0.0
622.75,4.0,20.665641399756364,21.915076837203927,22.336974781819876,21.332507257772477,20.766162061089293,21.370739302780077,20.99715508427606,21.677265465466267,21.76496561049019,22.915061954430183,1.0,1.0,1.0,1.0,1.0,1.0,1.0,1.0,1.0,1.0
623.0,1.0,21.07441623204805,22.16020392637481,22.39618060926134,23.48737092457466,22.681545585283022,23.12954274735846,22.74007823284861,23.258042070446244,23.27048768468334,22.059169799318667,1.0,1.0,1.0,1.0,1.0,1.0,1.0,1.0,1.0,1.0
623.25,2.0,0.0,0.0,0.0,0.0,0.0,0.0,0.0,0.0,0.0,0.0,0.0,0.0,0.0,0.0,0.0,0.0,0.0,0.0,0.0,0.0
623.5,3.0,18.60374059396018,18.066364735497334,19.66117594957704,21.401067440098124,22.97381419438934,21.884044539468654,20.094897520658506,19.275419934017382,19.20605563888857,18.432137570209566,1.0,1.0,1.0,1.0,1.0,1.0,1.0,1.0,1.0,1.0
623.75,4.0,20.509077654622182,21.054386023486817,22.845602138812627,22.90240942128469,21.401306812874612,21.410741090812188,21.497498463038305,22.637744770853764,22.99494568110072,23.103247108034566,1.0,1.0,1.0,1.0,1.0,1.0,1.0,1.0,1.0,1.0
624.0,1.0,0.0,0.0,0.0,0.0,0.0,0.0,0.0,0.0,0.0,0.0,0.0,0.0,0.0,0.0,0.0,0.0,0.0,0.0,0.0,0.0
624.25,2.0,18.99686985301248,20.473931757728263,20.36022547291022,22.349783126846887,20.795654761186817,21.597975598738973,21.651242889675206,22.02059011576831,21.022348828638137,19.318278491851636,1.0,1.0,1.0,1.0,1.0,1.0,1.0,1.0,1.0,1.0
624.5,3.0,19.04580878529803,19.414560742678717,21.332993958578243,22.58214515082012,22.980584342481357,20.94287716597124,18.685137699540817,18.638150607309086,19.47901712180747,19.408335277650053,1.0,1.0,1.0,1.0,1.0,1.0,1.0,1.0,1.0,1.0
624.75,4.0,0.0,0.0,0.0,0.0,0.0,0.0,0.0,0.0,0.0,0.0,0.0,0.0,0.0,0.0,0.0,0.0,0.0,0.0,0.0,0.0
625.0,1.0,22.066062784830066,22.739832154395586,22.00583738586445,23.185696963485473,23.155077244124982,22.797666703083635,23.026997782163246,22.945954894100925,22.619053498039598,21.138928577629088,1.0,1.0,1.0,1.0,1.0,1.0,1.0,1.0,1.0,1.0
625.25,2.0,19.887853896778847,20.99913038918901,22.012145286260786,23.51639411866113,22.73549456556034,22.798652590475417,22.800354239011828,22.981689400036547,21.607322979838905,20.84917567811458,1.0,1.0,1.0,1.0,1.0,1.0,1.0,1.0,1.0,1.0
625.5,3.0,0.0,0.0,0.0,0.0,0.0,0.0,0.0,0.0,0.0,0.0,0.0,0.0,0.0,0.0,0.0,0.0,0.0,0.0,0.0,0.0
625.75,4.0,21.433174631138066,22.628498730344994,23.53025027627179,23.993685117517355,24.312104982717468,24.857610847807358,25.03397717505198,25.56589868272861,26.251579654514963,25.661343698686682,1.0,1.0,1.0,1.0,1.0,1.0,1.0,1.0,1.0,1.0
626.0,1.0,21.84303905957918,22.286397942809337,23.26800376243298,25.544227589918364,25.21934371836324,24.086259875776136,23.69328330240059,23.296755326151683,23.541481624536505,22.01666038197486,1.0,1.0,1.0,1.0,1.0,1.0,1.0,1.0,1.0,1.0
626.25,2.0,0.0,0.0,0.0,0.0,0.0,0.0,0.0,0.0,0.0,0.0,0.0,0.0,0.0,0.0,0.0,0.0,0.0,0.0,0.0,0.0
626.5,3.0,19.93278577851777,22.40243744163471,22.57071358555145,22.07829178785321,23.184186916417342,21.712235369710434,19.820843700020596,18.11024782264066,18.2104560700488,18.31879973982746,1.0,1.0,1.0,1.0,1.0,1.0,1.0,1.0,1.0,1.0
626.75,4.0,22.24525855713265,24.072257402198243,23.86192997646669,24.305909768114308,25.050482714263996,25.830726415040356,25.531712240925348,27.00976742582885,27.264959860993727,26.717668306786464,1.0,1.0,1.0,1.0,1.0,1.0,1.0,1.0,1.0,1.0
627.0,1.0,22.14333338460027,21.953218631593614,23.52510056458878,24.752893708731396,24.20038777286277,24.384927170664604,23.395033480004034,22.89128803107772,22.44239265557574,21.659655123043482,1.0,1.0,1.0,1.0,1.0,1.0,1.0,1.0,1.0,1.0
627.25,2.0,20.96029325581471,22.16270134384533,22.115455713596734,22.931238140166172,22.60313864344291,22.917620519176406,22.70477500599491,23.30608502045487,22.53294110026239,21.17268509231257,1.0,1.0,1.0,1.0,1.0,1.0,1.0,1.0,1.0,1.0
627.5,3.0,0.0,0.0,0.0,0.0,0.0,0.0,0.0,0.0,0.0,0.0,0.0,0.0,0.0,0.0,0.0,0.0,0.0,0.0,0.0,0.0
627.75,4.0,22.02823177046579,24.94208769679945,24.89455512370577,25.755744640954283,25.278028976125647,26.481997036225437,25.49400559916171,26.683162380259414,26.51502995708175,25.500880440143234,1.0,1.0,1.0,1.0,1.0,1.0,1.0,1.0,1.0,1.0
628.0,1.0,21.894018887377342,22.64028208789079,24.47794428351654,25.149711850101706,24.219638782474117,24.073918614325176,23.50459668054111,23.038578185685914,22.007942707475294,22.072975463197153,1.0,1.0,1.0,1.0,1.0,1.0,1.0,1.0,1.0,1.0
628.25,2.0,22.52797050172376,22.76576481716508,23.03954443885104,23.41861650295137,24.355211447391536,23.890577717725474,23.71447912640444,22.61034924845399,22.0250618775791,21.376918050301885,1.0,1.0,1.0,1.0,1.0,1.0,1.0,1.0,1.0,1.0
628.5,3.0,22.84521630865325,24.12689866041825,23.47884806291376,23.115658723880575,21.18441551538845,20.015102732417567,20.125975408196734,19.33490821652525,20.95109601029061,19.851089370977178,1.0,1.0,1.0,1.0,1.0,1.0,1.0,1.0,1.0,1.0
628.75,4.0,23.907115037291007,25.318298852004396,26.557820181162423,26.27138419717355,27.36741635135513,27.704963663726925,26.208479116383106,25.600556781584068,25.983250913384037,23.969904088595946,1.0,1.0,1.0,1.0,1.0,1.0,1.0,1.0,1.0,1.0
629.0,1.0,0.0,0.0,0.0,0.0,0.0,0.0,0.0,0.0,0.0,0.0,0.0,0.0,0.0,0.0,0.0,0.0,0.0,0.0,0.0,0.0
629.25,2.0,0.0,0.0,0.0,0.0,0.0,0.0,0.0,0.0,0.0,0.0,0.0,0.0,0.0,0.0,0.0,0.0,0.0,0.0,0.0,0.0
629.5,3.0,23.592813710084094,23.789867511372055,23.91504597428244,22.29065219739557,20.615371131851184,19.300639082466024,20.26569830427885,20.266281544198957,22.21839967654671,21.761161783586523,1.0,1.0,1.0,1.0,1.0,1.0,1.0,1.0,1.0,1.0
629.75,4.0,0.0,0.0,0.0,0.0,0.0,0.0,0.0,0.0,0.0,0.0,0.0,0.0,0.0,0.0,0.0,0.0,0.0,0.0,0.0,0.0
630.0,1.0,22.89579605878513,23.14193134589911,25.111674160636415,25.80292826088977,26.162851036406902,25.656560167139396,25.213163299320183,25.265009722330095,24.409063181003024,24.821376487724347,1.0,1.0,1.0,1.0,1.0,1.0,1.0,1.0,1.0,1.0
630.25,2.0,24.23761658368707,21.08442708050444,22.315822877642155,25.57161696438995,23.94707157309374,23.522820292847317,22.13106067506561,21.494170715028776,21.355941856016013,20.487548701266924,1.0,1.0,1.0,1.0,1.0,1.0,1.0,1.0,1.0,1.0
630.5,3.0,0.0,0.0,0.0,0.0,0.0,0.0,0.0,0.0,0.0,0.0,0.0,0.0,0.0,0.0,0.0,0.0,0.0,0.0,0.0,0.0
630.75,4.0,25.85294863088789,26.297623403890743,26.230046251643028,27.02212570004346,27.240826088466175,26.928478772563217,26.98476649428869,26.340774601151672,26.92515810052428,25.902022616769496,1.0,1.0,1.0,1.0,1.0,1.0,1.0,1.0,1.0,1.0
631.0,1.0,22.534983782236687,24.00098762316659,24.901622929383073,25.857496939963717,26.864302004110467,25.667401015536356,25.084457294345608,24.243964669874746,24.04937775339548,24.420376561097534,1.0,1.0,1.0,1.0,1.0,1.0,1.0,1.0,1.0,1.0
631.25,2.0,0.0,0.0,0.0,0.0,0.0,0.0,0.0,0.0,0.0,0.0,0.0,0.0,0.0,0.0,0.0,0.0,0.0,0.0,0.0,0.0
631.5,3.0,25.003444625001578,23.97594115604461,23.623972484897937,21.85560124066115,21.370384706908954,21.320273628938867,21.830361235699044,21.604939539086832,22.729711646673767,22.069164539731617,1.0,1.0,1.0,1.0,1.0,1.0,1.0,1.0,1.0,1.0
631.75,4.0,26.31326246841909,26.139122902063445,27.034638039971302,28.032506284310458,28.325879903541896,27.964906029267624,27.72882937973362,26.436156883910588,27.107038179565823,26.400009612396502,1.0,1.0,1.0,1.0,1.0,1.0,1.0,1.0,1.0,1.0
632.0,1.0,0.0,0.0,0.0,0.0,0.0,0.0,0.0,0.0,0.0,0.0,0.0,0.0,0.0,0.0,0.0,0.0,0.0,0.0,0.0,0.0
632.25,2.0,22.849647510387157,20.540492993975032,22.725402781908407,24.703869975556966,21.72369089936656,21.55969096233838,20.974390231576788,20.451452769651866,19.939390507260523,19.098107327156907,1.0,1.0,1.0,1.0,1.0,1.0,1.0,1.0,1.0,1.0
632.5,3.0,0.0,0.0,0.0,0.0,0.0,0.0,0.0,0.0,0.0,0.0,0.0,0.0,0.0,0.0,0.0,0.0,0.0,0.0,0.0,0.0
632.75,4.0,0.0,0.0,0.0,0.0,0.0,0.0,0.0,0.0,0.0,0.0,0.0,0.0,0.0,0.0,0.0,0.0,0.0,0.0,0.0,0.0
633.0,1.0,24.673337094193016,26.92508205665984,26.86550039902759,26.618547323842616,24.121323540330664,24.96808306170689,24.773475464742095,24.355946999753147,23.68660187877284,23.89037194918418,1.0,1.0,1.0,1.0,1.0,1.0,1.0,1.0,1.0,1.0
633.25,2.0,22.3395684937883,21.071569621160744,22.257618537179148,23.623009583013268,21.47101864804878,21.31889199650144,20.50886458210445,20.25026185330641,20.017885396398764,18.506794922876708,1.0,1.0,1.0,1.0,1.0,1.0,1.0,1.0,1.0,1.0
633.5,3.0,0.0,0.0,0.0,0.0,0.0,0.0,0.0,0.0,0.0,0.0,0.0,0.0,0.0,0.0,0.0,0.0,0.0,0.0,0.0,0.0
633.75,4.0,26.101442000081263,26.14924539060319,26.522170182033538,26.625626701784775,28.849341108296148,28.113797254570844,27.85240403453257,27.829406412184092,27.297372314241166,26.83159670311969,1.0,1.0,1.0,1.0,1.0,1.0,1.0,1.0,1.0,1.0
634.0,1.0,25.845906365299243,27.916395659471178,26.581790380082758,25.40501873392574,24.114685457339633,23.968606629661014,23.614925617849508,23.64360386321984,23.178841149463572,23.67405531986384,1.0,1.0,1.0,1.0,1.0,1.0,1.0,1.0,1.0,1.0
634.25,2.0,0.0,0.0,0.0,0.0,0.0,0.0,0.0,0.0,0.0,0.0,0.0,0.0,0.0,0.0,0.0,0.0,0.0,0.0,0.0,0.0
634.5,3.0,23.53886368355064,23.76094915047587,22.313014396167496,20.047020885892618,19.65817679538748,19.58917663725014,20.596569646232165,20.294395193762135,21.15356369870878,21.25221471872366,1.0,1.0,1.0,1.0,1.0,1.0,1.0,1.0,1.0,1.0
634.75,4.0,26.266013530446536,26.401814337461296,25.685096726293672,25.79794215682812,27.722489644484533,27.416651790465203,27.413587125932906,26.683298640946767,25.567127396624098,24.615597510068323,1.0,1.0,1.0,1.0,1.0,1.0,1.0,1.0,1.0,1.0
635.0,1.0,26.606978307107486,27.73965142840509,26.574991932656186,25.949531760532622,23.75135300686966,23.630744648161276,23.50981362851796,23.8401016984453,23.73607971748458,24.304770614938345,1.0,1.0,1.0,1.0,1.0,1.0,1.0,1.0,1.0,1.0
635.25,2.0,21.81766573543806,21.85447824625024,22.66686773271579,22.552809369099307,21.938156862989928,20.756768832158173,19.744517162456756,18.814725735127475,19.22232938566719,19.594362071824992,1.0,1.0,1.0,1.0,1.0,1.0,1.0,1.0,1.0,1.0
635.5,3.0,0.0,0.0,0.0,0.0,0.0,0.0,0.0,0.0,0.0,0.0,0.0,0.0,0.0,0.0,0.0,0.0,0.0,0.0,0.0,0.0
635.75,4.0,27.617554211673568,26.770046927650142,26.085353881335877,27.006816083519723,27.10732614129171,27.060508575635293,27.064874765770384,26.518697032537045,25.523433133704728,24.66379977788503,1.0,1.0,1.0,1.0,1.0,1.0,1.0,1.0,1.0,1.0
636.0,1.0,27.467030769783015,26.882425035171273,25.755312037723513,24.150880464894463,23.136419738572698,23.699323071232566,23.70235168315567,25.020508548651538,24.310764900870424,24.372214057154952,1.0,1.0,1.0,1.0,1.0,1.0,1.0,1.0,1.0,1.0
636.25,2.0,0.0,0.0,0.0,0.0,0.0,0.0,0.0,0.0,0.0,0.0,0.0,0.0,0.0,0.0,0.0,0.0,0.0,0.0,0.0,0.0
636.5,3.0,22.273021201497357,22.403555972179564,21.337851548469075,19.8299661673731,20.75625957322034,20.666982887297937,20.197876366701994,20.008283367398572,20.978285525673446,20.93397953140433,1.0,1.0,1.0,1.0,1.0,1.0,1.0,1.0,1.0,1.0
636.75,4.0,27.195123260572416,27.04250608747208,27.527092357075556,27.12224663682962,27.572516046770016,26.732451996050912,27.08074673573104,25.99300485313342,24.36989906227141,23.289714220635485,1.0,1.0,1.0,1.0,1.0,1.0,1.0,1.0,1.0,1.0
637.0,1.0,0.0,0.0,0.0,0.0,0.0,0.0,0.0,0.0,0.0,0.0,0.0,0.0,0.0,0.0,0.0,0.0,0.0,0.0,0.0,0.0
637.25,2.0,0.0,0.0,0.0,0.0,0.0,0.0,0.0,0.0,0.0,0.0,0.0,0.0,0.0,0.0,0.0,0.0,0.0,0.0,0.0,0.0
637.5,3.0,22.87346427433513,21.462618269859213,20.67675843922523,20.165022404505766,20.097115752416915,20.620927658237083,20.40433990957439,19.805477533296425,20.185029437548717,19.66961548491399,1.0,1.0,1.0,1.0,1.0,1.0,1.0,1.0,1.0,1.0
637.75,4.0,0.0,0.0,0.0,0.0,0.0,0.0,0.0,0.0,0.0,0.0,0.0,0.0,0.0,0.0,0.0,0.0,0.0,0.0,0.0,0.0
638.0,1.0,26.137627092552904,26.72685881773574,25.111193440033144,23.94246614583205,24.45111223186977,23.776214838462426,22.811591559904084,25.25563601814236,25.122565273228545,24.75137001648494,1.0,1.0,1.0,1.0,1.0,1.0,1.0,1.0,1.0,1.0
638.25,2.0,22.10451085725829,22.365476585131677,21.998604839267752,20.253586183508173,21.131059670096043,21.17863816851128,20.311983202876636,19.802178348245786,19.744131748369227,21.321154913887675,1.0,1.0,1.0,1.0,1.0,1.0,1.0,1.0,1.0,1.0
638.5,3.0,0.0,0.0,0.0,0.0,0.0,0.0,0.0,0.0,0.0,0.0,0.0,0.0,0.0,0.0,0.0,0.0,0.0,0.0,0.0,0.0
638.75,4.0,26.34465798520926,27.457237599234244,26.202186854341303,25.525011682365644,25.64861451789847,23.917977665258864,23.048631238604766,22.08282025261269,22.201938988400858,22.37638568144015,1.0,1.0,1.0,1.0,1.0,1.0,1.0,1.0,1.0,1.0
639.0,1.0,26.746632569094576,26.495114594809063,24.827486694612315,23.297567991624536,23.179489391311414,22.920648237588768,23.028909867108442,24.324720744582,24.23643285028441,23.751383754781806,1.0,1.0,1.0,1.0,1.0,1.0,1.0,1.0,1.0,1.0
639.25,2.0,0.0,0.0,0.0,0.0,0.0,0.0,0.0,0.0,0.0,0.0,0.0,0.0,0.0,0.0,0.0,0.0,0.0,0.0,0.0,0.0
639.5,3.0,21.81832718095531,20.538104727906504,20.08886657132519,19.762748563819464,19.90563501690634,19.294199731330313,19.38895114845877,18.855334885900945,18.269452369625544,18.37834979511093,1.0,1.0,1.0,1.0,1.0,1.0,1.0,1.0,1.0,1.0
639.75,4.0,26.61309184049486,25.419737075097867,24.88902895190056,25.08739872030161,24.781070854166778,23.463600929943336,23.25144305885191,23.270458811648354,22.831700352438247,22.92250344868618,1.0,1.0,1.0,1.0,1.0,1.0,1.0,1.0,1.0,1.0
640.0,1.0,0.0,0.0,0.0,0.0,0.0,0.0,0.0,0.0,0.0,0.0,0.0,0.0,0.0,0.0,0.0,0.0,0.0,0.0,0.0,0.0
640.25,2.0,19.812868920455823,20.435167922430974,21.330927927507243,21.287639542146422,21.37284201946383,21.223640936651442,21.293512273006556,20.30943940255375,20.17232546786531,21.5655323510992,1.0,1.0,1.0,1.0,1.0,1.0,1.0,1.0,1.0,1.0
640.5,3.0,0.0,0.0,0.0,0.0,0.0,0.0,0.0,0.0,0.0,0.0,0.0,0.0,0.0,0.0,0.0,0.0,0.0,0.0,0.0,0.0
640.75,4.0,0.0,0.0,0.0,0.0,0.0,0.0,0.0,0.0,0.0,0.0,0.0,0.0,0.0,0.0,0.0,0.0,0.0,0.0,0.0,0.0
641.0,1.0,25.367147452875226,25.91236505420905,25.011219569873774,22.3373503757734,21.94023684690108,22.64768426747245,22.282893325480856,23.499824641836,22.775013420206506,23.382613087302552,1.0,1.0,1.0,1.0,1.0,1.0,1.0,1.0,1.0,1.0
641.25,2.0,20.908773407481007,20.6088785702792,21.436008046990626,21.007530516206163,21.05157129773542,21.331125783272764,21.494816921530436,21.397040369539848,21.870704523657633,22.543178757926572,1.0,1.0,1.0,1.0,1.0,1.0,1.0,1.0,1.0,1.0
641.5,3.0,0.0,0.0,0.0,0.0,0.0,0.0,0.0,0.0,0.0,0.0,0.0,0.0,0.0,0.0,0.0,0.0,0.0,0.0,0.0,0.0
641.75,4.0,24.520428925755088,23.618723703040548,21.081374094728893,21.867811100143452,23.599052292508055,23.68688370156264,22.99153228619874,22.519253871756156,22.707816923858143,22.188345292766197,1.0,1.0,1.0,1.0,1.0,1.0,1.0,1.0,1.0,1.0
642.0,1.0,25.257377481339915,26.01077715425677,23.978513860622012,20.996612338006976,21.877303184523004,21.584072112866295,21.5794939448592,22.121942173549236,21.75685803930574,23.07605802748696,1.0,1.0,1.0,1.0,1.0,1.0,1.0,1.0,1.0,1.0
642.25,2.0,0.0,0.0,0.0,0.0,0.0,0.0,0.0,0.0,0.0,0.0,0.0,0.0,0.0,0.0,0.0,0.0,0.0,0.0,0.0,0.0
642.5,3.0,21.00670067845312,21.711972320954725,19.67478340049099,18.01484061998595,19.554467174721058,19.190895425782884,20.8645468390121,19.074676012957482,19.485239384358028,19.112253819819674,1.0,1.0,1.0,1.0,1.0,1.0,1.0,1.0,1.0,1.0
642.75,4.0,22.89061182571638,21.436017556430052,19.608485544679517,20.890301486126386,23.12200602561446,22.946731909439958,22.74484452190857,22.19966563805615,22.325960888183264,22.43013935612148,1.0,1.0,1.0,1.0,1.0,1.0,1.0,1.0,1.0,1.0
643.0,1.0,25.887708168713466,24.508822012987636,22.20574812839884,19.853460198841105,21.134165639030382,21.853442388156484,22.289149981489103,23.196685940170564,23.707291199934616,23.64291115270206,1.0,1.0,1.0,1.0,1.0,1.0,1.0,1.0,1.0,1.0
643.25,2.0,21.378540301439017,19.854606469732193,19.860360583658046,20.23984995470824,21.253567951879393,21.305536057188572,20.810803157433497,21.5890354418687,20.772352907324354,21.421664801086877,1.0,1.0,1.0,1.0,1.0,1.0,1.0,1.0,1.0,1.0
643.5,3.0,0.0,0.0,0.0,0.0,0.0,0.0,0.0,0.0,0.0,0.0,0.0,0.0,0.0,0.0,0.0,0.0,0.0,0.0,0.0,0.0
643.75,4.0,21.068145807852,20.96551525430402,20.660727908907013,22.16702000120261,22.363251682052976,21.51548859080778,22.887799865809534,22.114727129435792,22.14370614818521,21.732011380037207,1.0,1.0,1.0,1.0,1.0,1.0,1.0,1.0,1.0,1.0
644.0,1.0,24.629123268249216,23.34887765427636,20.994893840428922,19.97519138828475,21.505382399057694,22.545636043651076,22.2006779352949,22.391804656459044,23.53115007121638,23.100275288485694,1.0,1.0,1.0,1.0,1.0,1.0,1.0,1.0,1.0,1.0
644.25,2.0,0.0,0.0,0.0,0.0,0.0,0.0,0.0,0.0,0.0,0.0,0.0,0.0,0.0,0.0,0.0,0.0,0.0,0.0,0.0,0.0
644.5,3.0,21.52310792125901,20.628776690382683,17.9320996782143,17.786287706140588,18.84254837360159,18.034503118095863,17.88056290298606,19.11764268402794,18.288543979078533,18.600164673277085,1.0,1.0,1.0,1.0,1.0,1.0,1.0,1.0,1.0,1.0
644.75,4.0,22.165580770028875,22.734133665251896,22.11582080531448,22.577271330710435,22.43490617938189,21.725579566826358,21.594271224839023,21.559848767241494,21.29603472421299,19.798482674291414,1.0,1.0,1.0,1.0,1.0,1.0,1.0,1.0,1.0,1.0
645.0,1.0,0.0,0.0,0.0,0.0,0.0,0.0,0.0,0.0,0.0,0.0,0.0,0.0,0.0,0.0,0.0,0.0,0.0,0.0,0.0,0.0
645.25,2.0,0.0,0.0,0.0,0.0,0.0,0.0,0.0,0.0,0.0,0.0,0.0,0.0,0.0,0.0,0.0,0.0,0.0,0.0,0.0,0.0
645.5,3.0,20.596533087872885,18.96673748706503,17.662317908129435,17.810407360078873,17.8184571460888,17.773644160124718,17.584712810383817,18.10882618770676,18.197639885912924,18.58762403482709,1.0,1.0,1.0,1.0,1.0,1.0,1.0,1.0,1.0,1.0
645.75,4.0,0.0,0.0,0.0,0.0,0.0,0.0,0.0,0.0,0.0,0.0,0.0,0.0,0.0,0.0,0.0,0.0,0.0,0.0,0.0,0.0
646.0,1.0,23.27948256731332,20.279744331352923,20.65538969618909,20.987922477775612,22.505574866901448,23.463078981145983,22.828245271755684,23.005356051407865,23.00479746305608,22.70303250772981,1.0,1.0,1.0,1.0,1.0,1.0,1.0,1.0,1.0,1.0
646.25,2.0,20.567885522975917,21.515755692037853,20.873569388867036,20.255411022045287,20.780354437413056,21.97404859023072,22.098475054331082,21.003949589272626,20.39417891298382,18.132479492038993,1.0,1.0,1.0,1.0,1.0,1.0,1.0,1.0,1.0,1.0
646.5,3.0,0.0,0.0,0.0,0.0,0.0,0.0,0.0,0.0,0.0,0.0,0.0,0.0,0.0,0.0,0.0,0.0,0.0,0.0,0.0,0.0
646.75,4.0,21.43351275620832,22.536573799861106,21.360386433523885,22.024819246000835,22.438847434743444,22.024933373433182,20.74067295198744,20.315290343734414,20.4598186817933,20.47174642757072,1.0,1.0,1.0,1.0,1.0,1.0,1.0,1.0,1.0,1.0
647.0,1.0,22.17024203099795,20.26331243405506,20.1402075466298,20.951238369233796,22.156344037132005,23.418205132850012,22.769398919189786,23.37124773890997,23.1525259651002,22.23908462153311,1.0,1.0,1.0,1.0,1.0,1.0,1.0,1.0,1.0,1.0
647.25,2.0,0.0,0.0,0.0,0.0,0.0,0.0,0.0,0.0,0.0,0.0,0.0,0.0,0.0,0.0,0.0,0.0,0.0,0.0,0.0,0.0
647.5,3.0,19.666156318003374,17.13552353934361,18.751215635049483,18.520991988192154,18.019280978446815,18.763344432563326,18.81818779874848,18.954779758870963,17.47095058514499,17.19388831914353,1.0,1.0,1.0,1.0,1.0,1.0,1.0,1.0,1.0,1.0
647.75,4.0,21.858015168100053,21.26954315125373,20.199380759404786,21.44302340309701,21.845048166204556,22.21303781289242,21.26582840518146,21.188777567426122,21.388646584388496,20.99963913158732,1.0,1.0,1.0,1.0,1.0,1.0,1.0,1.0,1.0,1.0
648.0,1.0,0.0,0.0,0.0,0.0,0.0,0.0,0.0,0.0,0.0,0.0,0.0,0.0,0.0,0.0,0.0,0.0,0.0,0.0,0.0,0.0
648.25,2.0,20.189089911559833,22.3018649885115,21.24835389009031,20.319527364085157,21.350205846678513,21.541613574950595,20.762640552225466,19.191609456651975,19.58591373340594,17.71463492632693,1.0,1.0,1.0,1.0,1.0,1.0,1.0,1.0,1.0,1.0
648.5,3.0,0.0,0.0,0.0,0.0,0.0,0.0,0.0,0.0,0.0,0.0,0.0,0.0,0.0,0.0,0.0,0.0,0.0,0.0,0.0,0.0
648.75,4.0,0.0,0.0,0.0,0.0,0.0,0.0,0.0,0.0,0.0,0.0,0.0,0.0,0.0,0.0,0.0,0.0,0.0,0.0,0.0,0.0
649.0,1.0,20.071511890156994,19.603070511348143,20.15522690160968,21.20463110592594,21.176778872540208,21.54126270185309,21.46834216772025,21.24461186612018,21.27799835217143,20.843581089256155,1.0,1.0,1.0,1.0,1.0,1.0,1.0,1.0,1.0,1.0
649.25,2.0,21.423599378496434,23.244739551624335,22.7546677807896,20.689796009781006,20.299546952191847,21.057140368727225,20.834804261043413,19.740283400294093,18.838463584206714,18.34081091166403,1.0,1.0,1.0,1.0,1.0,1.0,1.0,1.0,1.0,1.0
649.5,3.0,19.95262481673159,20.179172010435334,19.069666727284037,18.640362697533966,17.908626680957443,17.79048217968966,17.064491316339062,17.17637045208215,17.49370230221821,17.709086495845877,1.0,1.0,1.0,1.0,1.0,1.0,1.0,1.0,1.0,1.0
649.75,4.0,19.585061313485358,18.362249417410627,18.6518168241952,20.33387599306784,21.268699066796323,20.274983653975177,20.040384814449876,18.96071337412818,19.534081973854075,19.433066299612392,1.0,1.0,1.0,1.0,1.0,1.0,1.0,1.0,1.0,1.0
650.0,1.0,20.354061603172042,19.71611690700954,20.549778110094824,21.519382928011787,21.52705904097306,21.148439824368747,21.293637218969398,21.298599499423922,22.283854147247876,21.59082710426476,1.0,1.0,1.0,1.0,1.0,1.0,1.0,1.0,1.0,1.0
650.25,2.0,0.0,0.0,0.0,0.0,0.0,0.0,0.0,0.0,0.0,0.0,0.0,0.0,0.0,0.0,0.0,0.0,0.0,0.0,0.0,0.0
650.5,3.0,20.75778541979618,19.26710039077477,19.310813894504914,17.99077785407145,17.822744793504302,18.313544908008947,17.511121358591662,18.37559384350793,17.991501371211978,16.831786184816583,1.0,1.0,1.0,1.0,1.0,1.0,1.0,1.0,1.0,1.0
650.75,4.0,19.621763436491744,18.486954465326697,19.006423094109238,19.14756274863867,20.341016930559334,20.047806168277653,20.446175819837112,19.91471257897918,19.599878552119893,20.708016426967916,1.0,1.0,1.0,1.0,1.0,1.0,1.0,1.0,1.0,1.0
651.0,1.0,19.5749154629525,19.251191484486338,19.350928234981872,19.78604156981584,20.405888907541478,20.528091988377763,20.880482145044517,21.64380534997841,21.391569026168796,20.987324437348743,1.0,1.0,1.0,1.0,1.0,1.0,1.0,1.0,1.0,1.0
651.25,2.0,22.678899275755004,22.662476173016305,21.902662307892275,20.25148974720546,17.983272972236914,18.153292684797616,18.028478942371745,17.795140331421674,17.793213200072074,16.73008102938296,1.0,1.0,1.0,1.0,1.0,1.0,1.0,1.0,1.0,1.0
651.5,3.0,0.0,0.0,0.0,0.0,0.0,0.0,0.0,0.0,0.0,0.0,0.0,0.0,0.0,0.0,0.0,0.0,0.0,0.0,0.0,0.0
651.75,4.0,18.772505128164028,17.98224264249523,19.259684167802266,20.30591150935254,22.21386496648513,21.403967174536383,20.627475326537944,20.3838333189279,20.817261269256353,20.153893485129068,1.0,1.0,1.0,1.0,1.0,1.0,1.0,1.0,1.0,1.0
652.0,1.0,19.773073850067934,18.633414766728105,18.612741334191803,19.773901605465493,20.58894195956796,21.681323963247547,21.00241962186133,20.263859124064854,20.833960890950863,21.605672494875872,1.0,1.0,1.0,1.0,1.0,1.0,1.0,1.0,1.0,1.0
652.25,2.0,0.0,0.0,0.0,0.0,0.0,0.0,0.0,0.0,0.0,0.0,0.0,0.0,0.0,0.0,0.0,0.0,0.0,0.0,0.0,0.0
652.5,3.0,19.524444867654537,17.257012798527658,18.15142102913035,18.879786127914095,18.66332544454627,17.632893357878267,17.13339366109937,16.275832932533334,16.97820898157392,16.874532928754054,1.0,1.0,1.0,1.0,1.0,1.0,1.0,1.0,1.0,1.0
652.75,4.0,18.353066876891038,16.964952607675773,19.731754597071525,21.413088972939473,21.49604656296671,20.51966660469115,19.85903538179152,19.50884818514623,20.02785027374062,20.193113270134276,1.0,1.0,1.0,1.0,1.0,1.0,1.0,1.0,1.0,1.0
653.0,1.0,0.0,0.0,0.0,0.0,0.0,0.0,0.0,0.0,0.0,0.0,0.0,0.0,0.0,0.0,0.0,0.0,0.0,0.0,0.0,0.0
653.25,2.0,0.0,0.0,0.0,0.0,0.0,0.0,0.0,0.0,0.0,0.0,0.0,0.0,0.0,0.0,0.0,0.0,0.0,0.0,0.0,0.0
653.5,3.0,18.459624702473132,17.07715078293006,17.685929765286506,18.597496257243318,17.504067157465602,16.892021037770093,17.76800557413096,17.57310672673995,17.8789303151274,17.366449618352632,1.0,1.0,1.0,1.0,1.0,1.0,1.0,1.0,1.0,1.0
653.75,4.0,0.0,0.0,0.0,0.0,0.0,0.0,0.0,0.0,0.0,0.0,0.0,0.0,0.0,0.0,0.0,0.0,0.0,0.0,0.0,0.0
654.0,1.0,20.88172176125259,20.560764789124338,20.283450748601613,19.927146012519337,20.391755502530856,21.550115259037554,20.598521755718807,20.449870466305857,20.99261298645694,21.975012518572875,1.0,1.0,1.0,1.0,1.0,1.0,1.0,1.0,1.0,1.0
654.25,2.0,20.269391525573663,20.10717187239034,20.130645238852967,17.583254316534536,15.572332565907065,15.457180095985837,15.448452970586986,14.15654235377027,14.419980087233492,14.96708506413501,1.0,1.0,1.0,1.0,1.0,1.0,1.0,1.0,1.0,1.0
654.5,3.0,0.0,0.0,0.0,0.0,0.0,0.0,0.0,0.0,0.0,0.0,0.0,0.0,0.0,0.0,0.0,0.0,0.0,0.0,0.0,0.0
654.75,4.0,18.91371727394547,18.204187004982646,20.39820286377759,20.044143039696923,17.633981097753452,18.44069625881242,18.63597138427307,18.75957763310369,18.660060367582393,19.874100353288828,1.0,1.0,1.0,1.0,1.0,1.0,1.0,1.0,1.0,1.0
655.0,1.0,19.383012707270716,20.360664938020616,20.063653292239355,20.33068407849943,20.520991181546982,21.618669661122507,20.87585184945188,21.097758692267742,21.392244577614548,22.19753352939063,1.0,1.0,1.0,1.0,1.0,1.0,1.0,1.0,1.0,1.0
655.25,2.0,0.0,0.0,0.0,0.0,0.0,0.0,0.0,0.0,0.0,0.0,0.0,0.0,0.0,0.0,0.0,0.0,0.0,0.0,0.0,0.0
655.5,3.0,18.68896942606995,19.101279384695008,19.434439816831112,18.933668607917838,16.05812932469112,16.4854360777608,15.982669105685785,17.746964868558727,18.07328957986289,17.68649795761384,1.0,1.0,1.0,1.0,1.0,1.0,1.0,1.0,1.0,1.0
655.75,4.0,20.006934011511415,18.100883639234564,18.936854695262976,19.709997971628706,18.798779866726854,19.10472142931779,18.995735070442795,19.034529675772955,20.061027551748854,20.806820244729685,1.0,1.0,1.0,1.0,1.0,1.0,1.0,1.0,1.0,1.0
656.0,1.0,0.0,0.0,0.0,0.0,0.0,0.0,0.0,0.0,0.0,0.0,0.0,0.0,0.0,0.0,0.0,0.0,0.0,0.0,0.0,0.0
656.25,2.0,18.938399220448655,20.145396774128365,19.673871101227316,17.890246021289038,16.9525725335214,17.8669122455525,16.76539210629742,16.843656295420786,17.761655602840325,17.45909152421358,1.0,1.0,1.0,1.0,1.0,1.0,1.0,1.0,1.0,1.0
656.5,3.0,0.0,0.0,0.0,0.0,0.0,0.0,0.0,0.0,0.0,0.0,0.0,0.0,0.0,0.0,0.0,0.0,0.0,0.0,0.0,0.0
656.75,4.0,0.0,0.0,0.0,0.0,0.0,0.0,0.0,0.0,0.0,0.0,0.0,0.0,0.0,0.0,0.0,0.0,0.0,0.0,0.0,0.0
657.0,1.0,21.054108326809693,20.355427814366934,20.619404506128586,21.332039454919762,21.54601838390012,21.580646503437375,21.89602393880244,21.34821671257448,23.2157217128395,23.242428550376093,1.0,1.0,1.0,1.0,1.0,1.0,1.0,1.0,1.0,1.0
657.25,2.0,19.60944429351931,19.45873672084773,19.336940768273198,18.40271980345208,17.139472574678262,18.003127019094947,16.691090257377525,17.175208814405764,17.40208079036548,17.29010260572119,1.0,1.0,1.0,1.0,1.0,1.0,1.0,1.0,1.0,1.0
657.5,3.0,19.99245654651951,19.523652683423656,19.522769512008075,17.81389053668791,15.770587748309827,16.588704659743886,16.042174483490165,17.033364656670567,17.68766749959158,17.692840330105586,1.0,1.0,1.0,1.0,1.0,1.0,1.0,1.0,1.0,1.0
657.75,4.0,18.527888204835122,16.745519136247466,17.534741269127764,18.1777536184575,18.832750989388195,19.23756358185221,18.291504806546108,19.29903836087334,19.235597163066878,18.4380075144542,1.0,1.0,1.0,1.0,1.0,1.0,1.0,1.0,1.0,1.0
658.0,1.0,21.592141880138698,20.695057277812715,21.965938158552195,21.805315282233664,21.538314069580277,21.908243208598357,22.35537223059572,21.74281101342677,22.081980728365803,22.113291553984297,1.0,1.0,1.0,1.0,1.0,1.0,1.0,1.0,1.0,1.0
658.25,2.0,0.0,0.0,0.0,0.0,0.0,0.0,0.0,0.0,0.0,0.0,0.0,0.0,0.0,0.0,0.0,0.0,0.0,0.0,0.0,0.0
658.5,3.0,18.49845532435747,17.297728923295914,17.086197783807002,16.890436325599993,16.462789792342658,17.58470876909552,17.40498017955329,17.96286316252906,18.917070158590885,17.823213112732972,1.0,1.0,1.0,1.0,1.0,1.0,1.0,1.0,1.0,1.0
658.75,4.0,17.689653739316515,15.34544319371248,17.543784828161257,17.923715486343333,17.274254518773674,17.328913672871703,16.930742944703745,18.332434753053835,17.248009812604632,17.068886747273904,1.0,1.0,1.0,1.0,1.0,1.0,1.0,1.0,1.0,1.0
659.0,1.0,20.95132045152497,19.891637146600306,20.428926060750324,21.721194590157122,21.540284346496644,21.59691693150172,21.584283197789752,21.923018515346428,21.665090190540116,21.865830433371286,1.0,1.0,1.0,1.0,1.0,1.0,1.0,1.0,1.0,1.0
659.25,2.0,19.708374481837417,17.87547215881151,18.787186892771206,19.23558926210357,17.728096728814126,18.505194550686976,17.091525770576766,17.23055329415425,16.336200246489444,15.731448540154494,1.0,1.0,1.0,1.0,1.0,1.0,1.0,1.0,1.0,1.0
659.5,3.0,0.0,0.0,0.0,0.0,0.0,0.0,0.0,0.0,0.0,0.0,0.0,0.0,0.0,0.0,0.0,0.0,0.0,0.0,0.0,0.0
659.75,4.0,15.818276282829494,14.472100725824015,16.934189939457475,16.78196049299261,17.218527625027104,17.054776390583886,17.035506046947788,17.222384254441756,16.107378242175212,16.118125444457103,1.0,1.0,1.0,1.0,1.0,1.0,1.0,1.0,1.0,1.0
