time,beamID,lineOfSightWindSpeed1,lineOfSightWindSpeed2,lineOfSightWindSpeed3,lineOfSightWindSpeed4,lineOfSightWindSpeed5,lineOfSightWindSpeed6,lineOfSightWindSpeed7,lineOfSightWindSpeed8,lineOfSightWindSpeed9,lineOfSightWindSpeed10,isValid1,isValid2,isValid3,isValid4,isValid5,isValid6,isValid7,isValid8,isValid9,isValid10
0.0,1.0,16.47201840992682,16.29646499371015,16.316080768512162,15.543265309977153,13.474862516758371,13.2837614679718,13.013061627168867,13.940287620711002,14.477915889978712,15.828330257972743,1.0,1.0,1.0,1.0,1.0,1.0,1.0,1.0,1.0,1.0
0.25,2.0,15.930941134277804,15.485610030388012,15.47675567201291,15.848752885067094,16.39767938427563,15.830494049082278,16.180675870233884,17.237965877205923,17.20974619354418,18.42203850328682,1.0,1.0,1.0,1.0,1.0,1.0,1.0,1.0,1.0,1.0
0.5,3.0,0.0,0.0,0.0,0.0,0.0,0.0,0.0,0.0,0.0,0.0,0.0,0.0,0.0,0.0,0.0,0.0,0.0,0.0,0.0,0.0
0.75,4.0,17.663577116008188,17.51739401178018,16.4541258655465,16.639215286680326,14.071041257465135,13.887822643457525,14.424955225938197,14.44714513101135,14.46447256451947,14.128750691541414,1.0,1.0,1.0,1.0,1.0,1.0,1.0,1.0,1.0,1.0
1.0,1.0,16.706226682760036,15.985313452788825,15.616523175104959,14.695340357589563,13.713224672743527,13.775900025799078,13.796514798579217,14.68444514129525,15.484941413404098,15.732476792541602,1.0,1.0,1.0,1.0,1.0,1.0,1.0,1.0,1.0,1.0
1.25,2.0,16.54244252816332,15.453115163063512,15.419657980760459,16.002250415825657,16.662942622318173,16.190620518782694,16.77332422347238,17.44501187979489,17.09178055585182,18.183751138919465,1.0,1.0,1.0,1.0,1.0,1.0,1.0,1.0,1.0,1.0
1.5,3.0,17.520845738301787,16.18443028767995,15.438554176099666,15.8265275074293,16.038632457601597,14.097648636123765,12.854387920479112,12.504497521206037,13.10817437490379,12.990860166067721,1.0,1.0,1.0,1.0,1.0,1.0,1.0,1.0,1.0,1.0
1.75,4.0,17.660332022087736,17.597802403943426,15.851263678362484,14.281409750989434,13.195137843449395,13.509936903692392,14.694141715766985,14.67017259254148,14.577784721574156,14.39783346405297,1.0,1.0,1.0,1.0,1.0,1.0,1.0,1.0,1.0,1.0
2.0,1.0,0.0,0.0,0.0,0.0,0.0,0.0,0.0,0.0,0.0,0.0,0.0,0.0,0.0,0.0,0.0,0.0,0.0,0.0,0.0,0.0
2.25,2.0,0.0,0.0,0.0,0.0,0.0,0.0,0.0,0.0,0.0,0.0,0.0,0.0,0.0,0.0,0.0,0.0,0.0,0.0,0.0,0.0
2.5,3.0,17.22065543787735,17.29120985582152,16.353325558127466,15.23775114732222,14.099582953773723,13.512741039986484,12.522656588844942,12.434127572224453,13.431253581835994,13.413615222330803,1.0,1.0,1.0,1.0,1.0,1.0,1.0,1.0,1.0,1.0
2.75,4.0,0.0,0.0,0.0,0.0,0.0,0.0,0.0,0.0,0.0,0.0,0.0,0.0,0.0,0.0,0.0,0.0,0.0,0.0,0.0,0.0
3.0,1.0,15.852980950217036,15.5079964467108,15.409649836336255,14.917095933747182,14.103385514726904,13.316908140647943,13.806309850251731,14.354957838783886,14.010313784312551,15.612300307445434,1.0,1.0,1.0,1.0,1.0,1.0,1.0,1.0,1.0,1.0
3.25,2.0,15.087067556117692,13.958518791235397,14.320709186809474,17.239501936120714,16.22695482320721,16.8062341583983,17.617562223471904,17.62414438973855,17.84327583838635,17.808519043187836,1.0,1.0,1.0,1.0,1.0,1.0,1.0,1.0,1.0,1.0
3.5,3.0,0.0,0.0,0.0,0.0,0.0,0.0,0.0,0.0,0.0,0.0,0.0,0.0,0.0,0.0,0.0,0.0,0.0,0.0,0.0,0.0
3.75,4.0,16.17682899321256,16.29010259294199,14.399640155892044,13.426799878323385,15.012608407999512,14.770357830383182,14.812229814947669,14.401746225778409,13.375767893228495,12.690519044634517,1.0,1.0,1.0,1.0,1.0,1.0,1.0,1.0,1.0,1.0
4.0,1.0,15.317005155821834,14.332219809733465,14.216058929123772,14.664652332350862,14.125051832245605,13.849585948066911,14.080079899877267,15.187591870880965,15.16771234260105,16.910728719544437,1.0,1.0,1.0,1.0,1.0,1.0,1.0,1.0,1.0,1.0
4.25,2.0,0.0,0.0,0.0,0.0,0.0,0.0,0.0,0.0,0.0,0.0,0.0,0.0,0.0,0.0,0.0,0.0,0.0,0.0,0.0,0.0
4.5,3.0,17.553337794162204,17.275363303281203,15.499217312874524,13.651437166181212,12.174996488744265,13.620060617745075,13.416977107532501,13.703113126176964,14.036978030818247,14.357405657449863,1.0,1.0,1.0,1.0,1.0,1.0,1.0,1.0,1.0,1.0
4.75,4.0,15.748935586630582,14.82617634612246,13.577643948684992,13.42853153689576,13.747457286936115,14.272275968030396,13.99239596159295,13.397651120862024,13.023971280948606,13.482275076419747,1.0,1.0,1.0,1.0,1.0,1.0,1.0,1.0,1.0,1.0
5.0,1.0,0.0,0.0,0.0,0.0,0.0,0.0,0.0,0.0,0.0,0.0,0.0,0.0,0.0,0.0,0.0,0.0,0.0,0.0,0.0,0.0
5.25,2.0,14.59228475161052,14.533600481123,14.546284559941046,15.175570890316148,16.647495354195296,16.99717616364414,16.68748090862833,17.79823787355325,17.22567473591968,17.24274962593402,1.0,1.0,1.0,1.0,1.0,1.0,1.0,1.0,1.0,1.0
5.5,3.0,0.0,0.0,0.0,0.0,0.0,0.0,0.0,0.0,0.0,0.0,0.0,0.0,0.0,0.0,0.0,0.0,0.0,0.0,0.0,0.0
5.75,4.0,0.0,0.0,0.0,0.0,0.0,0.0,0.0,0.0,0.0,0.0,0.0,0.0,0.0,0.0,0.0,0.0,0.0,0.0,0.0,0.0
6.0,1.0,13.891028492741519,14.90539490505315,13.555944940156476,13.84390429380316,12.903935497241548,13.924230569308742,15.717402948452062,16.99214676270454,16.970260570099946,18.049273736635765,1.0,1.0,1.0,1.0,1.0,1.0,1.0,1.0,1.0,1.0
6.25,2.0,14.201876921398366,14.947621212959117,14.602127358107793,15.718294551767002,15.553757001857695,15.778113074648338,16.071480555078818,16.84503700984183,16.28064470483929,16.428269534514797,1.0,1.0,1.0,1.0,1.0,1.0,1.0,1.0,1.0,1.0
6.5,3.0,0.0,0.0,0.0,0.0,0.0,0.0,0.0,0.0,0.0,0.0,0.0,0.0,0.0,0.0,0.0,0.0,0.0,0.0,0.0,0.0
6.75,4.0,14.760872995166444,13.95400605867495,15.156336865945875,15.319340867515042,13.72343875283973,14.535047948725415,14.522426354471353,13.086623450821046,13.677014215900762,12.898639157279781,1.0,1.0,1.0,1.0,1.0,1.0,1.0,1.0,1.0,1.0
7.0,1.0,15.288330068693355,15.333780693626462,14.289197768749034,14.64013733556454,14.25941880679991,15.334626057563,16.82031505308209,17.460810862576444,17.970176115440083,18.19491995261837,1.0,1.0,1.0,1.0,1.0,1.0,1.0,1.0,1.0,1.0
7.25,2.0,0.0,0.0,0.0,0.0,0.0,0.0,0.0,0.0,0.0,0.0,0.0,0.0,0.0,0.0,0.0,0.0,0.0,0.0,0.0,0.0
7.5,3.0,13.920613334951607,13.44921542879512,12.313955279992271,13.222418526926006,14.657074003059124,15.386371214190314,14.886003351566957,15.33579689935249,15.277326879298666,15.24649645113516,1.0,1.0,1.0,1.0,1.0,1.0,1.0,1.0,1.0,1.0
7.75,4.0,15.022558243607959,13.49810611936229,15.031728715939938,14.557661746903696,13.437310661034193,13.133556630316379,14.273368771595283,13.249788150142175,13.684085829554462,13.961931969118343,1.0,1.0,1.0,1.0,1.0,1.0,1.0,1.0,1.0,1.0
8.0,1.0,15.489888470644676,15.457291165939615,15.222951807531791,14.212959501063905,14.684699313113649,16.242911929559806,16.65515352539387,17.651987880091482,17.3782940803648,17.294830700445416,1.0,1.0,1.0,1.0,1.0,1.0,1.0,1.0,1.0,1.0
8.25,2.0,14.942696059359267,14.252052912775323,14.838722502746917,14.43234507983716,15.208178302610357,15.520902722941477,15.0787537412842,15.170766009710205,14.275292575492845,14.59621486594969,1.0,1.0,1.0,1.0,1.0,1.0,1.0,1.0,1.0,1.0
8.5,3.0,0.0,0.0,0.0,0.0,0.0,0.0,0.0,0.0,0.0,0.0,0.0,0.0,0.0,0.0,0.0,0.0,0.0,0.0,0.0,0.0
8.75,4.0,14.879132639316099,14.1237716106326,13.778385989663006,13.899838101003056,13.051790657106483,12.951621551686316,13.546979914642163,13.139956752619396,13.400631727107477,13.704155245608712,1.0,1.0,1.0,1.0,1.0,1.0,1.0,1.0,1.0,1.0
9.0,1.0,15.118659199961408,15.779022289504432,15.306590745423865,16.25450377226383,15.604504650486422,16.942083920385585,17.917333792745012,18.757088225645372,17.12368395779822,16.359581900385695,1.0,1.0,1.0,1.0,1.0,1.0,1.0,1.0,1.0,1.0
9.25,2.0,0.0,0.0,0.0,0.0,0.0,0.0,0.0,0.0,0.0,0.0,0.0,0.0,0.0,0.0,0.0,0.0,0.0,0.0,0.0,0.0
9.5,3.0,14.351734584382637,14.621445353267253,13.515071049857092,14.95147044151211,15.880502203938883,15.17792204583892,14.661023711233781,15.030958011198445,14.737622546934908,14.197483399884227,1.0,1.0,1.0,1.0,1.0,1.0,1.0,1.0,1.0,1.0
9.75,4.0,15.098876336254795,13.503755509399742,13.544410484845498,14.374646073183625,12.08113992516909,12.533654746622796,13.193948777560882,13.396149135530305,13.744205692338983,14.76376484868158,1.0,1.0,1.0,1.0,1.0,1.0,1.0,1.0,1.0,1.0
10.0,1.0,0.0,0.0,0.0,0.0,0.0,0.0,0.0,0.0,0.0,0.0,0.0,0.0,0.0,0.0,0.0,0.0,0.0,0.0,0.0,0.0
10.25,2.0,0.0,0.0,0.0,0.0,0.0,0.0,0.0,0.0,0.0,0.0,0.0,0.0,0.0,0.0,0.0,0.0,0.0,0.0,0.0,0.0
10.5,3.0,15.278644418565841,14.099504987730954,14.340044701011706,15.610621533894012,16.31998462047567,15.639156951229053,13.375047382735593,14.454967625296673,14.17564374457541,14.213415111211386,1.0,1.0,1.0,1.0,1.0,1.0,1.0,1.0,1.0,1.0
10.75,4.0,0.0,0.0,0.0,0.0,0.0,0.0,0.0,0.0,0.0,0.0,0.0,0.0,0.0,0.0,0.0,0.0,0.0,0.0,0.0,0.0
11.0,1.0,14.7403917311357,15.01374815036266,15.877229561663158,15.944779509410116,16.172756180916007,16.989643064023596,16.51049085323491,15.614245092712755,14.477918206174426,14.634851523570841,1.0,1.0,1.0,1.0,1.0,1.0,1.0,1.0,1.0,1.0
11.25,2.0,12.49429058613912,13.142905671326515,13.049297432474784,11.411219961914615,12.166003577943604,11.985136706912346,12.66665061928843,13.445518720954004,12.018017312538086,13.434586877195777,1.0,1.0,1.0,1.0,1.0,1.0,1.0,1.0,1.0,1.0
11.5,3.0,0.0,0.0,0.0,0.0,0.0,0.0,0.0,0.0,0.0,0.0,0.0,0.0,0.0,0.0,0.0,0.0,0.0,0.0,0.0,0.0
11.75,4.0,13.013334914531763,11.985078449137923,13.646652287436268,14.245101545150241,14.35004292609635,15.222276530006164,16.177180327708427,15.961343663396672,16.73249027679395,15.851551485898055,1.0,1.0,1.0,1.0,1.0,1.0,1.0,1.0,1.0,1.0
12.0,1.0,15.86903950778515,15.425038853972492,15.014635007779532,16.208112406782345,16.327420480924555,16.61544440125875,15.159781389168351,14.954195627716501,14.266950135502128,14.059495074077793,1.0,1.0,1.0,1.0,1.0,1.0,1.0,1.0,1.0,1.0
12.25,2.0,0.0,0.0,0.0,0.0,0.0,0.0,0.0,0.0,0.0,0.0,0.0,0.0,0.0,0.0,0.0,0.0,0.0,0.0,0.0,0.0
12.5,3.0,14.566493660247954,14.803391296430556,15.395667325914783,16.511180574064994,14.507100278939294,14.63521730264282,12.961551266512839,12.919053055591347,10.610681107720572,9.933246164193307,1.0,1.0,1.0,1.0,1.0,1.0,1.0,1.0,1.0,1.0
12.75,4.0,11.762261829387118,11.755967092915315,14.534114399350738,15.79626021998375,14.201648623962601,15.384547421819178,16.208712084456007,16.250967977767047,16.446978684880197,15.883792449426945,1.0,1.0,1.0,1.0,1.0,1.0,1.0,1.0,1.0,1.0
13.0,1.0,0.0,0.0,0.0,0.0,0.0,0.0,0.0,0.0,0.0,0.0,0.0,0.0,0.0,0.0,0.0,0.0,0.0,0.0,0.0,0.0
13.25,2.0,12.498157996033518,11.75443236377885,13.011197344296777,12.022126552683888,12.26873742603166,10.810056560362444,12.166570490283075,11.832625051317338,11.492088640490259,11.508679838738363,1.0,1.0,1.0,1.0,1.0,1.0,1.0,1.0,1.0,1.0
13.5,3.0,0.0,0.0,0.0,0.0,0.0,0.0,0.0,0.0,0.0,0.0,0.0,0.0,0.0,0.0,0.0,0.0,0.0,0.0,0.0,0.0
13.75,4.0,0.0,0.0,0.0,0.0,0.0,0.0,0.0,0.0,0.0,0.0,0.0,0.0,0.0,0.0,0.0,0.0,0.0,0.0,0.0,0.0
14.0,1.0,15.043173014362806,14.573087740415659,15.251631059657795,14.670232410701749,14.20202169250795,14.43700108523618,14.005631572898695,13.143007165339512,12.905096748297956,13.050950545140418,1.0,1.0,1.0,1.0,1.0,1.0,1.0,1.0,1.0,1.0
14.25,2.0,11.882355160449709,12.421060805747366,13.73740470312607,10.913683054966297,12.126894424147922,11.125287118850085,12.194250410659151,12.120193048174755,11.152453705204982,10.741555218078162,1.0,1.0,1.0,1.0,1.0,1.0,1.0,1.0,1.0,1.0
14.5,3.0,0.0,0.0,0.0,0.0,0.0,0.0,0.0,0.0,0.0,0.0,0.0,0.0,0.0,0.0,0.0,0.0,0.0,0.0,0.0,0.0
14.75,4.0,12.643752336279052,14.583441222391833,16.539104909527918,16.030053169975726,15.358363286719502,15.471328454247919,16.643444619899547,16.943827521093684,18.09856093615709,18.686914224084294,1.0,1.0,1.0,1.0,1.0,1.0,1.0,1.0,1.0,1.0
15.0,1.0,14.385266864647795,14.228451205708346,15.905200616528322,14.959940172637678,14.763177940610964,14.334106181274828,14.554314379800777,14.195285782247451,14.39705079145567,13.267001719015171,1.0,1.0,1.0,1.0,1.0,1.0,1.0,1.0,1.0,1.0
15.25,2.0,0.0,0.0,0.0,0.0,0.0,0.0,0.0,0.0,0.0,0.0,0.0,0.0,0.0,0.0,0.0,0.0,0.0,0.0,0.0,0.0
15.5,3.0,13.115124305117444,12.460466752205235,12.364051660711711,13.024912533037103,12.424652818010893,11.053293586432687,10.618782546041176,11.084154318488368,11.241559839732574,12.76854424372525,1.0,1.0,1.0,1.0,1.0,1.0,1.0,1.0,1.0,1.0
15.75,4.0,13.632370066776941,14.871878691790663,15.837042831564139,15.509435572436827,15.87722197931902,16.62785473756702,18.332726351572873,18.5384304312931,19.62971753618752,19.53406486393466,1.0,1.0,1.0,1.0,1.0,1.0,1.0,1.0,1.0,1.0
16.0,1.0,14.82940412552419,15.19308511623814,16.096902266313233,15.363901776529229,15.466040161141862,15.261343503488172,14.742943311439573,13.88122086605705,14.704324712873964,14.583951990292068,1.0,1.0,1.0,1.0,1.0,1.0,1.0,1.0,1.0,1.0
16.25,2.0,12.972347282319769,12.474125464277966,13.402833222554817,10.916704428005193,11.614715322975025,10.86610582672584,10.755933754204957,11.297689055670189,11.382454452665826,10.960384220245976,1.0,1.0,1.0,1.0,1.0,1.0,1.0,1.0,1.0,1.0
16.5,3.0,0.0,0.0,0.0,0.0,0.0,0.0,0.0,0.0,0.0,0.0,0.0,0.0,0.0,0.0,0.0,0.0,0.0,0.0,0.0,0.0
16.75,4.0,13.11506248592659,14.306532146837958,15.102508936776166,15.430762615674832,17.261184908268234,18.202232699000863,18.721619323016856,18.568878370485496,19.33522066912684,19.258014462708854,1.0,1.0,1.0,1.0,1.0,1.0,1.0,1.0,1.0,1.0
17.0,1.0,14.808476498867275,14.718731661374047,14.951325927433368,14.217571694440688,15.60403857583612,14.471036339399042,14.414819418097244,13.834304313871522,15.78207557261393,15.40205512105256,1.0,1.0,1.0,1.0,1.0,1.0,1.0,1.0,1.0,1.0
17.25,2.0,0.0,0.0,0.0,0.0,0.0,0.0,0.0,0.0,0.0,0.0,0.0,0.0,0.0,0.0,0.0,0.0,0.0,0.0,0.0,0.0
17.5,3.0,12.00911504677405,13.701480004123436,12.770343760566938,10.430889981606112,11.399564865669157,11.17482536394457,12.044572797576382,12.350164358841663,13.290194215495806,14.800834842088033,1.0,1.0,1.0,1.0,1.0,1.0,1.0,1.0,1.0,1.0
17.75,4.0,13.546050229052799,13.677171062441856,15.368184290885296,16.26571908577558,18.263378260376797,19.117499740655855,18.43347908093108,19.17971122503689,19.44699878916699,18.751716397502026,1.0,1.0,1.0,1.0,1.0,1.0,1.0,1.0,1.0,1.0
18.0,1.0,0.0,0.0,0.0,0.0,0.0,0.0,0.0,0.0,0.0,0.0,0.0,0.0,0.0,0.0,0.0,0.0,0.0,0.0,0.0,0.0
18.25,2.0,0.0,0.0,0.0,0.0,0.0,0.0,0.0,0.0,0.0,0.0,0.0,0.0,0.0,0.0,0.0,0.0,0.0,0.0,0.0,0.0
18.5,3.0,12.377365198867686,13.188836352985723,12.140573933358665,9.529765742257716,11.722208138792391,11.384559897945987,12.309126096244166,12.893312480096514,14.008096969271563,14.168907713756628,1.0,1.0,1.0,1.0,1.0,1.0,1.0,1.0,1.0,1.0
18.75,4.0,0.0,0.0,0.0,0.0,0.0,0.0,0.0,0.0,0.0,0.0,0.0,0.0,0.0,0.0,0.0,0.0,0.0,0.0,0.0,0.0
19.0,1.0,15.096060087854857,14.728836632530765,14.837536710480833,14.553110263337455,15.56549364647526,16.171016013731816,17.25819914821806,16.46101951516451,16.634880565420705,15.001852309703386,1.0,1.0,1.0,1.0,1.0,1.0,1.0,1.0,1.0,1.0
19.25,2.0,12.845426536521718,12.778553078875872,12.567610107285091,12.016162018581694,10.941588315686776,10.780692626190298,10.595348984646495,10.331275535400469,10.803265590416387,11.753663820636449,1.0,1.0,1.0,1.0,1.0,1.0,1.0,1.0,1.0,1.0
19.5,3.0,0.0,0.0,0.0,0.0,0.0,0.0,0.0,0.0,0.0,0.0,0.0,0.0,0.0,0.0,0.0,0.0,0.0,0.0,0.0,0.0
19.75,4.0,13.734350099099508,13.768783573047795,15.928215704133832,18.083473795213376,19.06620960258845,20.30539130075364,20.02054639238164,20.089109286032276,19.223149668806254,18.74838069596222,1.0,1.0,1.0,1.0,1.0,1.0,1.0,1.0,1.0,1.0
20.0,1.0,14.741010250501452,14.403867297672209,14.833020248492302,15.497029459379725,16.357698078135314,16.284659192080493,15.897138753409482,14.885739320798914,14.118495096033076,13.342069564255436,1.0,1.0,1.0,1.0,1.0,1.0,1.0,1.0,1.0,1.0
20.25,2.0,0.0,0.0,0.0,0.0,0.0,0.0,0.0,0.0,0.0,0.0,0.0,0.0,0.0,0.0,0.0,0.0,0.0,0.0,0.0,0.0
20.5,3.0,11.838047251226639,13.731903131081863,13.221865509707365,13.273771554060984,14.323750098391178,14.321755169111023,13.698833816372321,14.642071579282716,14.543028425490206,14.555349678831666,1.0,1.0,1.0,1.0,1.0,1.0,1.0,1.0,1.0,1.0
20.75,4.0,13.373050178245956,13.773410268778921,17.753598792792843,18.728272741038243,19.008296765959756,19.820583995895497,19.238019298203117,19.317283023610727,19.60086709272031,18.778358508479673,1.0,1.0,1.0,1.0,1.0,1.0,1.0,1.0,1.0,1.0
21.0,1.0,0.0,0.0,0.0,0.0,0.0,0.0,0.0,0.0,0.0,0.0,0.0,0.0,0.0,0.0,0.0,0.0,0.0,0.0,0.0,0.0
21.25,2.0,12.077044623652561,12.126555411345617,10.921142433314468,10.750229037242729,11.948760420727327,11.668162967027639,10.95974602860186,11.857433533091367,11.980226686548328,12.02502271245483,1.0,1.0,1.0,1.0,1.0,1.0,1.0,1.0,1.0,1.0
21.5,3.0,0.0,0.0,0.0,0.0,0.0,0.0,0.0,0.0,0.0,0.0,0.0,0.0,0.0,0.0,0.0,0.0,0.0,0.0,0.0,0.0
21.75,4.0,0.0,0.0,0.0,0.0,0.0,0.0,0.0,0.0,0.0,0.0,0.0,0.0,0.0,0.0,0.0,0.0,0.0,0.0,0.0,0.0
22.0,1.0,14.18545591891457,13.070821018169514,15.38592254520308,15.40324779152037,15.068719484424179,13.768444302394347,13.389014988387729,12.5409330338339,12.411508821090287,12.080752726090601,1.0,1.0,1.0,1.0,1.0,1.0,1.0,1.0,1.0,1.0
22.25,2.0,10.861475076626604,11.589647219232216,11.456112932414635,11.564393148809813,11.778523094186951,11.004121728313264,10.433827165334126,10.946537952217888,12.49400056586754,13.084230236938891,1.0,1.0,1.0,1.0,1.0,1.0,1.0,1.0,1.0,1.0
22.5,3.0,12.549030032926154,13.641210238525238,14.336521899464323,15.358208516771015,15.381133454059619,14.129309979879125,13.972715538172643,14.118774219715327,13.92737611069256,14.437126663503236,1.0,1.0,1.0,1.0,1.0,1.0,1.0,1.0,1.0,1.0
22.75,4.0,15.369855458510468,16.222623805475504,17.694199805862972,18.519305671009228,17.615385692133092,18.490517518268547,17.408537536476967,16.36476561762848,17.379179995714768,17.24408298177426,1.0,1.0,1.0,1.0,1.0,1.0,1.0,1.0,1.0,1.0
23.0,1.0,14.071908361346695,12.080971679112873,14.696553519186699,14.481309164450177,14.4623541168348,13.53352667157912,12.760178791897024,12.963818241794213,12.786675769353014,12.812464559095172,1.0,1.0,1.0,1.0,1.0,1.0,1.0,1.0,1.0,1.0
23.25,2.0,0.0,0.0,0.0,0.0,0.0,0.0,0.0,0.0,0.0,0.0,0.0,0.0,0.0,0.0,0.0,0.0,0.0,0.0,0.0,0.0
23.5,3.0,12.42369230662176,14.335153085062567,15.653102996288869,16.502928150445275,16.111425618551596,15.281294512815741,14.490790195164209,14.423833801334627,13.822907086878676,14.080352077746165,1.0,1.0,1.0,1.0,1.0,1.0,1.0,1.0,1.0,1.0
23.75,4.0,14.74619890668688,15.332236579230136,17.133151560517707,18.910276944739813,17.386312108387738,17.207275790345992,16.412274171063782,15.852966815866008,15.613518750304399,16.063127409177635,1.0,1.0,1.0,1.0,1.0,1.0,1.0,1.0,1.0,1.0
24.0,1.0,13.071292844065376,11.031036318695909,13.559251319392738,13.389219758322433,13.327744724950605,13.859263200607153,13.607288471567399,13.697107085056686,12.943867963835455,12.405876534916038,1.0,1.0,1.0,1.0,1.0,1.0,1.0,1.0,1.0,1.0
24.25,2.0,11.96674179741426,12.159217336671576,12.68991284068842,12.281229161174519,12.621206747130254,12.609020790257167,11.985372687527013,12.973624137621016,13.552830179666374,14.752106213828801,1.0,1.0,1.0,1.0,1.0,1.0,1.0,1.0,1.0,1.0
24.5,3.0,0.0,0.0,0.0,0.0,0.0,0.0,0.0,0.0,0.0,0.0,0.0,0.0,0.0,0.0,0.0,0.0,0.0,0.0,0.0,0.0
24.75,4.0,14.947107576829335,14.394029858218827,16.469944617145917,16.64375597511138,14.391005068811303,15.04220038251999,15.085945178673079,16.09765996580833,16.03452902380656,16.397559481274904,1.0,1.0,1.0,1.0,1.0,1.0,1.0,1.0,1.0,1.0
25.0,1.0,12.898520524554131,11.6040088554842,13.052313260957032,14.253685302687837,14.621733265446268,14.263557380118563,14.014289522322859,12.505909742799732,12.868596784470197,12.49170489127303,1.0,1.0,1.0,1.0,1.0,1.0,1.0,1.0,1.0,1.0
25.25,2.0,0.0,0.0,0.0,0.0,0.0,0.0,0.0,0.0,0.0,0.0,0.0,0.0,0.0,0.0,0.0,0.0,0.0,0.0,0.0,0.0
25.5,3.0,13.654989998223646,15.603126214961222,15.534001585846905,16.95077428485173,16.23710330060127,15.368396248670074,14.238148857686223,14.075326950159956,14.15406148280044,13.679595285465101,1.0,1.0,1.0,1.0,1.0,1.0,1.0,1.0,1.0,1.0
25.75,4.0,14.239980524321671,13.998783505438668,14.645892542169122,14.297711989996387,12.723360577820385,14.566702684172945,15.844227854598486,16.681930581047723,17.25192274979314,17.161315535116618,1.0,1.0,1.0,1.0,1.0,1.0,1.0,1.0,1.0,1.0
26.0,1.0,0.0,0.0,0.0,0.0,0.0,0.0,0.0,0.0,0.0,0.0,0.0,0.0,0.0,0.0,0.0,0.0,0.0,0.0,0.0,0.0
26.25,2.0,0.0,0.0,0.0,0.0,0.0,0.0,0.0,0.0,0.0,0.0,0.0,0.0,0.0,0.0,0.0,0.0,0.0,0.0,0.0,0.0
26.5,3.0,13.590058530241262,17.03661241007245,17.63307557138914,16.925703197009874,15.598748710526628,15.315897552081601,14.445197570385721,14.518699837692004,14.363375042835749,13.724636659652445,1.0,1.0,1.0,1.0,1.0,1.0,1.0,1.0,1.0,1.0
26.75,4.0,0.0,0.0,0.0,0.0,0.0,0.0,0.0,0.0,0.0,0.0,0.0,0.0,0.0,0.0,0.0,0.0,0.0,0.0,0.0,0.0
27.0,1.0,12.708419217702263,12.367968934850728,13.537594747136065,13.781406844343769,13.799163370157004,14.448357725436079,13.948692013905621,14.169041487966108,13.800616652648907,13.03430445740527,1.0,1.0,1.0,1.0,1.0,1.0,1.0,1.0,1.0,1.0
27.25,2.0,12.496840572644489,14.004000179770857,13.506232878867538,12.178967404357083,14.651039465810365,16.052688206534604,16.880318348173386,17.517646365321152,17.569779358158538,17.35395104309888,1.0,1.0,1.0,1.0,1.0,1.0,1.0,1.0,1.0,1.0
27.5,3.0,0.0,0.0,0.0,0.0,0.0,0.0,0.0,0.0,0.0,0.0,0.0,0.0,0.0,0.0,0.0,0.0,0.0,0.0,0.0,0.0
27.75,4.0,14.917402921765015,14.092040569940878,13.829509947471305,15.488171044264938,15.208683710275578,17.47371955993023,16.847411886209517,17.547660658954545,17.886958846474844,17.74384262100971,1.0,1.0,1.0,1.0,1.0,1.0,1.0,1.0,1.0,1.0
28.0,1.0,12.118411272842003,13.496885131377816,14.36668766013623,13.730307974660583,13.953108025743912,13.755746636012024,14.554201385061596,14.304892804044142,13.436630273315485,13.009418135784232,1.0,1.0,1.0,1.0,1.0,1.0,1.0,1.0,1.0,1.0
28.25,2.0,0.0,0.0,0.0,0.0,0.0,0.0,0.0,0.0,0.0,0.0,0.0,0.0,0.0,0.0,0.0,0.0,0.0,0.0,0.0,0.0
28.5,3.0,13.667032305067407,15.17374454722695,16.0408542867633,14.893896726714063,13.95229116697152,14.24293845974575,13.72245796085539,13.568193960826292,13.987977572346221,14.474578114369463,1.0,1.0,1.0,1.0,1.0,1.0,1.0,1.0,1.0,1.0
28.75,4.0,13.698375397291361,13.856194762870196,15.706905294548564,17.37252676946738,17.70131808348143,19.082274465937274,18.632704593142083,17.516048551707637,18.610511851688212,18.518958683721028,1.0,1.0,1.0,1.0,1.0,1.0,1.0,1.0,1.0,1.0
29.0,1.0,0.0,0.0,0.0,0.0,0.0,0.0,0.0,0.0,0.0,0.0,0.0,0.0,0.0,0.0,0.0,0.0,0.0,0.0,0.0,0.0
29.25,2.0,13.316603404319716,13.842705970227778,15.497796455451455,15.445315796743612,16.066430557932325,17.393537218789355,17.268148484396747,17.094653793343895,15.521742426497395,15.95442870108601,1.0,1.0,1.0,1.0,1.0,1.0,1.0,1.0,1.0,1.0
29.5,3.0,0.0,0.0,0.0,0.0,0.0,0.0,0.0,0.0,0.0,0.0,0.0,0.0,0.0,0.0,0.0,0.0,0.0,0.0,0.0,0.0
29.75,4.0,0.0,0.0,0.0,0.0,0.0,0.0,0.0,0.0,0.0,0.0,0.0,0.0,0.0,0.0,0.0,0.0,0.0,0.0,0.0,0.0
30.0,1.0,13.248923609152369,13.64871357320001,15.274045794590878,14.915630364814243,15.907223093490403,15.676637512257859,15.216765331535008,14.82699293268712,14.646273608285991,14.965721735797738,1.0,1.0,1.0,1.0,1.0,1.0,1.0,1.0,1.0,1.0
30.25,2.0,13.956157320494924,14.87797395128574,16.258325188636338,16.55231704567485,16.695599454067196,16.68161820219145,16.937772013650985,16.871159020580624,16.293194813939433,17.208621301097445,1.0,1.0,1.0,1.0,1.0,1.0,1.0,1.0,1.0,1.0
30.5,3.0,14.831395140195745,15.43910041232035,15.61945191985678,14.765813229046714,14.34179430164318,14.055564576442984,14.124989761411504,13.444217266147556,13.8844302086564,14.912854801001664,1.0,1.0,1.0,1.0,1.0,1.0,1.0,1.0,1.0,1.0
30.75,4.0,14.146082383424162,14.228348374943875,17.09354970000701,17.601012490618356,16.59708523539387,17.081829571924207,16.732955506154767,16.05975959155397,16.675464111030582,16.941007979077607,1.0,1.0,1.0,1.0,1.0,1.0,1.0,1.0,1.0,1.0
31.0,1.0,13.29196233124569,13.203962974853837,14.609843781368639,14.499290404593344,14.573467934068423,14.712738064373523,14.908683831813473,15.409849258562677,15.510887730514304,15.594865489861233,1.0,1.0,1.0,1.0,1.0,1.0,1.0,1.0,1.0,1.0
31.25,2.0,0.0,0.0,0.0,0.0,0.0,0.0,0.0,0.0,0.0,0.0,0.0,0.0,0.0,0.0,0.0,0.0,0.0,0.0,0.0,0.0
31.5,3.0,13.455830856618968,15.105139506987449,15.824507664958237,14.893048915301359,13.986221953752533,13.779839298845879,14.299367401961957,14.304312062432057,13.957181492309788,14.227739577497903,1.0,1.0,1.0,1.0,1.0,1.0,1.0,1.0,1.0,1.0
31.75,4.0,14.579436208480175,15.297131841335283,16.908049669537842,17.305012651855048,15.91965039282094,15.989417083420195,15.442207828161484,14.512131977784383,14.504256555636463,15.713703083139137,1.0,1.0,1.0,1.0,1.0,1.0,1.0,1.0,1.0,1.0
32.0,1.0,13.313907685445486,14.444468819260587,15.279404946326482,14.60548894285204,13.478196085306005,15.160689741073854,15.94049835800636,15.903496219492082,15.386776040512759,15.73524082686703,1.0,1.0,1.0,1.0,1.0,1.0,1.0,1.0,1.0,1.0
32.25,2.0,14.37020574063707,15.098221924080189,15.678835002309414,14.401291570613155,15.602739198485516,16.720489947109943,16.619776634859974,17.65556844671719,16.544166702146132,16.66069279982751,1.0,1.0,1.0,1.0,1.0,1.0,1.0,1.0,1.0,1.0
32.5,3.0,0.0,0.0,0.0,0.0,0.0,0.0,0.0,0.0,0.0,0.0,0.0,0.0,0.0,0.0,0.0,0.0,0.0,0.0,0.0,0.0
32.75,4.0,15.297057033570228,15.088391238282568,16.64847181888238,16.172251520475765,14.096784476633339,15.064961753575416,15.218050801525488,15.285366635150783,16.82189896069502,16.971329427821395,1.0,1.0,1.0,1.0,1.0,1.0,1.0,1.0,1.0,1.0
33.0,1.0,14.476058838249182,16.52211302003347,15.80300083093789,14.905462648406369,14.144999336595458,15.576374159163136,16.23706656620541,16.374341395939112,16.246587732804333,16.256066956041884,1.0,1.0,1.0,1.0,1.0,1.0,1.0,1.0,1.0,1.0
33.25,2.0,0.0,0.0,0.0,0.0,0.0,0.0,0.0,0.0,0.0,0.0,0.0,0.0,0.0,0.0,0.0,0.0,0.0,0.0,0.0,0.0
33.5,3.0,12.374428897492882,15.809840384022436,16.84859300546623,15.508127626577382,15.48155611396158,15.132099838805464,14.554513803760274,12.931810351965876,12.743132145521079,12.993719350481834,1.0,1.0,1.0,1.0,1.0,1.0,1.0,1.0,1.0,1.0
33.75,4.0,15.536693695494273,15.849951109506579,16.486060043126802,14.253810062090148,14.302974748929872,15.23443944766229,14.87550406851766,16.206361941980738,17.061105492359058,16.996372191693062,1.0,1.0,1.0,1.0,1.0,1.0,1.0,1.0,1.0,1.0
34.0,1.0,0.0,0.0,0.0,0.0,0.0,0.0,0.0,0.0,0.0,0.0,0.0,0.0,0.0,0.0,0.0,0.0,0.0,0.0,0.0,0.0
34.25,2.0,15.015902480472693,15.587772037440141,14.531788271538504,14.578373908179335,14.955128226628911,15.930355674543815,16.107740164652903,16.835722678749242,17.274151660374656,17.384981531296717,1.0,1.0,1.0,1.0,1.0,1.0,1.0,1.0,1.0,1.0
34.5,3.0,13.88878859494964,17.79481664805785,17.91198497441437,16.064579384394783,15.52863900691581,15.201839621665123,15.187061097419859,13.119484924318906,13.27911053381167,12.732616732593177,1.0,1.0,1.0,1.0,1.0,1.0,1.0,1.0,1.0,1.0
34.75,4.0,0.0,0.0,0.0,0.0,0.0,0.0,0.0,0.0,0.0,0.0,0.0,0.0,0.0,0.0,0.0,0.0,0.0,0.0,0.0,0.0
35.0,1.0,16.35863733857974,17.2703935974284,16.93997576622422,16.783470524415467,16.904031691111378,16.851556559333236,17.144650595535452,16.081289127437252,16.391430217016623,17.00888622023718,1.0,1.0,1.0,1.0,1.0,1.0,1.0,1.0,1.0,1.0
35.25,2.0,15.290708173047234,14.591711210413845,14.921272447176506,16.107100238297622,17.198843982648192,17.847614296162888,18.265762802386742,17.885867207068245,18.27388764650703,17.91153085265107,1.0,1.0,1.0,1.0,1.0,1.0,1.0,1.0,1.0,1.0
35.5,3.0,0.0,0.0,0.0,0.0,0.0,0.0,0.0,0.0,0.0,0.0,0.0,0.0,0.0,0.0,0.0,0.0,0.0,0.0,0.0,0.0
35.75,4.0,16.948169203538164,17.06604729202543,15.065740660723517,14.64177690142155,17.029938327699895,18.021074179313363,17.71872394895743,17.70729230851853,18.010278658828817,17.551879506594894,1.0,1.0,1.0,1.0,1.0,1.0,1.0,1.0,1.0,1.0
36.0,1.0,16.635965079248326,16.723623769488533,16.42643169983423,16.991781017587567,15.977140495274542,16.54593972394604,16.298862837103524,15.984111720447075,17.913492991658018,17.184102911864404,1.0,1.0,1.0,1.0,1.0,1.0,1.0,1.0,1.0,1.0
36.25,2.0,0.0,0.0,0.0,0.0,0.0,0.0,0.0,0.0,0.0,0.0,0.0,0.0,0.0,0.0,0.0,0.0,0.0,0.0,0.0,0.0
36.5,3.0,14.75222731480352,15.666342473650438,15.379227734487024,15.575170010722067,14.38635465307647,14.524590550606037,14.936133380806721,14.47765236606649,15.45971968915145,15.787049196121403,1.0,1.0,1.0,1.0,1.0,1.0,1.0,1.0,1.0,1.0
36.75,4.0,17.18570928530527,15.248778054353814,14.822159728158026,15.860821251272306,18.10679514223405,18.144687911949642,18.010078291280003,18.1945045999006,18.26150171558347,17.660571795381554,1.0,1.0,1.0,1.0,1.0,1.0,1.0,1.0,1.0,1.0
37.0,1.0,16.393438927932536,16.14163582249183,16.057220477950786,16.758959095352985,15.8194642613612,17.364313446486143,16.89939286720872,16.735382545560103,17.32566873026778,17.224097923579563,1.0,1.0,1.0,1.0,1.0,1.0,1.0,1.0,1.0,1.0
37.25,2.0,16.36564979881335,17.093972702355448,18.22442601858995,19.347927451698435,20.559436620358245,20.97759056030109,20.683289651004927,21.216754081286087,21.31957112874397,20.71798942270139,1.0,1.0,1.0,1.0,1.0,1.0,1.0,1.0,1.0,1.0
37.5,3.0,0.0,0.0,0.0,0.0,0.0,0.0,0.0,0.0,0.0,0.0,0.0,0.0,0.0,0.0,0.0,0.0,0.0,0.0,0.0,0.0
37.75,4.0,15.412234584176813,13.983163258713809,15.503148240655639,17.170243059488858,18.00821476771032,17.144057496912428,16.70087628303717,16.57032406959554,17.38209424580319,17.954203516073857,1.0,1.0,1.0,1.0,1.0,1.0,1.0,1.0,1.0,1.0
38.0,1.0,15.277763452057261,15.577903321915926,17.198020649398845,17.153988365189814,15.6963466182016,17.71228905225675,17.07831314703958,18.416999279890575,19.152818273411203,18.75625600891373,1.0,1.0,1.0,1.0,1.0,1.0,1.0,1.0,1.0,1.0
38.25,2.0,15.576410813623925,17.637688024187046,18.710902033021707,20.46878284663223,21.712827476503172,21.563930059044893,20.529163401243483,20.388536352266463,20.15952301466065,19.747308181258614,1.0,1.0,1.0,1.0,1.0,1.0,1.0,1.0,1.0,1.0
38.5,3.0,14.641278427795696,15.422060562293668,15.136790671802377,13.686517875023661,12.792749841856452,13.312249889568113,13.18349399154634,14.794384317555648,16.487183457916256,17.001790446842936,1.0,1.0,1.0,1.0,1.0,1.0,1.0,1.0,1.0,1.0
38.75,4.0,14.4784432131896,14.55198171861158,16.299614299840584,16.616484069376824,17.04739021340246,16.848222490074324,16.778329658712895,16.981379903773508,17.530309606704318,17.464366704096527,1.0,1.0,1.0,1.0,1.0,1.0,1.0,1.0,1.0,1.0
39.0,1.0,0.0,0.0,0.0,0.0,0.0,0.0,0.0,0.0,0.0,0.0,0.0,0.0,0.0,0.0,0.0,0.0,0.0,0.0,0.0,0.0
39.25,2.0,0.0,0.0,0.0,0.0,0.0,0.0,0.0,0.0,0.0,0.0,0.0,0.0,0.0,0.0,0.0,0.0,0.0,0.0,0.0,0.0
39.5,3.0,15.03588846108589,16.05589813819207,14.020917457610826,12.193189710383846,12.686397428058635,14.889316863531405,15.001656380959309,15.89618729398729,15.675500825284342,16.262499002292596,1.0,1.0,1.0,1.0,1.0,1.0,1.0,1.0,1.0,1.0
39.75,4.0,15.49190758262286,15.489915004514645,16.860262650983536,16.835311353418778,17.053210113610874,16.543221935492014,16.597898704214536,17.260373264077145,17.70034451855975,17.253630942989002,1.0,1.0,1.0,1.0,1.0,1.0,1.0,1.0,1.0,1.0
40.0,1.0,15.02205247871125,16.444438072385026,16.965398997332773,17.880114630253754,17.03106375598999,18.93361543428967,19.92619981702507,19.997228656340727,20.43355707695973,18.512993229263646,1.0,1.0,1.0,1.0,1.0,1.0,1.0,1.0,1.0,1.0
40.25,2.0,17.259696702893606,19.00492675615763,19.995781195777273,21.898299563399263,22.022535545856847,20.915100942891083,20.933417936993653,19.606255059686617,19.94292627433899,19.369646856634457,1.0,1.0,1.0,1.0,1.0,1.0,1.0,1.0,1.0,1.0
40.5,3.0,0.0,0.0,0.0,0.0,0.0,0.0,0.0,0.0,0.0,0.0,0.0,0.0,0.0,0.0,0.0,0.0,0.0,0.0,0.0,0.0
40.75,4.0,15.58033263096917,15.255596931307734,15.915827100352274,17.43861244224807,16.61405963028833,16.657622789137175,16.791715353942806,18.24462538150627,19.085896570376782,18.179534405282812,1.0,1.0,1.0,1.0,1.0,1.0,1.0,1.0,1.0,1.0
41.0,1.0,14.086444586518047,16.266559965245065,16.582570639146464,18.039839593251653,18.173291991076063,19.332472769805058,19.609938692631868,19.03753417440603,18.5415980135631,17.368497897464568,1.0,1.0,1.0,1.0,1.0,1.0,1.0,1.0,1.0,1.0
41.25,2.0,0.0,0.0,0.0,0.0,0.0,0.0,0.0,0.0,0.0,0.0,0.0,0.0,0.0,0.0,0.0,0.0,0.0,0.0,0.0,0.0
41.5,3.0,16.462427427865574,15.076757816384514,14.345586421894195,15.046946074087977,15.92692307607052,15.742934116688463,15.97063265366038,15.529583474346838,16.13171927503564,16.644444303033104,1.0,1.0,1.0,1.0,1.0,1.0,1.0,1.0,1.0,1.0
41.75,4.0,15.169903231713409,14.399843914711926,16.34419976394921,17.482063573026693,16.35252119077457,17.096262613537263,17.322024614318806,17.103099517715208,17.094989149452523,16.683650588049804,1.0,1.0,1.0,1.0,1.0,1.0,1.0,1.0,1.0,1.0
42.0,1.0,0.0,0.0,0.0,0.0,0.0,0.0,0.0,0.0,0.0,0.0,0.0,0.0,0.0,0.0,0.0,0.0,0.0,0.0,0.0,0.0
42.25,2.0,18.771042443309234,20.371279214942717,21.169943396564573,22.040587663845223,21.729211537821417,20.155423467237714,19.68647534601143,18.206395437917344,18.02741199045024,17.511356424409286,1.0,1.0,1.0,1.0,1.0,1.0,1.0,1.0,1.0,1.0
42.5,3.0,15.353394196514907,14.357099158331103,15.786375696860729,17.01590154011391,16.091246289244783,15.841215999679678,15.736931756763829,16.62196406550785,17.010242083457044,16.72668099669855,1.0,1.0,1.0,1.0,1.0,1.0,1.0,1.0,1.0,1.0
42.75,4.0,0.0,0.0,0.0,0.0,0.0,0.0,0.0,0.0,0.0,0.0,0.0,0.0,0.0,0.0,0.0,0.0,0.0,0.0,0.0,0.0
43.0,1.0,15.993653678411864,16.4697488603489,18.48904790589112,18.56086912836339,18.64696225916764,18.52145379892395,18.801250359499544,18.224978140703882,18.99296143770961,18.81823699939495,1.0,1.0,1.0,1.0,1.0,1.0,1.0,1.0,1.0,1.0
43.25,2.0,19.849676267650963,20.204121198980353,20.526965979639673,21.724278582932246,21.846143984549858,20.657043782331755,19.19869039016413,16.998616935112977,16.989708785159777,15.95431756961055,1.0,1.0,1.0,1.0,1.0,1.0,1.0,1.0,1.0,1.0
43.5,3.0,0.0,0.0,0.0,0.0,0.0,0.0,0.0,0.0,0.0,0.0,0.0,0.0,0.0,0.0,0.0,0.0,0.0,0.0,0.0,0.0
43.75,4.0,16.213831667550547,15.721394120366327,16.47409463599444,18.006294934783654,16.90813441466556,17.21855951562033,16.468428384082756,16.190446541390354,16.20040408379911,16.871541082844484,1.0,1.0,1.0,1.0,1.0,1.0,1.0,1.0,1.0,1.0
44.0,1.0,17.74823455575769,18.298673518980355,19.331016040689175,20.259830449465,18.770293924251497,18.343093418692053,18.52402451476697,18.32690376631561,18.803557430633806,19.00619764393319,1.0,1.0,1.0,1.0,1.0,1.0,1.0,1.0,1.0,1.0
44.25,2.0,0.0,0.0,0.0,0.0,0.0,0.0,0.0,0.0,0.0,0.0,0.0,0.0,0.0,0.0,0.0,0.0,0.0,0.0,0.0,0.0
44.5,3.0,15.73574204129276,15.360103457037374,17.302167903922413,17.945376427228105,16.40228013970442,16.662161026469782,17.237305847517035,16.935106573443466,17.110294718086443,16.800964295395634,1.0,1.0,1.0,1.0,1.0,1.0,1.0,1.0,1.0,1.0
44.75,4.0,16.000717711463224,14.734982569656058,16.49420166322755,17.361504859827374,16.476526614802793,17.137995206608174,17.49466434338252,17.245729429548263,17.937542567618152,18.399431707277408,1.0,1.0,1.0,1.0,1.0,1.0,1.0,1.0,1.0,1.0
45.0,1.0,18.576434668521138,18.804171295810995,19.612510569655235,19.870686790563266,18.685546850231994,18.24690772606283,18.81658481959208,19.47198974070279,20.31973644715764,20.044017524004396,1.0,1.0,1.0,1.0,1.0,1.0,1.0,1.0,1.0,1.0
45.25,2.0,19.854634764404654,20.14984657384959,20.06616838772942,19.09825645945459,18.765060066722647,18.93608951530119,18.32098677404555,17.73352586377611,18.63655733397616,18.393270799157946,1.0,1.0,1.0,1.0,1.0,1.0,1.0,1.0,1.0,1.0
45.5,3.0,0.0,0.0,0.0,0.0,0.0,0.0,0.0,0.0,0.0,0.0,0.0,0.0,0.0,0.0,0.0,0.0,0.0,0.0,0.0,0.0
45.75,4.0,15.593963122644299,14.319582819011377,17.100180508206478,17.73935272689036,17.100351215419966,18.49125983330885,18.63058298658886,18.920315859413936,18.751189112978437,18.754911144717482,1.0,1.0,1.0,1.0,1.0,1.0,1.0,1.0,1.0,1.0
46.0,1.0,18.531418139719516,18.76995154448706,19.46418520077003,18.876131852173195,18.807043247600916,19.117753861367788,19.958099145597963,19.83751962548088,20.082379917316988,19.005251882952482,1.0,1.0,1.0,1.0,1.0,1.0,1.0,1.0,1.0,1.0
46.25,2.0,20.691026491462868,20.309416194939423,19.218966273391498,19.401404238786405,20.526243541830333,20.172324859768022,18.9098730508983,18.242553546608775,19.080363157493743,19.952061496919132,1.0,1.0,1.0,1.0,1.0,1.0,1.0,1.0,1.0,1.0
46.5,3.0,16.498911201696888,16.308522437789968,17.522034277091464,19.3753603147533,18.23605809414841,18.255613120018666,18.238687697622446,17.471392946338696,18.050817021169305,16.520402910800208,1.0,1.0,1.0,1.0,1.0,1.0,1.0,1.0,1.0,1.0
46.75,4.0,15.452385538794756,16.03261546993688,17.94704211186617,18.302466166837583,17.13572643296271,18.36693792856664,17.304444735358018,18.192502230706598,19.25608504790142,18.38508066638241,1.0,1.0,1.0,1.0,1.0,1.0,1.0,1.0,1.0,1.0
47.0,1.0,0.0,0.0,0.0,0.0,0.0,0.0,0.0,0.0,0.0,0.0,0.0,0.0,0.0,0.0,0.0,0.0,0.0,0.0,0.0,0.0
47.25,2.0,0.0,0.0,0.0,0.0,0.0,0.0,0.0,0.0,0.0,0.0,0.0,0.0,0.0,0.0,0.0,0.0,0.0,0.0,0.0,0.0
47.5,3.0,17.248080162353514,17.320601808300957,17.927589614533396,18.679772341497078,17.643452512106318,18.032128141481955,17.43147020434674,17.218557536504097,17.619168965419863,16.643626776286734,1.0,1.0,1.0,1.0,1.0,1.0,1.0,1.0,1.0,1.0
47.75,4.0,0.0,0.0,0.0,0.0,0.0,0.0,0.0,0.0,0.0,0.0,0.0,0.0,0.0,0.0,0.0,0.0,0.0,0.0,0.0,0.0
48.0,1.0,18.238489643495694,18.418432725433608,19.483346632290186,20.115282778132727,20.37943277057183,20.381868314976256,20.450884242304777,20.24426629109852,20.9188617494224,20.3391311074168,1.0,1.0,1.0,1.0,1.0,1.0,1.0,1.0,1.0,1.0
48.25,2.0,18.654723230430502,18.760749423647734,17.377961438492388,18.440281052735006,19.946293137943318,20.116536792683455,18.76301850326164,19.99470681342272,20.788487371359764,21.300089211021366,1.0,1.0,1.0,1.0,1.0,1.0,1.0,1.0,1.0,1.0
48.5,3.0,0.0,0.0,0.0,0.0,0.0,0.0,0.0,0.0,0.0,0.0,0.0,0.0,0.0,0.0,0.0,0.0,0.0,0.0,0.0,0.0
48.75,4.0,17.19445242853927,17.004095542342366,17.84581094953482,17.77470283167992,18.08655254148823,19.731981246994515,18.863454353660725,18.952552281071437,19.270301122801843,19.51423776634774,1.0,1.0,1.0,1.0,1.0,1.0,1.0,1.0,1.0,1.0
49.0,1.0,17.591918039105853,18.554795108662525,18.93395676523108,19.19559742263196,19.2472090799676,19.2148717984811,20.207963666159387,20.12940886536615,20.81562524650917,20.605164308186097,1.0,1.0,1.0,1.0,1.0,1.0,1.0,1.0,1.0,1.0
49.25,2.0,0.0,0.0,0.0,0.0,0.0,0.0,0.0,0.0,0.0,0.0,0.0,0.0,0.0,0.0,0.0,0.0,0.0,0.0,0.0,0.0
49.5,3.0,17.067142601527916,17.304079009685246,17.934178779231292,19.614189613667495,19.01506216768019,18.902470066288,18.41653342477429,17.581651897047326,18.523307115573047,18.467862470983864,1.0,1.0,1.0,1.0,1.0,1.0,1.0,1.0,1.0,1.0
49.75,4.0,17.524247640658277,16.752908851267367,18.69519291228379,18.995715097435184,19.870546852822567,19.83110294862188,18.895710260954207,19.191910789011587,19.903510216019278,20.497514318791744,1.0,1.0,1.0,1.0,1.0,1.0,1.0,1.0,1.0,1.0
50.0,1.0,0.0,0.0,0.0,0.0,0.0,0.0,0.0,0.0,0.0,0.0,0.0,0.0,0.0,0.0,0.0,0.0,0.0,0.0,0.0,0.0
50.25,2.0,18.04499519315071,18.785205348254276,17.156005819608254,19.397014595182224,20.07239719933513,19.12898012289633,19.23249154329981,19.955278979244873,20.93194844094223,19.86554889677562,1.0,1.0,1.0,1.0,1.0,1.0,1.0,1.0,1.0,1.0
50.5,3.0,0.0,0.0,0.0,0.0,0.0,0.0,0.0,0.0,0.0,0.0,0.0,0.0,0.0,0.0,0.0,0.0,0.0,0.0,0.0,0.0
50.75,4.0,0.0,0.0,0.0,0.0,0.0,0.0,0.0,0.0,0.0,0.0,0.0,0.0,0.0,0.0,0.0,0.0,0.0,0.0,0.0,0.0
51.0,1.0,17.341281638684634,17.29698232255191,19.099665479877775,19.070743478422187,19.8048955936318,18.80132671348771,18.5220843118308,18.363478369086526,18.760407386191247,18.668174514117172,1.0,1.0,1.0,1.0,1.0,1.0,1.0,1.0,1.0,1.0
51.25,2.0,19.25154595701937,18.595185879437636,18.44509969005157,19.534208568394853,19.262118154961772,19.12471673196333,18.164544093980535,18.31385359389339,19.208938223638565,17.87980354636089,1.0,1.0,1.0,1.0,1.0,1.0,1.0,1.0,1.0,1.0
51.5,3.0,0.0,0.0,0.0,0.0,0.0,0.0,0.0,0.0,0.0,0.0,0.0,0.0,0.0,0.0,0.0,0.0,0.0,0.0,0.0,0.0
51.75,4.0,18.519534202614647,18.992629901955475,19.639998096683136,19.719018979669393,19.750220298446806,20.360496747539738,19.98484390057341,20.777617425855507,21.097468192237713,21.358677098393354,1.0,1.0,1.0,1.0,1.0,1.0,1.0,1.0,1.0,1.0
52.0,1.0,19.28271317554881,18.395521634069244,19.279187530760577,20.036060186340645,19.762412934168072,19.524926473571274,18.268434702257753,19.226348429335072,19.615962911257977,19.298195469376058,1.0,1.0,1.0,1.0,1.0,1.0,1.0,1.0,1.0,1.0
52.25,2.0,0.0,0.0,0.0,0.0,0.0,0.0,0.0,0.0,0.0,0.0,0.0,0.0,0.0,0.0,0.0,0.0,0.0,0.0,0.0,0.0
52.5,3.0,16.690018610304683,16.882125517373936,18.655501214812514,19.813830480080533,20.276665915153693,19.3621268059628,19.98185185211606,19.01316046224601,18.718559570423256,18.15458895584871,1.0,1.0,1.0,1.0,1.0,1.0,1.0,1.0,1.0,1.0
52.75,4.0,18.73978356951839,19.08258591138084,19.120929127895813,18.57712565183102,19.775322508178878,20.69524238893627,20.46109757026129,21.356641296815546,21.230204040606544,21.394284043296658,1.0,1.0,1.0,1.0,1.0,1.0,1.0,1.0,1.0,1.0
53.0,1.0,19.003517876348162,17.617564045593202,19.739550991370795,19.699912069421124,19.527450513009086,19.794203448812283,18.5956978567839,19.751395704352685,19.061396934702152,18.434443160735924,1.0,1.0,1.0,1.0,1.0,1.0,1.0,1.0,1.0,1.0
53.25,2.0,19.168716054908437,16.748757221023475,17.21206689479299,17.588760028189835,18.38873624565002,17.577364382466314,16.64626630272977,16.335467173351688,16.99861049765385,17.03042680587926,1.0,1.0,1.0,1.0,1.0,1.0,1.0,1.0,1.0,1.0
53.5,3.0,0.0,0.0,0.0,0.0,0.0,0.0,0.0,0.0,0.0,0.0,0.0,0.0,0.0,0.0,0.0,0.0,0.0,0.0,0.0,0.0
53.75,4.0,19.335699291153027,19.378382249545854,17.98181356190261,18.028269338967263,20.36003809746986,20.93605885164911,20.127646701592845,20.683289449176225,20.26072809634009,20.53198088427143,1.0,1.0,1.0,1.0,1.0,1.0,1.0,1.0,1.0,1.0
54.0,1.0,19.507310557412225,17.995999106127847,20.542335825469294,20.26493267995614,20.29833708105213,20.38694415161944,19.316322739382198,19.921660334548626,19.082649909650556,18.24381694480928,1.0,1.0,1.0,1.0,1.0,1.0,1.0,1.0,1.0,1.0
54.25,2.0,0.0,0.0,0.0,0.0,0.0,0.0,0.0,0.0,0.0,0.0,0.0,0.0,0.0,0.0,0.0,0.0,0.0,0.0,0.0,0.0
54.5,3.0,18.16341850347472,18.706927135826387,18.63649440375016,19.968205942486502,19.36999718538657,19.48358050530836,18.419378520770856,17.47011537854036,18.25516174345634,19.638699491970087,1.0,1.0,1.0,1.0,1.0,1.0,1.0,1.0,1.0,1.0
54.75,4.0,19.75558568086119,19.145460505371197,17.67004132639638,17.8930671704665,19.819396431813697,19.8860670554334,19.463563533394584,20.47098959348718,21.12782914147099,21.926832272542086,1.0,1.0,1.0,1.0,1.0,1.0,1.0,1.0,1.0,1.0
55.0,1.0,0.0,0.0,0.0,0.0,0.0,0.0,0.0,0.0,0.0,0.0,0.0,0.0,0.0,0.0,0.0,0.0,0.0,0.0,0.0,0.0
55.25,2.0,0.0,0.0,0.0,0.0,0.0,0.0,0.0,0.0,0.0,0.0,0.0,0.0,0.0,0.0,0.0,0.0,0.0,0.0,0.0,0.0
55.5,3.0,18.81163681012426,20.066493032708742,19.693057595137414,20.127024763324343,19.74961338910019,19.083684294588757,18.651538278371255,18.14345709039049,18.51603204502412,18.740646175158414,1.0,1.0,1.0,1.0,1.0,1.0,1.0,1.0,1.0,1.0
55.75,4.0,0.0,0.0,0.0,0.0,0.0,0.0,0.0,0.0,0.0,0.0,0.0,0.0,0.0,0.0,0.0,0.0,0.0,0.0,0.0,0.0
56.0,1.0,18.329548938897027,17.94400846335411,19.742172423543103,19.397693709349774,21.052243380541736,20.8468015576223,19.196288999016506,18.562738840009864,18.00621425133233,18.237542855873855,1.0,1.0,1.0,1.0,1.0,1.0,1.0,1.0,1.0,1.0
56.25,2.0,18.01489909333736,17.633155223305504,17.563559760940965,16.396523129860103,16.596480899668318,16.335210797451207,16.204746808684746,15.997575069429207,16.600617153087676,16.511259311777476,1.0,1.0,1.0,1.0,1.0,1.0,1.0,1.0,1.0,1.0
56.5,3.0,0.0,0.0,0.0,0.0,0.0,0.0,0.0,0.0,0.0,0.0,0.0,0.0,0.0,0.0,0.0,0.0,0.0,0.0,0.0,0.0
56.75,4.0,19.65402122774695,18.652063171747976,18.453869364317523,19.15547810457616,20.404977025309996,20.59995549094824,19.978857433093875,21.286487707236052,21.133815563647428,22.265401912824576,1.0,1.0,1.0,1.0,1.0,1.0,1.0,1.0,1.0,1.0
57.0,1.0,18.421344158763148,17.228456339083515,18.82319298225844,19.34952013664798,20.663960195415616,19.965496774665073,18.347178488841408,17.125531584031123,17.961003472672015,18.033391321148567,1.0,1.0,1.0,1.0,1.0,1.0,1.0,1.0,1.0,1.0
57.25,2.0,0.0,0.0,0.0,0.0,0.0,0.0,0.0,0.0,0.0,0.0,0.0,0.0,0.0,0.0,0.0,0.0,0.0,0.0,0.0,0.0
57.5,3.0,18.444275620260925,19.329111391518577,20.188822877201915,19.981087249019804,19.638507005468508,18.58450571361969,19.41345229365501,17.73401691379852,16.338441315296432,16.465186410373885,1.0,1.0,1.0,1.0,1.0,1.0,1.0,1.0,1.0,1.0
57.75,4.0,20.049797435765058,19.572997380165386,18.903871276737707,19.450968336504282,20.987217978808108,21.1027114780196,21.487749456692786,21.191226671076137,21.530474167829496,21.876737441202277,1.0,1.0,1.0,1.0,1.0,1.0,1.0,1.0,1.0,1.0
58.0,1.0,0.0,0.0,0.0,0.0,0.0,0.0,0.0,0.0,0.0,0.0,0.0,0.0,0.0,0.0,0.0,0.0,0.0,0.0,0.0,0.0
58.25,2.0,18.050944921668258,15.592847258331878,16.44269147853265,17.75765459058305,17.700478335886242,16.94309932415989,16.419411977310855,15.593716950848647,14.94271007337785,14.761882020144913,1.0,1.0,1.0,1.0,1.0,1.0,1.0,1.0,1.0,1.0
58.5,3.0,0.0,0.0,0.0,0.0,0.0,0.0,0.0,0.0,0.0,0.0,0.0,0.0,0.0,0.0,0.0,0.0,0.0,0.0,0.0,0.0
58.75,4.0,0.0,0.0,0.0,0.0,0.0,0.0,0.0,0.0,0.0,0.0,0.0,0.0,0.0,0.0,0.0,0.0,0.0,0.0,0.0,0.0
59.0,1.0,19.09321667656884,18.65745889071325,20.82500466560444,19.676056913255376,18.40028651871813,17.44814928457167,16.93257817562497,17.262289073181975,19.23690898510147,20.34787363035322,1.0,1.0,1.0,1.0,1.0,1.0,1.0,1.0,1.0,1.0
59.25,2.0,16.79308787269979,15.572388059255827,16.788201853732563,17.524833585818445,18.27947075340927,17.33690951413176,16.811047998709174,15.259286986430888,16.36082267887631,15.372469917382931,1.0,1.0,1.0,1.0,1.0,1.0,1.0,1.0,1.0,1.0
59.5,3.0,0.0,0.0,0.0,0.0,0.0,0.0,0.0,0.0,0.0,0.0,0.0,0.0,0.0,0.0,0.0,0.0,0.0,0.0,0.0,0.0
59.75,4.0,19.863427179510005,18.983203083354272,19.970518806944078,20.55708886060514,21.35975928278575,20.74669292053635,20.7113099895203,21.085190417120376,21.49581625144629,21.45974668661646,1.0,1.0,1.0,1.0,1.0,1.0,1.0,1.0,1.0,1.0
60.0,1.0,18.984369228968845,19.819733856153995,20.489841727633856,20.01759484222505,18.24508141075773,17.044668925782563,18.074624786367817,18.299945192921975,19.59802935760461,20.47882647292101,1.0,1.0,1.0,1.0,1.0,1.0,1.0,1.0,1.0,1.0
60.25,2.0,0.0,0.0,0.0,0.0,0.0,0.0,0.0,0.0,0.0,0.0,0.0,0.0,0.0,0.0,0.0,0.0,0.0,0.0,0.0,0.0
60.5,3.0,19.51419508860988,19.99522660780133,19.497761024045154,18.99927390674715,19.145157385022536,18.81203988077709,18.038990540580244,18.057253143467793,18.099555598168358,17.712976290243546,1.0,1.0,1.0,1.0,1.0,1.0,1.0,1.0,1.0,1.0
60.75,4.0,18.892543852583863,18.081513148013045,20.180057314353334,20.28930543982264,20.50384648305672,20.904644894293067,20.470359594333605,20.929346347532423,20.51211438228919,21.201063552958388,1.0,1.0,1.0,1.0,1.0,1.0,1.0,1.0,1.0,1.0
61.0,1.0,19.531862530860533,20.332618182965067,19.8078169808114,19.169412292766516,17.688540963190068,18.41544481091247,18.882607318525164,19.462656733675086,19.401134976965324,20.313676824421638,1.0,1.0,1.0,1.0,1.0,1.0,1.0,1.0,1.0,1.0
61.25,2.0,16.49527568272306,16.98198173241992,17.06413384808606,16.421812186970246,17.25259919177645,17.948832359545708,17.474718563128825,16.752030657558247,16.274366445698806,15.544651104459227,1.0,1.0,1.0,1.0,1.0,1.0,1.0,1.0,1.0,1.0
61.5,3.0,0.0,0.0,0.0,0.0,0.0,0.0,0.0,0.0,0.0,0.0,0.0,0.0,0.0,0.0,0.0,0.0,0.0,0.0,0.0,0.0
61.75,4.0,18.86338170228075,18.767667145831542,19.46691683886698,20.148115072088757,21.853320941882224,21.136540664174174,20.706423286435804,20.741621452040125,20.54453250157185,20.991663611666215,1.0,1.0,1.0,1.0,1.0,1.0,1.0,1.0,1.0,1.0
62.0,1.0,20.671959021264257,20.490603934967986,19.933891355464716,20.147529443425427,18.58366697380896,18.29010375531459,18.178420748509147,19.218953658946074,19.101673505484634,20.009029003445068,1.0,1.0,1.0,1.0,1.0,1.0,1.0,1.0,1.0,1.0
62.25,2.0,0.0,0.0,0.0,0.0,0.0,0.0,0.0,0.0,0.0,0.0,0.0,0.0,0.0,0.0,0.0,0.0,0.0,0.0,0.0,0.0
62.5,3.0,19.369717186819436,17.836308470805474,19.348524291310163,19.57864265000287,19.007090746734157,19.124896164643232,19.58661036470616,19.580897631011073,19.50513401450513,19.223389102954933,1.0,1.0,1.0,1.0,1.0,1.0,1.0,1.0,1.0,1.0
62.75,4.0,18.96949775453967,19.549806059615648,19.675146910713217,20.736113794506625,20.887926790937595,21.171069363087252,20.70601723239777,21.012191957689488,21.14244137625128,21.359634634238862,1.0,1.0,1.0,1.0,1.0,1.0,1.0,1.0,1.0,1.0
63.0,1.0,0.0,0.0,0.0,0.0,0.0,0.0,0.0,0.0,0.0,0.0,0.0,0.0,0.0,0.0,0.0,0.0,0.0,0.0,0.0,0.0
63.25,2.0,0.0,0.0,0.0,0.0,0.0,0.0,0.0,0.0,0.0,0.0,0.0,0.0,0.0,0.0,0.0,0.0,0.0,0.0,0.0,0.0
63.5,3.0,18.928557102699834,18.862251900658492,19.640869077838364,18.637583276192657,16.627203464378443,18.28244749397178,19.47469631776072,19.031545051299776,19.66496280357079,19.11146075408185,1.0,1.0,1.0,1.0,1.0,1.0,1.0,1.0,1.0,1.0
63.75,4.0,0.0,0.0,0.0,0.0,0.0,0.0,0.0,0.0,0.0,0.0,0.0,0.0,0.0,0.0,0.0,0.0,0.0,0.0,0.0,0.0
64.0,1.0,20.074334240084653,20.756323898661773,21.867521730941085,21.94478392356741,20.598977314176516,20.044166936108503,18.974035820617253,19.475937241708817,19.508647615701207,20.3177623142612,1.0,1.0,1.0,1.0,1.0,1.0,1.0,1.0,1.0,1.0
64.25,2.0,16.014446789756512,16.0089278075057,16.834820410219322,17.14318791205833,17.261650947088825,17.37325865000742,17.474096690708677,17.36619191426715,17.088848866088668,16.973898809162314,1.0,1.0,1.0,1.0,1.0,1.0,1.0,1.0,1.0,1.0
64.5,3.0,0.0,0.0,0.0,0.0,0.0,0.0,0.0,0.0,0.0,0.0,0.0,0.0,0.0,0.0,0.0,0.0,0.0,0.0,0.0,0.0
64.75,4.0,19.558979344281685,20.407460005929767,19.460294421541317,20.811595080088534,21.715614424860718,21.66127864224589,20.082443868287708,20.271737919895855,20.571169615839384,21.91440173913842,1.0,1.0,1.0,1.0,1.0,1.0,1.0,1.0,1.0,1.0
65.0,1.0,20.871022005807674,23.04308560824677,22.821870840681033,22.06435283902011,20.980045610467037,20.091375962321923,20.379876251777524,20.321897824448662,21.439906628531414,21.195752360018357,1.0,1.0,1.0,1.0,1.0,1.0,1.0,1.0,1.0,1.0
65.25,2.0,0.0,0.0,0.0,0.0,0.0,0.0,0.0,0.0,0.0,0.0,0.0,0.0,0.0,0.0,0.0,0.0,0.0,0.0,0.0,0.0
65.5,3.0,19.709829762703173,17.747317605719964,18.658918624723313,18.633839563637423,19.526722889212547,19.987915026482646,20.77739029717422,18.339240055622202,17.897026046930897,17.26173520129892,1.0,1.0,1.0,1.0,1.0,1.0,1.0,1.0,1.0,1.0
65.75,4.0,20.371539996969172,19.947274165985938,19.179150225990387,21.004919194038976,20.18073462364491,20.497285891485312,20.227156211210012,21.057945878662142,21.527642181084207,22.167039989877384,1.0,1.0,1.0,1.0,1.0,1.0,1.0,1.0,1.0,1.0
66.0,1.0,0.0,0.0,0.0,0.0,0.0,0.0,0.0,0.0,0.0,0.0,0.0,0.0,0.0,0.0,0.0,0.0,0.0,0.0,0.0,0.0
66.25,2.0,16.590904760923017,18.18448423849735,18.670416619659985,18.51597078682844,18.559936102509944,19.21762020743516,19.422558800137374,17.93641003016479,18.17878675966588,17.371615095576832,1.0,1.0,1.0,1.0,1.0,1.0,1.0,1.0,1.0,1.0
66.5,3.0,0.0,0.0,0.0,0.0,0.0,0.0,0.0,0.0,0.0,0.0,0.0,0.0,0.0,0.0,0.0,0.0,0.0,0.0,0.0,0.0
66.75,4.0,0.0,0.0,0.0,0.0,0.0,0.0,0.0,0.0,0.0,0.0,0.0,0.0,0.0,0.0,0.0,0.0,0.0,0.0,0.0,0.0
67.0,1.0,22.893895291595975,23.191887856127043,21.76129751019841,21.337655017732505,19.949111134419805,20.234624598163663,21.26347683182097,22.34117393163349,23.20721053833526,22.050704520040117,1.0,1.0,1.0,1.0,1.0,1.0,1.0,1.0,1.0,1.0
67.25,2.0,17.318186759324266,18.612384282153698,17.787069026726336,17.85320003026377,18.053342346869382,18.78211987877027,18.000927816970982,16.722153591238673,16.288862478279476,16.11191629526303,1.0,1.0,1.0,1.0,1.0,1.0,1.0,1.0,1.0,1.0
67.5,3.0,19.022102508500673,17.424464812892552,19.903679361187322,20.429881926274415,18.105524735348688,18.5034891765547,18.572679737824924,17.788162626304505,17.474318795556226,17.10631362385472,1.0,1.0,1.0,1.0,1.0,1.0,1.0,1.0,1.0,1.0
67.75,4.0,20.414760702953792,18.576069827166823,19.64046963687384,19.404201642035797,19.233488000225396,19.650653534707264,19.950658737292407,20.034975924326393,20.325065876217273,20.9847604956065,1.0,1.0,1.0,1.0,1.0,1.0,1.0,1.0,1.0,1.0
68.0,1.0,23.21808383239503,22.93152318595965,21.14407512518583,21.248232356100754,20.375061995091876,20.879161623060213,21.112294854546857,21.559354239007863,21.65553870057801,20.95220932071059,1.0,1.0,1.0,1.0,1.0,1.0,1.0,1.0,1.0,1.0
68.25,2.0,0.0,0.0,0.0,0.0,0.0,0.0,0.0,0.0,0.0,0.0,0.0,0.0,0.0,0.0,0.0,0.0,0.0,0.0,0.0,0.0
68.5,3.0,18.034285372880564,17.75599266720484,18.994281764678746,18.307455421379068,18.070971088284136,18.728895441114066,19.29641784962214,18.273858083737387,18.240571780273434,17.34354194443304,1.0,1.0,1.0,1.0,1.0,1.0,1.0,1.0,1.0,1.0
68.75,4.0,20.803112037722347,19.571791731493374,20.160903052474712,18.732239630865116,18.466074137456808,19.213289049837332,19.290028212904826,19.829146767798104,20.135936357507248,20.71526985093209,1.0,1.0,1.0,1.0,1.0,1.0,1.0,1.0,1.0,1.0
69.0,1.0,22.157256222091203,22.76922015232005,21.688963153351125,21.61769021562277,20.530691209419203,21.426707894236447,20.71270279188707,21.28125761876729,19.70754447535145,18.612048576504787,1.0,1.0,1.0,1.0,1.0,1.0,1.0,1.0,1.0,1.0
69.25,2.0,16.70814648600911,17.416571657548666,19.971012773291786,19.380526312437194,17.09698513156185,18.100488498673013,18.445187884924668,17.703287240858817,17.691164388265786,17.091410414417822,1.0,1.0,1.0,1.0,1.0,1.0,1.0,1.0,1.0,1.0
69.5,3.0,0.0,0.0,0.0,0.0,0.0,0.0,0.0,0.0,0.0,0.0,0.0,0.0,0.0,0.0,0.0,0.0,0.0,0.0,0.0,0.0
69.75,4.0,20.133561880552694,20.222534843292884,19.041450344771512,17.602649825239617,18.57833534871749,18.673304807497782,18.351556523222435,18.74199715530945,18.972865403476703,20.852483831051742,1.0,1.0,1.0,1.0,1.0,1.0,1.0,1.0,1.0,1.0
70.0,1.0,21.688913416246958,22.322070249988307,20.596967425298132,19.58165443015947,19.784505515019557,20.334962942522697,19.090568148527453,19.101059288214852,18.030723228086963,17.641767694086276,1.0,1.0,1.0,1.0,1.0,1.0,1.0,1.0,1.0,1.0
70.25,2.0,0.0,0.0,0.0,0.0,0.0,0.0,0.0,0.0,0.0,0.0,0.0,0.0,0.0,0.0,0.0,0.0,0.0,0.0,0.0,0.0
70.5,3.0,17.311419919517242,18.0835795545953,17.997230875821668,16.429197447698172,17.910811259369325,18.35204553093817,20.134269565754373,19.30262948960054,19.839680382220358,19.596327956585785,1.0,1.0,1.0,1.0,1.0,1.0,1.0,1.0,1.0,1.0
70.75,4.0,19.62211324038663,19.434669341086966,18.238450694877244,17.859566481781204,18.61006484172004,19.83193975000267,19.88763603650755,19.747101105226857,20.48349071370115,20.949137583769804,1.0,1.0,1.0,1.0,1.0,1.0,1.0,1.0,1.0,1.0
71.0,1.0,0.0,0.0,0.0,0.0,0.0,0.0,0.0,0.0,0.0,0.0,0.0,0.0,0.0,0.0,0.0,0.0,0.0,0.0,0.0,0.0
71.25,2.0,18.446922718565336,19.787728820202144,19.8842242288575,18.01040059970772,17.39875101350374,17.371347277695126,18.228506216220335,17.247875183522172,17.91457449743467,17.241385220815545,1.0,1.0,1.0,1.0,1.0,1.0,1.0,1.0,1.0,1.0
71.5,3.0,18.271412038402936,18.176054219368318,16.722333992157186,16.728041840350816,17.97549206906048,18.854711079226767,19.884791642883403,20.210474789623973,19.690931596848056,19.238891133292242,1.0,1.0,1.0,1.0,1.0,1.0,1.0,1.0,1.0,1.0
71.75,4.0,0.0,0.0,0.0,0.0,0.0,0.0,0.0,0.0,0.0,0.0,0.0,0.0,0.0,0.0,0.0,0.0,0.0,0.0,0.0,0.0
72.0,1.0,20.538077459922782,19.76912576788725,18.192492205426525,19.243122282576685,20.112785082207324,18.826213557628872,18.349612630235622,17.90808032635251,17.602026859977123,16.982189468469244,1.0,1.0,1.0,1.0,1.0,1.0,1.0,1.0,1.0,1.0
72.25,2.0,17.38885143266724,18.997002269846103,18.354306753885687,17.86919243065966,16.02769543371054,15.888956048308726,17.234900879986153,16.559431976771737,16.93085894902154,17.397729986542362,1.0,1.0,1.0,1.0,1.0,1.0,1.0,1.0,1.0,1.0
72.5,3.0,0.0,0.0,0.0,0.0,0.0,0.0,0.0,0.0,0.0,0.0,0.0,0.0,0.0,0.0,0.0,0.0,0.0,0.0,0.0,0.0
72.75,4.0,18.98250942847353,18.877044424405454,20.72874241275514,19.623770976120788,19.360020901586978,20.252883631564835,19.456823194751117,19.313445117456517,19.9589934359787,19.7168328624058,1.0,1.0,1.0,1.0,1.0,1.0,1.0,1.0,1.0,1.0
73.0,1.0,18.29262449263541,17.366880774055108,17.163207448126773,17.276813284891585,19.18761522981768,19.098654635338523,17.819525938800567,18.136383308016292,17.149049253897072,16.9930617122127,1.0,1.0,1.0,1.0,1.0,1.0,1.0,1.0,1.0,1.0
73.25,2.0,0.0,0.0,0.0,0.0,0.0,0.0,0.0,0.0,0.0,0.0,0.0,0.0,0.0,0.0,0.0,0.0,0.0,0.0,0.0,0.0
73.5,3.0,18.452400230702562,17.651899761857074,17.163839265168285,17.217080922165056,20.086382206858264,20.063898907584736,19.919914977193486,18.818111154160484,17.640610523865085,16.29377465318339,1.0,1.0,1.0,1.0,1.0,1.0,1.0,1.0,1.0,1.0
73.75,4.0,19.714459569513288,20.34439063313479,20.612310297067225,19.901383116226192,19.26875361980831,19.804671091538626,19.77119987711272,19.488730588256015,18.8685771468782,18.432214153810477,1.0,1.0,1.0,1.0,1.0,1.0,1.0,1.0,1.0,1.0
74.0,1.0,17.501882138804877,17.42378041840735,16.897243271762825,18.027974016746324,19.749425427794773,18.86734077334062,17.866810971718277,17.406041892750725,17.28704737077317,17.29864441786527,1.0,1.0,1.0,1.0,1.0,1.0,1.0,1.0,1.0,1.0
74.25,2.0,17.080882827949704,17.699397658750172,18.32505950577999,18.650584866005417,18.370389574329636,17.74165676025007,16.934455855371883,16.392887975377327,16.464679066773698,17.465810560898017,1.0,1.0,1.0,1.0,1.0,1.0,1.0,1.0,1.0,1.0
74.5,3.0,0.0,0.0,0.0,0.0,0.0,0.0,0.0,0.0,0.0,0.0,0.0,0.0,0.0,0.0,0.0,0.0,0.0,0.0,0.0,0.0
74.75,4.0,0.0,0.0,0.0,0.0,0.0,0.0,0.0,0.0,0.0,0.0,0.0,0.0,0.0,0.0,0.0,0.0,0.0,0.0,0.0,0.0
75.0,1.0,17.76134113722457,17.45126093249714,17.341795373814573,18.555807969576545,19.17687452065651,18.111363310199106,17.913665564962837,16.937557222915366,16.462292264475025,16.883885025173555,1.0,1.0,1.0,1.0,1.0,1.0,1.0,1.0,1.0,1.0
75.25,2.0,17.35838794312958,18.586344273681554,19.846249173044534,19.590141324935892,18.60855672526732,17.924104116538512,16.862338753656175,16.44945142035656,16.113431451996235,17.030976308490626,1.0,1.0,1.0,1.0,1.0,1.0,1.0,1.0,1.0,1.0
75.5,3.0,18.8630639323227,18.383733805549152,18.363938527087043,19.216671495271665,19.69909553384957,19.387491264551507,18.881446025914006,16.413403270120206,15.768433683587537,14.89631019488743,1.0,1.0,1.0,1.0,1.0,1.0,1.0,1.0,1.0,1.0
75.75,4.0,20.583633482787786,19.917260998162444,20.254567317842206,19.30609275339318,19.52349077224737,18.23833568314475,17.988850260375212,17.404470529038296,17.3019586886245,18.763350320963628,1.0,1.0,1.0,1.0,1.0,1.0,1.0,1.0,1.0,1.0
76.0,1.0,17.676664100182876,17.105626745725875,17.73670307807465,19.93133760028304,19.727864276782604,18.724234462243814,18.92578726548558,18.831567733185754,18.898718617966445,19.10230701069637,1.0,1.0,1.0,1.0,1.0,1.0,1.0,1.0,1.0,1.0
76.25,2.0,0.0,0.0,0.0,0.0,0.0,0.0,0.0,0.0,0.0,0.0,0.0,0.0,0.0,0.0,0.0,0.0,0.0,0.0,0.0,0.0
76.5,3.0,18.349553039152436,18.667697158858854,19.029997252540984,19.96098607539981,20.198254271459092,19.057005912856745,18.49918451676715,16.18997360653969,16.542984507031573,16.009326039904423,1.0,1.0,1.0,1.0,1.0,1.0,1.0,1.0,1.0,1.0
76.75,4.0,20.027069224547084,19.177497032247427,19.359698029503953,17.86212968172332,19.291811583271652,18.384263346891007,18.124827891728454,17.774706965056723,18.559530407535423,19.564660524911623,1.0,1.0,1.0,1.0,1.0,1.0,1.0,1.0,1.0,1.0
77.0,1.0,16.459821099603325,16.631920808049465,18.733824789535795,19.217703892958767,18.78264704400446,18.50968198300733,19.55829895028042,18.982019775855164,19.723770483486152,19.639447563219278,1.0,1.0,1.0,1.0,1.0,1.0,1.0,1.0,1.0,1.0
77.25,2.0,19.506019047351728,20.674557203436333,20.40210971191802,19.42012368085978,18.1600481973343,17.62243345514417,17.239641112813253,16.786533720882037,16.52268501792094,16.239653046850197,1.0,1.0,1.0,1.0,1.0,1.0,1.0,1.0,1.0,1.0
77.5,3.0,0.0,0.0,0.0,0.0,0.0,0.0,0.0,0.0,0.0,0.0,0.0,0.0,0.0,0.0,0.0,0.0,0.0,0.0,0.0,0.0
77.75,4.0,19.541576236342276,19.678615073349846,18.870118822361263,17.72693942237622,18.955731192956637,18.003459585202076,18.307753300128063,18.49538468426645,18.236635271243966,19.17074166923293,1.0,1.0,1.0,1.0,1.0,1.0,1.0,1.0,1.0,1.0
78.0,1.0,16.213386095761724,17.014713929993697,18.350981740860238,19.241674296578694,18.86116177962429,18.94781693760352,19.31212024300089,19.84893576122421,19.851370770346875,19.92913843505703,1.0,1.0,1.0,1.0,1.0,1.0,1.0,1.0,1.0,1.0
78.25,2.0,0.0,0.0,0.0,0.0,0.0,0.0,0.0,0.0,0.0,0.0,0.0,0.0,0.0,0.0,0.0,0.0,0.0,0.0,0.0,0.0
78.5,3.0,19.54583082980031,18.83743722679844,19.130832237678767,19.474631477428808,18.635653346989542,18.862184995963787,18.866579049069554,17.782468669011028,17.77183079746109,16.7359724141523,1.0,1.0,1.0,1.0,1.0,1.0,1.0,1.0,1.0,1.0
78.75,4.0,20.46349129324488,20.579943785164364,19.5973199679472,19.34140937072815,19.589980686618684,18.06810812590393,17.998137067752218,17.82824614942412,17.70228067656465,17.727724517677903,1.0,1.0,1.0,1.0,1.0,1.0,1.0,1.0,1.0,1.0
79.0,1.0,0.0,0.0,0.0,0.0,0.0,0.0,0.0,0.0,0.0,0.0,0.0,0.0,0.0,0.0,0.0,0.0,0.0,0.0,0.0,0.0
79.25,2.0,20.53232913382568,20.98683531062235,18.910840924324877,17.753996517211053,16.227545295325633,14.965284484681641,15.322693733249748,16.143191006844777,17.129768984775314,16.86986073112925,1.0,1.0,1.0,1.0,1.0,1.0,1.0,1.0,1.0,1.0
79.5,3.0,18.596876002688376,17.58447523959825,19.551540631638897,18.819665748526,17.969867524503343,18.394585336725157,17.223656379597042,16.12069159776137,16.333321397733826,15.866599250191399,1.0,1.0,1.0,1.0,1.0,1.0,1.0,1.0,1.0,1.0
79.75,4.0,0.0,0.0,0.0,0.0,0.0,0.0,0.0,0.0,0.0,0.0,0.0,0.0,0.0,0.0,0.0,0.0,0.0,0.0,0.0,0.0
80.0,1.0,17.911182025121885,18.217697997611776,18.552066827886897,19.64536582538258,19.949235872709412,19.623223852472,20.062924425931616,19.39819783177579,18.151894437019827,19.232419358599753,1.0,1.0,1.0,1.0,1.0,1.0,1.0,1.0,1.0,1.0
80.25,2.0,20.484909680147524,20.77685040333447,18.564946605575553,18.047033471261884,15.77510958264863,16.450286652740616,16.944068809453103,17.42152007205564,16.822101688268067,16.49579300682595,1.0,1.0,1.0,1.0,1.0,1.0,1.0,1.0,1.0,1.0
80.5,3.0,0.0,0.0,0.0,0.0,0.0,0.0,0.0,0.0,0.0,0.0,0.0,0.0,0.0,0.0,0.0,0.0,0.0,0.0,0.0,0.0
80.75,4.0,21.711719340950268,20.447383276246583,17.650144051051754,17.14627345248646,16.935684170258625,16.60768521331811,17.57042755843457,16.29442755854066,15.825248990317831,16.153660319827893,1.0,1.0,1.0,1.0,1.0,1.0,1.0,1.0,1.0,1.0
81.0,1.0,19.167176212099037,18.817677798030875,18.76686747280891,18.85351746696407,20.243263201052198,18.55669637215487,19.42129717265203,18.790736581048247,19.006838233297824,20.812206590442297,1.0,1.0,1.0,1.0,1.0,1.0,1.0,1.0,1.0,1.0
81.25,2.0,0.0,0.0,0.0,0.0,0.0,0.0,0.0,0.0,0.0,0.0,0.0,0.0,0.0,0.0,0.0,0.0,0.0,0.0,0.0,0.0
81.5,3.0,17.75156120831197,18.494623693224913,19.436588689087056,17.746775823327805,17.211308933668345,17.56479390595337,17.031475583771368,16.03681395468544,15.850260541371838,15.10723687253977,1.0,1.0,1.0,1.0,1.0,1.0,1.0,1.0,1.0,1.0
81.75,4.0,20.81855153496104,19.491889444958105,16.550990945864257,16.355177566645107,17.280650613823656,16.591492265871572,16.199486655358314,14.941012130129034,13.685635396776755,14.523830284802395,1.0,1.0,1.0,1.0,1.0,1.0,1.0,1.0,1.0,1.0
82.0,1.0,18.49254643102121,19.23526168406862,18.580050489983524,19.57560690122082,19.076209837078697,17.47580893745247,18.66318771616408,18.41775366130924,19.726541786113415,20.752949216245355,1.0,1.0,1.0,1.0,1.0,1.0,1.0,1.0,1.0,1.0
82.25,2.0,19.447799134678146,19.30201190192768,16.28020251676858,15.500242576531653,15.754760699285,16.43435322925039,16.747645864589526,17.314511188336805,17.032754574432932,16.764156386170132,1.0,1.0,1.0,1.0,1.0,1.0,1.0,1.0,1.0,1.0
82.5,3.0,0.0,0.0,0.0,0.0,0.0,0.0,0.0,0.0,0.0,0.0,0.0,0.0,0.0,0.0,0.0,0.0,0.0,0.0,0.0,0.0
82.75,4.0,20.003542313799922,18.67383058949535,16.617078559335525,15.708545029964244,17.50647939690759,16.692674316173402,16.51079551861603,15.117627954991573,15.06593259675296,15.30500103406511,1.0,1.0,1.0,1.0,1.0,1.0,1.0,1.0,1.0,1.0
83.0,1.0,19.25744972174668,19.504057111759813,18.552697216735147,19.270755265619798,18.98979501739704,18.807992908006067,20.083372945272473,19.68167092226856,20.20641785490677,20.498133350217355,1.0,1.0,1.0,1.0,1.0,1.0,1.0,1.0,1.0,1.0
83.25,2.0,18.509121725818552,17.703008677805922,15.527184145444652,14.964628459661812,16.30824459420802,17.461189160927457,18.23269632387669,17.931055599655487,17.794074547878473,17.33976557246935,1.0,1.0,1.0,1.0,1.0,1.0,1.0,1.0,1.0,1.0
83.5,3.0,19.104954442078313,19.019763932471125,17.751196449509933,15.792607807167299,17.572925179837856,16.68736848233836,15.949058281615459,14.748969521245042,14.381058211553173,13.198667344856423,1.0,1.0,1.0,1.0,1.0,1.0,1.0,1.0,1.0,1.0
83.75,4.0,20.522654105596263,18.582491752047595,16.81957759616195,16.067564021216022,18.379330083741063,17.256270597652463,17.123946831408603,15.620922107220501,14.614256657674614,15.031946368980254,1.0,1.0,1.0,1.0,1.0,1.0,1.0,1.0,1.0,1.0
84.0,1.0,0.0,0.0,0.0,0.0,0.0,0.0,0.0,0.0,0.0,0.0,0.0,0.0,0.0,0.0,0.0,0.0,0.0,0.0,0.0,0.0
84.25,2.0,0.0,0.0,0.0,0.0,0.0,0.0,0.0,0.0,0.0,0.0,0.0,0.0,0.0,0.0,0.0,0.0,0.0,0.0,0.0,0.0
84.5,3.0,18.877997275475614,17.780782578643088,15.091585818564266,15.284470602572021,16.365864615580335,15.887820013565372,14.968895667861023,14.632942733606178,14.966881274668852,14.331228268428532,1.0,1.0,1.0,1.0,1.0,1.0,1.0,1.0,1.0,1.0
84.75,4.0,0.0,0.0,0.0,0.0,0.0,0.0,0.0,0.0,0.0,0.0,0.0,0.0,0.0,0.0,0.0,0.0,0.0,0.0,0.0,0.0
85.0,1.0,18.477594193502792,19.039000515285874,19.824999904326084,20.860038766620924,20.289950806774364,20.423067049692246,21.600323078316674,21.339101889987013,20.838479336834254,19.57273260608272,1.0,1.0,1.0,1.0,1.0,1.0,1.0,1.0,1.0,1.0
85.25,2.0,17.32708935117954,15.883053213530413,15.145549636295547,15.79424395148151,17.48318336815859,17.637880983961743,17.728820157657445,16.99128684230976,16.830978856329057,15.958914331687817,1.0,1.0,1.0,1.0,1.0,1.0,1.0,1.0,1.0,1.0
85.5,3.0,0.0,0.0,0.0,0.0,0.0,0.0,0.0,0.0,0.0,0.0,0.0,0.0,0.0,0.0,0.0,0.0,0.0,0.0,0.0,0.0
85.75,4.0,19.44679639343106,17.04591270265478,17.37083018918883,16.97386907052102,15.916144986620761,15.480795154782731,15.530424496388124,15.216832369726829,16.164838249569737,16.920767753565695,1.0,1.0,1.0,1.0,1.0,1.0,1.0,1.0,1.0,1.0
86.0,1.0,18.738387770077296,19.336202669043224,20.311820544525673,21.194172154994,21.14608055795837,20.29472031163575,21.403193981557564,20.268739316132518,19.839532466049135,20.009579772634197,1.0,1.0,1.0,1.0,1.0,1.0,1.0,1.0,1.0,1.0
86.25,2.0,0.0,0.0,0.0,0.0,0.0,0.0,0.0,0.0,0.0,0.0,0.0,0.0,0.0,0.0,0.0,0.0,0.0,0.0,0.0,0.0
86.5,3.0,16.380717873913476,15.2319232570462,15.739169091387499,15.559997971002185,15.89589642396902,15.33147360091453,15.526945568351737,15.202827607327839,15.44895437055563,16.41252442374449,1.0,1.0,1.0,1.0,1.0,1.0,1.0,1.0,1.0,1.0
86.75,4.0,18.638171039718408,17.397055250508064,17.74265244680096,16.241332532808872,16.708999000625113,16.517284348253305,16.772465958813704,16.81945600218618,17.6089864872321,17.164555619301343,1.0,1.0,1.0,1.0,1.0,1.0,1.0,1.0,1.0,1.0
87.0,1.0,0.0,0.0,0.0,0.0,0.0,0.0,0.0,0.0,0.0,0.0,0.0,0.0,0.0,0.0,0.0,0.0,0.0,0.0,0.0,0.0
87.25,2.0,16.2364801889769,16.783587272467138,16.197356088545362,16.618405658278597,17.442479764207043,17.059660489706193,16.697283669682022,16.501286185287956,16.02803210994844,15.725903408023903,1.0,1.0,1.0,1.0,1.0,1.0,1.0,1.0,1.0,1.0
87.5,3.0,0.0,0.0,0.0,0.0,0.0,0.0,0.0,0.0,0.0,0.0,0.0,0.0,0.0,0.0,0.0,0.0,0.0,0.0,0.0,0.0
87.75,4.0,0.0,0.0,0.0,0.0,0.0,0.0,0.0,0.0,0.0,0.0,0.0,0.0,0.0,0.0,0.0,0.0,0.0,0.0,0.0,0.0
88.0,1.0,18.90127095414363,19.137605965558024,18.903893275531665,20.219000874662886,20.432294542463247,20.128520680966158,20.73514113245309,21.29669572563274,20.791924059844053,19.591957003735352,1.0,1.0,1.0,1.0,1.0,1.0,1.0,1.0,1.0,1.0
88.25,2.0,17.64119152264152,18.324567226516862,16.773397740464183,17.313124564629888,17.9866714885225,17.626611990013604,17.33060623606216,16.57332422152909,15.906331956280662,16.045346822481047,1.0,1.0,1.0,1.0,1.0,1.0,1.0,1.0,1.0,1.0
88.5,3.0,0.0,0.0,0.0,0.0,0.0,0.0,0.0,0.0,0.0,0.0,0.0,0.0,0.0,0.0,0.0,0.0,0.0,0.0,0.0,0.0
88.75,4.0,19.142245554180594,17.609711492939272,16.987177412969675,16.645218715484297,17.50957275077119,16.697639926648506,16.67036538026825,16.786608653454955,16.73048077815521,15.98840017114302,1.0,1.0,1.0,1.0,1.0,1.0,1.0,1.0,1.0,1.0
89.0,1.0,18.517945663449474,19.013432776101254,17.924615264013834,18.431165902843127,18.509462954516685,18.53531368151326,19.99735563183261,20.298630182367532,19.683641761698883,19.062000753063547,1.0,1.0,1.0,1.0,1.0,1.0,1.0,1.0,1.0,1.0
89.25,2.0,0.0,0.0,0.0,0.0,0.0,0.0,0.0,0.0,0.0,0.0,0.0,0.0,0.0,0.0,0.0,0.0,0.0,0.0,0.0,0.0
89.5,3.0,18.826421301236078,18.064146320534093,17.206818191421643,16.449201246704003,17.32911021554983,16.988095560433038,17.163777320269592,17.332025423631926,17.41776348374747,17.453028906221423,1.0,1.0,1.0,1.0,1.0,1.0,1.0,1.0,1.0,1.0
89.75,4.0,17.53818832722091,16.350575574827438,16.8348382516936,16.620070266891137,17.589804788888433,17.031715852446723,16.651697491394227,17.05249361456685,17.01360291243221,16.60425623971251,1.0,1.0,1.0,1.0,1.0,1.0,1.0,1.0,1.0,1.0
90.0,1.0,18.46137351549161,18.664553616270062,18.120056241004285,17.866084258083447,18.251278144585957,18.838235749644873,19.669352719073004,20.304704042739175,20.11038330302028,18.666893234017877,1.0,1.0,1.0,1.0,1.0,1.0,1.0,1.0,1.0,1.0
90.25,2.0,19.827104153377118,20.265939174377802,19.671240524013918,18.810112258510276,18.192143625708976,17.300394052921042,16.675340316580865,16.045015635017705,16.51387623278914,16.80070982620102,1.0,1.0,1.0,1.0,1.0,1.0,1.0,1.0,1.0,1.0
90.5,3.0,0.0,0.0,0.0,0.0,0.0,0.0,0.0,0.0,0.0,0.0,0.0,0.0,0.0,0.0,0.0,0.0,0.0,0.0,0.0,0.0
90.75,4.0,17.66191949228851,16.893551896220593,16.873773202233178,16.31752630224662,17.049056397039028,15.800703868044131,16.742613036609484,17.45595971079563,17.47557313745673,16.539052073403376,1.0,1.0,1.0,1.0,1.0,1.0,1.0,1.0,1.0,1.0
91.0,1.0,18.174003760522062,19.104363729272535,18.51361394124123,17.840795481034544,17.48931295705566,17.887650042455256,19.07000164391018,20.09918887467206,21.122090408990847,20.236616227373485,1.0,1.0,1.0,1.0,1.0,1.0,1.0,1.0,1.0,1.0
91.25,2.0,21.193217773286207,20.082035580444582,19.25569466651037,18.03825593920381,17.26695094199837,16.966379544274332,17.235442825049226,16.676313297753698,16.762333883066024,16.364015575898904,1.0,1.0,1.0,1.0,1.0,1.0,1.0,1.0,1.0,1.0
91.5,3.0,18.34010265629064,17.98309169411449,16.60031822684601,16.32618355911752,15.610585843207225,16.76775697718419,17.310638213147342,18.03922772459374,16.53132286862562,15.781843834403563,1.0,1.0,1.0,1.0,1.0,1.0,1.0,1.0,1.0,1.0
91.75,4.0,19.217291402703186,17.91173743924386,17.079063959173045,16.95917533382845,17.675104390003572,15.654797611071253,16.052665902574464,16.357158409084477,16.835961995781194,17.125466134838664,1.0,1.0,1.0,1.0,1.0,1.0,1.0,1.0,1.0,1.0
92.0,1.0,0.0,0.0,0.0,0.0,0.0,0.0,0.0,0.0,0.0,0.0,0.0,0.0,0.0,0.0,0.0,0.0,0.0,0.0,0.0,0.0
92.25,2.0,0.0,0.0,0.0,0.0,0.0,0.0,0.0,0.0,0.0,0.0,0.0,0.0,0.0,0.0,0.0,0.0,0.0,0.0,0.0,0.0
92.5,3.0,18.733572171272773,17.77683708364795,17.373653224366635,16.22380274338347,15.310351841142937,15.934630546767307,16.092921367352446,16.397560224751214,16.31490216713053,16.023169443523997,1.0,1.0,1.0,1.0,1.0,1.0,1.0,1.0,1.0,1.0
92.75,4.0,0.0,0.0,0.0,0.0,0.0,0.0,0.0,0.0,0.0,0.0,0.0,0.0,0.0,0.0,0.0,0.0,0.0,0.0,0.0,0.0
93.0,1.0,18.310158459455973,18.017733629263002,17.921730642299302,18.255260807253798,18.01281671532806,18.583148018979134,19.02462720080989,19.956605551109494,20.316643319373636,19.91527826935557,1.0,1.0,1.0,1.0,1.0,1.0,1.0,1.0,1.0,1.0
93.25,2.0,20.72751680203257,20.388490705359008,18.540739953587316,17.23789947317238,18.302135814253795,17.219885485081253,16.43937032619353,16.267657346170996,17.35904151872909,17.343245239966336,1.0,1.0,1.0,1.0,1.0,1.0,1.0,1.0,1.0,1.0
93.5,3.0,0.0,0.0,0.0,0.0,0.0,0.0,0.0,0.0,0.0,0.0,0.0,0.0,0.0,0.0,0.0,0.0,0.0,0.0,0.0,0.0
93.75,4.0,18.815255799275995,18.55981777198229,17.304237357007523,18.537546836218446,18.57666568743476,18.099862800857526,18.734318098339525,18.830502729829725,18.526645981813513,18.474803482243168,1.0,1.0,1.0,1.0,1.0,1.0,1.0,1.0,1.0,1.0
94.0,1.0,18.683438882346344,18.31308788222722,18.758576350270296,18.326804446089366,16.60142904680795,17.07332549607879,17.35370023459667,19.33942402481093,19.997574058760637,19.504141112942165,1.0,1.0,1.0,1.0,1.0,1.0,1.0,1.0,1.0,1.0
94.25,2.0,0.0,0.0,0.0,0.0,0.0,0.0,0.0,0.0,0.0,0.0,0.0,0.0,0.0,0.0,0.0,0.0,0.0,0.0,0.0,0.0
94.5,3.0,19.213929078141106,19.477073843076273,18.45257349863087,16.62481095346295,15.257422342484867,15.19010612325995,15.686151322428001,15.084029816525087,15.905239175849706,15.363168419572126,1.0,1.0,1.0,1.0,1.0,1.0,1.0,1.0,1.0,1.0
94.75,4.0,18.848484247665894,17.404234863328305,17.815602705532367,18.346810837017156,18.82300079581979,18.80223893452304,19.44529021108998,19.666355328527224,19.146402752966843,18.74913244769021,1.0,1.0,1.0,1.0,1.0,1.0,1.0,1.0,1.0,1.0
95.0,1.0,0.0,0.0,0.0,0.0,0.0,0.0,0.0,0.0,0.0,0.0,0.0,0.0,0.0,0.0,0.0,0.0,0.0,0.0,0.0,0.0
95.25,2.0,19.274736711169016,19.669571917925353,18.932869634669416,18.765892312335183,18.63588207855143,19.052549705978972,19.5397842714351,19.43542470762605,19.43420380646044,17.96649244989093,1.0,1.0,1.0,1.0,1.0,1.0,1.0,1.0,1.0,1.0
95.5,3.0,0.0,0.0,0.0,0.0,0.0,0.0,0.0,0.0,0.0,0.0,0.0,0.0,0.0,0.0,0.0,0.0,0.0,0.0,0.0,0.0
95.75,4.0,0.0,0.0,0.0,0.0,0.0,0.0,0.0,0.0,0.0,0.0,0.0,0.0,0.0,0.0,0.0,0.0,0.0,0.0,0.0,0.0
96.0,1.0,18.24599991566877,18.815208698829256,17.469976187738908,16.97254880254054,16.87860232803792,16.874249787456893,17.095960116111346,18.95111442886755,18.053458688087616,19.504827102853362,1.0,1.0,1.0,1.0,1.0,1.0,1.0,1.0,1.0,1.0
96.25,2.0,19.39773046342034,18.87154883684263,17.84688320661126,18.18637671712698,18.8647190994176,18.226385920080535,17.84524424189561,18.538331156377527,18.70318702207598,18.32294474990061,1.0,1.0,1.0,1.0,1.0,1.0,1.0,1.0,1.0,1.0
96.5,3.0,0.0,0.0,0.0,0.0,0.0,0.0,0.0,0.0,0.0,0.0,0.0,0.0,0.0,0.0,0.0,0.0,0.0,0.0,0.0,0.0
96.75,4.0,19.35397040930008,17.677171301705624,18.688180816177923,19.63598789464363,20.542931252821532,19.856900879978017,20.40687577862954,19.368478867594526,19.282844887444636,18.85818895976634,1.0,1.0,1.0,1.0,1.0,1.0,1.0,1.0,1.0,1.0
97.0,1.0,18.73788170372563,18.335876102298272,17.28400714912124,17.09862653865699,16.405622933090736,16.56890132863822,16.428279734089738,18.50310303550591,18.945865675221572,19.351105499834944,1.0,1.0,1.0,1.0,1.0,1.0,1.0,1.0,1.0,1.0
97.25,2.0,0.0,0.0,0.0,0.0,0.0,0.0,0.0,0.0,0.0,0.0,0.0,0.0,0.0,0.0,0.0,0.0,0.0,0.0,0.0,0.0
97.5,3.0,19.06935342150334,17.697683492175965,17.084562130828644,15.117800625266854,14.664648639960314,14.513401695983248,15.509289932951063,15.095861627221355,15.954957410354258,15.011605314705534,1.0,1.0,1.0,1.0,1.0,1.0,1.0,1.0,1.0,1.0
97.75,4.0,18.076155643505423,17.247958164590184,19.79037672831028,19.743782016942383,19.381167593768033,19.089521622718095,18.720510102334046,18.728707851923396,18.405087221932895,19.333661584142668,1.0,1.0,1.0,1.0,1.0,1.0,1.0,1.0,1.0,1.0
98.0,1.0,19.055814706612615,17.500231000859237,16.589655282458253,16.207050903483957,14.88414221841968,16.790643174803265,17.208467401764725,19.132228902287615,19.274239171057435,19.33908504038234,1.0,1.0,1.0,1.0,1.0,1.0,1.0,1.0,1.0,1.0
98.25,2.0,16.524571500843713,16.039884550672006,15.789937397018138,16.40302990038558,19.639352276279748,19.022986233298447,19.97773836993725,19.356605762384675,19.95680534167576,19.71850957131826,1.0,1.0,1.0,1.0,1.0,1.0,1.0,1.0,1.0,1.0
98.5,3.0,0.0,0.0,0.0,0.0,0.0,0.0,0.0,0.0,0.0,0.0,0.0,0.0,0.0,0.0,0.0,0.0,0.0,0.0,0.0,0.0
98.75,4.0,17.92458947979444,17.70591885502032,20.59742377645867,19.084241863396517,18.084660290093595,18.424745980975747,18.887085255955107,18.876865730053247,19.03448374614626,19.59085084996466,1.0,1.0,1.0,1.0,1.0,1.0,1.0,1.0,1.0,1.0
99.0,1.0,17.71455286051232,16.780188338173218,16.09129428000015,16.562723988006532,15.754089908776068,17.701504865323923,18.05405476920299,18.236309192763574,18.12932529724997,18.04726892021837,1.0,1.0,1.0,1.0,1.0,1.0,1.0,1.0,1.0,1.0
99.25,2.0,0.0,0.0,0.0,0.0,0.0,0.0,0.0,0.0,0.0,0.0,0.0,0.0,0.0,0.0,0.0,0.0,0.0,0.0,0.0,0.0
99.5,3.0,17.74280271750167,16.62756442517997,17.498197632318096,16.864148383043737,14.62151839977326,14.34756235192541,14.269013491822067,12.834884816628767,13.090575323288071,12.889947152564845,1.0,1.0,1.0,1.0,1.0,1.0,1.0,1.0,1.0,1.0
99.75,4.0,17.488120697730775,17.874334293713254,19.847051790761316,17.791691147117675,17.220867240221068,17.459341988308523,17.00103073712873,18.17302675714858,18.92131130780141,20.177661445473912,1.0,1.0,1.0,1.0,1.0,1.0,1.0,1.0,1.0,1.0
100.0,1.0,0.0,0.0,0.0,0.0,0.0,0.0,0.0,0.0,0.0,0.0,0.0,0.0,0.0,0.0,0.0,0.0,0.0,0.0,0.0,0.0
100.25,2.0,0.0,0.0,0.0,0.0,0.0,0.0,0.0,0.0,0.0,0.0,0.0,0.0,0.0,0.0,0.0,0.0,0.0,0.0,0.0,0.0
100.5,3.0,16.186062658738855,16.69175972763648,17.820268957764803,17.02565472679858,14.041512932414832,13.644570510044781,13.29594715571836,12.292292167293608,13.241467518002237,13.679766914777094,1.0,1.0,1.0,1.0,1.0,1.0,1.0,1.0,1.0,1.0
100.75,4.0,0.0,0.0,0.0,0.0,0.0,0.0,0.0,0.0,0.0,0.0,0.0,0.0,0.0,0.0,0.0,0.0,0.0,0.0,0.0,0.0
101.0,1.0,15.074160960388422,16.347748951990884,17.79737721080014,17.514488423027494,17.7374558305476,18.443124146070335,18.160479060771134,17.413691739059797,17.212503494676547,18.068575443501864,1.0,1.0,1.0,1.0,1.0,1.0,1.0,1.0,1.0,1.0
101.25,2.0,14.346876518709822,15.690708216047055,14.928549705851202,16.02288293748142,17.046366720975637,17.673998700739794,17.25426965334954,17.87125270524327,17.75415534269654,17.534805979753973,1.0,1.0,1.0,1.0,1.0,1.0,1.0,1.0,1.0,1.0
101.5,3.0,0.0,0.0,0.0,0.0,0.0,0.0,0.0,0.0,0.0,0.0,0.0,0.0,0.0,0.0,0.0,0.0,0.0,0.0,0.0,0.0
101.75,4.0,17.415867509539392,18.224871779621314,18.475430675814902,17.070279162928472,16.414821876858486,17.800180807125813,19.66987363274808,20.232625002732796,21.31320273743033,22.57123143905938,1.0,1.0,1.0,1.0,1.0,1.0,1.0,1.0,1.0,1.0
102.0,1.0,15.840626986746955,16.919100483489085,17.92765721609168,17.854961935407655,18.137313977447096,18.617895941992902,18.60817640149073,18.927745347587418,18.93832799223726,19.376789213528976,1.0,1.0,1.0,1.0,1.0,1.0,1.0,1.0,1.0,1.0
102.25,2.0,0.0,0.0,0.0,0.0,0.0,0.0,0.0,0.0,0.0,0.0,0.0,0.0,0.0,0.0,0.0,0.0,0.0,0.0,0.0,0.0
102.5,3.0,18.792350825134918,20.01040687247341,19.030839312704128,15.553622478924902,14.20695317150851,14.105050707550163,14.49978871198551,14.796271915807727,15.17600300434686,14.490948680883074,1.0,1.0,1.0,1.0,1.0,1.0,1.0,1.0,1.0,1.0
102.75,4.0,18.102529274562233,17.39871403662748,19.027809956264747,17.82665668567159,18.19200233604565,19.181925898102918,20.6546176173778,21.367479429429196,21.74292502266307,22.613958104933044,1.0,1.0,1.0,1.0,1.0,1.0,1.0,1.0,1.0,1.0
103.0,1.0,0.0,0.0,0.0,0.0,0.0,0.0,0.0,0.0,0.0,0.0,0.0,0.0,0.0,0.0,0.0,0.0,0.0,0.0,0.0,0.0
103.25,2.0,17.47024074679295,17.706399326958223,16.997406078680857,16.2314132495089,16.54266188061082,17.205977314281274,18.356847333596754,18.665785582859435,18.56087879229018,18.4643412466003,1.0,1.0,1.0,1.0,1.0,1.0,1.0,1.0,1.0,1.0
103.5,3.0,0.0,0.0,0.0,0.0,0.0,0.0,0.0,0.0,0.0,0.0,0.0,0.0,0.0,0.0,0.0,0.0,0.0,0.0,0.0,0.0
103.75,4.0,0.0,0.0,0.0,0.0,0.0,0.0,0.0,0.0,0.0,0.0,0.0,0.0,0.0,0.0,0.0,0.0,0.0,0.0,0.0,0.0
104.0,1.0,16.671994107744663,16.755875390791726,17.909175471756868,18.713620478767258,17.588883972135854,18.179519103497146,17.579715544970195,18.687886779910478,19.150837733194756,18.871853337620813,1.0,1.0,1.0,1.0,1.0,1.0,1.0,1.0,1.0,1.0
104.25,2.0,18.22342687005691,18.630518472255243,16.57172403308633,16.95633587361778,18.211267327974287,19.530419216200396,19.911588151346585,18.954105353946154,18.748351385550016,18.455448107647108,1.0,1.0,1.0,1.0,1.0,1.0,1.0,1.0,1.0,1.0
104.5,3.0,0.0,0.0,0.0,0.0,0.0,0.0,0.0,0.0,0.0,0.0,0.0,0.0,0.0,0.0,0.0,0.0,0.0,0.0,0.0,0.0
104.75,4.0,17.50946156892988,17.340358455905886,18.362013961483274,17.327362876619127,18.549791642870854,19.350434309217857,20.599242366180913,20.562170409399414,20.519543261860562,20.043090988909768,1.0,1.0,1.0,1.0,1.0,1.0,1.0,1.0,1.0,1.0
105.0,1.0,16.9099130929502,17.478180744101337,19.24571452666786,18.411950764662162,16.95566925744843,17.743526408272057,17.960112618713364,17.654814100184602,18.555356376646195,18.804935506061707,1.0,1.0,1.0,1.0,1.0,1.0,1.0,1.0,1.0,1.0
105.25,2.0,0.0,0.0,0.0,0.0,0.0,0.0,0.0,0.0,0.0,0.0,0.0,0.0,0.0,0.0,0.0,0.0,0.0,0.0,0.0,0.0
105.5,3.0,20.29046208877944,18.230029818252223,15.73905568595116,13.483597664658026,12.369036577391391,13.953757159537801,14.651066615935948,14.9531796581516,14.93291776979005,15.28078316636124,1.0,1.0,1.0,1.0,1.0,1.0,1.0,1.0,1.0,1.0
105.75,4.0,18.258459859096103,18.138010230075437,18.359224540129336,17.14666098911159,17.903481297807314,18.890886784942374,19.578099405384872,19.294506593021513,20.023198116012512,19.292277396110656,1.0,1.0,1.0,1.0,1.0,1.0,1.0,1.0,1.0,1.0
106.0,1.0,17.7226907231402,18.804132370556566,19.94720766525462,18.091464575992646,17.206003212345212,17.71742947361764,17.79298566515697,17.610892282118435,18.275894361724674,18.01319067033071,1.0,1.0,1.0,1.0,1.0,1.0,1.0,1.0,1.0,1.0
106.25,2.0,18.179197519301468,16.291561018953367,17.777043702381217,19.236991252162422,19.12454933023903,20.18959269948831,19.818358920596637,20.23454974203818,19.743084801244912,19.084816325377965,1.0,1.0,1.0,1.0,1.0,1.0,1.0,1.0,1.0,1.0
106.5,3.0,0.0,0.0,0.0,0.0,0.0,0.0,0.0,0.0,0.0,0.0,0.0,0.0,0.0,0.0,0.0,0.0,0.0,0.0,0.0,0.0
106.75,4.0,18.214145126190445,18.401607521872265,17.695852683052202,16.99020217885353,17.605036436839402,18.27248529090403,19.109122311144592,18.621800124658883,20.39970573599832,20.325055133751167,1.0,1.0,1.0,1.0,1.0,1.0,1.0,1.0,1.0,1.0
107.0,1.0,19.58715714313497,20.016078852980463,18.671097536593614,16.812494890380027,17.11951734211602,17.066613059599156,18.177021385959616,17.248349171881507,18.463323013717627,18.213244162751334,1.0,1.0,1.0,1.0,1.0,1.0,1.0,1.0,1.0,1.0
107.25,2.0,0.0,0.0,0.0,0.0,0.0,0.0,0.0,0.0,0.0,0.0,0.0,0.0,0.0,0.0,0.0,0.0,0.0,0.0,0.0,0.0
107.5,3.0,17.351777784593445,14.07314366801622,13.561621791544756,14.331114537670068,12.928391590995526,14.531073500754685,13.680602621440965,14.312392006597541,14.230174301630816,14.323518558206745,1.0,1.0,1.0,1.0,1.0,1.0,1.0,1.0,1.0,1.0
107.75,4.0,18.297945016447905,17.352971408925033,17.346333889427854,17.404648725982707,18.14084592800662,18.096863915444313,18.76894663506974,18.954780678988392,19.7555531452378,18.649570427206662,1.0,1.0,1.0,1.0,1.0,1.0,1.0,1.0,1.0,1.0
108.0,1.0,0.0,0.0,0.0,0.0,0.0,0.0,0.0,0.0,0.0,0.0,0.0,0.0,0.0,0.0,0.0,0.0,0.0,0.0,0.0,0.0
108.25,2.0,0.0,0.0,0.0,0.0,0.0,0.0,0.0,0.0,0.0,0.0,0.0,0.0,0.0,0.0,0.0,0.0,0.0,0.0,0.0,0.0
108.5,3.0,15.400084439036837,13.380607770801305,13.782169332021535,14.358668235055854,12.448699798312012,13.40886689015163,12.602205185132716,13.515953457662418,14.257914442233385,14.775360246015557,1.0,1.0,1.0,1.0,1.0,1.0,1.0,1.0,1.0,1.0
108.75,4.0,0.0,0.0,0.0,0.0,0.0,0.0,0.0,0.0,0.0,0.0,0.0,0.0,0.0,0.0,0.0,0.0,0.0,0.0,0.0,0.0
109.0,1.0,19.07414309765981,19.215095219533257,18.17239040550456,18.120814854102584,17.637120218236692,17.64295495665606,17.92387915322146,17.143458772624054,18.598082093236407,18.438260192778287,1.0,1.0,1.0,1.0,1.0,1.0,1.0,1.0,1.0,1.0
109.25,2.0,18.287394118167605,17.189656635451666,17.465568297481116,19.45701896478042,17.644107918751207,17.264068226692675,16.00036556039554,16.02910402287658,17.025080970170638,18.047660782967995,1.0,1.0,1.0,1.0,1.0,1.0,1.0,1.0,1.0,1.0
109.5,3.0,0.0,0.0,0.0,0.0,0.0,0.0,0.0,0.0,0.0,0.0,0.0,0.0,0.0,0.0,0.0,0.0,0.0,0.0,0.0,0.0
109.75,4.0,18.249370622475794,17.546824284806892,17.693912335909246,16.97406611026038,18.148866889294737,18.023217098625402,18.75608673043724,17.33805591899537,17.295735154751515,16.831818019218804,1.0,1.0,1.0,1.0,1.0,1.0,1.0,1.0,1.0,1.0
110.0,1.0,19.286283151452444,18.720133347886982,18.491534740932128,18.277300353526034,17.7975236185825,18.10080849157813,17.89506985950687,17.811271220028086,17.766351634790166,17.531255441079175,1.0,1.0,1.0,1.0,1.0,1.0,1.0,1.0,1.0,1.0
110.25,2.0,0.0,0.0,0.0,0.0,0.0,0.0,0.0,0.0,0.0,0.0,0.0,0.0,0.0,0.0,0.0,0.0,0.0,0.0,0.0,0.0
110.5,3.0,14.543201322525016,12.327855876879331,12.601207444144078,13.742050473718628,13.106217632452998,13.586814261836256,12.994208801071336,14.287723521287088,15.322007898816267,16.791090459740143,1.0,1.0,1.0,1.0,1.0,1.0,1.0,1.0,1.0,1.0
110.75,4.0,18.397915816995262,18.267546127713363,17.399684871903,17.25032858545893,17.327416134111033,17.366400330936404,18.40175944923925,18.19383148338664,18.052060231877178,18.416479107469574,1.0,1.0,1.0,1.0,1.0,1.0,1.0,1.0,1.0,1.0
111.0,1.0,0.0,0.0,0.0,0.0,0.0,0.0,0.0,0.0,0.0,0.0,0.0,0.0,0.0,0.0,0.0,0.0,0.0,0.0,0.0,0.0
111.25,2.0,18.29094786139951,16.92798497992559,18.0136753043139,17.690073346351994,15.83724276943249,16.049632117700117,16.98840153390835,18.185301672367604,19.272041556961415,20.181919096392853,1.0,1.0,1.0,1.0,1.0,1.0,1.0,1.0,1.0,1.0
111.5,3.0,0.0,0.0,0.0,0.0,0.0,0.0,0.0,0.0,0.0,0.0,0.0,0.0,0.0,0.0,0.0,0.0,0.0,0.0,0.0,0.0
111.75,4.0,0.0,0.0,0.0,0.0,0.0,0.0,0.0,0.0,0.0,0.0,0.0,0.0,0.0,0.0,0.0,0.0,0.0,0.0,0.0,0.0
112.0,1.0,19.07183674247209,18.732326922019,16.964578384761126,16.99919394423397,16.2135317991559,16.732183834892343,17.27593362199653,16.80543611148429,16.800270332805162,16.68570361242373,1.0,1.0,1.0,1.0,1.0,1.0,1.0,1.0,1.0,1.0
112.25,2.0,18.29651413215657,16.42592142577444,17.342672375341852,17.106806732460253,16.637484367567602,16.920160881223723,18.497375762880235,18.908200574403228,18.920324336845987,20.554171777974915,1.0,1.0,1.0,1.0,1.0,1.0,1.0,1.0,1.0,1.0
112.5,3.0,13.716646067909865,12.069964011424352,14.78916797935322,16.49086767653058,15.778049091800403,16.385006188481036,16.17910458024103,17.521663345942223,18.614103534375687,19.767359381000574,1.0,1.0,1.0,1.0,1.0,1.0,1.0,1.0,1.0,1.0
112.75,4.0,17.02703827047972,15.253615897522272,15.906680485600004,17.421816335946044,17.315964696199014,18.546062953031964,18.907500202191283,18.407812822249205,17.919281060346975,18.737950774527715,1.0,1.0,1.0,1.0,1.0,1.0,1.0,1.0,1.0,1.0
113.0,1.0,17.783395117056394,18.39475508029291,17.67845177189876,16.72449523837394,15.100635149003311,15.80102072474935,16.64342847943838,15.94479746885337,17.55074733996207,17.795561100170136,1.0,1.0,1.0,1.0,1.0,1.0,1.0,1.0,1.0,1.0
113.25,2.0,0.0,0.0,0.0,0.0,0.0,0.0,0.0,0.0,0.0,0.0,0.0,0.0,0.0,0.0,0.0,0.0,0.0,0.0,0.0,0.0
113.5,3.0,12.311458079957017,13.654113723319416,15.842898575823911,17.184346437506267,16.39668056306581,17.913319129991383,18.376738343626855,18.627486893746713,19.072517555667158,18.795642573503663,1.0,1.0,1.0,1.0,1.0,1.0,1.0,1.0,1.0,1.0
113.75,4.0,16.122187983222613,15.602369404506137,17.397525299982792,18.07230741817702,18.565353059010462,19.62587982690571,19.65622319703231,19.242412714905395,19.780488349563324,20.113733123912557,1.0,1.0,1.0,1.0,1.0,1.0,1.0,1.0,1.0,1.0
114.0,1.0,17.01664057524886,18.175644563886063,17.377171937622524,16.10101188255238,15.25901299950049,16.363720177836928,17.366894641945468,17.84912006052461,18.798869466707394,19.952444286647147,1.0,1.0,1.0,1.0,1.0,1.0,1.0,1.0,1.0,1.0
114.25,2.0,16.749541733203802,17.364220193217545,17.02868390695682,17.50406532243281,19.341162381552284,18.57285057065284,18.639471477692,18.686718443765976,17.37063593529257,18.378730595806918,1.0,1.0,1.0,1.0,1.0,1.0,1.0,1.0,1.0,1.0
114.5,3.0,0.0,0.0,0.0,0.0,0.0,0.0,0.0,0.0,0.0,0.0,0.0,0.0,0.0,0.0,0.0,0.0,0.0,0.0,0.0,0.0
114.75,4.0,15.034492754166124,15.838496966712942,17.665147640395453,18.35242942716911,19.650398916383722,20.689473163416494,20.433149113701454,21.40293338814763,21.28653052863886,21.505556721514438,1.0,1.0,1.0,1.0,1.0,1.0,1.0,1.0,1.0,1.0
115.0,1.0,16.820149457368338,17.44992609153866,16.90424477830627,17.370803253695954,17.34268693506842,17.409453704438448,18.82746409492544,18.334440952690546,19.525168908136443,19.962140767054823,1.0,1.0,1.0,1.0,1.0,1.0,1.0,1.0,1.0,1.0
115.25,2.0,0.0,0.0,0.0,0.0,0.0,0.0,0.0,0.0,0.0,0.0,0.0,0.0,0.0,0.0,0.0,0.0,0.0,0.0,0.0,0.0
115.5,3.0,13.499453149425634,15.72762580609003,17.51362993571937,17.752745721549566,17.89665868831347,17.792040940081325,18.122648177381492,18.215766970919766,18.28329695414272,18.671008562738354,1.0,1.0,1.0,1.0,1.0,1.0,1.0,1.0,1.0,1.0
115.75,4.0,15.460737845209598,16.917540435721623,18.79250429400204,19.981093445925442,20.70592817029471,21.411890417532693,21.809925340890224,21.933778298002874,22.20248926970438,22.370119261477257,1.0,1.0,1.0,1.0,1.0,1.0,1.0,1.0,1.0,1.0
116.0,1.0,0.0,0.0,0.0,0.0,0.0,0.0,0.0,0.0,0.0,0.0,0.0,0.0,0.0,0.0,0.0,0.0,0.0,0.0,0.0,0.0
116.25,2.0,16.6429303408978,17.65956924926557,17.7992959247034,18.27172921927724,17.47178154956242,16.611677058247487,16.03439670507636,17.870310747792924,17.023196834929387,17.14629250040296,1.0,1.0,1.0,1.0,1.0,1.0,1.0,1.0,1.0,1.0
116.5,3.0,14.666553523426149,16.94985158329233,19.2123738679376,19.15777723619279,19.026212754396703,19.273640309806247,19.10233201292299,19.87114160869947,19.932110619448736,19.957827027151804,1.0,1.0,1.0,1.0,1.0,1.0,1.0,1.0,1.0,1.0
116.75,4.0,0.0,0.0,0.0,0.0,0.0,0.0,0.0,0.0,0.0,0.0,0.0,0.0,0.0,0.0,0.0,0.0,0.0,0.0,0.0,0.0
117.0,1.0,15.914375641962623,17.137319693697204,17.55497866861674,17.735890636589883,18.328860061367003,18.826977206453677,20.713822790458917,21.01707191603254,21.217122183934197,22.479650998484647,1.0,1.0,1.0,1.0,1.0,1.0,1.0,1.0,1.0,1.0
117.25,2.0,17.578837077014967,18.021281944036883,18.636157892671637,17.41365308830843,15.939040684368523,16.318116695522992,16.480922730904414,18.592418070996295,17.247507242661094,18.00575652130874,1.0,1.0,1.0,1.0,1.0,1.0,1.0,1.0,1.0,1.0
117.5,3.0,0.0,0.0,0.0,0.0,0.0,0.0,0.0,0.0,0.0,0.0,0.0,0.0,0.0,0.0,0.0,0.0,0.0,0.0,0.0,0.0
117.75,4.0,18.548501405209898,18.888649148033767,18.3445053960819,18.603718468175202,19.401680929331704,20.37421094231232,20.976362902864356,21.102126440286156,20.213325687469823,20.701516638269442,1.0,1.0,1.0,1.0,1.0,1.0,1.0,1.0,1.0,1.0
118.0,1.0,16.24299315047521,15.909040148205964,16.90943851881833,18.274744006072947,18.43886140126461,18.549029520002005,21.14563976514764,21.784471279189397,22.483697539475042,23.020178352798265,1.0,1.0,1.0,1.0,1.0,1.0,1.0,1.0,1.0,1.0
118.25,2.0,0.0,0.0,0.0,0.0,0.0,0.0,0.0,0.0,0.0,0.0,0.0,0.0,0.0,0.0,0.0,0.0,0.0,0.0,0.0,0.0
118.5,3.0,17.361304349634974,17.351005698454998,18.175478906383145,18.88433351066654,19.430549321198754,20.818699027010418,20.682238115569227,21.638899557508964,20.67477690266547,20.118763444207687,1.0,1.0,1.0,1.0,1.0,1.0,1.0,1.0,1.0,1.0
118.75,4.0,18.186388438718343,18.303358751144323,18.656395437174556,18.886354898625395,19.162201605487745,20.219318281233384,20.26479065638163,21.226181393062614,21.425139835481136,21.618692719288617,1.0,1.0,1.0,1.0,1.0,1.0,1.0,1.0,1.0,1.0
119.0,1.0,15.165832486704097,16.254772902642113,18.262319353858384,19.345877746069196,20.006865150026034,20.67233231566085,22.763228714927877,22.986310287692064,23.88523167932924,24.477977587000733,1.0,1.0,1.0,1.0,1.0,1.0,1.0,1.0,1.0,1.0
119.25,2.0,16.801245578910034,17.357858917295065,18.461302728842348,18.084803638646804,17.165837301508482,16.57632935279117,15.927499270584661,16.547338008273382,16.47282760286205,16.649087239003908,1.0,1.0,1.0,1.0,1.0,1.0,1.0,1.0,1.0,1.0
119.5,3.0,0.0,0.0,0.0,0.0,0.0,0.0,0.0,0.0,0.0,0.0,0.0,0.0,0.0,0.0,0.0,0.0,0.0,0.0,0.0,0.0
119.75,4.0,0.0,0.0,0.0,0.0,0.0,0.0,0.0,0.0,0.0,0.0,0.0,0.0,0.0,0.0,0.0,0.0,0.0,0.0,0.0,0.0
120.0,1.0,15.994394337522252,17.466257900515885,18.656368166994834,20.194926144256183,21.66346262864502,22.23156990925068,24.48962853581448,24.194476409762856,25.66723166750114,26.488576165980607,1.0,1.0,1.0,1.0,1.0,1.0,1.0,1.0,1.0,1.0
120.25,2.0,15.986836141243861,17.735521678886297,18.11034107631849,17.66533046895425,17.02433212494026,16.4797257211906,16.342536874638323,16.577224475091118,15.733225328494523,16.525577929443926,1.0,1.0,1.0,1.0,1.0,1.0,1.0,1.0,1.0,1.0
120.5,3.0,18.212269397270045,17.082982949837984,19.36578807980873,19.879225966079083,19.22580675050283,19.62467814076108,19.736274807977043,21.039750814168194,20.687964558637606,19.98658428506198,1.0,1.0,1.0,1.0,1.0,1.0,1.0,1.0,1.0,1.0
120.75,4.0,19.588379561507438,19.240829102138466,18.725747416741957,19.250021862280395,20.93326458512706,21.181327875760758,21.14807553949281,21.143301353698703,20.234961103033015,21.674415881991017,1.0,1.0,1.0,1.0,1.0,1.0,1.0,1.0,1.0,1.0
121.0,1.0,0.0,0.0,0.0,0.0,0.0,0.0,0.0,0.0,0.0,0.0,0.0,0.0,0.0,0.0,0.0,0.0,0.0,0.0,0.0,0.0
121.25,2.0,0.0,0.0,0.0,0.0,0.0,0.0,0.0,0.0,0.0,0.0,0.0,0.0,0.0,0.0,0.0,0.0,0.0,0.0,0.0,0.0
121.5,3.0,18.433081256580156,17.486206284282368,19.114213260154074,20.36647437718556,19.324570665857706,19.54825036946704,20.208722542518736,20.538222693615538,20.389086289722513,19.567779350747205,1.0,1.0,1.0,1.0,1.0,1.0,1.0,1.0,1.0,1.0
121.75,4.0,20.32242406732421,20.083457565768477,20.0576873105436,19.907353269079213,21.573242876450387,21.089130899793137,21.416067216190097,21.364537578687862,21.123862743292086,22.14005437823804,1.0,1.0,1.0,1.0,1.0,1.0,1.0,1.0,1.0,1.0
122.0,1.0,17.930856124989617,18.930843304572118,20.633657674724134,23.204567065942047,22.173972369113734,23.145396091707486,25.254487759559204,25.287116814404104,25.693401279947167,25.8928282785832,1.0,1.0,1.0,1.0,1.0,1.0,1.0,1.0,1.0,1.0
122.25,2.0,15.751829625448236,18.147064018827006,17.43988274666975,17.01787386815376,17.264918580347913,17.2677674413587,17.35757251264103,18.790055993868485,17.817964296949807,17.992762941330803,1.0,1.0,1.0,1.0,1.0,1.0,1.0,1.0,1.0,1.0
122.5,3.0,0.0,0.0,0.0,0.0,0.0,0.0,0.0,0.0,0.0,0.0,0.0,0.0,0.0,0.0,0.0,0.0,0.0,0.0,0.0,0.0
122.75,4.0,20.236088050829284,20.12777134229847,20.163534163378497,20.333048926905047,22.254179923021653,21.145407281343395,20.87182260112146,21.97164829331404,22.490087041509177,23.376898217544817,1.0,1.0,1.0,1.0,1.0,1.0,1.0,1.0,1.0,1.0
123.0,1.0,18.15047969198766,19.193498305381596,21.806865099436113,22.467926833059394,22.355455967988835,23.392735844963777,25.07340886591733,24.463725229324208,24.93646557053788,23.69475728413016,1.0,1.0,1.0,1.0,1.0,1.0,1.0,1.0,1.0,1.0
123.25,2.0,0.0,0.0,0.0,0.0,0.0,0.0,0.0,0.0,0.0,0.0,0.0,0.0,0.0,0.0,0.0,0.0,0.0,0.0,0.0,0.0
123.5,3.0,17.276074918994706,15.741329168770724,16.269519103925486,16.778630965277944,18.732648765540105,19.92460679494335,20.146640677654123,19.666730893336826,19.69974927424091,19.310616627849964,1.0,1.0,1.0,1.0,1.0,1.0,1.0,1.0,1.0,1.0
123.75,4.0,20.719324327465454,19.955843834089094,19.624258501840753,20.34600498617001,21.69424891393444,20.286073348112485,21.54893689729091,21.27581698085047,21.18602915728465,23.747731687358545,1.0,1.0,1.0,1.0,1.0,1.0,1.0,1.0,1.0,1.0
124.0,1.0,0.0,0.0,0.0,0.0,0.0,0.0,0.0,0.0,0.0,0.0,0.0,0.0,0.0,0.0,0.0,0.0,0.0,0.0,0.0,0.0
124.25,2.0,15.6310866189012,15.754293819633217,17.23219102754767,17.51462115397857,17.8731777835555,18.35458355951683,18.347422859319447,19.076938380476456,18.33608587481369,18.690659611098447,1.0,1.0,1.0,1.0,1.0,1.0,1.0,1.0,1.0,1.0
124.5,3.0,16.781596734651597,15.064620231979948,16.17585739677689,16.96946963388006,19.96945471708488,20.8291855724361,21.040205928821045,20.47135784307737,20.55659731175496,19.260896919332065,1.0,1.0,1.0,1.0,1.0,1.0,1.0,1.0,1.0,1.0
124.75,4.0,0.0,0.0,0.0,0.0,0.0,0.0,0.0,0.0,0.0,0.0,0.0,0.0,0.0,0.0,0.0,0.0,0.0,0.0,0.0,0.0
125.0,1.0,18.842204564824655,21.280293648718995,22.474789599792782,23.505711334759546,23.574200231160106,23.3821274323369,25.07056933068839,23.44792091187276,23.68484663656106,23.547157599375474,1.0,1.0,1.0,1.0,1.0,1.0,1.0,1.0,1.0,1.0
125.25,2.0,15.07940992987849,16.698436856241937,19.716416115298458,19.444155993795867,20.0801341554098,20.08359237374557,20.728790446903655,19.51135987536409,18.922121420528434,18.630139383674013,1.0,1.0,1.0,1.0,1.0,1.0,1.0,1.0,1.0,1.0
125.5,3.0,0.0,0.0,0.0,0.0,0.0,0.0,0.0,0.0,0.0,0.0,0.0,0.0,0.0,0.0,0.0,0.0,0.0,0.0,0.0,0.0
125.75,4.0,19.646665645171815,18.96192796714295,18.652408300862483,20.082507648645024,22.015382509641785,22.669053837532985,23.684487654101755,22.86674120997082,23.14675021274661,23.006487078587167,1.0,1.0,1.0,1.0,1.0,1.0,1.0,1.0,1.0,1.0
126.0,1.0,18.51324153934237,21.062495420643714,22.68902706694097,24.110543751715255,23.013228430808073,22.688504195836828,24.10688285319929,23.22478639564841,24.682297209774458,23.796043607465712,1.0,1.0,1.0,1.0,1.0,1.0,1.0,1.0,1.0,1.0
126.25,2.0,0.0,0.0,0.0,0.0,0.0,0.0,0.0,0.0,0.0,0.0,0.0,0.0,0.0,0.0,0.0,0.0,0.0,0.0,0.0,0.0
126.5,3.0,17.03347950220291,14.778216042134183,17.051983351357276,20.10541164525584,21.982983238579678,21.750055738437972,21.82736702784368,20.203165267907607,19.734737444974723,18.720830784334566,1.0,1.0,1.0,1.0,1.0,1.0,1.0,1.0,1.0,1.0
126.75,4.0,19.57569155484557,19.00434619132564,19.68578776930544,21.910662556097513,23.374703771931884,23.36527867127158,23.625377422211606,22.692454610184313,22.381624496277784,21.64097210169447,1.0,1.0,1.0,1.0,1.0,1.0,1.0,1.0,1.0,1.0
127.0,1.0,18.5644207238996,21.030898382355815,22.845364149853804,24.984049469133755,23.514885643283662,22.938818714753754,24.620276626473025,24.480068592057282,25.21430364622888,22.978833736610895,1.0,1.0,1.0,1.0,1.0,1.0,1.0,1.0,1.0,1.0
127.25,2.0,16.42527963372732,18.183487342384193,19.32323353977845,19.65284221777675,20.33071850295227,18.925476913315833,19.553258342514326,18.35576099831628,17.58727237311969,18.778084398047707,1.0,1.0,1.0,1.0,1.0,1.0,1.0,1.0,1.0,1.0
127.5,3.0,0.0,0.0,0.0,0.0,0.0,0.0,0.0,0.0,0.0,0.0,0.0,0.0,0.0,0.0,0.0,0.0,0.0,0.0,0.0,0.0
127.75,4.0,18.289731643779753,20.763589904635253,21.555374432861335,23.035670547248305,23.844232472488713,23.436606085665392,23.151695572698294,22.611943804057084,21.792634570831428,21.16495586393113,1.0,1.0,1.0,1.0,1.0,1.0,1.0,1.0,1.0,1.0
128.0,1.0,19.21117310215632,22.22912961965383,24.438898466237358,25.032046886269175,23.13763597791103,23.41460559494771,24.18069183946764,23.598008272525554,23.358804894211865,21.264053970707135,1.0,1.0,1.0,1.0,1.0,1.0,1.0,1.0,1.0,1.0
128.25,2.0,17.203729341514467,18.675385611465664,19.449266865149415,19.854374040366,19.240310302086183,18.5323672951879,18.313263765709223,17.23591523046365,16.913512758859717,17.976589184132745,1.0,1.0,1.0,1.0,1.0,1.0,1.0,1.0,1.0,1.0
128.5,3.0,14.92222889496575,15.195161369601154,18.90559410009943,21.234719997524483,20.98881090747997,19.990165044194825,18.412670575233626,18.797151574272924,18.233844895914636,19.000601181990852,1.0,1.0,1.0,1.0,1.0,1.0,1.0,1.0,1.0,1.0
128.75,4.0,19.546229880279743,22.57278322572587,22.4378146644952,22.260178921255378,22.745449066333446,22.790018741792945,22.36633031218215,21.60184709255418,21.84206929570133,21.72213213776211,1.0,1.0,1.0,1.0,1.0,1.0,1.0,1.0,1.0,1.0
129.0,1.0,0.0,0.0,0.0,0.0,0.0,0.0,0.0,0.0,0.0,0.0,0.0,0.0,0.0,0.0,0.0,0.0,0.0,0.0,0.0,0.0
129.25,2.0,0.0,0.0,0.0,0.0,0.0,0.0,0.0,0.0,0.0,0.0,0.0,0.0,0.0,0.0,0.0,0.0,0.0,0.0,0.0,0.0
129.5,3.0,16.979798201381843,16.742951798886537,19.662606320336366,20.870029207250735,19.98322318968152,19.432300843170413,18.583908909460554,18.68023285185304,18.411788676771163,18.94103675910859,1.0,1.0,1.0,1.0,1.0,1.0,1.0,1.0,1.0,1.0
129.75,4.0,0.0,0.0,0.0,0.0,0.0,0.0,0.0,0.0,0.0,0.0,0.0,0.0,0.0,0.0,0.0,0.0,0.0,0.0,0.0,0.0
130.0,1.0,22.41718182053539,24.07415564318198,23.890533207771583,24.183707787789086,23.463783066348206,23.24686678252688,23.280050332685555,21.698969861323977,21.830728230832783,19.64639200964111,1.0,1.0,1.0,1.0,1.0,1.0,1.0,1.0,1.0,1.0
130.25,2.0,18.757721482247153,20.40290254114441,19.36598885022614,18.135787923536565,15.827981334664143,15.278231675019045,15.599448986956768,15.79728180784308,16.43687490797367,17.249157677431988,1.0,1.0,1.0,1.0,1.0,1.0,1.0,1.0,1.0,1.0
130.5,3.0,0.0,0.0,0.0,0.0,0.0,0.0,0.0,0.0,0.0,0.0,0.0,0.0,0.0,0.0,0.0,0.0,0.0,0.0,0.0,0.0
130.75,4.0,20.431266034343704,21.818026053671858,21.662168807578535,21.816921803819536,23.761533953763042,22.763821151623663,22.160687651175376,21.640837216065933,20.95368166999752,21.40873264003448,1.0,1.0,1.0,1.0,1.0,1.0,1.0,1.0,1.0,1.0
131.0,1.0,23.04389131938358,23.330560901148445,22.869554061261347,22.929408817045346,23.229506059982327,21.640104022263117,21.325477353636135,20.440748430913015,19.82949522995766,19.40684821174422,1.0,1.0,1.0,1.0,1.0,1.0,1.0,1.0,1.0,1.0
131.25,2.0,0.0,0.0,0.0,0.0,0.0,0.0,0.0,0.0,0.0,0.0,0.0,0.0,0.0,0.0,0.0,0.0,0.0,0.0,0.0,0.0
131.5,3.0,19.598165568454007,20.38878435911222,21.461557214867398,20.513803073994893,20.05158532521814,20.502106300687267,20.99549188440139,21.03401772789215,21.187559259209923,19.954568376728187,1.0,1.0,1.0,1.0,1.0,1.0,1.0,1.0,1.0,1.0
131.75,4.0,20.818096760010082,22.408681950589823,21.778365115658676,20.721664695410016,21.767493941325196,22.220296198969592,21.803845279798743,21.30338471965583,21.611066679926548,21.25331496871846,1.0,1.0,1.0,1.0,1.0,1.0,1.0,1.0,1.0,1.0
132.0,1.0,0.0,0.0,0.0,0.0,0.0,0.0,0.0,0.0,0.0,0.0,0.0,0.0,0.0,0.0,0.0,0.0,0.0,0.0,0.0,0.0
132.25,2.0,19.304320564473084,19.353973155250678,19.18051538633671,18.078393179402426,17.57372818107842,16.95114984345777,17.206983497965503,15.882829294496059,16.73474780608083,16.960713100204178,1.0,1.0,1.0,1.0,1.0,1.0,1.0,1.0,1.0,1.0
132.5,3.0,0.0,0.0,0.0,0.0,0.0,0.0,0.0,0.0,0.0,0.0,0.0,0.0,0.0,0.0,0.0,0.0,0.0,0.0,0.0,0.0
132.75,4.0,0.0,0.0,0.0,0.0,0.0,0.0,0.0,0.0,0.0,0.0,0.0,0.0,0.0,0.0,0.0,0.0,0.0,0.0,0.0,0.0
133.0,1.0,21.904343170763685,21.75440870461469,21.607113841308784,21.272613747933274,20.096909432785022,20.643825759738565,20.28657238895879,20.19489440485957,19.80410490910361,18.879213358929704,1.0,1.0,1.0,1.0,1.0,1.0,1.0,1.0,1.0,1.0
133.25,2.0,19.058397524242096,19.30474779140473,20.180550000461086,18.67558313468479,18.36264907972721,17.612930139396127,17.883149235836736,17.013318157386927,17.50013966198838,18.35067457360946,1.0,1.0,1.0,1.0,1.0,1.0,1.0,1.0,1.0,1.0
133.5,3.0,0.0,0.0,0.0,0.0,0.0,0.0,0.0,0.0,0.0,0.0,0.0,0.0,0.0,0.0,0.0,0.0,0.0,0.0,0.0,0.0
133.75,4.0,20.80112854047275,22.690181469421297,20.77068466652444,19.68161412758676,20.502194994001115,20.967604877993374,20.969348306868074,20.420893206585493,21.906542894404648,21.2427428866198,1.0,1.0,1.0,1.0,1.0,1.0,1.0,1.0,1.0,1.0
134.0,1.0,21.42141087685729,21.336902887523518,20.29904278469333,20.74592973855085,19.27868729892476,19.742238896244462,20.07417971029163,19.692139430471737,19.736599915491578,19.29347776642199,1.0,1.0,1.0,1.0,1.0,1.0,1.0,1.0,1.0,1.0
134.25,2.0,0.0,0.0,0.0,0.0,0.0,0.0,0.0,0.0,0.0,0.0,0.0,0.0,0.0,0.0,0.0,0.0,0.0,0.0,0.0,0.0
134.5,3.0,20.625546258627736,19.32254204646224,19.800463841108698,20.668811042429155,19.07199218637417,19.443390854308845,20.329464447456335,19.265230802041877,18.708452262272687,16.928887958343264,1.0,1.0,1.0,1.0,1.0,1.0,1.0,1.0,1.0,1.0
134.75,4.0,21.018193988671108,21.44471337094608,19.393386052269836,19.3022867381724,20.201133503503275,20.92525236517822,20.931832937086813,20.619139577530998,20.218221831215946,19.571777120606985,1.0,1.0,1.0,1.0,1.0,1.0,1.0,1.0,1.0,1.0
135.0,1.0,21.368649620601815,20.045251317552346,19.28211503319877,19.480398171219303,19.782504314094567,20.35937064583847,20.11274347289562,19.73420762934646,20.230735100074853,19.281831798708637,1.0,1.0,1.0,1.0,1.0,1.0,1.0,1.0,1.0,1.0
135.25,2.0,21.025957133121718,21.042693994121876,20.62963467521636,20.341854831551384,18.39410217355651,18.617388865190897,19.321123841860764,18.232664424674972,18.111973271234756,19.050531229404587,1.0,1.0,1.0,1.0,1.0,1.0,1.0,1.0,1.0,1.0
135.5,3.0,0.0,0.0,0.0,0.0,0.0,0.0,0.0,0.0,0.0,0.0,0.0,0.0,0.0,0.0,0.0,0.0,0.0,0.0,0.0,0.0
135.75,4.0,20.30153942656039,20.667165022927346,20.57721657886214,20.072440205720003,19.811712978237523,19.50022606239233,19.252103271780843,18.57201826677137,18.730168269740304,18.079206606206522,1.0,1.0,1.0,1.0,1.0,1.0,1.0,1.0,1.0,1.0
136.0,1.0,20.669053922077506,20.00103216542327,19.295944892058348,19.26889375808573,18.70134055491977,19.900839641178017,19.04092432494037,19.70088287768961,19.036956276557852,18.57274798756038,1.0,1.0,1.0,1.0,1.0,1.0,1.0,1.0,1.0,1.0
136.25,2.0,0.0,0.0,0.0,0.0,0.0,0.0,0.0,0.0,0.0,0.0,0.0,0.0,0.0,0.0,0.0,0.0,0.0,0.0,0.0,0.0
136.5,3.0,20.81158972422288,21.140508941780656,20.17666458240688,19.59668524093008,17.210980968118232,16.432963794233952,16.826196125710766,16.793078685284843,17.405517208117978,17.490435228742232,1.0,1.0,1.0,1.0,1.0,1.0,1.0,1.0,1.0,1.0
136.75,4.0,20.449581967961183,20.510536997462715,20.255104627078186,18.901571958861172,18.56950538428247,19.087824598302195,19.846406626990127,19.036882242718644,18.718381051788437,18.456097217845485,1.0,1.0,1.0,1.0,1.0,1.0,1.0,1.0,1.0,1.0
137.0,1.0,0.0,0.0,0.0,0.0,0.0,0.0,0.0,0.0,0.0,0.0,0.0,0.0,0.0,0.0,0.0,0.0,0.0,0.0,0.0,0.0
137.25,2.0,0.0,0.0,0.0,0.0,0.0,0.0,0.0,0.0,0.0,0.0,0.0,0.0,0.0,0.0,0.0,0.0,0.0,0.0,0.0,0.0
137.5,3.0,21.381828455819047,20.092306315420778,19.076225038017146,18.64016078033708,16.361347957864105,16.01113465028947,16.814305925585508,17.273921723192988,18.99828448255664,18.620788551098126,1.0,1.0,1.0,1.0,1.0,1.0,1.0,1.0,1.0,1.0
137.75,4.0,0.0,0.0,0.0,0.0,0.0,0.0,0.0,0.0,0.0,0.0,0.0,0.0,0.0,0.0,0.0,0.0,0.0,0.0,0.0,0.0
138.0,1.0,18.969207379948713,18.782296144670497,17.157249871735818,17.598319094449256,16.80484101190115,19.213743621472364,18.940766418468844,18.783211100765115,19.043111547061894,18.222666224947588,1.0,1.0,1.0,1.0,1.0,1.0,1.0,1.0,1.0,1.0
138.25,2.0,20.20676069119317,18.355192100078963,18.899515947125206,20.22401439664266,18.574289447647857,19.749942951566922,21.083648284262743,20.814730975978932,19.935208157849836,20.108169591071196,1.0,1.0,1.0,1.0,1.0,1.0,1.0,1.0,1.0,1.0
138.5,3.0,0.0,0.0,0.0,0.0,0.0,0.0,0.0,0.0,0.0,0.0,0.0,0.0,0.0,0.0,0.0,0.0,0.0,0.0,0.0,0.0
138.75,4.0,19.704596864866293,20.774703619995222,18.539662330353092,17.723606942970722,18.924086176182985,18.611670943523876,18.850452051521074,18.908455490634342,18.379423685442063,18.292376042701513,1.0,1.0,1.0,1.0,1.0,1.0,1.0,1.0,1.0,1.0
139.0,1.0,17.53722691411027,16.609815743552243,16.57911238016135,18.727811237599877,18.36725489905587,19.878667772771863,20.589914917101765,20.392552102434326,20.53784125230892,19.339826783751306,1.0,1.0,1.0,1.0,1.0,1.0,1.0,1.0,1.0,1.0
139.25,2.0,0.0,0.0,0.0,0.0,0.0,0.0,0.0,0.0,0.0,0.0,0.0,0.0,0.0,0.0,0.0,0.0,0.0,0.0,0.0,0.0
139.5,3.0,20.17003439664776,18.942493093333848,18.883356102432675,19.2209645450585,17.276453150409594,16.729909728698278,17.701873979186605,18.66370703747724,19.80796296514066,19.54566555307176,1.0,1.0,1.0,1.0,1.0,1.0,1.0,1.0,1.0,1.0
139.75,4.0,19.690573944746717,20.847106417983678,17.371261469739533,17.37425418368425,18.21518695699698,17.867825749776596,17.685664346610494,18.707029259757828,18.570337094631373,18.65136080948802,1.0,1.0,1.0,1.0,1.0,1.0,1.0,1.0,1.0,1.0
140.0,1.0,0.0,0.0,0.0,0.0,0.0,0.0,0.0,0.0,0.0,0.0,0.0,0.0,0.0,0.0,0.0,0.0,0.0,0.0,0.0,0.0
140.25,2.0,20.677600493512685,18.702348379816343,18.454418925484394,18.142359896037686,19.780536694741826,20.352774961134696,21.41078405230147,20.61707376366561,19.677656506668782,20.137461322825402,1.0,1.0,1.0,1.0,1.0,1.0,1.0,1.0,1.0,1.0
140.5,3.0,0.0,0.0,0.0,0.0,0.0,0.0,0.0,0.0,0.0,0.0,0.0,0.0,0.0,0.0,0.0,0.0,0.0,0.0,0.0,0.0
140.75,4.0,0.0,0.0,0.0,0.0,0.0,0.0,0.0,0.0,0.0,0.0,0.0,0.0,0.0,0.0,0.0,0.0,0.0,0.0,0.0,0.0
141.0,1.0,16.602311088257608,17.5613876407055,19.396103171468297,19.718101863692013,18.523742440097617,20.525014026982326,20.719481769486222,20.454057082968916,21.140330176479168,20.73469266797937,1.0,1.0,1.0,1.0,1.0,1.0,1.0,1.0,1.0,1.0
141.25,2.0,20.075127721734134,19.056611291252107,18.703770144634667,17.4903299269356,20.037360344287517,20.63390921708699,20.589130976350656,19.90224644044876,19.082244984057795,20.58875911403496,1.0,1.0,1.0,1.0,1.0,1.0,1.0,1.0,1.0,1.0
141.5,3.0,0.0,0.0,0.0,0.0,0.0,0.0,0.0,0.0,0.0,0.0,0.0,0.0,0.0,0.0,0.0,0.0,0.0,0.0,0.0,0.0
141.75,4.0,17.53869479639249,17.60340281565916,18.210185655380336,18.125004679814694,18.922501654890056,19.22900626860326,19.442091188982587,19.390043767267397,19.882361691409514,20.11010681937007,1.0,1.0,1.0,1.0,1.0,1.0,1.0,1.0,1.0,1.0
142.0,1.0,17.818984816710746,18.49269780172388,18.74209056345364,19.882240105744497,18.961372375013845,20.83620174038125,21.074753197611376,21.16657203754904,22.774931440087126,22.804342175206703,1.0,1.0,1.0,1.0,1.0,1.0,1.0,1.0,1.0,1.0
142.25,2.0,0.0,0.0,0.0,0.0,0.0,0.0,0.0,0.0,0.0,0.0,0.0,0.0,0.0,0.0,0.0,0.0,0.0,0.0,0.0,0.0
142.5,3.0,20.50589925193416,18.62729389064152,19.113657859235154,19.224575330598416,17.40315429671129,18.46137530701949,18.496321444395285,19.35984378062201,19.490020226359473,19.75092522136667,1.0,1.0,1.0,1.0,1.0,1.0,1.0,1.0,1.0,1.0
142.75,4.0,16.972761949436233,18.333154938016698,18.42586674830546,18.91308650150658,19.17894743463156,19.94459066712587,20.021235950303833,20.255062498293565,20.874188598213088,20.868706419344857,1.0,1.0,1.0,1.0,1.0,1.0,1.0,1.0,1.0,1.0
143.0,1.0,16.999386655143798,18.390428141496795,19.088328533382967,20.25800038751724,19.433837533581055,20.79792760787397,22.257559206167183,22.299954672072772,23.355523992078904,23.38863449328084,1.0,1.0,1.0,1.0,1.0,1.0,1.0,1.0,1.0,1.0
143.25,2.0,18.857672402235348,18.244527343965334,18.624057134528428,19.880419466110244,18.808357294285436,18.736746670261535,18.550600861615223,18.593541340425595,18.166554027603393,18.716311092459456,1.0,1.0,1.0,1.0,1.0,1.0,1.0,1.0,1.0,1.0
143.5,3.0,0.0,0.0,0.0,0.0,0.0,0.0,0.0,0.0,0.0,0.0,0.0,0.0,0.0,0.0,0.0,0.0,0.0,0.0,0.0,0.0
143.75,4.0,17.227692967986876,18.39514009404985,17.565478738922813,16.73787251198941,18.047293455383983,18.464962189805032,19.461865268751865,19.660050133370298,21.391912870259485,20.829935705236576,1.0,1.0,1.0,1.0,1.0,1.0,1.0,1.0,1.0,1.0
144.0,1.0,19.0430527067765,18.98347322282568,19.689396601076375,19.796433192650294,18.80001287039368,20.822226826843817,22.131040785945896,22.704179699072302,23.157685464170044,22.516424371610928,1.0,1.0,1.0,1.0,1.0,1.0,1.0,1.0,1.0,1.0
144.25,2.0,0.0,0.0,0.0,0.0,0.0,0.0,0.0,0.0,0.0,0.0,0.0,0.0,0.0,0.0,0.0,0.0,0.0,0.0,0.0,0.0
144.5,3.0,20.219050488285045,17.468030715808624,17.344668541511766,19.335809141329797,20.424212826594385,19.7362193532369,19.444048379926794,18.48347447505843,18.36240160564266,18.08192738537018,1.0,1.0,1.0,1.0,1.0,1.0,1.0,1.0,1.0,1.0
144.75,4.0,16.715557517048225,17.675679568792532,16.86401259631137,16.182950568909174,17.864316209784654,18.41352675067603,20.216979454633666,20.10914837152795,21.767248884579452,21.14517138625772,1.0,1.0,1.0,1.0,1.0,1.0,1.0,1.0,1.0,1.0
145.0,1.0,0.0,0.0,0.0,0.0,0.0,0.0,0.0,0.0,0.0,0.0,0.0,0.0,0.0,0.0,0.0,0.0,0.0,0.0,0.0,0.0
145.25,2.0,0.0,0.0,0.0,0.0,0.0,0.0,0.0,0.0,0.0,0.0,0.0,0.0,0.0,0.0,0.0,0.0,0.0,0.0,0.0,0.0
145.5,3.0,18.56983736432342,17.19356104430776,17.17304541660522,19.62131381886014,19.197837172615692,18.49293106315457,18.62409079666229,18.69660596798938,18.488431902724567,18.35902972222184,1.0,1.0,1.0,1.0,1.0,1.0,1.0,1.0,1.0,1.0
145.75,4.0,0.0,0.0,0.0,0.0,0.0,0.0,0.0,0.0,0.0,0.0,0.0,0.0,0.0,0.0,0.0,0.0,0.0,0.0,0.0,0.0
146.0,1.0,19.462102469668498,19.075063704407697,20.089411495062375,20.292680121232813,20.11883784887422,21.15368312979012,21.16119735333812,21.650710212852957,21.72184461215695,22.04901887735497,1.0,1.0,1.0,1.0,1.0,1.0,1.0,1.0,1.0,1.0
146.25,2.0,19.577006246057806,19.094566528642307,18.996822772006567,19.43130162451692,19.076146274831615,20.662287542528006,19.467384514262104,18.929290595667705,19.508707788131144,19.808159712494692,1.0,1.0,1.0,1.0,1.0,1.0,1.0,1.0,1.0,1.0
146.5,3.0,0.0,0.0,0.0,0.0,0.0,0.0,0.0,0.0,0.0,0.0,0.0,0.0,0.0,0.0,0.0,0.0,0.0,0.0,0.0,0.0
146.75,4.0,18.078472676234583,18.13566897042503,18.577661776809588,18.422890643683086,19.75918959516108,20.003748334227005,19.3662903660225,20.33886746338433,20.922353036735814,20.31691310085429,1.0,1.0,1.0,1.0,1.0,1.0,1.0,1.0,1.0,1.0
147.0,1.0,19.404618973007878,19.09357109939115,19.880639268024613,20.405879818341255,20.387843331146772,20.901491489733754,21.432129996896176,20.641827949537323,20.79684177314264,20.85454619707491,1.0,1.0,1.0,1.0,1.0,1.0,1.0,1.0,1.0,1.0
147.25,2.0,0.0,0.0,0.0,0.0,0.0,0.0,0.0,0.0,0.0,0.0,0.0,0.0,0.0,0.0,0.0,0.0,0.0,0.0,0.0,0.0
147.5,3.0,18.492414113350833,17.463027981786794,17.798634039742108,17.857792529386217,17.796353397991332,17.895064350276986,17.106850422470515,17.458286205589864,17.385975585392664,16.957266185270022,1.0,1.0,1.0,1.0,1.0,1.0,1.0,1.0,1.0,1.0
147.75,4.0,18.783043733797495,18.84221080500361,19.44956046594027,18.75369263872194,19.9111320227903,19.863096065773117,20.103117189712854,20.012999080560526,21.603835573461254,21.309737276069367,1.0,1.0,1.0,1.0,1.0,1.0,1.0,1.0,1.0,1.0
148.0,1.0,0.0,0.0,0.0,0.0,0.0,0.0,0.0,0.0,0.0,0.0,0.0,0.0,0.0,0.0,0.0,0.0,0.0,0.0,0.0,0.0
148.25,2.0,20.32353100031082,19.372108948711375,19.322138745386134,20.168257183149517,19.75114897802015,20.8126240775946,20.23266405863987,19.768027838709408,19.019823920660315,20.34296154724928,1.0,1.0,1.0,1.0,1.0,1.0,1.0,1.0,1.0,1.0
148.5,3.0,0.0,0.0,0.0,0.0,0.0,0.0,0.0,0.0,0.0,0.0,0.0,0.0,0.0,0.0,0.0,0.0,0.0,0.0,0.0,0.0
148.75,4.0,0.0,0.0,0.0,0.0,0.0,0.0,0.0,0.0,0.0,0.0,0.0,0.0,0.0,0.0,0.0,0.0,0.0,0.0,0.0,0.0
149.0,1.0,18.82352587689686,19.865291889611964,20.813815837714408,21.731802342343517,20.726151437726255,21.45196818615625,21.78037175282709,20.940932327387426,21.445403627910625,20.327025056190294,1.0,1.0,1.0,1.0,1.0,1.0,1.0,1.0,1.0,1.0
149.25,2.0,20.050495598588757,19.047036623761002,19.16851921657367,20.995918143106334,20.103945164402433,21.141598518608713,20.722371298017947,20.927563252647907,19.79267168153545,20.300216976304235,1.0,1.0,1.0,1.0,1.0,1.0,1.0,1.0,1.0,1.0
149.5,3.0,18.8866711619267,17.569463452311886,17.157857118937287,15.988068068645369,14.926661795689839,15.661454544295319,17.052116295882424,18.309414626938942,18.255783846396213,18.189795389871634,1.0,1.0,1.0,1.0,1.0,1.0,1.0,1.0,1.0,1.0
149.75,4.0,18.661927759006183,19.725921922901723,19.627893932631462,19.84165531913636,20.77016427699307,19.675833862511467,21.0296274542491,19.284328128687964,20.65353656290043,21.01047871942576,1.0,1.0,1.0,1.0,1.0,1.0,1.0,1.0,1.0,1.0
150.0,1.0,19.162169995314198,20.043427308009743,21.741906385479098,21.97400140415595,21.40240202893315,21.661754813307457,20.979270399572755,20.65991272698176,20.980314251778466,19.68875907927078,1.0,1.0,1.0,1.0,1.0,1.0,1.0,1.0,1.0,1.0
150.25,2.0,0.0,0.0,0.0,0.0,0.0,0.0,0.0,0.0,0.0,0.0,0.0,0.0,0.0,0.0,0.0,0.0,0.0,0.0,0.0,0.0
150.5,3.0,19.48530300518392,16.81175645523111,15.595714801398982,15.172155858385269,14.036494947139987,15.115089431005199,15.22774730272798,18.184399897707127,18.48818673099103,18.829398267123224,1.0,1.0,1.0,1.0,1.0,1.0,1.0,1.0,1.0,1.0
150.75,4.0,18.347824417996538,19.329733493430908,18.25246407139238,19.159312877671248,21.199516929786622,20.207272387974946,21.008068291983676,19.547232205754156,20.201794272087824,20.180401809879502,1.0,1.0,1.0,1.0,1.0,1.0,1.0,1.0,1.0,1.0
151.0,1.0,19.756180931192752,20.52476342988265,22.87192590951485,23.288929947876706,22.265134773608835,22.123573343659334,20.884724026600896,20.97160527669454,20.624435413748092,20.28340280848332,1.0,1.0,1.0,1.0,1.0,1.0,1.0,1.0,1.0,1.0
151.25,2.0,20.49982495596919,19.389631736894692,19.22916948021076,19.07968022842878,20.134294447575762,21.628996046747808,21.08159370788812,18.459258893200996,18.746565780158047,18.529488898352284,1.0,1.0,1.0,1.0,1.0,1.0,1.0,1.0,1.0,1.0
151.5,3.0,0.0,0.0,0.0,0.0,0.0,0.0,0.0,0.0,0.0,0.0,0.0,0.0,0.0,0.0,0.0,0.0,0.0,0.0,0.0,0.0
151.75,4.0,18.91191049268766,18.792434630942324,18.36607294258222,18.7881828840961,21.529789588145043,20.70456321149786,20.72196447448585,20.372661055877064,20.911225386512267,21.79982721473283,1.0,1.0,1.0,1.0,1.0,1.0,1.0,1.0,1.0,1.0
152.0,1.0,20.78052431658884,21.327836445227245,24.059994212605808,22.73462812091798,23.576822797957636,21.8261380563962,21.0607333107388,20.27787265975749,19.63369414948432,19.942617504699257,1.0,1.0,1.0,1.0,1.0,1.0,1.0,1.0,1.0,1.0
152.25,2.0,0.0,0.0,0.0,0.0,0.0,0.0,0.0,0.0,0.0,0.0,0.0,0.0,0.0,0.0,0.0,0.0,0.0,0.0,0.0,0.0
152.5,3.0,17.97967621760466,15.394606228421358,14.366189450402043,14.048420797832906,15.97749146152852,17.267148148062393,18.901722643947533,19.620122194023082,20.623118952003566,20.162297976067443,1.0,1.0,1.0,1.0,1.0,1.0,1.0,1.0,1.0,1.0
152.75,4.0,18.37380632015492,18.809719680274696,19.79799252849198,19.697805030188825,20.822721852534656,21.242446529075238,21.46262160647517,21.571857321966572,21.805367472797663,22.726768613553936,1.0,1.0,1.0,1.0,1.0,1.0,1.0,1.0,1.0,1.0
153.0,1.0,0.0,0.0,0.0,0.0,0.0,0.0,0.0,0.0,0.0,0.0,0.0,0.0,0.0,0.0,0.0,0.0,0.0,0.0,0.0,0.0
153.25,2.0,0.0,0.0,0.0,0.0,0.0,0.0,0.0,0.0,0.0,0.0,0.0,0.0,0.0,0.0,0.0,0.0,0.0,0.0,0.0,0.0
153.5,3.0,17.863307307122984,14.983919571800868,14.409226454651293,14.747474187084107,16.585538413492213,18.858521342355655,19.999707069159495,19.961806780288615,20.092475059644297,18.29033703539663,1.0,1.0,1.0,1.0,1.0,1.0,1.0,1.0,1.0,1.0
153.75,4.0,0.0,0.0,0.0,0.0,0.0,0.0,0.0,0.0,0.0,0.0,0.0,0.0,0.0,0.0,0.0,0.0,0.0,0.0,0.0,0.0
154.0,1.0,20.779969439922755,20.353541721924387,21.15816326551359,23.461499835625496,23.90993382464618,23.371646064561833,22.075319680095614,22.164139020463406,22.387880380532188,22.185331162942564,1.0,1.0,1.0,1.0,1.0,1.0,1.0,1.0,1.0,1.0
154.25,2.0,18.515690579281742,19.422678659787245,19.248021426402182,19.09291350174219,18.75744702452111,19.12491862523409,19.248205381223382,18.14615996194161,18.188230174831414,17.73729477271288,1.0,1.0,1.0,1.0,1.0,1.0,1.0,1.0,1.0,1.0
154.5,3.0,0.0,0.0,0.0,0.0,0.0,0.0,0.0,0.0,0.0,0.0,0.0,0.0,0.0,0.0,0.0,0.0,0.0,0.0,0.0,0.0
154.75,4.0,19.275834686791832,20.385406817043297,21.118941084504907,21.811876988384554,21.455978364424258,21.76840624160094,22.095732657884227,22.2053917786909,22.37390338838042,21.434994524709193,1.0,1.0,1.0,1.0,1.0,1.0,1.0,1.0,1.0,1.0
155.0,1.0,20.183329622716574,20.495032468215264,22.025730611895888,23.516896948408313,24.743564570665416,23.387921589278463,21.99379256508023,22.302219117861018,22.314180434985357,21.898419999072043,1.0,1.0,1.0,1.0,1.0,1.0,1.0,1.0,1.0,1.0
155.25,2.0,0.0,0.0,0.0,0.0,0.0,0.0,0.0,0.0,0.0,0.0,0.0,0.0,0.0,0.0,0.0,0.0,0.0,0.0,0.0,0.0
155.5,3.0,16.03445694203056,16.119635304288163,17.44367408928765,19.993556079437457,20.542548530118804,21.590856118897797,20.33493986199684,19.463215152145807,19.20970254297554,17.860724640143864,1.0,1.0,1.0,1.0,1.0,1.0,1.0,1.0,1.0,1.0
155.75,4.0,20.20017998639641,20.2178726691031,20.61367552600175,21.043241164606908,21.363874922843074,21.641390406521637,22.00118316166925,21.46923145195913,20.813722667043198,20.34667595308586,1.0,1.0,1.0,1.0,1.0,1.0,1.0,1.0,1.0,1.0
156.0,1.0,0.0,0.0,0.0,0.0,0.0,0.0,0.0,0.0,0.0,0.0,0.0,0.0,0.0,0.0,0.0,0.0,0.0,0.0,0.0,0.0
156.25,2.0,18.708896252620168,19.321128186526344,19.04058619937581,18.7953059579565,18.45308159911915,17.888834515028933,18.54955544234328,18.54299676830716,17.475595429343322,18.064080537738064,1.0,1.0,1.0,1.0,1.0,1.0,1.0,1.0,1.0,1.0
156.5,3.0,0.0,0.0,0.0,0.0,0.0,0.0,0.0,0.0,0.0,0.0,0.0,0.0,0.0,0.0,0.0,0.0,0.0,0.0,0.0,0.0
156.75,4.0,0.0,0.0,0.0,0.0,0.0,0.0,0.0,0.0,0.0,0.0,0.0,0.0,0.0,0.0,0.0,0.0,0.0,0.0,0.0,0.0
157.0,1.0,20.553440468323107,21.98014904568987,23.30953337450702,22.421341554308178,21.849399958192137,22.80810994293051,22.341153166766848,22.788536781519756,23.81472121932522,24.188483776471827,1.0,1.0,1.0,1.0,1.0,1.0,1.0,1.0,1.0,1.0
157.25,2.0,18.213083381311108,19.736021669883286,19.823422394592253,18.565738005408146,18.168421109324132,17.262455180404945,17.39131290394209,16.856349670189104,16.801792144399318,17.313990460996163,1.0,1.0,1.0,1.0,1.0,1.0,1.0,1.0,1.0,1.0
157.5,3.0,17.105255158329644,18.723196520292163,20.51283113512069,21.28742252991223,20.021259722497007,20.7056044625444,20.559050532485404,19.760987965920165,18.722615309337588,18.230846201934234,1.0,1.0,1.0,1.0,1.0,1.0,1.0,1.0,1.0,1.0
157.75,4.0,18.346042272781283,19.73807022123781,21.080734362908515,22.327976494287658,23.332902691280804,22.455410931264566,22.646802072574573,21.67355546951738,21.04949899859372,19.65755392923704,1.0,1.0,1.0,1.0,1.0,1.0,1.0,1.0,1.0,1.0
158.0,1.0,20.34956582030113,22.47647251309759,22.553624983986882,21.96042594411526,23.533186619766163,24.448751715376524,23.33778949314986,24.068674395320272,23.821917956162267,23.58508557113015,1.0,1.0,1.0,1.0,1.0,1.0,1.0,1.0,1.0,1.0
158.25,2.0,0.0,0.0,0.0,0.0,0.0,0.0,0.0,0.0,0.0,0.0,0.0,0.0,0.0,0.0,0.0,0.0,0.0,0.0,0.0,0.0
158.5,3.0,19.078378102604546,19.981558945259664,20.11163470215087,20.326556067685335,20.617047089365528,20.74129951596208,19.763795332020926,19.51490145740224,18.493917715138792,18.26369819334082,1.0,1.0,1.0,1.0,1.0,1.0,1.0,1.0,1.0,1.0
158.75,4.0,18.742709415155858,20.70543833037364,21.933464510221082,23.324687490993327,22.84344806698554,21.071225930897455,21.739238199991817,21.622063151610874,20.995880479658176,19.30646576255929,1.0,1.0,1.0,1.0,1.0,1.0,1.0,1.0,1.0,1.0
159.0,1.0,21.332244878387982,22.555642892053445,21.699350849256255,23.02092750401427,25.798062674127927,25.60843652677275,23.651747962914925,23.79187184923926,23.981122891428534,23.656821748352918,1.0,1.0,1.0,1.0,1.0,1.0,1.0,1.0,1.0,1.0
159.25,2.0,19.646792804765717,19.00554189776596,17.846839586473187,18.572001827314033,19.569439874907157,18.831501438795435,18.658862596359803,17.189203015037318,16.519606992366107,17.398572707337483,1.0,1.0,1.0,1.0,1.0,1.0,1.0,1.0,1.0,1.0
159.5,3.0,0.0,0.0,0.0,0.0,0.0,0.0,0.0,0.0,0.0,0.0,0.0,0.0,0.0,0.0,0.0,0.0,0.0,0.0,0.0,0.0
159.75,4.0,19.576402502702063,21.260505756023022,22.670044646935807,22.863296859543617,20.628024304702404,19.637716374595993,20.10109709987328,20.068464376812365,20.48410796027326,19.305648949530127,1.0,1.0,1.0,1.0,1.0,1.0,1.0,1.0,1.0,1.0
160.0,1.0,21.90163780072077,21.278523250241047,21.80660829846439,23.091710776568995,26.409843157912206,26.765326895982383,25.031877359819035,24.54415028504253,24.304001529110575,23.269987466900684,1.0,1.0,1.0,1.0,1.0,1.0,1.0,1.0,1.0,1.0
160.25,2.0,0.0,0.0,0.0,0.0,0.0,0.0,0.0,0.0,0.0,0.0,0.0,0.0,0.0,0.0,0.0,0.0,0.0,0.0,0.0,0.0
160.5,3.0,18.677441346421276,19.29584045769204,20.768770098257914,20.477444531465,19.3738029135622,19.50443146232059,18.504590213012225,19.406202881272893,17.98746027196727,17.51337625851682,1.0,1.0,1.0,1.0,1.0,1.0,1.0,1.0,1.0,1.0
160.75,4.0,21.071192506398262,21.038436740168915,21.490639586324765,22.005750261803144,20.97750293888359,19.360163431466166,19.202911590694665,18.780678498665246,17.936303687651964,18.022567107032366,1.0,1.0,1.0,1.0,1.0,1.0,1.0,1.0,1.0,1.0
161.0,1.0,0.0,0.0,0.0,0.0,0.0,0.0,0.0,0.0,0.0,0.0,0.0,0.0,0.0,0.0,0.0,0.0,0.0,0.0,0.0,0.0
161.25,2.0,18.103058831020707,18.886995144429417,18.96382021767803,20.205292244741667,19.567582005089367,18.964663556340533,18.00007304963322,17.226445919068386,16.38819914649863,17.034899954923656,1.0,1.0,1.0,1.0,1.0,1.0,1.0,1.0,1.0,1.0
161.5,3.0,18.31019774721728,19.84751008187478,21.25133262675421,19.952456202946426,19.3205032552639,17.422357564179652,16.3937295450769,17.024403881272264,17.70422312434032,17.521703371178283,1.0,1.0,1.0,1.0,1.0,1.0,1.0,1.0,1.0,1.0
161.75,4.0,0.0,0.0,0.0,0.0,0.0,0.0,0.0,0.0,0.0,0.0,0.0,0.0,0.0,0.0,0.0,0.0,0.0,0.0,0.0,0.0
162.0,1.0,21.985853258300622,21.64321670458164,23.66838077101688,23.451572555458196,23.93663948585411,22.850808094636,22.60459226000532,22.90443876806304,22.853628814730204,22.411306095337824,1.0,1.0,1.0,1.0,1.0,1.0,1.0,1.0,1.0,1.0
162.25,2.0,18.745307963973744,18.88798042443101,19.8065144081703,19.485150924797157,18.696513035497226,18.58012338221862,18.31179909382016,17.56559678833885,17.18391256269338,17.93905301218935,1.0,1.0,1.0,1.0,1.0,1.0,1.0,1.0,1.0,1.0
162.5,3.0,0.0,0.0,0.0,0.0,0.0,0.0,0.0,0.0,0.0,0.0,0.0,0.0,0.0,0.0,0.0,0.0,0.0,0.0,0.0,0.0
162.75,4.0,18.612216048995887,19.474755391150953,19.82469342789603,21.0491207285679,20.121402307345246,18.943092656725383,18.321926316251776,18.321751583194104,19.09749636383545,19.839289634657142,1.0,1.0,1.0,1.0,1.0,1.0,1.0,1.0,1.0,1.0
163.0,1.0,21.270781549550822,21.562492306426616,23.02624893713502,22.673991668813464,23.416842845537616,22.99592100499988,22.71731722697048,22.473048106858258,21.60338698592814,21.449593756019205,1.0,1.0,1.0,1.0,1.0,1.0,1.0,1.0,1.0,1.0
163.25,2.0,0.0,0.0,0.0,0.0,0.0,0.0,0.0,0.0,0.0,0.0,0.0,0.0,0.0,0.0,0.0,0.0,0.0,0.0,0.0,0.0
163.5,3.0,20.09511587496382,20.91178768996221,19.339365119623658,16.95097929189047,17.540976543526973,16.158383528110022,16.005007928283625,16.21650407181543,16.48814883302049,16.274257164745336,1.0,1.0,1.0,1.0,1.0,1.0,1.0,1.0,1.0,1.0
163.75,4.0,17.91832228516846,18.832407607714913,19.232848515511726,19.70059909573099,18.763737322667605,17.767999966469727,19.065794657367974,20.004754612370306,21.96367050620218,20.796962361608074,1.0,1.0,1.0,1.0,1.0,1.0,1.0,1.0,1.0,1.0
164.0,1.0,20.76407899888011,21.842553681596982,21.515273592865412,22.585633677472295,22.954103560018186,22.32024433430735,20.502730033910314,21.285344091045538,20.49294404053625,21.244118584854107,1.0,1.0,1.0,1.0,1.0,1.0,1.0,1.0,1.0,1.0
164.25,2.0,21.473138346879153,22.012622259756274,21.92088724225659,19.9489240512657,19.96808136804723,19.418659077029723,19.615517743696408,18.72418500926256,18.14739273298643,18.374010836910486,1.0,1.0,1.0,1.0,1.0,1.0,1.0,1.0,1.0,1.0
164.5,3.0,0.0,0.0,0.0,0.0,0.0,0.0,0.0,0.0,0.0,0.0,0.0,0.0,0.0,0.0,0.0,0.0,0.0,0.0,0.0,0.0
164.75,4.0,17.814966413877983,18.14384116035625,19.391072618926188,20.05792085742693,18.47488653402504,18.052795060684044,19.7597966459214,21.272699787786237,22.497756802596868,21.25280856919074,1.0,1.0,1.0,1.0,1.0,1.0,1.0,1.0,1.0,1.0
165.0,1.0,19.976842920605012,21.527433595923753,21.353788107748684,21.701786126136582,21.45746313352048,20.24671074715088,19.52596526356869,21.04767396627652,20.579462239043007,21.542906416340116,1.0,1.0,1.0,1.0,1.0,1.0,1.0,1.0,1.0,1.0
165.25,2.0,22.341858762845835,23.20319596448825,22.0486246761997,21.402468779916315,21.002119333328093,20.16536067277544,20.71213093515225,19.055496181831437,18.31802290081816,17.538489695062538,1.0,1.0,1.0,1.0,1.0,1.0,1.0,1.0,1.0,1.0
165.5,3.0,20.402833443521867,18.498917792693526,16.315471567534846,16.046940849668992,16.593580578781893,15.424008039942503,16.425023209681427,17.186009012055877,18.576103547100033,17.917310756090775,1.0,1.0,1.0,1.0,1.0,1.0,1.0,1.0,1.0,1.0
165.75,4.0,17.521710825560888,18.624698350823362,19.46167578379927,19.67605760021757,20.760747148586642,21.458106584194155,21.789929629902538,22.490676501101195,22.444806231765796,21.441475443149166,1.0,1.0,1.0,1.0,1.0,1.0,1.0,1.0,1.0,1.0
166.0,1.0,0.0,0.0,0.0,0.0,0.0,0.0,0.0,0.0,0.0,0.0,0.0,0.0,0.0,0.0,0.0,0.0,0.0,0.0,0.0,0.0
166.25,2.0,0.0,0.0,0.0,0.0,0.0,0.0,0.0,0.0,0.0,0.0,0.0,0.0,0.0,0.0,0.0,0.0,0.0,0.0,0.0,0.0
166.5,3.0,19.381519102238517,17.455081162598002,16.978783189422572,16.06277567688291,16.978817039735517,17.26603240459207,17.809799349466356,19.022753606979396,19.469640689517117,18.691169312396532,1.0,1.0,1.0,1.0,1.0,1.0,1.0,1.0,1.0,1.0
166.75,4.0,0.0,0.0,0.0,0.0,0.0,0.0,0.0,0.0,0.0,0.0,0.0,0.0,0.0,0.0,0.0,0.0,0.0,0.0,0.0,0.0
167.0,1.0,20.058031408225283,21.4220485308889,20.741312983161155,20.930530407789934,18.61838993449672,18.29171549702087,18.971038775919077,18.643606438195633,18.628209054081196,18.833825608863307,1.0,1.0,1.0,1.0,1.0,1.0,1.0,1.0,1.0,1.0
167.25,2.0,21.434976599092863,21.864153428666995,21.745043553533538,20.988689522264437,18.507987402566496,17.661696117981283,17.403293919923584,16.16263644822346,14.508290924263074,14.756215497913187,1.0,1.0,1.0,1.0,1.0,1.0,1.0,1.0,1.0,1.0
167.5,3.0,0.0,0.0,0.0,0.0,0.0,0.0,0.0,0.0,0.0,0.0,0.0,0.0,0.0,0.0,0.0,0.0,0.0,0.0,0.0,0.0
167.75,4.0,18.50951270000289,21.178260538455106,21.11932239795345,20.469719463475847,21.187356959672996,21.091821353289987,20.458580470782284,20.795364575421345,20.952580721752312,20.72345238079025,1.0,1.0,1.0,1.0,1.0,1.0,1.0,1.0,1.0,1.0
168.0,1.0,20.00879388564476,20.78368720387682,20.954383799085537,20.474983100704037,19.717549291788256,18.25817308610508,18.761057478515433,18.668739940365697,18.111212497678444,18.478636487441804,1.0,1.0,1.0,1.0,1.0,1.0,1.0,1.0,1.0,1.0
168.25,2.0,0.0,0.0,0.0,0.0,0.0,0.0,0.0,0.0,0.0,0.0,0.0,0.0,0.0,0.0,0.0,0.0,0.0,0.0,0.0,0.0
168.5,3.0,17.50421218351685,17.639318666777694,20.067672849919617,19.205447142918757,18.377505435858374,17.739273244772576,18.028967724377928,18.47655434588495,18.10271637573671,17.76606941518182,1.0,1.0,1.0,1.0,1.0,1.0,1.0,1.0,1.0,1.0
168.75,4.0,19.769169862094188,20.930007310380358,21.546827331338513,21.107268341183307,20.241838042683504,20.353575743514188,20.01002963880056,20.997016049549362,20.45449667846904,19.958994473884818,1.0,1.0,1.0,1.0,1.0,1.0,1.0,1.0,1.0,1.0
169.0,1.0,0.0,0.0,0.0,0.0,0.0,0.0,0.0,0.0,0.0,0.0,0.0,0.0,0.0,0.0,0.0,0.0,0.0,0.0,0.0,0.0
169.25,2.0,21.37495829442641,20.740864501997258,20.476617191549437,19.286536030138933,18.231737311639534,16.79865415867678,15.69695741140214,14.000980072468714,12.732702234296456,12.125172825689145,1.0,1.0,1.0,1.0,1.0,1.0,1.0,1.0,1.0,1.0
169.5,3.0,0.0,0.0,0.0,0.0,0.0,0.0,0.0,0.0,0.0,0.0,0.0,0.0,0.0,0.0,0.0,0.0,0.0,0.0,0.0,0.0
169.75,4.0,0.0,0.0,0.0,0.0,0.0,0.0,0.0,0.0,0.0,0.0,0.0,0.0,0.0,0.0,0.0,0.0,0.0,0.0,0.0,0.0
170.0,1.0,19.67751472820667,19.296929815792954,19.542140461951902,19.954720538614026,18.804469888177593,17.041006680200194,17.088728808267447,17.400405420622857,17.832271369682008,17.35857896528791,1.0,1.0,1.0,1.0,1.0,1.0,1.0,1.0,1.0,1.0
170.25,2.0,21.72329627311209,19.90809201405817,19.93319414260273,16.933047514209484,15.43816858063184,14.624480678600191,14.128957739102821,13.366788337894738,12.901197029569747,12.21329837417895,1.0,1.0,1.0,1.0,1.0,1.0,1.0,1.0,1.0,1.0
170.5,3.0,0.0,0.0,0.0,0.0,0.0,0.0,0.0,0.0,0.0,0.0,0.0,0.0,0.0,0.0,0.0,0.0,0.0,0.0,0.0,0.0
170.75,4.0,20.228796403442765,20.68300122912834,20.183787811501393,19.341384243333604,20.430616114391412,20.436392542305825,21.447187507432712,21.495655021107485,21.068424812248292,20.867653408582843,1.0,1.0,1.0,1.0,1.0,1.0,1.0,1.0,1.0,1.0
171.0,1.0,19.04193179439893,18.18494063089767,19.169017123352358,19.092579056284556,18.551146729596724,17.044920087072793,16.98283617335245,16.432926046707205,17.15131817783747,17.467737956134858,1.0,1.0,1.0,1.0,1.0,1.0,1.0,1.0,1.0,1.0
171.25,2.0,0.0,0.0,0.0,0.0,0.0,0.0,0.0,0.0,0.0,0.0,0.0,0.0,0.0,0.0,0.0,0.0,0.0,0.0,0.0,0.0
171.5,3.0,18.194419182462422,18.691639348405776,18.02932172216799,17.777696789172357,17.805009440688725,17.885640572599797,17.331339689363013,17.820005840466404,18.2544316482909,17.947948640465597,1.0,1.0,1.0,1.0,1.0,1.0,1.0,1.0,1.0,1.0
171.75,4.0,20.22952698849718,21.287529297925367,20.40788974117072,20.20333095672763,21.044981207103216,20.663120249391866,20.71467396884315,20.793259366187655,20.214866889609752,19.987738395223204,1.0,1.0,1.0,1.0,1.0,1.0,1.0,1.0,1.0,1.0
172.0,1.0,18.593261869169055,18.556845375907702,19.478141338717005,19.31168938182834,18.097227833771406,17.037521665548013,17.23406036669502,17.56962436932496,18.3260244635138,18.30674559969318,1.0,1.0,1.0,1.0,1.0,1.0,1.0,1.0,1.0,1.0
172.25,2.0,19.237622089804525,19.31316427787964,18.302749622215984,15.043058267016688,14.59347082063339,14.675110154145575,14.450322064360014,14.443949913352562,13.832138032729754,13.263049919258119,1.0,1.0,1.0,1.0,1.0,1.0,1.0,1.0,1.0,1.0
172.5,3.0,0.0,0.0,0.0,0.0,0.0,0.0,0.0,0.0,0.0,0.0,0.0,0.0,0.0,0.0,0.0,0.0,0.0,0.0,0.0,0.0
172.75,4.0,19.876735194662817,21.726261713759943,20.39751308822566,19.5017156021487,19.680424451789722,19.697891819096675,19.770103670937097,20.346130019681716,20.451512975847947,19.737371983408025,1.0,1.0,1.0,1.0,1.0,1.0,1.0,1.0,1.0,1.0
173.0,1.0,17.990132178190436,17.108698320576398,17.95611200620561,17.195700342853954,17.43519192465921,16.051324277010995,17.23384489657611,17.296498025414188,17.346412687710618,18.170189628742715,1.0,1.0,1.0,1.0,1.0,1.0,1.0,1.0,1.0,1.0
173.25,2.0,18.92137940651972,19.09359256813794,17.076289331081206,15.2961284939447,13.719722554478327,13.749817263034279,14.456990495929137,14.770517727600327,14.673137323063036,14.178092585237367,1.0,1.0,1.0,1.0,1.0,1.0,1.0,1.0,1.0,1.0
173.5,3.0,18.82609280418752,19.508771329955827,18.985809223675414,18.121803063547887,18.23882301672486,19.41350830568303,18.932655126726548,19.217449911594375,18.995826909423243,19.342017212087484,1.0,1.0,1.0,1.0,1.0,1.0,1.0,1.0,1.0,1.0
173.75,4.0,20.566177332056313,21.57869382894304,19.323618388675982,19.356832218068707,18.576061710726886,19.514658661560635,19.73730653924975,19.398686873854967,19.804779226930297,19.513186759967297,1.0,1.0,1.0,1.0,1.0,1.0,1.0,1.0,1.0,1.0
174.0,1.0,0.0,0.0,0.0,0.0,0.0,0.0,0.0,0.0,0.0,0.0,0.0,0.0,0.0,0.0,0.0,0.0,0.0,0.0,0.0,0.0
174.25,2.0,0.0,0.0,0.0,0.0,0.0,0.0,0.0,0.0,0.0,0.0,0.0,0.0,0.0,0.0,0.0,0.0,0.0,0.0,0.0,0.0
174.5,3.0,18.38696408945623,18.975758773785838,18.391160384866005,17.38194209397191,18.329264022154646,19.335011958710144,18.9211120391849,20.18882498762406,19.4587622005273,19.89026000398369,1.0,1.0,1.0,1.0,1.0,1.0,1.0,1.0,1.0,1.0
174.75,4.0,0.0,0.0,0.0,0.0,0.0,0.0,0.0,0.0,0.0,0.0,0.0,0.0,0.0,0.0,0.0,0.0,0.0,0.0,0.0,0.0
175.0,1.0,16.273662447411077,16.781872297815056,17.0371000760856,16.17009215278412,16.762406809523323,17.553682405524842,18.880310553500482,18.584037349131812,17.5637940613393,19.10762002964291,1.0,1.0,1.0,1.0,1.0,1.0,1.0,1.0,1.0,1.0
175.25,2.0,18.6626703930507,16.768649018880403,15.080917984945522,13.873468107115867,14.204200894257367,13.663253175937431,13.457972809365177,13.377810988602588,13.617250956494399,13.089712703015538,1.0,1.0,1.0,1.0,1.0,1.0,1.0,1.0,1.0,1.0
175.5,3.0,0.0,0.0,0.0,0.0,0.0,0.0,0.0,0.0,0.0,0.0,0.0,0.0,0.0,0.0,0.0,0.0,0.0,0.0,0.0,0.0
175.75,4.0,20.101492023528408,18.607676877363787,17.465434008764724,17.784251094384157,18.13518336786435,17.902449691237813,18.66863103984193,17.948326805485383,17.994975237547997,19.24240321994344,1.0,1.0,1.0,1.0,1.0,1.0,1.0,1.0,1.0,1.0
176.0,1.0,16.528471677967925,16.494782390314143,16.44769662376963,15.620485438402113,17.706910666199285,18.60014248314785,18.92617149816819,18.84359997880156,19.013158658719846,20.148334047306438,1.0,1.0,1.0,1.0,1.0,1.0,1.0,1.0,1.0,1.0
176.25,2.0,0.0,0.0,0.0,0.0,0.0,0.0,0.0,0.0,0.0,0.0,0.0,0.0,0.0,0.0,0.0,0.0,0.0,0.0,0.0,0.0
176.5,3.0,17.499172460804854,17.21532277960887,16.68641121735422,17.956602282161917,20.348003976291466,20.4193143467603,19.847068145744743,19.63625133165676,19.26059891652547,19.707237446661633,1.0,1.0,1.0,1.0,1.0,1.0,1.0,1.0,1.0,1.0
176.75,4.0,17.911936356193245,18.235885318481046,17.76553220341439,18.090559620025648,18.189654595445177,18.33322206746602,18.2138919930239,18.251994490223066,18.007432462293245,18.68124175697601,1.0,1.0,1.0,1.0,1.0,1.0,1.0,1.0,1.0,1.0
177.0,1.0,0.0,0.0,0.0,0.0,0.0,0.0,0.0,0.0,0.0,0.0,0.0,0.0,0.0,0.0,0.0,0.0,0.0,0.0,0.0,0.0
177.25,2.0,17.10892421822582,13.857997559726076,12.198537646612989,11.333434900115034,13.697084717820038,13.626265406381883,14.602363347839713,14.21143131722037,14.017424002723253,13.563665751995776,1.0,1.0,1.0,1.0,1.0,1.0,1.0,1.0,1.0,1.0
177.5,3.0,0.0,0.0,0.0,0.0,0.0,0.0,0.0,0.0,0.0,0.0,0.0,0.0,0.0,0.0,0.0,0.0,0.0,0.0,0.0,0.0
177.75,4.0,0.0,0.0,0.0,0.0,0.0,0.0,0.0,0.0,0.0,0.0,0.0,0.0,0.0,0.0,0.0,0.0,0.0,0.0,0.0,0.0
178.0,1.0,17.126502810944398,17.029184562995543,16.012389580056347,16.43061787889449,18.530765945522308,19.065230074928625,19.062831464691868,19.88129361321071,19.304874732102547,20.02015523277654,1.0,1.0,1.0,1.0,1.0,1.0,1.0,1.0,1.0,1.0
178.25,2.0,16.80669262942625,13.853530492851169,12.541354129223642,12.20636920371372,14.030353072342542,14.44650969052251,13.943764640651258,13.932032421066795,13.824556007403727,13.765399351951944,1.0,1.0,1.0,1.0,1.0,1.0,1.0,1.0,1.0,1.0
178.5,3.0,0.0,0.0,0.0,0.0,0.0,0.0,0.0,0.0,0.0,0.0,0.0,0.0,0.0,0.0,0.0,0.0,0.0,0.0,0.0,0.0
178.75,4.0,17.073533695850298,18.403062162809594,18.26548351649125,19.479317285948998,19.38288879862218,19.314662714445735,19.063371912480644,19.196009348642217,17.359854419832207,18.517687502525714,1.0,1.0,1.0,1.0,1.0,1.0,1.0,1.0,1.0,1.0
179.0,1.0,16.213564974184315,15.61292866391468,16.437820073713205,16.588661651768973,18.963406268575604,18.372056655724457,18.74416880242831,19.936884443168356,18.70490792839954,20.369100279989283,1.0,1.0,1.0,1.0,1.0,1.0,1.0,1.0,1.0,1.0
179.25,2.0,0.0,0.0,0.0,0.0,0.0,0.0,0.0,0.0,0.0,0.0,0.0,0.0,0.0,0.0,0.0,0.0,0.0,0.0,0.0,0.0
179.5,3.0,18.13914605568004,18.61346232844197,18.53822673309945,19.151197434736275,20.740268032527215,19.98937322995825,20.240339976883735,20.573332695259154,19.470312308536727,19.567423629566743,1.0,1.0,1.0,1.0,1.0,1.0,1.0,1.0,1.0,1.0
179.75,4.0,17.705049378454465,18.013125275183093,18.172170036330666,19.771931181030237,19.943108674560126,19.28871643924565,18.778302703523334,18.66703150946065,17.799759537436366,19.73946214091646,1.0,1.0,1.0,1.0,1.0,1.0,1.0,1.0,1.0,1.0
180.0,1.0,15.3324063356587,15.139588534137955,16.11695021689261,15.394037082961765,18.169675546319706,17.89630473924046,17.992443558781694,18.959074756564696,18.577642768824894,20.801215778030688,1.0,1.0,1.0,1.0,1.0,1.0,1.0,1.0,1.0,1.0
180.25,2.0,14.27207187259851,13.313991343099351,13.060311361386468,13.645547096101057,14.715373048193674,15.058607365631893,15.332405816981561,15.702911604772883,16.1246931063317,16.34756015869191,1.0,1.0,1.0,1.0,1.0,1.0,1.0,1.0,1.0,1.0
180.5,3.0,0.0,0.0,0.0,0.0,0.0,0.0,0.0,0.0,0.0,0.0,0.0,0.0,0.0,0.0,0.0,0.0,0.0,0.0,0.0,0.0
180.75,4.0,18.14789796568354,18.20630060842356,18.238104104957095,19.483014196066698,20.281261033938588,19.60519668655833,20.337455363550262,19.77671593507066,19.430023182826485,20.973438222376185,1.0,1.0,1.0,1.0,1.0,1.0,1.0,1.0,1.0,1.0
181.0,1.0,16.836047544087307,15.586615458914952,15.579926092683154,15.198420107225225,16.98547584904247,16.708097335661474,17.50394307968993,19.413551846368694,18.991594342919683,20.065838193540547,1.0,1.0,1.0,1.0,1.0,1.0,1.0,1.0,1.0,1.0
181.25,2.0,0.0,0.0,0.0,0.0,0.0,0.0,0.0,0.0,0.0,0.0,0.0,0.0,0.0,0.0,0.0,0.0,0.0,0.0,0.0,0.0
181.5,3.0,20.521302080355177,19.848917843990556,19.72966611578809,19.01787102522915,19.094168090261824,17.51793294434572,16.419842546281092,16.456861384317442,16.661829939770847,17.665046107989383,1.0,1.0,1.0,1.0,1.0,1.0,1.0,1.0,1.0,1.0
181.75,4.0,18.382565609842377,18.236767150835473,18.51393594312137,19.56679582076922,19.583312709126627,19.596736051684296,19.949434646205784,20.3224695304504,19.616443865182486,20.76566017416124,1.0,1.0,1.0,1.0,1.0,1.0,1.0,1.0,1.0,1.0
182.0,1.0,0.0,0.0,0.0,0.0,0.0,0.0,0.0,0.0,0.0,0.0,0.0,0.0,0.0,0.0,0.0,0.0,0.0,0.0,0.0,0.0
182.25,2.0,0.0,0.0,0.0,0.0,0.0,0.0,0.0,0.0,0.0,0.0,0.0,0.0,0.0,0.0,0.0,0.0,0.0,0.0,0.0,0.0
182.5,3.0,20.57225186448963,19.99900801041595,18.54650339764608,18.16857666667048,17.045499075813147,15.046759363234887,15.266314542302505,15.488601190297334,16.58378479044208,17.070166308569068,1.0,1.0,1.0,1.0,1.0,1.0,1.0,1.0,1.0,1.0
182.75,4.0,0.0,0.0,0.0,0.0,0.0,0.0,0.0,0.0,0.0,0.0,0.0,0.0,0.0,0.0,0.0,0.0,0.0,0.0,0.0,0.0
183.0,1.0,15.672986102219038,16.141323252783273,15.88447536404928,15.932162468661671,18.372594804223734,17.95803331652689,20.049871557145572,20.84579078257478,21.511502240667426,22.049183561779305,1.0,1.0,1.0,1.0,1.0,1.0,1.0,1.0,1.0,1.0
183.25,2.0,15.555759079652255,15.16883706782167,13.324233379355345,13.658203371123653,15.100160604112784,15.070977525703249,15.297221138031674,15.150034770440918,15.967697946087764,16.481850022917012,1.0,1.0,1.0,1.0,1.0,1.0,1.0,1.0,1.0,1.0
183.5,3.0,0.0,0.0,0.0,0.0,0.0,0.0,0.0,0.0,0.0,0.0,0.0,0.0,0.0,0.0,0.0,0.0,0.0,0.0,0.0,0.0
183.75,4.0,17.760786906702233,17.60845731739937,16.87666238524832,18.607850267951672,19.251477643017648,17.83217948875587,17.95373281928346,18.436676177872677,18.222796655937344,19.493445326287144,1.0,1.0,1.0,1.0,1.0,1.0,1.0,1.0,1.0,1.0
184.0,1.0,16.182739866895346,16.63717564837023,16.981208726025194,17.51851990621989,19.304623340105596,19.075773640866814,20.44966860814253,21.494876955384488,21.175797285337325,21.079044654005898,1.0,1.0,1.0,1.0,1.0,1.0,1.0,1.0,1.0,1.0
184.25,2.0,0.0,0.0,0.0,0.0,0.0,0.0,0.0,0.0,0.0,0.0,0.0,0.0,0.0,0.0,0.0,0.0,0.0,0.0,0.0,0.0
184.5,3.0,18.719840599231823,17.484515106710464,16.60745349077005,16.495548696908454,16.370354681199238,15.892853978550411,17.17388187588659,16.71214267420664,17.27810246948086,16.700885702436718,1.0,1.0,1.0,1.0,1.0,1.0,1.0,1.0,1.0,1.0
184.75,4.0,17.23146627508608,18.00941686762893,17.55525111584658,19.562263079528257,19.060420029831278,18.086503579360784,18.214248704535407,18.790316471519386,19.56242338886875,19.855635474968803,1.0,1.0,1.0,1.0,1.0,1.0,1.0,1.0,1.0,1.0
185.0,1.0,0.0,0.0,0.0,0.0,0.0,0.0,0.0,0.0,0.0,0.0,0.0,0.0,0.0,0.0,0.0,0.0,0.0,0.0,0.0,0.0
185.25,2.0,13.9414019406573,13.832179244961607,13.51103510639872,13.709862908909184,15.092031273657895,16.079995426980947,16.3810492988631,17.62260545629348,17.06528033558031,16.657259690541544,1.0,1.0,1.0,1.0,1.0,1.0,1.0,1.0,1.0,1.0
185.5,3.0,0.0,0.0,0.0,0.0,0.0,0.0,0.0,0.0,0.0,0.0,0.0,0.0,0.0,0.0,0.0,0.0,0.0,0.0,0.0,0.0
185.75,4.0,0.0,0.0,0.0,0.0,0.0,0.0,0.0,0.0,0.0,0.0,0.0,0.0,0.0,0.0,0.0,0.0,0.0,0.0,0.0,0.0
186.0,1.0,15.763655300467711,17.25369986283865,19.260303664342086,19.931983608136807,21.289428885757292,21.005324847086737,21.27684905485031,20.922251550970422,20.239654879731226,20.26304664072214,1.0,1.0,1.0,1.0,1.0,1.0,1.0,1.0,1.0,1.0
186.25,2.0,14.29542575275553,14.28379293511651,14.088517896572318,14.524191468087896,16.18107623414568,15.905607994474272,16.56960786400555,17.278871003991704,17.10038187639127,16.66928130379271,1.0,1.0,1.0,1.0,1.0,1.0,1.0,1.0,1.0,1.0
186.5,3.0,0.0,0.0,0.0,0.0,0.0,0.0,0.0,0.0,0.0,0.0,0.0,0.0,0.0,0.0,0.0,0.0,0.0,0.0,0.0,0.0
186.75,4.0,17.62721908626696,18.736484230915348,16.583877136131512,17.628179245543123,18.531833100362107,18.397511360941074,19.020984661455923,20.4679325027641,21.01116372255449,21.762872831377166,1.0,1.0,1.0,1.0,1.0,1.0,1.0,1.0,1.0,1.0
187.0,1.0,16.630556822261056,17.97170918620377,20.42185470116633,20.189649234475112,21.71659858937814,20.2590433038317,20.29248252608752,20.206116061002888,20.64494760588724,21.114184704388098,1.0,1.0,1.0,1.0,1.0,1.0,1.0,1.0,1.0,1.0
187.25,2.0,0.0,0.0,0.0,0.0,0.0,0.0,0.0,0.0,0.0,0.0,0.0,0.0,0.0,0.0,0.0,0.0,0.0,0.0,0.0,0.0
187.5,3.0,16.070865928805063,16.00413933104345,15.844972126959123,17.679878089231856,17.388122270480515,16.872162884210216,17.137798830504483,17.033529151173784,16.68139461350242,15.89187352143188,1.0,1.0,1.0,1.0,1.0,1.0,1.0,1.0,1.0,1.0
187.75,4.0,16.602181774749177,17.047947668695826,15.281797225541785,16.31260173932556,18.3592560166795,19.181548432833413,20.73885616722709,21.011161557538763,20.86247751296289,21.58146101599005,1.0,1.0,1.0,1.0,1.0,1.0,1.0,1.0,1.0,1.0
188.0,1.0,18.16644240168329,19.22385749190485,20.755180948327194,19.604091074433658,20.50133830719874,19.584591100143825,20.211444059178614,20.480381496661124,20.25184348350206,20.468462601004177,1.0,1.0,1.0,1.0,1.0,1.0,1.0,1.0,1.0,1.0
188.25,2.0,15.311527619501298,15.348407938693843,14.772356019461833,15.580509026865712,15.00909887875982,14.506560241583452,15.330903895937388,16.932489901166477,17.61603953287195,17.918582008762797,1.0,1.0,1.0,1.0,1.0,1.0,1.0,1.0,1.0,1.0
188.5,3.0,0.0,0.0,0.0,0.0,0.0,0.0,0.0,0.0,0.0,0.0,0.0,0.0,0.0,0.0,0.0,0.0,0.0,0.0,0.0,0.0
188.75,4.0,15.96098747201958,15.975682318606012,15.786302476502927,16.969373405192087,20.841182339969173,21.270814760660212,21.53943960449193,21.374580143484955,20.774531237079128,22.20768548901947,1.0,1.0,1.0,1.0,1.0,1.0,1.0,1.0,1.0,1.0
189.0,1.0,19.503527366681002,19.165514792514934,20.40599590033629,19.928873960382145,19.65780747414936,19.128556349148134,20.040229893378303,20.46837050858895,20.35818235866352,20.325243432490524,1.0,1.0,1.0,1.0,1.0,1.0,1.0,1.0,1.0,1.0
189.25,2.0,0.0,0.0,0.0,0.0,0.0,0.0,0.0,0.0,0.0,0.0,0.0,0.0,0.0,0.0,0.0,0.0,0.0,0.0,0.0,0.0
189.5,3.0,15.988493041434745,16.572542365182052,17.75539977199464,17.53888807572882,15.95694151233209,16.016618211192036,15.523420265367722,16.10329480128425,16.916070270524255,17.361919607101715,1.0,1.0,1.0,1.0,1.0,1.0,1.0,1.0,1.0,1.0
189.75,4.0,16.24844432561036,17.287764182398465,17.016394119663342,20.317604029177772,21.84748662226412,21.578246765755505,21.407835973395724,21.534834863437787,22.819014240263282,23.974100847374704,1.0,1.0,1.0,1.0,1.0,1.0,1.0,1.0,1.0,1.0
190.0,1.0,0.0,0.0,0.0,0.0,0.0,0.0,0.0,0.0,0.0,0.0,0.0,0.0,0.0,0.0,0.0,0.0,0.0,0.0,0.0,0.0
190.25,2.0,0.0,0.0,0.0,0.0,0.0,0.0,0.0,0.0,0.0,0.0,0.0,0.0,0.0,0.0,0.0,0.0,0.0,0.0,0.0,0.0
190.5,3.0,15.305859762663813,16.064010305238245,17.087150856140543,17.62117482722233,16.635448419193832,15.634571257345756,15.271385231553868,15.864835646406867,17.1772844476024,17.333033694914437,1.0,1.0,1.0,1.0,1.0,1.0,1.0,1.0,1.0,1.0
190.75,4.0,0.0,0.0,0.0,0.0,0.0,0.0,0.0,0.0,0.0,0.0,0.0,0.0,0.0,0.0,0.0,0.0,0.0,0.0,0.0,0.0
191.0,1.0,20.092419993803063,20.32980019459523,21.696465081019735,20.4761393966268,20.965885076515466,20.596392501218812,21.36447357439064,22.30113401174125,20.625564685624678,19.368381438471943,1.0,1.0,1.0,1.0,1.0,1.0,1.0,1.0,1.0,1.0
191.25,2.0,15.856475737568964,14.801195846637858,15.925165620476855,18.30338147939104,17.89079115974589,18.03854102453762,17.29432047409625,17.80284097950031,18.09142684301829,16.82148226749686,1.0,1.0,1.0,1.0,1.0,1.0,1.0,1.0,1.0,1.0
191.5,3.0,0.0,0.0,0.0,0.0,0.0,0.0,0.0,0.0,0.0,0.0,0.0,0.0,0.0,0.0,0.0,0.0,0.0,0.0,0.0,0.0
191.75,4.0,18.071292830431588,20.822698899687918,23.00826052687228,24.0532601189789,22.349353891820954,22.004269459975593,22.57829160842053,22.158518075982677,20.925984935825404,22.15478495218943,1.0,1.0,1.0,1.0,1.0,1.0,1.0,1.0,1.0,1.0
192.0,1.0,20.45053237614626,21.496187499233773,21.607291865939917,19.80551602589521,19.97742649225466,20.04278589520487,20.597404114915793,21.529637277130455,19.56729987678401,17.989321033179383,1.0,1.0,1.0,1.0,1.0,1.0,1.0,1.0,1.0,1.0
192.25,2.0,0.0,0.0,0.0,0.0,0.0,0.0,0.0,0.0,0.0,0.0,0.0,0.0,0.0,0.0,0.0,0.0,0.0,0.0,0.0,0.0
192.5,3.0,16.60818118373265,17.374707220837095,16.830085137456862,17.23427340317377,18.92753201633814,17.655643070116177,17.55232712223156,19.025432625131387,18.425898876378472,19.53194611487142,1.0,1.0,1.0,1.0,1.0,1.0,1.0,1.0,1.0,1.0
192.75,4.0,18.677660384234173,22.436384550949445,23.580331594355076,23.143482309558262,22.22193412310058,21.307570925678224,21.968445333468477,21.435037508992657,21.33779844623982,21.855733462548425,1.0,1.0,1.0,1.0,1.0,1.0,1.0,1.0,1.0,1.0
193.0,1.0,0.0,0.0,0.0,0.0,0.0,0.0,0.0,0.0,0.0,0.0,0.0,0.0,0.0,0.0,0.0,0.0,0.0,0.0,0.0,0.0
193.25,2.0,17.002786483989325,16.92476399423109,17.491173134410232,17.58652098503836,18.050321875503716,20.262625634184378,19.72049270961179,20.207833748769882,18.96724161925205,18.091952369020255,1.0,1.0,1.0,1.0,1.0,1.0,1.0,1.0,1.0,1.0
193.5,3.0,0.0,0.0,0.0,0.0,0.0,0.0,0.0,0.0,0.0,0.0,0.0,0.0,0.0,0.0,0.0,0.0,0.0,0.0,0.0,0.0
193.75,4.0,0.0,0.0,0.0,0.0,0.0,0.0,0.0,0.0,0.0,0.0,0.0,0.0,0.0,0.0,0.0,0.0,0.0,0.0,0.0,0.0
194.0,1.0,18.922575170234257,20.289616333748636,19.031694143614914,18.37969054875195,18.73373079560339,18.49749535961425,17.989504264613245,18.381460564572585,18.124540368201462,16.943580645120925,1.0,1.0,1.0,1.0,1.0,1.0,1.0,1.0,1.0,1.0
194.25,2.0,16.984843166395382,16.69912267600266,16.62428116339979,17.658372986925663,18.18358815787274,20.035201646858223,19.070273237017012,20.134540158382794,20.283816930436366,20.060084297284504,1.0,1.0,1.0,1.0,1.0,1.0,1.0,1.0,1.0,1.0
194.5,3.0,17.963712251963017,17.363160656060824,17.331901657943778,17.206282757250026,17.7720611644439,17.518367625015753,17.799209220121114,17.812081528438306,17.56773467969998,18.14241942666339,1.0,1.0,1.0,1.0,1.0,1.0,1.0,1.0,1.0,1.0
194.75,4.0,21.933164475074744,23.606504126252734,22.970102402390552,23.08280861133632,21.85356535396579,21.1745373862288,21.53427331694881,20.974035433063918,20.31264878918155,21.316944123574558,1.0,1.0,1.0,1.0,1.0,1.0,1.0,1.0,1.0,1.0
195.0,1.0,18.63296449617722,19.843992886443232,18.17841214315298,18.01546141466384,18.645655332178322,18.284940912442494,17.79118837724085,18.390901652081947,17.856347404585136,16.53170389872078,1.0,1.0,1.0,1.0,1.0,1.0,1.0,1.0,1.0,1.0
195.25,2.0,0.0,0.0,0.0,0.0,0.0,0.0,0.0,0.0,0.0,0.0,0.0,0.0,0.0,0.0,0.0,0.0,0.0,0.0,0.0,0.0
195.5,3.0,17.56134858275618,17.871568250632166,18.60265990739966,17.991381478921113,18.24705342478889,18.191985959850623,18.951344965038047,18.37572304802322,18.50483755698511,19.05917858004953,1.0,1.0,1.0,1.0,1.0,1.0,1.0,1.0,1.0,1.0
195.75,4.0,20.53013073873705,21.277556719107736,21.89689460965864,21.80900226216573,21.410863422346562,21.65075998785205,21.48364986896027,21.303235570295787,20.677356713458526,21.92704759911113,1.0,1.0,1.0,1.0,1.0,1.0,1.0,1.0,1.0,1.0
196.0,1.0,19.39740761363463,19.6730472695653,18.46578329401865,18.097234392909062,17.795341960178543,17.790201669713287,17.628052227627272,18.196829065738736,18.677006870252924,17.436695091882303,1.0,1.0,1.0,1.0,1.0,1.0,1.0,1.0,1.0,1.0
196.25,2.0,16.35976303491694,16.18342748839968,17.112175391537146,18.9977286409873,20.104525506029987,20.488380600225756,20.67047431877101,21.162115420332512,20.346972417788525,20.46419506034921,1.0,1.0,1.0,1.0,1.0,1.0,1.0,1.0,1.0,1.0
196.5,3.0,0.0,0.0,0.0,0.0,0.0,0.0,0.0,0.0,0.0,0.0,0.0,0.0,0.0,0.0,0.0,0.0,0.0,0.0,0.0,0.0
196.75,4.0,20.659091525235976,21.652616109624176,21.38810538144957,20.240748333518663,22.199392133258893,22.069842530967502,21.836606002570857,21.770992570185008,21.42831554837267,22.051190648076975,1.0,1.0,1.0,1.0,1.0,1.0,1.0,1.0,1.0,1.0
197.0,1.0,20.284995377118523,18.823231826172464,18.217105459346243,18.424432421682607,18.549399811652904,18.078330001127124,17.805902609928232,17.82154978084184,18.12395801222738,16.839378981179944,1.0,1.0,1.0,1.0,1.0,1.0,1.0,1.0,1.0,1.0
197.25,2.0,0.0,0.0,0.0,0.0,0.0,0.0,0.0,0.0,0.0,0.0,0.0,0.0,0.0,0.0,0.0,0.0,0.0,0.0,0.0,0.0
197.5,3.0,18.849081628902688,19.462412742550647,18.201296077421862,18.653891760137437,19.92787494696264,19.202010716793836,19.086789535143218,18.874149141922988,19.336450402957993,20.072513107991757,1.0,1.0,1.0,1.0,1.0,1.0,1.0,1.0,1.0,1.0
197.75,4.0,21.489152564475436,22.284845882310403,21.190288011148343,21.13493995367423,23.471423338299704,21.648645316193925,22.29601285255247,21.65127609216321,21.284443010184912,21.838552946538325,1.0,1.0,1.0,1.0,1.0,1.0,1.0,1.0,1.0,1.0
198.0,1.0,0.0,0.0,0.0,0.0,0.0,0.0,0.0,0.0,0.0,0.0,0.0,0.0,0.0,0.0,0.0,0.0,0.0,0.0,0.0,0.0
198.25,2.0,17.356716539650023,17.108187757628222,16.352567389394007,19.09831162901914,19.11093076314088,19.591839515842796,19.723334183309017,21.604166985024687,20.946770813916885,20.705071290620157,1.0,1.0,1.0,1.0,1.0,1.0,1.0,1.0,1.0,1.0
198.5,3.0,19.044180393150377,18.60562916621926,18.063719845250418,19.07084629313249,19.12661075803552,18.55646941900683,18.87667449491801,18.697281254353975,19.00684000013977,19.47395327356008,1.0,1.0,1.0,1.0,1.0,1.0,1.0,1.0,1.0,1.0
198.75,4.0,0.0,0.0,0.0,0.0,0.0,0.0,0.0,0.0,0.0,0.0,0.0,0.0,0.0,0.0,0.0,0.0,0.0,0.0,0.0,0.0
199.0,1.0,17.94320149689405,17.299977928280658,18.28217221806639,18.573775294668085,18.680257769683724,17.71633951878739,19.146823402868407,17.897602796607845,18.580499717393852,17.154324352781035,1.0,1.0,1.0,1.0,1.0,1.0,1.0,1.0,1.0,1.0
199.25,2.0,16.945389471960716,17.391193336678747,16.769367268086402,18.57506867788906,17.423266852366613,19.07741601808345,19.62186469431241,21.138033791504444,20.81575682284518,19.14518164444302,1.0,1.0,1.0,1.0,1.0,1.0,1.0,1.0,1.0,1.0
199.5,3.0,0.0,0.0,0.0,0.0,0.0,0.0,0.0,0.0,0.0,0.0,0.0,0.0,0.0,0.0,0.0,0.0,0.0,0.0,0.0,0.0
199.75,4.0,20.79103689228439,19.699006173291416,21.567878172621104,20.19083318955283,21.462288452261227,20.89860987815508,20.540893499446693,20.58451449635457,20.04898586952842,19.748264739791384,1.0,1.0,1.0,1.0,1.0,1.0,1.0,1.0,1.0,1.0
200.0,1.0,18.29709700678156,18.58419608023978,18.41040224847417,18.442677499374668,19.97050722655725,19.261083739536325,19.247195730333036,18.107707016778406,17.761344930371756,17.379508989755248,1.0,1.0,1.0,1.0,1.0,1.0,1.0,1.0,1.0,1.0
200.25,2.0,0.0,0.0,0.0,0.0,0.0,0.0,0.0,0.0,0.0,0.0,0.0,0.0,0.0,0.0,0.0,0.0,0.0,0.0,0.0,0.0
200.5,3.0,20.50474805107951,20.722167985817595,19.979433094993695,17.620712745976046,18.39333130582426,18.151727412025327,18.292215350016612,18.69379711143498,18.881747238732867,18.9207577147148,1.0,1.0,1.0,1.0,1.0,1.0,1.0,1.0,1.0,1.0
200.75,4.0,21.099616234262218,20.17694981072847,20.752041920254545,19.096647081166502,20.786859226230895,20.412067758225263,19.909417163202153,20.03126819223162,19.365075837544403,20.043641631190454,1.0,1.0,1.0,1.0,1.0,1.0,1.0,1.0,1.0,1.0
201.0,1.0,18.690889727132614,18.85727080814762,18.07947835429343,18.863626743995848,20.73833496231498,20.421672001965252,19.204851605392324,18.988928538000625,18.54384267410927,17.979468977577703,1.0,1.0,1.0,1.0,1.0,1.0,1.0,1.0,1.0,1.0
201.25,2.0,18.311154415651256,17.491589903787403,18.097047811710794,19.998626872319182,19.54894263179746,19.949938164923495,20.2346612993408,20.511315340891247,19.263114001783027,18.03117706445445,1.0,1.0,1.0,1.0,1.0,1.0,1.0,1.0,1.0,1.0
201.5,3.0,0.0,0.0,0.0,0.0,0.0,0.0,0.0,0.0,0.0,0.0,0.0,0.0,0.0,0.0,0.0,0.0,0.0,0.0,0.0,0.0
201.75,4.0,0.0,0.0,0.0,0.0,0.0,0.0,0.0,0.0,0.0,0.0,0.0,0.0,0.0,0.0,0.0,0.0,0.0,0.0,0.0,0.0
202.0,1.0,18.471423309040457,18.969700172472248,18.7926225800217,20.5754496591436,21.929812129102892,21.59187625716951,20.760269700732714,19.571645371451922,18.941154814248865,17.87654593534601,1.0,1.0,1.0,1.0,1.0,1.0,1.0,1.0,1.0,1.0
202.25,2.0,18.21267449437877,18.121511734405793,18.13996920786176,19.292926153160582,19.27312234167137,19.19346223624348,20.275550420095826,19.926387937311947,19.189464195830148,17.871254479406925,1.0,1.0,1.0,1.0,1.0,1.0,1.0,1.0,1.0,1.0
202.5,3.0,19.02879298036073,18.631197430764434,18.702948105243106,19.674786174813388,18.11558008111602,17.273063141538294,16.941368588967674,17.68212125747949,17.56520527506617,18.315072795188847,1.0,1.0,1.0,1.0,1.0,1.0,1.0,1.0,1.0,1.0
202.75,4.0,20.57570793861407,19.248568527584,19.530184331600115,20.1018112495022,20.003235814152415,19.201474895474735,18.633009244916646,19.22931132533069,19.733380132166207,20.186498749750314,1.0,1.0,1.0,1.0,1.0,1.0,1.0,1.0,1.0,1.0
203.0,1.0,0.0,0.0,0.0,0.0,0.0,0.0,0.0,0.0,0.0,0.0,0.0,0.0,0.0,0.0,0.0,0.0,0.0,0.0,0.0,0.0
203.25,2.0,0.0,0.0,0.0,0.0,0.0,0.0,0.0,0.0,0.0,0.0,0.0,0.0,0.0,0.0,0.0,0.0,0.0,0.0,0.0,0.0
203.5,3.0,18.504802412968232,18.77325842001507,18.089428547686403,19.001015601133403,16.822959158332207,17.785826931348954,17.55166609965156,18.231316665333434,16.90898795636582,17.002215221971934,1.0,1.0,1.0,1.0,1.0,1.0,1.0,1.0,1.0,1.0
203.75,4.0,19.970360340983476,19.76769968801758,20.21747457435064,20.555539377161985,19.868213928885915,19.186454746042806,18.565672346562344,19.044075641125477,19.85864514905973,19.981014661828347,1.0,1.0,1.0,1.0,1.0,1.0,1.0,1.0,1.0,1.0
204.0,1.0,18.191643632440083,19.070945285000196,19.352030353796273,20.21533103438017,21.737443767867447,20.44172569782036,19.83718664738428,18.20517358708188,18.60342501111166,18.619907848954973,1.0,1.0,1.0,1.0,1.0,1.0,1.0,1.0,1.0,1.0
204.25,2.0,18.553004167344152,18.02775456931333,17.38046561552601,18.13569780063498,17.610622604419817,17.198133821173368,17.85417109447582,18.06468102827594,16.97899041721404,16.40964252727929,1.0,1.0,1.0,1.0,1.0,1.0,1.0,1.0,1.0,1.0
204.5,3.0,0.0,0.0,0.0,0.0,0.0,0.0,0.0,0.0,0.0,0.0,0.0,0.0,0.0,0.0,0.0,0.0,0.0,0.0,0.0,0.0
204.75,4.0,20.159994026820453,20.76615426168452,20.34356758413541,19.69566903786534,20.657770685513487,20.815552488325363,20.733321369445882,20.66729102755799,20.20912457763252,19.566004559177063,1.0,1.0,1.0,1.0,1.0,1.0,1.0,1.0,1.0,1.0
205.0,1.0,18.981698325698616,18.522387152328726,19.072193668761454,20.39905878249495,21.61462038693388,20.330575456163267,19.347736509176567,17.77814173508613,18.58309604446939,18.976010802551404,1.0,1.0,1.0,1.0,1.0,1.0,1.0,1.0,1.0,1.0
205.25,2.0,0.0,0.0,0.0,0.0,0.0,0.0,0.0,0.0,0.0,0.0,0.0,0.0,0.0,0.0,0.0,0.0,0.0,0.0,0.0,0.0
205.5,3.0,18.429356480382506,17.596815090976747,17.630051835992223,18.172896140555583,17.6775688686157,17.425051227246765,16.516516788800907,16.231633600887744,16.664266277656957,16.255810510312443,1.0,1.0,1.0,1.0,1.0,1.0,1.0,1.0,1.0,1.0
205.75,4.0,20.41240121975166,19.623878410365297,19.99586158903707,20.077402866377653,21.709628501678033,21.656229003248257,20.449360035172383,20.544713815681845,19.054412800545037,18.91841927408871,1.0,1.0,1.0,1.0,1.0,1.0,1.0,1.0,1.0,1.0
206.0,1.0,0.0,0.0,0.0,0.0,0.0,0.0,0.0,0.0,0.0,0.0,0.0,0.0,0.0,0.0,0.0,0.0,0.0,0.0,0.0,0.0
206.25,2.0,18.915096809866828,18.67199790388239,17.06971869641437,16.489060240392455,16.5217788932317,16.679716159217225,16.707641144711985,16.124036111497592,16.353639745224193,16.769385970590406,1.0,1.0,1.0,1.0,1.0,1.0,1.0,1.0,1.0,1.0
206.5,3.0,18.710006003933387,17.783236192659448,18.27598504702478,18.427772083633098,18.611941547106284,17.68052897698462,16.902777964858238,17.801868074841437,17.833292331540523,18.30548399440264,1.0,1.0,1.0,1.0,1.0,1.0,1.0,1.0,1.0,1.0
206.75,4.0,0.0,0.0,0.0,0.0,0.0,0.0,0.0,0.0,0.0,0.0,0.0,0.0,0.0,0.0,0.0,0.0,0.0,0.0,0.0,0.0
207.0,1.0,19.355830012168664,21.265084462450496,20.93593820839469,20.40352847250592,19.14991881340349,18.50675709476766,19.195333511085153,19.17196944988399,19.78460486822677,19.38671847566306,1.0,1.0,1.0,1.0,1.0,1.0,1.0,1.0,1.0,1.0
207.25,2.0,19.05046694934025,19.48478510236893,17.095920997993804,16.22402837551929,17.328150593793037,16.463081126129097,16.294984215654626,16.331510162197606,16.830981173983723,16.890597433974726,1.0,1.0,1.0,1.0,1.0,1.0,1.0,1.0,1.0,1.0
207.5,3.0,0.0,0.0,0.0,0.0,0.0,0.0,0.0,0.0,0.0,0.0,0.0,0.0,0.0,0.0,0.0,0.0,0.0,0.0,0.0,0.0
207.75,4.0,19.834409045294432,19.432511044239178,18.843414108947663,18.987539528308073,22.6256484063837,21.353356710346183,19.719312312602103,19.154161126955653,18.993462112064186,19.0245381707574,1.0,1.0,1.0,1.0,1.0,1.0,1.0,1.0,1.0,1.0
208.0,1.0,20.708078185216745,20.873152178694422,20.443985944600385,20.29855582024542,19.665145527302037,19.081840763349703,20.03865575114298,19.49745799053348,20.084647316462835,20.057468196272,1.0,1.0,1.0,1.0,1.0,1.0,1.0,1.0,1.0,1.0
208.25,2.0,0.0,0.0,0.0,0.0,0.0,0.0,0.0,0.0,0.0,0.0,0.0,0.0,0.0,0.0,0.0,0.0,0.0,0.0,0.0,0.0
208.5,3.0,16.442882425975075,15.840617415067381,16.917580273719015,18.392539931462732,19.03505354397661,18.925187431650514,19.162281989675822,19.93436471499156,20.38966851464901,19.608442372184946,1.0,1.0,1.0,1.0,1.0,1.0,1.0,1.0,1.0,1.0
208.75,4.0,20.04950706076178,19.59865220916156,18.553530065368793,19.267008676901273,20.737864126517778,19.877954628633955,19.257954820010305,19.680130634270398,18.90707769817971,18.64873491729719,1.0,1.0,1.0,1.0,1.0,1.0,1.0,1.0,1.0,1.0
209.0,1.0,20.752991265674627,20.062731829275403,20.898641683830864,19.813486263560794,19.532382272770597,19.768120925546082,20.819173382902285,19.780146088493222,21.143765905575002,20.8686850185354,1.0,1.0,1.0,1.0,1.0,1.0,1.0,1.0,1.0,1.0
209.25,2.0,19.906889702742127,19.266384833083414,18.363866492061156,16.776505933663568,17.64323578212612,17.18483285838159,16.831829775332857,16.94439091135868,16.831836917624404,16.8148660318855,1.0,1.0,1.0,1.0,1.0,1.0,1.0,1.0,1.0,1.0
209.5,3.0,0.0,0.0,0.0,0.0,0.0,0.0,0.0,0.0,0.0,0.0,0.0,0.0,0.0,0.0,0.0,0.0,0.0,0.0,0.0,0.0
209.75,4.0,19.26670113601264,19.02528026748974,17.73464042585701,18.380724475242236,19.799471051702454,19.739591638122445,18.63657587542307,19.53474101916135,20.220208557301735,19.001567745201694,1.0,1.0,1.0,1.0,1.0,1.0,1.0,1.0,1.0,1.0
210.0,1.0,21.232290823589427,20.52492776732912,20.844928242649658,20.015204584568064,20.365663312462228,21.303930648161067,20.743832945997514,19.726903498133833,20.124274772181952,19.18891645133247,1.0,1.0,1.0,1.0,1.0,1.0,1.0,1.0,1.0,1.0
210.25,2.0,20.75532935865513,19.34254885754452,18.13052493536794,17.25573722840603,18.199564930687725,17.045777085327277,17.211436430485787,16.900818984123102,16.971652594764052,16.7725713946763,1.0,1.0,1.0,1.0,1.0,1.0,1.0,1.0,1.0,1.0
210.5,3.0,17.182448483603608,18.045371540897055,19.446418850216773,19.74325018300575,20.457227652339412,20.85492728730552,20.797821351638376,20.314867197940504,19.763314661568334,20.092200256149273,1.0,1.0,1.0,1.0,1.0,1.0,1.0,1.0,1.0,1.0
210.75,4.0,19.308708564688775,18.021776918735974,17.382088976292202,19.626539366722582,20.366159848261432,20.147886151721448,19.828420330984077,20.37598107442792,20.41183573143116,20.04632348451757,1.0,1.0,1.0,1.0,1.0,1.0,1.0,1.0,1.0,1.0
211.0,1.0,0.0,0.0,0.0,0.0,0.0,0.0,0.0,0.0,0.0,0.0,0.0,0.0,0.0,0.0,0.0,0.0,0.0,0.0,0.0,0.0
211.25,2.0,0.0,0.0,0.0,0.0,0.0,0.0,0.0,0.0,0.0,0.0,0.0,0.0,0.0,0.0,0.0,0.0,0.0,0.0,0.0,0.0
211.5,3.0,17.880764322455864,18.669208784909305,19.06256073349221,19.008529020780003,19.122786236627725,19.304374968586853,19.194355593398186,19.409723709013576,18.920505412202914,19.4579060625741,1.0,1.0,1.0,1.0,1.0,1.0,1.0,1.0,1.0,1.0
211.75,4.0,0.0,0.0,0.0,0.0,0.0,0.0,0.0,0.0,0.0,0.0,0.0,0.0,0.0,0.0,0.0,0.0,0.0,0.0,0.0,0.0
212.0,1.0,19.777442333632205,18.94710439130095,18.289548327296636,18.64267617658928,21.112651079800518,20.92221724720974,19.929020403612505,19.192323209761813,18.997106915520668,18.609100027942663,1.0,1.0,1.0,1.0,1.0,1.0,1.0,1.0,1.0,1.0
212.25,2.0,21.468775782617964,20.3880508700193,18.896388443112656,18.00964398449785,18.427952837232564,18.268883963316064,18.379532755901604,18.13541556206039,18.12247917932374,16.698059074396202,1.0,1.0,1.0,1.0,1.0,1.0,1.0,1.0,1.0,1.0
212.5,3.0,0.0,0.0,0.0,0.0,0.0,0.0,0.0,0.0,0.0,0.0,0.0,0.0,0.0,0.0,0.0,0.0,0.0,0.0,0.0,0.0
212.75,4.0,18.982918828650362,18.47020782800485,18.472561576142297,19.098451145663756,18.847431303040363,18.98843097010625,19.079866862811688,19.22615903468608,18.602351418111503,18.918573815179794,1.0,1.0,1.0,1.0,1.0,1.0,1.0,1.0,1.0,1.0
213.0,1.0,18.814883435665678,18.85682745465881,18.89889700647044,19.440065987601468,21.580416409877973,21.117716495282274,19.958153176169244,19.21648911623726,19.314333141754847,18.709624066347075,1.0,1.0,1.0,1.0,1.0,1.0,1.0,1.0,1.0,1.0
213.25,2.0,0.0,0.0,0.0,0.0,0.0,0.0,0.0,0.0,0.0,0.0,0.0,0.0,0.0,0.0,0.0,0.0,0.0,0.0,0.0,0.0
213.5,3.0,18.56047542151688,19.042699928718797,18.020418056010477,18.09001484598209,19.01071572740685,18.653458514435442,18.354149055853867,17.343025404358016,17.89453981227152,17.6985596068023,1.0,1.0,1.0,1.0,1.0,1.0,1.0,1.0,1.0,1.0
213.75,4.0,19.66799703526429,18.985843743873087,17.98145239039572,19.74096997884452,18.618174369435653,19.138816848087462,19.120828351896197,19.319037372796178,18.704258719614383,19.286609925653096,1.0,1.0,1.0,1.0,1.0,1.0,1.0,1.0,1.0,1.0
214.0,1.0,0.0,0.0,0.0,0.0,0.0,0.0,0.0,0.0,0.0,0.0,0.0,0.0,0.0,0.0,0.0,0.0,0.0,0.0,0.0,0.0
214.25,2.0,20.167651043120713,19.535968728671087,17.690419400825718,19.478958353687158,20.267190831270167,18.934680874140717,18.80615572891148,16.935438463281173,16.93945137456149,15.730910251645343,1.0,1.0,1.0,1.0,1.0,1.0,1.0,1.0,1.0,1.0
214.5,3.0,0.0,0.0,0.0,0.0,0.0,0.0,0.0,0.0,0.0,0.0,0.0,0.0,0.0,0.0,0.0,0.0,0.0,0.0,0.0,0.0
214.75,4.0,0.0,0.0,0.0,0.0,0.0,0.0,0.0,0.0,0.0,0.0,0.0,0.0,0.0,0.0,0.0,0.0,0.0,0.0,0.0,0.0
215.0,1.0,18.86065042357303,20.71051254621466,20.342114453904717,20.786377749507558,20.16686158031098,19.707369452607622,18.905637529881258,18.118677811565135,18.381705839721377,18.325328254103148,1.0,1.0,1.0,1.0,1.0,1.0,1.0,1.0,1.0,1.0
215.25,2.0,19.716442273299336,19.57686854282896,18.240991973308265,19.897250356140372,20.19326010501308,18.63831575196886,18.0304359250928,16.51571513339625,17.03157590864548,15.633908892909865,1.0,1.0,1.0,1.0,1.0,1.0,1.0,1.0,1.0,1.0
215.5,3.0,0.0,0.0,0.0,0.0,0.0,0.0,0.0,0.0,0.0,0.0,0.0,0.0,0.0,0.0,0.0,0.0,0.0,0.0,0.0,0.0
215.75,4.0,18.60818138473108,18.749178181577687,18.856893153382305,19.073013126113377,20.125626418604078,20.497659465018792,18.68500774295567,18.972046209239284,17.750130066313524,18.399274713375775,1.0,1.0,1.0,1.0,1.0,1.0,1.0,1.0,1.0,1.0
216.0,1.0,19.484379227727675,20.982489969885894,20.75904483156477,20.285197843723466,19.297495257810926,18.4275835132824,17.721371908988846,17.169967713935087,17.02197643165911,17.339948550598393,1.0,1.0,1.0,1.0,1.0,1.0,1.0,1.0,1.0,1.0
216.25,2.0,0.0,0.0,0.0,0.0,0.0,0.0,0.0,0.0,0.0,0.0,0.0,0.0,0.0,0.0,0.0,0.0,0.0,0.0,0.0,0.0
216.5,3.0,17.570676108347087,17.82118439928377,17.116591927504555,18.25938777757956,17.38259108151588,17.963264561276137,17.97700274663489,17.236314536137492,17.23129348334229,16.63795241326251,1.0,1.0,1.0,1.0,1.0,1.0,1.0,1.0,1.0,1.0
216.75,4.0,19.5101827581902,18.145046184068867,19.220064481744576,20.161163229105778,18.790693801327514,19.7179338496524,18.93425907080098,18.56315389503495,17.554421787903692,17.574623950241097,1.0,1.0,1.0,1.0,1.0,1.0,1.0,1.0,1.0,1.0
217.0,1.0,20.29408600259377,20.86384099515676,19.724698460900843,18.593351424705443,18.86260140980301,17.685373649156965,17.446198055818243,16.602236335299956,17.824481353144645,17.652572321913343,1.0,1.0,1.0,1.0,1.0,1.0,1.0,1.0,1.0,1.0
217.25,2.0,18.280278830155645,18.754336091745195,17.89912862089101,19.464706934865422,18.004170340136348,16.8662094901469,15.665294154156456,16.129289955541644,16.924286589884872,15.761417963164599,1.0,1.0,1.0,1.0,1.0,1.0,1.0,1.0,1.0,1.0
217.5,3.0,0.0,0.0,0.0,0.0,0.0,0.0,0.0,0.0,0.0,0.0,0.0,0.0,0.0,0.0,0.0,0.0,0.0,0.0,0.0,0.0
217.75,4.0,19.32195421596191,18.32756381055076,20.43763971451454,20.80632735891906,18.717869285805463,18.96158246420565,19.607823732339977,19.533686073149124,18.571604449693513,18.424612293960127,1.0,1.0,1.0,1.0,1.0,1.0,1.0,1.0,1.0,1.0
218.0,1.0,20.02336258314225,20.513756049716257,18.67559177219419,19.08647251156054,19.57261096448761,18.68523401570121,17.997518402756324,16.97897407943507,17.587672450555473,16.624352856777808,1.0,1.0,1.0,1.0,1.0,1.0,1.0,1.0,1.0,1.0
218.25,2.0,0.0,0.0,0.0,0.0,0.0,0.0,0.0,0.0,0.0,0.0,0.0,0.0,0.0,0.0,0.0,0.0,0.0,0.0,0.0,0.0
218.5,3.0,18.417723910520525,19.524391217667418,18.964572222872004,17.11238371351641,16.716908208718806,17.03896608086092,17.453751501715228,16.631630686443636,18.204098437585547,17.098685856996212,1.0,1.0,1.0,1.0,1.0,1.0,1.0,1.0,1.0,1.0
218.75,4.0,19.1024757066126,18.771326825581678,20.60898301680199,19.85171638784113,17.936877855445967,19.62029997712326,19.569814978412474,19.80446450369013,19.592146445344646,18.821544098118423,1.0,1.0,1.0,1.0,1.0,1.0,1.0,1.0,1.0,1.0
219.0,1.0,0.0,0.0,0.0,0.0,0.0,0.0,0.0,0.0,0.0,0.0,0.0,0.0,0.0,0.0,0.0,0.0,0.0,0.0,0.0,0.0
219.25,2.0,0.0,0.0,0.0,0.0,0.0,0.0,0.0,0.0,0.0,0.0,0.0,0.0,0.0,0.0,0.0,0.0,0.0,0.0,0.0,0.0
219.5,3.0,17.95395220155394,18.985357788591497,17.117622848131038,16.86376074174876,17.239467588191815,18.255580962455348,18.76594542226917,18.38389166409703,18.80584534479383,17.91511816329167,1.0,1.0,1.0,1.0,1.0,1.0,1.0,1.0,1.0,1.0
219.75,4.0,0.0,0.0,0.0,0.0,0.0,0.0,0.0,0.0,0.0,0.0,0.0,0.0,0.0,0.0,0.0,0.0,0.0,0.0,0.0,0.0
220.0,1.0,19.609179009693737,17.890590663660934,17.90639973014483,18.292147792458596,19.440985437332838,18.03506318868429,17.586499562334165,17.235607684995465,16.414230283421468,15.857183680516068,1.0,1.0,1.0,1.0,1.0,1.0,1.0,1.0,1.0,1.0
220.25,2.0,15.138727534363394,16.14479058620845,16.441923819747824,18.86242839737004,17.151332699505215,17.341652535860927,16.714642312903575,16.841819397647658,15.946361043627743,15.100757891111384,1.0,1.0,1.0,1.0,1.0,1.0,1.0,1.0,1.0,1.0
220.5,3.0,0.0,0.0,0.0,0.0,0.0,0.0,0.0,0.0,0.0,0.0,0.0,0.0,0.0,0.0,0.0,0.0,0.0,0.0,0.0,0.0
220.75,4.0,21.09625919059135,19.400724936398625,19.95689870459533,19.861684330486355,19.29552851399556,19.34534756440988,18.702094155601426,19.06762354356132,18.31770468253718,18.731280034525703,1.0,1.0,1.0,1.0,1.0,1.0,1.0,1.0,1.0,1.0
221.0,1.0,18.715069432805635,18.748297243533013,19.09991191260064,19.3999002914544,20.222528494000223,18.37075973817164,18.003721295952346,16.964078377424485,17.141198507197252,16.486586271775213,1.0,1.0,1.0,1.0,1.0,1.0,1.0,1.0,1.0,1.0
221.25,2.0,0.0,0.0,0.0,0.0,0.0,0.0,0.0,0.0,0.0,0.0,0.0,0.0,0.0,0.0,0.0,0.0,0.0,0.0,0.0,0.0
221.5,3.0,18.346688483356417,18.061810640174087,16.392584250379358,17.509369780948507,18.248283437781055,19.415096844879614,19.43305066651997,17.434839443543403,18.208219699970805,18.285115627343103,1.0,1.0,1.0,1.0,1.0,1.0,1.0,1.0,1.0,1.0
221.75,4.0,20.377461453250834,19.65466725054938,20.358134465164472,19.362594539365805,19.544709196037015,18.384838283945044,18.158542216620642,18.12266630948431,18.233404112175503,18.85037138686709,1.0,1.0,1.0,1.0,1.0,1.0,1.0,1.0,1.0,1.0
222.0,1.0,0.0,0.0,0.0,0.0,0.0,0.0,0.0,0.0,0.0,0.0,0.0,0.0,0.0,0.0,0.0,0.0,0.0,0.0,0.0,0.0
222.25,2.0,17.83599639371178,18.297574668856132,18.19048393974392,17.14984904513757,16.722293521351734,17.515317930035387,16.218257835431164,16.228945109010482,16.427821964082572,15.749687488658953,1.0,1.0,1.0,1.0,1.0,1.0,1.0,1.0,1.0,1.0
222.5,3.0,0.0,0.0,0.0,0.0,0.0,0.0,0.0,0.0,0.0,0.0,0.0,0.0,0.0,0.0,0.0,0.0,0.0,0.0,0.0,0.0
222.75,4.0,0.0,0.0,0.0,0.0,0.0,0.0,0.0,0.0,0.0,0.0,0.0,0.0,0.0,0.0,0.0,0.0,0.0,0.0,0.0,0.0
223.0,1.0,19.051033401978955,19.99775237691922,18.783221207998952,18.252356649471373,18.842344647365334,17.47034005592548,16.454849282736703,16.30143373822354,16.872992517843418,16.894493420256435,1.0,1.0,1.0,1.0,1.0,1.0,1.0,1.0,1.0,1.0
223.25,2.0,18.211530955661367,18.470341957042155,17.646811257424794,16.38291433660693,16.586488715374074,17.786147652490342,17.313375891029448,16.741320357521335,16.98089199671283,14.901166205558223,1.0,1.0,1.0,1.0,1.0,1.0,1.0,1.0,1.0,1.0
223.5,3.0,0.0,0.0,0.0,0.0,0.0,0.0,0.0,0.0,0.0,0.0,0.0,0.0,0.0,0.0,0.0,0.0,0.0,0.0,0.0,0.0
223.75,4.0,19.210380818482804,19.385483077768797,18.370562757065507,18.81143727220839,19.167008088945018,18.31364229247835,17.24000944235777,18.157817675338645,17.883000380456284,18.08629396038361,1.0,1.0,1.0,1.0,1.0,1.0,1.0,1.0,1.0,1.0
224.0,1.0,19.038862986810017,19.946860573224235,19.34128686261835,18.463447977574436,17.393004802238483,17.48634471330283,16.995319321843187,16.691179741334878,16.91174481373263,17.271639111516514,1.0,1.0,1.0,1.0,1.0,1.0,1.0,1.0,1.0,1.0
224.25,2.0,0.0,0.0,0.0,0.0,0.0,0.0,0.0,0.0,0.0,0.0,0.0,0.0,0.0,0.0,0.0,0.0,0.0,0.0,0.0,0.0
224.5,3.0,18.160993727798942,18.819066114322727,16.67177606653511,16.818876544382356,18.90646972064681,18.97977464265655,18.261232761629874,18.042281851629337,18.60238257512454,17.835225694666953,1.0,1.0,1.0,1.0,1.0,1.0,1.0,1.0,1.0,1.0
224.75,4.0,19.096521147256524,18.778984243660098,18.604479743390883,19.259776539240367,18.432001638754002,18.34327645844191,17.726027265615652,17.881022189794646,17.482820040469612,16.975225374959294,1.0,1.0,1.0,1.0,1.0,1.0,1.0,1.0,1.0,1.0
225.0,1.0,18.37033032646674,19.436979600558438,18.65247700205149,17.256895366538693,16.867731793769416,17.136681186046822,17.662898487015582,18.045899774211797,19.517969919747692,18.219187241219338,1.0,1.0,1.0,1.0,1.0,1.0,1.0,1.0,1.0,1.0
225.25,2.0,18.50256448272168,18.697877496441624,16.899392792777054,16.203600116568214,16.930890001635753,17.061160535132935,16.138137231909056,15.977838486809114,15.61034035570212,13.336374694541416,1.0,1.0,1.0,1.0,1.0,1.0,1.0,1.0,1.0,1.0
225.5,3.0,0.0,0.0,0.0,0.0,0.0,0.0,0.0,0.0,0.0,0.0,0.0,0.0,0.0,0.0,0.0,0.0,0.0,0.0,0.0,0.0
225.75,4.0,18.850703682456338,18.774000871072996,17.988361376807667,18.630815517263,18.51051029705147,18.980553872698934,18.11192415578615,18.222419598865102,17.353487969746332,16.77384173221315,1.0,1.0,1.0,1.0,1.0,1.0,1.0,1.0,1.0,1.0
226.0,1.0,18.108926170377273,19.20437666071004,17.99833082884965,16.32660373919971,17.59364241156486,18.628489120280808,19.287899408648137,19.71567468171759,19.243242170621865,18.04627713187191,1.0,1.0,1.0,1.0,1.0,1.0,1.0,1.0,1.0,1.0
226.25,2.0,0.0,0.0,0.0,0.0,0.0,0.0,0.0,0.0,0.0,0.0,0.0,0.0,0.0,0.0,0.0,0.0,0.0,0.0,0.0,0.0
226.5,3.0,18.214958419828,19.244953250561014,18.293048516641402,17.568194634290656,17.81642472563119,18.774497734213732,18.74410996095298,18.632033829954434,19.05936117129556,17.000287753811143,1.0,1.0,1.0,1.0,1.0,1.0,1.0,1.0,1.0,1.0
226.75,4.0,18.577363702742094,18.052304643634166,18.042023250944922,19.970503688306458,19.75251407240572,19.407547295817952,18.50938658049515,18.428490557226606,17.28236474961155,16.47042089922933,1.0,1.0,1.0,1.0,1.0,1.0,1.0,1.0,1.0,1.0
227.0,1.0,0.0,0.0,0.0,0.0,0.0,0.0,0.0,0.0,0.0,0.0,0.0,0.0,0.0,0.0,0.0,0.0,0.0,0.0,0.0,0.0
227.25,2.0,0.0,0.0,0.0,0.0,0.0,0.0,0.0,0.0,0.0,0.0,0.0,0.0,0.0,0.0,0.0,0.0,0.0,0.0,0.0,0.0
227.5,3.0,18.551455462731614,19.21368727404511,17.699260154967682,18.083584522827028,18.370342040152853,19.049850191739772,18.92079951335994,18.148767711507816,17.893463197350645,15.909325903118292,1.0,1.0,1.0,1.0,1.0,1.0,1.0,1.0,1.0,1.0
227.75,4.0,0.0,0.0,0.0,0.0,0.0,0.0,0.0,0.0,0.0,0.0,0.0,0.0,0.0,0.0,0.0,0.0,0.0,0.0,0.0,0.0
228.0,1.0,18.63701447887308,17.73781035986595,16.021167047929477,16.669628084915438,18.827128916440945,18.56913752169263,18.16171433255671,18.38057973362886,17.927516540320198,18.29435071809418,1.0,1.0,1.0,1.0,1.0,1.0,1.0,1.0,1.0,1.0
228.25,2.0,19.79966845425862,18.552849342595334,15.374757922279903,15.68694661072148,15.598768141325108,15.858813370826867,14.66781308117713,14.113172608994164,13.731022573290026,12.98759079688416,1.0,1.0,1.0,1.0,1.0,1.0,1.0,1.0,1.0,1.0
228.5,3.0,0.0,0.0,0.0,0.0,0.0,0.0,0.0,0.0,0.0,0.0,0.0,0.0,0.0,0.0,0.0,0.0,0.0,0.0,0.0,0.0
228.75,4.0,19.421031925609345,20.071492608471146,19.633358914241292,18.142131225182013,18.025851051086594,18.076843018298323,17.054948081930306,17.98396939035714,18.461831667125217,17.638193932003247,1.0,1.0,1.0,1.0,1.0,1.0,1.0,1.0,1.0,1.0
229.0,1.0,17.69492137125559,17.41178520293764,16.760908404641995,17.35263405364742,18.165972945398334,18.020886025561566,18.08464225300835,17.823845546271006,17.983675242521823,18.121959866785502,1.0,1.0,1.0,1.0,1.0,1.0,1.0,1.0,1.0,1.0
229.25,2.0,0.0,0.0,0.0,0.0,0.0,0.0,0.0,0.0,0.0,0.0,0.0,0.0,0.0,0.0,0.0,0.0,0.0,0.0,0.0,0.0
229.5,3.0,18.243500973793513,17.903778086229135,18.67824717256951,18.29496104315371,17.636286607570163,17.391726296343375,16.48045521370436,16.425130193876566,16.34301119028068,16.08377793409413,1.0,1.0,1.0,1.0,1.0,1.0,1.0,1.0,1.0,1.0
229.75,4.0,19.791879950459382,20.751772651030894,19.452496710477533,18.480842504572507,18.084159392053767,18.67012109021312,17.982148834191545,18.028834648750493,17.13792854482233,16.63610633472231,1.0,1.0,1.0,1.0,1.0,1.0,1.0,1.0,1.0,1.0
230.0,1.0,0.0,0.0,0.0,0.0,0.0,0.0,0.0,0.0,0.0,0.0,0.0,0.0,0.0,0.0,0.0,0.0,0.0,0.0,0.0,0.0
230.25,2.0,16.538297117305785,15.674229160288098,13.922067507653612,15.15901371748826,13.924073652783807,14.436511656352506,13.90097296372781,13.286369814358341,14.195190169374456,14.021979464569718,1.0,1.0,1.0,1.0,1.0,1.0,1.0,1.0,1.0,1.0
230.5,3.0,0.0,0.0,0.0,0.0,0.0,0.0,0.0,0.0,0.0,0.0,0.0,0.0,0.0,0.0,0.0,0.0,0.0,0.0,0.0,0.0
230.75,4.0,0.0,0.0,0.0,0.0,0.0,0.0,0.0,0.0,0.0,0.0,0.0,0.0,0.0,0.0,0.0,0.0,0.0,0.0,0.0,0.0
231.0,1.0,16.77247566185043,17.86419167450992,19.448116923083287,18.245316979460643,18.658569430282554,18.768649591990663,19.016741101542213,19.202413032662598,18.83842898680222,18.668518416066764,1.0,1.0,1.0,1.0,1.0,1.0,1.0,1.0,1.0,1.0
231.25,2.0,16.28387553956913,15.09390632436502,13.721833030584435,15.084605481255059,14.476284690552834,14.606823593582321,15.022809378379673,14.159369300701236,14.92913982171874,13.957730054819248,1.0,1.0,1.0,1.0,1.0,1.0,1.0,1.0,1.0,1.0
231.5,3.0,17.655780055715304,18.28491144793318,17.38625929964176,16.669810946465304,16.099976331303463,16.84460153436699,16.355385680497708,15.795351972695192,16.34920727443544,16.401826799934327,1.0,1.0,1.0,1.0,1.0,1.0,1.0,1.0,1.0,1.0
231.75,4.0,20.645695772117946,19.863822230709577,18.85011008792047,18.425497483486843,16.757508301460614,16.892532225289248,15.478855306334568,16.180593251757454,15.9929744054106,16.029120383287932,1.0,1.0,1.0,1.0,1.0,1.0,1.0,1.0,1.0,1.0
232.0,1.0,18.68884971077581,18.225789775212373,18.83566807154667,19.42492689997479,19.891679451001174,19.5657161561009,20.10502835164653,20.44907574378852,19.333082103153668,18.270987708702197,1.0,1.0,1.0,1.0,1.0,1.0,1.0,1.0,1.0,1.0
232.25,2.0,0.0,0.0,0.0,0.0,0.0,0.0,0.0,0.0,0.0,0.0,0.0,0.0,0.0,0.0,0.0,0.0,0.0,0.0,0.0,0.0
232.5,3.0,18.325992062220998,19.373083948547,17.6354558963393,16.687679170369627,15.495409724769459,15.915562232892338,16.549283948032564,16.49344301926455,18.07863074573634,17.255560158614045,1.0,1.0,1.0,1.0,1.0,1.0,1.0,1.0,1.0,1.0
232.75,4.0,20.343284384570698,19.25481168278981,17.587133522485,16.283319539198445,15.71743720541686,16.514011593965144,15.407828515107775,16.970205065690468,15.781832257438143,14.644202876687377,1.0,1.0,1.0,1.0,1.0,1.0,1.0,1.0,1.0,1.0
233.0,1.0,18.532924043016923,18.69217727722914,19.678452716051748,20.462224826065203,20.211446524238152,18.256999878267383,18.471876934630913,18.629169236249172,18.688750029453992,17.256986447789096,1.0,1.0,1.0,1.0,1.0,1.0,1.0,1.0,1.0,1.0
233.25,2.0,16.83249176783568,14.174151274572381,14.315977030064046,14.031924369215151,14.881629538937185,15.347977335122902,15.557019080794202,14.725958985605953,15.001032514530198,15.413804295736703,1.0,1.0,1.0,1.0,1.0,1.0,1.0,1.0,1.0,1.0
233.5,3.0,0.0,0.0,0.0,0.0,0.0,0.0,0.0,0.0,0.0,0.0,0.0,0.0,0.0,0.0,0.0,0.0,0.0,0.0,0.0,0.0
233.75,4.0,18.87997652091314,18.242434157825986,15.807173479957967,14.70088168628975,16.07690232245473,16.56188353581137,15.195766721101807,16.157424861610505,14.766807861150898,14.90067248485135,1.0,1.0,1.0,1.0,1.0,1.0,1.0,1.0,1.0,1.0
234.0,1.0,18.132489947667338,18.33285408241381,18.711431174243383,19.47034877430069,18.97692732369731,17.925388034525948,17.962685660559142,17.693215636316168,17.45554904802676,16.8031873889737,1.0,1.0,1.0,1.0,1.0,1.0,1.0,1.0,1.0,1.0
234.25,2.0,0.0,0.0,0.0,0.0,0.0,0.0,0.0,0.0,0.0,0.0,0.0,0.0,0.0,0.0,0.0,0.0,0.0,0.0,0.0,0.0
234.5,3.0,17.68933342666258,14.845579310509569,15.565811351847474,16.2730503820949,15.816578349532085,17.549148370612773,18.341459053236683,18.481057937361253,17.946758913390806,17.34613528030185,1.0,1.0,1.0,1.0,1.0,1.0,1.0,1.0,1.0,1.0
234.75,4.0,17.808160875350083,16.39609579788878,14.517044980050809,14.70689082814793,15.652749625304281,15.553329001183881,14.763723063498697,15.464574159678277,14.364761607825736,14.368088730717933,1.0,1.0,1.0,1.0,1.0,1.0,1.0,1.0,1.0,1.0
235.0,1.0,0.0,0.0,0.0,0.0,0.0,0.0,0.0,0.0,0.0,0.0,0.0,0.0,0.0,0.0,0.0,0.0,0.0,0.0,0.0,0.0
235.25,2.0,0.0,0.0,0.0,0.0,0.0,0.0,0.0,0.0,0.0,0.0,0.0,0.0,0.0,0.0,0.0,0.0,0.0,0.0,0.0,0.0
235.5,3.0,17.21518768379766,16.38813346170963,16.815301368393015,17.083598394216278,16.846484300048253,16.86403795383739,17.708284890367704,17.44607939629378,16.92398205276911,17.033431492202865,1.0,1.0,1.0,1.0,1.0,1.0,1.0,1.0,1.0,1.0
235.75,4.0,0.0,0.0,0.0,0.0,0.0,0.0,0.0,0.0,0.0,0.0,0.0,0.0,0.0,0.0,0.0,0.0,0.0,0.0,0.0,0.0
236.0,1.0,17.27068225108979,17.455873766398057,16.361034314879095,16.6304742934281,15.227534534043274,15.739423366185976,16.125410681034058,17.153925721002086,17.581552917073047,18.715453279599423,1.0,1.0,1.0,1.0,1.0,1.0,1.0,1.0,1.0,1.0
236.25,2.0,14.491988454392231,14.182485156970836,14.594983030987816,14.72572656860112,13.570881219606688,12.476464043921913,12.735071207822052,12.915536875552657,13.616662961941769,13.315414535435533,1.0,1.0,1.0,1.0,1.0,1.0,1.0,1.0,1.0,1.0
236.5,3.0,0.0,0.0,0.0,0.0,0.0,0.0,0.0,0.0,0.0,0.0,0.0,0.0,0.0,0.0,0.0,0.0,0.0,0.0,0.0,0.0
236.75,4.0,17.116350069913626,17.135546610771407,16.660741014105387,15.532453585341663,16.43537560616534,15.959931681161056,14.9692670485669,16.44033445658094,15.9720852138389,15.467342451861644,1.0,1.0,1.0,1.0,1.0,1.0,1.0,1.0,1.0,1.0
237.0,1.0,16.67795197105136,15.076495501136483,14.41064187560918,17.087575874966273,15.153627860630701,16.033459079457483,15.763800181952547,17.872496096640337,19.39888944239508,19.494850454382018,1.0,1.0,1.0,1.0,1.0,1.0,1.0,1.0,1.0,1.0
237.25,2.0,0.0,0.0,0.0,0.0,0.0,0.0,0.0,0.0,0.0,0.0,0.0,0.0,0.0,0.0,0.0,0.0,0.0,0.0,0.0,0.0
237.5,3.0,17.963248799714087,17.242111052862715,16.968924707544783,16.334047572374708,17.016466168086946,16.681880307629243,17.761068386989294,17.841538388682455,17.035147583085447,17.956902005066375,1.0,1.0,1.0,1.0,1.0,1.0,1.0,1.0,1.0,1.0
237.75,4.0,17.442018733641124,17.739770933157967,16.452651361750327,14.694358460764056,16.617217214813028,15.534745679270712,15.709920214083446,17.0336174183228,16.592859766809575,16.07879635728176,1.0,1.0,1.0,1.0,1.0,1.0,1.0,1.0,1.0,1.0
238.0,1.0,0.0,0.0,0.0,0.0,0.0,0.0,0.0,0.0,0.0,0.0,0.0,0.0,0.0,0.0,0.0,0.0,0.0,0.0,0.0,0.0
238.25,2.0,15.112642302570011,15.68441913630117,14.539991825255635,13.498089731467516,14.065789838933345,14.759485089497097,16.29673851118198,15.906131320331424,15.328831482852985,13.696055815583593,1.0,1.0,1.0,1.0,1.0,1.0,1.0,1.0,1.0,1.0
238.5,3.0,0.0,0.0,0.0,0.0,0.0,0.0,0.0,0.0,0.0,0.0,0.0,0.0,0.0,0.0,0.0,0.0,0.0,0.0,0.0,0.0
238.75,4.0,0.0,0.0,0.0,0.0,0.0,0.0,0.0,0.0,0.0,0.0,0.0,0.0,0.0,0.0,0.0,0.0,0.0,0.0,0.0,0.0
239.0,1.0,14.437433528689741,14.031303814829235,15.144338783839684,16.60101883952863,15.945834046943904,16.927239169810697,17.380498390855088,18.256908558266975,17.66049628115971,18.134473887217275,1.0,1.0,1.0,1.0,1.0,1.0,1.0,1.0,1.0,1.0
239.25,2.0,14.819579287276374,16.68354494874167,14.466275521971381,15.155637521996637,16.01653060385366,16.142273003679758,15.955588842373487,15.499515092683987,14.15451208839164,13.040807780253644,1.0,1.0,1.0,1.0,1.0,1.0,1.0,1.0,1.0,1.0
239.5,3.0,17.01149234989053,16.72264244030717,18.05825806738095,18.978017952346747,17.736297686178027,17.08270110864515,17.694564286145276,18.378258791218816,17.97415822013307,18.408031732941105,1.0,1.0,1.0,1.0,1.0,1.0,1.0,1.0,1.0,1.0
239.75,4.0,16.82260495057996,18.3856944596743,16.861358365020894,15.761705007916394,16.5015171136504,16.130667252853268,16.472057038730586,17.533980286948047,17.65870486422809,17.840346324807705,1.0,1.0,1.0,1.0,1.0,1.0,1.0,1.0,1.0,1.0
240.0,1.0,14.40131709279679,14.704034359445428,14.239556304307575,14.789101477297331,16.573408639947655,16.810580756224805,17.481260158354928,17.746232627296557,17.378825375675444,17.946248373104297,1.0,1.0,1.0,1.0,1.0,1.0,1.0,1.0,1.0,1.0
240.25,2.0,0.0,0.0,0.0,0.0,0.0,0.0,0.0,0.0,0.0,0.0,0.0,0.0,0.0,0.0,0.0,0.0,0.0,0.0,0.0,0.0
240.5,3.0,16.597339808439337,15.960552762851043,18.376592399089976,18.820236805515208,18.24219394282982,17.85767144570459,18.277778407524828,18.239891882241793,18.747164274025142,18.956843001255983,1.0,1.0,1.0,1.0,1.0,1.0,1.0,1.0,1.0,1.0
240.75,4.0,17.251737970032675,18.947095866530333,17.319803868382486,15.336301286363128,15.95927379024408,15.313473300905892,15.222029863059575,16.791158827010086,17.366169017144003,17.682726635490216,1.0,1.0,1.0,1.0,1.0,1.0,1.0,1.0,1.0,1.0
241.0,1.0,14.248962043945141,14.178250711366939,13.93531018946727,14.53680082456536,16.579840542205655,16.543520376117296,17.520241389258892,18.09939361292165,17.3599954715113,16.967996118055353,1.0,1.0,1.0,1.0,1.0,1.0,1.0,1.0,1.0,1.0
241.25,2.0,15.785959849724627,15.193463281081371,15.158615957124029,17.250258531964793,16.976225086769084,16.91233646205551,16.609947363999858,15.659107636744787,15.4187764382699,15.127702012592655,1.0,1.0,1.0,1.0,1.0,1.0,1.0,1.0,1.0,1.0
241.5,3.0,0.0,0.0,0.0,0.0,0.0,0.0,0.0,0.0,0.0,0.0,0.0,0.0,0.0,0.0,0.0,0.0,0.0,0.0,0.0,0.0
241.75,4.0,15.895986772951506,17.506062965257485,16.18333981164471,15.11101721317615,15.777650040184835,15.19941277873318,16.06459825258152,17.266154111121693,17.36349362146165,17.800161664100884,1.0,1.0,1.0,1.0,1.0,1.0,1.0,1.0,1.0,1.0
242.0,1.0,14.380913950900814,14.589004410774313,13.58617800292396,15.496071986855306,17.460735958226824,16.889743920971522,16.803601423445592,16.233322264051267,14.100324765838895,13.8361056690069,1.0,1.0,1.0,1.0,1.0,1.0,1.0,1.0,1.0,1.0
242.25,2.0,0.0,0.0,0.0,0.0,0.0,0.0,0.0,0.0,0.0,0.0,0.0,0.0,0.0,0.0,0.0,0.0,0.0,0.0,0.0,0.0
242.5,3.0,17.887191852464916,18.243096107106528,19.00818220036276,18.425553074049663,17.600104757593705,18.689626108030986,18.616287733791175,19.595975450322968,18.529007446454067,17.997721319542677,1.0,1.0,1.0,1.0,1.0,1.0,1.0,1.0,1.0,1.0
242.75,4.0,15.790800427099411,17.34422462981052,16.30026626197629,14.576603350111373,16.182339095781984,16.714590842062105,16.705845465002316,16.891375199701063,16.705476174478584,17.164203796682667,1.0,1.0,1.0,1.0,1.0,1.0,1.0,1.0,1.0,1.0
243.0,1.0,0.0,0.0,0.0,0.0,0.0,0.0,0.0,0.0,0.0,0.0,0.0,0.0,0.0,0.0,0.0,0.0,0.0,0.0,0.0,0.0
243.25,2.0,15.97893441195895,15.194066320496349,16.954722283256228,18.63734076741168,17.3950757490705,17.25534175077131,17.7530403431562,17.25567826250031,16.99629540144247,16.449133613095206,1.0,1.0,1.0,1.0,1.0,1.0,1.0,1.0,1.0,1.0
243.5,3.0,19.09018252602105,18.64562746293377,19.788676684324635,18.93329443750771,18.68896688831493,17.873185958037922,19.02775495294119,18.97762518678417,17.956642195712245,17.46770919808686,1.0,1.0,1.0,1.0,1.0,1.0,1.0,1.0,1.0,1.0
243.75,4.0,0.0,0.0,0.0,0.0,0.0,0.0,0.0,0.0,0.0,0.0,0.0,0.0,0.0,0.0,0.0,0.0,0.0,0.0,0.0,0.0
244.0,1.0,15.331159588951367,15.70064318141788,15.58729771520375,15.687143043339548,13.13288975692137,12.738699518005111,12.693699520875544,12.905597032403723,12.168203355656946,12.717612620735935,1.0,1.0,1.0,1.0,1.0,1.0,1.0,1.0,1.0,1.0
244.25,2.0,15.708815853446971,15.019212983488737,17.95737356984488,18.495961085027353,18.364577884779237,17.848983074002003,18.27045844755502,17.42039555824751,16.64727170150219,16.845502623078396,1.0,1.0,1.0,1.0,1.0,1.0,1.0,1.0,1.0,1.0
244.5,3.0,0.0,0.0,0.0,0.0,0.0,0.0,0.0,0.0,0.0,0.0,0.0,0.0,0.0,0.0,0.0,0.0,0.0,0.0,0.0,0.0
244.75,4.0,16.253662521273732,16.52096598943535,16.527405959915892,15.689225923339336,16.42412864610095,17.325749208449995,16.81344975167525,17.442996559274672,17.80679526324477,18.154706683583743,1.0,1.0,1.0,1.0,1.0,1.0,1.0,1.0,1.0,1.0
245.0,1.0,14.792187557489546,16.00968339137384,15.694457890820372,15.557335737977576,12.988771201168257,12.846438312204631,13.039961048093646,12.36213458371553,12.031353092101574,13.080217074603093,1.0,1.0,1.0,1.0,1.0,1.0,1.0,1.0,1.0,1.0
245.25,2.0,0.0,0.0,0.0,0.0,0.0,0.0,0.0,0.0,0.0,0.0,0.0,0.0,0.0,0.0,0.0,0.0,0.0,0.0,0.0,0.0
245.5,3.0,20.440192796715326,19.56478546825108,20.759739017196104,19.458578494854486,19.160775344527305,18.838838951361208,18.59374663929916,18.013266319952027,17.880808684035987,18.256323336095686,1.0,1.0,1.0,1.0,1.0,1.0,1.0,1.0,1.0,1.0
245.75,4.0,16.518594279511316,16.08642073114916,15.991108593595676,15.793141631306307,15.671249105594844,17.374067908943204,16.616482087855864,17.655290721942723,17.846498229377055,17.990271105495633,1.0,1.0,1.0,1.0,1.0,1.0,1.0,1.0,1.0,1.0
246.0,1.0,15.434259053058929,17.474968208298424,17.240089160531006,15.269571678771477,14.289605016598252,12.923479150886095,13.134441169890788,11.930590094247414,11.687078618132274,12.712594964721921,1.0,1.0,1.0,1.0,1.0,1.0,1.0,1.0,1.0,1.0
246.25,2.0,15.225345007260499,16.13452280337779,17.724294003040075,18.54388643294084,17.000000418022527,17.13505159895679,17.951967931594172,18.054463133853996,18.48610302528413,18.178518415799715,1.0,1.0,1.0,1.0,1.0,1.0,1.0,1.0,1.0,1.0
246.5,3.0,0.0,0.0,0.0,0.0,0.0,0.0,0.0,0.0,0.0,0.0,0.0,0.0,0.0,0.0,0.0,0.0,0.0,0.0,0.0,0.0
246.75,4.0,15.833656275272572,16.738597001781073,16.309940010126507,16.060932743725974,16.07055339287197,16.65122103707447,16.25706369219208,17.076146013661358,16.845733671176376,16.81852800480926,1.0,1.0,1.0,1.0,1.0,1.0,1.0,1.0,1.0,1.0
247.0,1.0,16.50261116821921,17.766487504222155,16.53675596173463,14.827771999595882,14.317727282274923,12.508321077933187,12.394403554050632,12.152232715444786,11.39627603241937,13.199608236973253,1.0,1.0,1.0,1.0,1.0,1.0,1.0,1.0,1.0,1.0
247.25,2.0,16.58255417789025,17.00205630970164,18.975568122252106,19.462456224540286,18.3670838203068,17.853393255823697,17.760673134360147,18.098803438874164,17.1238467695084,16.377643630273724,1.0,1.0,1.0,1.0,1.0,1.0,1.0,1.0,1.0,1.0
247.5,3.0,20.873006634837985,20.247523516427293,17.782149578761874,16.927151649092405,19.016820382802976,18.567395505738304,18.859682110180632,18.785201628734857,18.30598538770535,18.93750266995896,1.0,1.0,1.0,1.0,1.0,1.0,1.0,1.0,1.0,1.0
247.75,4.0,15.82243995823756,17.188918103330106,16.844829831848813,17.157926343375266,17.048818439017797,16.6423285736665,15.879463787239388,16.206927872082037,16.559644539944493,17.698557260843003,1.0,1.0,1.0,1.0,1.0,1.0,1.0,1.0,1.0,1.0
248.0,1.0,0.0,0.0,0.0,0.0,0.0,0.0,0.0,0.0,0.0,0.0,0.0,0.0,0.0,0.0,0.0,0.0,0.0,0.0,0.0,0.0
248.25,2.0,0.0,0.0,0.0,0.0,0.0,0.0,0.0,0.0,0.0,0.0,0.0,0.0,0.0,0.0,0.0,0.0,0.0,0.0,0.0,0.0
248.5,3.0,19.16871729285866,19.26914074623269,17.15275431695942,18.497997947997707,20.175694777274323,19.955728454015922,19.37029962846554,19.410238906897636,19.174209652102274,19.528913704650922,1.0,1.0,1.0,1.0,1.0,1.0,1.0,1.0,1.0,1.0
248.75,4.0,16.888905245848914,17.573667517536634,16.56268623367871,16.664718619791326,17.336600701309298,16.878597621057313,16.999402881245523,17.669938492247187,17.348475308619328,18.830655133003734,1.0,1.0,1.0,1.0,1.0,1.0,1.0,1.0,1.0,1.0
249.0,1.0,16.966657914178597,17.371044421310312,14.613812047794106,13.565942840038232,13.467429892222414,12.88995574017068,12.880728574358406,13.807845957053024,13.357174398826817,14.818081473744135,1.0,1.0,1.0,1.0,1.0,1.0,1.0,1.0,1.0,1.0
249.25,2.0,16.922280056071326,16.28600562498507,17.68259758014482,18.159440924956442,17.459400406928673,16.66732136166362,15.715218062512342,15.506528184562384,15.195726150716055,14.3980080015078,1.0,1.0,1.0,1.0,1.0,1.0,1.0,1.0,1.0,1.0
249.5,3.0,0.0,0.0,0.0,0.0,0.0,0.0,0.0,0.0,0.0,0.0,0.0,0.0,0.0,0.0,0.0,0.0,0.0,0.0,0.0,0.0
249.75,4.0,16.833623543199515,17.60317595605405,16.75194281196794,17.547207608727604,16.87497771587112,16.919225827979627,18.01551030850313,18.15789783664214,17.82052306043691,18.24009417399582,1.0,1.0,1.0,1.0,1.0,1.0,1.0,1.0,1.0,1.0
250.0,1.0,17.39903753442036,17.278334730846982,13.940158546538202,13.030581115115153,11.696470101720887,13.026982173951763,13.826327274288186,14.794494493868473,14.793098560418718,14.507690159705296,1.0,1.0,1.0,1.0,1.0,1.0,1.0,1.0,1.0,1.0
250.25,2.0,0.0,0.0,0.0,0.0,0.0,0.0,0.0,0.0,0.0,0.0,0.0,0.0,0.0,0.0,0.0,0.0,0.0,0.0,0.0,0.0
250.5,3.0,17.82816602640671,18.24322701368431,18.419856177654754,19.94268546898839,20.508231557694245,20.96848684713866,21.183115740086734,21.237542078760516,19.031975016809504,18.81256807887064,1.0,1.0,1.0,1.0,1.0,1.0,1.0,1.0,1.0,1.0
250.75,4.0,17.06260426740184,16.696354506410103,17.290111583262295,16.56241879247729,17.18134021202026,17.387521604859888,18.223010295307,17.616437301951915,17.321238964235413,17.30176508057828,1.0,1.0,1.0,1.0,1.0,1.0,1.0,1.0,1.0,1.0
251.0,1.0,0.0,0.0,0.0,0.0,0.0,0.0,0.0,0.0,0.0,0.0,0.0,0.0,0.0,0.0,0.0,0.0,0.0,0.0,0.0,0.0
251.25,2.0,16.169269256100375,15.305630671280982,17.037582893932846,16.773064627357165,15.296657031055288,14.834350942104358,14.50933966508675,14.239865343856827,13.300383871699898,12.085663972463106,1.0,1.0,1.0,1.0,1.0,1.0,1.0,1.0,1.0,1.0
251.5,3.0,18.083222032495293,18.407308425717982,18.032744187705827,19.91640214430663,20.45423474133961,20.234198553189774,19.175142073414683,18.80382442617263,17.50278999730846,17.602200526215526,1.0,1.0,1.0,1.0,1.0,1.0,1.0,1.0,1.0,1.0
251.75,4.0,0.0,0.0,0.0,0.0,0.0,0.0,0.0,0.0,0.0,0.0,0.0,0.0,0.0,0.0,0.0,0.0,0.0,0.0,0.0,0.0
252.0,1.0,17.503587674689836,16.039347915600526,13.772013661535622,13.091289155595678,13.891037345424456,13.420302549919803,13.47175684562063,14.122849987218634,14.757824067574147,15.483495415447745,1.0,1.0,1.0,1.0,1.0,1.0,1.0,1.0,1.0,1.0
252.25,2.0,15.483719336858385,16.474343905691054,16.685791043829543,16.138888469843078,14.643635898635717,14.482261570530412,13.996618752008184,14.005335644485006,14.4197303512783,14.394500076088615,1.0,1.0,1.0,1.0,1.0,1.0,1.0,1.0,1.0,1.0
252.5,3.0,0.0,0.0,0.0,0.0,0.0,0.0,0.0,0.0,0.0,0.0,0.0,0.0,0.0,0.0,0.0,0.0,0.0,0.0,0.0,0.0
252.75,4.0,18.145290538114683,17.153830785006623,15.644838874370928,16.62452309422787,17.875501854670027,17.842661094790937,17.89234061013798,17.09382347281116,16.903992824111125,16.351560524515403,1.0,1.0,1.0,1.0,1.0,1.0,1.0,1.0,1.0,1.0
253.0,1.0,16.71998746232925,14.56612473967803,13.479769879560811,14.148457964991657,14.020674536497737,13.347617871704946,13.548116782185794,14.647210962933487,14.20674144354735,14.947356565266624,1.0,1.0,1.0,1.0,1.0,1.0,1.0,1.0,1.0,1.0
253.25,2.0,0.0,0.0,0.0,0.0,0.0,0.0,0.0,0.0,0.0,0.0,0.0,0.0,0.0,0.0,0.0,0.0,0.0,0.0,0.0,0.0
253.5,3.0,17.21525254913354,19.499090199247195,18.38006373916292,17.679395537355305,16.86092986480373,16.937591927249894,16.937334752360794,17.621481874609817,17.315502488428013,16.87814359617282,1.0,1.0,1.0,1.0,1.0,1.0,1.0,1.0,1.0,1.0
253.75,4.0,16.51352683823324,16.463553101279118,17.41187341675633,17.96626417910635,18.527079445420238,18.67892872632305,17.703025716188982,17.097848183583828,15.702568615349088,15.939085295373053,1.0,1.0,1.0,1.0,1.0,1.0,1.0,1.0,1.0,1.0
254.0,1.0,15.675980900138486,14.507599509198327,14.70264070299332,13.51537879764306,13.003430446283584,13.527899746680529,14.338946188615441,14.932552537853946,14.434931933982174,15.006487757414087,1.0,1.0,1.0,1.0,1.0,1.0,1.0,1.0,1.0,1.0
254.25,2.0,16.370354151148156,16.696806774014163,14.460698126583232,13.686402224469564,14.858996134470862,15.03418034774219,16.603042438290046,15.775092611309688,15.834665005164426,14.824577023241146,1.0,1.0,1.0,1.0,1.0,1.0,1.0,1.0,1.0,1.0
254.5,3.0,0.0,0.0,0.0,0.0,0.0,0.0,0.0,0.0,0.0,0.0,0.0,0.0,0.0,0.0,0.0,0.0,0.0,0.0,0.0,0.0
254.75,4.0,15.78516664217973,16.22811638348893,16.496950657364327,18.206832098753644,18.869196191418737,18.851063309943505,17.429313084718967,16.825264263758434,15.86496759509686,16.57124418258381,1.0,1.0,1.0,1.0,1.0,1.0,1.0,1.0,1.0,1.0
255.0,1.0,16.00591236047474,15.374577019365526,14.844043600288103,12.889037284735402,13.47939167582133,13.58671584671096,15.336503183539701,15.274828525140402,15.191875586584258,16.314624564487303,1.0,1.0,1.0,1.0,1.0,1.0,1.0,1.0,1.0,1.0
255.25,2.0,15.660830945119363,15.679225232958144,14.052433285202993,13.96656787810265,15.203136736814475,15.443766499694526,16.142920416680873,15.775554727758058,15.61560208421233,14.719412345573266,1.0,1.0,1.0,1.0,1.0,1.0,1.0,1.0,1.0,1.0
255.5,3.0,17.232326235697844,17.408311171967775,15.125288052400416,14.834517975231543,14.809549163313589,14.893118574342331,14.689622292535235,16.05540072748339,15.46269940203792,14.602898543287694,1.0,1.0,1.0,1.0,1.0,1.0,1.0,1.0,1.0,1.0
255.75,4.0,15.78195412417649,16.112971628499015,17.220240957557966,18.724294214848285,18.764260695937093,18.220331576448157,17.10812415303554,16.922134547451055,16.368011985975652,17.240973883643846,1.0,1.0,1.0,1.0,1.0,1.0,1.0,1.0,1.0,1.0
256.0,1.0,0.0,0.0,0.0,0.0,0.0,0.0,0.0,0.0,0.0,0.0,0.0,0.0,0.0,0.0,0.0,0.0,0.0,0.0,0.0,0.0
256.25,2.0,0.0,0.0,0.0,0.0,0.0,0.0,0.0,0.0,0.0,0.0,0.0,0.0,0.0,0.0,0.0,0.0,0.0,0.0,0.0,0.0
256.5,3.0,15.305721928788971,15.1541428133728,14.057441449681447,13.461442849354249,13.547863580478362,13.691177087129141,13.507212005660065,15.514542887297008,14.877155912398845,13.914307162076456,1.0,1.0,1.0,1.0,1.0,1.0,1.0,1.0,1.0,1.0
256.75,4.0,0.0,0.0,0.0,0.0,0.0,0.0,0.0,0.0,0.0,0.0,0.0,0.0,0.0,0.0,0.0,0.0,0.0,0.0,0.0,0.0
257.0,1.0,16.418434854071766,14.988313276087593,12.795351867938667,12.418666579148343,15.446371103885479,16.21733511324123,17.170302317910654,17.394894246168036,17.296595323641952,17.758552359241605,1.0,1.0,1.0,1.0,1.0,1.0,1.0,1.0,1.0,1.0
257.25,2.0,16.0147066109231,16.449323406838996,15.37914900096181,13.01990521318773,14.506419387467627,13.971404830122605,14.286744272129292,13.715413931206276,13.714239807247608,12.860987217333687,1.0,1.0,1.0,1.0,1.0,1.0,1.0,1.0,1.0,1.0
257.5,3.0,0.0,0.0,0.0,0.0,0.0,0.0,0.0,0.0,0.0,0.0,0.0,0.0,0.0,0.0,0.0,0.0,0.0,0.0,0.0,0.0
257.75,4.0,16.97385032327104,18.078466266699554,18.125753290642503,18.076481458237662,17.107135374035774,17.092668599735465,16.79967632856957,17.962799551010047,17.955042973987542,18.491505811689617,1.0,1.0,1.0,1.0,1.0,1.0,1.0,1.0,1.0,1.0
258.0,1.0,15.502178976528542,14.768217591241438,14.013964347005333,13.993446642394586,16.112530643288068,17.519211816249584,17.1562666082455,17.248691343379708,16.33497755101455,17.152979616565688,1.0,1.0,1.0,1.0,1.0,1.0,1.0,1.0,1.0,1.0
258.25,2.0,0.0,0.0,0.0,0.0,0.0,0.0,0.0,0.0,0.0,0.0,0.0,0.0,0.0,0.0,0.0,0.0,0.0,0.0,0.0,0.0
258.5,3.0,12.866813272296044,12.693730293665038,11.843089104485477,12.842280827926174,13.769870806664425,13.729548204170197,13.188102823419012,14.082728333960446,13.586057431460725,13.246128250604869,1.0,1.0,1.0,1.0,1.0,1.0,1.0,1.0,1.0,1.0
258.75,4.0,16.86243670370003,17.00040406538821,18.265429614345447,19.277749847837708,18.336601216757888,17.641374090958525,18.28611104016326,18.335316774048362,18.186103656095565,18.420372677201883,1.0,1.0,1.0,1.0,1.0,1.0,1.0,1.0,1.0,1.0
259.0,1.0,0.0,0.0,0.0,0.0,0.0,0.0,0.0,0.0,0.0,0.0,0.0,0.0,0.0,0.0,0.0,0.0,0.0,0.0,0.0,0.0
259.25,2.0,16.457076790957768,15.302690428069015,15.842736293668464,14.57002163815673,16.043699308483852,15.655390770812268,15.61879812003658,14.988552352412055,14.75189459666454,15.321768641606258,1.0,1.0,1.0,1.0,1.0,1.0,1.0,1.0,1.0,1.0
259.5,3.0,0.0,0.0,0.0,0.0,0.0,0.0,0.0,0.0,0.0,0.0,0.0,0.0,0.0,0.0,0.0,0.0,0.0,0.0,0.0,0.0
259.75,4.0,0.0,0.0,0.0,0.0,0.0,0.0,0.0,0.0,0.0,0.0,0.0,0.0,0.0,0.0,0.0,0.0,0.0,0.0,0.0,0.0
260.0,1.0,13.626186351741733,14.732104292309264,16.147326442653153,17.13378502816292,19.226315263559446,18.562393645029474,18.08644682109789,18.700347481399454,18.88324998754798,18.315194215816504,1.0,1.0,1.0,1.0,1.0,1.0,1.0,1.0,1.0,1.0
260.25,2.0,16.125694013361713,14.838463048855312,15.79784523500783,14.389186095021433,16.939213506358325,16.2138998537,16.898977895165682,15.91551907340098,16.735402932001495,16.068761675354303,1.0,1.0,1.0,1.0,1.0,1.0,1.0,1.0,1.0,1.0
260.5,3.0,0.0,0.0,0.0,0.0,0.0,0.0,0.0,0.0,0.0,0.0,0.0,0.0,0.0,0.0,0.0,0.0,0.0,0.0,0.0,0.0
260.75,4.0,17.333485146282364,17.34246694918188,17.058375179013822,17.44933591784297,18.322706842811794,18.64941901373372,18.6236548953121,19.245124450618476,18.57478084397118,18.56920828706617,1.0,1.0,1.0,1.0,1.0,1.0,1.0,1.0,1.0,1.0
261.0,1.0,14.873463447246493,16.39385428851503,17.74348508886043,17.431288104226752,18.666747369591217,17.67462099751883,17.89677454665338,18.76048179850926,17.60778682627121,17.75438421015722,1.0,1.0,1.0,1.0,1.0,1.0,1.0,1.0,1.0,1.0
261.25,2.0,0.0,0.0,0.0,0.0,0.0,0.0,0.0,0.0,0.0,0.0,0.0,0.0,0.0,0.0,0.0,0.0,0.0,0.0,0.0,0.0
261.5,3.0,12.922944546230694,12.623676597228378,14.013772189415569,14.263300347440088,14.520543678815292,15.401147872836503,15.515390835175841,16.364827856919717,16.049614610924724,15.42848478987296,1.0,1.0,1.0,1.0,1.0,1.0,1.0,1.0,1.0,1.0
261.75,4.0,17.581670885314097,17.72765275219883,17.842803637128522,18.309247372115358,19.363565669842835,19.194848703014863,19.408019767555544,18.660310406840534,18.072224130494384,17.528160419062,1.0,1.0,1.0,1.0,1.0,1.0,1.0,1.0,1.0,1.0
262.0,1.0,15.634561146382374,17.18279905825927,17.59083573136542,17.30289825323535,18.363971920737466,17.39478907552092,17.685130893308493,17.708275744445793,16.286479175654396,17.99917326630788,1.0,1.0,1.0,1.0,1.0,1.0,1.0,1.0,1.0,1.0
262.25,2.0,14.199496870741555,15.904243259546165,16.78447659075014,15.135736945331379,16.40611642430304,17.18021144592174,16.663288221498455,16.22197150031512,15.77219390412805,15.27883089607521,1.0,1.0,1.0,1.0,1.0,1.0,1.0,1.0,1.0,1.0
262.5,3.0,0.0,0.0,0.0,0.0,0.0,0.0,0.0,0.0,0.0,0.0,0.0,0.0,0.0,0.0,0.0,0.0,0.0,0.0,0.0,0.0
262.75,4.0,17.212228008708063,18.469498293719667,18.833271386761748,18.464640223405752,19.17707043374371,18.580306021305958,18.34477213912788,16.9814492385008,16.025428465150913,16.997128605727895,1.0,1.0,1.0,1.0,1.0,1.0,1.0,1.0,1.0,1.0
263.0,1.0,17.25171514364596,17.556266191332476,17.11028208809238,17.50451518994962,18.545771220970288,17.11215672179213,18.231413897876713,18.447366562874556,17.645850974085615,18.26502350099969,1.0,1.0,1.0,1.0,1.0,1.0,1.0,1.0,1.0,1.0
263.25,2.0,0.0,0.0,0.0,0.0,0.0,0.0,0.0,0.0,0.0,0.0,0.0,0.0,0.0,0.0,0.0,0.0,0.0,0.0,0.0,0.0
263.5,3.0,13.993149980075497,13.06165292836889,15.082493909640556,15.837490792217588,17.518387639628,16.63273094986285,16.51263238366123,16.987905032262667,16.58065073972095,16.593891179611223,1.0,1.0,1.0,1.0,1.0,1.0,1.0,1.0,1.0,1.0
263.75,4.0,17.019468967878318,18.530425416973397,19.12053046212032,19.21695250069919,18.092180756393493,18.067197081181444,17.867851743647527,17.442718930363426,17.037072280305594,16.429760440813457,1.0,1.0,1.0,1.0,1.0,1.0,1.0,1.0,1.0,1.0
264.0,1.0,0.0,0.0,0.0,0.0,0.0,0.0,0.0,0.0,0.0,0.0,0.0,0.0,0.0,0.0,0.0,0.0,0.0,0.0,0.0,0.0
264.25,2.0,0.0,0.0,0.0,0.0,0.0,0.0,0.0,0.0,0.0,0.0,0.0,0.0,0.0,0.0,0.0,0.0,0.0,0.0,0.0,0.0
264.5,3.0,14.161339109812076,15.245948796613625,16.346106697527386,17.209330065643464,15.598453874677382,15.368205839155493,15.464273912011393,16.456463340149362,16.525160667962222,16.885451959040143,1.0,1.0,1.0,1.0,1.0,1.0,1.0,1.0,1.0,1.0
264.75,4.0,0.0,0.0,0.0,0.0,0.0,0.0,0.0,0.0,0.0,0.0,0.0,0.0,0.0,0.0,0.0,0.0,0.0,0.0,0.0,0.0
265.0,1.0,16.8263200665827,18.82393238906614,18.65370380104853,18.02326576697186,19.73736958440406,18.39088195465832,18.75316410680642,19.13312006253744,17.82724794883776,17.71676444946375,1.0,1.0,1.0,1.0,1.0,1.0,1.0,1.0,1.0,1.0
265.25,2.0,15.192094164648902,16.153285397743304,16.576949114348132,15.207772720534935,16.030294681413853,15.90399513935617,16.206777492709598,15.513201410895045,14.572347214103099,14.572659335047735,1.0,1.0,1.0,1.0,1.0,1.0,1.0,1.0,1.0,1.0
265.5,3.0,0.0,0.0,0.0,0.0,0.0,0.0,0.0,0.0,0.0,0.0,0.0,0.0,0.0,0.0,0.0,0.0,0.0,0.0,0.0,0.0
265.75,4.0,17.35997736028899,18.691544811429548,18.30628463487215,18.71418053582595,17.70170073435755,16.867527584112565,16.173839074937156,15.771900768110319,14.828035883950594,14.438027847124928,1.0,1.0,1.0,1.0,1.0,1.0,1.0,1.0,1.0,1.0
266.0,1.0,19.856740770657606,20.185163195162456,18.55500969009999,18.289009648963226,19.599284307400996,18.87565290099187,18.579336054953167,18.619636722892377,16.81152753107762,17.197012476997916,1.0,1.0,1.0,1.0,1.0,1.0,1.0,1.0,1.0,1.0
266.25,2.0,0.0,0.0,0.0,0.0,0.0,0.0,0.0,0.0,0.0,0.0,0.0,0.0,0.0,0.0,0.0,0.0,0.0,0.0,0.0,0.0
266.5,3.0,15.270159255370407,17.620812881306666,17.003238163730348,15.340953823278618,14.457587988463127,14.110744976021438,14.68178455134798,16.833233948272934,15.939356633017868,17.093046305086915,1.0,1.0,1.0,1.0,1.0,1.0,1.0,1.0,1.0,1.0
266.75,4.0,16.90472523349026,18.14256531232937,18.741606682294975,18.34242133176429,16.79792565896854,16.430420081063392,16.37952749566881,16.063568940154674,14.960611563976087,14.986172055553038,1.0,1.0,1.0,1.0,1.0,1.0,1.0,1.0,1.0,1.0
267.0,1.0,0.0,0.0,0.0,0.0,0.0,0.0,0.0,0.0,0.0,0.0,0.0,0.0,0.0,0.0,0.0,0.0,0.0,0.0,0.0,0.0
267.25,2.0,16.556554897953006,17.742012258192172,17.29259041624257,16.671071459288353,15.995346991339296,15.190870067340455,13.745622800904728,13.28166585317764,12.515390445516655,12.769903396664366,1.0,1.0,1.0,1.0,1.0,1.0,1.0,1.0,1.0,1.0
267.5,3.0,0.0,0.0,0.0,0.0,0.0,0.0,0.0,0.0,0.0,0.0,0.0,0.0,0.0,0.0,0.0,0.0,0.0,0.0,0.0,0.0
267.75,4.0,0.0,0.0,0.0,0.0,0.0,0.0,0.0,0.0,0.0,0.0,0.0,0.0,0.0,0.0,0.0,0.0,0.0,0.0,0.0,0.0
268.0,1.0,18.990754031641824,19.51929483241872,19.198738121430058,18.29905928463372,18.399216191824202,17.754759441179235,17.632339861561288,18.57479202986879,18.599167327467104,19.65034831450879,1.0,1.0,1.0,1.0,1.0,1.0,1.0,1.0,1.0,1.0
268.25,2.0,17.59642029687843,17.694135162631486,16.138950158684107,16.332952063121216,15.774023238018753,14.17972315840543,13.574378248958304,12.4683018990946,11.941081145317447,12.641964872654336,1.0,1.0,1.0,1.0,1.0,1.0,1.0,1.0,1.0,1.0
268.5,3.0,0.0,0.0,0.0,0.0,0.0,0.0,0.0,0.0,0.0,0.0,0.0,0.0,0.0,0.0,0.0,0.0,0.0,0.0,0.0,0.0
268.75,4.0,18.619422101362723,17.93627426920776,16.89232518420025,16.207822789516154,16.685275000456826,15.817197177632355,15.832037114204164,15.882008161670461,16.029397170896246,17.2714197841078,1.0,1.0,1.0,1.0,1.0,1.0,1.0,1.0,1.0,1.0
269.0,1.0,19.133066192110093,19.324146822669025,19.197911749111324,16.55720019382295,17.596801554830797,17.592025853389835,19.20964116060227,19.72913489046887,19.440220107099858,20.606897183411306,1.0,1.0,1.0,1.0,1.0,1.0,1.0,1.0,1.0,1.0
269.25,2.0,0.0,0.0,0.0,0.0,0.0,0.0,0.0,0.0,0.0,0.0,0.0,0.0,0.0,0.0,0.0,0.0,0.0,0.0,0.0,0.0
269.5,3.0,17.30792456137485,17.447566411371273,17.055268163803994,16.309184463026234,14.847491690829532,15.568995374387661,16.598937695886242,17.166596359733305,16.778176179349195,17.02771956677007,1.0,1.0,1.0,1.0,1.0,1.0,1.0,1.0,1.0,1.0
269.75,4.0,18.238142084964252,18.277244514133162,16.985585610165405,16.68977778263917,16.95258614295246,16.535428630462214,16.623624860220698,16.844610175109455,16.611385089236677,17.639682166059664,1.0,1.0,1.0,1.0,1.0,1.0,1.0,1.0,1.0,1.0
270.0,1.0,18.906146017538735,19.691178823119078,18.488374981258122,17.035235126631555,19.236058328000077,19.10848402540736,20.25636358863194,20.582101897008197,20.18788960052841,21.20215698599099,1.0,1.0,1.0,1.0,1.0,1.0,1.0,1.0,1.0,1.0
270.25,2.0,16.835211029127567,17.069156886129292,17.7207241231271,16.97583320458092,14.768353789630375,12.68387593613992,12.309653127584735,12.521818198068894,12.66239991479142,14.318127694613416,1.0,1.0,1.0,1.0,1.0,1.0,1.0,1.0,1.0,1.0
270.5,3.0,0.0,0.0,0.0,0.0,0.0,0.0,0.0,0.0,0.0,0.0,0.0,0.0,0.0,0.0,0.0,0.0,0.0,0.0,0.0,0.0
270.75,4.0,17.54377213946693,18.082155503648234,17.985107649818907,17.742293829523888,17.915242954530633,17.339975479049382,18.123667668964757,18.460116850268555,18.189300583940224,18.979947444407642,1.0,1.0,1.0,1.0,1.0,1.0,1.0,1.0,1.0,1.0
271.0,1.0,19.685955927476805,20.735252492809654,18.88294549607829,18.518473135734293,20.641103102334686,19.737196561418106,20.468856419400833,21.334299315385834,20.847979332089825,20.277575960064723,1.0,1.0,1.0,1.0,1.0,1.0,1.0,1.0,1.0,1.0
271.25,2.0,0.0,0.0,0.0,0.0,0.0,0.0,0.0,0.0,0.0,0.0,0.0,0.0,0.0,0.0,0.0,0.0,0.0,0.0,0.0,0.0
271.5,3.0,17.415202764462457,18.28410080863981,17.297342551853536,16.235561481614884,14.974429782352408,16.300700837880036,16.92437546873795,17.272086989125818,17.207140129953356,18.106874937904326,1.0,1.0,1.0,1.0,1.0,1.0,1.0,1.0,1.0,1.0
271.75,4.0,17.593005502367852,18.332636748098672,17.893482688554602,18.11466223552637,17.883709006268614,17.846623279569858,18.100297767867747,18.265940324511124,17.494362855296824,17.608023479127322,1.0,1.0,1.0,1.0,1.0,1.0,1.0,1.0,1.0,1.0
272.0,1.0,0.0,0.0,0.0,0.0,0.0,0.0,0.0,0.0,0.0,0.0,0.0,0.0,0.0,0.0,0.0,0.0,0.0,0.0,0.0,0.0
272.25,2.0,0.0,0.0,0.0,0.0,0.0,0.0,0.0,0.0,0.0,0.0,0.0,0.0,0.0,0.0,0.0,0.0,0.0,0.0,0.0,0.0
272.5,3.0,17.440069884641826,18.18255995435821,16.693517519577657,15.57526445183272,15.141104396334196,15.80134914155231,15.897426841644679,15.890805670883292,15.645139874722044,15.8536894172751,1.0,1.0,1.0,1.0,1.0,1.0,1.0,1.0,1.0,1.0
272.75,4.0,0.0,0.0,0.0,0.0,0.0,0.0,0.0,0.0,0.0,0.0,0.0,0.0,0.0,0.0,0.0,0.0,0.0,0.0,0.0,0.0
273.0,1.0,19.910700605257315,20.159768249093602,19.25475029921575,18.704094075267705,18.611202487381036,18.793768359939104,19.917986334821922,20.56839490487964,19.159392383795595,19.043622434553896,1.0,1.0,1.0,1.0,1.0,1.0,1.0,1.0,1.0,1.0
273.25,2.0,17.42240545797036,18.22976912279177,16.47331886877401,13.792244231121488,14.165700495704217,12.8208063000347,13.062533619076003,14.045671086338851,14.564845025493787,14.023197794547585,1.0,1.0,1.0,1.0,1.0,1.0,1.0,1.0,1.0,1.0
273.5,3.0,0.0,0.0,0.0,0.0,0.0,0.0,0.0,0.0,0.0,0.0,0.0,0.0,0.0,0.0,0.0,0.0,0.0,0.0,0.0,0.0
273.75,4.0,17.939510093208504,17.979142472862968,19.824561633354193,19.282224146183292,17.880595717057343,18.30892295334807,18.503341292408333,18.58128170551602,16.889396183862356,17.60151456909241,1.0,1.0,1.0,1.0,1.0,1.0,1.0,1.0,1.0,1.0
274.0,1.0,19.840849455596153,20.61870964544237,19.862183682746416,19.064729586620082,19.084733796904214,18.3953386514158,19.507603832675258,19.283141678162433,18.70349871426616,18.595933944075647,1.0,1.0,1.0,1.0,1.0,1.0,1.0,1.0,1.0,1.0
274.25,2.0,0.0,0.0,0.0,0.0,0.0,0.0,0.0,0.0,0.0,0.0,0.0,0.0,0.0,0.0,0.0,0.0,0.0,0.0,0.0,0.0
274.5,3.0,16.86378411441575,16.61102395826239,16.070229704184246,15.26794886793288,13.372908261144387,13.508721652872625,14.577643564033602,15.32539654424945,15.835111123964298,16.873135413591967,1.0,1.0,1.0,1.0,1.0,1.0,1.0,1.0,1.0,1.0
274.75,4.0,17.722745122514517,18.343550801667625,19.31951850612275,19.116526634871526,17.49345087179806,17.702222203964173,18.57944347638657,18.811770523736868,18.0697630524191,18.35643751696089,1.0,1.0,1.0,1.0,1.0,1.0,1.0,1.0,1.0,1.0
275.0,1.0,0.0,0.0,0.0,0.0,0.0,0.0,0.0,0.0,0.0,0.0,0.0,0.0,0.0,0.0,0.0,0.0,0.0,0.0,0.0,0.0
275.25,2.0,18.68537660579553,18.32519125206193,15.955081617674862,14.329114049697752,15.321229384252995,13.813515728483495,13.409350357681175,13.637587948881583,13.165974430863752,12.178387300855933,1.0,1.0,1.0,1.0,1.0,1.0,1.0,1.0,1.0,1.0
275.5,3.0,0.0,0.0,0.0,0.0,0.0,0.0,0.0,0.0,0.0,0.0,0.0,0.0,0.0,0.0,0.0,0.0,0.0,0.0,0.0,0.0
275.75,4.0,0.0,0.0,0.0,0.0,0.0,0.0,0.0,0.0,0.0,0.0,0.0,0.0,0.0,0.0,0.0,0.0,0.0,0.0,0.0,0.0
276.0,1.0,19.963630356169865,19.037793342388735,17.154894858796432,17.27747029804604,18.847269489955835,17.5591665317733,17.161406228147392,16.68584583948978,15.861355951501645,16.00822016204391,1.0,1.0,1.0,1.0,1.0,1.0,1.0,1.0,1.0,1.0
276.25,2.0,18.192017051459462,17.49091673736052,15.294562140723919,13.332852329236138,14.60678091312728,13.64131148116423,13.264207132939859,12.583206983203668,12.809181811169653,11.688854518773594,1.0,1.0,1.0,1.0,1.0,1.0,1.0,1.0,1.0,1.0
276.5,3.0,15.379994555906837,15.965242455526425,14.407050979094402,13.266285085264766,15.270200820619129,15.890627474000977,16.3726771170072,17.346815418290028,16.625996421182784,16.41314541720289,1.0,1.0,1.0,1.0,1.0,1.0,1.0,1.0,1.0,1.0
276.75,4.0,18.43730439829892,18.394224005651004,19.782606274752315,17.982114051833108,16.793379302881945,17.020644992088766,18.08562158265531,17.658943145588275,16.328260961114946,16.741948546118717,1.0,1.0,1.0,1.0,1.0,1.0,1.0,1.0,1.0,1.0
277.0,1.0,19.419020348327688,17.447052011090648,17.155661573042476,16.7508073646735,16.129382091466926,15.908149038147497,15.475363148844398,15.244840312269941,14.182554673679011,14.383513457027243,1.0,1.0,1.0,1.0,1.0,1.0,1.0,1.0,1.0,1.0
277.25,2.0,0.0,0.0,0.0,0.0,0.0,0.0,0.0,0.0,0.0,0.0,0.0,0.0,0.0,0.0,0.0,0.0,0.0,0.0,0.0,0.0
277.5,3.0,15.744700969571323,15.755405553153162,14.016017236005709,14.327857009996931,15.688402032007293,15.503998714413804,16.31476320764609,16.48619721015352,16.196891814490705,15.682873352923606,1.0,1.0,1.0,1.0,1.0,1.0,1.0,1.0,1.0,1.0
277.75,4.0,18.144724042668887,17.377375998176777,18.158165589289094,17.747170356106484,17.09857438504587,17.051662496841594,17.267117412603582,17.405936607789823,15.351928707837654,16.34291945590599,1.0,1.0,1.0,1.0,1.0,1.0,1.0,1.0,1.0,1.0
278.0,1.0,18.480711639787184,16.852628401475396,17.05125907921441,15.69182492943109,14.589302139765529,14.21550578521564,14.33301786569316,15.354715379679226,14.957766455988244,15.553012752803474,1.0,1.0,1.0,1.0,1.0,1.0,1.0,1.0,1.0,1.0
278.25,2.0,17.554046312261264,16.409625935722087,16.352183927094117,16.30264035908584,14.223798313582186,14.140084592409465,13.902536827471994,13.48894217579571,13.630187512518466,13.131769481005795,1.0,1.0,1.0,1.0,1.0,1.0,1.0,1.0,1.0,1.0
278.5,3.0,0.0,0.0,0.0,0.0,0.0,0.0,0.0,0.0,0.0,0.0,0.0,0.0,0.0,0.0,0.0,0.0,0.0,0.0,0.0,0.0
278.75,4.0,17.650140012497104,16.1899847097317,17.008318664798963,16.95782236046201,16.833007970889284,15.811580031143668,15.897599101851629,16.549565985381,15.862573687130824,16.91689080942607,1.0,1.0,1.0,1.0,1.0,1.0,1.0,1.0,1.0,1.0
279.0,1.0,17.918235649880643,17.275411695165015,15.852428823286042,15.011856835257863,14.416593678396534,13.85441121498705,14.43780052217223,15.409269590466852,15.872223794009999,16.68284209662972,1.0,1.0,1.0,1.0,1.0,1.0,1.0,1.0,1.0,1.0
279.25,2.0,0.0,0.0,0.0,0.0,0.0,0.0,0.0,0.0,0.0,0.0,0.0,0.0,0.0,0.0,0.0,0.0,0.0,0.0,0.0,0.0
279.5,3.0,15.174589500393504,16.051495429220545,15.121963775240784,15.489103024574465,14.498361288497897,14.92257465977894,15.519177099527665,15.852444161571078,16.57368874651705,16.254465046715723,1.0,1.0,1.0,1.0,1.0,1.0,1.0,1.0,1.0,1.0
279.75,4.0,17.77924405868387,17.301396205722902,17.4117043511856,16.755100508917838,15.061488866848547,16.017091440116758,15.773342056680566,16.513395958423576,15.891372598675575,16.80332246333232,1.0,1.0,1.0,1.0,1.0,1.0,1.0,1.0,1.0,1.0
280.0,1.0,0.0,0.0,0.0,0.0,0.0,0.0,0.0,0.0,0.0,0.0,0.0,0.0,0.0,0.0,0.0,0.0,0.0,0.0,0.0,0.0
280.25,2.0,18.235441762027627,17.229893371225153,16.973197125859276,15.594146435876837,13.494426043513936,14.053289779623881,14.351210560667916,14.53225873144173,15.321994798653206,14.759917214281897,1.0,1.0,1.0,1.0,1.0,1.0,1.0,1.0,1.0,1.0
280.5,3.0,15.02286690078988,17.31941627338955,15.44053653501326,14.63369400017445,13.770742387355169,15.090596411792003,16.451420634041995,16.881746267860116,17.45368189730795,15.902889132115144,1.0,1.0,1.0,1.0,1.0,1.0,1.0,1.0,1.0,1.0
280.75,4.0,0.0,0.0,0.0,0.0,0.0,0.0,0.0,0.0,0.0,0.0,0.0,0.0,0.0,0.0,0.0,0.0,0.0,0.0,0.0,0.0
281.0,1.0,17.431345303262,16.42366564379136,15.726309008855473,15.032437858867874,14.727413921562736,15.290475994773313,14.486117769922261,15.470615427605239,15.318430720478679,17.131151548303986,1.0,1.0,1.0,1.0,1.0,1.0,1.0,1.0,1.0,1.0
281.25,2.0,18.916285164006595,16.662126122793687,15.483470743828915,14.940724595649225,13.85733555942987,14.822112138879541,13.972751524012834,14.867862408474197,15.385573395314747,14.773994263641091,1.0,1.0,1.0,1.0,1.0,1.0,1.0,1.0,1.0,1.0
281.5,3.0,0.0,0.0,0.0,0.0,0.0,0.0,0.0,0.0,0.0,0.0,0.0,0.0,0.0,0.0,0.0,0.0,0.0,0.0,0.0,0.0
281.75,4.0,16.654951099671777,15.51603481785063,16.118599371598496,14.799936369517198,15.163021802219838,15.277445918793626,15.290883956101903,16.760757543001127,16.210597346869854,15.703824818842225,1.0,1.0,1.0,1.0,1.0,1.0,1.0,1.0,1.0,1.0
282.0,1.0,17.337092964559407,15.885737267945888,15.069348170360584,14.82600872913714,13.857026206516382,14.819302384859247,15.210304878235345,15.522714772913908,15.204889604854765,16.240359922987977,1.0,1.0,1.0,1.0,1.0,1.0,1.0,1.0,1.0,1.0
282.25,2.0,0.0,0.0,0.0,0.0,0.0,0.0,0.0,0.0,0.0,0.0,0.0,0.0,0.0,0.0,0.0,0.0,0.0,0.0,0.0,0.0
282.5,3.0,16.150222977336437,16.565051490074747,15.032525617135347,15.864774028147615,16.603173390396353,16.980672346108154,17.418758775665587,16.702822858314082,15.486861896826044,14.89854719581884,1.0,1.0,1.0,1.0,1.0,1.0,1.0,1.0,1.0,1.0
282.75,4.0,16.452725346580653,14.622760521438522,14.981462652295738,15.247094573340515,15.616125581054181,15.863812841799493,16.485629026091708,17.108242043424656,15.903497530590426,15.050844391719433,1.0,1.0,1.0,1.0,1.0,1.0,1.0,1.0,1.0,1.0
283.0,1.0,16.005986727305814,14.257315018430887,15.728401903612054,15.070787981440608,14.94266372702368,15.228300114918355,15.372066779053625,16.22877015697713,15.876203378870423,17.48190083534196,1.0,1.0,1.0,1.0,1.0,1.0,1.0,1.0,1.0,1.0
283.25,2.0,17.274516772773907,16.77576852023723,14.784005868760024,14.691795251361079,13.661234683366935,14.268746462101108,14.253680280392935,15.435130693813772,16.9975069285834,17.307206719071697,1.0,1.0,1.0,1.0,1.0,1.0,1.0,1.0,1.0,1.0
283.5,3.0,0.0,0.0,0.0,0.0,0.0,0.0,0.0,0.0,0.0,0.0,0.0,0.0,0.0,0.0,0.0,0.0,0.0,0.0,0.0,0.0
283.75,4.0,0.0,0.0,0.0,0.0,0.0,0.0,0.0,0.0,0.0,0.0,0.0,0.0,0.0,0.0,0.0,0.0,0.0,0.0,0.0,0.0
284.0,1.0,16.1788074703209,14.289124736839545,16.448684590020857,15.665726946663398,16.199800919547684,16.344627761266178,16.413205991777733,16.723665622493424,16.6310611176613,17.611289612067505,1.0,1.0,1.0,1.0,1.0,1.0,1.0,1.0,1.0,1.0
284.25,2.0,16.88214220375509,16.59113521013149,15.064731656665293,14.314739947015589,14.47534190160983,15.63462792290525,16.696260858410213,16.9427407385003,18.858206234186248,18.145802386661497,1.0,1.0,1.0,1.0,1.0,1.0,1.0,1.0,1.0,1.0
284.5,3.0,13.225302892048619,13.95947798295906,15.19674850904314,18.140886062476763,16.204625144408983,15.465856125052063,15.82533558006653,15.05226493669377,15.682497273391172,16.05857194158373,1.0,1.0,1.0,1.0,1.0,1.0,1.0,1.0,1.0,1.0
284.75,4.0,13.629906303996442,15.863424873328933,16.263832579080646,14.994346475709303,15.172010941236765,15.24696529453376,15.822240976426938,15.145356831010075,14.140977698117768,14.133774221679946,1.0,1.0,1.0,1.0,1.0,1.0,1.0,1.0,1.0,1.0
285.0,1.0,16.410917638644257,15.346269872772275,16.729884350435764,16.280152716126327,17.363477975237714,17.413409262368173,18.04575494021548,18.004791397044052,17.344173498859,18.648341795263462,1.0,1.0,1.0,1.0,1.0,1.0,1.0,1.0,1.0,1.0
285.25,2.0,0.0,0.0,0.0,0.0,0.0,0.0,0.0,0.0,0.0,0.0,0.0,0.0,0.0,0.0,0.0,0.0,0.0,0.0,0.0,0.0
285.5,3.0,13.559693655570184,14.771130619922559,16.593050000002176,18.684880588027347,15.483581266540863,14.927526146667876,15.008857407916611,15.339631988664065,16.317793885659224,16.62088181363666,1.0,1.0,1.0,1.0,1.0,1.0,1.0,1.0,1.0,1.0
285.75,4.0,13.892560082291467,16.461681300411684,16.529268410468458,15.688154212381807,14.548440763390952,15.315373412131832,15.434665117386531,15.105522426334245,14.746516651800974,15.32785691679209,1.0,1.0,1.0,1.0,1.0,1.0,1.0,1.0,1.0,1.0
286.0,1.0,16.546856255374845,16.48106876158335,16.758825523210568,17.323430599740625,18.97868564649997,18.916376962125373,19.05786610300562,18.86676051451029,17.940076063636923,18.908745531495097,1.0,1.0,1.0,1.0,1.0,1.0,1.0,1.0,1.0,1.0
286.25,2.0,15.686464713661064,15.297043009333406,15.927982569113771,16.059809176455598,16.341557043273216,16.270942825840358,16.903505761236744,18.144939351870224,19.744407716893285,18.650406810314962,1.0,1.0,1.0,1.0,1.0,1.0,1.0,1.0,1.0,1.0
286.5,3.0,0.0,0.0,0.0,0.0,0.0,0.0,0.0,0.0,0.0,0.0,0.0,0.0,0.0,0.0,0.0,0.0,0.0,0.0,0.0,0.0
286.75,4.0,14.3480473610183,16.786419565168888,17.22073487265452,16.571462428402175,16.569560305252875,16.169158788345847,16.093185911606472,15.91894271416546,15.32611309565555,16.20494352503839,1.0,1.0,1.0,1.0,1.0,1.0,1.0,1.0,1.0,1.0
287.0,1.0,17.42495570238845,16.72967151260825,17.70016467369583,18.41742886632481,19.80186768257084,18.832782292488815,18.31419398079347,18.16010118261694,18.389189512850052,18.42560071562638,1.0,1.0,1.0,1.0,1.0,1.0,1.0,1.0,1.0,1.0
287.25,2.0,0.0,0.0,0.0,0.0,0.0,0.0,0.0,0.0,0.0,0.0,0.0,0.0,0.0,0.0,0.0,0.0,0.0,0.0,0.0,0.0
287.5,3.0,16.196984117779017,18.039345908082616,17.94139883791097,17.04588402681523,15.410308698212326,15.459557728237144,16.34060805376978,15.039677138236595,14.66078980371797,14.23821328188106,1.0,1.0,1.0,1.0,1.0,1.0,1.0,1.0,1.0,1.0
287.75,4.0,15.57872186906911,16.985440898439666,16.84803706851989,17.076572367439113,17.068226805823127,16.278236121725886,15.704575736891439,16.304883423599897,16.774333508116012,16.87482824542327,1.0,1.0,1.0,1.0,1.0,1.0,1.0,1.0,1.0,1.0
288.0,1.0,0.0,0.0,0.0,0.0,0.0,0.0,0.0,0.0,0.0,0.0,0.0,0.0,0.0,0.0,0.0,0.0,0.0,0.0,0.0,0.0
288.25,2.0,15.11070311045862,15.312610639205204,15.260364195784893,18.156825288687248,17.146283413514674,17.224995719894036,17.0849306077349,18.157197297118493,18.009766198061573,16.861486754855814,1.0,1.0,1.0,1.0,1.0,1.0,1.0,1.0,1.0,1.0
288.5,3.0,17.2274310192961,17.855755758494173,17.153199779505684,16.39280957139672,15.101056537210688,14.649298863780887,14.935032204471597,14.03077451010077,13.345742072313211,12.593044112524323,1.0,1.0,1.0,1.0,1.0,1.0,1.0,1.0,1.0,1.0
288.75,4.0,0.0,0.0,0.0,0.0,0.0,0.0,0.0,0.0,0.0,0.0,0.0,0.0,0.0,0.0,0.0,0.0,0.0,0.0,0.0,0.0
289.0,1.0,18.861939637556738,19.944298034739084,19.715473164151582,19.96863317127528,18.420359008658345,17.14822205857225,16.898134041880752,16.529430999784353,16.356045192806796,16.44278689925959,1.0,1.0,1.0,1.0,1.0,1.0,1.0,1.0,1.0,1.0
289.25,2.0,14.748828252804635,16.36914033638334,16.73958187762136,18.310177660926534,16.119743760171556,15.343580761338321,15.080072601588316,16.07459571216893,16.201619547463224,15.872807578921822,1.0,1.0,1.0,1.0,1.0,1.0,1.0,1.0,1.0,1.0
289.5,3.0,0.0,0.0,0.0,0.0,0.0,0.0,0.0,0.0,0.0,0.0,0.0,0.0,0.0,0.0,0.0,0.0,0.0,0.0,0.0,0.0
289.75,4.0,18.927973919173365,18.20661325806997,17.446104000653033,16.201193796334447,15.906912811413328,16.05637308516267,16.893145418990834,16.98607908649962,17.646363849699988,16.775827163023806,1.0,1.0,1.0,1.0,1.0,1.0,1.0,1.0,1.0,1.0
290.0,1.0,20.120537565793498,20.475118904951476,20.4770247548562,19.40127879364759,18.54697883518837,17.073236992887797,16.194003651638994,16.65246979793213,16.799213977310405,16.759162388953932,1.0,1.0,1.0,1.0,1.0,1.0,1.0,1.0,1.0,1.0
290.25,2.0,0.0,0.0,0.0,0.0,0.0,0.0,0.0,0.0,0.0,0.0,0.0,0.0,0.0,0.0,0.0,0.0,0.0,0.0,0.0,0.0
290.5,3.0,17.813490822931612,17.95821982603769,16.99393176176528,15.267086918074758,14.364842367378621,12.897129469840376,12.681159548799393,13.16909309969656,13.515459408881748,13.69193172228521,1.0,1.0,1.0,1.0,1.0,1.0,1.0,1.0,1.0,1.0
290.75,4.0,19.4402319594731,18.119501391084924,18.023951712362962,17.807123672974274,16.829534336107713,17.100082636458374,18.208402637061504,18.10488028133218,17.294332958684787,17.028324444772633,1.0,1.0,1.0,1.0,1.0,1.0,1.0,1.0,1.0,1.0
291.0,1.0,19.87148023690219,19.418998603771033,20.224570518996902,19.531733932021613,18.870074034697115,17.542370460162292,16.862384313508606,17.090461128505748,17.20453896726434,16.883725208033503,1.0,1.0,1.0,1.0,1.0,1.0,1.0,1.0,1.0,1.0
291.25,2.0,18.385035428602464,19.683195213525675,19.11594519393197,17.007249481548346,14.890351238207558,14.801197424845268,15.102417160587033,16.69194629006623,16.25063895525276,16.227334632725924,1.0,1.0,1.0,1.0,1.0,1.0,1.0,1.0,1.0,1.0
291.5,3.0,0.0,0.0,0.0,0.0,0.0,0.0,0.0,0.0,0.0,0.0,0.0,0.0,0.0,0.0,0.0,0.0,0.0,0.0,0.0,0.0
291.75,4.0,19.382806075318594,17.9433363699655,19.475459332594607,18.57210213851762,17.808977177976946,17.17560605045366,16.9226131054432,17.24905051875383,17.521310918546234,17.373780893479335,1.0,1.0,1.0,1.0,1.0,1.0,1.0,1.0,1.0,1.0
292.0,1.0,19.457559394787,19.740185864183736,20.876485235584056,18.14345813489922,17.75756781668752,15.996008272662612,16.00471614455241,15.714701908826818,15.349061296608271,15.642474492195163,1.0,1.0,1.0,1.0,1.0,1.0,1.0,1.0,1.0,1.0
292.25,2.0,20.622249164752073,20.483410568401847,18.57783156687293,16.189964957481052,15.257642729199551,15.543750483260386,15.753104268622197,16.256283134559386,15.607422491570011,15.3140812256609,1.0,1.0,1.0,1.0,1.0,1.0,1.0,1.0,1.0,1.0
292.5,3.0,17.75083899649612,18.25549009280661,16.272891777324787,15.14196588921156,15.481769453674397,15.04206476074709,14.810963109838642,15.001992303324961,14.334121340699749,13.198332493097329,1.0,1.0,1.0,1.0,1.0,1.0,1.0,1.0,1.0,1.0
292.75,4.0,18.937115967702066,19.044700197073812,19.799740928246614,18.229635694092455,17.38840497777668,17.318357202098316,17.467853067996796,17.24102302394998,17.377858354931746,16.943281921242534,1.0,1.0,1.0,1.0,1.0,1.0,1.0,1.0,1.0,1.0
293.0,1.0,0.0,0.0,0.0,0.0,0.0,0.0,0.0,0.0,0.0,0.0,0.0,0.0,0.0,0.0,0.0,0.0,0.0,0.0,0.0,0.0
293.25,2.0,0.0,0.0,0.0,0.0,0.0,0.0,0.0,0.0,0.0,0.0,0.0,0.0,0.0,0.0,0.0,0.0,0.0,0.0,0.0,0.0
293.5,3.0,17.890814675511137,16.947131351815834,15.927984227554466,15.124862672192119,14.62088275374047,14.289277239137576,14.805158630935608,14.348335496721994,13.488211964561442,12.360580562864751,1.0,1.0,1.0,1.0,1.0,1.0,1.0,1.0,1.0,1.0
293.75,4.0,0.0,0.0,0.0,0.0,0.0,0.0,0.0,0.0,0.0,0.0,0.0,0.0,0.0,0.0,0.0,0.0,0.0,0.0,0.0,0.0
294.0,1.0,18.846743110722038,19.14944694288736,18.566135916109076,16.7367164848433,17.488205838427323,17.773390180812378,17.627231266544594,17.04076970875322,17.227967523480327,15.92944611303967,1.0,1.0,1.0,1.0,1.0,1.0,1.0,1.0,1.0,1.0
294.25,2.0,20.06786503365749,18.669424901976402,16.9984196771984,15.900743189507068,14.249632678681055,13.906917839088468,14.21132882710805,14.678158642511528,13.88109988906781,14.359877173463392,1.0,1.0,1.0,1.0,1.0,1.0,1.0,1.0,1.0,1.0
294.5,3.0,0.0,0.0,0.0,0.0,0.0,0.0,0.0,0.0,0.0,0.0,0.0,0.0,0.0,0.0,0.0,0.0,0.0,0.0,0.0,0.0
294.75,4.0,20.21549602773701,20.81800107323193,20.316508566497365,19.13255378289904,16.560627809983835,16.325705847756904,16.230431248501432,16.72617155246642,16.110922700741817,16.85900532402358,1.0,1.0,1.0,1.0,1.0,1.0,1.0,1.0,1.0,1.0
295.0,1.0,18.837427642458973,18.98255486485268,18.06346578106477,16.781764668473713,18.080645660679416,17.668498289343145,17.329293776616698,16.348559906154314,15.65231643440066,14.147501692563816,1.0,1.0,1.0,1.0,1.0,1.0,1.0,1.0,1.0,1.0
295.25,2.0,0.0,0.0,0.0,0.0,0.0,0.0,0.0,0.0,0.0,0.0,0.0,0.0,0.0,0.0,0.0,0.0,0.0,0.0,0.0,0.0
295.5,3.0,16.139730947220784,16.305506316013556,15.304120023937818,15.426046962078575,15.842836967134678,15.595283289595942,14.837809282712893,13.932063532832466,14.104855345465774,12.933305452906904,1.0,1.0,1.0,1.0,1.0,1.0,1.0,1.0,1.0,1.0
295.75,4.0,19.357239113711152,19.342708397109295,19.441075801865054,18.11892781267221,16.58258596601223,15.674993073024554,15.802716179882871,16.07218673314688,16.29451617690714,16.887568920304908,1.0,1.0,1.0,1.0,1.0,1.0,1.0,1.0,1.0,1.0
296.0,1.0,0.0,0.0,0.0,0.0,0.0,0.0,0.0,0.0,0.0,0.0,0.0,0.0,0.0,0.0,0.0,0.0,0.0,0.0,0.0,0.0
296.25,2.0,17.927909790726652,16.081641808391414,13.811057271609924,13.21301171245592,13.831935901975685,13.819539968470867,13.377722568051926,13.111025969590129,13.128936937523738,12.810793959696529,1.0,1.0,1.0,1.0,1.0,1.0,1.0,1.0,1.0,1.0
296.5,3.0,0.0,0.0,0.0,0.0,0.0,0.0,0.0,0.0,0.0,0.0,0.0,0.0,0.0,0.0,0.0,0.0,0.0,0.0,0.0,0.0
296.75,4.0,0.0,0.0,0.0,0.0,0.0,0.0,0.0,0.0,0.0,0.0,0.0,0.0,0.0,0.0,0.0,0.0,0.0,0.0,0.0,0.0
297.0,1.0,16.776246461003954,15.26899913393741,14.980272702034984,16.404230134302036,16.84240988636095,16.29922034869289,15.377743435371618,14.542915395269082,15.021433387156613,14.753838639110699,1.0,1.0,1.0,1.0,1.0,1.0,1.0,1.0,1.0,1.0
297.25,2.0,15.06372475084757,15.218470493782418,13.151041623617349,13.626893243333939,14.109893190520568,13.463109532891178,13.982357138541548,13.560482499430615,13.160525928293454,13.064172607791852,1.0,1.0,1.0,1.0,1.0,1.0,1.0,1.0,1.0,1.0
297.5,3.0,0.0,0.0,0.0,0.0,0.0,0.0,0.0,0.0,0.0,0.0,0.0,0.0,0.0,0.0,0.0,0.0,0.0,0.0,0.0,0.0
297.75,4.0,18.832217454073483,17.12800613391222,15.291988503700615,16.791842827915232,15.724184516766949,15.352670055352858,15.28002562005579,14.114293483861454,14.328418901032055,15.108524345571697,1.0,1.0,1.0,1.0,1.0,1.0,1.0,1.0,1.0,1.0
298.0,1.0,15.524392722511276,14.422794477586232,15.863221859652457,16.817250848907896,17.334539410745574,16.565250485973426,15.509456672841035,15.271175806450794,15.206085013648002,13.949218120658612,1.0,1.0,1.0,1.0,1.0,1.0,1.0,1.0,1.0,1.0
298.25,2.0,0.0,0.0,0.0,0.0,0.0,0.0,0.0,0.0,0.0,0.0,0.0,0.0,0.0,0.0,0.0,0.0,0.0,0.0,0.0,0.0
298.5,3.0,16.739386564330186,15.48543546839212,15.782133432827601,17.864233665235982,15.840451636629181,15.064045462485256,13.839447426215798,13.6049451028367,13.480222286875916,13.289463413130024,1.0,1.0,1.0,1.0,1.0,1.0,1.0,1.0,1.0,1.0
298.75,4.0,16.189505071381372,16.443699026720306,16.260120807546834,16.36453689672981,15.245984749058255,15.316591037160688,15.01960958213556,14.671122753374515,14.826185154878077,14.582738115712159,1.0,1.0,1.0,1.0,1.0,1.0,1.0,1.0,1.0,1.0
299.0,1.0,14.946726834594969,15.632142389806582,16.481125598164265,16.27443934230679,15.911978569219839,15.530357617285835,15.200606769929603,16.15503911367224,15.223230875036814,14.704903797313131,1.0,1.0,1.0,1.0,1.0,1.0,1.0,1.0,1.0,1.0
299.25,2.0,14.029391113622896,13.763693501384534,14.16520325579398,13.84848589397271,12.333592622558719,12.23775896581921,12.421638809686506,13.811701500357772,13.146747484122754,13.554918082563312,1.0,1.0,1.0,1.0,1.0,1.0,1.0,1.0,1.0,1.0
299.5,3.0,0.0,0.0,0.0,0.0,0.0,0.0,0.0,0.0,0.0,0.0,0.0,0.0,0.0,0.0,0.0,0.0,0.0,0.0,0.0,0.0
299.75,4.0,14.723190630763302,15.649012938267827,15.573899973167453,15.265339413614312,15.165312214531136,14.770935420685724,15.256261192461292,14.7154985508777,15.281282510304667,16.10492220465491,1.0,1.0,1.0,1.0,1.0,1.0,1.0,1.0,1.0,1.0
300.0,1.0,15.426642391109823,15.653449119553448,15.971601372872447,15.463263404052077,15.19405298837637,14.893708641420352,15.085395991376071,15.374010647520372,15.368204786808732,14.898914374179125,1.0,1.0,1.0,1.0,1.0,1.0,1.0,1.0,1.0,1.0
300.25,2.0,14.741757204026577,15.036074081800098,13.923265548702211,12.839636988896004,12.087550406661846,12.097479834762261,11.534151856942838,13.125894176801745,12.840327328255478,13.192228191852163,1.0,1.0,1.0,1.0,1.0,1.0,1.0,1.0,1.0,1.0
300.5,3.0,15.694321263218093,16.06325430481624,15.604134853183801,15.915399389327169,14.451855633386115,14.100549830417785,13.894029236086268,14.276137016703531,13.894659622824276,13.565602275297424,1.0,1.0,1.0,1.0,1.0,1.0,1.0,1.0,1.0,1.0
300.75,4.0,15.174713172424154,14.842796794943707,14.66492685021735,15.036450936235076,15.821835841267143,16.279075190578503,15.481234755921944,15.41321596782606,15.710849738496666,15.52871027816942,1.0,1.0,1.0,1.0,1.0,1.0,1.0,1.0,1.0,1.0
301.0,1.0,0.0,0.0,0.0,0.0,0.0,0.0,0.0,0.0,0.0,0.0,0.0,0.0,0.0,0.0,0.0,0.0,0.0,0.0,0.0,0.0
301.25,2.0,0.0,0.0,0.0,0.0,0.0,0.0,0.0,0.0,0.0,0.0,0.0,0.0,0.0,0.0,0.0,0.0,0.0,0.0,0.0,0.0
301.5,3.0,16.018979740397036,15.615954784504225,14.538717223238065,14.297952351723023,13.327458862216922,13.661766420873544,13.94960124704435,13.84002058648735,13.362705193188898,13.221211103335683,1.0,1.0,1.0,1.0,1.0,1.0,1.0,1.0,1.0,1.0
301.75,4.0,0.0,0.0,0.0,0.0,0.0,0.0,0.0,0.0,0.0,0.0,0.0,0.0,0.0,0.0,0.0,0.0,0.0,0.0,0.0,0.0
302.0,1.0,14.419993449031015,14.8130913037389,14.12184547700553,13.616405749920794,14.062902225430044,14.464215055245248,13.900343490584694,15.57110379756,16.243166835319734,16.16227456939125,1.0,1.0,1.0,1.0,1.0,1.0,1.0,1.0,1.0,1.0
302.25,2.0,13.649372467445664,13.466116139068873,12.236309649245461,12.025972315418702,11.56008556522151,11.756620404963012,11.413438079765504,11.766050586458709,11.984631661142624,11.188315679171092,1.0,1.0,1.0,1.0,1.0,1.0,1.0,1.0,1.0,1.0
302.5,3.0,0.0,0.0,0.0,0.0,0.0,0.0,0.0,0.0,0.0,0.0,0.0,0.0,0.0,0.0,0.0,0.0,0.0,0.0,0.0,0.0
302.75,4.0,14.756777871402905,15.584270187467755,15.988480131335178,15.824243671678138,16.683934804803645,16.629318743451098,15.438494723230395,14.730888616598143,15.668513314220327,15.219553375764857,1.0,1.0,1.0,1.0,1.0,1.0,1.0,1.0,1.0,1.0
303.0,1.0,14.345137629092532,14.331270144682492,12.776784501783816,12.676816074332502,13.397890732087639,14.335413208182814,14.356225745299591,16.048798478726102,17.12458582525443,17.421975824649078,1.0,1.0,1.0,1.0,1.0,1.0,1.0,1.0,1.0,1.0
303.25,2.0,0.0,0.0,0.0,0.0,0.0,0.0,0.0,0.0,0.0,0.0,0.0,0.0,0.0,0.0,0.0,0.0,0.0,0.0,0.0,0.0
303.5,3.0,14.466652382083161,13.539095039072343,13.250337432263896,13.879026843486816,10.914096037504242,11.236974811853717,11.1824322213113,13.076321482618965,14.54656162112657,15.149801080631459,1.0,1.0,1.0,1.0,1.0,1.0,1.0,1.0,1.0,1.0
303.75,4.0,13.972837145398731,16.90499360095762,17.014728457905562,17.344805358600567,17.134334637759345,16.110436086863366,15.383509596656788,14.373848872708452,15.929724335286217,15.016942143722249,1.0,1.0,1.0,1.0,1.0,1.0,1.0,1.0,1.0,1.0
304.0,1.0,0.0,0.0,0.0,0.0,0.0,0.0,0.0,0.0,0.0,0.0,0.0,0.0,0.0,0.0,0.0,0.0,0.0,0.0,0.0,0.0
304.25,2.0,11.393689179047973,11.578106159374057,11.434603886204389,13.114908552524742,14.091196483885794,13.535103491962236,13.688001921229215,12.84748586706641,13.009115579573917,12.898023798284282,1.0,1.0,1.0,1.0,1.0,1.0,1.0,1.0,1.0,1.0
304.5,3.0,0.0,0.0,0.0,0.0,0.0,0.0,0.0,0.0,0.0,0.0,0.0,0.0,0.0,0.0,0.0,0.0,0.0,0.0,0.0,0.0
304.75,4.0,0.0,0.0,0.0,0.0,0.0,0.0,0.0,0.0,0.0,0.0,0.0,0.0,0.0,0.0,0.0,0.0,0.0,0.0,0.0,0.0
305.0,1.0,11.823232189334824,11.475653029313111,11.937711943729138,12.885794307888151,13.770804173524743,15.252716557213178,15.286997865591827,16.879010341636047,17.14841875499446,16.779751561437276,1.0,1.0,1.0,1.0,1.0,1.0,1.0,1.0,1.0,1.0
305.25,2.0,10.752827592069675,11.345574303398497,12.232749084513596,13.81134612331891,14.575540615040563,13.919206187005841,14.982543482243624,14.371806640888668,14.024946606865457,13.326448475221111,1.0,1.0,1.0,1.0,1.0,1.0,1.0,1.0,1.0,1.0
305.5,3.0,0.0,0.0,0.0,0.0,0.0,0.0,0.0,0.0,0.0,0.0,0.0,0.0,0.0,0.0,0.0,0.0,0.0,0.0,0.0,0.0
305.75,4.0,15.587082495820999,17.028448984234725,15.187225395073623,14.350821170984966,14.636847355877565,15.188081061559865,14.905281069296382,15.095006724616116,15.868018612807576,16.572641896794096,1.0,1.0,1.0,1.0,1.0,1.0,1.0,1.0,1.0,1.0
306.0,1.0,13.308976600416539,11.86242525326526,11.418840364818221,12.381873164197883,14.189366104735141,16.12513629450932,15.79798596663639,17.773358479763186,16.28625253915938,15.987771615394829,1.0,1.0,1.0,1.0,1.0,1.0,1.0,1.0,1.0,1.0
306.25,2.0,0.0,0.0,0.0,0.0,0.0,0.0,0.0,0.0,0.0,0.0,0.0,0.0,0.0,0.0,0.0,0.0,0.0,0.0,0.0,0.0
306.5,3.0,12.28307339877296,11.75750946891981,11.005000348770306,12.041203496622712,11.675366554270708,11.597891229578257,12.116972392678285,13.613225441127643,15.015937772473583,16.158132777991696,1.0,1.0,1.0,1.0,1.0,1.0,1.0,1.0,1.0,1.0
306.75,4.0,14.18147285484611,16.344485481594752,14.909417697180105,14.817600494844553,14.904976504979986,14.944150532566988,15.389029763527866,15.551428435779721,16.49747402277865,17.08155213217639,1.0,1.0,1.0,1.0,1.0,1.0,1.0,1.0,1.0,1.0
307.0,1.0,12.918007898100626,11.662146800096052,11.275938014552567,13.920527135920288,16.32902641429643,16.363065677813974,15.772682021653944,16.610496355618235,15.74503468854263,15.022489202785108,1.0,1.0,1.0,1.0,1.0,1.0,1.0,1.0,1.0,1.0
307.25,2.0,10.361476080536667,11.24635375745159,12.396849806957311,15.329025778814971,14.844972380391987,15.440647147081009,15.367838568342751,16.46703789508233,15.616999126206094,16.150108551523576,1.0,1.0,1.0,1.0,1.0,1.0,1.0,1.0,1.0,1.0
307.5,3.0,0.0,0.0,0.0,0.0,0.0,0.0,0.0,0.0,0.0,0.0,0.0,0.0,0.0,0.0,0.0,0.0,0.0,0.0,0.0,0.0
307.75,4.0,13.847124574415727,15.145559125313527,15.20601708951052,16.07491409820128,15.931536685059152,14.979378842152206,15.670989172634165,15.204412286850216,15.916674599425379,16.97401663390904,1.0,1.0,1.0,1.0,1.0,1.0,1.0,1.0,1.0,1.0
308.0,1.0,11.82947540874633,12.293610730587186,12.994276970353097,15.225665738589996,16.400519227977433,16.50375110756491,15.683441850424527,15.958202037648118,15.669526424131893,15.475652782801019,1.0,1.0,1.0,1.0,1.0,1.0,1.0,1.0,1.0,1.0
308.25,2.0,0.0,0.0,0.0,0.0,0.0,0.0,0.0,0.0,0.0,0.0,0.0,0.0,0.0,0.0,0.0,0.0,0.0,0.0,0.0,0.0
308.5,3.0,12.139631446991372,11.374862483659532,12.738164023003707,12.882739356165935,13.681869162774483,15.417504179729779,15.888948257926488,16.322611132161246,17.079017865263694,17.500452592743297,1.0,1.0,1.0,1.0,1.0,1.0,1.0,1.0,1.0,1.0
308.75,4.0,13.869209425622419,15.539263930727811,16.237099825351496,16.804204005776437,16.172956693159627,16.009013573855654,16.13680628286571,15.257070771974375,16.120298755824244,17.336000330219356,1.0,1.0,1.0,1.0,1.0,1.0,1.0,1.0,1.0,1.0
309.0,1.0,0.0,0.0,0.0,0.0,0.0,0.0,0.0,0.0,0.0,0.0,0.0,0.0,0.0,0.0,0.0,0.0,0.0,0.0,0.0,0.0
309.25,2.0,0.0,0.0,0.0,0.0,0.0,0.0,0.0,0.0,0.0,0.0,0.0,0.0,0.0,0.0,0.0,0.0,0.0,0.0,0.0,0.0
309.5,3.0,12.452082690277852,12.281845671748467,13.73105815127465,15.07633765255576,16.038703066497476,15.864292581371336,16.226608803358264,16.065026221263246,17.143305016270293,17.62280757175313,1.0,1.0,1.0,1.0,1.0,1.0,1.0,1.0,1.0,1.0
309.75,4.0,0.0,0.0,0.0,0.0,0.0,0.0,0.0,0.0,0.0,0.0,0.0,0.0,0.0,0.0,0.0,0.0,0.0,0.0,0.0,0.0
310.0,1.0,13.16638965275648,14.013535801356273,15.237723394728365,15.822859631327699,15.7161523971281,14.775433286228449,14.254987165168332,13.740663260921893,14.034871816769842,14.211804334831143,1.0,1.0,1.0,1.0,1.0,1.0,1.0,1.0,1.0,1.0
310.25,2.0,10.904095800921564,12.026318528335159,13.324526451689126,16.680849666590852,16.43913763436715,15.449751063583067,15.576291912409783,15.365011164610381,15.308139898704765,15.338604295485059,1.0,1.0,1.0,1.0,1.0,1.0,1.0,1.0,1.0,1.0
310.5,3.0,0.0,0.0,0.0,0.0,0.0,0.0,0.0,0.0,0.0,0.0,0.0,0.0,0.0,0.0,0.0,0.0,0.0,0.0,0.0,0.0
310.75,4.0,15.604667022196608,17.392104652116302,17.14903862549151,17.79006491443759,18.433876333157546,16.581398937502847,15.941765535075403,15.90224282685869,16.776353755805417,17.344131010150026,1.0,1.0,1.0,1.0,1.0,1.0,1.0,1.0,1.0,1.0
311.0,1.0,12.840253828770022,14.242285925034222,15.567619070686371,15.941969717982227,15.283523411233409,14.058339800408202,13.925483607464852,13.952637416010576,13.493569164468152,14.250672088501942,1.0,1.0,1.0,1.0,1.0,1.0,1.0,1.0,1.0,1.0
311.25,2.0,0.0,0.0,0.0,0.0,0.0,0.0,0.0,0.0,0.0,0.0,0.0,0.0,0.0,0.0,0.0,0.0,0.0,0.0,0.0,0.0
311.5,3.0,13.823094734084608,14.141812864163162,15.484095647114074,18.157305909512903,19.941405657215363,19.89952871362033,18.309948671979686,17.730893464534425,17.3364871131174,16.849804719493736,1.0,1.0,1.0,1.0,1.0,1.0,1.0,1.0,1.0,1.0
311.75,4.0,16.180751965526188,17.760548915711116,17.474917165377555,18.010027909493118,16.820280133171444,16.86122837915897,16.147795943389518,16.011136944654996,16.303426686034445,15.953980084251706,1.0,1.0,1.0,1.0,1.0,1.0,1.0,1.0,1.0,1.0
312.0,1.0,0.0,0.0,0.0,0.0,0.0,0.0,0.0,0.0,0.0,0.0,0.0,0.0,0.0,0.0,0.0,0.0,0.0,0.0,0.0,0.0
312.25,2.0,12.83402954706626,12.614865246831766,15.376719219270571,16.232635607098803,15.951372188517942,15.68869626206966,15.44239676382707,15.832867045438993,16.129317403644237,15.51725000203167,1.0,1.0,1.0,1.0,1.0,1.0,1.0,1.0,1.0,1.0
312.5,3.0,0.0,0.0,0.0,0.0,0.0,0.0,0.0,0.0,0.0,0.0,0.0,0.0,0.0,0.0,0.0,0.0,0.0,0.0,0.0,0.0
312.75,4.0,0.0,0.0,0.0,0.0,0.0,0.0,0.0,0.0,0.0,0.0,0.0,0.0,0.0,0.0,0.0,0.0,0.0,0.0,0.0,0.0
313.0,1.0,14.273396333652643,16.08073110386057,15.694000197563708,14.1382830566897,16.027483706266015,15.460683023592669,15.013138522751847,14.710357594245284,15.032882399239568,14.73833262181887,1.0,1.0,1.0,1.0,1.0,1.0,1.0,1.0,1.0,1.0
313.25,2.0,13.068083432543581,13.71610205246017,16.8812537910162,16.556900651206256,15.544764885263579,15.252603969898141,15.947653559376437,15.822739880232772,15.826577827778173,16.18553906289726,1.0,1.0,1.0,1.0,1.0,1.0,1.0,1.0,1.0,1.0
313.5,3.0,0.0,0.0,0.0,0.0,0.0,0.0,0.0,0.0,0.0,0.0,0.0,0.0,0.0,0.0,0.0,0.0,0.0,0.0,0.0,0.0
313.75,4.0,17.244785620484954,20.067764423074316,18.55896942933152,18.437400305344962,16.12258936701955,16.18181236284197,15.652725164375648,16.243388364913812,16.682728466739192,16.814943927137794,1.0,1.0,1.0,1.0,1.0,1.0,1.0,1.0,1.0,1.0
314.0,1.0,14.50833049170722,15.3492829942133,15.210398464972274,14.033858430848447,15.41677635832734,15.703715851786594,14.854717856335611,14.558544816060152,14.757202380085193,14.660919496827258,1.0,1.0,1.0,1.0,1.0,1.0,1.0,1.0,1.0,1.0
314.25,2.0,0.0,0.0,0.0,0.0,0.0,0.0,0.0,0.0,0.0,0.0,0.0,0.0,0.0,0.0,0.0,0.0,0.0,0.0,0.0,0.0
314.5,3.0,16.12575999328473,16.578005332731163,16.949087196383307,17.84954529348996,19.134403147932723,19.682452306678414,19.08941305081018,18.195055005902322,18.490776708939396,17.552343195562234,1.0,1.0,1.0,1.0,1.0,1.0,1.0,1.0,1.0,1.0
314.75,4.0,19.229693341193702,20.215483689188357,19.182583423047273,19.453357830924908,16.7835620190749,16.78929851540434,16.15255222919163,16.188859177964673,17.153295467271175,17.19373129831099,1.0,1.0,1.0,1.0,1.0,1.0,1.0,1.0,1.0,1.0
315.0,1.0,14.74904749067019,15.331727066195024,15.035078036668436,14.141700578703482,16.546987715905768,15.540547493733085,15.395397120621244,15.573233875957149,15.283244683314201,14.697503345210926,1.0,1.0,1.0,1.0,1.0,1.0,1.0,1.0,1.0,1.0
315.25,2.0,14.576625763570117,15.514395679227292,16.093559712007714,16.531160716262168,16.879424621978185,16.58395712944009,16.236193860957744,16.30603014235325,15.026345169324525,15.180327400335495,1.0,1.0,1.0,1.0,1.0,1.0,1.0,1.0,1.0,1.0
315.5,3.0,0.0,0.0,0.0,0.0,0.0,0.0,0.0,0.0,0.0,0.0,0.0,0.0,0.0,0.0,0.0,0.0,0.0,0.0,0.0,0.0
315.75,4.0,19.223984874291915,18.94929876415083,18.451132840593917,18.632471084555426,17.659750157754104,17.167949661175843,16.807606629874424,16.730351122998133,17.278403407007108,17.431897617044815,1.0,1.0,1.0,1.0,1.0,1.0,1.0,1.0,1.0,1.0
316.0,1.0,15.382969143427248,15.404307891897938,14.581325965886398,15.666139000707647,15.606244042853366,14.89614467395282,15.026643080707633,14.896133862582703,14.820448679183254,13.47740221483862,1.0,1.0,1.0,1.0,1.0,1.0,1.0,1.0,1.0,1.0
316.25,2.0,0.0,0.0,0.0,0.0,0.0,0.0,0.0,0.0,0.0,0.0,0.0,0.0,0.0,0.0,0.0,0.0,0.0,0.0,0.0,0.0
316.5,3.0,15.345301096659586,15.992428383045148,16.942549481265264,18.345042316871172,18.746793661451452,19.52665516961658,19.681162197566504,18.490663411824517,17.963396991647997,16.51479368440222,1.0,1.0,1.0,1.0,1.0,1.0,1.0,1.0,1.0,1.0
316.75,4.0,19.04046609863986,19.357267753881253,18.100978180056554,19.400360486628045,17.930432703968822,16.509420818645385,16.71772608591507,16.69281716869595,16.640878198343067,16.778547623793,1.0,1.0,1.0,1.0,1.0,1.0,1.0,1.0,1.0,1.0
317.0,1.0,0.0,0.0,0.0,0.0,0.0,0.0,0.0,0.0,0.0,0.0,0.0,0.0,0.0,0.0,0.0,0.0,0.0,0.0,0.0,0.0
317.25,2.0,0.0,0.0,0.0,0.0,0.0,0.0,0.0,0.0,0.0,0.0,0.0,0.0,0.0,0.0,0.0,0.0,0.0,0.0,0.0,0.0
317.5,3.0,15.179698587692416,16.61708756415542,17.450609399740664,18.77722005528438,19.625526005405096,19.708953217901602,18.27972837279257,17.634530875835065,16.374089851377246,15.008655072402927,1.0,1.0,1.0,1.0,1.0,1.0,1.0,1.0,1.0,1.0
317.75,4.0,0.0,0.0,0.0,0.0,0.0,0.0,0.0,0.0,0.0,0.0,0.0,0.0,0.0,0.0,0.0,0.0,0.0,0.0,0.0,0.0
318.0,1.0,15.22264893719234,14.801700700690601,15.506069120439227,16.28944169343379,16.41412356711673,15.41447984161393,15.495708225852052,14.033940643857626,14.873412342001183,14.679547878453869,1.0,1.0,1.0,1.0,1.0,1.0,1.0,1.0,1.0,1.0
318.25,2.0,16.232661921051555,15.137507665506412,15.995087575235535,16.140697854886454,15.524309067464884,15.977706692484201,15.425142963952238,15.75856273620695,15.029880534973488,14.93503469311055,1.0,1.0,1.0,1.0,1.0,1.0,1.0,1.0,1.0,1.0
318.5,3.0,0.0,0.0,0.0,0.0,0.0,0.0,0.0,0.0,0.0,0.0,0.0,0.0,0.0,0.0,0.0,0.0,0.0,0.0,0.0,0.0
318.75,4.0,18.323418774383,16.918070201712755,16.512993628440796,17.3107348590126,16.154084477727903,15.596720075475387,15.3467128154172,15.466448821019469,15.499356418779934,16.056955706001347,1.0,1.0,1.0,1.0,1.0,1.0,1.0,1.0,1.0,1.0
319.0,1.0,14.991230209779715,15.339384396000941,15.54163742612435,16.379944984440534,17.065249330064717,15.50412997384628,15.84915370864786,15.550616242908948,16.074377079618607,15.475952544983617,1.0,1.0,1.0,1.0,1.0,1.0,1.0,1.0,1.0,1.0
319.25,2.0,0.0,0.0,0.0,0.0,0.0,0.0,0.0,0.0,0.0,0.0,0.0,0.0,0.0,0.0,0.0,0.0,0.0,0.0,0.0,0.0
319.5,3.0,15.876734569016223,16.49625181496439,18.445912935886266,19.80894678946484,19.523608424195277,18.68614606252074,16.19904085876139,15.39279787529106,14.382672324496479,13.592346795776864,1.0,1.0,1.0,1.0,1.0,1.0,1.0,1.0,1.0,1.0
319.75,4.0,18.230532647456112,17.050464118555194,17.28136691948126,17.73700363513211,15.958224203532133,15.416708319002241,15.239019568051162,15.589796601953232,15.998792313473686,16.78254810632455,1.0,1.0,1.0,1.0,1.0,1.0,1.0,1.0,1.0,1.0
320.0,1.0,0.0,0.0,0.0,0.0,0.0,0.0,0.0,0.0,0.0,0.0,0.0,0.0,0.0,0.0,0.0,0.0,0.0,0.0,0.0,0.0
320.25,2.0,14.602582586824287,14.864563585859802,15.571474978640927,15.206215632061436,15.191984040605579,15.426698038805522,14.676990718879184,14.556452742611182,13.83436310748901,13.254661964299965,1.0,1.0,1.0,1.0,1.0,1.0,1.0,1.0,1.0,1.0
320.5,3.0,0.0,0.0,0.0,0.0,0.0,0.0,0.0,0.0,0.0,0.0,0.0,0.0,0.0,0.0,0.0,0.0,0.0,0.0,0.0,0.0
320.75,4.0,0.0,0.0,0.0,0.0,0.0,0.0,0.0,0.0,0.0,0.0,0.0,0.0,0.0,0.0,0.0,0.0,0.0,0.0,0.0,0.0
321.0,1.0,15.750598402684279,15.156328241244667,14.627684823310398,15.980280848896008,16.60851171049745,17.396486435164313,17.95660159103305,17.56964538633066,17.57651717516235,17.125254387172596,1.0,1.0,1.0,1.0,1.0,1.0,1.0,1.0,1.0,1.0
321.25,2.0,14.862921048989211,15.393793698357566,16.547731763576486,16.64056432810451,15.903259062927443,15.711001926922547,14.204142063297892,14.505168861158198,13.733411602388431,13.06144207161506,1.0,1.0,1.0,1.0,1.0,1.0,1.0,1.0,1.0,1.0
321.5,3.0,17.197689465795605,18.470352556005867,19.40300153738254,19.199364346616786,17.343383116360563,15.357405018969384,14.333514551110218,14.509857742012526,13.693981553208411,13.41325386568051,1.0,1.0,1.0,1.0,1.0,1.0,1.0,1.0,1.0,1.0
321.75,4.0,17.994102808309698,16.147287657429462,16.172036609761246,15.77861504322828,16.903413335710304,17.090839491086374,17.11747449063752,17.243998892729678,17.663428040687368,17.620903890746607,1.0,1.0,1.0,1.0,1.0,1.0,1.0,1.0,1.0,1.0
322.0,1.0,14.478466638097524,13.677428515513066,15.006003042731527,15.36963326709055,17.411176938116323,18.61708066856174,18.209503130512903,17.291981989775984,17.343469877474764,16.358299838435382,1.0,1.0,1.0,1.0,1.0,1.0,1.0,1.0,1.0,1.0
322.25,2.0,0.0,0.0,0.0,0.0,0.0,0.0,0.0,0.0,0.0,0.0,0.0,0.0,0.0,0.0,0.0,0.0,0.0,0.0,0.0,0.0
322.5,3.0,18.64692262985554,19.489313922447348,18.480869862788552,17.82177016535634,15.150692646137305,13.492513378883789,13.2737215516385,14.027493834444863,14.200243046852588,14.474900693978,1.0,1.0,1.0,1.0,1.0,1.0,1.0,1.0,1.0,1.0
322.75,4.0,16.9274129628753,15.10737242036335,16.226916094262158,16.455545449911128,17.701333613404692,18.124066925912786,17.919869864306673,16.851389023882284,17.191728345068828,17.149711972685164,1.0,1.0,1.0,1.0,1.0,1.0,1.0,1.0,1.0,1.0
323.0,1.0,14.133187506946037,14.565864512055677,14.833954228631997,14.074751007533823,17.75501806816696,18.065355360155166,17.713637158159873,17.40028747987988,17.13969058137841,16.027368543019364,1.0,1.0,1.0,1.0,1.0,1.0,1.0,1.0,1.0,1.0
323.25,2.0,14.480520008976548,14.189955851946175,16.19886388411863,15.544149791626001,14.594575832006782,14.871178314079515,15.699602870458689,16.14620829815724,15.086097421745492,14.7001859641552,1.0,1.0,1.0,1.0,1.0,1.0,1.0,1.0,1.0,1.0
323.5,3.0,0.0,0.0,0.0,0.0,0.0,0.0,0.0,0.0,0.0,0.0,0.0,0.0,0.0,0.0,0.0,0.0,0.0,0.0,0.0,0.0
323.75,4.0,17.02065299790867,15.991924328886242,17.379155027292676,17.432464498525164,18.27624493797668,17.095494632510622,17.122375124424227,16.46624320326249,17.20312532886932,16.95235766672223,1.0,1.0,1.0,1.0,1.0,1.0,1.0,1.0,1.0,1.0
324.0,1.0,14.603601493782671,14.756403540752775,14.726770817416293,14.236692497956025,16.557513764315754,16.443312647252164,17.325742310806614,17.133922218387,16.74821776909817,16.31093891398448,1.0,1.0,1.0,1.0,1.0,1.0,1.0,1.0,1.0,1.0
324.25,2.0,0.0,0.0,0.0,0.0,0.0,0.0,0.0,0.0,0.0,0.0,0.0,0.0,0.0,0.0,0.0,0.0,0.0,0.0,0.0,0.0
324.5,3.0,17.371886338496324,16.45423164973734,15.725164503214707,14.454713047550317,13.436229786053504,12.86499189558694,13.343562416192,14.246889007552545,13.934860618636309,14.423677348777682,1.0,1.0,1.0,1.0,1.0,1.0,1.0,1.0,1.0,1.0
324.75,4.0,16.513043714863556,16.538456229100248,16.97382253836948,16.743832391296095,17.0167916414487,16.003629041646683,16.21839510228803,15.937896357404416,17.20053611178797,16.069496436913884,1.0,1.0,1.0,1.0,1.0,1.0,1.0,1.0,1.0,1.0
325.0,1.0,0.0,0.0,0.0,0.0,0.0,0.0,0.0,0.0,0.0,0.0,0.0,0.0,0.0,0.0,0.0,0.0,0.0,0.0,0.0,0.0
325.25,2.0,14.096969057645865,14.687348310370059,14.930260347336,14.17222277727656,14.269016204217351,15.759011819540413,15.297138025284566,15.883683372259858,14.838866902466375,14.698560977269645,1.0,1.0,1.0,1.0,1.0,1.0,1.0,1.0,1.0,1.0
325.5,3.0,16.2366806182248,15.370714004957415,14.883111505350543,13.990130885405991,13.46380375289875,13.253568096357267,12.639544586905993,12.302270223289913,12.333702592159787,13.085342925277532,1.0,1.0,1.0,1.0,1.0,1.0,1.0,1.0,1.0,1.0
325.75,4.0,0.0,0.0,0.0,0.0,0.0,0.0,0.0,0.0,0.0,0.0,0.0,0.0,0.0,0.0,0.0,0.0,0.0,0.0,0.0,0.0
326.0,1.0,14.938939262725373,15.924542687557132,15.294562460629457,13.829205389783063,15.436617538900935,15.21790173391234,16.333165779691683,15.377424687709576,14.472329897754703,14.818804044566626,1.0,1.0,1.0,1.0,1.0,1.0,1.0,1.0,1.0,1.0
326.25,2.0,13.273849450954073,13.599930083603628,13.113618029868341,14.441876975244911,13.49063891390412,13.388822148820159,13.77352870754511,14.773284241091744,14.72929895562326,14.741066838270447,1.0,1.0,1.0,1.0,1.0,1.0,1.0,1.0,1.0,1.0
326.5,3.0,0.0,0.0,0.0,0.0,0.0,0.0,0.0,0.0,0.0,0.0,0.0,0.0,0.0,0.0,0.0,0.0,0.0,0.0,0.0,0.0
326.75,4.0,16.398409662952826,15.594006234115257,15.564165221971766,15.942985272834104,15.816536295972071,15.251586410379907,16.149173427915205,15.370160598328773,16.2848494451449,16.67634105519692,1.0,1.0,1.0,1.0,1.0,1.0,1.0,1.0,1.0,1.0
327.0,1.0,14.793910976789778,15.352353951207817,15.156056077462196,14.04428226053456,15.243098833301207,15.279464943934556,16.043146994849927,15.73907255677707,15.89054369204864,15.782846206154225,1.0,1.0,1.0,1.0,1.0,1.0,1.0,1.0,1.0,1.0
327.25,2.0,0.0,0.0,0.0,0.0,0.0,0.0,0.0,0.0,0.0,0.0,0.0,0.0,0.0,0.0,0.0,0.0,0.0,0.0,0.0,0.0
327.5,3.0,14.113796343761354,13.674166779901789,13.703663735892736,13.420736409650663,14.191319288371892,13.811662301482679,13.174806351803504,12.6297037949227,12.00207459119782,11.953559725356946,1.0,1.0,1.0,1.0,1.0,1.0,1.0,1.0,1.0,1.0
327.75,4.0,17.014558207938617,15.708948901344353,15.357205595800304,15.646207156422253,15.876807717595076,15.761623231809484,16.18539185840636,16.57320878611631,17.3999860822625,18.3956349543872,1.0,1.0,1.0,1.0,1.0,1.0,1.0,1.0,1.0,1.0
328.0,1.0,13.71753432934887,15.035541435617581,15.053810342196481,15.023281907794123,17.139984456657615,15.997294986201672,16.573456799558336,15.819170386801142,15.912700759964268,17.078066874589748,1.0,1.0,1.0,1.0,1.0,1.0,1.0,1.0,1.0,1.0
328.25,2.0,13.341331279498695,13.184134820511645,14.343973249551903,13.371032227603065,13.159553571453937,13.01150297047296,13.854551728458777,14.590407569766642,16.11294100243594,15.474592719143168,1.0,1.0,1.0,1.0,1.0,1.0,1.0,1.0,1.0,1.0
328.5,3.0,0.0,0.0,0.0,0.0,0.0,0.0,0.0,0.0,0.0,0.0,0.0,0.0,0.0,0.0,0.0,0.0,0.0,0.0,0.0,0.0
328.75,4.0,0.0,0.0,0.0,0.0,0.0,0.0,0.0,0.0,0.0,0.0,0.0,0.0,0.0,0.0,0.0,0.0,0.0,0.0,0.0,0.0
329.0,1.0,13.724644337908211,15.499241005149505,15.275414201990255,15.569710234041809,18.179741141540774,17.487444343712927,16.88041015098603,15.81257437413816,17.177168184058345,17.883394415247086,1.0,1.0,1.0,1.0,1.0,1.0,1.0,1.0,1.0,1.0
329.25,2.0,14.224791295629274,12.931797817834449,14.655982801099109,14.026023657353486,13.943855970272326,14.938003247643113,15.131626124217478,15.450590472967477,16.187460316443186,15.656194260996896,1.0,1.0,1.0,1.0,1.0,1.0,1.0,1.0,1.0,1.0
329.5,3.0,11.565283429992014,12.33072936437182,14.311225468858558,14.147437993803711,13.738707319426622,14.100852489225383,13.662471629326625,13.54493518874237,12.365285909176247,11.804371638671656,1.0,1.0,1.0,1.0,1.0,1.0,1.0,1.0,1.0,1.0
329.75,4.0,17.170690783375203,16.739563736252776,16.57983637324,16.086615503480193,14.325320046074628,16.01901699439459,16.07471347660413,16.580631372818285,16.292482460737386,17.556167022426255,1.0,1.0,1.0,1.0,1.0,1.0,1.0,1.0,1.0,1.0
330.0,1.0,0.0,0.0,0.0,0.0,0.0,0.0,0.0,0.0,0.0,0.0,0.0,0.0,0.0,0.0,0.0,0.0,0.0,0.0,0.0,0.0
330.25,2.0,0.0,0.0,0.0,0.0,0.0,0.0,0.0,0.0,0.0,0.0,0.0,0.0,0.0,0.0,0.0,0.0,0.0,0.0,0.0,0.0
330.5,3.0,12.696371175451103,13.107864289452062,14.501573711061376,14.047230583690832,13.567396760101325,13.089416010931627,12.566304298244718,12.67153947659201,12.417878110355083,12.722906558137499,1.0,1.0,1.0,1.0,1.0,1.0,1.0,1.0,1.0,1.0
330.75,4.0,16.244636893999054,16.47532946737341,15.019512097834049,14.86049278777974,15.59478891770013,17.397787694276648,17.544917775716215,17.27599511125654,17.174679858698546,17.355216930953098,1.0,1.0,1.0,1.0,1.0,1.0,1.0,1.0,1.0,1.0
331.0,1.0,14.896934713366544,14.836255593711636,14.984123160495546,15.420586918844092,16.82715155935805,15.636296770879545,16.33314260220934,16.38886035862756,16.297402263666758,16.45206222885995,1.0,1.0,1.0,1.0,1.0,1.0,1.0,1.0,1.0,1.0
331.25,2.0,15.473851907879174,15.301354582171465,15.17538343068348,14.546210982438117,14.640676530774515,15.957386224454925,16.252477524260904,17.05260527223383,16.747269915475112,16.37872083175879,1.0,1.0,1.0,1.0,1.0,1.0,1.0,1.0,1.0,1.0
331.5,3.0,0.0,0.0,0.0,0.0,0.0,0.0,0.0,0.0,0.0,0.0,0.0,0.0,0.0,0.0,0.0,0.0,0.0,0.0,0.0,0.0
331.75,4.0,16.897762240752222,16.029400222945696,15.282513622702156,14.940151124336857,16.646540496369564,18.633928271516094,18.116259987423128,17.317511855531528,17.546180426200873,17.622655194945487,1.0,1.0,1.0,1.0,1.0,1.0,1.0,1.0,1.0,1.0
332.0,1.0,16.25783956192097,15.794839235078314,15.70819691644,17.21859514259202,17.491651191746527,16.424276222288977,15.858015775962228,15.260802823055059,16.0130587556279,16.535041145950082,1.0,1.0,1.0,1.0,1.0,1.0,1.0,1.0,1.0,1.0
332.25,2.0,0.0,0.0,0.0,0.0,0.0,0.0,0.0,0.0,0.0,0.0,0.0,0.0,0.0,0.0,0.0,0.0,0.0,0.0,0.0,0.0
332.5,3.0,13.928926481066332,12.669100418632315,12.757734748790662,13.029844409829474,13.075918689056765,12.675029463063378,12.149035833680944,11.72881167787533,12.210913325757456,10.872329239448822,1.0,1.0,1.0,1.0,1.0,1.0,1.0,1.0,1.0,1.0
332.75,4.0,16.656674863075644,15.796624816249338,15.167844665292689,15.110239135708664,16.844351118830343,18.049678662733417,18.59810943531608,18.96781400944262,19.72194889707493,19.899860216451355,1.0,1.0,1.0,1.0,1.0,1.0,1.0,1.0,1.0,1.0
333.0,1.0,0.0,0.0,0.0,0.0,0.0,0.0,0.0,0.0,0.0,0.0,0.0,0.0,0.0,0.0,0.0,0.0,0.0,0.0,0.0,0.0
333.25,2.0,16.584875831414813,15.430794573335977,15.270494764989058,14.798904405374229,14.828543704898799,15.306182114943525,17.249372670424428,18.76289974947572,17.872361927418442,16.97251162603757,1.0,1.0,1.0,1.0,1.0,1.0,1.0,1.0,1.0,1.0
333.5,3.0,13.548477991220855,12.272142953094875,13.365274986141696,12.001262425555119,11.70310606784144,12.166655350206097,12.245058791547319,11.244987438446852,11.898118409041748,10.909261011379972,1.0,1.0,1.0,1.0,1.0,1.0,1.0,1.0,1.0,1.0
333.75,4.0,0.0,0.0,0.0,0.0,0.0,0.0,0.0,0.0,0.0,0.0,0.0,0.0,0.0,0.0,0.0,0.0,0.0,0.0,0.0,0.0
334.0,1.0,17.312540857133236,17.22834923703106,17.091943820440928,16.72636951123328,17.1066058554459,16.16377794598527,16.927337881499106,16.36984236631791,15.379727795926192,15.416206405541688,1.0,1.0,1.0,1.0,1.0,1.0,1.0,1.0,1.0,1.0
334.25,2.0,16.242911174920344,15.140289553539954,14.89163644797388,15.648815340821935,15.526820746837542,16.43960690283184,17.470704042869233,17.801218445668635,17.37988235935311,17.639939197322764,1.0,1.0,1.0,1.0,1.0,1.0,1.0,1.0,1.0,1.0
334.5,3.0,0.0,0.0,0.0,0.0,0.0,0.0,0.0,0.0,0.0,0.0,0.0,0.0,0.0,0.0,0.0,0.0,0.0,0.0,0.0,0.0
334.75,4.0,15.367371799227087,15.07688838244578,15.957737728128977,17.73119514318667,17.878839953824976,18.518509590402175,20.048167158213033,18.48550163353317,18.561369348652562,19.60274101107435,1.0,1.0,1.0,1.0,1.0,1.0,1.0,1.0,1.0,1.0
335.0,1.0,16.687460453636056,16.899643360953313,15.510911336249729,14.873970844998832,15.997924803362316,15.51239631635775,16.55424239431701,16.04856577344187,14.82671865638822,14.718208960673577,1.0,1.0,1.0,1.0,1.0,1.0,1.0,1.0,1.0,1.0
335.25,2.0,0.0,0.0,0.0,0.0,0.0,0.0,0.0,0.0,0.0,0.0,0.0,0.0,0.0,0.0,0.0,0.0,0.0,0.0,0.0,0.0
335.5,3.0,12.386500320113342,12.5718663641472,12.80122320601452,11.495179146069809,11.349982235848538,12.287976125697398,12.38540158469911,13.247078686040988,12.245432202194694,13.01268428969621,1.0,1.0,1.0,1.0,1.0,1.0,1.0,1.0,1.0,1.0
335.75,4.0,15.504278236035239,15.452249948375876,16.614569303010025,18.09083931102918,18.16545204483532,18.221124736760768,19.235977734540352,18.19577525763668,17.561076294293137,18.556658009201534,1.0,1.0,1.0,1.0,1.0,1.0,1.0,1.0,1.0,1.0
336.0,1.0,15.943152687390198,15.70471798253975,14.048505562019992,14.619122845552656,15.667372838201317,15.083946630887699,15.264606338380425,14.500386099914124,14.508001464588398,14.524232243787473,1.0,1.0,1.0,1.0,1.0,1.0,1.0,1.0,1.0,1.0
336.25,2.0,14.882822243133736,15.710186669156577,17.14781481047422,17.687611678041367,15.0197145568435,15.055811934778777,15.314140376614986,15.89596194977988,15.527460052086468,16.295438604922662,1.0,1.0,1.0,1.0,1.0,1.0,1.0,1.0,1.0,1.0
336.5,3.0,0.0,0.0,0.0,0.0,0.0,0.0,0.0,0.0,0.0,0.0,0.0,0.0,0.0,0.0,0.0,0.0,0.0,0.0,0.0,0.0
336.75,4.0,15.332164873798693,16.05431177832189,16.230744463326428,16.73924714093939,18.37970591246914,19.0917474462811,18.865229493718882,17.296425957358377,16.2596780834962,17.220810024592804,1.0,1.0,1.0,1.0,1.0,1.0,1.0,1.0,1.0,1.0
337.0,1.0,15.984916558957856,15.171826138918242,14.559672112252688,14.725052253893864,15.534590858880861,14.468788740362003,14.745521395265877,14.444802330880758,14.510806318245347,14.996378506990716,1.0,1.0,1.0,1.0,1.0,1.0,1.0,1.0,1.0,1.0
337.25,2.0,15.383031399265496,16.546334283603745,17.058887292668633,16.735107835182415,13.748831195417962,14.182135253162219,14.059466079886548,14.880596946221571,14.817566594064369,15.446816817970022,1.0,1.0,1.0,1.0,1.0,1.0,1.0,1.0,1.0,1.0
337.5,3.0,11.87772950625547,13.003174774391486,13.191784464096159,13.180308659844364,13.485968894551082,14.616928439561521,14.284227926960678,13.839822913712837,13.04356876680447,13.159511587835173,1.0,1.0,1.0,1.0,1.0,1.0,1.0,1.0,1.0,1.0
337.75,4.0,15.21996266352184,16.868055736375734,17.070539112170543,17.845405612998963,18.564960966772624,17.94671959538458,17.795326312759748,17.142292313162645,16.44651177777351,16.455883153822064,1.0,1.0,1.0,1.0,1.0,1.0,1.0,1.0,1.0,1.0
338.0,1.0,0.0,0.0,0.0,0.0,0.0,0.0,0.0,0.0,0.0,0.0,0.0,0.0,0.0,0.0,0.0,0.0,0.0,0.0,0.0,0.0
338.25,2.0,0.0,0.0,0.0,0.0,0.0,0.0,0.0,0.0,0.0,0.0,0.0,0.0,0.0,0.0,0.0,0.0,0.0,0.0,0.0,0.0
338.5,3.0,12.562417281055351,15.011246607120002,14.498519596766943,13.903065666453092,12.842324315362704,13.105913986148176,12.962176012679416,12.946429772762809,11.674381198563504,12.012458841338258,1.0,1.0,1.0,1.0,1.0,1.0,1.0,1.0,1.0,1.0
338.75,4.0,0.0,0.0,0.0,0.0,0.0,0.0,0.0,0.0,0.0,0.0,0.0,0.0,0.0,0.0,0.0,0.0,0.0,0.0,0.0,0.0
339.0,1.0,15.747747952386824,15.277548764650225,15.860136426598327,15.746442265872071,15.239648229193849,15.981264309789651,15.56798617781837,15.960665240015247,15.60482919870062,15.422005990141905,1.0,1.0,1.0,1.0,1.0,1.0,1.0,1.0,1.0,1.0
339.25,2.0,16.396428648930968,15.43318872270265,15.99785700949158,14.250244052562788,13.345576326364451,15.220871840162388,15.062824599976851,14.941248053854766,14.051740701965404,13.831599380806598,1.0,1.0,1.0,1.0,1.0,1.0,1.0,1.0,1.0,1.0
339.5,3.0,0.0,0.0,0.0,0.0,0.0,0.0,0.0,0.0,0.0,0.0,0.0,0.0,0.0,0.0,0.0,0.0,0.0,0.0,0.0,0.0
339.75,4.0,15.772739717056636,17.808111053473983,16.839237673683247,17.188884463802157,17.244320099045964,17.51146044409829,18.396672563885836,18.367584659782196,16.840641016825717,19.000722261515662,1.0,1.0,1.0,1.0,1.0,1.0,1.0,1.0,1.0,1.0
340.0,1.0,15.290988393527453,15.032325463555022,15.250439538330456,15.278134251774404,16.001099814544684,17.517582149294842,17.184100203558454,17.278766076543405,17.45878643855585,16.915883827901464,1.0,1.0,1.0,1.0,1.0,1.0,1.0,1.0,1.0,1.0
340.25,2.0,0.0,0.0,0.0,0.0,0.0,0.0,0.0,0.0,0.0,0.0,0.0,0.0,0.0,0.0,0.0,0.0,0.0,0.0,0.0,0.0
340.5,3.0,14.004120778642113,14.595975998865221,14.300106379155944,16.030439132695122,14.320601353929263,14.117794430248306,12.990511804332685,12.158177193614048,12.480274556399623,13.02657813184384,1.0,1.0,1.0,1.0,1.0,1.0,1.0,1.0,1.0,1.0
340.75,4.0,16.235302561346153,17.50381024221889,16.416331903343742,17.334892492899257,18.012967103538788,17.917776548419795,17.985540399836793,17.950614064148887,17.60685162006662,20.054588175245783,1.0,1.0,1.0,1.0,1.0,1.0,1.0,1.0,1.0,1.0
341.0,1.0,0.0,0.0,0.0,0.0,0.0,0.0,0.0,0.0,0.0,0.0,0.0,0.0,0.0,0.0,0.0,0.0,0.0,0.0,0.0,0.0
341.25,2.0,16.781785050428656,16.721944238259546,15.944468265109249,14.586098791700948,13.256394912803863,14.241579930159707,13.052233142894448,12.680142166760506,13.498692588502509,13.99483489328563,1.0,1.0,1.0,1.0,1.0,1.0,1.0,1.0,1.0,1.0
341.5,3.0,0.0,0.0,0.0,0.0,0.0,0.0,0.0,0.0,0.0,0.0,0.0,0.0,0.0,0.0,0.0,0.0,0.0,0.0,0.0,0.0
341.75,4.0,0.0,0.0,0.0,0.0,0.0,0.0,0.0,0.0,0.0,0.0,0.0,0.0,0.0,0.0,0.0,0.0,0.0,0.0,0.0,0.0
342.0,1.0,15.058865193412958,15.128794780131239,14.425946468095507,15.074446134748362,15.347106040505494,17.023291450812273,17.043893013185915,18.123632519608243,17.899219047373517,18.78139052085583,1.0,1.0,1.0,1.0,1.0,1.0,1.0,1.0,1.0,1.0
342.25,2.0,16.97760718863277,16.967444718857667,15.406776953022373,14.878249120875953,12.40852850767051,13.183786609340668,12.696337045397632,13.122444399980656,14.015892787717714,14.143387147885687,1.0,1.0,1.0,1.0,1.0,1.0,1.0,1.0,1.0,1.0
342.5,3.0,0.0,0.0,0.0,0.0,0.0,0.0,0.0,0.0,0.0,0.0,0.0,0.0,0.0,0.0,0.0,0.0,0.0,0.0,0.0,0.0
342.75,4.0,15.555498715595384,15.187279038400755,15.959354432560586,16.708657199231187,18.1470348858305,17.350522865023045,18.161005555978036,18.836019249453937,17.9074565568498,18.83654797478813,1.0,1.0,1.0,1.0,1.0,1.0,1.0,1.0,1.0,1.0
343.0,1.0,15.411346359284506,15.76430285327644,14.76743256466287,16.412607840807638,18.28464663799141,18.12996652227556,18.06701514092398,18.287413959149877,17.614403064871073,17.58427159848825,1.0,1.0,1.0,1.0,1.0,1.0,1.0,1.0,1.0,1.0
343.25,2.0,0.0,0.0,0.0,0.0,0.0,0.0,0.0,0.0,0.0,0.0,0.0,0.0,0.0,0.0,0.0,0.0,0.0,0.0,0.0,0.0
343.5,3.0,13.495720878353374,16.22005558159553,15.638426895310504,14.630403254776303,14.236607300521607,14.93567288881476,14.909002391750725,14.725332841547981,15.02238920805486,15.164122756260767,1.0,1.0,1.0,1.0,1.0,1.0,1.0,1.0,1.0,1.0
343.75,4.0,14.864716795130043,14.93452208590623,15.539234177999393,15.91168556416095,18.023008698187535,17.822033875413336,18.90716373545073,17.843216312660694,17.494504785989356,18.18472875876291,1.0,1.0,1.0,1.0,1.0,1.0,1.0,1.0,1.0,1.0
344.0,1.0,15.286452711479301,15.669808761734194,15.190782352309709,16.280454040359572,17.944987168145367,18.219812556395723,18.10819827578904,17.696452183020863,16.98886815674513,16.81300953616397,1.0,1.0,1.0,1.0,1.0,1.0,1.0,1.0,1.0,1.0
344.25,2.0,16.65711412727314,15.660276846634547,15.171726854261369,14.07404340566401,12.042459255039217,13.412880370646018,12.967588822426256,12.932152658875427,14.52045909417185,14.911070383385622,1.0,1.0,1.0,1.0,1.0,1.0,1.0,1.0,1.0,1.0
344.5,3.0,0.0,0.0,0.0,0.0,0.0,0.0,0.0,0.0,0.0,0.0,0.0,0.0,0.0,0.0,0.0,0.0,0.0,0.0,0.0,0.0
344.75,4.0,14.211265142513803,15.057904719713282,15.250302569945514,16.057929690307247,18.36377831272242,17.47939356055079,17.593712971747244,17.241587450635695,17.121789844146605,18.47115060253545,1.0,1.0,1.0,1.0,1.0,1.0,1.0,1.0,1.0,1.0
345.0,1.0,16.464672527518214,17.429958743732726,17.731419201443632,17.048222573298965,17.471976793191683,16.675170102013265,16.606733312946627,15.712657486212018,15.664402768608877,15.538253985698235,1.0,1.0,1.0,1.0,1.0,1.0,1.0,1.0,1.0,1.0
345.25,2.0,0.0,0.0,0.0,0.0,0.0,0.0,0.0,0.0,0.0,0.0,0.0,0.0,0.0,0.0,0.0,0.0,0.0,0.0,0.0,0.0
345.5,3.0,14.574490866302849,16.20167439792093,16.705797998002883,14.6598991715202,14.349280559729085,14.31020626964009,13.042954891202768,14.210613853370955,13.856349264634451,14.756044815511457,1.0,1.0,1.0,1.0,1.0,1.0,1.0,1.0,1.0,1.0
345.75,4.0,14.0645683626551,15.035197227005558,15.34125442320495,16.423332866781475,17.68160031867324,17.19521094210063,17.941524870379485,17.524804298823074,17.368336986031526,18.47284110487217,1.0,1.0,1.0,1.0,1.0,1.0,1.0,1.0,1.0,1.0
346.0,1.0,0.0,0.0,0.0,0.0,0.0,0.0,0.0,0.0,0.0,0.0,0.0,0.0,0.0,0.0,0.0,0.0,0.0,0.0,0.0,0.0
346.25,2.0,0.0,0.0,0.0,0.0,0.0,0.0,0.0,0.0,0.0,0.0,0.0,0.0,0.0,0.0,0.0,0.0,0.0,0.0,0.0,0.0
346.5,3.0,15.370545549729028,16.08110813119798,15.500101671442687,13.520915281647278,13.195952532439382,13.252651791562117,12.397129066647743,14.147054963760961,14.168122253202212,14.403287195085113,1.0,1.0,1.0,1.0,1.0,1.0,1.0,1.0,1.0,1.0
346.75,4.0,0.0,0.0,0.0,0.0,0.0,0.0,0.0,0.0,0.0,0.0,0.0,0.0,0.0,0.0,0.0,0.0,0.0,0.0,0.0,0.0
347.0,1.0,16.471213427797704,17.836935001142947,16.59793274749427,15.110267037386524,16.33073782424296,15.896137799921334,15.74353378544121,15.442756845467333,16.35358133981879,17.054528828241207,1.0,1.0,1.0,1.0,1.0,1.0,1.0,1.0,1.0,1.0
347.25,2.0,16.912773398478997,17.114938081141343,15.264238406131287,14.65350855651683,13.834455826414326,15.801946162609388,15.766272859544243,16.562671622891937,18.198390922644062,18.444501021698997,1.0,1.0,1.0,1.0,1.0,1.0,1.0,1.0,1.0,1.0
347.5,3.0,0.0,0.0,0.0,0.0,0.0,0.0,0.0,0.0,0.0,0.0,0.0,0.0,0.0,0.0,0.0,0.0,0.0,0.0,0.0,0.0
347.75,4.0,14.822486565708612,15.299680408616993,16.49709452827899,16.492961137337964,18.43532795430869,18.074475974725082,17.678799607183063,18.020893677848008,18.98009942025078,20.264827684970676,1.0,1.0,1.0,1.0,1.0,1.0,1.0,1.0,1.0,1.0
348.0,1.0,17.112307706311437,18.29972384416769,16.18557586013678,15.087485663469188,16.03866585422684,15.815664775661107,16.688377111769913,17.177503928762704,18.064389896641615,17.69300989968537,1.0,1.0,1.0,1.0,1.0,1.0,1.0,1.0,1.0,1.0
348.25,2.0,0.0,0.0,0.0,0.0,0.0,0.0,0.0,0.0,0.0,0.0,0.0,0.0,0.0,0.0,0.0,0.0,0.0,0.0,0.0,0.0
348.5,3.0,14.193333125187864,14.19026925752664,13.299629329523327,12.32751687427811,14.020168594160483,14.966156670688065,16.280667132304004,15.707882611954,15.580111482047169,15.181982863373149,1.0,1.0,1.0,1.0,1.0,1.0,1.0,1.0,1.0,1.0
348.75,4.0,15.614523501099608,15.990041936231576,16.467173353628446,16.70078104961813,17.185185718761538,17.4955265762604,17.824235960428478,18.438886592535884,19.16518851868272,20.931124057735083,1.0,1.0,1.0,1.0,1.0,1.0,1.0,1.0,1.0,1.0
349.0,1.0,0.0,0.0,0.0,0.0,0.0,0.0,0.0,0.0,0.0,0.0,0.0,0.0,0.0,0.0,0.0,0.0,0.0,0.0,0.0,0.0
349.25,2.0,17.27920062812512,15.574714272704888,14.72957300469015,15.768476926832577,15.387568081600833,15.679164754983926,17.021989038724264,17.47117419641989,18.902785616380957,18.470224353742886,1.0,1.0,1.0,1.0,1.0,1.0,1.0,1.0,1.0,1.0
349.5,3.0,0.0,0.0,0.0,0.0,0.0,0.0,0.0,0.0,0.0,0.0,0.0,0.0,0.0,0.0,0.0,0.0,0.0,0.0,0.0,0.0
349.75,4.0,0.0,0.0,0.0,0.0,0.0,0.0,0.0,0.0,0.0,0.0,0.0,0.0,0.0,0.0,0.0,0.0,0.0,0.0,0.0,0.0
350.0,1.0,17.597398823502672,17.864148243286177,17.000294226459516,15.123643584577955,15.98532861744375,17.1456585481713,17.50957417550457,17.670673484397778,18.155081101496478,17.393233662568864,1.0,1.0,1.0,1.0,1.0,1.0,1.0,1.0,1.0,1.0
350.25,2.0,16.55691595222794,14.5779872457217,15.359609849982773,16.98294079816494,17.045839819560218,17.518999829482276,17.70260884463342,17.76718412075235,18.86775279520974,17.553227068255367,1.0,1.0,1.0,1.0,1.0,1.0,1.0,1.0,1.0,1.0
350.5,3.0,0.0,0.0,0.0,0.0,0.0,0.0,0.0,0.0,0.0,0.0,0.0,0.0,0.0,0.0,0.0,0.0,0.0,0.0,0.0,0.0
350.75,4.0,17.058024233303527,17.41512519157786,17.016770191919242,16.344088167184577,17.719948932379417,19.218090490472147,20.143229761457842,21.2251058952234,20.481250257911565,20.992991544858103,1.0,1.0,1.0,1.0,1.0,1.0,1.0,1.0,1.0,1.0
351.0,1.0,17.079536886562426,17.036021084072004,16.61409429090565,15.83736630172332,16.744657708574255,17.606078930362223,17.724135015350097,17.431603114004567,17.08824491390139,16.44111524100042,1.0,1.0,1.0,1.0,1.0,1.0,1.0,1.0,1.0,1.0
351.25,2.0,0.0,0.0,0.0,0.0,0.0,0.0,0.0,0.0,0.0,0.0,0.0,0.0,0.0,0.0,0.0,0.0,0.0,0.0,0.0,0.0
351.5,3.0,15.60377255328784,15.602014923748541,15.960148680273022,16.281333909767213,16.41124751087645,16.24313691312667,17.209990500317765,15.803988210895435,16.265134385507224,16.632659655738774,1.0,1.0,1.0,1.0,1.0,1.0,1.0,1.0,1.0,1.0
351.75,4.0,18.482785794476015,18.088177153398366,17.42843328007992,17.66620954658557,17.970657349786016,19.082934939013654,19.232386149205144,19.90671495293961,19.77194591880738,19.896657953389603,1.0,1.0,1.0,1.0,1.0,1.0,1.0,1.0,1.0,1.0
352.0,1.0,17.85814064184826,17.508932350109344,16.12841442760895,16.85508629087628,18.276090460295936,18.499303757641297,17.148653351643837,16.85694720144809,16.574168160776402,16.811776552764172,1.0,1.0,1.0,1.0,1.0,1.0,1.0,1.0,1.0,1.0
352.25,2.0,17.989762819812704,15.250405353878653,15.900257038654056,15.687569783420829,15.471011993976928,16.431964567342508,16.454642684152134,16.294526292489056,17.904429032118863,18.07694112522684,1.0,1.0,1.0,1.0,1.0,1.0,1.0,1.0,1.0,1.0
352.5,3.0,0.0,0.0,0.0,0.0,0.0,0.0,0.0,0.0,0.0,0.0,0.0,0.0,0.0,0.0,0.0,0.0,0.0,0.0,0.0,0.0
352.75,4.0,19.247823825391862,19.43157176206675,18.324437814155914,18.53859930797249,18.354276882448346,19.363717794001964,19.352400653605752,20.037763540832735,19.90938223898238,20.237717501979603,1.0,1.0,1.0,1.0,1.0,1.0,1.0,1.0,1.0,1.0
353.0,1.0,18.47800394397326,17.379754255015186,16.328873738120205,17.11108459521495,19.527483376641783,19.083553298689914,17.646398312187973,17.16974394033453,17.439091253025268,18.004393099947492,1.0,1.0,1.0,1.0,1.0,1.0,1.0,1.0,1.0,1.0
353.25,2.0,0.0,0.0,0.0,0.0,0.0,0.0,0.0,0.0,0.0,0.0,0.0,0.0,0.0,0.0,0.0,0.0,0.0,0.0,0.0,0.0
353.5,3.0,16.46090066102732,17.42150224921651,17.602108681610048,16.181334268350792,14.679192658911603,15.137941233345332,16.524077533009034,16.36994882468082,17.495133368023215,18.74678047485205,1.0,1.0,1.0,1.0,1.0,1.0,1.0,1.0,1.0,1.0
353.75,4.0,20.433709517647326,20.54733188233187,19.539279189389852,19.789575665662444,18.397814142471372,18.923756808011174,18.340126436666914,18.68102002177343,18.01507248405382,19.29481214942205,1.0,1.0,1.0,1.0,1.0,1.0,1.0,1.0,1.0,1.0
354.0,1.0,0.0,0.0,0.0,0.0,0.0,0.0,0.0,0.0,0.0,0.0,0.0,0.0,0.0,0.0,0.0,0.0,0.0,0.0,0.0,0.0
354.25,2.0,0.0,0.0,0.0,0.0,0.0,0.0,0.0,0.0,0.0,0.0,0.0,0.0,0.0,0.0,0.0,0.0,0.0,0.0,0.0,0.0
354.5,3.0,16.24746524974458,16.53949405517882,17.710275665967558,16.63719496164917,16.416904374775264,16.619778438757724,17.310822535076873,17.750871615099236,18.992607704488844,19.76262164581753,1.0,1.0,1.0,1.0,1.0,1.0,1.0,1.0,1.0,1.0
354.75,4.0,0.0,0.0,0.0,0.0,0.0,0.0,0.0,0.0,0.0,0.0,0.0,0.0,0.0,0.0,0.0,0.0,0.0,0.0,0.0,0.0
355.0,1.0,19.136740036042934,18.133988458667734,17.205045543278874,17.69934699756258,19.11443349310264,18.671045100613913,17.85203428243673,18.36797790687714,19.18146063738618,19.53979113004951,1.0,1.0,1.0,1.0,1.0,1.0,1.0,1.0,1.0,1.0
355.25,2.0,17.155822891320604,17.391645575314886,18.028522791869275,15.655219987954501,14.667029067254395,15.501715147148131,16.75286244696618,17.107426666808145,17.525151967522728,17.649894722455063,1.0,1.0,1.0,1.0,1.0,1.0,1.0,1.0,1.0,1.0
355.5,3.0,0.0,0.0,0.0,0.0,0.0,0.0,0.0,0.0,0.0,0.0,0.0,0.0,0.0,0.0,0.0,0.0,0.0,0.0,0.0,0.0
355.75,4.0,20.787166825417582,20.225865279219608,19.85783179280566,19.084968207013155,18.55636122710798,18.03875064857878,18.351142824066986,18.55850301380236,17.774369575398403,17.994975198890018,1.0,1.0,1.0,1.0,1.0,1.0,1.0,1.0,1.0,1.0
356.0,1.0,19.81438101870308,18.59610300359719,18.875190524200402,18.2530995722032,18.055607227874784,18.692021117587938,18.9893820967089,19.111247493678544,19.99104248444684,20.426921157236585,1.0,1.0,1.0,1.0,1.0,1.0,1.0,1.0,1.0,1.0
356.25,2.0,0.0,0.0,0.0,0.0,0.0,0.0,0.0,0.0,0.0,0.0,0.0,0.0,0.0,0.0,0.0,0.0,0.0,0.0,0.0,0.0
356.5,3.0,18.57534323522901,16.950564041581615,17.242012659516806,16.451251834209216,18.19600728238241,18.49846762068868,19.592586067641637,19.908512893085774,20.346012814034314,21.38699213011157,1.0,1.0,1.0,1.0,1.0,1.0,1.0,1.0,1.0,1.0
356.75,4.0,20.245083996786935,19.89421192788817,19.978408791204924,19.535797311423536,18.374636540534965,17.457768881687514,17.18453355607752,17.218800555437753,16.793505761720052,17.115228122355,1.0,1.0,1.0,1.0,1.0,1.0,1.0,1.0,1.0,1.0
357.0,1.0,0.0,0.0,0.0,0.0,0.0,0.0,0.0,0.0,0.0,0.0,0.0,0.0,0.0,0.0,0.0,0.0,0.0,0.0,0.0,0.0
357.25,2.0,18.15236958761705,17.214397404519516,15.836172033428655,15.372326767175423,14.38253615043113,15.183033113184193,16.12284928561577,16.955247118373606,16.981949319971992,16.72687169711163,1.0,1.0,1.0,1.0,1.0,1.0,1.0,1.0,1.0,1.0
357.5,3.0,0.0,0.0,0.0,0.0,0.0,0.0,0.0,0.0,0.0,0.0,0.0,0.0,0.0,0.0,0.0,0.0,0.0,0.0,0.0,0.0
357.75,4.0,0.0,0.0,0.0,0.0,0.0,0.0,0.0,0.0,0.0,0.0,0.0,0.0,0.0,0.0,0.0,0.0,0.0,0.0,0.0,0.0
358.0,1.0,19.814887782296307,18.70450706475816,17.790168472262177,17.26860918889656,19.318776330655176,20.229733350935795,19.78233264878954,19.25941221170768,18.918545936082065,18.956353721012462,1.0,1.0,1.0,1.0,1.0,1.0,1.0,1.0,1.0,1.0
358.25,2.0,17.7860880126034,15.704251692230844,16.812414242837157,15.942895533280419,15.580992840554616,15.798433989186563,16.201087348366492,16.80653476415218,15.909380431629517,15.385424231105072,1.0,1.0,1.0,1.0,1.0,1.0,1.0,1.0,1.0,1.0
358.5,3.0,18.060015167170665,17.11806662390989,17.200492083070575,17.796701327568723,19.93186527740078,21.450726630963004,21.977140060386755,21.5516504566667,20.77987314904519,21.080219215638216,1.0,1.0,1.0,1.0,1.0,1.0,1.0,1.0,1.0,1.0
358.75,4.0,19.218668668513388,19.8159803820674,19.50277713811309,18.396709400683605,17.408723169775147,17.263079619037974,17.82333835974681,17.678383328949256,18.071747612447155,18.129772551287953,1.0,1.0,1.0,1.0,1.0,1.0,1.0,1.0,1.0,1.0
359.0,1.0,18.88385007064515,18.96005574052121,19.073209163125124,18.015737499321958,18.450400406101238,19.823113437182126,19.66080888193512,18.861898333683104,19.146934909734842,18.73836662181626,1.0,1.0,1.0,1.0,1.0,1.0,1.0,1.0,1.0,1.0
359.25,2.0,0.0,0.0,0.0,0.0,0.0,0.0,0.0,0.0,0.0,0.0,0.0,0.0,0.0,0.0,0.0,0.0,0.0,0.0,0.0,0.0
359.5,3.0,17.74317377956984,17.920811323337706,16.473267949552003,17.106395343543603,18.81335747849377,19.473195419420236,19.59213884064591,19.261327780904818,18.332184783684397,19.52179802620913,1.0,1.0,1.0,1.0,1.0,1.0,1.0,1.0,1.0,1.0
359.75,4.0,19.55325102761961,20.30455503642387,19.9962712936072,18.588052334947747,17.884042001772016,17.75732839265217,18.63360957492866,19.14857757618955,19.284900055298667,19.263948743065225,1.0,1.0,1.0,1.0,1.0,1.0,1.0,1.0,1.0,1.0
360.0,1.0,19.160791786815636,20.290071148893006,19.472244252096115,18.594777934067626,18.554010577236745,20.034302502046746,19.56132079593822,19.184577428006367,19.136456633505368,17.71395712256143,1.0,1.0,1.0,1.0,1.0,1.0,1.0,1.0,1.0,1.0
360.25,2.0,17.354272515377456,16.16010905337444,15.960368729395045,15.278070568594762,15.499916288433532,15.935695809144551,17.470809220859397,16.060746701113665,15.470626656428324,15.388585841560255,1.0,1.0,1.0,1.0,1.0,1.0,1.0,1.0,1.0,1.0
360.5,3.0,0.0,0.0,0.0,0.0,0.0,0.0,0.0,0.0,0.0,0.0,0.0,0.0,0.0,0.0,0.0,0.0,0.0,0.0,0.0,0.0
360.75,4.0,20.732084547158113,20.899593206652508,19.89750269152964,18.45144073435993,18.506080329306396,18.4347391110713,18.83521186902537,19.583493117769926,18.9018073019723,18.263105057284804,1.0,1.0,1.0,1.0,1.0,1.0,1.0,1.0,1.0,1.0
361.0,1.0,20.567700667994465,19.985753732963037,19.412355594714022,18.909598119942398,18.492337563949295,19.522369512153425,19.050744177063006,18.161885011361917,18.935439218569226,18.19487445246734,1.0,1.0,1.0,1.0,1.0,1.0,1.0,1.0,1.0,1.0
361.25,2.0,0.0,0.0,0.0,0.0,0.0,0.0,0.0,0.0,0.0,0.0,0.0,0.0,0.0,0.0,0.0,0.0,0.0,0.0,0.0,0.0
361.5,3.0,17.989540353453258,18.623872302023887,18.6793779679367,19.786646661117775,19.503805686610246,19.527950497806255,19.15313184565883,19.032886439715103,19.819549763005142,19.643628931603153,1.0,1.0,1.0,1.0,1.0,1.0,1.0,1.0,1.0,1.0
361.75,4.0,21.300685531543973,21.090494454100533,21.11404951454874,20.419204354915063,19.111815434893657,18.70723266178032,18.584672005100504,18.772602760996534,19.69281044492089,19.21931812593544,1.0,1.0,1.0,1.0,1.0,1.0,1.0,1.0,1.0,1.0
362.0,1.0,0.0,0.0,0.0,0.0,0.0,0.0,0.0,0.0,0.0,0.0,0.0,0.0,0.0,0.0,0.0,0.0,0.0,0.0,0.0,0.0
362.25,2.0,16.411664711087365,16.1193073719978,17.211366561920027,18.05472366487906,15.446007038821776,14.561278833171409,15.104486775643707,14.744740436807605,13.696298142895971,13.312133935293689,1.0,1.0,1.0,1.0,1.0,1.0,1.0,1.0,1.0,1.0
362.5,3.0,18.706340703193558,20.164112903270752,20.828817845368018,21.10459616211856,19.87181810799009,20.147464943961857,20.254815823584025,20.412893557062315,18.761434963604007,18.715959889203692,1.0,1.0,1.0,1.0,1.0,1.0,1.0,1.0,1.0,1.0
362.75,4.0,0.0,0.0,0.0,0.0,0.0,0.0,0.0,0.0,0.0,0.0,0.0,0.0,0.0,0.0,0.0,0.0,0.0,0.0,0.0,0.0
363.0,1.0,18.509277228850426,19.171525398992664,19.609005914399955,19.54705002107174,18.18264383850961,19.10391856663972,19.59976817428375,19.590828867432073,20.720292677143902,19.79646991983214,1.0,1.0,1.0,1.0,1.0,1.0,1.0,1.0,1.0,1.0
363.25,2.0,16.296376678729835,16.003010319396694,17.176329633867788,18.113735767869425,15.824208300078418,15.394970461462957,15.082826313405347,14.113508985701648,12.876706002377732,12.40064039973011,1.0,1.0,1.0,1.0,1.0,1.0,1.0,1.0,1.0,1.0
363.5,3.0,0.0,0.0,0.0,0.0,0.0,0.0,0.0,0.0,0.0,0.0,0.0,0.0,0.0,0.0,0.0,0.0,0.0,0.0,0.0,0.0
363.75,4.0,20.657979105000557,20.719009395922853,18.741715340474194,17.883734144696408,18.10056750121401,18.641311728295126,19.18993703404029,19.627176384845477,20.579217934113423,20.370301413890306,1.0,1.0,1.0,1.0,1.0,1.0,1.0,1.0,1.0,1.0
364.0,1.0,19.610754681111537,19.760398808783254,20.462540686271605,20.125852393774426,19.52676601789765,19.669819773279773,19.350187360115285,18.85077588775659,19.69004173454609,19.147974168983325,1.0,1.0,1.0,1.0,1.0,1.0,1.0,1.0,1.0,1.0
364.25,2.0,0.0,0.0,0.0,0.0,0.0,0.0,0.0,0.0,0.0,0.0,0.0,0.0,0.0,0.0,0.0,0.0,0.0,0.0,0.0,0.0
364.5,3.0,18.612062584714856,19.901764396216162,20.001658244774326,19.6589436974589,18.51197697337479,18.377606616234782,18.945401512698606,18.438052988062367,17.332735050602533,17.530175623517678,1.0,1.0,1.0,1.0,1.0,1.0,1.0,1.0,1.0,1.0
364.75,4.0,19.797866398758636,18.73913794234344,17.824344346107175,17.961374853163093,18.444734034632287,18.781522917867452,18.92186910058024,19.339372558688314,20.594539578129673,20.39816551062622,1.0,1.0,1.0,1.0,1.0,1.0,1.0,1.0,1.0,1.0
365.0,1.0,0.0,0.0,0.0,0.0,0.0,0.0,0.0,0.0,0.0,0.0,0.0,0.0,0.0,0.0,0.0,0.0,0.0,0.0,0.0,0.0
365.25,2.0,16.606481495989833,17.418502040160604,18.090624124373107,17.0210231464995,13.560169756776403,13.014081774829833,13.112000074762419,13.940611144774826,13.605337426946827,12.393166697581954,1.0,1.0,1.0,1.0,1.0,1.0,1.0,1.0,1.0,1.0
365.5,3.0,0.0,0.0,0.0,0.0,0.0,0.0,0.0,0.0,0.0,0.0,0.0,0.0,0.0,0.0,0.0,0.0,0.0,0.0,0.0,0.0
365.75,4.0,0.0,0.0,0.0,0.0,0.0,0.0,0.0,0.0,0.0,0.0,0.0,0.0,0.0,0.0,0.0,0.0,0.0,0.0,0.0,0.0
366.0,1.0,19.227988209570903,20.130055863147795,19.74003925583339,19.47097284208363,18.640990475254288,19.052542683523512,18.14041614564048,18.233796062898108,18.560183999150304,17.776323687237433,1.0,1.0,1.0,1.0,1.0,1.0,1.0,1.0,1.0,1.0
366.25,2.0,17.092298296756862,18.279655239324736,17.999403077290655,16.638053286354456,12.52439084253331,12.255829766676742,12.298665781403466,12.71516938207373,12.778740653362089,12.345101105388213,1.0,1.0,1.0,1.0,1.0,1.0,1.0,1.0,1.0,1.0
366.5,3.0,19.76134383717135,21.211232800879856,20.849895522988714,18.64228991198205,17.929851197379513,17.880299015328042,17.299546988937646,17.14825142915159,16.91628641055959,16.976059400322175,1.0,1.0,1.0,1.0,1.0,1.0,1.0,1.0,1.0,1.0
366.75,4.0,17.868130817314793,17.60904424880637,16.585792862886432,18.11090626026103,19.852890928369586,20.12959572413229,19.57904318464243,19.51442462437023,19.307874063202302,19.049666775025596,1.0,1.0,1.0,1.0,1.0,1.0,1.0,1.0,1.0,1.0
367.0,1.0,20.21535903927879,20.49888461038979,20.21251622741353,19.22295384588377,18.501884500928906,17.659989078203914,17.361730937894663,17.807902154157926,18.67807814002587,18.328372252084502,1.0,1.0,1.0,1.0,1.0,1.0,1.0,1.0,1.0,1.0
367.25,2.0,0.0,0.0,0.0,0.0,0.0,0.0,0.0,0.0,0.0,0.0,0.0,0.0,0.0,0.0,0.0,0.0,0.0,0.0,0.0,0.0
367.5,3.0,21.448548245695708,21.13666302629072,20.36873339544802,18.99183484119145,18.652566800444795,17.734408874779547,17.488424947372973,17.479165303356133,17.507375648595733,17.218841623936182,1.0,1.0,1.0,1.0,1.0,1.0,1.0,1.0,1.0,1.0
367.75,4.0,16.713712194625856,15.92972343515591,16.96922130767205,18.149477556801415,19.7194203123176,20.305126632706898,18.961909768691825,19.162293441277477,18.179041934427953,18.47905521686843,1.0,1.0,1.0,1.0,1.0,1.0,1.0,1.0,1.0,1.0
368.0,1.0,20.625105541468148,19.948881988269985,20.19851759395018,19.382332827207794,18.321118635204197,18.212291396641934,18.15159639073465,19.291388896222283,19.570647589877503,18.806483248206092,1.0,1.0,1.0,1.0,1.0,1.0,1.0,1.0,1.0,1.0
368.25,2.0,17.590969323473033,16.81968308535921,15.184228100732547,15.45021177313132,12.959476949478995,12.305241915190303,11.930877803874582,12.126352528927255,13.814478612123349,14.131397733333687,1.0,1.0,1.0,1.0,1.0,1.0,1.0,1.0,1.0,1.0
368.5,3.0,0.0,0.0,0.0,0.0,0.0,0.0,0.0,0.0,0.0,0.0,0.0,0.0,0.0,0.0,0.0,0.0,0.0,0.0,0.0,0.0
368.75,4.0,16.35643073411472,16.127266581484726,17.58681473162872,18.593540323479782,17.550754908313422,18.265313452153798,17.078903981599105,17.88694421574417,17.835300467503238,18.452377669159997,1.0,1.0,1.0,1.0,1.0,1.0,1.0,1.0,1.0,1.0
369.0,1.0,20.8129019863769,19.735281564100518,20.279244338068647,19.508040326246718,18.762730596609995,18.07688698056594,17.906117395155924,18.597560924868425,18.02147680734128,17.783222257962898,1.0,1.0,1.0,1.0,1.0,1.0,1.0,1.0,1.0,1.0
369.25,2.0,0.0,0.0,0.0,0.0,0.0,0.0,0.0,0.0,0.0,0.0,0.0,0.0,0.0,0.0,0.0,0.0,0.0,0.0,0.0,0.0
369.5,3.0,19.426014311647407,19.69969174175164,18.33309853852796,16.859761088925115,16.53767450417432,16.576654347561078,16.659751562654833,16.958618880478493,17.28598415953131,18.116533626293293,1.0,1.0,1.0,1.0,1.0,1.0,1.0,1.0,1.0,1.0
369.75,4.0,17.01002170149411,17.533055630695966,18.310271479247817,18.14486668243987,16.872140532720515,17.804981111927646,18.04439788001538,19.0095345398073,18.94462274075176,18.92094173554805,1.0,1.0,1.0,1.0,1.0,1.0,1.0,1.0,1.0,1.0
370.0,1.0,0.0,0.0,0.0,0.0,0.0,0.0,0.0,0.0,0.0,0.0,0.0,0.0,0.0,0.0,0.0,0.0,0.0,0.0,0.0,0.0
370.25,2.0,17.386122764210068,16.616203893380103,16.949561996845485,15.020638300470939,13.867142402562866,15.375282585003745,15.736599089978943,16.081946094800234,16.73645971085429,17.537701537730456,1.0,1.0,1.0,1.0,1.0,1.0,1.0,1.0,1.0,1.0
370.5,3.0,18.883117724940703,19.040300449522764,18.803380853988138,16.85003190124053,16.656959408281523,16.69071388465372,17.627900070518557,15.948889688925817,16.268877777386543,17.17903254954499,1.0,1.0,1.0,1.0,1.0,1.0,1.0,1.0,1.0,1.0
370.75,4.0,0.0,0.0,0.0,0.0,0.0,0.0,0.0,0.0,0.0,0.0,0.0,0.0,0.0,0.0,0.0,0.0,0.0,0.0,0.0,0.0
371.0,1.0,20.887074486381685,19.7579521659955,19.95169728363403,18.955951222381916,17.988700779298668,17.790517790457677,17.913094128763895,18.224868469683557,17.416686386225358,18.92202019396901,1.0,1.0,1.0,1.0,1.0,1.0,1.0,1.0,1.0,1.0
371.25,2.0,17.392727703876698,16.40843906228318,16.966209073880375,16.318300242062435,16.445835242432196,16.951874326556432,17.59160418234729,17.750974471714088,17.62701799233088,18.122126336487064,1.0,1.0,1.0,1.0,1.0,1.0,1.0,1.0,1.0,1.0
371.5,3.0,0.0,0.0,0.0,0.0,0.0,0.0,0.0,0.0,0.0,0.0,0.0,0.0,0.0,0.0,0.0,0.0,0.0,0.0,0.0,0.0
371.75,4.0,17.588929262160455,18.12393498481997,18.636362234814456,19.039987241224477,18.348380119167278,18.150923636126556,19.427557351775608,19.16184906972165,19.481487221986402,18.772279686340426,1.0,1.0,1.0,1.0,1.0,1.0,1.0,1.0,1.0,1.0
372.0,1.0,20.143645026728485,18.708175405681157,18.948600362298958,19.22734109061253,17.4957742490457,17.92500585551426,17.42841273315035,17.80312602856081,17.785520302853573,17.89882870387319,1.0,1.0,1.0,1.0,1.0,1.0,1.0,1.0,1.0,1.0
372.25,2.0,0.0,0.0,0.0,0.0,0.0,0.0,0.0,0.0,0.0,0.0,0.0,0.0,0.0,0.0,0.0,0.0,0.0,0.0,0.0,0.0
372.5,3.0,17.31783725731772,17.33131662197807,18.557646322019405,18.864392073739648,17.85438887356485,17.945189816092086,18.77085244061589,17.86190117760302,17.54092136137851,18.53306792394478,1.0,1.0,1.0,1.0,1.0,1.0,1.0,1.0,1.0,1.0
372.75,4.0,17.30343467011575,18.45746784137229,19.037564941617635,19.10457440734178,18.635662808493706,18.895628293340163,19.923865488252023,19.047907650287247,19.16518807856621,18.278730795933704,1.0,1.0,1.0,1.0,1.0,1.0,1.0,1.0,1.0,1.0
373.0,1.0,19.267921923065778,17.89917667782628,18.012969679937196,17.7663767033232,17.354647639196575,18.765088387868172,18.012784727109523,18.420429095030066,17.859336139077058,18.713636772251526,1.0,1.0,1.0,1.0,1.0,1.0,1.0,1.0,1.0,1.0
373.25,2.0,17.59831001186208,16.975440538335825,18.465196499007984,18.30185602674323,18.12019769778494,17.84926473679873,18.242202693149896,18.057436651366416,18.22308341629478,17.979815896089196,1.0,1.0,1.0,1.0,1.0,1.0,1.0,1.0,1.0,1.0
373.5,3.0,0.0,0.0,0.0,0.0,0.0,0.0,0.0,0.0,0.0,0.0,0.0,0.0,0.0,0.0,0.0,0.0,0.0,0.0,0.0,0.0
373.75,4.0,19.50224461241447,19.884993205287703,19.362167655824848,18.95654750080879,18.970399467479698,19.765708641404192,19.78143481809696,19.03688769831479,19.354740939180747,19.050305011878198,1.0,1.0,1.0,1.0,1.0,1.0,1.0,1.0,1.0,1.0
374.0,1.0,19.92018755170905,17.438900049505552,17.5217979347875,17.394851513902868,17.721141548532575,18.938502634598283,18.196034779749375,18.469520775666368,18.172415682136258,19.38908530772169,1.0,1.0,1.0,1.0,1.0,1.0,1.0,1.0,1.0,1.0
374.25,2.0,18.105200744322435,17.081072475905685,18.613999421160553,18.35243524633975,18.389543624424455,18.51428539436736,19.048985139236937,17.645984654130736,18.131905152841977,17.33948244563134,1.0,1.0,1.0,1.0,1.0,1.0,1.0,1.0,1.0,1.0
374.5,3.0,18.822598950609002,19.410515047448218,19.70146757062247,19.043908900231482,19.395321868429683,18.71724021686479,19.34177676058307,20.060217910146097,19.32616293556079,19.10203179027409,1.0,1.0,1.0,1.0,1.0,1.0,1.0,1.0,1.0,1.0
374.75,4.0,20.383906631264974,19.09489782579691,18.28033570405259,19.387512764061253,20.924379292111738,19.932166258325427,19.287071204716124,19.315931722684628,19.284197583896418,18.77668833237734,1.0,1.0,1.0,1.0,1.0,1.0,1.0,1.0,1.0,1.0
375.0,1.0,0.0,0.0,0.0,0.0,0.0,0.0,0.0,0.0,0.0,0.0,0.0,0.0,0.0,0.0,0.0,0.0,0.0,0.0,0.0,0.0
375.25,2.0,0.0,0.0,0.0,0.0,0.0,0.0,0.0,0.0,0.0,0.0,0.0,0.0,0.0,0.0,0.0,0.0,0.0,0.0,0.0,0.0
375.5,3.0,18.996059445665857,19.05126620998955,19.762048044699334,20.333233056092816,20.14728744880001,20.085813227610856,20.021655345197694,20.233802086588433,19.939227685182498,19.516531781215377,1.0,1.0,1.0,1.0,1.0,1.0,1.0,1.0,1.0,1.0
375.75,4.0,0.0,0.0,0.0,0.0,0.0,0.0,0.0,0.0,0.0,0.0,0.0,0.0,0.0,0.0,0.0,0.0,0.0,0.0,0.0,0.0
376.0,1.0,20.8415204891981,18.895053776063886,17.740725583042103,18.170188278339364,17.854858614936198,18.29574933516788,19.471135871053715,19.75034626471145,19.76039811402469,20.40147028722922,1.0,1.0,1.0,1.0,1.0,1.0,1.0,1.0,1.0,1.0
376.25,2.0,18.72892753448982,17.1318971550839,18.444750086881985,19.340955812883166,19.166565758989485,19.120981953429695,18.385099270633706,17.93715527490866,17.778006556416205,16.774070796806612,1.0,1.0,1.0,1.0,1.0,1.0,1.0,1.0,1.0,1.0
376.5,3.0,0.0,0.0,0.0,0.0,0.0,0.0,0.0,0.0,0.0,0.0,0.0,0.0,0.0,0.0,0.0,0.0,0.0,0.0,0.0,0.0
376.75,4.0,19.207034080606114,19.791740093858426,20.63560499791822,20.816995143558586,20.402506444106326,19.22297511300686,19.26157094809265,18.961062428420604,18.551369519258557,18.570803605778185,1.0,1.0,1.0,1.0,1.0,1.0,1.0,1.0,1.0,1.0
377.0,1.0,20.554833804843987,18.180352853029433,17.191875621047966,17.677377958650762,18.37141432991133,19.13371808600067,20.06456651847433,19.63640640252083,19.614545725367503,20.304065672615504,1.0,1.0,1.0,1.0,1.0,1.0,1.0,1.0,1.0,1.0
377.25,2.0,0.0,0.0,0.0,0.0,0.0,0.0,0.0,0.0,0.0,0.0,0.0,0.0,0.0,0.0,0.0,0.0,0.0,0.0,0.0,0.0
377.5,3.0,19.356151316484226,20.143583577508966,19.774568379930678,19.620499267122586,21.573713734164677,20.23275157730776,20.00629916918362,19.412825822968337,19.600964268457965,18.385076333627904,1.0,1.0,1.0,1.0,1.0,1.0,1.0,1.0,1.0,1.0
377.75,4.0,19.6129027287267,21.063391472064897,21.164604881333148,21.62191530849673,19.919745199135104,18.387488488709938,18.32363578635253,18.691227659792066,18.64385924470749,18.462448263626037,1.0,1.0,1.0,1.0,1.0,1.0,1.0,1.0,1.0,1.0
378.0,1.0,0.0,0.0,0.0,0.0,0.0,0.0,0.0,0.0,0.0,0.0,0.0,0.0,0.0,0.0,0.0,0.0,0.0,0.0,0.0,0.0
378.25,2.0,18.64162894855168,19.193388895521426,19.678009472950016,19.749621010649886,18.51216014052696,18.177426037826212,16.78096231690849,16.438502810866545,15.979592128900768,14.802714219921878,1.0,1.0,1.0,1.0,1.0,1.0,1.0,1.0,1.0,1.0
378.5,3.0,0.0,0.0,0.0,0.0,0.0,0.0,0.0,0.0,0.0,0.0,0.0,0.0,0.0,0.0,0.0,0.0,0.0,0.0,0.0,0.0
378.75,4.0,0.0,0.0,0.0,0.0,0.0,0.0,0.0,0.0,0.0,0.0,0.0,0.0,0.0,0.0,0.0,0.0,0.0,0.0,0.0,0.0
379.0,1.0,20.471240337920715,19.928534388754013,19.487938032360866,19.152837859882016,17.67516842449031,19.129333157864078,19.259012104759954,19.033069477907322,18.05100361223097,18.83293973092624,1.0,1.0,1.0,1.0,1.0,1.0,1.0,1.0,1.0,1.0
379.25,2.0,18.492607370913028,20.38313833467525,19.801417259528563,19.602663705757866,18.029942870445694,17.708745867937303,16.71506786118494,16.01003456595177,15.697133278196358,15.59683801502522,1.0,1.0,1.0,1.0,1.0,1.0,1.0,1.0,1.0,1.0
379.5,3.0,0.0,0.0,0.0,0.0,0.0,0.0,0.0,0.0,0.0,0.0,0.0,0.0,0.0,0.0,0.0,0.0,0.0,0.0,0.0,0.0
379.75,4.0,21.422459911858788,21.445358178834603,20.93992232571586,20.325598924159006,17.352339123083635,16.731209092725177,17.210497899371138,17.426137514676455,17.99451801386844,18.233434306537752,1.0,1.0,1.0,1.0,1.0,1.0,1.0,1.0,1.0,1.0
380.0,1.0,19.725778261776746,19.167850754544702,18.213935107304394,19.45777425708604,19.107963340487444,19.8453415609391,18.629491751442185,18.173241975556145,18.33173800608139,18.65047537708445,1.0,1.0,1.0,1.0,1.0,1.0,1.0,1.0,1.0,1.0
380.25,2.0,0.0,0.0,0.0,0.0,0.0,0.0,0.0,0.0,0.0,0.0,0.0,0.0,0.0,0.0,0.0,0.0,0.0,0.0,0.0,0.0
380.5,3.0,20.60035749964517,21.397925526542107,20.64032709905562,20.32765436695617,19.553697884178185,19.315211835022357,19.50487944203118,19.104511039897464,18.660412748801882,18.015824172154634,1.0,1.0,1.0,1.0,1.0,1.0,1.0,1.0,1.0,1.0
380.75,4.0,22.43083704897175,21.839054008189706,20.22683392525724,18.974538556986534,17.216418903460866,16.40973111099156,16.806050639113902,15.832665885737265,16.616496330699967,16.97329121764883,1.0,1.0,1.0,1.0,1.0,1.0,1.0,1.0,1.0,1.0
381.0,1.0,19.219666657206318,19.103191036085793,18.37125527165771,18.977146149210373,18.44384597078167,19.88654720468039,18.565914685459024,19.108679537648676,19.82158012118035,19.588440299959952,1.0,1.0,1.0,1.0,1.0,1.0,1.0,1.0,1.0,1.0
381.25,2.0,19.334898208730724,19.63488629509834,19.1769458622663,19.000094612802343,18.86515572552169,18.39203112269308,17.58263954516813,16.90930153839744,16.45957353633019,16.11504809643106,1.0,1.0,1.0,1.0,1.0,1.0,1.0,1.0,1.0,1.0
381.5,3.0,0.0,0.0,0.0,0.0,0.0,0.0,0.0,0.0,0.0,0.0,0.0,0.0,0.0,0.0,0.0,0.0,0.0,0.0,0.0,0.0
381.75,4.0,22.58578354266147,21.266839270217314,19.34454461159561,19.02997496878982,17.263530341436468,16.120630829232166,15.34227515822382,15.121264230123762,16.33778682170929,16.4404526069725,1.0,1.0,1.0,1.0,1.0,1.0,1.0,1.0,1.0,1.0
382.0,1.0,18.47915829362257,18.8741559612881,18.37822745339459,18.309145959109518,18.337706709248426,19.56982115138759,18.8848313893918,19.627389146587355,20.604909184849834,20.17567589290046,1.0,1.0,1.0,1.0,1.0,1.0,1.0,1.0,1.0,1.0
382.25,2.0,19.758659611506552,18.624387435424794,18.369013590726617,18.55925306044723,17.754907527950106,16.69756570939932,16.108031123198003,16.217397795822283,16.063245353722433,16.374954786379007,1.0,1.0,1.0,1.0,1.0,1.0,1.0,1.0,1.0,1.0
382.5,3.0,21.288032337558505,21.685271248867057,20.994928343262853,19.80034935028985,18.080077217819632,18.2614252268785,18.775780474308505,18.560735454173987,19.00050451410646,18.518847896565855,1.0,1.0,1.0,1.0,1.0,1.0,1.0,1.0,1.0,1.0
382.75,4.0,22.114948785925062,20.727860488549478,18.39608786098579,18.191035009128537,16.054353255715156,15.998650872318661,15.936958496077661,16.049771852883527,16.938829979720246,17.649294285455916,1.0,1.0,1.0,1.0,1.0,1.0,1.0,1.0,1.0,1.0
383.0,1.0,0.0,0.0,0.0,0.0,0.0,0.0,0.0,0.0,0.0,0.0,0.0,0.0,0.0,0.0,0.0,0.0,0.0,0.0,0.0,0.0
383.25,2.0,0.0,0.0,0.0,0.0,0.0,0.0,0.0,0.0,0.0,0.0,0.0,0.0,0.0,0.0,0.0,0.0,0.0,0.0,0.0,0.0
383.5,3.0,22.109290443577226,21.485249405578077,19.817365132649954,18.856930169322908,18.61549614810713,19.060034539018837,19.16105295700639,18.59297523460559,18.661953138242424,17.358873984639768,1.0,1.0,1.0,1.0,1.0,1.0,1.0,1.0,1.0,1.0
383.75,4.0,0.0,0.0,0.0,0.0,0.0,0.0,0.0,0.0,0.0,0.0,0.0,0.0,0.0,0.0,0.0,0.0,0.0,0.0,0.0,0.0
384.0,1.0,18.7203225558715,18.88289387267701,18.805874924429553,18.876886763578266,19.540166672364887,20.594735572849928,21.047734520217677,21.32931354862111,21.12165944314858,21.060178699048116,1.0,1.0,1.0,1.0,1.0,1.0,1.0,1.0,1.0,1.0
384.25,2.0,19.5750791592569,18.07202184853544,17.77992924071199,17.302540467484032,16.911543887089657,17.491725178943582,17.634954333343888,17.2775482234405,16.578152323274537,15.449902239597682,1.0,1.0,1.0,1.0,1.0,1.0,1.0,1.0,1.0,1.0
384.5,3.0,0.0,0.0,0.0,0.0,0.0,0.0,0.0,0.0,0.0,0.0,0.0,0.0,0.0,0.0,0.0,0.0,0.0,0.0,0.0,0.0
384.75,4.0,20.786625183500522,19.45488579880405,17.166767508378992,15.794160365128342,15.918015440652823,15.898667431626114,17.13259574101772,17.57503863007494,18.770936135096893,20.012723662953487,1.0,1.0,1.0,1.0,1.0,1.0,1.0,1.0,1.0,1.0
385.0,1.0,19.558625073940316,18.2030107361797,19.12181369567383,19.06893441410291,18.24535151105888,18.958269966259685,18.849318694759205,19.795616038418014,21.044914402772445,20.92991282478765,1.0,1.0,1.0,1.0,1.0,1.0,1.0,1.0,1.0,1.0
385.25,2.0,0.0,0.0,0.0,0.0,0.0,0.0,0.0,0.0,0.0,0.0,0.0,0.0,0.0,0.0,0.0,0.0,0.0,0.0,0.0,0.0
385.5,3.0,20.83928311149882,19.614974802584683,19.189792396474562,19.187643169895896,18.504390469812286,17.954618255873424,17.199501287136297,16.119337443759143,15.578824933640949,15.285754393752484,1.0,1.0,1.0,1.0,1.0,1.0,1.0,1.0,1.0,1.0
385.75,4.0,20.456964410162783,18.30199507946029,14.924145781902313,15.122102422732523,14.308517320125723,15.909583622704885,17.101094961080566,17.323537191022478,18.58228645684911,18.345073966027773,1.0,1.0,1.0,1.0,1.0,1.0,1.0,1.0,1.0,1.0
386.0,1.0,0.0,0.0,0.0,0.0,0.0,0.0,0.0,0.0,0.0,0.0,0.0,0.0,0.0,0.0,0.0,0.0,0.0,0.0,0.0,0.0
386.25,2.0,18.99396808997493,19.175682019204732,18.526947580586995,18.80925916628357,18.339635863185304,17.09830377352777,17.265372055906084,16.457846416524095,16.272116731856507,15.088654372405685,1.0,1.0,1.0,1.0,1.0,1.0,1.0,1.0,1.0,1.0
386.5,3.0,0.0,0.0,0.0,0.0,0.0,0.0,0.0,0.0,0.0,0.0,0.0,0.0,0.0,0.0,0.0,0.0,0.0,0.0,0.0,0.0
386.75,4.0,0.0,0.0,0.0,0.0,0.0,0.0,0.0,0.0,0.0,0.0,0.0,0.0,0.0,0.0,0.0,0.0,0.0,0.0,0.0,0.0
387.0,1.0,21.86460960310873,20.34387575809689,18.751335111819927,18.209041924234718,17.247674923780632,18.525351809198277,18.713765226823284,20.193911571055597,20.86922809083291,19.41838265130044,1.0,1.0,1.0,1.0,1.0,1.0,1.0,1.0,1.0,1.0
387.25,2.0,19.414412239212233,19.464435476180157,18.99806924145745,18.762123541565266,17.161113328278432,16.18704349040457,16.048993964551823,15.7832591961765,15.801488238506128,15.702455884869728,1.0,1.0,1.0,1.0,1.0,1.0,1.0,1.0,1.0,1.0
387.5,3.0,0.0,0.0,0.0,0.0,0.0,0.0,0.0,0.0,0.0,0.0,0.0,0.0,0.0,0.0,0.0,0.0,0.0,0.0,0.0,0.0
387.75,4.0,18.563394217325303,16.469059693515092,16.565038066890132,15.977525487091082,15.835614998502964,16.57767698060295,17.351457867914128,17.205323540689104,18.76524207952232,19.186371307385695,1.0,1.0,1.0,1.0,1.0,1.0,1.0,1.0,1.0,1.0
388.0,1.0,21.048706561015617,19.209024065248883,18.381403545225073,18.3649069965178,16.567382894733534,18.09665578104244,18.778628814683632,20.079747262705958,20.1978503678128,18.82214117585516,1.0,1.0,1.0,1.0,1.0,1.0,1.0,1.0,1.0,1.0
388.25,2.0,0.0,0.0,0.0,0.0,0.0,0.0,0.0,0.0,0.0,0.0,0.0,0.0,0.0,0.0,0.0,0.0,0.0,0.0,0.0,0.0
388.5,3.0,19.101518847900074,18.535370967997128,18.551425381843796,16.553816402806415,15.784444128266562,14.671655287867985,14.195453378072477,13.457889761371755,13.480460235504772,14.147992057914637,1.0,1.0,1.0,1.0,1.0,1.0,1.0,1.0,1.0,1.0
388.75,4.0,18.865997454514467,16.714951199801497,15.884148658737887,15.809584277003353,16.14636336245775,16.598662881718997,17.877662723136503,17.744819897488203,18.67972307141575,19.103382296424794,1.0,1.0,1.0,1.0,1.0,1.0,1.0,1.0,1.0,1.0
389.0,1.0,19.66782520703087,17.961724429120974,18.14877326011317,18.409990554221157,16.541646368940803,17.918804799858346,18.540060604354334,19.441765359079383,19.395489880327208,18.30846169142156,1.0,1.0,1.0,1.0,1.0,1.0,1.0,1.0,1.0,1.0
389.25,2.0,20.36614047254441,19.048258314901616,18.637681351340824,17.18272926682589,15.182895713162594,14.259788031888915,14.473869295302922,15.077125598839276,16.351014058424163,15.254849117546211,1.0,1.0,1.0,1.0,1.0,1.0,1.0,1.0,1.0,1.0
389.5,3.0,0.0,0.0,0.0,0.0,0.0,0.0,0.0,0.0,0.0,0.0,0.0,0.0,0.0,0.0,0.0,0.0,0.0,0.0,0.0,0.0
389.75,4.0,18.38650068776558,16.56983625007533,16.358761320476372,16.276363768106155,17.635238593461587,17.830493850997588,17.616454380260794,17.5352388234813,17.539011269421206,17.966369645907502,1.0,1.0,1.0,1.0,1.0,1.0,1.0,1.0,1.0,1.0
390.0,1.0,19.151541091603367,16.74251704696728,17.706562415145502,17.692909696443657,16.58672489499328,18.23399292160634,18.350914035825557,19.87939015590705,18.887324627875024,18.26178366956638,1.0,1.0,1.0,1.0,1.0,1.0,1.0,1.0,1.0,1.0
390.25,2.0,0.0,0.0,0.0,0.0,0.0,0.0,0.0,0.0,0.0,0.0,0.0,0.0,0.0,0.0,0.0,0.0,0.0,0.0,0.0,0.0
390.5,3.0,18.571313556150777,17.160172473470002,16.788212224568642,16.235112808990785,14.073640082391753,13.824335157154483,13.317214249765719,14.004438181446252,14.019245620260618,14.432215984395834,1.0,1.0,1.0,1.0,1.0,1.0,1.0,1.0,1.0,1.0
390.75,4.0,17.061038821299963,15.836254763447942,16.16411060409399,16.94551279075955,16.511877941971328,17.349320160444705,17.146435879379066,17.25918984823983,17.58091995569008,17.232792613167888,1.0,1.0,1.0,1.0,1.0,1.0,1.0,1.0,1.0,1.0
391.0,1.0,0.0,0.0,0.0,0.0,0.0,0.0,0.0,0.0,0.0,0.0,0.0,0.0,0.0,0.0,0.0,0.0,0.0,0.0,0.0,0.0
391.25,2.0,0.0,0.0,0.0,0.0,0.0,0.0,0.0,0.0,0.0,0.0,0.0,0.0,0.0,0.0,0.0,0.0,0.0,0.0,0.0,0.0
391.5,3.0,17.757896904834592,15.772444735933647,15.924325962804318,16.462238355195183,14.806771511971593,14.786062114803403,14.626093034823413,14.492045327930459,14.15003569244874,15.041301401171669,1.0,1.0,1.0,1.0,1.0,1.0,1.0,1.0,1.0,1.0
391.75,4.0,0.0,0.0,0.0,0.0,0.0,0.0,0.0,0.0,0.0,0.0,0.0,0.0,0.0,0.0,0.0,0.0,0.0,0.0,0.0,0.0
392.0,1.0,16.96811674961446,16.774911874595066,17.705774008243495,17.882063233140222,18.017963616434525,18.392565449366195,18.590109098738356,19.01322439558742,18.965338730464765,18.255300571241307,1.0,1.0,1.0,1.0,1.0,1.0,1.0,1.0,1.0,1.0
392.25,2.0,16.291816158866204,16.095854641800912,14.846612996433912,13.802778895993667,12.969595121296976,14.074069767841504,15.343157319462472,16.289668828351882,16.090453188027123,15.54766086167806,1.0,1.0,1.0,1.0,1.0,1.0,1.0,1.0,1.0,1.0
392.5,3.0,0.0,0.0,0.0,0.0,0.0,0.0,0.0,0.0,0.0,0.0,0.0,0.0,0.0,0.0,0.0,0.0,0.0,0.0,0.0,0.0
392.75,4.0,16.10025622819752,15.738050425027687,15.705843539537494,15.54032323648981,16.027827459296624,17.656267191242453,18.175763518046566,18.447691192996796,19.02504582666615,18.839503550374932,1.0,1.0,1.0,1.0,1.0,1.0,1.0,1.0,1.0,1.0
393.0,1.0,16.368228716703392,18.12503370995694,17.721348082631337,17.307226266864838,17.72606106825305,18.57497758130953,18.73168938433175,18.645241838954146,18.505549007129897,17.94475398109429,1.0,1.0,1.0,1.0,1.0,1.0,1.0,1.0,1.0,1.0
393.25,2.0,0.0,0.0,0.0,0.0,0.0,0.0,0.0,0.0,0.0,0.0,0.0,0.0,0.0,0.0,0.0,0.0,0.0,0.0,0.0,0.0
393.5,3.0,15.890654261959625,15.96295937845409,17.18550814510487,15.25079376167718,15.540283102431886,15.5837059674594,16.06019214249086,16.42433965108522,16.326791874817605,15.802884431067305,1.0,1.0,1.0,1.0,1.0,1.0,1.0,1.0,1.0,1.0
393.75,4.0,15.032405714578768,15.442833476052302,15.369352857728785,15.936338047644103,17.021245778998367,17.908078269289554,19.058643055773654,18.352141071178686,18.72862451622478,18.0615566782029,1.0,1.0,1.0,1.0,1.0,1.0,1.0,1.0,1.0,1.0
394.0,1.0,0.0,0.0,0.0,0.0,0.0,0.0,0.0,0.0,0.0,0.0,0.0,0.0,0.0,0.0,0.0,0.0,0.0,0.0,0.0,0.0
394.25,2.0,14.913959375397203,15.407782707045307,13.090731931776808,13.961154687833744,14.49520540474872,14.351983848766034,14.532137673536633,15.217972020662954,15.36262133958941,14.79161306846984,1.0,1.0,1.0,1.0,1.0,1.0,1.0,1.0,1.0,1.0
394.5,3.0,0.0,0.0,0.0,0.0,0.0,0.0,0.0,0.0,0.0,0.0,0.0,0.0,0.0,0.0,0.0,0.0,0.0,0.0,0.0,0.0
394.75,4.0,0.0,0.0,0.0,0.0,0.0,0.0,0.0,0.0,0.0,0.0,0.0,0.0,0.0,0.0,0.0,0.0,0.0,0.0,0.0,0.0
395.0,1.0,16.31265344944976,15.75081314826722,16.927117753536827,18.249747554739358,18.65673629588205,18.813467019547794,17.614132723362978,18.581642012188553,17.505533495908242,17.32109157570222,1.0,1.0,1.0,1.0,1.0,1.0,1.0,1.0,1.0,1.0
395.25,2.0,15.60606998676493,15.701497384877818,14.322398951848294,14.875558698371055,14.962520604266672,15.584824130221277,15.212240963146202,15.78527793781176,15.783816426652724,14.542722082258402,1.0,1.0,1.0,1.0,1.0,1.0,1.0,1.0,1.0,1.0
395.5,3.0,0.0,0.0,0.0,0.0,0.0,0.0,0.0,0.0,0.0,0.0,0.0,0.0,0.0,0.0,0.0,0.0,0.0,0.0,0.0,0.0
395.75,4.0,14.607804954137361,14.735436998259527,14.72831875718479,17.649861392160744,17.584609555820723,18.036267668761376,18.852517142590166,18.618164186852063,19.833841106006815,19.081003982378327,1.0,1.0,1.0,1.0,1.0,1.0,1.0,1.0,1.0,1.0
396.0,1.0,15.412133228827148,17.03591858981387,17.661765793375547,18.372726498926873,17.83780449387862,18.529591828591474,17.66350471734091,18.62860627631953,17.428759759352598,17.05275572734423,1.0,1.0,1.0,1.0,1.0,1.0,1.0,1.0,1.0,1.0
396.25,2.0,0.0,0.0,0.0,0.0,0.0,0.0,0.0,0.0,0.0,0.0,0.0,0.0,0.0,0.0,0.0,0.0,0.0,0.0,0.0,0.0
396.5,3.0,17.040245192274188,18.745754551844012,18.123830621433406,17.46535463251747,17.207014392791663,16.50203877595281,14.319741604394144,14.976487424772618,15.100910328538271,15.728723420115912,1.0,1.0,1.0,1.0,1.0,1.0,1.0,1.0,1.0,1.0
396.75,4.0,14.457788693673699,15.036588426100263,16.457633456108773,17.592121266279584,18.01293214927513,18.11516024139597,19.297880191411714,20.1193731503736,21.12515820764965,21.008909900176505,1.0,1.0,1.0,1.0,1.0,1.0,1.0,1.0,1.0,1.0
397.0,1.0,16.341623944044354,17.289036686592024,17.56585639282211,18.558559224386528,16.926709735107654,17.762108809508945,16.961991080080637,18.2376756037654,17.472134477896276,17.51886266420116,1.0,1.0,1.0,1.0,1.0,1.0,1.0,1.0,1.0,1.0
397.25,2.0,15.39515570851412,15.380286015126613,15.788335898601941,16.13756229054154,15.841767582005064,15.624944737378229,15.03285720462269,14.45083199785421,14.832206931809129,14.474272089830452,1.0,1.0,1.0,1.0,1.0,1.0,1.0,1.0,1.0,1.0
397.5,3.0,0.0,0.0,0.0,0.0,0.0,0.0,0.0,0.0,0.0,0.0,0.0,0.0,0.0,0.0,0.0,0.0,0.0,0.0,0.0,0.0
397.75,4.0,15.511172458275066,16.42652867657565,16.373111901795426,17.918320013200677,18.103565597240586,19.255772178884715,20.56481968312191,21.115035811548807,21.222455217546862,20.878816591549555,1.0,1.0,1.0,1.0,1.0,1.0,1.0,1.0,1.0,1.0
398.0,1.0,17.214292860708806,17.4081190902264,17.594519899637362,18.22994125099784,15.488681469779516,16.306927137192197,16.45488980820853,18.017933081181894,17.78502041014545,18.63481486595452,1.0,1.0,1.0,1.0,1.0,1.0,1.0,1.0,1.0,1.0
398.25,2.0,0.0,0.0,0.0,0.0,0.0,0.0,0.0,0.0,0.0,0.0,0.0,0.0,0.0,0.0,0.0,0.0,0.0,0.0,0.0,0.0
398.5,3.0,19.0969949723629,18.418157997541122,18.874486908857207,17.528233987189456,14.88127043012146,14.51061870824705,13.740552417278433,13.917447455024297,14.143975238412258,15.073109288296347,1.0,1.0,1.0,1.0,1.0,1.0,1.0,1.0,1.0,1.0
398.75,4.0,16.298393393172677,16.524153710442906,16.7942272914962,18.81298587000267,19.60740122353047,19.8066985156064,21.56342276994648,21.05034810761301,22.231327536294824,21.59137144578836,1.0,1.0,1.0,1.0,1.0,1.0,1.0,1.0,1.0,1.0
399.0,1.0,0.0,0.0,0.0,0.0,0.0,0.0,0.0,0.0,0.0,0.0,0.0,0.0,0.0,0.0,0.0,0.0,0.0,0.0,0.0,0.0
399.25,2.0,0.0,0.0,0.0,0.0,0.0,0.0,0.0,0.0,0.0,0.0,0.0,0.0,0.0,0.0,0.0,0.0,0.0,0.0,0.0,0.0
399.5,3.0,18.980894609993847,18.865826390142427,18.106446729234772,16.400455146498363,13.97234859197148,13.888255693377657,13.690115460196527,13.966237317128487,14.402277383141545,16.19146122243314,1.0,1.0,1.0,1.0,1.0,1.0,1.0,1.0,1.0,1.0
399.75,4.0,0.0,0.0,0.0,0.0,0.0,0.0,0.0,0.0,0.0,0.0,0.0,0.0,0.0,0.0,0.0,0.0,0.0,0.0,0.0,0.0
400.0,1.0,17.96000283328141,16.864407590324337,17.543184636684366,17.632461646946354,15.384838261122722,16.147224109264485,17.604673883838657,18.95225602948689,19.567608564598007,19.991197243801626,1.0,1.0,1.0,1.0,1.0,1.0,1.0,1.0,1.0,1.0
400.25,2.0,15.221754003681074,16.163470966713724,16.02968498673362,16.600990920469258,14.175555271988745,14.759106785310449,14.884287456554468,14.588891616954408,15.322992637588793,14.929951281774253,1.0,1.0,1.0,1.0,1.0,1.0,1.0,1.0,1.0,1.0
400.5,3.0,0.0,0.0,0.0,0.0,0.0,0.0,0.0,0.0,0.0,0.0,0.0,0.0,0.0,0.0,0.0,0.0,0.0,0.0,0.0,0.0
400.75,4.0,16.297976144351782,16.152732903507598,18.365038792576204,20.496295235236776,20.005156508280248,20.131823643057405,21.37329735556154,20.976373953060317,22.01436032335381,21.342775677713217,1.0,1.0,1.0,1.0,1.0,1.0,1.0,1.0,1.0,1.0
401.0,1.0,17.58389058979192,16.775324043783726,17.3794708520192,16.89232943363322,16.865242257471124,17.127972467423177,18.12517886044852,19.898202505192014,19.655924742111555,19.648384296686093,1.0,1.0,1.0,1.0,1.0,1.0,1.0,1.0,1.0,1.0
401.25,2.0,0.0,0.0,0.0,0.0,0.0,0.0,0.0,0.0,0.0,0.0,0.0,0.0,0.0,0.0,0.0,0.0,0.0,0.0,0.0,0.0
401.5,3.0,17.710945548435134,18.068027376775184,18.584755181646994,17.907859204958026,16.808703387817793,16.081140211071205,16.214985507518637,14.869499230671181,14.97096033186518,16.995474928354298,1.0,1.0,1.0,1.0,1.0,1.0,1.0,1.0,1.0,1.0
401.75,4.0,17.1153476255482,17.007131993878502,19.125509786160805,21.1997485637344,20.27177652559487,20.709498653836267,21.704276445705744,20.912917793295346,20.93360066135757,20.090704629398875,1.0,1.0,1.0,1.0,1.0,1.0,1.0,1.0,1.0,1.0
402.0,1.0,0.0,0.0,0.0,0.0,0.0,0.0,0.0,0.0,0.0,0.0,0.0,0.0,0.0,0.0,0.0,0.0,0.0,0.0,0.0,0.0
402.25,2.0,14.381655687803704,14.411065694833928,15.83385928860314,16.766464779180744,15.559565016802837,15.657091092701917,15.527062802043488,15.31068789448956,16.013932072093258,15.053137371602235,1.0,1.0,1.0,1.0,1.0,1.0,1.0,1.0,1.0,1.0
402.5,3.0,0.0,0.0,0.0,0.0,0.0,0.0,0.0,0.0,0.0,0.0,0.0,0.0,0.0,0.0,0.0,0.0,0.0,0.0,0.0,0.0
402.75,4.0,0.0,0.0,0.0,0.0,0.0,0.0,0.0,0.0,0.0,0.0,0.0,0.0,0.0,0.0,0.0,0.0,0.0,0.0,0.0,0.0
403.0,1.0,16.436118482086208,16.533143063070842,16.555667790110682,17.219096489240098,18.381652237200466,18.870744464547595,19.258934127570374,20.024915954914157,19.510272239375414,19.619778381696403,1.0,1.0,1.0,1.0,1.0,1.0,1.0,1.0,1.0,1.0
403.25,2.0,14.863292142890252,14.993705142187096,15.958918968104099,16.36482562904801,15.16031014506608,15.340665519555856,14.653112004718109,14.803490164149794,15.337208130492556,14.823919812195077,1.0,1.0,1.0,1.0,1.0,1.0,1.0,1.0,1.0,1.0
403.5,3.0,17.384586621288843,18.29747330103017,17.599893444208565,16.816711307523093,16.718556601183554,16.687825703390555,16.7891915363363,17.148213136224566,16.765904275081617,18.552789062853947,1.0,1.0,1.0,1.0,1.0,1.0,1.0,1.0,1.0,1.0
403.75,4.0,16.496677424438758,17.76036421342511,19.744995186568392,21.74522886361638,18.696015480798668,19.941312015048663,20.493424581758763,20.75150160688823,20.45694555457097,21.238412045806818,1.0,1.0,1.0,1.0,1.0,1.0,1.0,1.0,1.0,1.0
404.0,1.0,15.547291694311626,16.379160055782144,16.985706025581422,18.456241398535656,18.966699938714598,19.53382873643584,20.02534454520764,20.482750628556804,19.204941972714177,19.42178545016374,1.0,1.0,1.0,1.0,1.0,1.0,1.0,1.0,1.0,1.0
404.25,2.0,0.0,0.0,0.0,0.0,0.0,0.0,0.0,0.0,0.0,0.0,0.0,0.0,0.0,0.0,0.0,0.0,0.0,0.0,0.0,0.0
404.5,3.0,18.29056518699742,18.4159288432657,17.354158325086654,16.507411762396966,16.432474076760908,16.957517847489964,17.605072130771365,17.39661374739477,16.851683865423237,17.99373438082608,1.0,1.0,1.0,1.0,1.0,1.0,1.0,1.0,1.0,1.0
404.75,4.0,18.048891474447316,19.209408337685286,20.13512597258663,21.464643149747868,18.325116751102893,19.497787514176732,20.588592070453327,20.68834046379005,20.54821180018289,21.69688038163452,1.0,1.0,1.0,1.0,1.0,1.0,1.0,1.0,1.0,1.0
405.0,1.0,16.79489796241647,17.800026962635723,18.4365386482852,19.1293150650068,18.385373803868262,19.379678898152605,19.082240610515893,19.000173573778387,18.217606678689112,17.455956981496705,1.0,1.0,1.0,1.0,1.0,1.0,1.0,1.0,1.0,1.0
405.25,2.0,15.086130633216099,14.858269069861521,15.69590540777533,15.982602063752799,15.832296960296496,15.338320077468342,14.328850757978978,14.377693363195563,14.140643869459906,14.117277362230721,1.0,1.0,1.0,1.0,1.0,1.0,1.0,1.0,1.0,1.0
405.5,3.0,0.0,0.0,0.0,0.0,0.0,0.0,0.0,0.0,0.0,0.0,0.0,0.0,0.0,0.0,0.0,0.0,0.0,0.0,0.0,0.0
405.75,4.0,18.08704042500309,19.42769459866977,19.54598444774114,20.38182047058539,19.266766344970385,20.30299335051101,20.051868528284846,20.052789086328264,19.9580825796116,21.051250598026396,1.0,1.0,1.0,1.0,1.0,1.0,1.0,1.0,1.0,1.0
406.0,1.0,18.104891302482933,18.984632279361062,18.763002277663794,19.229302541749178,18.444820071030872,18.691248070060073,18.76823735624173,18.543350791763043,18.26862168695796,18.713204985275464,1.0,1.0,1.0,1.0,1.0,1.0,1.0,1.0,1.0,1.0
406.25,2.0,0.0,0.0,0.0,0.0,0.0,0.0,0.0,0.0,0.0,0.0,0.0,0.0,0.0,0.0,0.0,0.0,0.0,0.0,0.0,0.0
406.5,3.0,17.31810602936495,19.289198555609943,18.06523928668926,18.585416327966474,17.761445986816884,17.335720440007762,17.603612446556156,16.268819336902936,16.88941444899364,17.778871635582707,1.0,1.0,1.0,1.0,1.0,1.0,1.0,1.0,1.0,1.0
406.75,4.0,18.405065621499276,19.318542341693497,19.430246815185022,19.96781234849532,19.16880899866181,19.903890942309783,20.18413071891751,20.580543169753927,20.162158859355795,20.024135864528834,1.0,1.0,1.0,1.0,1.0,1.0,1.0,1.0,1.0,1.0
407.0,1.0,0.0,0.0,0.0,0.0,0.0,0.0,0.0,0.0,0.0,0.0,0.0,0.0,0.0,0.0,0.0,0.0,0.0,0.0,0.0,0.0
407.25,2.0,13.804851721146694,16.21751452230057,17.210699930291806,16.77016594815593,14.007997181346083,13.550537199121631,14.061175562795542,14.078458985249268,14.691470577206767,14.734642321021116,1.0,1.0,1.0,1.0,1.0,1.0,1.0,1.0,1.0,1.0
407.5,3.0,19.618617639588585,20.558660338842945,19.545314811107662,20.26127843575284,18.170388204021883,17.099316853417676,17.324206220918857,16.88029445253298,18.09110760380146,17.44257622864316,1.0,1.0,1.0,1.0,1.0,1.0,1.0,1.0,1.0,1.0
407.75,4.0,0.0,0.0,0.0,0.0,0.0,0.0,0.0,0.0,0.0,0.0,0.0,0.0,0.0,0.0,0.0,0.0,0.0,0.0,0.0,0.0
408.0,1.0,19.355876488507832,17.770105084329135,18.741422268926048,18.084655622289837,15.687477783689863,15.65998322690235,16.963646501138115,18.402966824467086,17.851639603226232,18.271706596725352,1.0,1.0,1.0,1.0,1.0,1.0,1.0,1.0,1.0,1.0
408.25,2.0,15.643146585146424,16.624850198311265,17.247923978479463,17.548523169196084,15.394747633016811,14.916314782243871,15.559111713659057,15.167683807698308,15.112335551582563,15.570068324521461,1.0,1.0,1.0,1.0,1.0,1.0,1.0,1.0,1.0,1.0
408.5,3.0,0.0,0.0,0.0,0.0,0.0,0.0,0.0,0.0,0.0,0.0,0.0,0.0,0.0,0.0,0.0,0.0,0.0,0.0,0.0,0.0
408.75,4.0,18.483661142007104,17.73407411631829,19.03364027558085,18.99886155550156,20.20534624629873,19.919252634015393,20.33460659872887,20.564536031635072,20.2261947529288,19.62767568507215,1.0,1.0,1.0,1.0,1.0,1.0,1.0,1.0,1.0,1.0
409.0,1.0,18.82094534019111,17.938287376160158,18.72810806287717,17.74239505092312,15.284093583556768,17.006428797922386,17.76273758897512,19.0267844120372,18.26015067966563,17.860488536258213,1.0,1.0,1.0,1.0,1.0,1.0,1.0,1.0,1.0,1.0
409.25,2.0,0.0,0.0,0.0,0.0,0.0,0.0,0.0,0.0,0.0,0.0,0.0,0.0,0.0,0.0,0.0,0.0,0.0,0.0,0.0,0.0
409.5,3.0,18.86029281217911,20.167502120925832,20.03336529790506,20.361062581310062,19.529954424129617,18.351891673021104,18.426171169007336,17.478656590934328,17.68482517678206,17.00601930715313,1.0,1.0,1.0,1.0,1.0,1.0,1.0,1.0,1.0,1.0
409.75,4.0,19.062889729189298,19.14920160708395,19.52394441101706,19.24063724817785,19.65829396732566,19.112651009180727,19.866038298499767,19.786136958415096,19.63017355917827,19.93969210732999,1.0,1.0,1.0,1.0,1.0,1.0,1.0,1.0,1.0,1.0
410.0,1.0,19.192883145844977,17.46567402827755,18.079623208223662,16.635095110247804,15.119714728289734,16.40358819253149,17.06693525877218,17.559139233694307,17.276886982389268,17.391296079591893,1.0,1.0,1.0,1.0,1.0,1.0,1.0,1.0,1.0,1.0
410.25,2.0,16.89071356516547,15.261231896898602,15.69034645943219,16.935460976295566,15.79171214733292,15.046994767814573,15.131160209608787,14.696368151097811,14.79672432865091,14.766216594356653,1.0,1.0,1.0,1.0,1.0,1.0,1.0,1.0,1.0,1.0
410.5,3.0,0.0,0.0,0.0,0.0,0.0,0.0,0.0,0.0,0.0,0.0,0.0,0.0,0.0,0.0,0.0,0.0,0.0,0.0,0.0,0.0
410.75,4.0,0.0,0.0,0.0,0.0,0.0,0.0,0.0,0.0,0.0,0.0,0.0,0.0,0.0,0.0,0.0,0.0,0.0,0.0,0.0,0.0
411.0,1.0,17.546655040364296,16.754437394430624,17.214114222886014,15.873187586375908,13.906032195897243,15.663950567532801,16.261533335675317,16.858580515032806,17.06791791400939,17.62051782680456,1.0,1.0,1.0,1.0,1.0,1.0,1.0,1.0,1.0,1.0
411.25,2.0,15.731616986333702,16.86223837692694,16.93582276791757,17.85124298043462,17.359842560007444,16.786179085969625,16.820296515935645,14.684979188739598,14.374127491267023,14.658554354617898,1.0,1.0,1.0,1.0,1.0,1.0,1.0,1.0,1.0,1.0
411.5,3.0,19.270979528721035,20.379886825694637,19.31787617850615,19.629355271812265,19.37069440651786,18.44909296202995,18.069631061325648,17.60121226841059,16.42254558398764,16.028852221037564,1.0,1.0,1.0,1.0,1.0,1.0,1.0,1.0,1.0,1.0
411.75,4.0,18.785861163931344,20.292643822349202,19.79556073945178,19.132201399703874,20.069411495234334,19.11676571364337,19.352335185983755,18.050324236614884,18.6421405072238,18.863620022485136,1.0,1.0,1.0,1.0,1.0,1.0,1.0,1.0,1.0,1.0
412.0,1.0,0.0,0.0,0.0,0.0,0.0,0.0,0.0,0.0,0.0,0.0,0.0,0.0,0.0,0.0,0.0,0.0,0.0,0.0,0.0,0.0
412.25,2.0,0.0,0.0,0.0,0.0,0.0,0.0,0.0,0.0,0.0,0.0,0.0,0.0,0.0,0.0,0.0,0.0,0.0,0.0,0.0,0.0
412.5,3.0,20.587470067991685,21.20729768584611,19.70421730876978,19.490815631012172,19.24362670141998,17.341158767141184,17.709082681671656,17.293840962445042,17.065049153995506,16.92369681070995,1.0,1.0,1.0,1.0,1.0,1.0,1.0,1.0,1.0,1.0
412.75,4.0,19.189923787102664,19.51010782710652,19.22649070314485,19.406110652045435,21.23343410835292,20.315902290601016,19.368739567117633,18.389964440621668,17.54360747554286,18.04133824843679,1.0,1.0,1.0,1.0,1.0,1.0,1.0,1.0,1.0,1.0
413.0,1.0,17.169597583941098,16.274615999968898,16.087921350856252,15.621536455285485,15.435458978152282,16.372941923202955,17.186109436957036,17.562574518394882,18.12251910808947,20.000302695082482,1.0,1.0,1.0,1.0,1.0,1.0,1.0,1.0,1.0,1.0
413.25,2.0,15.369685470463077,16.976620858938606,17.276231110425798,18.06803542565843,16.19550124067781,16.122066678691343,16.29814370003257,14.458352299350837,14.128839891795437,14.10720864904655,1.0,1.0,1.0,1.0,1.0,1.0,1.0,1.0,1.0,1.0
413.5,3.0,0.0,0.0,0.0,0.0,0.0,0.0,0.0,0.0,0.0,0.0,0.0,0.0,0.0,0.0,0.0,0.0,0.0,0.0,0.0,0.0
413.75,4.0,18.80080820703928,18.404511261589935,19.84853008627244,19.368608522576533,20.941628208384394,19.670051003589627,19.39728747916859,19.04678712713893,19.05388473592474,19.813081604247394,1.0,1.0,1.0,1.0,1.0,1.0,1.0,1.0,1.0,1.0
414.0,1.0,17.494231758950214,15.859780634332047,16.122089208280755,16.118805446634845,16.154406641373498,17.26698429582048,17.457077330603823,18.169200073049762,18.87699117306788,21.202538927301507,1.0,1.0,1.0,1.0,1.0,1.0,1.0,1.0,1.0,1.0
414.25,2.0,0.0,0.0,0.0,0.0,0.0,0.0,0.0,0.0,0.0,0.0,0.0,0.0,0.0,0.0,0.0,0.0,0.0,0.0,0.0,0.0
414.5,3.0,20.506321463829313,19.77081611481809,18.19077708516658,17.077162184226438,17.129138310853186,16.382927235967188,15.863880043664524,15.618552558875999,15.274670542049844,15.354878524443661,1.0,1.0,1.0,1.0,1.0,1.0,1.0,1.0,1.0,1.0
414.75,4.0,18.255494465411143,18.325715001324475,19.20982833167037,18.97227653752041,20.75856919852032,19.615421587781228,19.31737298546222,18.838908021769978,18.328575217300077,18.962226082980592,1.0,1.0,1.0,1.0,1.0,1.0,1.0,1.0,1.0,1.0
415.0,1.0,0.0,0.0,0.0,0.0,0.0,0.0,0.0,0.0,0.0,0.0,0.0,0.0,0.0,0.0,0.0,0.0,0.0,0.0,0.0,0.0
415.25,2.0,16.343643590363918,17.785049440766524,17.596889165058652,16.996738906286573,15.225178127316019,14.878253455537704,14.548917584970711,13.457470383014163,13.822508457508043,14.911091504621597,1.0,1.0,1.0,1.0,1.0,1.0,1.0,1.0,1.0,1.0
415.5,3.0,18.75281100417065,19.816514173003117,18.65259322366288,17.09699817201565,16.08140347958988,16.219332230722983,15.257545940397392,16.188656855850784,16.114357012124614,16.019045466347112,1.0,1.0,1.0,1.0,1.0,1.0,1.0,1.0,1.0,1.0
415.75,4.0,0.0,0.0,0.0,0.0,0.0,0.0,0.0,0.0,0.0,0.0,0.0,0.0,0.0,0.0,0.0,0.0,0.0,0.0,0.0,0.0
416.0,1.0,18.2692770487249,16.95982982957455,16.68416158857604,15.87467449121384,16.53646940592728,17.42659906472128,16.90261396702207,17.189915822130764,17.740404844610932,18.780030917484346,1.0,1.0,1.0,1.0,1.0,1.0,1.0,1.0,1.0,1.0
416.25,2.0,17.41145369923264,17.60765969232679,16.872604169460836,16.19508450072418,14.565497082147111,14.692043654033382,13.858291110345409,12.874593463155072,13.372420177948278,14.572421769442574,1.0,1.0,1.0,1.0,1.0,1.0,1.0,1.0,1.0,1.0
416.5,3.0,0.0,0.0,0.0,0.0,0.0,0.0,0.0,0.0,0.0,0.0,0.0,0.0,0.0,0.0,0.0,0.0,0.0,0.0,0.0,0.0
416.75,4.0,17.579617753912682,16.684129565156695,18.411565077927115,18.626568370366204,19.629910279416936,19.358505420322807,18.45168143864542,18.473789005498393,17.62437597277118,18.06420856699397,1.0,1.0,1.0,1.0,1.0,1.0,1.0,1.0,1.0,1.0
417.0,1.0,17.792657011749778,16.169252505011784,16.201992262399994,16.542329551162144,15.532299442414581,16.579480139907464,16.672344706319073,16.761835342016614,16.869051019276565,18.577657753359635,1.0,1.0,1.0,1.0,1.0,1.0,1.0,1.0,1.0,1.0
417.25,2.0,0.0,0.0,0.0,0.0,0.0,0.0,0.0,0.0,0.0,0.0,0.0,0.0,0.0,0.0,0.0,0.0,0.0,0.0,0.0,0.0
417.5,3.0,19.91961111124263,19.05019455639416,17.09009231625681,15.728818458218386,16.553375151355844,15.689007591132476,15.495434008661547,15.898463165951009,16.842044583518128,16.474788631890714,1.0,1.0,1.0,1.0,1.0,1.0,1.0,1.0,1.0,1.0
417.75,4.0,16.889583412104532,16.993444511106137,18.502750935727363,19.269963084277965,20.29044212097662,19.038613763481816,18.28568060343318,18.156074592732914,17.342224907309937,17.560294816740967,1.0,1.0,1.0,1.0,1.0,1.0,1.0,1.0,1.0,1.0
418.0,1.0,17.36164637530717,14.717794913963958,15.648960661014092,15.584469005550956,16.00199620815708,16.463521213707295,17.06062540721042,16.84737361985314,17.624026374323385,17.916854407802866,1.0,1.0,1.0,1.0,1.0,1.0,1.0,1.0,1.0,1.0
418.25,2.0,17.101569125613395,15.540299121522779,16.25372006404885,16.34570706523062,14.047695823438344,14.94782172789364,14.666560230376174,14.858443419312385,14.976094844873863,14.54849340097259,1.0,1.0,1.0,1.0,1.0,1.0,1.0,1.0,1.0,1.0
418.5,3.0,0.0,0.0,0.0,0.0,0.0,0.0,0.0,0.0,0.0,0.0,0.0,0.0,0.0,0.0,0.0,0.0,0.0,0.0,0.0,0.0
418.75,4.0,16.150846730843817,18.03299995637637,18.097328976905224,18.99407329553615,20.139287699474906,19.619540322095162,18.48667802461139,18.762601377911995,18.024707383083186,18.264006912107284,1.0,1.0,1.0,1.0,1.0,1.0,1.0,1.0,1.0,1.0
419.0,1.0,15.444476723228703,13.778338069798815,14.79679698954091,15.204526492973105,15.59142735216874,16.918106164848194,16.817675400154812,17.631723560469492,17.81912928572697,18.563156998283247,1.0,1.0,1.0,1.0,1.0,1.0,1.0,1.0,1.0,1.0
419.25,2.0,15.959404807056371,16.50199095249073,16.114663778832305,16.761514356483087,13.912839633246001,15.153224488998141,14.686748327769086,15.724789705003321,15.444729977040682,15.544849399997632,1.0,1.0,1.0,1.0,1.0,1.0,1.0,1.0,1.0,1.0
419.5,3.0,16.888463156081876,14.679268197299345,14.007663737304753,16.178426322899874,16.21533588045391,14.787637281073009,14.796748314606136,14.262572123485734,15.094397205091811,15.480842885443838,1.0,1.0,1.0,1.0,1.0,1.0,1.0,1.0,1.0,1.0
419.75,4.0,16.416726744811132,18.544460449141134,18.39501391551858,18.993639863267486,19.92666087908514,19.37287708630449,18.94494949636581,18.570764788494742,18.113013443454907,17.70811154320037,1.0,1.0,1.0,1.0,1.0,1.0,1.0,1.0,1.0,1.0
420.0,1.0,0.0,0.0,0.0,0.0,0.0,0.0,0.0,0.0,0.0,0.0,0.0,0.0,0.0,0.0,0.0,0.0,0.0,0.0,0.0,0.0
420.25,2.0,0.0,0.0,0.0,0.0,0.0,0.0,0.0,0.0,0.0,0.0,0.0,0.0,0.0,0.0,0.0,0.0,0.0,0.0,0.0,0.0
420.5,3.0,14.064774168995678,13.637210651046836,14.333514044324742,16.78174632407269,16.22192029968704,16.205736476293538,16.282812129603492,15.425383323138082,14.64480179411141,15.531994311662746,1.0,1.0,1.0,1.0,1.0,1.0,1.0,1.0,1.0,1.0
420.75,4.0,0.0,0.0,0.0,0.0,0.0,0.0,0.0,0.0,0.0,0.0,0.0,0.0,0.0,0.0,0.0,0.0,0.0,0.0,0.0,0.0
421.0,1.0,16.030355239922336,16.09878699745567,16.77247232065907,17.165855518980848,18.065370005891154,18.895597450754146,16.794975437853072,17.25096982520466,16.19631978527303,17.384166484001256,1.0,1.0,1.0,1.0,1.0,1.0,1.0,1.0,1.0,1.0
421.25,2.0,17.773839749353552,17.52120849538423,16.338812501659344,16.872263645645727,15.99386998014007,17.567113098762775,16.476287598876652,17.22307465415191,16.415136507213422,16.21751306403764,1.0,1.0,1.0,1.0,1.0,1.0,1.0,1.0,1.0,1.0
421.5,3.0,0.0,0.0,0.0,0.0,0.0,0.0,0.0,0.0,0.0,0.0,0.0,0.0,0.0,0.0,0.0,0.0,0.0,0.0,0.0,0.0
421.75,4.0,15.755555590011799,18.34702148596839,18.91148257876173,20.069269044877732,20.078308235057662,19.647012435041276,20.06276413896193,18.009960049627928,16.94259339921204,16.413007288917694,1.0,1.0,1.0,1.0,1.0,1.0,1.0,1.0,1.0,1.0
422.0,1.0,16.355496168560446,17.962483214963438,18.28580405153994,17.447889311769437,19.02456596998027,18.744764804996965,17.38941656058783,16.426573290606793,16.035570365127057,17.294869512789752,1.0,1.0,1.0,1.0,1.0,1.0,1.0,1.0,1.0,1.0
422.25,2.0,0.0,0.0,0.0,0.0,0.0,0.0,0.0,0.0,0.0,0.0,0.0,0.0,0.0,0.0,0.0,0.0,0.0,0.0,0.0,0.0
422.5,3.0,13.243778089510913,14.999543709258699,15.250756388361955,17.16184741800588,15.750189459488043,14.872705140994452,14.402758333746865,14.12342452548385,15.088701802498317,15.188021677771374,1.0,1.0,1.0,1.0,1.0,1.0,1.0,1.0,1.0,1.0
422.75,4.0,17.205922475374834,19.40843689188426,19.68708615214191,20.12978585075626,19.92572483921546,19.59902233904718,19.077729131655115,17.424745929835662,17.41756588536612,17.61014349596184,1.0,1.0,1.0,1.0,1.0,1.0,1.0,1.0,1.0,1.0
423.0,1.0,0.0,0.0,0.0,0.0,0.0,0.0,0.0,0.0,0.0,0.0,0.0,0.0,0.0,0.0,0.0,0.0,0.0,0.0,0.0,0.0
423.25,2.0,15.948541329645549,16.864839494145002,17.902616672707115,18.935195942323016,18.309709077086808,17.343519865260948,16.17166007140484,17.314875579934654,17.352759759522826,17.48074034498228,1.0,1.0,1.0,1.0,1.0,1.0,1.0,1.0,1.0,1.0
423.5,3.0,0.0,0.0,0.0,0.0,0.0,0.0,0.0,0.0,0.0,0.0,0.0,0.0,0.0,0.0,0.0,0.0,0.0,0.0,0.0,0.0
423.75,4.0,0.0,0.0,0.0,0.0,0.0,0.0,0.0,0.0,0.0,0.0,0.0,0.0,0.0,0.0,0.0,0.0,0.0,0.0,0.0,0.0
424.0,1.0,16.936626749393668,17.488295526483533,18.875266843591874,18.001746595502425,17.539001613002263,18.10453616793168,18.241036768729018,17.937970593747064,18.734745437721916,18.639479948573534,1.0,1.0,1.0,1.0,1.0,1.0,1.0,1.0,1.0,1.0
424.25,2.0,16.978934525223014,18.64602581656003,18.61496335837808,19.138683834404638,19.622906194190776,18.367176399860888,17.734154966323366,17.877004847632694,18.15810207792399,18.62939584272039,1.0,1.0,1.0,1.0,1.0,1.0,1.0,1.0,1.0,1.0
424.5,3.0,0.0,0.0,0.0,0.0,0.0,0.0,0.0,0.0,0.0,0.0,0.0,0.0,0.0,0.0,0.0,0.0,0.0,0.0,0.0,0.0
424.75,4.0,17.912501508280425,19.23515286548458,18.825880464035222,18.467935723009273,17.47997568312058,17.480488969282142,17.910124847046138,17.752011873357247,16.902116058646083,17.584514964502542,1.0,1.0,1.0,1.0,1.0,1.0,1.0,1.0,1.0,1.0
425.0,1.0,18.219160589871148,18.77958277739492,18.682777082214763,18.386592961088905,17.83285547730832,18.38487647245743,18.644135705114916,18.250899793954027,19.013096571548186,19.050367510033038,1.0,1.0,1.0,1.0,1.0,1.0,1.0,1.0,1.0,1.0
425.25,2.0,0.0,0.0,0.0,0.0,0.0,0.0,0.0,0.0,0.0,0.0,0.0,0.0,0.0,0.0,0.0,0.0,0.0,0.0,0.0,0.0
425.5,3.0,15.418126533885879,16.02074391082211,15.119915871396163,16.770976380947843,15.888220488813051,14.858370789919702,15.485221946003474,16.539592829362544,18.032590862163662,17.680654680148315,1.0,1.0,1.0,1.0,1.0,1.0,1.0,1.0,1.0,1.0
425.75,4.0,17.689527424183293,18.878277953217463,18.406481905326903,17.790265695117416,18.26965610390491,16.874772626291353,17.33951161477697,17.50207369479006,16.724340376803713,17.220369845591378,1.0,1.0,1.0,1.0,1.0,1.0,1.0,1.0,1.0,1.0
426.0,1.0,18.291761479502604,19.02209712069095,18.554951513918517,17.468367047018447,17.241130142227924,18.20785439509256,18.20700325177341,17.447190974114033,17.964886702102184,18.121484787745146,1.0,1.0,1.0,1.0,1.0,1.0,1.0,1.0,1.0,1.0
426.25,2.0,19.82278306101159,20.331350785021947,18.45959613289797,18.91660911758729,19.916107974083808,19.055966102756024,18.928158502264004,19.03937021278657,18.520076082359783,18.39268146230416,1.0,1.0,1.0,1.0,1.0,1.0,1.0,1.0,1.0,1.0
426.5,3.0,0.0,0.0,0.0,0.0,0.0,0.0,0.0,0.0,0.0,0.0,0.0,0.0,0.0,0.0,0.0,0.0,0.0,0.0,0.0,0.0
426.75,4.0,18.3953215051976,17.828059790064835,17.49056050681662,17.21683925650521,17.701622846085844,16.88952525969568,16.828497093857838,17.621961925633666,16.75519012718371,17.901299270807836,1.0,1.0,1.0,1.0,1.0,1.0,1.0,1.0,1.0,1.0
427.0,1.0,18.60179139910606,18.555489216130365,17.306267824577958,17.453594682417815,17.27555963498802,17.72547365037885,18.025390124978657,17.6651766905853,18.233784233607647,18.055546297881857,1.0,1.0,1.0,1.0,1.0,1.0,1.0,1.0,1.0,1.0
427.25,2.0,0.0,0.0,0.0,0.0,0.0,0.0,0.0,0.0,0.0,0.0,0.0,0.0,0.0,0.0,0.0,0.0,0.0,0.0,0.0,0.0
427.5,3.0,15.63951891488551,15.894717506676939,15.585791442564993,16.482184107665887,18.142699298974144,17.493318935622963,17.227977612284036,17.95933679034599,19.352605444523455,19.035545162437717,1.0,1.0,1.0,1.0,1.0,1.0,1.0,1.0,1.0,1.0
427.75,4.0,17.012717145157055,16.96354571487741,16.63297581449864,17.070737683164143,17.371203561056124,17.1606633504246,16.899691109909575,17.725912549548887,17.59939793878288,18.64250936001855,1.0,1.0,1.0,1.0,1.0,1.0,1.0,1.0,1.0,1.0
428.0,1.0,0.0,0.0,0.0,0.0,0.0,0.0,0.0,0.0,0.0,0.0,0.0,0.0,0.0,0.0,0.0,0.0,0.0,0.0,0.0,0.0
428.25,2.0,0.0,0.0,0.0,0.0,0.0,0.0,0.0,0.0,0.0,0.0,0.0,0.0,0.0,0.0,0.0,0.0,0.0,0.0,0.0,0.0
428.5,3.0,16.618412991522437,17.041570533781737,17.17900278321722,17.511930674079082,18.093439848883197,17.285364121310778,17.089504669141835,16.979829732129144,18.468870176978427,17.93916109083528,1.0,1.0,1.0,1.0,1.0,1.0,1.0,1.0,1.0,1.0
428.75,4.0,0.0,0.0,0.0,0.0,0.0,0.0,0.0,0.0,0.0,0.0,0.0,0.0,0.0,0.0,0.0,0.0,0.0,0.0,0.0,0.0
429.0,1.0,17.60261047058055,16.330139595909625,15.195781430034721,15.54753320640428,16.181825001341366,16.682814250002664,16.33773050214255,16.76037306051369,17.463255420178914,17.854999291802535,1.0,1.0,1.0,1.0,1.0,1.0,1.0,1.0,1.0,1.0
429.25,2.0,18.136918211002154,17.9838441979263,16.99179313248482,16.376709135927268,18.56151423888626,18.059760771278096,17.42128888412038,18.33885952442279,17.410948398625653,17.870586210144918,1.0,1.0,1.0,1.0,1.0,1.0,1.0,1.0,1.0,1.0
429.5,3.0,0.0,0.0,0.0,0.0,0.0,0.0,0.0,0.0,0.0,0.0,0.0,0.0,0.0,0.0,0.0,0.0,0.0,0.0,0.0,0.0
429.75,4.0,16.803640304795092,16.872923523935068,18.151020010562302,18.337753556982804,16.927751777819754,16.05046536936149,15.3814194831428,14.751490178180676,14.84886674300387,15.575821062296786,1.0,1.0,1.0,1.0,1.0,1.0,1.0,1.0,1.0,1.0
430.0,1.0,16.130544007046048,14.356999563049957,15.045207858049764,15.735914172611155,15.731115430146273,16.824030595243727,17.171950680530546,17.741721748783544,17.748389838720684,18.81185315710217,1.0,1.0,1.0,1.0,1.0,1.0,1.0,1.0,1.0,1.0
430.25,2.0,0.0,0.0,0.0,0.0,0.0,0.0,0.0,0.0,0.0,0.0,0.0,0.0,0.0,0.0,0.0,0.0,0.0,0.0,0.0,0.0
430.5,3.0,15.422223527764382,14.722182687181805,16.458614880771954,17.632729808939562,17.342691127862203,16.503816044616162,16.9625110221906,17.18660671610492,17.54737584258535,17.2551144354807,1.0,1.0,1.0,1.0,1.0,1.0,1.0,1.0,1.0,1.0
430.75,4.0,16.359580272100736,15.996669711841871,17.335123957717826,17.308931244994042,15.697822407392609,14.480653552232162,14.112983888921834,13.706271573826072,14.284134144437447,14.348921782803258,1.0,1.0,1.0,1.0,1.0,1.0,1.0,1.0,1.0,1.0
431.0,1.0,0.0,0.0,0.0,0.0,0.0,0.0,0.0,0.0,0.0,0.0,0.0,0.0,0.0,0.0,0.0,0.0,0.0,0.0,0.0,0.0
431.25,2.0,16.772166892724172,17.195546415157292,16.149555809073004,15.503372947907742,16.361878521786572,17.960931445818822,16.53693585277664,17.53931533555456,17.52622679484648,18.263058026062282,1.0,1.0,1.0,1.0,1.0,1.0,1.0,1.0,1.0,1.0
431.5,3.0,0.0,0.0,0.0,0.0,0.0,0.0,0.0,0.0,0.0,0.0,0.0,0.0,0.0,0.0,0.0,0.0,0.0,0.0,0.0,0.0
431.75,4.0,0.0,0.0,0.0,0.0,0.0,0.0,0.0,0.0,0.0,0.0,0.0,0.0,0.0,0.0,0.0,0.0,0.0,0.0,0.0,0.0
432.0,1.0,15.555444135803683,15.949772521102553,16.744595889465224,16.151350731540273,17.884925388383994,18.38828250093779,18.07464634999359,18.71681929154655,18.861716421948866,19.465800955680596,1.0,1.0,1.0,1.0,1.0,1.0,1.0,1.0,1.0,1.0
432.25,2.0,15.858580117277628,17.082596650697457,15.497763256569952,14.870055004243676,17.841475704083756,18.000890032808403,17.646113211488476,18.13292315321908,17.762921608676166,18.041837196106176,1.0,1.0,1.0,1.0,1.0,1.0,1.0,1.0,1.0,1.0
432.5,3.0,0.0,0.0,0.0,0.0,0.0,0.0,0.0,0.0,0.0,0.0,0.0,0.0,0.0,0.0,0.0,0.0,0.0,0.0,0.0,0.0
432.75,4.0,16.338386976132195,14.982226818528865,14.39664982076205,13.302250944734125,13.187237577631423,12.346954679110832,12.424416286643858,12.410631480308892,13.478639328666487,14.39513560109071,1.0,1.0,1.0,1.0,1.0,1.0,1.0,1.0,1.0,1.0
433.0,1.0,15.9454229520666,16.241551477545755,16.323945586593887,16.91415847438149,19.813175865027684,19.043239711851598,19.417813464399437,19.95185567862366,20.765358580209995,20.86891670978265,1.0,1.0,1.0,1.0,1.0,1.0,1.0,1.0,1.0,1.0
433.25,2.0,0.0,0.0,0.0,0.0,0.0,0.0,0.0,0.0,0.0,0.0,0.0,0.0,0.0,0.0,0.0,0.0,0.0,0.0,0.0,0.0
433.5,3.0,14.565364274219798,16.117853925157288,16.339849019522568,15.284945782781014,16.919610116209544,15.509296980767795,16.219556625576644,16.142957206301723,16.574362924397626,16.357155113763074,1.0,1.0,1.0,1.0,1.0,1.0,1.0,1.0,1.0,1.0
433.75,4.0,16.265374989582245,14.61235566013092,13.379820452417999,12.928790052430765,13.046067575436743,12.211589468159545,12.913643272694578,14.403623406667535,14.507045362645009,14.560758104898513,1.0,1.0,1.0,1.0,1.0,1.0,1.0,1.0,1.0,1.0
434.0,1.0,15.809860544864835,15.133625019903823,16.346357375438853,17.77802929834381,20.49142258024749,20.148965784303208,21.22468644571336,21.822984905512634,21.77125352555009,21.96656678525813,1.0,1.0,1.0,1.0,1.0,1.0,1.0,1.0,1.0,1.0
434.25,2.0,15.458554208177972,17.290694522891435,17.84586803268738,16.439711343417034,18.500768285100598,18.307275147186743,18.09199210943824,18.60804192564958,16.434537525673672,16.52642178376518,1.0,1.0,1.0,1.0,1.0,1.0,1.0,1.0,1.0,1.0
434.5,3.0,0.0,0.0,0.0,0.0,0.0,0.0,0.0,0.0,0.0,0.0,0.0,0.0,0.0,0.0,0.0,0.0,0.0,0.0,0.0,0.0
434.75,4.0,16.54512712192851,14.384771361045406,13.072805655378597,12.725496423946996,12.903860451177476,12.652934032110863,14.015019516756807,14.83740478844165,14.666507963569705,15.554890381967342,1.0,1.0,1.0,1.0,1.0,1.0,1.0,1.0,1.0,1.0
435.0,1.0,14.412920125404971,15.0849292866076,17.126946067746903,18.24905460265933,21.529995433774314,20.983522679179817,22.035464135198655,22.519348407399445,21.652734606894732,21.830246532866592,1.0,1.0,1.0,1.0,1.0,1.0,1.0,1.0,1.0,1.0
435.25,2.0,0.0,0.0,0.0,0.0,0.0,0.0,0.0,0.0,0.0,0.0,0.0,0.0,0.0,0.0,0.0,0.0,0.0,0.0,0.0,0.0
435.5,3.0,14.986663497883905,17.72406290306364,17.595516320810646,15.953419367746655,15.388006500346176,14.69772082332694,15.94426889928246,16.54528367938356,15.876183544733541,15.819507503551296,1.0,1.0,1.0,1.0,1.0,1.0,1.0,1.0,1.0,1.0
435.75,4.0,15.508976111674086,13.099903026207013,12.200532435153034,13.29114269288532,13.369144719536251,13.988334172017659,15.475130385087896,16.256452223756465,16.81746264431384,15.974224750169153,1.0,1.0,1.0,1.0,1.0,1.0,1.0,1.0,1.0,1.0
436.0,1.0,0.0,0.0,0.0,0.0,0.0,0.0,0.0,0.0,0.0,0.0,0.0,0.0,0.0,0.0,0.0,0.0,0.0,0.0,0.0,0.0
436.25,2.0,0.0,0.0,0.0,0.0,0.0,0.0,0.0,0.0,0.0,0.0,0.0,0.0,0.0,0.0,0.0,0.0,0.0,0.0,0.0,0.0
436.5,3.0,14.944838130453096,17.85341325186618,17.47643359759221,15.88409732751919,14.596616367562287,14.56079220471994,15.814323691358677,15.821871321389777,15.709260081348159,15.874585705167192,1.0,1.0,1.0,1.0,1.0,1.0,1.0,1.0,1.0,1.0
436.75,4.0,0.0,0.0,0.0,0.0,0.0,0.0,0.0,0.0,0.0,0.0,0.0,0.0,0.0,0.0,0.0,0.0,0.0,0.0,0.0,0.0
437.0,1.0,17.089015813018,15.892618851651811,17.144974696524766,19.352391567543773,21.406797901212812,20.769332132696082,21.200996943679904,21.186640561344056,20.844669038747405,20.443991948547012,1.0,1.0,1.0,1.0,1.0,1.0,1.0,1.0,1.0,1.0
437.25,2.0,17.502030534092526,19.51198531080141,18.69531265449526,16.70917445179888,17.057069912383245,16.05728378295089,15.093374048173292,15.294508688535846,15.115447896388535,15.16704340723601,1.0,1.0,1.0,1.0,1.0,1.0,1.0,1.0,1.0,1.0
437.5,3.0,0.0,0.0,0.0,0.0,0.0,0.0,0.0,0.0,0.0,0.0,0.0,0.0,0.0,0.0,0.0,0.0,0.0,0.0,0.0,0.0
437.75,4.0,13.03245606681098,12.182955716638139,11.464876875444341,14.52011879778799,15.42079484108213,15.038270943794743,14.93508377822573,15.82010454602361,15.796811933515977,16.432919117729483,1.0,1.0,1.0,1.0,1.0,1.0,1.0,1.0,1.0,1.0
438.0,1.0,16.11174672709453,15.174280005413847,16.754346187381138,18.301705468031123,21.69524949625757,22.202169639000463,21.592323829665748,20.70230173282754,19.599281101048977,19.876365461962457,1.0,1.0,1.0,1.0,1.0,1.0,1.0,1.0,1.0,1.0
438.25,2.0,0.0,0.0,0.0,0.0,0.0,0.0,0.0,0.0,0.0,0.0,0.0,0.0,0.0,0.0,0.0,0.0,0.0,0.0,0.0,0.0
438.5,3.0,15.028958430863375,16.45341802927555,15.155215935486853,12.92736268269292,14.391834001634981,15.321374211795703,16.297015875242945,15.612111519368476,15.087415713077606,14.827922647319427,1.0,1.0,1.0,1.0,1.0,1.0,1.0,1.0,1.0,1.0
438.75,4.0,12.853499037375428,12.317137029484151,13.324496040480717,14.663773485756892,14.98744610305355,14.946871837231216,15.517418547546868,15.954600750542774,16.65885316829947,16.640694268320605,1.0,1.0,1.0,1.0,1.0,1.0,1.0,1.0,1.0,1.0
439.0,1.0,0.0,0.0,0.0,0.0,0.0,0.0,0.0,0.0,0.0,0.0,0.0,0.0,0.0,0.0,0.0,0.0,0.0,0.0,0.0,0.0
439.25,2.0,18.180349463315792,16.798573746687474,16.68087615565188,15.470813912286559,16.373027418494118,16.630681426074812,15.781952536138837,15.86534539130483,15.64065700502851,14.18766916040235,1.0,1.0,1.0,1.0,1.0,1.0,1.0,1.0,1.0,1.0
439.5,3.0,0.0,0.0,0.0,0.0,0.0,0.0,0.0,0.0,0.0,0.0,0.0,0.0,0.0,0.0,0.0,0.0,0.0,0.0,0.0,0.0
439.75,4.0,0.0,0.0,0.0,0.0,0.0,0.0,0.0,0.0,0.0,0.0,0.0,0.0,0.0,0.0,0.0,0.0,0.0,0.0,0.0,0.0
440.0,1.0,13.730749005092672,15.352582176510527,16.62490766607957,18.68775300372096,20.04329949794484,19.825164026522888,18.64501941742774,18.608145804101376,17.79266150006049,17.937385163259272,1.0,1.0,1.0,1.0,1.0,1.0,1.0,1.0,1.0,1.0
440.25,2.0,16.789278037001544,15.58945066281814,16.003294030015645,14.988690084388034,16.31142230065187,16.584310205779058,15.413150911436766,15.37717267413865,14.581616966881958,14.129833932423335,1.0,1.0,1.0,1.0,1.0,1.0,1.0,1.0,1.0,1.0
440.5,3.0,14.83876158254354,14.605209998158013,13.165161018060754,12.752745122226985,15.534116640850794,15.398726747411862,16.229746076049516,15.207678780913977,15.103214026517602,15.244065449159672,1.0,1.0,1.0,1.0,1.0,1.0,1.0,1.0,1.0,1.0
440.75,4.0,12.305226104904722,12.715480015509547,13.312119504516202,14.382479393678688,15.967558436357596,15.795848644166831,17.05180896666428,16.2040751119877,15.660237087991776,15.936245048222041,1.0,1.0,1.0,1.0,1.0,1.0,1.0,1.0,1.0,1.0
441.0,1.0,14.41157588107358,16.256509832206838,17.956069447354185,19.65992987012342,18.541371620588546,18.62185998030173,18.25096294582287,18.87833522181614,18.859170825572424,18.795107848403937,1.0,1.0,1.0,1.0,1.0,1.0,1.0,1.0,1.0,1.0
441.25,2.0,0.0,0.0,0.0,0.0,0.0,0.0,0.0,0.0,0.0,0.0,0.0,0.0,0.0,0.0,0.0,0.0,0.0,0.0,0.0,0.0
441.5,3.0,13.180695720311203,13.966818986020085,12.41273789000963,12.099241437183707,15.914700907739785,15.165202903164788,15.999576281750443,15.448998188194656,15.637688834217085,15.259877052541485,1.0,1.0,1.0,1.0,1.0,1.0,1.0,1.0,1.0,1.0
441.75,4.0,12.759697395688352,14.110573889630063,14.56229276459969,15.127532795353545,15.631782212301776,14.9042410663652,15.175022511004173,14.964421510250665,15.038616259030261,14.829096818151259,1.0,1.0,1.0,1.0,1.0,1.0,1.0,1.0,1.0,1.0
442.0,1.0,15.153590575869911,17.171313095764496,18.57983874427983,19.912428097557225,17.854577818010927,17.50068680800182,18.111751781179017,18.70920958491292,19.559660836035874,19.60580669606369,1.0,1.0,1.0,1.0,1.0,1.0,1.0,1.0,1.0,1.0
442.25,2.0,15.218384026830227,14.838214711438754,15.119428673014111,15.569580638029194,14.942898946193802,14.866630057447518,14.707294959049243,14.35975089442116,14.518475939730282,14.088924658719252,1.0,1.0,1.0,1.0,1.0,1.0,1.0,1.0,1.0,1.0
442.5,3.0,0.0,0.0,0.0,0.0,0.0,0.0,0.0,0.0,0.0,0.0,0.0,0.0,0.0,0.0,0.0,0.0,0.0,0.0,0.0,0.0
442.75,4.0,14.289857687679914,14.961638362967516,14.00878636733608,13.46695190256235,14.735993738761918,14.180322977403952,14.287015635811873,14.194718726114305,14.532980398114114,14.329200068302358,1.0,1.0,1.0,1.0,1.0,1.0,1.0,1.0,1.0,1.0
443.0,1.0,16.24091733796935,16.307450881062927,18.248991919781417,18.531139741885323,17.78758886828926,18.70272415173807,18.705163363482168,18.380827015955337,18.26950826768642,18.600966785018226,1.0,1.0,1.0,1.0,1.0,1.0,1.0,1.0,1.0,1.0
443.25,2.0,0.0,0.0,0.0,0.0,0.0,0.0,0.0,0.0,0.0,0.0,0.0,0.0,0.0,0.0,0.0,0.0,0.0,0.0,0.0,0.0
443.5,3.0,13.405313715197858,12.634920242906748,13.499087859913134,14.480515222293871,16.985276631503602,15.204694603063588,15.58106870988152,14.666488906660472,15.047532899751161,15.702762693550062,1.0,1.0,1.0,1.0,1.0,1.0,1.0,1.0,1.0,1.0
443.75,4.0,15.335942868153529,14.462439393559935,13.749233076175974,13.805804844063898,14.55873284342049,13.78516602441375,13.155461432310178,13.353086497522863,14.328318714603075,13.783789520001662,1.0,1.0,1.0,1.0,1.0,1.0,1.0,1.0,1.0,1.0
444.0,1.0,0.0,0.0,0.0,0.0,0.0,0.0,0.0,0.0,0.0,0.0,0.0,0.0,0.0,0.0,0.0,0.0,0.0,0.0,0.0,0.0
444.25,2.0,0.0,0.0,0.0,0.0,0.0,0.0,0.0,0.0,0.0,0.0,0.0,0.0,0.0,0.0,0.0,0.0,0.0,0.0,0.0,0.0
444.5,3.0,13.649703689293945,14.229647046891328,15.26078062824682,14.856030440930613,16.340305496418488,15.415568415604985,16.117631990139976,16.53216479904866,16.13676461501177,16.151524563067937,1.0,1.0,1.0,1.0,1.0,1.0,1.0,1.0,1.0,1.0
444.75,4.0,0.0,0.0,0.0,0.0,0.0,0.0,0.0,0.0,0.0,0.0,0.0,0.0,0.0,0.0,0.0,0.0,0.0,0.0,0.0,0.0
445.0,1.0,15.469712997829316,17.088288440102968,17.629342967853002,17.40321688761877,17.37032261223972,18.31125459607935,17.74116141504436,19.388065112102804,19.095689958524854,19.427020653636827,1.0,1.0,1.0,1.0,1.0,1.0,1.0,1.0,1.0,1.0
445.25,2.0,14.451045945480631,16.760350003000926,16.217008174567145,16.412947750421345,15.506950064666022,15.352258018740029,15.346974985347552,14.68824026927418,14.27827265904249,14.189524117551741,1.0,1.0,1.0,1.0,1.0,1.0,1.0,1.0,1.0,1.0
445.5,3.0,0.0,0.0,0.0,0.0,0.0,0.0,0.0,0.0,0.0,0.0,0.0,0.0,0.0,0.0,0.0,0.0,0.0,0.0,0.0,0.0
445.75,4.0,15.273276199787873,16.434390755463586,15.92225054001948,14.674531793228395,13.82278068135574,13.394379729434668,13.429594547060834,13.23284391720023,12.370526305218398,12.510462200292482,1.0,1.0,1.0,1.0,1.0,1.0,1.0,1.0,1.0,1.0
446.0,1.0,16.208326432765297,16.858711991621366,16.931145334773166,17.782944399469788,17.928719530359615,18.478975392876897,17.733290243649076,19.219040887820874,18.997940599962003,18.832045200334242,1.0,1.0,1.0,1.0,1.0,1.0,1.0,1.0,1.0,1.0
446.25,2.0,0.0,0.0,0.0,0.0,0.0,0.0,0.0,0.0,0.0,0.0,0.0,0.0,0.0,0.0,0.0,0.0,0.0,0.0,0.0,0.0
446.5,3.0,15.923125659163578,16.413928098117452,15.5441348317698,15.989432090349942,15.837312314825907,13.18566759508565,12.405935283645743,13.098105949163779,13.721163927342317,13.59972220936023,1.0,1.0,1.0,1.0,1.0,1.0,1.0,1.0,1.0,1.0
446.75,4.0,15.752207915899895,16.259062580282638,15.303637076853326,14.10558751458078,12.913119043165812,12.466027243185225,12.213427854962234,12.536597422189205,12.174637346262243,12.041869526153485,1.0,1.0,1.0,1.0,1.0,1.0,1.0,1.0,1.0,1.0
447.0,1.0,0.0,0.0,0.0,0.0,0.0,0.0,0.0,0.0,0.0,0.0,0.0,0.0,0.0,0.0,0.0,0.0,0.0,0.0,0.0,0.0
447.25,2.0,17.490299762251436,19.606981053318993,17.928923837999807,15.922670561076105,16.518583856237417,15.8207210159405,16.144747067840424,14.933224606407883,16.265932938872407,16.339281138521017,1.0,1.0,1.0,1.0,1.0,1.0,1.0,1.0,1.0,1.0
447.5,3.0,0.0,0.0,0.0,0.0,0.0,0.0,0.0,0.0,0.0,0.0,0.0,0.0,0.0,0.0,0.0,0.0,0.0,0.0,0.0,0.0
447.75,4.0,0.0,0.0,0.0,0.0,0.0,0.0,0.0,0.0,0.0,0.0,0.0,0.0,0.0,0.0,0.0,0.0,0.0,0.0,0.0,0.0
448.0,1.0,17.69661215186231,17.535991175565957,17.83767574105629,18.773036885161215,17.754159787762028,18.679223927368813,18.655960076687677,18.688966510126498,18.443932889930913,18.578440906464106,1.0,1.0,1.0,1.0,1.0,1.0,1.0,1.0,1.0,1.0
448.25,2.0,18.903546142026155,19.808177345910856,17.966601023270602,15.565189225182866,15.948240993900114,16.235407554325676,16.011723565400935,15.605132109580214,17.290117634622998,16.790208331590698,1.0,1.0,1.0,1.0,1.0,1.0,1.0,1.0,1.0,1.0
448.5,3.0,15.85323380762136,15.682843463566357,16.569622606690803,15.841012501085832,15.42462283203128,13.385637246025327,13.234880319572769,14.545508813349437,14.361641763342055,14.97164596992246,1.0,1.0,1.0,1.0,1.0,1.0,1.0,1.0,1.0,1.0
448.75,4.0,16.397306317356957,17.11455275354309,15.126664841885898,13.42848839377961,13.01024853232495,13.603121145919527,13.36832837602143,12.869999662125272,13.172831885525337,13.765040339698235,1.0,1.0,1.0,1.0,1.0,1.0,1.0,1.0,1.0,1.0
449.0,1.0,18.168324977790544,18.850560323350514,17.71360650117065,18.8678733788631,19.20097112127635,19.244814716132616,19.186924743365424,17.851146650966594,17.850504895650808,18.350172253327255,1.0,1.0,1.0,1.0,1.0,1.0,1.0,1.0,1.0,1.0
449.25,2.0,0.0,0.0,0.0,0.0,0.0,0.0,0.0,0.0,0.0,0.0,0.0,0.0,0.0,0.0,0.0,0.0,0.0,0.0,0.0,0.0
449.5,3.0,16.754106924864793,16.994921714331504,16.118205230473652,14.603581669132488,14.821766278028559,13.252689522066612,13.345264003215304,14.74138618641317,14.711639478388983,14.978946737215454,1.0,1.0,1.0,1.0,1.0,1.0,1.0,1.0,1.0,1.0
449.75,4.0,15.902377343326771,15.896916123175835,14.502277083863248,14.510237969721935,14.038116148057206,14.498270557006268,13.944949066580623,12.850613753518644,13.422656020659142,13.361169362957563,1.0,1.0,1.0,1.0,1.0,1.0,1.0,1.0,1.0,1.0
450.0,1.0,18.627236884985788,17.990928157723527,17.00886762116885,20.201290039683226,20.560715863405935,18.800887894091254,18.262946812769762,16.16310356689493,16.46082337483328,17.418264980157865,1.0,1.0,1.0,1.0,1.0,1.0,1.0,1.0,1.0,1.0
450.25,2.0,18.902031161592397,17.84564717871122,17.957201753393118,17.47084971400781,17.931434524660126,17.523818019823555,17.73051420171098,16.94858649449441,17.73226743078667,16.269551554490516,1.0,1.0,1.0,1.0,1.0,1.0,1.0,1.0,1.0,1.0
450.5,3.0,0.0,0.0,0.0,0.0,0.0,0.0,0.0,0.0,0.0,0.0,0.0,0.0,0.0,0.0,0.0,0.0,0.0,0.0,0.0,0.0
450.75,4.0,16.41708518618031,16.139517179502345,14.430479748396115,15.374427075706315,14.621280267030176,13.846217695383881,13.983117131185189,13.266897244693574,13.47924331389832,13.167366276669199,1.0,1.0,1.0,1.0,1.0,1.0,1.0,1.0,1.0,1.0
451.0,1.0,19.086236107542028,17.398329274333147,18.40929937830254,19.819832060689148,19.886223424947186,19.073253811939914,18.03001687742821,16.82187771568245,17.305891082855382,17.06527531740969,1.0,1.0,1.0,1.0,1.0,1.0,1.0,1.0,1.0,1.0
451.25,2.0,0.0,0.0,0.0,0.0,0.0,0.0,0.0,0.0,0.0,0.0,0.0,0.0,0.0,0.0,0.0,0.0,0.0,0.0,0.0,0.0
451.5,3.0,16.604397277557894,15.133386077259935,12.686615567032177,12.441196271844543,13.788031349892714,12.839303186508113,13.162701315024922,13.990035899639466,14.238892189622169,15.284855412040958,1.0,1.0,1.0,1.0,1.0,1.0,1.0,1.0,1.0,1.0
451.75,4.0,16.24785676092152,15.352665169753474,14.874034554145553,15.58927957719316,14.61797196645991,14.979441681303424,14.429615458610092,14.302626692346477,15.208399444960765,14.480113257666101,1.0,1.0,1.0,1.0,1.0,1.0,1.0,1.0,1.0,1.0
452.0,1.0,0.0,0.0,0.0,0.0,0.0,0.0,0.0,0.0,0.0,0.0,0.0,0.0,0.0,0.0,0.0,0.0,0.0,0.0,0.0,0.0
452.25,2.0,17.611942436012615,17.666080207233026,17.715207023832566,18.56691565100709,19.477655320718288,17.10599699504441,16.789212084255595,15.588974327517835,15.450494500823696,15.219586811104321,1.0,1.0,1.0,1.0,1.0,1.0,1.0,1.0,1.0,1.0
452.5,3.0,15.234402748562271,13.305425770337319,12.520113176116208,12.46838407499775,13.73497340092701,12.511428869581687,12.429128211308429,13.613395718815177,13.855803520053277,14.00721343653953,1.0,1.0,1.0,1.0,1.0,1.0,1.0,1.0,1.0,1.0
452.75,4.0,0.0,0.0,0.0,0.0,0.0,0.0,0.0,0.0,0.0,0.0,0.0,0.0,0.0,0.0,0.0,0.0,0.0,0.0,0.0,0.0
453.0,1.0,18.7895928035645,19.880962905704294,19.44587290923659,20.636578789796655,18.2032623770548,17.677879340825502,17.90026375151904,16.685424796439513,16.7819988164378,17.06745394109004,1.0,1.0,1.0,1.0,1.0,1.0,1.0,1.0,1.0,1.0
453.25,2.0,16.657035951233226,17.38845501913253,17.149645690668905,18.191564524001148,17.633417243641752,16.02767456132433,16.39559722516508,15.191766909797218,15.650019512502592,14.581085684507096,1.0,1.0,1.0,1.0,1.0,1.0,1.0,1.0,1.0,1.0
453.5,3.0,0.0,0.0,0.0,0.0,0.0,0.0,0.0,0.0,0.0,0.0,0.0,0.0,0.0,0.0,0.0,0.0,0.0,0.0,0.0,0.0
453.75,4.0,14.90321850259834,15.143861274879592,13.988170691695336,13.871806733914964,12.992749109252228,13.397166182409736,14.322949690310937,15.048473021310956,15.41748782118145,15.067490329835078,1.0,1.0,1.0,1.0,1.0,1.0,1.0,1.0,1.0,1.0
454.0,1.0,19.774149137358386,20.013298093476525,19.722496262502233,19.041235326453442,17.236298762121248,16.84573936868927,17.0338601609199,16.65066189031722,16.663359217255845,17.261931670920177,1.0,1.0,1.0,1.0,1.0,1.0,1.0,1.0,1.0,1.0
454.25,2.0,0.0,0.0,0.0,0.0,0.0,0.0,0.0,0.0,0.0,0.0,0.0,0.0,0.0,0.0,0.0,0.0,0.0,0.0,0.0,0.0
454.5,3.0,14.741919967733198,13.69236989022873,13.12289265981005,12.938743661175428,13.85192468418371,12.71137771202131,13.056982632315078,13.467319340682954,13.959926661844248,14.028345637939738,1.0,1.0,1.0,1.0,1.0,1.0,1.0,1.0,1.0,1.0
454.75,4.0,15.443265724575921,16.08113126194939,14.851004940091457,13.015258626447412,13.463870804795569,14.234453698511153,14.807398638320821,15.794783266744703,16.92668673847359,16.560890913590132,1.0,1.0,1.0,1.0,1.0,1.0,1.0,1.0,1.0,1.0
455.0,1.0,19.627007063060248,19.493170359084683,19.173792535349058,18.140959640498032,16.57763325669222,16.236770381104176,16.61693985962119,16.978315101813713,16.637055102569484,18.307977852414812,1.0,1.0,1.0,1.0,1.0,1.0,1.0,1.0,1.0,1.0
455.25,2.0,16.91036614144395,17.29654672888367,16.71627709980687,17.335706330854453,15.899338394727234,15.648007584146232,14.916679003883717,13.38368945958521,13.066615747431495,12.49360365753405,1.0,1.0,1.0,1.0,1.0,1.0,1.0,1.0,1.0,1.0
455.5,3.0,0.0,0.0,0.0,0.0,0.0,0.0,0.0,0.0,0.0,0.0,0.0,0.0,0.0,0.0,0.0,0.0,0.0,0.0,0.0,0.0
455.75,4.0,16.946510292097788,17.323170330601602,14.32694837620754,12.350758497780738,14.856997547933604,14.94559894563753,15.708788852919733,16.52357877237184,17.82549003363878,16.82169372093751,1.0,1.0,1.0,1.0,1.0,1.0,1.0,1.0,1.0,1.0
456.0,1.0,18.51971840141913,18.518540813120115,18.003429711336786,17.13761586941622,15.65663021296396,16.241364764751776,17.4021112245968,17.609387612862733,17.649981369479043,18.480338872672952,1.0,1.0,1.0,1.0,1.0,1.0,1.0,1.0,1.0,1.0
456.25,2.0,16.625880389269128,17.63858869264807,17.547215868564926,18.07078179817792,16.43858776979762,16.18339788079451,15.195941684827696,13.90248681717496,13.752825674885521,13.579368271132052,1.0,1.0,1.0,1.0,1.0,1.0,1.0,1.0,1.0,1.0
456.5,3.0,13.606967781671472,13.050875277905002,13.56782421657701,15.247178539788543,12.769665450961813,12.734374473152432,11.802697226790835,12.411330695540114,11.89561653337751,11.252417524209958,1.0,1.0,1.0,1.0,1.0,1.0,1.0,1.0,1.0,1.0
456.75,4.0,17.544267625298087,16.563226066580196,14.592037459621732,14.509869005538306,15.454602256993192,14.664870917091157,15.928957071559863,16.448629673706826,17.81539425424279,16.510219254675338,1.0,1.0,1.0,1.0,1.0,1.0,1.0,1.0,1.0,1.0
457.0,1.0,0.0,0.0,0.0,0.0,0.0,0.0,0.0,0.0,0.0,0.0,0.0,0.0,0.0,0.0,0.0,0.0,0.0,0.0,0.0,0.0
457.25,2.0,0.0,0.0,0.0,0.0,0.0,0.0,0.0,0.0,0.0,0.0,0.0,0.0,0.0,0.0,0.0,0.0,0.0,0.0,0.0,0.0
457.5,3.0,13.795167747888541,12.550711051077775,13.957360666107592,14.626853575530511,12.61492539593713,11.951958318484053,11.491098929024533,11.616983158670749,12.593936112126919,12.12117261700933,1.0,1.0,1.0,1.0,1.0,1.0,1.0,1.0,1.0,1.0
457.75,4.0,16.972902363405932,14.934066136431234,15.472923624211727,15.735621397108968,14.82779964338166,14.842355865102439,15.066416668666617,15.709550647168259,16.817138336678163,16.01701013124877,1.0,1.0,1.0,1.0,1.0,1.0,1.0,1.0,1.0,1.0
458.0,1.0,18.425228483109485,18.182230203355655,17.853300677701657,16.987566545023295,17.56683932507627,17.600445796170114,17.570423894969707,17.406030292955343,17.000456999895132,17.141029282999714,1.0,1.0,1.0,1.0,1.0,1.0,1.0,1.0,1.0,1.0
458.25,2.0,17.561847342512102,16.865722591388952,16.699467309015102,17.070814433547678,16.98598751772534,16.755253192883114,16.620944731712363,14.531611536766267,14.035365159523197,13.572228477515782,1.0,1.0,1.0,1.0,1.0,1.0,1.0,1.0,1.0,1.0
458.5,3.0,0.0,0.0,0.0,0.0,0.0,0.0,0.0,0.0,0.0,0.0,0.0,0.0,0.0,0.0,0.0,0.0,0.0,0.0,0.0,0.0
458.75,4.0,16.220554867877084,14.3562791986042,15.50515175601908,15.21756412984574,15.990165103849344,16.416533023378594,16.55610058843985,15.586302985228889,15.92064930730242,14.302047580040169,1.0,1.0,1.0,1.0,1.0,1.0,1.0,1.0,1.0,1.0
459.0,1.0,19.35678831525242,17.92183803397604,17.625107045911896,17.78369705863301,18.403846185043513,17.878353869599408,16.787837622780707,15.951218096076259,15.768561699722184,16.44776399205939,1.0,1.0,1.0,1.0,1.0,1.0,1.0,1.0,1.0,1.0
459.25,2.0,0.0,0.0,0.0,0.0,0.0,0.0,0.0,0.0,0.0,0.0,0.0,0.0,0.0,0.0,0.0,0.0,0.0,0.0,0.0,0.0
459.5,3.0,15.167835766579858,14.82021573197334,13.784585216379737,12.12834146682441,13.61451269200132,13.21249531570774,13.279149766046507,12.833680480137028,14.391184354068182,13.907590998240842,1.0,1.0,1.0,1.0,1.0,1.0,1.0,1.0,1.0,1.0
459.75,4.0,16.346873985125516,15.003439877529251,14.860708064231872,14.622529707473339,16.459466555293833,15.635686998378906,15.663173314102572,14.574306827743655,14.321012654941226,12.894761120111884,1.0,1.0,1.0,1.0,1.0,1.0,1.0,1.0,1.0,1.0
460.0,1.0,0.0,0.0,0.0,0.0,0.0,0.0,0.0,0.0,0.0,0.0,0.0,0.0,0.0,0.0,0.0,0.0,0.0,0.0,0.0,0.0
460.25,2.0,15.81933816308983,15.211835680116975,15.771461246733555,15.63681669948388,15.120120164345936,15.623871395547742,15.340394190080344,14.780764454203561,14.866716192070658,13.582268257621257,1.0,1.0,1.0,1.0,1.0,1.0,1.0,1.0,1.0,1.0
460.5,3.0,15.848808702285885,13.799060227665537,13.358636939114353,13.073107068776178,14.068887734344043,13.734121271243433,15.737329129473567,14.133468780857081,14.996447930901061,15.021010050583305,1.0,1.0,1.0,1.0,1.0,1.0,1.0,1.0,1.0,1.0
460.75,4.0,0.0,0.0,0.0,0.0,0.0,0.0,0.0,0.0,0.0,0.0,0.0,0.0,0.0,0.0,0.0,0.0,0.0,0.0,0.0,0.0
461.0,1.0,17.739969993532323,16.789865082136018,17.66512641587033,16.763740969960583,15.706554551930166,16.053993664017266,15.909133980090017,15.575579466983635,15.287282699514956,15.02331888898189,1.0,1.0,1.0,1.0,1.0,1.0,1.0,1.0,1.0,1.0
461.25,2.0,14.273601319239246,15.334021112292003,15.449628681700734,16.848624732394722,14.892740472454458,15.633371284500061,14.715738236240865,14.223853182031053,13.891396797598087,13.673674366831493,1.0,1.0,1.0,1.0,1.0,1.0,1.0,1.0,1.0,1.0
461.5,3.0,0.0,0.0,0.0,0.0,0.0,0.0,0.0,0.0,0.0,0.0,0.0,0.0,0.0,0.0,0.0,0.0,0.0,0.0,0.0,0.0
461.75,4.0,17.23312526800968,16.56757201520178,15.523132902190357,15.320003923497664,13.756937303989677,13.58365705488025,12.604656546480289,11.780782740908908,11.454843058542352,10.673230812919215,1.0,1.0,1.0,1.0,1.0,1.0,1.0,1.0,1.0,1.0
462.0,1.0,17.95390967926842,16.67454357470039,17.377551505565815,16.441726469819613,15.075818278446942,14.992996366538243,14.344540713076384,14.184560806748202,15.116753211306012,15.117364224200914,1.0,1.0,1.0,1.0,1.0,1.0,1.0,1.0,1.0,1.0
462.25,2.0,0.0,0.0,0.0,0.0,0.0,0.0,0.0,0.0,0.0,0.0,0.0,0.0,0.0,0.0,0.0,0.0,0.0,0.0,0.0,0.0
462.5,3.0,14.25493100844857,12.744018980793832,14.714835825635811,15.766861651814892,15.023950246490816,14.712477550166017,15.619261230843382,16.0966254821479,16.654837206720313,16.059970892357644,1.0,1.0,1.0,1.0,1.0,1.0,1.0,1.0,1.0,1.0
462.75,4.0,16.410936014850943,15.72484434682715,16.30000507104936,15.987142244194962,11.912767350143593,12.641546730150907,11.590144502975457,11.067258638849946,12.536224462525524,11.826576743130918,1.0,1.0,1.0,1.0,1.0,1.0,1.0,1.0,1.0,1.0
463.0,1.0,17.731091977510918,17.491433050057044,18.180052444760758,16.093085019546358,15.691633554423243,16.449158805075445,15.900581190965616,14.85292563150819,14.727753021599463,14.93027600525915,1.0,1.0,1.0,1.0,1.0,1.0,1.0,1.0,1.0,1.0
463.25,2.0,15.760128143426689,14.579621750712068,14.87874907170346,14.248318958318434,12.167485294116092,11.61661814330828,11.626492467890081,12.69180471882606,13.385001748957336,15.135259243047155,1.0,1.0,1.0,1.0,1.0,1.0,1.0,1.0,1.0,1.0
463.5,3.0,0.0,0.0,0.0,0.0,0.0,0.0,0.0,0.0,0.0,0.0,0.0,0.0,0.0,0.0,0.0,0.0,0.0,0.0,0.0,0.0
463.75,4.0,15.662592961302414,15.445652503850665,17.14100103397503,14.83982173206561,12.12478965240766,12.140226965990486,11.836733466425468,11.433411946467347,11.99007466732279,11.831098338183182,1.0,1.0,1.0,1.0,1.0,1.0,1.0,1.0,1.0,1.0
464.0,1.0,18.1552053488282,17.900457092310145,17.789876299064073,15.756486496418992,14.911721453471696,14.761414938612816,13.832585854196509,12.888631871617733,13.73045909742733,14.250010478827507,1.0,1.0,1.0,1.0,1.0,1.0,1.0,1.0,1.0,1.0
464.25,2.0,15.499218673269054,15.529891864477557,14.56172676123948,13.246094747170428,12.001970566565028,12.019954690402248,12.888089286755267,13.367158796252458,14.781913277117729,15.205996740941133,1.0,1.0,1.0,1.0,1.0,1.0,1.0,1.0,1.0,1.0
464.5,3.0,13.991760733957552,15.317212939427893,15.486647265429657,16.16489256066626,16.306594571474434,15.56569937559518,15.760401093825335,15.368491938530234,13.58082659937137,13.823835796849272,1.0,1.0,1.0,1.0,1.0,1.0,1.0,1.0,1.0,1.0
464.75,4.0,15.885470085151589,15.971371077965387,16.95598666946771,15.388429347872398,13.129970207762511,12.298324100540583,12.735123581031017,11.916926148482874,12.299173951248845,11.71189042941357,1.0,1.0,1.0,1.0,1.0,1.0,1.0,1.0,1.0,1.0
465.0,1.0,0.0,0.0,0.0,0.0,0.0,0.0,0.0,0.0,0.0,0.0,0.0,0.0,0.0,0.0,0.0,0.0,0.0,0.0,0.0,0.0
465.25,2.0,0.0,0.0,0.0,0.0,0.0,0.0,0.0,0.0,0.0,0.0,0.0,0.0,0.0,0.0,0.0,0.0,0.0,0.0,0.0,0.0
465.5,3.0,14.34980488190225,15.604049436395776,14.663130544545796,15.709114888570147,16.255789341037758,15.042381816694736,14.460188041805136,14.225979915019005,13.178508428809932,12.64330998130354,1.0,1.0,1.0,1.0,1.0,1.0,1.0,1.0,1.0,1.0
465.75,4.0,0.0,0.0,0.0,0.0,0.0,0.0,0.0,0.0,0.0,0.0,0.0,0.0,0.0,0.0,0.0,0.0,0.0,0.0,0.0,0.0
466.0,1.0,15.637468831271784,14.18411874454903,13.180334715179423,14.422699428190146,14.259847373055258,13.87397363018393,14.269035887088517,12.5005812495919,13.414170288188686,13.924965625649849,1.0,1.0,1.0,1.0,1.0,1.0,1.0,1.0,1.0,1.0
466.25,2.0,15.18135758554875,15.528734152964253,13.882050853380168,13.274181201374939,13.865263893406233,14.48885292373516,14.858812696945552,14.759154354568757,13.758295260926614,14.328632596794943,1.0,1.0,1.0,1.0,1.0,1.0,1.0,1.0,1.0,1.0
466.5,3.0,0.0,0.0,0.0,0.0,0.0,0.0,0.0,0.0,0.0,0.0,0.0,0.0,0.0,0.0,0.0,0.0,0.0,0.0,0.0,0.0
466.75,4.0,17.025904964260246,17.391484530674134,16.932156731314162,14.783531692377661,11.925737784991824,10.966705939732101,10.961876488597621,11.070318031607155,12.606565027450706,12.846952770644464,1.0,1.0,1.0,1.0,1.0,1.0,1.0,1.0,1.0,1.0
467.0,1.0,14.174043862816342,12.673916290109341,12.368502774413264,14.12983818548848,14.400382406697704,14.112335511370526,13.904790474387337,12.718695714059004,14.45096577135931,14.65557581212781,1.0,1.0,1.0,1.0,1.0,1.0,1.0,1.0,1.0,1.0
467.25,2.0,0.0,0.0,0.0,0.0,0.0,0.0,0.0,0.0,0.0,0.0,0.0,0.0,0.0,0.0,0.0,0.0,0.0,0.0,0.0,0.0
467.5,3.0,14.061519174008708,14.58195616672868,14.66439377961349,15.05349117787572,16.398282794399865,14.872472634644483,13.817827188662083,13.71579948711455,13.660466721467426,12.841435919909388,1.0,1.0,1.0,1.0,1.0,1.0,1.0,1.0,1.0,1.0
467.75,4.0,17.036446191325734,17.694185288435815,16.18968589199418,14.441279560914868,10.451581885133116,9.971817181151355,10.9815544621692,10.940556428330021,12.394988083865078,12.610493286542123,1.0,1.0,1.0,1.0,1.0,1.0,1.0,1.0,1.0,1.0
468.0,1.0,0.0,0.0,0.0,0.0,0.0,0.0,0.0,0.0,0.0,0.0,0.0,0.0,0.0,0.0,0.0,0.0,0.0,0.0,0.0,0.0
468.25,2.0,13.193282961181708,13.917900079871343,13.988703406991633,14.541637989290804,14.74989296358411,13.76329057376269,13.51689929284388,12.069842519548763,12.48779315485671,14.003805290107268,1.0,1.0,1.0,1.0,1.0,1.0,1.0,1.0,1.0,1.0
468.5,3.0,0.0,0.0,0.0,0.0,0.0,0.0,0.0,0.0,0.0,0.0,0.0,0.0,0.0,0.0,0.0,0.0,0.0,0.0,0.0,0.0
468.75,4.0,0.0,0.0,0.0,0.0,0.0,0.0,0.0,0.0,0.0,0.0,0.0,0.0,0.0,0.0,0.0,0.0,0.0,0.0,0.0,0.0
469.0,1.0,12.124830205484901,11.698320270751443,13.821007507122495,15.268908953401748,14.91729293664478,16.200155427175694,15.994295216752645,15.561245855442984,15.728572040772114,15.423653664015529,1.0,1.0,1.0,1.0,1.0,1.0,1.0,1.0,1.0,1.0
469.25,2.0,14.134873769828735,13.56629249901214,14.323607931490663,14.630545193599486,15.098103289896072,14.400906607901451,14.687547194722187,12.754053625522713,13.065698248718082,14.248131995801522,1.0,1.0,1.0,1.0,1.0,1.0,1.0,1.0,1.0,1.0
469.5,3.0,0.0,0.0,0.0,0.0,0.0,0.0,0.0,0.0,0.0,0.0,0.0,0.0,0.0,0.0,0.0,0.0,0.0,0.0,0.0,0.0
469.75,4.0,13.918806811598667,15.215202023980774,14.388414897878848,14.144595119323323,12.806445501543084,12.629443238870941,13.399766447546165,12.172411293475179,11.906911296671742,11.997285489179024,1.0,1.0,1.0,1.0,1.0,1.0,1.0,1.0,1.0,1.0
470.0,1.0,12.878693378205806,12.253205542837316,13.878780488185887,15.452708942259008,16.281538426964264,17.022530612315318,17.144639844899284,16.648686046140714,16.23542656017595,15.639556181143558,1.0,1.0,1.0,1.0,1.0,1.0,1.0,1.0,1.0,1.0
470.25,2.0,0.0,0.0,0.0,0.0,0.0,0.0,0.0,0.0,0.0,0.0,0.0,0.0,0.0,0.0,0.0,0.0,0.0,0.0,0.0,0.0
470.5,3.0,13.827280281311337,14.15322897052151,13.918085917937255,13.58248706050872,13.818366832962553,13.195703790546265,12.88832686632944,14.030198842067021,14.064354373726369,14.352738725960819,1.0,1.0,1.0,1.0,1.0,1.0,1.0,1.0,1.0,1.0
470.75,4.0,14.096823918808257,14.702075138234934,14.294218654402501,15.264466112567396,13.987993873707044,14.063461875889358,13.346590582714848,12.719302509409012,12.596235859453497,12.728618742101592,1.0,1.0,1.0,1.0,1.0,1.0,1.0,1.0,1.0,1.0
471.0,1.0,12.937248113230222,13.57583505662827,14.326524112146972,16.955208531616,16.73547748636558,17.731823866798717,17.80017548902208,16.420350054963407,15.86640562898368,15.100850450203168,1.0,1.0,1.0,1.0,1.0,1.0,1.0,1.0,1.0,1.0
471.25,2.0,12.480735889008283,12.215719836443059,14.037849702246039,14.90786682422449,15.172252612993818,14.547424320603637,14.21240967592007,14.526000893819385,15.363471676280216,16.897925936023736,1.0,1.0,1.0,1.0,1.0,1.0,1.0,1.0,1.0,1.0
471.5,3.0,0.0,0.0,0.0,0.0,0.0,0.0,0.0,0.0,0.0,0.0,0.0,0.0,0.0,0.0,0.0,0.0,0.0,0.0,0.0,0.0
471.75,4.0,14.173721111195361,13.697409860945847,15.014088479318453,15.486194439374387,14.413969866916199,14.180832123760592,13.633473693695086,13.815171010872904,13.316783432802483,12.644429921104429,1.0,1.0,1.0,1.0,1.0,1.0,1.0,1.0,1.0,1.0
472.0,1.0,11.813979960921044,14.249412431364673,16.495004003037568,18.631205371321183,16.743706975078872,16.771810128786658,16.355362288386704,15.260386146788576,14.88064778633207,15.709430160853717,1.0,1.0,1.0,1.0,1.0,1.0,1.0,1.0,1.0,1.0
472.25,2.0,0.0,0.0,0.0,0.0,0.0,0.0,0.0,0.0,0.0,0.0,0.0,0.0,0.0,0.0,0.0,0.0,0.0,0.0,0.0,0.0
472.5,3.0,14.35763853746718,15.189992744803003,13.865033528457865,14.388050046976744,15.59344300893987,16.28524098567264,15.958449283828546,16.355883254803114,14.98354397415242,13.906384334444526,1.0,1.0,1.0,1.0,1.0,1.0,1.0,1.0,1.0,1.0
472.75,4.0,14.349642861717996,13.964703441700399,14.434934527433827,14.25040058252741,13.050900817228214,14.17120622948891,14.26923086387506,14.491880942845702,12.864099507644355,12.993034429334575,1.0,1.0,1.0,1.0,1.0,1.0,1.0,1.0,1.0,1.0
473.0,1.0,0.0,0.0,0.0,0.0,0.0,0.0,0.0,0.0,0.0,0.0,0.0,0.0,0.0,0.0,0.0,0.0,0.0,0.0,0.0,0.0
473.25,2.0,0.0,0.0,0.0,0.0,0.0,0.0,0.0,0.0,0.0,0.0,0.0,0.0,0.0,0.0,0.0,0.0,0.0,0.0,0.0,0.0
473.5,3.0,15.325844902107109,16.293596791274602,15.1489427647377,13.853931947954209,14.521329114840901,15.58270831490164,15.687745893871865,15.970594365416144,14.568272045275664,13.90058795315389,1.0,1.0,1.0,1.0,1.0,1.0,1.0,1.0,1.0,1.0
473.75,4.0,0.0,0.0,0.0,0.0,0.0,0.0,0.0,0.0,0.0,0.0,0.0,0.0,0.0,0.0,0.0,0.0,0.0,0.0,0.0,0.0
474.0,1.0,14.32024093911235,17.794625862901224,17.36557460589505,17.19146257694,18.12308129027421,17.150727868906444,16.01359066019018,14.944742143365852,13.799697614634884,14.484718402447836,1.0,1.0,1.0,1.0,1.0,1.0,1.0,1.0,1.0,1.0
474.25,2.0,15.332096914661019,15.878734292355576,15.862389795016176,15.852500331136202,14.843429196866806,15.091890074938064,15.45546054739701,15.172375744516506,15.252754948091638,15.125168134489813,1.0,1.0,1.0,1.0,1.0,1.0,1.0,1.0,1.0,1.0
474.5,3.0,0.0,0.0,0.0,0.0,0.0,0.0,0.0,0.0,0.0,0.0,0.0,0.0,0.0,0.0,0.0,0.0,0.0,0.0,0.0,0.0
474.75,4.0,14.406589395437129,14.571929662435688,14.072961744872826,13.758910807073818,13.744544079899805,13.822494926124898,12.462891421942969,13.687179751886585,13.4598256930055,13.903728139307683,1.0,1.0,1.0,1.0,1.0,1.0,1.0,1.0,1.0,1.0
475.0,1.0,16.122364391474207,17.81167082382963,15.664761874647365,16.005264731038945,16.04168988146903,15.331785542772456,14.329050713440921,13.770612359844126,13.483071822606005,14.726353430749732,1.0,1.0,1.0,1.0,1.0,1.0,1.0,1.0,1.0,1.0
475.25,2.0,0.0,0.0,0.0,0.0,0.0,0.0,0.0,0.0,0.0,0.0,0.0,0.0,0.0,0.0,0.0,0.0,0.0,0.0,0.0,0.0
475.5,3.0,15.505275779688997,15.953258697333387,16.586539544206286,15.639543811586147,14.54800441910972,13.855987684578087,14.647908337689023,14.668987681319779,14.554290573300673,14.552976597739367,1.0,1.0,1.0,1.0,1.0,1.0,1.0,1.0,1.0,1.0
475.75,4.0,14.6956520229167,14.78521530857636,13.46486018997305,12.40215685011081,13.570440224555936,14.337371281604678,13.660637038874508,13.992824869188334,13.602375774875727,14.205062003469067,1.0,1.0,1.0,1.0,1.0,1.0,1.0,1.0,1.0,1.0
476.0,1.0,0.0,0.0,0.0,0.0,0.0,0.0,0.0,0.0,0.0,0.0,0.0,0.0,0.0,0.0,0.0,0.0,0.0,0.0,0.0,0.0
476.25,2.0,16.729239869533,18.661023468745686,18.22737550389761,15.630733786755215,13.019490226997684,12.93980927950044,14.403466471794195,13.345986841235057,13.608128459967352,14.29046367396073,1.0,1.0,1.0,1.0,1.0,1.0,1.0,1.0,1.0,1.0
476.5,3.0,0.0,0.0,0.0,0.0,0.0,0.0,0.0,0.0,0.0,0.0,0.0,0.0,0.0,0.0,0.0,0.0,0.0,0.0,0.0,0.0
476.75,4.0,0.0,0.0,0.0,0.0,0.0,0.0,0.0,0.0,0.0,0.0,0.0,0.0,0.0,0.0,0.0,0.0,0.0,0.0,0.0,0.0
477.0,1.0,15.903545883929022,16.871116921947195,16.230090496497315,15.251414493115746,15.27726119692351,15.048047172015817,14.372972152026593,14.287157435706408,14.298812277468008,15.606073294377705,1.0,1.0,1.0,1.0,1.0,1.0,1.0,1.0,1.0,1.0
477.25,2.0,17.72335551367431,18.502649570887694,16.16582168390026,14.946634118949957,13.33959399444319,13.325038104783895,13.051818466626912,12.155566584163973,12.171129498918667,12.373326158634146,1.0,1.0,1.0,1.0,1.0,1.0,1.0,1.0,1.0,1.0
477.5,3.0,0.0,0.0,0.0,0.0,0.0,0.0,0.0,0.0,0.0,0.0,0.0,0.0,0.0,0.0,0.0,0.0,0.0,0.0,0.0,0.0
477.75,4.0,13.434209825218971,14.245214458695022,13.4482872978493,13.8720483235735,16.307515145754078,15.960043395563865,15.027683892843866,14.843655910798992,14.439228223428087,14.298727880907045,1.0,1.0,1.0,1.0,1.0,1.0,1.0,1.0,1.0,1.0
478.0,1.0,16.34980170072203,15.854497244742166,15.543216793681852,14.57024425418655,13.96718309360719,14.123822883200885,14.165618890058367,14.432321073372233,13.876374278874314,15.408438870014656,1.0,1.0,1.0,1.0,1.0,1.0,1.0,1.0,1.0,1.0
478.25,2.0,0.0,0.0,0.0,0.0,0.0,0.0,0.0,0.0,0.0,0.0,0.0,0.0,0.0,0.0,0.0,0.0,0.0,0.0,0.0,0.0
478.5,3.0,17.32587569493167,16.807034418940667,16.094381037042876,14.938851090323462,13.69405599853201,14.386074663008957,13.802429296097984,14.02613434304143,13.565526376587693,13.343262061977113,1.0,1.0,1.0,1.0,1.0,1.0,1.0,1.0,1.0,1.0
478.75,4.0,13.919431080052602,14.877193315143163,13.871052182156117,13.41651236762301,16.486208164909797,16.19342192668161,15.087006367335576,14.098396948156118,14.190674453021542,15.112790055074338,1.0,1.0,1.0,1.0,1.0,1.0,1.0,1.0,1.0,1.0
479.0,1.0,15.684544026108117,15.64578416097541,14.47457751213071,14.0575418228036,12.44945570021182,12.925633634038409,12.523361871143937,13.435042871587058,13.814357838744588,14.991424527405108,1.0,1.0,1.0,1.0,1.0,1.0,1.0,1.0,1.0,1.0
479.25,2.0,16.339032013320235,14.304409401976281,14.317880514027197,15.495590585553128,15.371809023821502,14.245605848277913,13.80855372612579,12.154671418948267,12.345496318170216,12.196645997110684,1.0,1.0,1.0,1.0,1.0,1.0,1.0,1.0,1.0,1.0
479.5,3.0,0.0,0.0,0.0,0.0,0.0,0.0,0.0,0.0,0.0,0.0,0.0,0.0,0.0,0.0,0.0,0.0,0.0,0.0,0.0,0.0
479.75,4.0,14.361885632388459,14.120410309576565,13.778995510380817,13.270871592212073,16.964582900030717,16.936596078555045,15.791003249751837,14.137518156567522,15.366470274482785,15.150021872034019,1.0,1.0,1.0,1.0,1.0,1.0,1.0,1.0,1.0,1.0
480.0,1.0,15.469219871517037,15.355305956602582,13.630297353148686,14.383536007535724,12.401282800340049,12.995647955620424,13.780996315574434,14.083840156412773,15.118558973886634,16.75744515142282,1.0,1.0,1.0,1.0,1.0,1.0,1.0,1.0,1.0,1.0
480.25,2.0,0.0,0.0,0.0,0.0,0.0,0.0,0.0,0.0,0.0,0.0,0.0,0.0,0.0,0.0,0.0,0.0,0.0,0.0,0.0,0.0
480.5,3.0,17.407024324577332,16.53543327697342,14.592825023361444,13.773259077146053,13.516185056291873,14.415909547257963,14.432540610650689,14.440571806854496,13.763375943308704,13.93497169099227,1.0,1.0,1.0,1.0,1.0,1.0,1.0,1.0,1.0,1.0
480.75,4.0,14.034588548352891,13.269595941532497,13.07516825664203,13.461439175843216,17.59572665567246,17.099543671031668,15.473498752667254,15.038374170769602,16.177104004797606,15.653706140220324,1.0,1.0,1.0,1.0,1.0,1.0,1.0,1.0,1.0,1.0
481.0,1.0,0.0,0.0,0.0,0.0,0.0,0.0,0.0,0.0,0.0,0.0,0.0,0.0,0.0,0.0,0.0,0.0,0.0,0.0,0.0,0.0
481.25,2.0,0.0,0.0,0.0,0.0,0.0,0.0,0.0,0.0,0.0,0.0,0.0,0.0,0.0,0.0,0.0,0.0,0.0,0.0,0.0,0.0
481.5,3.0,15.158944272997633,14.080366612111813,14.118421393053763,14.66333395861043,13.813740198398309,14.392694663633636,14.17076810681008,14.323372614795623,13.492652882153827,13.803905286723092,1.0,1.0,1.0,1.0,1.0,1.0,1.0,1.0,1.0,1.0
481.75,4.0,0.0,0.0,0.0,0.0,0.0,0.0,0.0,0.0,0.0,0.0,0.0,0.0,0.0,0.0,0.0,0.0,0.0,0.0,0.0,0.0
482.0,1.0,13.931739223230114,13.726370613775291,13.368600316888694,14.496044520005599,15.793585469620565,14.95350756759692,15.575219308255326,16.19835281642842,16.819497791358565,16.787278076103,1.0,1.0,1.0,1.0,1.0,1.0,1.0,1.0,1.0,1.0
482.25,2.0,14.265998955627683,13.155483569821962,13.963548410232933,13.832015835573737,13.247387193926793,13.632092803616214,12.2112999816278,12.720430279556991,13.090441254703974,13.197773271786,1.0,1.0,1.0,1.0,1.0,1.0,1.0,1.0,1.0,1.0
482.5,3.0,0.0,0.0,0.0,0.0,0.0,0.0,0.0,0.0,0.0,0.0,0.0,0.0,0.0,0.0,0.0,0.0,0.0,0.0,0.0,0.0
482.75,4.0,13.965209272361664,14.319306010466985,15.179690973012466,14.756729839938524,16.12911996853711,16.06090679842338,15.356313006336007,14.630366177149293,15.741018752915025,15.89054644154166,1.0,1.0,1.0,1.0,1.0,1.0,1.0,1.0,1.0,1.0
483.0,1.0,13.412479446282212,13.284307926469797,12.86813148735796,14.993052291022043,16.31014517585028,15.194734104560753,15.852364423593773,15.711299224065531,16.166648345014615,15.787071311585969,1.0,1.0,1.0,1.0,1.0,1.0,1.0,1.0,1.0,1.0
483.25,2.0,0.0,0.0,0.0,0.0,0.0,0.0,0.0,0.0,0.0,0.0,0.0,0.0,0.0,0.0,0.0,0.0,0.0,0.0,0.0,0.0
483.5,3.0,13.019139291790516,12.180168968627097,13.920953824642346,15.204774292482847,14.06521920005836,13.807511265324115,13.025448460010802,12.763249298607702,12.580780725235346,13.084049015185363,1.0,1.0,1.0,1.0,1.0,1.0,1.0,1.0,1.0,1.0
483.75,4.0,13.575425558259958,13.398942841907811,14.247177878067992,13.901284640829031,14.41568157623827,14.123841285033974,13.87120025304795,14.417482847838638,15.36350021452321,15.527481989307132,1.0,1.0,1.0,1.0,1.0,1.0,1.0,1.0,1.0,1.0
484.0,1.0,0.0,0.0,0.0,0.0,0.0,0.0,0.0,0.0,0.0,0.0,0.0,0.0,0.0,0.0,0.0,0.0,0.0,0.0,0.0,0.0
484.25,2.0,13.418537083631286,12.144470946211648,13.738387683359711,13.27399737820407,12.395363563147376,12.57275293198794,12.439753181633748,12.635646774800888,13.360300696707089,13.949868267099944,1.0,1.0,1.0,1.0,1.0,1.0,1.0,1.0,1.0,1.0
484.5,3.0,0.0,0.0,0.0,0.0,0.0,0.0,0.0,0.0,0.0,0.0,0.0,0.0,0.0,0.0,0.0,0.0,0.0,0.0,0.0,0.0
484.75,4.0,0.0,0.0,0.0,0.0,0.0,0.0,0.0,0.0,0.0,0.0,0.0,0.0,0.0,0.0,0.0,0.0,0.0,0.0,0.0,0.0
485.0,1.0,13.048125048530153,12.8343600025378,13.542442946654917,16.625067154925684,16.2025391948383,15.644761369285646,16.029513586019338,16.705240863791893,17.25895931571466,18.206349419228967,1.0,1.0,1.0,1.0,1.0,1.0,1.0,1.0,1.0,1.0
485.25,2.0,13.990281229598763,13.221948162352545,13.85702764405768,12.120241313481745,11.935569647121357,12.480598364985912,13.464077197001842,13.710181209898236,14.6892442035548,14.944903071460573,1.0,1.0,1.0,1.0,1.0,1.0,1.0,1.0,1.0,1.0
485.5,3.0,12.53966324262646,13.153154766358126,13.666041837229104,13.973498887284546,13.875027930744347,13.921555802885166,14.41204943688057,13.1063288771517,12.964744287454913,12.944983007800975,1.0,1.0,1.0,1.0,1.0,1.0,1.0,1.0,1.0,1.0
485.75,4.0,11.402019361270485,11.29396666158694,12.81390629373599,12.427683904004953,12.176542172196589,12.835455145762852,13.356329031045613,15.248031625341783,15.930095608015453,16.141768745556032,1.0,1.0,1.0,1.0,1.0,1.0,1.0,1.0,1.0,1.0
486.0,1.0,13.598102428954714,11.984835126339686,14.797132783536936,16.501136967221548,16.453532937554105,15.421016220221151,15.778580335254263,15.652659180015354,15.920845229403477,16.2579981998505,1.0,1.0,1.0,1.0,1.0,1.0,1.0,1.0,1.0,1.0
486.25,2.0,0.0,0.0,0.0,0.0,0.0,0.0,0.0,0.0,0.0,0.0,0.0,0.0,0.0,0.0,0.0,0.0,0.0,0.0,0.0,0.0
486.5,3.0,12.205957932080418,13.604152116473212,13.527106538460242,14.203988196661884,13.24698964617994,14.421388347917274,13.593144137609325,13.835309782126288,13.868816097411328,13.980954060583018,1.0,1.0,1.0,1.0,1.0,1.0,1.0,1.0,1.0,1.0
486.75,4.0,12.038728507395966,12.425714690134624,12.903798007358706,12.796344851420738,13.437267715180285,13.805177931208839,14.502547749758401,14.921762433365188,16.276007195421876,16.146190636103036,1.0,1.0,1.0,1.0,1.0,1.0,1.0,1.0,1.0,1.0
487.0,1.0,13.394144224908775,12.826034822657622,14.083709946643049,15.891345677075968,16.53579695053951,15.187650832913755,14.484318104674925,15.074304854080093,16.528672826249053,17.383523175823555,1.0,1.0,1.0,1.0,1.0,1.0,1.0,1.0,1.0,1.0
487.25,2.0,14.05669867079386,14.429620612696414,12.526669085985526,12.76208271506899,14.606897217902588,14.418093190993698,15.07050471687384,14.259055891339996,15.313283316872779,14.87278338158137,1.0,1.0,1.0,1.0,1.0,1.0,1.0,1.0,1.0,1.0
487.5,3.0,0.0,0.0,0.0,0.0,0.0,0.0,0.0,0.0,0.0,0.0,0.0,0.0,0.0,0.0,0.0,0.0,0.0,0.0,0.0,0.0
487.75,4.0,11.904976080573128,11.892008707229268,12.184371176275835,13.023787078880346,14.731262656023137,14.596922274673755,15.212524485100612,15.984674011487519,16.62552953836445,16.362396049321227,1.0,1.0,1.0,1.0,1.0,1.0,1.0,1.0,1.0,1.0
488.0,1.0,12.541107411293973,13.831342025593798,12.99861508504763,14.613664238625434,16.235586110547924,15.693686852290266,15.956640911550195,16.81568585056911,17.098683157027775,17.99368164885733,1.0,1.0,1.0,1.0,1.0,1.0,1.0,1.0,1.0,1.0
488.25,2.0,0.0,0.0,0.0,0.0,0.0,0.0,0.0,0.0,0.0,0.0,0.0,0.0,0.0,0.0,0.0,0.0,0.0,0.0,0.0,0.0
488.5,3.0,13.236557515000793,13.485784017296956,13.184667697203587,12.945939403013586,12.498580635153091,13.124604326412978,11.846911539807506,12.015306272187324,12.711317755852484,12.495214985558517,1.0,1.0,1.0,1.0,1.0,1.0,1.0,1.0,1.0,1.0
488.75,4.0,11.206913572879005,11.843248351604048,12.52629629403651,13.375493650874729,14.9510813196904,15.983534584738884,17.11412946321548,18.04476066703371,19.053364888596132,17.791036697006,1.0,1.0,1.0,1.0,1.0,1.0,1.0,1.0,1.0,1.0
489.0,1.0,0.0,0.0,0.0,0.0,0.0,0.0,0.0,0.0,0.0,0.0,0.0,0.0,0.0,0.0,0.0,0.0,0.0,0.0,0.0,0.0
489.25,2.0,14.285102105095996,14.077877960616792,14.115239907936074,14.202353416612747,14.013264830649256,13.714902441246798,14.141328956716066,12.976794344408388,14.153326582053147,13.881241265722828,1.0,1.0,1.0,1.0,1.0,1.0,1.0,1.0,1.0,1.0
489.5,3.0,12.985471214955465,14.166557799720955,14.20836549481704,14.999239261514017,13.96739437982836,13.585011182423155,13.136095610062563,11.923696213697646,11.682572403872438,11.444912735426005,1.0,1.0,1.0,1.0,1.0,1.0,1.0,1.0,1.0,1.0
489.75,4.0,0.0,0.0,0.0,0.0,0.0,0.0,0.0,0.0,0.0,0.0,0.0,0.0,0.0,0.0,0.0,0.0,0.0,0.0,0.0,0.0
490.0,1.0,12.593199452179736,13.50844265912274,15.296249067980158,16.19434991425651,17.74519905647117,16.70094466843123,17.289684405836194,17.31576701873832,16.942820203561293,16.99543314813971,1.0,1.0,1.0,1.0,1.0,1.0,1.0,1.0,1.0,1.0
490.25,2.0,13.557415703872879,13.425347324230913,14.697354535804502,15.113693925874708,15.04008859218794,14.983950798711323,14.624971537335535,13.673627091670335,13.965171872938827,14.784990399861224,1.0,1.0,1.0,1.0,1.0,1.0,1.0,1.0,1.0,1.0
490.5,3.0,0.0,0.0,0.0,0.0,0.0,0.0,0.0,0.0,0.0,0.0,0.0,0.0,0.0,0.0,0.0,0.0,0.0,0.0,0.0,0.0
490.75,4.0,12.553884198073158,14.393094696966227,13.89693153324105,14.913928362027997,17.235134564327062,17.15862616247004,18.167555654387577,18.943283418760153,19.473200285138642,19.423141297660667,1.0,1.0,1.0,1.0,1.0,1.0,1.0,1.0,1.0,1.0
491.0,1.0,13.074236337072058,14.15282867286446,15.602511223314933,16.16986885077272,16.789409775341493,16.2303542646758,17.302823332018956,16.36148751282787,16.944406456573393,17.239730504846595,1.0,1.0,1.0,1.0,1.0,1.0,1.0,1.0,1.0,1.0
491.25,2.0,0.0,0.0,0.0,0.0,0.0,0.0,0.0,0.0,0.0,0.0,0.0,0.0,0.0,0.0,0.0,0.0,0.0,0.0,0.0,0.0
491.5,3.0,14.753937766458622,14.851983265464316,16.731202327579037,15.280595214090548,11.829277556582324,11.954497124135091,12.133628268402695,11.856540610620792,13.574406039370482,13.795621151596547,1.0,1.0,1.0,1.0,1.0,1.0,1.0,1.0,1.0,1.0
491.75,4.0,13.533075610541857,15.086027612250389,14.325109081904717,14.09022930610641,16.16630742491468,17.29270078241949,18.01237202137681,18.457039199215487,19.574826080181666,19.0496043700399,1.0,1.0,1.0,1.0,1.0,1.0,1.0,1.0,1.0,1.0
492.0,1.0,12.773344204455872,15.445217066572644,16.070290184249043,16.607406609368542,17.469018520348467,16.70365980874586,17.845855700189816,17.35719547017049,18.3205516030931,18.328442194359766,1.0,1.0,1.0,1.0,1.0,1.0,1.0,1.0,1.0,1.0
492.25,2.0,13.205305415975241,13.989497973728875,14.35363378913694,13.356745069915993,12.849076408708472,14.208722500472307,13.357283731638153,12.255073505426099,12.583871834912587,12.928673943938986,1.0,1.0,1.0,1.0,1.0,1.0,1.0,1.0,1.0,1.0
492.5,3.0,0.0,0.0,0.0,0.0,0.0,0.0,0.0,0.0,0.0,0.0,0.0,0.0,0.0,0.0,0.0,0.0,0.0,0.0,0.0,0.0
492.75,4.0,0.0,0.0,0.0,0.0,0.0,0.0,0.0,0.0,0.0,0.0,0.0,0.0,0.0,0.0,0.0,0.0,0.0,0.0,0.0,0.0
493.0,1.0,13.97973614739818,15.982920958015573,17.300437910190553,17.866990689255957,17.94819018061062,17.160946161104526,18.52803827418358,18.05529311224426,18.424827891485382,18.096162158603274,1.0,1.0,1.0,1.0,1.0,1.0,1.0,1.0,1.0,1.0
493.25,2.0,14.491695481487467,14.534423185706833,14.486190247821247,13.30582372609847,13.258511048036915,14.152492493994467,13.596574190487706,12.402023225343562,12.630375646453363,12.939280937734088,1.0,1.0,1.0,1.0,1.0,1.0,1.0,1.0,1.0,1.0
493.5,3.0,14.889001884128724,13.978202380280408,14.743576500205885,13.714043601211293,12.83188876623953,13.857517818295092,15.007863364991016,14.561282952327453,15.538123722707441,15.637240693689362,1.0,1.0,1.0,1.0,1.0,1.0,1.0,1.0,1.0,1.0
493.75,4.0,14.979878766091725,15.530864314954442,15.97664283129118,16.36722858207064,17.56305008266498,18.631508783163973,18.941363113319614,20.788606884156923,20.35468676639564,20.587796700411445,1.0,1.0,1.0,1.0,1.0,1.0,1.0,1.0,1.0,1.0
494.0,1.0,16.17460472033735,17.1686307106143,18.767826028965985,18.150102661479576,19.414618767253863,18.4758522626543,19.53736738243882,19.561964751840147,19.510338592977515,18.858382585863602,1.0,1.0,1.0,1.0,1.0,1.0,1.0,1.0,1.0,1.0
494.25,2.0,0.0,0.0,0.0,0.0,0.0,0.0,0.0,0.0,0.0,0.0,0.0,0.0,0.0,0.0,0.0,0.0,0.0,0.0,0.0,0.0
494.5,3.0,14.26501350587932,13.793820124038058,14.621954065577995,14.611599534472377,15.142389843395538,15.88283769087627,15.143766319625339,15.353107825652199,15.549711150979626,15.500182249786,1.0,1.0,1.0,1.0,1.0,1.0,1.0,1.0,1.0,1.0
494.75,4.0,14.94134059189815,15.641011945984003,16.550735479277446,18.720253658835766,19.274737670994917,20.0210998890629,20.183288337531685,21.00287349098681,20.373826358810856,20.327643698314386,1.0,1.0,1.0,1.0,1.0,1.0,1.0,1.0,1.0,1.0
495.0,1.0,15.899001632897296,17.564250813843433,19.392856730321,19.194621735230047,19.373534087834617,18.09227243880627,18.34148452046437,18.286607385409265,18.47227397149267,18.464900619500355,1.0,1.0,1.0,1.0,1.0,1.0,1.0,1.0,1.0,1.0
495.25,2.0,13.202304301401666,12.758076615980933,12.49324104082218,12.660393209653432,11.809068182765607,11.267647552995843,11.090774266343034,11.801623366028178,11.662539026611938,12.24473358898653,1.0,1.0,1.0,1.0,1.0,1.0,1.0,1.0,1.0,1.0
495.5,3.0,0.0,0.0,0.0,0.0,0.0,0.0,0.0,0.0,0.0,0.0,0.0,0.0,0.0,0.0,0.0,0.0,0.0,0.0,0.0,0.0
495.75,4.0,14.32723300005185,16.943568664670337,18.812245732577935,20.270433274981457,19.097735319269216,19.523336112775613,19.05995003480221,19.530179713029252,20.379151196627298,20.291594712438812,1.0,1.0,1.0,1.0,1.0,1.0,1.0,1.0,1.0,1.0
496.0,1.0,16.447660997153818,18.25627175242124,20.675277929238348,19.907751433918236,19.180077676732214,17.260678163726215,18.124882088310557,18.640641353507096,19.183404129211475,19.208095650841965,1.0,1.0,1.0,1.0,1.0,1.0,1.0,1.0,1.0,1.0
496.25,2.0,0.0,0.0,0.0,0.0,0.0,0.0,0.0,0.0,0.0,0.0,0.0,0.0,0.0,0.0,0.0,0.0,0.0,0.0,0.0,0.0
496.5,3.0,14.19109231295296,14.290595222599563,14.334752758236586,14.732628818253549,14.679242847846226,14.430015639028827,14.078597596252658,15.68482757244732,14.862988516325721,15.175380367543484,1.0,1.0,1.0,1.0,1.0,1.0,1.0,1.0,1.0,1.0
496.75,4.0,15.783485894276977,18.83443075393093,19.64430387715321,19.9203152563426,18.446427015274562,19.144656473106902,18.992548696372896,19.364879302437206,19.683669335799692,18.983560375220527,1.0,1.0,1.0,1.0,1.0,1.0,1.0,1.0,1.0,1.0
497.0,1.0,0.0,0.0,0.0,0.0,0.0,0.0,0.0,0.0,0.0,0.0,0.0,0.0,0.0,0.0,0.0,0.0,0.0,0.0,0.0,0.0
497.25,2.0,12.656583702920164,13.450153172021457,12.906432733535379,13.117622574085123,12.953226398149106,13.140372930606237,13.932612840364278,13.129488018117028,15.042719613172478,15.324903252975039,1.0,1.0,1.0,1.0,1.0,1.0,1.0,1.0,1.0,1.0
497.5,3.0,14.846844134865771,14.03291349318303,14.534116924908359,14.613512812843,13.929184612835,13.322471494738972,12.181914254640114,14.342368336489745,14.93738175697989,14.90718384314924,1.0,1.0,1.0,1.0,1.0,1.0,1.0,1.0,1.0,1.0
497.75,4.0,0.0,0.0,0.0,0.0,0.0,0.0,0.0,0.0,0.0,0.0,0.0,0.0,0.0,0.0,0.0,0.0,0.0,0.0,0.0,0.0
498.0,1.0,16.356915553644352,17.51692574397732,20.253911706924175,20.36946161255026,20.035142566971405,19.43651493670595,20.46614309047225,19.78383891045526,20.09536672415366,19.725957565189038,1.0,1.0,1.0,1.0,1.0,1.0,1.0,1.0,1.0,1.0
498.25,2.0,13.07745148918017,13.397318120509938,13.73366790286451,14.030466527031425,13.951641442205402,13.218583200986208,14.974055957969394,14.436532767393704,16.256261333019918,17.147236021559024,1.0,1.0,1.0,1.0,1.0,1.0,1.0,1.0,1.0,1.0
498.5,3.0,0.0,0.0,0.0,0.0,0.0,0.0,0.0,0.0,0.0,0.0,0.0,0.0,0.0,0.0,0.0,0.0,0.0,0.0,0.0,0.0
498.75,4.0,17.618102569091235,19.060861215617454,19.558597314995,18.6297226970029,17.91851722742875,18.016066956228407,18.976434642426135,18.551087360348177,18.387064342199658,17.321799367164942,1.0,1.0,1.0,1.0,1.0,1.0,1.0,1.0,1.0,1.0
499.0,1.0,15.613733421548426,16.938625663413358,20.14719476058969,19.982707696501276,21.085647095601605,19.703060939180208,21.173216290001207,20.650577867812277,20.930553382774278,20.085305978478157,1.0,1.0,1.0,1.0,1.0,1.0,1.0,1.0,1.0,1.0
499.25,2.0,0.0,0.0,0.0,0.0,0.0,0.0,0.0,0.0,0.0,0.0,0.0,0.0,0.0,0.0,0.0,0.0,0.0,0.0,0.0,0.0
499.5,3.0,13.762252955837623,13.014584701045626,14.21525303373767,14.036674667463164,12.666308842953807,13.250875015186299,13.279695336522021,15.00809279766723,15.188682671634586,15.080475808609219,1.0,1.0,1.0,1.0,1.0,1.0,1.0,1.0,1.0,1.0
499.75,4.0,17.063566086959877,18.42116499493127,18.651516893815963,17.854083957301523,18.070728481909867,18.146110984516973,19.310218953261714,19.824967634192713,20.45120893932024,19.822620521442044,1.0,1.0,1.0,1.0,1.0,1.0,1.0,1.0,1.0,1.0
500.0,1.0,15.873951164315544,17.395276328752033,18.854761937145227,19.25649680277446,21.059796744012704,19.43857817303306,20.00711636185503,20.782598983185007,20.986921640766273,20.768637771731452,1.0,1.0,1.0,1.0,1.0,1.0,1.0,1.0,1.0,1.0
500.25,2.0,13.13075156588976,12.483381886884501,13.298752550996012,13.60376548974288,14.388863238163893,14.190610751587657,14.482187256536927,15.384325349289883,15.577572247714912,15.6524467841965,1.0,1.0,1.0,1.0,1.0,1.0,1.0,1.0,1.0,1.0
500.5,3.0,0.0,0.0,0.0,0.0,0.0,0.0,0.0,0.0,0.0,0.0,0.0,0.0,0.0,0.0,0.0,0.0,0.0,0.0,0.0,0.0
500.75,4.0,17.83781369426493,18.608940086077325,17.96849803153698,16.92688176453115,18.377881681926986,18.39291836110195,19.241986853342514,18.699152307486496,18.82135175310715,18.823722650340624,1.0,1.0,1.0,1.0,1.0,1.0,1.0,1.0,1.0,1.0
501.0,1.0,16.019414110031867,16.92780755742959,18.062105056523475,19.760039082204457,19.762760827766794,18.88137385758011,19.242682633230444,19.86009315926832,21.02066355559917,20.606902174686745,1.0,1.0,1.0,1.0,1.0,1.0,1.0,1.0,1.0,1.0
501.25,2.0,13.489416527469457,12.924642547926963,14.127588617123122,14.236775435609898,14.941651368179794,15.588314213288687,15.719350161065606,15.632352783496183,16.044956559126103,16.275703001393236,1.0,1.0,1.0,1.0,1.0,1.0,1.0,1.0,1.0,1.0
501.5,3.0,15.272091167614251,14.776039189693256,15.308849681850411,14.143494846057434,14.656858223432085,15.777672376025507,15.41830286683257,15.527196648167717,13.599386001700957,13.551437556787587,1.0,1.0,1.0,1.0,1.0,1.0,1.0,1.0,1.0,1.0
501.75,4.0,17.464108708942753,17.94645180352712,16.722724160420775,16.470968959621278,17.515604559059753,17.364857105193302,17.248867939636092,17.770979974958987,18.81449575793744,19.27399893620488,1.0,1.0,1.0,1.0,1.0,1.0,1.0,1.0,1.0,1.0
502.0,1.0,0.0,0.0,0.0,0.0,0.0,0.0,0.0,0.0,0.0,0.0,0.0,0.0,0.0,0.0,0.0,0.0,0.0,0.0,0.0,0.0
502.25,2.0,0.0,0.0,0.0,0.0,0.0,0.0,0.0,0.0,0.0,0.0,0.0,0.0,0.0,0.0,0.0,0.0,0.0,0.0,0.0,0.0
502.5,3.0,15.373417355951094,15.483393032018565,15.406492768781295,14.711947830533779,15.882766274957417,15.837184629972752,14.875875383435924,14.531153706257857,13.734218612160124,13.725158160206684,1.0,1.0,1.0,1.0,1.0,1.0,1.0,1.0,1.0,1.0
502.75,4.0,0.0,0.0,0.0,0.0,0.0,0.0,0.0,0.0,0.0,0.0,0.0,0.0,0.0,0.0,0.0,0.0,0.0,0.0,0.0,0.0
503.0,1.0,15.603999555576413,17.68038020653677,19.640317711584462,20.524918166091936,20.22122761339341,21.002182297163483,22.741403443867558,21.869289518780302,22.337522102101865,21.624750322164655,1.0,1.0,1.0,1.0,1.0,1.0,1.0,1.0,1.0,1.0
503.25,2.0,14.717227046038735,14.176223252453706,14.932048921977902,16.366495811312568,17.794295417274633,17.658904707137953,18.178045040861203,16.927162804885704,16.68611019927694,17.517178605024718,1.0,1.0,1.0,1.0,1.0,1.0,1.0,1.0,1.0,1.0
503.5,3.0,0.0,0.0,0.0,0.0,0.0,0.0,0.0,0.0,0.0,0.0,0.0,0.0,0.0,0.0,0.0,0.0,0.0,0.0,0.0,0.0
503.75,4.0,15.469993957295184,14.792043478577721,16.909030736287264,17.197229201205534,17.26740992596268,17.488734541221586,18.234390515793375,18.656169539284807,19.200507782139162,19.164193779558243,1.0,1.0,1.0,1.0,1.0,1.0,1.0,1.0,1.0,1.0
504.0,1.0,15.8047179447681,18.003004283483065,20.602599942411334,20.136998937870395,20.921797035335143,20.77787460992278,22.544464254774674,21.92637098082849,22.43117310333258,22.22644570327203,1.0,1.0,1.0,1.0,1.0,1.0,1.0,1.0,1.0,1.0
504.25,2.0,0.0,0.0,0.0,0.0,0.0,0.0,0.0,0.0,0.0,0.0,0.0,0.0,0.0,0.0,0.0,0.0,0.0,0.0,0.0,0.0
504.5,3.0,15.866045552539235,15.397603685559439,14.235114045384424,13.687812974559938,16.135513515346897,15.455520067856046,14.588140026909567,14.969452419856653,15.639616596139138,16.02269584734365,1.0,1.0,1.0,1.0,1.0,1.0,1.0,1.0,1.0,1.0
504.75,4.0,15.224568900984602,15.686479182463417,16.36665896806265,16.181956060361852,17.01475360703924,17.884519699568603,18.41049545671539,18.478361588482585,19.211078297555932,18.906747355380027,1.0,1.0,1.0,1.0,1.0,1.0,1.0,1.0,1.0,1.0
505.0,1.0,0.0,0.0,0.0,0.0,0.0,0.0,0.0,0.0,0.0,0.0,0.0,0.0,0.0,0.0,0.0,0.0,0.0,0.0,0.0,0.0
505.25,2.0,17.80476907702513,16.016779898351402,15.325631246423614,16.78859294124917,19.349161756223264,19.172759856581965,18.51348387905032,18.36374834240564,18.36567975934427,17.946237721508357,1.0,1.0,1.0,1.0,1.0,1.0,1.0,1.0,1.0,1.0
505.5,3.0,0.0,0.0,0.0,0.0,0.0,0.0,0.0,0.0,0.0,0.0,0.0,0.0,0.0,0.0,0.0,0.0,0.0,0.0,0.0,0.0
505.75,4.0,0.0,0.0,0.0,0.0,0.0,0.0,0.0,0.0,0.0,0.0,0.0,0.0,0.0,0.0,0.0,0.0,0.0,0.0,0.0,0.0
506.0,1.0,19.17815307553358,20.492439518905954,20.99474745213228,19.25942971594515,18.245829711798226,18.76924230511874,18.824567506234544,20.265564394148374,19.57267476982498,18.581543084945867,1.0,1.0,1.0,1.0,1.0,1.0,1.0,1.0,1.0,1.0
506.25,2.0,17.083565252100374,16.09994492503266,16.810044386406485,16.924163421224577,18.98328519164308,18.78097769741144,18.686736061593574,17.681313798704828,18.215465286117563,17.73836406693584,1.0,1.0,1.0,1.0,1.0,1.0,1.0,1.0,1.0,1.0
506.5,3.0,0.0,0.0,0.0,0.0,0.0,0.0,0.0,0.0,0.0,0.0,0.0,0.0,0.0,0.0,0.0,0.0,0.0,0.0,0.0,0.0
506.75,4.0,16.218993915231696,15.905150174791485,15.3529417519211,16.158041215834587,19.057009384359223,19.241390491309033,20.145197802965694,20.8944804276865,21.859407165030344,21.019898775581012,1.0,1.0,1.0,1.0,1.0,1.0,1.0,1.0,1.0,1.0
507.0,1.0,19.346693144320056,19.78227614298544,19.321885392069746,17.654911787618115,17.745698403268094,17.225966448224952,18.3118072977005,19.74325813773102,19.83930334608668,18.534479985687888,1.0,1.0,1.0,1.0,1.0,1.0,1.0,1.0,1.0,1.0
507.25,2.0,0.0,0.0,0.0,0.0,0.0,0.0,0.0,0.0,0.0,0.0,0.0,0.0,0.0,0.0,0.0,0.0,0.0,0.0,0.0,0.0
507.5,3.0,14.425429343147732,13.177793070229068,14.067558912019827,14.235651509950973,15.556786475522095,15.548793525162557,15.499486763333845,15.940938147518573,14.83748537442305,15.842713100079077,1.0,1.0,1.0,1.0,1.0,1.0,1.0,1.0,1.0,1.0
507.75,4.0,16.108174429182903,15.15821620616901,14.16944910980382,15.823349005864268,18.368907618096678,18.868181219507974,20.799031187849177,20.600533601325736,20.98316174586162,19.699426289372532,1.0,1.0,1.0,1.0,1.0,1.0,1.0,1.0,1.0,1.0
508.0,1.0,18.057964418947037,17.753816560993943,16.585762824866723,16.73181047108315,17.01760708054607,17.262327673486652,17.67828456244034,18.71107600653462,19.12614915940764,17.85908447604341,1.0,1.0,1.0,1.0,1.0,1.0,1.0,1.0,1.0,1.0
508.25,2.0,17.34083696064647,18.165726881823407,18.555951497962862,17.96167233304659,17.84659590737209,17.85907620091171,18.687545597360312,17.70584550897149,16.803155257086562,15.808245766896759,1.0,1.0,1.0,1.0,1.0,1.0,1.0,1.0,1.0,1.0
508.5,3.0,0.0,0.0,0.0,0.0,0.0,0.0,0.0,0.0,0.0,0.0,0.0,0.0,0.0,0.0,0.0,0.0,0.0,0.0,0.0,0.0
508.75,4.0,16.353486987804633,14.869325435029037,14.701641019895758,16.501937600474225,18.81808209388552,19.800974875350413,21.698862646543912,21.285443575937634,21.481094791284438,19.488589254183864,1.0,1.0,1.0,1.0,1.0,1.0,1.0,1.0,1.0,1.0
509.0,1.0,17.277972952943337,16.28696532595286,15.689836626589152,15.919198333147387,17.217003767096912,18.24868675778358,18.54539493895637,19.143413921617622,19.439305202938225,19.514167683433367,1.0,1.0,1.0,1.0,1.0,1.0,1.0,1.0,1.0,1.0
509.25,2.0,0.0,0.0,0.0,0.0,0.0,0.0,0.0,0.0,0.0,0.0,0.0,0.0,0.0,0.0,0.0,0.0,0.0,0.0,0.0,0.0
509.5,3.0,13.833511749202831,14.75969995756727,14.702616118322286,12.62833053661811,14.449786314968174,15.017832647017412,15.509284842312997,16.30794085023411,16.265981257138897,16.74811869856865,1.0,1.0,1.0,1.0,1.0,1.0,1.0,1.0,1.0,1.0
509.75,4.0,16.581469561567875,15.248329018508802,15.997866741458266,18.474692123211998,20.067915108340085,19.839744255251308,20.268932143002033,18.87687202347613,18.96068472309641,18.369188188433238,1.0,1.0,1.0,1.0,1.0,1.0,1.0,1.0,1.0,1.0
510.0,1.0,0.0,0.0,0.0,0.0,0.0,0.0,0.0,0.0,0.0,0.0,0.0,0.0,0.0,0.0,0.0,0.0,0.0,0.0,0.0,0.0
510.25,2.0,0.0,0.0,0.0,0.0,0.0,0.0,0.0,0.0,0.0,0.0,0.0,0.0,0.0,0.0,0.0,0.0,0.0,0.0,0.0,0.0
510.5,3.0,13.920365321045084,14.482589183348972,14.192938809684161,12.72604191349821,14.629614151842356,16.548006292491152,16.95993533978028,16.8633895700048,16.307125520846064,16.0696557019731,1.0,1.0,1.0,1.0,1.0,1.0,1.0,1.0,1.0,1.0
510.75,4.0,0.0,0.0,0.0,0.0,0.0,0.0,0.0,0.0,0.0,0.0,0.0,0.0,0.0,0.0,0.0,0.0,0.0,0.0,0.0,0.0
511.0,1.0,16.727282533537295,16.39989924170747,16.938638909248997,16.58820274993482,17.030481063993424,16.941275046074768,17.7740606584247,18.71657454307102,19.03552340424702,19.313587669362978,1.0,1.0,1.0,1.0,1.0,1.0,1.0,1.0,1.0,1.0
511.25,2.0,18.689109183368227,19.07160630368948,19.604893051819214,18.19248145700062,17.449618766368776,16.23792140590808,15.95876535491163,15.296270759381486,14.729158857429775,15.174511616230763,1.0,1.0,1.0,1.0,1.0,1.0,1.0,1.0,1.0,1.0
511.5,3.0,0.0,0.0,0.0,0.0,0.0,0.0,0.0,0.0,0.0,0.0,0.0,0.0,0.0,0.0,0.0,0.0,0.0,0.0,0.0,0.0
511.75,4.0,16.94125580801761,17.432310630562586,19.031635672655764,19.5857964415856,19.41087692515869,20.000164822251705,19.023262089939983,18.56967315071303,18.169953585916463,18.100369143354825,1.0,1.0,1.0,1.0,1.0,1.0,1.0,1.0,1.0,1.0
512.0,1.0,16.275965153627503,17.289230990230372,17.224681023276965,16.71662010135728,17.13941948574301,17.105179143367916,18.096094330898637,18.948748413260457,19.65053675982413,18.997049659868047,1.0,1.0,1.0,1.0,1.0,1.0,1.0,1.0,1.0,1.0
512.25,2.0,0.0,0.0,0.0,0.0,0.0,0.0,0.0,0.0,0.0,0.0,0.0,0.0,0.0,0.0,0.0,0.0,0.0,0.0,0.0,0.0
512.5,3.0,15.144207264540661,13.248861678463063,13.964900346455918,14.705313546528508,15.55348630139982,15.743089848898451,16.65448047249125,15.90119177470977,14.963136264120028,14.0456004736178,1.0,1.0,1.0,1.0,1.0,1.0,1.0,1.0,1.0,1.0
512.75,4.0,16.5760224855523,18.628530271614544,19.64206612075112,20.15214612231817,19.68235744456348,19.397150671266054,18.691603734244335,18.487071736766634,18.182304851426867,17.225387003656156,1.0,1.0,1.0,1.0,1.0,1.0,1.0,1.0,1.0,1.0
513.0,1.0,0.0,0.0,0.0,0.0,0.0,0.0,0.0,0.0,0.0,0.0,0.0,0.0,0.0,0.0,0.0,0.0,0.0,0.0,0.0,0.0
513.25,2.0,19.299690362450267,19.249875797411367,17.466703600723854,16.089845019849303,15.277315510837312,14.904345788915144,14.80220527332952,15.862969361369577,16.683615988042632,16.51085959719364,1.0,1.0,1.0,1.0,1.0,1.0,1.0,1.0,1.0,1.0
513.5,3.0,0.0,0.0,0.0,0.0,0.0,0.0,0.0,0.0,0.0,0.0,0.0,0.0,0.0,0.0,0.0,0.0,0.0,0.0,0.0,0.0
513.75,4.0,0.0,0.0,0.0,0.0,0.0,0.0,0.0,0.0,0.0,0.0,0.0,0.0,0.0,0.0,0.0,0.0,0.0,0.0,0.0,0.0
514.0,1.0,17.178767925208835,17.181814474062303,16.738123926926395,17.438204934388708,19.039482471486917,19.260453991113685,18.588088109126662,19.124249255663955,19.233285049419695,19.156798899878087,1.0,1.0,1.0,1.0,1.0,1.0,1.0,1.0,1.0,1.0
514.25,2.0,17.962100416889687,18.59167127902053,17.29468852589807,14.170400646825899,15.357655044371354,15.465693390277869,15.556983806781293,16.28696778679623,16.909403511524875,17.86042913710292,1.0,1.0,1.0,1.0,1.0,1.0,1.0,1.0,1.0,1.0
514.5,3.0,0.0,0.0,0.0,0.0,0.0,0.0,0.0,0.0,0.0,0.0,0.0,0.0,0.0,0.0,0.0,0.0,0.0,0.0,0.0,0.0
514.75,4.0,18.427621632465815,19.70509675106762,19.657341591386277,19.187955624470874,18.265716260101918,19.079903209901463,18.89849512222447,18.399019914341405,18.791414481891376,18.273229900267243,1.0,1.0,1.0,1.0,1.0,1.0,1.0,1.0,1.0,1.0
515.0,1.0,16.602113755170723,16.153612052495674,16.897970794571815,17.663986713190774,18.9531723971889,19.029333182918464,19.15846645496922,19.08543970352363,18.85984667419438,19.035364247497768,1.0,1.0,1.0,1.0,1.0,1.0,1.0,1.0,1.0,1.0
515.25,2.0,0.0,0.0,0.0,0.0,0.0,0.0,0.0,0.0,0.0,0.0,0.0,0.0,0.0,0.0,0.0,0.0,0.0,0.0,0.0,0.0
515.5,3.0,16.027982555072683,16.21885223891857,16.81450401640603,14.881370219547144,15.475332994792025,14.55797057456245,16.23705743774495,16.645614274584712,16.290388595434592,15.31003945148771,1.0,1.0,1.0,1.0,1.0,1.0,1.0,1.0,1.0,1.0
515.75,4.0,19.72825064564777,19.619811888362037,19.272072298987784,18.809798119396476,18.664367947692973,19.774805508525894,19.444860351157256,18.3214954082558,20.03765279182491,18.818795302584984,1.0,1.0,1.0,1.0,1.0,1.0,1.0,1.0,1.0,1.0
516.0,1.0,15.91529940942814,17.180513631633225,17.843683223184602,18.250222621868698,19.03282182831443,19.242428313449707,18.405407144117053,18.194039402293846,17.441903091517414,17.60279984400875,1.0,1.0,1.0,1.0,1.0,1.0,1.0,1.0,1.0,1.0
516.25,2.0,16.673131924281687,16.3408312486698,15.383808589667884,16.213855304651467,18.41128486571074,17.35272907507963,16.483633583532367,15.323931423475043,14.466221687477146,15.312255709568921,1.0,1.0,1.0,1.0,1.0,1.0,1.0,1.0,1.0,1.0
516.5,3.0,0.0,0.0,0.0,0.0,0.0,0.0,0.0,0.0,0.0,0.0,0.0,0.0,0.0,0.0,0.0,0.0,0.0,0.0,0.0,0.0
516.75,4.0,19.663465331123042,19.872508173689962,19.37164660170721,18.59133135122153,19.20179143905271,19.19893357084842,19.37049010629842,19.1412889981445,19.187609593197223,18.47815132576516,1.0,1.0,1.0,1.0,1.0,1.0,1.0,1.0,1.0,1.0
517.0,1.0,15.627623364390397,17.832666849447673,18.571306792252713,17.369011705190204,18.068692623694893,17.861714241247906,17.360895293351682,17.538293587973325,17.67198484770072,17.16185614923969,1.0,1.0,1.0,1.0,1.0,1.0,1.0,1.0,1.0,1.0
517.25,2.0,0.0,0.0,0.0,0.0,0.0,0.0,0.0,0.0,0.0,0.0,0.0,0.0,0.0,0.0,0.0,0.0,0.0,0.0,0.0,0.0
517.5,3.0,16.129958157769178,16.76914178173831,16.409604321891553,15.769041082623746,17.15722295633714,16.27271353044428,17.3352049995635,16.031443193573466,15.897223960254145,14.95789609017545,1.0,1.0,1.0,1.0,1.0,1.0,1.0,1.0,1.0,1.0
517.75,4.0,20.21359813966807,20.79347651037943,19.102188518310154,18.312089609590004,18.440591143665678,19.43690700263313,19.803608454819347,19.085127490870892,18.79113509315182,18.98032645526217,1.0,1.0,1.0,1.0,1.0,1.0,1.0,1.0,1.0,1.0
518.0,1.0,0.0,0.0,0.0,0.0,0.0,0.0,0.0,0.0,0.0,0.0,0.0,0.0,0.0,0.0,0.0,0.0,0.0,0.0,0.0,0.0
518.25,2.0,0.0,0.0,0.0,0.0,0.0,0.0,0.0,0.0,0.0,0.0,0.0,0.0,0.0,0.0,0.0,0.0,0.0,0.0,0.0,0.0
518.5,3.0,17.981430764167808,18.00975044340279,18.612449793724988,16.096391187467493,16.479823241420622,16.640572063276572,16.56703836054949,16.25296277459969,15.687150923255388,13.956921407274226,1.0,1.0,1.0,1.0,1.0,1.0,1.0,1.0,1.0,1.0
518.75,4.0,0.0,0.0,0.0,0.0,0.0,0.0,0.0,0.0,0.0,0.0,0.0,0.0,0.0,0.0,0.0,0.0,0.0,0.0,0.0,0.0
519.0,1.0,18.014770028671315,19.129701278350165,17.44634991139605,16.67047342291112,18.61028980134109,18.22415455742757,17.971196503596644,17.687444101891423,16.724667803923385,17.67021756523418,1.0,1.0,1.0,1.0,1.0,1.0,1.0,1.0,1.0,1.0
519.25,2.0,16.120716875190123,16.6969321036842,17.553372587430054,18.404835276334666,18.70635529801298,17.614845321959017,15.84932524363489,14.185153221471815,14.314329313595575,15.029855675530172,1.0,1.0,1.0,1.0,1.0,1.0,1.0,1.0,1.0,1.0
519.5,3.0,0.0,0.0,0.0,0.0,0.0,0.0,0.0,0.0,0.0,0.0,0.0,0.0,0.0,0.0,0.0,0.0,0.0,0.0,0.0,0.0
519.75,4.0,20.878278000308914,20.574683192837487,18.846704546008105,17.75327509519544,18.597774972337255,19.21775770225984,19.51982089045154,19.83057852052419,19.77923326985099,19.6816008489911,1.0,1.0,1.0,1.0,1.0,1.0,1.0,1.0,1.0,1.0
520.0,1.0,18.345147822924073,19.51545635635556,17.529016622019665,17.946550199888616,19.811207603589015,19.009989204748983,18.51387618145523,18.262548004296775,18.39618642809664,18.427290202286553,1.0,1.0,1.0,1.0,1.0,1.0,1.0,1.0,1.0,1.0
520.25,2.0,0.0,0.0,0.0,0.0,0.0,0.0,0.0,0.0,0.0,0.0,0.0,0.0,0.0,0.0,0.0,0.0,0.0,0.0,0.0,0.0
520.5,3.0,18.473682968427713,18.575958169227004,17.930042815642086,17.38094092971943,17.607211245182548,16.95410124474898,16.278534164091283,14.914741138303409,15.658978451521463,15.110656997281481,1.0,1.0,1.0,1.0,1.0,1.0,1.0,1.0,1.0,1.0
520.75,4.0,19.58072591804563,19.31546703162437,18.309552973824147,17.9861261778797,19.691690678830245,20.558471870950957,20.874258967223852,21.608908509639367,20.809502323238952,21.475565553495173,1.0,1.0,1.0,1.0,1.0,1.0,1.0,1.0,1.0,1.0
521.0,1.0,0.0,0.0,0.0,0.0,0.0,0.0,0.0,0.0,0.0,0.0,0.0,0.0,0.0,0.0,0.0,0.0,0.0,0.0,0.0,0.0
521.25,2.0,17.616410254087402,18.038317278499395,18.25340092798375,18.190456903079593,18.067663366332603,17.135843384526837,15.769077434781961,15.118667023667506,15.357192535882124,15.566784314928798,1.0,1.0,1.0,1.0,1.0,1.0,1.0,1.0,1.0,1.0
521.5,3.0,0.0,0.0,0.0,0.0,0.0,0.0,0.0,0.0,0.0,0.0,0.0,0.0,0.0,0.0,0.0,0.0,0.0,0.0,0.0,0.0
521.75,4.0,0.0,0.0,0.0,0.0,0.0,0.0,0.0,0.0,0.0,0.0,0.0,0.0,0.0,0.0,0.0,0.0,0.0,0.0,0.0,0.0
522.0,1.0,19.419994435901984,21.770054701336807,20.356648727189448,19.91691016097079,18.840605310577153,19.864276798306268,19.930501968707937,19.370742228782888,19.771459471011717,18.66797768836448,1.0,1.0,1.0,1.0,1.0,1.0,1.0,1.0,1.0,1.0
522.25,2.0,18.16628492625887,18.038762935140205,18.532663485786035,16.90054621507892,16.867313899330252,16.69762454799428,16.89732487053787,16.135255606764062,16.681497090384493,15.765801295661477,1.0,1.0,1.0,1.0,1.0,1.0,1.0,1.0,1.0,1.0
522.5,3.0,0.0,0.0,0.0,0.0,0.0,0.0,0.0,0.0,0.0,0.0,0.0,0.0,0.0,0.0,0.0,0.0,0.0,0.0,0.0,0.0
522.75,4.0,18.8629831329111,19.67458574104609,18.763410964602773,19.025429546828146,20.016792563856285,20.147089558652567,20.175257017872834,21.376334101413505,20.664711222124005,21.450753319996476,1.0,1.0,1.0,1.0,1.0,1.0,1.0,1.0,1.0,1.0
523.0,1.0,19.124790567976547,20.691090230623395,20.14247450574345,19.47846448276642,18.953904104906353,19.38402302773325,18.73793087197333,18.424123361317776,19.39901340493245,19.345807494087254,1.0,1.0,1.0,1.0,1.0,1.0,1.0,1.0,1.0,1.0
523.25,2.0,0.0,0.0,0.0,0.0,0.0,0.0,0.0,0.0,0.0,0.0,0.0,0.0,0.0,0.0,0.0,0.0,0.0,0.0,0.0,0.0
523.5,3.0,18.072162600429177,19.24297490245304,18.163066853979988,18.840050560446077,18.15552479865158,16.788041748735534,17.944014795079404,17.26449324034672,17.742988227731296,17.125566883426778,1.0,1.0,1.0,1.0,1.0,1.0,1.0,1.0,1.0,1.0
523.75,4.0,18.631949523073956,19.76211215759284,19.292306502590236,19.453576432247658,19.687692523513316,19.952603466485694,20.06682343731971,20.120093957143464,19.805610810012354,22.267068422678857,1.0,1.0,1.0,1.0,1.0,1.0,1.0,1.0,1.0,1.0
524.0,1.0,18.125716548928064,21.18296843188768,20.124910678438454,18.622207034293645,18.44006879439216,18.837457604723433,17.90400607863022,18.876318537871004,20.64070852389061,20.80075021019581,1.0,1.0,1.0,1.0,1.0,1.0,1.0,1.0,1.0,1.0
524.25,2.0,16.95580634963174,15.752161517038019,17.453497546361227,16.53597524590085,16.346466380011815,16.14908192999259,15.250997113102859,15.28397326775456,16.141687940819786,16.144637963703488,1.0,1.0,1.0,1.0,1.0,1.0,1.0,1.0,1.0,1.0
524.5,3.0,0.0,0.0,0.0,0.0,0.0,0.0,0.0,0.0,0.0,0.0,0.0,0.0,0.0,0.0,0.0,0.0,0.0,0.0,0.0,0.0
524.75,4.0,19.6370257118831,20.485807142661212,19.38968732537871,19.330455230492333,19.819256930863215,20.71910788933473,21.14850122957435,21.827773420635065,21.465569773023326,22.25776638537778,1.0,1.0,1.0,1.0,1.0,1.0,1.0,1.0,1.0,1.0
525.0,1.0,19.5025077557489,22.13866677042592,18.890536675122892,19.11283919492399,18.250137991070016,19.030283299801795,19.41907488792717,19.642911994288088,21.02558222630752,19.723210421781978,1.0,1.0,1.0,1.0,1.0,1.0,1.0,1.0,1.0,1.0
525.25,2.0,0.0,0.0,0.0,0.0,0.0,0.0,0.0,0.0,0.0,0.0,0.0,0.0,0.0,0.0,0.0,0.0,0.0,0.0,0.0,0.0
525.5,3.0,18.123511704318584,18.334239856942602,17.83167896831623,18.738236380580354,16.566451429205475,16.52774565256365,16.571134790615105,17.259898687501188,16.77266030232104,16.621012564938553,1.0,1.0,1.0,1.0,1.0,1.0,1.0,1.0,1.0,1.0
525.75,4.0,20.229683521075977,20.61804954056622,18.549534477518833,18.427741233971698,19.48073551614235,21.219737771577822,21.42051638463158,22.08543160466502,22.64695534717668,22.97524797454267,1.0,1.0,1.0,1.0,1.0,1.0,1.0,1.0,1.0,1.0
526.0,1.0,0.0,0.0,0.0,0.0,0.0,0.0,0.0,0.0,0.0,0.0,0.0,0.0,0.0,0.0,0.0,0.0,0.0,0.0,0.0,0.0
526.25,2.0,0.0,0.0,0.0,0.0,0.0,0.0,0.0,0.0,0.0,0.0,0.0,0.0,0.0,0.0,0.0,0.0,0.0,0.0,0.0,0.0
526.5,3.0,17.62635278481796,18.100893998652133,17.760975994963452,17.19176801143393,16.70575019553617,16.98837075399128,16.848586415793886,16.42914127460384,15.959703020399719,16.600869858462296,1.0,1.0,1.0,1.0,1.0,1.0,1.0,1.0,1.0,1.0
526.75,4.0,0.0,0.0,0.0,0.0,0.0,0.0,0.0,0.0,0.0,0.0,0.0,0.0,0.0,0.0,0.0,0.0,0.0,0.0,0.0,0.0
527.0,1.0,18.79218174231891,18.872406762239205,17.19796977947694,17.737270854156222,17.170969648123478,18.388556712595463,18.018791586093524,16.842432265047684,17.39529449537644,16.602841631106365,1.0,1.0,1.0,1.0,1.0,1.0,1.0,1.0,1.0,1.0
527.25,2.0,15.451828505891434,15.680645329678832,15.6697232452855,15.180724894581523,15.392955681133337,14.878599551142134,15.599531631453107,16.667717382743533,16.033838662803774,16.340361170818138,1.0,1.0,1.0,1.0,1.0,1.0,1.0,1.0,1.0,1.0
527.5,3.0,0.0,0.0,0.0,0.0,0.0,0.0,0.0,0.0,0.0,0.0,0.0,0.0,0.0,0.0,0.0,0.0,0.0,0.0,0.0,0.0
527.75,4.0,19.753962508403188,19.388935574791134,18.478226932900423,20.264583997590343,20.705160218615937,22.262880639585777,22.349571542868848,23.52948734702181,23.38788485915326,22.68275128330188,1.0,1.0,1.0,1.0,1.0,1.0,1.0,1.0,1.0,1.0
528.0,1.0,16.873051976104392,18.40489780106643,17.575038237103357,17.5295372411543,17.249894616023653,17.078138193407455,17.63753845075842,16.94858054003633,16.48519863402376,16.3095581699234,1.0,1.0,1.0,1.0,1.0,1.0,1.0,1.0,1.0,1.0
528.25,2.0,0.0,0.0,0.0,0.0,0.0,0.0,0.0,0.0,0.0,0.0,0.0,0.0,0.0,0.0,0.0,0.0,0.0,0.0,0.0,0.0
528.5,3.0,19.21644628608832,17.664276044535434,16.675701698033645,17.162995183859753,16.661480546704258,16.983733867935687,15.813653563796404,14.884292769961895,15.018174844941507,14.848081237428572,1.0,1.0,1.0,1.0,1.0,1.0,1.0,1.0,1.0,1.0
528.75,4.0,19.02507477673273,18.666099220491827,19.90341493572642,20.71860498064581,21.313955838960762,23.303881455519907,22.91792368585886,23.653041133589507,23.115041377143978,22.42273845293089,1.0,1.0,1.0,1.0,1.0,1.0,1.0,1.0,1.0,1.0
529.0,1.0,0.0,0.0,0.0,0.0,0.0,0.0,0.0,0.0,0.0,0.0,0.0,0.0,0.0,0.0,0.0,0.0,0.0,0.0,0.0,0.0
529.25,2.0,15.272896274304712,15.288390981373887,15.676003477624773,15.427277164372363,15.27133486723332,16.30183736268398,17.690580886037804,18.338564353282457,17.584449716580416,18.236922109332173,1.0,1.0,1.0,1.0,1.0,1.0,1.0,1.0,1.0,1.0
529.5,3.0,0.0,0.0,0.0,0.0,0.0,0.0,0.0,0.0,0.0,0.0,0.0,0.0,0.0,0.0,0.0,0.0,0.0,0.0,0.0,0.0
529.75,4.0,0.0,0.0,0.0,0.0,0.0,0.0,0.0,0.0,0.0,0.0,0.0,0.0,0.0,0.0,0.0,0.0,0.0,0.0,0.0,0.0
530.0,1.0,17.69430567406462,19.328748573069547,18.619146084707033,17.683577929497375,17.41580111628137,17.253353408926845,17.884609572804614,17.174869194793384,17.006384306969526,16.689143434518947,1.0,1.0,1.0,1.0,1.0,1.0,1.0,1.0,1.0,1.0
530.25,2.0,16.723053086326136,15.310558496231268,14.51869408081802,14.401778963429194,15.382917422722548,15.44545826346343,17.28896173674225,17.980969130024842,17.417047202664325,18.752363290478794,1.0,1.0,1.0,1.0,1.0,1.0,1.0,1.0,1.0,1.0
530.5,3.0,18.698160988444926,18.719095229488914,18.226293782395103,16.548689037243793,17.328694770262402,17.55365560505964,16.870769428474016,15.755979234987086,16.181139661963268,16.59784185034332,1.0,1.0,1.0,1.0,1.0,1.0,1.0,1.0,1.0,1.0
530.75,4.0,17.99463415341728,20.330021899601356,21.632609127273884,21.90999923332566,21.433464865276523,21.086801174317543,21.299253313904792,21.51607341902551,21.414079219603703,21.1658064444714,1.0,1.0,1.0,1.0,1.0,1.0,1.0,1.0,1.0,1.0
531.0,1.0,18.487545881680216,19.05894715869297,18.766513568189044,18.523173986174687,16.402397034707775,16.43385014985592,16.897542391586803,15.332750399789898,16.858649328418284,17.2125408564625,1.0,1.0,1.0,1.0,1.0,1.0,1.0,1.0,1.0,1.0
531.25,2.0,0.0,0.0,0.0,0.0,0.0,0.0,0.0,0.0,0.0,0.0,0.0,0.0,0.0,0.0,0.0,0.0,0.0,0.0,0.0,0.0
531.5,3.0,19.22106061555142,18.446051480025154,17.315541331958432,16.286417779328225,17.6917022225009,17.770925907505298,17.53271373016097,16.5409188313034,16.49905463824641,17.314989225795802,1.0,1.0,1.0,1.0,1.0,1.0,1.0,1.0,1.0,1.0
531.75,4.0,18.95090239462354,21.137063790306765,21.958984383986202,21.871990757535972,20.54125904864315,21.417118121881877,21.17002221876324,21.790530230698728,21.389949548725856,21.316471298976083,1.0,1.0,1.0,1.0,1.0,1.0,1.0,1.0,1.0,1.0
532.0,1.0,19.051449348781773,19.25766943412165,18.462071247907083,17.458252202063864,15.745933974121513,15.915939658496669,16.12839781525051,16.246389801748194,17.619917174295868,17.88310564555908,1.0,1.0,1.0,1.0,1.0,1.0,1.0,1.0,1.0,1.0
532.25,2.0,15.320782960865348,15.242250297373204,14.940813527484677,14.921815372850986,17.448646064687754,16.68869961097507,18.381338880722637,18.14837054682981,16.983159666220597,17.696468063491494,1.0,1.0,1.0,1.0,1.0,1.0,1.0,1.0,1.0,1.0
532.5,3.0,0.0,0.0,0.0,0.0,0.0,0.0,0.0,0.0,0.0,0.0,0.0,0.0,0.0,0.0,0.0,0.0,0.0,0.0,0.0,0.0
532.75,4.0,20.05799741418903,21.32027544481165,21.927887208519515,22.86721305343901,21.606670221344427,22.41295051324122,20.860161934664777,21.642528827546517,22.068248002204534,21.14992865289775,1.0,1.0,1.0,1.0,1.0,1.0,1.0,1.0,1.0,1.0
533.0,1.0,19.600989944264704,19.26133677378604,18.066778058562583,16.08105162289262,15.277175122900136,16.038002466738245,16.373408827237785,16.77149287592546,18.27523120913987,18.530736038302827,1.0,1.0,1.0,1.0,1.0,1.0,1.0,1.0,1.0,1.0
533.25,2.0,0.0,0.0,0.0,0.0,0.0,0.0,0.0,0.0,0.0,0.0,0.0,0.0,0.0,0.0,0.0,0.0,0.0,0.0,0.0,0.0
533.5,3.0,18.924064637419107,19.69498453196822,17.98238406972307,18.39047790461636,18.8978486724372,17.970204331856678,19.007855578704447,18.328745842626407,18.087606547774335,17.622579259263624,1.0,1.0,1.0,1.0,1.0,1.0,1.0,1.0,1.0,1.0
533.75,4.0,20.724557469441514,21.038657517342923,21.66563987347433,23.385229849257918,22.180224715432175,22.326856105607984,21.49800911951449,22.04342358128321,22.415649281319784,21.885133193677742,1.0,1.0,1.0,1.0,1.0,1.0,1.0,1.0,1.0,1.0
534.0,1.0,0.0,0.0,0.0,0.0,0.0,0.0,0.0,0.0,0.0,0.0,0.0,0.0,0.0,0.0,0.0,0.0,0.0,0.0,0.0,0.0
534.25,2.0,15.683875039492206,16.82416316072949,17.07667460248415,17.612962171289855,19.536418062948826,18.566081761617305,18.836457204426175,19.259146988863296,18.459856172268168,18.478244897421565,1.0,1.0,1.0,1.0,1.0,1.0,1.0,1.0,1.0,1.0
534.5,3.0,19.35342392192821,19.916028158518763,19.200966512056706,18.84284317393849,19.261476583491532,18.45109295730779,19.611316573265675,18.8345019920978,17.582762683566187,17.746865592423436,1.0,1.0,1.0,1.0,1.0,1.0,1.0,1.0,1.0,1.0
534.75,4.0,0.0,0.0,0.0,0.0,0.0,0.0,0.0,0.0,0.0,0.0,0.0,0.0,0.0,0.0,0.0,0.0,0.0,0.0,0.0,0.0
535.0,1.0,19.34362980381299,17.721387565670078,16.578319741456266,15.67022945115007,17.823413317080462,18.50443177066785,18.92977994611724,18.675181969906646,19.123620550146963,19.522855434576243,1.0,1.0,1.0,1.0,1.0,1.0,1.0,1.0,1.0,1.0
535.25,2.0,16.551968071661392,19.156405863734562,19.222331261720015,19.548203386985694,20.41376478870106,18.488212364865216,17.91678662546756,17.987655810951924,17.27660272813946,17.882799615474795,1.0,1.0,1.0,1.0,1.0,1.0,1.0,1.0,1.0,1.0
535.5,3.0,0.0,0.0,0.0,0.0,0.0,0.0,0.0,0.0,0.0,0.0,0.0,0.0,0.0,0.0,0.0,0.0,0.0,0.0,0.0,0.0
535.75,4.0,18.663848878519538,18.41828042203189,19.658767056496245,21.611758631838782,21.162890308745382,21.386641505375902,22.01118054560862,22.44580540483795,21.982423642864514,20.42034741603219,1.0,1.0,1.0,1.0,1.0,1.0,1.0,1.0,1.0,1.0
536.0,1.0,18.66094838666306,17.85941006165825,15.737022172868436,14.607634353735113,17.838991136608424,18.556044938631715,19.18952537535165,19.148577229971433,20.28407045495814,19.629045343561852,1.0,1.0,1.0,1.0,1.0,1.0,1.0,1.0,1.0,1.0
536.25,2.0,0.0,0.0,0.0,0.0,0.0,0.0,0.0,0.0,0.0,0.0,0.0,0.0,0.0,0.0,0.0,0.0,0.0,0.0,0.0,0.0
536.5,3.0,18.64760835357445,19.180972733491387,18.262510186727397,18.854056189965053,18.5003071215477,17.892551938844264,20.04660725476627,19.38081406686314,18.8987594096476,18.384953998718398,1.0,1.0,1.0,1.0,1.0,1.0,1.0,1.0,1.0,1.0
536.75,4.0,17.786151536681373,18.95792759844951,19.74052566608984,21.678693275403152,22.301319631864676,22.89445496316163,21.678278628795557,21.09519795976399,19.458622544369547,18.82230148995928,1.0,1.0,1.0,1.0,1.0,1.0,1.0,1.0,1.0,1.0
537.0,1.0,16.84600016886383,17.63884860234986,15.723023427671345,15.582082804704221,17.461086116899445,18.994403002463937,19.285872388587908,18.750596298034214,18.884093494482844,18.81595620375687,1.0,1.0,1.0,1.0,1.0,1.0,1.0,1.0,1.0,1.0
537.25,2.0,18.58133548666556,19.630371418793757,20.588214706018412,19.954449080586357,20.325625570599826,19.973060988835975,19.272394433802578,19.306545474077762,18.970108709439707,19.76781613603731,1.0,1.0,1.0,1.0,1.0,1.0,1.0,1.0,1.0,1.0
537.5,3.0,0.0,0.0,0.0,0.0,0.0,0.0,0.0,0.0,0.0,0.0,0.0,0.0,0.0,0.0,0.0,0.0,0.0,0.0,0.0,0.0
537.75,4.0,17.279898600847833,18.5690940128203,20.69251038278547,22.496009609640137,22.68186344526429,23.60404369203084,21.51699331759289,20.95746771595546,19.236187351921615,18.85737549635228,1.0,1.0,1.0,1.0,1.0,1.0,1.0,1.0,1.0,1.0
538.0,1.0,16.303471196512994,17.30035906990535,16.564085568542005,17.568396754675796,18.431995017449864,19.403635090099243,19.006660177568126,18.97786380712299,18.795155799982574,19.14830097930895,1.0,1.0,1.0,1.0,1.0,1.0,1.0,1.0,1.0,1.0
538.25,2.0,19.428745198531796,20.498145330801112,21.80184764609735,19.915058279180716,20.554516816509825,20.06484564960194,19.014502714409584,18.84556375622697,18.85801164248713,19.62069805530968,1.0,1.0,1.0,1.0,1.0,1.0,1.0,1.0,1.0,1.0
538.5,3.0,18.717651885996275,19.467519242642013,19.913965990422497,19.71243125635888,20.787582753106115,22.287933332487718,21.71981657887024,21.41757936141568,20.30505200833552,19.240474144139593,1.0,1.0,1.0,1.0,1.0,1.0,1.0,1.0,1.0,1.0
538.75,4.0,18.290539606249034,19.02656887497886,19.985412608158782,22.56972186921324,22.376610849628168,21.790214158353663,21.065836794339333,20.70035098609187,20.188938646425285,20.08070672058603,1.0,1.0,1.0,1.0,1.0,1.0,1.0,1.0,1.0,1.0
539.0,1.0,0.0,0.0,0.0,0.0,0.0,0.0,0.0,0.0,0.0,0.0,0.0,0.0,0.0,0.0,0.0,0.0,0.0,0.0,0.0,0.0
539.25,2.0,0.0,0.0,0.0,0.0,0.0,0.0,0.0,0.0,0.0,0.0,0.0,0.0,0.0,0.0,0.0,0.0,0.0,0.0,0.0,0.0
539.5,3.0,18.800631368940078,19.3650411666682,19.217678910477826,18.868636647288266,21.03318379080303,22.401743574358797,22.03311960712246,21.061270784824277,19.076571232992553,18.350881860158808,1.0,1.0,1.0,1.0,1.0,1.0,1.0,1.0,1.0,1.0
539.75,4.0,18.37807580843409,18.499032099056016,21.33246212992436,22.309542156188826,22.59927878294664,21.259771441348605,20.24107470423372,21.404118566395002,20.825615646200188,19.653623711864523,1.0,1.0,1.0,1.0,1.0,1.0,1.0,1.0,1.0,1.0
540.0,1.0,16.787322955912718,17.43396790574767,16.66215312711884,18.06171481718899,18.358533294297168,19.388544260541643,18.157359653997254,17.85209409044482,18.209196230113633,19.243854686911373,1.0,1.0,1.0,1.0,1.0,1.0,1.0,1.0,1.0,1.0
540.25,2.0,20.331750641806657,21.5718481060752,21.43281433938285,18.587146164894488,18.600286030752155,19.71347256005178,20.070361563698608,20.370317071237295,21.25646289838007,21.684189288875487,1.0,1.0,1.0,1.0,1.0,1.0,1.0,1.0,1.0,1.0
540.5,3.0,0.0,0.0,0.0,0.0,0.0,0.0,0.0,0.0,0.0,0.0,0.0,0.0,0.0,0.0,0.0,0.0,0.0,0.0,0.0,0.0
540.75,4.0,18.79729796737795,19.605712747409086,21.572972729077755,21.744784610013532,21.628105786208387,20.562913561542807,20.47133505127444,21.609206481427627,20.394771708910568,20.21237191444775,1.0,1.0,1.0,1.0,1.0,1.0,1.0,1.0,1.0,1.0
541.0,1.0,17.569458436915347,17.22590022889475,17.280530290375246,18.745867125860226,18.726713116107994,19.76268089257925,19.47556284509797,19.580484537163596,19.143027486166712,20.04940694025297,1.0,1.0,1.0,1.0,1.0,1.0,1.0,1.0,1.0,1.0
541.25,2.0,0.0,0.0,0.0,0.0,0.0,0.0,0.0,0.0,0.0,0.0,0.0,0.0,0.0,0.0,0.0,0.0,0.0,0.0,0.0,0.0
541.5,3.0,20.2779666228249,19.145718904298608,21.029875090966584,21.435472915010656,20.68337954549142,20.216790999338787,19.40555922256609,18.546180957615483,17.2926059903447,16.32575789015135,1.0,1.0,1.0,1.0,1.0,1.0,1.0,1.0,1.0,1.0
541.75,4.0,18.848215084320465,20.30505680820227,21.214512488826472,21.388713856160184,20.741099635797724,20.233752474935113,20.792853661306093,21.27092861062785,21.268831851029525,19.886078667668585,1.0,1.0,1.0,1.0,1.0,1.0,1.0,1.0,1.0,1.0
542.0,1.0,0.0,0.0,0.0,0.0,0.0,0.0,0.0,0.0,0.0,0.0,0.0,0.0,0.0,0.0,0.0,0.0,0.0,0.0,0.0,0.0
542.25,2.0,20.225455075681634,22.18611376625016,20.552283704778034,19.695311756361356,20.864603248121135,19.694546348382413,19.877053136113545,19.209216175355344,20.981489403478054,21.771293687448463,1.0,1.0,1.0,1.0,1.0,1.0,1.0,1.0,1.0,1.0
542.5,3.0,22.123571082044016,21.04596546623852,21.810334805162878,21.433511958494645,21.94640594076807,20.802838780372284,19.656636932795383,18.099004901069403,17.152302901431366,16.003846938400994,1.0,1.0,1.0,1.0,1.0,1.0,1.0,1.0,1.0,1.0
542.75,4.0,0.0,0.0,0.0,0.0,0.0,0.0,0.0,0.0,0.0,0.0,0.0,0.0,0.0,0.0,0.0,0.0,0.0,0.0,0.0,0.0
543.0,1.0,17.993648263197073,19.199897817825548,19.70386815611613,19.04214343969577,19.862211176263138,19.515316598284848,20.370473761128068,19.88189140151673,20.335257133938313,20.609948132361517,1.0,1.0,1.0,1.0,1.0,1.0,1.0,1.0,1.0,1.0
543.25,2.0,19.769607249047528,20.59937743908504,20.735657591827252,20.13448571469959,21.40180647917882,19.500733893047,20.27902480315745,20.344895085753365,21.228418242062624,22.75653749158909,1.0,1.0,1.0,1.0,1.0,1.0,1.0,1.0,1.0,1.0
543.5,3.0,0.0,0.0,0.0,0.0,0.0,0.0,0.0,0.0,0.0,0.0,0.0,0.0,0.0,0.0,0.0,0.0,0.0,0.0,0.0,0.0
543.75,4.0,18.557654787885667,18.75052243662855,20.24420586486926,19.374835510574382,18.51109726365392,18.43852602166792,19.372958482467354,20.12292952986356,18.891228310650536,17.254602359751587,1.0,1.0,1.0,1.0,1.0,1.0,1.0,1.0,1.0,1.0
544.0,1.0,18.59818012015166,19.808685267754765,20.342935083326434,20.11937863184041,19.852235264721703,19.48927433464279,20.153488988211716,19.110554282440866,18.77124655883176,19.343244870872443,1.0,1.0,1.0,1.0,1.0,1.0,1.0,1.0,1.0,1.0
544.25,2.0,0.0,0.0,0.0,0.0,0.0,0.0,0.0,0.0,0.0,0.0,0.0,0.0,0.0,0.0,0.0,0.0,0.0,0.0,0.0,0.0
544.5,3.0,22.95679178304819,20.666033620046786,20.977736781499775,21.688886966001895,21.015703974742227,19.690882669143967,18.839929167085682,17.17129474937773,17.290262771934035,17.415134631414443,1.0,1.0,1.0,1.0,1.0,1.0,1.0,1.0,1.0,1.0
544.75,4.0,18.918342612101508,17.936131610955176,18.430320194485763,18.04720676152087,17.346546293196052,17.59645839134081,17.28662619783665,17.80531831753811,16.517091595682786,17.0675692495104,1.0,1.0,1.0,1.0,1.0,1.0,1.0,1.0,1.0,1.0
545.0,1.0,18.47888444538939,19.693335584933806,20.88338064660375,21.269147033920298,19.51504436140748,20.11264670945212,20.71092996802577,20.586937844547496,20.260466808643034,20.275677702482717,1.0,1.0,1.0,1.0,1.0,1.0,1.0,1.0,1.0,1.0
545.25,2.0,18.666440275564224,18.52879426887935,21.139989713616178,20.380885464128347,19.95812282378531,20.677535384471717,22.30357205468017,22.96740962972978,22.116415317469578,22.304205534689768,1.0,1.0,1.0,1.0,1.0,1.0,1.0,1.0,1.0,1.0
545.5,3.0,0.0,0.0,0.0,0.0,0.0,0.0,0.0,0.0,0.0,0.0,0.0,0.0,0.0,0.0,0.0,0.0,0.0,0.0,0.0,0.0
545.75,4.0,17.752390912640212,16.395615267832948,16.37822151137482,17.27619897244311,17.352699311882954,17.724229645923543,16.851180388134985,17.798938731770182,17.271655738085016,17.360797391480215,1.0,1.0,1.0,1.0,1.0,1.0,1.0,1.0,1.0,1.0
546.0,1.0,19.656107823765613,20.19666432748727,21.00048451095631,21.74691479799342,20.383129263013945,20.61934704322525,20.276397214681566,19.595181582451918,19.192312112450704,19.09354201705527,1.0,1.0,1.0,1.0,1.0,1.0,1.0,1.0,1.0,1.0
546.25,2.0,18.743240231174273,19.107196850155532,20.855850484921202,19.9289698335682,20.15022249117606,21.90498864444,22.496537071773247,22.1599776987752,21.28270930903352,22.262453072025643,1.0,1.0,1.0,1.0,1.0,1.0,1.0,1.0,1.0,1.0
546.5,3.0,21.996635571173336,22.495795130881277,20.98831332981216,19.89634531226494,20.73113045700745,20.132288688955647,19.846347485999033,19.17909711687238,18.977634820171723,19.47004188342568,1.0,1.0,1.0,1.0,1.0,1.0,1.0,1.0,1.0,1.0
546.75,4.0,17.62134064397549,16.76978117467764,16.74935426698536,15.917129875634437,16.03539466613562,17.149650053888195,16.258067126396107,17.457118960378164,17.501842796039465,16.545128463282687,1.0,1.0,1.0,1.0,1.0,1.0,1.0,1.0,1.0,1.0
547.0,1.0,0.0,0.0,0.0,0.0,0.0,0.0,0.0,0.0,0.0,0.0,0.0,0.0,0.0,0.0,0.0,0.0,0.0,0.0,0.0,0.0
547.25,2.0,0.0,0.0,0.0,0.0,0.0,0.0,0.0,0.0,0.0,0.0,0.0,0.0,0.0,0.0,0.0,0.0,0.0,0.0,0.0,0.0
547.5,3.0,22.72541620701626,21.823877380985,20.787417720207188,20.186729482525696,20.204622330738434,19.529881948929884,19.96018830218951,18.54135058109402,19.04873995230678,17.95690656690249,1.0,1.0,1.0,1.0,1.0,1.0,1.0,1.0,1.0,1.0
547.75,4.0,0.0,0.0,0.0,0.0,0.0,0.0,0.0,0.0,0.0,0.0,0.0,0.0,0.0,0.0,0.0,0.0,0.0,0.0,0.0,0.0
548.0,1.0,20.071628087861253,20.648469777083477,20.963487523249306,21.17240033847749,20.181666342399094,20.69646350088472,19.72237108260417,20.044584157505103,20.84260169155576,21.129386347458745,1.0,1.0,1.0,1.0,1.0,1.0,1.0,1.0,1.0,1.0
548.25,2.0,21.124837713225833,19.35488600748967,21.009702803661025,19.817217392595644,19.198458056604387,20.68755197706808,21.635269476595422,21.260776589681488,20.667996644819844,21.219740895758093,1.0,1.0,1.0,1.0,1.0,1.0,1.0,1.0,1.0,1.0
548.5,3.0,0.0,0.0,0.0,0.0,0.0,0.0,0.0,0.0,0.0,0.0,0.0,0.0,0.0,0.0,0.0,0.0,0.0,0.0,0.0,0.0
548.75,4.0,20.07281459322461,17.21981002273203,15.385700023381435,16.328485026008398,15.69527304912077,17.89427968648374,18.549354265451008,18.59493959005873,18.723957258966312,18.607617361088078,1.0,1.0,1.0,1.0,1.0,1.0,1.0,1.0,1.0,1.0
549.0,1.0,20.450903318162798,20.085540062530036,21.049065165353504,20.57804307883514,19.56141106543946,20.266958159657044,20.46581337517477,20.026583890773363,21.72243259700783,21.811308027580793,1.0,1.0,1.0,1.0,1.0,1.0,1.0,1.0,1.0,1.0
549.25,2.0,0.0,0.0,0.0,0.0,0.0,0.0,0.0,0.0,0.0,0.0,0.0,0.0,0.0,0.0,0.0,0.0,0.0,0.0,0.0,0.0
549.5,3.0,21.847814237889246,19.474886383874907,18.94469534735189,19.139649380642897,19.15693975791923,18.125306123946533,17.529144658033786,15.985666780249625,16.196377754208914,15.0014824710867,1.0,1.0,1.0,1.0,1.0,1.0,1.0,1.0,1.0,1.0
549.75,4.0,19.679102911743463,16.981665602529013,16.07997326019461,16.501910441391,16.739747075012247,17.21002008739628,17.729118892999477,18.219415224504715,18.099764062692028,18.940069502801588,1.0,1.0,1.0,1.0,1.0,1.0,1.0,1.0,1.0,1.0
550.0,1.0,0.0,0.0,0.0,0.0,0.0,0.0,0.0,0.0,0.0,0.0,0.0,0.0,0.0,0.0,0.0,0.0,0.0,0.0,0.0,0.0
550.25,2.0,19.87643562487886,19.449925640705736,20.01278883528588,19.992270268927317,20.34651518643739,20.647899298128376,20.82237115739879,21.545276264244897,20.80756577474693,20.19408690830375,1.0,1.0,1.0,1.0,1.0,1.0,1.0,1.0,1.0,1.0
550.5,3.0,0.0,0.0,0.0,0.0,0.0,0.0,0.0,0.0,0.0,0.0,0.0,0.0,0.0,0.0,0.0,0.0,0.0,0.0,0.0,0.0
550.75,4.0,0.0,0.0,0.0,0.0,0.0,0.0,0.0,0.0,0.0,0.0,0.0,0.0,0.0,0.0,0.0,0.0,0.0,0.0,0.0,0.0
551.0,1.0,21.197962658208272,20.51771895486705,20.37396668864212,20.192005798028003,19.305993451678468,20.182330473258,20.62397666371053,20.409467568339622,21.507720295751835,21.38394839272848,1.0,1.0,1.0,1.0,1.0,1.0,1.0,1.0,1.0,1.0
551.25,2.0,19.710751323480498,20.058634433367832,20.057454103200378,20.73921263308652,20.730383776908656,20.62547274498343,19.952711621583145,19.79068520853308,19.68692260959142,19.161191646176903,1.0,1.0,1.0,1.0,1.0,1.0,1.0,1.0,1.0,1.0
551.5,3.0,0.0,0.0,0.0,0.0,0.0,0.0,0.0,0.0,0.0,0.0,0.0,0.0,0.0,0.0,0.0,0.0,0.0,0.0,0.0,0.0
551.75,4.0,18.864374576023767,16.161006625589156,15.424738872393142,17.045335035771863,18.373072253728047,19.05919878136374,19.465463779396227,19.6554947830352,19.900709764722517,19.803235157664478,1.0,1.0,1.0,1.0,1.0,1.0,1.0,1.0,1.0,1.0
552.0,1.0,20.813461807820655,20.9892337004551,20.472685356217145,20.320034798025404,19.46627045609367,21.79847350262162,21.97415356701792,20.75365131757851,21.013076409238366,22.081429793254024,1.0,1.0,1.0,1.0,1.0,1.0,1.0,1.0,1.0,1.0
552.25,2.0,0.0,0.0,0.0,0.0,0.0,0.0,0.0,0.0,0.0,0.0,0.0,0.0,0.0,0.0,0.0,0.0,0.0,0.0,0.0,0.0
552.5,3.0,20.74867480420645,18.788398869223695,19.85309772861117,18.4925479590336,15.39044111239675,14.4604725069133,14.86588522633273,13.949462587275395,13.791623128382032,13.745671893243133,1.0,1.0,1.0,1.0,1.0,1.0,1.0,1.0,1.0,1.0
552.75,4.0,17.564355912127642,15.660205049363096,16.43068233271668,16.858880125485804,19.07524516205371,19.33056062319532,19.59031466461683,19.900130091654017,19.35579325457538,19.31935214826148,1.0,1.0,1.0,1.0,1.0,1.0,1.0,1.0,1.0,1.0
553.0,1.0,21.385939988790128,20.33211042410343,20.991031273055903,20.859654849167317,18.878096967655974,20.312042729966798,20.32805463619205,21.104207193212574,21.96611344269326,21.572522366573423,1.0,1.0,1.0,1.0,1.0,1.0,1.0,1.0,1.0,1.0
553.25,2.0,20.652983863734864,20.755015258415266,20.164607241082564,20.35045803961329,18.460963390772353,18.940727341799295,19.352204185661204,18.93201518765566,18.523117182293962,18.259686890587673,1.0,1.0,1.0,1.0,1.0,1.0,1.0,1.0,1.0,1.0
553.5,3.0,0.0,0.0,0.0,0.0,0.0,0.0,0.0,0.0,0.0,0.0,0.0,0.0,0.0,0.0,0.0,0.0,0.0,0.0,0.0,0.0
553.75,4.0,16.893787747290254,16.476105003534634,15.886920863261286,16.70790910356777,18.61740537502985,19.362682330815964,19.357444307625105,20.017854565019526,19.546223861214468,19.535240791965524,1.0,1.0,1.0,1.0,1.0,1.0,1.0,1.0,1.0,1.0
554.0,1.0,21.565098503999565,20.11572930718415,21.309830086993088,20.656360570867243,18.502560280778784,19.902643898709798,20.14478999393119,20.745835056106422,20.37300129539524,20.55198209106749,1.0,1.0,1.0,1.0,1.0,1.0,1.0,1.0,1.0,1.0
554.25,2.0,0.0,0.0,0.0,0.0,0.0,0.0,0.0,0.0,0.0,0.0,0.0,0.0,0.0,0.0,0.0,0.0,0.0,0.0,0.0,0.0
554.5,3.0,19.06616371135717,16.794289323750316,15.298466452753734,14.524776105800077,13.909410377968335,14.098229270979171,14.048082714252555,14.022558539280954,14.517951600507836,14.852266402164942,1.0,1.0,1.0,1.0,1.0,1.0,1.0,1.0,1.0,1.0
554.75,4.0,16.188647711080296,17.098355625486974,15.756567946512337,16.59436280635666,19.14677731464716,18.98858876906461,19.84352959247304,19.70527779001488,18.49549359576933,18.399025731126475,1.0,1.0,1.0,1.0,1.0,1.0,1.0,1.0,1.0,1.0
555.0,1.0,0.0,0.0,0.0,0.0,0.0,0.0,0.0,0.0,0.0,0.0,0.0,0.0,0.0,0.0,0.0,0.0,0.0,0.0,0.0,0.0
555.25,2.0,0.0,0.0,0.0,0.0,0.0,0.0,0.0,0.0,0.0,0.0,0.0,0.0,0.0,0.0,0.0,0.0,0.0,0.0,0.0,0.0
555.5,3.0,19.315807413439096,16.022555549159083,14.930031832762007,13.563804430204893,12.0955040349681,13.248044058680835,13.863105332942167,14.036944265328149,14.11782201958373,14.659782291830844,1.0,1.0,1.0,1.0,1.0,1.0,1.0,1.0,1.0,1.0
555.75,4.0,0.0,0.0,0.0,0.0,0.0,0.0,0.0,0.0,0.0,0.0,0.0,0.0,0.0,0.0,0.0,0.0,0.0,0.0,0.0,0.0
556.0,1.0,22.84458234313822,20.9408726798804,22.399547234601684,21.29491966956656,19.44718949937089,19.808460674415922,19.84799395011612,19.091883355372747,18.858455482953282,18.534757025736347,1.0,1.0,1.0,1.0,1.0,1.0,1.0,1.0,1.0,1.0
556.25,2.0,20.76122539730192,20.326137684222548,17.899836196400415,16.958367333983045,18.49100748446215,18.972024600377544,19.289764055384758,18.924245443903665,19.554140741175765,20.15942333626548,1.0,1.0,1.0,1.0,1.0,1.0,1.0,1.0,1.0,1.0
556.5,3.0,0.0,0.0,0.0,0.0,0.0,0.0,0.0,0.0,0.0,0.0,0.0,0.0,0.0,0.0,0.0,0.0,0.0,0.0,0.0,0.0
556.75,4.0,16.92950701924791,17.48541829407549,16.50591137013912,17.04687726380888,18.120543122257615,17.81690284138695,17.53416483205089,17.330122525167834,16.524974166561687,15.905386857792218,1.0,1.0,1.0,1.0,1.0,1.0,1.0,1.0,1.0,1.0
557.0,1.0,21.429848988777508,20.565027877410024,21.98468219765407,21.793200813543056,20.633594164491722,20.342883226299755,20.356748858186066,19.949861238856883,18.34446383227355,17.878532049956334,1.0,1.0,1.0,1.0,1.0,1.0,1.0,1.0,1.0,1.0
557.25,2.0,0.0,0.0,0.0,0.0,0.0,0.0,0.0,0.0,0.0,0.0,0.0,0.0,0.0,0.0,0.0,0.0,0.0,0.0,0.0,0.0
557.5,3.0,17.527620996113857,16.175570489234413,13.437106409473405,11.075685235241474,12.412744375869961,14.351974142407837,15.359742047168892,15.722264996252711,15.943349673879679,16.396420018201937,1.0,1.0,1.0,1.0,1.0,1.0,1.0,1.0,1.0,1.0
557.75,4.0,17.47886430304813,16.468608979789895,15.137170323835914,15.618579947111973,16.889385836940708,16.553321123588017,16.172106976841647,15.951788519516757,16.13121305805064,16.260717387633516,1.0,1.0,1.0,1.0,1.0,1.0,1.0,1.0,1.0,1.0
558.0,1.0,0.0,0.0,0.0,0.0,0.0,0.0,0.0,0.0,0.0,0.0,0.0,0.0,0.0,0.0,0.0,0.0,0.0,0.0,0.0,0.0
558.25,2.0,18.20176349240631,16.96594859882399,16.137698653717813,15.112009623767467,17.83322130007689,19.893404590370366,20.63560927946171,20.473312324642446,20.621351385072778,20.281429229157037,1.0,1.0,1.0,1.0,1.0,1.0,1.0,1.0,1.0,1.0
558.5,3.0,0.0,0.0,0.0,0.0,0.0,0.0,0.0,0.0,0.0,0.0,0.0,0.0,0.0,0.0,0.0,0.0,0.0,0.0,0.0,0.0
558.75,4.0,0.0,0.0,0.0,0.0,0.0,0.0,0.0,0.0,0.0,0.0,0.0,0.0,0.0,0.0,0.0,0.0,0.0,0.0,0.0,0.0
559.0,1.0,20.219766446917646,21.864816239754795,21.142105058324432,21.863685552149477,20.08717564689195,20.306853858512156,20.70462523490343,19.139235026519923,18.501768608116723,18.101377270422958,1.0,1.0,1.0,1.0,1.0,1.0,1.0,1.0,1.0,1.0
559.25,2.0,16.974194928740165,16.026934609476474,14.968854675487503,14.996194390598216,18.588938956765418,20.205516333166546,21.84482999780589,20.730848884694932,21.54873429810622,21.42526924596008,1.0,1.0,1.0,1.0,1.0,1.0,1.0,1.0,1.0,1.0
559.5,3.0,0.0,0.0,0.0,0.0,0.0,0.0,0.0,0.0,0.0,0.0,0.0,0.0,0.0,0.0,0.0,0.0,0.0,0.0,0.0,0.0
559.75,4.0,17.11046476361033,16.21449088846289,15.318639173350425,16.516902394091307,16.453860689372835,16.665886459983913,17.11303515161319,17.195362712075312,16.56858138482351,16.703577697586105,1.0,1.0,1.0,1.0,1.0,1.0,1.0,1.0,1.0,1.0
560.0,1.0,20.04551869347553,21.45457807102974,21.128169299616083,21.417930931002992,20.528618557075752,20.569056231995532,20.500538396373766,18.70550273127959,17.724001599592363,18.453992022688276,1.0,1.0,1.0,1.0,1.0,1.0,1.0,1.0,1.0,1.0
560.25,2.0,0.0,0.0,0.0,0.0,0.0,0.0,0.0,0.0,0.0,0.0,0.0,0.0,0.0,0.0,0.0,0.0,0.0,0.0,0.0,0.0
560.5,3.0,15.640748665547559,13.47670845090765,12.04481955923132,13.593836545411573,16.036681198043,15.203227512632877,14.882226090522558,14.300095139468086,14.460252402978524,14.129169604070503,1.0,1.0,1.0,1.0,1.0,1.0,1.0,1.0,1.0,1.0
560.75,4.0,16.25574851548638,14.137373314186712,15.524090728778575,16.8764313036723,16.81102950088642,16.071989130220892,16.44805483874982,16.903935180960037,17.673106432519667,18.876193275103223,1.0,1.0,1.0,1.0,1.0,1.0,1.0,1.0,1.0,1.0
561.0,1.0,20.204747542847496,21.105531944940108,20.74924860201222,20.653047271789948,19.33039015538642,19.343229660507735,18.94073908176911,18.308588878527374,18.27682624093746,19.090138295144197,1.0,1.0,1.0,1.0,1.0,1.0,1.0,1.0,1.0,1.0
561.25,2.0,16.285509848320952,16.17000852536394,17.568852348543874,18.22320028333009,19.83349871936486,20.058322504164376,20.829578276408903,20.146632659194143,20.305504018121766,19.447209756765513,1.0,1.0,1.0,1.0,1.0,1.0,1.0,1.0,1.0,1.0
561.5,3.0,0.0,0.0,0.0,0.0,0.0,0.0,0.0,0.0,0.0,0.0,0.0,0.0,0.0,0.0,0.0,0.0,0.0,0.0,0.0,0.0
561.75,4.0,14.55589845212848,13.366631426518879,16.146887344003552,16.340706823947464,16.76615805910873,16.557109688900468,17.546321338213225,17.66553187331539,18.542743351083413,18.321832214840185,1.0,1.0,1.0,1.0,1.0,1.0,1.0,1.0,1.0,1.0
562.0,1.0,20.627976807485272,20.858233624147463,19.94996066410694,20.251848947911558,19.79021290949237,19.947335972715578,19.703092170894326,19.15640604211631,18.721058641989444,18.685752459534786,1.0,1.0,1.0,1.0,1.0,1.0,1.0,1.0,1.0,1.0
562.25,2.0,0.0,0.0,0.0,0.0,0.0,0.0,0.0,0.0,0.0,0.0,0.0,0.0,0.0,0.0,0.0,0.0,0.0,0.0,0.0,0.0
562.5,3.0,13.929727882623748,13.906857179117017,12.370325312667557,13.031585695154781,14.105763145023536,14.678417110099845,14.341836125130193,14.815853075035763,14.157012032434084,14.893520809299016,1.0,1.0,1.0,1.0,1.0,1.0,1.0,1.0,1.0,1.0
562.75,4.0,14.149486788707797,13.689333426739868,14.77662808589234,16.456796144682926,17.425979513746984,17.60498155500864,18.673037659528845,18.741749059271807,20.42603418709435,19.947392737147958,1.0,1.0,1.0,1.0,1.0,1.0,1.0,1.0,1.0,1.0
563.0,1.0,0.0,0.0,0.0,0.0,0.0,0.0,0.0,0.0,0.0,0.0,0.0,0.0,0.0,0.0,0.0,0.0,0.0,0.0,0.0,0.0
563.25,2.0,0.0,0.0,0.0,0.0,0.0,0.0,0.0,0.0,0.0,0.0,0.0,0.0,0.0,0.0,0.0,0.0,0.0,0.0,0.0,0.0
563.5,3.0,13.935851044950708,14.001821981757136,12.241457493088788,12.518975506936918,14.172636947356457,14.063943523017876,15.09247367456989,15.02459581603103,14.945409376175142,15.528723550732824,1.0,1.0,1.0,1.0,1.0,1.0,1.0,1.0,1.0,1.0
563.75,4.0,0.0,0.0,0.0,0.0,0.0,0.0,0.0,0.0,0.0,0.0,0.0,0.0,0.0,0.0,0.0,0.0,0.0,0.0,0.0,0.0
564.0,1.0,20.06831460799829,21.46478994167115,22.102358655985345,22.094642183936262,20.855730636263747,19.20954831210412,18.653679397573487,19.493546860173776,19.102208730428263,19.66075904494613,1.0,1.0,1.0,1.0,1.0,1.0,1.0,1.0,1.0,1.0
564.25,2.0,19.43214416863534,20.316385926936885,20.755017934945148,18.3352668187431,18.88450059131345,19.879449036934954,20.23604778149017,20.31605568504637,19.29277665984654,18.519450798967053,1.0,1.0,1.0,1.0,1.0,1.0,1.0,1.0,1.0,1.0
564.5,3.0,0.0,0.0,0.0,0.0,0.0,0.0,0.0,0.0,0.0,0.0,0.0,0.0,0.0,0.0,0.0,0.0,0.0,0.0,0.0,0.0
564.75,4.0,14.847409588314953,15.552598611277483,16.00704346670419,17.297181244143303,18.92021808397509,18.179407169755965,18.230488174822092,18.491286195474395,18.955089812001777,18.95856576750118,1.0,1.0,1.0,1.0,1.0,1.0,1.0,1.0,1.0,1.0
565.0,1.0,21.425755207227343,22.226798872673648,22.018552993193147,21.07770807198727,20.54672145995544,19.775146577665666,19.217306267438982,19.868241960742743,18.830789197174344,19.738634662294114,1.0,1.0,1.0,1.0,1.0,1.0,1.0,1.0,1.0,1.0
565.25,2.0,0.0,0.0,0.0,0.0,0.0,0.0,0.0,0.0,0.0,0.0,0.0,0.0,0.0,0.0,0.0,0.0,0.0,0.0,0.0,0.0
565.5,3.0,15.826151063074503,14.323338629941224,11.254260656369835,12.9427152006599,14.50652109567181,15.471633993145002,14.928244755113774,15.53673110271239,16.04047348470854,17.378782943409956,1.0,1.0,1.0,1.0,1.0,1.0,1.0,1.0,1.0,1.0
565.75,4.0,16.929282209442324,17.00880851341842,16.401542639811154,17.73324259795762,18.174878361556992,17.75336459687764,17.95342856232615,18.723099907351248,18.431484856454542,18.411346699371492,1.0,1.0,1.0,1.0,1.0,1.0,1.0,1.0,1.0,1.0
566.0,1.0,0.0,0.0,0.0,0.0,0.0,0.0,0.0,0.0,0.0,0.0,0.0,0.0,0.0,0.0,0.0,0.0,0.0,0.0,0.0,0.0
566.25,2.0,20.3746680117848,19.903707580803268,21.646642720993714,21.583152464037486,21.14315128557301,20.94292723352615,21.161184303805744,19.192877497750402,18.776270672443125,18.054923779699596,1.0,1.0,1.0,1.0,1.0,1.0,1.0,1.0,1.0,1.0
566.5,3.0,0.0,0.0,0.0,0.0,0.0,0.0,0.0,0.0,0.0,0.0,0.0,0.0,0.0,0.0,0.0,0.0,0.0,0.0,0.0,0.0
566.75,4.0,0.0,0.0,0.0,0.0,0.0,0.0,0.0,0.0,0.0,0.0,0.0,0.0,0.0,0.0,0.0,0.0,0.0,0.0,0.0,0.0
567.0,1.0,20.806466612657125,20.913155220444764,19.55669589590881,18.606854405512962,17.700529556210892,18.037815700105835,18.336556934047238,19.15715539728907,18.98414234001145,20.170094054447,1.0,1.0,1.0,1.0,1.0,1.0,1.0,1.0,1.0,1.0
567.25,2.0,20.659209690933714,20.293301831000125,21.509142422183306,21.025108934151422,21.0153342954142,20.775921365177446,20.973468120970566,18.91294057631983,18.078335968185545,17.655756082023295,1.0,1.0,1.0,1.0,1.0,1.0,1.0,1.0,1.0,1.0
567.5,3.0,14.973553415902385,14.853769082220552,14.30019086905808,14.135673011688768,14.677877707620025,17.06044409748746,16.10788031268075,17.426610849871945,17.220992244783194,17.140265938874098,1.0,1.0,1.0,1.0,1.0,1.0,1.0,1.0,1.0,1.0
567.75,4.0,17.81921224223631,16.42231373240241,18.468483393291017,20.151388745021205,21.563813403552793,20.86422242313034,19.681803743250594,19.881271517816895,19.73969757055155,19.30847507019224,1.0,1.0,1.0,1.0,1.0,1.0,1.0,1.0,1.0,1.0
568.0,1.0,20.955845131453952,20.850608271061898,18.234913642673305,17.16338053144446,17.22610015637762,19.152768729893122,19.030633449192237,18.838774361276254,19.307818387574997,19.985346686337863,1.0,1.0,1.0,1.0,1.0,1.0,1.0,1.0,1.0,1.0
568.25,2.0,0.0,0.0,0.0,0.0,0.0,0.0,0.0,0.0,0.0,0.0,0.0,0.0,0.0,0.0,0.0,0.0,0.0,0.0,0.0,0.0
568.5,3.0,16.367339656157057,16.363630032466858,14.006226713051078,14.385263204632855,14.877408613237657,17.13789628172832,16.10533595143201,16.05444484534979,15.674564024609934,15.764514600257067,1.0,1.0,1.0,1.0,1.0,1.0,1.0,1.0,1.0,1.0
568.75,4.0,17.82403657778191,17.478198970453345,19.72635762392544,21.19123745908002,22.186151466987234,20.65680316806314,19.356612069764637,19.102273286508364,17.77624437330278,18.67877226201434,1.0,1.0,1.0,1.0,1.0,1.0,1.0,1.0,1.0,1.0
569.0,1.0,19.261512771845467,18.851463165923285,16.326828084321175,16.505228992440205,18.404415534428857,19.6140324884939,19.32929214498925,18.848020006122997,18.395119651218145,19.349069356502454,1.0,1.0,1.0,1.0,1.0,1.0,1.0,1.0,1.0,1.0
569.25,2.0,19.641019562025797,20.1506407289845,21.578717611784423,20.28736029621591,18.807760177660203,17.838570018580693,18.047198728221872,16.7772215652887,15.573250027940016,16.987049856496018,1.0,1.0,1.0,1.0,1.0,1.0,1.0,1.0,1.0,1.0
569.5,3.0,0.0,0.0,0.0,0.0,0.0,0.0,0.0,0.0,0.0,0.0,0.0,0.0,0.0,0.0,0.0,0.0,0.0,0.0,0.0,0.0
569.75,4.0,17.42601488151544,18.228286441479764,20.700031695241982,21.27404310648273,22.21765156074617,20.703357876402105,19.388183979993066,18.957192455768038,18.668506826860895,18.589303949953432,1.0,1.0,1.0,1.0,1.0,1.0,1.0,1.0,1.0,1.0
570.0,1.0,18.233385836295856,18.391556652554684,15.78664955053604,17.286713807579684,18.923486555682366,19.352733848965034,18.976554348415696,18.266773578564035,18.032113642137894,17.989987733953143,1.0,1.0,1.0,1.0,1.0,1.0,1.0,1.0,1.0,1.0
570.25,2.0,0.0,0.0,0.0,0.0,0.0,0.0,0.0,0.0,0.0,0.0,0.0,0.0,0.0,0.0,0.0,0.0,0.0,0.0,0.0,0.0
570.5,3.0,17.964585128603552,17.262733277323793,15.570245913516263,16.11143561412849,17.002570598678517,17.137000846207194,16.420473908865926,15.610299208484452,15.030597511690601,14.651613591373787,1.0,1.0,1.0,1.0,1.0,1.0,1.0,1.0,1.0,1.0
570.75,4.0,18.026972142287775,19.111117004642455,20.555645599477085,20.220553696604696,22.294185121678172,20.76319629616522,19.774254421255073,19.852112952800976,19.41194405685371,18.79292694106923,1.0,1.0,1.0,1.0,1.0,1.0,1.0,1.0,1.0,1.0
571.0,1.0,0.0,0.0,0.0,0.0,0.0,0.0,0.0,0.0,0.0,0.0,0.0,0.0,0.0,0.0,0.0,0.0,0.0,0.0,0.0,0.0
571.25,2.0,20.34832576365612,20.708607331458317,21.64942654763511,20.150708299554463,18.50084796606964,18.195873972191688,18.300423433364738,18.921253762244948,18.56245676517861,18.323681844732388,1.0,1.0,1.0,1.0,1.0,1.0,1.0,1.0,1.0,1.0
571.5,3.0,18.699595685048735,17.596519959608795,16.329662817414167,16.174678432171774,16.11042115497127,15.232871682709172,14.795490435697776,14.414192287208627,14.120791458966021,13.000148320388865,1.0,1.0,1.0,1.0,1.0,1.0,1.0,1.0,1.0,1.0
571.75,4.0,0.0,0.0,0.0,0.0,0.0,0.0,0.0,0.0,0.0,0.0,0.0,0.0,0.0,0.0,0.0,0.0,0.0,0.0,0.0,0.0
572.0,1.0,18.680668734844012,17.982020758939015,17.454713076026017,16.94078557763681,18.333106840342925,17.456523002747378,16.676531130892307,16.734934910137344,16.224035545277047,17.026763091869146,1.0,1.0,1.0,1.0,1.0,1.0,1.0,1.0,1.0,1.0
572.25,2.0,19.971255190148987,19.865286884229256,20.315114714222435,18.652975916654995,18.321551811459646,18.738322942498634,19.269763238917058,18.891149002680006,19.202458765692167,18.74909404600111,1.0,1.0,1.0,1.0,1.0,1.0,1.0,1.0,1.0,1.0
572.5,3.0,0.0,0.0,0.0,0.0,0.0,0.0,0.0,0.0,0.0,0.0,0.0,0.0,0.0,0.0,0.0,0.0,0.0,0.0,0.0,0.0
572.75,4.0,19.504916677653828,21.807636420401707,22.4498716260221,21.042263963750468,20.667587767687532,19.813947122929264,18.898020047717974,17.95860702218055,17.223617768287713,16.61081199488356,1.0,1.0,1.0,1.0,1.0,1.0,1.0,1.0,1.0,1.0
573.0,1.0,18.68063416666626,17.920352572023425,16.77221081899336,16.943113330989135,18.441555788906495,17.21192634067856,16.556574718479943,16.225184102329557,16.55747033899734,17.192208586184666,1.0,1.0,1.0,1.0,1.0,1.0,1.0,1.0,1.0,1.0
573.25,2.0,0.0,0.0,0.0,0.0,0.0,0.0,0.0,0.0,0.0,0.0,0.0,0.0,0.0,0.0,0.0,0.0,0.0,0.0,0.0,0.0
573.5,3.0,16.75644142939207,15.210724581524845,15.214974588640901,16.257397853907392,14.386708122709113,14.033428793035407,14.23324639499787,13.364188500214185,13.472649949090908,12.860725056932658,1.0,1.0,1.0,1.0,1.0,1.0,1.0,1.0,1.0,1.0
573.75,4.0,20.96198535649959,21.54264085730787,21.688187195017242,20.720800899647067,19.154426268218057,18.63087163299312,18.325812746265512,18.11896813198887,16.844345319877224,16.566827460481697,1.0,1.0,1.0,1.0,1.0,1.0,1.0,1.0,1.0,1.0
574.0,1.0,19.085052549598988,17.36037525058049,16.87702703792707,17.202486856274188,17.671001061884173,17.29336624810709,17.56989968041351,18.367086082105363,18.25258300703176,19.62263871316262,1.0,1.0,1.0,1.0,1.0,1.0,1.0,1.0,1.0,1.0
574.25,2.0,19.449491379458905,19.124568221922715,19.645310011298978,18.684126991588677,19.317704865160916,19.020394026568912,19.025682993442743,18.63125983851912,17.988550145719692,16.65185354647607,1.0,1.0,1.0,1.0,1.0,1.0,1.0,1.0,1.0,1.0
574.5,3.0,0.0,0.0,0.0,0.0,0.0,0.0,0.0,0.0,0.0,0.0,0.0,0.0,0.0,0.0,0.0,0.0,0.0,0.0,0.0,0.0
574.75,4.0,0.0,0.0,0.0,0.0,0.0,0.0,0.0,0.0,0.0,0.0,0.0,0.0,0.0,0.0,0.0,0.0,0.0,0.0,0.0,0.0
575.0,1.0,19.6736640707331,17.548556210106405,16.464800362384825,17.266546327795513,17.369090085594475,16.710413986135254,17.72183742320596,18.617969126001153,18.754101102700584,18.57450994190484,1.0,1.0,1.0,1.0,1.0,1.0,1.0,1.0,1.0,1.0
575.25,2.0,20.380207214385422,19.155043815577276,18.996039414887594,18.489245353335384,19.185206713095166,19.28859601851238,19.32874352018066,18.9603749407788,17.908760622070623,16.736096317243447,1.0,1.0,1.0,1.0,1.0,1.0,1.0,1.0,1.0,1.0
575.5,3.0,18.394519664647408,16.17496040170186,15.699132305757903,16.036654708808577,16.391648026297382,16.778574414702867,17.42169630857834,16.108736383211074,14.713560551530906,13.819939286175154,1.0,1.0,1.0,1.0,1.0,1.0,1.0,1.0,1.0,1.0
575.75,4.0,21.405710639841743,20.037202642654936,18.69101884534792,18.276311812980985,18.24553351892614,18.733920906300273,17.039441084897593,17.742092774673235,17.19868322376018,16.777803075975427,1.0,1.0,1.0,1.0,1.0,1.0,1.0,1.0,1.0,1.0
576.0,1.0,19.16053494723036,17.411788214376205,17.68280618466871,18.754721093471662,18.130683167497864,18.76576309759107,18.435791423768208,17.596910113114117,16.406969789847434,15.952651945341723,1.0,1.0,1.0,1.0,1.0,1.0,1.0,1.0,1.0,1.0
576.25,2.0,0.0,0.0,0.0,0.0,0.0,0.0,0.0,0.0,0.0,0.0,0.0,0.0,0.0,0.0,0.0,0.0,0.0,0.0,0.0,0.0
576.5,3.0,18.609542314622473,16.875960751932542,15.680169639748689,15.882592322533165,16.869408611261154,17.56137097745865,18.29742091451708,16.733762121815342,15.596857643061988,14.604236068481981,1.0,1.0,1.0,1.0,1.0,1.0,1.0,1.0,1.0,1.0
576.75,4.0,20.1649063483742,18.686707402478156,18.307286022644874,18.284537040987797,19.144493356490752,18.940964519701538,17.95762596302534,18.8469300131101,17.864378375829613,16.78662699046499,1.0,1.0,1.0,1.0,1.0,1.0,1.0,1.0,1.0,1.0
577.0,1.0,19.320500200441273,17.84891626321622,19.001160648685367,19.209134844949634,19.749314245336297,18.81707446398639,18.172620722556637,17.547685700075533,16.95314757036464,16.186767659463325,1.0,1.0,1.0,1.0,1.0,1.0,1.0,1.0,1.0,1.0
577.25,2.0,21.21389823551172,20.680582631661835,20.445430517472168,19.642938368117594,18.39819939391493,18.268485669049323,16.752174725465288,17.546148508492593,17.48864914312899,17.964943504543577,1.0,1.0,1.0,1.0,1.0,1.0,1.0,1.0,1.0,1.0
577.5,3.0,0.0,0.0,0.0,0.0,0.0,0.0,0.0,0.0,0.0,0.0,0.0,0.0,0.0,0.0,0.0,0.0,0.0,0.0,0.0,0.0
577.75,4.0,19.53174491423267,19.71401222168081,19.85369323031769,18.7738821428685,18.952747635060252,18.465245024625823,16.945711245444905,16.668238428739333,16.650396712275274,15.680040524869684,1.0,1.0,1.0,1.0,1.0,1.0,1.0,1.0,1.0,1.0
578.0,1.0,19.788259458571794,19.109276025131013,19.4537470669312,18.995914831348752,18.71340210910502,18.65216370542744,18.12430502804845,18.236973584289974,17.725427626827205,16.57732512210367,1.0,1.0,1.0,1.0,1.0,1.0,1.0,1.0,1.0,1.0
578.25,2.0,0.0,0.0,0.0,0.0,0.0,0.0,0.0,0.0,0.0,0.0,0.0,0.0,0.0,0.0,0.0,0.0,0.0,0.0,0.0,0.0
578.5,3.0,20.072929919406832,17.817349229354082,17.157501211829004,18.012304354688283,17.993308292334255,18.157167001295193,18.286003100306,18.466621982724682,15.914524437100809,15.18579187041762,1.0,1.0,1.0,1.0,1.0,1.0,1.0,1.0,1.0,1.0
578.75,4.0,19.57663847672528,20.075362465390654,21.16182610404005,18.37694702988208,18.055469199510316,17.66433870591676,15.912490255613614,16.4829619385288,16.648268885583054,16.564172297018043,1.0,1.0,1.0,1.0,1.0,1.0,1.0,1.0,1.0,1.0
579.0,1.0,0.0,0.0,0.0,0.0,0.0,0.0,0.0,0.0,0.0,0.0,0.0,0.0,0.0,0.0,0.0,0.0,0.0,0.0,0.0,0.0
579.25,2.0,19.770028410060874,19.48052419322527,18.430132709704427,16.884905357937484,15.678199450066485,16.46998878838195,16.252389942547392,18.073255497566482,18.33961608560185,19.26707566287272,1.0,1.0,1.0,1.0,1.0,1.0,1.0,1.0,1.0,1.0
579.5,3.0,19.593811105074206,18.069019407219386,17.928805474812723,17.57322497234324,17.299469811725057,17.670146545331168,17.182664719261815,17.286696083394432,15.798071970496958,15.377838973179427,1.0,1.0,1.0,1.0,1.0,1.0,1.0,1.0,1.0,1.0
579.75,4.0,0.0,0.0,0.0,0.0,0.0,0.0,0.0,0.0,0.0,0.0,0.0,0.0,0.0,0.0,0.0,0.0,0.0,0.0,0.0,0.0
580.0,1.0,19.818424518739263,18.26661721311849,19.548714505155548,18.91389361317887,18.63370414627133,17.35253267134735,15.087477019018923,15.01937701879972,14.890985899107319,14.962487236131008,1.0,1.0,1.0,1.0,1.0,1.0,1.0,1.0,1.0,1.0
580.25,2.0,20.139901995767705,19.69318385505043,18.01922942312633,16.706629325067478,17.302202951065375,18.162125373167303,17.550173847695966,18.451715800993895,17.55321669914159,17.734406702720438,1.0,1.0,1.0,1.0,1.0,1.0,1.0,1.0,1.0,1.0
580.5,3.0,0.0,0.0,0.0,0.0,0.0,0.0,0.0,0.0,0.0,0.0,0.0,0.0,0.0,0.0,0.0,0.0,0.0,0.0,0.0,0.0
580.75,4.0,22.24402531863466,21.09287020742634,20.726998395540456,18.803146555398087,16.036955724245463,16.314378510078363,15.727193918185606,16.24407382388027,16.251896076820366,17.099430295558097,1.0,1.0,1.0,1.0,1.0,1.0,1.0,1.0,1.0,1.0
581.0,1.0,19.17065329882715,19.457089542067347,19.750438837424525,17.645807765331877,17.181480824183993,15.200365130795516,13.14524812136873,14.002622068329622,14.92388231870841,14.656239319097871,1.0,1.0,1.0,1.0,1.0,1.0,1.0,1.0,1.0,1.0
581.25,2.0,0.0,0.0,0.0,0.0,0.0,0.0,0.0,0.0,0.0,0.0,0.0,0.0,0.0,0.0,0.0,0.0,0.0,0.0,0.0,0.0
581.5,3.0,19.21739467194178,18.983733744056646,18.50516198718328,17.78576911640076,15.56712313649423,16.108566990034557,16.106491519092433,15.87620231201634,15.059873980734764,15.019387761483387,1.0,1.0,1.0,1.0,1.0,1.0,1.0,1.0,1.0,1.0
581.75,4.0,20.652313651428898,20.415658028606085,21.039997027841768,18.827524479176695,16.04859115801391,15.743255795049398,15.765984950216035,16.23214136822986,15.96430908118937,16.16586695883008,1.0,1.0,1.0,1.0,1.0,1.0,1.0,1.0,1.0,1.0
582.0,1.0,20.05702165869005,19.985630287698,18.892913715892227,17.556881837796624,15.620455604625505,14.427270941679328,14.032213075791958,14.878959858265391,16.13145288994369,16.52305476406143,1.0,1.0,1.0,1.0,1.0,1.0,1.0,1.0,1.0,1.0
582.25,2.0,20.146635846899066,19.697437070037907,17.0210177172843,17.539164784173337,17.31789104159483,17.097891189053485,16.37099571058972,16.4982482690302,15.643463181263165,15.949087816634375,1.0,1.0,1.0,1.0,1.0,1.0,1.0,1.0,1.0,1.0
582.5,3.0,0.0,0.0,0.0,0.0,0.0,0.0,0.0,0.0,0.0,0.0,0.0,0.0,0.0,0.0,0.0,0.0,0.0,0.0,0.0,0.0
582.75,4.0,22.329060092794233,20.243587432065176,20.91557922728906,18.468204806480216,15.94760391782567,15.746433597039003,16.190267110632497,15.97452901602777,16.789448010308885,16.677048745977967,1.0,1.0,1.0,1.0,1.0,1.0,1.0,1.0,1.0,1.0
583.0,1.0,20.83882043488463,20.171829643745994,18.342230489779965,16.87481305116612,16.10772160523547,15.466989000471829,15.100242961374954,15.371175175733198,16.683093127556244,16.972290986712423,1.0,1.0,1.0,1.0,1.0,1.0,1.0,1.0,1.0,1.0
583.25,2.0,19.108269428990827,18.5738402785979,17.473268409792645,17.947889415232492,16.67308803499593,16.3908569423484,15.720887200913866,16.497340944422113,15.777763843303637,16.09122856068369,1.0,1.0,1.0,1.0,1.0,1.0,1.0,1.0,1.0,1.0
583.5,3.0,19.67468731951186,20.578026791481417,19.12541475687249,17.704656266854116,15.246713123311869,15.67650406643855,16.04994244510953,16.520060050689956,16.584469080121515,16.587964552594954,1.0,1.0,1.0,1.0,1.0,1.0,1.0,1.0,1.0,1.0
583.75,4.0,20.839107732257943,19.3006912388985,20.299823951572474,18.317936861729997,17.123372352647596,16.825419042358465,17.394552159351985,17.92169806550574,18.19581572458935,16.998282204627667,1.0,1.0,1.0,1.0,1.0,1.0,1.0,1.0,1.0,1.0
584.0,1.0,0.0,0.0,0.0,0.0,0.0,0.0,0.0,0.0,0.0,0.0,0.0,0.0,0.0,0.0,0.0,0.0,0.0,0.0,0.0,0.0
584.25,2.0,0.0,0.0,0.0,0.0,0.0,0.0,0.0,0.0,0.0,0.0,0.0,0.0,0.0,0.0,0.0,0.0,0.0,0.0,0.0,0.0
584.5,3.0,19.919007392629005,19.874405841610464,18.69197538210493,17.553234765568092,16.13945882430604,16.570587384357832,16.834201991358775,17.801732884919737,16.291328641295305,16.838874459330306,1.0,1.0,1.0,1.0,1.0,1.0,1.0,1.0,1.0,1.0
584.75,4.0,0.0,0.0,0.0,0.0,0.0,0.0,0.0,0.0,0.0,0.0,0.0,0.0,0.0,0.0,0.0,0.0,0.0,0.0,0.0,0.0
585.0,1.0,19.63801335290126,18.99221546291022,16.420903231814968,15.609661305802598,17.2088337985792,17.17127423336763,17.089249246198964,17.072773437447623,18.17972042700039,18.074424930835733,1.0,1.0,1.0,1.0,1.0,1.0,1.0,1.0,1.0,1.0
585.25,2.0,17.97005380520784,18.211798154157716,16.027422869366106,15.434819249613096,14.54259372124993,15.533726618887373,14.63256683039056,15.319128248221517,14.089084948908107,13.311612945609815,1.0,1.0,1.0,1.0,1.0,1.0,1.0,1.0,1.0,1.0
585.5,3.0,0.0,0.0,0.0,0.0,0.0,0.0,0.0,0.0,0.0,0.0,0.0,0.0,0.0,0.0,0.0,0.0,0.0,0.0,0.0,0.0
585.75,4.0,21.61000938734101,19.191410942865218,19.053870554171034,18.17593429803902,17.898534438038553,17.976943913173738,18.46032597934324,17.779704040218228,18.230855365070273,17.298598933816397,1.0,1.0,1.0,1.0,1.0,1.0,1.0,1.0,1.0,1.0
586.0,1.0,17.8984282351099,18.224992321998712,16.99522705273153,16.14285419254572,17.47171393952639,17.483877137663786,17.211088022689648,17.538887421690223,17.907006664504916,18.458062282299608,1.0,1.0,1.0,1.0,1.0,1.0,1.0,1.0,1.0,1.0
586.25,2.0,0.0,0.0,0.0,0.0,0.0,0.0,0.0,0.0,0.0,0.0,0.0,0.0,0.0,0.0,0.0,0.0,0.0,0.0,0.0,0.0
586.5,3.0,16.40787911202039,17.233313296466427,16.590391246684437,17.3422842080761,16.722075873968965,17.813909404568726,17.8036342519393,18.8601944049278,18.473139753328084,18.812175868236388,1.0,1.0,1.0,1.0,1.0,1.0,1.0,1.0,1.0,1.0
586.75,4.0,19.959374346988664,18.73279147078513,18.833900145209782,18.26450263580517,18.114832707337275,18.128898690445986,18.556407982778804,17.898426774872718,17.81562614093619,17.240356784410416,1.0,1.0,1.0,1.0,1.0,1.0,1.0,1.0,1.0,1.0
587.0,1.0,0.0,0.0,0.0,0.0,0.0,0.0,0.0,0.0,0.0,0.0,0.0,0.0,0.0,0.0,0.0,0.0,0.0,0.0,0.0,0.0
587.25,2.0,17.79280348931489,16.554953626153186,14.149761795627372,13.996927613300992,13.975619763069265,13.688918483896073,13.726529626329203,13.568455370836524,12.961510669277594,12.495326603656478,1.0,1.0,1.0,1.0,1.0,1.0,1.0,1.0,1.0,1.0
587.5,3.0,0.0,0.0,0.0,0.0,0.0,0.0,0.0,0.0,0.0,0.0,0.0,0.0,0.0,0.0,0.0,0.0,0.0,0.0,0.0,0.0
587.75,4.0,0.0,0.0,0.0,0.0,0.0,0.0,0.0,0.0,0.0,0.0,0.0,0.0,0.0,0.0,0.0,0.0,0.0,0.0,0.0,0.0
588.0,1.0,17.953241923533565,19.082057868215056,17.884182326634217,17.521436751435488,16.27733517394019,16.73088557534157,17.409132505996766,17.176197105350727,17.45951009476447,17.417837461289224,1.0,1.0,1.0,1.0,1.0,1.0,1.0,1.0,1.0,1.0
588.25,2.0,17.3198411810778,16.081291407878435,13.834777912295616,13.561037791140834,13.65927919098156,14.136558639124765,15.010082102186999,14.754478429082399,13.256569518795825,13.383678139303523,1.0,1.0,1.0,1.0,1.0,1.0,1.0,1.0,1.0,1.0
588.5,3.0,0.0,0.0,0.0,0.0,0.0,0.0,0.0,0.0,0.0,0.0,0.0,0.0,0.0,0.0,0.0,0.0,0.0,0.0,0.0,0.0
588.75,4.0,18.100494971819817,18.890483399431922,20.311017912952433,20.657880105495558,18.3366248944845,18.404665225345003,18.65113871436009,18.190365250669885,17.037522052218627,15.950693913631934,1.0,1.0,1.0,1.0,1.0,1.0,1.0,1.0,1.0,1.0
589.0,1.0,18.55993228702199,19.289508526484976,17.569312028433973,16.801001376875483,16.826999421050516,18.05050891843566,18.7159726533118,18.38455679280141,17.450258896541158,17.22994377922285,1.0,1.0,1.0,1.0,1.0,1.0,1.0,1.0,1.0,1.0
589.25,2.0,0.0,0.0,0.0,0.0,0.0,0.0,0.0,0.0,0.0,0.0,0.0,0.0,0.0,0.0,0.0,0.0,0.0,0.0,0.0,0.0
589.5,3.0,15.214033825457548,14.936333392123835,14.607857019562758,14.25219781916848,15.886609283784061,17.214647706538145,16.63816555253542,16.193850883730143,15.003877290892286,15.706980388895394,1.0,1.0,1.0,1.0,1.0,1.0,1.0,1.0,1.0,1.0
589.75,4.0,17.853460059100055,19.5194167826957,20.47526733509414,20.21791794779635,19.28092343371825,19.69337252797322,18.90563024236567,18.31890933967706,17.641159492011283,16.654376824247375,1.0,1.0,1.0,1.0,1.0,1.0,1.0,1.0,1.0,1.0
590.0,1.0,18.85294739805874,17.992164829522547,17.084905113097808,16.88916434583647,18.20527277231154,18.089305833947382,18.700101289147245,17.707497256716035,16.37772106500986,16.42727241750807,1.0,1.0,1.0,1.0,1.0,1.0,1.0,1.0,1.0,1.0
590.25,2.0,16.829492805363206,15.3197877077367,14.035755972037874,14.52964827963164,14.134555247765014,13.694652334907607,13.202556427104772,13.806665709514867,13.28611269025901,12.98833771410813,1.0,1.0,1.0,1.0,1.0,1.0,1.0,1.0,1.0,1.0
590.5,3.0,0.0,0.0,0.0,0.0,0.0,0.0,0.0,0.0,0.0,0.0,0.0,0.0,0.0,0.0,0.0,0.0,0.0,0.0,0.0,0.0
590.75,4.0,18.38065205078911,19.666152468718312,19.765287429003145,18.824072381049042,18.060500808382013,17.87915390781471,18.17050626453448,17.885653462312096,16.770414475417482,15.713786040209111,1.0,1.0,1.0,1.0,1.0,1.0,1.0,1.0,1.0,1.0
591.0,1.0,18.77674557769733,16.626200916037416,17.19579695947369,16.927541009663845,18.508553443009337,18.16871012209025,17.279925372771963,17.022648231679035,15.429226132565816,16.70567007420911,1.0,1.0,1.0,1.0,1.0,1.0,1.0,1.0,1.0,1.0
591.25,2.0,16.52051247633997,14.357598755835502,13.597306392570037,14.150851089720101,14.560621151236596,12.858463418301255,12.99667067452967,14.256148181786568,14.769868766931548,15.099633250308624,1.0,1.0,1.0,1.0,1.0,1.0,1.0,1.0,1.0,1.0
591.5,3.0,15.411395057238067,15.322504530616314,14.797804042606542,14.662796899469,17.29876864397197,17.382252803999137,16.66205166046301,16.53681742423916,15.601518642884319,15.672871696694191,1.0,1.0,1.0,1.0,1.0,1.0,1.0,1.0,1.0,1.0
591.75,4.0,19.312052763935373,19.663646263320317,19.096253745505336,19.008617068297053,17.53388133607957,17.38123620229409,17.022993236981076,16.154799456941486,15.974461818586107,15.158446572136214,1.0,1.0,1.0,1.0,1.0,1.0,1.0,1.0,1.0,1.0
592.0,1.0,0.0,0.0,0.0,0.0,0.0,0.0,0.0,0.0,0.0,0.0,0.0,0.0,0.0,0.0,0.0,0.0,0.0,0.0,0.0,0.0
592.25,2.0,0.0,0.0,0.0,0.0,0.0,0.0,0.0,0.0,0.0,0.0,0.0,0.0,0.0,0.0,0.0,0.0,0.0,0.0,0.0,0.0
592.5,3.0,16.117687152102224,15.3098109082653,15.971658714889987,16.386234208175797,17.505536291130095,17.805920841364973,17.44133956834247,17.306216207975005,15.648138275729732,15.631129548967849,1.0,1.0,1.0,1.0,1.0,1.0,1.0,1.0,1.0,1.0
592.75,4.0,0.0,0.0,0.0,0.0,0.0,0.0,0.0,0.0,0.0,0.0,0.0,0.0,0.0,0.0,0.0,0.0,0.0,0.0,0.0,0.0
593.0,1.0,17.962868122279403,14.797337389679681,15.350728046526012,16.87659475867651,18.30285646720826,18.567903526262736,17.577444691452456,16.910629655630906,17.041863033878876,17.02007306260312,1.0,1.0,1.0,1.0,1.0,1.0,1.0,1.0,1.0,1.0
593.25,2.0,15.833501658320435,13.908087024613415,12.866297261265625,14.018402540087402,13.919163156387215,14.595049661621546,14.646525492307171,15.702685372352724,14.528359536522062,14.554076951412675,1.0,1.0,1.0,1.0,1.0,1.0,1.0,1.0,1.0,1.0
593.5,3.0,0.0,0.0,0.0,0.0,0.0,0.0,0.0,0.0,0.0,0.0,0.0,0.0,0.0,0.0,0.0,0.0,0.0,0.0,0.0,0.0
593.75,4.0,18.373408593284285,20.016889666772876,21.366304072234474,19.458155637626316,16.678174541867676,17.23742492093954,17.31566984565294,15.978078419540545,15.875667916524018,15.292390265839616,1.0,1.0,1.0,1.0,1.0,1.0,1.0,1.0,1.0,1.0
594.0,1.0,16.227109002405154,14.726009398661065,16.33554298015242,18.19055048943276,17.551601754971916,16.71882175178785,16.67967082959809,16.312364395921175,16.276716876965207,16.509628561696918,1.0,1.0,1.0,1.0,1.0,1.0,1.0,1.0,1.0,1.0
594.25,2.0,0.0,0.0,0.0,0.0,0.0,0.0,0.0,0.0,0.0,0.0,0.0,0.0,0.0,0.0,0.0,0.0,0.0,0.0,0.0,0.0
594.5,3.0,17.051145566234723,16.803777811565286,16.036982511284037,16.181042570572224,17.01779647250577,16.905930291826664,16.735603820093477,17.00992939956022,15.161551781677526,15.187014232679477,1.0,1.0,1.0,1.0,1.0,1.0,1.0,1.0,1.0,1.0
594.75,4.0,19.034275974946446,21.823665163537996,21.82465609379063,19.869441442479616,18.17319659742338,18.05461750266026,17.121813268865413,15.766222975940673,14.941645628086475,14.343443707876924,1.0,1.0,1.0,1.0,1.0,1.0,1.0,1.0,1.0,1.0
595.0,1.0,0.0,0.0,0.0,0.0,0.0,0.0,0.0,0.0,0.0,0.0,0.0,0.0,0.0,0.0,0.0,0.0,0.0,0.0,0.0,0.0
595.25,2.0,13.973630533029151,14.378445341051295,15.24640860988829,14.980801423343909,14.871012649525662,14.184195647441449,14.49876997563679,15.827183882959174,15.031881898125542,16.51666423028248,1.0,1.0,1.0,1.0,1.0,1.0,1.0,1.0,1.0,1.0
595.5,3.0,0.0,0.0,0.0,0.0,0.0,0.0,0.0,0.0,0.0,0.0,0.0,0.0,0.0,0.0,0.0,0.0,0.0,0.0,0.0,0.0
595.75,4.0,0.0,0.0,0.0,0.0,0.0,0.0,0.0,0.0,0.0,0.0,0.0,0.0,0.0,0.0,0.0,0.0,0.0,0.0,0.0,0.0
596.0,1.0,16.7403611961237,15.363180727273281,14.860399439564342,16.07621964252982,15.238217011734715,15.041523191561495,15.009532203260882,14.396429795824726,13.949606931129171,14.10462191095673,1.0,1.0,1.0,1.0,1.0,1.0,1.0,1.0,1.0,1.0
596.25,2.0,14.650556167114265,14.753151563731167,14.641431697711035,15.332983363677558,14.265760396594528,13.637989868549415,13.6050454573611,14.759897284999042,16.46314719548649,18.097770314576106,1.0,1.0,1.0,1.0,1.0,1.0,1.0,1.0,1.0,1.0
596.5,3.0,0.0,0.0,0.0,0.0,0.0,0.0,0.0,0.0,0.0,0.0,0.0,0.0,0.0,0.0,0.0,0.0,0.0,0.0,0.0,0.0
596.75,4.0,20.947725768789034,20.307889260126053,19.060115845265226,19.01697312170429,16.673503568135143,16.760610903781238,16.470282644532507,15.871745987624172,15.508573829241115,15.256668065505266,1.0,1.0,1.0,1.0,1.0,1.0,1.0,1.0,1.0,1.0
597.0,1.0,18.214600675139874,15.013120796104348,15.033987563099451,15.75340099018253,13.680333875327085,13.641072519404393,12.904790927868625,13.238249209827101,12.710337943077313,12.916653026837379,1.0,1.0,1.0,1.0,1.0,1.0,1.0,1.0,1.0,1.0
597.25,2.0,0.0,0.0,0.0,0.0,0.0,0.0,0.0,0.0,0.0,0.0,0.0,0.0,0.0,0.0,0.0,0.0,0.0,0.0,0.0,0.0
597.5,3.0,18.572712074087352,18.390067339146547,16.592303630331763,15.81697837376144,16.296358075948216,15.436579697935203,15.168109484049355,14.69985327994741,14.08484654015752,15.180566741802783,1.0,1.0,1.0,1.0,1.0,1.0,1.0,1.0,1.0,1.0
597.75,4.0,19.937719487081658,19.471197659903936,18.480071865909352,18.96818814955395,16.814004974316415,16.229687103782382,15.962527845494701,15.31870684309632,14.800146637366426,14.314739940518951,1.0,1.0,1.0,1.0,1.0,1.0,1.0,1.0,1.0,1.0
598.0,1.0,17.573396393245194,14.550091826081236,15.826652931508209,16.11823972483358,13.51966166755747,13.280991336281412,12.464062505605508,12.897134001582863,12.936355299951988,14.20848814190744,1.0,1.0,1.0,1.0,1.0,1.0,1.0,1.0,1.0,1.0
598.25,2.0,15.673761210851662,15.594415108893108,15.454856101806902,16.339734840859464,16.206975328802447,15.629237357913885,16.1138299697878,17.396167467976756,17.719622071445425,18.03094996711417,1.0,1.0,1.0,1.0,1.0,1.0,1.0,1.0,1.0,1.0
598.5,3.0,0.0,0.0,0.0,0.0,0.0,0.0,0.0,0.0,0.0,0.0,0.0,0.0,0.0,0.0,0.0,0.0,0.0,0.0,0.0,0.0
598.75,4.0,18.404009648332426,18.371150117389856,17.925793212252916,17.925657099102573,15.61723136120124,15.476868223556664,15.642972427040766,15.248009905417103,13.771971129991487,13.81567205064408,1.0,1.0,1.0,1.0,1.0,1.0,1.0,1.0,1.0,1.0
599.0,1.0,16.7040665454337,15.409616327485027,16.107425625228434,16.40118152187479,14.423011899128005,14.309390525646412,13.466777586886112,13.946777898262168,14.03589940140898,15.884678315217581,1.0,1.0,1.0,1.0,1.0,1.0,1.0,1.0,1.0,1.0
599.25,2.0,0.0,0.0,0.0,0.0,0.0,0.0,0.0,0.0,0.0,0.0,0.0,0.0,0.0,0.0,0.0,0.0,0.0,0.0,0.0,0.0
599.5,3.0,18.667325433790644,17.09478859051813,14.653064656350656,15.734895947485835,15.980049148929927,16.167835115103678,14.93948537928576,14.955613711318298,14.177948303912192,14.51161844662862,1.0,1.0,1.0,1.0,1.0,1.0,1.0,1.0,1.0,1.0
599.75,4.0,18.500076814734125,17.539175366362183,17.180963750059547,17.398792091690215,15.34177895590382,14.707935229697553,14.972728853073251,14.467940339736575,13.800348007871397,13.972495893846904,1.0,1.0,1.0,1.0,1.0,1.0,1.0,1.0,1.0,1.0
600.0,1.0,0.0,0.0,0.0,0.0,0.0,0.0,0.0,0.0,0.0,0.0,0.0,0.0,0.0,0.0,0.0,0.0,0.0,0.0,0.0,0.0
600.25,2.0,0.0,0.0,0.0,0.0,0.0,0.0,0.0,0.0,0.0,0.0,0.0,0.0,0.0,0.0,0.0,0.0,0.0,0.0,0.0,0.0
600.5,3.0,17.879411080038597,15.560269392803477,15.088196055914045,15.288210820607375,16.44095166366717,15.014626560506727,13.320295778830019,13.542459551641828,13.729300726446416,14.001914886507816,1.0,1.0,1.0,1.0,1.0,1.0,1.0,1.0,1.0,1.0
600.75,4.0,0.0,0.0,0.0,0.0,0.0,0.0,0.0,0.0,0.0,0.0,0.0,0.0,0.0,0.0,0.0,0.0,0.0,0.0,0.0,0.0
601.0,1.0,16.54137742922372,16.03714901282678,15.626788752981808,15.356791644082096,14.206368766208003,13.969186151145601,14.382484275190803,15.235437660843465,15.313279817297119,15.563356161730615,1.0,1.0,1.0,1.0,1.0,1.0,1.0,1.0,1.0,1.0
601.25,2.0,16.646333377153255,15.198998559347668,15.606867971761904,15.771117272516666,16.545500026216317,16.241135745223,16.622582200278483,17.707313665178685,17.063673632221025,17.95238410209334,1.0,1.0,1.0,1.0,1.0,1.0,1.0,1.0,1.0,1.0
601.5,3.0,0.0,0.0,0.0,0.0,0.0,0.0,0.0,0.0,0.0,0.0,0.0,0.0,0.0,0.0,0.0,0.0,0.0,0.0,0.0,0.0
601.75,4.0,17.27649998123079,17.32512216792194,15.90080211531969,13.823326692498599,13.299131850008138,13.128122160809083,15.002863812396006,15.018435309442811,14.109875315708294,14.174772383893607,1.0,1.0,1.0,1.0,1.0,1.0,1.0,1.0,1.0,1.0
602.0,1.0,16.19264195509064,15.791215441673977,15.321410738646227,15.21272396711509,14.285413760833494,13.839481484902702,14.272258415370525,15.104450059334182,14.626167615633392,15.728903127185347,1.0,1.0,1.0,1.0,1.0,1.0,1.0,1.0,1.0,1.0
602.25,2.0,0.0,0.0,0.0,0.0,0.0,0.0,0.0,0.0,0.0,0.0,0.0,0.0,0.0,0.0,0.0,0.0,0.0,0.0,0.0,0.0
602.5,3.0,16.971277318377695,16.924235650531596,16.492160457102433,14.972263578367189,13.700166799657406,13.301182206857625,12.38851597417959,12.836471539383105,13.62215531434785,13.131263840581996,1.0,1.0,1.0,1.0,1.0,1.0,1.0,1.0,1.0,1.0
602.75,4.0,15.959914434220977,17.379206475807198,15.379054313454088,12.882161303132103,14.850559541480997,13.988120883110552,14.836393751041191,14.01308535244651,12.853916740746655,12.863383033214355,1.0,1.0,1.0,1.0,1.0,1.0,1.0,1.0,1.0,1.0
603.0,1.0,0.0,0.0,0.0,0.0,0.0,0.0,0.0,0.0,0.0,0.0,0.0,0.0,0.0,0.0,0.0,0.0,0.0,0.0,0.0,0.0
603.25,2.0,14.473374845317533,13.913393141472893,15.08510064092594,16.792160061615867,16.255450275641337,17.386813664710143,17.21525547389433,17.517513726779463,17.601362566267284,17.815401152292427,1.0,1.0,1.0,1.0,1.0,1.0,1.0,1.0,1.0,1.0
603.5,3.0,0.0,0.0,0.0,0.0,0.0,0.0,0.0,0.0,0.0,0.0,0.0,0.0,0.0,0.0,0.0,0.0,0.0,0.0,0.0,0.0
603.75,4.0,0.0,0.0,0.0,0.0,0.0,0.0,0.0,0.0,0.0,0.0,0.0,0.0,0.0,0.0,0.0,0.0,0.0,0.0,0.0,0.0
604.0,1.0,15.107748959360748,14.23644035546962,14.599515269432258,14.105962868593988,13.993780689033118,13.187558196758282,14.474382123687635,15.096621510662462,15.445927090147572,16.898089971157173,1.0,1.0,1.0,1.0,1.0,1.0,1.0,1.0,1.0,1.0
604.25,2.0,14.482872199871023,14.591793144149367,14.515189146546222,14.936058699197275,16.656852344897427,16.86633581993249,17.05632698216634,17.980825233294098,17.391612998129055,17.85099450703218,1.0,1.0,1.0,1.0,1.0,1.0,1.0,1.0,1.0,1.0
604.5,3.0,0.0,0.0,0.0,0.0,0.0,0.0,0.0,0.0,0.0,0.0,0.0,0.0,0.0,0.0,0.0,0.0,0.0,0.0,0.0,0.0
604.75,4.0,15.233424118473504,14.404521667078622,13.746263318138311,13.307486218347645,13.910118815231018,14.596299934969249,14.286365482256853,13.413153266876956,13.180299747966417,13.524927495904516,1.0,1.0,1.0,1.0,1.0,1.0,1.0,1.0,1.0,1.0
605.0,1.0,13.603472973097524,13.85612937635797,13.823627251063877,13.389405805881017,13.009973137195814,13.505863857143892,14.461301449733872,16.839951520536577,16.19493451364668,17.421807205566473,1.0,1.0,1.0,1.0,1.0,1.0,1.0,1.0,1.0,1.0
605.25,2.0,0.0,0.0,0.0,0.0,0.0,0.0,0.0,0.0,0.0,0.0,0.0,0.0,0.0,0.0,0.0,0.0,0.0,0.0,0.0,0.0
605.5,3.0,17.03709716450969,15.629086119561743,14.052647692857585,13.282994492478014,12.93504405355154,13.597473833540935,13.336188474844198,14.823878197611712,15.040758794495833,15.274115175225505,1.0,1.0,1.0,1.0,1.0,1.0,1.0,1.0,1.0,1.0
605.75,4.0,14.87949529782385,13.814089423376366,14.09275494191177,14.78510655873709,14.315000180484887,15.148731253411826,14.878746456743949,13.805890648620801,13.406369796013594,13.516127369887275,1.0,1.0,1.0,1.0,1.0,1.0,1.0,1.0,1.0,1.0
606.0,1.0,14.059911349390848,15.299372779688255,13.879846927137976,14.025392684529905,12.863456020934226,14.519778656660842,16.015894530101754,17.206281157676823,17.091613736145057,18.147347947105555,1.0,1.0,1.0,1.0,1.0,1.0,1.0,1.0,1.0,1.0
606.25,2.0,14.439778326839027,14.891226318400394,15.260259698290206,15.87849052932945,15.875487531525746,15.509992223403373,15.664603042047892,16.501686230441717,15.9196056511812,15.975896086473778,1.0,1.0,1.0,1.0,1.0,1.0,1.0,1.0,1.0,1.0
606.5,3.0,0.0,0.0,0.0,0.0,0.0,0.0,0.0,0.0,0.0,0.0,0.0,0.0,0.0,0.0,0.0,0.0,0.0,0.0,0.0,0.0
606.75,4.0,14.925602465984827,13.637228295619359,14.856102113761624,15.269878684233634,13.643956697842373,14.253871203539072,14.541646030277331,12.759860657342907,13.74313486745235,13.504467211337108,1.0,1.0,1.0,1.0,1.0,1.0,1.0,1.0,1.0,1.0
607.0,1.0,15.480420693481342,15.704007363706742,14.597972656233214,13.95651011831916,14.386982061842506,16.023128935366316,16.92642246761692,17.856664992229067,17.893268610343537,17.728058803995275,1.0,1.0,1.0,1.0,1.0,1.0,1.0,1.0,1.0,1.0
607.25,2.0,0.0,0.0,0.0,0.0,0.0,0.0,0.0,0.0,0.0,0.0,0.0,0.0,0.0,0.0,0.0,0.0,0.0,0.0,0.0,0.0
607.5,3.0,14.036756102244555,12.802701873082587,12.531879848400079,12.989790466482772,14.768262929849415,15.629394827777734,14.779893333634654,14.8926656237181,15.35021216536795,14.721440523444434,1.0,1.0,1.0,1.0,1.0,1.0,1.0,1.0,1.0,1.0
607.75,4.0,14.93502425871955,13.168961698449168,14.74416280303245,14.320057419766325,13.0965592534302,13.443828019780291,14.016760570930176,13.032014153402283,13.143786413324746,13.17494536047895,1.0,1.0,1.0,1.0,1.0,1.0,1.0,1.0,1.0,1.0
608.0,1.0,0.0,0.0,0.0,0.0,0.0,0.0,0.0,0.0,0.0,0.0,0.0,0.0,0.0,0.0,0.0,0.0,0.0,0.0,0.0,0.0
608.25,2.0,0.0,0.0,0.0,0.0,0.0,0.0,0.0,0.0,0.0,0.0,0.0,0.0,0.0,0.0,0.0,0.0,0.0,0.0,0.0,0.0
608.5,3.0,13.818994732321473,13.731052184678976,13.18060158179457,13.424782165920055,15.051071804247004,15.409452248648849,14.56796877218254,15.565194354500534,15.587602090599393,14.933063020112982,1.0,1.0,1.0,1.0,1.0,1.0,1.0,1.0,1.0,1.0
608.75,4.0,0.0,0.0,0.0,0.0,0.0,0.0,0.0,0.0,0.0,0.0,0.0,0.0,0.0,0.0,0.0,0.0,0.0,0.0,0.0,0.0
609.0,1.0,14.791473012397129,15.592586587088663,15.650034212473328,16.218937823182266,15.698406261267031,17.002540894333908,17.841221401586353,18.170425638462152,17.04138482008741,16.2724026005924,1.0,1.0,1.0,1.0,1.0,1.0,1.0,1.0,1.0,1.0
609.25,2.0,14.154899690260914,12.885307733451874,13.091887255314616,13.306271121620536,13.797325499206499,13.288502464730383,13.258133683091156,14.032492343117546,13.431235876831057,14.376219237727913,1.0,1.0,1.0,1.0,1.0,1.0,1.0,1.0,1.0,1.0
609.5,3.0,0.0,0.0,0.0,0.0,0.0,0.0,0.0,0.0,0.0,0.0,0.0,0.0,0.0,0.0,0.0,0.0,0.0,0.0,0.0,0.0
609.75,4.0,14.606059527040754,13.481462574040117,13.257656756181703,14.384561449689818,12.244520186005127,13.35207745345999,13.355050922659554,13.733333029594753,14.448916217058411,15.049940095496519,1.0,1.0,1.0,1.0,1.0,1.0,1.0,1.0,1.0,1.0
610.0,1.0,15.365670443324083,15.01542621131222,16.34157190065652,16.52994115109728,16.599171399206085,17.006585916435412,16.594508059958105,16.0929867464036,15.737391700622915,15.60703313004791,1.0,1.0,1.0,1.0,1.0,1.0,1.0,1.0,1.0,1.0
610.25,2.0,0.0,0.0,0.0,0.0,0.0,0.0,0.0,0.0,0.0,0.0,0.0,0.0,0.0,0.0,0.0,0.0,0.0,0.0,0.0,0.0
610.5,3.0,15.037266243668654,14.043750712821518,14.771649659190588,15.775970341863378,16.102032477218017,15.234431963243992,13.351433130540432,14.19356718013265,14.07377874584584,13.732070826499083,1.0,1.0,1.0,1.0,1.0,1.0,1.0,1.0,1.0,1.0
610.75,4.0,13.402757348584181,12.553295192653177,13.60350104812388,14.226605579708878,14.029919128785926,14.531065461651773,15.114969620381547,14.866091350703991,15.46285150891667,15.223677169005107,1.0,1.0,1.0,1.0,1.0,1.0,1.0,1.0,1.0,1.0
611.0,1.0,0.0,0.0,0.0,0.0,0.0,0.0,0.0,0.0,0.0,0.0,0.0,0.0,0.0,0.0,0.0,0.0,0.0,0.0,0.0,0.0
611.25,2.0,12.364530119189565,13.150338571333215,13.008200376554003,11.463371162857154,12.782024318479236,12.18590643390755,12.49693465940175,13.389890939496448,12.622323597274642,13.260477365071726,1.0,1.0,1.0,1.0,1.0,1.0,1.0,1.0,1.0,1.0
611.5,3.0,0.0,0.0,0.0,0.0,0.0,0.0,0.0,0.0,0.0,0.0,0.0,0.0,0.0,0.0,0.0,0.0,0.0,0.0,0.0,0.0
611.75,4.0,0.0,0.0,0.0,0.0,0.0,0.0,0.0,0.0,0.0,0.0,0.0,0.0,0.0,0.0,0.0,0.0,0.0,0.0,0.0,0.0
612.0,1.0,15.820313329256763,15.6419733758316,15.129629220199737,16.03425006630324,15.941419127277266,15.837742961053948,15.48089175827317,14.64559698372229,13.80146215451203,13.742286915815038,1.0,1.0,1.0,1.0,1.0,1.0,1.0,1.0,1.0,1.0
612.25,2.0,13.259209010269254,12.892446129849704,13.39911020392047,13.169621011783162,12.849004752771348,11.532856406916533,12.579241988969319,12.446279093492754,12.227982283752121,12.331976537248389,1.0,1.0,1.0,1.0,1.0,1.0,1.0,1.0,1.0,1.0
612.5,3.0,14.923512548528997,14.60714208887534,15.401209643764702,16.28903351294679,14.305541361285051,14.194585586736254,12.447811305956906,12.244872457094878,9.910493489077767,10.317405862732421,1.0,1.0,1.0,1.0,1.0,1.0,1.0,1.0,1.0,1.0
612.75,4.0,11.889405264458363,11.800402316345007,14.733999196834022,15.749222927597044,14.468350831853042,15.689538731973641,16.737696099244523,16.268804477177884,16.75348974938641,16.229077196471994,1.0,1.0,1.0,1.0,1.0,1.0,1.0,1.0,1.0,1.0
613.0,1.0,16.0483858721899,15.274882879501437,15.816577703270516,15.875876789599017,14.925902540024737,15.134837143853739,13.700929412133261,13.402327709888633,12.979735886290198,12.470420974828361,1.0,1.0,1.0,1.0,1.0,1.0,1.0,1.0,1.0,1.0
613.25,2.0,0.0,0.0,0.0,0.0,0.0,0.0,0.0,0.0,0.0,0.0,0.0,0.0,0.0,0.0,0.0,0.0,0.0,0.0,0.0,0.0
613.5,3.0,15.308001335283492,14.868839607951514,15.801544728030684,17.06107391516168,15.354005211464916,13.743048456181855,11.260385078941242,10.780626893945724,9.56248530675848,11.051498158063247,1.0,1.0,1.0,1.0,1.0,1.0,1.0,1.0,1.0,1.0
613.75,4.0,11.693942543882665,13.669433429960355,15.665645442487095,16.0830875262466,15.62406636525702,15.624746678090542,16.656158115911953,16.347083472419666,17.231201658082636,17.986338127814502,1.0,1.0,1.0,1.0,1.0,1.0,1.0,1.0,1.0,1.0
614.0,1.0,14.989389545934031,14.294257138799354,14.971767267992242,14.492828758474715,14.371975736140106,14.266046766065882,14.233031154067426,13.237124009622715,13.435766571538966,13.647468219035803,1.0,1.0,1.0,1.0,1.0,1.0,1.0,1.0,1.0,1.0
614.25,2.0,11.794022676160457,12.822745474527926,13.50549014576276,11.247029695951264,12.191796468490983,10.642889832120026,11.973354663251193,12.219716106705391,11.477685795394267,10.666081511401401,1.0,1.0,1.0,1.0,1.0,1.0,1.0,1.0,1.0,1.0
614.5,3.0,0.0,0.0,0.0,0.0,0.0,0.0,0.0,0.0,0.0,0.0,0.0,0.0,0.0,0.0,0.0,0.0,0.0,0.0,0.0,0.0
614.75,4.0,12.9676663250811,15.0144040070058,16.568749463304975,15.781058566443466,15.482129534068799,15.673313706527749,17.11186535042727,17.39315839800007,18.25686183943908,18.958274660540155,1.0,1.0,1.0,1.0,1.0,1.0,1.0,1.0,1.0,1.0
615.0,1.0,14.337548902357048,15.006396653027931,15.997370277955028,15.128476024151324,14.602365844945808,14.684939721561468,14.92760828377677,13.852018069323577,14.172657325873313,13.753194071476596,1.0,1.0,1.0,1.0,1.0,1.0,1.0,1.0,1.0,1.0
615.25,2.0,0.0,0.0,0.0,0.0,0.0,0.0,0.0,0.0,0.0,0.0,0.0,0.0,0.0,0.0,0.0,0.0,0.0,0.0,0.0,0.0
615.5,3.0,12.842136868467403,12.087131546268957,12.91369683484635,13.144720264032022,12.550817089973624,11.196547889260936,10.862346979367315,11.72204731639437,11.76312363213146,12.659004298298687,1.0,1.0,1.0,1.0,1.0,1.0,1.0,1.0,1.0,1.0
615.75,4.0,13.118240677148538,14.771684418972916,15.815706985472145,15.3938473140829,16.433970826840927,16.916403721846272,18.712426348271855,18.498476986480348,19.25994061964086,20.256170297241454,1.0,1.0,1.0,1.0,1.0,1.0,1.0,1.0,1.0,1.0
616.0,1.0,0.0,0.0,0.0,0.0,0.0,0.0,0.0,0.0,0.0,0.0,0.0,0.0,0.0,0.0,0.0,0.0,0.0,0.0,0.0,0.0
616.25,2.0,12.693571715510672,12.642383864248222,13.392312534873012,11.13506032136218,11.729311997449402,10.426011723699673,10.886470147206094,10.809770715357908,11.426318976911237,11.091631553503195,1.0,1.0,1.0,1.0,1.0,1.0,1.0,1.0,1.0,1.0
616.5,3.0,11.80961383596894,12.593092193565225,13.56124255373762,11.17095717871572,11.583079174109528,11.272945837601942,12.088498145993409,11.703502591821815,11.846372917109827,13.085924601772046,1.0,1.0,1.0,1.0,1.0,1.0,1.0,1.0,1.0,1.0
616.75,4.0,0.0,0.0,0.0,0.0,0.0,0.0,0.0,0.0,0.0,0.0,0.0,0.0,0.0,0.0,0.0,0.0,0.0,0.0,0.0,0.0
617.0,1.0,14.735874548684162,14.84668301397152,14.79743402217682,14.302097499391472,15.544572535276346,15.063927915798677,14.545887365260855,14.413681581261017,15.801891242800949,15.427860730980111,1.0,1.0,1.0,1.0,1.0,1.0,1.0,1.0,1.0,1.0
617.25,2.0,12.256394479533764,11.58464490147722,13.41258817266609,11.714113635793929,11.77832446385724,10.52456433355019,11.19910536232257,10.579933758695836,11.37612405371387,12.101082261237469,1.0,1.0,1.0,1.0,1.0,1.0,1.0,1.0,1.0,1.0
617.5,3.0,0.0,0.0,0.0,0.0,0.0,0.0,0.0,0.0,0.0,0.0,0.0,0.0,0.0,0.0,0.0,0.0,0.0,0.0,0.0,0.0
617.75,4.0,14.194484255008213,13.822947639314979,15.451274957513798,16.23890096705326,18.300647659135034,19.294791333051716,19.37453038480704,19.571787483705727,19.257335494839623,18.690289264850684,1.0,1.0,1.0,1.0,1.0,1.0,1.0,1.0,1.0,1.0
618.0,1.0,15.610050824844864,15.25917254333536,14.644699391838534,14.385776728794324,15.518934203414487,14.729660116889999,15.546290396545938,16.13010150644962,16.799827785141122,16.43479162425886,1.0,1.0,1.0,1.0,1.0,1.0,1.0,1.0,1.0,1.0
618.25,2.0,0.0,0.0,0.0,0.0,0.0,0.0,0.0,0.0,0.0,0.0,0.0,0.0,0.0,0.0,0.0,0.0,0.0,0.0,0.0,0.0
618.5,3.0,12.585254835042635,13.272254674023491,12.30784396962937,10.12197298590984,12.004956745212267,11.73356746003596,13.245554935937848,12.776594555009128,13.9728061135956,13.997824700383449,1.0,1.0,1.0,1.0,1.0,1.0,1.0,1.0,1.0,1.0
618.75,4.0,14.762531551851714,13.760025761386848,16.28153992074088,17.22754161828465,18.874575107604066,19.983361353551768,19.938969838102118,20.03714880042484,19.947861771438475,19.270680267822364,1.0,1.0,1.0,1.0,1.0,1.0,1.0,1.0,1.0,1.0
619.0,1.0,14.691997114212448,14.81883512916183,14.555159127268855,14.716024814309861,15.88865425750235,16.625283289766823,17.366408845321406,16.44214714959557,16.082194914977322,14.744315565483415,1.0,1.0,1.0,1.0,1.0,1.0,1.0,1.0,1.0,1.0
619.25,2.0,13.182185611313251,12.89812839904439,12.200683079118154,11.447651781481714,10.593423379800358,10.424897568142654,9.984345128916761,10.23750730557284,10.839605328581413,11.39462230578982,1.0,1.0,1.0,1.0,1.0,1.0,1.0,1.0,1.0,1.0
619.5,3.0,0.0,0.0,0.0,0.0,0.0,0.0,0.0,0.0,0.0,0.0,0.0,0.0,0.0,0.0,0.0,0.0,0.0,0.0,0.0,0.0
619.75,4.0,0.0,0.0,0.0,0.0,0.0,0.0,0.0,0.0,0.0,0.0,0.0,0.0,0.0,0.0,0.0,0.0,0.0,0.0,0.0,0.0
620.0,1.0,14.496857366692225,14.322681217874687,15.221152837893948,15.269336016021018,16.07660919220617,15.58769305192689,15.755857975677769,14.661058335758602,13.595620113600763,13.114371552399149,1.0,1.0,1.0,1.0,1.0,1.0,1.0,1.0,1.0,1.0
620.25,2.0,12.916678467410067,12.530202115795475,11.613689496829124,10.97521623957117,11.384020771609379,11.288149866762172,10.98847145570751,11.073229601197495,11.646746195708838,11.937258111851555,1.0,1.0,1.0,1.0,1.0,1.0,1.0,1.0,1.0,1.0
620.5,3.0,11.419725587348127,13.672302063206578,13.184094878959373,13.48894253929797,14.654022091336586,13.818015752257004,13.326915216207595,13.566486886203187,13.998917313825533,14.21365478104855,1.0,1.0,1.0,1.0,1.0,1.0,1.0,1.0,1.0,1.0
620.75,4.0,13.162368302421159,14.324391253457483,17.961038905393576,19.027203163692153,19.050652540050276,19.566076340905735,18.972983662229613,19.1764255804479,19.76889073919145,18.594434679340125,1.0,1.0,1.0,1.0,1.0,1.0,1.0,1.0,1.0,1.0
621.0,1.0,0.0,0.0,0.0,0.0,0.0,0.0,0.0,0.0,0.0,0.0,0.0,0.0,0.0,0.0,0.0,0.0,0.0,0.0,0.0,0.0
621.25,2.0,0.0,0.0,0.0,0.0,0.0,0.0,0.0,0.0,0.0,0.0,0.0,0.0,0.0,0.0,0.0,0.0,0.0,0.0,0.0,0.0
621.5,3.0,12.583552402631838,13.25557335585,14.382450786517818,14.908567866148331,14.73361640345762,13.661572051491222,12.79418337357019,13.282658300498863,13.824078885675348,14.382651976385999,1.0,1.0,1.0,1.0,1.0,1.0,1.0,1.0,1.0,1.0
621.75,4.0,14.450137363733187,16.01388722360396,18.059776255486938,18.11458397909776,18.074365500559413,18.819060464420378,18.607724659229405,17.65233327107343,18.744554409705472,18.106582952192547,1.0,1.0,1.0,1.0,1.0,1.0,1.0,1.0,1.0,1.0
622.0,1.0,14.414436119332878,12.99337507811394,15.396428593029263,15.294893661897785,14.823778162143812,13.360402511786932,12.83209048387874,12.584385221377817,12.186457016031705,12.168827900052364,1.0,1.0,1.0,1.0,1.0,1.0,1.0,1.0,1.0,1.0
622.25,2.0,11.232951828116853,11.431216395923903,11.693523884285218,11.677719980689744,11.827156916859888,11.533911851072498,10.789335118938943,10.83855557056696,12.916299116045222,13.679263980042187,1.0,1.0,1.0,1.0,1.0,1.0,1.0,1.0,1.0,1.0
622.5,3.0,0.0,0.0,0.0,0.0,0.0,0.0,0.0,0.0,0.0,0.0,0.0,0.0,0.0,0.0,0.0,0.0,0.0,0.0,0.0,0.0
622.75,4.0,15.328068852363932,15.932246817951464,17.522990373247048,18.7029720146115,17.772662970399992,18.358941905002293,17.333897192305148,16.618859796935038,16.988321917610747,17.04524093775194,1.0,1.0,1.0,1.0,1.0,1.0,1.0,1.0,1.0,1.0
623.0,1.0,14.460416824162285,11.92268658266915,13.959591374235549,13.843450997051862,13.911605015257486,13.258702965827794,13.0556768171404,13.19516032302775,13.332986732152321,12.752683634564459,1.0,1.0,1.0,1.0,1.0,1.0,1.0,1.0,1.0,1.0
623.25,2.0,0.0,0.0,0.0,0.0,0.0,0.0,0.0,0.0,0.0,0.0,0.0,0.0,0.0,0.0,0.0,0.0,0.0,0.0,0.0,0.0
623.5,3.0,12.783064574122358,14.805250567735456,15.348934090954126,17.065084657250228,16.34027174689206,15.3209659112805,14.883195828457158,14.489127974405417,14.062687731446838,14.184199601898266,1.0,1.0,1.0,1.0,1.0,1.0,1.0,1.0,1.0,1.0
623.75,4.0,14.981206557841187,14.737125558379294,16.979405777460162,18.33526741574508,16.495943173179835,16.744247892435432,15.565944825410773,15.59758407789614,15.61392580989771,16.333106169331145,1.0,1.0,1.0,1.0,1.0,1.0,1.0,1.0,1.0,1.0
624.0,1.0,0.0,0.0,0.0,0.0,0.0,0.0,0.0,0.0,0.0,0.0,0.0,0.0,0.0,0.0,0.0,0.0,0.0,0.0,0.0,0.0
624.25,2.0,12.213817801679616,12.484487997622479,12.892809702231183,12.455450999062213,12.558665333071156,11.751086957324386,11.889543242873277,13.047530722520785,14.234124811837649,14.988821440445177,1.0,1.0,1.0,1.0,1.0,1.0,1.0,1.0,1.0,1.0
624.5,3.0,13.3334723469121,15.624752216981035,15.452107624904432,16.224544670125123,16.051228527539944,15.963169910507427,15.291021675396063,14.704294133230107,14.26712315649647,13.731488291011967,1.0,1.0,1.0,1.0,1.0,1.0,1.0,1.0,1.0,1.0
624.75,4.0,0.0,0.0,0.0,0.0,0.0,0.0,0.0,0.0,0.0,0.0,0.0,0.0,0.0,0.0,0.0,0.0,0.0,0.0,0.0,0.0
625.0,1.0,12.959554725526035,12.085351143578878,13.22125772321464,13.609906463325915,14.668651824334592,14.579626931031925,13.647579645697615,12.828132519549388,13.165482700021622,12.864640331893,1.0,1.0,1.0,1.0,1.0,1.0,1.0,1.0,1.0,1.0
625.25,2.0,11.75536389539739,12.24157524810617,12.800100588938854,11.955854183561303,11.858187183016708,13.290299705088822,13.558631500534922,14.787682524446016,15.210953337630807,15.824469935202055,1.0,1.0,1.0,1.0,1.0,1.0,1.0,1.0,1.0,1.0
625.5,3.0,0.0,0.0,0.0,0.0,0.0,0.0,0.0,0.0,0.0,0.0,0.0,0.0,0.0,0.0,0.0,0.0,0.0,0.0,0.0,0.0
625.75,4.0,14.66828854693845,14.056120820602253,14.477802266408235,14.485389924585519,12.930653972836181,15.134665104476978,15.947447919020242,16.60388813417921,17.15703524322049,16.742058080818033,1.0,1.0,1.0,1.0,1.0,1.0,1.0,1.0,1.0,1.0
626.0,1.0,13.088118796994424,12.113550445469686,13.397750133655974,13.648742264773546,14.04673420444089,14.56214178464755,14.171071808504012,13.875349933563793,14.17223439065584,13.569349779792168,1.0,1.0,1.0,1.0,1.0,1.0,1.0,1.0,1.0,1.0
626.25,2.0,0.0,0.0,0.0,0.0,0.0,0.0,0.0,0.0,0.0,0.0,0.0,0.0,0.0,0.0,0.0,0.0,0.0,0.0,0.0,0.0
626.5,3.0,14.13058003903543,16.781065487447332,17.038859756595198,16.913151285931054,15.260319691479754,14.672681331400543,14.127728558369936,14.198383536511976,14.500265138155209,14.099066391721818,1.0,1.0,1.0,1.0,1.0,1.0,1.0,1.0,1.0,1.0
626.75,4.0,14.555800877002177,13.974955061126762,13.824758845620956,14.492974008477834,13.947960393971686,16.42499995898617,15.603218116347986,16.842047849455202,17.515584150772824,16.694987862494397,1.0,1.0,1.0,1.0,1.0,1.0,1.0,1.0,1.0,1.0
627.0,1.0,12.676245948354758,12.306560776555358,13.883082110490292,13.362168640704322,13.558302987262692,14.063427050228986,14.375659707340194,13.778375415762245,13.54460172673638,13.338994354536071,1.0,1.0,1.0,1.0,1.0,1.0,1.0,1.0,1.0,1.0
627.25,2.0,13.03520794685597,13.929416644464967,13.493472829788223,12.994944917754363,15.078512612738155,16.84684099599301,17.37034144839408,18.18705105281062,17.51271294830338,17.052570808939844,1.0,1.0,1.0,1.0,1.0,1.0,1.0,1.0,1.0,1.0
627.5,3.0,0.0,0.0,0.0,0.0,0.0,0.0,0.0,0.0,0.0,0.0,0.0,0.0,0.0,0.0,0.0,0.0,0.0,0.0,0.0,0.0
627.75,4.0,14.538173634665053,14.096812555417415,14.405042038013018,16.438459662815436,15.736792636670389,17.843742459950093,16.81254094900441,17.576542365171342,18.238841937388848,17.842232365801856,1.0,1.0,1.0,1.0,1.0,1.0,1.0,1.0,1.0,1.0
628.0,1.0,11.870828136887217,13.270200026598351,14.536109078399642,13.792210788052385,13.936641374600448,14.073013045880435,14.529759950649286,14.25668110680814,13.805204391576401,13.141961103240142,1.0,1.0,1.0,1.0,1.0,1.0,1.0,1.0,1.0,1.0
628.25,2.0,13.275115948883904,14.019273271537358,14.651489199244978,15.001868005923008,16.746238950000695,17.520357306081983,18.20410299037511,18.77358672739427,16.996254246228748,16.51791533654154,1.0,1.0,1.0,1.0,1.0,1.0,1.0,1.0,1.0,1.0
628.5,3.0,13.62700927992802,15.44967784338462,15.82310199667427,14.692422709634123,14.362179495074123,14.404779452456301,13.384685346087773,13.84701760846967,14.005015033565053,14.444135474351734,1.0,1.0,1.0,1.0,1.0,1.0,1.0,1.0,1.0,1.0
628.75,4.0,13.578845713670583,13.849392710960906,15.334501569374947,17.883642209613328,18.14782216097741,19.14289581221725,18.2020229288167,17.901058633214248,18.233744402607023,18.489104716083457,1.0,1.0,1.0,1.0,1.0,1.0,1.0,1.0,1.0,1.0
629.0,1.0,0.0,0.0,0.0,0.0,0.0,0.0,0.0,0.0,0.0,0.0,0.0,0.0,0.0,0.0,0.0,0.0,0.0,0.0,0.0,0.0
629.25,2.0,0.0,0.0,0.0,0.0,0.0,0.0,0.0,0.0,0.0,0.0,0.0,0.0,0.0,0.0,0.0,0.0,0.0,0.0,0.0,0.0
629.5,3.0,14.9958612634109,15.426736582554057,15.893491332677032,15.200471292382554,14.015967103780355,14.227088871753592,13.589560133854077,13.244193939486376,13.113528676970114,14.404533968588668,1.0,1.0,1.0,1.0,1.0,1.0,1.0,1.0,1.0,1.0
629.75,4.0,0.0,0.0,0.0,0.0,0.0,0.0,0.0,0.0,0.0,0.0,0.0,0.0,0.0,0.0,0.0,0.0,0.0,0.0,0.0,0.0
630.0,1.0,13.353091935464503,13.224149439967594,14.638686600346391,14.468166593226188,15.168331299179734,15.28999726217828,15.344149825664674,15.020587967570584,14.611920955000663,15.087698228359033,1.0,1.0,1.0,1.0,1.0,1.0,1.0,1.0,1.0,1.0
630.25,2.0,14.007165132985895,14.924371350772011,16.309041831181304,16.702681273770427,17.219933886723062,17.151908618569664,17.385886554921502,17.26383900336056,16.718136819759955,16.992617089966306,1.0,1.0,1.0,1.0,1.0,1.0,1.0,1.0,1.0,1.0
630.5,3.0,0.0,0.0,0.0,0.0,0.0,0.0,0.0,0.0,0.0,0.0,0.0,0.0,0.0,0.0,0.0,0.0,0.0,0.0,0.0,0.0
630.75,4.0,14.130520226190306,14.726721047775973,17.18398663770073,17.793473154021672,16.294970961742138,17.12492996326092,16.849998395148866,15.831062008820197,16.150233298161673,16.248632409399633,1.0,1.0,1.0,1.0,1.0,1.0,1.0,1.0,1.0,1.0
631.0,1.0,13.12907963763806,13.72315779553709,14.749743071667485,14.59202051224726,14.04313295208737,14.862073802628437,14.925722671162116,15.696815325854327,16.131557491028556,16.037303538836824,1.0,1.0,1.0,1.0,1.0,1.0,1.0,1.0,1.0,1.0
631.25,2.0,0.0,0.0,0.0,0.0,0.0,0.0,0.0,0.0,0.0,0.0,0.0,0.0,0.0,0.0,0.0,0.0,0.0,0.0,0.0,0.0
631.5,3.0,13.336611062302824,14.480112028508072,15.91526777948691,15.181768805347417,14.455832865394003,14.107918129942096,14.618576746516682,14.268371000483477,13.915832179506005,13.77362766084949,1.0,1.0,1.0,1.0,1.0,1.0,1.0,1.0,1.0,1.0
631.75,4.0,14.617863041306505,15.362574087563072,17.157330569767765,17.184806607776995,15.791631568500643,16.004938148268373,14.990960272220311,14.515663548485161,14.920524525633564,15.561580188623703,1.0,1.0,1.0,1.0,1.0,1.0,1.0,1.0,1.0,1.0
632.0,1.0,0.0,0.0,0.0,0.0,0.0,0.0,0.0,0.0,0.0,0.0,0.0,0.0,0.0,0.0,0.0,0.0,0.0,0.0,0.0,0.0
632.25,2.0,14.367318199439167,15.383004077053164,15.255083845521899,14.148790214720195,15.370893314614575,16.62799952029533,16.842250648493973,17.78839413997007,17.052493058524167,16.61376875008545,1.0,1.0,1.0,1.0,1.0,1.0,1.0,1.0,1.0,1.0
632.5,3.0,0.0,0.0,0.0,0.0,0.0,0.0,0.0,0.0,0.0,0.0,0.0,0.0,0.0,0.0,0.0,0.0,0.0,0.0,0.0,0.0
632.75,4.0,0.0,0.0,0.0,0.0,0.0,0.0,0.0,0.0,0.0,0.0,0.0,0.0,0.0,0.0,0.0,0.0,0.0,0.0,0.0,0.0
633.0,1.0,14.764682293759341,16.61136517735791,16.051441001744227,15.239427372265126,14.834529520389289,15.52484088879665,16.683587272578244,16.29785670563606,16.58027892514015,16.815554157189965,1.0,1.0,1.0,1.0,1.0,1.0,1.0,1.0,1.0,1.0
633.25,2.0,15.355925505158288,15.903265117897096,15.090314828563796,13.908652294004016,14.926743020001107,15.612420650478295,15.51946821420255,16.880487343772575,16.42405047045886,16.615934203890557,1.0,1.0,1.0,1.0,1.0,1.0,1.0,1.0,1.0,1.0
633.5,3.0,0.0,0.0,0.0,0.0,0.0,0.0,0.0,0.0,0.0,0.0,0.0,0.0,0.0,0.0,0.0,0.0,0.0,0.0,0.0,0.0
633.75,4.0,15.176309183104971,15.900093451516318,16.563608903407683,14.197166704026069,14.511916659821742,15.624457496701949,15.177521671127012,16.326674093634164,17.55556094594488,17.139232074541248,1.0,1.0,1.0,1.0,1.0,1.0,1.0,1.0,1.0,1.0
634.0,1.0,15.644729859061087,17.35075595872507,17.06593498290826,16.032811899594254,16.18723460011401,17.325101120628545,18.123680614590572,16.85607495118995,16.736152764778208,17.57739203432056,1.0,1.0,1.0,1.0,1.0,1.0,1.0,1.0,1.0,1.0
634.25,2.0,0.0,0.0,0.0,0.0,0.0,0.0,0.0,0.0,0.0,0.0,0.0,0.0,0.0,0.0,0.0,0.0,0.0,0.0,0.0,0.0
634.5,3.0,14.361760493557579,17.537817941882032,17.705736961870603,15.91935728853689,15.6344931025476,15.176434431833552,14.67768112876308,13.703222055199769,13.489431366309953,12.912561832382098,1.0,1.0,1.0,1.0,1.0,1.0,1.0,1.0,1.0,1.0
634.75,4.0,16.08371367210177,17.412779538805342,15.085353867232138,14.274853683833296,15.605890081066766,16.93282267820281,16.749063761878787,16.953560630807956,17.123856568390877,17.332539669943557,1.0,1.0,1.0,1.0,1.0,1.0,1.0,1.0,1.0,1.0
635.0,1.0,16.513534789648897,17.359752009591062,16.94870332675737,17.037792584990097,16.801371756863475,16.73399310748593,16.75221125429365,16.044312379858763,16.289455412625525,16.9037245648161,1.0,1.0,1.0,1.0,1.0,1.0,1.0,1.0,1.0,1.0
635.25,2.0,15.904296259570357,14.826529097445471,15.491629754345261,16.341189024345418,17.16233984122739,18.315066991018625,18.550723464121273,17.922953889465894,18.49045935253326,17.82932978822378,1.0,1.0,1.0,1.0,1.0,1.0,1.0,1.0,1.0,1.0
635.5,3.0,0.0,0.0,0.0,0.0,0.0,0.0,0.0,0.0,0.0,0.0,0.0,0.0,0.0,0.0,0.0,0.0,0.0,0.0,0.0,0.0
635.75,4.0,16.77636891666558,16.604990313693733,14.844311945203316,14.904015197925915,17.16031580086485,18.362958658406203,18.236339308979154,17.766579650333775,17.91412783336299,17.2056514350762,1.0,1.0,1.0,1.0,1.0,1.0,1.0,1.0,1.0,1.0
636.0,1.0,16.3097851685654,16.301677695626598,16.376688331439983,16.732226098946924,15.846828378997694,16.729559654345938,16.546548434372873,16.96542650146897,18.05725197358859,16.875370799516364,1.0,1.0,1.0,1.0,1.0,1.0,1.0,1.0,1.0,1.0
636.25,2.0,0.0,0.0,0.0,0.0,0.0,0.0,0.0,0.0,0.0,0.0,0.0,0.0,0.0,0.0,0.0,0.0,0.0,0.0,0.0,0.0
636.5,3.0,14.433778280247903,15.401273262744535,15.142752390940794,15.337639082075702,14.387843106711207,14.16688044706227,14.410319066018586,14.329444793523363,15.68720865927769,15.6502427321727,1.0,1.0,1.0,1.0,1.0,1.0,1.0,1.0,1.0,1.0
636.75,4.0,16.7076088183029,14.766746996633442,14.896149305186203,16.229800012304658,18.0169106310674,18.020842901191617,17.643825695834977,17.56537962781873,18.42434997004037,17.66618462915731,1.0,1.0,1.0,1.0,1.0,1.0,1.0,1.0,1.0,1.0
637.0,1.0,0.0,0.0,0.0,0.0,0.0,0.0,0.0,0.0,0.0,0.0,0.0,0.0,0.0,0.0,0.0,0.0,0.0,0.0,0.0,0.0
637.25,2.0,0.0,0.0,0.0,0.0,0.0,0.0,0.0,0.0,0.0,0.0,0.0,0.0,0.0,0.0,0.0,0.0,0.0,0.0,0.0,0.0
637.5,3.0,14.604699087394751,14.643399017180426,14.953783750955719,14.630117849850844,13.481410007827229,14.052429098238182,13.932324181764454,14.38297471542325,15.712046592965669,16.732149146479774,1.0,1.0,1.0,1.0,1.0,1.0,1.0,1.0,1.0,1.0
637.75,4.0,0.0,0.0,0.0,0.0,0.0,0.0,0.0,0.0,0.0,0.0,0.0,0.0,0.0,0.0,0.0,0.0,0.0,0.0,0.0,0.0
638.0,1.0,14.863927292369038,16.172648267265526,17.62392713525434,17.336885519044724,15.846034080041449,17.260670755837438,17.625367955817616,18.797429596556608,19.37344056911142,18.971653625530486,1.0,1.0,1.0,1.0,1.0,1.0,1.0,1.0,1.0,1.0
638.25,2.0,15.630153367787056,17.940577360187905,19.22019297500247,20.716321626811908,22.10591710570893,21.632730834491067,20.318572408040186,19.816978149358835,19.943906315074038,19.967700924077658,1.0,1.0,1.0,1.0,1.0,1.0,1.0,1.0,1.0,1.0
638.5,3.0,0.0,0.0,0.0,0.0,0.0,0.0,0.0,0.0,0.0,0.0,0.0,0.0,0.0,0.0,0.0,0.0,0.0,0.0,0.0,0.0
638.75,4.0,14.366604637773447,14.708998947071628,16.405000342813658,16.56897441627754,16.956248833626095,16.79417335062092,16.24255080819435,17.070876145734115,17.22921577488932,17.217602923522993,1.0,1.0,1.0,1.0,1.0,1.0,1.0,1.0,1.0,1.0
639.0,1.0,14.467603432024694,16.296147869574455,17.019417108720525,17.709849956680376,16.231775786688083,18.20658696177021,18.543758546771762,19.726151059581262,20.913561900713724,19.601553463798112,1.0,1.0,1.0,1.0,1.0,1.0,1.0,1.0,1.0,1.0
639.25,2.0,0.0,0.0,0.0,0.0,0.0,0.0,0.0,0.0,0.0,0.0,0.0,0.0,0.0,0.0,0.0,0.0,0.0,0.0,0.0,0.0
639.5,3.0,15.129817786024692,15.734326928985515,14.120914369264803,12.836360826220469,13.251510662289864,14.8558685182576,15.191807450902742,15.502219210672454,15.643845033406539,15.531027089542212,1.0,1.0,1.0,1.0,1.0,1.0,1.0,1.0,1.0,1.0
639.75,4.0,15.450776543994044,15.730907550678456,16.546278853969945,16.914786254022214,16.82724109426722,16.653449312084707,16.572788822753214,17.15972155909386,17.894776674960227,17.387411422786645,1.0,1.0,1.0,1.0,1.0,1.0,1.0,1.0,1.0,1.0
640.0,1.0,0.0,0.0,0.0,0.0,0.0,0.0,0.0,0.0,0.0,0.0,0.0,0.0,0.0,0.0,0.0,0.0,0.0,0.0,0.0,0.0
640.25,2.0,17.311732049084743,19.442528456502867,20.363258831829086,22.302407350982936,22.47787678370578,20.710249356345383,21.03028978340681,19.826185557459812,19.870349874630335,18.83775005825538,1.0,1.0,1.0,1.0,1.0,1.0,1.0,1.0,1.0,1.0
640.5,3.0,0.0,0.0,0.0,0.0,0.0,0.0,0.0,0.0,0.0,0.0,0.0,0.0,0.0,0.0,0.0,0.0,0.0,0.0,0.0,0.0
640.75,4.0,0.0,0.0,0.0,0.0,0.0,0.0,0.0,0.0,0.0,0.0,0.0,0.0,0.0,0.0,0.0,0.0,0.0,0.0,0.0,0.0
641.0,1.0,14.32597831029618,16.227280963008898,16.96737801978058,18.49643643520465,18.34864628707526,19.634698283259933,19.51995948707488,18.837166560656183,18.427288516977193,17.47148311552499,1.0,1.0,1.0,1.0,1.0,1.0,1.0,1.0,1.0,1.0
641.25,2.0,17.775449319791317,19.801814726908347,20.840960401372072,21.995309593870118,21.54376987382435,20.849603453671783,20.47019013804155,19.3056842286924,19.121095289116735,18.07251288114265,1.0,1.0,1.0,1.0,1.0,1.0,1.0,1.0,1.0,1.0
641.5,3.0,0.0,0.0,0.0,0.0,0.0,0.0,0.0,0.0,0.0,0.0,0.0,0.0,0.0,0.0,0.0,0.0,0.0,0.0,0.0,0.0
641.75,4.0,15.560024241014005,14.87693595591091,16.25887550386899,17.526423754366437,16.667997392472532,17.314346621440826,17.261171178376603,16.957019516444664,16.468158808485732,16.054403225284158,1.0,1.0,1.0,1.0,1.0,1.0,1.0,1.0,1.0,1.0
642.0,1.0,15.680754016475339,15.929694592115467,17.808939383370777,18.197673583911083,18.8485921358715,19.30104235400426,19.582892872480073,18.674240017567065,18.032219973961517,17.931145408017223,1.0,1.0,1.0,1.0,1.0,1.0,1.0,1.0,1.0,1.0
642.25,2.0,0.0,0.0,0.0,0.0,0.0,0.0,0.0,0.0,0.0,0.0,0.0,0.0,0.0,0.0,0.0,0.0,0.0,0.0,0.0,0.0
642.5,3.0,15.255943883264143,14.36412399855351,15.93072653394873,16.843373186799116,15.396949638990815,15.299004997940544,16.213099287572536,16.868414766980607,17.348351039315546,17.003766406579633,1.0,1.0,1.0,1.0,1.0,1.0,1.0,1.0,1.0,1.0
642.75,4.0,15.91037748386693,14.938175940634306,16.699586727710997,18.104002494427583,16.98047930029956,17.560634422924156,16.683736750122343,15.912012657779723,16.030653756847503,15.793987880730178,1.0,1.0,1.0,1.0,1.0,1.0,1.0,1.0,1.0,1.0
643.0,1.0,16.2470258347695,16.938184405465673,18.939570678950567,19.16374722597872,18.47208452595373,18.27387070590556,18.528910075826737,18.59280054582603,18.69843042128154,18.790837980627185,1.0,1.0,1.0,1.0,1.0,1.0,1.0,1.0,1.0,1.0
643.25,2.0,20.206733241000297,19.5611639434528,20.585345267313635,21.70557758285218,21.72191696196485,20.339535524223876,19.118922961951387,16.774633722045213,17.22988397139458,16.075114744875354,1.0,1.0,1.0,1.0,1.0,1.0,1.0,1.0,1.0,1.0
643.5,3.0,0.0,0.0,0.0,0.0,0.0,0.0,0.0,0.0,0.0,0.0,0.0,0.0,0.0,0.0,0.0,0.0,0.0,0.0,0.0,0.0
643.75,4.0,16.235912348451276,15.126657504875794,16.700614542674785,17.950164739965704,17.001951284131714,17.22508780906184,16.749498286678094,16.132161125099326,16.841280910237415,17.204584032208388,1.0,1.0,1.0,1.0,1.0,1.0,1.0,1.0,1.0,1.0
644.0,1.0,18.400666750156308,18.682693735911837,19.357164662746527,20.028392281462594,18.838537002746367,18.485990801602462,18.69367319076035,18.289097555051168,19.11846580873102,19.402104734918264,1.0,1.0,1.0,1.0,1.0,1.0,1.0,1.0,1.0,1.0
644.25,2.0,0.0,0.0,0.0,0.0,0.0,0.0,0.0,0.0,0.0,0.0,0.0,0.0,0.0,0.0,0.0,0.0,0.0,0.0,0.0,0.0
644.5,3.0,16.174211720492465,15.976118347144526,17.536454876300827,18.535797794013998,17.06392089014788,17.15287398967752,17.358640410999698,16.974018536318326,17.05012868967896,16.747277552453255,1.0,1.0,1.0,1.0,1.0,1.0,1.0,1.0,1.0,1.0
644.75,4.0,16.202732313707514,14.198348836799514,16.465185030339438,17.553867069350932,16.396259383831033,17.52000219541993,18.10361206421965,17.74276134089352,18.258280272223264,18.63821538157601,1.0,1.0,1.0,1.0,1.0,1.0,1.0,1.0,1.0,1.0
645.0,1.0,0.0,0.0,0.0,0.0,0.0,0.0,0.0,0.0,0.0,0.0,0.0,0.0,0.0,0.0,0.0,0.0,0.0,0.0,0.0,0.0
645.25,2.0,0.0,0.0,0.0,0.0,0.0,0.0,0.0,0.0,0.0,0.0,0.0,0.0,0.0,0.0,0.0,0.0,0.0,0.0,0.0,0.0
645.5,3.0,16.111224426222364,16.196757401793427,17.874922081133494,18.82193717574783,18.285918995181603,17.821832062424097,17.835914952009453,16.9577763923604,18.0922349246852,16.635552889495152,1.0,1.0,1.0,1.0,1.0,1.0,1.0,1.0,1.0,1.0
645.75,4.0,0.0,0.0,0.0,0.0,0.0,0.0,0.0,0.0,0.0,0.0,0.0,0.0,0.0,0.0,0.0,0.0,0.0,0.0,0.0,0.0
646.0,1.0,18.13609712417468,19.08826666461341,19.28528127076295,18.9138710106445,19.192527954665767,19.677095760408047,19.831132405316655,19.29187137272144,20.354925318709522,19.37246143186899,1.0,1.0,1.0,1.0,1.0,1.0,1.0,1.0,1.0,1.0
646.25,2.0,20.516496996799507,20.052520663728604,18.812428059353483,19.8037189505437,20.437580190341635,20.51166966098755,18.79280457508525,18.53822583435467,19.28542105372408,20.105117988657483,1.0,1.0,1.0,1.0,1.0,1.0,1.0,1.0,1.0,1.0
646.5,3.0,0.0,0.0,0.0,0.0,0.0,0.0,0.0,0.0,0.0,0.0,0.0,0.0,0.0,0.0,0.0,0.0,0.0,0.0,0.0,0.0
646.75,4.0,16.078112835631092,16.447668780272853,18.328091466641823,18.56121478947197,16.707726834955263,18.321681945165178,18.06100711549615,18.739306270688346,18.9024460865782,18.649305733943727,1.0,1.0,1.0,1.0,1.0,1.0,1.0,1.0,1.0,1.0
647.0,1.0,18.01415216987783,18.642657257772914,19.130491302353438,19.695858847121013,20.34535593961195,20.133790964240834,20.549106649799683,19.85382882136826,19.96528844594215,19.33229880658073,1.0,1.0,1.0,1.0,1.0,1.0,1.0,1.0,1.0,1.0
647.25,2.0,0.0,0.0,0.0,0.0,0.0,0.0,0.0,0.0,0.0,0.0,0.0,0.0,0.0,0.0,0.0,0.0,0.0,0.0,0.0,0.0
647.5,3.0,16.653994991902596,18.11726069224228,18.104096929033542,19.374162732527573,17.770475250865665,17.716199833001426,17.618623980218853,16.885983350525546,17.951790924434313,16.934589015421356,1.0,1.0,1.0,1.0,1.0,1.0,1.0,1.0,1.0,1.0
647.75,4.0,16.531556297153006,17.13167215008115,18.1837726090653,17.401224572055227,16.92773355959211,19.096615070375787,18.581000163385276,18.903700984168417,18.812665218367037,18.995199757138977,1.0,1.0,1.0,1.0,1.0,1.0,1.0,1.0,1.0,1.0
648.0,1.0,0.0,0.0,0.0,0.0,0.0,0.0,0.0,0.0,0.0,0.0,0.0,0.0,0.0,0.0,0.0,0.0,0.0,0.0,0.0,0.0
648.25,2.0,18.35250683101893,18.905769241298174,17.179436876599976,17.990250325709116,19.97385118252604,19.84295916874288,18.729061188627046,19.972032142348805,20.860730590533887,21.170669870453715,1.0,1.0,1.0,1.0,1.0,1.0,1.0,1.0,1.0,1.0
648.5,3.0,0.0,0.0,0.0,0.0,0.0,0.0,0.0,0.0,0.0,0.0,0.0,0.0,0.0,0.0,0.0,0.0,0.0,0.0,0.0,0.0
648.75,4.0,0.0,0.0,0.0,0.0,0.0,0.0,0.0,0.0,0.0,0.0,0.0,0.0,0.0,0.0,0.0,0.0,0.0,0.0,0.0,0.0
649.0,1.0,17.662011900620787,18.543822513154034,18.13317616928215,19.02655209940688,18.811915311642004,19.34288469008909,19.94191692248473,20.272529791823363,20.50880184256848,20.21945361495122,1.0,1.0,1.0,1.0,1.0,1.0,1.0,1.0,1.0,1.0
649.25,2.0,18.15994269732661,18.75037075223368,16.145238109952636,18.890141994611884,21.12078765432738,20.832128365476606,20.175387051976873,20.291134296646938,20.900742771001987,21.08530522449318,1.0,1.0,1.0,1.0,1.0,1.0,1.0,1.0,1.0,1.0
649.5,3.0,17.429672806482056,16.905490718963772,17.928384081592117,19.6043317688694,18.987471724345994,18.842824068562038,18.362897900460005,17.922773978762493,19.370949915336332,18.86165285441725,1.0,1.0,1.0,1.0,1.0,1.0,1.0,1.0,1.0,1.0
649.75,4.0,17.633931331734896,17.00736702683572,18.780058070584744,19.40795478307778,20.02123941404134,19.939353040904045,19.05247606230932,19.301725277225433,20.33880342644169,20.451356884041225,1.0,1.0,1.0,1.0,1.0,1.0,1.0,1.0,1.0,1.0
650.0,1.0,17.330659624499823,17.523747233593937,17.637339728898475,18.231800243649488,18.937799094045292,18.6551973505903,18.600052655968238,18.652161100559244,18.9327640081423,18.75012984603953,1.0,1.0,1.0,1.0,1.0,1.0,1.0,1.0,1.0,1.0
650.25,2.0,0.0,0.0,0.0,0.0,0.0,0.0,0.0,0.0,0.0,0.0,0.0,0.0,0.0,0.0,0.0,0.0,0.0,0.0,0.0,0.0
650.5,3.0,16.082349958909766,16.668890855496958,17.555802342313743,18.116335633137343,18.589222133663988,19.35816983674494,19.78792997546779,19.862623082245594,20.2545080540587,19.200241405113516,1.0,1.0,1.0,1.0,1.0,1.0,1.0,1.0,1.0,1.0
650.75,4.0,18.44056118208219,18.20558393057964,19.604875104784767,19.879924166509557,19.431468193191318,20.212052326720578,19.880161819923554,20.153042618479034,20.84450335655091,21.182184794429016,1.0,1.0,1.0,1.0,1.0,1.0,1.0,1.0,1.0,1.0
651.0,1.0,18.008079588251025,17.602225000977,19.42226634837051,19.659713475158053,20.145640055158296,18.841138382061303,18.143119479571283,18.549861736442235,18.8000389303962,18.759857855517783,1.0,1.0,1.0,1.0,1.0,1.0,1.0,1.0,1.0,1.0
651.25,2.0,18.85369766228633,18.84349371894467,18.3526175447966,19.363687406265164,19.565700387162295,19.34295537831677,17.959397886626352,17.938938459050537,18.539563457830212,17.76396674510196,1.0,1.0,1.0,1.0,1.0,1.0,1.0,1.0,1.0,1.0
651.5,3.0,0.0,0.0,0.0,0.0,0.0,0.0,0.0,0.0,0.0,0.0,0.0,0.0,0.0,0.0,0.0,0.0,0.0,0.0,0.0,0.0
651.75,4.0,18.720554726864563,18.79796092326651,19.691137166410485,19.38466029180316,19.89326119953538,20.138847629222376,20.481108114688066,21.21964763407858,21.08245667626205,22.035183239208468,1.0,1.0,1.0,1.0,1.0,1.0,1.0,1.0,1.0,1.0
652.0,1.0,19.135001443423405,18.50020042057786,19.34596025971265,19.8295679349356,19.233259417291176,19.405745264153353,18.097410802973886,19.24801656454131,19.673616491669915,19.062262617227265,1.0,1.0,1.0,1.0,1.0,1.0,1.0,1.0,1.0,1.0
652.25,2.0,0.0,0.0,0.0,0.0,0.0,0.0,0.0,0.0,0.0,0.0,0.0,0.0,0.0,0.0,0.0,0.0,0.0,0.0,0.0,0.0
652.5,3.0,16.6548581747714,17.318032940456746,18.463902632926747,19.914226283759543,20.049749773107372,19.3637768890062,19.531850406287603,18.715508480739246,18.832660793337105,17.83022544900565,1.0,1.0,1.0,1.0,1.0,1.0,1.0,1.0,1.0,1.0
652.75,4.0,19.24748390739921,19.131706728138756,18.802128475292808,18.494042320199874,19.64376697122827,20.877034701623018,20.50397717870768,20.988425898393825,20.781939551003575,21.44541883719183,1.0,1.0,1.0,1.0,1.0,1.0,1.0,1.0,1.0,1.0
653.0,1.0,0.0,0.0,0.0,0.0,0.0,0.0,0.0,0.0,0.0,0.0,0.0,0.0,0.0,0.0,0.0,0.0,0.0,0.0,0.0,0.0
653.25,2.0,0.0,0.0,0.0,0.0,0.0,0.0,0.0,0.0,0.0,0.0,0.0,0.0,0.0,0.0,0.0,0.0,0.0,0.0,0.0,0.0
653.5,3.0,17.57625113621733,18.030841331696333,18.242301280422247,19.68661113569467,19.341892452903732,19.005942507976595,18.28920201624822,17.640753223889675,17.992286742268234,19.06368848427864,1.0,1.0,1.0,1.0,1.0,1.0,1.0,1.0,1.0,1.0
653.75,4.0,0.0,0.0,0.0,0.0,0.0,0.0,0.0,0.0,0.0,0.0,0.0,0.0,0.0,0.0,0.0,0.0,0.0,0.0,0.0,0.0
654.0,1.0,19.48096768042853,18.886149402399074,20.42195742392919,20.267171766351666,20.636390069065058,20.70136235828493,19.53976490021715,20.333720081447403,19.344276149918,18.716991973764742,1.0,1.0,1.0,1.0,1.0,1.0,1.0,1.0,1.0,1.0
654.25,2.0,19.442406451417998,17.630215527420248,18.042128518066605,17.863760731885776,17.821698325336012,17.280909578409414,15.575156252327103,16.250362714473837,17.295188964207227,16.680478106018118,1.0,1.0,1.0,1.0,1.0,1.0,1.0,1.0,1.0,1.0
654.5,3.0,0.0,0.0,0.0,0.0,0.0,0.0,0.0,0.0,0.0,0.0,0.0,0.0,0.0,0.0,0.0,0.0,0.0,0.0,0.0,0.0
654.75,4.0,19.661668462918346,19.083537708864622,17.993000681644418,17.944980684487017,19.228830567705906,19.7406721147556,19.854560316607934,20.567974576494827,20.86354625186562,21.980562455000847,1.0,1.0,1.0,1.0,1.0,1.0,1.0,1.0,1.0,1.0
655.0,1.0,18.93170471856328,19.013232369353076,21.07091995979601,19.70581206423101,20.40140166114124,20.95787185055273,20.159212802172544,19.682452217942824,18.535206288448684,18.645822311062496,1.0,1.0,1.0,1.0,1.0,1.0,1.0,1.0,1.0,1.0
655.25,2.0,0.0,0.0,0.0,0.0,0.0,0.0,0.0,0.0,0.0,0.0,0.0,0.0,0.0,0.0,0.0,0.0,0.0,0.0,0.0,0.0
655.5,3.0,18.85508585690503,20.625536238219652,20.184377335286072,19.997526165845564,19.855705698549762,18.97715968280271,19.001628107328106,18.751928305033932,18.494972868187187,18.38086066583546,1.0,1.0,1.0,1.0,1.0,1.0,1.0,1.0,1.0,1.0
655.75,4.0,18.765339086719646,19.044729346456037,18.682672136513784,18.590935514224263,19.92393083185503,20.81082727587611,20.44295924147203,20.965878536297012,21.411212214287456,21.895872439096692,1.0,1.0,1.0,1.0,1.0,1.0,1.0,1.0,1.0,1.0
656.0,1.0,0.0,0.0,0.0,0.0,0.0,0.0,0.0,0.0,0.0,0.0,0.0,0.0,0.0,0.0,0.0,0.0,0.0,0.0,0.0,0.0
656.25,2.0,18.289339701135862,17.54434691480575,17.47656500440072,16.460914083508325,16.60399696728633,16.561317840573462,16.09807418862093,15.968818879406887,16.91809992719332,16.625250801113317,1.0,1.0,1.0,1.0,1.0,1.0,1.0,1.0,1.0,1.0
656.5,3.0,0.0,0.0,0.0,0.0,0.0,0.0,0.0,0.0,0.0,0.0,0.0,0.0,0.0,0.0,0.0,0.0,0.0,0.0,0.0,0.0
656.75,4.0,0.0,0.0,0.0,0.0,0.0,0.0,0.0,0.0,0.0,0.0,0.0,0.0,0.0,0.0,0.0,0.0,0.0,0.0,0.0,0.0
657.0,1.0,18.27945568369018,17.072460048679318,19.055165630188643,20.16387045097697,20.526101832609307,19.885114566700068,18.243934472159197,17.1765055996724,17.972370144417752,17.85849878379173,1.0,1.0,1.0,1.0,1.0,1.0,1.0,1.0,1.0,1.0
657.25,2.0,17.77644663840128,16.281405054945235,16.896541140761816,16.918992317800384,17.038235014197348,16.930665135258543,16.687063647300832,16.203547243390084,16.658537662186337,16.063012126460112,1.0,1.0,1.0,1.0,1.0,1.0,1.0,1.0,1.0,1.0
657.5,3.0,18.364283189391674,19.17255969558172,19.522930656917058,20.07677201368856,19.658601493925097,18.70413612419629,19.358397147942533,17.479842969589875,16.475498264869117,16.303557076782628,1.0,1.0,1.0,1.0,1.0,1.0,1.0,1.0,1.0,1.0
657.75,4.0,20.06663423735534,19.84015924703888,19.749635489587256,19.588471881077535,21.32943581164437,21.625144399402988,21.36044124656489,21.78150356009606,21.244701180584904,21.429602055768086,1.0,1.0,1.0,1.0,1.0,1.0,1.0,1.0,1.0,1.0
658.0,1.0,19.005351556495484,17.593923425731013,19.94788082508983,20.951012305676006,19.25389710255442,18.449087291086382,17.846089410512757,16.945593135296654,18.196831788558097,19.279968761155178,1.0,1.0,1.0,1.0,1.0,1.0,1.0,1.0,1.0,1.0
658.25,2.0,0.0,0.0,0.0,0.0,0.0,0.0,0.0,0.0,0.0,0.0,0.0,0.0,0.0,0.0,0.0,0.0,0.0,0.0,0.0,0.0
658.5,3.0,18.102200456971843,19.359660899681476,19.579531772601484,20.04097051600892,19.031281388899515,18.340205683409444,18.366041312217337,16.981144953902483,17.390874613477127,16.85023651660181,1.0,1.0,1.0,1.0,1.0,1.0,1.0,1.0,1.0,1.0
658.75,4.0,20.97417818632709,19.7932494550373,19.693267483617046,20.356560554342035,21.832721126531034,21.506102334798065,20.860862118650967,20.79719972690684,20.81745062081365,20.57279087462867,1.0,1.0,1.0,1.0,1.0,1.0,1.0,1.0,1.0,1.0
659.0,1.0,18.783277064644974,18.803156442088003,20.445494338543877,19.907367840749874,18.365965847376824,17.567415263609124,17.040548513942763,17.501788312672304,19.77942981232775,20.29412058775473,1.0,1.0,1.0,1.0,1.0,1.0,1.0,1.0,1.0,1.0
659.25,2.0,16.487650269599136,15.745599987206445,16.69614265187923,17.46498877435936,17.993695573758234,17.468173344779487,16.853186576511185,16.14936530457397,16.252840041240994,15.140762350274368,1.0,1.0,1.0,1.0,1.0,1.0,1.0,1.0,1.0,1.0
659.5,3.0,0.0,0.0,0.0,0.0,0.0,0.0,0.0,0.0,0.0,0.0,0.0,0.0,0.0,0.0,0.0,0.0,0.0,0.0,0.0,0.0
659.75,4.0,19.191798211916073,18.56668519999821,19.929126754671614,20.67159293848863,21.19757716803536,20.78013577026379,20.540970200365955,21.305430381942088,21.32514383075723,21.588983981418217,1.0,1.0,1.0,1.0,1.0,1.0,1.0,1.0,1.0,1.0
