time,beamID,lineOfSightWindSpeed1,lineOfSightWindSpeed2,lineOfSightWindSpeed3,lineOfSightWindSpeed4,lineOfSightWindSpeed5,lineOfSightWindSpeed6,lineOfSightWindSpeed7,lineOfSightWindSpeed8,lineOfSightWindSpeed9,lineOfSightWindSpeed10,isValid1,isValid2,isValid3,isValid4,isValid5,isValid6,isValid7,isValid8,isValid9,isValid10
0.0,1.0,19.33422722466078,18.52593558316122,19.346903093077245,18.829954536824868,19.917164768930103,19.85074059154325,19.236093965219176,19.095352070544333,18.79133653467859,19.660635883158637,1.0,1.0,1.0,1.0,1.0,1.0,1.0,1.0,1.0,1.0
0.25,2.0,20.249015557381046,21.25093217138862,22.19188455245043,22.917541482214393,21.70192900022183,20.19139537946251,20.052436748957373,19.651790628296144,19.122151476556823,19.39715240855288,1.0,1.0,1.0,1.0,1.0,1.0,1.0,1.0,1.0,1.0
0.5,3.0,0.0,0.0,0.0,0.0,0.0,0.0,0.0,0.0,0.0,0.0,0.0,0.0,0.0,0.0,0.0,0.0,0.0,0.0,0.0,0.0
0.75,4.0,17.516147497116602,16.955669445086052,18.433181831116674,18.984201287569867,20.633615746076455,21.103846092608464,21.180960133865437,21.458275534915526,21.371084907872813,21.95727739396005,1.0,1.0,1.0,1.0,1.0,1.0,1.0,1.0,1.0,1.0
1.0,1.0,19.324987597988063,18.05106760846123,18.502697529134885,18.342151987280644,19.434414786541698,19.222463318000937,18.931086272536415,18.25444971860871,18.310373678462888,18.528674746826642,1.0,1.0,1.0,1.0,1.0,1.0,1.0,1.0,1.0,1.0
1.25,2.0,20.558941329246196,20.844535843694228,21.57896508295031,21.495379616678733,21.283180069016186,19.54691500201308,20.758830597050515,21.052690231835786,20.87506218720135,21.10188573550652,1.0,1.0,1.0,1.0,1.0,1.0,1.0,1.0,1.0,1.0
1.5,3.0,18.531027577837992,19.081950333022988,20.005883407240056,20.199718134337516,17.26236641919943,18.344783671468818,18.04784856008605,17.727905147268594,16.755946267267884,16.35814737545331,1.0,1.0,1.0,1.0,1.0,1.0,1.0,1.0,1.0,1.0
1.75,4.0,17.613297844218785,16.469165341817504,19.741415401145506,19.94889821643423,20.697159618199663,21.684668569849343,21.491831572431924,21.27654148456909,22.050551198985975,21.773492316247783,1.0,1.0,1.0,1.0,1.0,1.0,1.0,1.0,1.0,1.0
2.0,1.0,0.0,0.0,0.0,0.0,0.0,0.0,0.0,0.0,0.0,0.0,0.0,0.0,0.0,0.0,0.0,0.0,0.0,0.0,0.0,0.0
2.25,2.0,0.0,0.0,0.0,0.0,0.0,0.0,0.0,0.0,0.0,0.0,0.0,0.0,0.0,0.0,0.0,0.0,0.0,0.0,0.0,0.0
2.5,3.0,19.07554091980776,19.468297693618894,19.003046003416852,18.407760543015485,17.672763542809648,17.869793991432573,17.834132759520926,17.570034578004428,16.95235294082903,16.423884614219798,1.0,1.0,1.0,1.0,1.0,1.0,1.0,1.0,1.0,1.0
2.75,4.0,0.0,0.0,0.0,0.0,0.0,0.0,0.0,0.0,0.0,0.0,0.0,0.0,0.0,0.0,0.0,0.0,0.0,0.0,0.0,0.0
3.0,1.0,18.912233767231292,16.87990908118028,18.309559189903826,17.723016010516485,18.507468310484526,17.58799693531753,18.17213067250747,18.18896191997956,18.810357470147533,19.732874417124,1.0,1.0,1.0,1.0,1.0,1.0,1.0,1.0,1.0,1.0
3.25,2.0,20.538162847685285,21.84356320739129,22.203810924336917,20.791051581669663,20.75694583072993,19.990556652490064,20.08272170644435,20.760054082766366,20.27916747802112,21.095053317280122,1.0,1.0,1.0,1.0,1.0,1.0,1.0,1.0,1.0,1.0
3.5,3.0,0.0,0.0,0.0,0.0,0.0,0.0,0.0,0.0,0.0,0.0,0.0,0.0,0.0,0.0,0.0,0.0,0.0,0.0,0.0,0.0
3.75,4.0,18.43961533393828,17.82275764847459,19.611582280205862,22.021684861181654,23.553391146828186,23.746464034955196,23.406572441669226,22.655216547506626,22.60310635810044,21.791399104103533,1.0,1.0,1.0,1.0,1.0,1.0,1.0,1.0,1.0,1.0
4.0,1.0,19.265493424183816,17.543056447482737,18.62167670590162,17.777712750184453,18.284228898311405,18.366032788760414,18.36082550550115,18.261104899763136,17.91517858974575,17.5556588020362,1.0,1.0,1.0,1.0,1.0,1.0,1.0,1.0,1.0,1.0
4.25,2.0,0.0,0.0,0.0,0.0,0.0,0.0,0.0,0.0,0.0,0.0,0.0,0.0,0.0,0.0,0.0,0.0,0.0,0.0,0.0,0.0
4.5,3.0,18.334017417494287,18.75618264381447,18.725560009800123,17.05170928240032,16.458284401387257,15.568530568648953,14.3576173542905,15.666210987185751,15.012684840142398,14.459651748160496,1.0,1.0,1.0,1.0,1.0,1.0,1.0,1.0,1.0,1.0
4.75,4.0,18.967835772398733,19.148141415616635,21.507845674106864,21.938499294232663,24.716708313584657,23.798151151710428,23.013485644723005,22.552645438105756,22.658547563645353,21.993637088447922,1.0,1.0,1.0,1.0,1.0,1.0,1.0,1.0,1.0,1.0
5.0,1.0,0.0,0.0,0.0,0.0,0.0,0.0,0.0,0.0,0.0,0.0,0.0,0.0,0.0,0.0,0.0,0.0,0.0,0.0,0.0,0.0
5.25,2.0,20.491770380345717,21.297668698564532,19.794921039312722,19.160183639810402,20.01187279437571,19.790176124431408,19.87376223541319,19.72010938886999,19.876620472816782,21.016704075692974,1.0,1.0,1.0,1.0,1.0,1.0,1.0,1.0,1.0,1.0
5.5,3.0,0.0,0.0,0.0,0.0,0.0,0.0,0.0,0.0,0.0,0.0,0.0,0.0,0.0,0.0,0.0,0.0,0.0,0.0,0.0,0.0
5.75,4.0,0.0,0.0,0.0,0.0,0.0,0.0,0.0,0.0,0.0,0.0,0.0,0.0,0.0,0.0,0.0,0.0,0.0,0.0,0.0,0.0
6.0,1.0,20.328806001011582,20.266481528899753,19.303395747094488,17.563949213944035,18.94997264243375,18.425669474010707,18.639923715554904,17.329370838773773,17.73843373071296,17.875425503926547,1.0,1.0,1.0,1.0,1.0,1.0,1.0,1.0,1.0,1.0
6.25,2.0,19.972201180971425,21.109049334510956,19.256559579792658,18.537700235190503,20.415768208552304,20.2665315466365,20.917017800265654,20.55126071465792,20.432593594624752,21.620995069982126,1.0,1.0,1.0,1.0,1.0,1.0,1.0,1.0,1.0,1.0
6.5,3.0,0.0,0.0,0.0,0.0,0.0,0.0,0.0,0.0,0.0,0.0,0.0,0.0,0.0,0.0,0.0,0.0,0.0,0.0,0.0,0.0
6.75,4.0,21.502606044957016,20.51746540185854,20.645437119842168,20.997110725410366,21.79153919766795,20.83176122245649,20.565476072167876,21.536882695147078,21.939538216594936,20.788999704210188,1.0,1.0,1.0,1.0,1.0,1.0,1.0,1.0,1.0,1.0
7.0,1.0,19.72202757027417,20.344288526826897,18.522835381371657,17.912667877021715,18.581528512399775,19.656475242133062,19.600206775259668,18.607687997037267,17.96766343397808,16.870764936671275,1.0,1.0,1.0,1.0,1.0,1.0,1.0,1.0,1.0,1.0
7.25,2.0,0.0,0.0,0.0,0.0,0.0,0.0,0.0,0.0,0.0,0.0,0.0,0.0,0.0,0.0,0.0,0.0,0.0,0.0,0.0,0.0
7.5,3.0,19.194899287801448,17.898396246827883,17.522583157688672,16.298164370253282,15.562392602971226,16.113279411581853,15.807561588840839,14.62174649409564,15.341485628807066,16.03578339439732,1.0,1.0,1.0,1.0,1.0,1.0,1.0,1.0,1.0,1.0
7.75,4.0,22.20428759677347,19.711357613942962,19.620864231059098,19.616553785213437,20.450223907477945,19.78980128979555,19.044818087033097,18.95408883008024,17.925086128954963,18.285006659963205,1.0,1.0,1.0,1.0,1.0,1.0,1.0,1.0,1.0,1.0
8.0,1.0,19.871806681207033,18.625443916902594,17.479572709721516,17.619853372963153,18.9002687711533,19.415620845862957,18.987837375718605,17.36855731837597,17.83212002091893,17.446041448299248,1.0,1.0,1.0,1.0,1.0,1.0,1.0,1.0,1.0,1.0
8.25,2.0,21.113690929690694,19.66687117455694,19.499689910601855,18.60262099294659,20.08723649412523,20.518364151679876,20.146770616890613,19.618827053557798,19.05086707077252,19.663393434450178,1.0,1.0,1.0,1.0,1.0,1.0,1.0,1.0,1.0,1.0
8.5,3.0,0.0,0.0,0.0,0.0,0.0,0.0,0.0,0.0,0.0,0.0,0.0,0.0,0.0,0.0,0.0,0.0,0.0,0.0,0.0,0.0
8.75,4.0,21.669929707889647,19.960465434123854,19.95016556373365,19.090130455016048,19.71610478618086,18.732917295610275,17.761597124725647,17.392757419951096,17.906356761257594,18.030835283161753,1.0,1.0,1.0,1.0,1.0,1.0,1.0,1.0,1.0,1.0
9.0,1.0,18.354037923285752,16.66356380555739,16.070479625753613,16.12217013911882,17.749387179990027,17.983044382604437,17.82863176303561,18.329119184473267,18.638471114585244,17.96131318081917,1.0,1.0,1.0,1.0,1.0,1.0,1.0,1.0,1.0,1.0
9.25,2.0,0.0,0.0,0.0,0.0,0.0,0.0,0.0,0.0,0.0,0.0,0.0,0.0,0.0,0.0,0.0,0.0,0.0,0.0,0.0,0.0
9.5,3.0,18.42925561450473,17.736951401864207,17.014441352918457,15.43909671004441,14.762845284469533,14.737068102798036,15.710541438677012,15.822798765742574,15.962245992496403,16.67478333188358,1.0,1.0,1.0,1.0,1.0,1.0,1.0,1.0,1.0,1.0
9.75,4.0,20.995828222577696,20.014223493625135,19.312182058356754,18.458369593085383,19.62262168641856,18.826780878062504,17.871203670648022,17.847309243614774,18.20768953944433,18.73163587606538,1.0,1.0,1.0,1.0,1.0,1.0,1.0,1.0,1.0,1.0
10.0,1.0,0.0,0.0,0.0,0.0,0.0,0.0,0.0,0.0,0.0,0.0,0.0,0.0,0.0,0.0,0.0,0.0,0.0,0.0,0.0,0.0
10.25,2.0,0.0,0.0,0.0,0.0,0.0,0.0,0.0,0.0,0.0,0.0,0.0,0.0,0.0,0.0,0.0,0.0,0.0,0.0,0.0,0.0
10.5,3.0,17.876634850659574,17.83560567812895,15.98167782988922,14.533451847394245,15.423104894764148,15.73115181224375,16.808415243332735,16.806494395297534,16.330794641404555,17.058150409918234,1.0,1.0,1.0,1.0,1.0,1.0,1.0,1.0,1.0,1.0
10.75,4.0,0.0,0.0,0.0,0.0,0.0,0.0,0.0,0.0,0.0,0.0,0.0,0.0,0.0,0.0,0.0,0.0,0.0,0.0,0.0,0.0
11.0,1.0,16.530490820741697,17.00788963607211,16.407069867904635,16.333174159955124,17.416535856413724,18.406090930795788,18.688796073504637,17.7537572058874,17.434970051163432,16.954309416083273,1.0,1.0,1.0,1.0,1.0,1.0,1.0,1.0,1.0,1.0
11.25,2.0,20.388001140868685,20.46193879615663,19.40212686647089,18.36850582410788,18.964352740013418,18.760549689079056,18.604771241182448,18.6764408556406,17.823349004806815,18.516342059607602,1.0,1.0,1.0,1.0,1.0,1.0,1.0,1.0,1.0,1.0
11.5,3.0,0.0,0.0,0.0,0.0,0.0,0.0,0.0,0.0,0.0,0.0,0.0,0.0,0.0,0.0,0.0,0.0,0.0,0.0,0.0,0.0
11.75,4.0,19.423485543003935,18.430077962396382,17.482915412997066,18.306491242483215,19.411061973875196,19.262265555149167,18.105764539570632,18.31596424312429,19.90053819016571,19.489250138718447,1.0,1.0,1.0,1.0,1.0,1.0,1.0,1.0,1.0,1.0
12.0,1.0,16.991740969987227,16.797131449417385,16.66100833666335,16.720051938769526,18.181190364011076,18.376936908110824,18.81486151891928,17.428346579297568,17.215485760162505,17.362293844568836,1.0,1.0,1.0,1.0,1.0,1.0,1.0,1.0,1.0,1.0
12.25,2.0,0.0,0.0,0.0,0.0,0.0,0.0,0.0,0.0,0.0,0.0,0.0,0.0,0.0,0.0,0.0,0.0,0.0,0.0,0.0,0.0
12.5,3.0,16.025542052361956,15.943423266146327,16.183731935322463,16.25030252941803,15.31456513637835,15.10151503785282,16.195057059952518,16.093121004773582,16.50937519326303,17.139633614906657,1.0,1.0,1.0,1.0,1.0,1.0,1.0,1.0,1.0,1.0
12.75,4.0,19.322290238886907,18.808560975477754,18.281035348867718,18.99572854589062,19.51846043276746,19.712809630198958,18.80067425498853,19.490611569784633,19.70140779616502,19.965135607652055,1.0,1.0,1.0,1.0,1.0,1.0,1.0,1.0,1.0,1.0
13.0,1.0,0.0,0.0,0.0,0.0,0.0,0.0,0.0,0.0,0.0,0.0,0.0,0.0,0.0,0.0,0.0,0.0,0.0,0.0,0.0,0.0
13.25,2.0,18.310841011174784,18.8222092261719,17.68617463141168,18.267281392307893,19.47871722212526,19.49245321524449,19.234224126599752,19.410777137371724,19.236274493051525,18.991920831866793,1.0,1.0,1.0,1.0,1.0,1.0,1.0,1.0,1.0,1.0
13.5,3.0,0.0,0.0,0.0,0.0,0.0,0.0,0.0,0.0,0.0,0.0,0.0,0.0,0.0,0.0,0.0,0.0,0.0,0.0,0.0,0.0
13.75,4.0,0.0,0.0,0.0,0.0,0.0,0.0,0.0,0.0,0.0,0.0,0.0,0.0,0.0,0.0,0.0,0.0,0.0,0.0,0.0,0.0
14.0,1.0,17.26034679889432,15.583037552552568,16.074207468904618,18.22251195850412,20.195215698267745,19.530648922500934,19.150640690802444,18.688793555456147,17.32471227128129,17.091690634343593,1.0,1.0,1.0,1.0,1.0,1.0,1.0,1.0,1.0,1.0
14.25,2.0,18.065171838523142,18.768832635166333,18.535426000247256,18.825839874727986,18.91129507698611,19.526598900129862,19.606522682147602,19.873579910732698,18.715110342437246,19.39828137036657,1.0,1.0,1.0,1.0,1.0,1.0,1.0,1.0,1.0,1.0
14.5,3.0,0.0,0.0,0.0,0.0,0.0,0.0,0.0,0.0,0.0,0.0,0.0,0.0,0.0,0.0,0.0,0.0,0.0,0.0,0.0,0.0
14.75,4.0,20.047845835980876,19.224442369024917,19.123345408997704,19.010008156837706,18.074805690271045,19.31559901387465,18.710067885733697,18.55144681093488,18.882292060385343,18.80747493619633,1.0,1.0,1.0,1.0,1.0,1.0,1.0,1.0,1.0,1.0
15.0,1.0,17.246481480387516,16.494168449127134,16.95996705072162,17.791388160636533,18.94401872728019,18.92277930055925,18.117692748529862,17.37978982233637,16.07526490400227,16.58366110293277,1.0,1.0,1.0,1.0,1.0,1.0,1.0,1.0,1.0,1.0
15.25,2.0,0.0,0.0,0.0,0.0,0.0,0.0,0.0,0.0,0.0,0.0,0.0,0.0,0.0,0.0,0.0,0.0,0.0,0.0,0.0,0.0
15.5,3.0,16.366637107154087,16.31157633153175,15.952627144514073,16.064329918610163,15.315380776050386,16.160754925320578,17.044934186171147,17.27920862645985,18.162615001731158,17.320488608443362,1.0,1.0,1.0,1.0,1.0,1.0,1.0,1.0,1.0,1.0
15.75,4.0,19.920538576408337,19.555944545192,18.716691322879505,18.75492640674413,20.092383015433647,19.494451852762204,20.0842413871984,19.093765123568847,19.897101659380898,19.54304480598269,1.0,1.0,1.0,1.0,1.0,1.0,1.0,1.0,1.0,1.0
16.0,1.0,17.257546430913326,16.86748179176971,16.476626191292585,17.92918127658025,18.265589299792055,18.20694443655303,18.175537295170646,17.48475667923861,16.097569928861557,15.840737251723459,1.0,1.0,1.0,1.0,1.0,1.0,1.0,1.0,1.0,1.0
16.25,2.0,18.736571768934756,17.476820247530863,17.980037602402064,19.147145882471918,19.30200240773787,19.071873528617203,19.099572884360615,20.254513829701025,19.163759592741293,20.393778555152416,1.0,1.0,1.0,1.0,1.0,1.0,1.0,1.0,1.0,1.0
16.5,3.0,0.0,0.0,0.0,0.0,0.0,0.0,0.0,0.0,0.0,0.0,0.0,0.0,0.0,0.0,0.0,0.0,0.0,0.0,0.0,0.0
16.75,4.0,20.13353086124331,19.078199669479545,17.420674294358662,19.42511002283101,21.806177350655943,20.39513110293142,20.672058552356365,20.419709210147737,20.427342008024997,20.306152267891218,1.0,1.0,1.0,1.0,1.0,1.0,1.0,1.0,1.0,1.0
17.0,1.0,17.81407072997298,16.05158986399871,16.649351957492318,18.230833296654264,17.544238881384867,17.302705367752782,17.25051851820276,16.331104924505667,15.465733774594623,15.569659284673337,1.0,1.0,1.0,1.0,1.0,1.0,1.0,1.0,1.0,1.0
17.25,2.0,0.0,0.0,0.0,0.0,0.0,0.0,0.0,0.0,0.0,0.0,0.0,0.0,0.0,0.0,0.0,0.0,0.0,0.0,0.0,0.0
17.5,3.0,15.705192079244508,16.149869141810477,17.42986886383503,16.12398704926166,17.140459099746735,17.645323298106003,17.344135459396856,15.765929062251375,15.903541339534527,15.498665133580468,1.0,1.0,1.0,1.0,1.0,1.0,1.0,1.0,1.0,1.0
17.75,4.0,18.873101174512822,18.118206551961347,17.760429848139307,20.132287660909775,20.59721579217852,20.175559677392307,20.643852719536678,20.46466003729194,19.955126868144237,19.563468194198496,1.0,1.0,1.0,1.0,1.0,1.0,1.0,1.0,1.0,1.0
18.0,1.0,0.0,0.0,0.0,0.0,0.0,0.0,0.0,0.0,0.0,0.0,0.0,0.0,0.0,0.0,0.0,0.0,0.0,0.0,0.0,0.0
18.25,2.0,0.0,0.0,0.0,0.0,0.0,0.0,0.0,0.0,0.0,0.0,0.0,0.0,0.0,0.0,0.0,0.0,0.0,0.0,0.0,0.0
18.5,3.0,16.39125213271997,18.27053211751051,17.66788552752556,16.31071721867771,16.17974096064833,16.198575793935944,15.084451571485275,14.662931972406781,14.579369556222547,14.811219412980467,1.0,1.0,1.0,1.0,1.0,1.0,1.0,1.0,1.0,1.0
18.75,4.0,0.0,0.0,0.0,0.0,0.0,0.0,0.0,0.0,0.0,0.0,0.0,0.0,0.0,0.0,0.0,0.0,0.0,0.0,0.0,0.0
19.0,1.0,18.50820666126202,18.552169307860815,18.357723047677663,17.21148682165622,16.61806882115169,18.61390916332131,17.665354515903235,16.785652015995012,15.84732619745877,16.86989183566262,1.0,1.0,1.0,1.0,1.0,1.0,1.0,1.0,1.0,1.0
19.25,2.0,17.8120992094674,17.174444983357816,17.63754625825607,16.810433182138215,17.209447316781016,17.538665213559685,18.16677387442913,19.007086037128868,18.822965889787334,19.61755799549077,1.0,1.0,1.0,1.0,1.0,1.0,1.0,1.0,1.0,1.0
19.5,3.0,0.0,0.0,0.0,0.0,0.0,0.0,0.0,0.0,0.0,0.0,0.0,0.0,0.0,0.0,0.0,0.0,0.0,0.0,0.0,0.0
19.75,4.0,17.94282244844337,20.83701004256673,21.599697017873446,21.164516677939158,20.665116241182055,19.501156021355932,19.486735863500854,17.520571195378587,16.965761828096948,17.507930149801048,1.0,1.0,1.0,1.0,1.0,1.0,1.0,1.0,1.0,1.0
20.0,1.0,19.4802900395617,17.754222163391084,17.834130169081373,18.16750118725591,17.369941166418844,18.37759333919502,18.15687934278651,17.77343001525122,17.059868897665794,17.531322846892223,1.0,1.0,1.0,1.0,1.0,1.0,1.0,1.0,1.0,1.0
20.25,2.0,0.0,0.0,0.0,0.0,0.0,0.0,0.0,0.0,0.0,0.0,0.0,0.0,0.0,0.0,0.0,0.0,0.0,0.0,0.0,0.0
20.5,3.0,18.17718766130345,17.21752497122735,16.29405740830956,15.924595032689814,15.051837355802057,15.557798516942642,15.311852963046134,14.886678101334903,16.242206712714268,16.32740319837664,1.0,1.0,1.0,1.0,1.0,1.0,1.0,1.0,1.0,1.0
20.75,4.0,19.455323664414117,21.365546685434243,20.59061175446039,20.665231502708433,20.712860393694754,18.675485594982327,18.349504271141708,16.95578797114132,16.303891797862285,17.009014744696888,1.0,1.0,1.0,1.0,1.0,1.0,1.0,1.0,1.0,1.0
21.0,1.0,0.0,0.0,0.0,0.0,0.0,0.0,0.0,0.0,0.0,0.0,0.0,0.0,0.0,0.0,0.0,0.0,0.0,0.0,0.0,0.0
21.25,2.0,17.241236695646286,16.54777552940814,16.713152785282997,17.035313623539686,17.038610665418936,17.61572314027539,18.49126955969823,18.813440972733574,19.05857463334669,19.079100489042798,1.0,1.0,1.0,1.0,1.0,1.0,1.0,1.0,1.0,1.0
21.5,3.0,0.0,0.0,0.0,0.0,0.0,0.0,0.0,0.0,0.0,0.0,0.0,0.0,0.0,0.0,0.0,0.0,0.0,0.0,0.0,0.0
21.75,4.0,0.0,0.0,0.0,0.0,0.0,0.0,0.0,0.0,0.0,0.0,0.0,0.0,0.0,0.0,0.0,0.0,0.0,0.0,0.0,0.0
22.0,1.0,17.000293977756623,17.863505555121034,17.58426581913761,16.719486575406155,16.656837089073754,17.971198366044902,18.00524923012421,18.566054846631157,18.164792763171917,18.772443839967274,1.0,1.0,1.0,1.0,1.0,1.0,1.0,1.0,1.0,1.0
22.25,2.0,15.757584408557864,16.520091585888522,16.5949103272848,16.953208794789315,16.959692418913694,17.342284027676712,18.120354755354743,18.49808765142966,18.82555272521077,18.940974463056158,1.0,1.0,1.0,1.0,1.0,1.0,1.0,1.0,1.0,1.0
22.5,3.0,17.709000429388276,16.525667165025055,16.565466599934886,16.678252655557383,17.29729523391381,17.985536421278674,17.878172781405457,16.606981891133163,16.885937177706904,16.24864237165097,1.0,1.0,1.0,1.0,1.0,1.0,1.0,1.0,1.0,1.0
22.75,4.0,20.33334478063378,19.844091516836098,18.663277392918115,19.615487715364324,18.357135402993094,18.027191115872384,18.033915167874877,17.626340714126577,17.228553831296054,17.647782783602782,1.0,1.0,1.0,1.0,1.0,1.0,1.0,1.0,1.0,1.0
23.0,1.0,17.511559609077437,17.665469664015223,16.882211239155723,16.46799330608678,18.010362479686766,18.5215414534453,18.556938308166664,17.932283813686112,17.387954039597467,18.30127668839984,1.0,1.0,1.0,1.0,1.0,1.0,1.0,1.0,1.0,1.0
23.25,2.0,0.0,0.0,0.0,0.0,0.0,0.0,0.0,0.0,0.0,0.0,0.0,0.0,0.0,0.0,0.0,0.0,0.0,0.0,0.0,0.0
23.5,3.0,16.78448317280646,16.727249460229572,16.319664367188167,18.112968576728555,18.719761619221018,17.71553776140116,17.721620355196432,16.207668361268198,16.30905730533177,15.717301523250027,1.0,1.0,1.0,1.0,1.0,1.0,1.0,1.0,1.0,1.0
23.75,4.0,20.934637274116866,20.076912020845498,18.843786654909856,18.398594983334238,17.33423214236311,17.858468389774508,17.875944572789102,18.176749443242123,18.321787680390575,18.653441666693915,1.0,1.0,1.0,1.0,1.0,1.0,1.0,1.0,1.0,1.0
24.0,1.0,17.07018440184529,16.566244683413935,17.365008704358747,17.710184715178745,19.322757840671304,18.59333910017138,18.33850105774982,18.397529264255265,16.823638610180996,17.144779952129618,1.0,1.0,1.0,1.0,1.0,1.0,1.0,1.0,1.0,1.0
24.25,2.0,17.137685930837808,18.040936577254605,17.4578975206299,18.59742143162582,17.97363420565564,17.96165450237673,17.764579480704995,17.75668676905327,17.13083453063612,16.893794219591214,1.0,1.0,1.0,1.0,1.0,1.0,1.0,1.0,1.0,1.0
24.5,3.0,0.0,0.0,0.0,0.0,0.0,0.0,0.0,0.0,0.0,0.0,0.0,0.0,0.0,0.0,0.0,0.0,0.0,0.0,0.0,0.0
24.75,4.0,20.105707501146266,19.6968762942366,19.137514638353206,18.701722393879123,17.567300210225067,17.575157052097094,18.09044539177919,17.69656604759787,19.153015376491656,18.846842200178802,1.0,1.0,1.0,1.0,1.0,1.0,1.0,1.0,1.0,1.0
25.0,1.0,16.31640052064962,15.786774777446562,18.037128554132565,18.24971618071149,17.803560878455254,17.70418925390848,18.132588394546374,17.260989913499213,16.683375153044327,16.28611288544654,1.0,1.0,1.0,1.0,1.0,1.0,1.0,1.0,1.0,1.0
25.25,2.0,0.0,0.0,0.0,0.0,0.0,0.0,0.0,0.0,0.0,0.0,0.0,0.0,0.0,0.0,0.0,0.0,0.0,0.0,0.0,0.0
25.5,3.0,16.86055549594878,18.760733023697433,18.871489817278928,19.975196236812163,20.31630604670619,18.871160744601443,19.446469070406156,17.31849676238275,16.96268313850136,16.63253538862567,1.0,1.0,1.0,1.0,1.0,1.0,1.0,1.0,1.0,1.0
25.75,4.0,20.34242217949661,20.847721875948373,20.36597598419891,19.4986221265641,18.509281083407295,19.95497630689622,19.989982002150168,19.332559867324253,19.895118602912852,19.3981320169605,1.0,1.0,1.0,1.0,1.0,1.0,1.0,1.0,1.0,1.0
26.0,1.0,0.0,0.0,0.0,0.0,0.0,0.0,0.0,0.0,0.0,0.0,0.0,0.0,0.0,0.0,0.0,0.0,0.0,0.0,0.0,0.0
26.25,2.0,0.0,0.0,0.0,0.0,0.0,0.0,0.0,0.0,0.0,0.0,0.0,0.0,0.0,0.0,0.0,0.0,0.0,0.0,0.0,0.0
26.5,3.0,18.110825682414735,20.654565388247114,20.669060178079587,21.626367913691155,20.640873304811446,19.087869311135442,19.214023468676793,17.3863077616455,17.37069662913465,17.069773373001333,1.0,1.0,1.0,1.0,1.0,1.0,1.0,1.0,1.0,1.0
26.75,4.0,0.0,0.0,0.0,0.0,0.0,0.0,0.0,0.0,0.0,0.0,0.0,0.0,0.0,0.0,0.0,0.0,0.0,0.0,0.0,0.0
27.0,1.0,18.017763712397958,18.523951250157115,19.362247105059023,18.744108174660127,17.594726110076696,17.52498939062683,18.564743076179248,18.55015307323515,17.727559039215134,16.845039651020468,1.0,1.0,1.0,1.0,1.0,1.0,1.0,1.0,1.0,1.0
27.25,2.0,19.08760627639237,19.6237925468234,19.493475889261923,17.923502138666176,17.1116081302113,16.913831833288853,15.823327689335674,17.06743669425054,17.136287925798467,16.827363152016765,1.0,1.0,1.0,1.0,1.0,1.0,1.0,1.0,1.0,1.0
27.5,3.0,0.0,0.0,0.0,0.0,0.0,0.0,0.0,0.0,0.0,0.0,0.0,0.0,0.0,0.0,0.0,0.0,0.0,0.0,0.0,0.0
27.75,4.0,20.233270406540175,21.713480077248253,20.732460212593868,20.44996129282021,20.863423208154178,21.404235710852127,21.78725853739078,21.189603596870477,19.204740977496805,19.05843253754625,1.0,1.0,1.0,1.0,1.0,1.0,1.0,1.0,1.0,1.0
28.0,1.0,18.59806355604424,18.148820327382055,17.191399413584282,16.98286685506945,17.416303660424383,16.770038617171306,17.676861956301664,17.787286444865494,16.851101224000022,17.13461589363825,1.0,1.0,1.0,1.0,1.0,1.0,1.0,1.0,1.0,1.0
28.25,2.0,0.0,0.0,0.0,0.0,0.0,0.0,0.0,0.0,0.0,0.0,0.0,0.0,0.0,0.0,0.0,0.0,0.0,0.0,0.0,0.0
28.5,3.0,21.236420838186632,23.338301508537775,22.407461655864612,21.84168414398495,19.41662080372859,19.05123578372334,20.27609428326532,19.325605252692593,19.354729173968085,19.01613275869492,1.0,1.0,1.0,1.0,1.0,1.0,1.0,1.0,1.0,1.0
28.75,4.0,20.45036128247991,22.72600225495394,21.11093732688849,21.349699540775646,22.222892372611753,21.71719121301029,22.40250903402485,20.481968259607203,18.6418228984606,17.614978354254745,1.0,1.0,1.0,1.0,1.0,1.0,1.0,1.0,1.0,1.0
29.0,1.0,0.0,0.0,0.0,0.0,0.0,0.0,0.0,0.0,0.0,0.0,0.0,0.0,0.0,0.0,0.0,0.0,0.0,0.0,0.0,0.0
29.25,2.0,19.643673067506654,19.404750610532172,18.107938936859085,16.15566000999939,17.639761972171407,18.065764686996616,17.85489968590306,18.005196318768625,17.88899584443413,16.787436019558815,1.0,1.0,1.0,1.0,1.0,1.0,1.0,1.0,1.0,1.0
29.5,3.0,0.0,0.0,0.0,0.0,0.0,0.0,0.0,0.0,0.0,0.0,0.0,0.0,0.0,0.0,0.0,0.0,0.0,0.0,0.0,0.0
29.75,4.0,0.0,0.0,0.0,0.0,0.0,0.0,0.0,0.0,0.0,0.0,0.0,0.0,0.0,0.0,0.0,0.0,0.0,0.0,0.0,0.0
30.0,1.0,17.777891834044382,18.045204415222727,17.35141093449397,16.94664185492072,17.023290238308462,17.39774427567337,18.444124868465774,19.108933209988034,18.675591834102974,18.757753315037895,1.0,1.0,1.0,1.0,1.0,1.0,1.0,1.0,1.0,1.0
30.25,2.0,18.413622646129653,18.682162722684104,18.15405187502831,18.073290350425708,17.938011049972143,17.91919316481653,16.657102628959034,17.49679174274705,16.983868824610326,16.819920487681994,1.0,1.0,1.0,1.0,1.0,1.0,1.0,1.0,1.0,1.0
30.5,3.0,21.41236040593503,22.109618120624894,21.54742933323461,21.11508411491008,20.353581677504494,19.858231488840232,19.133838250901796,17.891702916587494,18.521173967975802,18.416615411811605,1.0,1.0,1.0,1.0,1.0,1.0,1.0,1.0,1.0,1.0
30.75,4.0,20.08122677179498,22.502354258369188,21.39721581844476,21.192127396700045,20.096727930844143,19.85878436243111,20.595895179546577,20.385030813293504,20.43447143859398,19.97547174199518,1.0,1.0,1.0,1.0,1.0,1.0,1.0,1.0,1.0,1.0
31.0,1.0,17.661093752722802,17.09187852448924,17.49361295536551,16.82082519187092,17.780590851834287,17.301528206374435,18.656659387955767,18.972046656428645,18.290215249303586,17.42712991619865,1.0,1.0,1.0,1.0,1.0,1.0,1.0,1.0,1.0,1.0
31.25,2.0,0.0,0.0,0.0,0.0,0.0,0.0,0.0,0.0,0.0,0.0,0.0,0.0,0.0,0.0,0.0,0.0,0.0,0.0,0.0,0.0
31.5,3.0,20.54192149496342,21.539919316299173,21.791288277557893,21.01559262206442,20.033736373564274,18.652197771091732,19.30055539674402,17.967119970404443,18.041253378583747,17.023219339681237,1.0,1.0,1.0,1.0,1.0,1.0,1.0,1.0,1.0,1.0
31.75,4.0,20.67425834194294,21.36963304453261,20.678528546084102,21.061478229981994,20.759551914695564,21.74007826600818,22.065823666078195,21.962115470024084,20.99746312607598,20.44673900844923,1.0,1.0,1.0,1.0,1.0,1.0,1.0,1.0,1.0,1.0
32.0,1.0,17.74181550000032,16.821215725500075,17.09242151322511,16.006115563858835,17.980473802569882,16.84571498659304,17.468331671243416,17.441848727317268,17.70608257748349,16.98786500273566,1.0,1.0,1.0,1.0,1.0,1.0,1.0,1.0,1.0,1.0
32.25,2.0,16.708200807564694,19.635025048183604,20.153178432746518,18.46360594465159,17.87528605394767,17.69711463343273,16.041982332930502,16.83316245069715,17.04940272161677,15.89904542025024,1.0,1.0,1.0,1.0,1.0,1.0,1.0,1.0,1.0,1.0
32.5,3.0,0.0,0.0,0.0,0.0,0.0,0.0,0.0,0.0,0.0,0.0,0.0,0.0,0.0,0.0,0.0,0.0,0.0,0.0,0.0,0.0
32.75,4.0,20.434785271233988,20.865572942669292,20.318493158355214,20.064328416638435,20.799642038866278,22.31352165509453,23.006662747188567,23.107146148950264,21.653696782158363,21.580077342610057,1.0,1.0,1.0,1.0,1.0,1.0,1.0,1.0,1.0,1.0
33.0,1.0,17.052309547710724,17.648810605716122,16.911413387769013,17.19768376312104,17.467029525438143,16.556114439520602,16.8176750599542,17.965395059881253,17.34990058332007,16.10475561295718,1.0,1.0,1.0,1.0,1.0,1.0,1.0,1.0,1.0,1.0
33.25,2.0,0.0,0.0,0.0,0.0,0.0,0.0,0.0,0.0,0.0,0.0,0.0,0.0,0.0,0.0,0.0,0.0,0.0,0.0,0.0,0.0
33.5,3.0,19.289868072250513,20.326739695533576,21.00274507588876,19.612675413231628,18.94219782867693,18.420432464400292,18.63099585318078,16.684455204569748,16.524956173380676,16.23126471135728,1.0,1.0,1.0,1.0,1.0,1.0,1.0,1.0,1.0,1.0
33.75,4.0,20.705073183406626,19.737427178000335,19.090709502072404,18.916607909893326,20.35256462258823,21.683986591566118,22.653940067744163,22.57820606327983,22.12408540272495,21.242032670981356,1.0,1.0,1.0,1.0,1.0,1.0,1.0,1.0,1.0,1.0
34.0,1.0,0.0,0.0,0.0,0.0,0.0,0.0,0.0,0.0,0.0,0.0,0.0,0.0,0.0,0.0,0.0,0.0,0.0,0.0,0.0,0.0
34.25,2.0,18.991497630565135,18.251279741958594,17.99874920623883,16.292465378140438,15.713747707272494,17.226991644285295,16.52720756659469,17.040305389544034,15.864091201057697,14.332070158100594,1.0,1.0,1.0,1.0,1.0,1.0,1.0,1.0,1.0,1.0
34.5,3.0,19.242355058342692,19.38129747155545,20.24360939524661,18.897090980912097,17.67521224091123,17.496580143155605,16.993131146219223,15.524658159655273,16.22908490121663,15.714963557634148,1.0,1.0,1.0,1.0,1.0,1.0,1.0,1.0,1.0,1.0
34.75,4.0,0.0,0.0,0.0,0.0,0.0,0.0,0.0,0.0,0.0,0.0,0.0,0.0,0.0,0.0,0.0,0.0,0.0,0.0,0.0,0.0
35.0,1.0,15.999074472128607,16.81824864132325,17.655258484387147,17.131194445666353,16.056760448487857,16.171123877272567,16.097533730108637,16.48876169758851,15.933953631894214,14.668963202075636,1.0,1.0,1.0,1.0,1.0,1.0,1.0,1.0,1.0,1.0
35.25,2.0,19.17296469262962,17.89831316861014,18.538748739031632,16.746757000008582,15.54358875045877,16.00821345905137,15.066753930272856,15.136625006398361,14.426111895560647,12.991323188544598,1.0,1.0,1.0,1.0,1.0,1.0,1.0,1.0,1.0,1.0
35.5,3.0,0.0,0.0,0.0,0.0,0.0,0.0,0.0,0.0,0.0,0.0,0.0,0.0,0.0,0.0,0.0,0.0,0.0,0.0,0.0,0.0
35.75,4.0,19.091742279129164,17.838805440181524,18.510205744292787,18.58428422110545,17.93502149074583,20.210753740182604,20.25748218854716,21.152038172048318,20.02942950647574,20.214049756735925,1.0,1.0,1.0,1.0,1.0,1.0,1.0,1.0,1.0,1.0
36.0,1.0,16.29461171651966,16.59775154516935,17.840626215722207,17.16738097134497,15.75777069156156,15.19102418980482,15.16542599038472,15.791303135461495,14.996125177110821,15.150050035568972,1.0,1.0,1.0,1.0,1.0,1.0,1.0,1.0,1.0,1.0
36.25,2.0,0.0,0.0,0.0,0.0,0.0,0.0,0.0,0.0,0.0,0.0,0.0,0.0,0.0,0.0,0.0,0.0,0.0,0.0,0.0,0.0
36.5,3.0,18.448804295601413,19.18059908482506,19.231504567683526,17.937788275885175,17.14017812436791,17.007109970029227,16.367713199786216,15.993052918993815,16.706917480509034,15.763345414821616,1.0,1.0,1.0,1.0,1.0,1.0,1.0,1.0,1.0,1.0
36.75,4.0,17.881361447057113,17.398212192537443,18.290648658697968,18.821387018352656,17.999320068631384,19.95748253584352,20.57994699227832,20.87515600979039,20.165430908621396,19.882960466089454,1.0,1.0,1.0,1.0,1.0,1.0,1.0,1.0,1.0,1.0
37.0,1.0,17.32386717360606,17.81077907430544,17.76870917320356,16.52346352347526,14.95291873887536,15.30468757133458,15.098882333262688,15.018485809550628,14.7269626334328,14.735656501179816,1.0,1.0,1.0,1.0,1.0,1.0,1.0,1.0,1.0,1.0
37.25,2.0,18.099107984371436,17.38204192069884,15.94164539628715,14.534972895726826,12.99024225905982,13.508309941943109,13.802855013588294,14.697108690141478,14.634030831566378,14.006122332280535,1.0,1.0,1.0,1.0,1.0,1.0,1.0,1.0,1.0,1.0
37.5,3.0,0.0,0.0,0.0,0.0,0.0,0.0,0.0,0.0,0.0,0.0,0.0,0.0,0.0,0.0,0.0,0.0,0.0,0.0,0.0,0.0
37.75,4.0,17.21324387759559,16.92558562779864,18.20786351880023,19.494998053462645,17.92482425318268,19.172444599117473,19.41971612179682,18.797038157005925,17.344177650434776,18.213274258077305,1.0,1.0,1.0,1.0,1.0,1.0,1.0,1.0,1.0,1.0
38.0,1.0,16.93391503159789,17.709218846632858,17.552133081797198,15.784473129810259,15.301793526748764,15.441989799208704,15.56395752479518,15.246440648781718,15.558102974831275,16.05723658178919,1.0,1.0,1.0,1.0,1.0,1.0,1.0,1.0,1.0,1.0
38.25,2.0,17.710785913743397,16.409709673575797,14.85524147260142,12.669419706536209,12.125768059735256,12.701791984867993,13.12793386547926,14.273631387194023,14.624921868580781,14.416347378354383,1.0,1.0,1.0,1.0,1.0,1.0,1.0,1.0,1.0,1.0
38.5,3.0,18.572834916589393,17.86294920411142,17.072954478696325,16.812421165009358,17.63149949450948,18.456090473793793,18.25134295927166,17.785619520085536,17.1616991821464,16.04985279123587,1.0,1.0,1.0,1.0,1.0,1.0,1.0,1.0,1.0,1.0
38.75,4.0,17.219376616169846,17.065878810479536,18.214308060698873,17.63126093440938,16.842745196997196,17.856976758047477,17.651295767979132,17.56105849092406,16.315063688101127,17.608878963646383,1.0,1.0,1.0,1.0,1.0,1.0,1.0,1.0,1.0,1.0
39.0,1.0,0.0,0.0,0.0,0.0,0.0,0.0,0.0,0.0,0.0,0.0,0.0,0.0,0.0,0.0,0.0,0.0,0.0,0.0,0.0,0.0
39.25,2.0,0.0,0.0,0.0,0.0,0.0,0.0,0.0,0.0,0.0,0.0,0.0,0.0,0.0,0.0,0.0,0.0,0.0,0.0,0.0,0.0
39.5,3.0,18.239962839841496,16.138234041020397,16.37830200748381,16.920771476070083,18.29126888792401,18.59288713053005,17.825622315687284,17.150220548294705,16.983270810679787,15.801182352248224,1.0,1.0,1.0,1.0,1.0,1.0,1.0,1.0,1.0,1.0
39.75,4.0,17.398626307541733,16.918068105320963,17.969982202586866,17.66965175268502,16.349314214371336,17.889532549210898,17.61604586615067,18.859155416796945,18.316544841001033,19.08538509768295,1.0,1.0,1.0,1.0,1.0,1.0,1.0,1.0,1.0,1.0
40.0,1.0,16.78535315168845,16.286194283632316,15.072962001703543,14.803660874282668,13.31738933581895,13.934838291202,15.094517882700634,15.032948846321693,14.69167650666938,15.03442749193671,1.0,1.0,1.0,1.0,1.0,1.0,1.0,1.0,1.0,1.0
40.25,2.0,15.09268399477498,14.104369109026715,13.208604892585598,12.736542674909048,13.633022890638143,13.921206824199846,15.794487217386433,16.29571215769093,16.663794895465536,15.647445184258899,1.0,1.0,1.0,1.0,1.0,1.0,1.0,1.0,1.0,1.0
40.5,3.0,0.0,0.0,0.0,0.0,0.0,0.0,0.0,0.0,0.0,0.0,0.0,0.0,0.0,0.0,0.0,0.0,0.0,0.0,0.0,0.0
40.75,4.0,16.551128504353766,18.375053150069473,18.91088944290486,17.988982962645203,16.74052423624399,17.511016966617724,18.664425547503008,19.60246720616202,19.28354291118608,19.64597267625784,1.0,1.0,1.0,1.0,1.0,1.0,1.0,1.0,1.0,1.0
41.0,1.0,16.06654664307337,15.859119267748913,15.267976699060368,15.014048512214364,13.608742285613662,14.501084016140078,14.346488012617929,14.80161114751225,14.639990610704213,16.28595334557327,1.0,1.0,1.0,1.0,1.0,1.0,1.0,1.0,1.0,1.0
41.25,2.0,0.0,0.0,0.0,0.0,0.0,0.0,0.0,0.0,0.0,0.0,0.0,0.0,0.0,0.0,0.0,0.0,0.0,0.0,0.0,0.0
41.5,3.0,17.1154158355513,16.457013690519545,16.59908823705306,18.50164477917501,17.669119652221305,17.227005651782004,17.75805968958737,17.184697153779748,17.38481915923358,15.41883784072632,1.0,1.0,1.0,1.0,1.0,1.0,1.0,1.0,1.0,1.0
41.75,4.0,17.63935091840323,18.905667082551506,19.33638009017508,16.93941242660022,17.151357237390492,18.27897004733482,18.900254340174758,19.872733719650846,19.087650365754648,19.461937913778545,1.0,1.0,1.0,1.0,1.0,1.0,1.0,1.0,1.0,1.0
42.0,1.0,0.0,0.0,0.0,0.0,0.0,0.0,0.0,0.0,0.0,0.0,0.0,0.0,0.0,0.0,0.0,0.0,0.0,0.0,0.0,0.0
42.25,2.0,14.39430578051675,14.633579390327386,13.511666778024455,13.332736418310573,15.171072333640547,16.109821492581858,16.38801887544503,16.905737293138998,16.924071551544372,17.042684169339534,1.0,1.0,1.0,1.0,1.0,1.0,1.0,1.0,1.0,1.0
42.5,3.0,16.017646836542454,17.9133767511771,18.372687520109867,17.746139304331173,17.004832902263793,17.35350897109664,17.99462306234854,17.705778898928646,17.51257890554027,15.778098300945452,1.0,1.0,1.0,1.0,1.0,1.0,1.0,1.0,1.0,1.0
42.75,4.0,0.0,0.0,0.0,0.0,0.0,0.0,0.0,0.0,0.0,0.0,0.0,0.0,0.0,0.0,0.0,0.0,0.0,0.0,0.0,0.0
43.0,1.0,15.577710793899184,16.490392672723168,16.16407122168053,15.101350291118576,13.699355474356508,15.053348268603672,15.897763550304623,16.027126515127062,16.335469551105668,15.89049295242964,1.0,1.0,1.0,1.0,1.0,1.0,1.0,1.0,1.0,1.0
43.25,2.0,14.7522754164546,14.716410459470795,13.137528706382325,13.208810404976898,14.067484156993451,15.814194174781957,15.951793468425823,17.55463791875078,17.440809409586077,17.851174974060005,1.0,1.0,1.0,1.0,1.0,1.0,1.0,1.0,1.0,1.0
43.5,3.0,0.0,0.0,0.0,0.0,0.0,0.0,0.0,0.0,0.0,0.0,0.0,0.0,0.0,0.0,0.0,0.0,0.0,0.0,0.0,0.0
43.75,4.0,18.479104311163884,19.718352406029005,18.708464007598533,17.300463765175145,16.56412990749983,17.186745632747993,17.90169615816025,18.27271869367798,18.107172424627933,18.213866482076977,1.0,1.0,1.0,1.0,1.0,1.0,1.0,1.0,1.0,1.0
44.0,1.0,16.116821318848316,16.39018194609443,15.83670476730863,14.242530871598701,15.23714259270052,15.810002592763029,15.888534811802979,16.07002703853169,15.104268048225302,15.777310949165788,1.0,1.0,1.0,1.0,1.0,1.0,1.0,1.0,1.0,1.0
44.25,2.0,0.0,0.0,0.0,0.0,0.0,0.0,0.0,0.0,0.0,0.0,0.0,0.0,0.0,0.0,0.0,0.0,0.0,0.0,0.0,0.0
44.5,3.0,16.7960045471316,19.14734052183063,18.223822209508146,15.141753887589836,15.73599410549166,16.700601484654488,16.774011006457155,16.052878449274097,16.224670289199793,16.190529902382703,1.0,1.0,1.0,1.0,1.0,1.0,1.0,1.0,1.0,1.0
44.75,4.0,17.526116064206327,19.12162172440639,19.16970364611816,17.984058383737132,16.629581151062123,17.274549801958752,17.826432116813084,17.400546737697194,16.237362260430093,16.31756029973424,1.0,1.0,1.0,1.0,1.0,1.0,1.0,1.0,1.0,1.0
45.0,1.0,15.54606203359151,17.23607484545415,15.4401763250384,15.049570982552483,14.82737737202159,16.241645310704406,15.488141225575935,15.612145564316586,15.76515339666668,15.83995296781283,1.0,1.0,1.0,1.0,1.0,1.0,1.0,1.0,1.0,1.0
45.25,2.0,14.308022272509952,15.5198801206311,14.67433806049694,13.310948787839656,14.752698567248736,15.66563613668957,16.0209232784552,17.423881879791246,17.05790139589068,17.096455980932177,1.0,1.0,1.0,1.0,1.0,1.0,1.0,1.0,1.0,1.0
45.5,3.0,0.0,0.0,0.0,0.0,0.0,0.0,0.0,0.0,0.0,0.0,0.0,0.0,0.0,0.0,0.0,0.0,0.0,0.0,0.0,0.0
45.75,4.0,17.66238451393569,17.8441145772214,18.078653403959237,15.756022660898193,16.20109389887163,16.695414373129616,17.440769406143986,16.556312338589972,16.283486745983772,16.513520546252476,1.0,1.0,1.0,1.0,1.0,1.0,1.0,1.0,1.0,1.0
46.0,1.0,16.313984640777583,17.81244601740839,16.364675893995553,16.654874388871878,15.545810874983458,16.473880203889262,15.591053366663209,16.457531144195784,16.524138866527377,16.57562296052377,1.0,1.0,1.0,1.0,1.0,1.0,1.0,1.0,1.0,1.0
46.25,2.0,15.15170337254952,16.02718039246585,15.319793945460397,15.273980466020964,15.557919041165439,16.13230261917968,17.33440268707868,17.696642256236718,17.773781719189074,17.898628386487953,1.0,1.0,1.0,1.0,1.0,1.0,1.0,1.0,1.0,1.0
46.5,3.0,18.08817783875864,17.73797536241298,18.597288853995188,17.957628163863777,15.705808756160934,16.528536610971713,17.231500638208626,16.88618907878581,17.306764801717886,16.564742885061925,1.0,1.0,1.0,1.0,1.0,1.0,1.0,1.0,1.0,1.0
46.75,4.0,16.41975724281718,17.706406507994128,17.377058514537605,16.470798331851572,16.37914071723476,16.550725567104134,16.57006734191974,16.199850395873092,16.431015397357566,17.1204810199584,1.0,1.0,1.0,1.0,1.0,1.0,1.0,1.0,1.0,1.0
47.0,1.0,0.0,0.0,0.0,0.0,0.0,0.0,0.0,0.0,0.0,0.0,0.0,0.0,0.0,0.0,0.0,0.0,0.0,0.0,0.0,0.0
47.25,2.0,0.0,0.0,0.0,0.0,0.0,0.0,0.0,0.0,0.0,0.0,0.0,0.0,0.0,0.0,0.0,0.0,0.0,0.0,0.0,0.0
47.5,3.0,17.285716925851922,17.00083059569822,17.517801742035637,17.053101641017967,16.815953624126884,17.364537399266627,17.537581610515566,17.375353146618306,16.561832829010378,15.488774695370788,1.0,1.0,1.0,1.0,1.0,1.0,1.0,1.0,1.0,1.0
47.75,4.0,0.0,0.0,0.0,0.0,0.0,0.0,0.0,0.0,0.0,0.0,0.0,0.0,0.0,0.0,0.0,0.0,0.0,0.0,0.0,0.0
48.0,1.0,16.564108504811802,17.612956671163165,16.323538874356583,17.507704387854258,16.899995584088416,18.265182115061382,17.152064324101108,18.296182086345887,18.294119652274762,18.805899355134436,1.0,1.0,1.0,1.0,1.0,1.0,1.0,1.0,1.0,1.0
48.25,2.0,16.169985854044654,16.92904831328055,16.146763634767094,16.977215881149732,18.71497182087304,18.04354721539951,17.556883530023256,17.926965806760556,16.663342533142348,16.07996108499289,1.0,1.0,1.0,1.0,1.0,1.0,1.0,1.0,1.0,1.0
48.5,3.0,0.0,0.0,0.0,0.0,0.0,0.0,0.0,0.0,0.0,0.0,0.0,0.0,0.0,0.0,0.0,0.0,0.0,0.0,0.0,0.0
48.75,4.0,15.96599266569041,15.723803603647927,15.942330533315635,15.244019553047963,15.965076851921276,17.28036712105084,17.572491671246727,18.069131570200838,18.157656855163744,17.609456471202975,1.0,1.0,1.0,1.0,1.0,1.0,1.0,1.0,1.0,1.0
49.0,1.0,16.226442838325497,17.343677805251417,17.636167188907077,17.871442814232246,17.540107423363555,19.057460701085024,18.096418793617616,19.425211966932633,18.65340685831468,19.3027604616779,1.0,1.0,1.0,1.0,1.0,1.0,1.0,1.0,1.0,1.0
49.25,2.0,0.0,0.0,0.0,0.0,0.0,0.0,0.0,0.0,0.0,0.0,0.0,0.0,0.0,0.0,0.0,0.0,0.0,0.0,0.0,0.0
49.5,3.0,17.944200816912353,18.40681933825843,17.684806953050202,18.129283059627475,17.604452504953187,17.096609069712553,16.61943596898715,15.921185771016225,15.410085649167277,15.726613566825364,1.0,1.0,1.0,1.0,1.0,1.0,1.0,1.0,1.0,1.0
49.75,4.0,15.798186566204679,15.74200554888171,15.279815681493846,14.266757428645183,16.83011979376104,17.232758366255947,17.638570563196946,17.277382206526475,17.942792819496162,17.89326690973011,1.0,1.0,1.0,1.0,1.0,1.0,1.0,1.0,1.0,1.0
50.0,1.0,0.0,0.0,0.0,0.0,0.0,0.0,0.0,0.0,0.0,0.0,0.0,0.0,0.0,0.0,0.0,0.0,0.0,0.0,0.0,0.0
50.25,2.0,15.097620556610707,17.652211974700908,18.880279131838098,19.910436496680926,19.07786285060462,19.55530176394707,18.19307056682731,18.21565694925533,16.328273292030175,15.836858037849495,1.0,1.0,1.0,1.0,1.0,1.0,1.0,1.0,1.0,1.0
50.5,3.0,0.0,0.0,0.0,0.0,0.0,0.0,0.0,0.0,0.0,0.0,0.0,0.0,0.0,0.0,0.0,0.0,0.0,0.0,0.0,0.0
50.75,4.0,0.0,0.0,0.0,0.0,0.0,0.0,0.0,0.0,0.0,0.0,0.0,0.0,0.0,0.0,0.0,0.0,0.0,0.0,0.0,0.0
51.0,1.0,17.594136699125187,18.735840959730844,17.812285465716375,17.75778053778831,17.326375862558688,18.36004490277553,19.079015067420887,19.93777549075534,20.300891411870303,20.825599955548235,1.0,1.0,1.0,1.0,1.0,1.0,1.0,1.0,1.0,1.0
51.25,2.0,14.347417401869103,18.328783012797462,19.416259876039028,19.709043458132772,18.46100198288237,17.491469366275602,17.027286516767678,17.071476875711266,16.645577488844925,16.191234337275635,1.0,1.0,1.0,1.0,1.0,1.0,1.0,1.0,1.0,1.0
51.5,3.0,0.0,0.0,0.0,0.0,0.0,0.0,0.0,0.0,0.0,0.0,0.0,0.0,0.0,0.0,0.0,0.0,0.0,0.0,0.0,0.0
51.75,4.0,17.169157232968974,15.248106896832082,14.950159474787778,14.44512730632344,16.773400541859026,18.30814694706647,18.697670413071343,18.777895366543113,19.033198163288223,19.953357950173928,1.0,1.0,1.0,1.0,1.0,1.0,1.0,1.0,1.0,1.0
52.0,1.0,18.456175426030224,19.15056460426642,17.603073289079557,17.888102425831665,18.328374512522597,20.14742548124567,20.503386404623917,21.604764869899775,20.729076038046117,20.61790052317115,1.0,1.0,1.0,1.0,1.0,1.0,1.0,1.0,1.0,1.0
52.25,2.0,0.0,0.0,0.0,0.0,0.0,0.0,0.0,0.0,0.0,0.0,0.0,0.0,0.0,0.0,0.0,0.0,0.0,0.0,0.0,0.0
52.5,3.0,16.980486530645294,16.704444144030358,15.943550045037753,15.176864689175963,16.93030801810804,17.677891770489545,16.84930480545298,16.6504196604278,16.73672157560971,16.301235096658807,1.0,1.0,1.0,1.0,1.0,1.0,1.0,1.0,1.0,1.0
52.75,4.0,16.10501847176199,15.695499565783962,15.143924339860204,15.66643598686412,17.274922765472464,18.205407245889543,18.011669751758728,18.696891286145878,18.450196400466385,18.698383257407464,1.0,1.0,1.0,1.0,1.0,1.0,1.0,1.0,1.0,1.0
53.0,1.0,18.60320860731308,19.17462333461713,18.626096728820798,20.173069752110095,19.563033347704337,20.44866076067115,20.59023002604092,21.618812644142007,20.749733963934624,20.416813022322582,1.0,1.0,1.0,1.0,1.0,1.0,1.0,1.0,1.0,1.0
53.25,2.0,16.29428252138481,17.70489872084981,17.866914864642844,16.904848684990764,17.064631716925703,17.13950866776524,16.781927167164948,15.346368364840716,15.80872375403964,15.584305602864468,1.0,1.0,1.0,1.0,1.0,1.0,1.0,1.0,1.0,1.0
53.5,3.0,0.0,0.0,0.0,0.0,0.0,0.0,0.0,0.0,0.0,0.0,0.0,0.0,0.0,0.0,0.0,0.0,0.0,0.0,0.0,0.0
53.75,4.0,15.938776326868695,16.465789488445896,16.23225126249095,16.63333792212932,17.650018855642855,17.908552517377338,17.64617412950128,18.199564629778884,17.616209731298945,18.31745499795111,1.0,1.0,1.0,1.0,1.0,1.0,1.0,1.0,1.0,1.0
54.0,1.0,18.306174713564175,19.58987183859768,19.664602232397463,20.270907800431647,20.302461741757078,20.11370395845828,20.11360284017116,21.740658279913315,21.469256599248954,22.200917850509928,1.0,1.0,1.0,1.0,1.0,1.0,1.0,1.0,1.0,1.0
54.25,2.0,0.0,0.0,0.0,0.0,0.0,0.0,0.0,0.0,0.0,0.0,0.0,0.0,0.0,0.0,0.0,0.0,0.0,0.0,0.0,0.0
54.5,3.0,15.771961797038905,14.803256112738598,16.18601405024806,17.391093490245805,15.827804398039477,18.07862483179944,17.092240695168893,18.189744019590023,18.194709741527394,17.878148048452367,1.0,1.0,1.0,1.0,1.0,1.0,1.0,1.0,1.0,1.0
54.75,4.0,15.334618880566453,15.698069269084444,17.350230113153707,16.701671596031357,16.18890437303015,16.536204182617958,16.046948063794723,17.912296126150103,17.398766607906555,17.445256202905057,1.0,1.0,1.0,1.0,1.0,1.0,1.0,1.0,1.0,1.0
55.0,1.0,0.0,0.0,0.0,0.0,0.0,0.0,0.0,0.0,0.0,0.0,0.0,0.0,0.0,0.0,0.0,0.0,0.0,0.0,0.0,0.0
55.25,2.0,0.0,0.0,0.0,0.0,0.0,0.0,0.0,0.0,0.0,0.0,0.0,0.0,0.0,0.0,0.0,0.0,0.0,0.0,0.0,0.0
55.5,3.0,16.088305513165537,15.95527720568869,17.860146963876772,17.977691253548596,16.2774815382165,18.135716410113503,17.586945249012416,18.630409323485217,18.19944364368017,18.545217178189848,1.0,1.0,1.0,1.0,1.0,1.0,1.0,1.0,1.0,1.0
55.75,4.0,0.0,0.0,0.0,0.0,0.0,0.0,0.0,0.0,0.0,0.0,0.0,0.0,0.0,0.0,0.0,0.0,0.0,0.0,0.0,0.0
56.0,1.0,17.334379004331755,19.003445101266294,19.252502552232038,19.47079777433368,20.458330911266394,21.31741006491291,22.364439902021058,23.313118650644913,23.208480891840793,23.448125680442793,1.0,1.0,1.0,1.0,1.0,1.0,1.0,1.0,1.0,1.0
56.25,2.0,15.694652903883341,16.93623580773909,17.42783738135407,16.680485233734206,16.49644274726485,16.436877230343697,15.472529282265901,16.45069924134108,15.815648815762579,16.02734331206408,1.0,1.0,1.0,1.0,1.0,1.0,1.0,1.0,1.0,1.0
56.5,3.0,0.0,0.0,0.0,0.0,0.0,0.0,0.0,0.0,0.0,0.0,0.0,0.0,0.0,0.0,0.0,0.0,0.0,0.0,0.0,0.0
56.75,4.0,15.28002368307254,14.593710666386771,15.981084585376763,14.90119894870608,16.478238866822984,16.956958327182928,17.04174854687236,18.156502769826645,17.193241825863023,17.628024651313805,1.0,1.0,1.0,1.0,1.0,1.0,1.0,1.0,1.0,1.0
57.0,1.0,17.477792383051924,19.945136720548383,19.144109690824493,19.731917217170587,21.542961596343687,21.84139502138415,22.960231531907038,23.01588787814425,22.101981099664773,22.57835687701955,1.0,1.0,1.0,1.0,1.0,1.0,1.0,1.0,1.0,1.0
57.25,2.0,0.0,0.0,0.0,0.0,0.0,0.0,0.0,0.0,0.0,0.0,0.0,0.0,0.0,0.0,0.0,0.0,0.0,0.0,0.0,0.0
57.5,3.0,16.180401574831958,18.03215659135079,17.9324597580913,16.989543170859257,16.37819887921577,17.756914327944056,17.47963327153985,18.135640416025197,17.989681115291962,18.373207552550113,1.0,1.0,1.0,1.0,1.0,1.0,1.0,1.0,1.0,1.0
57.75,4.0,16.124852423285187,15.743865496555873,16.31553242923691,15.551782605144568,17.50509850744967,17.456392203124892,17.569002695360055,18.528503825096895,17.833939622867245,18.096767375322838,1.0,1.0,1.0,1.0,1.0,1.0,1.0,1.0,1.0,1.0
58.0,1.0,0.0,0.0,0.0,0.0,0.0,0.0,0.0,0.0,0.0,0.0,0.0,0.0,0.0,0.0,0.0,0.0,0.0,0.0,0.0,0.0
58.25,2.0,15.789930556326926,14.957658528334992,17.165816178036554,17.53964348398084,16.08686288450805,16.099515365845278,15.148699498942083,15.992908984359623,15.994047933530283,16.12946843303628,1.0,1.0,1.0,1.0,1.0,1.0,1.0,1.0,1.0,1.0
58.5,3.0,0.0,0.0,0.0,0.0,0.0,0.0,0.0,0.0,0.0,0.0,0.0,0.0,0.0,0.0,0.0,0.0,0.0,0.0,0.0,0.0
58.75,4.0,0.0,0.0,0.0,0.0,0.0,0.0,0.0,0.0,0.0,0.0,0.0,0.0,0.0,0.0,0.0,0.0,0.0,0.0,0.0,0.0
59.0,1.0,18.986283765025192,19.766238863668992,19.122467152589856,19.697931103013207,21.938183022567724,22.213039328176738,23.13554997631498,23.724654347534397,22.8279677028932,23.16338215077232,1.0,1.0,1.0,1.0,1.0,1.0,1.0,1.0,1.0,1.0
59.25,2.0,15.981379909019328,16.048425706035477,16.867285840803397,15.713740497525526,16.840674172878078,17.055633798022193,15.835138443520725,16.006934981378,15.766568084053862,15.985547822898102,1.0,1.0,1.0,1.0,1.0,1.0,1.0,1.0,1.0,1.0
59.5,3.0,0.0,0.0,0.0,0.0,0.0,0.0,0.0,0.0,0.0,0.0,0.0,0.0,0.0,0.0,0.0,0.0,0.0,0.0,0.0,0.0
59.75,4.0,17.91093984492205,17.458408804007885,17.190937874307025,16.887778622453776,16.355644505334524,16.697569341922467,17.608091530871977,17.943836534680727,17.744999714394584,18.024589309141,1.0,1.0,1.0,1.0,1.0,1.0,1.0,1.0,1.0,1.0
60.0,1.0,18.743932494996585,19.45597393645961,19.553749087222773,20.2599166634038,21.81474680813659,22.241303323323184,22.67501591387706,22.807071303290787,21.863925971868227,22.34135919612348,1.0,1.0,1.0,1.0,1.0,1.0,1.0,1.0,1.0,1.0
60.25,2.0,0.0,0.0,0.0,0.0,0.0,0.0,0.0,0.0,0.0,0.0,0.0,0.0,0.0,0.0,0.0,0.0,0.0,0.0,0.0,0.0
60.5,3.0,18.130175525530767,17.812600152933243,18.420822172282882,16.98566375391038,20.10406260277895,20.256109456497374,19.604057112358053,19.905410012467957,18.295219750283508,16.889599435626003,1.0,1.0,1.0,1.0,1.0,1.0,1.0,1.0,1.0,1.0
60.75,4.0,18.49340142325601,17.57902403849809,17.899239701282745,16.70484194126332,15.552434858760321,16.60791524222244,17.574962037116578,17.983574201332914,18.385094944918457,18.871772617996715,1.0,1.0,1.0,1.0,1.0,1.0,1.0,1.0,1.0,1.0
61.0,1.0,19.325407087205452,20.052953053142282,20.433455975947084,19.908820329239465,22.46877380237753,21.0669267330629,21.622440454339678,21.77328444804969,21.455878351280123,21.86575287659494,1.0,1.0,1.0,1.0,1.0,1.0,1.0,1.0,1.0,1.0
61.25,2.0,18.40957377457473,20.17681484454147,19.183404774187,18.37245312255618,17.561371858276836,18.19134329532932,16.33892936063504,16.799761980554724,16.301485596601026,16.029037271138662,1.0,1.0,1.0,1.0,1.0,1.0,1.0,1.0,1.0,1.0
61.5,3.0,0.0,0.0,0.0,0.0,0.0,0.0,0.0,0.0,0.0,0.0,0.0,0.0,0.0,0.0,0.0,0.0,0.0,0.0,0.0,0.0
61.75,4.0,17.78237877123189,17.56618095378071,17.605305255456713,17.04266235587927,16.822083532592586,18.304434087583154,18.76304845908709,18.655178139390273,19.282623765193858,20.028297957679204,1.0,1.0,1.0,1.0,1.0,1.0,1.0,1.0,1.0,1.0
62.0,1.0,20.37240567071314,20.433819275086975,19.567556086962586,20.116018090544607,22.03638712317164,21.58823195838339,21.567153650864906,21.38858055490066,21.25396006095256,21.546543320802673,1.0,1.0,1.0,1.0,1.0,1.0,1.0,1.0,1.0,1.0
62.25,2.0,0.0,0.0,0.0,0.0,0.0,0.0,0.0,0.0,0.0,0.0,0.0,0.0,0.0,0.0,0.0,0.0,0.0,0.0,0.0,0.0
62.5,3.0,20.655682363902176,17.854805372093367,16.963367422995248,17.973103666994763,18.830211182599918,19.660721123364667,19.034656365397407,19.267702846036652,18.99146162659119,17.86995900961363,1.0,1.0,1.0,1.0,1.0,1.0,1.0,1.0,1.0,1.0
62.75,4.0,18.26139989680418,18.41087912113079,18.24829719628547,17.670868813423766,18.04227485947217,18.708133214700638,19.863832817360123,19.825821927905,19.85120002074708,19.72089226408969,1.0,1.0,1.0,1.0,1.0,1.0,1.0,1.0,1.0,1.0
63.0,1.0,0.0,0.0,0.0,0.0,0.0,0.0,0.0,0.0,0.0,0.0,0.0,0.0,0.0,0.0,0.0,0.0,0.0,0.0,0.0,0.0
63.25,2.0,0.0,0.0,0.0,0.0,0.0,0.0,0.0,0.0,0.0,0.0,0.0,0.0,0.0,0.0,0.0,0.0,0.0,0.0,0.0,0.0
63.5,3.0,20.7564020483576,18.051638924129566,16.575644492444546,16.704358293081555,18.129886538916857,18.536532188543696,17.989874644276455,17.908892272925954,17.15562557487322,16.257001384496032,1.0,1.0,1.0,1.0,1.0,1.0,1.0,1.0,1.0,1.0
63.75,4.0,0.0,0.0,0.0,0.0,0.0,0.0,0.0,0.0,0.0,0.0,0.0,0.0,0.0,0.0,0.0,0.0,0.0,0.0,0.0,0.0
64.0,1.0,21.62779156358121,22.78522752072368,21.54542331461931,20.87126433321854,19.784838583323975,20.717218565980485,20.864278812844706,19.728982310433853,21.231926611587085,22.08674542907894,1.0,1.0,1.0,1.0,1.0,1.0,1.0,1.0,1.0,1.0
64.25,2.0,20.692987352165353,19.757006273560098,17.64807011881794,16.030462940692647,16.232971698300513,17.27711531710434,17.302670611223185,16.22535615893556,16.263847891457527,14.875599494668231,1.0,1.0,1.0,1.0,1.0,1.0,1.0,1.0,1.0,1.0
64.5,3.0,0.0,0.0,0.0,0.0,0.0,0.0,0.0,0.0,0.0,0.0,0.0,0.0,0.0,0.0,0.0,0.0,0.0,0.0,0.0,0.0
64.75,4.0,18.34015759650651,19.148803359371367,19.06367056882121,19.248745545446702,19.788539800727875,19.458252382191972,19.930672139447505,18.4662015126428,18.628701576075326,19.125564215724086,1.0,1.0,1.0,1.0,1.0,1.0,1.0,1.0,1.0,1.0
65.0,1.0,21.81195056163124,22.20523227454233,20.86428245926285,20.57297952059233,20.715872134262515,21.516127333393566,21.28245175014543,21.211017268994144,22.205682498610916,21.767638148513196,1.0,1.0,1.0,1.0,1.0,1.0,1.0,1.0,1.0,1.0
65.25,2.0,0.0,0.0,0.0,0.0,0.0,0.0,0.0,0.0,0.0,0.0,0.0,0.0,0.0,0.0,0.0,0.0,0.0,0.0,0.0,0.0
65.5,3.0,19.172263549185068,17.40509580270981,16.99032050237052,16.44909719835806,17.894706209936448,17.467480901542086,16.969007835474777,17.477472332729135,17.280772973172336,16.35148963398736,1.0,1.0,1.0,1.0,1.0,1.0,1.0,1.0,1.0,1.0
65.75,4.0,19.251964318871167,19.469125206589023,19.287503925447663,18.984686680467036,18.212171926725013,18.79719925441824,19.03419076667843,18.90394845808642,18.364108052339336,18.343709880596258,1.0,1.0,1.0,1.0,1.0,1.0,1.0,1.0,1.0,1.0
66.0,1.0,0.0,0.0,0.0,0.0,0.0,0.0,0.0,0.0,0.0,0.0,0.0,0.0,0.0,0.0,0.0,0.0,0.0,0.0,0.0,0.0
66.25,2.0,19.423103208016993,18.67518950655985,17.671556824535983,15.958700953942918,16.953873446400078,17.716904611717496,16.93869306859476,16.71442930407127,16.27311694745078,15.656601344373005,1.0,1.0,1.0,1.0,1.0,1.0,1.0,1.0,1.0,1.0
66.5,3.0,0.0,0.0,0.0,0.0,0.0,0.0,0.0,0.0,0.0,0.0,0.0,0.0,0.0,0.0,0.0,0.0,0.0,0.0,0.0,0.0
66.75,4.0,0.0,0.0,0.0,0.0,0.0,0.0,0.0,0.0,0.0,0.0,0.0,0.0,0.0,0.0,0.0,0.0,0.0,0.0,0.0,0.0
67.0,1.0,20.715287680040227,21.213500321525938,21.417663492342676,22.77869401638551,22.200305573986938,21.548468757885985,21.012319209486545,21.10893021060547,21.401501532089082,21.622278727909663,1.0,1.0,1.0,1.0,1.0,1.0,1.0,1.0,1.0,1.0
67.25,2.0,19.897490089342906,18.784532708747328,18.30278674801272,17.59791135657748,18.645401819805006,19.712794799636892,18.27411260319398,17.665661487317628,16.8610877814733,16.015628767968952,1.0,1.0,1.0,1.0,1.0,1.0,1.0,1.0,1.0,1.0
67.5,3.0,18.034893133396505,16.443617323409963,15.497481196747216,15.988315769067713,17.97317916369955,17.48731296231473,17.097734987277764,17.341018947180984,17.46869379672239,15.94644312055087,1.0,1.0,1.0,1.0,1.0,1.0,1.0,1.0,1.0,1.0
67.75,4.0,19.66665083386649,19.14299778295074,17.8513304000581,17.054764736119047,18.293052666730304,19.263089779957156,19.57303356492004,18.29033399263093,17.557791602398648,16.615775648355317,1.0,1.0,1.0,1.0,1.0,1.0,1.0,1.0,1.0,1.0
68.0,1.0,20.352388177724347,21.119181878096295,22.643274664041716,23.036748926390494,22.569506238975812,21.995884543805495,21.505041752116284,20.807824049466863,20.598442953191302,20.590988168909924,1.0,1.0,1.0,1.0,1.0,1.0,1.0,1.0,1.0,1.0
68.25,2.0,0.0,0.0,0.0,0.0,0.0,0.0,0.0,0.0,0.0,0.0,0.0,0.0,0.0,0.0,0.0,0.0,0.0,0.0,0.0,0.0
68.5,3.0,17.977563460987138,15.21283312954416,14.809294144222456,16.33961415202843,17.619484181659015,16.623826670375458,16.38884262749008,16.747512631208906,16.51120129443195,15.686024598629121,1.0,1.0,1.0,1.0,1.0,1.0,1.0,1.0,1.0,1.0
68.75,4.0,18.156747103600043,19.48795137292419,17.29095761372016,18.275609843787922,19.085399041395487,19.004192844071802,19.253093833542113,18.59237082782749,17.25367732630435,15.677311540429011,1.0,1.0,1.0,1.0,1.0,1.0,1.0,1.0,1.0,1.0
69.0,1.0,20.91606871495087,21.574125375337655,22.62181438689986,22.7192573925142,21.936905982712844,21.562129997103714,20.723022280354993,20.159171424182745,20.77449492790316,20.48843610985283,1.0,1.0,1.0,1.0,1.0,1.0,1.0,1.0,1.0,1.0
69.25,2.0,19.992169731471034,19.00005777422753,19.502993352376457,18.41136275118472,18.11388775298284,17.88451829657397,16.67143008665525,17.04849046495794,17.31812568676764,16.782387063065876,1.0,1.0,1.0,1.0,1.0,1.0,1.0,1.0,1.0,1.0
69.5,3.0,0.0,0.0,0.0,0.0,0.0,0.0,0.0,0.0,0.0,0.0,0.0,0.0,0.0,0.0,0.0,0.0,0.0,0.0,0.0,0.0
69.75,4.0,18.414105209865962,19.36637151203368,18.211440767127534,18.028453593042727,18.535670162656398,17.975988433213644,17.506267277058896,17.998462071808753,16.341992533920937,16.39915268464437,1.0,1.0,1.0,1.0,1.0,1.0,1.0,1.0,1.0,1.0
70.0,1.0,20.847780286254505,22.393067469357256,22.82442975170009,21.36233492993157,21.95532611054807,22.70856885155959,20.929888995611197,20.16652847712686,20.751582906665657,20.745842384419394,1.0,1.0,1.0,1.0,1.0,1.0,1.0,1.0,1.0,1.0
70.25,2.0,0.0,0.0,0.0,0.0,0.0,0.0,0.0,0.0,0.0,0.0,0.0,0.0,0.0,0.0,0.0,0.0,0.0,0.0,0.0,0.0
70.5,3.0,17.97190502935972,16.399392305432684,16.72683659754204,17.005738276554244,14.887840387668684,14.499159775265927,16.000423378722644,16.7220754872104,16.641398959674106,17.15602306296632,1.0,1.0,1.0,1.0,1.0,1.0,1.0,1.0,1.0,1.0
70.75,4.0,18.960363150014985,19.335632147198815,19.26145006505002,17.84981830778955,17.38173613521792,16.428220044065117,16.389014278758992,16.75800307393971,16.702770201135586,16.757112807510083,1.0,1.0,1.0,1.0,1.0,1.0,1.0,1.0,1.0,1.0
71.0,1.0,0.0,0.0,0.0,0.0,0.0,0.0,0.0,0.0,0.0,0.0,0.0,0.0,0.0,0.0,0.0,0.0,0.0,0.0,0.0,0.0
71.25,2.0,19.772432251364744,19.234039451979058,18.600394989452948,16.13854861717523,17.407268919972886,18.009866936036808,18.77947450792513,19.303734521336597,19.520268932456435,18.507200436766986,1.0,1.0,1.0,1.0,1.0,1.0,1.0,1.0,1.0,1.0
71.5,3.0,16.831425360598935,15.937834019036728,16.037960095580992,17.125302203055533,15.010672731355294,14.94382973139778,15.863495364686791,16.03704645150335,16.711092325164532,17.671083675155224,1.0,1.0,1.0,1.0,1.0,1.0,1.0,1.0,1.0,1.0
71.75,4.0,0.0,0.0,0.0,0.0,0.0,0.0,0.0,0.0,0.0,0.0,0.0,0.0,0.0,0.0,0.0,0.0,0.0,0.0,0.0,0.0
72.0,1.0,21.621980961364052,22.044394036343384,22.45448909749638,22.205614005630046,20.929606981180513,21.021117954985375,20.324276745860026,20.867758883551236,20.90764034242539,20.931390260661114,1.0,1.0,1.0,1.0,1.0,1.0,1.0,1.0,1.0,1.0
72.25,2.0,20.051999192021036,19.054845309359006,17.12078524631311,15.167213561648845,17.588137714347667,18.53464789299545,18.224415419756845,18.318249386124496,18.417162300620014,18.54177545344644,1.0,1.0,1.0,1.0,1.0,1.0,1.0,1.0,1.0,1.0
72.5,3.0,0.0,0.0,0.0,0.0,0.0,0.0,0.0,0.0,0.0,0.0,0.0,0.0,0.0,0.0,0.0,0.0,0.0,0.0,0.0,0.0
72.75,4.0,20.243509915168627,20.7744925562577,19.862307931017256,17.602353794554368,16.488722756538458,16.888387687350857,17.546193516527026,17.082166629410814,16.327862038998543,15.04836700003719,1.0,1.0,1.0,1.0,1.0,1.0,1.0,1.0,1.0,1.0
73.0,1.0,20.315688430274395,21.279643075664104,21.960244874077855,21.754249564465518,20.5782339390829,20.90618193711463,19.16306938319932,20.143505958463038,20.640540526269366,20.014821883050608,1.0,1.0,1.0,1.0,1.0,1.0,1.0,1.0,1.0,1.0
73.25,2.0,0.0,0.0,0.0,0.0,0.0,0.0,0.0,0.0,0.0,0.0,0.0,0.0,0.0,0.0,0.0,0.0,0.0,0.0,0.0,0.0
73.5,3.0,16.069535418799244,16.496236614516384,16.75780123519497,16.512149422066372,15.678342317688678,15.697251093609363,16.226801762244705,15.96336851084356,16.14781867530931,15.701662023231465,1.0,1.0,1.0,1.0,1.0,1.0,1.0,1.0,1.0,1.0
73.75,4.0,19.744345962779008,19.704894565288427,17.39124651842318,16.854340598890712,17.322184065651246,17.418995225921154,17.458267572770588,17.067437684774166,16.197604547689433,16.70352541379737,1.0,1.0,1.0,1.0,1.0,1.0,1.0,1.0,1.0,1.0
74.0,1.0,20.33916000982886,20.98855092121892,21.3588827101468,21.771453083263047,21.04163776448192,21.393371835267565,19.65716434706683,19.981337586159622,19.503551211870594,19.054168673689517,1.0,1.0,1.0,1.0,1.0,1.0,1.0,1.0,1.0,1.0
74.25,2.0,19.442008873839395,18.6521688582793,17.99367291824537,16.697833799034175,19.003722687176616,18.620009191688208,18.59912239957284,19.69078491601131,20.241758648929377,19.909619038500736,1.0,1.0,1.0,1.0,1.0,1.0,1.0,1.0,1.0,1.0
74.5,3.0,0.0,0.0,0.0,0.0,0.0,0.0,0.0,0.0,0.0,0.0,0.0,0.0,0.0,0.0,0.0,0.0,0.0,0.0,0.0,0.0
74.75,4.0,0.0,0.0,0.0,0.0,0.0,0.0,0.0,0.0,0.0,0.0,0.0,0.0,0.0,0.0,0.0,0.0,0.0,0.0,0.0,0.0
75.0,1.0,20.595669308307446,20.421686303314704,22.434770372485314,22.157364650499307,20.449373047625226,20.37318454946124,18.77558039415252,19.160170028971624,18.743317526334106,19.39037198981437,1.0,1.0,1.0,1.0,1.0,1.0,1.0,1.0,1.0,1.0
75.25,2.0,18.345689983047258,18.58009721067128,18.69677637209805,17.97825489863397,19.32859090972695,20.173571744161826,19.664472972256775,20.125693779682244,19.941177491155948,19.858213698930317,1.0,1.0,1.0,1.0,1.0,1.0,1.0,1.0,1.0,1.0
75.5,3.0,15.24558885018764,16.193091357231566,16.109857407515403,18.17560729659634,17.16508402615226,16.63716408267845,16.630816666757823,15.437776204482176,15.662628341638523,14.307366879818144,1.0,1.0,1.0,1.0,1.0,1.0,1.0,1.0,1.0,1.0
75.75,4.0,17.262581749145895,18.097630315800394,17.75920838729518,17.61543637328238,16.281953326762302,17.42744051681074,17.814670991647436,17.860161810772087,17.917028743535752,17.04388545155618,1.0,1.0,1.0,1.0,1.0,1.0,1.0,1.0,1.0,1.0
76.0,1.0,20.606784486174362,20.20014343544367,21.413010644043677,20.77364919914548,20.049674714151887,19.308453728045176,19.126572309221554,19.744851644475684,19.767887486111686,19.95447317902357,1.0,1.0,1.0,1.0,1.0,1.0,1.0,1.0,1.0,1.0
76.25,2.0,0.0,0.0,0.0,0.0,0.0,0.0,0.0,0.0,0.0,0.0,0.0,0.0,0.0,0.0,0.0,0.0,0.0,0.0,0.0,0.0
76.5,3.0,15.263564139181286,16.43575108706187,17.742642010103154,19.826013952320785,17.261814542418538,16.943055118738126,16.674101726668365,15.723782322951516,16.371568644075907,14.800880546088257,1.0,1.0,1.0,1.0,1.0,1.0,1.0,1.0,1.0,1.0
76.75,4.0,17.23719796581827,17.67057980354765,18.240131986771605,18.551689412762737,17.67704079717029,18.411204878387597,19.097059713969283,19.772836107234248,18.33791220106011,17.765261435290483,1.0,1.0,1.0,1.0,1.0,1.0,1.0,1.0,1.0,1.0
77.0,1.0,20.67050761540321,21.19439902945743,21.493545766683855,20.531681673056873,19.21446456189372,18.817332214838476,19.533887101751308,19.939255898452213,18.957114632094022,19.20968941150521,1.0,1.0,1.0,1.0,1.0,1.0,1.0,1.0,1.0,1.0
77.25,2.0,18.614033164918386,18.792226049794873,18.345927452545425,18.305090781981303,19.48688791220162,19.823346609370162,19.501354448433148,20.492753445561036,20.835653573556712,20.984125374062128,1.0,1.0,1.0,1.0,1.0,1.0,1.0,1.0,1.0,1.0
77.5,3.0,0.0,0.0,0.0,0.0,0.0,0.0,0.0,0.0,0.0,0.0,0.0,0.0,0.0,0.0,0.0,0.0,0.0,0.0,0.0,0.0
77.75,4.0,17.165312554312507,17.424076537040083,18.45066702747779,18.2031442609459,17.74439527399961,18.06898889658616,18.14792645714475,18.61312160554513,18.361728700333213,17.864864780552793,1.0,1.0,1.0,1.0,1.0,1.0,1.0,1.0,1.0,1.0
78.0,1.0,20.681426158901594,21.604311204028562,20.940523762309788,20.32248575465751,17.895246021081263,18.662703203166007,18.903481895055123,18.64641522528687,18.335062981263153,17.96587737290013,1.0,1.0,1.0,1.0,1.0,1.0,1.0,1.0,1.0,1.0
78.25,2.0,0.0,0.0,0.0,0.0,0.0,0.0,0.0,0.0,0.0,0.0,0.0,0.0,0.0,0.0,0.0,0.0,0.0,0.0,0.0,0.0
78.5,3.0,18.032633209783643,18.836783717454562,18.056451807953458,17.164119955307715,14.903171190722624,15.269864793928923,14.50723690422791,15.218867427294999,15.232871780027752,15.011405529006833,1.0,1.0,1.0,1.0,1.0,1.0,1.0,1.0,1.0,1.0
78.75,4.0,17.513004243778575,16.931594421417735,17.632389979804426,17.69101076578694,16.781321990738924,17.67223649193502,18.49505644861671,19.11738410712803,18.413409758052584,18.666165551198958,1.0,1.0,1.0,1.0,1.0,1.0,1.0,1.0,1.0,1.0
79.0,1.0,0.0,0.0,0.0,0.0,0.0,0.0,0.0,0.0,0.0,0.0,0.0,0.0,0.0,0.0,0.0,0.0,0.0,0.0,0.0,0.0
79.25,2.0,19.16673578052427,20.140305587994217,19.473967854127,18.71667105580962,18.953273318940212,18.833850338513905,18.43758812055091,20.65135361130775,21.228318085151134,21.58443285878297,1.0,1.0,1.0,1.0,1.0,1.0,1.0,1.0,1.0,1.0
79.5,3.0,17.730166063343106,17.288106018088495,16.777649143689167,15.977740555134956,13.860022747339457,14.654657905312542,13.620338200178773,15.036283534912908,14.971144265707139,14.467447050889268,1.0,1.0,1.0,1.0,1.0,1.0,1.0,1.0,1.0,1.0
79.75,4.0,0.0,0.0,0.0,0.0,0.0,0.0,0.0,0.0,0.0,0.0,0.0,0.0,0.0,0.0,0.0,0.0,0.0,0.0,0.0,0.0
80.0,1.0,20.563830742557148,20.11267939611347,19.463431614711485,18.56118882667317,18.595537248993146,18.798892627610176,18.558375880198255,17.815754027731042,16.406874586222486,17.614233568348954,1.0,1.0,1.0,1.0,1.0,1.0,1.0,1.0,1.0,1.0
80.25,2.0,18.654284409982935,19.50031520479401,18.44463943289475,17.999272887370566,18.545652981035964,19.01974040143448,20.173022941361097,21.485127209617342,21.333081573798108,22.018352662626494,1.0,1.0,1.0,1.0,1.0,1.0,1.0,1.0,1.0,1.0
80.5,3.0,0.0,0.0,0.0,0.0,0.0,0.0,0.0,0.0,0.0,0.0,0.0,0.0,0.0,0.0,0.0,0.0,0.0,0.0,0.0,0.0
80.75,4.0,15.621659307062474,15.485336521958754,15.09774386220547,15.087921305424109,16.126595787650622,16.50964595665952,17.78642385498436,17.73776816348314,17.382721575186263,18.435670572398557,1.0,1.0,1.0,1.0,1.0,1.0,1.0,1.0,1.0,1.0
81.0,1.0,19.513028425317646,18.74033517948326,18.334923166031633,16.849878001532154,18.320838533004352,17.88860657788655,17.601125656920868,17.351296931707964,17.58453190584629,18.027291060911274,1.0,1.0,1.0,1.0,1.0,1.0,1.0,1.0,1.0,1.0
81.25,2.0,0.0,0.0,0.0,0.0,0.0,0.0,0.0,0.0,0.0,0.0,0.0,0.0,0.0,0.0,0.0,0.0,0.0,0.0,0.0,0.0
81.5,3.0,17.805494977895115,16.857913610437098,15.647435550142559,17.8975739324203,16.32681511279301,15.954584840129963,14.835201121366493,14.488521128565463,13.527206507293034,12.849385948160837,1.0,1.0,1.0,1.0,1.0,1.0,1.0,1.0,1.0,1.0
81.75,4.0,14.866512355910007,14.882757924443794,14.687466619674192,16.248224842902705,16.688435085008667,16.56470655954618,17.558414603586378,17.20823082377506,16.75035440362272,17.322551851042302,1.0,1.0,1.0,1.0,1.0,1.0,1.0,1.0,1.0,1.0
82.0,1.0,19.632901148175325,18.49572268650494,17.054854538087238,16.260337589072325,17.04374628909537,17.300977077562862,17.562869993717896,17.21339264455277,18.240673913834833,17.90612968062869,1.0,1.0,1.0,1.0,1.0,1.0,1.0,1.0,1.0,1.0
82.25,2.0,17.49785204081904,17.97320457261348,17.56535364568788,18.091210240094032,19.76193210763541,20.757849120883193,20.640369762326312,20.909595853473455,20.50691168342417,20.512541897881267,1.0,1.0,1.0,1.0,1.0,1.0,1.0,1.0,1.0,1.0
82.5,3.0,0.0,0.0,0.0,0.0,0.0,0.0,0.0,0.0,0.0,0.0,0.0,0.0,0.0,0.0,0.0,0.0,0.0,0.0,0.0,0.0
82.75,4.0,14.63133042780775,15.172507279139417,16.143104357959682,16.642230293973828,16.278373134663415,16.623022057905203,16.10582124675669,17.172804419408184,16.40889472792814,18.358504957395688,1.0,1.0,1.0,1.0,1.0,1.0,1.0,1.0,1.0,1.0
83.0,1.0,18.26235635923418,17.946744235782774,17.354919421148615,16.794112430802663,16.12372611546228,16.458540956620734,16.744779551657633,17.042301354585145,17.008878564282252,17.32590351023463,1.0,1.0,1.0,1.0,1.0,1.0,1.0,1.0,1.0,1.0
83.25,2.0,16.606705182922838,17.920026430148887,17.912715568379998,18.272733411825765,19.81442571793317,19.786694901875023,19.747160523941684,21.44608178458641,20.41821643078519,20.368492150076154,1.0,1.0,1.0,1.0,1.0,1.0,1.0,1.0,1.0,1.0
83.5,3.0,16.445954074040806,15.666858702134713,14.87861978978483,14.976961580755228,14.23465029167028,14.341148780759145,12.940145845504942,14.158560630902784,14.064833476913273,13.604692855344505,1.0,1.0,1.0,1.0,1.0,1.0,1.0,1.0,1.0,1.0
83.75,4.0,15.345413727457458,16.128490641594137,16.344632627642454,16.11893101314726,15.419821166084192,16.613352612368843,16.644338285523713,17.72724229473523,17.38042131428565,18.190471216946417,1.0,1.0,1.0,1.0,1.0,1.0,1.0,1.0,1.0,1.0
84.0,1.0,0.0,0.0,0.0,0.0,0.0,0.0,0.0,0.0,0.0,0.0,0.0,0.0,0.0,0.0,0.0,0.0,0.0,0.0,0.0,0.0
84.25,2.0,0.0,0.0,0.0,0.0,0.0,0.0,0.0,0.0,0.0,0.0,0.0,0.0,0.0,0.0,0.0,0.0,0.0,0.0,0.0,0.0
84.5,3.0,16.14653755309418,15.032855854679557,13.281407952109832,12.330037092101126,13.50030289453807,14.25451438675417,13.027767030301996,14.479264786507462,14.6819035677146,13.584881696484294,1.0,1.0,1.0,1.0,1.0,1.0,1.0,1.0,1.0,1.0
84.75,4.0,0.0,0.0,0.0,0.0,0.0,0.0,0.0,0.0,0.0,0.0,0.0,0.0,0.0,0.0,0.0,0.0,0.0,0.0,0.0,0.0
85.0,1.0,16.205248455129265,16.994172316626166,18.71141770670546,17.22267094435698,16.738854024745514,16.54298448418805,15.888320260384592,15.957848889961426,15.358810777039826,15.050811272858386,1.0,1.0,1.0,1.0,1.0,1.0,1.0,1.0,1.0,1.0
85.25,2.0,17.48742032007609,17.506954114251748,17.15910288885989,17.10912804490983,19.964323694779065,19.82376987713807,19.212652682053836,19.487389321519853,18.92057048114098,18.614445765766025,1.0,1.0,1.0,1.0,1.0,1.0,1.0,1.0,1.0,1.0
85.5,3.0,0.0,0.0,0.0,0.0,0.0,0.0,0.0,0.0,0.0,0.0,0.0,0.0,0.0,0.0,0.0,0.0,0.0,0.0,0.0,0.0
85.75,4.0,16.240799420405928,16.569564601137674,17.784318578327156,16.91198817549493,17.67173011662206,17.369032181560932,17.01072688989411,17.60914855109534,17.80770012690853,17.022811592105747,1.0,1.0,1.0,1.0,1.0,1.0,1.0,1.0,1.0,1.0
86.0,1.0,16.381713854694304,17.59653983817966,18.812695416446154,17.550847025850132,16.378539202085566,16.31108974815038,15.471591719514707,16.460432212771572,15.767064306845691,15.936867925748814,1.0,1.0,1.0,1.0,1.0,1.0,1.0,1.0,1.0,1.0
86.25,2.0,0.0,0.0,0.0,0.0,0.0,0.0,0.0,0.0,0.0,0.0,0.0,0.0,0.0,0.0,0.0,0.0,0.0,0.0,0.0,0.0
86.5,3.0,15.500742596435714,13.147877235826716,12.898704521705112,13.482462997256084,15.411653382368705,15.296861157235934,14.56474210906912,15.296921032813266,15.496824667325319,14.304595622130133,1.0,1.0,1.0,1.0,1.0,1.0,1.0,1.0,1.0,1.0
86.75,4.0,16.407461169707155,17.22950344316165,18.149008628807003,16.57443790644282,17.25523897884917,17.448460424890083,17.519832131461982,16.96749476569479,15.759695371705348,14.993456079498475,1.0,1.0,1.0,1.0,1.0,1.0,1.0,1.0,1.0,1.0
87.0,1.0,0.0,0.0,0.0,0.0,0.0,0.0,0.0,0.0,0.0,0.0,0.0,0.0,0.0,0.0,0.0,0.0,0.0,0.0,0.0,0.0
87.25,2.0,18.47553474330807,17.114231943800025,15.2088011040164,15.398967436162614,16.912070025796822,16.939543907747677,16.734419701369358,17.45226172119502,17.327142670484843,18.595249647200802,1.0,1.0,1.0,1.0,1.0,1.0,1.0,1.0,1.0,1.0
87.5,3.0,0.0,0.0,0.0,0.0,0.0,0.0,0.0,0.0,0.0,0.0,0.0,0.0,0.0,0.0,0.0,0.0,0.0,0.0,0.0,0.0
87.75,4.0,0.0,0.0,0.0,0.0,0.0,0.0,0.0,0.0,0.0,0.0,0.0,0.0,0.0,0.0,0.0,0.0,0.0,0.0,0.0,0.0
88.0,1.0,16.237781043129576,17.002749691938387,18.38901330938678,16.828678763650505,15.741875620225589,16.827459952939883,16.07782809864199,16.966373121686576,15.77789178686097,16.621731141757945,1.0,1.0,1.0,1.0,1.0,1.0,1.0,1.0,1.0,1.0
88.25,2.0,18.506120208931083,16.87680181617481,15.9288352780461,15.105123645019528,16.59091624072167,15.764565501678392,15.934266359084639,16.162669717608797,17.001303106612525,18.271481732235742,1.0,1.0,1.0,1.0,1.0,1.0,1.0,1.0,1.0,1.0
88.5,3.0,0.0,0.0,0.0,0.0,0.0,0.0,0.0,0.0,0.0,0.0,0.0,0.0,0.0,0.0,0.0,0.0,0.0,0.0,0.0,0.0
88.75,4.0,16.69977443034576,16.801598906647982,17.596278696639093,17.773243063006774,17.920572869191524,17.53557927813117,16.4778170500796,16.81996623822739,17.42789276308796,16.08145964677028,1.0,1.0,1.0,1.0,1.0,1.0,1.0,1.0,1.0,1.0
89.0,1.0,16.277183430284143,16.509057538683557,17.77834334462766,16.823583465801562,15.717258247281402,16.2044361053141,15.915251626242826,16.77246343891951,17.51048629329613,18.62734152827406,1.0,1.0,1.0,1.0,1.0,1.0,1.0,1.0,1.0,1.0
89.25,2.0,0.0,0.0,0.0,0.0,0.0,0.0,0.0,0.0,0.0,0.0,0.0,0.0,0.0,0.0,0.0,0.0,0.0,0.0,0.0,0.0
89.5,3.0,14.321758106524248,15.054983188172649,15.557722397734446,15.475625770677004,14.936964225755272,15.358347245459065,15.035132823506279,15.972136310226617,16.778330461846224,15.674406662510172,1.0,1.0,1.0,1.0,1.0,1.0,1.0,1.0,1.0,1.0
89.75,4.0,16.89548225080631,17.29338770775298,16.828310586432856,16.39934920963868,16.40310094833532,17.10726460943327,15.12115024740692,15.874101098272888,16.197184836638435,16.195041335495777,1.0,1.0,1.0,1.0,1.0,1.0,1.0,1.0,1.0,1.0
90.0,1.0,16.63811226716854,16.11920146875072,17.243843881755595,17.20124732429474,14.885037974050803,16.06343831247434,16.336154469446395,17.959351716505637,18.689070986075983,19.663344037779062,1.0,1.0,1.0,1.0,1.0,1.0,1.0,1.0,1.0,1.0
90.25,2.0,17.975608402615933,17.9887722578653,17.16698165054144,15.61410466056083,16.709046764579004,16.77446620239444,16.545711536317732,17.39044699717725,18.638991881525598,19.791950994237002,1.0,1.0,1.0,1.0,1.0,1.0,1.0,1.0,1.0,1.0
90.5,3.0,0.0,0.0,0.0,0.0,0.0,0.0,0.0,0.0,0.0,0.0,0.0,0.0,0.0,0.0,0.0,0.0,0.0,0.0,0.0,0.0
90.75,4.0,16.41448924159923,15.801090806015303,16.028309523247827,16.232191611597422,14.799230572334942,15.324189147567195,14.509084012670058,15.735496403985184,16.947211123172554,16.651668576326852,1.0,1.0,1.0,1.0,1.0,1.0,1.0,1.0,1.0,1.0
91.0,1.0,16.708965281776578,15.865893445374605,16.847241895282888,16.132509703145608,15.089033829560487,16.609498872085194,16.899517198778863,18.298608301951266,18.794845722121526,20.872856054339362,1.0,1.0,1.0,1.0,1.0,1.0,1.0,1.0,1.0,1.0
91.25,2.0,17.894085091332855,17.488968627589674,16.406134522520386,14.835398542168257,14.66876898393253,15.22354659588222,15.314815831602655,17.15829854180795,18.42482971167798,19.731969668778895,1.0,1.0,1.0,1.0,1.0,1.0,1.0,1.0,1.0,1.0
91.5,3.0,15.204407207902996,15.796288431061981,14.527804456491754,15.284664287355103,15.59337239842899,15.993576044812176,15.762672850792598,16.925081158393308,18.68642910305349,19.328939154451284,1.0,1.0,1.0,1.0,1.0,1.0,1.0,1.0,1.0,1.0
91.75,4.0,16.537590995020775,15.855360973249217,16.656616707741946,16.610202182818647,14.200136000269694,15.136158998580171,14.461358396859332,15.883742642283392,16.896828561149935,16.393788337607383,1.0,1.0,1.0,1.0,1.0,1.0,1.0,1.0,1.0,1.0
92.0,1.0,0.0,0.0,0.0,0.0,0.0,0.0,0.0,0.0,0.0,0.0,0.0,0.0,0.0,0.0,0.0,0.0,0.0,0.0,0.0,0.0
92.25,2.0,0.0,0.0,0.0,0.0,0.0,0.0,0.0,0.0,0.0,0.0,0.0,0.0,0.0,0.0,0.0,0.0,0.0,0.0,0.0,0.0
92.5,3.0,14.830585887115301,14.349084713085958,13.062368006613442,15.938696201563069,16.10670634224919,17.207106054173476,15.941515979805184,17.4897013722587,19.236184488214093,20.079037464911917,1.0,1.0,1.0,1.0,1.0,1.0,1.0,1.0,1.0,1.0
92.75,4.0,0.0,0.0,0.0,0.0,0.0,0.0,0.0,0.0,0.0,0.0,0.0,0.0,0.0,0.0,0.0,0.0,0.0,0.0,0.0,0.0
93.0,1.0,16.466151456986424,16.486604234444453,17.70866268175508,17.385704473686044,16.230568391813563,17.41244818047629,18.92606266554788,19.932312642540392,19.583623209144047,21.65615353022216,1.0,1.0,1.0,1.0,1.0,1.0,1.0,1.0,1.0,1.0
93.25,2.0,17.583346805644783,17.071318198515222,15.110192709549056,14.371762146173403,15.51318840188979,16.701679057465856,18.01100683265857,19.56530705225775,18.95321637767349,19.192536467546297,1.0,1.0,1.0,1.0,1.0,1.0,1.0,1.0,1.0,1.0
93.5,3.0,0.0,0.0,0.0,0.0,0.0,0.0,0.0,0.0,0.0,0.0,0.0,0.0,0.0,0.0,0.0,0.0,0.0,0.0,0.0,0.0
93.75,4.0,17.020783454250505,16.24151393638165,15.719885399297901,16.111401413922636,14.79272020194137,15.184540683743645,15.172470641058323,16.32288855015803,16.273242175984787,17.345928060683647,1.0,1.0,1.0,1.0,1.0,1.0,1.0,1.0,1.0,1.0
94.0,1.0,16.67584741350374,17.371257896083325,17.317960290834687,17.097783473608235,17.838418729074434,18.15776353808195,19.564882358365736,19.136960391757523,19.359203101240333,20.92020786464368,1.0,1.0,1.0,1.0,1.0,1.0,1.0,1.0,1.0,1.0
94.25,2.0,0.0,0.0,0.0,0.0,0.0,0.0,0.0,0.0,0.0,0.0,0.0,0.0,0.0,0.0,0.0,0.0,0.0,0.0,0.0,0.0
94.5,3.0,13.431615521213587,13.729315355709984,14.747489107057746,15.86638627857566,15.792178058149611,17.240475378553036,17.99472083171345,20.142123233513907,19.791519511981893,18.96127086312665,1.0,1.0,1.0,1.0,1.0,1.0,1.0,1.0,1.0,1.0
94.75,4.0,16.86326043241869,16.490816567647396,16.533164623505574,17.04485312145361,16.223611195481222,16.47224760293939,16.690729374630035,17.956715295870687,17.99334580659015,18.144314559802503,1.0,1.0,1.0,1.0,1.0,1.0,1.0,1.0,1.0,1.0
95.0,1.0,0.0,0.0,0.0,0.0,0.0,0.0,0.0,0.0,0.0,0.0,0.0,0.0,0.0,0.0,0.0,0.0,0.0,0.0,0.0,0.0
95.25,2.0,15.91382937300322,16.433633960157856,16.189741265039007,16.90912771667895,17.385030947936826,18.262686846340998,19.15720464816026,19.799783227465053,19.755114614679265,19.067629448504277,1.0,1.0,1.0,1.0,1.0,1.0,1.0,1.0,1.0,1.0
95.5,3.0,0.0,0.0,0.0,0.0,0.0,0.0,0.0,0.0,0.0,0.0,0.0,0.0,0.0,0.0,0.0,0.0,0.0,0.0,0.0,0.0
95.75,4.0,0.0,0.0,0.0,0.0,0.0,0.0,0.0,0.0,0.0,0.0,0.0,0.0,0.0,0.0,0.0,0.0,0.0,0.0,0.0,0.0
96.0,1.0,17.351040804801634,16.837634733530678,16.58908923271004,19.05530679095248,20.715757396270142,21.240366263556403,21.070494254302382,20.012412320826847,20.794355952376108,21.01526494153088,1.0,1.0,1.0,1.0,1.0,1.0,1.0,1.0,1.0,1.0
96.25,2.0,16.551659543022254,17.50316396256784,16.573274514562485,16.480846130521858,18.350447784040394,18.370824310167933,18.340347029531188,19.38374828244596,19.367193939401417,18.738463883676324,1.0,1.0,1.0,1.0,1.0,1.0,1.0,1.0,1.0,1.0
96.5,3.0,0.0,0.0,0.0,0.0,0.0,0.0,0.0,0.0,0.0,0.0,0.0,0.0,0.0,0.0,0.0,0.0,0.0,0.0,0.0,0.0
96.75,4.0,16.123585723095843,17.80290378147225,16.71748919264338,14.990862811300818,16.78338764362139,17.563249298771094,18.12334835351883,18.684957989802616,18.301798185680465,17.965903947244776,1.0,1.0,1.0,1.0,1.0,1.0,1.0,1.0,1.0,1.0
97.0,1.0,16.867527913807734,16.97626026206752,18.061982158386176,21.17022031601017,20.405431309872565,20.61298976334601,20.382141797432233,20.493564541908263,20.813725292043255,20.489962135279246,1.0,1.0,1.0,1.0,1.0,1.0,1.0,1.0,1.0,1.0
97.25,2.0,0.0,0.0,0.0,0.0,0.0,0.0,0.0,0.0,0.0,0.0,0.0,0.0,0.0,0.0,0.0,0.0,0.0,0.0,0.0,0.0
97.5,3.0,15.98122249800289,17.623940425228835,15.732141219066387,17.847008890248066,19.070900672623317,18.734814108407743,17.529262657792415,17.18979001861929,16.458491425128617,15.675566257566933,1.0,1.0,1.0,1.0,1.0,1.0,1.0,1.0,1.0,1.0
97.75,4.0,17.623540149346052,18.191922017733727,15.3652097857964,16.351463588250397,16.875029056890074,17.26024700748923,17.086012249523748,16.72808845635071,17.024501234065145,17.260519538975466,1.0,1.0,1.0,1.0,1.0,1.0,1.0,1.0,1.0,1.0
98.0,1.0,16.822293865958862,17.238087823180162,18.56958407943782,20.470302114348797,20.03100604433131,20.1594980691556,20.13736305198357,20.027159857986316,20.76674394267939,20.590522537428992,1.0,1.0,1.0,1.0,1.0,1.0,1.0,1.0,1.0,1.0
98.25,2.0,16.48396025409493,17.303806704125982,17.888603372689335,18.21496103832532,17.443002988292864,17.260663425635165,17.20154591051709,17.73115979418995,17.64341483897803,16.65095905165692,1.0,1.0,1.0,1.0,1.0,1.0,1.0,1.0,1.0,1.0
98.5,3.0,0.0,0.0,0.0,0.0,0.0,0.0,0.0,0.0,0.0,0.0,0.0,0.0,0.0,0.0,0.0,0.0,0.0,0.0,0.0,0.0
98.75,4.0,17.670308214241786,18.07777214619332,15.819329971090799,16.417818404424025,17.1576919939166,17.203749718863317,16.579407863821213,17.48101749029194,16.637353115115832,16.62905249568781,1.0,1.0,1.0,1.0,1.0,1.0,1.0,1.0,1.0,1.0
99.0,1.0,17.265658419165312,17.65701522708098,17.715672182189966,20.197496843553647,20.1707712027378,20.073185197580816,20.353512524562852,19.513000000882197,21.043310052875714,21.383329182644452,1.0,1.0,1.0,1.0,1.0,1.0,1.0,1.0,1.0,1.0
99.25,2.0,0.0,0.0,0.0,0.0,0.0,0.0,0.0,0.0,0.0,0.0,0.0,0.0,0.0,0.0,0.0,0.0,0.0,0.0,0.0,0.0
99.5,3.0,16.048365445661364,15.98586401611778,15.679636420710525,16.387455605876358,17.12808761886612,16.93337297432327,15.966788016659715,15.495527048716115,15.658958561065973,16.044880070981858,1.0,1.0,1.0,1.0,1.0,1.0,1.0,1.0,1.0,1.0
99.75,4.0,18.42116309433368,17.597788608986015,17.14899164289976,17.275829692123413,16.69899710975111,16.985997563134152,17.25638129435918,17.065056422544956,16.424505771189743,17.18825763219014,1.0,1.0,1.0,1.0,1.0,1.0,1.0,1.0,1.0,1.0
100.0,1.0,0.0,0.0,0.0,0.0,0.0,0.0,0.0,0.0,0.0,0.0,0.0,0.0,0.0,0.0,0.0,0.0,0.0,0.0,0.0,0.0
100.25,2.0,0.0,0.0,0.0,0.0,0.0,0.0,0.0,0.0,0.0,0.0,0.0,0.0,0.0,0.0,0.0,0.0,0.0,0.0,0.0,0.0
100.5,3.0,15.217827159789577,15.80612895525461,15.757910506528061,16.064193131387874,15.93726774205684,16.01064508028243,15.836082063341102,16.74531435877755,17.417631158529762,17.038231806079256,1.0,1.0,1.0,1.0,1.0,1.0,1.0,1.0,1.0,1.0
100.75,4.0,0.0,0.0,0.0,0.0,0.0,0.0,0.0,0.0,0.0,0.0,0.0,0.0,0.0,0.0,0.0,0.0,0.0,0.0,0.0,0.0
101.0,1.0,16.381287699785357,17.897143771956646,19.167789334839963,21.48013642918857,20.83540538730026,20.109890261794025,21.231519064224724,20.46382009702933,21.159814525128905,20.264487720772685,1.0,1.0,1.0,1.0,1.0,1.0,1.0,1.0,1.0,1.0
101.25,2.0,17.516285975175457,17.37100617788294,17.01811359810676,15.871124522952133,15.926719382908946,16.690885014377034,17.964337308673375,17.89790297314063,18.035025691995372,17.354442961118803,1.0,1.0,1.0,1.0,1.0,1.0,1.0,1.0,1.0,1.0
101.5,3.0,0.0,0.0,0.0,0.0,0.0,0.0,0.0,0.0,0.0,0.0,0.0,0.0,0.0,0.0,0.0,0.0,0.0,0.0,0.0,0.0
101.75,4.0,16.158387288354668,18.293350971803566,19.026219994516982,18.958658631892945,18.97885928303316,18.466527896776327,18.052028246435288,18.61596826967669,17.09995809839288,17.40688209532073,1.0,1.0,1.0,1.0,1.0,1.0,1.0,1.0,1.0,1.0
102.0,1.0,17.224629899155584,19.12861986300246,19.598341821238638,21.69703068971217,20.70227839741293,19.921140291144116,20.457167148433086,20.93270059437417,20.97674203552281,20.024140571618844,1.0,1.0,1.0,1.0,1.0,1.0,1.0,1.0,1.0,1.0
102.25,2.0,0.0,0.0,0.0,0.0,0.0,0.0,0.0,0.0,0.0,0.0,0.0,0.0,0.0,0.0,0.0,0.0,0.0,0.0,0.0,0.0
102.5,3.0,16.068069540480487,16.2742923976474,16.320304423299124,17.049668906687536,18.145372638884634,18.418805722991543,18.937857475321486,19.672513462226032,19.192392095964628,18.57215077392649,1.0,1.0,1.0,1.0,1.0,1.0,1.0,1.0,1.0,1.0
102.75,4.0,18.096474675626663,18.97701111004073,19.04686857408052,18.96681679451336,18.4575464175987,17.84651722505018,17.263902512069944,17.934785066616005,16.94249651191165,18.42123069529188,1.0,1.0,1.0,1.0,1.0,1.0,1.0,1.0,1.0,1.0
103.0,1.0,0.0,0.0,0.0,0.0,0.0,0.0,0.0,0.0,0.0,0.0,0.0,0.0,0.0,0.0,0.0,0.0,0.0,0.0,0.0,0.0
103.25,2.0,17.509622732093096,17.77994750756725,17.03885648767247,15.912939222838341,17.089487775366614,15.74870330506247,15.738384972146294,15.144436755570474,14.957229979119449,14.692399951997196,1.0,1.0,1.0,1.0,1.0,1.0,1.0,1.0,1.0,1.0
103.5,3.0,0.0,0.0,0.0,0.0,0.0,0.0,0.0,0.0,0.0,0.0,0.0,0.0,0.0,0.0,0.0,0.0,0.0,0.0,0.0,0.0
103.75,4.0,0.0,0.0,0.0,0.0,0.0,0.0,0.0,0.0,0.0,0.0,0.0,0.0,0.0,0.0,0.0,0.0,0.0,0.0,0.0,0.0
104.0,1.0,18.392695321125547,20.607186506075486,21.181867380423125,22.386474110658305,20.35143951160712,20.16551233456098,19.788644034653053,19.30759534058506,19.328775233126986,18.35388302262236,1.0,1.0,1.0,1.0,1.0,1.0,1.0,1.0,1.0,1.0
104.25,2.0,17.73938464948931,17.56198873202135,16.7954291795585,15.992902874337199,17.00332214057321,15.545119504369291,15.571707245899475,13.90579611246386,13.862874212854678,13.749798988540661,1.0,1.0,1.0,1.0,1.0,1.0,1.0,1.0,1.0,1.0
104.5,3.0,0.0,0.0,0.0,0.0,0.0,0.0,0.0,0.0,0.0,0.0,0.0,0.0,0.0,0.0,0.0,0.0,0.0,0.0,0.0,0.0
104.75,4.0,18.944027144943348,18.370820491441687,18.14325803436897,16.382582688941767,17.19829568101366,17.276070566564897,18.54579828753248,19.626568068662785,20.349073580055865,21.395728209164226,1.0,1.0,1.0,1.0,1.0,1.0,1.0,1.0,1.0,1.0
105.0,1.0,19.383540410700316,21.277271264772217,21.70805965628837,21.71464919154019,20.05997094064259,19.449019758817553,19.67710860148971,19.353392785759276,19.590336191632634,18.866210859967843,1.0,1.0,1.0,1.0,1.0,1.0,1.0,1.0,1.0,1.0
105.25,2.0,0.0,0.0,0.0,0.0,0.0,0.0,0.0,0.0,0.0,0.0,0.0,0.0,0.0,0.0,0.0,0.0,0.0,0.0,0.0,0.0
105.5,3.0,15.73137117208745,15.795775592590495,16.518625471047827,17.628838199702752,19.712936524131305,18.99161016567341,17.285600928979353,17.200806924048095,15.708652673199099,15.718557857829571,1.0,1.0,1.0,1.0,1.0,1.0,1.0,1.0,1.0,1.0
105.75,4.0,18.675574746647786,18.12419432283456,15.848683284803393,14.67202872337686,17.411394837538115,18.439441580195993,19.046942901505496,20.792713580202374,20.507784573406312,21.80945161813772,1.0,1.0,1.0,1.0,1.0,1.0,1.0,1.0,1.0,1.0
106.0,1.0,20.752165819711365,21.675634100653085,20.676422841484474,21.036557743943277,20.104733090646953,19.874930424629632,19.65415916650715,19.19720031789397,20.12633571436238,20.387173579311906,1.0,1.0,1.0,1.0,1.0,1.0,1.0,1.0,1.0,1.0
106.25,2.0,17.91641571571853,17.429243699599997,17.76706092736789,16.389398643629292,16.754885910638254,16.849760214835737,16.921721567229383,15.69596402209795,16.36754173953149,17.13191299768286,1.0,1.0,1.0,1.0,1.0,1.0,1.0,1.0,1.0,1.0
106.5,3.0,0.0,0.0,0.0,0.0,0.0,0.0,0.0,0.0,0.0,0.0,0.0,0.0,0.0,0.0,0.0,0.0,0.0,0.0,0.0,0.0
106.75,4.0,19.1702323724112,16.166308418779092,14.21294066804556,15.91567754177556,19.64023239868414,19.76890958129992,20.26259433329192,21.013640893915486,20.496330627790698,21.559933419875875,1.0,1.0,1.0,1.0,1.0,1.0,1.0,1.0,1.0,1.0
107.0,1.0,21.21163413226018,20.169739722892604,18.80373216400297,20.70358161366512,20.138114206206442,21.31679265528916,19.740741565155083,19.93358097613922,20.597433929427975,20.945061537401052,1.0,1.0,1.0,1.0,1.0,1.0,1.0,1.0,1.0,1.0
107.25,2.0,0.0,0.0,0.0,0.0,0.0,0.0,0.0,0.0,0.0,0.0,0.0,0.0,0.0,0.0,0.0,0.0,0.0,0.0,0.0,0.0
107.5,3.0,17.61465942021112,18.88585945247817,18.478054095831503,19.21283508094558,18.262342758627142,18.396377865582693,18.21080153449829,17.343103635485736,16.65654245626425,15.288653826566323,1.0,1.0,1.0,1.0,1.0,1.0,1.0,1.0,1.0,1.0
107.75,4.0,16.231613241615126,14.355497849550407,14.87161456273784,17.48280493965434,19.21867828902133,18.59081954550131,20.186250060369815,20.403255140563775,19.79280970621392,21.651075303238407,1.0,1.0,1.0,1.0,1.0,1.0,1.0,1.0,1.0,1.0
108.0,1.0,0.0,0.0,0.0,0.0,0.0,0.0,0.0,0.0,0.0,0.0,0.0,0.0,0.0,0.0,0.0,0.0,0.0,0.0,0.0,0.0
108.25,2.0,0.0,0.0,0.0,0.0,0.0,0.0,0.0,0.0,0.0,0.0,0.0,0.0,0.0,0.0,0.0,0.0,0.0,0.0,0.0,0.0
108.5,3.0,18.499454112915767,19.857426442765576,19.06342985621542,19.513874454521766,18.92627325473328,19.24816823048473,18.37739402179825,17.179027634842992,16.260326852758784,15.228258997765272,1.0,1.0,1.0,1.0,1.0,1.0,1.0,1.0,1.0,1.0
108.75,4.0,0.0,0.0,0.0,0.0,0.0,0.0,0.0,0.0,0.0,0.0,0.0,0.0,0.0,0.0,0.0,0.0,0.0,0.0,0.0,0.0
109.0,1.0,19.441399059804958,18.266875621423992,19.3445067587764,20.710057206689147,21.793721727058745,23.037758485712843,21.903116519107176,22.246183470297137,21.270239188752882,21.111522635924207,1.0,1.0,1.0,1.0,1.0,1.0,1.0,1.0,1.0,1.0
109.25,2.0,19.172263128758654,17.50070946979563,17.372592960028513,14.999402237005262,14.621343827156863,15.710129592727728,17.02592001188804,17.215360635719094,18.372066291975305,17.96553044788746,1.0,1.0,1.0,1.0,1.0,1.0,1.0,1.0,1.0,1.0
109.5,3.0,0.0,0.0,0.0,0.0,0.0,0.0,0.0,0.0,0.0,0.0,0.0,0.0,0.0,0.0,0.0,0.0,0.0,0.0,0.0,0.0
109.75,4.0,16.82764278996142,17.520072668884673,18.44466485150007,20.055654020537126,20.048042894193088,19.3543571019352,20.70531548338307,20.771477574534696,20.527365593265518,21.047454814923636,1.0,1.0,1.0,1.0,1.0,1.0,1.0,1.0,1.0,1.0
110.0,1.0,19.823124345846104,19.207446693868025,19.955146787979526,20.9921713259798,23.181817761322375,22.87205334905248,22.17362270032686,21.988999784222816,21.384798165058367,21.693644891172422,1.0,1.0,1.0,1.0,1.0,1.0,1.0,1.0,1.0,1.0
110.25,2.0,0.0,0.0,0.0,0.0,0.0,0.0,0.0,0.0,0.0,0.0,0.0,0.0,0.0,0.0,0.0,0.0,0.0,0.0,0.0,0.0
110.5,3.0,15.991444095178219,19.425327157012045,20.451051925454365,19.965295337356935,18.967666284983927,18.536363081415416,17.717298072534227,16.47059754646801,16.370911865344606,16.01474310698092,1.0,1.0,1.0,1.0,1.0,1.0,1.0,1.0,1.0,1.0
110.75,4.0,18.203025922892937,18.784976868595052,19.419683417477515,19.620179683811976,20.76057706698716,20.53104858788203,20.840623790563892,20.919495692622554,20.274419036101026,20.80448365836168,1.0,1.0,1.0,1.0,1.0,1.0,1.0,1.0,1.0,1.0
111.0,1.0,0.0,0.0,0.0,0.0,0.0,0.0,0.0,0.0,0.0,0.0,0.0,0.0,0.0,0.0,0.0,0.0,0.0,0.0,0.0,0.0
111.25,2.0,18.46739440613779,16.70915157266036,15.914767629958122,14.868617907777885,16.09979185084712,16.40402442849227,15.625441548277514,15.052210829766535,15.788144963172478,16.091839316815804,1.0,1.0,1.0,1.0,1.0,1.0,1.0,1.0,1.0,1.0
111.5,3.0,0.0,0.0,0.0,0.0,0.0,0.0,0.0,0.0,0.0,0.0,0.0,0.0,0.0,0.0,0.0,0.0,0.0,0.0,0.0,0.0
111.75,4.0,0.0,0.0,0.0,0.0,0.0,0.0,0.0,0.0,0.0,0.0,0.0,0.0,0.0,0.0,0.0,0.0,0.0,0.0,0.0,0.0
112.0,1.0,19.57432142576089,21.259415207401872,22.01779507945808,23.40710287232142,23.1393157558127,21.343201091882854,20.516396401924062,20.09925633375597,20.57547383625013,20.037519187354256,1.0,1.0,1.0,1.0,1.0,1.0,1.0,1.0,1.0,1.0
112.25,2.0,18.110299977540386,16.330757887932936,17.907205521234467,16.743069708475005,16.30457494399479,15.71637619252961,15.657296104959306,15.062583916335413,15.322984493724961,15.791716831793414,1.0,1.0,1.0,1.0,1.0,1.0,1.0,1.0,1.0,1.0
112.5,3.0,17.620170804603255,19.537330099372888,19.974478495328462,19.29262517760294,17.367140899254423,16.79931608792964,16.573557597836412,18.04335472124474,19.0419736087199,18.68104635360984,1.0,1.0,1.0,1.0,1.0,1.0,1.0,1.0,1.0,1.0
112.75,4.0,17.745305084154985,18.24694294149509,19.61732821635469,21.421954893275107,21.25999373227227,20.636281059717135,20.905107742855908,21.38538688750103,21.03045431826639,22.69659763819538,1.0,1.0,1.0,1.0,1.0,1.0,1.0,1.0,1.0,1.0
113.0,1.0,20.12696946555605,22.60306203081676,23.18484422576473,23.848092903719543,22.231841369282137,20.76492710214069,21.02372274192487,20.704363922402333,21.13502445655794,21.403064053485284,1.0,1.0,1.0,1.0,1.0,1.0,1.0,1.0,1.0,1.0
113.25,2.0,0.0,0.0,0.0,0.0,0.0,0.0,0.0,0.0,0.0,0.0,0.0,0.0,0.0,0.0,0.0,0.0,0.0,0.0,0.0,0.0
113.5,3.0,17.848994971426734,19.988331264320284,18.87960633523829,16.837602191464374,16.803898811317463,16.349797389831757,16.950315066229617,17.335258879489164,17.928205337860852,17.918635352306634,1.0,1.0,1.0,1.0,1.0,1.0,1.0,1.0,1.0,1.0
113.75,4.0,19.0227693182105,18.88128229774891,20.3722022494737,21.017572718551513,19.350250113432153,19.999654330893996,20.196175995166097,21.61557286433207,22.290537659997902,23.343995254936146,1.0,1.0,1.0,1.0,1.0,1.0,1.0,1.0,1.0,1.0
114.0,1.0,20.667879393073246,22.552016654624996,23.369839829513307,22.937263496209095,21.04211541517425,21.152894084257664,21.49791606710933,21.802444103494814,22.798152131313984,22.246542191278234,1.0,1.0,1.0,1.0,1.0,1.0,1.0,1.0,1.0,1.0
114.25,2.0,17.471759422985638,16.60175862213593,17.56919761357025,18.258883522659904,16.263819917820985,16.17319108241885,16.358350037899267,15.334716334244199,15.230938340915126,15.468254269272059,1.0,1.0,1.0,1.0,1.0,1.0,1.0,1.0,1.0,1.0
114.5,3.0,0.0,0.0,0.0,0.0,0.0,0.0,0.0,0.0,0.0,0.0,0.0,0.0,0.0,0.0,0.0,0.0,0.0,0.0,0.0,0.0
114.75,4.0,18.798593821907446,18.904936481510983,19.324184422574607,20.121158606895964,18.647819064866777,20.37065443712599,21.13383649646254,21.733355228540923,22.252684351390037,23.496337258133835,1.0,1.0,1.0,1.0,1.0,1.0,1.0,1.0,1.0,1.0
115.0,1.0,20.804828228753863,22.125362932874754,22.11858078735836,23.00937754241641,21.73239911859572,22.75764774244462,22.219356440973574,23.269075601344312,23.29498605200272,23.437990408384497,1.0,1.0,1.0,1.0,1.0,1.0,1.0,1.0,1.0,1.0
115.25,2.0,0.0,0.0,0.0,0.0,0.0,0.0,0.0,0.0,0.0,0.0,0.0,0.0,0.0,0.0,0.0,0.0,0.0,0.0,0.0,0.0
115.5,3.0,18.276572202278064,19.575016314285293,17.731257677868157,17.769485441059025,17.789276523931836,18.18629412078087,17.51125203545501,17.369405676974534,16.664191701298925,16.32196798191884,1.0,1.0,1.0,1.0,1.0,1.0,1.0,1.0,1.0,1.0
115.75,4.0,19.149368499296028,19.334213901479696,20.46701032186036,20.444834802059976,19.395993202660005,21.59291257364392,21.955266449029843,23.068440392996827,22.936333738626864,23.52812528744143,1.0,1.0,1.0,1.0,1.0,1.0,1.0,1.0,1.0,1.0
116.0,1.0,0.0,0.0,0.0,0.0,0.0,0.0,0.0,0.0,0.0,0.0,0.0,0.0,0.0,0.0,0.0,0.0,0.0,0.0,0.0,0.0
116.25,2.0,16.76626561998342,16.401551153225977,17.990546082448127,16.688418981005093,15.2442101234829,14.187130788325245,14.586015375761562,14.859759492346067,15.972346639640326,17.205666695776863,1.0,1.0,1.0,1.0,1.0,1.0,1.0,1.0,1.0,1.0
116.5,3.0,18.019404527922127,18.353454087039797,16.553123653255653,16.915648715530924,17.725415463258855,18.18954500910861,16.534638656881896,16.27766374807779,15.506097144701661,16.03032291218966,1.0,1.0,1.0,1.0,1.0,1.0,1.0,1.0,1.0,1.0
116.75,4.0,0.0,0.0,0.0,0.0,0.0,0.0,0.0,0.0,0.0,0.0,0.0,0.0,0.0,0.0,0.0,0.0,0.0,0.0,0.0,0.0
117.0,1.0,20.328843216117374,20.967076007734747,22.271225129255,23.31627285760835,22.300094580226112,21.638709588861254,21.368851027207736,21.205451862877513,21.514786935888402,22.066246024473656,1.0,1.0,1.0,1.0,1.0,1.0,1.0,1.0,1.0,1.0
117.25,2.0,16.84713053583472,16.788998192330197,18.60640174015773,18.245822984236156,16.700184188974543,15.883911273124898,15.8707479212893,16.655320657426916,17.570123406716643,17.81999513554529,1.0,1.0,1.0,1.0,1.0,1.0,1.0,1.0,1.0,1.0
117.5,3.0,0.0,0.0,0.0,0.0,0.0,0.0,0.0,0.0,0.0,0.0,0.0,0.0,0.0,0.0,0.0,0.0,0.0,0.0,0.0,0.0
117.75,4.0,20.231630624197212,20.483304774948405,20.06403995817244,21.134919742856198,21.00046250379631,21.11245686166926,21.260775323835233,21.777042925845414,20.80809122977282,21.1629945269154,1.0,1.0,1.0,1.0,1.0,1.0,1.0,1.0,1.0,1.0
118.0,1.0,19.926243769278866,21.899639535021606,21.689219974848733,22.314713608571406,21.199246200337782,22.057410168946678,21.726683357784967,21.378416323563847,22.48287723243154,21.692156733033862,1.0,1.0,1.0,1.0,1.0,1.0,1.0,1.0,1.0,1.0
118.25,2.0,0.0,0.0,0.0,0.0,0.0,0.0,0.0,0.0,0.0,0.0,0.0,0.0,0.0,0.0,0.0,0.0,0.0,0.0,0.0,0.0
118.5,3.0,18.446395244621904,18.310677133098086,17.96630915137416,16.70753306885043,17.32241798905418,16.815969622430902,16.013988608504313,16.373101671460084,16.54598656188791,16.97560705924757,1.0,1.0,1.0,1.0,1.0,1.0,1.0,1.0,1.0,1.0
118.75,4.0,21.819860736379276,22.17572085119585,21.233610864263415,20.84570021085544,18.910328134473037,18.833007999322316,19.677217402122846,20.17215979867874,18.73633776784717,20.420473022352613,1.0,1.0,1.0,1.0,1.0,1.0,1.0,1.0,1.0,1.0
119.0,1.0,20.453352965552433,21.4451819564472,20.893513603800567,21.268462457003363,21.009286530362917,21.669273190230776,21.052925288679525,20.89239520969986,21.241293291179268,21.091691250509612,1.0,1.0,1.0,1.0,1.0,1.0,1.0,1.0,1.0,1.0
119.25,2.0,18.632662703148746,17.32948849343491,18.20736444749256,17.26484118843776,16.92006316183509,16.85648592201523,16.956925140632727,17.100892413907268,17.6877293571516,18.695864308019818,1.0,1.0,1.0,1.0,1.0,1.0,1.0,1.0,1.0,1.0
119.5,3.0,0.0,0.0,0.0,0.0,0.0,0.0,0.0,0.0,0.0,0.0,0.0,0.0,0.0,0.0,0.0,0.0,0.0,0.0,0.0,0.0
119.75,4.0,0.0,0.0,0.0,0.0,0.0,0.0,0.0,0.0,0.0,0.0,0.0,0.0,0.0,0.0,0.0,0.0,0.0,0.0,0.0,0.0
120.0,1.0,20.28230851251322,20.879009744227453,20.296267361004173,20.32341239174096,20.75740279336652,20.74365505812509,19.87857230029733,20.510420295274756,20.73276635843323,20.977233680045202,1.0,1.0,1.0,1.0,1.0,1.0,1.0,1.0,1.0,1.0
120.25,2.0,17.530976199252773,17.657181992680073,18.852660952934457,17.246707212695277,16.098114435959197,16.334912554749877,16.3614361782023,16.725032648040955,18.18927747677832,18.85330877369971,1.0,1.0,1.0,1.0,1.0,1.0,1.0,1.0,1.0,1.0
120.5,3.0,17.999035709395354,16.94201039679974,17.481008141858958,16.889394458014973,17.080077637129865,17.949961045862068,16.96912549264668,16.54898690223793,16.311283415496902,16.09162074609346,1.0,1.0,1.0,1.0,1.0,1.0,1.0,1.0,1.0,1.0
120.75,4.0,22.102206756493715,22.78645530681114,20.877822902933623,19.181418205794916,15.381194716313328,17.104098376925688,17.92780014813769,18.384522362516897,18.586212751200858,19.274059256586867,1.0,1.0,1.0,1.0,1.0,1.0,1.0,1.0,1.0,1.0
121.0,1.0,0.0,0.0,0.0,0.0,0.0,0.0,0.0,0.0,0.0,0.0,0.0,0.0,0.0,0.0,0.0,0.0,0.0,0.0,0.0,0.0
121.25,2.0,0.0,0.0,0.0,0.0,0.0,0.0,0.0,0.0,0.0,0.0,0.0,0.0,0.0,0.0,0.0,0.0,0.0,0.0,0.0,0.0
121.5,3.0,16.972798949841906,16.844228818933754,17.126528131555904,16.908851092124547,16.283269102371115,17.57148210340106,16.229083573090865,17.34576793470878,17.622584490857747,17.054545558081063,1.0,1.0,1.0,1.0,1.0,1.0,1.0,1.0,1.0,1.0
121.75,4.0,21.251727467334003,20.687866297680145,18.669458792029634,17.47216485415525,15.716563659000043,16.905956384681367,17.91152539323923,18.370575577654506,18.806360348188445,19.604575384823438,1.0,1.0,1.0,1.0,1.0,1.0,1.0,1.0,1.0,1.0
122.0,1.0,19.63523714400714,18.58619242862256,18.613257708423443,20.026458722532073,20.954231960114274,21.96894438264129,21.845781245232942,23.137714665666426,22.823473348427726,23.389739709573337,1.0,1.0,1.0,1.0,1.0,1.0,1.0,1.0,1.0,1.0
122.25,2.0,17.79604016712375,16.841767533631987,17.013853834922482,16.689682292436842,16.185948269015178,18.34573155856601,18.0767026612563,16.882589591006433,18.93237061306893,18.992058985455266,1.0,1.0,1.0,1.0,1.0,1.0,1.0,1.0,1.0,1.0
122.5,3.0,0.0,0.0,0.0,0.0,0.0,0.0,0.0,0.0,0.0,0.0,0.0,0.0,0.0,0.0,0.0,0.0,0.0,0.0,0.0,0.0
122.75,4.0,19.3646138779651,18.71948773829853,18.40156833268187,16.801280179995615,15.57027971877697,16.48135884514405,17.828467845749987,18.321479691495824,17.875387350599087,18.185711702229113,1.0,1.0,1.0,1.0,1.0,1.0,1.0,1.0,1.0,1.0
123.0,1.0,19.79523535168232,18.14746498396991,18.14113763303316,19.189647962963694,21.45319508798912,22.86877918447924,23.24084560507202,23.726066897273096,23.457935206483267,23.234588954981373,1.0,1.0,1.0,1.0,1.0,1.0,1.0,1.0,1.0,1.0
123.25,2.0,0.0,0.0,0.0,0.0,0.0,0.0,0.0,0.0,0.0,0.0,0.0,0.0,0.0,0.0,0.0,0.0,0.0,0.0,0.0,0.0
123.5,3.0,16.862276186634805,17.32689150544325,17.08933449772223,15.927893742199217,16.891232195379136,17.39180200701993,16.399575382598627,17.121241602158538,16.78446408404586,18.081933789721454,1.0,1.0,1.0,1.0,1.0,1.0,1.0,1.0,1.0,1.0
123.75,4.0,19.45378580131521,17.92807410755392,18.46964975528253,17.91812069693458,16.102091766038647,17.425578177106967,17.53754883737329,17.633955450614373,17.24488574704832,16.61779269914219,1.0,1.0,1.0,1.0,1.0,1.0,1.0,1.0,1.0,1.0
124.0,1.0,0.0,0.0,0.0,0.0,0.0,0.0,0.0,0.0,0.0,0.0,0.0,0.0,0.0,0.0,0.0,0.0,0.0,0.0,0.0,0.0
124.25,2.0,18.169126974804357,19.444267830485856,18.493758736389424,17.72370204547024,18.556772965882637,19.663408828226142,18.35429623908388,17.834023249860312,18.435016020563193,18.037164291491102,1.0,1.0,1.0,1.0,1.0,1.0,1.0,1.0,1.0,1.0
124.5,3.0,17.357887013215606,16.307469948990835,15.922416000034127,15.599760554513688,16.659538769145797,17.255582693719994,17.958108771745945,18.70321234773906,18.706749915803492,19.60679195321395,1.0,1.0,1.0,1.0,1.0,1.0,1.0,1.0,1.0,1.0
124.75,4.0,0.0,0.0,0.0,0.0,0.0,0.0,0.0,0.0,0.0,0.0,0.0,0.0,0.0,0.0,0.0,0.0,0.0,0.0,0.0,0.0
125.0,1.0,17.570844582134992,17.503012091661,18.462223228003637,20.0799560550371,21.033149900831166,23.315515177165203,23.679044098655236,24.964799210576363,25.911481106175238,25.24346246136104,1.0,1.0,1.0,1.0,1.0,1.0,1.0,1.0,1.0,1.0
125.25,2.0,18.12679699724046,19.434641718029077,18.828336343076554,19.02354397773083,17.98555639703259,18.77252038008262,18.559728558650516,17.589503080648154,18.519036316268654,18.69042386007773,1.0,1.0,1.0,1.0,1.0,1.0,1.0,1.0,1.0,1.0
125.5,3.0,0.0,0.0,0.0,0.0,0.0,0.0,0.0,0.0,0.0,0.0,0.0,0.0,0.0,0.0,0.0,0.0,0.0,0.0,0.0,0.0
125.75,4.0,18.860799317101968,18.787677063241265,18.834538682981513,17.925336266477537,16.570332924448394,17.668884327980827,16.97011983603329,19.138301529653724,20.583806381892742,21.784447398997088,1.0,1.0,1.0,1.0,1.0,1.0,1.0,1.0,1.0,1.0
126.0,1.0,18.227625722952585,18.64217182465153,19.566172715329742,19.894855667818376,21.992471927158512,23.383570774591696,24.229243712151167,24.85122678416196,25.75268669421165,24.818642190051115,1.0,1.0,1.0,1.0,1.0,1.0,1.0,1.0,1.0,1.0
126.25,2.0,0.0,0.0,0.0,0.0,0.0,0.0,0.0,0.0,0.0,0.0,0.0,0.0,0.0,0.0,0.0,0.0,0.0,0.0,0.0,0.0
126.5,3.0,16.607694572548926,16.768962578689006,15.081042840988324,15.92202975713423,18.160393470331744,18.84022578867182,19.670331094453726,20.2992537213253,20.352485173902206,21.407039164432316,1.0,1.0,1.0,1.0,1.0,1.0,1.0,1.0,1.0,1.0
126.75,4.0,19.719813807410894,19.780317598485,19.801928918703965,20.240277992705945,17.880073881271073,18.99591644674196,20.080087446547726,21.020557222032053,21.45942503264859,22.738169847278993,1.0,1.0,1.0,1.0,1.0,1.0,1.0,1.0,1.0,1.0
127.0,1.0,19.101631860445817,20.030933673539216,20.185789879868917,21.401297263350422,21.87934191909563,23.315226608231136,23.356448723586517,23.945430508303836,24.684300808810878,24.439273826087604,1.0,1.0,1.0,1.0,1.0,1.0,1.0,1.0,1.0,1.0
127.25,2.0,18.609392551582165,18.204547864909774,19.179586127888662,19.793122058141194,18.938712185879925,19.24031523301577,19.456406035183512,19.982580751812858,19.86356740602169,20.19503292570454,1.0,1.0,1.0,1.0,1.0,1.0,1.0,1.0,1.0,1.0
127.5,3.0,0.0,0.0,0.0,0.0,0.0,0.0,0.0,0.0,0.0,0.0,0.0,0.0,0.0,0.0,0.0,0.0,0.0,0.0,0.0,0.0
127.75,4.0,20.69919065031505,21.248136247486762,20.745181805257683,20.233840558533924,19.481705870186005,19.91978605545307,21.507961254478367,22.11150910461788,23.5435519488914,23.68202631076446,1.0,1.0,1.0,1.0,1.0,1.0,1.0,1.0,1.0,1.0
128.0,1.0,19.316443627196,21.812226651320877,21.384903694041355,21.565652880063663,22.32180096934525,22.998114297835436,24.841008489165468,24.62076798952508,25.601927284237398,25.046358825306392,1.0,1.0,1.0,1.0,1.0,1.0,1.0,1.0,1.0,1.0
128.25,2.0,19.08288086544718,18.728257365427233,18.969500160252203,19.896064666859697,20.02363678079111,19.526435473953374,21.007746829107553,20.46951685612748,20.37118524051557,20.472682681671476,1.0,1.0,1.0,1.0,1.0,1.0,1.0,1.0,1.0,1.0
128.5,3.0,18.333333385772864,17.38582707210184,15.802838015295917,18.38971169719752,22.450770763651033,22.05084881285359,22.796601479900477,22.096876525185838,21.885275469161407,21.489504034280237,1.0,1.0,1.0,1.0,1.0,1.0,1.0,1.0,1.0,1.0
128.75,4.0,20.554758260007073,20.725370511006382,20.62618570514896,20.179228646645438,20.825439409341303,21.665870069048523,23.37026261710269,23.53059260094268,24.014922154357112,23.71245658238647,1.0,1.0,1.0,1.0,1.0,1.0,1.0,1.0,1.0,1.0
129.0,1.0,0.0,0.0,0.0,0.0,0.0,0.0,0.0,0.0,0.0,0.0,0.0,0.0,0.0,0.0,0.0,0.0,0.0,0.0,0.0,0.0
129.25,2.0,0.0,0.0,0.0,0.0,0.0,0.0,0.0,0.0,0.0,0.0,0.0,0.0,0.0,0.0,0.0,0.0,0.0,0.0,0.0,0.0
129.5,3.0,18.31991529766553,17.738947524934666,16.5554877777589,20.399653399834488,21.796041363364758,22.10642298008918,22.243409954113446,22.975211984155244,22.49243167471559,22.091500591118592,1.0,1.0,1.0,1.0,1.0,1.0,1.0,1.0,1.0,1.0
129.75,4.0,0.0,0.0,0.0,0.0,0.0,0.0,0.0,0.0,0.0,0.0,0.0,0.0,0.0,0.0,0.0,0.0,0.0,0.0,0.0,0.0
130.0,1.0,22.153447289217265,23.069363858398184,21.02113431383122,21.192512120983935,24.448879261179588,25.33922615962643,26.509707908038855,26.20627082780956,25.58670945344768,25.8260775831929,1.0,1.0,1.0,1.0,1.0,1.0,1.0,1.0,1.0,1.0
130.25,2.0,19.980406639808123,20.673451170320508,20.18232388130469,19.491702020802208,19.740205252897905,20.196268659867957,20.689767816419838,20.25531443294225,19.365551544658604,19.744581281093158,1.0,1.0,1.0,1.0,1.0,1.0,1.0,1.0,1.0,1.0
130.5,3.0,0.0,0.0,0.0,0.0,0.0,0.0,0.0,0.0,0.0,0.0,0.0,0.0,0.0,0.0,0.0,0.0,0.0,0.0,0.0,0.0
130.75,4.0,19.810678637349973,20.7521691797561,22.44668704120956,23.80481582535497,24.639610433889313,23.31129585911581,23.665874318298155,22.529326231921594,21.69593020952325,21.74835694191,1.0,1.0,1.0,1.0,1.0,1.0,1.0,1.0,1.0,1.0
131.0,1.0,21.729122459928355,22.852548404730392,21.418535806161586,22.364905292438003,25.308710840204927,24.72768810995542,25.507522147165695,24.71127549874806,23.13385615103564,23.65103219736971,1.0,1.0,1.0,1.0,1.0,1.0,1.0,1.0,1.0,1.0
131.25,2.0,0.0,0.0,0.0,0.0,0.0,0.0,0.0,0.0,0.0,0.0,0.0,0.0,0.0,0.0,0.0,0.0,0.0,0.0,0.0,0.0
131.5,3.0,17.004868129940338,17.507504832376597,19.11497530496466,21.8114468966014,22.213030602336303,22.978801903150362,23.239334472478365,22.71390298810095,21.65213972769365,21.199364742216112,1.0,1.0,1.0,1.0,1.0,1.0,1.0,1.0,1.0,1.0
131.75,4.0,20.71559414286279,21.365893070287473,22.783972960854467,22.713382070576426,22.477329612568877,22.829126311925332,22.665736259748442,22.132110832668204,21.376939005305466,20.814540575736533,1.0,1.0,1.0,1.0,1.0,1.0,1.0,1.0,1.0,1.0
132.0,1.0,0.0,0.0,0.0,0.0,0.0,0.0,0.0,0.0,0.0,0.0,0.0,0.0,0.0,0.0,0.0,0.0,0.0,0.0,0.0,0.0
132.25,2.0,19.78894531904369,18.51324250354894,17.82457666879434,18.743085722018296,20.11117085925533,20.305402853414325,19.553115862742317,18.203851316171125,18.184238675990223,18.42305194467096,1.0,1.0,1.0,1.0,1.0,1.0,1.0,1.0,1.0,1.0
132.5,3.0,0.0,0.0,0.0,0.0,0.0,0.0,0.0,0.0,0.0,0.0,0.0,0.0,0.0,0.0,0.0,0.0,0.0,0.0,0.0,0.0
132.75,4.0,0.0,0.0,0.0,0.0,0.0,0.0,0.0,0.0,0.0,0.0,0.0,0.0,0.0,0.0,0.0,0.0,0.0,0.0,0.0,0.0
133.0,1.0,21.29090641117696,21.802739892728425,19.7072742535998,21.835193403574838,23.770329056690546,23.78541774225966,22.760093923497454,21.609347573994416,20.134188866097027,19.59903160462927,1.0,1.0,1.0,1.0,1.0,1.0,1.0,1.0,1.0,1.0
133.25,2.0,19.40187499522657,18.759755397026478,18.233683581734237,18.618202687129564,18.502666088239945,18.638626624580425,18.672833450450522,17.880705135347892,17.528386175583954,18.218571736222536,1.0,1.0,1.0,1.0,1.0,1.0,1.0,1.0,1.0,1.0
133.5,3.0,0.0,0.0,0.0,0.0,0.0,0.0,0.0,0.0,0.0,0.0,0.0,0.0,0.0,0.0,0.0,0.0,0.0,0.0,0.0,0.0
133.75,4.0,22.54636240045391,22.499574562736704,23.30334905683406,23.438112992851437,24.051321381875347,24.039474254140746,23.790961494651963,24.291853264969333,23.124904083055682,23.509573103055537,1.0,1.0,1.0,1.0,1.0,1.0,1.0,1.0,1.0,1.0
134.0,1.0,21.15715126296481,20.80406108024427,20.506561639483607,21.93030214471878,23.00811115748474,22.52091867044429,21.84264399646921,20.984940568528884,20.322001540081967,19.31997950856557,1.0,1.0,1.0,1.0,1.0,1.0,1.0,1.0,1.0,1.0
134.25,2.0,0.0,0.0,0.0,0.0,0.0,0.0,0.0,0.0,0.0,0.0,0.0,0.0,0.0,0.0,0.0,0.0,0.0,0.0,0.0,0.0
134.5,3.0,21.856785047514716,23.68325439730538,22.554801515336315,22.705325378706416,21.123133798041525,20.387264451814612,20.55750583315349,21.11981980582791,21.45229817319852,21.86608527377003,1.0,1.0,1.0,1.0,1.0,1.0,1.0,1.0,1.0,1.0
134.75,4.0,23.336871854547805,23.304908101337205,23.098718606874993,22.802554332562945,23.90813134759772,23.95725829654705,24.010601151700296,23.696799293930034,22.89290290128294,23.47051689863699,1.0,1.0,1.0,1.0,1.0,1.0,1.0,1.0,1.0,1.0
135.0,1.0,20.541800812772575,19.985486586870106,20.0967319052857,21.872153715324004,22.824780476827478,21.354995194302216,21.10537360882513,20.73736751447908,20.465497686948684,20.662255993957228,1.0,1.0,1.0,1.0,1.0,1.0,1.0,1.0,1.0,1.0
135.25,2.0,18.053377640915066,18.809694449409086,18.640038307171547,17.26805479401749,17.15193708485082,18.01794744991413,16.7569226036011,16.636869156671967,16.839899050295692,17.183883127138067,1.0,1.0,1.0,1.0,1.0,1.0,1.0,1.0,1.0,1.0
135.5,3.0,0.0,0.0,0.0,0.0,0.0,0.0,0.0,0.0,0.0,0.0,0.0,0.0,0.0,0.0,0.0,0.0,0.0,0.0,0.0,0.0
135.75,4.0,23.057810280540124,22.649149820873536,22.312759357136024,22.424921904717035,23.253714519777574,23.058568518321625,22.825174814439315,23.009223433992574,23.132919234766074,23.356143084170416,1.0,1.0,1.0,1.0,1.0,1.0,1.0,1.0,1.0,1.0
136.0,1.0,20.051001637885825,19.561180298828617,20.408305013810878,21.185073521427576,21.623054243007072,20.507031655508833,20.973113720984927,21.319167812344425,21.033156201786046,21.66449875846422,1.0,1.0,1.0,1.0,1.0,1.0,1.0,1.0,1.0,1.0
136.25,2.0,0.0,0.0,0.0,0.0,0.0,0.0,0.0,0.0,0.0,0.0,0.0,0.0,0.0,0.0,0.0,0.0,0.0,0.0,0.0,0.0
136.5,3.0,21.590934823054273,21.972108955381447,21.618527790668935,22.188355579512006,21.443101184487247,21.28527236473252,21.449540468559068,21.991734762133987,21.318983566157566,20.37140192892463,1.0,1.0,1.0,1.0,1.0,1.0,1.0,1.0,1.0,1.0
136.75,4.0,22.66624299292335,20.77406744796501,22.589684433679057,21.699082611529423,22.20880236629186,22.03153377352089,21.62396759372173,22.526717470777164,21.836592543685047,23.851687041969264,1.0,1.0,1.0,1.0,1.0,1.0,1.0,1.0,1.0,1.0
137.0,1.0,0.0,0.0,0.0,0.0,0.0,0.0,0.0,0.0,0.0,0.0,0.0,0.0,0.0,0.0,0.0,0.0,0.0,0.0,0.0,0.0
137.25,2.0,0.0,0.0,0.0,0.0,0.0,0.0,0.0,0.0,0.0,0.0,0.0,0.0,0.0,0.0,0.0,0.0,0.0,0.0,0.0,0.0
137.5,3.0,21.37538232461486,21.79989293171892,22.041471963265924,21.33101991243999,21.821677562939623,21.544655836692087,21.34945327367707,21.57403892850248,20.903784386041973,20.582764205527642,1.0,1.0,1.0,1.0,1.0,1.0,1.0,1.0,1.0,1.0
137.75,4.0,0.0,0.0,0.0,0.0,0.0,0.0,0.0,0.0,0.0,0.0,0.0,0.0,0.0,0.0,0.0,0.0,0.0,0.0,0.0,0.0
138.0,1.0,19.636687071650027,21.185416046843788,21.23906532375846,19.991390117366908,18.7077647976071,19.3869398296885,21.15778032390608,22.01212533658109,21.498105638295353,20.61921358071827,1.0,1.0,1.0,1.0,1.0,1.0,1.0,1.0,1.0,1.0
138.25,2.0,19.389942951624587,19.993582489975008,17.167007303972408,15.955622220721729,15.460341588695234,15.89992742316302,14.776765122578656,13.989519062470734,14.671260562829207,15.982919850383867,1.0,1.0,1.0,1.0,1.0,1.0,1.0,1.0,1.0,1.0
138.5,3.0,0.0,0.0,0.0,0.0,0.0,0.0,0.0,0.0,0.0,0.0,0.0,0.0,0.0,0.0,0.0,0.0,0.0,0.0,0.0,0.0
138.75,4.0,21.5103736624153,20.27777744788976,21.035828761681294,20.62454657301179,21.10194982126676,21.286906108764065,22.503150887517858,24.10265737239999,24.206393005205836,24.607442542683103,1.0,1.0,1.0,1.0,1.0,1.0,1.0,1.0,1.0,1.0
139.0,1.0,20.731252587317115,21.74244463171364,20.91962318084363,19.126060944301145,20.48179097157231,19.88728843129966,21.30505482659869,21.075619043910823,20.820623135206386,20.78947636062688,1.0,1.0,1.0,1.0,1.0,1.0,1.0,1.0,1.0,1.0
139.25,2.0,0.0,0.0,0.0,0.0,0.0,0.0,0.0,0.0,0.0,0.0,0.0,0.0,0.0,0.0,0.0,0.0,0.0,0.0,0.0,0.0
139.5,3.0,21.023648528348676,21.499323259874576,21.175766632852085,20.3728186197121,21.49726401206527,20.75194347098085,20.349575089373232,20.70104794053868,20.040442948540772,20.181313852772846,1.0,1.0,1.0,1.0,1.0,1.0,1.0,1.0,1.0,1.0
139.75,4.0,20.11778902803126,19.213082905588138,20.398437632757823,19.922639240933936,21.7702863725585,21.321151331153462,21.955504009982697,23.09605102211061,22.28941910351919,22.924911557846002,1.0,1.0,1.0,1.0,1.0,1.0,1.0,1.0,1.0,1.0
140.0,1.0,0.0,0.0,0.0,0.0,0.0,0.0,0.0,0.0,0.0,0.0,0.0,0.0,0.0,0.0,0.0,0.0,0.0,0.0,0.0,0.0
140.25,2.0,20.041423729128926,18.929809351670773,17.48453036746207,15.95720328838281,15.345888630828345,16.094694152176967,16.473791579609358,15.162739731528307,15.618109711706,16.426730972062902,1.0,1.0,1.0,1.0,1.0,1.0,1.0,1.0,1.0,1.0
140.5,3.0,0.0,0.0,0.0,0.0,0.0,0.0,0.0,0.0,0.0,0.0,0.0,0.0,0.0,0.0,0.0,0.0,0.0,0.0,0.0,0.0
140.75,4.0,0.0,0.0,0.0,0.0,0.0,0.0,0.0,0.0,0.0,0.0,0.0,0.0,0.0,0.0,0.0,0.0,0.0,0.0,0.0,0.0
141.0,1.0,21.68008899774856,22.218989506171855,20.429940323424375,20.96533874083984,20.575825156825946,20.068442322389686,20.665187195680762,19.672332405041082,19.391105414816284,19.840880116768655,1.0,1.0,1.0,1.0,1.0,1.0,1.0,1.0,1.0,1.0
141.25,2.0,20.364687227530077,19.793986073355146,17.465808810769072,15.673268090477729,17.53879120667408,17.621671400093714,17.44329271798401,16.255481253951366,16.803653911875745,16.434835666459865,1.0,1.0,1.0,1.0,1.0,1.0,1.0,1.0,1.0,1.0
141.5,3.0,0.0,0.0,0.0,0.0,0.0,0.0,0.0,0.0,0.0,0.0,0.0,0.0,0.0,0.0,0.0,0.0,0.0,0.0,0.0,0.0
141.75,4.0,19.535283919277944,19.08070964483593,18.99152094965851,17.997968459858257,20.75407823370574,20.6435776988276,22.337934537742804,21.402114993484055,21.179614667930686,22.33624167687257,1.0,1.0,1.0,1.0,1.0,1.0,1.0,1.0,1.0,1.0
142.0,1.0,22.291135813240892,22.16241327230952,20.991588948603482,19.707403870631143,19.1883223882373,17.93166054809966,18.53518811941943,19.332609239997986,19.045736829659656,18.889931117330793,1.0,1.0,1.0,1.0,1.0,1.0,1.0,1.0,1.0,1.0
142.25,2.0,0.0,0.0,0.0,0.0,0.0,0.0,0.0,0.0,0.0,0.0,0.0,0.0,0.0,0.0,0.0,0.0,0.0,0.0,0.0,0.0
142.5,3.0,19.918337295009877,19.861818497848,21.16678802723688,19.239370349761014,19.314566658776815,18.880652640613626,18.214246186672167,19.204197816055828,20.210116727087247,20.692238671456177,1.0,1.0,1.0,1.0,1.0,1.0,1.0,1.0,1.0,1.0
142.75,4.0,19.029849885814162,18.729080936736803,18.870623292142312,18.501730729866416,20.02854959658009,19.59482593963713,21.276743609411625,20.927651033732214,21.083625352804265,23.25408773341697,1.0,1.0,1.0,1.0,1.0,1.0,1.0,1.0,1.0,1.0
143.0,1.0,22.982455531190965,21.860441982181612,20.925503842892496,18.960806009290266,18.04458138312093,17.13193289647322,18.87031022385621,19.361622352051704,18.735742131566937,18.452730413660927,1.0,1.0,1.0,1.0,1.0,1.0,1.0,1.0,1.0,1.0
143.25,2.0,19.94829876265565,20.800417390836934,19.848808656418882,18.33558132096664,17.200403289089284,15.398124025457292,15.267507253889855,13.770986619013994,14.546468866437609,15.648868200135764,1.0,1.0,1.0,1.0,1.0,1.0,1.0,1.0,1.0,1.0
143.5,3.0,0.0,0.0,0.0,0.0,0.0,0.0,0.0,0.0,0.0,0.0,0.0,0.0,0.0,0.0,0.0,0.0,0.0,0.0,0.0,0.0
143.75,4.0,19.0096245837991,19.57273839304383,18.57230688552933,17.89958260786316,19.744744574816405,20.44744273863819,22.208534019607832,22.168762156460502,22.07634997174805,23.441366680575054,1.0,1.0,1.0,1.0,1.0,1.0,1.0,1.0,1.0,1.0
144.0,1.0,22.121647420629955,21.673222914888473,20.21883457150909,17.13334652634453,16.466440051329272,17.123858200740095,17.75593216827897,18.398039867754584,17.624438024270457,17.32404634488375,1.0,1.0,1.0,1.0,1.0,1.0,1.0,1.0,1.0,1.0
144.25,2.0,0.0,0.0,0.0,0.0,0.0,0.0,0.0,0.0,0.0,0.0,0.0,0.0,0.0,0.0,0.0,0.0,0.0,0.0,0.0,0.0
144.5,3.0,21.264415505503923,20.793783912477778,20.827619801111265,19.02867695715695,19.71358373590659,20.162769813545452,20.24513147806706,20.32804363749817,20.312521075111082,20.322096494518224,1.0,1.0,1.0,1.0,1.0,1.0,1.0,1.0,1.0,1.0
144.75,4.0,19.126485482534854,19.76309543074068,19.278941824828085,19.340901251763555,20.76030893491534,20.83619549008558,21.89723902844144,21.35384106281873,21.963837167046925,22.272400307900742,1.0,1.0,1.0,1.0,1.0,1.0,1.0,1.0,1.0,1.0
145.0,1.0,0.0,0.0,0.0,0.0,0.0,0.0,0.0,0.0,0.0,0.0,0.0,0.0,0.0,0.0,0.0,0.0,0.0,0.0,0.0,0.0
145.25,2.0,0.0,0.0,0.0,0.0,0.0,0.0,0.0,0.0,0.0,0.0,0.0,0.0,0.0,0.0,0.0,0.0,0.0,0.0,0.0,0.0
145.5,3.0,21.480971758244497,20.84301703700329,20.771538089887745,18.669700927644744,18.537712948459436,19.04908610065553,19.285575241411937,20.195442660780316,19.756993777565306,19.97277442613704,1.0,1.0,1.0,1.0,1.0,1.0,1.0,1.0,1.0,1.0
145.75,4.0,0.0,0.0,0.0,0.0,0.0,0.0,0.0,0.0,0.0,0.0,0.0,0.0,0.0,0.0,0.0,0.0,0.0,0.0,0.0,0.0
146.0,1.0,20.74769923429034,19.11142334057204,18.639000835463133,16.55422919351486,17.064914850423754,16.450081355889004,17.816818794784655,16.907276470966014,15.853466130331547,16.336789087692846,1.0,1.0,1.0,1.0,1.0,1.0,1.0,1.0,1.0,1.0
146.25,2.0,19.022006932769873,19.848463289330088,18.841258946117513,16.642962363985216,16.971498798947607,17.474102847025893,17.855911015424166,16.682405675317437,16.863617361478887,16.269147709798858,1.0,1.0,1.0,1.0,1.0,1.0,1.0,1.0,1.0,1.0
146.5,3.0,0.0,0.0,0.0,0.0,0.0,0.0,0.0,0.0,0.0,0.0,0.0,0.0,0.0,0.0,0.0,0.0,0.0,0.0,0.0,0.0
146.75,4.0,20.707680349422038,21.051136827099555,20.21535439091838,19.707685386986753,19.763170381174135,21.65756932168605,22.136281489885814,22.119026048000176,21.552719834111226,20.956624977415828,1.0,1.0,1.0,1.0,1.0,1.0,1.0,1.0,1.0,1.0
147.0,1.0,20.131257600196623,18.05517896998511,18.639878319221268,17.230902792957686,16.83097223197713,15.699367719533782,15.573570594516978,15.530041164362375,15.842307077622282,16.694188172471833,1.0,1.0,1.0,1.0,1.0,1.0,1.0,1.0,1.0,1.0
147.25,2.0,0.0,0.0,0.0,0.0,0.0,0.0,0.0,0.0,0.0,0.0,0.0,0.0,0.0,0.0,0.0,0.0,0.0,0.0,0.0,0.0
147.5,3.0,20.59744248286667,19.695915132401165,19.96017838063274,18.953787683929235,18.666195825657827,18.585143652826698,18.8331130120581,19.089746439442827,19.740002684140883,19.440369194363626,1.0,1.0,1.0,1.0,1.0,1.0,1.0,1.0,1.0,1.0
147.75,4.0,21.21906643340161,20.841827574120696,20.424581730346116,19.976629783284984,20.61241930460426,21.634435886559057,21.94713417687823,21.67341651754465,20.350266610927644,19.57448949383046,1.0,1.0,1.0,1.0,1.0,1.0,1.0,1.0,1.0,1.0
148.0,1.0,0.0,0.0,0.0,0.0,0.0,0.0,0.0,0.0,0.0,0.0,0.0,0.0,0.0,0.0,0.0,0.0,0.0,0.0,0.0,0.0
148.25,2.0,20.933035171336076,20.76137349815127,19.05878708625705,17.300588987049377,16.8637699446537,17.23564248547555,18.298089499295944,17.545058684219082,18.36224478334294,18.11230476971392,1.0,1.0,1.0,1.0,1.0,1.0,1.0,1.0,1.0,1.0
148.5,3.0,0.0,0.0,0.0,0.0,0.0,0.0,0.0,0.0,0.0,0.0,0.0,0.0,0.0,0.0,0.0,0.0,0.0,0.0,0.0,0.0
148.75,4.0,0.0,0.0,0.0,0.0,0.0,0.0,0.0,0.0,0.0,0.0,0.0,0.0,0.0,0.0,0.0,0.0,0.0,0.0,0.0,0.0
149.0,1.0,20.118214845030252,18.7656204863889,18.644875564361296,17.31569142787386,15.652851092550993,15.584800886138707,16.303851933502905,16.756327820840507,16.969960099076427,18.483677485464014,1.0,1.0,1.0,1.0,1.0,1.0,1.0,1.0,1.0,1.0
149.25,2.0,20.084012384886286,18.5650569580425,17.266574755882225,16.486708962379492,16.759298632223523,18.431224814624986,19.110877062377437,18.806909654359558,18.497642171153874,18.738275265493726,1.0,1.0,1.0,1.0,1.0,1.0,1.0,1.0,1.0,1.0
149.5,3.0,20.167825900965404,19.12600565677373,20.379245280754525,18.250807633835667,19.542202409905727,19.656564995671566,20.576985359822373,20.318042717196853,20.213366920068392,20.07773838147592,1.0,1.0,1.0,1.0,1.0,1.0,1.0,1.0,1.0,1.0
149.75,4.0,21.06559395838172,19.53101554714682,19.80175810151635,21.425210490302465,20.418926994424034,19.478333004089563,18.701651661588183,19.335937016455095,18.781437316496678,18.961536646789483,1.0,1.0,1.0,1.0,1.0,1.0,1.0,1.0,1.0,1.0
150.0,1.0,19.881624297457225,18.34881865966123,19.21261048948066,17.729548892973067,15.844721245032906,16.559586009313968,16.447152991912855,17.14537348889392,17.457993414792156,17.74133377341803,1.0,1.0,1.0,1.0,1.0,1.0,1.0,1.0,1.0,1.0
150.25,2.0,0.0,0.0,0.0,0.0,0.0,0.0,0.0,0.0,0.0,0.0,0.0,0.0,0.0,0.0,0.0,0.0,0.0,0.0,0.0,0.0
150.5,3.0,20.10592448814267,19.425362987923556,20.49011647234062,18.964582444055374,20.816370720530006,20.260029854240447,19.870638193805537,19.98828360750599,19.326566285006766,19.78049791084096,1.0,1.0,1.0,1.0,1.0,1.0,1.0,1.0,1.0,1.0
150.75,4.0,18.912353592978526,18.668311112147162,20.090902756840762,20.467390527144147,17.955387050875327,18.733082481820258,18.126611367003726,18.36026881286002,17.56884105512021,18.318853527209797,1.0,1.0,1.0,1.0,1.0,1.0,1.0,1.0,1.0,1.0
151.0,1.0,20.270227269731866,18.641266083532155,18.829169523615608,17.740397929066308,16.192864143739406,16.28155812606118,16.669362520717428,16.152581404880735,15.08934966823827,16.1002782609424,1.0,1.0,1.0,1.0,1.0,1.0,1.0,1.0,1.0,1.0
151.25,2.0,17.644044990333164,16.736653798486866,15.77769503996976,16.380770923657135,18.546327342765,19.126345277272296,19.749820937625525,18.941054047741456,17.54790392713097,16.64316214151554,1.0,1.0,1.0,1.0,1.0,1.0,1.0,1.0,1.0,1.0
151.5,3.0,0.0,0.0,0.0,0.0,0.0,0.0,0.0,0.0,0.0,0.0,0.0,0.0,0.0,0.0,0.0,0.0,0.0,0.0,0.0,0.0
151.75,4.0,19.466008099143494,19.046244464532567,20.29713967493225,19.825192142264218,18.315828646654122,18.4368671278247,17.931403143319695,18.227109137757434,18.62422202565649,19.502799942758834,1.0,1.0,1.0,1.0,1.0,1.0,1.0,1.0,1.0,1.0
152.0,1.0,19.860549205795266,18.311962636482896,18.339511007054536,18.090096697279677,17.54599971237932,16.470926994361143,16.454389535822425,15.303919258413465,14.836765540286157,16.385279488121036,1.0,1.0,1.0,1.0,1.0,1.0,1.0,1.0,1.0,1.0
152.25,2.0,0.0,0.0,0.0,0.0,0.0,0.0,0.0,0.0,0.0,0.0,0.0,0.0,0.0,0.0,0.0,0.0,0.0,0.0,0.0,0.0
152.5,3.0,19.52473619429636,19.293149597711597,19.721325327192943,18.51698138422706,19.585346451239317,18.34449657432957,18.100225991115348,18.885996358263743,18.932914646359787,19.506692310864963,1.0,1.0,1.0,1.0,1.0,1.0,1.0,1.0,1.0,1.0
152.75,4.0,20.470856744112634,19.65082390143271,20.198020585157803,19.842197480694313,18.495184066783782,18.591140285477202,18.825703672028272,19.772788738934825,19.422258974461485,19.133073636319395,1.0,1.0,1.0,1.0,1.0,1.0,1.0,1.0,1.0,1.0
153.0,1.0,0.0,0.0,0.0,0.0,0.0,0.0,0.0,0.0,0.0,0.0,0.0,0.0,0.0,0.0,0.0,0.0,0.0,0.0,0.0,0.0
153.25,2.0,0.0,0.0,0.0,0.0,0.0,0.0,0.0,0.0,0.0,0.0,0.0,0.0,0.0,0.0,0.0,0.0,0.0,0.0,0.0,0.0
153.5,3.0,19.17344488862763,18.434444978436243,18.35068154276559,17.344974315337282,18.79039826484484,18.36149732948015,18.395810868355646,19.90224538356582,19.244210147039713,20.197252059300585,1.0,1.0,1.0,1.0,1.0,1.0,1.0,1.0,1.0,1.0
153.75,4.0,0.0,0.0,0.0,0.0,0.0,0.0,0.0,0.0,0.0,0.0,0.0,0.0,0.0,0.0,0.0,0.0,0.0,0.0,0.0,0.0
154.0,1.0,18.105794230528737,18.79742568014,18.422167103433008,17.140044106851576,15.632627767425937,15.502367085735386,16.442196165890195,17.578591811092345,16.488204544376604,17.367126814041765,1.0,1.0,1.0,1.0,1.0,1.0,1.0,1.0,1.0,1.0
154.25,2.0,15.666437146586224,17.050064057068187,17.91563890028317,18.603660997411176,18.44753938334177,17.680793821532646,16.84286845128121,15.244433928331024,15.130417507829709,13.727318726715213,1.0,1.0,1.0,1.0,1.0,1.0,1.0,1.0,1.0,1.0
154.5,3.0,0.0,0.0,0.0,0.0,0.0,0.0,0.0,0.0,0.0,0.0,0.0,0.0,0.0,0.0,0.0,0.0,0.0,0.0,0.0,0.0
154.75,4.0,20.700295836318283,20.032757075820527,20.62222216277174,20.054447202984182,19.062296819541416,19.053341196692923,19.417186679533007,20.246830510111977,19.10941179699735,19.073030266988336,1.0,1.0,1.0,1.0,1.0,1.0,1.0,1.0,1.0,1.0
155.0,1.0,19.39254120347828,18.581192090623155,17.708329398358167,17.628459570263054,16.859105518701114,17.572372154741526,17.187101418611896,16.56873035215538,15.644280506777312,16.077934170718283,1.0,1.0,1.0,1.0,1.0,1.0,1.0,1.0,1.0,1.0
155.25,2.0,0.0,0.0,0.0,0.0,0.0,0.0,0.0,0.0,0.0,0.0,0.0,0.0,0.0,0.0,0.0,0.0,0.0,0.0,0.0,0.0
155.5,3.0,18.52510586564474,17.128155472308276,17.591799267837594,16.49269857317952,18.238356892333286,18.152960224392476,17.639417295021634,18.674627660609286,18.32203117913902,18.619571375916163,1.0,1.0,1.0,1.0,1.0,1.0,1.0,1.0,1.0,1.0
155.75,4.0,20.46720893457627,19.602936137971756,18.756647505863466,19.264458342218692,18.882140973000425,18.854682041447578,18.70154597073622,19.710065264487525,19.341992911479842,19.620565241956584,1.0,1.0,1.0,1.0,1.0,1.0,1.0,1.0,1.0,1.0
156.0,1.0,0.0,0.0,0.0,0.0,0.0,0.0,0.0,0.0,0.0,0.0,0.0,0.0,0.0,0.0,0.0,0.0,0.0,0.0,0.0,0.0
156.25,2.0,16.564855879859987,18.16912656049016,18.455360456871784,18.729910108153046,17.950490600088408,18.132912446550502,17.104933825146162,15.454617312928507,13.768771942604493,13.909160632031465,1.0,1.0,1.0,1.0,1.0,1.0,1.0,1.0,1.0,1.0
156.5,3.0,0.0,0.0,0.0,0.0,0.0,0.0,0.0,0.0,0.0,0.0,0.0,0.0,0.0,0.0,0.0,0.0,0.0,0.0,0.0,0.0
156.75,4.0,0.0,0.0,0.0,0.0,0.0,0.0,0.0,0.0,0.0,0.0,0.0,0.0,0.0,0.0,0.0,0.0,0.0,0.0,0.0,0.0
157.0,1.0,19.580037235170245,19.03866642451448,19.86538634079494,18.74966093405266,18.372537464976713,17.77066053779738,17.727469824480906,17.124560873859757,15.28147135832502,16.916378923552628,1.0,1.0,1.0,1.0,1.0,1.0,1.0,1.0,1.0,1.0
157.25,2.0,17.590211217676902,18.41117916800067,18.292643200014776,18.19054085979708,16.87433429493732,17.795193982985122,16.52617555134392,15.926094176958415,14.482436991874,14.490411951535048,1.0,1.0,1.0,1.0,1.0,1.0,1.0,1.0,1.0,1.0
157.5,3.0,16.58539907330402,15.361535430709807,15.778313039778501,16.851371109368596,18.263546165432686,18.53668568382526,18.829718261578066,19.623667008014092,19.921321097453497,19.817881734153225,1.0,1.0,1.0,1.0,1.0,1.0,1.0,1.0,1.0,1.0
157.75,4.0,19.652532956216128,17.339688854844415,16.232274123949015,17.531937220607954,17.58545541088854,17.707299422585418,17.307164709530642,17.337631981324495,17.148360902513456,17.866851255605603,1.0,1.0,1.0,1.0,1.0,1.0,1.0,1.0,1.0,1.0
158.0,1.0,20.55765416106618,19.909255118097185,19.84026392827055,19.154042688306614,19.060910731369614,18.647107053706893,18.385693183736823,17.426558243733194,16.062594783238726,17.97243223549778,1.0,1.0,1.0,1.0,1.0,1.0,1.0,1.0,1.0,1.0
158.25,2.0,0.0,0.0,0.0,0.0,0.0,0.0,0.0,0.0,0.0,0.0,0.0,0.0,0.0,0.0,0.0,0.0,0.0,0.0,0.0,0.0
158.5,3.0,17.74639006368537,16.231435189764888,17.223346940209414,17.454017402923473,17.469276795538942,18.572945489200347,18.614974444526222,19.598930606775067,19.467961787385082,19.448431617020564,1.0,1.0,1.0,1.0,1.0,1.0,1.0,1.0,1.0,1.0
158.75,4.0,18.09357536754763,17.37851653400124,16.616178326629583,17.65660502637708,17.19100424573257,16.74281390896394,16.16914475562702,16.298868902179077,17.172848684238556,18.08727082828947,1.0,1.0,1.0,1.0,1.0,1.0,1.0,1.0,1.0,1.0
159.0,1.0,20.690831035811996,20.075838534149597,19.366621930345985,19.57134133261221,19.07311425071672,18.05672243103642,18.30011126383684,18.21535007571459,17.67121649820702,18.489830470087846,1.0,1.0,1.0,1.0,1.0,1.0,1.0,1.0,1.0,1.0
159.25,2.0,18.662523756599285,17.37425980413808,17.332519493972338,17.639770288603213,16.15173435183378,16.68719599169494,16.67584045023334,15.987897119237132,15.329644544317816,15.341264918234842,1.0,1.0,1.0,1.0,1.0,1.0,1.0,1.0,1.0,1.0
159.5,3.0,0.0,0.0,0.0,0.0,0.0,0.0,0.0,0.0,0.0,0.0,0.0,0.0,0.0,0.0,0.0,0.0,0.0,0.0,0.0,0.0
159.75,4.0,18.292913417486584,18.681148143097605,17.032623498858996,17.095863816695484,16.660276162341557,16.917068639783068,16.519664356450882,17.366886691442577,17.121931268920154,18.52824633770703,1.0,1.0,1.0,1.0,1.0,1.0,1.0,1.0,1.0,1.0
160.0,1.0,20.476709064735903,19.603189280873643,19.956543126990972,19.419569090906545,17.72805233748953,17.53186326323797,18.0845811485486,18.504716663770058,17.960824830111815,19.331603201357073,1.0,1.0,1.0,1.0,1.0,1.0,1.0,1.0,1.0,1.0
160.25,2.0,0.0,0.0,0.0,0.0,0.0,0.0,0.0,0.0,0.0,0.0,0.0,0.0,0.0,0.0,0.0,0.0,0.0,0.0,0.0,0.0
160.5,3.0,16.5462354871516,17.085354469805615,18.706500625006502,18.21119149894211,17.846263690741555,18.28847818550709,17.373910678070004,18.274808158798802,17.615043962159817,17.99641119413897,1.0,1.0,1.0,1.0,1.0,1.0,1.0,1.0,1.0,1.0
160.75,4.0,18.3729291473597,18.010002227561994,17.297932211316,17.79779623995784,16.950706870046943,16.955673747318873,16.646992372478504,17.915743385043857,19.104462836271694,20.08444538263951,1.0,1.0,1.0,1.0,1.0,1.0,1.0,1.0,1.0,1.0
161.0,1.0,0.0,0.0,0.0,0.0,0.0,0.0,0.0,0.0,0.0,0.0,0.0,0.0,0.0,0.0,0.0,0.0,0.0,0.0,0.0,0.0
161.25,2.0,16.3798143376391,15.623334946443421,17.005398027091232,17.41361827686648,15.838539365902228,16.272703900542414,15.91367125530425,15.402319786076207,14.937815491954149,15.517662352710271,1.0,1.0,1.0,1.0,1.0,1.0,1.0,1.0,1.0,1.0
161.5,3.0,16.98756510688782,18.652844824335745,18.82609404925243,17.99994543226197,18.133104422540683,18.144696004987914,18.32823502154437,18.45459821893269,18.085503574717578,17.705069888469414,1.0,1.0,1.0,1.0,1.0,1.0,1.0,1.0,1.0,1.0
161.75,4.0,0.0,0.0,0.0,0.0,0.0,0.0,0.0,0.0,0.0,0.0,0.0,0.0,0.0,0.0,0.0,0.0,0.0,0.0,0.0,0.0
162.0,1.0,20.237190425225773,20.007047196599416,19.644152970170143,18.279106229030422,19.548351721846156,18.026372008839378,18.429614540375685,19.007662041135628,19.057682284145532,20.221807163208766,1.0,1.0,1.0,1.0,1.0,1.0,1.0,1.0,1.0,1.0
162.25,2.0,16.50287811196555,15.680557924588998,16.84255189930054,18.40896511363985,15.707765544110266,15.521670573628183,14.869512924815528,14.087765914987083,14.204663391426259,15.44622976410813,1.0,1.0,1.0,1.0,1.0,1.0,1.0,1.0,1.0,1.0
162.5,3.0,0.0,0.0,0.0,0.0,0.0,0.0,0.0,0.0,0.0,0.0,0.0,0.0,0.0,0.0,0.0,0.0,0.0,0.0,0.0,0.0
162.75,4.0,18.177585556873233,18.033287776917106,16.948808678685264,16.83401861460303,17.553067971529902,18.30348777636109,18.385156998720614,18.522414477448294,18.313632037875276,18.583960745499894,1.0,1.0,1.0,1.0,1.0,1.0,1.0,1.0,1.0,1.0
163.0,1.0,19.740947861467045,19.275509963451928,19.098358670989416,17.48054853386362,19.17203479245584,18.12332992291222,18.84465027614746,19.5651823909069,19.691072659789192,19.868994910833827,1.0,1.0,1.0,1.0,1.0,1.0,1.0,1.0,1.0,1.0
163.25,2.0,0.0,0.0,0.0,0.0,0.0,0.0,0.0,0.0,0.0,0.0,0.0,0.0,0.0,0.0,0.0,0.0,0.0,0.0,0.0,0.0
163.5,3.0,17.586790966311604,18.129748591205505,17.187311971160796,17.869421862238582,18.293565385271325,17.848089227321555,16.819530113999956,17.307830180971973,15.919132417564429,15.573245661442431,1.0,1.0,1.0,1.0,1.0,1.0,1.0,1.0,1.0,1.0
163.75,4.0,17.547072388928708,18.184833835757363,16.73602893827355,16.724734572509828,18.90243633128701,18.787768480592995,18.798313747504633,18.309932209641516,18.607410383430157,18.50237490407288,1.0,1.0,1.0,1.0,1.0,1.0,1.0,1.0,1.0,1.0
164.0,1.0,20.218121552057358,18.770971969350427,18.90895309587161,17.6563740187597,18.98419010129679,17.947011371614696,18.610226112158887,19.126971302975058,18.604473486821398,19.911864574082955,1.0,1.0,1.0,1.0,1.0,1.0,1.0,1.0,1.0,1.0
164.25,2.0,17.971519124347655,18.36356399564781,18.930091858797855,18.656133572725714,14.991642147467894,15.363263440801077,15.207014197076802,15.162131546410805,15.336823263355424,15.16620278801652,1.0,1.0,1.0,1.0,1.0,1.0,1.0,1.0,1.0,1.0
164.5,3.0,0.0,0.0,0.0,0.0,0.0,0.0,0.0,0.0,0.0,0.0,0.0,0.0,0.0,0.0,0.0,0.0,0.0,0.0,0.0,0.0
164.75,4.0,19.0006764670704,18.678327231961646,18.024729450482752,17.990021770491257,19.39377884181865,19.08102166830089,19.054792918378926,18.7889412146634,19.342775434573962,18.681529151220452,1.0,1.0,1.0,1.0,1.0,1.0,1.0,1.0,1.0,1.0
165.0,1.0,19.594913391154897,19.62948141325814,19.17392648720381,18.636729170653503,19.51200951627389,18.49562350754551,19.028147011328603,20.35819637664327,20.381338118365008,21.885262695660266,1.0,1.0,1.0,1.0,1.0,1.0,1.0,1.0,1.0,1.0
165.25,2.0,19.18598277843202,19.18487929430144,18.259732905312095,17.677783907945827,15.206303519015332,15.775278985225738,15.860329226623564,14.697892862948072,13.452717107292159,14.033858601782876,1.0,1.0,1.0,1.0,1.0,1.0,1.0,1.0,1.0,1.0
165.5,3.0,18.092899802016724,17.977684585451968,18.558796800315193,18.725499653463018,17.359934736765872,16.964888596691413,15.808402819235404,16.27136101987949,15.399028460316668,15.780334023464016,1.0,1.0,1.0,1.0,1.0,1.0,1.0,1.0,1.0,1.0
165.75,4.0,18.46191204896141,18.55590192796962,18.59095874094909,19.10086754775405,18.65751394600415,17.967074974183944,18.701639986086942,18.938973276670346,19.482597647425067,19.05851901872004,1.0,1.0,1.0,1.0,1.0,1.0,1.0,1.0,1.0,1.0
166.0,1.0,0.0,0.0,0.0,0.0,0.0,0.0,0.0,0.0,0.0,0.0,0.0,0.0,0.0,0.0,0.0,0.0,0.0,0.0,0.0,0.0
166.25,2.0,0.0,0.0,0.0,0.0,0.0,0.0,0.0,0.0,0.0,0.0,0.0,0.0,0.0,0.0,0.0,0.0,0.0,0.0,0.0,0.0
166.5,3.0,17.6978303790009,17.545817143586603,17.231055365014278,18.208293196659557,16.595924025090753,15.343987025996045,14.962626119989475,14.588740512759482,14.356787349046852,14.711838437379857,1.0,1.0,1.0,1.0,1.0,1.0,1.0,1.0,1.0,1.0
166.75,4.0,0.0,0.0,0.0,0.0,0.0,0.0,0.0,0.0,0.0,0.0,0.0,0.0,0.0,0.0,0.0,0.0,0.0,0.0,0.0,0.0
167.0,1.0,20.33172454678215,20.47182446738661,19.02837454734529,19.7853424940311,20.21038343170317,20.70841737956818,21.292460743502613,22.234139499093644,22.514497786203048,22.375563298411414,1.0,1.0,1.0,1.0,1.0,1.0,1.0,1.0,1.0,1.0
167.25,2.0,20.309818450374003,19.787690735961256,19.063556368876334,17.375376691903305,13.820335457496357,14.297501506869146,13.846742849908859,14.251961928983416,13.829195767364403,14.30009931420081,1.0,1.0,1.0,1.0,1.0,1.0,1.0,1.0,1.0,1.0
167.5,3.0,0.0,0.0,0.0,0.0,0.0,0.0,0.0,0.0,0.0,0.0,0.0,0.0,0.0,0.0,0.0,0.0,0.0,0.0,0.0,0.0
167.75,4.0,19.51334410985359,18.95202702723109,18.93036712411385,17.96050794990234,19.053027633131695,18.684858217785,19.07075994425099,19.250449095820816,20.007846967794947,20.168100066241784,1.0,1.0,1.0,1.0,1.0,1.0,1.0,1.0,1.0,1.0
168.0,1.0,19.601922075007018,19.245759695185416,19.654147278917456,19.85655170628935,20.972699514343784,21.475936996032456,22.48928874433589,22.770988280706767,22.614703300273653,22.20373913728985,1.0,1.0,1.0,1.0,1.0,1.0,1.0,1.0,1.0,1.0
168.25,2.0,0.0,0.0,0.0,0.0,0.0,0.0,0.0,0.0,0.0,0.0,0.0,0.0,0.0,0.0,0.0,0.0,0.0,0.0,0.0,0.0
168.5,3.0,18.234420680841765,17.83061391624028,16.22941643856363,15.914349579118236,15.449188924601758,15.216745696249374,15.806831724587965,15.383588212617386,15.284139917936523,14.934376554279126,1.0,1.0,1.0,1.0,1.0,1.0,1.0,1.0,1.0,1.0
168.75,4.0,19.011897898625914,19.089598626700823,19.224529467786617,18.77183006298401,19.109700597396785,19.17161046852829,18.989504961130617,19.992942054858652,20.035114137286328,20.060264666250447,1.0,1.0,1.0,1.0,1.0,1.0,1.0,1.0,1.0,1.0
169.0,1.0,0.0,0.0,0.0,0.0,0.0,0.0,0.0,0.0,0.0,0.0,0.0,0.0,0.0,0.0,0.0,0.0,0.0,0.0,0.0,0.0
169.25,2.0,19.106128542770854,17.711138774958496,15.988940499087208,14.126323840805476,12.507128830138688,14.636302051889553,15.310648753261527,15.570715652713725,15.171646060557219,15.061055775448503,1.0,1.0,1.0,1.0,1.0,1.0,1.0,1.0,1.0,1.0
169.5,3.0,0.0,0.0,0.0,0.0,0.0,0.0,0.0,0.0,0.0,0.0,0.0,0.0,0.0,0.0,0.0,0.0,0.0,0.0,0.0,0.0
169.75,4.0,0.0,0.0,0.0,0.0,0.0,0.0,0.0,0.0,0.0,0.0,0.0,0.0,0.0,0.0,0.0,0.0,0.0,0.0,0.0,0.0
170.0,1.0,20.042247027729896,20.363603701284596,20.208629695856853,19.637661304438968,18.829781037560213,19.015296317225967,19.566271370744303,19.419214047219114,19.159340658339442,20.32454594359144,1.0,1.0,1.0,1.0,1.0,1.0,1.0,1.0,1.0,1.0
170.25,2.0,17.842675744966527,16.25236398608861,14.060836370860994,12.859655848273302,14.329581519510954,14.956210704644452,14.096024856643796,13.982357594300423,13.75451894405801,14.802639799915138,1.0,1.0,1.0,1.0,1.0,1.0,1.0,1.0,1.0,1.0
170.5,3.0,0.0,0.0,0.0,0.0,0.0,0.0,0.0,0.0,0.0,0.0,0.0,0.0,0.0,0.0,0.0,0.0,0.0,0.0,0.0,0.0
170.75,4.0,19.50873819333897,18.33151317931505,18.776484195310843,19.006895880035888,20.113853388956972,19.9068900552119,19.252771477361474,18.878814931817093,18.666206728813663,18.778601262246056,1.0,1.0,1.0,1.0,1.0,1.0,1.0,1.0,1.0,1.0
171.0,1.0,20.015422389533942,20.38979644794125,19.523723925919374,18.079443116268877,18.35264463094473,18.609064294360987,19.348717510910298,19.944341462816784,19.933037691727,20.998782558863923,1.0,1.0,1.0,1.0,1.0,1.0,1.0,1.0,1.0,1.0
171.25,2.0,0.0,0.0,0.0,0.0,0.0,0.0,0.0,0.0,0.0,0.0,0.0,0.0,0.0,0.0,0.0,0.0,0.0,0.0,0.0,0.0
171.5,3.0,18.482377727311167,17.812064425205072,16.86813269946217,16.634835055715655,15.581082954778271,14.873890736648528,13.324235199504217,13.753383802179712,13.258672370830757,12.772514817691558,1.0,1.0,1.0,1.0,1.0,1.0,1.0,1.0,1.0,1.0
171.75,4.0,17.74410013500725,17.36629820882458,19.0914279157371,19.021101689288763,20.730297939501014,20.447155750625964,19.162475256515084,18.71218973921229,18.41473036284116,18.067906270200403,1.0,1.0,1.0,1.0,1.0,1.0,1.0,1.0,1.0,1.0
172.0,1.0,18.63908399976313,20.191460973702227,18.438026956132266,18.02854328293072,18.8268944722121,19.864475615772168,20.85342431713408,20.98774871952918,20.59363758596702,21.33244711760899,1.0,1.0,1.0,1.0,1.0,1.0,1.0,1.0,1.0,1.0
172.25,2.0,16.727897474729513,13.99485578058399,14.64512856770583,13.840404771138605,13.236204408563959,14.037418721968969,13.730227379801283,15.030202668849206,15.210341021696598,16.167246185814342,1.0,1.0,1.0,1.0,1.0,1.0,1.0,1.0,1.0,1.0
172.5,3.0,0.0,0.0,0.0,0.0,0.0,0.0,0.0,0.0,0.0,0.0,0.0,0.0,0.0,0.0,0.0,0.0,0.0,0.0,0.0,0.0
172.75,4.0,16.935939206473385,18.531879367953444,19.171042554613397,18.868838111215563,19.95005617072047,19.285840324816494,18.493106009995678,17.99722355060445,17.45579317780828,17.243207095141173,1.0,1.0,1.0,1.0,1.0,1.0,1.0,1.0,1.0,1.0
173.0,1.0,18.028924326704647,19.926731591355487,18.190751392009595,18.82434202481395,19.695613742829813,20.309897187097583,20.950162247819108,21.339442068077297,21.14580405379743,21.46942124175598,1.0,1.0,1.0,1.0,1.0,1.0,1.0,1.0,1.0,1.0
173.25,2.0,16.239999351442552,13.850906776389548,13.577912185892707,12.39250806003854,13.19861719758981,14.155443833461456,13.11094665671865,14.698459606431804,15.23040121539814,16.86507697753517,1.0,1.0,1.0,1.0,1.0,1.0,1.0,1.0,1.0,1.0
173.5,3.0,17.67729910725575,16.056925164351533,14.407547951335985,16.114704555880266,15.897318722974662,13.713253008851956,12.226141323167418,11.200189360552056,10.284169082075284,10.56913545103039,1.0,1.0,1.0,1.0,1.0,1.0,1.0,1.0,1.0,1.0
173.75,4.0,17.95928238080314,18.483402609918404,18.732015737324133,18.859324511128936,19.553929744060767,18.308377819873176,17.15442617967668,16.352600446581334,16.698271385711035,16.766471026624068,1.0,1.0,1.0,1.0,1.0,1.0,1.0,1.0,1.0,1.0
174.0,1.0,0.0,0.0,0.0,0.0,0.0,0.0,0.0,0.0,0.0,0.0,0.0,0.0,0.0,0.0,0.0,0.0,0.0,0.0,0.0,0.0
174.25,2.0,0.0,0.0,0.0,0.0,0.0,0.0,0.0,0.0,0.0,0.0,0.0,0.0,0.0,0.0,0.0,0.0,0.0,0.0,0.0,0.0
174.5,3.0,15.707525897713046,14.174938138225645,15.010819805075887,15.326152849451585,13.7585147112988,12.505542964683006,11.434472110791045,10.89415616019538,10.606428576158791,11.978267930302032,1.0,1.0,1.0,1.0,1.0,1.0,1.0,1.0,1.0,1.0
174.75,4.0,0.0,0.0,0.0,0.0,0.0,0.0,0.0,0.0,0.0,0.0,0.0,0.0,0.0,0.0,0.0,0.0,0.0,0.0,0.0,0.0
175.0,1.0,17.959130367963247,19.00692053983646,19.630387761163977,19.33286304735886,17.450344708191327,18.04589666205637,19.24924724096081,19.77227012557271,19.55785660665598,20.049161705476482,1.0,1.0,1.0,1.0,1.0,1.0,1.0,1.0,1.0,1.0
175.25,2.0,16.059920847123458,15.306439855624607,14.559014407965272,13.40048498885174,14.339044923263398,15.31798727429688,15.859861561104745,15.783549858514103,16.392255314942688,16.575411657036803,1.0,1.0,1.0,1.0,1.0,1.0,1.0,1.0,1.0,1.0
175.5,3.0,0.0,0.0,0.0,0.0,0.0,0.0,0.0,0.0,0.0,0.0,0.0,0.0,0.0,0.0,0.0,0.0,0.0,0.0,0.0,0.0
175.75,4.0,16.974681894658328,18.121329876074913,18.79232423212414,18.39083911879207,17.13123195410558,15.268209753867598,15.096449174295563,14.973857084000544,15.615516889328395,15.622822150602538,1.0,1.0,1.0,1.0,1.0,1.0,1.0,1.0,1.0,1.0
176.0,1.0,18.308092133732856,17.901797647874126,17.880194835445725,18.72993229370676,17.13382245514082,18.412160043184645,18.80631009394349,19.063549250311866,19.298588365682424,20.373203288345074,1.0,1.0,1.0,1.0,1.0,1.0,1.0,1.0,1.0,1.0
176.25,2.0,0.0,0.0,0.0,0.0,0.0,0.0,0.0,0.0,0.0,0.0,0.0,0.0,0.0,0.0,0.0,0.0,0.0,0.0,0.0,0.0
176.5,3.0,13.5708795232418,13.933885397534446,13.416841623354843,12.687725951381813,9.55668081624351,9.774518525911738,9.944057750018652,10.33423509450583,11.789615138528402,11.4810827680361,1.0,1.0,1.0,1.0,1.0,1.0,1.0,1.0,1.0,1.0
176.75,4.0,16.688092715065075,16.903904125024813,16.35195815983815,15.76426609464861,15.36621070351651,14.436352833940363,14.81782268062899,15.202811530087807,14.763948856231874,15.394098473559037,1.0,1.0,1.0,1.0,1.0,1.0,1.0,1.0,1.0,1.0
177.0,1.0,0.0,0.0,0.0,0.0,0.0,0.0,0.0,0.0,0.0,0.0,0.0,0.0,0.0,0.0,0.0,0.0,0.0,0.0,0.0,0.0
177.25,2.0,14.78967961961257,15.014435148865282,15.00972058568284,14.254965781669561,15.658471339709502,14.808324731228769,14.682750133785484,16.361242357792783,16.72682148748091,17.347908327746207,1.0,1.0,1.0,1.0,1.0,1.0,1.0,1.0,1.0,1.0
177.5,3.0,0.0,0.0,0.0,0.0,0.0,0.0,0.0,0.0,0.0,0.0,0.0,0.0,0.0,0.0,0.0,0.0,0.0,0.0,0.0,0.0
177.75,4.0,0.0,0.0,0.0,0.0,0.0,0.0,0.0,0.0,0.0,0.0,0.0,0.0,0.0,0.0,0.0,0.0,0.0,0.0,0.0,0.0
178.0,1.0,16.55616753953203,18.565200771929792,18.56535527618349,19.067012597177612,18.001835788084076,18.693239220092398,18.24995234646583,18.154333323180396,18.91090733235073,18.91902708532567,1.0,1.0,1.0,1.0,1.0,1.0,1.0,1.0,1.0,1.0
178.25,2.0,14.804794455612226,15.03098014197104,14.855149453474732,14.582783598761923,14.294403568654754,14.60520425031913,14.990774122294352,16.766912767681575,16.935394828042327,16.75989314619253,1.0,1.0,1.0,1.0,1.0,1.0,1.0,1.0,1.0,1.0
178.5,3.0,0.0,0.0,0.0,0.0,0.0,0.0,0.0,0.0,0.0,0.0,0.0,0.0,0.0,0.0,0.0,0.0,0.0,0.0,0.0,0.0
178.75,4.0,15.11890956550052,13.577230579419442,11.41435954357872,12.778508251324618,13.803458048358761,14.091251886923475,14.250216104885427,13.35699905826748,12.563450046652218,12.385975848419928,1.0,1.0,1.0,1.0,1.0,1.0,1.0,1.0,1.0,1.0
179.0,1.0,16.914662792286844,19.19916492142673,18.036172712130252,18.65414391526475,18.036348297095966,18.281405981342278,18.418002048770624,19.17323958735839,19.413260047269503,19.03511429105446,1.0,1.0,1.0,1.0,1.0,1.0,1.0,1.0,1.0,1.0
179.25,2.0,0.0,0.0,0.0,0.0,0.0,0.0,0.0,0.0,0.0,0.0,0.0,0.0,0.0,0.0,0.0,0.0,0.0,0.0,0.0,0.0
179.5,3.0,13.638001828489893,13.12046218718051,11.59037049103207,10.280198095448178,11.897521783901096,12.251205596144045,11.816602559406713,11.314158369772294,12.278398882664838,11.394275530187961,1.0,1.0,1.0,1.0,1.0,1.0,1.0,1.0,1.0,1.0
179.75,4.0,12.870787610766616,11.589176326804964,11.03859442828788,12.030985536484575,13.663832728547959,13.535295418144596,13.834975915020706,14.177227151093708,13.546122713777489,13.62522344970196,1.0,1.0,1.0,1.0,1.0,1.0,1.0,1.0,1.0,1.0
180.0,1.0,17.391313028897585,18.070691910661683,17.552857071449907,17.678824985387003,17.57804941036696,18.169545388242703,18.420561104971945,17.494533530812223,18.16486732595065,17.239919744094742,1.0,1.0,1.0,1.0,1.0,1.0,1.0,1.0,1.0,1.0
180.25,2.0,14.593994886288053,13.917530995877097,13.907867004664903,13.104023011892744,14.78983901593576,15.940534515639166,16.367036920336766,18.08192841338639,17.066161560502252,16.527278112232455,1.0,1.0,1.0,1.0,1.0,1.0,1.0,1.0,1.0,1.0
180.5,3.0,0.0,0.0,0.0,0.0,0.0,0.0,0.0,0.0,0.0,0.0,0.0,0.0,0.0,0.0,0.0,0.0,0.0,0.0,0.0,0.0
180.75,4.0,12.183840640655431,11.66432961082328,10.714164477398217,12.16522523648662,13.339388009714417,14.17416128885572,14.457781674238353,14.649608479490816,14.215180536873685,14.15351590944426,1.0,1.0,1.0,1.0,1.0,1.0,1.0,1.0,1.0,1.0
181.0,1.0,17.338505191083602,17.888159769976628,17.415965917613516,18.139276853343482,17.604935702847175,17.558999555479808,17.50648492437799,16.462118735869034,16.841845812229863,16.278522786583178,1.0,1.0,1.0,1.0,1.0,1.0,1.0,1.0,1.0,1.0
181.25,2.0,0.0,0.0,0.0,0.0,0.0,0.0,0.0,0.0,0.0,0.0,0.0,0.0,0.0,0.0,0.0,0.0,0.0,0.0,0.0,0.0
181.5,3.0,12.350527696938794,11.674605677669465,11.995599201557123,11.364456994287858,12.979069134936216,14.225526526133736,13.7252844570356,12.76187496504217,12.41122714971237,11.232225100368842,1.0,1.0,1.0,1.0,1.0,1.0,1.0,1.0,1.0,1.0
181.75,4.0,11.517316839355134,11.858592209597417,11.831222254003967,13.273188539866629,13.388182599505212,14.487834383943207,14.561187255592015,14.142983449103344,14.561220500323097,15.342303814426879,1.0,1.0,1.0,1.0,1.0,1.0,1.0,1.0,1.0,1.0
182.0,1.0,0.0,0.0,0.0,0.0,0.0,0.0,0.0,0.0,0.0,0.0,0.0,0.0,0.0,0.0,0.0,0.0,0.0,0.0,0.0,0.0
182.25,2.0,0.0,0.0,0.0,0.0,0.0,0.0,0.0,0.0,0.0,0.0,0.0,0.0,0.0,0.0,0.0,0.0,0.0,0.0,0.0,0.0
182.5,3.0,11.777892161034115,10.669206937874272,11.329244993744046,12.420819889963537,13.530390287805547,13.929844730392338,14.008067591041476,13.080171449699652,12.206237553957818,10.757400553888074,1.0,1.0,1.0,1.0,1.0,1.0,1.0,1.0,1.0,1.0
182.75,4.0,0.0,0.0,0.0,0.0,0.0,0.0,0.0,0.0,0.0,0.0,0.0,0.0,0.0,0.0,0.0,0.0,0.0,0.0,0.0,0.0
183.0,1.0,17.722239216074065,17.49132051181546,17.07431058667776,17.108901424014206,16.983933893257237,17.33939201321863,16.900106255952583,15.84069163927121,16.20816092816933,15.54353446119079,1.0,1.0,1.0,1.0,1.0,1.0,1.0,1.0,1.0,1.0
183.25,2.0,13.14887232630116,14.110890727702856,14.0282958088418,15.26629122263987,16.049317513415716,16.13163146435648,15.137583482708107,15.520564320137446,14.824182020082391,13.932882771421635,1.0,1.0,1.0,1.0,1.0,1.0,1.0,1.0,1.0,1.0
183.5,3.0,0.0,0.0,0.0,0.0,0.0,0.0,0.0,0.0,0.0,0.0,0.0,0.0,0.0,0.0,0.0,0.0,0.0,0.0,0.0,0.0
183.75,4.0,12.627685591880462,12.56640160234978,10.738551309272413,13.727427889239417,14.088778372489143,15.824016365252989,15.13718004785452,14.551714527978415,15.079446706545626,14.512824687594765,1.0,1.0,1.0,1.0,1.0,1.0,1.0,1.0,1.0,1.0
184.0,1.0,16.637485611058118,16.592440832522026,16.739823346655825,16.826975539240237,17.034245096161666,17.22401354263803,16.602564607753116,15.22810511023528,16.210212336697115,15.648379315734843,1.0,1.0,1.0,1.0,1.0,1.0,1.0,1.0,1.0,1.0
184.25,2.0,0.0,0.0,0.0,0.0,0.0,0.0,0.0,0.0,0.0,0.0,0.0,0.0,0.0,0.0,0.0,0.0,0.0,0.0,0.0,0.0
184.5,3.0,9.765443242938112,9.877428614919866,11.540831459881282,13.326546069682184,12.57948272308757,12.144005923051692,11.89843989887101,11.239809469918894,12.07054211752691,12.157424279526085,1.0,1.0,1.0,1.0,1.0,1.0,1.0,1.0,1.0,1.0
184.75,4.0,12.399368559035846,12.328548711877348,11.317030562823355,13.84587159668959,14.663065074683765,16.308374485559465,15.601484902465161,15.586662101031134,14.922233073634562,14.26968448879623,1.0,1.0,1.0,1.0,1.0,1.0,1.0,1.0,1.0,1.0
185.0,1.0,0.0,0.0,0.0,0.0,0.0,0.0,0.0,0.0,0.0,0.0,0.0,0.0,0.0,0.0,0.0,0.0,0.0,0.0,0.0,0.0
185.25,2.0,14.253496308986108,13.389795799504986,13.578315239812131,15.708113419238053,14.935954085564157,14.272585754886828,14.354415530656375,13.519706739757327,13.918345985737261,13.123554955770354,1.0,1.0,1.0,1.0,1.0,1.0,1.0,1.0,1.0,1.0
185.5,3.0,0.0,0.0,0.0,0.0,0.0,0.0,0.0,0.0,0.0,0.0,0.0,0.0,0.0,0.0,0.0,0.0,0.0,0.0,0.0,0.0
185.75,4.0,0.0,0.0,0.0,0.0,0.0,0.0,0.0,0.0,0.0,0.0,0.0,0.0,0.0,0.0,0.0,0.0,0.0,0.0,0.0,0.0
186.0,1.0,15.343313645443647,15.942965418535385,16.631975566738426,15.882179270043407,15.078615438956696,15.580545299097288,15.222189113072742,16.338992097917096,16.577816238960065,16.535602910829333,1.0,1.0,1.0,1.0,1.0,1.0,1.0,1.0,1.0,1.0
186.25,2.0,12.567545911350251,12.794007059861075,14.115739971140258,16.422451616602398,15.08350351885449,14.28762931213879,14.845374098179457,13.461323875085894,14.0775608261429,13.002125985465938,1.0,1.0,1.0,1.0,1.0,1.0,1.0,1.0,1.0,1.0
186.5,3.0,0.0,0.0,0.0,0.0,0.0,0.0,0.0,0.0,0.0,0.0,0.0,0.0,0.0,0.0,0.0,0.0,0.0,0.0,0.0,0.0
186.75,4.0,13.982460937990721,13.24514821658509,13.86915522047478,17.27397997052497,15.964614653648313,15.293180814626373,14.622158309220833,14.44875213752845,14.131918802475136,13.703502383615346,1.0,1.0,1.0,1.0,1.0,1.0,1.0,1.0,1.0,1.0
187.0,1.0,15.442048439518691,16.448302951243246,14.88072714509525,14.215092615879787,13.392135080535313,15.082879712728756,15.704361534688413,16.85876024200393,16.523571281925634,16.4664563383833,1.0,1.0,1.0,1.0,1.0,1.0,1.0,1.0,1.0,1.0
187.25,2.0,0.0,0.0,0.0,0.0,0.0,0.0,0.0,0.0,0.0,0.0,0.0,0.0,0.0,0.0,0.0,0.0,0.0,0.0,0.0,0.0
187.5,3.0,11.569173049480534,11.666024488281712,11.955780216662967,13.465560625778455,13.1505752724796,13.435356214732765,13.663293455931154,14.04780718781718,13.831919532813801,13.624261603820564,1.0,1.0,1.0,1.0,1.0,1.0,1.0,1.0,1.0,1.0
187.75,4.0,14.11594232123733,13.83256473338878,13.67538240041431,15.77303461010934,15.584264946877143,14.87033018468882,14.294659589382576,13.54770584824849,13.949984551690688,13.799924328791583,1.0,1.0,1.0,1.0,1.0,1.0,1.0,1.0,1.0,1.0
188.0,1.0,15.086129382767833,15.560972766821157,14.217944805493495,14.87327169163629,14.547654443885214,15.073153652613707,16.441606589341728,16.326336892410325,16.750618331920897,16.63961416620944,1.0,1.0,1.0,1.0,1.0,1.0,1.0,1.0,1.0,1.0
188.25,2.0,11.231782175971452,13.657431200287787,14.11748028791649,14.063445390083299,13.534912723997802,13.258364151299146,13.311357738901362,12.862985198885553,12.5794130717741,12.116240582939247,1.0,1.0,1.0,1.0,1.0,1.0,1.0,1.0,1.0,1.0
188.5,3.0,0.0,0.0,0.0,0.0,0.0,0.0,0.0,0.0,0.0,0.0,0.0,0.0,0.0,0.0,0.0,0.0,0.0,0.0,0.0,0.0
188.75,4.0,15.01216262653324,15.00825292515054,14.10191384624274,15.66128631418984,14.897824610294991,14.015712233826877,13.450321255059192,13.287384820253644,14.520882812787823,14.484157916696738,1.0,1.0,1.0,1.0,1.0,1.0,1.0,1.0,1.0,1.0
189.0,1.0,14.444692573415658,14.447561382236543,14.603036414101332,14.185159981176009,14.667615244333428,15.572950853727292,15.720957602980414,15.807732282073877,16.49677844187174,15.918029035707045,1.0,1.0,1.0,1.0,1.0,1.0,1.0,1.0,1.0,1.0
189.25,2.0,0.0,0.0,0.0,0.0,0.0,0.0,0.0,0.0,0.0,0.0,0.0,0.0,0.0,0.0,0.0,0.0,0.0,0.0,0.0,0.0
189.5,3.0,10.9074305024776,13.36095273998009,13.783172781630153,14.35695146960979,14.226308669553205,13.768667864096823,14.326084750214154,14.784758266988423,14.223370458925386,14.148836038699194,1.0,1.0,1.0,1.0,1.0,1.0,1.0,1.0,1.0,1.0
189.75,4.0,15.748302657384844,15.537023911556478,14.389512941056578,15.898069356099693,15.097756105639885,15.234813169060862,14.8528419380032,14.600135742848916,15.188453852864455,15.887400615809263,1.0,1.0,1.0,1.0,1.0,1.0,1.0,1.0,1.0,1.0
190.0,1.0,0.0,0.0,0.0,0.0,0.0,0.0,0.0,0.0,0.0,0.0,0.0,0.0,0.0,0.0,0.0,0.0,0.0,0.0,0.0,0.0
190.25,2.0,0.0,0.0,0.0,0.0,0.0,0.0,0.0,0.0,0.0,0.0,0.0,0.0,0.0,0.0,0.0,0.0,0.0,0.0,0.0,0.0
190.5,3.0,12.693624065475756,14.111820634200644,13.377911046854411,14.843443584777727,14.61641561771816,14.155217268100758,14.573952874669313,14.876547772677743,13.552923631430113,13.476916458820545,1.0,1.0,1.0,1.0,1.0,1.0,1.0,1.0,1.0,1.0
190.75,4.0,0.0,0.0,0.0,0.0,0.0,0.0,0.0,0.0,0.0,0.0,0.0,0.0,0.0,0.0,0.0,0.0,0.0,0.0,0.0,0.0
191.0,1.0,14.064476182406825,14.768680121877901,13.881831746000094,13.30430269074799,14.4667124946735,15.685199007797385,17.000898346395708,16.694855756695265,16.69119886201288,16.514868421393327,1.0,1.0,1.0,1.0,1.0,1.0,1.0,1.0,1.0,1.0
191.25,2.0,12.202141346288405,13.315538799790243,13.297052629003174,12.20691714357184,12.434225939239248,12.322306144937526,12.472907549964411,13.134801449743689,13.692017351134123,13.735960303483079,1.0,1.0,1.0,1.0,1.0,1.0,1.0,1.0,1.0,1.0
191.5,3.0,0.0,0.0,0.0,0.0,0.0,0.0,0.0,0.0,0.0,0.0,0.0,0.0,0.0,0.0,0.0,0.0,0.0,0.0,0.0,0.0
191.75,4.0,14.970857482216752,14.714510071117894,13.56792052279476,15.04889796801465,14.675193500502488,15.1493295553961,15.017680883515217,14.643556284766118,15.373356964757612,16.058100859600817,1.0,1.0,1.0,1.0,1.0,1.0,1.0,1.0,1.0,1.0
192.0,1.0,14.045136929115873,15.141587609544775,13.67443477576842,13.866467583105768,15.875644014367325,16.143052683715275,16.158287437431795,15.805298241560035,15.94471094795523,16.297455115024203,1.0,1.0,1.0,1.0,1.0,1.0,1.0,1.0,1.0,1.0
192.25,2.0,0.0,0.0,0.0,0.0,0.0,0.0,0.0,0.0,0.0,0.0,0.0,0.0,0.0,0.0,0.0,0.0,0.0,0.0,0.0,0.0
192.5,3.0,13.68366397959747,14.824619072571146,15.355412412724137,17.09557529265109,15.080596449270601,14.31608674208708,14.278081648775313,13.094976428214283,11.57846275283156,11.48256770347578,1.0,1.0,1.0,1.0,1.0,1.0,1.0,1.0,1.0,1.0
192.75,4.0,14.580134980841743,14.130270685705083,14.688915345074676,15.557878398385533,14.30914135766806,14.033075006512146,14.374899230133456,14.05060763776585,15.402190941748902,15.95823681833333,1.0,1.0,1.0,1.0,1.0,1.0,1.0,1.0,1.0,1.0
193.0,1.0,0.0,0.0,0.0,0.0,0.0,0.0,0.0,0.0,0.0,0.0,0.0,0.0,0.0,0.0,0.0,0.0,0.0,0.0,0.0,0.0
193.25,2.0,13.0277493403871,11.68798353650558,10.158844301889955,11.370421268161532,12.802790558951259,14.207955161884536,13.406442044450353,14.809673299108923,14.347963890259155,13.858309555426123,1.0,1.0,1.0,1.0,1.0,1.0,1.0,1.0,1.0,1.0
193.5,3.0,0.0,0.0,0.0,0.0,0.0,0.0,0.0,0.0,0.0,0.0,0.0,0.0,0.0,0.0,0.0,0.0,0.0,0.0,0.0,0.0
193.75,4.0,0.0,0.0,0.0,0.0,0.0,0.0,0.0,0.0,0.0,0.0,0.0,0.0,0.0,0.0,0.0,0.0,0.0,0.0,0.0,0.0
194.0,1.0,13.424603081691261,13.354336696338974,13.112378792514068,15.633742311391513,14.767668917143864,15.209197277851079,16.519065317750965,17.167316145863126,16.370700590596922,16.6435496159802,1.0,1.0,1.0,1.0,1.0,1.0,1.0,1.0,1.0,1.0
194.25,2.0,11.037775430511582,9.753298201799586,10.0446719969571,11.863531633404563,12.978020233819445,13.771375489476716,13.315323008610898,14.510254481299096,14.096141272163907,13.353800585749273,1.0,1.0,1.0,1.0,1.0,1.0,1.0,1.0,1.0,1.0
194.5,3.0,12.574556186688211,12.359382835316222,13.366221689860307,15.033325449303451,14.125101179873852,13.523799638530088,14.098654761714814,12.811103633477012,12.215771499773371,13.077777360135334,1.0,1.0,1.0,1.0,1.0,1.0,1.0,1.0,1.0,1.0
194.75,4.0,13.592145025248545,13.782904826864087,14.370104732815,15.390195790623045,17.602890614609585,17.79870882830725,18.031505957633712,17.327478844665155,18.7134061685221,17.851718276691955,1.0,1.0,1.0,1.0,1.0,1.0,1.0,1.0,1.0,1.0
195.0,1.0,13.086382988346877,13.5721497100468,14.722207835553066,16.255886572796964,13.972471547979397,15.2300659282044,14.968544935650039,16.21244992758416,15.363503719242393,15.304789054883583,1.0,1.0,1.0,1.0,1.0,1.0,1.0,1.0,1.0,1.0
195.25,2.0,0.0,0.0,0.0,0.0,0.0,0.0,0.0,0.0,0.0,0.0,0.0,0.0,0.0,0.0,0.0,0.0,0.0,0.0,0.0,0.0
195.5,3.0,12.655329548316212,12.661078920260298,13.57049512444296,13.858340503281907,12.976376481032158,12.803673977975038,13.031603533481878,13.390396167070154,12.79480926054204,13.217060162237129,1.0,1.0,1.0,1.0,1.0,1.0,1.0,1.0,1.0,1.0
195.75,4.0,13.674052073873701,14.185618324982006,15.593381634120892,16.084586478710687,17.863498051742422,18.460953240938334,18.142528843394235,18.399308137906228,18.63720587791027,18.034975467782978,1.0,1.0,1.0,1.0,1.0,1.0,1.0,1.0,1.0,1.0
196.0,1.0,13.274622353210189,15.067081624500636,15.315935902432336,15.074430554237164,14.900824566133673,15.548715255013727,15.419206129025953,15.30801664034548,15.737063974619575,15.633344618044077,1.0,1.0,1.0,1.0,1.0,1.0,1.0,1.0,1.0,1.0
196.25,2.0,10.775907467136928,10.725933301096143,13.288251244406013,13.759787382676729,13.269059852017453,13.480359070230348,12.964993476467933,12.841002286736636,11.777957720839801,12.42931248803592,1.0,1.0,1.0,1.0,1.0,1.0,1.0,1.0,1.0,1.0
196.5,3.0,0.0,0.0,0.0,0.0,0.0,0.0,0.0,0.0,0.0,0.0,0.0,0.0,0.0,0.0,0.0,0.0,0.0,0.0,0.0,0.0
196.75,4.0,15.055576916695491,14.77896949570883,15.48150134775155,16.70221379857494,17.826326046340622,18.43590908424924,17.735080393451355,17.305750399718587,17.525237876239817,17.087935698802777,1.0,1.0,1.0,1.0,1.0,1.0,1.0,1.0,1.0,1.0
197.0,1.0,14.354262803916308,16.156183225342943,15.878612522589481,15.782873270138632,15.656043425005748,15.972812650083213,15.321894359780828,15.911011708748015,16.084325618255843,16.731269770833606,1.0,1.0,1.0,1.0,1.0,1.0,1.0,1.0,1.0,1.0
197.25,2.0,0.0,0.0,0.0,0.0,0.0,0.0,0.0,0.0,0.0,0.0,0.0,0.0,0.0,0.0,0.0,0.0,0.0,0.0,0.0,0.0
197.5,3.0,14.191313024347298,12.663102399781781,12.772204798553625,13.262844446180363,12.180860133888812,13.360149053581125,13.89129037199585,14.269070089581588,13.841226145097677,13.923027464606378,1.0,1.0,1.0,1.0,1.0,1.0,1.0,1.0,1.0,1.0
197.75,4.0,15.479902426838025,15.399925357580269,16.18205251760315,16.530277349619702,19.347880153654668,20.04716262137657,19.814905329408607,18.705736897393415,18.73587396249819,17.867361918758217,1.0,1.0,1.0,1.0,1.0,1.0,1.0,1.0,1.0,1.0
198.0,1.0,0.0,0.0,0.0,0.0,0.0,0.0,0.0,0.0,0.0,0.0,0.0,0.0,0.0,0.0,0.0,0.0,0.0,0.0,0.0,0.0
198.25,2.0,12.313739924958044,11.878559329830951,13.150996081569664,14.007257889049631,12.287650359851398,11.166002235885848,10.272198021182628,11.093361215359444,11.4880913109269,11.817022506835984,1.0,1.0,1.0,1.0,1.0,1.0,1.0,1.0,1.0,1.0
198.5,3.0,13.814819384872663,13.053804796814699,13.874413342080034,14.75508436527994,14.063767439948325,13.837900533682063,12.492256747706893,12.5679640526746,13.422844974091106,13.832599985434255,1.0,1.0,1.0,1.0,1.0,1.0,1.0,1.0,1.0,1.0
198.75,4.0,0.0,0.0,0.0,0.0,0.0,0.0,0.0,0.0,0.0,0.0,0.0,0.0,0.0,0.0,0.0,0.0,0.0,0.0,0.0,0.0
199.0,1.0,15.45920227972216,16.13884458493818,16.864250278168317,17.048825494595164,16.3045664798973,16.22675764243432,16.627766832280706,16.769363995970178,17.605530728460373,18.411998567445053,1.0,1.0,1.0,1.0,1.0,1.0,1.0,1.0,1.0,1.0
199.25,2.0,10.968143817356664,11.817364053329017,13.224360096987981,13.722181473954343,11.020094200375352,11.216556242172011,11.478349450109237,12.310667989970348,12.232556186464983,12.496964053278074,1.0,1.0,1.0,1.0,1.0,1.0,1.0,1.0,1.0,1.0
199.5,3.0,0.0,0.0,0.0,0.0,0.0,0.0,0.0,0.0,0.0,0.0,0.0,0.0,0.0,0.0,0.0,0.0,0.0,0.0,0.0,0.0
199.75,4.0,14.657093855447883,16.25737661838008,17.904344917909274,18.10562118935965,18.37183623162493,18.66713394130674,17.281231764141076,17.903780610003825,18.719435861363518,19.14821293858425,1.0,1.0,1.0,1.0,1.0,1.0,1.0,1.0,1.0,1.0
200.0,1.0,15.591254537523227,16.589252013796994,17.448403100969855,17.009068888751514,16.73837613753497,15.865591073200315,17.57136045898768,17.236991683613187,17.91422249626336,19.009552490163,1.0,1.0,1.0,1.0,1.0,1.0,1.0,1.0,1.0,1.0
200.25,2.0,0.0,0.0,0.0,0.0,0.0,0.0,0.0,0.0,0.0,0.0,0.0,0.0,0.0,0.0,0.0,0.0,0.0,0.0,0.0,0.0
200.5,3.0,13.819845377318694,13.387355103873999,13.900440493008695,13.947953537929607,12.73354525570452,13.229305391216446,12.638313751635865,13.619146074885895,14.466494714802424,14.175002569703613,1.0,1.0,1.0,1.0,1.0,1.0,1.0,1.0,1.0,1.0
200.75,4.0,15.274677311432661,18.174602534522275,17.822213565278943,17.342317064982943,17.53357460772903,17.6889654362709,17.80418969236174,16.672331195841238,17.267122241764792,16.873218600944224,1.0,1.0,1.0,1.0,1.0,1.0,1.0,1.0,1.0,1.0
201.0,1.0,15.273986149935839,17.03626824358784,17.250765351023674,16.506900946601704,15.549008760035486,15.90705902860447,17.92823093395505,18.32823631650218,17.544297298697398,18.69270916774233,1.0,1.0,1.0,1.0,1.0,1.0,1.0,1.0,1.0,1.0
201.25,2.0,13.947162178701555,12.91595168903301,12.213227824076464,12.155046907318006,11.4864299056079,11.91451273275745,11.788819793323116,13.396386020682124,12.914443974935264,13.040940057284224,1.0,1.0,1.0,1.0,1.0,1.0,1.0,1.0,1.0,1.0
201.5,3.0,0.0,0.0,0.0,0.0,0.0,0.0,0.0,0.0,0.0,0.0,0.0,0.0,0.0,0.0,0.0,0.0,0.0,0.0,0.0,0.0
201.75,4.0,0.0,0.0,0.0,0.0,0.0,0.0,0.0,0.0,0.0,0.0,0.0,0.0,0.0,0.0,0.0,0.0,0.0,0.0,0.0,0.0
202.0,1.0,15.975490707748483,16.39995756034872,16.241137488408054,15.116234046064251,14.711751434648248,15.070925022561559,16.767261641501687,17.152780313723916,16.502268572096085,18.000504627351624,1.0,1.0,1.0,1.0,1.0,1.0,1.0,1.0,1.0,1.0
202.25,2.0,14.565267720618522,13.790167921287402,13.875947789865906,12.418143640113271,11.179634777566855,11.623783708970295,10.721265055195063,12.855796970100487,13.286257758272178,13.925448612137888,1.0,1.0,1.0,1.0,1.0,1.0,1.0,1.0,1.0,1.0
202.5,3.0,14.807281421704152,13.242817533857435,13.835243360720565,14.016657062569264,14.577840497803805,15.07086219209099,15.28952668005942,15.478999279476602,14.896117729485086,15.370027378679572,1.0,1.0,1.0,1.0,1.0,1.0,1.0,1.0,1.0,1.0
202.75,4.0,17.232289071161954,18.67318439442626,17.088725374713224,17.321343491479645,17.779716790796257,18.39060673336295,17.327192360853815,16.839886869963564,17.547773679801747,18.297792474328155,1.0,1.0,1.0,1.0,1.0,1.0,1.0,1.0,1.0,1.0
203.0,1.0,0.0,0.0,0.0,0.0,0.0,0.0,0.0,0.0,0.0,0.0,0.0,0.0,0.0,0.0,0.0,0.0,0.0,0.0,0.0,0.0
203.25,2.0,0.0,0.0,0.0,0.0,0.0,0.0,0.0,0.0,0.0,0.0,0.0,0.0,0.0,0.0,0.0,0.0,0.0,0.0,0.0,0.0
203.5,3.0,14.40095573662434,12.818181191686614,14.11838165709994,15.004680252535866,15.07707763538981,15.135410659954955,15.001909226265939,15.173824325132292,16.064255023628462,15.63107584906094,1.0,1.0,1.0,1.0,1.0,1.0,1.0,1.0,1.0,1.0
203.75,4.0,16.841395770174906,17.8578456134114,16.837418404337217,17.31492226188818,17.49688498017133,18.657522616549556,17.253586024322317,16.988127860706417,17.176604319181617,18.051441873960854,1.0,1.0,1.0,1.0,1.0,1.0,1.0,1.0,1.0,1.0
204.0,1.0,14.067820744101219,15.806487753156253,14.022771858954052,13.677438521136148,13.826643519586947,14.939571358553467,16.51774882796341,17.350083326058623,16.858238242344846,16.443600544720233,1.0,1.0,1.0,1.0,1.0,1.0,1.0,1.0,1.0,1.0
204.25,2.0,13.58378754155845,12.341167804397717,11.770860195465502,11.58732200167946,12.168002103516882,13.603003197691653,13.203784232770202,14.225608835542058,14.009537852386567,13.337853422626804,1.0,1.0,1.0,1.0,1.0,1.0,1.0,1.0,1.0,1.0
204.5,3.0,0.0,0.0,0.0,0.0,0.0,0.0,0.0,0.0,0.0,0.0,0.0,0.0,0.0,0.0,0.0,0.0,0.0,0.0,0.0,0.0
204.75,4.0,16.47053669207792,18.455135162513916,17.838783468905095,17.79343789983721,18.018330617626425,19.123848154598964,17.383210395675487,17.789116988110912,18.148980633482886,19.291422515718374,1.0,1.0,1.0,1.0,1.0,1.0,1.0,1.0,1.0,1.0
205.0,1.0,14.811395512231428,16.07659971029755,14.765919897722368,14.699137255998423,14.389409741480092,15.463244574914732,16.42040661229987,17.174497102469257,17.40490526389883,17.669957704265816,1.0,1.0,1.0,1.0,1.0,1.0,1.0,1.0,1.0,1.0
205.25,2.0,0.0,0.0,0.0,0.0,0.0,0.0,0.0,0.0,0.0,0.0,0.0,0.0,0.0,0.0,0.0,0.0,0.0,0.0,0.0,0.0
205.5,3.0,15.234136758223096,15.618368432042308,17.663070976150177,17.413467198489517,16.66233742365747,15.328267297051656,14.261296764571993,13.464893242812517,13.92225269418395,13.858422703743084,1.0,1.0,1.0,1.0,1.0,1.0,1.0,1.0,1.0,1.0
205.75,4.0,16.68627675497653,18.794225166278387,18.422037319848343,18.156541150727328,17.952526387376164,18.946004219931158,17.780567311345358,17.83279446414542,17.257863858913634,17.7758256570616,1.0,1.0,1.0,1.0,1.0,1.0,1.0,1.0,1.0,1.0
206.0,1.0,0.0,0.0,0.0,0.0,0.0,0.0,0.0,0.0,0.0,0.0,0.0,0.0,0.0,0.0,0.0,0.0,0.0,0.0,0.0,0.0
206.25,2.0,13.833597712477346,11.911354647202966,11.189752045980784,11.609373876303229,12.176861353553438,13.511458340142735,14.041369546191426,14.259764009823247,13.993931447301538,14.59153012119638,1.0,1.0,1.0,1.0,1.0,1.0,1.0,1.0,1.0,1.0
206.5,3.0,15.300084259077458,15.730808564874069,16.271608801742367,15.885708919264928,16.361217145052258,15.010365455795128,14.69265327108964,14.21625873291526,14.520150426808687,14.25395596989196,1.0,1.0,1.0,1.0,1.0,1.0,1.0,1.0,1.0,1.0
206.75,4.0,0.0,0.0,0.0,0.0,0.0,0.0,0.0,0.0,0.0,0.0,0.0,0.0,0.0,0.0,0.0,0.0,0.0,0.0,0.0,0.0
207.0,1.0,15.21860441602033,14.776615051007116,13.83969346657263,15.126126648188624,16.01291408768589,15.82090679065629,17.50873321772871,18.212272770621706,18.53990357163454,18.8370612548402,1.0,1.0,1.0,1.0,1.0,1.0,1.0,1.0,1.0,1.0
207.25,2.0,12.652725272370528,10.977164669670683,9.735679553580923,11.055840812604817,12.855057036534204,13.84602645557512,14.662493607613941,15.45448975080966,15.258785440278457,16.210200281730792,1.0,1.0,1.0,1.0,1.0,1.0,1.0,1.0,1.0,1.0
207.5,3.0,0.0,0.0,0.0,0.0,0.0,0.0,0.0,0.0,0.0,0.0,0.0,0.0,0.0,0.0,0.0,0.0,0.0,0.0,0.0,0.0
207.75,4.0,18.539033976632542,19.25610177796883,18.590019843617757,16.88332883170557,15.658620423619812,16.315125956031732,15.761138348318518,15.639027651207353,14.204606974117322,14.379670193809838,1.0,1.0,1.0,1.0,1.0,1.0,1.0,1.0,1.0,1.0
208.0,1.0,14.81943244530726,13.630420148477805,14.276759731171738,15.298168315199968,16.36719692719091,17.813124322415405,18.249350568762257,19.23715557445443,18.31580227071565,18.78571862544588,1.0,1.0,1.0,1.0,1.0,1.0,1.0,1.0,1.0,1.0
208.25,2.0,0.0,0.0,0.0,0.0,0.0,0.0,0.0,0.0,0.0,0.0,0.0,0.0,0.0,0.0,0.0,0.0,0.0,0.0,0.0,0.0
208.5,3.0,15.695262720239187,16.85235942010957,16.105652881599,13.419135336044576,15.313009379953273,14.492412194454856,13.976874823481932,13.061317120391545,13.729871906817888,13.530737726203236,1.0,1.0,1.0,1.0,1.0,1.0,1.0,1.0,1.0,1.0
208.75,4.0,18.72569257950301,17.955076171147898,17.647133882110506,15.1459401879914,14.991723240442044,14.695996798617067,13.398975582939974,14.201974882124174,13.840477290073922,14.269967068765554,1.0,1.0,1.0,1.0,1.0,1.0,1.0,1.0,1.0,1.0
209.0,1.0,14.181074282123342,13.953956508713947,15.008696388146829,16.717321250902298,18.533234007230828,18.27693345616104,18.13776230155124,18.51015977812473,17.15678572499234,17.782196613688402,1.0,1.0,1.0,1.0,1.0,1.0,1.0,1.0,1.0,1.0
209.25,2.0,11.397518924506727,10.310021256352703,10.776161231270054,13.075064502095286,14.776767907849367,15.513914022833212,16.539269020338224,16.03801218935062,16.265339743369264,15.94586047478656,1.0,1.0,1.0,1.0,1.0,1.0,1.0,1.0,1.0,1.0
209.5,3.0,0.0,0.0,0.0,0.0,0.0,0.0,0.0,0.0,0.0,0.0,0.0,0.0,0.0,0.0,0.0,0.0,0.0,0.0,0.0,0.0
209.75,4.0,17.681170052099926,16.72542122966156,15.80339602744468,14.473419323113998,14.319981871015848,14.851984721366149,14.057342547894983,14.090151860942308,13.615777764053497,14.156860699825145,1.0,1.0,1.0,1.0,1.0,1.0,1.0,1.0,1.0,1.0
210.0,1.0,15.49039439248935,16.091757727503516,16.447072104940926,17.499594777897652,17.715362699281812,17.06452027623838,16.888966881726653,17.38564693086536,16.21338836384804,16.061408763467924,1.0,1.0,1.0,1.0,1.0,1.0,1.0,1.0,1.0,1.0
210.25,2.0,12.895455622514085,12.166108225006894,12.472069193925046,15.011380289823194,16.295553411038224,16.650106579519313,16.51485655197893,16.039042442408995,16.56350232188098,17.211401064436703,1.0,1.0,1.0,1.0,1.0,1.0,1.0,1.0,1.0,1.0
210.5,3.0,15.653061851111236,15.616669806475032,14.722984846945272,13.638179589450505,13.935140597185164,13.695603894175122,13.760919498871614,13.019718926943211,12.770974527966795,12.329926625620834,1.0,1.0,1.0,1.0,1.0,1.0,1.0,1.0,1.0,1.0
210.75,4.0,16.03631704149366,15.245232380536525,15.349885540746488,14.772321200457505,15.383429920996438,15.000096308713843,13.677088425402587,13.896635685924542,13.90445204844804,13.79082008221206,1.0,1.0,1.0,1.0,1.0,1.0,1.0,1.0,1.0,1.0
211.0,1.0,0.0,0.0,0.0,0.0,0.0,0.0,0.0,0.0,0.0,0.0,0.0,0.0,0.0,0.0,0.0,0.0,0.0,0.0,0.0,0.0
211.25,2.0,0.0,0.0,0.0,0.0,0.0,0.0,0.0,0.0,0.0,0.0,0.0,0.0,0.0,0.0,0.0,0.0,0.0,0.0,0.0,0.0
211.5,3.0,15.52137879232273,14.257710766760745,12.97370534605765,12.94462705773028,13.887857180063602,13.750252260620043,13.823595624652446,13.081178051877064,13.059610248443665,13.01080506419141,1.0,1.0,1.0,1.0,1.0,1.0,1.0,1.0,1.0,1.0
211.75,4.0,0.0,0.0,0.0,0.0,0.0,0.0,0.0,0.0,0.0,0.0,0.0,0.0,0.0,0.0,0.0,0.0,0.0,0.0,0.0,0.0
212.0,1.0,15.8770381802737,15.18176510866947,16.21796165136972,15.04652151742869,16.495709216694426,15.037072766991438,15.296150348881245,14.607071758781178,14.68291763549324,15.185368037875488,1.0,1.0,1.0,1.0,1.0,1.0,1.0,1.0,1.0,1.0
212.25,2.0,12.867224043883692,12.55022120300687,13.643441987104689,14.735175115701074,14.366956166274687,14.9905105415098,15.04447074598726,15.016712247896976,15.496706818620774,16.463300680949565,1.0,1.0,1.0,1.0,1.0,1.0,1.0,1.0,1.0,1.0
212.5,3.0,0.0,0.0,0.0,0.0,0.0,0.0,0.0,0.0,0.0,0.0,0.0,0.0,0.0,0.0,0.0,0.0,0.0,0.0,0.0,0.0
212.75,4.0,15.85316702120293,15.222926246502503,14.043484266092914,12.59951937359047,14.709011331435118,14.111518798800056,13.070145327222148,12.469746302405225,12.633671848328508,14.349772985495816,1.0,1.0,1.0,1.0,1.0,1.0,1.0,1.0,1.0,1.0
213.0,1.0,16.873631018519234,14.591762116819014,14.773168730451482,14.185943527981848,15.00653127916905,14.626009111709635,15.336467574809749,15.423030863463614,15.861112279827022,16.061435291770316,1.0,1.0,1.0,1.0,1.0,1.0,1.0,1.0,1.0,1.0
213.25,2.0,0.0,0.0,0.0,0.0,0.0,0.0,0.0,0.0,0.0,0.0,0.0,0.0,0.0,0.0,0.0,0.0,0.0,0.0,0.0,0.0
213.5,3.0,13.210041920256343,13.48519995389271,12.749571189020807,14.285490186997468,13.541017308073364,13.147573435859973,13.985440185860046,14.588021525920915,15.979608424853698,14.883135861847245,1.0,1.0,1.0,1.0,1.0,1.0,1.0,1.0,1.0,1.0
213.75,4.0,15.820227068852184,15.254741301598965,13.720497986458364,13.318928176629617,14.905301754243945,15.06384471635831,13.55015349824714,14.35785075367339,14.888626831589534,15.66505350665661,1.0,1.0,1.0,1.0,1.0,1.0,1.0,1.0,1.0,1.0
214.0,1.0,0.0,0.0,0.0,0.0,0.0,0.0,0.0,0.0,0.0,0.0,0.0,0.0,0.0,0.0,0.0,0.0,0.0,0.0,0.0,0.0
214.25,2.0,13.05120762141917,12.80229664803524,12.976846119105158,14.228301886397068,15.295548294548723,15.794860212617317,15.5608030631302,16.125424172996002,15.632262852506802,16.940529260244595,1.0,1.0,1.0,1.0,1.0,1.0,1.0,1.0,1.0,1.0
214.5,3.0,0.0,0.0,0.0,0.0,0.0,0.0,0.0,0.0,0.0,0.0,0.0,0.0,0.0,0.0,0.0,0.0,0.0,0.0,0.0,0.0
214.75,4.0,0.0,0.0,0.0,0.0,0.0,0.0,0.0,0.0,0.0,0.0,0.0,0.0,0.0,0.0,0.0,0.0,0.0,0.0,0.0,0.0
215.0,1.0,14.860367089671719,14.88413674258635,14.65243554318258,15.104709006266305,13.288490465765591,14.011834199133196,15.389834644198599,16.208275655004492,16.8548766172476,17.202353822106762,1.0,1.0,1.0,1.0,1.0,1.0,1.0,1.0,1.0,1.0
215.25,2.0,12.685596782955677,12.467326755555133,12.689477050123125,13.482381591717623,14.584398957406778,14.771227981491705,16.229513262651132,16.70058101715993,16.147758319553937,16.125920425774446,1.0,1.0,1.0,1.0,1.0,1.0,1.0,1.0,1.0,1.0
215.5,3.0,0.0,0.0,0.0,0.0,0.0,0.0,0.0,0.0,0.0,0.0,0.0,0.0,0.0,0.0,0.0,0.0,0.0,0.0,0.0,0.0
215.75,4.0,13.851591897483825,15.406409763843602,15.49205023966263,15.828024620679177,15.698263221410999,16.53474549725696,16.240078902356768,16.204328881245107,16.49000862650346,16.781147808807432,1.0,1.0,1.0,1.0,1.0,1.0,1.0,1.0,1.0,1.0
216.0,1.0,15.719210089208724,15.454714096592204,14.43121442317354,15.936576784970446,15.470525858451474,17.244464280878034,17.39299443542627,17.530927407479727,17.29954253921615,17.073659223583128,1.0,1.0,1.0,1.0,1.0,1.0,1.0,1.0,1.0,1.0
216.25,2.0,0.0,0.0,0.0,0.0,0.0,0.0,0.0,0.0,0.0,0.0,0.0,0.0,0.0,0.0,0.0,0.0,0.0,0.0,0.0,0.0
216.5,3.0,13.773605381291537,14.284250904280306,15.267653378364972,15.871756031392803,16.35442473054083,16.67283324581329,17.269494549817917,16.92001485972369,16.82385048945176,17.258353958029385,1.0,1.0,1.0,1.0,1.0,1.0,1.0,1.0,1.0,1.0
216.75,4.0,14.913560703550312,16.582267544474735,17.568057612409497,17.338823984122506,16.369548149837666,17.384328608026593,16.854098637830166,17.341273942400328,17.614950394496667,17.362161937611226,1.0,1.0,1.0,1.0,1.0,1.0,1.0,1.0,1.0,1.0
217.0,1.0,15.357188879196269,14.243319345081304,14.418353620375907,15.41288152902423,17.259787506339446,18.110300052714216,18.16203654697152,18.344045671033403,18.5023294393676,17.755648674706435,1.0,1.0,1.0,1.0,1.0,1.0,1.0,1.0,1.0,1.0
217.25,2.0,12.81046471001205,10.931672342780375,12.393051326127033,14.912202715126902,15.85298266810078,15.747691453178708,15.018055026964769,15.824173674346078,16.054552128960882,17.65481328899351,1.0,1.0,1.0,1.0,1.0,1.0,1.0,1.0,1.0,1.0
217.5,3.0,0.0,0.0,0.0,0.0,0.0,0.0,0.0,0.0,0.0,0.0,0.0,0.0,0.0,0.0,0.0,0.0,0.0,0.0,0.0,0.0
217.75,4.0,15.92352368289005,17.198839669959405,17.825074849910035,18.623309676748704,17.724400819053514,18.746745040642153,18.210226429064885,18.498509447766768,17.67853903232731,15.91712053253847,1.0,1.0,1.0,1.0,1.0,1.0,1.0,1.0,1.0,1.0
218.0,1.0,14.849854493302878,13.992059824941846,14.764308112367182,15.735343827073313,17.375321546544065,17.414041489872208,17.600199688060144,18.173609721332127,19.001515148712077,17.59744484718497,1.0,1.0,1.0,1.0,1.0,1.0,1.0,1.0,1.0,1.0
218.25,2.0,0.0,0.0,0.0,0.0,0.0,0.0,0.0,0.0,0.0,0.0,0.0,0.0,0.0,0.0,0.0,0.0,0.0,0.0,0.0,0.0
218.5,3.0,14.886057247335373,15.339593451333835,16.25359915670732,16.608894181422052,18.381783850092486,18.430461390347755,18.394528143349845,16.61366446927871,15.46497779332344,16.203881503306786,1.0,1.0,1.0,1.0,1.0,1.0,1.0,1.0,1.0,1.0
218.75,4.0,16.103954361680884,16.689964305825303,18.756575448813066,20.643382553904818,19.30888921968092,19.109060857659173,18.38427701303256,17.982742834561233,16.64915794000028,14.685601432757657,1.0,1.0,1.0,1.0,1.0,1.0,1.0,1.0,1.0,1.0
219.0,1.0,0.0,0.0,0.0,0.0,0.0,0.0,0.0,0.0,0.0,0.0,0.0,0.0,0.0,0.0,0.0,0.0,0.0,0.0,0.0,0.0
219.25,2.0,0.0,0.0,0.0,0.0,0.0,0.0,0.0,0.0,0.0,0.0,0.0,0.0,0.0,0.0,0.0,0.0,0.0,0.0,0.0,0.0
219.5,3.0,14.569626928287798,15.534247494694847,17.194822849770617,17.772798686807437,19.545756125030813,19.468363927255275,20.10722999767877,18.033889821831387,16.822045716070704,17.071113889687823,1.0,1.0,1.0,1.0,1.0,1.0,1.0,1.0,1.0,1.0
219.75,4.0,0.0,0.0,0.0,0.0,0.0,0.0,0.0,0.0,0.0,0.0,0.0,0.0,0.0,0.0,0.0,0.0,0.0,0.0,0.0,0.0
220.0,1.0,13.840231837390611,15.105743333740282,16.303994420536434,16.629422319202774,15.929313427870285,15.748881095172194,15.606670671795529,16.957710463188445,17.79684017669892,16.841446402651876,1.0,1.0,1.0,1.0,1.0,1.0,1.0,1.0,1.0,1.0
220.25,2.0,13.545319912990472,12.692313407293433,13.952320984484482,15.806377441714698,16.95066836272956,16.576593631644215,17.181280842711345,18.7684881647772,18.825528045543624,20.912693544245986,1.0,1.0,1.0,1.0,1.0,1.0,1.0,1.0,1.0,1.0
220.5,3.0,0.0,0.0,0.0,0.0,0.0,0.0,0.0,0.0,0.0,0.0,0.0,0.0,0.0,0.0,0.0,0.0,0.0,0.0,0.0,0.0
220.75,4.0,15.287047170997129,17.637604089708667,19.57474795742057,18.03995494796473,17.077114087530095,17.106835178833848,15.748006846497951,14.454222510445287,13.42561629061273,12.267769458249143,1.0,1.0,1.0,1.0,1.0,1.0,1.0,1.0,1.0,1.0
221.0,1.0,14.738229082867743,14.639922370439004,15.255847375341611,15.836079983149911,15.260085075037974,16.122886498128757,16.875494122010736,17.9403897534162,17.378161871113576,17.663099291461148,1.0,1.0,1.0,1.0,1.0,1.0,1.0,1.0,1.0,1.0
221.25,2.0,0.0,0.0,0.0,0.0,0.0,0.0,0.0,0.0,0.0,0.0,0.0,0.0,0.0,0.0,0.0,0.0,0.0,0.0,0.0,0.0
221.5,3.0,14.744381763037167,17.223030529228144,18.452840853495502,18.61011788027087,18.536305894681323,17.64864464551525,17.281787785969552,16.560437922228353,16.689409349631855,17.32918420225021,1.0,1.0,1.0,1.0,1.0,1.0,1.0,1.0,1.0,1.0
221.75,4.0,14.941354834887207,17.5810506120334,17.301648109443565,16.248957427240654,16.82596535835061,16.603955606337077,15.254736858997527,14.173839768048122,13.216837189163748,11.823210214141536,1.0,1.0,1.0,1.0,1.0,1.0,1.0,1.0,1.0,1.0
222.0,1.0,0.0,0.0,0.0,0.0,0.0,0.0,0.0,0.0,0.0,0.0,0.0,0.0,0.0,0.0,0.0,0.0,0.0,0.0,0.0,0.0
222.25,2.0,13.298357911643361,13.44832301564043,14.539132273688201,16.849538980816785,18.403623115974217,17.60363418215557,17.338950990080875,17.86309806158376,18.398095652503194,19.830869997354597,1.0,1.0,1.0,1.0,1.0,1.0,1.0,1.0,1.0,1.0
222.5,3.0,0.0,0.0,0.0,0.0,0.0,0.0,0.0,0.0,0.0,0.0,0.0,0.0,0.0,0.0,0.0,0.0,0.0,0.0,0.0,0.0
222.75,4.0,0.0,0.0,0.0,0.0,0.0,0.0,0.0,0.0,0.0,0.0,0.0,0.0,0.0,0.0,0.0,0.0,0.0,0.0,0.0,0.0
223.0,1.0,15.62706131360738,15.548007180665337,16.422374534214473,16.829309210260636,16.427763316487752,17.059803647261845,17.457096262150472,17.97826609870596,18.24055696034413,17.8980568233971,1.0,1.0,1.0,1.0,1.0,1.0,1.0,1.0,1.0,1.0
223.25,2.0,13.285015949280773,14.562829994245549,16.162822640183474,16.95569465570993,17.95365224074969,16.74613818776974,17.36840239232112,18.35479006932874,19.06769932214233,20.847293936226663,1.0,1.0,1.0,1.0,1.0,1.0,1.0,1.0,1.0,1.0
223.5,3.0,0.0,0.0,0.0,0.0,0.0,0.0,0.0,0.0,0.0,0.0,0.0,0.0,0.0,0.0,0.0,0.0,0.0,0.0,0.0,0.0
223.75,4.0,15.703755075944837,16.254249003670644,16.959429668357966,17.068586138877606,17.51105963429487,16.018460183174675,14.592376008715812,13.674548055996572,12.599318130899274,12.236454177371487,1.0,1.0,1.0,1.0,1.0,1.0,1.0,1.0,1.0,1.0
224.0,1.0,15.463525985025777,15.58153132120804,16.393111787721413,16.05142827719905,15.961464831757432,16.02822728405644,16.593979835044767,16.114948550282744,15.795300163257147,15.425819405422388,1.0,1.0,1.0,1.0,1.0,1.0,1.0,1.0,1.0,1.0
224.25,2.0,0.0,0.0,0.0,0.0,0.0,0.0,0.0,0.0,0.0,0.0,0.0,0.0,0.0,0.0,0.0,0.0,0.0,0.0,0.0,0.0
224.5,3.0,15.348019064567096,16.510622519222572,17.390489450317673,16.740118527178822,15.469066132296685,15.00695283562641,15.310235401800291,15.506930688799217,15.465810041940065,15.207129010013626,1.0,1.0,1.0,1.0,1.0,1.0,1.0,1.0,1.0,1.0
224.75,4.0,14.69279243226698,15.992113807095329,16.69896969014042,16.211392044359286,15.674831117993358,14.425314233224269,13.207858543124685,12.86104749594243,12.368037617686499,12.869454503491893,1.0,1.0,1.0,1.0,1.0,1.0,1.0,1.0,1.0,1.0
225.0,1.0,15.285232793825166,15.56568039292974,15.198793510783537,15.661077007985469,15.01842512334368,14.882463288827461,15.377154283314685,14.355599005391904,15.048603447301277,15.413912562196115,1.0,1.0,1.0,1.0,1.0,1.0,1.0,1.0,1.0,1.0
225.25,2.0,15.482915202123559,16.678198327692083,16.595129571816713,17.00760707810211,17.467700935505036,16.532153549354714,16.586060707690084,17.680764215678327,17.520825095110684,17.869202930356487,1.0,1.0,1.0,1.0,1.0,1.0,1.0,1.0,1.0,1.0
225.5,3.0,0.0,0.0,0.0,0.0,0.0,0.0,0.0,0.0,0.0,0.0,0.0,0.0,0.0,0.0,0.0,0.0,0.0,0.0,0.0,0.0
225.75,4.0,14.933335656123704,16.865807759344975,16.76287645792175,15.11901232380184,15.433114542445365,14.524587976557536,13.912358649498335,13.741595183092555,14.098584676317001,15.576944245123649,1.0,1.0,1.0,1.0,1.0,1.0,1.0,1.0,1.0,1.0
226.0,1.0,15.920497827535227,15.910025488784607,15.469538286698647,15.449195601608105,14.976187882935724,14.932999749664226,15.402536396168353,14.80775067618317,15.093748634279816,15.582718051872211,1.0,1.0,1.0,1.0,1.0,1.0,1.0,1.0,1.0,1.0
226.25,2.0,0.0,0.0,0.0,0.0,0.0,0.0,0.0,0.0,0.0,0.0,0.0,0.0,0.0,0.0,0.0,0.0,0.0,0.0,0.0,0.0
226.5,3.0,15.528414203728794,17.0068659403061,17.72806680802135,17.108823552113922,16.055298485310296,15.866052184092451,15.738211034749463,15.792283703166857,15.580076823657278,15.049631394876412,1.0,1.0,1.0,1.0,1.0,1.0,1.0,1.0,1.0,1.0
226.75,4.0,16.58590130611708,17.747597622298567,16.695141574722616,15.732688881376856,16.21392927229179,15.241331152505344,15.144813375493701,15.535741553202312,16.37440852452389,16.811629003899704,1.0,1.0,1.0,1.0,1.0,1.0,1.0,1.0,1.0,1.0
227.0,1.0,0.0,0.0,0.0,0.0,0.0,0.0,0.0,0.0,0.0,0.0,0.0,0.0,0.0,0.0,0.0,0.0,0.0,0.0,0.0,0.0
227.25,2.0,0.0,0.0,0.0,0.0,0.0,0.0,0.0,0.0,0.0,0.0,0.0,0.0,0.0,0.0,0.0,0.0,0.0,0.0,0.0,0.0
227.5,3.0,15.471213023603227,16.835918267879848,16.66154041710292,16.685419383662865,15.410148458396021,15.455780852025395,15.855201644346208,16.599992325765026,16.788443920004546,16.095319032620004,1.0,1.0,1.0,1.0,1.0,1.0,1.0,1.0,1.0,1.0
227.75,4.0,0.0,0.0,0.0,0.0,0.0,0.0,0.0,0.0,0.0,0.0,0.0,0.0,0.0,0.0,0.0,0.0,0.0,0.0,0.0,0.0
228.0,1.0,15.389899810928444,15.655537895777927,15.078139148561819,14.265897095679755,15.584913010813572,15.664572375040349,16.647894504564025,15.843134767250545,16.295623202554918,16.9998555230357,1.0,1.0,1.0,1.0,1.0,1.0,1.0,1.0,1.0,1.0
228.25,2.0,15.823707111335777,15.583754479349732,17.601612099486992,17.276051330696138,18.806880428640838,17.641935247237132,16.654966113716753,16.763121737725545,17.15118898984637,17.696152208550043,1.0,1.0,1.0,1.0,1.0,1.0,1.0,1.0,1.0,1.0
228.5,3.0,0.0,0.0,0.0,0.0,0.0,0.0,0.0,0.0,0.0,0.0,0.0,0.0,0.0,0.0,0.0,0.0,0.0,0.0,0.0,0.0
228.75,4.0,15.996347217714822,17.429842149973965,16.959611615132463,15.549885302369363,17.144939373504638,17.141921972018036,16.42434242444184,16.937141887491588,17.22804720216621,17.377924778353286,1.0,1.0,1.0,1.0,1.0,1.0,1.0,1.0,1.0,1.0
229.0,1.0,13.703245563086453,15.070285654357852,15.85365857432384,15.898246746407061,16.086350436385455,16.24138720259283,16.693623248944125,16.13381255233817,16.3959686712529,16.354543444587232,1.0,1.0,1.0,1.0,1.0,1.0,1.0,1.0,1.0,1.0
229.25,2.0,0.0,0.0,0.0,0.0,0.0,0.0,0.0,0.0,0.0,0.0,0.0,0.0,0.0,0.0,0.0,0.0,0.0,0.0,0.0,0.0
229.5,3.0,14.57315649654371,15.72936516275408,15.14197323458954,14.921363328388448,14.456173253136576,14.060309639277378,15.169803664460554,15.224902253621797,15.703771255189938,15.534194649431774,1.0,1.0,1.0,1.0,1.0,1.0,1.0,1.0,1.0,1.0
229.75,4.0,15.40490215008288,16.925454265928202,17.031833167591643,17.022205140407614,15.552888147519278,15.986764591389177,15.300519227380939,16.24521358639436,16.805356510421934,16.682112302255987,1.0,1.0,1.0,1.0,1.0,1.0,1.0,1.0,1.0,1.0
230.0,1.0,0.0,0.0,0.0,0.0,0.0,0.0,0.0,0.0,0.0,0.0,0.0,0.0,0.0,0.0,0.0,0.0,0.0,0.0,0.0,0.0
230.25,2.0,13.783719114206608,14.23664255376124,15.144516492917566,16.785094046426515,16.36723920112692,15.454691293655548,14.739670444212496,16.77350783010049,17.142115932808284,17.676201815588065,1.0,1.0,1.0,1.0,1.0,1.0,1.0,1.0,1.0,1.0
230.5,3.0,0.0,0.0,0.0,0.0,0.0,0.0,0.0,0.0,0.0,0.0,0.0,0.0,0.0,0.0,0.0,0.0,0.0,0.0,0.0,0.0
230.75,4.0,0.0,0.0,0.0,0.0,0.0,0.0,0.0,0.0,0.0,0.0,0.0,0.0,0.0,0.0,0.0,0.0,0.0,0.0,0.0,0.0
231.0,1.0,13.765465082318103,14.956549226616957,15.902910901922336,15.771038318012955,17.600378993085506,17.7494965806031,17.471878041324576,16.770103653537987,17.19688913472965,17.910195295149595,1.0,1.0,1.0,1.0,1.0,1.0,1.0,1.0,1.0,1.0
231.25,2.0,12.80732298122534,14.94217389135968,17.095106748383003,17.337557946277336,16.384305031301842,16.330365042885045,15.680249002635165,17.2640030501444,16.91285530017286,16.574115156678133,1.0,1.0,1.0,1.0,1.0,1.0,1.0,1.0,1.0,1.0
231.5,3.0,14.957508260287515,15.88485401192142,15.719770658984544,15.555529668081938,16.485650752311102,16.78450997843121,16.877740063399184,16.996861299945103,16.719628409346612,16.192149371535816,1.0,1.0,1.0,1.0,1.0,1.0,1.0,1.0,1.0,1.0
231.75,4.0,16.309462657352377,17.840272119022227,18.312223286564365,17.243556486264502,14.337623332099582,15.22139428234864,14.482303068397915,15.606527254308562,16.845124700249062,17.12036673024555,1.0,1.0,1.0,1.0,1.0,1.0,1.0,1.0,1.0,1.0
232.0,1.0,15.756714412342404,14.843161814141018,16.096511934820555,17.130934966523142,18.10002852072504,17.23051056416691,17.695058215464776,17.558457007396598,17.829688561514597,18.11645634932616,1.0,1.0,1.0,1.0,1.0,1.0,1.0,1.0,1.0,1.0
232.25,2.0,0.0,0.0,0.0,0.0,0.0,0.0,0.0,0.0,0.0,0.0,0.0,0.0,0.0,0.0,0.0,0.0,0.0,0.0,0.0,0.0
232.5,3.0,15.402351377929744,15.665161797087196,16.408910243149023,16.430526291384833,16.071187966906447,15.954289379402178,16.741104526309798,17.26729304936751,17.192178480946367,17.15650634708535,1.0,1.0,1.0,1.0,1.0,1.0,1.0,1.0,1.0,1.0
232.75,4.0,16.41552681223034,17.64028281911421,17.379803379341457,15.669407422994162,14.111723614112039,14.561128484261891,15.188152320306353,16.19084784155699,16.881870679711696,16.89952806516441,1.0,1.0,1.0,1.0,1.0,1.0,1.0,1.0,1.0,1.0
233.0,1.0,15.575127503410835,15.416304911407984,17.305541425278875,18.34402149930193,17.54847401784547,16.048832584755004,17.742109870587612,17.557083386027806,17.68095273828528,17.83077918741067,1.0,1.0,1.0,1.0,1.0,1.0,1.0,1.0,1.0,1.0
233.25,2.0,14.582087380852117,16.268408937749967,17.882195025826253,19.793333725925784,19.356319987069085,18.76247993138638,18.483302510880314,17.927065785662457,17.422031212822507,15.764801289416676,1.0,1.0,1.0,1.0,1.0,1.0,1.0,1.0,1.0,1.0
233.5,3.0,0.0,0.0,0.0,0.0,0.0,0.0,0.0,0.0,0.0,0.0,0.0,0.0,0.0,0.0,0.0,0.0,0.0,0.0,0.0,0.0
233.75,4.0,16.435667250004915,17.165956391650585,16.11569699629276,14.963255952150053,15.236973443937156,16.79974501070661,16.93712269201181,17.820330785069384,18.08906301931671,16.671180420848028,1.0,1.0,1.0,1.0,1.0,1.0,1.0,1.0,1.0,1.0
234.0,1.0,16.16326698278633,16.261239523929788,17.89230885842896,17.83768830495056,17.87983068053398,17.363840751186736,18.293422847555888,17.846384649958676,17.37349874332574,17.263974734419072,1.0,1.0,1.0,1.0,1.0,1.0,1.0,1.0,1.0,1.0
234.25,2.0,0.0,0.0,0.0,0.0,0.0,0.0,0.0,0.0,0.0,0.0,0.0,0.0,0.0,0.0,0.0,0.0,0.0,0.0,0.0,0.0
234.5,3.0,15.511624858274466,15.079843142537499,15.975464061252168,15.648416225785207,17.623023112339094,17.506146477281145,19.02184462248215,19.179828815706294,19.0921854764549,18.11440045350423,1.0,1.0,1.0,1.0,1.0,1.0,1.0,1.0,1.0,1.0
234.75,4.0,16.325044574672976,15.86070595938087,14.821666767483787,14.598769363283003,16.079510704237077,17.55959564917414,16.321022602137408,17.56024866129136,17.238185406348435,16.70802776356324,1.0,1.0,1.0,1.0,1.0,1.0,1.0,1.0,1.0,1.0
235.0,1.0,0.0,0.0,0.0,0.0,0.0,0.0,0.0,0.0,0.0,0.0,0.0,0.0,0.0,0.0,0.0,0.0,0.0,0.0,0.0,0.0
235.25,2.0,0.0,0.0,0.0,0.0,0.0,0.0,0.0,0.0,0.0,0.0,0.0,0.0,0.0,0.0,0.0,0.0,0.0,0.0,0.0,0.0
235.5,3.0,14.742641179214669,15.770435800115557,14.761704719977878,15.827490852801004,18.85534019123239,18.96186534204788,21.100437221139796,19.78815361524153,18.57387137033966,17.55467527935119,1.0,1.0,1.0,1.0,1.0,1.0,1.0,1.0,1.0,1.0
235.75,4.0,0.0,0.0,0.0,0.0,0.0,0.0,0.0,0.0,0.0,0.0,0.0,0.0,0.0,0.0,0.0,0.0,0.0,0.0,0.0,0.0
236.0,1.0,15.405041539586072,16.3822529652954,17.595969587176864,18.085004362555818,17.427759996491623,16.60357632593484,17.41458311502898,16.909144153406846,16.87354922181015,17.09652526830367,1.0,1.0,1.0,1.0,1.0,1.0,1.0,1.0,1.0,1.0
236.25,2.0,18.021575721105084,18.904465373056563,19.32139040272879,17.47309343943454,15.180592369544176,14.530194736365013,13.8567003328112,13.048138357831233,13.7459865695196,11.108003272841772,1.0,1.0,1.0,1.0,1.0,1.0,1.0,1.0,1.0,1.0
236.5,3.0,0.0,0.0,0.0,0.0,0.0,0.0,0.0,0.0,0.0,0.0,0.0,0.0,0.0,0.0,0.0,0.0,0.0,0.0,0.0,0.0
236.75,4.0,14.733672924878055,13.634699041808156,14.341427368082437,16.37850257012809,17.75948784804552,17.332604584207136,16.890139452254793,16.256111979767386,15.40117120706642,15.96536984395886,1.0,1.0,1.0,1.0,1.0,1.0,1.0,1.0,1.0,1.0
237.0,1.0,15.739494008315436,16.654548362256484,17.115696800257314,17.29398951181795,15.968261129980725,15.605265781098561,16.965491223083315,16.946856148984768,16.743338567336895,15.93160703479645,1.0,1.0,1.0,1.0,1.0,1.0,1.0,1.0,1.0,1.0
237.25,2.0,0.0,0.0,0.0,0.0,0.0,0.0,0.0,0.0,0.0,0.0,0.0,0.0,0.0,0.0,0.0,0.0,0.0,0.0,0.0,0.0
237.5,3.0,14.27710918021403,14.787076784829758,17.542161582965036,18.246836313571198,19.66568108455229,17.745974690915492,18.38220998227958,16.570111285770423,16.32632246047611,16.57776633291382,1.0,1.0,1.0,1.0,1.0,1.0,1.0,1.0,1.0,1.0
237.75,4.0,13.320878079404958,13.353133933376897,15.014521567018411,16.490505681064086,17.615171755657457,16.191689436651515,15.089635837757918,15.44929378406558,15.288881406864977,16.053866601941024,1.0,1.0,1.0,1.0,1.0,1.0,1.0,1.0,1.0,1.0
238.0,1.0,0.0,0.0,0.0,0.0,0.0,0.0,0.0,0.0,0.0,0.0,0.0,0.0,0.0,0.0,0.0,0.0,0.0,0.0,0.0,0.0
238.25,2.0,17.1579991582477,18.544851513256337,17.240637505318716,16.095251841547153,13.603416052722483,13.277137072155766,11.71683210997737,11.654347252223564,11.716968614476505,10.283655444320948,1.0,1.0,1.0,1.0,1.0,1.0,1.0,1.0,1.0,1.0
238.5,3.0,0.0,0.0,0.0,0.0,0.0,0.0,0.0,0.0,0.0,0.0,0.0,0.0,0.0,0.0,0.0,0.0,0.0,0.0,0.0,0.0
238.75,4.0,0.0,0.0,0.0,0.0,0.0,0.0,0.0,0.0,0.0,0.0,0.0,0.0,0.0,0.0,0.0,0.0,0.0,0.0,0.0,0.0
239.0,1.0,16.012512536391025,15.874604804190895,15.594348654081662,15.538483323388805,17.749950391945784,17.280696056066535,18.319441324382247,17.79995587537952,17.086393588006782,16.751488987129953,1.0,1.0,1.0,1.0,1.0,1.0,1.0,1.0,1.0,1.0
239.25,2.0,16.527115063125734,17.339495640286465,16.842146734659664,16.157567274340852,14.038623604201668,13.240624930701054,11.98500835234012,10.408936111030318,11.151900090941105,10.120344216690167,1.0,1.0,1.0,1.0,1.0,1.0,1.0,1.0,1.0,1.0
239.5,3.0,15.06738551337599,17.09856191167321,18.989445384643066,19.073887954316415,16.803011944379374,17.09503106521319,17.833758816538662,18.16933852455786,18.402953178636544,17.97618446773206,1.0,1.0,1.0,1.0,1.0,1.0,1.0,1.0,1.0,1.0
239.75,4.0,14.863707890114163,16.03031576235933,15.926717095754743,15.753167559178555,15.211093730787523,15.00267360757687,15.232906068784281,15.572848157287396,16.342643479594518,15.819463428309328,1.0,1.0,1.0,1.0,1.0,1.0,1.0,1.0,1.0,1.0
240.0,1.0,16.059633792341593,15.734877187386418,15.521778553545321,16.793903049691185,18.488343844447243,18.462025731424344,18.53150980998341,17.154255551969676,16.90766938065651,16.891828152922937,1.0,1.0,1.0,1.0,1.0,1.0,1.0,1.0,1.0,1.0
240.25,2.0,0.0,0.0,0.0,0.0,0.0,0.0,0.0,0.0,0.0,0.0,0.0,0.0,0.0,0.0,0.0,0.0,0.0,0.0,0.0,0.0
240.5,3.0,14.903566939978665,17.04753200120251,18.183214906256907,18.006869993404244,16.75952637969464,16.898940266713254,17.65482257134282,18.473548711510347,19.08194944004471,19.072152168833473,1.0,1.0,1.0,1.0,1.0,1.0,1.0,1.0,1.0,1.0
240.75,4.0,15.713924261441925,16.46090246224654,15.364466172164775,14.713826757242426,16.052684317078064,15.61183866417544,15.263022609255717,14.844498871006822,15.871634836381713,16.7687718487289,1.0,1.0,1.0,1.0,1.0,1.0,1.0,1.0,1.0,1.0
241.0,1.0,16.362819296331672,15.728820294774703,16.578419728886043,17.595497218773932,18.23674690095482,18.322877531153942,17.540838671252935,16.96467760211456,17.557547096025303,16.990055559682915,1.0,1.0,1.0,1.0,1.0,1.0,1.0,1.0,1.0,1.0
241.25,2.0,15.734890750257792,15.896732681295536,16.52700063806388,16.3486198972018,11.113212370031025,9.631192936403897,10.261512386737344,9.60130931634729,10.432172649212717,9.410744064340061,1.0,1.0,1.0,1.0,1.0,1.0,1.0,1.0,1.0,1.0
241.5,3.0,0.0,0.0,0.0,0.0,0.0,0.0,0.0,0.0,0.0,0.0,0.0,0.0,0.0,0.0,0.0,0.0,0.0,0.0,0.0,0.0
241.75,4.0,15.969072550700643,16.144965031703766,15.555126907161236,15.756051882874695,15.04425884750205,14.556459261695121,14.48883656134654,14.847237739408346,15.627106331849149,16.464382990608517,1.0,1.0,1.0,1.0,1.0,1.0,1.0,1.0,1.0,1.0
242.0,1.0,16.413245730258218,16.132603643859664,17.65902782632527,19.06965157602172,18.688808651141986,19.11456550842947,17.77896819950687,17.053256379059405,16.498469396617725,16.110608103157027,1.0,1.0,1.0,1.0,1.0,1.0,1.0,1.0,1.0,1.0
242.25,2.0,0.0,0.0,0.0,0.0,0.0,0.0,0.0,0.0,0.0,0.0,0.0,0.0,0.0,0.0,0.0,0.0,0.0,0.0,0.0,0.0
242.5,3.0,15.704771112728386,16.537909398150955,18.52241783549293,18.157534786385053,18.192272853789618,17.966138581863184,18.880401281892176,17.983713582453667,17.421672477592246,16.859399315486634,1.0,1.0,1.0,1.0,1.0,1.0,1.0,1.0,1.0,1.0
242.75,4.0,16.081520152698754,16.25662830960157,17.10834993004337,16.019753888479194,15.448160846835457,14.981613565249686,15.523803493185605,15.438202824326172,15.42431841586562,16.301217226007164,1.0,1.0,1.0,1.0,1.0,1.0,1.0,1.0,1.0,1.0
243.0,1.0,0.0,0.0,0.0,0.0,0.0,0.0,0.0,0.0,0.0,0.0,0.0,0.0,0.0,0.0,0.0,0.0,0.0,0.0,0.0,0.0
243.25,2.0,15.899713387901649,15.541328209687057,15.038990554022844,13.88596132682421,11.841589279960257,11.33495239374628,11.27417170988659,11.193441783170853,11.732323839793429,11.663968381394906,1.0,1.0,1.0,1.0,1.0,1.0,1.0,1.0,1.0,1.0
243.5,3.0,15.563886922221418,17.360373812339418,18.41980627822926,18.74576698074163,18.271980926598296,17.181943606129707,16.479530039527408,16.471133117449533,16.0405750600469,16.261741316766212,1.0,1.0,1.0,1.0,1.0,1.0,1.0,1.0,1.0,1.0
243.75,4.0,0.0,0.0,0.0,0.0,0.0,0.0,0.0,0.0,0.0,0.0,0.0,0.0,0.0,0.0,0.0,0.0,0.0,0.0,0.0,0.0
244.0,1.0,16.368672691823235,17.168591880545474,17.523790722968414,18.90047980269669,18.393694638901938,17.823429730605163,16.002198159089158,16.346793649341677,16.802486811394086,16.79726035558631,1.0,1.0,1.0,1.0,1.0,1.0,1.0,1.0,1.0,1.0
244.25,2.0,16.186712402512583,14.15690560080551,13.701420384350518,13.885890661553814,12.241310891893425,11.972665164101876,12.98910312222894,12.652427681478928,13.412455374199702,12.17611685362948,1.0,1.0,1.0,1.0,1.0,1.0,1.0,1.0,1.0,1.0
244.5,3.0,0.0,0.0,0.0,0.0,0.0,0.0,0.0,0.0,0.0,0.0,0.0,0.0,0.0,0.0,0.0,0.0,0.0,0.0,0.0,0.0
244.75,4.0,15.244395042360406,16.152567089957646,15.074986707173572,15.81448535565546,15.162794299810756,15.638116750477398,15.404544269193806,16.323400781991193,16.938698736014036,17.252339902521243,1.0,1.0,1.0,1.0,1.0,1.0,1.0,1.0,1.0,1.0
245.0,1.0,15.767531350468271,16.502592439357493,17.869643965851907,18.047800697721424,18.271863341901177,18.144223202805414,16.479379554773736,16.4818176315714,16.779382308423635,15.958714245167029,1.0,1.0,1.0,1.0,1.0,1.0,1.0,1.0,1.0,1.0
245.25,2.0,0.0,0.0,0.0,0.0,0.0,0.0,0.0,0.0,0.0,0.0,0.0,0.0,0.0,0.0,0.0,0.0,0.0,0.0,0.0,0.0
245.5,3.0,16.70069703145065,18.436019054417095,18.21735925469453,19.209574712886763,18.244761531352854,15.556872122100483,14.751389362290976,15.179467117712816,16.104928577090494,16.606456854824735,1.0,1.0,1.0,1.0,1.0,1.0,1.0,1.0,1.0,1.0
245.75,4.0,16.089170377003,15.871140875328852,15.553450025736016,16.140671119717073,16.15085504676938,16.802906105513927,16.619684318851213,17.458056307422478,17.842286704747046,17.560098027059087,1.0,1.0,1.0,1.0,1.0,1.0,1.0,1.0,1.0,1.0
246.0,1.0,15.862502230304253,16.83718286887217,18.1971705578241,18.27358265624809,18.418794137992172,18.47187546857917,17.451829870489856,17.28744425156884,17.111789105165535,16.135777621518464,1.0,1.0,1.0,1.0,1.0,1.0,1.0,1.0,1.0,1.0
246.25,2.0,14.989540029021853,14.0068937446697,14.73543327682059,13.628570682627634,12.915157217092828,12.328187460679215,12.371046979120118,12.184897468147666,12.217145121325242,11.76126512989745,1.0,1.0,1.0,1.0,1.0,1.0,1.0,1.0,1.0,1.0
246.5,3.0,0.0,0.0,0.0,0.0,0.0,0.0,0.0,0.0,0.0,0.0,0.0,0.0,0.0,0.0,0.0,0.0,0.0,0.0,0.0,0.0
246.75,4.0,15.644003171290123,16.209030445422556,15.286549601990258,16.232710301878807,16.609315112417633,16.868197672451352,17.026435552566568,17.749268042103946,18.440811564701523,18.082812819298322,1.0,1.0,1.0,1.0,1.0,1.0,1.0,1.0,1.0,1.0
247.0,1.0,14.788011556418972,17.2108042135738,18.562862129130153,18.61988374871937,17.84978796755825,17.04516138498442,17.137169837039913,16.86937534106188,17.30661875306984,16.024046879761325,1.0,1.0,1.0,1.0,1.0,1.0,1.0,1.0,1.0,1.0
247.25,2.0,14.944127646982224,13.83407746222779,13.284090877092677,11.629471185772639,11.564995432266118,11.032163117598227,10.910332655930027,12.416040694848277,11.846410565529656,12.577238505276718,1.0,1.0,1.0,1.0,1.0,1.0,1.0,1.0,1.0,1.0
247.5,3.0,18.977163673912948,16.846351113100287,17.14996972623147,17.76711785995749,16.71875008035967,15.362459727849425,15.534496770877478,16.333139342904623,14.951888121401876,14.334648828513107,1.0,1.0,1.0,1.0,1.0,1.0,1.0,1.0,1.0,1.0
247.75,4.0,15.731408033031682,16.042337518091557,15.445479495151792,16.7878590886917,16.94058213657007,16.93439276504141,17.07533810117887,17.095880752863938,17.344321208430337,18.40272043108118,1.0,1.0,1.0,1.0,1.0,1.0,1.0,1.0,1.0,1.0
248.0,1.0,0.0,0.0,0.0,0.0,0.0,0.0,0.0,0.0,0.0,0.0,0.0,0.0,0.0,0.0,0.0,0.0,0.0,0.0,0.0,0.0
248.25,2.0,0.0,0.0,0.0,0.0,0.0,0.0,0.0,0.0,0.0,0.0,0.0,0.0,0.0,0.0,0.0,0.0,0.0,0.0,0.0,0.0
248.5,3.0,17.256769033421442,15.515046363358094,17.178445940030638,17.801173767630686,17.355807964003876,16.764783000739662,16.442696904412742,15.51707736350645,14.328109979228712,13.173781052616901,1.0,1.0,1.0,1.0,1.0,1.0,1.0,1.0,1.0,1.0
248.75,4.0,16.36983822364018,16.093254230378204,16.346604682663674,17.57993953137273,17.356019806457837,17.130834965951802,16.565495075774745,16.553507377624666,17.227014228327292,17.95901702033873,1.0,1.0,1.0,1.0,1.0,1.0,1.0,1.0,1.0,1.0
249.0,1.0,16.16005920588336,18.518195600448635,18.401290149750913,18.259343918957217,16.85815895873901,16.7218758061785,16.883597355529364,16.992464448358525,16.526707076432828,15.127823770200488,1.0,1.0,1.0,1.0,1.0,1.0,1.0,1.0,1.0,1.0
249.25,2.0,15.505531731650402,14.078902601907213,12.790872825652043,12.252424204644202,11.306292815522902,11.444500665152987,11.570456512215136,12.99908267882964,13.573672537668328,13.901404803344425,1.0,1.0,1.0,1.0,1.0,1.0,1.0,1.0,1.0,1.0
249.5,3.0,0.0,0.0,0.0,0.0,0.0,0.0,0.0,0.0,0.0,0.0,0.0,0.0,0.0,0.0,0.0,0.0,0.0,0.0,0.0,0.0
249.75,4.0,15.237491978303014,16.566445203054556,16.94124395970563,17.98164812089493,16.94002742021909,17.149252804426816,16.973765274321842,16.987561694501853,17.63891816316395,18.14554608534829,1.0,1.0,1.0,1.0,1.0,1.0,1.0,1.0,1.0,1.0
250.0,1.0,15.830018618631666,17.835468131403243,17.82868651303078,18.01256990056658,16.310274278368496,16.146171509837114,17.314604659929188,16.774596587798356,16.440431840714293,15.801540955799238,1.0,1.0,1.0,1.0,1.0,1.0,1.0,1.0,1.0,1.0
250.25,2.0,0.0,0.0,0.0,0.0,0.0,0.0,0.0,0.0,0.0,0.0,0.0,0.0,0.0,0.0,0.0,0.0,0.0,0.0,0.0,0.0
250.5,3.0,15.12143168198,14.877175252583513,15.654543724905736,15.484739240789125,16.049211996559364,15.251376650957077,15.129355801659843,13.81354931296252,14.314036135774044,14.90529865198241,1.0,1.0,1.0,1.0,1.0,1.0,1.0,1.0,1.0,1.0
250.75,4.0,14.39662229348125,17.198247818261837,17.153788182961105,16.659192804158792,16.406126844591135,17.29873093827566,16.422972355422516,16.794395562936757,17.330172944758875,18.48287002343818,1.0,1.0,1.0,1.0,1.0,1.0,1.0,1.0,1.0,1.0
251.0,1.0,0.0,0.0,0.0,0.0,0.0,0.0,0.0,0.0,0.0,0.0,0.0,0.0,0.0,0.0,0.0,0.0,0.0,0.0,0.0,0.0
251.25,2.0,14.88553555288676,14.257342489898761,11.96545429736243,12.64320841521342,13.665942692841401,12.963225639084726,12.955567576527004,13.17217525225971,13.643508691603529,13.968550703468921,1.0,1.0,1.0,1.0,1.0,1.0,1.0,1.0,1.0,1.0
251.5,3.0,13.584626851618145,15.099195329710556,15.528637014847247,14.961218546158184,16.094877466099348,15.093841691974786,15.224094476693875,15.215364013850403,16.018871785307265,15.765184579015983,1.0,1.0,1.0,1.0,1.0,1.0,1.0,1.0,1.0,1.0
251.75,4.0,0.0,0.0,0.0,0.0,0.0,0.0,0.0,0.0,0.0,0.0,0.0,0.0,0.0,0.0,0.0,0.0,0.0,0.0,0.0,0.0
252.0,1.0,14.096130090445596,15.559542412645712,15.664358342566167,14.987950852526286,16.91690708139599,16.380105703837295,16.391273264482162,16.224535355081578,16.234105456383016,16.043093605408718,1.0,1.0,1.0,1.0,1.0,1.0,1.0,1.0,1.0,1.0
252.25,2.0,13.432480105098696,13.225591084525801,11.998536274833876,13.046807253110549,12.907154113536407,12.600058911503368,12.850649073065332,12.676014800509284,13.419989681503386,13.555924088966643,1.0,1.0,1.0,1.0,1.0,1.0,1.0,1.0,1.0,1.0
252.5,3.0,0.0,0.0,0.0,0.0,0.0,0.0,0.0,0.0,0.0,0.0,0.0,0.0,0.0,0.0,0.0,0.0,0.0,0.0,0.0,0.0
252.75,4.0,16.03519954338303,18.027966272452872,19.803683767269362,18.233699230602152,15.863798824417183,16.036574284338542,16.881818148496155,17.46176553609372,18.290176394016,19.580265190225674,1.0,1.0,1.0,1.0,1.0,1.0,1.0,1.0,1.0,1.0
253.0,1.0,13.807489274783986,15.294741833027828,15.947109405548918,15.084110555958349,15.687053411860887,15.99402235844626,15.74563699022611,15.722092160497054,15.518616665646794,16.22745685122917,1.0,1.0,1.0,1.0,1.0,1.0,1.0,1.0,1.0,1.0
253.25,2.0,0.0,0.0,0.0,0.0,0.0,0.0,0.0,0.0,0.0,0.0,0.0,0.0,0.0,0.0,0.0,0.0,0.0,0.0,0.0,0.0
253.5,3.0,14.969493308109461,15.072897497006378,14.787334069359547,14.957282810297276,15.75314193220904,13.889612897201916,14.784525425549129,15.49649697675717,15.51826223443912,16.033959342294377,1.0,1.0,1.0,1.0,1.0,1.0,1.0,1.0,1.0,1.0
253.75,4.0,16.118139779243847,18.356466425021793,18.96181870610122,17.049183020047273,14.434521826055965,15.328519679764344,16.718767996148976,17.7031500279311,17.774276290818186,18.606456341275162,1.0,1.0,1.0,1.0,1.0,1.0,1.0,1.0,1.0,1.0
254.0,1.0,14.21757032988442,15.20431573593436,15.801102475638707,13.395163467529928,14.23260544426808,15.087875866830577,14.6443511629041,14.729062474092665,14.972965514665116,15.792016456970707,1.0,1.0,1.0,1.0,1.0,1.0,1.0,1.0,1.0,1.0
254.25,2.0,12.133593407401989,11.833285318925672,12.939603023540661,14.785715568308719,14.049921226297068,13.197727243499152,14.14234600530608,13.328885354397393,14.697427109910599,15.523290214380905,1.0,1.0,1.0,1.0,1.0,1.0,1.0,1.0,1.0,1.0
254.5,3.0,0.0,0.0,0.0,0.0,0.0,0.0,0.0,0.0,0.0,0.0,0.0,0.0,0.0,0.0,0.0,0.0,0.0,0.0,0.0,0.0
254.75,4.0,16.257463656256565,17.266558746254734,16.86038349805522,15.521423034287471,14.768390235160286,15.106394750136639,16.421063389578663,16.305174903577363,16.98464918821562,17.83536394852497,1.0,1.0,1.0,1.0,1.0,1.0,1.0,1.0,1.0,1.0
255.0,1.0,14.771465935113095,15.523458661495157,13.910911608491505,12.987476039014382,14.91084502913064,15.640772683027242,15.784189502423617,15.407488870314758,15.414952297652482,16.02602835940248,1.0,1.0,1.0,1.0,1.0,1.0,1.0,1.0,1.0,1.0
255.25,2.0,10.222265996480484,12.258915645283446,13.62511940913401,14.78382662012943,14.43727650845944,15.217141531252064,15.488872066774638,15.229847077382248,16.139174944833368,17.219945872432408,1.0,1.0,1.0,1.0,1.0,1.0,1.0,1.0,1.0,1.0
255.5,3.0,14.576551249953374,13.935713886631765,14.346729410763364,14.657288281310064,16.22010578368037,15.779621742047707,15.785579653320681,15.815216799623414,15.088020128093307,14.788670031541884,1.0,1.0,1.0,1.0,1.0,1.0,1.0,1.0,1.0,1.0
255.75,4.0,17.000246005165742,16.647328375268877,16.123979116226927,16.86996818755793,16.079068264934044,15.699253017210928,15.8698291473475,15.506366915170963,15.473435759492434,16.814468903465656,1.0,1.0,1.0,1.0,1.0,1.0,1.0,1.0,1.0,1.0
256.0,1.0,0.0,0.0,0.0,0.0,0.0,0.0,0.0,0.0,0.0,0.0,0.0,0.0,0.0,0.0,0.0,0.0,0.0,0.0,0.0,0.0
256.25,2.0,0.0,0.0,0.0,0.0,0.0,0.0,0.0,0.0,0.0,0.0,0.0,0.0,0.0,0.0,0.0,0.0,0.0,0.0,0.0,0.0
256.5,3.0,15.294694355581713,14.95005659878404,16.47692397838312,17.15809189702549,16.464623069598908,15.964639288908225,15.414111182250233,15.584088070186304,15.79011005081119,15.943339584584875,1.0,1.0,1.0,1.0,1.0,1.0,1.0,1.0,1.0,1.0
256.75,4.0,0.0,0.0,0.0,0.0,0.0,0.0,0.0,0.0,0.0,0.0,0.0,0.0,0.0,0.0,0.0,0.0,0.0,0.0,0.0,0.0
257.0,1.0,12.884782074398421,13.357473130941328,12.556129726344352,14.34755029414706,16.42483301657517,16.479222471785818,16.142831536879534,17.11993382675784,16.17197969278062,16.537704340435724,1.0,1.0,1.0,1.0,1.0,1.0,1.0,1.0,1.0,1.0
257.25,2.0,11.981935894098905,13.506769069426003,13.215673622960308,13.338719042664872,14.552737921733538,16.566182995370987,17.377479365301966,17.21819475081461,17.3263072678339,16.418309542275438,1.0,1.0,1.0,1.0,1.0,1.0,1.0,1.0,1.0,1.0
257.5,3.0,0.0,0.0,0.0,0.0,0.0,0.0,0.0,0.0,0.0,0.0,0.0,0.0,0.0,0.0,0.0,0.0,0.0,0.0,0.0,0.0
257.75,4.0,16.285529503087016,15.780614463286204,17.21930306349295,17.136259287651434,16.55229149875859,15.989784467928954,16.542044662040773,15.852368960114626,16.541194987361585,17.43913906272002,1.0,1.0,1.0,1.0,1.0,1.0,1.0,1.0,1.0,1.0
258.0,1.0,12.173873308676415,13.478587153238474,13.583832438458257,15.478386192249985,16.301156592395166,17.437104495565563,17.47839458621189,18.064372516734164,16.547643890198675,17.09090189255406,1.0,1.0,1.0,1.0,1.0,1.0,1.0,1.0,1.0,1.0
258.25,2.0,0.0,0.0,0.0,0.0,0.0,0.0,0.0,0.0,0.0,0.0,0.0,0.0,0.0,0.0,0.0,0.0,0.0,0.0,0.0,0.0
258.5,3.0,17.413015804704145,17.705678302175507,17.348949205698776,16.502874015483975,15.945219528449655,15.865486705615877,16.6664468543013,17.141525922339476,16.43299331914395,16.295349838831378,1.0,1.0,1.0,1.0,1.0,1.0,1.0,1.0,1.0,1.0
258.75,4.0,16.551185881238798,16.85521363833797,17.924692651208773,17.40842942280172,16.606736613074762,16.262715135148593,17.19616204396454,16.637695244810747,16.80080799103216,16.613129461546617,1.0,1.0,1.0,1.0,1.0,1.0,1.0,1.0,1.0,1.0
259.0,1.0,0.0,0.0,0.0,0.0,0.0,0.0,0.0,0.0,0.0,0.0,0.0,0.0,0.0,0.0,0.0,0.0,0.0,0.0,0.0,0.0
259.25,2.0,12.65496233851511,14.004573593259515,15.47395499281252,16.132347908444004,16.283452058440616,17.03720071967476,16.3268530234363,15.837128710505269,15.377076886131311,15.190353643463764,1.0,1.0,1.0,1.0,1.0,1.0,1.0,1.0,1.0,1.0
259.5,3.0,0.0,0.0,0.0,0.0,0.0,0.0,0.0,0.0,0.0,0.0,0.0,0.0,0.0,0.0,0.0,0.0,0.0,0.0,0.0,0.0
259.75,4.0,0.0,0.0,0.0,0.0,0.0,0.0,0.0,0.0,0.0,0.0,0.0,0.0,0.0,0.0,0.0,0.0,0.0,0.0,0.0,0.0
260.0,1.0,13.300874129147358,15.516638234135094,15.928001712948962,16.466170939264767,19.050492517760024,18.480606754255394,18.014209138344967,17.427008730804236,16.40467689631509,16.029344570262833,1.0,1.0,1.0,1.0,1.0,1.0,1.0,1.0,1.0,1.0
260.25,2.0,12.75042722855881,13.805479800749769,15.613577070045466,15.583159103072191,14.236948315233251,15.592879708738353,15.273785744781886,15.349765141025705,14.846509701187177,15.134857087034659,1.0,1.0,1.0,1.0,1.0,1.0,1.0,1.0,1.0,1.0
260.5,3.0,0.0,0.0,0.0,0.0,0.0,0.0,0.0,0.0,0.0,0.0,0.0,0.0,0.0,0.0,0.0,0.0,0.0,0.0,0.0,0.0
260.75,4.0,17.235121963447362,18.430501567683322,17.849030031482474,15.72204107596886,14.884524855775776,14.830443797151045,16.71931443425558,17.10466135149384,16.482281430711005,16.6897871525657,1.0,1.0,1.0,1.0,1.0,1.0,1.0,1.0,1.0,1.0
261.0,1.0,13.724515646604717,16.025214605208493,15.574594898260314,16.348610326698665,18.252941763207286,18.139065021701803,17.77801231053157,17.270650801317892,17.124907356024746,17.46862201005984,1.0,1.0,1.0,1.0,1.0,1.0,1.0,1.0,1.0,1.0
261.25,2.0,0.0,0.0,0.0,0.0,0.0,0.0,0.0,0.0,0.0,0.0,0.0,0.0,0.0,0.0,0.0,0.0,0.0,0.0,0.0,0.0
261.5,3.0,16.557108732253397,17.551784283057163,17.37069265372714,15.975151684758426,14.878726086549344,14.729518378863208,14.685678048122334,15.240508923633032,14.258173141537467,15.482666545805564,1.0,1.0,1.0,1.0,1.0,1.0,1.0,1.0,1.0,1.0
261.75,4.0,17.092186706674998,18.186555543548845,16.992917803737235,15.527713771211651,14.645319783135728,14.901123993941832,16.256787154937197,16.947929170702842,16.134141887483768,16.324241272838165,1.0,1.0,1.0,1.0,1.0,1.0,1.0,1.0,1.0,1.0
262.0,1.0,14.591858930883502,15.072795451465243,16.150363234107196,17.49747829675657,17.62221928038303,18.196924408032054,17.76603348800897,17.59011999536612,18.43295824739228,18.944112966696842,1.0,1.0,1.0,1.0,1.0,1.0,1.0,1.0,1.0,1.0
262.25,2.0,14.447703657662451,14.960821148433382,15.41763963953905,15.86844203398735,14.925415615985465,14.641469209020538,14.099366981964298,14.274876248915525,15.351793050514694,16.29639798465269,1.0,1.0,1.0,1.0,1.0,1.0,1.0,1.0,1.0,1.0
262.5,3.0,0.0,0.0,0.0,0.0,0.0,0.0,0.0,0.0,0.0,0.0,0.0,0.0,0.0,0.0,0.0,0.0,0.0,0.0,0.0,0.0
262.75,4.0,16.950047304765278,17.19686719101641,15.917527163524145,15.357966627585732,14.690017171464715,14.669895928494777,16.09322818619848,16.190861774399547,16.42671075099153,15.647474319366628,1.0,1.0,1.0,1.0,1.0,1.0,1.0,1.0,1.0,1.0
263.0,1.0,14.075477729751862,15.262695527666349,16.34457967854304,17.01864879140477,18.383508901339706,18.2784926241149,18.669686598086212,18.858412461908316,20.086126712338586,19.603670176181087,1.0,1.0,1.0,1.0,1.0,1.0,1.0,1.0,1.0,1.0
263.25,2.0,0.0,0.0,0.0,0.0,0.0,0.0,0.0,0.0,0.0,0.0,0.0,0.0,0.0,0.0,0.0,0.0,0.0,0.0,0.0,0.0
263.5,3.0,15.647637073947894,16.14453504248251,15.503319750565463,14.1753093821203,14.772458409031197,14.297677708097812,15.610772209700041,15.554518858020973,15.389037482975473,16.69015391475494,1.0,1.0,1.0,1.0,1.0,1.0,1.0,1.0,1.0,1.0
263.75,4.0,16.416300063912843,16.994254436209005,15.668424779491572,14.375866771105297,14.707258591789852,14.951080454142193,16.55364987819752,16.715306983791674,16.153366741328433,14.335730540480535,1.0,1.0,1.0,1.0,1.0,1.0,1.0,1.0,1.0,1.0
264.0,1.0,0.0,0.0,0.0,0.0,0.0,0.0,0.0,0.0,0.0,0.0,0.0,0.0,0.0,0.0,0.0,0.0,0.0,0.0,0.0,0.0
264.25,2.0,0.0,0.0,0.0,0.0,0.0,0.0,0.0,0.0,0.0,0.0,0.0,0.0,0.0,0.0,0.0,0.0,0.0,0.0,0.0,0.0
264.5,3.0,14.62269645826311,16.06258796551835,15.484515460958033,14.930300585048538,15.724513682046926,15.668760945857128,16.76678547696038,16.95054183283349,17.523977333538376,18.751419387166543,1.0,1.0,1.0,1.0,1.0,1.0,1.0,1.0,1.0,1.0
264.75,4.0,0.0,0.0,0.0,0.0,0.0,0.0,0.0,0.0,0.0,0.0,0.0,0.0,0.0,0.0,0.0,0.0,0.0,0.0,0.0,0.0
265.0,1.0,15.651277543379523,15.701049025731141,15.908060486445867,17.21422253674608,19.64504102519825,18.182908656747514,18.964747913020513,18.942956982615968,18.277171205751056,18.98754320595762,1.0,1.0,1.0,1.0,1.0,1.0,1.0,1.0,1.0,1.0
265.25,2.0,15.091746959872888,15.596867343571537,15.174448520937762,14.702001643834558,16.13959752567982,15.703968915564174,15.093476664219667,15.574428348783147,15.590101041182537,16.072285609286816,1.0,1.0,1.0,1.0,1.0,1.0,1.0,1.0,1.0,1.0
265.5,3.0,0.0,0.0,0.0,0.0,0.0,0.0,0.0,0.0,0.0,0.0,0.0,0.0,0.0,0.0,0.0,0.0,0.0,0.0,0.0,0.0
265.75,4.0,16.82553053336161,16.00054486730074,14.536448692553593,14.027974776530618,14.60297956917187,13.777624084096535,14.521486470810228,13.48666825911143,13.368049111904226,13.11300397815251,1.0,1.0,1.0,1.0,1.0,1.0,1.0,1.0,1.0,1.0
266.0,1.0,14.848014854598954,14.715228853237331,16.55196537645719,17.884554390669596,18.87958425505149,17.67478963118574,18.772156044823245,18.8223440520424,18.09013511467545,18.482581760696394,1.0,1.0,1.0,1.0,1.0,1.0,1.0,1.0,1.0,1.0
266.25,2.0,0.0,0.0,0.0,0.0,0.0,0.0,0.0,0.0,0.0,0.0,0.0,0.0,0.0,0.0,0.0,0.0,0.0,0.0,0.0,0.0
266.5,3.0,13.245528804846465,15.503793595817845,14.855920380556585,17.144389511784404,18.40177161380203,17.30211789490804,17.603998699125096,17.279004255681905,17.466392145036792,18.50843281582186,1.0,1.0,1.0,1.0,1.0,1.0,1.0,1.0,1.0,1.0
266.75,4.0,14.941038560514539,15.160837043743472,14.120356234901239,13.320930968205268,14.429268297246322,13.606159125399742,14.061774970889426,14.02472099581348,13.87920940687783,14.1918243994676,1.0,1.0,1.0,1.0,1.0,1.0,1.0,1.0,1.0,1.0
267.0,1.0,0.0,0.0,0.0,0.0,0.0,0.0,0.0,0.0,0.0,0.0,0.0,0.0,0.0,0.0,0.0,0.0,0.0,0.0,0.0,0.0
267.25,2.0,15.669949546281554,16.76746268361709,15.275955588477382,15.555545031466284,17.266493920301617,18.051282096665254,17.47641492898038,17.098718575348077,16.374866177303165,16.750799837829714,1.0,1.0,1.0,1.0,1.0,1.0,1.0,1.0,1.0,1.0
267.5,3.0,0.0,0.0,0.0,0.0,0.0,0.0,0.0,0.0,0.0,0.0,0.0,0.0,0.0,0.0,0.0,0.0,0.0,0.0,0.0,0.0
267.75,4.0,0.0,0.0,0.0,0.0,0.0,0.0,0.0,0.0,0.0,0.0,0.0,0.0,0.0,0.0,0.0,0.0,0.0,0.0,0.0,0.0
268.0,1.0,14.820538823461636,15.528788401640973,17.236385227273974,18.178054167849762,17.806167698728242,16.511295276197067,17.124460458881273,16.697755057721388,16.301417491758123,17.60962170665859,1.0,1.0,1.0,1.0,1.0,1.0,1.0,1.0,1.0,1.0
268.25,2.0,14.92440023001757,15.585556639334216,15.25332178391339,16.791508318347653,18.18059610421487,18.740358372355708,18.20874724801119,17.605970676633422,17.316716994740098,18.329100121768896,1.0,1.0,1.0,1.0,1.0,1.0,1.0,1.0,1.0,1.0
268.5,3.0,0.0,0.0,0.0,0.0,0.0,0.0,0.0,0.0,0.0,0.0,0.0,0.0,0.0,0.0,0.0,0.0,0.0,0.0,0.0,0.0
268.75,4.0,13.555829531510478,13.828339722100756,12.572717132601653,13.180068760004197,13.899842590597533,14.388952202754664,15.40780488043125,15.830335873852215,16.14232263987482,15.885618551385285,1.0,1.0,1.0,1.0,1.0,1.0,1.0,1.0,1.0,1.0
269.0,1.0,14.34685941033601,15.52853766449118,18.76830137605114,18.690781598969163,17.715016420436932,17.61673389109767,18.65340403031117,18.159695474196063,17.891491964913353,17.466161845165605,1.0,1.0,1.0,1.0,1.0,1.0,1.0,1.0,1.0,1.0
269.25,2.0,0.0,0.0,0.0,0.0,0.0,0.0,0.0,0.0,0.0,0.0,0.0,0.0,0.0,0.0,0.0,0.0,0.0,0.0,0.0,0.0
269.5,3.0,14.058645351630439,14.753422858982546,15.48806373287158,16.00903919534566,17.200647387910287,16.658551065819793,17.579865803842424,17.992249454170686,16.314393471850348,15.904527754445152,1.0,1.0,1.0,1.0,1.0,1.0,1.0,1.0,1.0,1.0
269.75,4.0,14.097467507568926,13.931606597370015,12.825998508248675,15.011616814958659,16.25446199471873,15.582533394591783,16.577804772057426,15.797944017297334,15.348070613234851,15.246529293905168,1.0,1.0,1.0,1.0,1.0,1.0,1.0,1.0,1.0,1.0
270.0,1.0,15.017728835701144,17.421421672475002,19.894043827647835,19.651474968104317,19.00492023088478,18.195845947226832,18.407984710553983,16.228388956775255,15.981233007698483,15.439154910940417,1.0,1.0,1.0,1.0,1.0,1.0,1.0,1.0,1.0,1.0
270.25,2.0,15.43263012078828,15.838674702333853,15.631563387080272,17.328570620315087,18.23358376676697,18.389039791079433,19.18199742914774,19.018026114024376,17.587221107689636,17.685586682322082,1.0,1.0,1.0,1.0,1.0,1.0,1.0,1.0,1.0,1.0
270.5,3.0,0.0,0.0,0.0,0.0,0.0,0.0,0.0,0.0,0.0,0.0,0.0,0.0,0.0,0.0,0.0,0.0,0.0,0.0,0.0,0.0
270.75,4.0,14.296477792761488,14.378370923184917,13.889294446784442,16.192288178683427,15.959491341313507,15.660936229624824,15.567286020680935,16.111926937778467,16.38379725263953,15.830609147895434,1.0,1.0,1.0,1.0,1.0,1.0,1.0,1.0,1.0,1.0
271.0,1.0,16.32836481101576,17.719726768800218,19.112950195568725,19.204415568819897,19.559237842248717,17.177717929208544,17.234344098083948,14.873095970914997,14.953411179310487,15.037478715109302,1.0,1.0,1.0,1.0,1.0,1.0,1.0,1.0,1.0,1.0
271.25,2.0,0.0,0.0,0.0,0.0,0.0,0.0,0.0,0.0,0.0,0.0,0.0,0.0,0.0,0.0,0.0,0.0,0.0,0.0,0.0,0.0
271.5,3.0,14.362345373953735,17.074802962562405,18.130537337726643,16.84437426351097,16.68000893108601,15.783080658261392,16.164155457918,16.692100635288774,16.868314131021048,16.487358982422496,1.0,1.0,1.0,1.0,1.0,1.0,1.0,1.0,1.0,1.0
271.75,4.0,14.274168262941142,15.769448365087692,15.292219973675076,15.873577973201964,16.056732841102367,16.02478441523033,16.27885040535932,16.42648292382281,16.810223665265035,17.316022431253103,1.0,1.0,1.0,1.0,1.0,1.0,1.0,1.0,1.0,1.0
272.0,1.0,0.0,0.0,0.0,0.0,0.0,0.0,0.0,0.0,0.0,0.0,0.0,0.0,0.0,0.0,0.0,0.0,0.0,0.0,0.0,0.0
272.25,2.0,0.0,0.0,0.0,0.0,0.0,0.0,0.0,0.0,0.0,0.0,0.0,0.0,0.0,0.0,0.0,0.0,0.0,0.0,0.0,0.0
272.5,3.0,15.531670187370185,18.989508764068088,17.404306182527304,15.82441750086047,15.487701297761207,15.280652560278073,15.901222364532583,16.45359556754109,18.17403178144641,17.627622220462015,1.0,1.0,1.0,1.0,1.0,1.0,1.0,1.0,1.0,1.0
272.75,4.0,0.0,0.0,0.0,0.0,0.0,0.0,0.0,0.0,0.0,0.0,0.0,0.0,0.0,0.0,0.0,0.0,0.0,0.0,0.0,0.0
273.0,1.0,16.396242443756584,18.231989751781246,19.440541286177606,19.11475960243875,16.367494370008608,14.692060656730577,14.655066035220038,13.843182172131323,14.787874181113214,14.892382515438138,1.0,1.0,1.0,1.0,1.0,1.0,1.0,1.0,1.0,1.0
273.25,2.0,16.019405609892228,16.715177064388463,16.798131863593195,17.33787875567144,17.789168166701263,16.35272874743093,15.973023100459308,15.405959027854202,14.866218022696167,15.472300193318159,1.0,1.0,1.0,1.0,1.0,1.0,1.0,1.0,1.0,1.0
273.5,3.0,0.0,0.0,0.0,0.0,0.0,0.0,0.0,0.0,0.0,0.0,0.0,0.0,0.0,0.0,0.0,0.0,0.0,0.0,0.0,0.0
273.75,4.0,15.074911201125245,15.459905160550152,15.77056702002561,15.547711337542397,16.202884618003555,15.74423814758965,17.07362113326136,16.861472023632754,18.133134923802704,19.451604237171612,1.0,1.0,1.0,1.0,1.0,1.0,1.0,1.0,1.0,1.0
274.0,1.0,16.674612940874137,17.535289267344695,18.681798527887523,18.061490621420894,16.65567785197018,15.320550344490236,14.810261579611428,13.976173328610535,14.463902211180779,14.951297060324663,1.0,1.0,1.0,1.0,1.0,1.0,1.0,1.0,1.0,1.0
274.25,2.0,0.0,0.0,0.0,0.0,0.0,0.0,0.0,0.0,0.0,0.0,0.0,0.0,0.0,0.0,0.0,0.0,0.0,0.0,0.0,0.0
274.5,3.0,16.53962413236939,18.349176071591337,16.687696622752156,16.468014308125316,18.775397193292218,17.50979905721428,17.97587170773695,17.248468211010536,17.380917493200453,18.173810775026123,1.0,1.0,1.0,1.0,1.0,1.0,1.0,1.0,1.0,1.0
274.75,4.0,13.405569294439756,15.12775321695266,14.912036605021484,15.314911802571942,16.094651410617544,15.474999355541584,16.93200915943981,18.605599320094242,19.664397620432744,21.73048305403202,1.0,1.0,1.0,1.0,1.0,1.0,1.0,1.0,1.0,1.0
275.0,1.0,0.0,0.0,0.0,0.0,0.0,0.0,0.0,0.0,0.0,0.0,0.0,0.0,0.0,0.0,0.0,0.0,0.0,0.0,0.0,0.0
275.25,2.0,16.77342666995738,16.65463140035834,17.999860260008454,17.879853711546307,17.8747283484156,16.76630780622794,15.871375796065267,13.294616163400164,12.999771921728437,13.572024614858263,1.0,1.0,1.0,1.0,1.0,1.0,1.0,1.0,1.0,1.0
275.5,3.0,0.0,0.0,0.0,0.0,0.0,0.0,0.0,0.0,0.0,0.0,0.0,0.0,0.0,0.0,0.0,0.0,0.0,0.0,0.0,0.0
275.75,4.0,0.0,0.0,0.0,0.0,0.0,0.0,0.0,0.0,0.0,0.0,0.0,0.0,0.0,0.0,0.0,0.0,0.0,0.0,0.0,0.0
276.0,1.0,16.256717584323162,17.057675698817544,16.755345766258237,15.153721197580595,15.60259620775293,15.038732062882488,14.209070970028423,13.510703858666698,14.17575622604379,13.549258158995162,1.0,1.0,1.0,1.0,1.0,1.0,1.0,1.0,1.0,1.0
276.25,2.0,16.2318232076785,14.69286116554042,17.16562010276375,17.606953034755158,16.65414710397758,14.550476713071715,13.100406958519825,11.81260609294021,11.96535773484363,12.401487950047644,1.0,1.0,1.0,1.0,1.0,1.0,1.0,1.0,1.0,1.0
276.5,3.0,17.17156813211723,17.391323985769873,16.952721361125686,18.215438740579685,19.089407222380498,18.858028432008517,21.250152439143697,20.87776248835073,20.61549953933109,20.47538333027973,1.0,1.0,1.0,1.0,1.0,1.0,1.0,1.0,1.0,1.0
276.75,4.0,13.780442574340032,15.465575473050764,15.273642225333562,16.077014017390454,17.93025240255294,19.100674691391006,21.051569948713155,22.661541294062214,23.553171612829473,23.355463106554783,1.0,1.0,1.0,1.0,1.0,1.0,1.0,1.0,1.0,1.0
277.0,1.0,15.993125150496288,16.530684317914364,16.59652303401291,14.842281578175365,14.89187764198136,13.18635876516814,13.66868260090779,12.624667910818891,13.768685654000503,13.565296696113828,1.0,1.0,1.0,1.0,1.0,1.0,1.0,1.0,1.0,1.0
277.25,2.0,0.0,0.0,0.0,0.0,0.0,0.0,0.0,0.0,0.0,0.0,0.0,0.0,0.0,0.0,0.0,0.0,0.0,0.0,0.0,0.0
277.5,3.0,17.019440672545176,16.418803512571984,17.602447632210446,18.894882023120843,19.796246830996004,20.216147997878885,20.948331870620233,21.197076448656258,21.005704894036,20.107894913114368,1.0,1.0,1.0,1.0,1.0,1.0,1.0,1.0,1.0,1.0
277.75,4.0,14.141449121950327,14.87449915316773,15.340404287003647,17.806539243965712,20.079169965219858,21.477573995097256,22.4707660909691,23.40513803621312,22.567017841522997,22.76174721550708,1.0,1.0,1.0,1.0,1.0,1.0,1.0,1.0,1.0,1.0
278.0,1.0,16.079380411371908,15.980301379486098,14.09857804867785,14.230008486414203,13.82611507080428,11.979160428934563,13.02882470645164,12.366363789944694,12.986663773295197,13.45447514359977,1.0,1.0,1.0,1.0,1.0,1.0,1.0,1.0,1.0,1.0
278.25,2.0,15.651399648491047,15.217294805184865,15.633948459821768,14.572428769967878,13.488388307238784,12.313578869419535,11.126010840214546,10.661659274277136,10.029355037899817,10.73143922066814,1.0,1.0,1.0,1.0,1.0,1.0,1.0,1.0,1.0,1.0
278.5,3.0,0.0,0.0,0.0,0.0,0.0,0.0,0.0,0.0,0.0,0.0,0.0,0.0,0.0,0.0,0.0,0.0,0.0,0.0,0.0,0.0
278.75,4.0,13.906493626656786,16.264176447515144,17.340101746389273,19.589013415643198,21.038846148242495,21.819422706186533,21.86913144501663,22.878316973296677,22.39563958758259,22.588520989370263,1.0,1.0,1.0,1.0,1.0,1.0,1.0,1.0,1.0,1.0
279.0,1.0,15.28390383567867,13.802231222873026,14.138853579733043,13.154510820552572,11.925853519181599,10.993370325162967,11.566661211628032,11.556995657448608,11.630099202636607,13.380260431159353,1.0,1.0,1.0,1.0,1.0,1.0,1.0,1.0,1.0,1.0
279.25,2.0,0.0,0.0,0.0,0.0,0.0,0.0,0.0,0.0,0.0,0.0,0.0,0.0,0.0,0.0,0.0,0.0,0.0,0.0,0.0,0.0
279.5,3.0,17.681331441435503,19.156872966098398,18.17101538053808,19.73101674232084,21.712768286018342,20.85664552293113,20.946306211497813,19.986581235778814,19.228150506538622,19.00925484470312,1.0,1.0,1.0,1.0,1.0,1.0,1.0,1.0,1.0,1.0
279.75,4.0,15.09772725048454,17.41885460052547,17.658298779718805,19.56096649023926,20.736948757338425,21.679766387806335,21.58679842331735,22.89169628678807,21.495515101075313,21.736197068171332,1.0,1.0,1.0,1.0,1.0,1.0,1.0,1.0,1.0,1.0
280.0,1.0,0.0,0.0,0.0,0.0,0.0,0.0,0.0,0.0,0.0,0.0,0.0,0.0,0.0,0.0,0.0,0.0,0.0,0.0,0.0,0.0
280.25,2.0,16.361943306459224,16.008853870404216,13.578218883621648,13.971371324091622,12.858653724383487,12.402030423331087,11.00965280685455,11.030870371372115,10.1725537188558,12.311796118839375,1.0,1.0,1.0,1.0,1.0,1.0,1.0,1.0,1.0,1.0
280.5,3.0,17.96017729404069,18.87042569624388,18.439934248907452,21.1944616920569,21.66943387518445,19.992624078366546,20.15797027866515,18.459815704165212,18.77641394824901,18.394274233556615,1.0,1.0,1.0,1.0,1.0,1.0,1.0,1.0,1.0,1.0
280.75,4.0,0.0,0.0,0.0,0.0,0.0,0.0,0.0,0.0,0.0,0.0,0.0,0.0,0.0,0.0,0.0,0.0,0.0,0.0,0.0,0.0
281.0,1.0,14.551220706788792,13.217224859494918,13.302358052198588,13.141415143496243,12.171648366079614,11.547547421770332,12.955986075616352,12.628360383637473,13.789690587862834,14.817714187427212,1.0,1.0,1.0,1.0,1.0,1.0,1.0,1.0,1.0,1.0
281.25,2.0,17.298743220692202,15.10348341240013,14.871860218762478,14.641754255979935,12.484538591329104,11.753213701051079,11.08154709602866,11.062012362587172,11.413695143847812,13.352995685657827,1.0,1.0,1.0,1.0,1.0,1.0,1.0,1.0,1.0,1.0
281.5,3.0,0.0,0.0,0.0,0.0,0.0,0.0,0.0,0.0,0.0,0.0,0.0,0.0,0.0,0.0,0.0,0.0,0.0,0.0,0.0,0.0
281.75,4.0,17.011755890360927,19.17931405049452,20.07059783757434,20.869318360838285,19.647215313053128,20.037481221000963,19.576465068514704,20.49911813195468,20.336194539469506,21.597862966451356,1.0,1.0,1.0,1.0,1.0,1.0,1.0,1.0,1.0,1.0
282.0,1.0,13.664184600584983,13.946449516570995,15.554631561454975,13.928850495864042,12.52951904155728,12.800104980689913,13.497470899375896,13.35453750316981,13.78994750851391,14.240725171780054,1.0,1.0,1.0,1.0,1.0,1.0,1.0,1.0,1.0,1.0
282.25,2.0,0.0,0.0,0.0,0.0,0.0,0.0,0.0,0.0,0.0,0.0,0.0,0.0,0.0,0.0,0.0,0.0,0.0,0.0,0.0,0.0
282.5,3.0,17.628349167560245,18.897819821525037,19.42645493822619,19.574751352388752,19.94799741047923,18.736687357565327,18.54250316992048,18.98707312312633,19.024412451948997,18.171554868129512,1.0,1.0,1.0,1.0,1.0,1.0,1.0,1.0,1.0,1.0
282.75,4.0,17.903205622383016,19.650404963716383,21.647897832919956,21.861863957913503,20.128146984336993,19.37846468124745,20.181190885139454,21.290503141138913,21.24367533286691,21.624398054222176,1.0,1.0,1.0,1.0,1.0,1.0,1.0,1.0,1.0,1.0
283.0,1.0,15.342565707763352,14.610664333825804,16.160256659272818,13.891243496616672,13.201303430502298,12.865764302483164,13.369219634840574,14.020303179659079,14.362760952280057,15.207664520579838,1.0,1.0,1.0,1.0,1.0,1.0,1.0,1.0,1.0,1.0
283.25,2.0,16.612558614363902,15.803369566019523,14.931857623945199,12.324025479926958,12.14214638703368,12.307172871322711,13.066691554375728,13.908391740793451,14.099140025825323,15.148384834543384,1.0,1.0,1.0,1.0,1.0,1.0,1.0,1.0,1.0,1.0
283.5,3.0,0.0,0.0,0.0,0.0,0.0,0.0,0.0,0.0,0.0,0.0,0.0,0.0,0.0,0.0,0.0,0.0,0.0,0.0,0.0,0.0
283.75,4.0,0.0,0.0,0.0,0.0,0.0,0.0,0.0,0.0,0.0,0.0,0.0,0.0,0.0,0.0,0.0,0.0,0.0,0.0,0.0,0.0
284.0,1.0,15.596750413492495,14.715653535747185,14.513965277053337,12.939497941353041,12.766167148111963,12.727628939523063,13.71354570131684,14.354219257381311,15.139530834756975,16.197792209801467,1.0,1.0,1.0,1.0,1.0,1.0,1.0,1.0,1.0,1.0
284.25,2.0,16.290386952412412,15.343107530135242,13.431031263237438,13.038858719050085,14.011270054958967,14.396865812941014,14.627257260972527,14.830825563289286,14.776359726365584,15.34060843078858,1.0,1.0,1.0,1.0,1.0,1.0,1.0,1.0,1.0,1.0
284.5,3.0,18.52106136673896,19.544479965676224,20.473697892572414,19.262259697773608,19.330423098358292,18.967698998977603,18.364352092933448,17.952037464658627,17.522390861277533,17.096023672508412,1.0,1.0,1.0,1.0,1.0,1.0,1.0,1.0,1.0,1.0
284.75,4.0,19.690494181170834,20.343987134111273,21.181629073512365,22.13069424395439,20.830151337335455,19.95307485450519,20.003178806015768,19.866937857777682,19.611547307376362,19.86783696167759,1.0,1.0,1.0,1.0,1.0,1.0,1.0,1.0,1.0,1.0
285.0,1.0,14.778384936104286,14.263625407055354,13.806214817469636,13.905227137733343,13.857194422567032,13.663884501497888,14.684129547201731,15.367828259084492,16.031862622175854,17.39122587115214,1.0,1.0,1.0,1.0,1.0,1.0,1.0,1.0,1.0,1.0
285.25,2.0,0.0,0.0,0.0,0.0,0.0,0.0,0.0,0.0,0.0,0.0,0.0,0.0,0.0,0.0,0.0,0.0,0.0,0.0,0.0,0.0
285.5,3.0,17.94297810522636,17.72154519260328,18.482432609996312,18.527290438420327,20.076911497670594,18.03056150670958,17.911857955108413,17.470340545974246,17.84972755897365,18.004131947447835,1.0,1.0,1.0,1.0,1.0,1.0,1.0,1.0,1.0,1.0
285.75,4.0,20.214161878378555,20.745401912777567,20.477926519638952,20.842590395257215,20.776838058245186,19.454747393527864,19.5768922119403,19.517675880556315,19.00107128123989,19.114260050571847,1.0,1.0,1.0,1.0,1.0,1.0,1.0,1.0,1.0,1.0
286.0,1.0,13.919257336295283,13.601962264424857,14.11246666431942,14.508379667484345,15.271703738723774,14.736376833287801,16.175819335535973,15.447484680402525,16.956476383565796,17.844578210332887,1.0,1.0,1.0,1.0,1.0,1.0,1.0,1.0,1.0,1.0
286.25,2.0,15.3021291751545,14.734148568672389,13.881025294892826,12.529142637665686,15.231913211244386,15.91718715817941,16.052553411668843,15.502274599772717,15.52299788022647,14.829381132854722,1.0,1.0,1.0,1.0,1.0,1.0,1.0,1.0,1.0,1.0
286.5,3.0,0.0,0.0,0.0,0.0,0.0,0.0,0.0,0.0,0.0,0.0,0.0,0.0,0.0,0.0,0.0,0.0,0.0,0.0,0.0,0.0
286.75,4.0,20.615545764121446,21.009426146706215,20.300318246823572,19.82326090090584,20.261196342591752,19.50743227337837,20.10262751327781,20.079564505365134,19.843938275608828,19.01477847143071,1.0,1.0,1.0,1.0,1.0,1.0,1.0,1.0,1.0,1.0
287.0,1.0,14.465564816588317,14.211462825311244,13.793297145093,16.00886665297069,16.954945145358437,17.000454156317346,17.397888209379364,17.360740519871992,17.682340828826845,17.62107365564029,1.0,1.0,1.0,1.0,1.0,1.0,1.0,1.0,1.0,1.0
287.25,2.0,0.0,0.0,0.0,0.0,0.0,0.0,0.0,0.0,0.0,0.0,0.0,0.0,0.0,0.0,0.0,0.0,0.0,0.0,0.0,0.0
287.5,3.0,16.407512602758953,16.860023781197867,18.235651136216777,18.720965347663263,19.206373968360598,18.13056880986597,18.40704502100356,18.300241438263416,17.526603519096387,16.801495634507607,1.0,1.0,1.0,1.0,1.0,1.0,1.0,1.0,1.0,1.0
287.75,4.0,20.962593476456913,21.602520619067153,20.008603042894794,19.612424821053235,22.07683929447433,20.424544596231797,19.56888669169883,19.18237656538901,18.70293060958295,18.476419091017988,1.0,1.0,1.0,1.0,1.0,1.0,1.0,1.0,1.0,1.0
288.0,1.0,0.0,0.0,0.0,0.0,0.0,0.0,0.0,0.0,0.0,0.0,0.0,0.0,0.0,0.0,0.0,0.0,0.0,0.0,0.0,0.0
288.25,2.0,16.243876236160222,16.686523267022373,16.391980298880355,13.702240943586611,14.229853724629487,15.186226137570934,15.214854769925196,15.5942309986641,15.128061308569523,13.626560877537283,1.0,1.0,1.0,1.0,1.0,1.0,1.0,1.0,1.0,1.0
288.5,3.0,17.231003079469758,16.925762178566984,18.229111805304793,18.463273199657007,18.592022656489647,18.25362294183725,17.925001357163477,16.662323346673073,16.641562776717205,16.048650844731906,1.0,1.0,1.0,1.0,1.0,1.0,1.0,1.0,1.0,1.0
288.75,4.0,0.0,0.0,0.0,0.0,0.0,0.0,0.0,0.0,0.0,0.0,0.0,0.0,0.0,0.0,0.0,0.0,0.0,0.0,0.0,0.0
289.0,1.0,14.9981890587296,14.955174781257528,17.576395462670217,18.529648066235872,18.81573001553968,18.675909921122656,18.52585547710809,18.417351779556757,18.504201607014686,17.428922947019604,1.0,1.0,1.0,1.0,1.0,1.0,1.0,1.0,1.0,1.0
289.25,2.0,17.406452584939405,17.581592374948762,17.076625079597093,14.333998113754364,14.892873931503484,15.401195595351655,15.882935139310142,15.166260356962882,13.970542722886476,13.957878062863168,1.0,1.0,1.0,1.0,1.0,1.0,1.0,1.0,1.0,1.0
289.5,3.0,0.0,0.0,0.0,0.0,0.0,0.0,0.0,0.0,0.0,0.0,0.0,0.0,0.0,0.0,0.0,0.0,0.0,0.0,0.0,0.0
289.75,4.0,20.590461344750075,20.59193223676403,20.377562013226058,21.884973695502378,21.278717433946873,19.747613989918328,18.79867221372968,17.839989095458268,16.968651601752672,16.35323153159539,1.0,1.0,1.0,1.0,1.0,1.0,1.0,1.0,1.0,1.0
290.0,1.0,17.14545434674865,16.33931490860367,18.84052384824981,19.78877092798645,19.486261545824224,19.429046117276993,19.360207182178275,19.046310972137913,18.731642695363735,17.713140418605672,1.0,1.0,1.0,1.0,1.0,1.0,1.0,1.0,1.0,1.0
290.25,2.0,0.0,0.0,0.0,0.0,0.0,0.0,0.0,0.0,0.0,0.0,0.0,0.0,0.0,0.0,0.0,0.0,0.0,0.0,0.0,0.0
290.5,3.0,17.708488833043084,17.247603351578565,17.471224806659503,18.552843716159874,18.669177379062393,18.69783015981186,18.694195005679322,17.828552234075087,17.96336664731097,17.054625764758068,1.0,1.0,1.0,1.0,1.0,1.0,1.0,1.0,1.0,1.0
290.75,4.0,20.92633021528677,21.22531761389047,20.492733545103764,21.302646461646546,20.315209548859517,19.777250792960917,17.78417264773559,16.852430568647907,16.82099191611329,15.575448483318288,1.0,1.0,1.0,1.0,1.0,1.0,1.0,1.0,1.0,1.0
291.0,1.0,17.257102196072236,17.16551348169637,19.970139066341012,20.82065229683638,19.964553780819667,20.13929232532255,19.313349054758355,19.416540507918597,18.83354574857719,17.43393701867919,1.0,1.0,1.0,1.0,1.0,1.0,1.0,1.0,1.0,1.0
291.25,2.0,15.053465559361003,16.981855942114397,15.98596778831379,15.292105386330947,17.467576122919667,17.356036385397466,17.952129319498713,16.260457499162424,16.17668102306212,15.460040957968221,1.0,1.0,1.0,1.0,1.0,1.0,1.0,1.0,1.0,1.0
291.5,3.0,0.0,0.0,0.0,0.0,0.0,0.0,0.0,0.0,0.0,0.0,0.0,0.0,0.0,0.0,0.0,0.0,0.0,0.0,0.0,0.0
291.75,4.0,20.735074882095038,20.841032235580645,19.386401649035186,19.481290960933958,19.386729167359007,18.173450759159827,18.228700347043176,17.24271620980617,16.96052914866373,15.586150540400986,1.0,1.0,1.0,1.0,1.0,1.0,1.0,1.0,1.0,1.0
292.0,1.0,18.035165863645855,19.513504787777432,20.937253296044027,20.529000525927007,20.04660493317185,19.646869227400472,18.810279543398714,19.699862894302676,19.28240034249287,17.648843561481844,1.0,1.0,1.0,1.0,1.0,1.0,1.0,1.0,1.0,1.0
292.25,2.0,15.709619542772456,16.859043449911745,17.309150693203033,18.067825008365176,18.792321516767263,17.948884014386874,17.537601036790782,16.421707964517864,16.659813757120432,16.23949435655028,1.0,1.0,1.0,1.0,1.0,1.0,1.0,1.0,1.0,1.0
292.5,3.0,18.503736357480168,17.198224524496574,18.052597195799656,18.929116796386072,18.854434804775966,18.199414193118773,17.23797926678594,16.460081225226492,16.277462512846757,15.436214670289393,1.0,1.0,1.0,1.0,1.0,1.0,1.0,1.0,1.0,1.0
292.75,4.0,19.952891158703537,19.55594682683376,19.040183194202577,19.97990204399554,18.023450474911073,18.457596483354894,18.596716152251382,17.9204497816643,18.207540757819093,16.69329479106708,1.0,1.0,1.0,1.0,1.0,1.0,1.0,1.0,1.0,1.0
293.0,1.0,0.0,0.0,0.0,0.0,0.0,0.0,0.0,0.0,0.0,0.0,0.0,0.0,0.0,0.0,0.0,0.0,0.0,0.0,0.0,0.0
293.25,2.0,0.0,0.0,0.0,0.0,0.0,0.0,0.0,0.0,0.0,0.0,0.0,0.0,0.0,0.0,0.0,0.0,0.0,0.0,0.0,0.0
293.5,3.0,17.462852920849606,17.48267909940658,18.279159250076553,17.236973822415575,16.90074858578086,17.35654987559137,16.246932697099833,16.251218283081233,15.54496607639144,16.96936932146867,1.0,1.0,1.0,1.0,1.0,1.0,1.0,1.0,1.0,1.0
293.75,4.0,0.0,0.0,0.0,0.0,0.0,0.0,0.0,0.0,0.0,0.0,0.0,0.0,0.0,0.0,0.0,0.0,0.0,0.0,0.0,0.0
294.0,1.0,19.23613613450604,20.78590328581013,20.67169784033643,20.38951607552153,20.945891028928923,20.135033052032913,21.219336752993218,19.6718912050767,19.189049126163006,17.590485380408236,1.0,1.0,1.0,1.0,1.0,1.0,1.0,1.0,1.0,1.0
294.25,2.0,18.02984245697422,17.57079350775981,18.185819090125467,18.930651334264557,18.586602212579592,17.80028674522496,17.426872486073982,16.67613094471037,16.50307428471976,15.165408728072302,1.0,1.0,1.0,1.0,1.0,1.0,1.0,1.0,1.0,1.0
294.5,3.0,0.0,0.0,0.0,0.0,0.0,0.0,0.0,0.0,0.0,0.0,0.0,0.0,0.0,0.0,0.0,0.0,0.0,0.0,0.0,0.0
294.75,4.0,19.564909932606213,21.960404267215708,20.009085369389304,19.098263412455204,18.65433914883303,18.581351191077985,18.713477797807826,16.98570800623719,17.399026979809285,16.74729764470567,1.0,1.0,1.0,1.0,1.0,1.0,1.0,1.0,1.0,1.0
295.0,1.0,19.398389890032675,20.48942085705341,20.969898166111722,21.681497460871785,21.675079364111507,20.194844646732975,20.22440984188284,19.57087874786775,19.496144591157993,17.828590174407054,1.0,1.0,1.0,1.0,1.0,1.0,1.0,1.0,1.0,1.0
295.25,2.0,0.0,0.0,0.0,0.0,0.0,0.0,0.0,0.0,0.0,0.0,0.0,0.0,0.0,0.0,0.0,0.0,0.0,0.0,0.0,0.0
295.5,3.0,16.421520414605713,16.78632979662957,16.740780270977666,15.883212634344046,16.744782066250593,15.76066403954626,16.301472520907023,16.12805342975595,16.49340430846764,16.797064798588874,1.0,1.0,1.0,1.0,1.0,1.0,1.0,1.0,1.0,1.0
295.75,4.0,20.43018163367636,21.6095529694918,20.281275997399312,19.974530807124495,18.150656520233678,18.384396174374547,18.60145382415446,17.68328945792316,17.538355298039335,17.083253740810495,1.0,1.0,1.0,1.0,1.0,1.0,1.0,1.0,1.0,1.0
296.0,1.0,0.0,0.0,0.0,0.0,0.0,0.0,0.0,0.0,0.0,0.0,0.0,0.0,0.0,0.0,0.0,0.0,0.0,0.0,0.0,0.0
296.25,2.0,17.214725239054022,17.76895949846538,18.11776984778376,18.244080056839607,17.33340544563704,16.940147292401544,16.235964448458727,15.52982366989884,15.305087046826584,15.507816655780704,1.0,1.0,1.0,1.0,1.0,1.0,1.0,1.0,1.0,1.0
296.5,3.0,0.0,0.0,0.0,0.0,0.0,0.0,0.0,0.0,0.0,0.0,0.0,0.0,0.0,0.0,0.0,0.0,0.0,0.0,0.0,0.0
296.75,4.0,0.0,0.0,0.0,0.0,0.0,0.0,0.0,0.0,0.0,0.0,0.0,0.0,0.0,0.0,0.0,0.0,0.0,0.0,0.0,0.0
297.0,1.0,19.391582007710422,20.548169242397698,22.123522769334976,22.724001660067792,21.253780802747716,19.4493622983164,18.578674882250553,16.56323931914708,16.32282442605382,15.736684423478367,1.0,1.0,1.0,1.0,1.0,1.0,1.0,1.0,1.0,1.0
297.25,2.0,18.59716753140933,18.325914996732376,19.469737595861236,19.458975858647662,17.499451194984548,15.471284454349483,16.072065806241774,15.054725286691975,15.555611592088278,16.03907175265713,1.0,1.0,1.0,1.0,1.0,1.0,1.0,1.0,1.0,1.0
297.5,3.0,0.0,0.0,0.0,0.0,0.0,0.0,0.0,0.0,0.0,0.0,0.0,0.0,0.0,0.0,0.0,0.0,0.0,0.0,0.0,0.0
297.75,4.0,21.662160120512198,22.6473349308799,20.766117237304222,19.67592285141101,18.29924243693374,17.943942678831053,17.906804373676312,17.64131926225649,18.03288442906016,18.870220331048515,1.0,1.0,1.0,1.0,1.0,1.0,1.0,1.0,1.0,1.0
298.0,1.0,19.701097269429976,20.61700454431763,21.770568399727967,21.10578354575655,20.52525091185977,19.138890453492486,17.951263169061097,17.302075561399775,17.42006440132869,17.39396070928507,1.0,1.0,1.0,1.0,1.0,1.0,1.0,1.0,1.0,1.0
298.25,2.0,0.0,0.0,0.0,0.0,0.0,0.0,0.0,0.0,0.0,0.0,0.0,0.0,0.0,0.0,0.0,0.0,0.0,0.0,0.0,0.0
298.5,3.0,18.548962376606248,17.984776899297138,17.46379270729158,16.497698235903183,16.916178367785697,16.071769942367794,16.29722758177281,15.425621084219811,13.602952515479286,12.660025917552364,1.0,1.0,1.0,1.0,1.0,1.0,1.0,1.0,1.0,1.0
298.75,4.0,20.64874208598562,21.237564710490023,19.14692773082702,19.069662177619822,18.32062609829609,17.468249428721204,17.05276917346291,16.701265241123796,16.71463886353473,18.658686704012975,1.0,1.0,1.0,1.0,1.0,1.0,1.0,1.0,1.0,1.0
299.0,1.0,20.17650103388484,20.703481631026445,20.45129213237682,21.065856966175534,18.74659174726957,17.667513532297413,17.229436178468557,17.352883665792888,17.808767306612417,17.413438791559493,1.0,1.0,1.0,1.0,1.0,1.0,1.0,1.0,1.0,1.0
299.25,2.0,19.23812141463098,17.89054769110944,16.201905968629937,17.116763569717083,16.296145889318044,15.221600516133854,16.432355696829397,15.036515957377118,15.23933475665553,15.34534025582118,1.0,1.0,1.0,1.0,1.0,1.0,1.0,1.0,1.0,1.0
299.5,3.0,0.0,0.0,0.0,0.0,0.0,0.0,0.0,0.0,0.0,0.0,0.0,0.0,0.0,0.0,0.0,0.0,0.0,0.0,0.0,0.0
299.75,4.0,19.36677431006694,20.003763294670158,18.498182534709876,18.305528160480222,17.724232879889712,16.82334532093584,16.53975582206493,16.473226790953202,17.25276738776543,17.725274733556247,1.0,1.0,1.0,1.0,1.0,1.0,1.0,1.0,1.0,1.0
300.0,1.0,19.433866613114695,20.49518487218194,20.37008462413861,19.02054610495825,17.568753076081766,16.87390017971187,16.84148765184167,16.832222130478414,17.06237206540487,15.721502974502094,1.0,1.0,1.0,1.0,1.0,1.0,1.0,1.0,1.0,1.0
300.25,2.0,18.9603741550436,17.677959682301402,16.22128512068299,17.033270970950777,16.38193051077891,15.624678072184052,16.835477592935398,15.274874541737184,15.563019332249391,15.335356298882846,1.0,1.0,1.0,1.0,1.0,1.0,1.0,1.0,1.0,1.0
300.5,3.0,17.41598861419558,17.028899199657054,18.278313153122905,15.520074847645198,16.158458402290176,14.794729633585778,14.606980352122257,14.836662084233097,14.245376001455009,13.513676583055249,1.0,1.0,1.0,1.0,1.0,1.0,1.0,1.0,1.0,1.0
300.75,4.0,18.855371604326436,18.339626312817867,16.721296678856195,16.253917015988684,17.485491863124768,16.72142818724544,16.754675343841495,16.571598021312585,16.85375388978478,16.26044785997733,1.0,1.0,1.0,1.0,1.0,1.0,1.0,1.0,1.0,1.0
301.0,1.0,0.0,0.0,0.0,0.0,0.0,0.0,0.0,0.0,0.0,0.0,0.0,0.0,0.0,0.0,0.0,0.0,0.0,0.0,0.0,0.0
301.25,2.0,0.0,0.0,0.0,0.0,0.0,0.0,0.0,0.0,0.0,0.0,0.0,0.0,0.0,0.0,0.0,0.0,0.0,0.0,0.0,0.0
301.5,3.0,16.23520178057136,16.463064433479815,17.119211483457352,15.581378464297742,16.063447522206424,15.477155087883183,14.00767845456344,14.453995174950846,14.070297585948468,14.360290057106164,1.0,1.0,1.0,1.0,1.0,1.0,1.0,1.0,1.0,1.0
301.75,4.0,0.0,0.0,0.0,0.0,0.0,0.0,0.0,0.0,0.0,0.0,0.0,0.0,0.0,0.0,0.0,0.0,0.0,0.0,0.0,0.0
302.0,1.0,19.69576134920742,20.458291025118886,18.523373082098335,17.019075736544593,15.975724160038038,15.423083821047731,14.340584533026458,15.200541675126374,15.182532209957678,14.602193897429682,1.0,1.0,1.0,1.0,1.0,1.0,1.0,1.0,1.0,1.0
302.25,2.0,16.40947772356616,14.589253444879166,15.997137884034974,17.91473958612232,18.998194323662005,18.348796798200834,17.22022593748429,15.849403433049549,16.293123055351746,16.194425471165783,1.0,1.0,1.0,1.0,1.0,1.0,1.0,1.0,1.0,1.0
302.5,3.0,0.0,0.0,0.0,0.0,0.0,0.0,0.0,0.0,0.0,0.0,0.0,0.0,0.0,0.0,0.0,0.0,0.0,0.0,0.0,0.0
302.75,4.0,15.790359514537396,16.645627298547982,15.623153373557834,16.296884687333808,16.44922756605682,15.278427007043057,15.447827621732683,17.09833860739898,16.85742165774673,17.129655589621784,1.0,1.0,1.0,1.0,1.0,1.0,1.0,1.0,1.0,1.0
303.0,1.0,19.216517074270154,19.717786258160952,17.75045830008793,15.922359669708106,15.678994856337457,14.703182555904295,14.031212113755322,14.02926557740248,14.219327912520106,15.023614486498465,1.0,1.0,1.0,1.0,1.0,1.0,1.0,1.0,1.0,1.0
303.25,2.0,0.0,0.0,0.0,0.0,0.0,0.0,0.0,0.0,0.0,0.0,0.0,0.0,0.0,0.0,0.0,0.0,0.0,0.0,0.0,0.0
303.5,3.0,15.142287020794344,15.781641544705343,16.40129282901288,15.704376958053594,15.155018988145992,14.616121391246296,13.504444747277631,12.964091436052074,13.666055803911396,14.955787889895838,1.0,1.0,1.0,1.0,1.0,1.0,1.0,1.0,1.0,1.0
303.75,4.0,15.707536778536978,17.35789133253821,16.353882279159258,16.03727804059311,15.162230442497448,14.040165313780392,15.24581327289379,16.471555195365855,16.363246643735796,17.266271692395428,1.0,1.0,1.0,1.0,1.0,1.0,1.0,1.0,1.0,1.0
304.0,1.0,0.0,0.0,0.0,0.0,0.0,0.0,0.0,0.0,0.0,0.0,0.0,0.0,0.0,0.0,0.0,0.0,0.0,0.0,0.0,0.0
304.25,2.0,15.693706225160295,15.753365840585252,17.35871911286469,18.123730954118884,17.463637253957902,16.725368323156562,16.506342697374002,15.134265377348747,16.803901794822096,16.535436623225205,1.0,1.0,1.0,1.0,1.0,1.0,1.0,1.0,1.0,1.0
304.5,3.0,0.0,0.0,0.0,0.0,0.0,0.0,0.0,0.0,0.0,0.0,0.0,0.0,0.0,0.0,0.0,0.0,0.0,0.0,0.0,0.0
304.75,4.0,0.0,0.0,0.0,0.0,0.0,0.0,0.0,0.0,0.0,0.0,0.0,0.0,0.0,0.0,0.0,0.0,0.0,0.0,0.0,0.0
305.0,1.0,17.49425138255278,17.755861968047697,17.735264239331656,16.709783205156953,14.3629538954507,14.978108493992593,14.226122957886492,14.721466279291068,14.793092999560262,13.441230366038516,1.0,1.0,1.0,1.0,1.0,1.0,1.0,1.0,1.0,1.0
305.25,2.0,14.874147553353556,15.912681993164291,16.986537382186686,17.049265379936934,16.059873661654766,16.625529696638832,16.50967257106481,16.26610276104422,17.68660290704681,17.30890434843774,1.0,1.0,1.0,1.0,1.0,1.0,1.0,1.0,1.0,1.0
305.5,3.0,0.0,0.0,0.0,0.0,0.0,0.0,0.0,0.0,0.0,0.0,0.0,0.0,0.0,0.0,0.0,0.0,0.0,0.0,0.0,0.0
305.75,4.0,15.465299886755673,16.507306694059782,15.999728004441044,15.378919510637855,14.698181493001055,13.890912460476192,14.175666908635748,15.86801216299163,16.75992414187764,17.500423788674095,1.0,1.0,1.0,1.0,1.0,1.0,1.0,1.0,1.0,1.0
306.0,1.0,16.126176210760686,16.935786471794916,16.969134831837465,16.82454006935634,14.564525077578674,14.89647412550948,13.86669182158424,14.306232491458054,14.35730459682503,13.825111343194019,1.0,1.0,1.0,1.0,1.0,1.0,1.0,1.0,1.0,1.0
306.25,2.0,0.0,0.0,0.0,0.0,0.0,0.0,0.0,0.0,0.0,0.0,0.0,0.0,0.0,0.0,0.0,0.0,0.0,0.0,0.0,0.0
306.5,3.0,15.777221994921689,15.195418234954467,13.88189305775735,13.424567806150108,13.432518278558147,14.49893771673791,13.94630350615399,14.245414194475792,14.581082846383017,14.41433905295482,1.0,1.0,1.0,1.0,1.0,1.0,1.0,1.0,1.0,1.0
306.75,4.0,16.052839637435277,16.68755717918093,15.709506750430846,14.5114581254794,14.335561740031247,13.688699170392187,14.913960711708093,17.493800818231403,17.50677296617616,18.16032145190288,1.0,1.0,1.0,1.0,1.0,1.0,1.0,1.0,1.0,1.0
307.0,1.0,15.336271874403538,15.867814741611689,16.168596840540015,15.52042135596896,13.11685709389927,13.173045793072115,12.992189753301204,13.01487889962159,14.201242713328792,13.764585310017328,1.0,1.0,1.0,1.0,1.0,1.0,1.0,1.0,1.0,1.0
307.25,2.0,14.69316216285001,14.893205955390327,15.720747173982577,15.758969014193164,16.171158801295174,15.451299636533491,14.441256319727978,14.065291459163992,14.389627059634384,14.129573206112475,1.0,1.0,1.0,1.0,1.0,1.0,1.0,1.0,1.0,1.0
307.5,3.0,0.0,0.0,0.0,0.0,0.0,0.0,0.0,0.0,0.0,0.0,0.0,0.0,0.0,0.0,0.0,0.0,0.0,0.0,0.0,0.0
307.75,4.0,17.208172652233298,16.493205913938827,15.358484512824996,14.73515599166126,16.097084581561255,16.106089653376415,17.177627723481887,18.05059588926476,18.144055858048873,18.13202685132177,1.0,1.0,1.0,1.0,1.0,1.0,1.0,1.0,1.0,1.0
308.0,1.0,14.703711240200919,15.503004520499292,15.652772908684891,13.95542157026488,12.043146718592224,11.89719228128041,12.790337149470995,13.63977773153162,14.011405866733462,13.696815144565424,1.0,1.0,1.0,1.0,1.0,1.0,1.0,1.0,1.0,1.0
308.25,2.0,0.0,0.0,0.0,0.0,0.0,0.0,0.0,0.0,0.0,0.0,0.0,0.0,0.0,0.0,0.0,0.0,0.0,0.0,0.0,0.0
308.5,3.0,14.71282337663969,14.21973540273096,13.633883734620525,13.772819632093679,12.867869970845817,13.470237601248966,13.75542171403929,13.624241615359173,13.873658182615593,14.483353073825604,1.0,1.0,1.0,1.0,1.0,1.0,1.0,1.0,1.0,1.0
308.75,4.0,15.283367072175288,15.672744348224805,14.731007621644524,14.647612088723598,15.527362467944693,16.316061066250228,17.079173805098282,18.330270723982604,18.471755445050064,18.038050998698033,1.0,1.0,1.0,1.0,1.0,1.0,1.0,1.0,1.0,1.0
309.0,1.0,0.0,0.0,0.0,0.0,0.0,0.0,0.0,0.0,0.0,0.0,0.0,0.0,0.0,0.0,0.0,0.0,0.0,0.0,0.0,0.0
309.25,2.0,0.0,0.0,0.0,0.0,0.0,0.0,0.0,0.0,0.0,0.0,0.0,0.0,0.0,0.0,0.0,0.0,0.0,0.0,0.0,0.0
309.5,3.0,14.708979531539823,14.427166488421015,13.934387957808923,13.222202743759343,14.28485408130653,14.228348303759534,14.048193332660752,14.023062939563244,14.461290569615949,14.70602251087252,1.0,1.0,1.0,1.0,1.0,1.0,1.0,1.0,1.0,1.0
309.75,4.0,0.0,0.0,0.0,0.0,0.0,0.0,0.0,0.0,0.0,0.0,0.0,0.0,0.0,0.0,0.0,0.0,0.0,0.0,0.0,0.0
310.0,1.0,15.308685355699023,15.248289194317163,13.84528093186687,11.249183865999886,11.613017672744752,12.478815648548961,12.849133293771315,12.69678398062345,14.394738465219607,13.258806275735706,1.0,1.0,1.0,1.0,1.0,1.0,1.0,1.0,1.0,1.0
310.25,2.0,16.618473408288864,16.76245315820989,15.670222484319721,14.399500484368305,14.952946173284992,15.133609558617371,15.077612433809282,13.030202004157244,14.341803124423128,13.257050245513689,1.0,1.0,1.0,1.0,1.0,1.0,1.0,1.0,1.0,1.0
310.5,3.0,0.0,0.0,0.0,0.0,0.0,0.0,0.0,0.0,0.0,0.0,0.0,0.0,0.0,0.0,0.0,0.0,0.0,0.0,0.0,0.0
310.75,4.0,16.298726648974288,17.604081965726678,15.704200854601206,15.338472791514995,17.98668248927472,18.3684398104049,19.23602791366158,18.83724291728296,18.318365669635295,17.67871479016879,1.0,1.0,1.0,1.0,1.0,1.0,1.0,1.0,1.0,1.0
311.0,1.0,15.460208901910852,16.111294426069772,13.970428454927138,11.02350227800476,12.070463788350047,13.794994367334265,13.584745513544496,13.05210186265269,14.506446157361657,13.401258642432666,1.0,1.0,1.0,1.0,1.0,1.0,1.0,1.0,1.0,1.0
311.25,2.0,0.0,0.0,0.0,0.0,0.0,0.0,0.0,0.0,0.0,0.0,0.0,0.0,0.0,0.0,0.0,0.0,0.0,0.0,0.0,0.0
311.5,3.0,14.573619683288259,13.532199959923435,12.628101449886596,11.98498166958466,13.660964031560747,14.601538151296628,14.192185820797773,13.920724946032822,15.065328972241327,15.52428981400164,1.0,1.0,1.0,1.0,1.0,1.0,1.0,1.0,1.0,1.0
311.75,4.0,17.203555781998233,17.545989658744332,16.189718959331103,16.85657090547015,19.56544332068896,18.385266979168005,18.44850644108998,18.545927491562825,17.30024755319991,16.943282809508673,1.0,1.0,1.0,1.0,1.0,1.0,1.0,1.0,1.0,1.0
312.0,1.0,0.0,0.0,0.0,0.0,0.0,0.0,0.0,0.0,0.0,0.0,0.0,0.0,0.0,0.0,0.0,0.0,0.0,0.0,0.0,0.0
312.25,2.0,15.608249933093898,15.468773007172024,15.000838509431224,13.85489745193227,12.654091914343791,12.319646779120278,11.356932765261032,11.341220485343952,13.258744652273734,13.477106406964,1.0,1.0,1.0,1.0,1.0,1.0,1.0,1.0,1.0,1.0
312.5,3.0,0.0,0.0,0.0,0.0,0.0,0.0,0.0,0.0,0.0,0.0,0.0,0.0,0.0,0.0,0.0,0.0,0.0,0.0,0.0,0.0
312.75,4.0,0.0,0.0,0.0,0.0,0.0,0.0,0.0,0.0,0.0,0.0,0.0,0.0,0.0,0.0,0.0,0.0,0.0,0.0,0.0,0.0
313.0,1.0,14.766702937968484,13.844501938140361,12.81533235187319,13.158177043976691,17.135620149577317,16.117701912993116,15.698551724098637,13.835307731377005,15.45321023434972,15.280138557918292,1.0,1.0,1.0,1.0,1.0,1.0,1.0,1.0,1.0,1.0
313.25,2.0,15.391646081949517,15.363433602359795,14.641767346507237,14.095920029220519,12.607561860668099,12.984057295386432,12.909723052223615,12.64417013351674,13.583725158758238,13.557392034081126,1.0,1.0,1.0,1.0,1.0,1.0,1.0,1.0,1.0,1.0
313.5,3.0,0.0,0.0,0.0,0.0,0.0,0.0,0.0,0.0,0.0,0.0,0.0,0.0,0.0,0.0,0.0,0.0,0.0,0.0,0.0,0.0
313.75,4.0,15.600262068487806,16.61689835269583,16.55029129480917,16.864253058399946,17.78513985212886,16.92090553278658,16.403709329179637,16.606707082377362,16.25554260057638,15.962315048121761,1.0,1.0,1.0,1.0,1.0,1.0,1.0,1.0,1.0,1.0
314.0,1.0,15.068674111758636,13.930326608474537,12.99275242794243,14.514056020880732,17.300804623984927,16.39546631237497,16.037877926521166,14.344655307161968,15.668898167409022,15.31600322794075,1.0,1.0,1.0,1.0,1.0,1.0,1.0,1.0,1.0,1.0
314.25,2.0,0.0,0.0,0.0,0.0,0.0,0.0,0.0,0.0,0.0,0.0,0.0,0.0,0.0,0.0,0.0,0.0,0.0,0.0,0.0,0.0
314.5,3.0,14.730494705536131,15.377230730876102,16.037709735694598,14.869618080491794,12.825394074893579,13.058727668376504,12.987117803111946,14.327737196639857,15.04741701711243,16.290060896397144,1.0,1.0,1.0,1.0,1.0,1.0,1.0,1.0,1.0,1.0
314.75,4.0,15.835463997706128,16.69059687270306,17.12012068599124,16.973386321132843,17.42241528629275,16.025654598956635,15.216024427495661,15.439465079999342,17.15925850919672,16.445261126159792,1.0,1.0,1.0,1.0,1.0,1.0,1.0,1.0,1.0,1.0
315.0,1.0,14.437351133319822,13.69001592269729,14.626591658165923,15.828710172231522,18.186582163166072,16.713720658322547,16.1297815912405,13.585914601364596,15.013564422947379,15.002762222107703,1.0,1.0,1.0,1.0,1.0,1.0,1.0,1.0,1.0,1.0
315.25,2.0,17.660678360471344,14.129923469762211,14.048605559405457,13.616060334497577,13.334602658768775,12.420093721164772,13.073171455771472,12.808042963603386,12.638098708728595,12.335555061864946,1.0,1.0,1.0,1.0,1.0,1.0,1.0,1.0,1.0,1.0
315.5,3.0,0.0,0.0,0.0,0.0,0.0,0.0,0.0,0.0,0.0,0.0,0.0,0.0,0.0,0.0,0.0,0.0,0.0,0.0,0.0,0.0
315.75,4.0,16.894840115537345,17.37750062291721,16.341747837699646,14.88328382729141,16.21568356526007,15.460179197379656,14.616726758396126,16.418225590967783,17.410396476579827,17.937980201161647,1.0,1.0,1.0,1.0,1.0,1.0,1.0,1.0,1.0,1.0
316.0,1.0,14.422548873641404,14.737354833101186,15.709901038376191,16.44155776795236,17.499612757100444,16.387266948292012,15.329389606837786,13.979263176537435,15.469354176718962,15.316242288806384,1.0,1.0,1.0,1.0,1.0,1.0,1.0,1.0,1.0,1.0
316.25,2.0,0.0,0.0,0.0,0.0,0.0,0.0,0.0,0.0,0.0,0.0,0.0,0.0,0.0,0.0,0.0,0.0,0.0,0.0,0.0,0.0
316.5,3.0,14.769771798011348,14.779054134472872,14.607756941446285,12.223928811888873,11.633054848113172,12.488084387944483,14.038567317268418,14.12985849600857,15.170998123541171,15.32752828074841,1.0,1.0,1.0,1.0,1.0,1.0,1.0,1.0,1.0,1.0
316.75,4.0,16.35252286156997,16.629134106595817,15.840126004580304,14.990619408773817,15.22505974257933,15.44866179009188,15.459212037103407,17.562395637878065,18.404765773534873,18.37445498497057,1.0,1.0,1.0,1.0,1.0,1.0,1.0,1.0,1.0,1.0
317.0,1.0,0.0,0.0,0.0,0.0,0.0,0.0,0.0,0.0,0.0,0.0,0.0,0.0,0.0,0.0,0.0,0.0,0.0,0.0,0.0,0.0
317.25,2.0,0.0,0.0,0.0,0.0,0.0,0.0,0.0,0.0,0.0,0.0,0.0,0.0,0.0,0.0,0.0,0.0,0.0,0.0,0.0,0.0
317.5,3.0,14.912123572171753,14.619206237194621,13.644511767128941,12.514332792685952,12.916219590482239,13.759312433759325,14.738727746655606,15.044972549313052,17.070980904268342,16.640498464277496,1.0,1.0,1.0,1.0,1.0,1.0,1.0,1.0,1.0,1.0
317.75,4.0,0.0,0.0,0.0,0.0,0.0,0.0,0.0,0.0,0.0,0.0,0.0,0.0,0.0,0.0,0.0,0.0,0.0,0.0,0.0,0.0
318.0,1.0,16.04087630601427,16.257011630549197,16.96693503126259,15.992277742847092,17.86510505118342,16.70988013838051,16.322086441033516,14.674588105276877,14.98895307602048,14.786838957921795,1.0,1.0,1.0,1.0,1.0,1.0,1.0,1.0,1.0,1.0
318.25,2.0,15.993618777938543,12.90411548295895,12.877422763274117,12.498701833850447,11.304789730353813,11.7426349370874,12.459727643487826,13.307524220981058,13.03148139688307,12.175643307518778,1.0,1.0,1.0,1.0,1.0,1.0,1.0,1.0,1.0,1.0
318.5,3.0,0.0,0.0,0.0,0.0,0.0,0.0,0.0,0.0,0.0,0.0,0.0,0.0,0.0,0.0,0.0,0.0,0.0,0.0,0.0,0.0
318.75,4.0,16.81919676287711,15.971900382774463,17.1877443021226,17.226076238403113,18.258713765335592,18.823216191574133,19.404198338382304,21.136060321126948,22.016775429121257,22.01903682913844,1.0,1.0,1.0,1.0,1.0,1.0,1.0,1.0,1.0,1.0
319.0,1.0,16.421455706991868,15.525749548000976,15.7927819605585,16.07279909731134,18.231461985042742,16.668713397475763,16.460614381921435,15.37808741204686,15.62867403496939,15.804985851987754,1.0,1.0,1.0,1.0,1.0,1.0,1.0,1.0,1.0,1.0
319.25,2.0,0.0,0.0,0.0,0.0,0.0,0.0,0.0,0.0,0.0,0.0,0.0,0.0,0.0,0.0,0.0,0.0,0.0,0.0,0.0,0.0
319.5,3.0,14.425860409387074,14.62718942451091,13.58679156313329,13.544938690134522,13.599642805353849,15.324140320981764,15.755698949569739,16.125142227388555,16.482560620788494,15.981778361814234,1.0,1.0,1.0,1.0,1.0,1.0,1.0,1.0,1.0,1.0
319.75,4.0,17.309009708269134,17.21418168239132,18.229548097889488,19.000372057636834,19.38262995067094,19.799380336753725,19.819398618928194,22.114120774392898,22.526545007379543,22.508015971701944,1.0,1.0,1.0,1.0,1.0,1.0,1.0,1.0,1.0,1.0
320.0,1.0,0.0,0.0,0.0,0.0,0.0,0.0,0.0,0.0,0.0,0.0,0.0,0.0,0.0,0.0,0.0,0.0,0.0,0.0,0.0,0.0
320.25,2.0,16.447406286764696,14.140331295821907,11.893635656179383,12.150522722753346,12.121912479070161,12.66940050679478,13.080845591670759,14.77551623758659,15.913178518012439,15.549880742391567,1.0,1.0,1.0,1.0,1.0,1.0,1.0,1.0,1.0,1.0
320.5,3.0,0.0,0.0,0.0,0.0,0.0,0.0,0.0,0.0,0.0,0.0,0.0,0.0,0.0,0.0,0.0,0.0,0.0,0.0,0.0,0.0
320.75,4.0,0.0,0.0,0.0,0.0,0.0,0.0,0.0,0.0,0.0,0.0,0.0,0.0,0.0,0.0,0.0,0.0,0.0,0.0,0.0,0.0
321.0,1.0,13.77992413870909,12.192841016596127,13.160898280557003,14.304943613681598,16.402552291963293,15.797611967623922,15.153828135047103,15.606824243920121,15.168563646521402,15.183631223844841,1.0,1.0,1.0,1.0,1.0,1.0,1.0,1.0,1.0,1.0
321.25,2.0,15.216727904635363,14.390382464768743,14.022852353844009,13.029893657618258,12.665139384436534,13.660874204787822,15.743626635509145,16.81297455893936,17.274840678257625,16.36444158423999,1.0,1.0,1.0,1.0,1.0,1.0,1.0,1.0,1.0,1.0
321.5,3.0,14.255755481055086,14.249325907191505,15.125231949221547,14.603749609290848,14.506192744393562,16.145747365416224,17.418182473847224,16.885711774250677,17.02791261447308,17.16999105219154,1.0,1.0,1.0,1.0,1.0,1.0,1.0,1.0,1.0,1.0
321.75,4.0,17.23080583175581,18.18087311460918,19.383610067402497,19.827505413736297,21.853352575566554,21.755471202838844,21.432130696660977,22.924413674716778,24.399086671948698,23.816540054264145,1.0,1.0,1.0,1.0,1.0,1.0,1.0,1.0,1.0,1.0
322.0,1.0,12.324003551652234,12.004109589361237,13.154305795084912,14.652587031002792,16.2018451899588,15.298228486420188,14.989495537096229,14.968911349657008,14.954688760931298,14.98330779855456,1.0,1.0,1.0,1.0,1.0,1.0,1.0,1.0,1.0,1.0
322.25,2.0,0.0,0.0,0.0,0.0,0.0,0.0,0.0,0.0,0.0,0.0,0.0,0.0,0.0,0.0,0.0,0.0,0.0,0.0,0.0,0.0
322.5,3.0,14.38696933334607,14.469055501419703,15.3671861660769,16.132834722660405,14.991284816920365,16.73587407741084,16.787445601687818,16.834984723746853,17.440389899907085,18.362569967879292,1.0,1.0,1.0,1.0,1.0,1.0,1.0,1.0,1.0,1.0
322.75,4.0,17.42400288755293,18.88485791162053,19.871508825534562,21.437280829456363,23.428897905290057,21.93570288959377,22.085326397767417,22.418346466433675,23.682339952875456,23.008463670778454,1.0,1.0,1.0,1.0,1.0,1.0,1.0,1.0,1.0,1.0
323.0,1.0,13.60297894620346,13.061244212118417,13.494159736583294,14.846384907557436,16.626817841622664,15.265524432764654,15.558960637839874,15.388865972001627,15.412685105512278,15.466459948334816,1.0,1.0,1.0,1.0,1.0,1.0,1.0,1.0,1.0,1.0
323.25,2.0,15.901162876266776,14.204406616402766,15.765274417341672,15.030289938686455,14.944644688469626,15.193970755704488,16.21636395346846,15.453562600319016,16.841670486194023,15.698046356832322,1.0,1.0,1.0,1.0,1.0,1.0,1.0,1.0,1.0,1.0
323.5,3.0,0.0,0.0,0.0,0.0,0.0,0.0,0.0,0.0,0.0,0.0,0.0,0.0,0.0,0.0,0.0,0.0,0.0,0.0,0.0,0.0
323.75,4.0,18.53414447525022,19.32848372610266,20.608675055354276,21.037247703735247,23.22043612621498,22.235547067335517,22.751301957786428,22.102808470125826,22.529193136161428,21.07715784533208,1.0,1.0,1.0,1.0,1.0,1.0,1.0,1.0,1.0,1.0
324.0,1.0,13.842106159304297,13.292367663058211,14.811420845397159,15.197877960074809,17.083488588073976,15.376772212415434,16.161491015278585,15.540745517699499,15.776695682674035,15.621810607127136,1.0,1.0,1.0,1.0,1.0,1.0,1.0,1.0,1.0,1.0
324.25,2.0,0.0,0.0,0.0,0.0,0.0,0.0,0.0,0.0,0.0,0.0,0.0,0.0,0.0,0.0,0.0,0.0,0.0,0.0,0.0,0.0
324.5,3.0,16.410636799527854,16.24144606126566,16.900812587387158,18.009444148670372,16.401290565402515,16.412725393938427,16.199213568788384,16.11494224935857,16.912429050525866,17.61261230692766,1.0,1.0,1.0,1.0,1.0,1.0,1.0,1.0,1.0,1.0
324.75,4.0,19.27604965529072,19.62580495458884,19.84773525594153,21.579499013902243,22.91043214353035,21.96626121929944,21.885116358688133,22.010842227755973,22.267575110966803,21.83264186664074,1.0,1.0,1.0,1.0,1.0,1.0,1.0,1.0,1.0,1.0
325.0,1.0,0.0,0.0,0.0,0.0,0.0,0.0,0.0,0.0,0.0,0.0,0.0,0.0,0.0,0.0,0.0,0.0,0.0,0.0,0.0,0.0
325.25,2.0,15.160817467506059,14.56411290249254,16.609462043509776,16.650323252658875,17.28658637614604,15.864449059204885,15.113724203421262,14.469291352805381,15.726635548717104,15.658423753322793,1.0,1.0,1.0,1.0,1.0,1.0,1.0,1.0,1.0,1.0
325.5,3.0,16.16618741631737,15.71561403381781,16.93026481593538,18.408862127125648,17.57226221223244,17.356544303658872,17.689484239461287,17.10053840999984,17.13842878818617,18.0624053509933,1.0,1.0,1.0,1.0,1.0,1.0,1.0,1.0,1.0,1.0
325.75,4.0,0.0,0.0,0.0,0.0,0.0,0.0,0.0,0.0,0.0,0.0,0.0,0.0,0.0,0.0,0.0,0.0,0.0,0.0,0.0,0.0
326.0,1.0,15.251372681942483,16.500710699057738,16.482821561226782,15.140214641668974,15.982411665831698,15.591547985322022,17.207399793516608,17.311835439099482,18.01250975492318,17.64812218007828,1.0,1.0,1.0,1.0,1.0,1.0,1.0,1.0,1.0,1.0
326.25,2.0,15.22171375597217,15.110100283016,18.430880178344932,17.3491969906947,17.01974477504368,15.810429301535708,14.72400506168825,13.999984298679156,16.01087274954719,15.643837618575377,1.0,1.0,1.0,1.0,1.0,1.0,1.0,1.0,1.0,1.0
326.5,3.0,0.0,0.0,0.0,0.0,0.0,0.0,0.0,0.0,0.0,0.0,0.0,0.0,0.0,0.0,0.0,0.0,0.0,0.0,0.0,0.0
326.75,4.0,19.57328043781074,21.332486391209123,21.64204510105277,22.132837704693426,23.174188682442008,22.847645399363874,22.966473895459014,20.634594760222313,20.38055635362835,18.72678987466062,1.0,1.0,1.0,1.0,1.0,1.0,1.0,1.0,1.0,1.0
327.0,1.0,16.04854671758902,15.82024523295003,15.384796235069562,14.698269427114226,16.813589281595476,16.746880384668696,17.55448933999032,17.246263768184544,18.530765893527796,18.107754051919677,1.0,1.0,1.0,1.0,1.0,1.0,1.0,1.0,1.0,1.0
327.25,2.0,0.0,0.0,0.0,0.0,0.0,0.0,0.0,0.0,0.0,0.0,0.0,0.0,0.0,0.0,0.0,0.0,0.0,0.0,0.0,0.0
327.5,3.0,15.7327817295239,16.262557416930562,17.034120531434024,18.5463949025091,18.713083479105123,18.80860343588117,18.992972827692025,17.749665222966986,17.860434594359745,17.344298524465348,1.0,1.0,1.0,1.0,1.0,1.0,1.0,1.0,1.0,1.0
327.75,4.0,19.507792412345296,20.95541415324027,21.723527142183865,21.60001149111205,23.80986243912666,23.12863400179635,22.138513817554234,20.333051188552574,19.667861671791872,17.251241483036424,1.0,1.0,1.0,1.0,1.0,1.0,1.0,1.0,1.0,1.0
328.0,1.0,16.22899395275492,15.748006457744108,15.923894416288208,15.392705521196655,17.63913475902178,17.61660447026423,17.352730379270305,17.94018292120869,19.25634401859695,19.738778529229233,1.0,1.0,1.0,1.0,1.0,1.0,1.0,1.0,1.0,1.0
328.25,2.0,17.349993691278165,17.521964443484617,18.76833260368587,17.661610395941093,16.250335331623088,15.364711654985097,15.288429972924162,14.467174774014472,14.586735550869506,14.323542248095215,1.0,1.0,1.0,1.0,1.0,1.0,1.0,1.0,1.0,1.0
328.5,3.0,0.0,0.0,0.0,0.0,0.0,0.0,0.0,0.0,0.0,0.0,0.0,0.0,0.0,0.0,0.0,0.0,0.0,0.0,0.0,0.0
328.75,4.0,0.0,0.0,0.0,0.0,0.0,0.0,0.0,0.0,0.0,0.0,0.0,0.0,0.0,0.0,0.0,0.0,0.0,0.0,0.0,0.0
329.0,1.0,17.14732400533668,17.086231891905197,17.99051126785398,17.17238031696653,18.209013582114757,18.773331129890718,18.573790931671045,19.529154798187406,20.90252642575735,20.978456520364244,1.0,1.0,1.0,1.0,1.0,1.0,1.0,1.0,1.0,1.0
329.25,2.0,18.279149757302697,17.60094467542603,17.963661409556618,17.46925835895468,17.348417008813865,16.647267619204715,16.607388968375624,15.084644993782883,15.179442301224947,14.730680109829269,1.0,1.0,1.0,1.0,1.0,1.0,1.0,1.0,1.0,1.0
329.5,3.0,16.257482086143163,16.83683329926839,18.530660407626993,19.92541918684268,18.676280724245938,17.836543737860406,17.632543916894736,17.078769293136276,17.964270681696178,18.041268159112278,1.0,1.0,1.0,1.0,1.0,1.0,1.0,1.0,1.0,1.0
329.75,4.0,19.592864469080677,21.01378981270227,20.994283531294062,20.559184539636163,21.088542384691483,19.80728830947185,18.319603291304748,16.822101728074436,16.37217755024123,16.091493267525543,1.0,1.0,1.0,1.0,1.0,1.0,1.0,1.0,1.0,1.0
330.0,1.0,0.0,0.0,0.0,0.0,0.0,0.0,0.0,0.0,0.0,0.0,0.0,0.0,0.0,0.0,0.0,0.0,0.0,0.0,0.0,0.0
330.25,2.0,0.0,0.0,0.0,0.0,0.0,0.0,0.0,0.0,0.0,0.0,0.0,0.0,0.0,0.0,0.0,0.0,0.0,0.0,0.0,0.0
330.5,3.0,16.18679087439348,17.819599820715695,19.731305685282145,19.929908717245084,18.155033447692162,17.53973487010506,17.590178607958546,18.127563392528977,18.896964926401868,17.926061245362575,1.0,1.0,1.0,1.0,1.0,1.0,1.0,1.0,1.0,1.0
330.75,4.0,18.261198786375843,21.02648187234486,21.672611699557958,21.450513253373195,21.935627660024622,19.621559801885798,19.235233303248236,17.58143196838962,17.362817976647822,16.590864091741587,1.0,1.0,1.0,1.0,1.0,1.0,1.0,1.0,1.0,1.0
331.0,1.0,19.239531877544962,19.567279497604357,20.793252468016163,20.334840506392798,21.02283359705497,20.460415670146002,20.870011131816174,20.75976623845477,21.457784008332066,20.422980107187993,1.0,1.0,1.0,1.0,1.0,1.0,1.0,1.0,1.0,1.0
331.25,2.0,18.894071664834772,17.71706950180987,16.911984234064956,17.60804786602351,16.412232972430672,15.693164851501733,14.94431504681766,14.6880094996299,15.163506486698033,15.229588582544258,1.0,1.0,1.0,1.0,1.0,1.0,1.0,1.0,1.0,1.0
331.5,3.0,0.0,0.0,0.0,0.0,0.0,0.0,0.0,0.0,0.0,0.0,0.0,0.0,0.0,0.0,0.0,0.0,0.0,0.0,0.0,0.0
331.75,4.0,19.161638008373558,21.939331165997732,22.851765861872817,21.332757313204695,20.93513416582874,19.00493874865453,18.629207326137145,18.268617565225135,17.61947734822926,16.576048275190182,1.0,1.0,1.0,1.0,1.0,1.0,1.0,1.0,1.0,1.0
332.0,1.0,21.609747323624056,21.974263333346755,21.740228033561536,20.016906198326033,20.891827573389417,20.58890188851258,21.015152507546045,21.515743894364878,21.83201131955007,20.273888313941995,1.0,1.0,1.0,1.0,1.0,1.0,1.0,1.0,1.0,1.0
332.25,2.0,0.0,0.0,0.0,0.0,0.0,0.0,0.0,0.0,0.0,0.0,0.0,0.0,0.0,0.0,0.0,0.0,0.0,0.0,0.0,0.0
332.5,3.0,18.844716712527966,20.037764574741868,20.09680181485469,17.781377441606764,17.230863071046723,17.739415748248618,16.906824997777036,17.403183982621844,16.998961497531585,16.888172448393625,1.0,1.0,1.0,1.0,1.0,1.0,1.0,1.0,1.0,1.0
332.75,4.0,20.990990251600675,23.153874668117837,22.174009559103872,21.37908936234296,20.498839501639008,19.26304266328338,18.89430948324494,18.929360706535395,17.84990304247303,17.174401760485985,1.0,1.0,1.0,1.0,1.0,1.0,1.0,1.0,1.0,1.0
333.0,1.0,0.0,0.0,0.0,0.0,0.0,0.0,0.0,0.0,0.0,0.0,0.0,0.0,0.0,0.0,0.0,0.0,0.0,0.0,0.0,0.0
333.25,2.0,19.24340276252207,18.66209219486681,18.709047146958472,18.455986266824272,16.624410260218458,15.704819192286582,15.947621241535339,15.7437528292882,16.864295180512137,16.734034785822626,1.0,1.0,1.0,1.0,1.0,1.0,1.0,1.0,1.0,1.0
333.5,3.0,18.64500148900028,20.030612748293205,19.880454929688717,17.832425259505985,17.93316966009413,17.710715182741595,17.374920558934566,16.629731358350952,17.76416960282666,16.668313293368684,1.0,1.0,1.0,1.0,1.0,1.0,1.0,1.0,1.0,1.0
333.75,4.0,0.0,0.0,0.0,0.0,0.0,0.0,0.0,0.0,0.0,0.0,0.0,0.0,0.0,0.0,0.0,0.0,0.0,0.0,0.0,0.0
334.0,1.0,22.806608332937692,22.557615761963874,22.311334342106175,20.867277604143542,20.891480780546537,20.873014620317896,21.40565099486118,21.686725934383674,21.802196552668754,19.92347208384635,1.0,1.0,1.0,1.0,1.0,1.0,1.0,1.0,1.0,1.0
334.25,2.0,19.728724029626918,20.63882719032711,19.241693423242268,19.870292504419695,17.741404876255693,17.62848036246239,18.53575003262971,17.94856655257889,18.346192521565584,18.556281046832556,1.0,1.0,1.0,1.0,1.0,1.0,1.0,1.0,1.0,1.0
334.5,3.0,0.0,0.0,0.0,0.0,0.0,0.0,0.0,0.0,0.0,0.0,0.0,0.0,0.0,0.0,0.0,0.0,0.0,0.0,0.0,0.0
334.75,4.0,22.485403337920527,23.476898254049615,22.41153701634576,20.872718275160114,19.945722023570166,17.816202187279565,16.653824988452946,17.972043311520117,17.829246203814723,18.4170900885842,1.0,1.0,1.0,1.0,1.0,1.0,1.0,1.0,1.0,1.0
335.0,1.0,23.235192032564413,21.983385181349206,21.990711961737972,21.124335052607602,21.661380121320345,20.949220916710793,21.794151264388756,21.101771891081984,21.1580787086669,18.742626898925487,1.0,1.0,1.0,1.0,1.0,1.0,1.0,1.0,1.0,1.0
335.25,2.0,0.0,0.0,0.0,0.0,0.0,0.0,0.0,0.0,0.0,0.0,0.0,0.0,0.0,0.0,0.0,0.0,0.0,0.0,0.0,0.0
335.5,3.0,17.572683882689734,17.695397904499735,19.142823843018242,18.761271917905415,17.571703460580036,16.604740094599727,15.745217822574059,16.95614514488256,17.515611600892754,18.14250814187936,1.0,1.0,1.0,1.0,1.0,1.0,1.0,1.0,1.0,1.0
335.75,4.0,23.157547129322754,23.70415402452417,23.00798737864532,20.97114833436834,18.723183646224793,18.437826497293543,18.14560321721906,18.848296211569757,19.45845895282917,19.607492770706454,1.0,1.0,1.0,1.0,1.0,1.0,1.0,1.0,1.0,1.0
336.0,1.0,24.068567561769832,21.865448593602142,22.133721821876115,21.821355648850414,21.739916531072243,21.046110906295162,21.62879494429693,21.003010051170147,20.895946612124735,18.097436687379954,1.0,1.0,1.0,1.0,1.0,1.0,1.0,1.0,1.0,1.0
336.25,2.0,19.48419283313526,18.66581724132845,18.899007665838916,20.16060329027027,19.762991306703977,19.01268593482311,19.083917280318456,18.505692678020036,18.820247053912762,18.82482349001871,1.0,1.0,1.0,1.0,1.0,1.0,1.0,1.0,1.0,1.0
336.5,3.0,0.0,0.0,0.0,0.0,0.0,0.0,0.0,0.0,0.0,0.0,0.0,0.0,0.0,0.0,0.0,0.0,0.0,0.0,0.0,0.0
336.75,4.0,23.642173933233618,23.567479055147718,22.062808609621854,20.674453620825485,20.409099671437236,19.240968100662794,19.44620333224677,19.35419736944622,19.294939011797567,19.203532672779602,1.0,1.0,1.0,1.0,1.0,1.0,1.0,1.0,1.0,1.0
337.0,1.0,23.09729786322405,21.722229488390184,22.661260818941688,22.18051548265921,22.775135343171943,21.740228628071893,21.35858250595852,21.020307311642483,20.44783606522268,18.61849543983183,1.0,1.0,1.0,1.0,1.0,1.0,1.0,1.0,1.0,1.0
337.25,2.0,19.05364190056022,18.79104942771232,19.02763875682888,20.374033119312866,18.940218591761475,18.665996295486153,18.876199546031074,17.79941272463025,17.763516763202823,18.576497705457456,1.0,1.0,1.0,1.0,1.0,1.0,1.0,1.0,1.0,1.0
337.5,3.0,19.73101956629873,19.651037188808438,20.408124651133058,19.10198569569229,17.244213542414123,17.744772755205577,18.691844432718998,18.354989146390047,19.96502629350123,19.13592614375703,1.0,1.0,1.0,1.0,1.0,1.0,1.0,1.0,1.0,1.0
337.75,4.0,22.94436244073217,22.88238873632527,21.602264776425066,20.342994054625635,21.34207086326509,19.900513529774248,19.34232091220829,19.733749286524468,20.237780518218905,19.816077895364714,1.0,1.0,1.0,1.0,1.0,1.0,1.0,1.0,1.0,1.0
338.0,1.0,0.0,0.0,0.0,0.0,0.0,0.0,0.0,0.0,0.0,0.0,0.0,0.0,0.0,0.0,0.0,0.0,0.0,0.0,0.0,0.0
338.25,2.0,0.0,0.0,0.0,0.0,0.0,0.0,0.0,0.0,0.0,0.0,0.0,0.0,0.0,0.0,0.0,0.0,0.0,0.0,0.0,0.0
338.5,3.0,20.07867495832314,19.049234728178686,20.371551397852738,19.099915180132292,19.095219087550902,18.775632894290375,19.911461940598205,19.291861412827473,19.44709601964699,18.867095676776387,1.0,1.0,1.0,1.0,1.0,1.0,1.0,1.0,1.0,1.0
338.75,4.0,0.0,0.0,0.0,0.0,0.0,0.0,0.0,0.0,0.0,0.0,0.0,0.0,0.0,0.0,0.0,0.0,0.0,0.0,0.0,0.0
339.0,1.0,21.728939286630514,21.131941911329665,21.368786365300522,21.068458002087677,20.388686668297026,20.4099496104697,19.821168707636602,19.636806596415216,20.491860629614703,20.061907801696925,1.0,1.0,1.0,1.0,1.0,1.0,1.0,1.0,1.0,1.0
339.25,2.0,18.33875097464784,19.031326213998184,19.310363904617343,20.48083960326814,20.689709352207007,19.99228044375765,19.251863040209873,17.70945007187185,17.85654667584524,16.954376017045345,1.0,1.0,1.0,1.0,1.0,1.0,1.0,1.0,1.0,1.0
339.5,3.0,0.0,0.0,0.0,0.0,0.0,0.0,0.0,0.0,0.0,0.0,0.0,0.0,0.0,0.0,0.0,0.0,0.0,0.0,0.0,0.0
339.75,4.0,20.079880457278062,20.27972770471656,20.394281605306936,19.737957452994046,19.501603802706065,19.143012035912527,19.163274889216794,20.25112876505502,19.077464853728756,18.873016201951945,1.0,1.0,1.0,1.0,1.0,1.0,1.0,1.0,1.0,1.0
340.0,1.0,21.106371475733873,20.854817309863176,22.48222734365741,20.395641677539714,19.693509141175497,19.764187062691914,19.948145201128256,20.117926657385354,20.979258866552357,20.6924720346528,1.0,1.0,1.0,1.0,1.0,1.0,1.0,1.0,1.0,1.0
340.25,2.0,0.0,0.0,0.0,0.0,0.0,0.0,0.0,0.0,0.0,0.0,0.0,0.0,0.0,0.0,0.0,0.0,0.0,0.0,0.0,0.0
340.5,3.0,19.66608239187553,19.366188630699884,19.57781057882053,20.19298949130122,19.748019563684657,19.20821613814695,19.214170546163036,17.5297913376941,16.871041512735705,16.624551884244298,1.0,1.0,1.0,1.0,1.0,1.0,1.0,1.0,1.0,1.0
340.75,4.0,18.53613835427104,19.50918032776848,20.34515799252477,19.6483577325008,20.516412751210982,19.648925287665424,19.75323087059166,20.124032460195345,21.12773155992068,20.391162531267984,1.0,1.0,1.0,1.0,1.0,1.0,1.0,1.0,1.0,1.0
341.0,1.0,0.0,0.0,0.0,0.0,0.0,0.0,0.0,0.0,0.0,0.0,0.0,0.0,0.0,0.0,0.0,0.0,0.0,0.0,0.0,0.0
341.25,2.0,20.462007518940656,19.730970273309953,19.258259158855033,19.64813767830501,19.27723625345053,18.5578270824281,17.77524636361741,16.804793194712925,16.868097484000792,16.419986060428084,1.0,1.0,1.0,1.0,1.0,1.0,1.0,1.0,1.0,1.0
341.5,3.0,0.0,0.0,0.0,0.0,0.0,0.0,0.0,0.0,0.0,0.0,0.0,0.0,0.0,0.0,0.0,0.0,0.0,0.0,0.0,0.0
341.75,4.0,0.0,0.0,0.0,0.0,0.0,0.0,0.0,0.0,0.0,0.0,0.0,0.0,0.0,0.0,0.0,0.0,0.0,0.0,0.0,0.0
342.0,1.0,20.84813387944218,19.68981939322708,20.227058144473492,18.956455122199998,19.206035078992116,19.840827997790868,20.64720100035383,19.82190056714787,20.394466100118652,19.97180961849712,1.0,1.0,1.0,1.0,1.0,1.0,1.0,1.0,1.0,1.0
342.25,2.0,19.546071133514214,19.924424330513936,18.751226998767965,19.49791065677034,20.046700452977774,18.48126128079075,17.6924670645227,15.768074920721048,15.937338223980623,16.567937904269268,1.0,1.0,1.0,1.0,1.0,1.0,1.0,1.0,1.0,1.0
342.5,3.0,0.0,0.0,0.0,0.0,0.0,0.0,0.0,0.0,0.0,0.0,0.0,0.0,0.0,0.0,0.0,0.0,0.0,0.0,0.0,0.0
342.75,4.0,17.97072482305891,18.688886176221857,20.49736565949747,20.819972455957856,19.85219050104749,19.875398616422412,20.50926106354178,21.196852941434035,21.39833461673676,21.43466910287329,1.0,1.0,1.0,1.0,1.0,1.0,1.0,1.0,1.0,1.0
343.0,1.0,19.68388128399144,19.591002517900627,19.91771329429083,19.70678626636915,20.057525391505894,20.20855389634147,19.911575883211828,18.50771452740551,19.579534611015116,20.41625474641046,1.0,1.0,1.0,1.0,1.0,1.0,1.0,1.0,1.0,1.0
343.25,2.0,0.0,0.0,0.0,0.0,0.0,0.0,0.0,0.0,0.0,0.0,0.0,0.0,0.0,0.0,0.0,0.0,0.0,0.0,0.0,0.0
343.5,3.0,18.541922064023804,18.381818935345734,17.936744829540558,18.372191152432585,16.93887254074918,16.629943632379803,16.17725307788625,15.56907392578072,15.517750360202331,16.24267585828744,1.0,1.0,1.0,1.0,1.0,1.0,1.0,1.0,1.0,1.0
343.75,4.0,17.99090904167681,20.123890810897635,21.325547333795534,20.40499765440634,20.286177570697532,20.908817037460466,20.841336747985707,21.606232423477255,20.970468640191626,21.082384599115667,1.0,1.0,1.0,1.0,1.0,1.0,1.0,1.0,1.0,1.0
344.0,1.0,19.214780414005936,18.87199729339233,20.961450171332437,20.6760114208457,20.246376960934597,20.961406369492043,21.04545027941465,20.301720569109197,20.092964863957775,19.686231283534465,1.0,1.0,1.0,1.0,1.0,1.0,1.0,1.0,1.0,1.0
344.25,2.0,21.139455802284907,18.339874365882515,18.26818651959143,19.164749292515218,19.03235406091591,17.482236698098962,16.434095697597485,16.149837060033093,17.250609875065145,17.711455673090224,1.0,1.0,1.0,1.0,1.0,1.0,1.0,1.0,1.0,1.0
344.5,3.0,0.0,0.0,0.0,0.0,0.0,0.0,0.0,0.0,0.0,0.0,0.0,0.0,0.0,0.0,0.0,0.0,0.0,0.0,0.0,0.0
344.75,4.0,19.239334213748283,21.268290475247372,21.247953649308517,20.888753005402577,21.431982593915624,21.332025473621957,20.360884084781045,20.594732615184267,20.151902116977883,21.408103499747583,1.0,1.0,1.0,1.0,1.0,1.0,1.0,1.0,1.0,1.0
345.0,1.0,19.08954600870707,19.135317843497095,21.697948895153843,20.071779615235187,20.6242159319716,20.516619938818142,20.43037076855055,19.83462257781475,20.705705359389803,19.885679638982943,1.0,1.0,1.0,1.0,1.0,1.0,1.0,1.0,1.0,1.0
345.25,2.0,0.0,0.0,0.0,0.0,0.0,0.0,0.0,0.0,0.0,0.0,0.0,0.0,0.0,0.0,0.0,0.0,0.0,0.0,0.0,0.0
345.5,3.0,19.942389449321414,19.165546231251433,17.593109983111557,17.585282823277787,16.81044631594318,15.852566200078282,15.127620138695145,13.461715785370258,14.457784477781582,14.097976975207493,1.0,1.0,1.0,1.0,1.0,1.0,1.0,1.0,1.0,1.0
345.75,4.0,19.864779521027895,20.688022652082903,20.648067767739427,21.637269246576636,22.55152059387876,22.243025398933153,20.358334827481865,19.530755695906105,19.101149736403407,20.1634749294213,1.0,1.0,1.0,1.0,1.0,1.0,1.0,1.0,1.0,1.0
346.0,1.0,0.0,0.0,0.0,0.0,0.0,0.0,0.0,0.0,0.0,0.0,0.0,0.0,0.0,0.0,0.0,0.0,0.0,0.0,0.0,0.0
346.25,2.0,0.0,0.0,0.0,0.0,0.0,0.0,0.0,0.0,0.0,0.0,0.0,0.0,0.0,0.0,0.0,0.0,0.0,0.0,0.0,0.0
346.5,3.0,20.542242112777394,18.858126552029223,18.14380249057209,17.439304347852925,15.957659401593606,15.957132336086088,16.38432369853224,14.881285826684282,15.348670951322157,15.786994752222286,1.0,1.0,1.0,1.0,1.0,1.0,1.0,1.0,1.0,1.0
346.75,4.0,0.0,0.0,0.0,0.0,0.0,0.0,0.0,0.0,0.0,0.0,0.0,0.0,0.0,0.0,0.0,0.0,0.0,0.0,0.0,0.0
347.0,1.0,18.993532982249025,20.057217082242847,20.71849869880026,18.450427172108462,18.484298976214202,19.006744965820577,19.375518347465228,19.52345016916898,20.032788048359425,19.749627598556,1.0,1.0,1.0,1.0,1.0,1.0,1.0,1.0,1.0,1.0
347.25,2.0,20.546322101531878,18.732356875270288,18.963982096831355,19.816371616843465,18.148468799528207,17.21319803967374,16.999747162903468,16.61329965553744,18.462624303208838,18.718517290570823,1.0,1.0,1.0,1.0,1.0,1.0,1.0,1.0,1.0,1.0
347.5,3.0,0.0,0.0,0.0,0.0,0.0,0.0,0.0,0.0,0.0,0.0,0.0,0.0,0.0,0.0,0.0,0.0,0.0,0.0,0.0,0.0
347.75,4.0,20.349910506613668,19.973908259886148,21.155143845989322,22.230449668522137,21.280293615392456,20.155761853647228,18.67696762937058,18.951234904600465,19.693118592629844,20.511951973558375,1.0,1.0,1.0,1.0,1.0,1.0,1.0,1.0,1.0,1.0
348.0,1.0,20.777203215361105,20.237925445226104,20.287632901485182,19.49900290135966,18.743695405151993,19.376949283332365,18.948472798396303,18.32876624107866,18.094892517600588,18.647903319431595,1.0,1.0,1.0,1.0,1.0,1.0,1.0,1.0,1.0,1.0
348.25,2.0,0.0,0.0,0.0,0.0,0.0,0.0,0.0,0.0,0.0,0.0,0.0,0.0,0.0,0.0,0.0,0.0,0.0,0.0,0.0,0.0
348.5,3.0,18.833421758623995,17.36011566142123,16.074538358519085,17.154701119891534,16.710151095501192,16.073641046070072,17.416111004689135,16.05577309339718,16.521602440990883,17.42542196490865,1.0,1.0,1.0,1.0,1.0,1.0,1.0,1.0,1.0,1.0
348.75,4.0,20.42898390199466,20.776169390335234,22.887029527188655,22.649648315282978,21.07150430024581,18.9744611714338,19.160825322917596,18.297163190703934,18.754295578108966,19.527250663010054,1.0,1.0,1.0,1.0,1.0,1.0,1.0,1.0,1.0,1.0
349.0,1.0,0.0,0.0,0.0,0.0,0.0,0.0,0.0,0.0,0.0,0.0,0.0,0.0,0.0,0.0,0.0,0.0,0.0,0.0,0.0,0.0
349.25,2.0,20.472161983874503,19.09106292643364,17.614757015256796,17.950387582974223,17.676249477523502,18.1995810279064,18.260407852267928,18.219852556242877,18.585082790740273,17.363991305429934,1.0,1.0,1.0,1.0,1.0,1.0,1.0,1.0,1.0,1.0
349.5,3.0,0.0,0.0,0.0,0.0,0.0,0.0,0.0,0.0,0.0,0.0,0.0,0.0,0.0,0.0,0.0,0.0,0.0,0.0,0.0,0.0
349.75,4.0,0.0,0.0,0.0,0.0,0.0,0.0,0.0,0.0,0.0,0.0,0.0,0.0,0.0,0.0,0.0,0.0,0.0,0.0,0.0,0.0
350.0,1.0,20.823958035856066,19.671465003752015,20.974117080347696,19.43411438667625,20.030944764531068,19.503636821904827,18.53469887813858,18.49514437672573,18.75483739604009,18.592650211910623,1.0,1.0,1.0,1.0,1.0,1.0,1.0,1.0,1.0,1.0
350.25,2.0,19.56412480963535,17.844851507382643,16.800298172207643,17.811392102502037,17.44675017758274,18.05111681858289,18.15188680937638,17.457776480102556,17.221253279967627,16.726340653996054,1.0,1.0,1.0,1.0,1.0,1.0,1.0,1.0,1.0,1.0
350.5,3.0,0.0,0.0,0.0,0.0,0.0,0.0,0.0,0.0,0.0,0.0,0.0,0.0,0.0,0.0,0.0,0.0,0.0,0.0,0.0,0.0
350.75,4.0,19.835975172808535,20.737510670197295,22.189348711655906,20.376906046584562,19.418280645163467,18.48924151224048,18.296191641498584,17.945786153348624,18.513940791546936,19.17350920616478,1.0,1.0,1.0,1.0,1.0,1.0,1.0,1.0,1.0,1.0
351.0,1.0,20.672210634399068,19.93428929478073,20.804812805138734,19.20599913280468,17.5855558539306,19.03324787938717,17.1904152123373,17.726023678134847,18.549015294083606,19.166531881896642,1.0,1.0,1.0,1.0,1.0,1.0,1.0,1.0,1.0,1.0
351.25,2.0,0.0,0.0,0.0,0.0,0.0,0.0,0.0,0.0,0.0,0.0,0.0,0.0,0.0,0.0,0.0,0.0,0.0,0.0,0.0,0.0
351.5,3.0,17.807154721145512,16.678117997409565,16.713419721592512,16.926190042423936,18.668060449913167,18.6450147303288,19.585158302796476,18.542434202112226,17.71378360756862,18.036423730734416,1.0,1.0,1.0,1.0,1.0,1.0,1.0,1.0,1.0,1.0
351.75,4.0,18.474398068714383,20.274717388458924,20.110450872548647,19.284144377901526,19.08241387730309,18.582183966125957,18.84986469392837,18.141881116212378,17.667198661218908,18.620641230803166,1.0,1.0,1.0,1.0,1.0,1.0,1.0,1.0,1.0,1.0
352.0,1.0,20.42785638432601,19.662741222228117,19.836184030123214,18.31615743019384,17.4869481711874,18.66177583582446,17.48027690944994,18.703182038913965,19.23019432243794,20.00925667091724,1.0,1.0,1.0,1.0,1.0,1.0,1.0,1.0,1.0,1.0
352.25,2.0,17.24625825006963,17.123218321903963,17.59878639357431,20.154610616480703,19.35952912303791,19.423711469325717,19.935756696232286,18.291908346668475,19.298227530444894,19.4174383235805,1.0,1.0,1.0,1.0,1.0,1.0,1.0,1.0,1.0,1.0
352.5,3.0,0.0,0.0,0.0,0.0,0.0,0.0,0.0,0.0,0.0,0.0,0.0,0.0,0.0,0.0,0.0,0.0,0.0,0.0,0.0,0.0
352.75,4.0,18.475178513488775,20.79002248006051,19.84149310498252,19.157232144637423,19.350173181645598,19.40610446340312,18.895255952473683,19.12805261679836,18.80553062368069,19.599094494400514,1.0,1.0,1.0,1.0,1.0,1.0,1.0,1.0,1.0,1.0
353.0,1.0,20.140958830369033,19.802579675492936,19.439424058356074,17.21960620053975,17.288776782450384,18.10762704684211,17.639011141559997,18.99858036598641,20.007148308085963,20.530458921353606,1.0,1.0,1.0,1.0,1.0,1.0,1.0,1.0,1.0,1.0
353.25,2.0,0.0,0.0,0.0,0.0,0.0,0.0,0.0,0.0,0.0,0.0,0.0,0.0,0.0,0.0,0.0,0.0,0.0,0.0,0.0,0.0
353.5,3.0,17.504142199872994,16.66506025762497,17.398067638365383,18.212095104867704,17.85738306054903,17.440458123112897,16.83354398321066,16.589614483694934,16.860711372255462,17.847737010442863,1.0,1.0,1.0,1.0,1.0,1.0,1.0,1.0,1.0,1.0
353.75,4.0,20.580470072821356,21.722285297096782,19.920354598045837,19.207907404430088,19.511098632616402,19.876719471713304,19.605430542747268,19.54587462090179,19.650057341641094,19.744078294123536,1.0,1.0,1.0,1.0,1.0,1.0,1.0,1.0,1.0,1.0
354.0,1.0,0.0,0.0,0.0,0.0,0.0,0.0,0.0,0.0,0.0,0.0,0.0,0.0,0.0,0.0,0.0,0.0,0.0,0.0,0.0,0.0
354.25,2.0,0.0,0.0,0.0,0.0,0.0,0.0,0.0,0.0,0.0,0.0,0.0,0.0,0.0,0.0,0.0,0.0,0.0,0.0,0.0,0.0
354.5,3.0,17.26178010249637,15.862379835047225,17.577160316922427,17.144839448908158,17.061722450204506,16.865717098318076,17.291499009068442,16.37557639067629,16.24719511166438,17.740341825017037,1.0,1.0,1.0,1.0,1.0,1.0,1.0,1.0,1.0,1.0
354.75,4.0,0.0,0.0,0.0,0.0,0.0,0.0,0.0,0.0,0.0,0.0,0.0,0.0,0.0,0.0,0.0,0.0,0.0,0.0,0.0,0.0
355.0,1.0,17.76265939971535,18.157089664418297,17.930470486127142,17.098278962889697,16.591752574401085,17.82179799242046,18.37863346801089,19.246197278892183,20.28142689566412,19.915724826131054,1.0,1.0,1.0,1.0,1.0,1.0,1.0,1.0,1.0,1.0
355.25,2.0,15.36645740502511,15.514463363161473,17.37523018746486,19.856233496836044,20.298465210174182,20.862299136147154,21.189860501445096,18.615058287695962,18.159155851319344,17.409678493868388,1.0,1.0,1.0,1.0,1.0,1.0,1.0,1.0,1.0,1.0
355.5,3.0,0.0,0.0,0.0,0.0,0.0,0.0,0.0,0.0,0.0,0.0,0.0,0.0,0.0,0.0,0.0,0.0,0.0,0.0,0.0,0.0
355.75,4.0,19.744640381459437,21.524894919369157,19.63613157934627,18.63369526566069,18.073899418715126,17.823044098888612,18.186240169777445,18.94891700088474,18.68688455339473,18.074924533381697,1.0,1.0,1.0,1.0,1.0,1.0,1.0,1.0,1.0,1.0
356.0,1.0,17.638153091401424,18.47847124241704,17.390562309846484,15.752427052349018,17.087143620440113,17.995251279317728,18.509697841937065,19.58051525029132,21.19623817772511,21.030382130811955,1.0,1.0,1.0,1.0,1.0,1.0,1.0,1.0,1.0,1.0
356.25,2.0,0.0,0.0,0.0,0.0,0.0,0.0,0.0,0.0,0.0,0.0,0.0,0.0,0.0,0.0,0.0,0.0,0.0,0.0,0.0,0.0
356.5,3.0,18.89622794531787,18.506891077859247,18.804271749749415,17.930407440038316,16.545497510878082,17.57212345137158,17.680681096565735,17.314609113265796,17.829213079021113,17.687720831943906,1.0,1.0,1.0,1.0,1.0,1.0,1.0,1.0,1.0,1.0
356.75,4.0,20.10119862806307,20.909144854018248,18.7489876021956,17.576238142599983,17.32238515980395,16.426611681305126,16.492522105818136,16.099233861482254,16.52347245443594,16.477054345347998,1.0,1.0,1.0,1.0,1.0,1.0,1.0,1.0,1.0,1.0
357.0,1.0,0.0,0.0,0.0,0.0,0.0,0.0,0.0,0.0,0.0,0.0,0.0,0.0,0.0,0.0,0.0,0.0,0.0,0.0,0.0,0.0
357.25,2.0,17.663360033508916,18.82955568934648,19.6333659361938,18.867256298375626,18.078903349178606,18.75613283592351,18.913258625972198,17.765441876254517,17.0241381157019,16.830557784816627,1.0,1.0,1.0,1.0,1.0,1.0,1.0,1.0,1.0,1.0
357.5,3.0,0.0,0.0,0.0,0.0,0.0,0.0,0.0,0.0,0.0,0.0,0.0,0.0,0.0,0.0,0.0,0.0,0.0,0.0,0.0,0.0
357.75,4.0,0.0,0.0,0.0,0.0,0.0,0.0,0.0,0.0,0.0,0.0,0.0,0.0,0.0,0.0,0.0,0.0,0.0,0.0,0.0,0.0
358.0,1.0,17.193923992105546,17.094785156261683,16.142045694408715,17.39500973414622,19.460233828083027,19.72686885621802,20.26252677008473,20.317951195002728,21.22506820079469,21.18472150832255,1.0,1.0,1.0,1.0,1.0,1.0,1.0,1.0,1.0,1.0
358.25,2.0,18.651140982814912,19.435175435530738,19.863297413417147,19.696009790206354,18.664469371180115,18.57411708334147,18.437292936583663,16.77010406732592,17.080932552129333,16.935032823947164,1.0,1.0,1.0,1.0,1.0,1.0,1.0,1.0,1.0,1.0
358.5,3.0,20.968975962707532,19.249170747618557,17.43052817671369,17.31432703169574,17.324752460874585,18.337549074910992,19.12748297474527,19.312772714790377,20.07233009088182,19.434665243397294,1.0,1.0,1.0,1.0,1.0,1.0,1.0,1.0,1.0,1.0
358.75,4.0,19.080555624350236,19.819551163328626,19.351482896528722,17.876003652951493,17.340428948307046,16.276103820804153,16.20176839279381,15.634816014985716,15.761216164009971,16.299274802878305,1.0,1.0,1.0,1.0,1.0,1.0,1.0,1.0,1.0,1.0
359.0,1.0,16.971466763879842,17.299349854977454,16.52940803735083,19.011495655440957,19.869722885996982,20.739589052410754,19.539812803770435,20.315430861781188,20.748986278316107,20.461009062259688,1.0,1.0,1.0,1.0,1.0,1.0,1.0,1.0,1.0,1.0
359.25,2.0,0.0,0.0,0.0,0.0,0.0,0.0,0.0,0.0,0.0,0.0,0.0,0.0,0.0,0.0,0.0,0.0,0.0,0.0,0.0,0.0
359.5,3.0,21.03954323945103,18.822467892216594,18.278892754176706,17.722656162125404,17.228489296986027,18.974259652215537,20.159635231668723,19.376677574124084,20.108771387565156,18.795392388589683,1.0,1.0,1.0,1.0,1.0,1.0,1.0,1.0,1.0,1.0
359.75,4.0,18.833828193638148,18.788082022531594,17.633296839980865,16.77621082961825,17.673081683611993,16.55849619536169,16.464476671433882,15.748772615553019,15.811167964414611,16.6798296595826,1.0,1.0,1.0,1.0,1.0,1.0,1.0,1.0,1.0,1.0
360.0,1.0,16.526462397665643,16.84018698434479,17.408893427162877,17.92198611942325,19.930844553053838,19.523881453935946,18.370688361415063,18.705763637854226,19.104512172694978,19.8425214247188,1.0,1.0,1.0,1.0,1.0,1.0,1.0,1.0,1.0,1.0
360.25,2.0,18.324735900654847,19.58603625641185,19.64879926300099,19.80292770773912,17.63868899259756,17.790842137026367,17.867634610234187,17.317722949744383,17.620485905592936,17.86680444282129,1.0,1.0,1.0,1.0,1.0,1.0,1.0,1.0,1.0,1.0
360.5,3.0,0.0,0.0,0.0,0.0,0.0,0.0,0.0,0.0,0.0,0.0,0.0,0.0,0.0,0.0,0.0,0.0,0.0,0.0,0.0,0.0
360.75,4.0,17.164236484177255,18.086614966662072,16.940847507032892,16.841613530616286,17.575640012575885,16.578760140858748,17.032571989161564,15.33900023897646,15.141039608450997,15.370813229795175,1.0,1.0,1.0,1.0,1.0,1.0,1.0,1.0,1.0,1.0
361.0,1.0,16.45831380918852,17.18353818285204,18.282465827647087,18.52441890043898,19.49348963880259,19.469995550005986,18.855586553698423,19.315706736986254,19.16426488456186,19.91294471181973,1.0,1.0,1.0,1.0,1.0,1.0,1.0,1.0,1.0,1.0
361.25,2.0,0.0,0.0,0.0,0.0,0.0,0.0,0.0,0.0,0.0,0.0,0.0,0.0,0.0,0.0,0.0,0.0,0.0,0.0,0.0,0.0
361.5,3.0,20.524171597498185,19.95525864064004,19.246681188762025,19.21402323287131,19.478927765181318,19.44962942115112,19.38324843061545,18.3592930566726,19.039032445048168,19.77517953118442,1.0,1.0,1.0,1.0,1.0,1.0,1.0,1.0,1.0,1.0
361.75,4.0,17.193261645707995,18.251406610948315,17.595383080557887,17.602996503975948,17.271108112498055,16.82760793786793,16.596883437890117,16.022648414961342,15.574173375893707,16.217300026549793,1.0,1.0,1.0,1.0,1.0,1.0,1.0,1.0,1.0,1.0
362.0,1.0,0.0,0.0,0.0,0.0,0.0,0.0,0.0,0.0,0.0,0.0,0.0,0.0,0.0,0.0,0.0,0.0,0.0,0.0,0.0,0.0
362.25,2.0,18.33619388345505,20.285069249218544,19.222166206444292,18.96577219411025,16.902502274404917,18.254182971313778,19.256089407604637,18.139629614393087,18.503951255974105,18.94320832874996,1.0,1.0,1.0,1.0,1.0,1.0,1.0,1.0,1.0,1.0
362.5,3.0,19.821044184744494,18.631166957348984,18.53035688259885,17.69673657851794,17.809448370730163,17.256905779605365,18.265564217207807,18.341494263500515,19.59514980957048,19.659488492540632,1.0,1.0,1.0,1.0,1.0,1.0,1.0,1.0,1.0,1.0
362.75,4.0,0.0,0.0,0.0,0.0,0.0,0.0,0.0,0.0,0.0,0.0,0.0,0.0,0.0,0.0,0.0,0.0,0.0,0.0,0.0,0.0
363.0,1.0,19.05913994759077,18.64413376899784,18.56774422957151,19.568709246381808,20.113291664044,20.634555902546193,19.587557169400597,19.386764809880532,20.07557896608222,21.16115817471465,1.0,1.0,1.0,1.0,1.0,1.0,1.0,1.0,1.0,1.0
363.25,2.0,17.193557708431406,18.97066401612506,18.253909531384704,17.63601277680961,18.356229262479822,19.96276783908749,20.733264279604008,20.26547924363491,19.150800431897384,19.483890341004276,1.0,1.0,1.0,1.0,1.0,1.0,1.0,1.0,1.0,1.0
363.5,3.0,0.0,0.0,0.0,0.0,0.0,0.0,0.0,0.0,0.0,0.0,0.0,0.0,0.0,0.0,0.0,0.0,0.0,0.0,0.0,0.0
363.75,4.0,17.826129208274406,19.12185702936421,17.05726773339036,16.311139370469608,16.45000916418994,16.64909684452878,16.555140455489553,15.521895594996183,15.098848199810757,15.876727855081077,1.0,1.0,1.0,1.0,1.0,1.0,1.0,1.0,1.0,1.0
364.0,1.0,18.455762227978955,18.88127883778189,18.633332913090538,20.24104333234082,20.552877759215214,20.602748338247622,19.18276984870959,20.707827870313135,20.979162024055533,21.730071882987456,1.0,1.0,1.0,1.0,1.0,1.0,1.0,1.0,1.0,1.0
364.25,2.0,0.0,0.0,0.0,0.0,0.0,0.0,0.0,0.0,0.0,0.0,0.0,0.0,0.0,0.0,0.0,0.0,0.0,0.0,0.0,0.0
364.5,3.0,17.659255938017477,18.883054961552293,17.309443225813368,16.356049085925143,16.767830050875908,17.57520680452125,19.052523684820724,19.464393026560785,19.46548306537178,19.343711052060577,1.0,1.0,1.0,1.0,1.0,1.0,1.0,1.0,1.0,1.0
364.75,4.0,17.940247740181913,19.391808706987174,17.06035769422359,16.35205681729104,16.248414213143807,17.025782426638802,16.139515565873353,16.1496749852831,15.3141099976378,15.796542245910533,1.0,1.0,1.0,1.0,1.0,1.0,1.0,1.0,1.0,1.0
365.0,1.0,0.0,0.0,0.0,0.0,0.0,0.0,0.0,0.0,0.0,0.0,0.0,0.0,0.0,0.0,0.0,0.0,0.0,0.0,0.0,0.0
365.25,2.0,17.308082968975263,19.032577141213473,18.326167104316973,17.77624091948541,18.488008211065313,18.819804309530518,18.139814293285344,18.214510172958988,17.403217908959547,18.846745303340704,1.0,1.0,1.0,1.0,1.0,1.0,1.0,1.0,1.0,1.0
365.5,3.0,0.0,0.0,0.0,0.0,0.0,0.0,0.0,0.0,0.0,0.0,0.0,0.0,0.0,0.0,0.0,0.0,0.0,0.0,0.0,0.0
365.75,4.0,0.0,0.0,0.0,0.0,0.0,0.0,0.0,0.0,0.0,0.0,0.0,0.0,0.0,0.0,0.0,0.0,0.0,0.0,0.0,0.0
366.0,1.0,18.776765337175473,19.523839580494396,18.81024603013747,19.620291186680817,19.796711318634216,20.33559437343289,19.759862792438003,21.600555972856963,21.833605692630336,22.73938388746977,1.0,1.0,1.0,1.0,1.0,1.0,1.0,1.0,1.0,1.0
366.25,2.0,17.03730586559318,19.68250215681913,18.197348599958854,17.957441612925457,17.933062405088588,18.276950878479905,18.913253908407167,18.843381379748646,18.5278738476375,18.660732827133092,1.0,1.0,1.0,1.0,1.0,1.0,1.0,1.0,1.0,1.0
366.5,3.0,16.9891529403533,15.665786631167903,15.78260775323017,16.965866556290937,17.25063250049954,17.05792863241483,16.765168657778204,17.433835882100084,17.12712568280348,17.19305022517928,1.0,1.0,1.0,1.0,1.0,1.0,1.0,1.0,1.0,1.0
366.75,4.0,17.36416792787014,16.788858310939503,16.470997239846984,15.243099090615628,15.62294223815761,15.915309679621405,14.911143548507727,14.511491598404865,14.058716267555196,14.915349374482718,1.0,1.0,1.0,1.0,1.0,1.0,1.0,1.0,1.0,1.0
367.0,1.0,19.55043669967806,19.780504427153787,18.080699915525145,17.81233026827817,18.18725720213547,19.59671384924363,19.82551161415987,21.935853857047928,21.4805035949107,22.046105752963722,1.0,1.0,1.0,1.0,1.0,1.0,1.0,1.0,1.0,1.0
367.25,2.0,0.0,0.0,0.0,0.0,0.0,0.0,0.0,0.0,0.0,0.0,0.0,0.0,0.0,0.0,0.0,0.0,0.0,0.0,0.0,0.0
367.5,3.0,16.00985249780036,15.607916187428273,16.626793733245904,16.46213019603972,16.529634515826206,16.500948321836013,16.784829718630025,16.35258329099028,16.267130309733787,16.27416660094572,1.0,1.0,1.0,1.0,1.0,1.0,1.0,1.0,1.0,1.0
367.75,4.0,18.48699160411461,17.448830966862385,15.875449175980307,15.044211995253143,15.431638613718379,15.37913982461813,15.099994115548482,15.367380963488216,14.955700653870709,15.493955320965368,1.0,1.0,1.0,1.0,1.0,1.0,1.0,1.0,1.0,1.0
368.0,1.0,20.06020385054901,19.77813676488166,18.344595708490434,18.775268529460206,18.2877164266048,18.859421792715047,18.867676266633907,20.537213643869286,20.974991311795332,21.46080456364989,1.0,1.0,1.0,1.0,1.0,1.0,1.0,1.0,1.0,1.0
368.25,2.0,17.264179785382264,18.89203414281466,17.818497938686836,17.843270221251856,18.404351818380285,19.81904233503407,21.4088064497186,21.218946953317026,20.203136320050582,19.13326724551574,1.0,1.0,1.0,1.0,1.0,1.0,1.0,1.0,1.0,1.0
368.5,3.0,0.0,0.0,0.0,0.0,0.0,0.0,0.0,0.0,0.0,0.0,0.0,0.0,0.0,0.0,0.0,0.0,0.0,0.0,0.0,0.0
368.75,4.0,18.701495594181154,16.064134824885382,15.02463003103552,14.963796557433277,14.460578256570605,14.241384096489595,14.778514883795111,14.931821267837307,15.172998870012337,15.41270155607332,1.0,1.0,1.0,1.0,1.0,1.0,1.0,1.0,1.0,1.0
369.0,1.0,20.003338696457458,19.852795915331576,20.267154280005837,19.736920118620084,18.4161719133197,18.402475201337804,18.45590938807459,19.906878349020513,19.629964381308923,20.285519772631595,1.0,1.0,1.0,1.0,1.0,1.0,1.0,1.0,1.0,1.0
369.25,2.0,0.0,0.0,0.0,0.0,0.0,0.0,0.0,0.0,0.0,0.0,0.0,0.0,0.0,0.0,0.0,0.0,0.0,0.0,0.0,0.0
369.5,3.0,15.301300274407994,14.285902702881867,15.401709389875105,16.35487303057352,16.3284898233936,15.7746932960328,15.427803807414387,16.27692371611439,16.67740063698038,16.946740958319104,1.0,1.0,1.0,1.0,1.0,1.0,1.0,1.0,1.0,1.0
369.75,4.0,16.781063624209978,15.50619521221383,15.55964023566598,15.842770016271304,14.70655942305964,13.956189521937986,15.152807716697623,14.622987381653873,14.72368992597727,15.693712630721516,1.0,1.0,1.0,1.0,1.0,1.0,1.0,1.0,1.0,1.0
370.0,1.0,0.0,0.0,0.0,0.0,0.0,0.0,0.0,0.0,0.0,0.0,0.0,0.0,0.0,0.0,0.0,0.0,0.0,0.0,0.0,0.0
370.25,2.0,16.738320318059554,19.789203525073667,19.5879196426106,19.424023121670757,17.618229153957508,18.190795381280083,18.571431633482796,18.938057196542168,18.4348828199388,18.590395460560362,1.0,1.0,1.0,1.0,1.0,1.0,1.0,1.0,1.0,1.0
370.5,3.0,14.853091643629519,13.994762707955207,14.516884615972394,16.205317212882008,15.542141639999818,15.494457070526638,14.865093487133718,15.629018690134389,16.426331980916057,16.027559064417503,1.0,1.0,1.0,1.0,1.0,1.0,1.0,1.0,1.0,1.0
370.75,4.0,0.0,0.0,0.0,0.0,0.0,0.0,0.0,0.0,0.0,0.0,0.0,0.0,0.0,0.0,0.0,0.0,0.0,0.0,0.0,0.0
371.0,1.0,19.109280421483103,21.01008761181284,21.324974960290408,19.275291184157453,18.463944478984658,19.04800485754475,18.332831451061672,19.164367070607465,19.645109147261614,19.84709977662288,1.0,1.0,1.0,1.0,1.0,1.0,1.0,1.0,1.0,1.0
371.25,2.0,17.012995205194677,20.442272419969683,19.466518941386113,18.384858173342636,17.418979372706485,18.55292174776211,19.07127015617817,19.127522716249498,18.25810474669916,18.15998829966637,1.0,1.0,1.0,1.0,1.0,1.0,1.0,1.0,1.0,1.0
371.5,3.0,0.0,0.0,0.0,0.0,0.0,0.0,0.0,0.0,0.0,0.0,0.0,0.0,0.0,0.0,0.0,0.0,0.0,0.0,0.0,0.0
371.75,4.0,19.27558968941817,19.29047808145406,19.232344713123112,16.461288334782427,15.27360142277985,15.372347386549123,15.201074899350422,16.1941063125596,15.912325872201086,17.90884742922125,1.0,1.0,1.0,1.0,1.0,1.0,1.0,1.0,1.0,1.0
372.0,1.0,20.044500935606994,21.934997273813238,20.97699502778933,18.78994030664726,17.606336940435433,18.7015291487321,19.103739006381332,19.118565704042958,19.435535440189852,20.07336468840479,1.0,1.0,1.0,1.0,1.0,1.0,1.0,1.0,1.0,1.0
372.25,2.0,0.0,0.0,0.0,0.0,0.0,0.0,0.0,0.0,0.0,0.0,0.0,0.0,0.0,0.0,0.0,0.0,0.0,0.0,0.0,0.0
372.5,3.0,16.046026096524862,14.86526804104121,16.73878925190058,16.9736656960795,16.828512466000266,17.417851047094597,17.173215100933376,16.42194403741285,16.029269495251096,16.327649115645425,1.0,1.0,1.0,1.0,1.0,1.0,1.0,1.0,1.0,1.0
372.75,4.0,20.383628709767475,19.155428841409755,18.020405532268434,16.9774415425957,15.994560930864187,15.565456055651559,16.373940445950925,17.985811512742465,17.99139338154704,19.252968999496247,1.0,1.0,1.0,1.0,1.0,1.0,1.0,1.0,1.0,1.0
373.0,1.0,19.923528685766087,21.25761402429351,19.93572892887732,19.484803605145196,17.71843286510291,19.388773312633127,19.546360011749506,19.97663553839918,20.644436694793384,20.554291458934042,1.0,1.0,1.0,1.0,1.0,1.0,1.0,1.0,1.0,1.0
373.25,2.0,19.46657392318335,20.743901938927777,19.907033123555134,19.06215542991575,18.31713328641387,18.680090958400978,18.776413477235167,18.761640280247835,18.118188114021187,17.99997489932258,1.0,1.0,1.0,1.0,1.0,1.0,1.0,1.0,1.0,1.0
373.5,3.0,0.0,0.0,0.0,0.0,0.0,0.0,0.0,0.0,0.0,0.0,0.0,0.0,0.0,0.0,0.0,0.0,0.0,0.0,0.0,0.0
373.75,4.0,19.92973641335391,17.477596238051667,17.39298911554654,16.05572112011079,15.603269660452122,16.1378553947828,17.804981701049133,18.79680094031661,18.664559919406127,18.648467065126347,1.0,1.0,1.0,1.0,1.0,1.0,1.0,1.0,1.0,1.0
374.0,1.0,19.512257434239846,21.40577396982184,20.8718404785154,19.869982543020463,17.83411446654054,19.340369194260475,19.381267353187827,19.9394669313537,20.715437603241693,20.36633419556201,1.0,1.0,1.0,1.0,1.0,1.0,1.0,1.0,1.0,1.0
374.25,2.0,18.866266389046427,19.896145434176887,19.55041810746484,18.942967836940692,17.5855750219333,18.191797808701587,18.974738411193826,18.909676222293516,18.773709883937656,17.962978675790783,1.0,1.0,1.0,1.0,1.0,1.0,1.0,1.0,1.0,1.0
374.5,3.0,18.1729000744093,17.629827939626765,18.16832399219281,18.45279284681874,16.302197559917097,16.23532930938858,15.921552045727042,14.930901581239304,14.346544323390066,14.268442108588365,1.0,1.0,1.0,1.0,1.0,1.0,1.0,1.0,1.0,1.0
374.75,4.0,18.958559043006012,17.195491560693057,17.239325923142776,17.072497785255855,15.882430948949837,16.738813318303517,18.275643215123967,19.052529533167352,17.9919897425517,18.050593406786792,1.0,1.0,1.0,1.0,1.0,1.0,1.0,1.0,1.0,1.0
375.0,1.0,0.0,0.0,0.0,0.0,0.0,0.0,0.0,0.0,0.0,0.0,0.0,0.0,0.0,0.0,0.0,0.0,0.0,0.0,0.0,0.0
375.25,2.0,0.0,0.0,0.0,0.0,0.0,0.0,0.0,0.0,0.0,0.0,0.0,0.0,0.0,0.0,0.0,0.0,0.0,0.0,0.0,0.0
375.5,3.0,17.64382487758285,18.77965939202302,18.471174417289724,17.6331421324941,15.288219795290024,14.88209484905031,14.273336276180794,14.562372390049555,13.994417028205802,13.992292295043933,1.0,1.0,1.0,1.0,1.0,1.0,1.0,1.0,1.0,1.0
375.75,4.0,0.0,0.0,0.0,0.0,0.0,0.0,0.0,0.0,0.0,0.0,0.0,0.0,0.0,0.0,0.0,0.0,0.0,0.0,0.0,0.0
376.0,1.0,19.595367015523095,20.023050666776363,18.89425061996563,17.845431921912848,17.35542956458225,19.204923720049027,19.401911737756404,19.34679802030514,19.07863062036644,19.835256420379867,1.0,1.0,1.0,1.0,1.0,1.0,1.0,1.0,1.0,1.0
376.25,2.0,19.068217413721783,17.830075482580607,18.760276428115215,18.98173481468744,17.25214180012069,16.99891103410768,17.13778948967684,16.58222317736531,16.991229406096828,15.596241826914651,1.0,1.0,1.0,1.0,1.0,1.0,1.0,1.0,1.0,1.0
376.5,3.0,0.0,0.0,0.0,0.0,0.0,0.0,0.0,0.0,0.0,0.0,0.0,0.0,0.0,0.0,0.0,0.0,0.0,0.0,0.0,0.0
376.75,4.0,18.02887336463979,18.11143111475753,17.61243655014007,16.400412555347575,16.980981794683174,17.161321633439176,16.94902354166386,17.230460419252783,18.12612717189796,17.793013158479813,1.0,1.0,1.0,1.0,1.0,1.0,1.0,1.0,1.0,1.0
377.0,1.0,18.721114809422136,18.952866400827222,18.15280325337252,17.209198207412353,18.732945994482165,19.370498625905917,18.77867141150719,18.717711383711233,18.781516023720314,19.328204501666576,1.0,1.0,1.0,1.0,1.0,1.0,1.0,1.0,1.0,1.0
377.25,2.0,0.0,0.0,0.0,0.0,0.0,0.0,0.0,0.0,0.0,0.0,0.0,0.0,0.0,0.0,0.0,0.0,0.0,0.0,0.0,0.0
377.5,3.0,18.922997255632797,15.753595273253326,15.562109678903202,15.591763114710936,12.174232748056967,12.607711478910558,12.341670317050555,13.417576530415715,15.079501404737035,14.91719012162807,1.0,1.0,1.0,1.0,1.0,1.0,1.0,1.0,1.0,1.0
377.75,4.0,17.792803671313774,17.095225299759356,16.74183901602588,16.38003932245067,16.662011877514246,16.924858078401023,17.37357601300801,17.530985920187984,18.053699538719236,17.246029510151047,1.0,1.0,1.0,1.0,1.0,1.0,1.0,1.0,1.0,1.0
378.0,1.0,0.0,0.0,0.0,0.0,0.0,0.0,0.0,0.0,0.0,0.0,0.0,0.0,0.0,0.0,0.0,0.0,0.0,0.0,0.0,0.0
378.25,2.0,16.75505379315494,17.018169885668428,18.1905860165436,17.407739934266395,17.73244118892046,16.857579900562868,17.41101198091044,15.487879467528712,15.368381779985196,14.282383808880303,1.0,1.0,1.0,1.0,1.0,1.0,1.0,1.0,1.0,1.0
378.5,3.0,0.0,0.0,0.0,0.0,0.0,0.0,0.0,0.0,0.0,0.0,0.0,0.0,0.0,0.0,0.0,0.0,0.0,0.0,0.0,0.0
378.75,4.0,0.0,0.0,0.0,0.0,0.0,0.0,0.0,0.0,0.0,0.0,0.0,0.0,0.0,0.0,0.0,0.0,0.0,0.0,0.0,0.0
379.0,1.0,17.130160384462634,15.677370723287364,16.119333065457784,15.302560921359657,16.379099235158694,16.698971058134607,17.197996481586177,16.771209181183185,17.37358953650763,17.453760485615174,1.0,1.0,1.0,1.0,1.0,1.0,1.0,1.0,1.0,1.0
379.25,2.0,16.103761528668535,17.28056783475399,17.886894121443362,17.005190130286724,16.87995016748395,15.723316870577795,16.051527949618873,16.163256455519104,16.011157576044674,15.163542340328977,1.0,1.0,1.0,1.0,1.0,1.0,1.0,1.0,1.0,1.0
379.5,3.0,0.0,0.0,0.0,0.0,0.0,0.0,0.0,0.0,0.0,0.0,0.0,0.0,0.0,0.0,0.0,0.0,0.0,0.0,0.0,0.0
379.75,4.0,15.699021592919975,15.527934424113845,17.647106542434468,16.820072502607058,17.371709948689293,17.29584247688094,17.68296519627193,15.996596998980861,16.36961151305793,16.377727313815424,1.0,1.0,1.0,1.0,1.0,1.0,1.0,1.0,1.0,1.0
380.0,1.0,17.497282795559478,16.20326635413446,15.93628564552893,14.603843237458792,16.693219532300194,17.41835639076445,17.725198688132092,16.847172372606757,17.75011986022215,17.634744023607254,1.0,1.0,1.0,1.0,1.0,1.0,1.0,1.0,1.0,1.0
380.25,2.0,0.0,0.0,0.0,0.0,0.0,0.0,0.0,0.0,0.0,0.0,0.0,0.0,0.0,0.0,0.0,0.0,0.0,0.0,0.0,0.0
380.5,3.0,15.532194443128079,15.744619595363602,15.156475627328478,16.43217891146549,13.030823486095695,13.563040044637058,12.41356573762286,12.837660834834615,13.56318965445803,13.37356860560943,1.0,1.0,1.0,1.0,1.0,1.0,1.0,1.0,1.0,1.0
380.75,4.0,15.379945653820421,15.209933446459578,17.833824299753317,17.270551366338488,18.664756561048655,17.616512700360975,18.053131519935157,17.32191861435916,17.969706265734786,19.18752821294594,1.0,1.0,1.0,1.0,1.0,1.0,1.0,1.0,1.0,1.0
381.0,1.0,18.420952224115908,17.047810819691804,15.965452157727661,14.441258996099414,17.04192907935028,16.80501817219026,16.83401280846415,16.785263236374742,17.045499589760517,16.78817708305388,1.0,1.0,1.0,1.0,1.0,1.0,1.0,1.0,1.0,1.0
381.25,2.0,17.242206529774727,17.609771786625796,16.573411383710187,14.534524999389221,16.396337043820107,17.562362502648245,17.846106889876957,16.313909671274097,16.423446746296282,16.471016650971123,1.0,1.0,1.0,1.0,1.0,1.0,1.0,1.0,1.0,1.0
381.5,3.0,0.0,0.0,0.0,0.0,0.0,0.0,0.0,0.0,0.0,0.0,0.0,0.0,0.0,0.0,0.0,0.0,0.0,0.0,0.0,0.0
381.75,4.0,15.848999178790052,15.747726785285325,17.32871876247564,17.66074153267324,19.12986044192348,18.044178121513152,19.54965005746401,19.756480616369412,19.08440390594055,19.985362043370696,1.0,1.0,1.0,1.0,1.0,1.0,1.0,1.0,1.0,1.0
382.0,1.0,16.964274608848804,15.761452161358854,15.024051634467531,14.714844192816289,17.22063771756907,16.50443728230908,16.33117210896701,16.33692748768963,17.36118383755806,17.002840150192355,1.0,1.0,1.0,1.0,1.0,1.0,1.0,1.0,1.0,1.0
382.25,2.0,16.90978802458455,16.428264166000734,15.309886892406642,16.989424812865625,17.02704181772609,17.546389924672273,17.87019111713474,16.86615375487694,16.477404290924966,16.562760284396322,1.0,1.0,1.0,1.0,1.0,1.0,1.0,1.0,1.0,1.0
382.5,3.0,15.046926844953381,14.67779068018483,15.576826608377948,15.880355584689884,14.23575528661263,13.659338132485287,13.341431485018177,12.841663779183103,13.468752997556201,14.540943187048327,1.0,1.0,1.0,1.0,1.0,1.0,1.0,1.0,1.0,1.0
382.75,4.0,16.15997169733346,15.940461148106802,16.951791727324572,17.507968852643742,19.78514821299193,18.35253817335903,19.50521674038123,18.514809868141473,19.23203989162248,20.787360381069725,1.0,1.0,1.0,1.0,1.0,1.0,1.0,1.0,1.0,1.0
383.0,1.0,0.0,0.0,0.0,0.0,0.0,0.0,0.0,0.0,0.0,0.0,0.0,0.0,0.0,0.0,0.0,0.0,0.0,0.0,0.0,0.0
383.25,2.0,0.0,0.0,0.0,0.0,0.0,0.0,0.0,0.0,0.0,0.0,0.0,0.0,0.0,0.0,0.0,0.0,0.0,0.0,0.0,0.0
383.5,3.0,14.412238303680345,15.229280924841522,16.692381349883654,15.994356130976849,14.34632509492546,13.707258506204376,12.533426742791566,12.13797505258537,13.167159147306506,14.00371535185965,1.0,1.0,1.0,1.0,1.0,1.0,1.0,1.0,1.0,1.0
383.75,4.0,0.0,0.0,0.0,0.0,0.0,0.0,0.0,0.0,0.0,0.0,0.0,0.0,0.0,0.0,0.0,0.0,0.0,0.0,0.0,0.0
384.0,1.0,15.837159934271833,14.67483802371183,16.595400301062888,16.522546908165733,16.27841046998372,15.881320315578703,15.42776791315032,15.630191562416236,14.852406686793552,14.953641198563423,1.0,1.0,1.0,1.0,1.0,1.0,1.0,1.0,1.0,1.0
384.25,2.0,17.873284933761358,16.352337980298017,16.28206140485084,16.345460421886088,15.548195236850905,15.521710449946244,16.02275927003685,15.356192037842613,15.476814421517588,15.343766198145529,1.0,1.0,1.0,1.0,1.0,1.0,1.0,1.0,1.0,1.0
384.5,3.0,0.0,0.0,0.0,0.0,0.0,0.0,0.0,0.0,0.0,0.0,0.0,0.0,0.0,0.0,0.0,0.0,0.0,0.0,0.0,0.0
384.75,4.0,16.335001859779343,16.258677428626612,18.306769076233003,18.77757719555366,20.298229578514423,20.731647037294785,21.295575373846855,20.993106951555585,20.25694602640079,20.27678401483317,1.0,1.0,1.0,1.0,1.0,1.0,1.0,1.0,1.0,1.0
385.0,1.0,15.599683690914114,14.250942022955316,16.99299459122158,16.432454615924655,16.27757887362256,15.467722583682203,14.863012358837171,15.26814426129469,15.39623564448023,15.374763837915896,1.0,1.0,1.0,1.0,1.0,1.0,1.0,1.0,1.0,1.0
385.25,2.0,0.0,0.0,0.0,0.0,0.0,0.0,0.0,0.0,0.0,0.0,0.0,0.0,0.0,0.0,0.0,0.0,0.0,0.0,0.0,0.0
385.5,3.0,15.89995488742088,15.41699588750811,16.122966979830043,13.84001723633794,11.791333084468869,12.441927150581593,12.458073958351775,12.471631284944289,12.414262853094867,12.661297317381482,1.0,1.0,1.0,1.0,1.0,1.0,1.0,1.0,1.0,1.0
385.75,4.0,16.619987109567724,16.98024874630344,18.10821481848891,19.65374019764646,20.91305759626128,20.862045249713802,21.27543257116526,20.527909460385324,19.656971896810685,18.97642153057477,1.0,1.0,1.0,1.0,1.0,1.0,1.0,1.0,1.0,1.0
386.0,1.0,0.0,0.0,0.0,0.0,0.0,0.0,0.0,0.0,0.0,0.0,0.0,0.0,0.0,0.0,0.0,0.0,0.0,0.0,0.0,0.0
386.25,2.0,17.489372969676207,16.594793278911435,15.609676051063003,15.54838113151095,15.337408020489772,15.514131908002982,15.075511506900533,14.093679419271194,13.635624348695629,13.391471857762435,1.0,1.0,1.0,1.0,1.0,1.0,1.0,1.0,1.0,1.0
386.5,3.0,0.0,0.0,0.0,0.0,0.0,0.0,0.0,0.0,0.0,0.0,0.0,0.0,0.0,0.0,0.0,0.0,0.0,0.0,0.0,0.0
386.75,4.0,0.0,0.0,0.0,0.0,0.0,0.0,0.0,0.0,0.0,0.0,0.0,0.0,0.0,0.0,0.0,0.0,0.0,0.0,0.0,0.0
387.0,1.0,18.158596820381295,17.09780022721915,18.058224065917027,16.369529771078852,16.59489699153896,16.558731115135775,16.231116051109172,16.184778469295825,15.913220131055297,15.361148963541952,1.0,1.0,1.0,1.0,1.0,1.0,1.0,1.0,1.0,1.0
387.25,2.0,16.698635672304633,16.48127114974679,16.069947218589245,15.75163503756078,14.21267947208424,13.754890043743833,14.244722529814641,13.710614968761718,13.728207604100854,12.150980963182912,1.0,1.0,1.0,1.0,1.0,1.0,1.0,1.0,1.0,1.0
387.5,3.0,0.0,0.0,0.0,0.0,0.0,0.0,0.0,0.0,0.0,0.0,0.0,0.0,0.0,0.0,0.0,0.0,0.0,0.0,0.0,0.0
387.75,4.0,17.12372257436949,16.255390544121106,18.785078108708387,19.33194349843973,19.8479571409263,20.440542808772555,20.161850699336,18.60864375254441,17.772437994675453,17.718619675893482,1.0,1.0,1.0,1.0,1.0,1.0,1.0,1.0,1.0,1.0
388.0,1.0,18.172596270809873,16.77874247768354,18.256595514838928,17.353048161912113,17.908383148750676,17.316659315763104,17.198887542637966,16.07274507564867,15.625248896581086,15.388174077096961,1.0,1.0,1.0,1.0,1.0,1.0,1.0,1.0,1.0,1.0
388.25,2.0,0.0,0.0,0.0,0.0,0.0,0.0,0.0,0.0,0.0,0.0,0.0,0.0,0.0,0.0,0.0,0.0,0.0,0.0,0.0,0.0
388.5,3.0,15.462596019740737,14.916568616383593,14.940526858808962,14.869595561091485,14.29530533389646,13.963720097191826,14.847864671176257,14.345103336047112,14.55228557540984,14.424054530538656,1.0,1.0,1.0,1.0,1.0,1.0,1.0,1.0,1.0,1.0
388.75,4.0,17.00651409895349,17.43523063742124,18.926877593224855,18.91151821919077,20.25499862931895,19.604548305000385,18.511926016124622,18.278528296912697,18.062453281769958,17.789410712992968,1.0,1.0,1.0,1.0,1.0,1.0,1.0,1.0,1.0,1.0
389.0,1.0,18.316380778337034,16.497213796579594,17.428119188784027,16.76456137888754,17.447809755242044,17.13295776226569,16.34041779933307,15.600631870587831,15.77009682173816,14.553487299886163,1.0,1.0,1.0,1.0,1.0,1.0,1.0,1.0,1.0,1.0
389.25,2.0,17.222996113601322,15.058342825506895,14.693023612821506,15.989061643951835,13.731609368941633,13.71578775684807,13.382547216435443,12.428171412928652,12.432044119682917,11.49122531896818,1.0,1.0,1.0,1.0,1.0,1.0,1.0,1.0,1.0,1.0
389.5,3.0,0.0,0.0,0.0,0.0,0.0,0.0,0.0,0.0,0.0,0.0,0.0,0.0,0.0,0.0,0.0,0.0,0.0,0.0,0.0,0.0
389.75,4.0,17.729438205628988,18.09572408730483,18.617386168222687,19.47513543862034,18.408250541097484,18.039802599486677,17.28836436522181,16.564535328534305,17.024818021110505,16.719151474211767,1.0,1.0,1.0,1.0,1.0,1.0,1.0,1.0,1.0,1.0
390.0,1.0,19.29112975842229,17.041171090789312,17.618555625582776,16.446952871482782,16.701820898347734,16.945631566500673,16.20153620229557,15.075026842836388,14.988774733435383,13.560795631357854,1.0,1.0,1.0,1.0,1.0,1.0,1.0,1.0,1.0,1.0
390.25,2.0,0.0,0.0,0.0,0.0,0.0,0.0,0.0,0.0,0.0,0.0,0.0,0.0,0.0,0.0,0.0,0.0,0.0,0.0,0.0,0.0
390.5,3.0,16.73690240736125,13.948202480080248,12.948090098986905,14.533990917449854,14.039428075185475,14.59478888303597,14.474179123910046,13.484610779222571,15.013469524018868,15.475170576168244,1.0,1.0,1.0,1.0,1.0,1.0,1.0,1.0,1.0,1.0
390.75,4.0,17.72758806217998,19.2093457215299,19.214931801799487,19.393444754156658,18.27340372571164,17.86316592938958,17.135005838868967,17.337403627811184,17.894562223732976,17.27798637898889,1.0,1.0,1.0,1.0,1.0,1.0,1.0,1.0,1.0,1.0
391.0,1.0,0.0,0.0,0.0,0.0,0.0,0.0,0.0,0.0,0.0,0.0,0.0,0.0,0.0,0.0,0.0,0.0,0.0,0.0,0.0,0.0
391.25,2.0,0.0,0.0,0.0,0.0,0.0,0.0,0.0,0.0,0.0,0.0,0.0,0.0,0.0,0.0,0.0,0.0,0.0,0.0,0.0,0.0
391.5,3.0,15.393439116705883,13.175687746936832,13.4785582470149,13.849415485105824,13.527337099172803,13.714265278423532,13.455921692827419,14.458333212815091,15.000859641868098,15.095613354578125,1.0,1.0,1.0,1.0,1.0,1.0,1.0,1.0,1.0,1.0
391.75,4.0,0.0,0.0,0.0,0.0,0.0,0.0,0.0,0.0,0.0,0.0,0.0,0.0,0.0,0.0,0.0,0.0,0.0,0.0,0.0,0.0
392.0,1.0,16.959962220793557,15.54280466257671,14.54194116595542,14.23098053442083,15.463785474733298,16.231002520162466,16.170086720865186,15.543751229365311,15.472555421196258,15.168790122037867,1.0,1.0,1.0,1.0,1.0,1.0,1.0,1.0,1.0,1.0
392.25,2.0,16.93945333758957,14.885457262434056,14.91813511170548,13.936364308813458,12.567152816885399,13.259323350862775,12.9089709859598,12.979882593656017,12.942134313056313,12.866452405211255,1.0,1.0,1.0,1.0,1.0,1.0,1.0,1.0,1.0,1.0
392.5,3.0,0.0,0.0,0.0,0.0,0.0,0.0,0.0,0.0,0.0,0.0,0.0,0.0,0.0,0.0,0.0,0.0,0.0,0.0,0.0,0.0
392.75,4.0,17.060951061614244,16.45775282551658,17.908158718078372,19.595605198806116,18.251063612405353,18.452934858721505,18.014294465127936,17.560822837141522,17.729472524626946,17.376300894982016,1.0,1.0,1.0,1.0,1.0,1.0,1.0,1.0,1.0,1.0
393.0,1.0,16.571623961675456,14.981871469172077,13.840361302901664,15.189443943400335,16.587497300530938,16.516085263559425,16.520699435728787,16.668720366726337,16.498019386563143,15.77099986516421,1.0,1.0,1.0,1.0,1.0,1.0,1.0,1.0,1.0,1.0
393.25,2.0,0.0,0.0,0.0,0.0,0.0,0.0,0.0,0.0,0.0,0.0,0.0,0.0,0.0,0.0,0.0,0.0,0.0,0.0,0.0,0.0
393.5,3.0,14.004579313851925,14.736735988735127,13.908778398087625,14.313979019940474,12.959639715487436,13.71353744602673,13.814569079182691,15.407696086430725,15.7746743346521,16.14940494032545,1.0,1.0,1.0,1.0,1.0,1.0,1.0,1.0,1.0,1.0
393.75,4.0,15.98389916229332,17.09734598379139,17.62249350287617,17.626960013519714,17.801227889844686,18.399514144083042,18.787871422277643,17.380533993923386,16.789380162456673,16.579746661239902,1.0,1.0,1.0,1.0,1.0,1.0,1.0,1.0,1.0,1.0
394.0,1.0,0.0,0.0,0.0,0.0,0.0,0.0,0.0,0.0,0.0,0.0,0.0,0.0,0.0,0.0,0.0,0.0,0.0,0.0,0.0,0.0
394.25,2.0,14.77330366481077,13.410072360839484,15.133542726756835,15.199864560811001,15.48185959401755,15.230051493359888,14.731544222999636,15.252212551918557,14.934987472287059,15.005828137710145,1.0,1.0,1.0,1.0,1.0,1.0,1.0,1.0,1.0,1.0
394.5,3.0,0.0,0.0,0.0,0.0,0.0,0.0,0.0,0.0,0.0,0.0,0.0,0.0,0.0,0.0,0.0,0.0,0.0,0.0,0.0,0.0
394.75,4.0,0.0,0.0,0.0,0.0,0.0,0.0,0.0,0.0,0.0,0.0,0.0,0.0,0.0,0.0,0.0,0.0,0.0,0.0,0.0,0.0
395.0,1.0,16.71754739422184,14.520128992721,13.926290018186101,14.995363371896,17.31055909367074,17.93709755697807,17.27743717633152,15.724830238985152,15.968959726341355,15.85591893825861,1.0,1.0,1.0,1.0,1.0,1.0,1.0,1.0,1.0,1.0
395.25,2.0,14.884184576343308,14.325525077959878,15.761278230842409,15.098820128873816,15.757896167589251,15.764363540721659,15.808668354565109,15.510506665037816,15.13211944072142,14.537042613868032,1.0,1.0,1.0,1.0,1.0,1.0,1.0,1.0,1.0,1.0
395.5,3.0,0.0,0.0,0.0,0.0,0.0,0.0,0.0,0.0,0.0,0.0,0.0,0.0,0.0,0.0,0.0,0.0,0.0,0.0,0.0,0.0
395.75,4.0,16.43709833778804,16.871235197187428,17.716628601121613,18.52306711655133,17.038868919966443,16.06733527887313,16.554555953007334,16.701034517266415,16.981482009551208,16.978613038057713,1.0,1.0,1.0,1.0,1.0,1.0,1.0,1.0,1.0,1.0
396.0,1.0,15.38617900741748,13.606623855447749,12.661509471739043,15.382987578871818,16.98041056126286,16.873129672531817,16.541774737842207,16.490460834756526,17.09764499948383,16.67837578845966,1.0,1.0,1.0,1.0,1.0,1.0,1.0,1.0,1.0,1.0
396.25,2.0,0.0,0.0,0.0,0.0,0.0,0.0,0.0,0.0,0.0,0.0,0.0,0.0,0.0,0.0,0.0,0.0,0.0,0.0,0.0,0.0
396.5,3.0,16.295932095087455,15.891553179311126,14.870030334169215,15.167443114046893,14.566569819319911,14.709269932378831,14.687091911329968,15.808291931237132,15.840792649094084,15.454003351799116,1.0,1.0,1.0,1.0,1.0,1.0,1.0,1.0,1.0,1.0
396.75,4.0,16.198714496234167,15.695748180131561,17.44912613066849,16.850969867194177,15.277126258053007,15.141653770646306,15.27383245647239,16.188410322702456,15.610141487020968,15.544103989404071,1.0,1.0,1.0,1.0,1.0,1.0,1.0,1.0,1.0,1.0
397.0,1.0,14.549792780908716,13.587711273502277,13.919761904904528,15.214294621539203,16.590837458775372,16.29290928696817,16.70877298099811,17.757012182816286,18.173424382269154,17.821554238114025,1.0,1.0,1.0,1.0,1.0,1.0,1.0,1.0,1.0,1.0
397.25,2.0,15.39690410987478,15.115957661257122,16.179872628039966,15.061992717255011,17.66454233833322,16.798771623573312,17.561026803421086,17.19446276586521,16.51992843149922,16.226231827906012,1.0,1.0,1.0,1.0,1.0,1.0,1.0,1.0,1.0,1.0
397.5,3.0,0.0,0.0,0.0,0.0,0.0,0.0,0.0,0.0,0.0,0.0,0.0,0.0,0.0,0.0,0.0,0.0,0.0,0.0,0.0,0.0
397.75,4.0,14.252698432721228,15.027345504277466,16.139516710048195,15.27530295576444,13.436913388050575,13.30611312541175,13.321465397738141,15.60639616362235,16.280473329616118,16.167418300165863,1.0,1.0,1.0,1.0,1.0,1.0,1.0,1.0,1.0,1.0
398.0,1.0,13.637955995050984,13.960824626496516,15.126273470462726,15.589327278607952,16.386989953121784,16.73581710360738,17.438068058067493,17.226482594762896,17.771980499489217,17.159378173172577,1.0,1.0,1.0,1.0,1.0,1.0,1.0,1.0,1.0,1.0
398.25,2.0,0.0,0.0,0.0,0.0,0.0,0.0,0.0,0.0,0.0,0.0,0.0,0.0,0.0,0.0,0.0,0.0,0.0,0.0,0.0,0.0
398.5,3.0,15.103008677748015,13.17191028827501,12.695709110636392,13.850512804192018,14.869909774900629,15.4805512341829,15.007363402047805,15.940520558649586,16.379384453619227,15.885437408109727,1.0,1.0,1.0,1.0,1.0,1.0,1.0,1.0,1.0,1.0
398.75,4.0,14.682029710752591,14.028557710303893,14.79777489893736,13.333236958419862,13.074870078675982,13.836389085024946,14.90428971553559,15.613255816782901,15.954727255904121,15.455396554546045,1.0,1.0,1.0,1.0,1.0,1.0,1.0,1.0,1.0,1.0
399.0,1.0,0.0,0.0,0.0,0.0,0.0,0.0,0.0,0.0,0.0,0.0,0.0,0.0,0.0,0.0,0.0,0.0,0.0,0.0,0.0,0.0
399.25,2.0,0.0,0.0,0.0,0.0,0.0,0.0,0.0,0.0,0.0,0.0,0.0,0.0,0.0,0.0,0.0,0.0,0.0,0.0,0.0,0.0
399.5,3.0,14.012575228288485,13.35191162116992,12.472666406343233,14.196315251822654,14.962145492832834,15.880447748477277,14.725978098549378,16.208720652813753,16.374942544338193,15.695880188535726,1.0,1.0,1.0,1.0,1.0,1.0,1.0,1.0,1.0,1.0
399.75,4.0,0.0,0.0,0.0,0.0,0.0,0.0,0.0,0.0,0.0,0.0,0.0,0.0,0.0,0.0,0.0,0.0,0.0,0.0,0.0,0.0
400.0,1.0,14.095782566733758,15.32848639761587,15.509568596048691,16.525922938931643,17.30679710181977,18.128256785021104,17.87908699484018,17.763424738141847,17.904860109984725,17.60116187970047,1.0,1.0,1.0,1.0,1.0,1.0,1.0,1.0,1.0,1.0
400.25,2.0,15.314517003209295,15.247328256333057,13.650885072161161,14.385553414056611,15.778059160996973,15.802827893968043,15.214425036885872,14.43850185330322,14.184282017599683,13.258317167798879,1.0,1.0,1.0,1.0,1.0,1.0,1.0,1.0,1.0,1.0
400.5,3.0,0.0,0.0,0.0,0.0,0.0,0.0,0.0,0.0,0.0,0.0,0.0,0.0,0.0,0.0,0.0,0.0,0.0,0.0,0.0,0.0
400.75,4.0,12.275754176125758,8.939906365052666,10.794473080678317,11.965467153028518,12.676049196644845,12.922746570288808,13.831273532013576,14.53058640060953,15.525661146674617,15.596209005585441,1.0,1.0,1.0,1.0,1.0,1.0,1.0,1.0,1.0,1.0
401.0,1.0,14.525619413412457,15.424819552414812,15.69983482170883,15.932967953390975,16.79854592680315,18.297431054505903,18.14459690572071,17.612721814827026,17.376064607473648,16.461447041619213,1.0,1.0,1.0,1.0,1.0,1.0,1.0,1.0,1.0,1.0
401.25,2.0,0.0,0.0,0.0,0.0,0.0,0.0,0.0,0.0,0.0,0.0,0.0,0.0,0.0,0.0,0.0,0.0,0.0,0.0,0.0,0.0
401.5,3.0,14.421151892235343,13.449755392031536,14.007408274555413,15.60433312267845,15.779908537691798,16.35650629708245,15.614932155132987,16.032270848993054,14.454441580414283,15.34904835361179,1.0,1.0,1.0,1.0,1.0,1.0,1.0,1.0,1.0,1.0
401.75,4.0,9.640255573186174,8.32892920276034,10.9278593765461,12.31888601729935,12.772464130298372,13.019815201996316,13.453109184045074,13.879355443908322,13.96998854003872,14.892499585215468,1.0,1.0,1.0,1.0,1.0,1.0,1.0,1.0,1.0,1.0
402.0,1.0,0.0,0.0,0.0,0.0,0.0,0.0,0.0,0.0,0.0,0.0,0.0,0.0,0.0,0.0,0.0,0.0,0.0,0.0,0.0,0.0
402.25,2.0,14.881872417443523,15.811424271671129,14.204591219623453,14.89562401915356,15.547792937372044,14.222751649966387,14.53658892647572,14.267867908694926,14.714886191976715,14.927118861054645,1.0,1.0,1.0,1.0,1.0,1.0,1.0,1.0,1.0,1.0
402.5,3.0,0.0,0.0,0.0,0.0,0.0,0.0,0.0,0.0,0.0,0.0,0.0,0.0,0.0,0.0,0.0,0.0,0.0,0.0,0.0,0.0
402.75,4.0,0.0,0.0,0.0,0.0,0.0,0.0,0.0,0.0,0.0,0.0,0.0,0.0,0.0,0.0,0.0,0.0,0.0,0.0,0.0,0.0
403.0,1.0,15.467897873678936,14.939488366303214,14.411603989766139,16.099953106125717,17.838588132924983,18.177579186496416,16.89810853669503,16.93558353685724,16.753670305728615,17.39755318972698,1.0,1.0,1.0,1.0,1.0,1.0,1.0,1.0,1.0,1.0
403.25,2.0,15.249645743878498,15.906812993090409,14.957365771685739,16.020816551780705,15.225223558914227,15.330380566735405,16.15656006979602,16.192736689343786,16.36927775267368,16.698672001785656,1.0,1.0,1.0,1.0,1.0,1.0,1.0,1.0,1.0,1.0
403.5,3.0,12.420451905893863,12.06658527441897,12.039136789280741,13.674952470313332,15.233751703990574,15.981522578601284,16.63537491517783,16.40152723088619,15.968856797104749,16.92678579789408,1.0,1.0,1.0,1.0,1.0,1.0,1.0,1.0,1.0,1.0
403.75,4.0,8.940360452944905,9.806988104436313,11.01576912347926,12.431267868323792,13.970988439157638,14.985487218724396,15.148087458142395,14.418652667593738,15.301335125296966,15.971020304815726,1.0,1.0,1.0,1.0,1.0,1.0,1.0,1.0,1.0,1.0
404.0,1.0,14.62878698628223,15.818633886497759,15.53284216002902,16.61713771343274,16.69038974071313,17.11964705477863,16.24537304038303,16.294566819949328,16.3887323019686,16.472310805929148,1.0,1.0,1.0,1.0,1.0,1.0,1.0,1.0,1.0,1.0
404.25,2.0,0.0,0.0,0.0,0.0,0.0,0.0,0.0,0.0,0.0,0.0,0.0,0.0,0.0,0.0,0.0,0.0,0.0,0.0,0.0,0.0
404.5,3.0,12.142992923178966,11.837752072105062,11.379722902580683,13.094873257224085,15.739614445496944,15.489783512438212,16.01210838620854,17.021864003159383,16.215847624987003,17.76487142523556,1.0,1.0,1.0,1.0,1.0,1.0,1.0,1.0,1.0,1.0
404.75,4.0,9.501628705808725,10.531396286447801,12.225243544376186,13.157267305912123,14.378308297421512,14.861104850790495,14.314540641108584,14.183032448480168,14.565314782826933,15.062302718182611,1.0,1.0,1.0,1.0,1.0,1.0,1.0,1.0,1.0,1.0
405.0,1.0,14.618948330620631,16.068413644406398,15.142779631845354,15.87363125881547,16.709477981016796,17.604347841708883,17.193562178492755,16.986326056110176,17.082020570903065,16.972932433472156,1.0,1.0,1.0,1.0,1.0,1.0,1.0,1.0,1.0,1.0
405.25,2.0,16.17366011312013,17.333744619689437,18.277294977393083,17.125158841336603,15.017417267774697,14.979461158859017,15.592318506631504,15.623427563494241,15.254638611660134,15.41193702921489,1.0,1.0,1.0,1.0,1.0,1.0,1.0,1.0,1.0,1.0
405.5,3.0,0.0,0.0,0.0,0.0,0.0,0.0,0.0,0.0,0.0,0.0,0.0,0.0,0.0,0.0,0.0,0.0,0.0,0.0,0.0,0.0
405.75,4.0,9.923814055530107,11.168653820294788,14.049031953823432,13.808100199698519,14.298357319463316,14.145467584247431,13.774120266148477,14.172030021088693,15.803245244902875,15.05871959987156,1.0,1.0,1.0,1.0,1.0,1.0,1.0,1.0,1.0,1.0
406.0,1.0,13.637184587656684,14.775479547364382,14.88978082796524,16.21868731220024,16.427225408432378,17.213092282311077,16.46019283681594,15.683052562886768,16.09459041395557,15.29601470671492,1.0,1.0,1.0,1.0,1.0,1.0,1.0,1.0,1.0,1.0
406.25,2.0,0.0,0.0,0.0,0.0,0.0,0.0,0.0,0.0,0.0,0.0,0.0,0.0,0.0,0.0,0.0,0.0,0.0,0.0,0.0,0.0
406.5,3.0,10.419957039641961,12.112693710232353,13.51820532230303,15.157729300068187,16.828016307042116,16.88716053000532,17.35379051965733,17.155334028290014,15.533420276049497,16.06656454385729,1.0,1.0,1.0,1.0,1.0,1.0,1.0,1.0,1.0,1.0
406.75,4.0,10.839315643180099,12.621865926564128,14.48305590205,13.90616962025673,15.353086769359338,15.038571996694657,14.375314338141239,14.418690735202135,14.832256562453932,15.145671481881136,1.0,1.0,1.0,1.0,1.0,1.0,1.0,1.0,1.0,1.0
407.0,1.0,0.0,0.0,0.0,0.0,0.0,0.0,0.0,0.0,0.0,0.0,0.0,0.0,0.0,0.0,0.0,0.0,0.0,0.0,0.0,0.0
407.25,2.0,15.838477174652406,17.444694426068917,16.145021826298375,15.062672595259803,15.299034606960037,14.959329446353983,14.001342880722138,14.21578531822571,13.953250896720235,14.403117277566912,1.0,1.0,1.0,1.0,1.0,1.0,1.0,1.0,1.0,1.0
407.5,3.0,10.975817985122625,13.293796998206323,15.186410183318985,16.107756849134734,16.36192276663829,16.95705769642356,17.152177280341085,16.754730930915404,15.721218472258569,15.992844997812494,1.0,1.0,1.0,1.0,1.0,1.0,1.0,1.0,1.0,1.0
407.75,4.0,0.0,0.0,0.0,0.0,0.0,0.0,0.0,0.0,0.0,0.0,0.0,0.0,0.0,0.0,0.0,0.0,0.0,0.0,0.0,0.0
408.0,1.0,13.756568592068122,14.611130718418027,13.93039690619872,16.077952345754603,15.900308887152013,17.074418382958154,16.944381494614746,16.518898961469922,16.97583197779515,16.118088604468362,1.0,1.0,1.0,1.0,1.0,1.0,1.0,1.0,1.0,1.0
408.25,2.0,16.61777096026645,17.182337243398482,15.768323210888143,15.692697782030425,13.414362491489074,13.896921801862206,13.423411378952418,14.694485127479672,14.472872030001312,14.162222185795642,1.0,1.0,1.0,1.0,1.0,1.0,1.0,1.0,1.0,1.0
408.5,3.0,0.0,0.0,0.0,0.0,0.0,0.0,0.0,0.0,0.0,0.0,0.0,0.0,0.0,0.0,0.0,0.0,0.0,0.0,0.0,0.0
408.75,4.0,12.686495858289193,14.42688796251954,14.525235000467212,14.714326003585178,15.172231758700327,14.83043443144729,14.242332212992167,14.681756247876285,16.15866877237209,16.085559690343615,1.0,1.0,1.0,1.0,1.0,1.0,1.0,1.0,1.0,1.0
409.0,1.0,14.461491924494469,15.132656134050633,14.941460101778654,16.665792912357333,16.099073302312192,16.828142997298357,16.610973040545332,16.323594897377646,16.699633314841982,16.01983519925841,1.0,1.0,1.0,1.0,1.0,1.0,1.0,1.0,1.0,1.0
409.25,2.0,0.0,0.0,0.0,0.0,0.0,0.0,0.0,0.0,0.0,0.0,0.0,0.0,0.0,0.0,0.0,0.0,0.0,0.0,0.0,0.0
409.5,3.0,14.420952592929602,16.28890740894553,15.220455332436703,14.69918716332709,14.965944798568525,15.672482068485797,16.14199431982551,15.732167382157453,14.5938205884371,15.59215178620595,1.0,1.0,1.0,1.0,1.0,1.0,1.0,1.0,1.0,1.0
409.75,4.0,13.732286128994943,13.55307575946067,14.107821539461593,15.127087192877468,16.12616709568584,16.23291078301856,15.7298326479934,15.68505709053002,16.39521421131138,16.65854614718666,1.0,1.0,1.0,1.0,1.0,1.0,1.0,1.0,1.0,1.0
410.0,1.0,14.621921022171712,14.41652395392805,14.55139553816241,16.336998925517236,16.365153105455086,17.20234990708059,17.637674989443042,17.011078210426884,16.44063001849219,15.771706886437146,1.0,1.0,1.0,1.0,1.0,1.0,1.0,1.0,1.0,1.0
410.25,2.0,15.779010095625003,15.966514769837568,15.486588170260877,14.170216732871117,11.683274128083955,12.231572259161537,10.977796225871687,11.286224249940721,12.354977575552416,12.1798870202002,1.0,1.0,1.0,1.0,1.0,1.0,1.0,1.0,1.0,1.0
410.5,3.0,0.0,0.0,0.0,0.0,0.0,0.0,0.0,0.0,0.0,0.0,0.0,0.0,0.0,0.0,0.0,0.0,0.0,0.0,0.0,0.0
410.75,4.0,0.0,0.0,0.0,0.0,0.0,0.0,0.0,0.0,0.0,0.0,0.0,0.0,0.0,0.0,0.0,0.0,0.0,0.0,0.0,0.0
411.0,1.0,13.922288813685313,14.160631676935747,14.848606927961686,16.598317477498977,17.21762361906196,17.57595789399306,17.183423085175757,16.557567346449925,15.659441466284944,14.756072925771653,1.0,1.0,1.0,1.0,1.0,1.0,1.0,1.0,1.0,1.0
411.25,2.0,15.89852801953903,15.750621684476112,16.290454731840697,12.969144636868652,11.872234176615565,12.388748428794564,12.21224039834959,11.018659965227398,12.520246204936079,12.976801592322305,1.0,1.0,1.0,1.0,1.0,1.0,1.0,1.0,1.0,1.0
411.5,3.0,15.987223230564558,16.614652955789055,15.415334325120668,15.799423443521304,13.957535594450437,13.226704791399019,13.536177878779485,14.763174921116608,14.456075820553012,16.05821947081194,1.0,1.0,1.0,1.0,1.0,1.0,1.0,1.0,1.0,1.0
411.75,4.0,15.008608858562923,15.568024460794973,16.519313158327932,17.1391715053594,17.80761458555991,17.998264569564373,16.91873551274311,16.706880400830762,17.341684183306768,17.55980212161227,1.0,1.0,1.0,1.0,1.0,1.0,1.0,1.0,1.0,1.0
412.0,1.0,0.0,0.0,0.0,0.0,0.0,0.0,0.0,0.0,0.0,0.0,0.0,0.0,0.0,0.0,0.0,0.0,0.0,0.0,0.0,0.0
412.25,2.0,0.0,0.0,0.0,0.0,0.0,0.0,0.0,0.0,0.0,0.0,0.0,0.0,0.0,0.0,0.0,0.0,0.0,0.0,0.0,0.0
412.5,3.0,15.618501048657075,16.733625817120192,15.55589429604909,14.459550331270178,12.916564809835982,13.412815228031967,14.443969612736423,16.294647269250465,16.042895220133147,17.06891763405274,1.0,1.0,1.0,1.0,1.0,1.0,1.0,1.0,1.0,1.0
412.75,4.0,14.931309440826404,15.944639572605615,16.697136296805887,15.702523226356735,15.829778621548998,16.70477804765115,16.72237457798722,17.342620870798886,18.3208681588701,18.298518946641646,1.0,1.0,1.0,1.0,1.0,1.0,1.0,1.0,1.0,1.0
413.0,1.0,14.151554436518266,15.440327555634749,15.261749281885796,15.353224018576066,16.01996589154558,16.20617724491676,16.68182257894923,16.082545412527438,17.076649412699314,17.271814804198215,1.0,1.0,1.0,1.0,1.0,1.0,1.0,1.0,1.0,1.0
413.25,2.0,15.114502243483035,14.321020564374463,14.564422476916246,15.109656220676445,13.88048327443535,14.274087848310595,13.90357131213316,11.87177236228773,13.03903455749324,13.137486552777613,1.0,1.0,1.0,1.0,1.0,1.0,1.0,1.0,1.0,1.0
413.5,3.0,0.0,0.0,0.0,0.0,0.0,0.0,0.0,0.0,0.0,0.0,0.0,0.0,0.0,0.0,0.0,0.0,0.0,0.0,0.0,0.0
413.75,4.0,15.549619235110052,16.822697772357156,16.762355309966317,16.688724021449197,17.158280082679802,17.83687789302699,18.25277553042437,18.00786825874484,18.24081516572479,18.731021179941475,1.0,1.0,1.0,1.0,1.0,1.0,1.0,1.0,1.0,1.0
414.0,1.0,13.626335796895626,15.006561170962062,15.062842812366867,15.279961143533766,15.850139930376022,16.472794040603876,16.292357675097005,17.164784391269105,17.902348588208337,18.51063201817575,1.0,1.0,1.0,1.0,1.0,1.0,1.0,1.0,1.0,1.0
414.25,2.0,0.0,0.0,0.0,0.0,0.0,0.0,0.0,0.0,0.0,0.0,0.0,0.0,0.0,0.0,0.0,0.0,0.0,0.0,0.0,0.0
414.5,3.0,14.318327252017172,14.476622455816708,13.251986355157245,13.900449426778387,15.545917337497123,16.588297616590943,16.64225512187759,17.068443316959247,16.500124706260614,17.195904452350362,1.0,1.0,1.0,1.0,1.0,1.0,1.0,1.0,1.0,1.0
414.75,4.0,15.614132972986182,17.195791265076178,17.037543801038925,15.923070867952939,18.32058634733746,19.09291418554605,19.21111072642826,19.648077176413558,19.683518742459796,19.82338287688103,1.0,1.0,1.0,1.0,1.0,1.0,1.0,1.0,1.0,1.0
415.0,1.0,0.0,0.0,0.0,0.0,0.0,0.0,0.0,0.0,0.0,0.0,0.0,0.0,0.0,0.0,0.0,0.0,0.0,0.0,0.0,0.0
415.25,2.0,16.749260395601148,16.728476094959717,16.147643081490113,15.67261845728543,13.87009930590547,13.428627458571068,12.558230031747062,11.479277488145168,13.158845588975002,13.196618227445885,1.0,1.0,1.0,1.0,1.0,1.0,1.0,1.0,1.0,1.0
415.5,3.0,13.880156636375043,14.799907402065362,13.595587553490018,14.125870686610984,15.462034721421329,15.13358824940406,14.850278653356936,15.424347998956227,15.58676550295959,15.75940674594142,1.0,1.0,1.0,1.0,1.0,1.0,1.0,1.0,1.0,1.0
415.75,4.0,0.0,0.0,0.0,0.0,0.0,0.0,0.0,0.0,0.0,0.0,0.0,0.0,0.0,0.0,0.0,0.0,0.0,0.0,0.0,0.0
416.0,1.0,14.719481713258512,14.59483520828102,14.697718060267885,15.016380618014665,14.534750462542092,15.081625299858185,15.819523665818208,16.63488184444177,17.201373386849898,17.892215699511887,1.0,1.0,1.0,1.0,1.0,1.0,1.0,1.0,1.0,1.0
416.25,2.0,14.682218609893624,15.452567509427608,15.36967925470672,15.74421936165085,14.561260391774784,14.89032582896088,14.3179305125591,13.556075571465447,13.511407465389697,13.906046271922222,1.0,1.0,1.0,1.0,1.0,1.0,1.0,1.0,1.0,1.0
416.5,3.0,0.0,0.0,0.0,0.0,0.0,0.0,0.0,0.0,0.0,0.0,0.0,0.0,0.0,0.0,0.0,0.0,0.0,0.0,0.0,0.0
416.75,4.0,16.89671316470768,18.009408599505562,16.799919824634742,17.004564348812043,16.733638947726583,17.566552118150803,18.060453907081325,19.368955443971597,19.62555568030777,19.20725623000172,1.0,1.0,1.0,1.0,1.0,1.0,1.0,1.0,1.0,1.0
417.0,1.0,15.16855737187376,15.010774332781665,14.118968420109162,14.333009716431429,15.123047831978875,15.015303222544508,15.148240308038528,16.010577234131926,17.09770231373318,17.363927540976345,1.0,1.0,1.0,1.0,1.0,1.0,1.0,1.0,1.0,1.0
417.25,2.0,0.0,0.0,0.0,0.0,0.0,0.0,0.0,0.0,0.0,0.0,0.0,0.0,0.0,0.0,0.0,0.0,0.0,0.0,0.0,0.0
417.5,3.0,14.915304153495919,14.976232174382774,12.964073902279509,13.617459473408516,14.31293953674352,14.06814925087764,13.773938151295487,12.738464101645539,13.946966403410286,14.234861410164687,1.0,1.0,1.0,1.0,1.0,1.0,1.0,1.0,1.0,1.0
417.75,4.0,17.60274751529316,17.58240878418248,16.776245170643982,16.43014966351069,17.596489204393762,18.891864560635224,18.019347096682402,19.503388951740934,19.331735224290433,17.53707887331293,1.0,1.0,1.0,1.0,1.0,1.0,1.0,1.0,1.0,1.0
418.0,1.0,17.13120530186967,15.72207524908502,13.589496487565148,14.779912510668492,14.081866190983341,15.109493127912877,15.414154258450434,15.448267588332422,17.10672350242263,17.00789096157431,1.0,1.0,1.0,1.0,1.0,1.0,1.0,1.0,1.0,1.0
418.25,2.0,12.708817191615077,15.662823352018906,16.087712466377354,16.52553414149094,15.044350762181042,15.395363474382776,14.318263941723332,14.078109313772831,13.209918213826775,13.75980411128019,1.0,1.0,1.0,1.0,1.0,1.0,1.0,1.0,1.0,1.0
418.5,3.0,0.0,0.0,0.0,0.0,0.0,0.0,0.0,0.0,0.0,0.0,0.0,0.0,0.0,0.0,0.0,0.0,0.0,0.0,0.0,0.0
418.75,4.0,17.799141084459,16.356713443531394,16.10614908998888,17.139143502786016,18.347667377796913,17.790888185176485,17.132907359780983,17.642756418059214,17.68674717257288,16.844017415153694,1.0,1.0,1.0,1.0,1.0,1.0,1.0,1.0,1.0,1.0
419.0,1.0,16.69536666336678,15.403763006559274,14.518857150791952,15.632790101789952,15.251712580659369,15.803708979792345,15.980181839146967,15.211600747826665,17.031687109380858,16.9409358586842,1.0,1.0,1.0,1.0,1.0,1.0,1.0,1.0,1.0,1.0
419.25,2.0,13.85547702374867,15.852370283000237,14.88621555072749,15.18132530882959,14.982876268670642,14.292963150550914,14.226939054250943,13.556269761232777,13.138651891196607,13.570202254472001,1.0,1.0,1.0,1.0,1.0,1.0,1.0,1.0,1.0,1.0
419.5,3.0,15.399798993258015,16.013596002165492,13.89031964237934,14.512491566490176,13.03802223004904,13.35889711119892,14.386718676412803,13.885380995413389,14.202587962835539,13.361514486631453,1.0,1.0,1.0,1.0,1.0,1.0,1.0,1.0,1.0,1.0
419.75,4.0,17.62859827805466,15.460596822216544,16.473795992697543,18.02607720313748,18.10118756472655,18.621039374607676,17.249387459825787,18.115447438587594,17.915001465131187,18.806100236837406,1.0,1.0,1.0,1.0,1.0,1.0,1.0,1.0,1.0,1.0
420.0,1.0,0.0,0.0,0.0,0.0,0.0,0.0,0.0,0.0,0.0,0.0,0.0,0.0,0.0,0.0,0.0,0.0,0.0,0.0,0.0,0.0
420.25,2.0,0.0,0.0,0.0,0.0,0.0,0.0,0.0,0.0,0.0,0.0,0.0,0.0,0.0,0.0,0.0,0.0,0.0,0.0,0.0,0.0
420.5,3.0,15.543266666907044,15.958452339393371,13.20134886343956,13.213621884317607,12.905639675874056,13.406379323240454,14.12553756687885,13.647180261409085,14.083447382115686,14.334795115669372,1.0,1.0,1.0,1.0,1.0,1.0,1.0,1.0,1.0,1.0
420.75,4.0,0.0,0.0,0.0,0.0,0.0,0.0,0.0,0.0,0.0,0.0,0.0,0.0,0.0,0.0,0.0,0.0,0.0,0.0,0.0,0.0
421.0,1.0,14.981085349374304,14.35941905533588,13.382735760619962,14.958495342391103,15.72339072550058,16.337105616707888,16.48911413191827,16.45080419060333,16.001959430600674,15.956930982837518,1.0,1.0,1.0,1.0,1.0,1.0,1.0,1.0,1.0,1.0
421.25,2.0,13.919954135283664,14.91073283723973,15.060447709145665,15.155008881320551,15.002310847350977,14.675233124568445,15.506151058941077,14.386456554563782,13.61231483513418,13.761784694937626,1.0,1.0,1.0,1.0,1.0,1.0,1.0,1.0,1.0,1.0
421.5,3.0,0.0,0.0,0.0,0.0,0.0,0.0,0.0,0.0,0.0,0.0,0.0,0.0,0.0,0.0,0.0,0.0,0.0,0.0,0.0,0.0
421.75,4.0,16.493896394413735,15.705549451278229,16.423954271041268,17.851632383093126,18.691918509868287,19.00249910245727,18.64816952020878,18.492490619486198,18.145871445807533,18.572611013359882,1.0,1.0,1.0,1.0,1.0,1.0,1.0,1.0,1.0,1.0
422.0,1.0,13.540637347047149,14.533460038866394,13.987176016582154,15.324240175132193,16.330853676318238,15.902138505105787,15.749065546713398,15.979522690899756,16.28741956617901,16.69685261998971,1.0,1.0,1.0,1.0,1.0,1.0,1.0,1.0,1.0,1.0
422.25,2.0,0.0,0.0,0.0,0.0,0.0,0.0,0.0,0.0,0.0,0.0,0.0,0.0,0.0,0.0,0.0,0.0,0.0,0.0,0.0,0.0
422.5,3.0,16.26233727217485,16.184722890712127,14.582327644096617,14.291592194972527,13.736115385010446,13.464982717065961,13.685548113792466,14.511266931948533,16.163452689169297,16.29728285629893,1.0,1.0,1.0,1.0,1.0,1.0,1.0,1.0,1.0,1.0
422.75,4.0,16.501094450345096,16.682129403697115,17.550064753781136,18.521704860389484,18.280759732511044,18.930614367684434,19.60560557900208,18.89985314442114,19.974910582985345,19.460546490710602,1.0,1.0,1.0,1.0,1.0,1.0,1.0,1.0,1.0,1.0
423.0,1.0,0.0,0.0,0.0,0.0,0.0,0.0,0.0,0.0,0.0,0.0,0.0,0.0,0.0,0.0,0.0,0.0,0.0,0.0,0.0,0.0
423.25,2.0,14.612353096231711,16.79459703157125,17.41993647304095,16.39224851272529,15.556218750729085,14.540570627313556,15.543335321711705,14.522179878363602,15.522015478439219,14.737745842034574,1.0,1.0,1.0,1.0,1.0,1.0,1.0,1.0,1.0,1.0
423.5,3.0,0.0,0.0,0.0,0.0,0.0,0.0,0.0,0.0,0.0,0.0,0.0,0.0,0.0,0.0,0.0,0.0,0.0,0.0,0.0,0.0
423.75,4.0,0.0,0.0,0.0,0.0,0.0,0.0,0.0,0.0,0.0,0.0,0.0,0.0,0.0,0.0,0.0,0.0,0.0,0.0,0.0,0.0
424.0,1.0,13.506613800058927,13.266451801258063,14.16378985433593,14.698237405191614,15.146684906839319,16.470258013498484,16.24005331388835,16.785842203068597,15.433672193102609,17.522401080745883,1.0,1.0,1.0,1.0,1.0,1.0,1.0,1.0,1.0,1.0
424.25,2.0,15.150384938304054,17.158828287546076,16.81176404649984,16.002230593891717,15.490753151736103,14.40317799294227,14.572991671241462,15.39485375974929,15.535965505578252,16.26808477849863,1.0,1.0,1.0,1.0,1.0,1.0,1.0,1.0,1.0,1.0
424.5,3.0,0.0,0.0,0.0,0.0,0.0,0.0,0.0,0.0,0.0,0.0,0.0,0.0,0.0,0.0,0.0,0.0,0.0,0.0,0.0,0.0
424.75,4.0,17.454706398251695,17.69846566485088,17.921610590950124,17.614555406743346,16.177733380186403,18.369149828239163,18.195299515792733,19.076328675203342,20.236960308694762,20.17406498744514,1.0,1.0,1.0,1.0,1.0,1.0,1.0,1.0,1.0,1.0
425.0,1.0,12.120072880808866,13.032924987422682,14.612934310274182,15.694143483210949,15.20806197553241,16.541959586655924,15.315196982839176,15.79975702240712,15.722892005013328,17.09511140041796,1.0,1.0,1.0,1.0,1.0,1.0,1.0,1.0,1.0,1.0
425.25,2.0,0.0,0.0,0.0,0.0,0.0,0.0,0.0,0.0,0.0,0.0,0.0,0.0,0.0,0.0,0.0,0.0,0.0,0.0,0.0,0.0
425.5,3.0,15.384091553969009,14.438124038452932,13.639873731089953,14.762902682732895,16.549081576904616,16.177120291912114,16.45796726618616,17.220870123329625,17.001171265284093,17.336661179948738,1.0,1.0,1.0,1.0,1.0,1.0,1.0,1.0,1.0,1.0
425.75,4.0,17.650031850246254,16.869352784984237,17.16060569771017,17.19064590027662,16.482742736370753,18.46801535005533,18.485568309687878,19.498998069166067,20.1651729229266,20.417230909153187,1.0,1.0,1.0,1.0,1.0,1.0,1.0,1.0,1.0,1.0
426.0,1.0,13.83066982741601,14.329710302438144,14.638880740886615,15.375518894904236,14.785389333406565,16.608800696478127,15.476053707406036,16.401005751974463,17.01062586686598,17.031014541466785,1.0,1.0,1.0,1.0,1.0,1.0,1.0,1.0,1.0,1.0
426.25,2.0,15.714189207087253,16.071669493351198,16.184011328321837,13.64337670204162,13.573517483572147,13.669016101691462,14.242056429904352,15.459002410454735,15.36548590034497,15.628543806511132,1.0,1.0,1.0,1.0,1.0,1.0,1.0,1.0,1.0,1.0
426.5,3.0,0.0,0.0,0.0,0.0,0.0,0.0,0.0,0.0,0.0,0.0,0.0,0.0,0.0,0.0,0.0,0.0,0.0,0.0,0.0,0.0
426.75,4.0,16.955581200396438,16.83830498927574,16.867350037510768,17.255055271954998,17.6573965296864,19.265388395058896,19.16466642438077,19.832078220548713,20.03397428494483,20.20375019319561,1.0,1.0,1.0,1.0,1.0,1.0,1.0,1.0,1.0,1.0
427.0,1.0,14.676504429894447,14.775072680563417,15.078415608244692,15.691765970599853,15.37998436614504,16.383519073008433,16.502185843119463,16.79258379601377,16.97274538274496,17.460114142575932,1.0,1.0,1.0,1.0,1.0,1.0,1.0,1.0,1.0,1.0
427.25,2.0,0.0,0.0,0.0,0.0,0.0,0.0,0.0,0.0,0.0,0.0,0.0,0.0,0.0,0.0,0.0,0.0,0.0,0.0,0.0,0.0
427.5,3.0,14.837227070024074,15.345584204850395,15.503911751987346,16.292700785329863,18.12682206620743,17.99392097058762,18.452366120706518,18.541883825508293,17.755622570954877,17.137699174482716,1.0,1.0,1.0,1.0,1.0,1.0,1.0,1.0,1.0,1.0
427.75,4.0,17.223536281377847,16.26367314044566,16.639205761135514,17.480705547513903,17.99676834605696,18.199457590557458,18.783678048797327,19.141761834869765,19.63303256886946,20.299020240536134,1.0,1.0,1.0,1.0,1.0,1.0,1.0,1.0,1.0,1.0
428.0,1.0,0.0,0.0,0.0,0.0,0.0,0.0,0.0,0.0,0.0,0.0,0.0,0.0,0.0,0.0,0.0,0.0,0.0,0.0,0.0,0.0
428.25,2.0,0.0,0.0,0.0,0.0,0.0,0.0,0.0,0.0,0.0,0.0,0.0,0.0,0.0,0.0,0.0,0.0,0.0,0.0,0.0,0.0
428.5,3.0,14.933329874888562,15.128100751366969,15.824671045241889,16.187582021680043,18.699881105251873,19.079265266749335,20.094644872422446,19.66260627883051,17.9867378555646,17.62582985363599,1.0,1.0,1.0,1.0,1.0,1.0,1.0,1.0,1.0,1.0
428.75,4.0,0.0,0.0,0.0,0.0,0.0,0.0,0.0,0.0,0.0,0.0,0.0,0.0,0.0,0.0,0.0,0.0,0.0,0.0,0.0,0.0
429.0,1.0,16.995483588772455,17.417168567747364,17.213560422704326,18.610920375003857,17.908359214997706,17.78900126101311,17.06706895516437,17.33182569739096,15.159637477507623,16.598238178299162,1.0,1.0,1.0,1.0,1.0,1.0,1.0,1.0,1.0,1.0
429.25,2.0,15.001398662147592,14.539866763821141,16.00499844954677,17.690501150120944,16.76972269824747,16.110519842968493,16.526375974026486,16.784409597214324,17.198432794667692,17.37312188077369,1.0,1.0,1.0,1.0,1.0,1.0,1.0,1.0,1.0,1.0
429.5,3.0,0.0,0.0,0.0,0.0,0.0,0.0,0.0,0.0,0.0,0.0,0.0,0.0,0.0,0.0,0.0,0.0,0.0,0.0,0.0,0.0
429.75,4.0,17.23314766318092,14.074196063695107,14.930118644653124,14.952742686300354,17.057129755781673,16.89652617988156,17.940988346997557,17.613184182800566,17.34674764704933,18.089803244850003,1.0,1.0,1.0,1.0,1.0,1.0,1.0,1.0,1.0,1.0
430.0,1.0,16.43863493977969,17.441676038490822,17.90925068660585,17.48474096314993,16.66585055696706,16.913137369896276,15.96583461787878,16.1325132388378,15.529199207504716,16.3633313147825,1.0,1.0,1.0,1.0,1.0,1.0,1.0,1.0,1.0,1.0
430.25,2.0,0.0,0.0,0.0,0.0,0.0,0.0,0.0,0.0,0.0,0.0,0.0,0.0,0.0,0.0,0.0,0.0,0.0,0.0,0.0,0.0
430.5,3.0,17.7818251423831,16.961871939209068,16.11161033891967,16.342144683552505,18.432173272523077,19.933294043374715,20.06553694395907,21.416506566797942,20.021646454032364,20.19702890417815,1.0,1.0,1.0,1.0,1.0,1.0,1.0,1.0,1.0,1.0
430.75,4.0,15.640183416160033,14.513797394662284,14.441892043959513,14.608077472076918,17.83693525367751,17.39006353698696,18.27981279900953,17.191670607504232,17.763476721552973,18.70654071859334,1.0,1.0,1.0,1.0,1.0,1.0,1.0,1.0,1.0,1.0
431.0,1.0,0.0,0.0,0.0,0.0,0.0,0.0,0.0,0.0,0.0,0.0,0.0,0.0,0.0,0.0,0.0,0.0,0.0,0.0,0.0,0.0
431.25,2.0,14.697688035012366,15.611527047184325,16.031062444076365,16.596683289052304,16.34374242277168,16.10810724786878,17.01992507995607,17.350850918687154,18.65492900541816,18.434632517238654,1.0,1.0,1.0,1.0,1.0,1.0,1.0,1.0,1.0,1.0
431.5,3.0,0.0,0.0,0.0,0.0,0.0,0.0,0.0,0.0,0.0,0.0,0.0,0.0,0.0,0.0,0.0,0.0,0.0,0.0,0.0,0.0
431.75,4.0,0.0,0.0,0.0,0.0,0.0,0.0,0.0,0.0,0.0,0.0,0.0,0.0,0.0,0.0,0.0,0.0,0.0,0.0,0.0,0.0
432.0,1.0,17.59559214372833,18.21946426594771,18.611806734943457,17.65451386288728,18.316581005770605,17.025685270991854,16.51630117632382,15.99483582568543,16.144896280541392,17.307909170300395,1.0,1.0,1.0,1.0,1.0,1.0,1.0,1.0,1.0,1.0
432.25,2.0,14.765071821304714,16.409867436658892,16.756494267607795,16.601220038065676,16.673727496038293,16.481430890048852,17.758813352070753,18.396791910584863,19.461252502894745,18.35997709496725,1.0,1.0,1.0,1.0,1.0,1.0,1.0,1.0,1.0,1.0
432.5,3.0,0.0,0.0,0.0,0.0,0.0,0.0,0.0,0.0,0.0,0.0,0.0,0.0,0.0,0.0,0.0,0.0,0.0,0.0,0.0,0.0
432.75,4.0,14.699746188029426,14.308699049681795,14.561722714368203,16.038671045517308,18.744155476078937,18.613701073981762,18.760269009321338,19.843931012653755,20.12133117735623,21.539075518017075,1.0,1.0,1.0,1.0,1.0,1.0,1.0,1.0,1.0,1.0
433.0,1.0,17.078982673412305,19.08821005701781,18.065927298382327,18.04853491424579,16.908723541044072,15.923759850076216,16.15674713139178,16.63690261328183,16.70810521016467,18.26215794967546,1.0,1.0,1.0,1.0,1.0,1.0,1.0,1.0,1.0,1.0
433.25,2.0,0.0,0.0,0.0,0.0,0.0,0.0,0.0,0.0,0.0,0.0,0.0,0.0,0.0,0.0,0.0,0.0,0.0,0.0,0.0,0.0
433.5,3.0,18.66840695210021,17.657452462614017,18.6656398604999,20.064432720723218,19.28728879315886,19.43012582939984,20.23398761778865,20.325826275633382,19.650674740655486,19.409627534407843,1.0,1.0,1.0,1.0,1.0,1.0,1.0,1.0,1.0,1.0
433.75,4.0,15.754523274324447,14.73104210238872,14.57290032880692,16.197367038697546,19.867948836257597,19.814609963171087,20.150880466118267,20.628278571860484,21.130985945333116,22.76564301881141,1.0,1.0,1.0,1.0,1.0,1.0,1.0,1.0,1.0,1.0
434.0,1.0,17.797632766043694,19.863410957929062,19.59594262401741,18.28068905189145,16.278101128918525,16.24745044945876,17.35286535249378,17.680410599010642,18.042644664883728,18.985212385707943,1.0,1.0,1.0,1.0,1.0,1.0,1.0,1.0,1.0,1.0
434.25,2.0,16.657147892452794,16.843548728072417,16.829496087058747,16.724724363417376,18.928876992184406,19.19119362313822,20.59355260229514,19.4594959596022,18.733995071947724,17.08527362081402,1.0,1.0,1.0,1.0,1.0,1.0,1.0,1.0,1.0,1.0
434.5,3.0,0.0,0.0,0.0,0.0,0.0,0.0,0.0,0.0,0.0,0.0,0.0,0.0,0.0,0.0,0.0,0.0,0.0,0.0,0.0,0.0
434.75,4.0,16.464024256698604,14.727406944378716,14.81967365784796,17.16673425672999,19.9073216199194,20.311670165076922,20.371608975141932,21.651851846295102,21.32851306934363,22.49159706275526,1.0,1.0,1.0,1.0,1.0,1.0,1.0,1.0,1.0,1.0
435.0,1.0,18.22479737483552,20.400990991764868,19.33116277563938,17.895472197308592,16.79103073985677,16.46174499597602,17.015966040385514,17.37219782375571,17.02240784148153,17.812835391515225,1.0,1.0,1.0,1.0,1.0,1.0,1.0,1.0,1.0,1.0
435.25,2.0,0.0,0.0,0.0,0.0,0.0,0.0,0.0,0.0,0.0,0.0,0.0,0.0,0.0,0.0,0.0,0.0,0.0,0.0,0.0,0.0
435.5,3.0,19.167086559526414,19.489026409624252,18.472269011835433,19.060990661412777,20.68954244830443,20.700905215482763,20.105941728520737,18.92421292543787,18.526367427277442,17.32705111140701,1.0,1.0,1.0,1.0,1.0,1.0,1.0,1.0,1.0,1.0
435.75,4.0,16.904896940110934,16.1651194834836,16.976874672831777,18.698808235207032,20.022133273181364,19.87671126829307,20.674091492288376,20.88645318705845,20.61774855635041,22.50887308829626,1.0,1.0,1.0,1.0,1.0,1.0,1.0,1.0,1.0,1.0
436.0,1.0,0.0,0.0,0.0,0.0,0.0,0.0,0.0,0.0,0.0,0.0,0.0,0.0,0.0,0.0,0.0,0.0,0.0,0.0,0.0,0.0
436.25,2.0,0.0,0.0,0.0,0.0,0.0,0.0,0.0,0.0,0.0,0.0,0.0,0.0,0.0,0.0,0.0,0.0,0.0,0.0,0.0,0.0
436.5,3.0,18.295877940902628,19.407779081785623,18.74721377776308,18.79313075420124,18.87271922368004,18.595966992942508,18.78130901241406,18.35173668593485,19.037935629732196,17.21523737999429,1.0,1.0,1.0,1.0,1.0,1.0,1.0,1.0,1.0,1.0
436.75,4.0,0.0,0.0,0.0,0.0,0.0,0.0,0.0,0.0,0.0,0.0,0.0,0.0,0.0,0.0,0.0,0.0,0.0,0.0,0.0,0.0
437.0,1.0,20.238763386368458,20.859264726428847,18.986761141611495,17.495232844812406,18.43308498831951,18.979624784912147,18.092945366681647,17.137710183549455,17.15940906969072,17.35892941698558,1.0,1.0,1.0,1.0,1.0,1.0,1.0,1.0,1.0,1.0
437.25,2.0,17.951532164739913,18.515307426430805,18.868863973602625,18.207832919441486,18.395752866547976,16.635952501094653,16.319372648867066,16.707248336388485,17.62895634249593,17.79406133716214,1.0,1.0,1.0,1.0,1.0,1.0,1.0,1.0,1.0,1.0
437.5,3.0,0.0,0.0,0.0,0.0,0.0,0.0,0.0,0.0,0.0,0.0,0.0,0.0,0.0,0.0,0.0,0.0,0.0,0.0,0.0,0.0
437.75,4.0,16.933225363327395,18.066072863977244,19.880949618052643,20.556655274085166,20.546435898379713,21.33350003475174,22.848962971665088,23.26050196453947,23.146822498042592,22.739276792671866,1.0,1.0,1.0,1.0,1.0,1.0,1.0,1.0,1.0,1.0
438.0,1.0,20.557850439130842,19.428017559846197,18.86962753800913,17.976197145652396,18.75360348251613,19.05245990478909,18.47707766304811,17.956742442201875,18.36695165710484,19.269103645943364,1.0,1.0,1.0,1.0,1.0,1.0,1.0,1.0,1.0,1.0
438.25,2.0,0.0,0.0,0.0,0.0,0.0,0.0,0.0,0.0,0.0,0.0,0.0,0.0,0.0,0.0,0.0,0.0,0.0,0.0,0.0,0.0
438.5,3.0,20.43961005562474,19.47630147805177,18.07943045630336,18.962773160586064,19.31162836101456,18.02265711831942,17.815730121014308,17.485019737162958,18.159142235382326,17.53504943644373,1.0,1.0,1.0,1.0,1.0,1.0,1.0,1.0,1.0,1.0
438.75,4.0,18.329447661406302,19.34364138165682,20.566312265319535,20.857721781041764,22.32846765161653,22.250688305260567,22.7086414483077,23.051537106811185,21.48570583721796,20.39608927460668,1.0,1.0,1.0,1.0,1.0,1.0,1.0,1.0,1.0,1.0
439.0,1.0,0.0,0.0,0.0,0.0,0.0,0.0,0.0,0.0,0.0,0.0,0.0,0.0,0.0,0.0,0.0,0.0,0.0,0.0,0.0,0.0
439.25,2.0,18.18504071587429,17.553144447613,17.690505961415443,16.129709202715482,17.722555524565095,18.40267381591194,18.67976618122006,19.76452933006419,19.557839998561338,19.264184311500554,1.0,1.0,1.0,1.0,1.0,1.0,1.0,1.0,1.0,1.0
439.5,3.0,0.0,0.0,0.0,0.0,0.0,0.0,0.0,0.0,0.0,0.0,0.0,0.0,0.0,0.0,0.0,0.0,0.0,0.0,0.0,0.0
439.75,4.0,0.0,0.0,0.0,0.0,0.0,0.0,0.0,0.0,0.0,0.0,0.0,0.0,0.0,0.0,0.0,0.0,0.0,0.0,0.0,0.0
440.0,1.0,18.641623119707305,18.98921496430358,20.54274940196048,19.486835346839687,17.68593050772194,17.6384727168307,17.64499231284675,18.515096011133423,19.35334512518987,20.587804636112065,1.0,1.0,1.0,1.0,1.0,1.0,1.0,1.0,1.0,1.0
440.25,2.0,18.826435258896932,17.106872400735735,18.287882071153494,17.202588341666477,18.669243017923353,19.62363746433494,19.4208112593824,19.705393701437753,19.191262928584443,17.822713578810028,1.0,1.0,1.0,1.0,1.0,1.0,1.0,1.0,1.0,1.0
440.5,3.0,19.392715777662282,20.35482681505763,19.27940265061774,19.743485403213448,18.796057644753322,18.238185011621358,17.379888943753958,17.217874028257555,17.79524859540561,17.66352243734509,1.0,1.0,1.0,1.0,1.0,1.0,1.0,1.0,1.0,1.0
440.75,4.0,18.52507954378234,18.615775956459647,19.774388555437202,22.12695222151549,21.54942484372778,21.15307321616437,20.585265094932094,20.26461198422373,19.354216814038438,19.4782386475354,1.0,1.0,1.0,1.0,1.0,1.0,1.0,1.0,1.0,1.0
441.0,1.0,19.241216160437336,19.646426865916265,19.77773639801865,17.5547153307995,15.78259027789168,16.808560723248444,17.44746125290884,18.860568325244152,19.444106741303365,20.948957208231793,1.0,1.0,1.0,1.0,1.0,1.0,1.0,1.0,1.0,1.0
441.25,2.0,0.0,0.0,0.0,0.0,0.0,0.0,0.0,0.0,0.0,0.0,0.0,0.0,0.0,0.0,0.0,0.0,0.0,0.0,0.0,0.0
441.5,3.0,20.14665943573357,21.034127651968053,19.068120612755916,19.849045128165933,19.27601689662162,17.938635689280318,17.158471820036972,17.38732297702711,18.351973871696437,17.85316433522274,1.0,1.0,1.0,1.0,1.0,1.0,1.0,1.0,1.0,1.0
441.75,4.0,17.818536171545116,18.419624395785952,21.193827788515335,22.013913511569335,19.697435137510134,19.987486339455163,20.02203310082943,19.654038535619396,19.75684376055113,19.29892911410511,1.0,1.0,1.0,1.0,1.0,1.0,1.0,1.0,1.0,1.0
442.0,1.0,19.8249803144362,19.649220802024743,18.88027646276546,17.549065042883022,16.83579890332883,18.176052456888613,18.657499892793734,19.250557819353496,19.92278703514658,20.98468271302254,1.0,1.0,1.0,1.0,1.0,1.0,1.0,1.0,1.0,1.0
442.25,2.0,19.788638754402612,18.542043391275207,19.053471089614714,18.97722149043516,19.615155998582164,20.98904000664551,19.982922442578396,20.13303168809567,19.251728105624252,18.107636643795953,1.0,1.0,1.0,1.0,1.0,1.0,1.0,1.0,1.0,1.0
442.5,3.0,0.0,0.0,0.0,0.0,0.0,0.0,0.0,0.0,0.0,0.0,0.0,0.0,0.0,0.0,0.0,0.0,0.0,0.0,0.0,0.0
442.75,4.0,18.91700988845295,20.3209022991551,21.889133931045766,21.270278762809816,20.56750966905888,20.399261903855436,20.612958436444746,19.65379495793256,20.33687134427224,19.22256294504215,1.0,1.0,1.0,1.0,1.0,1.0,1.0,1.0,1.0,1.0
443.0,1.0,19.168045105324666,19.989597862179455,18.387361560247793,17.583306238158386,19.313730422634162,19.482284961690432,19.144936106430304,19.293659217004436,20.356495208983493,20.943757145480973,1.0,1.0,1.0,1.0,1.0,1.0,1.0,1.0,1.0,1.0
443.25,2.0,0.0,0.0,0.0,0.0,0.0,0.0,0.0,0.0,0.0,0.0,0.0,0.0,0.0,0.0,0.0,0.0,0.0,0.0,0.0,0.0
443.5,3.0,19.89669692580084,18.84182813158657,17.234464222994824,17.311331687745103,16.772177106247376,16.854229162399818,17.267178251898915,17.799117799997052,18.3054772998731,17.627255699060605,1.0,1.0,1.0,1.0,1.0,1.0,1.0,1.0,1.0,1.0
443.75,4.0,19.89845166157316,21.290903195953618,21.127749611965175,21.460861512301143,19.76970619556556,19.087157653736895,20.243700565508497,19.98215642489375,20.376268705123458,19.98341588808522,1.0,1.0,1.0,1.0,1.0,1.0,1.0,1.0,1.0,1.0
444.0,1.0,0.0,0.0,0.0,0.0,0.0,0.0,0.0,0.0,0.0,0.0,0.0,0.0,0.0,0.0,0.0,0.0,0.0,0.0,0.0,0.0
444.25,2.0,0.0,0.0,0.0,0.0,0.0,0.0,0.0,0.0,0.0,0.0,0.0,0.0,0.0,0.0,0.0,0.0,0.0,0.0,0.0,0.0
444.5,3.0,18.21095668912299,17.86520085281998,17.290003894995575,16.71540459316756,17.001453661246703,17.463499578089085,17.617305927691596,17.47806375177481,17.931354861190705,17.11088509330615,1.0,1.0,1.0,1.0,1.0,1.0,1.0,1.0,1.0,1.0
444.75,4.0,0.0,0.0,0.0,0.0,0.0,0.0,0.0,0.0,0.0,0.0,0.0,0.0,0.0,0.0,0.0,0.0,0.0,0.0,0.0,0.0
445.0,1.0,18.291527544368535,19.13100350879855,19.079696975440054,19.209061750511772,19.411182168818367,19.57499794790461,19.740374463645036,20.301523756841743,20.24935206530657,20.165845721190646,1.0,1.0,1.0,1.0,1.0,1.0,1.0,1.0,1.0,1.0
445.25,2.0,19.368805949687566,18.942910462233243,20.671878826897455,19.734404142930696,19.088212351794258,17.761425833460102,18.091423492178905,17.82268650838707,17.972653051245228,17.80659787515367,1.0,1.0,1.0,1.0,1.0,1.0,1.0,1.0,1.0,1.0
445.5,3.0,0.0,0.0,0.0,0.0,0.0,0.0,0.0,0.0,0.0,0.0,0.0,0.0,0.0,0.0,0.0,0.0,0.0,0.0,0.0,0.0
445.75,4.0,20.702887481093633,21.979170330157938,20.904620726143175,20.60397569487346,19.811009446158202,19.89075972070582,20.02364888712661,19.477666200284922,19.753008385859676,18.53314999460621,1.0,1.0,1.0,1.0,1.0,1.0,1.0,1.0,1.0,1.0
446.0,1.0,18.372014815548585,20.00544698951593,19.990971612031693,21.269122825550014,20.194300996136185,19.3454514544486,19.092423948345065,19.108146316161015,19.315561540740777,19.65563521583067,1.0,1.0,1.0,1.0,1.0,1.0,1.0,1.0,1.0,1.0
446.25,2.0,0.0,0.0,0.0,0.0,0.0,0.0,0.0,0.0,0.0,0.0,0.0,0.0,0.0,0.0,0.0,0.0,0.0,0.0,0.0,0.0
446.5,3.0,19.14726495866965,19.104481792552498,18.415348032526357,18.32748819525241,18.662579587199104,18.854384828428167,18.75653234744172,18.986109367754857,18.170465071381887,17.79649886913011,1.0,1.0,1.0,1.0,1.0,1.0,1.0,1.0,1.0,1.0
446.75,4.0,20.429133188942068,20.985975123750542,21.08602388094418,21.434490899413824,19.342301009323666,19.972977840636077,19.45826963261884,18.8305162380076,19.731570339763383,18.957523302656504,1.0,1.0,1.0,1.0,1.0,1.0,1.0,1.0,1.0,1.0
447.0,1.0,0.0,0.0,0.0,0.0,0.0,0.0,0.0,0.0,0.0,0.0,0.0,0.0,0.0,0.0,0.0,0.0,0.0,0.0,0.0,0.0
447.25,2.0,18.042997719574696,18.82865584074987,19.331144627835506,18.526983612364628,17.72633575916337,17.906844311124416,17.880458817367362,17.929962997228845,17.75412803104815,18.324892234828422,1.0,1.0,1.0,1.0,1.0,1.0,1.0,1.0,1.0,1.0
447.5,3.0,0.0,0.0,0.0,0.0,0.0,0.0,0.0,0.0,0.0,0.0,0.0,0.0,0.0,0.0,0.0,0.0,0.0,0.0,0.0,0.0
447.75,4.0,0.0,0.0,0.0,0.0,0.0,0.0,0.0,0.0,0.0,0.0,0.0,0.0,0.0,0.0,0.0,0.0,0.0,0.0,0.0,0.0
448.0,1.0,18.332911875666063,19.737620563668937,20.724254800993897,20.026560811804522,19.082895314446368,19.18237464233934,19.826881169121798,19.305737366969655,19.089584373964154,18.32459161059432,1.0,1.0,1.0,1.0,1.0,1.0,1.0,1.0,1.0,1.0
448.25,2.0,18.480422320080816,19.380171071486146,18.474416810938482,18.018530861024637,17.236554636151993,17.01645521084326,17.083227293460602,16.938214482185654,17.138425358300502,18.332496106768694,1.0,1.0,1.0,1.0,1.0,1.0,1.0,1.0,1.0,1.0
448.5,3.0,19.162071577912922,21.530458300852423,20.568375350097867,18.802865224857126,18.395073661232242,18.072050870367747,17.644809515832574,17.869195694135847,17.072411475263753,17.30466515901492,1.0,1.0,1.0,1.0,1.0,1.0,1.0,1.0,1.0,1.0
448.75,4.0,19.47253712051261,19.581185076758985,20.4369603946535,20.46157669775981,19.383127931607465,19.2464840057309,18.873216676651914,18.126243838337885,18.48318439506558,18.636684551237277,1.0,1.0,1.0,1.0,1.0,1.0,1.0,1.0,1.0,1.0
449.0,1.0,17.402442411982154,18.952440438449383,21.700621812093136,19.316491326441458,18.70550587128713,19.42151669921483,19.71285727116967,19.362883206376598,19.13453836470825,18.13439752874787,1.0,1.0,1.0,1.0,1.0,1.0,1.0,1.0,1.0,1.0
449.25,2.0,0.0,0.0,0.0,0.0,0.0,0.0,0.0,0.0,0.0,0.0,0.0,0.0,0.0,0.0,0.0,0.0,0.0,0.0,0.0,0.0
449.5,3.0,21.032814375285074,21.875373830130126,20.765475561941244,19.256717482557082,19.227379992323655,19.54171480254801,18.614327097138368,17.79642456152466,17.919772082951766,17.52155273490232,1.0,1.0,1.0,1.0,1.0,1.0,1.0,1.0,1.0,1.0
449.75,4.0,20.159961380616902,18.724565251194065,19.245288801393755,19.920890641837584,19.811121814376875,20.446405300452817,19.468449908293064,19.301607865984572,20.111660874074946,19.92745972550641,1.0,1.0,1.0,1.0,1.0,1.0,1.0,1.0,1.0,1.0
450.0,1.0,16.786400980759613,19.207428087422294,20.18312620501743,19.021877070549863,18.50029526525603,19.332833829388644,18.24765069770066,18.319232355845028,18.7738347303785,17.74683218441313,1.0,1.0,1.0,1.0,1.0,1.0,1.0,1.0,1.0,1.0
450.25,2.0,20.46554525462859,19.953997353900174,18.8652093026936,19.115499606694172,17.853765355331504,18.621277615063523,18.85765702848804,18.89718027042166,17.949259873915874,18.457508493141052,1.0,1.0,1.0,1.0,1.0,1.0,1.0,1.0,1.0,1.0
450.5,3.0,0.0,0.0,0.0,0.0,0.0,0.0,0.0,0.0,0.0,0.0,0.0,0.0,0.0,0.0,0.0,0.0,0.0,0.0,0.0,0.0
450.75,4.0,19.073414952283468,18.01576318622708,20.430339353255746,20.914202353921514,19.856911606665435,19.267947465600823,19.002809417939883,18.68495217749757,20.307532834862094,20.70222310482449,1.0,1.0,1.0,1.0,1.0,1.0,1.0,1.0,1.0,1.0
451.0,1.0,18.882608378758974,19.627878105079265,19.26979881484287,18.855893148681883,20.132211148020854,20.125969275073942,19.670049956278582,19.370366099532287,18.717837461089463,17.4942668221788,1.0,1.0,1.0,1.0,1.0,1.0,1.0,1.0,1.0,1.0
451.25,2.0,0.0,0.0,0.0,0.0,0.0,0.0,0.0,0.0,0.0,0.0,0.0,0.0,0.0,0.0,0.0,0.0,0.0,0.0,0.0,0.0
451.5,3.0,20.608512153027256,19.992977790307997,20.920164997325855,20.116193758965778,17.867069478752658,18.202209574476775,17.224145236266658,17.04048333988202,16.817064995890366,16.562985705384047,1.0,1.0,1.0,1.0,1.0,1.0,1.0,1.0,1.0,1.0
451.75,4.0,18.97080998273998,18.228939343900144,20.512303090257518,19.591291570195132,18.145623571381105,18.924437216500266,18.84310542920386,19.57136615697407,20.706177511221348,20.141061029648824,1.0,1.0,1.0,1.0,1.0,1.0,1.0,1.0,1.0,1.0
452.0,1.0,0.0,0.0,0.0,0.0,0.0,0.0,0.0,0.0,0.0,0.0,0.0,0.0,0.0,0.0,0.0,0.0,0.0,0.0,0.0,0.0
452.25,2.0,20.731356671309673,20.59980666541375,19.455561769913487,19.004749271131708,17.103794644102706,17.212651654343535,17.342621274106797,19.12658309555151,18.766453232363766,19.422504145988334,1.0,1.0,1.0,1.0,1.0,1.0,1.0,1.0,1.0,1.0
452.5,3.0,19.784221959649752,20.70523621816108,21.564885614478968,20.356621531693364,18.33515850527065,17.865866994037788,17.359495500235603,16.318981605871457,15.85531241277883,15.92881524118437,1.0,1.0,1.0,1.0,1.0,1.0,1.0,1.0,1.0,1.0
452.75,4.0,0.0,0.0,0.0,0.0,0.0,0.0,0.0,0.0,0.0,0.0,0.0,0.0,0.0,0.0,0.0,0.0,0.0,0.0,0.0,0.0
453.0,1.0,19.506787907337763,18.899134114216945,19.56050171071055,17.99767849365145,18.663923744876744,19.329906824600474,19.334908236414844,19.537435987326106,18.963401894485916,19.1656117255815,1.0,1.0,1.0,1.0,1.0,1.0,1.0,1.0,1.0,1.0
453.25,2.0,20.36019925769678,19.840686925792212,18.803489467311714,18.27763712747716,17.3241602800736,17.07908515387276,17.832845523835267,19.000563358860024,18.354019516220944,18.243128569038863,1.0,1.0,1.0,1.0,1.0,1.0,1.0,1.0,1.0,1.0
453.5,3.0,0.0,0.0,0.0,0.0,0.0,0.0,0.0,0.0,0.0,0.0,0.0,0.0,0.0,0.0,0.0,0.0,0.0,0.0,0.0,0.0
453.75,4.0,18.851938826966116,20.339286420989627,18.328544740251527,18.782251481351835,18.837710567460356,19.28126669841926,19.005235222162288,17.87289577215772,20.2455972605393,20.103454713579296,1.0,1.0,1.0,1.0,1.0,1.0,1.0,1.0,1.0,1.0
454.0,1.0,19.331654533342032,18.708767631171447,18.630635111794838,18.331792656442364,18.641345422803088,18.946045320128874,18.688540138981146,18.752448228704043,19.35170194615605,19.715030152397137,1.0,1.0,1.0,1.0,1.0,1.0,1.0,1.0,1.0,1.0
454.25,2.0,0.0,0.0,0.0,0.0,0.0,0.0,0.0,0.0,0.0,0.0,0.0,0.0,0.0,0.0,0.0,0.0,0.0,0.0,0.0,0.0
454.5,3.0,20.243054673713747,21.0212933612697,18.62543592908483,16.491912360801248,16.592511080465492,16.62741600339897,17.32798089333759,15.271102796086987,14.627197276247454,14.785625881149384,1.0,1.0,1.0,1.0,1.0,1.0,1.0,1.0,1.0,1.0
454.75,4.0,18.13985418897836,18.73104011720261,18.53967283692754,18.690014026772687,18.833356987950847,18.502185078397233,18.617371091807502,18.825622251694938,19.90716725488994,20.177599123889387,1.0,1.0,1.0,1.0,1.0,1.0,1.0,1.0,1.0,1.0
455.0,1.0,18.089250033303337,17.28366822026506,18.550269282328834,18.283216949476618,19.478738658474146,18.77910975120058,19.09359250640781,19.47737310742697,19.417958948841648,20.357760100976087,1.0,1.0,1.0,1.0,1.0,1.0,1.0,1.0,1.0,1.0
455.25,2.0,18.525778858086646,17.385634675457467,17.873979957675036,19.240077182932446,18.04246140007252,17.463289697264408,17.419504251133173,17.32866235074799,16.47824408190841,17.08120412623461,1.0,1.0,1.0,1.0,1.0,1.0,1.0,1.0,1.0,1.0
455.5,3.0,0.0,0.0,0.0,0.0,0.0,0.0,0.0,0.0,0.0,0.0,0.0,0.0,0.0,0.0,0.0,0.0,0.0,0.0,0.0,0.0
455.75,4.0,17.658600615980266,18.72335958769681,18.669430836413646,19.23615329021616,18.229407765188515,18.64745194466012,19.765759833377434,20.152091102803976,21.96111669878065,21.927001445516836,1.0,1.0,1.0,1.0,1.0,1.0,1.0,1.0,1.0,1.0
456.0,1.0,17.103925904081205,16.082895800212185,18.594259694568603,19.853617266654954,20.570263513328467,19.542302446383545,19.76526132220989,19.74429796553426,19.016555840068154,18.497321084423277,1.0,1.0,1.0,1.0,1.0,1.0,1.0,1.0,1.0,1.0
456.25,2.0,17.82582571638318,17.480533619673565,18.16452848700642,18.793668909271492,18.39311720742445,18.071782251229195,17.574449070550255,17.512762654290793,17.4439088389145,17.331200203860565,1.0,1.0,1.0,1.0,1.0,1.0,1.0,1.0,1.0,1.0
456.5,3.0,18.838499508174515,18.446337322345677,16.568185507734963,14.78164256038888,14.494819138693812,14.318507668303255,14.388837838122338,14.623173875713233,15.101699765761742,15.537046824168176,1.0,1.0,1.0,1.0,1.0,1.0,1.0,1.0,1.0,1.0
456.75,4.0,17.79556292410008,18.72153827890432,19.22627847484276,20.127450659665495,20.171499186439256,20.342720074170543,21.30906009330341,21.878280838122457,23.047841498981178,22.09077330429806,1.0,1.0,1.0,1.0,1.0,1.0,1.0,1.0,1.0,1.0
457.0,1.0,0.0,0.0,0.0,0.0,0.0,0.0,0.0,0.0,0.0,0.0,0.0,0.0,0.0,0.0,0.0,0.0,0.0,0.0,0.0,0.0
457.25,2.0,0.0,0.0,0.0,0.0,0.0,0.0,0.0,0.0,0.0,0.0,0.0,0.0,0.0,0.0,0.0,0.0,0.0,0.0,0.0,0.0
457.5,3.0,18.842473905929598,17.54292831263756,15.70919035524593,14.27718384318954,14.821661386868872,15.621669901620741,16.707665375941016,17.216779043228357,17.013194194882736,16.98024628278836,1.0,1.0,1.0,1.0,1.0,1.0,1.0,1.0,1.0,1.0
457.75,4.0,17.708658287236368,19.49775984871477,19.961422071669347,20.88908844881593,22.09015310639873,21.68983169513355,23.003609142028548,21.374205627107838,22.121673409759357,21.15192846882493,1.0,1.0,1.0,1.0,1.0,1.0,1.0,1.0,1.0,1.0
458.0,1.0,16.60146017927347,16.36702302183413,18.39680842824212,20.83450569651987,21.028828982523727,19.968082092553225,19.072433330534402,19.587967682094998,19.676235345525743,19.188370997883204,1.0,1.0,1.0,1.0,1.0,1.0,1.0,1.0,1.0,1.0
458.25,2.0,17.709414269455742,16.58705882891839,17.040713078534647,17.314143279764835,17.20067845232557,16.163966853569686,15.625275921150125,16.48981665967584,16.43221329365853,16.16784938392394,1.0,1.0,1.0,1.0,1.0,1.0,1.0,1.0,1.0,1.0
458.5,3.0,0.0,0.0,0.0,0.0,0.0,0.0,0.0,0.0,0.0,0.0,0.0,0.0,0.0,0.0,0.0,0.0,0.0,0.0,0.0,0.0
458.75,4.0,17.572294903975063,19.569289572490177,20.159569581770114,21.262862972770908,24.454768625280117,23.351335546958712,23.65045478234968,22.03552978780055,21.849870071999728,19.733640180457222,1.0,1.0,1.0,1.0,1.0,1.0,1.0,1.0,1.0,1.0
459.0,1.0,16.24681969233907,17.397028779084703,19.84642541470608,21.88462001991753,20.310153795385528,19.461850405018264,19.040253164756834,19.47452555051957,20.039585651836116,19.622777457779275,1.0,1.0,1.0,1.0,1.0,1.0,1.0,1.0,1.0,1.0
459.25,2.0,0.0,0.0,0.0,0.0,0.0,0.0,0.0,0.0,0.0,0.0,0.0,0.0,0.0,0.0,0.0,0.0,0.0,0.0,0.0,0.0
459.5,3.0,19.1517195048083,19.121482293112955,19.00709649274706,16.807645014307038,17.518951999562375,17.339168943166584,17.15593672991577,17.45527218213616,17.60895931234769,17.594865842853352,1.0,1.0,1.0,1.0,1.0,1.0,1.0,1.0,1.0,1.0
459.75,4.0,18.661451951195996,20.035069315870157,20.25466874978779,22.351057532734618,24.429992096197935,22.49144378906187,21.409028373446215,19.669504886375076,20.173385427249254,18.881928316292417,1.0,1.0,1.0,1.0,1.0,1.0,1.0,1.0,1.0,1.0
460.0,1.0,0.0,0.0,0.0,0.0,0.0,0.0,0.0,0.0,0.0,0.0,0.0,0.0,0.0,0.0,0.0,0.0,0.0,0.0,0.0,0.0
460.25,2.0,15.70973558905672,16.421067311448144,16.97769281499276,16.750321397240196,15.194067278396302,14.080694284526224,12.63774436996888,13.698167202491987,13.439046486157936,12.993695652608652,1.0,1.0,1.0,1.0,1.0,1.0,1.0,1.0,1.0,1.0
460.5,3.0,20.9904960736857,20.40069105305058,19.847809196001418,17.3462880843307,17.501340730673267,17.618753448384634,17.944350959679007,17.3570156301835,17.578008603832867,17.267289489085016,1.0,1.0,1.0,1.0,1.0,1.0,1.0,1.0,1.0,1.0
460.75,4.0,0.0,0.0,0.0,0.0,0.0,0.0,0.0,0.0,0.0,0.0,0.0,0.0,0.0,0.0,0.0,0.0,0.0,0.0,0.0,0.0
461.0,1.0,20.118949830808358,19.44100570138471,19.08115075478032,18.557935689945918,19.790886749728525,19.780242348974678,19.658823635661143,19.713888669475562,19.477471271298402,20.349298612235735,1.0,1.0,1.0,1.0,1.0,1.0,1.0,1.0,1.0,1.0
461.25,2.0,17.05017553503281,16.832140597527555,16.85390265642884,15.029380861178195,12.717971211792308,12.23041889601296,11.821010774792677,13.246277392972061,13.253511050954776,12.484608027908843,1.0,1.0,1.0,1.0,1.0,1.0,1.0,1.0,1.0,1.0
461.5,3.0,0.0,0.0,0.0,0.0,0.0,0.0,0.0,0.0,0.0,0.0,0.0,0.0,0.0,0.0,0.0,0.0,0.0,0.0,0.0,0.0
461.75,4.0,18.684856347035968,18.47328370308794,19.8322226148769,21.316784992888852,21.380320558301975,20.166116915817966,20.259767409753117,18.52647318925171,18.49047077218707,17.97930901966086,1.0,1.0,1.0,1.0,1.0,1.0,1.0,1.0,1.0,1.0
462.0,1.0,19.487599139272824,18.629322225001964,18.022989736147338,18.137538236179267,20.04718063872571,20.215224745706962,19.304292032280994,20.37748947742577,20.376827040515256,20.75836750317783,1.0,1.0,1.0,1.0,1.0,1.0,1.0,1.0,1.0,1.0
462.25,2.0,0.0,0.0,0.0,0.0,0.0,0.0,0.0,0.0,0.0,0.0,0.0,0.0,0.0,0.0,0.0,0.0,0.0,0.0,0.0,0.0
462.5,3.0,19.417787586369435,18.74888958838458,19.507589941174647,18.838633475820192,19.672625044638355,19.428535088196124,20.048424809180347,19.4555712819021,18.186705166606853,17.603156743080156,1.0,1.0,1.0,1.0,1.0,1.0,1.0,1.0,1.0,1.0
462.75,4.0,18.87171442321334,18.50498241642224,20.684557447845386,20.25916729599085,19.405420542353976,18.434150905653016,19.41070221714864,18.450752388578746,18.712133155327894,17.347146794446164,1.0,1.0,1.0,1.0,1.0,1.0,1.0,1.0,1.0,1.0
463.0,1.0,19.360577441036956,18.14740971260775,18.186315812422958,19.517055424245058,21.062176452634123,21.00622535578371,19.70406749685885,19.972613107631098,19.683972305653175,19.808999508147533,1.0,1.0,1.0,1.0,1.0,1.0,1.0,1.0,1.0,1.0
463.25,2.0,18.47937272063462,17.855391682198192,15.147006332338705,13.863639017103287,14.500193889276654,13.618521861196518,13.405775555845464,12.809289814751931,12.451196950816197,12.177052045399755,1.0,1.0,1.0,1.0,1.0,1.0,1.0,1.0,1.0,1.0
463.5,3.0,0.0,0.0,0.0,0.0,0.0,0.0,0.0,0.0,0.0,0.0,0.0,0.0,0.0,0.0,0.0,0.0,0.0,0.0,0.0,0.0
463.75,4.0,19.004985808343267,19.444216244070937,18.9098828532048,17.197838950510743,17.626223465586982,18.203461993538852,18.593236520548064,17.703830777875417,18.159740876886104,16.706042178173565,1.0,1.0,1.0,1.0,1.0,1.0,1.0,1.0,1.0,1.0
464.0,1.0,20.762550861803664,19.52529250583338,20.21949459460314,20.49436901338257,20.404912829162036,20.716793308176577,19.481883171034664,19.956987263860935,19.86720891636659,20.458120025454946,1.0,1.0,1.0,1.0,1.0,1.0,1.0,1.0,1.0,1.0
464.25,2.0,18.962508696308614,17.686844921488312,14.578561407193915,13.890050238144728,14.170893777366047,13.230352901350098,12.768411443570644,12.778226312326643,13.526182854503283,14.08824366065211,1.0,1.0,1.0,1.0,1.0,1.0,1.0,1.0,1.0,1.0
464.5,3.0,19.792880256694836,20.233094383874732,20.025951838885096,18.758296589008804,18.89437298422777,19.06282897311072,18.463797518514326,18.410222755334612,18.166970404501036,17.99500183108128,1.0,1.0,1.0,1.0,1.0,1.0,1.0,1.0,1.0,1.0
464.75,4.0,17.9071365005098,19.462909702835915,17.25674138629141,16.123068224521145,16.977385034656194,17.982630932646494,18.59664569802038,18.26689087078135,18.86944084826415,17.50970887739038,1.0,1.0,1.0,1.0,1.0,1.0,1.0,1.0,1.0,1.0
465.0,1.0,0.0,0.0,0.0,0.0,0.0,0.0,0.0,0.0,0.0,0.0,0.0,0.0,0.0,0.0,0.0,0.0,0.0,0.0,0.0,0.0
465.25,2.0,0.0,0.0,0.0,0.0,0.0,0.0,0.0,0.0,0.0,0.0,0.0,0.0,0.0,0.0,0.0,0.0,0.0,0.0,0.0,0.0
465.5,3.0,20.467932976781427,20.286466264328972,19.380205376253425,18.55187788293005,18.445686583419675,18.675368156992967,18.672100958882574,18.57733123903158,18.15252866759749,17.268627714678782,1.0,1.0,1.0,1.0,1.0,1.0,1.0,1.0,1.0,1.0
465.75,4.0,0.0,0.0,0.0,0.0,0.0,0.0,0.0,0.0,0.0,0.0,0.0,0.0,0.0,0.0,0.0,0.0,0.0,0.0,0.0,0.0
466.0,1.0,19.62270401195858,19.6384625217663,19.35301132763162,20.152366146416608,20.207819059133787,20.808613882587228,20.059996023884864,20.95432336525031,21.45049494936912,21.79620882209466,1.0,1.0,1.0,1.0,1.0,1.0,1.0,1.0,1.0,1.0
466.25,2.0,17.504457984025457,16.72786035803616,15.17582587312047,14.483438533809819,14.658320771226563,14.48506175470979,14.567761382932952,15.163396522565915,15.61190190653238,15.91437304789351,1.0,1.0,1.0,1.0,1.0,1.0,1.0,1.0,1.0,1.0
466.5,3.0,0.0,0.0,0.0,0.0,0.0,0.0,0.0,0.0,0.0,0.0,0.0,0.0,0.0,0.0,0.0,0.0,0.0,0.0,0.0,0.0
466.75,4.0,16.91439091299685,17.025360688996102,16.62397888772726,16.599457623426172,17.793788609342087,17.25833951415664,17.5873097059626,16.269677764466998,16.652217651857622,16.531244234880578,1.0,1.0,1.0,1.0,1.0,1.0,1.0,1.0,1.0,1.0
467.0,1.0,18.64505513750282,19.058362879208183,19.46051638467283,20.551412853521732,20.582025551232444,20.39028934909657,19.70539242183428,21.670803143392263,22.161602144846825,21.46490298903041,1.0,1.0,1.0,1.0,1.0,1.0,1.0,1.0,1.0,1.0
467.25,2.0,0.0,0.0,0.0,0.0,0.0,0.0,0.0,0.0,0.0,0.0,0.0,0.0,0.0,0.0,0.0,0.0,0.0,0.0,0.0,0.0
467.5,3.0,18.696703235180948,18.444550520023387,19.113844658465286,19.267867805225116,17.758897904859616,17.200804244475616,17.433095155964065,17.140407921072907,16.763446845711574,15.971667715065543,1.0,1.0,1.0,1.0,1.0,1.0,1.0,1.0,1.0,1.0
467.75,4.0,18.00961446089465,16.574380676400576,16.246368711383163,16.962188797469537,16.521143130600745,16.806098619053092,16.782615905452147,16.716574724566755,16.604119364485726,16.101378540945596,1.0,1.0,1.0,1.0,1.0,1.0,1.0,1.0,1.0,1.0
468.0,1.0,0.0,0.0,0.0,0.0,0.0,0.0,0.0,0.0,0.0,0.0,0.0,0.0,0.0,0.0,0.0,0.0,0.0,0.0,0.0,0.0
468.25,2.0,18.889021416021702,16.483164931677766,16.665434899154896,16.46934432749674,15.928832154535145,16.934383165313072,16.515656863186123,17.75746079128239,18.00641513260525,17.67826211784149,1.0,1.0,1.0,1.0,1.0,1.0,1.0,1.0,1.0,1.0
468.5,3.0,0.0,0.0,0.0,0.0,0.0,0.0,0.0,0.0,0.0,0.0,0.0,0.0,0.0,0.0,0.0,0.0,0.0,0.0,0.0,0.0
468.75,4.0,0.0,0.0,0.0,0.0,0.0,0.0,0.0,0.0,0.0,0.0,0.0,0.0,0.0,0.0,0.0,0.0,0.0,0.0,0.0,0.0
469.0,1.0,18.641962359357098,19.378665549460745,19.557446682740334,19.433897404021902,19.36976196296112,20.376135649945837,19.569561523935665,21.063644744238182,20.631646608486083,19.667133453222363,1.0,1.0,1.0,1.0,1.0,1.0,1.0,1.0,1.0,1.0
469.25,2.0,19.636533131864077,16.113247261788608,16.493269542292087,15.72698333010203,16.269140578663443,17.823547743278326,18.75298748761885,18.98494133580385,19.521428915914974,18.802472147079083,1.0,1.0,1.0,1.0,1.0,1.0,1.0,1.0,1.0,1.0
469.5,3.0,0.0,0.0,0.0,0.0,0.0,0.0,0.0,0.0,0.0,0.0,0.0,0.0,0.0,0.0,0.0,0.0,0.0,0.0,0.0,0.0
469.75,4.0,18.32352639131652,16.13342416999123,15.909417609946612,15.577288474865602,16.717634323730028,16.654914602415115,17.041488270257204,16.968188682787193,18.015507035415684,17.625229090345353,1.0,1.0,1.0,1.0,1.0,1.0,1.0,1.0,1.0,1.0
470.0,1.0,18.713067160309116,20.10345756521725,19.9505723199831,19.27720881093643,19.613293773068268,20.517132782953514,19.952492012520008,21.571379959589496,21.163219174370663,20.980343902735815,1.0,1.0,1.0,1.0,1.0,1.0,1.0,1.0,1.0,1.0
470.25,2.0,0.0,0.0,0.0,0.0,0.0,0.0,0.0,0.0,0.0,0.0,0.0,0.0,0.0,0.0,0.0,0.0,0.0,0.0,0.0,0.0
470.5,3.0,18.384526626551434,19.059598395539258,19.88986560124372,19.237812253008773,17.87000752081373,15.96977250967925,15.885998349410869,16.039753058993156,15.2214532096537,13.67748207091407,1.0,1.0,1.0,1.0,1.0,1.0,1.0,1.0,1.0,1.0
470.75,4.0,16.380182668897884,15.816890543782959,15.829573957612753,15.889601090456635,16.883963471274477,17.453614570324337,17.450416253495035,16.789765929795543,18.517737851429725,18.913206554010056,1.0,1.0,1.0,1.0,1.0,1.0,1.0,1.0,1.0,1.0
471.0,1.0,18.860591733757886,20.758341368889855,20.395013624347698,19.50481926707792,20.438606700419957,21.53831084494908,21.72169779558212,22.111170599250165,21.154786988195234,21.387363179078278,1.0,1.0,1.0,1.0,1.0,1.0,1.0,1.0,1.0,1.0
471.25,2.0,17.878029146436052,16.54409529225505,16.79103033391445,17.863563629645537,18.15119544552068,18.4991653800635,18.916402066134523,18.72378646177616,19.020339429205706,18.007015925366698,1.0,1.0,1.0,1.0,1.0,1.0,1.0,1.0,1.0,1.0
471.5,3.0,0.0,0.0,0.0,0.0,0.0,0.0,0.0,0.0,0.0,0.0,0.0,0.0,0.0,0.0,0.0,0.0,0.0,0.0,0.0,0.0
471.75,4.0,17.211079330417135,16.188982807637082,16.220447982931216,16.458606303515722,17.63742862411385,18.608760883396155,18.023177523556317,18.50711230539634,19.552406636183797,19.365453977323657,1.0,1.0,1.0,1.0,1.0,1.0,1.0,1.0,1.0,1.0
472.0,1.0,19.046831017878077,20.203999922519056,20.852063904774155,21.076940728316124,21.598057455628005,21.82427949050979,21.740098842320588,21.5376344670213,20.492825525734474,19.841842067487256,1.0,1.0,1.0,1.0,1.0,1.0,1.0,1.0,1.0,1.0
472.25,2.0,0.0,0.0,0.0,0.0,0.0,0.0,0.0,0.0,0.0,0.0,0.0,0.0,0.0,0.0,0.0,0.0,0.0,0.0,0.0,0.0
472.5,3.0,17.285214224485713,16.389424223256793,16.76975451740476,16.633041855601284,15.518746049549431,14.950762145727476,15.769541103221918,15.566398792771826,15.543910193347926,15.007472540987822,1.0,1.0,1.0,1.0,1.0,1.0,1.0,1.0,1.0,1.0
472.75,4.0,17.6785741477209,16.272942798727296,16.54162751955828,16.100030850034543,18.239690265991282,19.31547852360592,19.517753310216925,19.261260669325658,19.705589450567942,18.79930212864607,1.0,1.0,1.0,1.0,1.0,1.0,1.0,1.0,1.0,1.0
473.0,1.0,0.0,0.0,0.0,0.0,0.0,0.0,0.0,0.0,0.0,0.0,0.0,0.0,0.0,0.0,0.0,0.0,0.0,0.0,0.0,0.0
473.25,2.0,0.0,0.0,0.0,0.0,0.0,0.0,0.0,0.0,0.0,0.0,0.0,0.0,0.0,0.0,0.0,0.0,0.0,0.0,0.0,0.0
473.5,3.0,16.630864015013746,15.955185093897253,17.490321247054588,16.135794462182254,16.12044390813207,14.039252729835422,15.437535723568892,15.63587907114732,16.371579259161937,15.885957258742744,1.0,1.0,1.0,1.0,1.0,1.0,1.0,1.0,1.0,1.0
473.75,4.0,0.0,0.0,0.0,0.0,0.0,0.0,0.0,0.0,0.0,0.0,0.0,0.0,0.0,0.0,0.0,0.0,0.0,0.0,0.0,0.0
474.0,1.0,20.813335723319675,20.24323169649,21.08054347565455,20.236356520041085,20.267113127692223,21.008850647320614,20.028332664877624,19.782881668284624,19.923119020958044,20.246771526657735,1.0,1.0,1.0,1.0,1.0,1.0,1.0,1.0,1.0,1.0
474.25,2.0,16.531413116716873,16.979292991755294,17.310391857370888,17.561876112485056,17.170821631804394,15.855712000361764,16.038608333181973,15.757156469923558,16.090369395174914,15.215836728410663,1.0,1.0,1.0,1.0,1.0,1.0,1.0,1.0,1.0,1.0
474.5,3.0,0.0,0.0,0.0,0.0,0.0,0.0,0.0,0.0,0.0,0.0,0.0,0.0,0.0,0.0,0.0,0.0,0.0,0.0,0.0,0.0
474.75,4.0,17.859543038144047,17.36477824969075,18.302592225703833,17.92208051803679,19.1390104553484,19.21082653605299,18.794200655192906,17.814015240745615,17.911930685874996,16.21404647030984,1.0,1.0,1.0,1.0,1.0,1.0,1.0,1.0,1.0,1.0
475.0,1.0,20.316632496207482,20.253979753892896,20.73739827234637,19.622630954077415,19.513009413350492,19.87766369708017,19.30940441657116,19.809806902738153,19.253827634661928,19.437898815502233,1.0,1.0,1.0,1.0,1.0,1.0,1.0,1.0,1.0,1.0
475.25,2.0,0.0,0.0,0.0,0.0,0.0,0.0,0.0,0.0,0.0,0.0,0.0,0.0,0.0,0.0,0.0,0.0,0.0,0.0,0.0,0.0
475.5,3.0,17.289357727965033,15.759485647733104,15.09590026570156,14.359457627843582,14.524105091256535,13.980071748947482,15.288848214911134,15.289099555373388,15.144668425560377,14.26328747350014,1.0,1.0,1.0,1.0,1.0,1.0,1.0,1.0,1.0,1.0
475.75,4.0,17.406556956144918,17.301652764821558,16.845647831369845,16.08825536282864,18.750747772075535,19.435741190059865,18.711896410196438,17.688717649089604,16.340455421745727,16.319429182832597,1.0,1.0,1.0,1.0,1.0,1.0,1.0,1.0,1.0,1.0
476.0,1.0,0.0,0.0,0.0,0.0,0.0,0.0,0.0,0.0,0.0,0.0,0.0,0.0,0.0,0.0,0.0,0.0,0.0,0.0,0.0,0.0
476.25,2.0,16.796463832622763,16.86953043667284,17.007071209151015,15.398868576915966,16.84186200395132,16.241491199982974,15.878311667469687,15.72108396475354,15.486106846972616,13.135973071097917,1.0,1.0,1.0,1.0,1.0,1.0,1.0,1.0,1.0,1.0
476.5,3.0,0.0,0.0,0.0,0.0,0.0,0.0,0.0,0.0,0.0,0.0,0.0,0.0,0.0,0.0,0.0,0.0,0.0,0.0,0.0,0.0
476.75,4.0,0.0,0.0,0.0,0.0,0.0,0.0,0.0,0.0,0.0,0.0,0.0,0.0,0.0,0.0,0.0,0.0,0.0,0.0,0.0,0.0
477.0,1.0,20.382828417461397,20.75934747575522,18.791326563720414,18.428232215606094,19.330948537264547,19.901970393211982,19.53473442701874,20.146870507893752,19.662095928815425,18.898711083077316,1.0,1.0,1.0,1.0,1.0,1.0,1.0,1.0,1.0,1.0
477.25,2.0,17.578383699883624,17.269373837935106,16.766166385867862,17.038699916641036,18.38066495934436,18.17626030374805,17.338861946250166,15.969116496206427,15.94378640499709,13.763536703085013,1.0,1.0,1.0,1.0,1.0,1.0,1.0,1.0,1.0,1.0
477.5,3.0,0.0,0.0,0.0,0.0,0.0,0.0,0.0,0.0,0.0,0.0,0.0,0.0,0.0,0.0,0.0,0.0,0.0,0.0,0.0,0.0
477.75,4.0,16.686859650598844,15.960676643181548,16.420648953411433,16.995479008907516,16.790221029820568,16.879097706491393,17.286694435252635,17.894701263297588,17.61225431021771,17.00728610898239,1.0,1.0,1.0,1.0,1.0,1.0,1.0,1.0,1.0,1.0
478.0,1.0,19.586810258466937,20.047284198883574,18.499811668797523,18.03668476736483,18.08335117850862,19.180894359182673,18.835148048114704,19.63448480630388,18.687502264027515,18.52823696927906,1.0,1.0,1.0,1.0,1.0,1.0,1.0,1.0,1.0,1.0
478.25,2.0,0.0,0.0,0.0,0.0,0.0,0.0,0.0,0.0,0.0,0.0,0.0,0.0,0.0,0.0,0.0,0.0,0.0,0.0,0.0,0.0
478.5,3.0,16.85264263039826,16.537981563675174,14.430999263338038,13.438466257955179,13.245860224225483,12.806508784340716,13.271359635394603,12.782194488516641,12.94629025797907,13.280889377648489,1.0,1.0,1.0,1.0,1.0,1.0,1.0,1.0,1.0,1.0
478.75,4.0,16.908515504510312,16.16748951094887,16.379609417354796,16.084961090465093,17.136327120204868,17.736211064872226,17.37784526158972,18.545330810091226,18.18147246545944,17.694635672599468,1.0,1.0,1.0,1.0,1.0,1.0,1.0,1.0,1.0,1.0
479.0,1.0,19.24285011693807,19.59890056132012,18.904947620793365,17.758373204636918,18.909289442383216,18.720267921656497,18.039451804836865,19.49174632016737,18.523682632998128,18.019706448438065,1.0,1.0,1.0,1.0,1.0,1.0,1.0,1.0,1.0,1.0
479.25,2.0,16.574514986645465,16.263355846100623,17.631655858201984,18.524320473043712,17.897502536250386,16.972220919064192,15.932999485419998,15.885333666845904,16.037701742875434,14.778843184483987,1.0,1.0,1.0,1.0,1.0,1.0,1.0,1.0,1.0,1.0
479.5,3.0,0.0,0.0,0.0,0.0,0.0,0.0,0.0,0.0,0.0,0.0,0.0,0.0,0.0,0.0,0.0,0.0,0.0,0.0,0.0,0.0
479.75,4.0,15.69137386816897,15.655361493704842,16.350474855668665,16.20349365388075,16.228713724095662,17.41665723019616,17.886721941917763,18.343386764953863,17.427798118733694,17.266638525770894,1.0,1.0,1.0,1.0,1.0,1.0,1.0,1.0,1.0,1.0
480.0,1.0,19.871901163241233,19.492723096006234,18.434286725015777,18.984612933676697,18.86582019848215,17.926141754481353,17.475884031888942,18.698409623266325,17.857102048381773,17.700069769714908,1.0,1.0,1.0,1.0,1.0,1.0,1.0,1.0,1.0,1.0
480.25,2.0,0.0,0.0,0.0,0.0,0.0,0.0,0.0,0.0,0.0,0.0,0.0,0.0,0.0,0.0,0.0,0.0,0.0,0.0,0.0,0.0
480.5,3.0,17.096047079920634,17.224209301577755,14.13518203623459,13.537994130244968,14.632568140168154,14.957216375464798,15.15510770252981,15.664792013205217,15.936162799211267,15.517742583285605,1.0,1.0,1.0,1.0,1.0,1.0,1.0,1.0,1.0,1.0
480.75,4.0,16.893689746828993,16.582814344368906,17.605822628508715,17.675456878500103,16.85548841500439,17.33035075653732,17.47827579010936,16.796574360186703,16.539012839995976,16.204048905136943,1.0,1.0,1.0,1.0,1.0,1.0,1.0,1.0,1.0,1.0
481.0,1.0,0.0,0.0,0.0,0.0,0.0,0.0,0.0,0.0,0.0,0.0,0.0,0.0,0.0,0.0,0.0,0.0,0.0,0.0,0.0,0.0
481.25,2.0,0.0,0.0,0.0,0.0,0.0,0.0,0.0,0.0,0.0,0.0,0.0,0.0,0.0,0.0,0.0,0.0,0.0,0.0,0.0,0.0
481.5,3.0,17.58351935659857,16.60662504838483,14.761711106473944,14.813963680502615,15.409326805979083,15.63341852983863,15.80502407924476,15.58717772279052,15.8410114427091,15.713294582936944,1.0,1.0,1.0,1.0,1.0,1.0,1.0,1.0,1.0,1.0
481.75,4.0,0.0,0.0,0.0,0.0,0.0,0.0,0.0,0.0,0.0,0.0,0.0,0.0,0.0,0.0,0.0,0.0,0.0,0.0,0.0,0.0
482.0,1.0,19.43339887485188,19.464008468106808,18.42433373345984,17.39511322201125,16.859785407159436,16.704615459350503,17.492028933470674,18.22593361449705,17.800051768019372,16.711168054649963,1.0,1.0,1.0,1.0,1.0,1.0,1.0,1.0,1.0,1.0
482.25,2.0,17.9506119667081,20.18843213572873,18.85768267072993,18.013211409802416,16.24617629752682,17.004820201985172,16.550994923560147,16.130906034554464,15.697411735452505,14.419851687694573,1.0,1.0,1.0,1.0,1.0,1.0,1.0,1.0,1.0,1.0
482.5,3.0,0.0,0.0,0.0,0.0,0.0,0.0,0.0,0.0,0.0,0.0,0.0,0.0,0.0,0.0,0.0,0.0,0.0,0.0,0.0,0.0
482.75,4.0,16.662828734637817,16.001766562400896,16.367111552117994,16.44803713611655,17.050340689756645,16.21405549480144,16.47682838913203,15.745105609554955,16.727818857924095,16.791042045813683,1.0,1.0,1.0,1.0,1.0,1.0,1.0,1.0,1.0,1.0
483.0,1.0,19.595775534945812,18.881836399009334,18.472803972919085,17.36655298022206,16.263817903694903,16.694321069905968,16.941505155594893,17.23194051531518,17.015572145481435,16.902725022861613,1.0,1.0,1.0,1.0,1.0,1.0,1.0,1.0,1.0,1.0
483.25,2.0,0.0,0.0,0.0,0.0,0.0,0.0,0.0,0.0,0.0,0.0,0.0,0.0,0.0,0.0,0.0,0.0,0.0,0.0,0.0,0.0
483.5,3.0,17.800805261082687,17.401468120700553,16.253555588842634,16.91932401068876,17.11824564877365,16.615245192163698,16.74276919495353,15.139210379676934,14.513360958070193,14.757695914474064,1.0,1.0,1.0,1.0,1.0,1.0,1.0,1.0,1.0,1.0
483.75,4.0,15.799258447662703,15.593370162681383,16.133923591046408,16.342777465070657,16.788994920475467,16.79125819365224,16.835947773627904,16.987039963210044,17.39856947562118,16.869791307155865,1.0,1.0,1.0,1.0,1.0,1.0,1.0,1.0,1.0,1.0
484.0,1.0,0.0,0.0,0.0,0.0,0.0,0.0,0.0,0.0,0.0,0.0,0.0,0.0,0.0,0.0,0.0,0.0,0.0,0.0,0.0,0.0
484.25,2.0,17.31050806634964,18.107151315292025,17.73706977374436,17.080986061337914,16.42239727504354,16.602151317940532,16.97243392495975,16.297923794516713,16.41240028088627,15.493477681795639,1.0,1.0,1.0,1.0,1.0,1.0,1.0,1.0,1.0,1.0
484.5,3.0,0.0,0.0,0.0,0.0,0.0,0.0,0.0,0.0,0.0,0.0,0.0,0.0,0.0,0.0,0.0,0.0,0.0,0.0,0.0,0.0
484.75,4.0,0.0,0.0,0.0,0.0,0.0,0.0,0.0,0.0,0.0,0.0,0.0,0.0,0.0,0.0,0.0,0.0,0.0,0.0,0.0,0.0
485.0,1.0,18.808396386322475,18.712111006086555,16.44198849418116,16.335986884737505,15.460847368813978,15.19233107020129,16.225711803034855,17.481805219815687,18.18735612173477,18.43214328845539,1.0,1.0,1.0,1.0,1.0,1.0,1.0,1.0,1.0,1.0
485.25,2.0,17.1797394252392,16.776646107288297,16.453130538550468,16.294724550458636,16.785898501795707,17.570386019234828,17.25688150106376,18.115448168874085,17.43830407207885,16.794518920249565,1.0,1.0,1.0,1.0,1.0,1.0,1.0,1.0,1.0,1.0
485.5,3.0,18.876867922457457,18.18991997867944,17.288865271907657,17.735150964512894,16.477919259541746,16.4434282924652,17.223402382272017,15.063686945127445,13.486858356784607,12.800888258308458,1.0,1.0,1.0,1.0,1.0,1.0,1.0,1.0,1.0,1.0
485.75,4.0,16.56791880178172,16.707730647558176,17.752061739714446,17.710110094152135,18.957520983773826,18.470653472569094,18.103456021386656,18.37843383038958,18.11422370590667,17.957414777144404,1.0,1.0,1.0,1.0,1.0,1.0,1.0,1.0,1.0,1.0
486.0,1.0,18.171703722852996,18.90077816117476,17.028217321131912,17.3606299365616,16.912032663676722,16.68530426407947,17.74709286590418,18.39224662114523,19.487103738981716,19.23243192767308,1.0,1.0,1.0,1.0,1.0,1.0,1.0,1.0,1.0,1.0
486.25,2.0,0.0,0.0,0.0,0.0,0.0,0.0,0.0,0.0,0.0,0.0,0.0,0.0,0.0,0.0,0.0,0.0,0.0,0.0,0.0,0.0
486.5,3.0,18.652443642049647,17.362567503720683,16.951838928719592,17.74896024184849,17.52183692652448,16.464828685688634,16.59192361954659,14.728103226966011,13.611012220434109,13.010527045347926,1.0,1.0,1.0,1.0,1.0,1.0,1.0,1.0,1.0,1.0
486.75,4.0,17.276271694731477,17.10164577610708,17.947287540414212,18.182658068115543,18.985512206648245,18.622254204346774,18.378766050533677,18.20244398419846,18.47097910266297,17.743231501974588,1.0,1.0,1.0,1.0,1.0,1.0,1.0,1.0,1.0,1.0
487.0,1.0,18.63906626703045,19.043911603938703,17.506571668308045,17.473418131186044,17.240105329414003,18.288150266754933,18.652984496593437,19.067201672339664,20.14583146518937,19.973829391975425,1.0,1.0,1.0,1.0,1.0,1.0,1.0,1.0,1.0,1.0
487.25,2.0,18.344064872968836,15.414138342929594,16.096392411068592,16.707823947033724,16.56580032940486,17.543783828924404,19.107064759983704,18.482600164774276,18.157954459892153,18.456376808424572,1.0,1.0,1.0,1.0,1.0,1.0,1.0,1.0,1.0,1.0
487.5,3.0,0.0,0.0,0.0,0.0,0.0,0.0,0.0,0.0,0.0,0.0,0.0,0.0,0.0,0.0,0.0,0.0,0.0,0.0,0.0,0.0
487.75,4.0,17.67269753301453,17.958899058812893,18.832046920075555,21.22036230086245,19.4667536507418,19.01650866876327,18.755029034362884,18.619203050328068,18.25093336973434,17.802704063211113,1.0,1.0,1.0,1.0,1.0,1.0,1.0,1.0,1.0,1.0
488.0,1.0,18.146627680019417,18.208044397085885,18.224383071706406,19.072603275581024,18.98991463799093,19.65725075634141,19.0890019462372,19.492553019464033,20.19499346097555,19.90700008985469,1.0,1.0,1.0,1.0,1.0,1.0,1.0,1.0,1.0,1.0
488.25,2.0,0.0,0.0,0.0,0.0,0.0,0.0,0.0,0.0,0.0,0.0,0.0,0.0,0.0,0.0,0.0,0.0,0.0,0.0,0.0,0.0
488.5,3.0,18.153441828083643,16.710115595950764,16.543361954906064,17.06912786652034,14.815221099179588,15.066306854089495,14.30784989825711,15.046276915938217,14.28039845190822,14.629566857270548,1.0,1.0,1.0,1.0,1.0,1.0,1.0,1.0,1.0,1.0
488.75,4.0,17.661299112540735,19.174293184073854,21.516357638484955,21.237343242028714,17.848607108464584,17.68871047178927,18.26659213038951,18.488914167363724,18.581530591664528,17.721908710517464,1.0,1.0,1.0,1.0,1.0,1.0,1.0,1.0,1.0,1.0
489.0,1.0,0.0,0.0,0.0,0.0,0.0,0.0,0.0,0.0,0.0,0.0,0.0,0.0,0.0,0.0,0.0,0.0,0.0,0.0,0.0,0.0
489.25,2.0,16.684245278461713,16.493648770733934,16.30204501507051,16.8757335796393,16.74787779694866,17.072827901669857,17.49610167380036,18.737924434383988,17.830298838279894,18.016268275817993,1.0,1.0,1.0,1.0,1.0,1.0,1.0,1.0,1.0,1.0
489.5,3.0,17.17097320098523,16.529235567839883,15.269643306673885,16.447447436539626,15.731082506692939,15.95228113740103,15.001280469121546,16.30610408506185,16.499150785612645,16.7148964920986,1.0,1.0,1.0,1.0,1.0,1.0,1.0,1.0,1.0,1.0
489.75,4.0,0.0,0.0,0.0,0.0,0.0,0.0,0.0,0.0,0.0,0.0,0.0,0.0,0.0,0.0,0.0,0.0,0.0,0.0,0.0,0.0
490.0,1.0,18.45977743950834,18.268529789270595,18.587114729682387,19.715215097466494,19.74852321115856,20.828726149297133,20.662209289018993,20.07675934484731,19.76881290345761,19.433108418219177,1.0,1.0,1.0,1.0,1.0,1.0,1.0,1.0,1.0,1.0
490.25,2.0,17.26044798675781,16.064577526831076,15.360902842626272,14.957393449229913,16.86554769257231,16.9932187041713,17.503664108832094,16.499419057955436,17.042555801796972,16.98407964341794,1.0,1.0,1.0,1.0,1.0,1.0,1.0,1.0,1.0,1.0
490.5,3.0,0.0,0.0,0.0,0.0,0.0,0.0,0.0,0.0,0.0,0.0,0.0,0.0,0.0,0.0,0.0,0.0,0.0,0.0,0.0,0.0
490.75,4.0,20.053660877795735,20.354555873257194,19.418209694219808,19.198960939811162,18.144571259415294,18.165004665410432,19.06516249070895,18.453359881561543,18.59308041627569,18.800470137456873,1.0,1.0,1.0,1.0,1.0,1.0,1.0,1.0,1.0,1.0
491.0,1.0,18.96244951874879,18.950909038470236,19.873246481315544,20.830660015750034,20.365668038199914,20.45133912772624,19.8797721890061,19.460892570935297,20.126390028621525,20.29533957376355,1.0,1.0,1.0,1.0,1.0,1.0,1.0,1.0,1.0,1.0
491.25,2.0,0.0,0.0,0.0,0.0,0.0,0.0,0.0,0.0,0.0,0.0,0.0,0.0,0.0,0.0,0.0,0.0,0.0,0.0,0.0,0.0
491.5,3.0,19.24866653176794,17.438778035447115,16.672832853937958,16.99582209243454,16.98135543730898,16.833757105886324,16.53776153353714,17.311275723387897,16.90005405558986,17.501078330026036,1.0,1.0,1.0,1.0,1.0,1.0,1.0,1.0,1.0,1.0
491.75,4.0,19.808483737484487,19.36081081182184,19.458563553131626,19.284593353124823,18.903153953298716,19.553202494504692,20.35168030800791,19.53385180503948,19.18980559180122,19.55890136153552,1.0,1.0,1.0,1.0,1.0,1.0,1.0,1.0,1.0,1.0
492.0,1.0,18.886065722772138,19.395256913352632,20.969915093966723,20.61514694795418,20.20319423258834,20.633475309425712,20.662413020757132,20.168111559246384,21.27094826968225,21.203951286195476,1.0,1.0,1.0,1.0,1.0,1.0,1.0,1.0,1.0,1.0
492.25,2.0,16.947388388154174,15.129662168106835,15.579359596953081,16.10197983419296,18.083043939859124,17.64412818421077,18.294400055585495,17.03430548061677,17.30479717706635,17.05887072124981,1.0,1.0,1.0,1.0,1.0,1.0,1.0,1.0,1.0,1.0
492.5,3.0,0.0,0.0,0.0,0.0,0.0,0.0,0.0,0.0,0.0,0.0,0.0,0.0,0.0,0.0,0.0,0.0,0.0,0.0,0.0,0.0
492.75,4.0,0.0,0.0,0.0,0.0,0.0,0.0,0.0,0.0,0.0,0.0,0.0,0.0,0.0,0.0,0.0,0.0,0.0,0.0,0.0,0.0
493.0,1.0,20.26566435533928,19.616464314606702,20.82120175444532,21.069736535207323,18.735524941279134,19.958915077453618,20.371802440119886,20.925319013522657,21.510881984322136,20.84968055131134,1.0,1.0,1.0,1.0,1.0,1.0,1.0,1.0,1.0,1.0
493.25,2.0,16.917237328192144,16.570799614657943,17.367751789040543,17.206088187180875,17.977937596431296,18.465785144094863,18.82691018280041,17.62620644899083,16.70585059414486,15.727391086573459,1.0,1.0,1.0,1.0,1.0,1.0,1.0,1.0,1.0,1.0
493.5,3.0,20.40835302771541,18.128193865214534,18.06174679555036,18.6093323064527,17.647228621876067,17.492131809869598,18.35331150540478,18.31495893902172,17.086046584122624,14.626216209751236,1.0,1.0,1.0,1.0,1.0,1.0,1.0,1.0,1.0,1.0
493.75,4.0,20.001685440268044,19.958358140175932,20.31373915264149,20.61275573261817,21.00423097714348,21.60340375794237,21.73526017573302,21.941589726076664,21.34575884007079,21.399051403810798,1.0,1.0,1.0,1.0,1.0,1.0,1.0,1.0,1.0,1.0
494.0,1.0,19.428187172408432,18.472866364413864,19.868334950985663,20.941371977333667,19.761142035713092,21.033471548777023,20.920920103253824,21.13077503038966,21.43682613546526,20.497995979865117,1.0,1.0,1.0,1.0,1.0,1.0,1.0,1.0,1.0,1.0
494.25,2.0,0.0,0.0,0.0,0.0,0.0,0.0,0.0,0.0,0.0,0.0,0.0,0.0,0.0,0.0,0.0,0.0,0.0,0.0,0.0,0.0
494.5,3.0,18.745032164171132,17.84256030235684,18.99098242850427,18.791815058809966,17.781112438500163,18.646684522428423,19.149553806936396,17.781734060004613,16.38992984292832,14.306195596770937,1.0,1.0,1.0,1.0,1.0,1.0,1.0,1.0,1.0,1.0
494.75,4.0,20.269017372021448,19.920743400808202,20.73372444409071,21.25067514411258,20.751151747337566,20.43083792489966,19.94669763022015,20.87209595009137,20.71233674990924,20.240797813204722,1.0,1.0,1.0,1.0,1.0,1.0,1.0,1.0,1.0,1.0
495.0,1.0,19.664088892726973,19.195682471627446,19.77950698327902,21.758392255845532,21.24640150942013,20.998980784303026,21.10727316645187,19.877376650724727,20.250673876641223,19.312140285536913,1.0,1.0,1.0,1.0,1.0,1.0,1.0,1.0,1.0,1.0
495.25,2.0,18.360579013081853,18.18890921113234,18.977356344025043,18.485376824308407,17.75282204147372,18.758550816283197,17.885772665126073,15.871725118232503,15.076325308858726,14.23427514176534,1.0,1.0,1.0,1.0,1.0,1.0,1.0,1.0,1.0,1.0
495.5,3.0,0.0,0.0,0.0,0.0,0.0,0.0,0.0,0.0,0.0,0.0,0.0,0.0,0.0,0.0,0.0,0.0,0.0,0.0,0.0,0.0
495.75,4.0,20.79674342617148,20.383817939445976,21.426789943527567,21.2830918576631,20.577108282941875,19.73603519739104,20.197041271029022,19.751065681607507,18.81019967007057,18.99014583824651,1.0,1.0,1.0,1.0,1.0,1.0,1.0,1.0,1.0,1.0
496.0,1.0,19.652818974660285,20.659958014026255,19.972285028537357,22.051198315019946,20.558783593308686,19.677088051761245,19.59528056988443,18.28490645080933,18.658215315431086,18.131671468916135,1.0,1.0,1.0,1.0,1.0,1.0,1.0,1.0,1.0,1.0
496.25,2.0,0.0,0.0,0.0,0.0,0.0,0.0,0.0,0.0,0.0,0.0,0.0,0.0,0.0,0.0,0.0,0.0,0.0,0.0,0.0,0.0
496.5,3.0,17.757348788345453,17.74169735272394,18.870029053978385,19.144933676515762,19.829030702884392,19.10310890654666,19.76378728485934,19.108885575922272,17.33133297702068,17.26605862966702,1.0,1.0,1.0,1.0,1.0,1.0,1.0,1.0,1.0,1.0
496.75,4.0,21.123480308145844,19.870822040435634,20.62260597590634,20.275552409423835,20.427923012906827,19.4347813800119,18.83915403542299,19.016164472188308,19.67376997405426,20.191774228965816,1.0,1.0,1.0,1.0,1.0,1.0,1.0,1.0,1.0,1.0
497.0,1.0,0.0,0.0,0.0,0.0,0.0,0.0,0.0,0.0,0.0,0.0,0.0,0.0,0.0,0.0,0.0,0.0,0.0,0.0,0.0,0.0
497.25,2.0,19.20240634426823,19.36423442843196,19.249061273457226,19.317006644586133,18.20410855427409,17.488994582540755,16.147542306729136,14.672694565097213,14.682924461371075,14.390192049749809,1.0,1.0,1.0,1.0,1.0,1.0,1.0,1.0,1.0,1.0
497.5,3.0,18.947305348204164,17.533133392049702,18.534378937213397,20.17465527458664,19.350450590227485,18.80195519956123,19.05146192047934,18.091374427528677,17.057710223563326,17.127401596786225,1.0,1.0,1.0,1.0,1.0,1.0,1.0,1.0,1.0,1.0
497.75,4.0,0.0,0.0,0.0,0.0,0.0,0.0,0.0,0.0,0.0,0.0,0.0,0.0,0.0,0.0,0.0,0.0,0.0,0.0,0.0,0.0
498.0,1.0,19.442116081418536,20.727121089220933,19.487824578613218,20.440638547993576,19.509595171132805,17.913762871562213,18.483204041945232,16.05465788037186,15.89796527956425,15.513341143321929,1.0,1.0,1.0,1.0,1.0,1.0,1.0,1.0,1.0,1.0
498.25,2.0,19.811919692672276,18.520598399039105,18.727451618239865,17.47351561384236,17.28043884274562,16.325810614723235,15.20041285598225,15.040197397891614,15.09267596460356,14.572595455751662,1.0,1.0,1.0,1.0,1.0,1.0,1.0,1.0,1.0,1.0
498.5,3.0,0.0,0.0,0.0,0.0,0.0,0.0,0.0,0.0,0.0,0.0,0.0,0.0,0.0,0.0,0.0,0.0,0.0,0.0,0.0,0.0
498.75,4.0,19.488786591926097,18.509392769669684,19.384100144017015,19.35111464152081,19.78611251485918,19.841856590142026,19.318679482135813,18.876017337728538,18.850289231895545,20.378149158372178,1.0,1.0,1.0,1.0,1.0,1.0,1.0,1.0,1.0,1.0
499.0,1.0,20.083041309227298,20.838771489418978,18.917423881590874,18.948636027669043,19.15905338531515,17.25116152286375,17.38041288854192,15.067673520545723,14.816049277271409,14.878634947953646,1.0,1.0,1.0,1.0,1.0,1.0,1.0,1.0,1.0,1.0
499.25,2.0,0.0,0.0,0.0,0.0,0.0,0.0,0.0,0.0,0.0,0.0,0.0,0.0,0.0,0.0,0.0,0.0,0.0,0.0,0.0,0.0
499.5,3.0,20.232426969430552,19.221668679824756,19.725796719449193,18.07145591856209,17.49221735246771,17.525131178321214,16.81046050303389,15.405971397397947,13.768451057692253,12.375752296880032,1.0,1.0,1.0,1.0,1.0,1.0,1.0,1.0,1.0,1.0
499.75,4.0,19.865829328307832,19.318392889796186,19.17032956536383,19.466732078768597,19.075413590635737,18.9905392733246,19.14179768207564,18.855144073670424,18.86204217662486,19.606162995032346,1.0,1.0,1.0,1.0,1.0,1.0,1.0,1.0,1.0,1.0
500.0,1.0,19.94447492392823,19.089072734756964,17.237848456538583,18.18950841960941,17.701541117979655,16.96592306897625,16.038640543686782,14.1626429681362,13.861061868773117,14.320027845314982,1.0,1.0,1.0,1.0,1.0,1.0,1.0,1.0,1.0,1.0
500.25,2.0,18.56972780733434,17.92362298081093,17.327585819394383,15.523652658653873,15.25850913543564,14.74443622596679,14.715619412198834,14.317321765820969,13.852960586139169,13.482051438720536,1.0,1.0,1.0,1.0,1.0,1.0,1.0,1.0,1.0,1.0
500.5,3.0,0.0,0.0,0.0,0.0,0.0,0.0,0.0,0.0,0.0,0.0,0.0,0.0,0.0,0.0,0.0,0.0,0.0,0.0,0.0,0.0
500.75,4.0,19.411727227096858,20.542116808979536,19.631579784556298,19.091278904316784,19.700377402199855,19.67005400159968,19.930291104643274,19.391226640761015,19.42363274169313,19.020513716084217,1.0,1.0,1.0,1.0,1.0,1.0,1.0,1.0,1.0,1.0
501.0,1.0,19.43462488058331,17.965370544121377,16.916786910182356,17.348720067975098,15.523030434080793,15.445097904251424,14.527588729548835,14.039944394110035,14.34321551046971,14.167775895525182,1.0,1.0,1.0,1.0,1.0,1.0,1.0,1.0,1.0,1.0
501.25,2.0,17.66046683550671,16.793092968212143,16.582798717057695,14.585015468933749,13.263101715872837,13.65617054045554,13.933264955228916,13.173010175992896,13.56133727368999,14.126006754718242,1.0,1.0,1.0,1.0,1.0,1.0,1.0,1.0,1.0,1.0
501.5,3.0,19.211298982713902,18.173329339107813,18.501287264990125,17.772344264156068,16.730526783543674,16.085753518562793,15.763102414807314,13.683815940746259,12.860045473463186,12.058149531692475,1.0,1.0,1.0,1.0,1.0,1.0,1.0,1.0,1.0,1.0
501.75,4.0,20.14369403497368,19.62336154729413,19.582237381384076,19.187777793514115,18.564950768548286,18.537231170052266,18.738608231907005,17.906281454849232,19.091179272117547,19.7072878496045,1.0,1.0,1.0,1.0,1.0,1.0,1.0,1.0,1.0,1.0
502.0,1.0,0.0,0.0,0.0,0.0,0.0,0.0,0.0,0.0,0.0,0.0,0.0,0.0,0.0,0.0,0.0,0.0,0.0,0.0,0.0,0.0
502.25,2.0,0.0,0.0,0.0,0.0,0.0,0.0,0.0,0.0,0.0,0.0,0.0,0.0,0.0,0.0,0.0,0.0,0.0,0.0,0.0,0.0
502.5,3.0,17.889635410613067,17.017414465166027,16.996748109134117,15.625068783795962,15.45524018732072,15.164536172099897,14.267724487475279,12.48549278284805,11.80060333180287,11.32566734965734,1.0,1.0,1.0,1.0,1.0,1.0,1.0,1.0,1.0,1.0
502.75,4.0,0.0,0.0,0.0,0.0,0.0,0.0,0.0,0.0,0.0,0.0,0.0,0.0,0.0,0.0,0.0,0.0,0.0,0.0,0.0,0.0
503.0,1.0,17.786960150169527,16.992485561508058,15.855990119291349,14.797250736194798,14.28933847987975,13.656598644803905,13.318572187963246,13.772571030983778,14.248722300744038,14.599701249526472,1.0,1.0,1.0,1.0,1.0,1.0,1.0,1.0,1.0,1.0
503.25,2.0,16.88697889257872,16.012547312920223,16.180713546838376,14.984506753147087,14.546089161393665,15.083053093724919,14.382031804773593,14.263836596482777,15.321873812513264,15.126381306792151,1.0,1.0,1.0,1.0,1.0,1.0,1.0,1.0,1.0,1.0
503.5,3.0,0.0,0.0,0.0,0.0,0.0,0.0,0.0,0.0,0.0,0.0,0.0,0.0,0.0,0.0,0.0,0.0,0.0,0.0,0.0,0.0
503.75,4.0,18.06674028021916,17.621845147046844,16.140826045618212,15.525576783889488,17.808376308324775,17.79570307699015,17.68259402668121,17.69996960216124,19.06033555833915,18.787903197453375,1.0,1.0,1.0,1.0,1.0,1.0,1.0,1.0,1.0,1.0
504.0,1.0,17.475501783646767,16.795165919883164,15.617439694317405,14.362811201202664,14.438374020608943,14.194353112608226,13.704846042335205,14.253174677343182,14.95635314135398,14.677307835527271,1.0,1.0,1.0,1.0,1.0,1.0,1.0,1.0,1.0,1.0
504.25,2.0,0.0,0.0,0.0,0.0,0.0,0.0,0.0,0.0,0.0,0.0,0.0,0.0,0.0,0.0,0.0,0.0,0.0,0.0,0.0,0.0
504.5,3.0,16.957949302838127,15.642209493601998,14.768767868240941,12.51221113875038,13.001050651220856,13.313219370528115,12.11639361899528,11.731884101386402,11.205427113324335,11.658763013154834,1.0,1.0,1.0,1.0,1.0,1.0,1.0,1.0,1.0,1.0
504.75,4.0,17.645818832738325,16.307769485981066,15.448228203444595,15.742053730372783,16.855303644025543,17.566973521210024,17.53301868560277,18.08569106376868,18.573534339198382,17.886580218845015,1.0,1.0,1.0,1.0,1.0,1.0,1.0,1.0,1.0,1.0
505.0,1.0,0.0,0.0,0.0,0.0,0.0,0.0,0.0,0.0,0.0,0.0,0.0,0.0,0.0,0.0,0.0,0.0,0.0,0.0,0.0,0.0
505.25,2.0,16.064036246949392,15.936022309108209,15.222284538967955,13.784283912801909,16.04146128334944,15.613351686285625,14.755905760299923,16.124100971061637,16.50732774023209,17.354894844777903,1.0,1.0,1.0,1.0,1.0,1.0,1.0,1.0,1.0,1.0
505.5,3.0,0.0,0.0,0.0,0.0,0.0,0.0,0.0,0.0,0.0,0.0,0.0,0.0,0.0,0.0,0.0,0.0,0.0,0.0,0.0,0.0
505.75,4.0,0.0,0.0,0.0,0.0,0.0,0.0,0.0,0.0,0.0,0.0,0.0,0.0,0.0,0.0,0.0,0.0,0.0,0.0,0.0,0.0
506.0,1.0,14.663009969237084,13.985099858667112,12.65737975167567,13.340707174857354,14.816457886116472,15.151325515431916,15.098070603673088,15.590883520211444,15.362876795224183,15.181293618515815,1.0,1.0,1.0,1.0,1.0,1.0,1.0,1.0,1.0,1.0
506.25,2.0,15.793449033878746,15.766301304280576,14.08091833651813,14.122885954275333,15.772241553434176,16.553709158381267,16.180286370273343,16.711597293050982,17.14602888013553,16.838628322156246,1.0,1.0,1.0,1.0,1.0,1.0,1.0,1.0,1.0,1.0
506.5,3.0,0.0,0.0,0.0,0.0,0.0,0.0,0.0,0.0,0.0,0.0,0.0,0.0,0.0,0.0,0.0,0.0,0.0,0.0,0.0,0.0
506.75,4.0,14.843151577495025,12.994414472769991,14.057562197896267,16.575551936226752,17.6347496615819,17.703501428360344,17.196746330355555,17.228541951315393,17.76294835343427,17.516494977543243,1.0,1.0,1.0,1.0,1.0,1.0,1.0,1.0,1.0,1.0
507.0,1.0,14.094118777159153,13.169450113063299,12.28490747397741,12.056473732499548,14.455962473204814,15.405343784614827,14.709917807520261,14.750052283653117,14.760963739998667,14.143117029132426,1.0,1.0,1.0,1.0,1.0,1.0,1.0,1.0,1.0,1.0
507.25,2.0,0.0,0.0,0.0,0.0,0.0,0.0,0.0,0.0,0.0,0.0,0.0,0.0,0.0,0.0,0.0,0.0,0.0,0.0,0.0,0.0
507.5,3.0,16.16127962098714,14.737839296251666,14.683249811458344,12.438136657398207,12.121997067138079,12.869990840106858,11.634792208780832,12.762145620623643,12.82217743759802,13.512775082265723,1.0,1.0,1.0,1.0,1.0,1.0,1.0,1.0,1.0,1.0
507.75,4.0,13.65169420318903,13.25044769759745,14.393210049688857,15.630756647316952,16.697569359056665,16.318079899013654,17.119793379333522,17.22842156319742,17.76937313963837,17.7912058086115,1.0,1.0,1.0,1.0,1.0,1.0,1.0,1.0,1.0,1.0
508.0,1.0,13.588334315096377,12.148215443053182,10.14938507290533,11.750743849816486,15.266480770335734,14.90465685949425,13.48481100626976,12.660793182632341,12.651017435235042,12.372355196131615,1.0,1.0,1.0,1.0,1.0,1.0,1.0,1.0,1.0,1.0
508.25,2.0,15.233930113246739,14.191169771153398,14.529423018738795,14.384627210205544,16.437015259105774,15.52073039848702,15.465776316674711,15.480526023685963,14.976864780384524,14.898494635848698,1.0,1.0,1.0,1.0,1.0,1.0,1.0,1.0,1.0,1.0
508.5,3.0,0.0,0.0,0.0,0.0,0.0,0.0,0.0,0.0,0.0,0.0,0.0,0.0,0.0,0.0,0.0,0.0,0.0,0.0,0.0,0.0
508.75,4.0,13.739069714207387,13.555623723458481,14.887204507734864,16.011137293026636,16.922903029400302,17.04418553553223,17.103546496063043,16.596100841397032,16.922048367057428,16.646755195623825,1.0,1.0,1.0,1.0,1.0,1.0,1.0,1.0,1.0,1.0
509.0,1.0,12.87231152914512,11.986460989958223,11.567159197859104,13.974923693741143,15.59481481579032,14.246859585316658,13.716475130537633,13.055664345844828,14.101814439367859,13.379284332154631,1.0,1.0,1.0,1.0,1.0,1.0,1.0,1.0,1.0,1.0
509.25,2.0,0.0,0.0,0.0,0.0,0.0,0.0,0.0,0.0,0.0,0.0,0.0,0.0,0.0,0.0,0.0,0.0,0.0,0.0,0.0,0.0
509.5,3.0,13.774097392972294,13.793936779308291,12.886551023712482,11.827126687930948,12.534687420632853,11.796082743408224,11.841562570984394,11.311215672598031,11.038980038562656,13.531689564206403,1.0,1.0,1.0,1.0,1.0,1.0,1.0,1.0,1.0,1.0
509.75,4.0,14.309033950827335,14.333137886728062,14.389576011022408,15.328176285850148,16.834329883902335,16.440478186496303,16.264245039858913,16.08372964422529,15.416390949717211,15.686393591750235,1.0,1.0,1.0,1.0,1.0,1.0,1.0,1.0,1.0,1.0
510.0,1.0,0.0,0.0,0.0,0.0,0.0,0.0,0.0,0.0,0.0,0.0,0.0,0.0,0.0,0.0,0.0,0.0,0.0,0.0,0.0,0.0
510.25,2.0,0.0,0.0,0.0,0.0,0.0,0.0,0.0,0.0,0.0,0.0,0.0,0.0,0.0,0.0,0.0,0.0,0.0,0.0,0.0,0.0
510.5,3.0,14.390852836714203,13.842097931590528,13.494108627629686,12.639646143373852,12.576510847665466,12.629077326723932,12.509839100150632,11.966231086919187,12.766932359333019,14.022300033682543,1.0,1.0,1.0,1.0,1.0,1.0,1.0,1.0,1.0,1.0
510.75,4.0,0.0,0.0,0.0,0.0,0.0,0.0,0.0,0.0,0.0,0.0,0.0,0.0,0.0,0.0,0.0,0.0,0.0,0.0,0.0,0.0
511.0,1.0,14.256605633269162,14.309564474052486,14.799210435668638,16.443446223089868,14.123293208836492,13.179986562089095,13.630183265446766,14.203760274220032,14.70994553224906,14.309203136303426,1.0,1.0,1.0,1.0,1.0,1.0,1.0,1.0,1.0,1.0
511.25,2.0,13.634053460179311,14.204683737976035,14.814720488950996,15.81219587609223,15.574821643561437,14.356763966816015,13.524226771886351,14.943764577773221,15.778262313211256,16.0202291721213,1.0,1.0,1.0,1.0,1.0,1.0,1.0,1.0,1.0,1.0
511.5,3.0,0.0,0.0,0.0,0.0,0.0,0.0,0.0,0.0,0.0,0.0,0.0,0.0,0.0,0.0,0.0,0.0,0.0,0.0,0.0,0.0
511.75,4.0,15.266318929727705,14.106001832044155,13.644538063131025,13.85069346121303,14.627028174353786,14.633071665875926,14.1306963671405,15.343422090464378,15.519199016342354,14.631595356382356,1.0,1.0,1.0,1.0,1.0,1.0,1.0,1.0,1.0,1.0
512.0,1.0,14.26209348294098,14.291470427391197,15.600047295012176,16.180666657714145,14.190041556627124,14.227414988979167,14.257622309448818,15.485723264244882,15.76127287380862,14.86681872515464,1.0,1.0,1.0,1.0,1.0,1.0,1.0,1.0,1.0,1.0
512.25,2.0,0.0,0.0,0.0,0.0,0.0,0.0,0.0,0.0,0.0,0.0,0.0,0.0,0.0,0.0,0.0,0.0,0.0,0.0,0.0,0.0
512.5,3.0,15.080089541165531,14.819174202704593,14.993326824903798,14.041784631121248,13.192236319654643,13.781797060938313,14.0616430542509,13.240021758973057,13.015934673181665,13.221933652575808,1.0,1.0,1.0,1.0,1.0,1.0,1.0,1.0,1.0,1.0
512.75,4.0,14.66713170153825,13.668956069292191,12.878814742539296,14.153749817711095,14.626120289726526,15.234358003737405,15.645019406845874,15.911379821969268,15.300075678976087,14.54173117108861,1.0,1.0,1.0,1.0,1.0,1.0,1.0,1.0,1.0,1.0
513.0,1.0,0.0,0.0,0.0,0.0,0.0,0.0,0.0,0.0,0.0,0.0,0.0,0.0,0.0,0.0,0.0,0.0,0.0,0.0,0.0,0.0
513.25,2.0,14.129705311556636,14.395375552155315,14.16781052294664,14.758781703607964,15.326338544867607,15.43274238397768,15.389642368287838,15.740327051871699,16.27354279691936,16.24088147094808,1.0,1.0,1.0,1.0,1.0,1.0,1.0,1.0,1.0,1.0
513.5,3.0,0.0,0.0,0.0,0.0,0.0,0.0,0.0,0.0,0.0,0.0,0.0,0.0,0.0,0.0,0.0,0.0,0.0,0.0,0.0,0.0
513.75,4.0,0.0,0.0,0.0,0.0,0.0,0.0,0.0,0.0,0.0,0.0,0.0,0.0,0.0,0.0,0.0,0.0,0.0,0.0,0.0,0.0
514.0,1.0,15.856078642646208,16.483373250680156,15.918703139300678,15.672827973846507,15.355545459290237,14.097596834154773,14.620485584157098,13.917856671231519,14.742163721182267,15.53528130452025,1.0,1.0,1.0,1.0,1.0,1.0,1.0,1.0,1.0,1.0
514.25,2.0,14.520638164503435,14.71752347755936,14.558442675170916,14.88410904109241,14.967331941177497,15.63353190456632,16.75807655232372,16.45630710615264,16.659985592027812,15.391818437818348,1.0,1.0,1.0,1.0,1.0,1.0,1.0,1.0,1.0,1.0
514.5,3.0,0.0,0.0,0.0,0.0,0.0,0.0,0.0,0.0,0.0,0.0,0.0,0.0,0.0,0.0,0.0,0.0,0.0,0.0,0.0,0.0
514.75,4.0,13.376295144759013,14.099151696992973,14.16093520387317,14.255509829469824,15.552352860931276,15.269788444876976,15.321742750138194,15.280587433433814,14.33574678757075,14.536602800956654,1.0,1.0,1.0,1.0,1.0,1.0,1.0,1.0,1.0,1.0
515.0,1.0,16.755664792281372,15.835154742098455,15.050916316675064,16.096576067455356,15.522061990768773,13.791011025384504,14.92456064774619,14.932883316196076,15.696182274600465,16.2330096273755,1.0,1.0,1.0,1.0,1.0,1.0,1.0,1.0,1.0,1.0
515.25,2.0,0.0,0.0,0.0,0.0,0.0,0.0,0.0,0.0,0.0,0.0,0.0,0.0,0.0,0.0,0.0,0.0,0.0,0.0,0.0,0.0
515.5,3.0,14.567262789652048,14.775589506563376,14.377647212164156,15.492359301477892,14.240598021662125,15.040120947576506,14.409029363550262,14.08509912505521,14.876073362636557,14.729561715897303,1.0,1.0,1.0,1.0,1.0,1.0,1.0,1.0,1.0,1.0
515.75,4.0,14.397333575914343,14.337769388214735,14.445537357100468,14.315304450042738,14.512708249347925,14.21232121988008,13.682420318020297,14.184070345314804,13.632245822524062,13.809789478290805,1.0,1.0,1.0,1.0,1.0,1.0,1.0,1.0,1.0,1.0
516.0,1.0,14.632872705781159,14.596992497901516,15.087549758517458,16.124139196053363,15.422926598302228,15.04018583546085,15.7492626331116,15.877102125048875,15.876917676551143,16.25350829926963,1.0,1.0,1.0,1.0,1.0,1.0,1.0,1.0,1.0,1.0
516.25,2.0,14.49673063822889,14.012736676221692,14.948947671959369,15.713314893143629,15.008162388057109,13.910072686515656,15.031888057001833,14.845673237588061,15.55028098160936,14.759243279597278,1.0,1.0,1.0,1.0,1.0,1.0,1.0,1.0,1.0,1.0
516.5,3.0,0.0,0.0,0.0,0.0,0.0,0.0,0.0,0.0,0.0,0.0,0.0,0.0,0.0,0.0,0.0,0.0,0.0,0.0,0.0,0.0
516.75,4.0,14.185431915613794,14.917518693781929,16.081406466834974,14.715960460614951,15.050359201490222,14.932774189725587,15.333994568704084,14.864207754958601,15.119028475385795,14.633743582197623,1.0,1.0,1.0,1.0,1.0,1.0,1.0,1.0,1.0,1.0
517.0,1.0,14.09310893516405,13.743537656331295,15.278441278799233,15.830604046871416,14.996276178044535,15.048905428345908,14.624934903082005,15.716722454639951,14.960249113825427,15.460539565073374,1.0,1.0,1.0,1.0,1.0,1.0,1.0,1.0,1.0,1.0
517.25,2.0,0.0,0.0,0.0,0.0,0.0,0.0,0.0,0.0,0.0,0.0,0.0,0.0,0.0,0.0,0.0,0.0,0.0,0.0,0.0,0.0
517.5,3.0,16.093471260530926,16.05262338963724,15.066043529287787,14.188946215892301,12.012872665357017,15.225255546235132,14.880273134935278,14.8716869198914,15.295895050882717,14.390550265553369,1.0,1.0,1.0,1.0,1.0,1.0,1.0,1.0,1.0,1.0
517.75,4.0,14.824836829194718,15.795253259174014,16.09226624852383,15.13620477931492,17.057505065432068,16.48381098181315,16.946012173215305,16.225867001136944,15.885472356367837,15.253282801293901,1.0,1.0,1.0,1.0,1.0,1.0,1.0,1.0,1.0,1.0
518.0,1.0,0.0,0.0,0.0,0.0,0.0,0.0,0.0,0.0,0.0,0.0,0.0,0.0,0.0,0.0,0.0,0.0,0.0,0.0,0.0,0.0
518.25,2.0,0.0,0.0,0.0,0.0,0.0,0.0,0.0,0.0,0.0,0.0,0.0,0.0,0.0,0.0,0.0,0.0,0.0,0.0,0.0,0.0
518.5,3.0,15.88782267072854,15.99516339536599,15.47784318429073,13.681584052726386,11.72365839730685,13.606052356457955,14.204922848502468,14.724893989069503,14.802214728231947,14.998616288734778,1.0,1.0,1.0,1.0,1.0,1.0,1.0,1.0,1.0,1.0
518.75,4.0,0.0,0.0,0.0,0.0,0.0,0.0,0.0,0.0,0.0,0.0,0.0,0.0,0.0,0.0,0.0,0.0,0.0,0.0,0.0,0.0
519.0,1.0,14.996265660260597,15.20532827743531,14.54567915452882,14.458369968151898,15.658894646356627,16.077861416508615,16.10216452555642,16.450583948268513,16.62500668685921,15.986270616300644,1.0,1.0,1.0,1.0,1.0,1.0,1.0,1.0,1.0,1.0
519.25,2.0,15.615447164161575,14.975098538439127,13.157875632130212,13.183187634686044,14.184629940977072,14.874102888002525,15.389655553593315,15.901904128823222,15.224980097367261,14.806409843912252,1.0,1.0,1.0,1.0,1.0,1.0,1.0,1.0,1.0,1.0
519.5,3.0,0.0,0.0,0.0,0.0,0.0,0.0,0.0,0.0,0.0,0.0,0.0,0.0,0.0,0.0,0.0,0.0,0.0,0.0,0.0,0.0
519.75,4.0,16.660663138261725,14.648076994456575,14.667592668187936,15.568984029372889,15.943192123429565,16.247619762736125,15.976804661413075,15.516203201653108,15.071476853154527,14.674554883128966,1.0,1.0,1.0,1.0,1.0,1.0,1.0,1.0,1.0,1.0
520.0,1.0,15.587473450693226,16.28805165322177,15.30643283297358,16.325445193586063,16.818021138196496,16.573726614746377,16.882821109110665,14.991296934554292,14.746836750886638,14.898572898493525,1.0,1.0,1.0,1.0,1.0,1.0,1.0,1.0,1.0,1.0
520.25,2.0,0.0,0.0,0.0,0.0,0.0,0.0,0.0,0.0,0.0,0.0,0.0,0.0,0.0,0.0,0.0,0.0,0.0,0.0,0.0,0.0
520.5,3.0,15.010387104981222,13.574690850529024,15.081905034021048,13.492199250009598,10.281668792866945,12.58642478116013,13.617849811057644,13.439063847449269,13.596725114339337,14.158880895993365,1.0,1.0,1.0,1.0,1.0,1.0,1.0,1.0,1.0,1.0
520.75,4.0,15.558934616548783,14.428299207418618,15.735081790500784,16.8370594792608,17.3624112250785,17.090939790576115,16.612158527175072,15.259491495071405,14.182612289139088,14.104049475376565,1.0,1.0,1.0,1.0,1.0,1.0,1.0,1.0,1.0,1.0
521.0,1.0,0.0,0.0,0.0,0.0,0.0,0.0,0.0,0.0,0.0,0.0,0.0,0.0,0.0,0.0,0.0,0.0,0.0,0.0,0.0,0.0
521.25,2.0,13.945570417365394,13.174850258623245,14.11843845559465,14.793640678728488,15.751127943633563,14.785715887030253,14.229482137034493,13.989669762621208,13.608581171279596,14.40110674504858,1.0,1.0,1.0,1.0,1.0,1.0,1.0,1.0,1.0,1.0
521.5,3.0,0.0,0.0,0.0,0.0,0.0,0.0,0.0,0.0,0.0,0.0,0.0,0.0,0.0,0.0,0.0,0.0,0.0,0.0,0.0,0.0
521.75,4.0,0.0,0.0,0.0,0.0,0.0,0.0,0.0,0.0,0.0,0.0,0.0,0.0,0.0,0.0,0.0,0.0,0.0,0.0,0.0,0.0
522.0,1.0,15.224421759769003,15.344327456214435,16.43224751306363,16.316842779837863,16.23476586242907,15.00311286936162,15.352873237274059,14.556050406854906,14.769735098868104,14.677426193474899,1.0,1.0,1.0,1.0,1.0,1.0,1.0,1.0,1.0,1.0
522.25,2.0,13.179193104901504,13.97290700954876,15.055781656413782,14.768780955795776,14.937177550212143,13.729689055033287,13.664599031453411,13.186504383127081,13.087165254194334,13.543203217888808,1.0,1.0,1.0,1.0,1.0,1.0,1.0,1.0,1.0,1.0
522.5,3.0,0.0,0.0,0.0,0.0,0.0,0.0,0.0,0.0,0.0,0.0,0.0,0.0,0.0,0.0,0.0,0.0,0.0,0.0,0.0,0.0
522.75,4.0,14.90005394241606,15.306445880645265,17.325899769653386,18.547463732642807,17.881757422481463,17.523421203087015,17.514626502157085,16.3167022491502,15.259670956032865,14.900159806992159,1.0,1.0,1.0,1.0,1.0,1.0,1.0,1.0,1.0,1.0
523.0,1.0,16.008997555338414,16.92729652282136,16.348198211826404,15.566489556560187,15.52572146532386,14.967629316961105,14.671856456034883,14.98235744245814,15.788896024492356,15.967480391973575,1.0,1.0,1.0,1.0,1.0,1.0,1.0,1.0,1.0,1.0
523.25,2.0,0.0,0.0,0.0,0.0,0.0,0.0,0.0,0.0,0.0,0.0,0.0,0.0,0.0,0.0,0.0,0.0,0.0,0.0,0.0,0.0
523.5,3.0,15.390549638859206,13.528959597639007,12.738157479028704,12.321174778346299,10.987674118318344,12.044524625288293,12.881696741674864,12.111067430111323,12.072494097829155,11.678499067764939,1.0,1.0,1.0,1.0,1.0,1.0,1.0,1.0,1.0,1.0
523.75,4.0,15.56208647745203,15.862231663704497,17.098780480449662,18.939505949801994,18.639074309894774,17.36353913860646,17.201745523823515,15.350539354674266,14.394934155398829,14.020635196490428,1.0,1.0,1.0,1.0,1.0,1.0,1.0,1.0,1.0,1.0
524.0,1.0,16.731643568069725,17.57339430634208,14.54839625103874,14.576688827580554,15.764634937305306,15.660783903844196,16.241688271308703,16.70581756245617,17.952690247220882,17.292946938334456,1.0,1.0,1.0,1.0,1.0,1.0,1.0,1.0,1.0,1.0
524.25,2.0,12.768588728083202,14.234165389615725,13.543584155129837,13.3836087504344,13.793295772599247,14.410815384965753,14.41169838942915,14.920807462150208,14.229072218363775,13.866833573223468,1.0,1.0,1.0,1.0,1.0,1.0,1.0,1.0,1.0,1.0
524.5,3.0,0.0,0.0,0.0,0.0,0.0,0.0,0.0,0.0,0.0,0.0,0.0,0.0,0.0,0.0,0.0,0.0,0.0,0.0,0.0,0.0
524.75,4.0,15.027682462646547,16.124338878415273,16.968457036400128,18.517662116827854,16.89653561280132,15.74142115250247,15.485467471838401,14.314908442902222,14.083767307962296,14.03434447110642,1.0,1.0,1.0,1.0,1.0,1.0,1.0,1.0,1.0,1.0
525.0,1.0,16.306004160805745,16.674386660276042,13.3455789465086,13.686492187301747,16.350559178539612,16.338837170378323,17.975971275484888,18.108971079062666,18.542310466060588,17.778912500127156,1.0,1.0,1.0,1.0,1.0,1.0,1.0,1.0,1.0,1.0
525.25,2.0,0.0,0.0,0.0,0.0,0.0,0.0,0.0,0.0,0.0,0.0,0.0,0.0,0.0,0.0,0.0,0.0,0.0,0.0,0.0,0.0
525.5,3.0,15.22775143712239,12.933943413148587,11.493901684353613,11.525638047812421,12.931330065941228,12.40689316904532,12.125908865172944,11.705775507142853,12.276983694624017,13.425779547145352,1.0,1.0,1.0,1.0,1.0,1.0,1.0,1.0,1.0,1.0
525.75,4.0,14.957580274661172,15.47361907173805,17.01541931457555,18.017343106761736,16.620379194112804,17.18485123817668,17.782157667850797,16.074333674609704,15.56293830955048,15.486548847169567,1.0,1.0,1.0,1.0,1.0,1.0,1.0,1.0,1.0,1.0
526.0,1.0,0.0,0.0,0.0,0.0,0.0,0.0,0.0,0.0,0.0,0.0,0.0,0.0,0.0,0.0,0.0,0.0,0.0,0.0,0.0,0.0
526.25,2.0,0.0,0.0,0.0,0.0,0.0,0.0,0.0,0.0,0.0,0.0,0.0,0.0,0.0,0.0,0.0,0.0,0.0,0.0,0.0,0.0
526.5,3.0,13.581765263870524,12.688708010450268,11.341238426700114,11.902891499733716,11.959583550696431,12.70455149717486,12.776048221873339,12.405392037309346,12.775393927511754,13.31422312976466,1.0,1.0,1.0,1.0,1.0,1.0,1.0,1.0,1.0,1.0
526.75,4.0,0.0,0.0,0.0,0.0,0.0,0.0,0.0,0.0,0.0,0.0,0.0,0.0,0.0,0.0,0.0,0.0,0.0,0.0,0.0,0.0
527.0,1.0,13.84321088296831,13.628725178296964,14.143259715921435,16.21578679562543,16.8479844574215,15.816114167798148,16.739201022376477,17.18109486903758,17.40762767877825,16.226981345697553,1.0,1.0,1.0,1.0,1.0,1.0,1.0,1.0,1.0,1.0
527.25,2.0,12.559708133124305,12.921535461487954,14.87249286604321,15.694606108247475,15.379094751808902,15.439654347742085,15.397092054309836,14.462698956326385,13.90470064303068,12.884593264108258,1.0,1.0,1.0,1.0,1.0,1.0,1.0,1.0,1.0,1.0
527.5,3.0,0.0,0.0,0.0,0.0,0.0,0.0,0.0,0.0,0.0,0.0,0.0,0.0,0.0,0.0,0.0,0.0,0.0,0.0,0.0,0.0
527.75,4.0,14.794911990956184,15.772586890303256,16.41388151830446,16.947034621485162,17.551331154118326,18.951374363724305,19.112137749208603,18.149090199312063,18.191633574206065,18.167215454446527,1.0,1.0,1.0,1.0,1.0,1.0,1.0,1.0,1.0,1.0
528.0,1.0,14.52039488059339,13.194163454541743,14.756279006905606,16.946955555295954,17.44820508781569,16.216522883584563,17.468449225057423,17.127549545976535,16.92749577537389,16.603416856456782,1.0,1.0,1.0,1.0,1.0,1.0,1.0,1.0,1.0,1.0
528.25,2.0,0.0,0.0,0.0,0.0,0.0,0.0,0.0,0.0,0.0,0.0,0.0,0.0,0.0,0.0,0.0,0.0,0.0,0.0,0.0,0.0
528.5,3.0,15.132987938319102,14.475505218687013,13.334780446814543,12.89543402964033,12.1602942311685,12.99275000975792,11.882210800177312,10.922127484054387,10.390608124472863,10.115658270917962,1.0,1.0,1.0,1.0,1.0,1.0,1.0,1.0,1.0,1.0
528.75,4.0,15.950746444038304,17.46872021054685,16.599120288564816,18.23457488661042,19.00066713974262,19.175390933648814,19.463243746576996,18.713502301943567,19.081129066798805,17.384050052773016,1.0,1.0,1.0,1.0,1.0,1.0,1.0,1.0,1.0,1.0
529.0,1.0,0.0,0.0,0.0,0.0,0.0,0.0,0.0,0.0,0.0,0.0,0.0,0.0,0.0,0.0,0.0,0.0,0.0,0.0,0.0,0.0
529.25,2.0,14.22149151816933,15.025880990998912,16.2346232046219,16.18005970826834,16.142348545290993,15.632826459306411,15.200800204471697,15.5456364313514,14.32051859365302,13.2741659058401,1.0,1.0,1.0,1.0,1.0,1.0,1.0,1.0,1.0,1.0
529.5,3.0,0.0,0.0,0.0,0.0,0.0,0.0,0.0,0.0,0.0,0.0,0.0,0.0,0.0,0.0,0.0,0.0,0.0,0.0,0.0,0.0
529.75,4.0,0.0,0.0,0.0,0.0,0.0,0.0,0.0,0.0,0.0,0.0,0.0,0.0,0.0,0.0,0.0,0.0,0.0,0.0,0.0,0.0
530.0,1.0,15.84184989639341,14.470718853037281,14.232693157805294,16.29399522098782,17.063169096729883,14.55024993879789,15.848949009611433,16.102752304507224,16.299319195112957,15.90236640931112,1.0,1.0,1.0,1.0,1.0,1.0,1.0,1.0,1.0,1.0
530.25,2.0,13.958449410418119,16.217947806792086,17.57507904817718,16.75119889649462,15.918213196702348,15.493799157943567,15.706985196854479,15.838086189186827,13.847676743862145,14.083811851552557,1.0,1.0,1.0,1.0,1.0,1.0,1.0,1.0,1.0,1.0
530.5,3.0,15.032152607594266,14.71104252040273,13.98617930067508,13.640630952627046,12.433025871479161,11.623657918431379,10.7737150982843,9.852469950860277,10.651425670353177,11.047350108837957,1.0,1.0,1.0,1.0,1.0,1.0,1.0,1.0,1.0,1.0
530.75,4.0,17.456215576989784,17.342488791715745,17.05991539457099,17.735886213779274,19.15098504618341,19.46694672392588,19.884579142816964,19.24442883919668,19.40308354695591,19.341279097573032,1.0,1.0,1.0,1.0,1.0,1.0,1.0,1.0,1.0,1.0
531.0,1.0,15.617831018657023,15.150703006654673,15.761380982684756,16.42231763796977,15.374379940877892,14.528912494838808,15.664038468060237,17.03178677186756,15.78990121412338,15.717558494638263,1.0,1.0,1.0,1.0,1.0,1.0,1.0,1.0,1.0,1.0
531.25,2.0,0.0,0.0,0.0,0.0,0.0,0.0,0.0,0.0,0.0,0.0,0.0,0.0,0.0,0.0,0.0,0.0,0.0,0.0,0.0,0.0
531.5,3.0,15.78157244333646,14.748322480574618,13.94309970551771,14.168632924263473,11.822543140809714,11.766582427511057,11.479523843152059,11.769629581340174,12.008337173970665,13.33373797642448,1.0,1.0,1.0,1.0,1.0,1.0,1.0,1.0,1.0,1.0
531.75,4.0,16.49702132674933,17.93491541430042,18.378378961959253,19.186048596874475,19.20778948516553,19.709760141145733,20.449850984490546,19.755873561719476,20.172217032635228,19.79489358914898,1.0,1.0,1.0,1.0,1.0,1.0,1.0,1.0,1.0,1.0
532.0,1.0,15.828895520797541,17.18165476849011,16.86230944153029,15.977737841470043,15.584116149069086,14.819713723494916,16.179540680427348,16.776351038427386,16.144192939640945,16.04547593679961,1.0,1.0,1.0,1.0,1.0,1.0,1.0,1.0,1.0,1.0
532.25,2.0,16.59104732232738,17.890777795943873,16.325265992338363,14.626999178723612,16.135672267493046,15.264155979438698,16.22589142656262,16.249986339408313,15.540075725302096,15.409628939754796,1.0,1.0,1.0,1.0,1.0,1.0,1.0,1.0,1.0,1.0
532.5,3.0,0.0,0.0,0.0,0.0,0.0,0.0,0.0,0.0,0.0,0.0,0.0,0.0,0.0,0.0,0.0,0.0,0.0,0.0,0.0,0.0
532.75,4.0,17.679841975971,18.685972839474353,19.616616868602815,20.025824707114893,18.709107951625132,20.116449485448307,20.968694425350233,20.37408551606522,20.728001586311798,20.460923619529428,1.0,1.0,1.0,1.0,1.0,1.0,1.0,1.0,1.0,1.0
533.0,1.0,16.208485097888754,17.207905743555468,16.15739098412963,15.767952592155133,16.05932519631623,16.02010638893381,16.62543427358453,17.131001524726805,16.78956171398645,16.764993287093365,1.0,1.0,1.0,1.0,1.0,1.0,1.0,1.0,1.0,1.0
533.25,2.0,0.0,0.0,0.0,0.0,0.0,0.0,0.0,0.0,0.0,0.0,0.0,0.0,0.0,0.0,0.0,0.0,0.0,0.0,0.0,0.0
533.5,3.0,16.193871560604684,15.547795464435584,14.318044187633305,14.074236615073978,12.962069753275456,14.211720832520504,14.85646428499672,14.360758845498454,14.307546913918353,15.339710077062685,1.0,1.0,1.0,1.0,1.0,1.0,1.0,1.0,1.0,1.0
533.75,4.0,18.237983109449935,19.67965114343729,19.182272911517153,20.008473604382505,20.285634886061672,21.920437981906808,22.4412788538711,20.58548385757784,19.979539094310766,19.679007924861658,1.0,1.0,1.0,1.0,1.0,1.0,1.0,1.0,1.0,1.0
534.0,1.0,0.0,0.0,0.0,0.0,0.0,0.0,0.0,0.0,0.0,0.0,0.0,0.0,0.0,0.0,0.0,0.0,0.0,0.0,0.0,0.0
534.25,2.0,17.390731177410466,17.768898751681075,16.34738947631219,14.98452414948223,16.306423450454545,16.00979834745528,17.346068064509375,17.795851627181897,17.187895618151785,16.675032435196965,1.0,1.0,1.0,1.0,1.0,1.0,1.0,1.0,1.0,1.0
534.5,3.0,15.586559939781807,14.793892469888853,14.544206775569235,13.524967129692088,12.879500187586164,15.190134517156704,15.948831226573711,15.714961920995176,14.901198936095007,15.885704945503742,1.0,1.0,1.0,1.0,1.0,1.0,1.0,1.0,1.0,1.0
534.75,4.0,0.0,0.0,0.0,0.0,0.0,0.0,0.0,0.0,0.0,0.0,0.0,0.0,0.0,0.0,0.0,0.0,0.0,0.0,0.0,0.0
535.0,1.0,15.473379636008566,14.923511988795102,16.57449187772566,16.989559124422417,16.576264597095246,16.699113908248574,16.929508637272143,18.0131589824104,18.554774047826353,18.604988956463643,1.0,1.0,1.0,1.0,1.0,1.0,1.0,1.0,1.0,1.0
535.25,2.0,17.469290037416272,16.915579794336235,15.855506721926746,15.548330870846879,18.240922435450827,18.239387719379003,18.394946137565668,19.029438138300733,17.630349459601028,17.20749299651571,1.0,1.0,1.0,1.0,1.0,1.0,1.0,1.0,1.0,1.0
535.5,3.0,0.0,0.0,0.0,0.0,0.0,0.0,0.0,0.0,0.0,0.0,0.0,0.0,0.0,0.0,0.0,0.0,0.0,0.0,0.0,0.0
535.75,4.0,18.95214354469614,17.817604974501503,17.468259422617773,19.190699369031766,20.925891614003646,21.002523973276926,21.01487341212395,18.771720000420192,18.6032961331401,18.962055346395708,1.0,1.0,1.0,1.0,1.0,1.0,1.0,1.0,1.0,1.0
536.0,1.0,16.18980894650856,15.73542044561408,16.587173557961226,17.184915074039633,17.189253119626265,18.15046638012226,18.639054281011315,19.51660710355852,19.097458962660493,18.325339092697718,1.0,1.0,1.0,1.0,1.0,1.0,1.0,1.0,1.0,1.0
536.25,2.0,0.0,0.0,0.0,0.0,0.0,0.0,0.0,0.0,0.0,0.0,0.0,0.0,0.0,0.0,0.0,0.0,0.0,0.0,0.0,0.0
536.5,3.0,15.528471734114127,15.370246354410272,16.006215190420082,15.37432368433887,15.293500201157688,15.399390587113476,15.826629947167765,16.03127004071819,15.062672028706592,16.856692518567797,1.0,1.0,1.0,1.0,1.0,1.0,1.0,1.0,1.0,1.0
536.75,4.0,18.581016916151604,17.304615311921236,17.551788677132947,19.572677979696707,20.467200995307586,19.995642546460275,20.09331686657611,18.86159702549023,19.206233661548058,19.786505247118185,1.0,1.0,1.0,1.0,1.0,1.0,1.0,1.0,1.0,1.0
537.0,1.0,17.175399049165208,15.696158281921157,15.715600764900502,17.35025494436548,17.23600111121359,17.74108179379649,18.12607694131439,19.22437216576593,19.520030474969715,18.275962922881043,1.0,1.0,1.0,1.0,1.0,1.0,1.0,1.0,1.0,1.0
537.25,2.0,18.02293484070068,17.842948111851673,16.4627915212055,15.746261585857017,17.869691341006675,17.905209096312852,17.463143424772188,17.564037569514667,15.919361919221952,15.375286839527442,1.0,1.0,1.0,1.0,1.0,1.0,1.0,1.0,1.0,1.0
537.5,3.0,0.0,0.0,0.0,0.0,0.0,0.0,0.0,0.0,0.0,0.0,0.0,0.0,0.0,0.0,0.0,0.0,0.0,0.0,0.0,0.0
537.75,4.0,18.39813940160765,16.938558803056583,17.186028380205546,18.72396872321394,19.824947119079162,18.88586365198425,19.1329511162716,18.09763396803252,18.489663005686218,19.810739762158303,1.0,1.0,1.0,1.0,1.0,1.0,1.0,1.0,1.0,1.0
538.0,1.0,17.607555043344078,15.712457387224081,15.760495258093057,16.60928287517478,17.319901685694713,17.521993761433585,18.43291847042427,19.157572251960616,19.18395388251845,18.87712142408327,1.0,1.0,1.0,1.0,1.0,1.0,1.0,1.0,1.0,1.0
538.25,2.0,18.571264970473045,18.879162258254624,16.18132722216264,16.421161619802806,18.177136692019182,17.873677372104925,16.662793041941303,17.205382876260245,15.52208309754583,15.845727179904305,1.0,1.0,1.0,1.0,1.0,1.0,1.0,1.0,1.0,1.0
538.5,3.0,16.67031807722579,15.38240916371405,15.399416984506933,15.988756365280059,15.685323283265314,14.995623480408401,15.459210393978864,16.787811746829057,15.544970869564267,16.48133840298824,1.0,1.0,1.0,1.0,1.0,1.0,1.0,1.0,1.0,1.0
538.75,4.0,19.22367058750715,18.023680183455923,17.66208212286744,19.053407498759253,18.261156027253463,18.23488071634614,18.655814492246535,17.81232172417275,18.220097109813878,18.28711749284742,1.0,1.0,1.0,1.0,1.0,1.0,1.0,1.0,1.0,1.0
539.0,1.0,0.0,0.0,0.0,0.0,0.0,0.0,0.0,0.0,0.0,0.0,0.0,0.0,0.0,0.0,0.0,0.0,0.0,0.0,0.0,0.0
539.25,2.0,0.0,0.0,0.0,0.0,0.0,0.0,0.0,0.0,0.0,0.0,0.0,0.0,0.0,0.0,0.0,0.0,0.0,0.0,0.0,0.0
539.5,3.0,16.1318151822491,15.631711399859206,16.52771975857244,16.291372273629996,15.686262606498731,15.464458330514839,15.613661998486684,16.47381694381806,15.792385179128612,16.00689170006798,1.0,1.0,1.0,1.0,1.0,1.0,1.0,1.0,1.0,1.0
539.75,4.0,19.335398465688492,17.95454624162801,17.099502098211406,18.730880022262305,18.99294867614422,18.95606482108851,18.109882460977776,17.45755761793211,17.868137166385157,18.415832734824868,1.0,1.0,1.0,1.0,1.0,1.0,1.0,1.0,1.0,1.0
540.0,1.0,15.944061949983608,16.92619586702541,17.23730467281936,18.660735195209085,18.51661639321673,18.986499253632278,19.240593854999325,20.305661126802057,20.77272961217855,19.747194321084308,1.0,1.0,1.0,1.0,1.0,1.0,1.0,1.0,1.0,1.0
540.25,2.0,18.028759172350384,17.427595305728836,16.58279545090789,18.122492483412145,17.532284690114448,17.005970431727114,16.404624994695666,17.45406491032484,17.252507340471464,16.843355956179586,1.0,1.0,1.0,1.0,1.0,1.0,1.0,1.0,1.0,1.0
540.5,3.0,0.0,0.0,0.0,0.0,0.0,0.0,0.0,0.0,0.0,0.0,0.0,0.0,0.0,0.0,0.0,0.0,0.0,0.0,0.0,0.0
540.75,4.0,18.48840903096357,17.419981594865266,17.150438053639512,21.14166393085257,20.322719043338864,19.50077058290822,19.91309173859864,18.69638397821727,19.17179795205655,19.11410370229867,1.0,1.0,1.0,1.0,1.0,1.0,1.0,1.0,1.0,1.0
541.0,1.0,16.864807835084033,17.91384400795023,17.051968223351455,19.39251929608696,19.30281714255581,18.045037050413786,18.751650520148633,19.585402564629593,20.769634272188622,20.53683727574372,1.0,1.0,1.0,1.0,1.0,1.0,1.0,1.0,1.0,1.0
541.25,2.0,0.0,0.0,0.0,0.0,0.0,0.0,0.0,0.0,0.0,0.0,0.0,0.0,0.0,0.0,0.0,0.0,0.0,0.0,0.0,0.0
541.5,3.0,17.78797079593217,16.87306730585794,17.147223348048158,16.22519734842549,16.9313233421034,17.462806845540403,17.90958967360881,18.72642419549692,17.734974880368476,18.623934479112695,1.0,1.0,1.0,1.0,1.0,1.0,1.0,1.0,1.0,1.0
541.75,4.0,17.013289740759436,16.36589516076052,17.681659069096188,21.321530904844895,20.259182417937165,20.52585615132189,19.972877071776562,18.957778107714734,19.96669540028716,20.305348370607316,1.0,1.0,1.0,1.0,1.0,1.0,1.0,1.0,1.0,1.0
542.0,1.0,0.0,0.0,0.0,0.0,0.0,0.0,0.0,0.0,0.0,0.0,0.0,0.0,0.0,0.0,0.0,0.0,0.0,0.0,0.0,0.0
542.25,2.0,18.358595309733783,17.235723258683606,16.957450093040674,17.92326029258939,17.02889907945986,17.85379947829292,17.452972852191035,17.816007885570183,17.160621048912834,17.045967416590692,1.0,1.0,1.0,1.0,1.0,1.0,1.0,1.0,1.0,1.0
542.5,3.0,18.769337238235533,17.54409058788357,18.011212802165655,17.846699765983463,18.50896444877838,18.227545185182993,18.496062700584968,19.426733226507867,18.80749216357917,19.211804652535204,1.0,1.0,1.0,1.0,1.0,1.0,1.0,1.0,1.0,1.0
542.75,4.0,0.0,0.0,0.0,0.0,0.0,0.0,0.0,0.0,0.0,0.0,0.0,0.0,0.0,0.0,0.0,0.0,0.0,0.0,0.0,0.0
543.0,1.0,17.280121132276193,18.855049509911915,18.427818896798925,18.47196233905248,17.4735668520061,18.531534419981224,19.96341992158909,20.513477354537923,19.716363499479627,19.39747673057974,1.0,1.0,1.0,1.0,1.0,1.0,1.0,1.0,1.0,1.0
543.25,2.0,18.278079938714697,17.31698411983995,16.205053795874104,17.028173202861964,16.974449844134032,17.95076482199963,17.995932969569882,18.01273565673894,17.180717002719028,16.059641753495193,1.0,1.0,1.0,1.0,1.0,1.0,1.0,1.0,1.0,1.0
543.5,3.0,0.0,0.0,0.0,0.0,0.0,0.0,0.0,0.0,0.0,0.0,0.0,0.0,0.0,0.0,0.0,0.0,0.0,0.0,0.0,0.0
543.75,4.0,16.65016597456476,17.72064486144057,19.024498745146662,21.493064381092836,20.245042603795593,19.998041622766106,19.90557653860576,19.23327498521805,19.195740551780535,18.814811114661087,1.0,1.0,1.0,1.0,1.0,1.0,1.0,1.0,1.0,1.0
544.0,1.0,17.31221804907636,18.07911126451727,18.18625797044179,19.53875236587661,19.093612981272067,19.92549247381141,20.762046272982968,21.2519211011353,20.05826121473793,19.046017975408677,1.0,1.0,1.0,1.0,1.0,1.0,1.0,1.0,1.0,1.0
544.25,2.0,0.0,0.0,0.0,0.0,0.0,0.0,0.0,0.0,0.0,0.0,0.0,0.0,0.0,0.0,0.0,0.0,0.0,0.0,0.0,0.0
544.5,3.0,19.562539046047227,18.56722465078976,19.29158114550052,19.81419195523606,18.59961957081043,18.855448409255168,17.618739192905043,18.01716699159601,17.38603220397552,18.120999103323786,1.0,1.0,1.0,1.0,1.0,1.0,1.0,1.0,1.0,1.0
544.75,4.0,16.93211237216059,18.72106771009942,19.561763327326187,20.433129388348917,20.10823110007397,18.568016482896525,18.46108741203328,17.154349683549444,17.191315215115434,17.216987130916436,1.0,1.0,1.0,1.0,1.0,1.0,1.0,1.0,1.0,1.0
545.0,1.0,17.709305589925965,17.88298467659007,18.39483848686302,20.391091806682226,20.507624061710764,20.93094734310729,21.12759664449126,20.535528925420607,19.243037387393098,18.945847829364542,1.0,1.0,1.0,1.0,1.0,1.0,1.0,1.0,1.0,1.0
545.25,2.0,18.615312916229836,16.22496845676882,15.431348846759805,17.044936106773232,17.953279204387574,17.926850372269065,17.934060489807546,17.100865524699152,15.772169563513456,15.496205399909885,1.0,1.0,1.0,1.0,1.0,1.0,1.0,1.0,1.0,1.0
545.5,3.0,0.0,0.0,0.0,0.0,0.0,0.0,0.0,0.0,0.0,0.0,0.0,0.0,0.0,0.0,0.0,0.0,0.0,0.0,0.0,0.0
545.75,4.0,18.574636601266146,19.73166855549331,19.9754876107099,20.364784802842514,18.107978942106957,18.648018363017016,18.40593915245514,16.587280765180097,16.227531622635457,16.03200898654993,1.0,1.0,1.0,1.0,1.0,1.0,1.0,1.0,1.0,1.0
546.0,1.0,17.596395467905285,17.58382926363716,18.902296881473767,21.27575072847967,20.938656332416425,20.799051245798434,20.41055244192712,19.796131897335446,18.824171170686565,18.928827021757478,1.0,1.0,1.0,1.0,1.0,1.0,1.0,1.0,1.0,1.0
546.25,2.0,18.15175618895572,15.64975601322166,16.264076737613276,18.00776633058193,18.171993787832417,17.572341469856987,16.953046351885856,17.29446939273634,16.701468248233592,16.10015864676256,1.0,1.0,1.0,1.0,1.0,1.0,1.0,1.0,1.0,1.0
546.5,3.0,20.659287796400523,19.37463675176478,19.725437669200407,18.823340108601993,17.604371660705745,18.102174946659567,16.64582738472518,17.45024461676653,16.2760001431609,17.187257460355013,1.0,1.0,1.0,1.0,1.0,1.0,1.0,1.0,1.0,1.0
546.75,4.0,19.29179368118212,19.879545618030654,19.590493451111247,19.58493047024234,15.331857177874609,17.123488588834725,16.26691130667815,15.21902797973752,14.980805746660227,15.168507942757083,1.0,1.0,1.0,1.0,1.0,1.0,1.0,1.0,1.0,1.0
547.0,1.0,0.0,0.0,0.0,0.0,0.0,0.0,0.0,0.0,0.0,0.0,0.0,0.0,0.0,0.0,0.0,0.0,0.0,0.0,0.0,0.0
547.25,2.0,0.0,0.0,0.0,0.0,0.0,0.0,0.0,0.0,0.0,0.0,0.0,0.0,0.0,0.0,0.0,0.0,0.0,0.0,0.0,0.0
547.5,3.0,19.978342040698237,19.151189274894314,18.782224214424012,18.290594926484626,17.594469366318858,17.99915260635757,17.302584890018878,17.137331824408022,17.45420087352462,18.26156162417961,1.0,1.0,1.0,1.0,1.0,1.0,1.0,1.0,1.0,1.0
547.75,4.0,0.0,0.0,0.0,0.0,0.0,0.0,0.0,0.0,0.0,0.0,0.0,0.0,0.0,0.0,0.0,0.0,0.0,0.0,0.0,0.0
548.0,1.0,19.70655163015776,20.172986342674058,21.156517098010884,22.107488304144617,22.029658378781004,20.09210415248061,19.229652484687428,18.798433766270758,19.17989850807508,18.991273362108863,1.0,1.0,1.0,1.0,1.0,1.0,1.0,1.0,1.0,1.0
548.25,2.0,17.84038194791794,16.122685031175937,17.39321366810971,18.42873714722703,16.787949972963492,17.008137595394818,17.756681612747013,17.0632084621455,16.972349469778745,16.299167129035087,1.0,1.0,1.0,1.0,1.0,1.0,1.0,1.0,1.0,1.0
548.5,3.0,0.0,0.0,0.0,0.0,0.0,0.0,0.0,0.0,0.0,0.0,0.0,0.0,0.0,0.0,0.0,0.0,0.0,0.0,0.0,0.0
548.75,4.0,20.6174857676239,19.89981005288387,19.55524337523134,18.078836146375913,16.614707237972514,16.36505432563775,16.276188050599906,15.105390252668151,15.781537523685243,15.93397095390167,1.0,1.0,1.0,1.0,1.0,1.0,1.0,1.0,1.0,1.0
549.0,1.0,19.735805610785484,20.314270056128663,21.428597260598856,22.09607928828727,20.798154383191836,19.346682567246358,18.41353837025156,17.659195828722286,17.781732890367085,17.857584911938577,1.0,1.0,1.0,1.0,1.0,1.0,1.0,1.0,1.0,1.0
549.25,2.0,0.0,0.0,0.0,0.0,0.0,0.0,0.0,0.0,0.0,0.0,0.0,0.0,0.0,0.0,0.0,0.0,0.0,0.0,0.0,0.0
549.5,3.0,20.368148657297183,18.750150671312326,18.794696526190545,17.730171405872927,17.739278450642416,18.68151893808071,17.64709995364338,18.266521342551354,19.01672263387563,18.529949703729912,1.0,1.0,1.0,1.0,1.0,1.0,1.0,1.0,1.0,1.0
549.75,4.0,21.312642236688664,19.729974869174836,19.04602312556623,18.45845845125302,16.286436708273982,16.208826394682028,16.51817947220376,14.983268286959012,16.33400457166792,15.933238952435607,1.0,1.0,1.0,1.0,1.0,1.0,1.0,1.0,1.0,1.0
550.0,1.0,0.0,0.0,0.0,0.0,0.0,0.0,0.0,0.0,0.0,0.0,0.0,0.0,0.0,0.0,0.0,0.0,0.0,0.0,0.0,0.0
550.25,2.0,19.10935941817536,18.782438569582844,19.446658320604758,16.959902837639778,17.077968093641353,17.360436349297427,17.367135031613017,18.154611044836162,16.734326623598122,16.723839665674554,1.0,1.0,1.0,1.0,1.0,1.0,1.0,1.0,1.0,1.0
550.5,3.0,0.0,0.0,0.0,0.0,0.0,0.0,0.0,0.0,0.0,0.0,0.0,0.0,0.0,0.0,0.0,0.0,0.0,0.0,0.0,0.0
550.75,4.0,0.0,0.0,0.0,0.0,0.0,0.0,0.0,0.0,0.0,0.0,0.0,0.0,0.0,0.0,0.0,0.0,0.0,0.0,0.0,0.0
551.0,1.0,19.012816419329766,18.30021382850296,19.413866746697032,20.61970188325235,20.09979260322486,19.686441787119744,18.643484987136205,17.80192784768466,17.60020542244198,18.123199016828472,1.0,1.0,1.0,1.0,1.0,1.0,1.0,1.0,1.0,1.0
551.25,2.0,19.664017828423827,19.296891884590178,17.34621793384718,16.43818264248729,17.362976089002423,17.36029669231191,15.799096946010263,17.343386117155656,16.88840689417375,16.93570361052822,1.0,1.0,1.0,1.0,1.0,1.0,1.0,1.0,1.0,1.0
551.5,3.0,0.0,0.0,0.0,0.0,0.0,0.0,0.0,0.0,0.0,0.0,0.0,0.0,0.0,0.0,0.0,0.0,0.0,0.0,0.0,0.0
551.75,4.0,19.575121082802074,19.53438898849648,18.01696772420526,17.08179079414992,15.824572634588035,16.783931544155635,16.37669602416954,16.38193247788311,16.666302759602623,16.21089550643104,1.0,1.0,1.0,1.0,1.0,1.0,1.0,1.0,1.0,1.0
552.0,1.0,18.11652937406693,17.998108037275323,19.066564603515957,20.824014240438625,19.75917589621425,19.011627708655165,18.306946408323416,18.443984114462808,18.093521036982054,19.353333185436927,1.0,1.0,1.0,1.0,1.0,1.0,1.0,1.0,1.0,1.0
552.25,2.0,0.0,0.0,0.0,0.0,0.0,0.0,0.0,0.0,0.0,0.0,0.0,0.0,0.0,0.0,0.0,0.0,0.0,0.0,0.0,0.0
552.5,3.0,20.46719271187791,17.583955536522748,18.710035436507685,17.679745996527,15.605633600135324,16.097393387169223,15.572425586447123,16.402691106905696,16.48860800670605,17.147192356190033,1.0,1.0,1.0,1.0,1.0,1.0,1.0,1.0,1.0,1.0
552.75,4.0,19.917907139623903,19.791383889413357,17.996188490965064,16.587443436394153,15.558858871892811,16.96380923917791,17.038368026825427,17.148603095643097,16.927809270835294,16.13295758799608,1.0,1.0,1.0,1.0,1.0,1.0,1.0,1.0,1.0,1.0
553.0,1.0,18.3759322720961,18.44653518298158,18.46095046346464,18.659424956562404,19.056695492397505,19.603830630243856,19.048175141529835,20.213920527616644,19.738110573452243,20.31923231089913,1.0,1.0,1.0,1.0,1.0,1.0,1.0,1.0,1.0,1.0
553.25,2.0,20.609663212711958,18.911637757590682,17.167688512482083,16.50380192222117,17.839428210869286,17.40663485703001,17.361881712115,17.868009989529888,17.52431805749464,16.490221139483165,1.0,1.0,1.0,1.0,1.0,1.0,1.0,1.0,1.0,1.0
553.5,3.0,0.0,0.0,0.0,0.0,0.0,0.0,0.0,0.0,0.0,0.0,0.0,0.0,0.0,0.0,0.0,0.0,0.0,0.0,0.0,0.0
553.75,4.0,20.3551037582262,19.411185061897587,16.99994959314032,16.970938472723006,16.573112537946294,17.205328778558236,16.74819836814263,16.941370584173463,17.065814458072744,17.573491517991112,1.0,1.0,1.0,1.0,1.0,1.0,1.0,1.0,1.0,1.0
554.0,1.0,18.726836619639343,17.41192881740193,16.724573092575312,18.70741088007121,18.837814506660358,19.713150033694017,19.32625873363703,19.30668038056032,18.453224914653664,19.373835330309294,1.0,1.0,1.0,1.0,1.0,1.0,1.0,1.0,1.0,1.0
554.25,2.0,0.0,0.0,0.0,0.0,0.0,0.0,0.0,0.0,0.0,0.0,0.0,0.0,0.0,0.0,0.0,0.0,0.0,0.0,0.0,0.0
554.5,3.0,19.126605200683915,17.52851270700835,17.384732539924254,15.917754024702798,16.34765710208859,17.30542046385759,18.392627522003433,19.176925435837212,17.987232326183314,17.224959971526584,1.0,1.0,1.0,1.0,1.0,1.0,1.0,1.0,1.0,1.0
554.75,4.0,19.14452756917659,19.150472549093948,17.25577437821676,18.05895938491037,17.98249754744519,17.3202258632294,16.44448218495874,17.01708607175559,17.586045305185,17.566951551314265,1.0,1.0,1.0,1.0,1.0,1.0,1.0,1.0,1.0,1.0
555.0,1.0,0.0,0.0,0.0,0.0,0.0,0.0,0.0,0.0,0.0,0.0,0.0,0.0,0.0,0.0,0.0,0.0,0.0,0.0,0.0,0.0
555.25,2.0,0.0,0.0,0.0,0.0,0.0,0.0,0.0,0.0,0.0,0.0,0.0,0.0,0.0,0.0,0.0,0.0,0.0,0.0,0.0,0.0
555.5,3.0,18.514548611744953,17.851918553888705,17.669458986882127,16.077274337579304,16.40204080244123,17.90722841495452,17.801511105054725,18.700078679372556,17.715335960115606,16.705398402581462,1.0,1.0,1.0,1.0,1.0,1.0,1.0,1.0,1.0,1.0
555.75,4.0,0.0,0.0,0.0,0.0,0.0,0.0,0.0,0.0,0.0,0.0,0.0,0.0,0.0,0.0,0.0,0.0,0.0,0.0,0.0,0.0
556.0,1.0,16.885043520643748,17.87589173306461,17.265621588468612,18.435863761309097,19.720707667094384,18.9911587534708,18.176612969849845,17.78433047959738,17.89892612236953,18.66569063982774,1.0,1.0,1.0,1.0,1.0,1.0,1.0,1.0,1.0,1.0
556.25,2.0,18.594033214637715,17.541035429767188,17.043462192964284,16.87646639428169,17.41434381960265,17.127988690587884,16.64956578789879,16.53939584960549,16.15915071256079,16.316214421420042,1.0,1.0,1.0,1.0,1.0,1.0,1.0,1.0,1.0,1.0
556.5,3.0,0.0,0.0,0.0,0.0,0.0,0.0,0.0,0.0,0.0,0.0,0.0,0.0,0.0,0.0,0.0,0.0,0.0,0.0,0.0,0.0
556.75,4.0,19.50651395217042,19.50389809603866,17.876055140893904,16.766235802294545,17.83465882436343,17.271427763869156,16.704616481059833,17.08200500457919,18.36911757760361,17.614137686737177,1.0,1.0,1.0,1.0,1.0,1.0,1.0,1.0,1.0,1.0
557.0,1.0,17.544987997360334,17.87178712777392,17.09549697148331,17.819131187350308,18.549006654563726,17.91650784593125,16.85964772945049,17.011504915701817,16.50070510620224,17.53549278970836,1.0,1.0,1.0,1.0,1.0,1.0,1.0,1.0,1.0,1.0
557.25,2.0,0.0,0.0,0.0,0.0,0.0,0.0,0.0,0.0,0.0,0.0,0.0,0.0,0.0,0.0,0.0,0.0,0.0,0.0,0.0,0.0
557.5,3.0,18.242220720257954,16.932605264818907,15.83469489471129,13.809979807966068,16.2842336668032,17.10444902267889,17.194644885681022,17.029754761917218,16.10143440734867,15.160232624324413,1.0,1.0,1.0,1.0,1.0,1.0,1.0,1.0,1.0,1.0
557.75,4.0,19.114183649082026,19.466259890711587,17.63935454257394,17.267770359804118,17.675473008147137,17.165914958639867,17.363466115413576,18.583382197702722,18.403653728015982,17.30854118850853,1.0,1.0,1.0,1.0,1.0,1.0,1.0,1.0,1.0,1.0
558.0,1.0,0.0,0.0,0.0,0.0,0.0,0.0,0.0,0.0,0.0,0.0,0.0,0.0,0.0,0.0,0.0,0.0,0.0,0.0,0.0,0.0
558.25,2.0,17.600707361856855,18.14362726501975,17.96887165803415,17.375446308943218,17.42359165248772,17.20699972995275,17.441616232523412,17.416045803100346,17.25459334420027,17.061402002230803,1.0,1.0,1.0,1.0,1.0,1.0,1.0,1.0,1.0,1.0
558.5,3.0,0.0,0.0,0.0,0.0,0.0,0.0,0.0,0.0,0.0,0.0,0.0,0.0,0.0,0.0,0.0,0.0,0.0,0.0,0.0,0.0
558.75,4.0,0.0,0.0,0.0,0.0,0.0,0.0,0.0,0.0,0.0,0.0,0.0,0.0,0.0,0.0,0.0,0.0,0.0,0.0,0.0,0.0
559.0,1.0,17.656267806242315,17.267861754771417,16.89569470532254,18.546792072670602,19.08525764154676,17.948067769844627,17.872074195585753,18.193079499656076,18.256875338695366,18.776802386589697,1.0,1.0,1.0,1.0,1.0,1.0,1.0,1.0,1.0,1.0
559.25,2.0,17.11562124160897,18.530340576358398,18.38346529529319,17.628726365848195,17.304403547663828,17.459939174098228,18.45928108471876,19.24802391052123,18.5356701828781,18.04861927154563,1.0,1.0,1.0,1.0,1.0,1.0,1.0,1.0,1.0,1.0
559.5,3.0,0.0,0.0,0.0,0.0,0.0,0.0,0.0,0.0,0.0,0.0,0.0,0.0,0.0,0.0,0.0,0.0,0.0,0.0,0.0,0.0
559.75,4.0,19.514495803530387,18.225224911809622,16.545606079379386,17.293764127898072,17.780653840359715,17.89169335482802,18.361585973919727,18.266038440165094,17.019676689159972,16.610844836814746,1.0,1.0,1.0,1.0,1.0,1.0,1.0,1.0,1.0,1.0
560.0,1.0,17.179051865048713,16.99947924300194,17.62909621558297,18.121241645094074,17.19772242543896,16.165442250711873,16.416953585811292,16.961384840535253,16.38672908190382,17.433391765834923,1.0,1.0,1.0,1.0,1.0,1.0,1.0,1.0,1.0,1.0
560.25,2.0,0.0,0.0,0.0,0.0,0.0,0.0,0.0,0.0,0.0,0.0,0.0,0.0,0.0,0.0,0.0,0.0,0.0,0.0,0.0,0.0
560.5,3.0,20.300602196749843,19.600435025675303,18.398557669260725,17.3875689726018,19.130991317839868,18.687624455769665,16.988314248768635,16.43817164224784,15.909323238544806,15.29462247528773,1.0,1.0,1.0,1.0,1.0,1.0,1.0,1.0,1.0,1.0
560.75,4.0,18.63767517300233,18.277080100525,17.833910031501386,18.35949986497066,18.70850576533924,19.133479813658134,18.290611792643166,18.232844346210733,17.62806651400225,16.51886597669859,1.0,1.0,1.0,1.0,1.0,1.0,1.0,1.0,1.0,1.0
561.0,1.0,16.54599596414111,16.6210637366235,17.548139779312933,16.714228801689607,16.3937148720751,16.361943670182125,16.08152880863548,16.94709879971963,16.186425799576885,16.57986045399832,1.0,1.0,1.0,1.0,1.0,1.0,1.0,1.0,1.0,1.0
561.25,2.0,18.096162808406568,19.710181797768378,19.157428972184547,19.040370624417665,18.49505614117022,18.251826884933728,17.6289698288896,18.123198758287106,17.71928059342997,17.492709422854073,1.0,1.0,1.0,1.0,1.0,1.0,1.0,1.0,1.0,1.0
561.5,3.0,0.0,0.0,0.0,0.0,0.0,0.0,0.0,0.0,0.0,0.0,0.0,0.0,0.0,0.0,0.0,0.0,0.0,0.0,0.0,0.0
561.75,4.0,17.86695127070324,17.754474024202878,17.64826603227219,18.14227390299919,19.338142931121478,18.810759226529342,18.01350540371514,18.092769101254405,17.099462189904504,16.50243509166677,1.0,1.0,1.0,1.0,1.0,1.0,1.0,1.0,1.0,1.0
562.0,1.0,18.964625043823332,18.356625853329408,17.140661942555383,16.58307285961393,15.883776237813954,15.843778380111752,14.922891324820245,16.03832120567479,15.304434459355335,15.48969783478047,1.0,1.0,1.0,1.0,1.0,1.0,1.0,1.0,1.0,1.0
562.25,2.0,0.0,0.0,0.0,0.0,0.0,0.0,0.0,0.0,0.0,0.0,0.0,0.0,0.0,0.0,0.0,0.0,0.0,0.0,0.0,0.0
562.5,3.0,20.41640712268203,19.465694896464292,18.485342647604508,17.330678406521017,17.236547907914954,17.778475394959557,16.755547893283033,16.56418746787285,16.353083452241112,15.423328138394725,1.0,1.0,1.0,1.0,1.0,1.0,1.0,1.0,1.0,1.0
562.75,4.0,17.9333172455974,17.06224349565943,16.61727418200456,18.08040057530061,17.8526916377405,17.827517025679914,17.29262057746877,16.809657023003997,16.539341501862957,16.101515579770627,1.0,1.0,1.0,1.0,1.0,1.0,1.0,1.0,1.0,1.0
563.0,1.0,0.0,0.0,0.0,0.0,0.0,0.0,0.0,0.0,0.0,0.0,0.0,0.0,0.0,0.0,0.0,0.0,0.0,0.0,0.0,0.0
563.25,2.0,0.0,0.0,0.0,0.0,0.0,0.0,0.0,0.0,0.0,0.0,0.0,0.0,0.0,0.0,0.0,0.0,0.0,0.0,0.0,0.0
563.5,3.0,19.860451724133586,19.264713177086673,18.983901954714604,18.873945386505913,17.604910543950783,17.476513163689688,16.471395306340536,15.62020173484904,15.803770553006023,15.355394511499904,1.0,1.0,1.0,1.0,1.0,1.0,1.0,1.0,1.0,1.0
563.75,4.0,0.0,0.0,0.0,0.0,0.0,0.0,0.0,0.0,0.0,0.0,0.0,0.0,0.0,0.0,0.0,0.0,0.0,0.0,0.0,0.0
564.0,1.0,19.147902248982444,17.31775738778086,16.378756978919004,16.479729636498817,15.90797688055381,15.839624751415483,15.774043080673271,16.949824679747753,16.183960051710574,17.045197106901583,1.0,1.0,1.0,1.0,1.0,1.0,1.0,1.0,1.0,1.0
564.25,2.0,19.381036052281026,21.275522803979463,20.455721726231186,20.229030051274343,19.310562961998194,19.73801450366551,18.987918922932728,18.45244904646155,18.330992144739657,18.44358938015545,1.0,1.0,1.0,1.0,1.0,1.0,1.0,1.0,1.0,1.0
564.5,3.0,0.0,0.0,0.0,0.0,0.0,0.0,0.0,0.0,0.0,0.0,0.0,0.0,0.0,0.0,0.0,0.0,0.0,0.0,0.0,0.0
564.75,4.0,17.88877318474517,16.944192245432948,17.08715336039072,16.787161459125986,16.032740318534593,16.241490380584292,14.967143971763043,16.03058073675903,16.066016553306834,16.521885269719142,1.0,1.0,1.0,1.0,1.0,1.0,1.0,1.0,1.0,1.0
565.0,1.0,18.465514575029196,16.258045452529156,16.18285443392423,16.931120622680027,16.95642172685971,16.55845248019504,15.938141900048647,16.782135386739977,16.07588515481394,17.474793716124882,1.0,1.0,1.0,1.0,1.0,1.0,1.0,1.0,1.0,1.0
565.25,2.0,0.0,0.0,0.0,0.0,0.0,0.0,0.0,0.0,0.0,0.0,0.0,0.0,0.0,0.0,0.0,0.0,0.0,0.0,0.0,0.0
565.5,3.0,19.735117361868582,20.15148434242495,18.842740114427958,17.846723288145842,15.572055258427914,16.46300994158761,15.768563738254308,15.57763320652884,14.646574881327327,14.57203259458428,1.0,1.0,1.0,1.0,1.0,1.0,1.0,1.0,1.0,1.0
565.75,4.0,18.12080802709959,16.87687024689788,16.383950977173267,15.670929425246218,16.461204930224955,16.707787640881428,17.050678928158916,17.822595614803625,17.601338452957023,17.91137428432054,1.0,1.0,1.0,1.0,1.0,1.0,1.0,1.0,1.0,1.0
566.0,1.0,0.0,0.0,0.0,0.0,0.0,0.0,0.0,0.0,0.0,0.0,0.0,0.0,0.0,0.0,0.0,0.0,0.0,0.0,0.0,0.0
566.25,2.0,17.762761453488604,18.622579735446312,17.701057530815554,19.285537524294572,20.103527229354267,20.08372268463309,19.470665805439992,19.261735663056225,18.973128007351836,17.894300554504465,1.0,1.0,1.0,1.0,1.0,1.0,1.0,1.0,1.0,1.0
566.5,3.0,0.0,0.0,0.0,0.0,0.0,0.0,0.0,0.0,0.0,0.0,0.0,0.0,0.0,0.0,0.0,0.0,0.0,0.0,0.0,0.0
566.75,4.0,0.0,0.0,0.0,0.0,0.0,0.0,0.0,0.0,0.0,0.0,0.0,0.0,0.0,0.0,0.0,0.0,0.0,0.0,0.0,0.0
567.0,1.0,16.505048307083413,16.588761673039908,17.620303488840996,18.533076903036758,18.485406594706365,17.377053505707256,16.872100950161176,17.046897530402077,15.738985064619929,16.832983836215348,1.0,1.0,1.0,1.0,1.0,1.0,1.0,1.0,1.0,1.0
567.25,2.0,16.034081854500982,16.498088316474202,16.835363481394733,18.827445590968544,20.05966506064978,20.411073148317836,19.616930942230674,19.03527341916143,18.34766738071894,18.068814329921643,1.0,1.0,1.0,1.0,1.0,1.0,1.0,1.0,1.0,1.0
567.5,3.0,18.72913294271981,18.85759054610551,18.853561772859546,18.300332382806587,17.140276937497234,16.564007516607965,16.62230737457047,14.986365078107042,14.713271852848836,13.873671517498975,1.0,1.0,1.0,1.0,1.0,1.0,1.0,1.0,1.0,1.0
567.75,4.0,18.718547205691063,16.842411940818405,15.924131014446704,16.939686748000046,16.734378013258446,16.58677514403213,16.566507406658467,17.30400243981034,16.810259638174976,17.022417097597163,1.0,1.0,1.0,1.0,1.0,1.0,1.0,1.0,1.0,1.0
568.0,1.0,17.224643901327934,17.981142371777576,19.033312224934278,19.671735048690646,18.639559368744493,17.65053254965929,18.075389684022866,17.501209496789514,17.46467464979472,17.975025097998945,1.0,1.0,1.0,1.0,1.0,1.0,1.0,1.0,1.0,1.0
568.25,2.0,0.0,0.0,0.0,0.0,0.0,0.0,0.0,0.0,0.0,0.0,0.0,0.0,0.0,0.0,0.0,0.0,0.0,0.0,0.0,0.0
568.5,3.0,18.2421413064448,19.223809039333897,19.342229693362814,18.34814807403846,17.738086310703036,17.444607241793964,17.072092899999394,14.92651174895388,14.44353413554627,13.045071486957514,1.0,1.0,1.0,1.0,1.0,1.0,1.0,1.0,1.0,1.0
568.75,4.0,18.145403729169878,16.193730657848768,17.105770928448052,17.726718504369934,15.835593955676115,15.748922397955285,16.43706180577348,17.326149314909976,16.849271749777536,17.76753362518256,1.0,1.0,1.0,1.0,1.0,1.0,1.0,1.0,1.0,1.0
569.0,1.0,18.245379373674332,19.463106457286187,19.735103260458498,19.873773054922783,18.81765787683507,18.020602991502756,19.094982625334797,18.92114835633816,18.65146930598562,19.36437853113766,1.0,1.0,1.0,1.0,1.0,1.0,1.0,1.0,1.0,1.0
569.25,2.0,16.12802810035082,16.27605788125955,17.782507978132653,20.2901466062813,19.882841018092776,19.497433791668595,19.116048064973395,18.572010126740278,17.641221546251117,17.97309510385229,1.0,1.0,1.0,1.0,1.0,1.0,1.0,1.0,1.0,1.0
569.5,3.0,0.0,0.0,0.0,0.0,0.0,0.0,0.0,0.0,0.0,0.0,0.0,0.0,0.0,0.0,0.0,0.0,0.0,0.0,0.0,0.0
569.75,4.0,18.361382875295064,16.211194890940412,17.90445780873175,17.49564631435372,14.921230997436089,15.001357503854315,16.07624074571477,16.964763204217462,17.08941644460977,18.082048302563376,1.0,1.0,1.0,1.0,1.0,1.0,1.0,1.0,1.0,1.0
570.0,1.0,18.47268520122686,19.09935824808186,18.851567932122908,19.10201895559531,19.016317776314736,18.226894544194806,18.963671603228875,19.28153195566392,20.14071003906028,20.66596876280864,1.0,1.0,1.0,1.0,1.0,1.0,1.0,1.0,1.0,1.0
570.25,2.0,0.0,0.0,0.0,0.0,0.0,0.0,0.0,0.0,0.0,0.0,0.0,0.0,0.0,0.0,0.0,0.0,0.0,0.0,0.0,0.0
570.5,3.0,17.435084122516397,16.675246589520274,16.682132917414403,16.50911153515281,15.664259746480962,15.969647109232486,15.307325841586088,15.032302883611877,14.04143387757649,14.013939292238033,1.0,1.0,1.0,1.0,1.0,1.0,1.0,1.0,1.0,1.0
570.75,4.0,18.65606225535687,16.207251176794163,17.114935547615996,16.285047108132975,15.727019217921715,15.36314684833168,16.470652589688378,17.128993696041416,17.12847071852735,17.83175117832172,1.0,1.0,1.0,1.0,1.0,1.0,1.0,1.0,1.0,1.0
571.0,1.0,0.0,0.0,0.0,0.0,0.0,0.0,0.0,0.0,0.0,0.0,0.0,0.0,0.0,0.0,0.0,0.0,0.0,0.0,0.0,0.0
571.25,2.0,16.94118972267462,17.67751442434086,18.79692705472428,20.891553565272112,19.522798958004387,18.373857576650092,17.472949005901917,17.74333826970775,17.199956017471028,17.700797313518656,1.0,1.0,1.0,1.0,1.0,1.0,1.0,1.0,1.0,1.0
571.5,3.0,16.89092793449934,17.024546920742228,16.318320978161346,15.227506518330067,15.27175823001412,15.401334359239696,14.511592544004937,14.34760247845933,13.553037708721833,12.928622989004765,1.0,1.0,1.0,1.0,1.0,1.0,1.0,1.0,1.0,1.0
571.75,4.0,0.0,0.0,0.0,0.0,0.0,0.0,0.0,0.0,0.0,0.0,0.0,0.0,0.0,0.0,0.0,0.0,0.0,0.0,0.0,0.0
572.0,1.0,19.15848337448803,19.001474998604376,19.18912841674119,19.308327603592794,17.566937695040433,18.08574656852397,19.40032548900403,20.178323745646217,19.544775982747193,19.97734089947196,1.0,1.0,1.0,1.0,1.0,1.0,1.0,1.0,1.0,1.0
572.25,2.0,19.502410457392656,20.08030061100017,20.064361259576273,20.747238192283053,20.26837326714673,18.33414266503893,18.768515459692235,18.885825779016507,18.776600531257085,17.616366656398835,1.0,1.0,1.0,1.0,1.0,1.0,1.0,1.0,1.0,1.0
572.5,3.0,0.0,0.0,0.0,0.0,0.0,0.0,0.0,0.0,0.0,0.0,0.0,0.0,0.0,0.0,0.0,0.0,0.0,0.0,0.0,0.0
572.75,4.0,16.756607747200515,14.820233079703863,15.392916989241083,15.016409591383237,16.61016660775755,17.321967127630664,17.61883870227677,17.500115039296848,16.70222907310258,16.849998691711555,1.0,1.0,1.0,1.0,1.0,1.0,1.0,1.0,1.0,1.0
573.0,1.0,20.729411511192836,19.166413341229312,18.128446616681472,18.054892004181568,17.298361945770182,17.563978904839537,18.8719618941994,18.88851816419623,18.720074444021442,18.43195554069075,1.0,1.0,1.0,1.0,1.0,1.0,1.0,1.0,1.0,1.0
573.25,2.0,0.0,0.0,0.0,0.0,0.0,0.0,0.0,0.0,0.0,0.0,0.0,0.0,0.0,0.0,0.0,0.0,0.0,0.0,0.0,0.0
573.5,3.0,16.560390005737652,16.499217121232565,16.698018918781255,15.675671734023425,13.634254454612565,13.031823099926518,11.804738470789761,12.012859626080475,12.254125548875693,12.627026054490635,1.0,1.0,1.0,1.0,1.0,1.0,1.0,1.0,1.0,1.0
573.75,4.0,15.769881911233869,13.207126007245254,15.664274405599802,15.705524254206818,16.732710098253694,17.73744327468854,17.591202051779582,17.431508367624204,16.19400296895954,15.739708334534889,1.0,1.0,1.0,1.0,1.0,1.0,1.0,1.0,1.0,1.0
574.0,1.0,19.91502790498618,17.8158042154931,17.963577540482852,18.228391747696868,17.809891916059296,17.88785704508929,18.515162670022058,18.015821396166306,18.478626912481317,18.800189216015312,1.0,1.0,1.0,1.0,1.0,1.0,1.0,1.0,1.0,1.0
574.25,2.0,18.43773666227706,18.522666171430068,19.431406130035274,20.776422751169385,19.850966740741914,17.9738612559725,17.57380371359515,16.62408904500079,14.677599389796498,15.94386837063589,1.0,1.0,1.0,1.0,1.0,1.0,1.0,1.0,1.0,1.0
574.5,3.0,0.0,0.0,0.0,0.0,0.0,0.0,0.0,0.0,0.0,0.0,0.0,0.0,0.0,0.0,0.0,0.0,0.0,0.0,0.0,0.0
574.75,4.0,0.0,0.0,0.0,0.0,0.0,0.0,0.0,0.0,0.0,0.0,0.0,0.0,0.0,0.0,0.0,0.0,0.0,0.0,0.0,0.0
575.0,1.0,19.41546025229503,17.84668968359101,18.79633763533908,18.332056697891478,16.889188603139747,17.17045372524851,17.75954839899265,18.01412677910469,18.919374987122733,18.69066932259291,1.0,1.0,1.0,1.0,1.0,1.0,1.0,1.0,1.0,1.0
575.25,2.0,18.895443450422608,20.079901762177418,20.19408248110401,21.258907991877255,20.077809450163016,18.04858568834556,17.14287671761309,16.635601562897854,14.02315264432526,15.039700932209463,1.0,1.0,1.0,1.0,1.0,1.0,1.0,1.0,1.0,1.0
575.5,3.0,15.059849693298624,14.347056930696905,13.569827746015132,11.39060077481246,11.911040190100051,11.544179335399264,11.36183582116318,11.867618155858876,12.399392444823231,13.958009140630233,1.0,1.0,1.0,1.0,1.0,1.0,1.0,1.0,1.0,1.0
575.75,4.0,16.261539603262857,16.111894980570458,18.56246952282259,18.306625516254833,17.14363565029435,16.861801306444974,16.885052246702838,15.687441155825248,15.644145906109296,16.052092913784367,1.0,1.0,1.0,1.0,1.0,1.0,1.0,1.0,1.0,1.0
576.0,1.0,19.407846495225844,18.65547118287002,19.48817809053142,18.074547256385525,17.046745631186283,18.197007766271682,19.565138559990892,19.384235806296214,19.010768968297718,18.291004096645896,1.0,1.0,1.0,1.0,1.0,1.0,1.0,1.0,1.0,1.0
576.25,2.0,0.0,0.0,0.0,0.0,0.0,0.0,0.0,0.0,0.0,0.0,0.0,0.0,0.0,0.0,0.0,0.0,0.0,0.0,0.0,0.0
576.5,3.0,15.045766294808034,14.750341371158164,13.87383877825249,11.646054120185743,12.203022961973636,11.34033053675927,11.355723135474566,11.807810027512875,12.903009249870045,14.60422040460873,1.0,1.0,1.0,1.0,1.0,1.0,1.0,1.0,1.0,1.0
576.75,4.0,17.108726356973726,16.580227637983334,18.826023356552554,17.366530549871854,16.56922199664497,16.04423364122008,16.146879152788678,16.333907748253697,16.369795669616096,16.087357694759035,1.0,1.0,1.0,1.0,1.0,1.0,1.0,1.0,1.0,1.0
577.0,1.0,20.053098648701674,19.50344463078735,19.02541827950969,18.703850483226628,17.36520216391717,18.54140600911613,20.146861206637844,19.711693485745112,18.347821164160123,18.513854040085295,1.0,1.0,1.0,1.0,1.0,1.0,1.0,1.0,1.0,1.0
577.25,2.0,20.728228908234044,21.237547141734257,19.41862596088492,20.738054576413788,18.868975943875995,17.109560652626726,16.895730020449538,16.807055312393537,15.806873443841354,16.419864643938546,1.0,1.0,1.0,1.0,1.0,1.0,1.0,1.0,1.0,1.0
577.5,3.0,0.0,0.0,0.0,0.0,0.0,0.0,0.0,0.0,0.0,0.0,0.0,0.0,0.0,0.0,0.0,0.0,0.0,0.0,0.0,0.0
577.75,4.0,18.14756854553434,17.448994567780005,17.987863839976747,16.36794922516736,16.45017972649499,15.64861209669877,16.899275584389887,16.202806583612627,15.989191477255487,16.09659828616292,1.0,1.0,1.0,1.0,1.0,1.0,1.0,1.0,1.0,1.0
578.0,1.0,20.5093899423436,19.052075129172554,18.628800404558444,17.177548485975674,17.67679334997324,18.537696351206936,19.421461893630294,19.34380171244337,17.462616447834808,18.097803223444178,1.0,1.0,1.0,1.0,1.0,1.0,1.0,1.0,1.0,1.0
578.25,2.0,0.0,0.0,0.0,0.0,0.0,0.0,0.0,0.0,0.0,0.0,0.0,0.0,0.0,0.0,0.0,0.0,0.0,0.0,0.0,0.0
578.5,3.0,16.290221444600228,14.751013711752938,12.778584330907146,13.5428990879321,13.444065478265445,13.169030304410423,13.690739596880906,13.720681979118027,14.018207303871497,14.739824108615965,1.0,1.0,1.0,1.0,1.0,1.0,1.0,1.0,1.0,1.0
578.75,4.0,19.213586759433234,17.779890510184227,18.040718512535577,16.71891050870312,17.091490865568943,15.752029185916356,16.601348734640393,15.345928795340132,16.510816700903455,15.883447581031708,1.0,1.0,1.0,1.0,1.0,1.0,1.0,1.0,1.0,1.0
579.0,1.0,0.0,0.0,0.0,0.0,0.0,0.0,0.0,0.0,0.0,0.0,0.0,0.0,0.0,0.0,0.0,0.0,0.0,0.0,0.0,0.0
579.25,2.0,19.583261563181757,17.8180342228874,17.964141711799215,20.340448735200038,17.512210768333738,17.252200920606874,17.16739871729812,18.210690866314213,17.57584850756096,17.14970530781898,1.0,1.0,1.0,1.0,1.0,1.0,1.0,1.0,1.0,1.0
579.5,3.0,16.754287706185526,15.138171618504767,13.802627086269132,13.248100064012503,14.939488992426297,14.03374036419776,14.296144989955106,14.932400599720454,15.655562453278987,15.079553066660425,1.0,1.0,1.0,1.0,1.0,1.0,1.0,1.0,1.0,1.0
579.75,4.0,0.0,0.0,0.0,0.0,0.0,0.0,0.0,0.0,0.0,0.0,0.0,0.0,0.0,0.0,0.0,0.0,0.0,0.0,0.0,0.0
580.0,1.0,19.054566294275375,17.820870873877393,17.903379295767976,18.47338884708926,18.650752609946018,19.817032619160166,19.315294631700848,18.90329578927396,18.971111181970365,19.601565910322506,1.0,1.0,1.0,1.0,1.0,1.0,1.0,1.0,1.0,1.0
580.25,2.0,18.67413839836698,16.186177788890376,17.57257597333586,20.512140200393347,18.105827673345626,17.928453171720985,17.848136831217992,17.553448339707955,16.91970779544371,16.266562105167086,1.0,1.0,1.0,1.0,1.0,1.0,1.0,1.0,1.0,1.0
580.5,3.0,0.0,0.0,0.0,0.0,0.0,0.0,0.0,0.0,0.0,0.0,0.0,0.0,0.0,0.0,0.0,0.0,0.0,0.0,0.0,0.0
580.75,4.0,19.04053449300409,16.511310845138034,16.833153999090783,17.341327146235454,16.697038258878564,15.308356119943225,15.060018345710745,15.083532968377105,15.337255093660035,15.5206669659695,1.0,1.0,1.0,1.0,1.0,1.0,1.0,1.0,1.0,1.0
581.0,1.0,18.520032167439624,17.270347260795155,17.764508454415555,18.378744480029628,19.018156858179303,18.517485006331047,18.520387315009035,17.701845753450293,18.119690966049642,18.542179237408263,1.0,1.0,1.0,1.0,1.0,1.0,1.0,1.0,1.0,1.0
581.25,2.0,0.0,0.0,0.0,0.0,0.0,0.0,0.0,0.0,0.0,0.0,0.0,0.0,0.0,0.0,0.0,0.0,0.0,0.0,0.0,0.0
581.5,3.0,16.165981757838622,15.427779761582395,14.499650690745751,15.642351679147083,16.813979530830945,16.681360953113668,17.603235678440953,16.806977244934743,16.65864299230537,16.90372799139879,1.0,1.0,1.0,1.0,1.0,1.0,1.0,1.0,1.0,1.0
581.75,4.0,18.9893705912676,16.42548351968818,17.426892383363604,17.472626961554482,16.24851741678295,15.006064213921356,16.259867430708475,16.07320932606459,16.556405624339725,17.20076290900066,1.0,1.0,1.0,1.0,1.0,1.0,1.0,1.0,1.0,1.0
582.0,1.0,19.15207035658358,17.55110501525894,17.91623176291053,17.772030116845634,19.01777987214363,19.141042135861845,19.307382785286716,19.308041262297575,18.627265800959513,18.899545143906586,1.0,1.0,1.0,1.0,1.0,1.0,1.0,1.0,1.0,1.0
582.25,2.0,16.748209225768786,17.83057258523727,18.235206393399803,18.670762271782113,18.436947061584448,18.139510524401103,18.37572138463659,18.116711617385665,17.869725207264587,17.108171218705955,1.0,1.0,1.0,1.0,1.0,1.0,1.0,1.0,1.0,1.0
582.5,3.0,0.0,0.0,0.0,0.0,0.0,0.0,0.0,0.0,0.0,0.0,0.0,0.0,0.0,0.0,0.0,0.0,0.0,0.0,0.0,0.0
582.75,4.0,19.481573315631582,18.133727489964652,18.41172572366281,18.131295655206372,16.115322090665288,14.150699840066295,15.640728982421477,16.057084208764465,16.274180414335646,16.538218241344936,1.0,1.0,1.0,1.0,1.0,1.0,1.0,1.0,1.0,1.0
583.0,1.0,17.87972521443834,17.557869596377586,18.26424061534195,18.38345263030717,19.306776285826647,18.7001552212016,19.729985373246862,18.8704820408753,18.27375837983395,18.47239035470954,1.0,1.0,1.0,1.0,1.0,1.0,1.0,1.0,1.0,1.0
583.25,2.0,16.792107331096492,17.732978858961243,17.32981907349126,18.268701269961532,18.238991807656447,17.662398169429125,18.12926945771604,17.967331236490057,17.617789400294793,17.36745453728768,1.0,1.0,1.0,1.0,1.0,1.0,1.0,1.0,1.0,1.0
583.5,3.0,14.868162600790741,14.147417306776477,16.169346553500596,15.660146145498258,16.628365061177522,16.28124304237126,17.732770506662686,18.3699192397685,17.940719129339758,18.35140463520088,1.0,1.0,1.0,1.0,1.0,1.0,1.0,1.0,1.0,1.0
583.75,4.0,20.085448247699745,19.200196342962837,18.675932086381305,17.400222457307954,15.103110738777445,15.134198791753754,16.127422407864312,16.52979031983039,16.490261437852805,16.43014485574823,1.0,1.0,1.0,1.0,1.0,1.0,1.0,1.0,1.0,1.0
584.0,1.0,0.0,0.0,0.0,0.0,0.0,0.0,0.0,0.0,0.0,0.0,0.0,0.0,0.0,0.0,0.0,0.0,0.0,0.0,0.0,0.0
584.25,2.0,0.0,0.0,0.0,0.0,0.0,0.0,0.0,0.0,0.0,0.0,0.0,0.0,0.0,0.0,0.0,0.0,0.0,0.0,0.0,0.0
584.5,3.0,16.20333409714923,15.716263024766963,16.58290007106826,17.611033952920494,19.00483515972608,17.6973863901434,17.95592122327802,18.092793522891025,17.990779419343966,18.546239892915686,1.0,1.0,1.0,1.0,1.0,1.0,1.0,1.0,1.0,1.0
584.75,4.0,0.0,0.0,0.0,0.0,0.0,0.0,0.0,0.0,0.0,0.0,0.0,0.0,0.0,0.0,0.0,0.0,0.0,0.0,0.0,0.0
585.0,1.0,18.059006488414774,17.451696390065905,19.953290214375198,19.321669846687314,17.98953263639785,18.029635032790186,19.188426294833825,19.172230635966258,19.40689168214522,19.25240157802425,1.0,1.0,1.0,1.0,1.0,1.0,1.0,1.0,1.0,1.0
585.25,2.0,17.107018858659462,17.822996036611013,17.302879176732795,18.034608885006563,18.126694154123882,16.71278140563366,17.38948756686359,17.610920557314287,18.259229924324973,18.14736546016714,1.0,1.0,1.0,1.0,1.0,1.0,1.0,1.0,1.0,1.0
585.5,3.0,0.0,0.0,0.0,0.0,0.0,0.0,0.0,0.0,0.0,0.0,0.0,0.0,0.0,0.0,0.0,0.0,0.0,0.0,0.0,0.0
585.75,4.0,20.132331985280317,17.097337839895033,16.426867603131715,17.58809971084606,17.04444516390744,15.861982167603362,17.785276327004475,17.349731480629874,18.291701559912866,18.072730054279532,1.0,1.0,1.0,1.0,1.0,1.0,1.0,1.0,1.0,1.0
586.0,1.0,18.941988769937083,18.137310057711534,19.84885837719593,19.557939421344038,18.905595998364785,19.175415856985758,20.135088224708266,18.946461315047003,18.960339833577255,18.298346394454562,1.0,1.0,1.0,1.0,1.0,1.0,1.0,1.0,1.0,1.0
586.25,2.0,0.0,0.0,0.0,0.0,0.0,0.0,0.0,0.0,0.0,0.0,0.0,0.0,0.0,0.0,0.0,0.0,0.0,0.0,0.0,0.0
586.5,3.0,18.10420773107391,19.01867271958422,18.81558473836655,17.4838432201915,18.77541809289555,16.24062343315318,16.578214305648604,15.882598020542519,15.962788609328607,16.3321149530717,1.0,1.0,1.0,1.0,1.0,1.0,1.0,1.0,1.0,1.0
586.75,4.0,19.764221197653594,17.113044152283873,17.356820646803726,18.355729048937672,16.521704093408243,16.400533196056884,17.227162729576524,17.54378509947621,18.475898296827953,18.04227521272083,1.0,1.0,1.0,1.0,1.0,1.0,1.0,1.0,1.0,1.0
587.0,1.0,0.0,0.0,0.0,0.0,0.0,0.0,0.0,0.0,0.0,0.0,0.0,0.0,0.0,0.0,0.0,0.0,0.0,0.0,0.0,0.0
587.25,2.0,15.831197956793876,17.151405051574766,18.04542520911161,19.427166983300385,17.81398502517316,16.49242895193539,17.66760558906143,16.598294660739366,16.824193026431765,16.440190119565187,1.0,1.0,1.0,1.0,1.0,1.0,1.0,1.0,1.0,1.0
587.5,3.0,0.0,0.0,0.0,0.0,0.0,0.0,0.0,0.0,0.0,0.0,0.0,0.0,0.0,0.0,0.0,0.0,0.0,0.0,0.0,0.0
587.75,4.0,0.0,0.0,0.0,0.0,0.0,0.0,0.0,0.0,0.0,0.0,0.0,0.0,0.0,0.0,0.0,0.0,0.0,0.0,0.0,0.0
588.0,1.0,20.402132865761896,18.82524049695982,19.59849287288114,20.21703645255455,20.61367388462675,20.141179937232838,19.901850773822346,19.959647473560413,19.794677556617913,19.467199079595986,1.0,1.0,1.0,1.0,1.0,1.0,1.0,1.0,1.0,1.0
588.25,2.0,17.134732780719947,17.797741353050377,18.753570109178224,18.88438054483535,17.528362781350538,16.50343166420129,17.131181773579595,16.017062714246148,17.196042583952586,16.989625693878303,1.0,1.0,1.0,1.0,1.0,1.0,1.0,1.0,1.0,1.0
588.5,3.0,0.0,0.0,0.0,0.0,0.0,0.0,0.0,0.0,0.0,0.0,0.0,0.0,0.0,0.0,0.0,0.0,0.0,0.0,0.0,0.0
588.75,4.0,18.36197164435795,17.767171953047267,19.082680048305825,18.09113987087988,15.730811216999273,17.13082773489502,17.382836296293412,17.540130773185673,17.758332377450554,17.13197759030859,1.0,1.0,1.0,1.0,1.0,1.0,1.0,1.0,1.0,1.0
589.0,1.0,20.831216329479798,18.734528772636484,18.97631842433191,20.00441548555701,20.21285220294016,20.10586286809362,19.93140843383537,20.117211086933043,19.7604404835435,19.55296219050369,1.0,1.0,1.0,1.0,1.0,1.0,1.0,1.0,1.0,1.0
589.25,2.0,0.0,0.0,0.0,0.0,0.0,0.0,0.0,0.0,0.0,0.0,0.0,0.0,0.0,0.0,0.0,0.0,0.0,0.0,0.0,0.0
589.5,3.0,19.78571953612641,22.29573559884329,19.212228848020267,16.494399644499676,15.047279728102026,14.474939245750106,15.074012904422933,16.967909612572278,18.63163873349782,18.68062707479549,1.0,1.0,1.0,1.0,1.0,1.0,1.0,1.0,1.0,1.0
589.75,4.0,18.38438975502724,18.921578718215592,18.589848072356315,17.139215730883706,16.21306582746773,17.169959598285004,17.222948893702963,18.131207572645145,17.859910862635335,16.88159811318928,1.0,1.0,1.0,1.0,1.0,1.0,1.0,1.0,1.0,1.0
590.0,1.0,20.11844863826359,18.788406328715695,20.032735049361868,19.67887073389067,20.965296555286457,19.620361330042954,19.402529006822945,19.51955061151449,19.686528164532653,19.890682492048565,1.0,1.0,1.0,1.0,1.0,1.0,1.0,1.0,1.0,1.0
590.25,2.0,19.06034518640082,18.80936648462749,18.467090534374922,17.811264656209865,17.509997547661825,16.74931315312745,17.88619754793095,17.599077461320228,19.25687240518453,19.108940442816273,1.0,1.0,1.0,1.0,1.0,1.0,1.0,1.0,1.0,1.0
590.5,3.0,0.0,0.0,0.0,0.0,0.0,0.0,0.0,0.0,0.0,0.0,0.0,0.0,0.0,0.0,0.0,0.0,0.0,0.0,0.0,0.0
590.75,4.0,19.608936906284224,17.84279397477239,17.60955964346972,17.053797254151334,17.242505921692285,18.03780906548992,18.738649866954244,18.61269353383471,18.549718325771973,18.157251518464996,1.0,1.0,1.0,1.0,1.0,1.0,1.0,1.0,1.0,1.0
591.0,1.0,19.63067059909169,18.83811806172877,19.596581512531195,19.122748212558655,20.377318288145908,19.97711455165569,19.93086617572533,20.124507219633355,20.37164122574863,20.182852068978026,1.0,1.0,1.0,1.0,1.0,1.0,1.0,1.0,1.0,1.0
591.25,2.0,19.637149969128725,19.26153769503198,18.481020537741948,18.64362684877078,18.048994043010726,17.685778910022165,19.537638723551606,19.296473224613262,19.778697201881037,18.9129524276064,1.0,1.0,1.0,1.0,1.0,1.0,1.0,1.0,1.0,1.0
591.5,3.0,20.74123533285158,18.964156920166026,18.780953734434398,17.01511128448167,17.100251731133735,17.757219705711332,18.097738691477232,18.53868136957624,18.512358535519766,18.58308703550732,1.0,1.0,1.0,1.0,1.0,1.0,1.0,1.0,1.0,1.0
591.75,4.0,19.294121373546943,17.06145318472388,16.61300304458147,17.38034056692015,18.42963905199425,17.83031456053782,18.245154372769445,18.17721696486911,18.905589792801045,18.766089434432207,1.0,1.0,1.0,1.0,1.0,1.0,1.0,1.0,1.0,1.0
592.0,1.0,0.0,0.0,0.0,0.0,0.0,0.0,0.0,0.0,0.0,0.0,0.0,0.0,0.0,0.0,0.0,0.0,0.0,0.0,0.0,0.0
592.25,2.0,0.0,0.0,0.0,0.0,0.0,0.0,0.0,0.0,0.0,0.0,0.0,0.0,0.0,0.0,0.0,0.0,0.0,0.0,0.0,0.0
592.5,3.0,20.333890231427773,19.51533739204091,19.26451234951238,18.6897969166394,18.865871815526113,17.88258981589838,17.11936502471308,16.94368902680872,18.315601172519884,19.46878199281974,1.0,1.0,1.0,1.0,1.0,1.0,1.0,1.0,1.0,1.0
592.75,4.0,0.0,0.0,0.0,0.0,0.0,0.0,0.0,0.0,0.0,0.0,0.0,0.0,0.0,0.0,0.0,0.0,0.0,0.0,0.0,0.0
593.0,1.0,20.340043476346178,19.900802972427265,21.12814039165879,20.393409405454964,20.931478215376355,20.51093634225327,19.392134007715217,18.67064571702186,18.32066940816004,17.493297785610704,1.0,1.0,1.0,1.0,1.0,1.0,1.0,1.0,1.0,1.0
593.25,2.0,19.551680280536726,20.619651597650464,20.356716506625148,20.0894131116953,17.87714502230764,17.459036443559857,18.54655480556002,17.761832888239326,18.94807531350283,18.37437709053624,1.0,1.0,1.0,1.0,1.0,1.0,1.0,1.0,1.0,1.0
593.5,3.0,0.0,0.0,0.0,0.0,0.0,0.0,0.0,0.0,0.0,0.0,0.0,0.0,0.0,0.0,0.0,0.0,0.0,0.0,0.0,0.0
593.75,4.0,17.67912256826958,16.526125563772766,17.659678529230355,17.695915321495676,16.75955373362173,17.944359236440643,18.594962357695877,18.601447663358172,18.837976644382994,18.621092406522347,1.0,1.0,1.0,1.0,1.0,1.0,1.0,1.0,1.0,1.0
594.0,1.0,21.226905339236545,20.176178619383982,20.853302620042594,20.906503660644756,20.56885806062549,19.14982863642946,18.36129442105404,18.333941195855743,18.018024096335974,18.962260273329765,1.0,1.0,1.0,1.0,1.0,1.0,1.0,1.0,1.0,1.0
594.25,2.0,0.0,0.0,0.0,0.0,0.0,0.0,0.0,0.0,0.0,0.0,0.0,0.0,0.0,0.0,0.0,0.0,0.0,0.0,0.0,0.0
594.5,3.0,19.868970166022105,20.64409766080433,18.824847318453436,18.35521040963124,18.821738195697005,17.92881433367371,17.805740837062434,18.375435957722285,19.45771532367001,19.640975151291446,1.0,1.0,1.0,1.0,1.0,1.0,1.0,1.0,1.0,1.0
594.75,4.0,18.255104034135382,16.25208495797373,17.927728727164208,18.70065909101798,18.31623133735235,18.627471923975094,18.949469446216845,19.601707603280545,19.546764248359153,19.62231465124252,1.0,1.0,1.0,1.0,1.0,1.0,1.0,1.0,1.0,1.0
595.0,1.0,0.0,0.0,0.0,0.0,0.0,0.0,0.0,0.0,0.0,0.0,0.0,0.0,0.0,0.0,0.0,0.0,0.0,0.0,0.0,0.0
595.25,2.0,19.876658334032424,21.02246313276348,20.716131814164896,20.298832259777967,20.208651621368563,20.495918758029944,21.43961215506847,19.834968469672205,20.452464399274252,19.347102291300043,1.0,1.0,1.0,1.0,1.0,1.0,1.0,1.0,1.0,1.0
595.5,3.0,0.0,0.0,0.0,0.0,0.0,0.0,0.0,0.0,0.0,0.0,0.0,0.0,0.0,0.0,0.0,0.0,0.0,0.0,0.0,0.0
595.75,4.0,0.0,0.0,0.0,0.0,0.0,0.0,0.0,0.0,0.0,0.0,0.0,0.0,0.0,0.0,0.0,0.0,0.0,0.0,0.0,0.0
596.0,1.0,20.02911553107828,18.613545623140162,17.959623970074446,17.00396886616865,19.082325467471854,18.584256001643908,19.903715214408514,20.52671460385598,20.636673504429904,21.589254835660796,1.0,1.0,1.0,1.0,1.0,1.0,1.0,1.0,1.0,1.0
596.25,2.0,20.61518936037739,21.309140133449002,21.619667925303318,21.643305298150757,20.591039555192793,20.51871564017883,20.605191187684927,19.373563275050834,19.863378748764084,19.380795937485452,1.0,1.0,1.0,1.0,1.0,1.0,1.0,1.0,1.0,1.0
596.5,3.0,0.0,0.0,0.0,0.0,0.0,0.0,0.0,0.0,0.0,0.0,0.0,0.0,0.0,0.0,0.0,0.0,0.0,0.0,0.0,0.0
596.75,4.0,18.19864949352448,17.476893983292182,19.9421598659114,19.79436146859982,20.711705335350253,20.273413372141206,20.010322811102462,21.395128147930325,20.968379495729636,20.738945709109874,1.0,1.0,1.0,1.0,1.0,1.0,1.0,1.0,1.0,1.0
597.0,1.0,20.186421279705606,18.25845254315551,17.952898986998154,17.269324225685263,20.1370163541768,19.72904262743929,21.75640688941629,21.09377628914135,21.410865782577506,22.12175670943015,1.0,1.0,1.0,1.0,1.0,1.0,1.0,1.0,1.0,1.0
597.25,2.0,0.0,0.0,0.0,0.0,0.0,0.0,0.0,0.0,0.0,0.0,0.0,0.0,0.0,0.0,0.0,0.0,0.0,0.0,0.0,0.0
597.5,3.0,20.145164715500652,19.10682848941553,18.711579303533608,19.590097648313773,21.294280033040298,21.25077814294365,21.10025067162525,19.716759137361596,19.42493314274223,18.466180317834663,1.0,1.0,1.0,1.0,1.0,1.0,1.0,1.0,1.0,1.0
597.75,4.0,17.776631241051142,18.05519825564274,19.404611811264026,19.477826436003383,21.587214926503663,21.14956161509274,21.908595866746374,21.627782216953516,19.722347491024095,19.266648866587126,1.0,1.0,1.0,1.0,1.0,1.0,1.0,1.0,1.0,1.0
598.0,1.0,20.118372077673605,18.470259936925796,18.39865741919402,18.492874223986956,20.39487819389981,20.459631448771454,21.451413552838286,21.077216537318286,20.501794730378897,20.5410978467176,1.0,1.0,1.0,1.0,1.0,1.0,1.0,1.0,1.0,1.0
598.25,2.0,19.916935943053787,20.733602936765745,21.629180495239385,21.783617790987943,20.445594329492117,19.528215708089864,19.920343679533673,18.651426850717236,20.027680407483277,18.666003042567965,1.0,1.0,1.0,1.0,1.0,1.0,1.0,1.0,1.0,1.0
598.5,3.0,0.0,0.0,0.0,0.0,0.0,0.0,0.0,0.0,0.0,0.0,0.0,0.0,0.0,0.0,0.0,0.0,0.0,0.0,0.0,0.0
598.75,4.0,18.16614769993177,18.12844718050153,19.23180970217958,20.278917003537718,22.342156930251985,21.907083243617464,21.51325649794847,21.397698012471384,20.08701643179186,20.364587056916335,1.0,1.0,1.0,1.0,1.0,1.0,1.0,1.0,1.0,1.0
599.0,1.0,19.671708536546607,18.515799918699585,18.42806926729227,19.04553532655504,19.60616962487921,19.757514561043156,19.345938508970985,18.83926337295589,19.236741905519462,19.158569448307148,1.0,1.0,1.0,1.0,1.0,1.0,1.0,1.0,1.0,1.0
599.25,2.0,0.0,0.0,0.0,0.0,0.0,0.0,0.0,0.0,0.0,0.0,0.0,0.0,0.0,0.0,0.0,0.0,0.0,0.0,0.0,0.0
599.5,3.0,19.16969563473975,18.046314443968605,18.753574675300566,20.342378664429788,20.017262401109694,19.31985178075412,18.920658519891163,18.580480813324165,18.769763938580542,19.36336462336759,1.0,1.0,1.0,1.0,1.0,1.0,1.0,1.0,1.0,1.0
599.75,4.0,18.354735393353298,18.072897398252803,19.314381833896473,18.756431412250414,21.46802562805428,21.47858230148339,21.305565186823557,21.633293187535696,20.942315885793075,21.59574024259048,1.0,1.0,1.0,1.0,1.0,1.0,1.0,1.0,1.0,1.0
600.0,1.0,0.0,0.0,0.0,0.0,0.0,0.0,0.0,0.0,0.0,0.0,0.0,0.0,0.0,0.0,0.0,0.0,0.0,0.0,0.0,0.0
600.25,2.0,0.0,0.0,0.0,0.0,0.0,0.0,0.0,0.0,0.0,0.0,0.0,0.0,0.0,0.0,0.0,0.0,0.0,0.0,0.0,0.0
600.5,3.0,19.027360200678615,18.17257144307743,19.43844550892467,20.386148182612096,18.510239408826305,18.48817983535779,17.50451764165437,17.388123707204006,17.748568973156807,17.499385248378648,1.0,1.0,1.0,1.0,1.0,1.0,1.0,1.0,1.0,1.0
600.75,4.0,0.0,0.0,0.0,0.0,0.0,0.0,0.0,0.0,0.0,0.0,0.0,0.0,0.0,0.0,0.0,0.0,0.0,0.0,0.0,0.0
601.0,1.0,19.42683282563265,17.921579049717515,18.774239392125647,17.908141096090088,19.051716691727357,18.877102353717223,18.91173483477592,17.816888715954494,18.13330007513419,18.792700195409786,1.0,1.0,1.0,1.0,1.0,1.0,1.0,1.0,1.0,1.0
601.25,2.0,20.46035188477973,21.22626385095634,21.760214889506592,21.775833503356196,20.58515201876632,19.430546124295304,20.16424238355087,21.11194370276398,20.91186190136899,21.195113116839767,1.0,1.0,1.0,1.0,1.0,1.0,1.0,1.0,1.0,1.0
601.5,3.0,0.0,0.0,0.0,0.0,0.0,0.0,0.0,0.0,0.0,0.0,0.0,0.0,0.0,0.0,0.0,0.0,0.0,0.0,0.0,0.0
601.75,4.0,17.628843774654147,16.224304571021836,19.974006200180725,20.079129501959212,20.913134774267707,21.79082936700126,22.092189418578762,21.731937394468073,22.21539585729393,22.091281923228046,1.0,1.0,1.0,1.0,1.0,1.0,1.0,1.0,1.0,1.0
602.0,1.0,18.506486678811747,17.37905621824948,17.879066719446868,17.887915604203158,19.249912556648695,18.349339215660237,18.847509875543537,17.70939898522001,18.681882380998868,19.03520577408199,1.0,1.0,1.0,1.0,1.0,1.0,1.0,1.0,1.0,1.0
602.25,2.0,0.0,0.0,0.0,0.0,0.0,0.0,0.0,0.0,0.0,0.0,0.0,0.0,0.0,0.0,0.0,0.0,0.0,0.0,0.0,0.0
602.5,3.0,18.839260420426317,19.725102370453506,18.388000689260007,17.619825367869748,17.31767421587168,17.971890653543554,17.58915671167144,17.256492512610414,16.807697151763033,15.860444979739214,1.0,1.0,1.0,1.0,1.0,1.0,1.0,1.0,1.0,1.0
602.75,4.0,17.710249697329697,17.02047563221858,19.61155029558069,20.97600212245023,22.57921809350007,23.319415913897924,23.31729425080903,22.850184153570734,22.639503570890156,21.46588266561085,1.0,1.0,1.0,1.0,1.0,1.0,1.0,1.0,1.0,1.0
603.0,1.0,0.0,0.0,0.0,0.0,0.0,0.0,0.0,0.0,0.0,0.0,0.0,0.0,0.0,0.0,0.0,0.0,0.0,0.0,0.0,0.0
603.25,2.0,20.780775086328124,21.9397354011041,22.398026487922955,20.853890315942344,20.947491218873324,20.47315438232942,20.305122794844774,20.753616712506687,19.80960143389767,21.271900244895434,1.0,1.0,1.0,1.0,1.0,1.0,1.0,1.0,1.0,1.0
603.5,3.0,0.0,0.0,0.0,0.0,0.0,0.0,0.0,0.0,0.0,0.0,0.0,0.0,0.0,0.0,0.0,0.0,0.0,0.0,0.0,0.0
603.75,4.0,0.0,0.0,0.0,0.0,0.0,0.0,0.0,0.0,0.0,0.0,0.0,0.0,0.0,0.0,0.0,0.0,0.0,0.0,0.0,0.0
604.0,1.0,19.327564360715105,17.772575079831174,18.9066531724778,18.07090122092354,18.55007546748106,18.665097633678837,18.42852824288572,18.104657078575556,17.533023443939236,16.904760819949914,1.0,1.0,1.0,1.0,1.0,1.0,1.0,1.0,1.0,1.0
604.25,2.0,20.618333975205974,21.97800412671406,21.66214026448665,20.0021190493309,19.901060033728733,19.41939113393917,19.63030989731513,19.77473339609109,18.638087213835284,21.41209817355988,1.0,1.0,1.0,1.0,1.0,1.0,1.0,1.0,1.0,1.0
604.5,3.0,0.0,0.0,0.0,0.0,0.0,0.0,0.0,0.0,0.0,0.0,0.0,0.0,0.0,0.0,0.0,0.0,0.0,0.0,0.0,0.0
604.75,4.0,19.113755921238877,19.49146948897094,21.763338586437808,22.1607621341432,25.094610125218914,24.095352369996125,22.958609539955308,22.287389969065824,23.088844146209237,22.35635731861098,1.0,1.0,1.0,1.0,1.0,1.0,1.0,1.0,1.0,1.0
605.0,1.0,20.171340800592276,19.179717118635406,18.89546070216554,17.880009636065132,19.184403386742712,18.882337928096224,18.686305449401168,17.11255612037446,17.17519373730926,16.441620991106873,1.0,1.0,1.0,1.0,1.0,1.0,1.0,1.0,1.0,1.0
605.25,2.0,0.0,0.0,0.0,0.0,0.0,0.0,0.0,0.0,0.0,0.0,0.0,0.0,0.0,0.0,0.0,0.0,0.0,0.0,0.0,0.0
605.5,3.0,17.213551806654134,18.453956407380144,18.81771546853506,16.250452186161805,15.608357926343452,15.083295062767522,15.673421352498048,15.525131358611405,14.643131488864435,14.652259986449065,1.0,1.0,1.0,1.0,1.0,1.0,1.0,1.0,1.0,1.0
605.75,4.0,21.227630734016397,20.77858762129701,21.10570217856855,22.175402335829762,24.191953797784635,22.30325857265695,21.774990142684324,21.48536046012522,22.723383248652627,21.586185675316983,1.0,1.0,1.0,1.0,1.0,1.0,1.0,1.0,1.0,1.0
606.0,1.0,20.674332768229565,20.572401706025058,18.872032191293936,17.714213338787772,18.889313524742345,18.96066361483621,19.190224376507143,18.200626193195614,18.390008450110408,18.360238724651975,1.0,1.0,1.0,1.0,1.0,1.0,1.0,1.0,1.0,1.0
606.25,2.0,19.895624471651903,20.865556365772942,18.944699390803322,18.256898802364535,21.032124855698864,20.848765137594114,21.174900961032296,20.524963586045374,20.674754206921456,22.062622514805124,1.0,1.0,1.0,1.0,1.0,1.0,1.0,1.0,1.0,1.0
606.5,3.0,0.0,0.0,0.0,0.0,0.0,0.0,0.0,0.0,0.0,0.0,0.0,0.0,0.0,0.0,0.0,0.0,0.0,0.0,0.0,0.0
606.75,4.0,21.392943008101287,20.386773592440786,20.482640095218247,20.69776785947618,21.13903873711094,20.257065830988388,20.498499905045556,20.50049663206724,21.276256411109184,20.221828451606243,1.0,1.0,1.0,1.0,1.0,1.0,1.0,1.0,1.0,1.0
607.0,1.0,19.693051761983114,19.72078613292483,18.539989463239607,17.70041778635112,18.79760862595753,19.646056650080066,19.51662846768063,18.22444168008562,17.56551823997056,16.737789194905705,1.0,1.0,1.0,1.0,1.0,1.0,1.0,1.0,1.0,1.0
607.25,2.0,0.0,0.0,0.0,0.0,0.0,0.0,0.0,0.0,0.0,0.0,0.0,0.0,0.0,0.0,0.0,0.0,0.0,0.0,0.0,0.0
607.5,3.0,18.99655056950929,17.832785738529985,17.36870766332601,16.242396940914706,15.98911232635757,15.609155067715625,16.089598658641442,15.085975927240739,15.642044115826627,16.47130816375064,1.0,1.0,1.0,1.0,1.0,1.0,1.0,1.0,1.0,1.0
607.75,4.0,22.47122971956381,20.116529971533804,19.453856662133106,19.42799751139531,20.14811685549207,19.539365760849712,18.72771161995253,18.03568772402692,18.137055151417655,18.202400959144224,1.0,1.0,1.0,1.0,1.0,1.0,1.0,1.0,1.0,1.0
608.0,1.0,0.0,0.0,0.0,0.0,0.0,0.0,0.0,0.0,0.0,0.0,0.0,0.0,0.0,0.0,0.0,0.0,0.0,0.0,0.0,0.0
608.25,2.0,0.0,0.0,0.0,0.0,0.0,0.0,0.0,0.0,0.0,0.0,0.0,0.0,0.0,0.0,0.0,0.0,0.0,0.0,0.0,0.0
608.5,3.0,18.81544070276937,17.628870548708193,17.446185607994053,15.996036325855728,15.419550212046095,15.034872796742402,15.483348217141394,15.922529601601946,15.965932014091331,16.480341243849832,1.0,1.0,1.0,1.0,1.0,1.0,1.0,1.0,1.0,1.0
608.75,4.0,0.0,0.0,0.0,0.0,0.0,0.0,0.0,0.0,0.0,0.0,0.0,0.0,0.0,0.0,0.0,0.0,0.0,0.0,0.0,0.0
609.0,1.0,18.381122549923347,16.012587442032633,15.876498428183687,16.34021345574045,17.526975012110384,17.588150852704764,17.665563490792387,17.775500120810012,18.64773473379915,18.05037832595443,1.0,1.0,1.0,1.0,1.0,1.0,1.0,1.0,1.0,1.0
609.25,2.0,20.430353546584552,19.959796625674574,19.19554707446206,18.899816336807827,19.674896495577595,19.18949858310505,19.191518232914845,18.637039081655722,17.890836458162713,17.847390769484846,1.0,1.0,1.0,1.0,1.0,1.0,1.0,1.0,1.0,1.0
609.5,3.0,0.0,0.0,0.0,0.0,0.0,0.0,0.0,0.0,0.0,0.0,0.0,0.0,0.0,0.0,0.0,0.0,0.0,0.0,0.0,0.0
609.75,4.0,20.631053320438223,19.68778421277688,19.05345667216594,17.993624062095584,19.363403787612167,18.923434391006538,18.047724540887586,18.24997586084711,18.414301809990533,19.434550270925072,1.0,1.0,1.0,1.0,1.0,1.0,1.0,1.0,1.0,1.0
610.0,1.0,17.68939602226038,16.7370613577513,16.04291820220064,16.050276678597434,17.257614345581093,17.6296741618166,18.023236649266604,18.14820148396363,18.438105928304754,17.822755696081845,1.0,1.0,1.0,1.0,1.0,1.0,1.0,1.0,1.0,1.0
610.25,2.0,0.0,0.0,0.0,0.0,0.0,0.0,0.0,0.0,0.0,0.0,0.0,0.0,0.0,0.0,0.0,0.0,0.0,0.0,0.0,0.0
610.5,3.0,18.01078970587471,17.569326294109704,15.938065466253203,15.176586850815106,15.547692167739571,15.397993449115825,16.838220877747133,16.50198019157233,16.611464932170826,17.873353771656802,1.0,1.0,1.0,1.0,1.0,1.0,1.0,1.0,1.0,1.0
610.75,4.0,19.75407569652778,19.23711651168205,18.115785578934545,17.640372338869312,18.852281658097745,18.756865657373822,18.55936867419287,18.506733908456322,19.10992000487157,18.778449630435816,1.0,1.0,1.0,1.0,1.0,1.0,1.0,1.0,1.0,1.0
611.0,1.0,0.0,0.0,0.0,0.0,0.0,0.0,0.0,0.0,0.0,0.0,0.0,0.0,0.0,0.0,0.0,0.0,0.0,0.0,0.0,0.0
611.25,2.0,20.15958337332693,20.74947360389719,18.93609555444942,18.55353916625373,18.80035381434851,18.867643137896497,18.358959762218564,18.236458434483005,17.639170621954005,18.151275443465174,1.0,1.0,1.0,1.0,1.0,1.0,1.0,1.0,1.0,1.0
611.5,3.0,0.0,0.0,0.0,0.0,0.0,0.0,0.0,0.0,0.0,0.0,0.0,0.0,0.0,0.0,0.0,0.0,0.0,0.0,0.0,0.0
611.75,4.0,0.0,0.0,0.0,0.0,0.0,0.0,0.0,0.0,0.0,0.0,0.0,0.0,0.0,0.0,0.0,0.0,0.0,0.0,0.0,0.0
612.0,1.0,16.635328694097314,16.793274034094527,17.000771465004906,16.24216563241961,17.933241358777256,18.384031121555648,18.609765486004235,17.7383639255222,16.885287764055004,17.46106243075572,1.0,1.0,1.0,1.0,1.0,1.0,1.0,1.0,1.0,1.0
612.25,2.0,18.757557966669115,19.284335544361745,18.261845648791276,18.584611067428426,18.824994106030385,18.9730967882106,18.52374919045935,18.549925521207218,18.35814167862162,19.268253932062073,1.0,1.0,1.0,1.0,1.0,1.0,1.0,1.0,1.0,1.0
612.5,3.0,15.932554654646898,16.012685394800528,15.480241718063262,16.042099354008318,15.328156204646163,14.906146405737807,16.07794956998348,15.46454531096825,16.060992614135827,16.675821816884696,1.0,1.0,1.0,1.0,1.0,1.0,1.0,1.0,1.0,1.0
612.75,4.0,19.139667181627612,19.338140034930365,18.366553833402783,18.908009958292627,19.422343400500235,19.54192886104338,19.251686263536296,19.2248882216212,19.68441693665135,20.35360536655468,1.0,1.0,1.0,1.0,1.0,1.0,1.0,1.0,1.0,1.0
613.0,1.0,17.4424225747244,16.4795591289796,16.379248220565746,16.376046762205206,18.993277334670974,19.413122367307164,19.303575437249958,18.2222797993288,18.031064270269084,17.44964299830607,1.0,1.0,1.0,1.0,1.0,1.0,1.0,1.0,1.0,1.0
613.25,2.0,0.0,0.0,0.0,0.0,0.0,0.0,0.0,0.0,0.0,0.0,0.0,0.0,0.0,0.0,0.0,0.0,0.0,0.0,0.0,0.0
613.5,3.0,16.498187522684123,16.658127173083063,15.687623649856556,16.14611119053727,15.750018576500166,15.508912792717656,16.586423404892777,16.14462901629297,16.814794847356467,17.193556066161584,1.0,1.0,1.0,1.0,1.0,1.0,1.0,1.0,1.0,1.0
613.75,4.0,19.870776855076937,19.9194016070031,18.682673170645234,19.02213459044007,18.337736364368048,18.53445188401686,18.516624083106215,19.473762373820644,20.2134712160211,19.77384222204428,1.0,1.0,1.0,1.0,1.0,1.0,1.0,1.0,1.0,1.0
614.0,1.0,17.105079118626616,15.973351711418463,16.402143026087924,18.197989935162493,19.778547995718434,19.679364177177796,18.88232713643181,18.270470810213578,16.91824251937501,17.08086318291397,1.0,1.0,1.0,1.0,1.0,1.0,1.0,1.0,1.0,1.0
614.25,2.0,18.253609204154863,18.964611883999016,18.21271937029642,19.233544121473045,18.879315303237153,19.876810337114332,19.20049515714021,19.458595390655557,18.731947195375184,19.869256290338644,1.0,1.0,1.0,1.0,1.0,1.0,1.0,1.0,1.0,1.0
614.5,3.0,0.0,0.0,0.0,0.0,0.0,0.0,0.0,0.0,0.0,0.0,0.0,0.0,0.0,0.0,0.0,0.0,0.0,0.0,0.0,0.0
614.75,4.0,19.89743507109202,19.31786676085045,18.811897160935846,19.185467066081944,18.93744742750693,19.087021605529824,19.225436337916943,18.687363954703017,18.912568729323258,18.56636744287612,1.0,1.0,1.0,1.0,1.0,1.0,1.0,1.0,1.0,1.0
615.0,1.0,17.39622746122553,16.45958853389449,17.199850464954554,17.807133660132404,18.996552918290007,18.72617110798854,18.00463754797959,16.92665326107318,16.382256215629187,16.294176581280933,1.0,1.0,1.0,1.0,1.0,1.0,1.0,1.0,1.0,1.0
615.25,2.0,0.0,0.0,0.0,0.0,0.0,0.0,0.0,0.0,0.0,0.0,0.0,0.0,0.0,0.0,0.0,0.0,0.0,0.0,0.0,0.0
615.5,3.0,16.19054713969387,15.097383454669211,15.731190265257784,15.775009691356784,15.41499780413413,16.386233459686682,17.00022423418641,17.32466608800761,18.317839575349176,17.224754817905914,1.0,1.0,1.0,1.0,1.0,1.0,1.0,1.0,1.0,1.0
615.75,4.0,19.742815261025818,19.82481659877484,18.2377128402608,18.725509138416758,20.82356807698985,20.432252601682716,20.23303911330728,19.345417283753864,20.014540039347263,20.09755584358267,1.0,1.0,1.0,1.0,1.0,1.0,1.0,1.0,1.0,1.0
616.0,1.0,0.0,0.0,0.0,0.0,0.0,0.0,0.0,0.0,0.0,0.0,0.0,0.0,0.0,0.0,0.0,0.0,0.0,0.0,0.0,0.0
616.25,2.0,18.25826905940657,17.487952042380034,17.87756676997013,18.878295504499626,18.96980294508775,19.241090060104803,19.097088236712338,20.082613481068233,18.846380678994777,20.01240394720026,1.0,1.0,1.0,1.0,1.0,1.0,1.0,1.0,1.0,1.0
616.5,3.0,15.40642648329084,15.333270937842306,16.148832627716498,15.952971765669426,16.678620438850686,17.608281329844473,19.240616037290682,17.25899827706803,16.992810516268946,15.608757015955376,1.0,1.0,1.0,1.0,1.0,1.0,1.0,1.0,1.0,1.0
616.75,4.0,0.0,0.0,0.0,0.0,0.0,0.0,0.0,0.0,0.0,0.0,0.0,0.0,0.0,0.0,0.0,0.0,0.0,0.0,0.0,0.0
617.0,1.0,17.654606200242018,15.962031427646982,16.985984942933566,18.065382872223275,17.337372315637634,17.72154412158817,17.135568415228505,16.67467350161193,15.582696709775572,15.710408931568326,1.0,1.0,1.0,1.0,1.0,1.0,1.0,1.0,1.0,1.0
617.25,2.0,17.201110501835412,18.161751513724123,18.73830018791164,17.758414552530606,19.088855094764067,18.355184053717583,19.49875705074591,19.31777662765351,17.910831217387646,19.12541919450123,1.0,1.0,1.0,1.0,1.0,1.0,1.0,1.0,1.0,1.0
617.5,3.0,0.0,0.0,0.0,0.0,0.0,0.0,0.0,0.0,0.0,0.0,0.0,0.0,0.0,0.0,0.0,0.0,0.0,0.0,0.0,0.0
617.75,4.0,18.654468826307923,17.961287886396683,17.891570116432558,20.63929422517096,20.478858480080756,20.013045135884035,20.416921582539008,20.314702947092687,19.491715010458464,18.40844662477051,1.0,1.0,1.0,1.0,1.0,1.0,1.0,1.0,1.0,1.0
618.0,1.0,18.25775104270809,17.32710658132074,18.311164144478035,18.23453545373139,16.709374193564155,17.89829366565436,17.154552738077577,16.139569801403724,15.051216372375054,16.242629904204144,1.0,1.0,1.0,1.0,1.0,1.0,1.0,1.0,1.0,1.0
618.25,2.0,0.0,0.0,0.0,0.0,0.0,0.0,0.0,0.0,0.0,0.0,0.0,0.0,0.0,0.0,0.0,0.0,0.0,0.0,0.0,0.0
618.5,3.0,16.615844102247607,18.196744515721665,17.568892926630205,16.81861967578347,15.894103043266327,16.168475257668874,15.476575360465064,14.787916740921307,15.193198760935452,14.599700527187984,1.0,1.0,1.0,1.0,1.0,1.0,1.0,1.0,1.0,1.0
618.75,4.0,17.919720299519355,19.60948967044408,20.26951444647323,21.35852518631349,19.929292326551337,18.98398345347065,18.675092284346196,17.18845723898063,16.344573201205765,16.83497141202935,1.0,1.0,1.0,1.0,1.0,1.0,1.0,1.0,1.0,1.0
619.0,1.0,18.799455540708813,18.58400123557473,18.161269661313035,17.72778667783403,17.126978036502106,18.90447342100987,17.61962667181796,16.803455410133022,16.349951746579244,17.044125419933223,1.0,1.0,1.0,1.0,1.0,1.0,1.0,1.0,1.0,1.0
619.25,2.0,17.79095021626789,17.07224244401705,17.2023488019245,17.65614365310967,17.445447464383594,16.833201201894873,17.93447394525347,19.127305594169293,18.89415613612826,19.828389799362068,1.0,1.0,1.0,1.0,1.0,1.0,1.0,1.0,1.0,1.0
619.5,3.0,0.0,0.0,0.0,0.0,0.0,0.0,0.0,0.0,0.0,0.0,0.0,0.0,0.0,0.0,0.0,0.0,0.0,0.0,0.0,0.0
619.75,4.0,0.0,0.0,0.0,0.0,0.0,0.0,0.0,0.0,0.0,0.0,0.0,0.0,0.0,0.0,0.0,0.0,0.0,0.0,0.0,0.0
620.0,1.0,19.35228588583972,17.410041571106714,17.48812445703836,17.923598969815004,17.002164465289383,18.59334374421749,17.878489590656628,18.03025197988667,17.55269194486414,17.425694063583,1.0,1.0,1.0,1.0,1.0,1.0,1.0,1.0,1.0,1.0
620.25,2.0,17.649232192162483,16.357904136679927,16.96198784252625,17.204796287570353,16.750552668781186,16.946571532456712,18.411267474319516,19.218503111365198,19.707435357477262,19.385129565664766,1.0,1.0,1.0,1.0,1.0,1.0,1.0,1.0,1.0,1.0
620.5,3.0,18.23478684212295,16.741488387407745,15.840233247874854,15.66510528875053,14.942313722089725,15.404887687361454,16.004492755779594,15.425009787422388,16.581717556406712,16.343836776401126,1.0,1.0,1.0,1.0,1.0,1.0,1.0,1.0,1.0,1.0
620.75,4.0,19.787488504317984,21.18149621551776,20.01582018786649,20.89481742361234,20.081680996399754,18.357456532421246,18.122858728020397,17.057376727113347,16.33108874738008,16.610897187270684,1.0,1.0,1.0,1.0,1.0,1.0,1.0,1.0,1.0,1.0
621.0,1.0,0.0,0.0,0.0,0.0,0.0,0.0,0.0,0.0,0.0,0.0,0.0,0.0,0.0,0.0,0.0,0.0,0.0,0.0,0.0,0.0
621.25,2.0,0.0,0.0,0.0,0.0,0.0,0.0,0.0,0.0,0.0,0.0,0.0,0.0,0.0,0.0,0.0,0.0,0.0,0.0,0.0,0.0
621.5,3.0,17.98721011743108,16.464616450146064,16.084351242362196,15.603716759067737,15.542515424314985,16.1996409765369,17.29989750947062,16.883035210966803,17.35706222036604,16.68813380114272,1.0,1.0,1.0,1.0,1.0,1.0,1.0,1.0,1.0,1.0
621.75,4.0,20.929149679307404,19.780223133175095,18.932728793074755,20.087417897710967,18.953410057314457,17.87359685674113,17.584240766680608,18.09234819996856,17.36485587442042,17.95693488610244,1.0,1.0,1.0,1.0,1.0,1.0,1.0,1.0,1.0,1.0
622.0,1.0,17.082920362723918,17.827833050973346,17.919183345560196,16.284983334431246,16.32840631569009,18.12126134202913,18.147872798063123,18.647311554909415,18.26401230633186,18.587739248940835,1.0,1.0,1.0,1.0,1.0,1.0,1.0,1.0,1.0,1.0
622.25,2.0,15.219349871650827,16.734731278322506,17.132297676477286,17.144566206109346,17.5620330037542,17.86557220530943,18.099338273454798,18.821810552668662,18.710096775481492,18.619969675702762,1.0,1.0,1.0,1.0,1.0,1.0,1.0,1.0,1.0,1.0
622.5,3.0,0.0,0.0,0.0,0.0,0.0,0.0,0.0,0.0,0.0,0.0,0.0,0.0,0.0,0.0,0.0,0.0,0.0,0.0,0.0,0.0
622.75,4.0,20.192538836489938,19.901706766678824,19.12795070356266,18.802352147504152,17.8709569835823,18.24382230881654,17.657969133515046,17.55660484452667,17.121982276446765,17.64406644966484,1.0,1.0,1.0,1.0,1.0,1.0,1.0,1.0,1.0,1.0
623.0,1.0,17.031535453275342,17.63489971625534,17.270387654700716,16.97396113598127,18.72405111514149,18.946977621272907,19.03865160581808,18.412671413155678,17.403729740660708,18.267965607731462,1.0,1.0,1.0,1.0,1.0,1.0,1.0,1.0,1.0,1.0
623.25,2.0,0.0,0.0,0.0,0.0,0.0,0.0,0.0,0.0,0.0,0.0,0.0,0.0,0.0,0.0,0.0,0.0,0.0,0.0,0.0,0.0
623.5,3.0,16.721618939034492,16.685425229939888,16.538801839995187,18.019089614058984,18.58205547223852,17.65942513252047,17.76531609125318,15.855273435052032,15.889606431099288,15.801430714903256,1.0,1.0,1.0,1.0,1.0,1.0,1.0,1.0,1.0,1.0
623.75,4.0,21.10625548498559,19.9914950119081,18.788210744270565,18.58389816447639,17.5455305123249,18.012298541071065,18.05039590965781,18.360893582004696,18.53609203214326,18.528090747005322,1.0,1.0,1.0,1.0,1.0,1.0,1.0,1.0,1.0,1.0
624.0,1.0,0.0,0.0,0.0,0.0,0.0,0.0,0.0,0.0,0.0,0.0,0.0,0.0,0.0,0.0,0.0,0.0,0.0,0.0,0.0,0.0
624.25,2.0,17.31649870505901,17.97461800310062,17.874998934638064,19.03127457259465,17.762251447755713,18.245242070368313,18.01531623071735,17.8532721290366,17.260747224392787,16.470460322361454,1.0,1.0,1.0,1.0,1.0,1.0,1.0,1.0,1.0,1.0
624.5,3.0,16.272392178627218,17.04913372048532,17.836453139871786,19.513016673665813,20.35641316383632,18.972815091025286,18.026573649438408,16.173694094382096,16.68253098355978,16.25496701996459,1.0,1.0,1.0,1.0,1.0,1.0,1.0,1.0,1.0,1.0
624.75,4.0,0.0,0.0,0.0,0.0,0.0,0.0,0.0,0.0,0.0,0.0,0.0,0.0,0.0,0.0,0.0,0.0,0.0,0.0,0.0,0.0
625.0,1.0,16.644473803651838,15.742724764541443,18.02015102400044,18.342633317932336,18.107168174018714,17.608732540795508,17.919652355261555,17.040855875791816,16.344937825556627,16.17869541775678,1.0,1.0,1.0,1.0,1.0,1.0,1.0,1.0,1.0,1.0
625.25,2.0,16.735766275773074,17.99420969690383,18.389524529542978,18.99572604197143,17.874181186609565,18.992525817187516,18.656899860203954,17.42641479201465,17.290269485666016,16.285609276871856,1.0,1.0,1.0,1.0,1.0,1.0,1.0,1.0,1.0,1.0
625.5,3.0,0.0,0.0,0.0,0.0,0.0,0.0,0.0,0.0,0.0,0.0,0.0,0.0,0.0,0.0,0.0,0.0,0.0,0.0,0.0,0.0
625.75,4.0,20.44355391001218,21.492935926265012,20.212605110870545,19.693839412716123,18.713191439094597,20.15979968200007,19.872379546276974,19.831530720923084,20.046844189628494,19.879593501589905,1.0,1.0,1.0,1.0,1.0,1.0,1.0,1.0,1.0,1.0
626.0,1.0,16.23803236531747,17.15371878557954,19.662650201461936,20.104453943167382,19.026736372522286,17.846148898425863,18.642940243228058,17.91238029145235,17.673157080932658,16.90476638800134,1.0,1.0,1.0,1.0,1.0,1.0,1.0,1.0,1.0,1.0
626.25,2.0,0.0,0.0,0.0,0.0,0.0,0.0,0.0,0.0,0.0,0.0,0.0,0.0,0.0,0.0,0.0,0.0,0.0,0.0,0.0,0.0
626.5,3.0,18.47542490372109,20.834346006045504,21.639495711540274,21.56854243575415,20.819741339421736,18.886561424207287,19.355910154495383,17.11566001676227,16.9289986879283,17.155557812958897,1.0,1.0,1.0,1.0,1.0,1.0,1.0,1.0,1.0,1.0
626.75,4.0,20.310598967443305,21.998594135323753,21.13029327224188,19.82082764169178,19.788218997230164,20.976611944139414,21.02296675561211,21.088641275029087,20.419943525626497,20.268485776451453,1.0,1.0,1.0,1.0,1.0,1.0,1.0,1.0,1.0,1.0
627.0,1.0,18.69079777454848,18.860946608668336,18.40107621947131,17.88114446792524,17.547751628886637,17.922480184647682,18.465837497735514,18.831579300340827,17.334077264479664,16.889797438358855,1.0,1.0,1.0,1.0,1.0,1.0,1.0,1.0,1.0,1.0
627.25,2.0,19.70773468812648,19.875917358235714,19.279769001675152,16.97721478219344,16.47300741820343,17.001245284138154,16.49239607738916,16.91564802515886,17.072736119694685,16.358103921883533,1.0,1.0,1.0,1.0,1.0,1.0,1.0,1.0,1.0,1.0
627.5,3.0,0.0,0.0,0.0,0.0,0.0,0.0,0.0,0.0,0.0,0.0,0.0,0.0,0.0,0.0,0.0,0.0,0.0,0.0,0.0,0.0
627.75,4.0,20.431164090758035,21.68943475220075,20.912417300875802,21.009083636426805,21.349443427498656,21.51306550272997,21.577073919866876,21.121006087401373,19.06454995384967,18.60717555553805,1.0,1.0,1.0,1.0,1.0,1.0,1.0,1.0,1.0,1.0
628.0,1.0,18.49385192197677,18.237420420690565,17.44372989335074,17.01514509042213,16.7730756546388,17.130387368030352,17.769315675427396,17.890272703344877,17.157807170856987,17.29545954743837,1.0,1.0,1.0,1.0,1.0,1.0,1.0,1.0,1.0,1.0
628.25,2.0,20.13087030029417,19.73291911872563,19.483382890700245,17.003486677474527,16.498243942427752,17.75100579661993,17.87438624372752,17.815599959020783,17.871783733830366,16.90121577928625,1.0,1.0,1.0,1.0,1.0,1.0,1.0,1.0,1.0,1.0
628.5,3.0,21.897764570620566,23.127826070126297,22.789352488059624,22.033234588885787,19.32869093598724,19.226085329070752,20.24321326878263,18.99596046555546,19.351548354054724,18.85220912641934,1.0,1.0,1.0,1.0,1.0,1.0,1.0,1.0,1.0,1.0
628.75,4.0,20.652472453250645,22.511423342829183,20.928978717633964,21.508475149398016,22.299926737707413,22.03525464212982,22.04062755206046,20.634992240749483,18.41198369114034,17.143979955558628,1.0,1.0,1.0,1.0,1.0,1.0,1.0,1.0,1.0,1.0
629.0,1.0,0.0,0.0,0.0,0.0,0.0,0.0,0.0,0.0,0.0,0.0,0.0,0.0,0.0,0.0,0.0,0.0,0.0,0.0,0.0,0.0
629.25,2.0,0.0,0.0,0.0,0.0,0.0,0.0,0.0,0.0,0.0,0.0,0.0,0.0,0.0,0.0,0.0,0.0,0.0,0.0,0.0,0.0
629.5,3.0,21.154911723842485,22.449082092666472,22.243884615285634,21.923793544891005,20.007889496832572,19.464316957740845,19.50914656338808,18.030565557793146,19.01410166670677,18.815712574735436,1.0,1.0,1.0,1.0,1.0,1.0,1.0,1.0,1.0,1.0
629.75,4.0,0.0,0.0,0.0,0.0,0.0,0.0,0.0,0.0,0.0,0.0,0.0,0.0,0.0,0.0,0.0,0.0,0.0,0.0,0.0,0.0
630.0,1.0,17.67528093045265,17.529682239564167,17.456656599633238,17.28467060927494,17.403557892305972,17.39776513263069,19.2684888579626,19.38849264112733,18.602130014481613,18.744270727126285,1.0,1.0,1.0,1.0,1.0,1.0,1.0,1.0,1.0,1.0
630.25,2.0,18.03620602941747,18.277272233911138,17.82426042568196,18.50594486729181,17.75872722586893,17.629840501426525,16.539106779574677,17.181548758260668,16.586899454925852,16.046511954328754,1.0,1.0,1.0,1.0,1.0,1.0,1.0,1.0,1.0,1.0
630.5,3.0,0.0,0.0,0.0,0.0,0.0,0.0,0.0,0.0,0.0,0.0,0.0,0.0,0.0,0.0,0.0,0.0,0.0,0.0,0.0,0.0
630.75,4.0,20.790730819692236,22.03394453744137,20.570495184243153,21.556217493792772,19.995328928224644,20.526793801597602,20.80325789325471,20.91533054396677,20.444442623925262,20.288259209698225,1.0,1.0,1.0,1.0,1.0,1.0,1.0,1.0,1.0,1.0
631.0,1.0,17.577361658860585,17.12480435019819,16.848819863069206,16.628386267806597,17.874152650463213,17.211514427149776,18.077376631967038,18.599302652087562,17.758645714640064,17.272826536195872,1.0,1.0,1.0,1.0,1.0,1.0,1.0,1.0,1.0,1.0
631.25,2.0,0.0,0.0,0.0,0.0,0.0,0.0,0.0,0.0,0.0,0.0,0.0,0.0,0.0,0.0,0.0,0.0,0.0,0.0,0.0,0.0
631.5,3.0,19.94059703045097,21.29629342503999,21.404782875655705,20.865705955179376,19.787314725373044,18.89809661570998,19.14902599377501,17.69256170848578,17.890704139041983,16.55091077948442,1.0,1.0,1.0,1.0,1.0,1.0,1.0,1.0,1.0,1.0
631.75,4.0,20.555124484161478,21.387193422485595,21.188873326153015,21.08216793655261,20.938967819949116,22.090074487687943,22.21635257039977,21.955751033863937,20.722760700299176,20.82586152378819,1.0,1.0,1.0,1.0,1.0,1.0,1.0,1.0,1.0,1.0
632.0,1.0,0.0,0.0,0.0,0.0,0.0,0.0,0.0,0.0,0.0,0.0,0.0,0.0,0.0,0.0,0.0,0.0,0.0,0.0,0.0,0.0
632.25,2.0,17.149987588788413,19.869064069154575,19.86318922202312,18.27390767913306,17.864870675969847,17.75929668458428,16.10196422303243,16.93428497176484,16.40918285148498,15.607916742732796,1.0,1.0,1.0,1.0,1.0,1.0,1.0,1.0,1.0,1.0
632.5,3.0,0.0,0.0,0.0,0.0,0.0,0.0,0.0,0.0,0.0,0.0,0.0,0.0,0.0,0.0,0.0,0.0,0.0,0.0,0.0,0.0
632.75,4.0,0.0,0.0,0.0,0.0,0.0,0.0,0.0,0.0,0.0,0.0,0.0,0.0,0.0,0.0,0.0,0.0,0.0,0.0,0.0,0.0
633.0,1.0,17.11388723737015,17.440938566156074,17.348560491141182,17.366684505037227,17.00545314984322,16.78683744452797,16.77026158665423,17.915280195016106,16.990572495330888,15.844991687340553,1.0,1.0,1.0,1.0,1.0,1.0,1.0,1.0,1.0,1.0
633.25,2.0,18.606950542670322,19.443362763974672,18.45189568279785,16.788577949557357,15.625700488485345,16.866412323637448,15.941302096251952,17.327910433910418,16.13844644873058,15.12824598950644,1.0,1.0,1.0,1.0,1.0,1.0,1.0,1.0,1.0,1.0
633.5,3.0,0.0,0.0,0.0,0.0,0.0,0.0,0.0,0.0,0.0,0.0,0.0,0.0,0.0,0.0,0.0,0.0,0.0,0.0,0.0,0.0
633.75,4.0,20.081353720982985,19.365348381369078,18.86158020658229,19.077329104431467,19.91143189393544,20.97406100672161,22.24894653863895,22.789888908926784,21.517367122632066,20.681463676115953,1.0,1.0,1.0,1.0,1.0,1.0,1.0,1.0,1.0,1.0
634.0,1.0,16.500855105581405,17.211062028916494,17.507893864592692,17.742816902876474,16.161106100987183,16.26356693320488,15.995367724350123,16.534343300187658,15.930222680671154,15.365273250357058,1.0,1.0,1.0,1.0,1.0,1.0,1.0,1.0,1.0,1.0
634.25,2.0,0.0,0.0,0.0,0.0,0.0,0.0,0.0,0.0,0.0,0.0,0.0,0.0,0.0,0.0,0.0,0.0,0.0,0.0,0.0,0.0
634.5,3.0,19.093943526527585,19.44242307403329,20.04459772329238,18.331664190147425,17.542151888875097,17.32950680293117,16.930006785045595,15.18242225805346,16.23973359056684,15.382630913936682,1.0,1.0,1.0,1.0,1.0,1.0,1.0,1.0,1.0,1.0
634.75,4.0,18.91546338327591,18.35886444634686,18.87496351395954,17.608455601418587,18.498865979894948,20.618486986169735,21.205298587020845,21.479675809835634,19.983125243151672,19.98471629148212,1.0,1.0,1.0,1.0,1.0,1.0,1.0,1.0,1.0,1.0
635.0,1.0,16.000985996966865,16.61004424033908,17.37975468127557,16.9173466678296,16.025972314500713,15.695995345649997,15.881085223399202,16.29266165842968,15.075499581887122,15.059452901734177,1.0,1.0,1.0,1.0,1.0,1.0,1.0,1.0,1.0,1.0
635.25,2.0,18.953193834571852,18.174634253860717,18.51608895673304,16.510521774555674,15.69040815086758,15.605227462489921,14.433453293339758,15.071361383240875,14.023554557620328,12.493099330417447,1.0,1.0,1.0,1.0,1.0,1.0,1.0,1.0,1.0,1.0
635.5,3.0,0.0,0.0,0.0,0.0,0.0,0.0,0.0,0.0,0.0,0.0,0.0,0.0,0.0,0.0,0.0,0.0,0.0,0.0,0.0,0.0
635.75,4.0,18.633416280149188,17.923796694777515,18.335313911181924,18.553219988103145,17.699325484754162,19.884345281313944,20.082379143577054,20.57403163410386,20.30761315469373,20.325392032965706,1.0,1.0,1.0,1.0,1.0,1.0,1.0,1.0,1.0,1.0
636.0,1.0,16.73177049019132,16.917139552315223,17.965282587809266,17.014932596426632,15.425953660119456,15.08150604243049,15.255062369384877,15.630240484313866,14.813421822394123,15.325541619326833,1.0,1.0,1.0,1.0,1.0,1.0,1.0,1.0,1.0,1.0
636.25,2.0,0.0,0.0,0.0,0.0,0.0,0.0,0.0,0.0,0.0,0.0,0.0,0.0,0.0,0.0,0.0,0.0,0.0,0.0,0.0,0.0
636.5,3.0,18.0293133580159,19.584294889842596,18.799175995412348,17.323947006828405,16.46162182153593,16.871174089596007,16.027271859467525,15.698603338120773,17.246679286365826,16.043574490519347,1.0,1.0,1.0,1.0,1.0,1.0,1.0,1.0,1.0,1.0
636.75,4.0,17.87074235760005,17.11818482492183,18.880656786582946,19.216423356619785,17.81463892136181,20.02812595158819,20.317695570744593,20.27769934032002,19.919512929174683,19.599099448654766,1.0,1.0,1.0,1.0,1.0,1.0,1.0,1.0,1.0,1.0
637.0,1.0,0.0,0.0,0.0,0.0,0.0,0.0,0.0,0.0,0.0,0.0,0.0,0.0,0.0,0.0,0.0,0.0,0.0,0.0,0.0,0.0
637.25,2.0,0.0,0.0,0.0,0.0,0.0,0.0,0.0,0.0,0.0,0.0,0.0,0.0,0.0,0.0,0.0,0.0,0.0,0.0,0.0,0.0
637.5,3.0,18.36598547434634,19.048233857333635,17.144805348369967,16.183439833121536,16.070307552333027,17.310711120092737,17.017006489509694,17.280361206261126,17.25674462005399,16.37804791013392,1.0,1.0,1.0,1.0,1.0,1.0,1.0,1.0,1.0,1.0
637.75,4.0,0.0,0.0,0.0,0.0,0.0,0.0,0.0,0.0,0.0,0.0,0.0,0.0,0.0,0.0,0.0,0.0,0.0,0.0,0.0,0.0
638.0,1.0,16.845846329911264,17.82976974066901,16.943531983634305,15.446558232032926,14.708523222158817,14.622640264136713,14.929294980526224,15.616265175151801,15.454383501084378,15.847584741474202,1.0,1.0,1.0,1.0,1.0,1.0,1.0,1.0,1.0,1.0
638.25,2.0,17.427960851693474,16.54747755394583,14.11421607708846,13.16268447750021,12.576087292041725,12.501373655355348,12.607641972749294,14.202225909554352,14.111513339325887,14.362380354025351,1.0,1.0,1.0,1.0,1.0,1.0,1.0,1.0,1.0,1.0
638.5,3.0,0.0,0.0,0.0,0.0,0.0,0.0,0.0,0.0,0.0,0.0,0.0,0.0,0.0,0.0,0.0,0.0,0.0,0.0,0.0,0.0
638.75,4.0,17.0643250909081,17.035860643922963,17.83739360655056,17.385699401785782,16.564841718375227,17.640991610884072,17.312502169460675,17.65292457728347,16.803979167706856,18.520485458779618,1.0,1.0,1.0,1.0,1.0,1.0,1.0,1.0,1.0,1.0
639.0,1.0,16.61466265237587,16.985673081929,15.36894893699865,14.746207672157276,12.851131056473845,13.63778773133643,15.4129526647445,15.668836045290284,14.711992126248077,15.209830969829142,1.0,1.0,1.0,1.0,1.0,1.0,1.0,1.0,1.0,1.0
639.25,2.0,0.0,0.0,0.0,0.0,0.0,0.0,0.0,0.0,0.0,0.0,0.0,0.0,0.0,0.0,0.0,0.0,0.0,0.0,0.0,0.0
639.5,3.0,17.87589466603618,16.036789739650075,15.995198984966855,16.696661337365647,17.78568962076814,18.477705684301302,17.760665996262592,16.96161890520029,16.48785269592649,15.606813720352035,1.0,1.0,1.0,1.0,1.0,1.0,1.0,1.0,1.0,1.0
639.75,4.0,17.131719271420085,17.320425643806768,18.35443957935292,17.6478859376431,16.40610841641152,17.486065687603574,17.919344787165596,19.441291017690034,18.379629881371194,19.118409994813273,1.0,1.0,1.0,1.0,1.0,1.0,1.0,1.0,1.0,1.0
640.0,1.0,0.0,0.0,0.0,0.0,0.0,0.0,0.0,0.0,0.0,0.0,0.0,0.0,0.0,0.0,0.0,0.0,0.0,0.0,0.0,0.0
640.25,2.0,14.735987480029653,13.940104918708094,12.8829299484593,13.047570426123636,14.096701035526827,14.729596214197787,16.313531163800672,16.69197947242078,16.009067577649905,15.965298717452233,1.0,1.0,1.0,1.0,1.0,1.0,1.0,1.0,1.0,1.0
640.5,3.0,0.0,0.0,0.0,0.0,0.0,0.0,0.0,0.0,0.0,0.0,0.0,0.0,0.0,0.0,0.0,0.0,0.0,0.0,0.0,0.0
640.75,4.0,0.0,0.0,0.0,0.0,0.0,0.0,0.0,0.0,0.0,0.0,0.0,0.0,0.0,0.0,0.0,0.0,0.0,0.0,0.0,0.0
641.0,1.0,15.89907881713118,16.102294727870586,15.418050106108993,15.234749627225257,13.983270800729501,15.142263011343994,15.152969894635199,15.14073141686238,14.737714228952111,15.731273942236959,1.0,1.0,1.0,1.0,1.0,1.0,1.0,1.0,1.0,1.0
641.25,2.0,13.979906062107998,13.723635856823117,13.078042340599268,13.082051992634073,15.22954455772245,16.32273581287287,16.82568943613709,17.200526396142312,17.367101882525677,16.821630998522146,1.0,1.0,1.0,1.0,1.0,1.0,1.0,1.0,1.0,1.0
641.5,3.0,0.0,0.0,0.0,0.0,0.0,0.0,0.0,0.0,0.0,0.0,0.0,0.0,0.0,0.0,0.0,0.0,0.0,0.0,0.0,0.0
641.75,4.0,17.558268471808056,19.65722576564172,19.229128068615296,16.98516033528511,17.173838622537833,18.42847383526592,19.02558132693709,19.655401111137618,19.105308084928506,19.285224274425957,1.0,1.0,1.0,1.0,1.0,1.0,1.0,1.0,1.0,1.0
642.0,1.0,15.927542697145187,16.3518508026516,16.40053430826381,15.492443774112482,14.43493526929311,14.63886634264125,14.640518353949663,14.66656956028888,14.928650306430153,15.25940774008701,1.0,1.0,1.0,1.0,1.0,1.0,1.0,1.0,1.0,1.0
642.25,2.0,0.0,0.0,0.0,0.0,0.0,0.0,0.0,0.0,0.0,0.0,0.0,0.0,0.0,0.0,0.0,0.0,0.0,0.0,0.0,0.0
642.5,3.0,16.183794818318333,18.284212336879847,18.035639119440972,16.903626484088107,16.22700753984705,17.843792061577386,18.601769434690716,17.73400440836043,18.288490374669006,15.860185702576802,1.0,1.0,1.0,1.0,1.0,1.0,1.0,1.0,1.0,1.0
642.75,4.0,19.48701313004209,19.76346511912475,18.574114298174486,17.001434878031912,16.731403581983642,18.220318080191074,18.379705535262065,19.331938889444974,18.768419518087885,18.910524236396274,1.0,1.0,1.0,1.0,1.0,1.0,1.0,1.0,1.0,1.0
643.0,1.0,15.731143553241155,16.798594234157754,16.46400591873873,15.200429651402235,14.153039899243899,15.402095348328974,16.19841773773983,16.460020684038984,16.70988316468779,16.22165340484293,1.0,1.0,1.0,1.0,1.0,1.0,1.0,1.0,1.0,1.0
643.25,2.0,14.3328126639477,14.50285735435731,13.23609636010582,13.589488139850417,14.059939199847362,15.954768098059642,15.838601504368434,17.478978633158114,17.238814021007055,17.583342185351487,1.0,1.0,1.0,1.0,1.0,1.0,1.0,1.0,1.0,1.0
643.5,3.0,0.0,0.0,0.0,0.0,0.0,0.0,0.0,0.0,0.0,0.0,0.0,0.0,0.0,0.0,0.0,0.0,0.0,0.0,0.0,0.0
643.75,4.0,18.12702923859074,19.575089583483773,19.206693322452054,17.568654338477597,16.661737501337115,17.459193481744446,18.05799031613249,17.94149918254417,17.857911812995887,17.66890798576887,1.0,1.0,1.0,1.0,1.0,1.0,1.0,1.0,1.0,1.0
644.0,1.0,15.544521183870067,16.255729251875547,15.501064897934393,14.144471066568396,15.032406125823405,16.327960662815425,15.62136650134925,15.523647373893803,15.193825851727526,15.723004661503571,1.0,1.0,1.0,1.0,1.0,1.0,1.0,1.0,1.0,1.0
644.25,2.0,0.0,0.0,0.0,0.0,0.0,0.0,0.0,0.0,0.0,0.0,0.0,0.0,0.0,0.0,0.0,0.0,0.0,0.0,0.0,0.0
644.5,3.0,16.733520135005712,19.24718580044564,18.17281707947694,15.923483022931265,15.363381687600722,16.69551675499377,16.28967118549925,16.406764204468427,16.329429971026325,15.99906426531695,1.0,1.0,1.0,1.0,1.0,1.0,1.0,1.0,1.0,1.0
644.75,4.0,17.611950977457035,18.945194026237665,18.92406502056684,17.841473607268867,17.042930984226462,17.22406120188827,17.2688333134918,17.282145065989553,16.128458428159135,15.863409512948676,1.0,1.0,1.0,1.0,1.0,1.0,1.0,1.0,1.0,1.0
645.0,1.0,0.0,0.0,0.0,0.0,0.0,0.0,0.0,0.0,0.0,0.0,0.0,0.0,0.0,0.0,0.0,0.0,0.0,0.0,0.0,0.0
645.25,2.0,0.0,0.0,0.0,0.0,0.0,0.0,0.0,0.0,0.0,0.0,0.0,0.0,0.0,0.0,0.0,0.0,0.0,0.0,0.0,0.0
645.5,3.0,17.942844340413977,18.62074798327517,18.85049160897573,17.483528378473977,15.428604631557397,16.361202620064287,15.7461508071132,16.050193461680085,16.205719189857277,16.33096907501377,1.0,1.0,1.0,1.0,1.0,1.0,1.0,1.0,1.0,1.0
645.75,4.0,0.0,0.0,0.0,0.0,0.0,0.0,0.0,0.0,0.0,0.0,0.0,0.0,0.0,0.0,0.0,0.0,0.0,0.0,0.0,0.0
646.0,1.0,16.35951183153852,17.7828434654306,16.29814103409758,16.694082834351438,15.410122939833244,16.73955170474756,15.925102646653428,16.352956693993043,16.77383869699859,16.764856016042195,1.0,1.0,1.0,1.0,1.0,1.0,1.0,1.0,1.0,1.0
646.25,2.0,15.320380056584682,16.03486446023618,15.417396141986229,14.937937233170564,15.396039955342811,16.722239022935764,17.369442875705023,18.424740973450458,18.09774319848489,17.59716186160734,1.0,1.0,1.0,1.0,1.0,1.0,1.0,1.0,1.0,1.0
646.5,3.0,0.0,0.0,0.0,0.0,0.0,0.0,0.0,0.0,0.0,0.0,0.0,0.0,0.0,0.0,0.0,0.0,0.0,0.0,0.0,0.0
646.75,4.0,16.41544125369483,17.527714435974932,17.468798648811276,16.704966840889014,16.47555634255119,16.16291234807024,16.594629575286852,16.00533740607637,16.23148903074671,17.549679988580433,1.0,1.0,1.0,1.0,1.0,1.0,1.0,1.0,1.0,1.0
647.0,1.0,16.056241979465785,17.706556504355497,16.502274927362333,16.80769657724062,16.45707361231893,17.68185200375102,16.739258660356533,17.88724243565742,17.505488063374276,18.01417911292194,1.0,1.0,1.0,1.0,1.0,1.0,1.0,1.0,1.0,1.0
647.25,2.0,0.0,0.0,0.0,0.0,0.0,0.0,0.0,0.0,0.0,0.0,0.0,0.0,0.0,0.0,0.0,0.0,0.0,0.0,0.0,0.0
647.5,3.0,17.214530974350826,16.6198489078232,17.355202860974124,16.957000570237202,16.580442243321635,16.876777761572153,16.986706191243453,17.433838579602615,15.973392869994745,15.17941717960594,1.0,1.0,1.0,1.0,1.0,1.0,1.0,1.0,1.0,1.0
647.75,4.0,16.041404360579357,16.593528364311084,16.983395540690257,16.073149776415963,16.438960835105497,16.58161432957982,17.520967623582127,17.83413635873716,17.38937632480539,18.073924039821964,1.0,1.0,1.0,1.0,1.0,1.0,1.0,1.0,1.0,1.0
648.0,1.0,0.0,0.0,0.0,0.0,0.0,0.0,0.0,0.0,0.0,0.0,0.0,0.0,0.0,0.0,0.0,0.0,0.0,0.0,0.0,0.0
648.25,2.0,16.143094891195215,17.25783129508476,16.60400026144771,17.19580634753494,18.500454634762438,18.1034840410515,17.80149537158143,17.920005942160536,16.91964957720169,15.898250739760625,1.0,1.0,1.0,1.0,1.0,1.0,1.0,1.0,1.0,1.0
648.5,3.0,0.0,0.0,0.0,0.0,0.0,0.0,0.0,0.0,0.0,0.0,0.0,0.0,0.0,0.0,0.0,0.0,0.0,0.0,0.0,0.0
648.75,4.0,0.0,0.0,0.0,0.0,0.0,0.0,0.0,0.0,0.0,0.0,0.0,0.0,0.0,0.0,0.0,0.0,0.0,0.0,0.0,0.0
649.0,1.0,16.267473275144653,17.299763156426867,17.54543941473439,18.07457539809222,17.476522916514547,18.929035948608224,18.108703451951772,19.01806426704575,18.303291675706486,19.02463619976029,1.0,1.0,1.0,1.0,1.0,1.0,1.0,1.0,1.0,1.0
649.25,2.0,15.869750335928138,17.199015019633364,18.692667060950193,19.540290816442464,18.652252366162084,18.564635969715443,18.623685700133453,18.744908866125392,16.279185219269547,15.667530162016496,1.0,1.0,1.0,1.0,1.0,1.0,1.0,1.0,1.0,1.0
649.5,3.0,18.23656972433843,18.26161665692849,17.001060458402623,18.5335505311531,17.662251847861683,17.269455065655382,16.43823529613175,15.561196954932111,15.920620647737731,16.23105925103934,1.0,1.0,1.0,1.0,1.0,1.0,1.0,1.0,1.0,1.0
649.75,4.0,15.796381321680515,15.725936403062505,15.464047259725037,14.984710062016472,16.48990315702557,16.89868412932525,17.52316580910299,17.9105361824517,18.035782827652035,18.035312490611584,1.0,1.0,1.0,1.0,1.0,1.0,1.0,1.0,1.0,1.0
650.0,1.0,16.552934096555568,18.225448906690087,17.841474312173734,18.615757697256097,17.87174778841779,18.705331951464046,18.330337520326268,19.65347272377914,20.041189777166437,20.59877298403872,1.0,1.0,1.0,1.0,1.0,1.0,1.0,1.0,1.0,1.0
650.25,2.0,0.0,0.0,0.0,0.0,0.0,0.0,0.0,0.0,0.0,0.0,0.0,0.0,0.0,0.0,0.0,0.0,0.0,0.0,0.0,0.0
650.5,3.0,17.25219308065901,16.52152271886346,16.672286046955183,17.016074162913508,17.119651437502096,17.181916239695674,16.949694536480155,16.85641863973958,16.251360342681462,16.044227489975867,1.0,1.0,1.0,1.0,1.0,1.0,1.0,1.0,1.0,1.0
650.75,4.0,16.35079791113123,15.791420045767449,15.773568398063453,14.537821880704495,15.983265063238273,17.378470610723607,18.387193109758137,18.200632503276694,18.792453786176782,19.634790379556,1.0,1.0,1.0,1.0,1.0,1.0,1.0,1.0,1.0,1.0
651.0,1.0,17.85538213270958,18.823160304253634,17.897071075537465,17.49888294060828,17.204099795694063,18.614149208485152,18.99363032141071,20.702063720728113,20.33714336431119,20.976640576849665,1.0,1.0,1.0,1.0,1.0,1.0,1.0,1.0,1.0,1.0
651.25,2.0,15.100339141486193,18.133355004663255,19.370082560925784,19.10179105121975,17.9659771771052,17.48033473645127,16.738378188926117,16.987775855025802,16.710197123797556,16.190842598545515,1.0,1.0,1.0,1.0,1.0,1.0,1.0,1.0,1.0,1.0
651.5,3.0,0.0,0.0,0.0,0.0,0.0,0.0,0.0,0.0,0.0,0.0,0.0,0.0,0.0,0.0,0.0,0.0,0.0,0.0,0.0,0.0
651.75,4.0,17.416050254933317,15.363720568693255,15.352306022148868,14.605922723475242,16.974118250313317,18.680631669795673,18.817262787077933,18.8193577737819,19.452602267091923,19.478983136663196,1.0,1.0,1.0,1.0,1.0,1.0,1.0,1.0,1.0,1.0
652.0,1.0,18.278221909663877,19.059712129817502,17.378280572888237,18.657514107326726,18.779740843132327,20.080152581275332,20.479378823244108,21.503056064006426,20.86607808624875,20.918530458395622,1.0,1.0,1.0,1.0,1.0,1.0,1.0,1.0,1.0,1.0
652.25,2.0,0.0,0.0,0.0,0.0,0.0,0.0,0.0,0.0,0.0,0.0,0.0,0.0,0.0,0.0,0.0,0.0,0.0,0.0,0.0,0.0
652.5,3.0,16.35851331692849,17.123478813937613,15.756418395863163,15.303703872921469,16.745004350908594,17.35092856190797,16.658022491274835,16.769575619989766,16.732742037715642,16.603605308867863,1.0,1.0,1.0,1.0,1.0,1.0,1.0,1.0,1.0,1.0
652.75,4.0,15.751320860623906,15.816085638346133,15.508403693361162,15.911879993890064,17.136846171036584,18.08886946487992,18.362099289386617,18.22591627671602,18.22519910189615,18.87997646043171,1.0,1.0,1.0,1.0,1.0,1.0,1.0,1.0,1.0,1.0
653.0,1.0,0.0,0.0,0.0,0.0,0.0,0.0,0.0,0.0,0.0,0.0,0.0,0.0,0.0,0.0,0.0,0.0,0.0,0.0,0.0,0.0
653.25,2.0,0.0,0.0,0.0,0.0,0.0,0.0,0.0,0.0,0.0,0.0,0.0,0.0,0.0,0.0,0.0,0.0,0.0,0.0,0.0,0.0
653.5,3.0,16.488370405338507,15.330321431643897,15.480841574248315,16.530055421748465,15.861324370688887,17.324221787618775,17.015887480299217,17.516042262588225,17.638756110047794,17.088621478388067,1.0,1.0,1.0,1.0,1.0,1.0,1.0,1.0,1.0,1.0
653.75,4.0,0.0,0.0,0.0,0.0,0.0,0.0,0.0,0.0,0.0,0.0,0.0,0.0,0.0,0.0,0.0,0.0,0.0,0.0,0.0,0.0
654.0,1.0,18.78576011021148,19.69911002830593,19.983613545217768,20.33748981370271,20.27564296131478,19.808553427223117,19.87376305650723,21.976022555675428,21.926480759446296,22.554162083054482,1.0,1.0,1.0,1.0,1.0,1.0,1.0,1.0,1.0,1.0
654.25,2.0,15.885561861842183,16.655987832103477,17.52396710175971,15.707202193385399,15.561739181091697,15.27314786744651,15.681343352295674,14.785072517501677,15.279144844005712,14.497776851089691,1.0,1.0,1.0,1.0,1.0,1.0,1.0,1.0,1.0,1.0
654.5,3.0,0.0,0.0,0.0,0.0,0.0,0.0,0.0,0.0,0.0,0.0,0.0,0.0,0.0,0.0,0.0,0.0,0.0,0.0,0.0,0.0
654.75,4.0,15.359749557525776,14.914512122295967,17.38112052932944,16.22269089750956,15.536388613658845,16.673197236495795,16.637507912622286,17.81718889682008,17.271893965741214,17.34967397349102,1.0,1.0,1.0,1.0,1.0,1.0,1.0,1.0,1.0,1.0
655.0,1.0,17.871177833185865,19.18060648614895,19.569083908422133,20.302246895687265,19.96260530662887,20.79525804721586,21.535022940944664,22.703525822385828,22.540751757941962,22.456342682843566,1.0,1.0,1.0,1.0,1.0,1.0,1.0,1.0,1.0,1.0
655.25,2.0,0.0,0.0,0.0,0.0,0.0,0.0,0.0,0.0,0.0,0.0,0.0,0.0,0.0,0.0,0.0,0.0,0.0,0.0,0.0,0.0
655.5,3.0,15.697004271178274,16.850314893591175,18.023744881637274,18.055571474495117,16.570118822535076,18.308545788059337,17.80745645959174,18.661409520934406,18.294883284971682,18.064604008613493,1.0,1.0,1.0,1.0,1.0,1.0,1.0,1.0,1.0,1.0
655.75,4.0,15.999363832275543,14.907923009776638,16.87790457097089,15.864683102251034,16.57259837451479,17.312730447810853,16.850867458309462,18.31812214453645,17.285451154429232,17.68922082856386,1.0,1.0,1.0,1.0,1.0,1.0,1.0,1.0,1.0,1.0
656.0,1.0,0.0,0.0,0.0,0.0,0.0,0.0,0.0,0.0,0.0,0.0,0.0,0.0,0.0,0.0,0.0,0.0,0.0,0.0,0.0,0.0
656.25,2.0,15.805283037368952,17.15256950299832,17.865722521172682,17.08507342322215,16.45106002032043,16.36425616345796,15.43565756564298,16.381118183033383,16.20521747187622,16.55717405592633,1.0,1.0,1.0,1.0,1.0,1.0,1.0,1.0,1.0,1.0
656.5,3.0,0.0,0.0,0.0,0.0,0.0,0.0,0.0,0.0,0.0,0.0,0.0,0.0,0.0,0.0,0.0,0.0,0.0,0.0,0.0,0.0
656.75,4.0,0.0,0.0,0.0,0.0,0.0,0.0,0.0,0.0,0.0,0.0,0.0,0.0,0.0,0.0,0.0,0.0,0.0,0.0,0.0,0.0
657.0,1.0,17.76378112550933,20.702809530230986,19.398511804194232,19.91388915268999,21.666205444381706,22.35687883425012,23.155807770014214,22.778233106399384,22.6921685166819,22.951156372014218,1.0,1.0,1.0,1.0,1.0,1.0,1.0,1.0,1.0,1.0
657.25,2.0,15.7083401527187,16.01028085989804,16.567677229327874,17.43155943793378,16.304976753419368,15.912853473486212,14.331847524997139,16.169040259709615,16.171575469229573,16.933997641564513,1.0,1.0,1.0,1.0,1.0,1.0,1.0,1.0,1.0,1.0
657.5,3.0,15.964183625013037,17.750153116171358,17.794276597187633,16.623322659932356,17.352555741943043,17.97891038302863,17.91996494617131,18.46310519802302,18.758348036255697,18.32509279875046,1.0,1.0,1.0,1.0,1.0,1.0,1.0,1.0,1.0,1.0
657.75,4.0,16.711209027389337,16.66213886238745,16.038584844995942,15.585956195517992,18.01681124932924,17.179778758036186,17.292722515565714,18.821756867182323,18.180425718632435,18.47598483316875,1.0,1.0,1.0,1.0,1.0,1.0,1.0,1.0,1.0,1.0
658.0,1.0,18.99394487900974,20.37034441359387,19.84247471396964,20.107670070048716,22.734020707622964,22.586394120089256,22.67306053166209,22.771063593396864,23.140285842851522,23.395724321485268,1.0,1.0,1.0,1.0,1.0,1.0,1.0,1.0,1.0,1.0
658.25,2.0,0.0,0.0,0.0,0.0,0.0,0.0,0.0,0.0,0.0,0.0,0.0,0.0,0.0,0.0,0.0,0.0,0.0,0.0,0.0,0.0
658.5,3.0,17.082978488083896,16.864986700065472,16.59226982269811,16.54163384591061,19.221590749655512,20.005528603813453,20.185173484524555,19.735181359321512,19.40738652507473,18.404832506112285,1.0,1.0,1.0,1.0,1.0,1.0,1.0,1.0,1.0,1.0
658.75,4.0,17.76459706484952,17.777050467580864,16.504549683314924,16.289292640422147,16.791115419751236,16.37175483217593,16.676270067655892,17.52994480580581,17.070468697974658,18.07247578659437,1.0,1.0,1.0,1.0,1.0,1.0,1.0,1.0,1.0,1.0
659.0,1.0,18.493538680073105,19.553213518052825,18.800771912799384,19.51126498783296,22.02091022820938,22.299580866099767,23.092297446725276,23.611024343743644,22.93642918589384,23.240950013355683,1.0,1.0,1.0,1.0,1.0,1.0,1.0,1.0,1.0,1.0
659.25,2.0,16.235473053202032,16.93407633860439,16.877167374100278,16.227487289507803,17.014101291393754,17.42466866162253,15.626577507948712,16.200646640299414,16.229213842649333,15.735739255781855,1.0,1.0,1.0,1.0,1.0,1.0,1.0,1.0,1.0,1.0
659.5,3.0,0.0,0.0,0.0,0.0,0.0,0.0,0.0,0.0,0.0,0.0,0.0,0.0,0.0,0.0,0.0,0.0,0.0,0.0,0.0,0.0
659.75,4.0,17.852334385196144,17.3104589999112,17.72900997648077,17.05755082768054,16.29752637857678,16.89467331478154,17.546102557721536,17.824945986379426,17.793467963384277,18.073941029856005,1.0,1.0,1.0,1.0,1.0,1.0,1.0,1.0,1.0,1.0
