time,beamID,lineOfSightWindSpeed1,lineOfSightWindSpeed2,lineOfSightWindSpeed3,lineOfSightWindSpeed4,lineOfSightWindSpeed5,lineOfSightWindSpeed6,lineOfSightWindSpeed7,lineOfSightWindSpeed8,lineOfSightWindSpeed9,lineOfSightWindSpeed10,isValid1,isValid2,isValid3,isValid4,isValid5,isValid6,isValid7,isValid8,isValid9,isValid10
0.0,1.0,16.678114170966346,16.175203426148627,16.56339447763546,18.469750970237886,19.048406990667093,19.54557483995629,18.906930469930174,18.268801890773585,17.680453361674008,17.833110351994936,1.0,1.0,1.0,1.0,1.0,1.0,1.0,1.0,1.0,1.0
0.25,2.0,15.112176054361438,15.18442917542809,17.23489239007071,17.116655289661768,14.173923313643932,13.311889026565577,13.398300198868451,14.071719766620186,14.06402119601539,13.819403730025211,1.0,1.0,1.0,1.0,1.0,1.0,1.0,1.0,1.0,1.0
0.5,3.0,0.0,0.0,0.0,0.0,0.0,0.0,0.0,0.0,0.0,0.0,0.0,0.0,0.0,0.0,0.0,0.0,0.0,0.0,0.0,0.0
0.75,4.0,17.5229822498409,17.29150068392223,18.691304921531273,18.56872645383742,19.748226930807533,19.525202982097014,20.037517892096833,19.816315285095136,19.00795087200746,19.157968012154985,1.0,1.0,1.0,1.0,1.0,1.0,1.0,1.0,1.0,1.0
1.0,1.0,16.124041932393332,17.169464196716632,17.32900339876524,18.75761745075055,18.605118136595635,19.582580444179726,19.146748815729996,18.800037866285347,18.010732949698554,18.077319639271067,1.0,1.0,1.0,1.0,1.0,1.0,1.0,1.0,1.0,1.0
1.25,2.0,16.346567508265167,16.430655800140936,16.65635779734903,14.149752066488261,14.332256722342876,14.851465665362914,15.340931155402513,15.55648849477904,15.148212355067002,14.834623131740138,1.0,1.0,1.0,1.0,1.0,1.0,1.0,1.0,1.0,1.0
1.5,3.0,17.747198151464893,16.946396076620076,15.929999699125801,16.707034758444507,16.90034930529075,15.603722988920438,15.888406151860902,15.832666421448728,15.771938602105166,15.366658280160827,1.0,1.0,1.0,1.0,1.0,1.0,1.0,1.0,1.0,1.0
1.75,4.0,17.55737393063109,18.777352231149333,19.39075277505329,20.05472606836344,20.12749741142082,19.148737794009055,20.658990556666954,19.442055991550745,19.112223837021233,18.614390432365163,1.0,1.0,1.0,1.0,1.0,1.0,1.0,1.0,1.0,1.0
2.0,1.0,0.0,0.0,0.0,0.0,0.0,0.0,0.0,0.0,0.0,0.0,0.0,0.0,0.0,0.0,0.0,0.0,0.0,0.0,0.0,0.0
2.25,2.0,0.0,0.0,0.0,0.0,0.0,0.0,0.0,0.0,0.0,0.0,0.0,0.0,0.0,0.0,0.0,0.0,0.0,0.0,0.0,0.0
2.5,3.0,18.179988161486055,17.174190044040113,16.959760713319664,17.250968629137763,17.07047632605702,16.331817307245394,16.978032169932018,16.076962127655754,15.271221138732134,15.302406939074208,1.0,1.0,1.0,1.0,1.0,1.0,1.0,1.0,1.0,1.0
2.75,4.0,0.0,0.0,0.0,0.0,0.0,0.0,0.0,0.0,0.0,0.0,0.0,0.0,0.0,0.0,0.0,0.0,0.0,0.0,0.0,0.0
3.0,1.0,17.971640168957173,18.559035112352557,18.045523798562137,19.55104316813274,19.715155903926256,19.375492454610946,18.89070550156194,18.96144765680998,17.91935988425519,19.321150112550356,1.0,1.0,1.0,1.0,1.0,1.0,1.0,1.0,1.0,1.0
3.25,2.0,17.079930189295,16.450859912005797,14.572891575581409,14.324482820550362,14.206846145490566,14.237103253187193,14.977442179561246,14.506782681475704,14.662914892035754,14.960371289498871,1.0,1.0,1.0,1.0,1.0,1.0,1.0,1.0,1.0,1.0
3.5,3.0,0.0,0.0,0.0,0.0,0.0,0.0,0.0,0.0,0.0,0.0,0.0,0.0,0.0,0.0,0.0,0.0,0.0,0.0,0.0,0.0
3.75,4.0,17.837359002087084,17.940668697885446,19.368355538934118,20.991680698538072,21.833965328782728,20.641399274484513,20.77665505896734,20.222081639595547,18.625532533838413,18.818415697326195,1.0,1.0,1.0,1.0,1.0,1.0,1.0,1.0,1.0,1.0
4.0,1.0,18.194222047368402,19.270950954902897,18.909802524550162,19.88517631535332,20.062615754354404,19.83553181057088,19.439025169723173,19.633060436680395,18.378689713140275,18.60063777518352,1.0,1.0,1.0,1.0,1.0,1.0,1.0,1.0,1.0,1.0
4.25,2.0,0.0,0.0,0.0,0.0,0.0,0.0,0.0,0.0,0.0,0.0,0.0,0.0,0.0,0.0,0.0,0.0,0.0,0.0,0.0,0.0
4.5,3.0,17.807194912254477,17.68636102947942,18.701611599236774,16.577227036160487,14.081853896938789,13.650069982907889,13.524349289356854,13.297539266003204,13.303214761859934,14.24878860499431,1.0,1.0,1.0,1.0,1.0,1.0,1.0,1.0,1.0,1.0
4.75,4.0,18.367040782138705,18.544602915811492,20.173807667835202,21.358691680364586,22.496660702195957,21.498461026777505,21.604588874191627,19.783827400452605,18.904207219579778,18.822528723926787,1.0,1.0,1.0,1.0,1.0,1.0,1.0,1.0,1.0,1.0
5.0,1.0,0.0,0.0,0.0,0.0,0.0,0.0,0.0,0.0,0.0,0.0,0.0,0.0,0.0,0.0,0.0,0.0,0.0,0.0,0.0,0.0
5.25,2.0,16.388049075641273,15.358354536174929,15.28916902404169,14.937342934097543,15.827181452921366,15.42936972421771,15.413580891819644,14.800625728959174,15.74475338220594,15.204294148368247,1.0,1.0,1.0,1.0,1.0,1.0,1.0,1.0,1.0,1.0
5.5,3.0,0.0,0.0,0.0,0.0,0.0,0.0,0.0,0.0,0.0,0.0,0.0,0.0,0.0,0.0,0.0,0.0,0.0,0.0,0.0,0.0
5.75,4.0,0.0,0.0,0.0,0.0,0.0,0.0,0.0,0.0,0.0,0.0,0.0,0.0,0.0,0.0,0.0,0.0,0.0,0.0,0.0,0.0
6.0,1.0,18.809502643990843,21.100465330034165,18.88922605705064,18.759265859030524,20.6235710284794,20.56059891832215,20.267899053185033,20.027097672766143,19.251734275706344,19.3501796847244,1.0,1.0,1.0,1.0,1.0,1.0,1.0,1.0,1.0,1.0
6.25,2.0,15.762331076112892,14.916559214715747,14.84242103235195,15.039743863224775,16.14588435868952,15.92588401548311,15.739852876868909,15.675681425232396,15.348087801634438,15.60655271035324,1.0,1.0,1.0,1.0,1.0,1.0,1.0,1.0,1.0,1.0
6.5,3.0,0.0,0.0,0.0,0.0,0.0,0.0,0.0,0.0,0.0,0.0,0.0,0.0,0.0,0.0,0.0,0.0,0.0,0.0,0.0,0.0
6.75,4.0,18.130006318875772,19.528437682565166,19.326079785400143,19.676799901676247,21.998385283118584,21.11450239537786,20.415291123349533,19.140745125521615,18.303407308406324,17.691632921635144,1.0,1.0,1.0,1.0,1.0,1.0,1.0,1.0,1.0,1.0
7.0,1.0,18.58020438793994,19.751201937875173,18.195976479547824,19.445164629403394,21.439685176018386,21.24918190082826,20.167439954441573,19.694826101853568,18.82297689761749,18.73155258792717,1.0,1.0,1.0,1.0,1.0,1.0,1.0,1.0,1.0,1.0
7.25,2.0,0.0,0.0,0.0,0.0,0.0,0.0,0.0,0.0,0.0,0.0,0.0,0.0,0.0,0.0,0.0,0.0,0.0,0.0,0.0,0.0
7.5,3.0,16.730312179155852,16.560161480675163,16.51873551775561,15.496511002305454,15.413515940324595,14.630287036733362,13.104805089222,12.90507114067471,14.171950509067985,15.962367498700441,1.0,1.0,1.0,1.0,1.0,1.0,1.0,1.0,1.0,1.0
7.75,4.0,18.938359864778164,19.143970036507405,18.619684349771468,20.04724756955513,20.30650420811718,20.263768604760457,19.13027413352096,18.26485127745691,16.549205042498244,16.165659446741493,1.0,1.0,1.0,1.0,1.0,1.0,1.0,1.0,1.0,1.0
8.0,1.0,18.405222832676237,18.623232606280723,18.194461970475846,20.62301059970619,21.10529875799091,20.61650328797404,19.88776628407282,19.38256239106019,18.42763686560576,19.06266297047535,1.0,1.0,1.0,1.0,1.0,1.0,1.0,1.0,1.0,1.0
8.25,2.0,15.144941696838261,15.120276114378479,13.742408931745707,13.881754673501085,14.320423422113034,14.579776010852797,15.568452633953678,14.860176857463104,13.894316809347655,14.531441808778967,1.0,1.0,1.0,1.0,1.0,1.0,1.0,1.0,1.0,1.0
8.5,3.0,0.0,0.0,0.0,0.0,0.0,0.0,0.0,0.0,0.0,0.0,0.0,0.0,0.0,0.0,0.0,0.0,0.0,0.0,0.0,0.0
8.75,4.0,18.36317113442619,18.69240347343717,18.669422134329853,20.262592216125736,20.2189802297867,18.917662346126907,17.597270835800412,17.14285080692375,16.482454234671753,15.887163211887154,1.0,1.0,1.0,1.0,1.0,1.0,1.0,1.0,1.0,1.0
9.0,1.0,18.25077299343674,18.550798807661366,19.070649081933446,19.92524227639382,21.10451715334428,19.937711747605203,19.426159242895626,19.87486233339196,19.455303492614338,19.83630327056833,1.0,1.0,1.0,1.0,1.0,1.0,1.0,1.0,1.0,1.0
9.25,2.0,0.0,0.0,0.0,0.0,0.0,0.0,0.0,0.0,0.0,0.0,0.0,0.0,0.0,0.0,0.0,0.0,0.0,0.0,0.0,0.0
9.5,3.0,15.904712786184506,14.872439859605135,16.07442105542158,14.63509101544899,15.300812546904321,13.737348549889646,13.19376804800463,14.472908046426017,14.792653038427947,15.644509663294835,1.0,1.0,1.0,1.0,1.0,1.0,1.0,1.0,1.0,1.0
9.75,4.0,18.01412319724874,17.80724718583243,18.4762566675244,21.211854519095784,19.46702705036628,17.72186740904828,16.120318286554824,16.602174737150474,16.839714735520847,16.312550199476355,1.0,1.0,1.0,1.0,1.0,1.0,1.0,1.0,1.0,1.0
10.0,1.0,0.0,0.0,0.0,0.0,0.0,0.0,0.0,0.0,0.0,0.0,0.0,0.0,0.0,0.0,0.0,0.0,0.0,0.0,0.0,0.0
10.25,2.0,0.0,0.0,0.0,0.0,0.0,0.0,0.0,0.0,0.0,0.0,0.0,0.0,0.0,0.0,0.0,0.0,0.0,0.0,0.0,0.0
10.5,3.0,15.779019951002246,14.380387874054703,14.812861093286555,13.720120652209953,14.683601284541643,14.517139425074186,13.567821684069848,14.748546556064317,14.966845523890955,15.492649397254693,1.0,1.0,1.0,1.0,1.0,1.0,1.0,1.0,1.0,1.0
10.75,4.0,0.0,0.0,0.0,0.0,0.0,0.0,0.0,0.0,0.0,0.0,0.0,0.0,0.0,0.0,0.0,0.0,0.0,0.0,0.0,0.0
11.0,1.0,18.118002464176715,18.3660976497938,18.990369064385117,19.61698545660922,19.658508102124028,18.634843115645,20.517635568308695,20.801384697362426,19.229054530030403,18.830925867144483,1.0,1.0,1.0,1.0,1.0,1.0,1.0,1.0,1.0,1.0
11.25,2.0,13.70919482114682,13.632465688558323,14.574668592197838,15.687526785558081,14.037676953551852,14.068573184575833,13.238079742449571,13.9371127505511,13.73015997831634,14.706052353348106,1.0,1.0,1.0,1.0,1.0,1.0,1.0,1.0,1.0,1.0
11.5,3.0,0.0,0.0,0.0,0.0,0.0,0.0,0.0,0.0,0.0,0.0,0.0,0.0,0.0,0.0,0.0,0.0,0.0,0.0,0.0,0.0
11.75,4.0,17.673903604812498,18.353017720749214,17.544377507542794,16.99522892370896,15.875674523173608,14.94178638190242,15.07895531332315,14.910128074329352,16.573814870674536,16.367202991383746,1.0,1.0,1.0,1.0,1.0,1.0,1.0,1.0,1.0,1.0
12.0,1.0,18.996671781788802,17.755526853730267,18.265781770516032,18.970899052258705,19.897086552009817,19.15743266120074,20.67776876849562,19.996585872324776,18.809328834770334,18.22406454682528,1.0,1.0,1.0,1.0,1.0,1.0,1.0,1.0,1.0,1.0
12.25,2.0,0.0,0.0,0.0,0.0,0.0,0.0,0.0,0.0,0.0,0.0,0.0,0.0,0.0,0.0,0.0,0.0,0.0,0.0,0.0,0.0
12.5,3.0,15.495238100648029,14.875446795769786,15.081504885721696,14.54380935937007,14.374475043772293,14.099642865495971,14.872468011603315,14.749362670565604,15.395485648437006,15.685940441458852,1.0,1.0,1.0,1.0,1.0,1.0,1.0,1.0,1.0,1.0
12.75,4.0,18.65696253034842,18.047011933576012,17.063666380008094,16.79008135126292,14.998751699020291,15.244220091290682,16.237266804825648,16.25680604111015,16.643874086068642,16.609276462256325,1.0,1.0,1.0,1.0,1.0,1.0,1.0,1.0,1.0,1.0
13.0,1.0,0.0,0.0,0.0,0.0,0.0,0.0,0.0,0.0,0.0,0.0,0.0,0.0,0.0,0.0,0.0,0.0,0.0,0.0,0.0,0.0
13.25,2.0,14.537915354295476,14.153122301034903,14.75799182061309,14.131593934591242,13.614381611664658,13.689397847194597,14.60176480685765,14.645003389265044,15.547640432206578,16.30781546344669,1.0,1.0,1.0,1.0,1.0,1.0,1.0,1.0,1.0,1.0
13.5,3.0,0.0,0.0,0.0,0.0,0.0,0.0,0.0,0.0,0.0,0.0,0.0,0.0,0.0,0.0,0.0,0.0,0.0,0.0,0.0,0.0
13.75,4.0,0.0,0.0,0.0,0.0,0.0,0.0,0.0,0.0,0.0,0.0,0.0,0.0,0.0,0.0,0.0,0.0,0.0,0.0,0.0,0.0
14.0,1.0,16.898913764726554,17.420142293892763,18.67450720646453,19.095155129846436,18.052228191986046,17.899233350736914,18.459702636234592,18.94451424972313,17.082058092538464,16.33008236071882,1.0,1.0,1.0,1.0,1.0,1.0,1.0,1.0,1.0,1.0
14.25,2.0,15.719172522934269,14.382723449281736,14.364801398461328,14.170902183565179,14.386341781334336,15.069622115475267,15.233417583445341,15.333944835347257,16.331713994524375,17.2795331862032,1.0,1.0,1.0,1.0,1.0,1.0,1.0,1.0,1.0,1.0
14.5,3.0,0.0,0.0,0.0,0.0,0.0,0.0,0.0,0.0,0.0,0.0,0.0,0.0,0.0,0.0,0.0,0.0,0.0,0.0,0.0,0.0
14.75,4.0,16.941031038703592,15.416039056326042,14.928368726708051,16.12339167655907,14.585836432076619,15.15204054772883,15.503145539606841,15.775277644338225,16.717048988223713,16.76654322321965,1.0,1.0,1.0,1.0,1.0,1.0,1.0,1.0,1.0,1.0
15.0,1.0,17.402152683181498,18.496859020388506,19.72442257825089,18.522591258086965,17.401332380942208,17.013202392326743,17.46539820902062,17.78383918411306,16.488608554345664,16.5153142349645,1.0,1.0,1.0,1.0,1.0,1.0,1.0,1.0,1.0,1.0
15.25,2.0,0.0,0.0,0.0,0.0,0.0,0.0,0.0,0.0,0.0,0.0,0.0,0.0,0.0,0.0,0.0,0.0,0.0,0.0,0.0,0.0
15.5,3.0,17.333077837938372,16.844184268305913,16.551843141230503,15.733140203857978,15.967297223408211,15.841477655068898,15.709871230490739,15.997355111279731,15.266497204422826,15.588193226315461,1.0,1.0,1.0,1.0,1.0,1.0,1.0,1.0,1.0,1.0
15.75,4.0,16.392893478136155,16.096026313331492,15.603769610772467,17.54544776117517,16.672072710958666,17.59588232013584,17.440568651402266,17.212005885782634,16.95422817007243,16.03399004417557,1.0,1.0,1.0,1.0,1.0,1.0,1.0,1.0,1.0,1.0
16.0,1.0,17.29095761823624,18.561737454125304,18.65621930521281,17.729793293002107,16.251313700624397,16.079199037052835,16.64373278801704,17.138046312825022,16.024000386305982,15.350761748776305,1.0,1.0,1.0,1.0,1.0,1.0,1.0,1.0,1.0,1.0
16.25,2.0,14.461202500407145,13.308933920366758,13.36209851179832,14.038064169896279,14.929914045839244,15.720371190929015,16.023569039388544,16.89127249270561,17.392804019755808,16.70384073926001,1.0,1.0,1.0,1.0,1.0,1.0,1.0,1.0,1.0,1.0
16.5,3.0,0.0,0.0,0.0,0.0,0.0,0.0,0.0,0.0,0.0,0.0,0.0,0.0,0.0,0.0,0.0,0.0,0.0,0.0,0.0,0.0
16.75,4.0,15.970411522818752,16.3252265119425,16.816083984951984,17.381670880221815,17.540328469897577,19.178644414214354,17.755304339765704,17.455645262767305,16.95405099306719,16.01167069190849,1.0,1.0,1.0,1.0,1.0,1.0,1.0,1.0,1.0,1.0
17.0,1.0,17.377571385485158,16.76758763308364,17.519283784678237,18.3915756355058,16.126267420137893,16.281049472714017,16.318378289323242,16.370445077996806,15.938326881515758,16.111381603523803,1.0,1.0,1.0,1.0,1.0,1.0,1.0,1.0,1.0,1.0
17.25,2.0,0.0,0.0,0.0,0.0,0.0,0.0,0.0,0.0,0.0,0.0,0.0,0.0,0.0,0.0,0.0,0.0,0.0,0.0,0.0,0.0
17.5,3.0,17.69206455356134,16.668393156145797,15.983678102127062,16.103435878016395,14.427937213017728,14.343157498193913,15.021827967381984,15.203103066508477,15.486369609895668,15.719558527109417,1.0,1.0,1.0,1.0,1.0,1.0,1.0,1.0,1.0,1.0
17.75,4.0,16.221344910293347,16.514241102400863,17.160626786994488,18.495738171187057,18.256634578447468,19.19658061280126,18.46813832772759,17.935899914941338,17.39580186015191,16.71364817976596,1.0,1.0,1.0,1.0,1.0,1.0,1.0,1.0,1.0,1.0
18.0,1.0,0.0,0.0,0.0,0.0,0.0,0.0,0.0,0.0,0.0,0.0,0.0,0.0,0.0,0.0,0.0,0.0,0.0,0.0,0.0,0.0
18.25,2.0,0.0,0.0,0.0,0.0,0.0,0.0,0.0,0.0,0.0,0.0,0.0,0.0,0.0,0.0,0.0,0.0,0.0,0.0,0.0,0.0
18.5,3.0,16.4755213376351,16.51182403950301,17.097055778630637,15.510523416120199,14.362165956541551,14.901174732395797,15.555703801090816,15.293503222857897,15.060509137413627,14.791434185697204,1.0,1.0,1.0,1.0,1.0,1.0,1.0,1.0,1.0,1.0
18.75,4.0,0.0,0.0,0.0,0.0,0.0,0.0,0.0,0.0,0.0,0.0,0.0,0.0,0.0,0.0,0.0,0.0,0.0,0.0,0.0,0.0
19.0,1.0,17.44839881840248,17.33394024645258,16.73718496014303,16.476735096737652,16.827977057644542,16.420071875491093,16.65968670784084,15.730483122708051,14.977427576757728,14.84567997661316,1.0,1.0,1.0,1.0,1.0,1.0,1.0,1.0,1.0,1.0
19.25,2.0,13.09772554172154,12.279332181230108,14.051980351234407,14.94551332668278,15.608023786588472,15.841019212022427,15.391375130054483,16.06441008387624,16.611473552804632,17.24640900165312,1.0,1.0,1.0,1.0,1.0,1.0,1.0,1.0,1.0,1.0
19.5,3.0,0.0,0.0,0.0,0.0,0.0,0.0,0.0,0.0,0.0,0.0,0.0,0.0,0.0,0.0,0.0,0.0,0.0,0.0,0.0,0.0
19.75,4.0,15.454250549109988,15.656827520359844,17.334709417552226,15.86145027332618,17.60698419806095,16.79272309292972,16.663211733605003,16.35531301837626,15.606168531397952,16.37084881381984,1.0,1.0,1.0,1.0,1.0,1.0,1.0,1.0,1.0,1.0
20.0,1.0,18.144567629231027,18.322664230226202,16.841841637702526,16.513514306610094,15.299809740534613,15.459073342227102,16.74979737483991,15.90850735856831,15.38903260650944,16.0560237780763,1.0,1.0,1.0,1.0,1.0,1.0,1.0,1.0,1.0,1.0
20.25,2.0,0.0,0.0,0.0,0.0,0.0,0.0,0.0,0.0,0.0,0.0,0.0,0.0,0.0,0.0,0.0,0.0,0.0,0.0,0.0,0.0
20.5,3.0,16.278342322882068,16.730077210410666,15.010569089957945,13.38680073078742,14.480659213123666,15.741447914517742,16.96778509835204,16.869477245795938,15.807910213749373,15.869943451917514,1.0,1.0,1.0,1.0,1.0,1.0,1.0,1.0,1.0,1.0
20.75,4.0,17.226297820180488,16.684846265244992,16.165296449674415,15.951373458558365,16.032756030978774,15.215026580679435,15.697084953599825,15.286282900107022,15.921530941522672,16.1494111850376,1.0,1.0,1.0,1.0,1.0,1.0,1.0,1.0,1.0,1.0
21.0,1.0,0.0,0.0,0.0,0.0,0.0,0.0,0.0,0.0,0.0,0.0,0.0,0.0,0.0,0.0,0.0,0.0,0.0,0.0,0.0,0.0
21.25,2.0,13.86648692335335,13.968924842020606,15.686803859227552,16.04289721191139,14.496700470505552,16.07703709125873,16.299897782879825,16.911866334323324,17.380509356812603,18.576550907149986,1.0,1.0,1.0,1.0,1.0,1.0,1.0,1.0,1.0,1.0
21.5,3.0,0.0,0.0,0.0,0.0,0.0,0.0,0.0,0.0,0.0,0.0,0.0,0.0,0.0,0.0,0.0,0.0,0.0,0.0,0.0,0.0
21.75,4.0,0.0,0.0,0.0,0.0,0.0,0.0,0.0,0.0,0.0,0.0,0.0,0.0,0.0,0.0,0.0,0.0,0.0,0.0,0.0,0.0
22.0,1.0,18.474549295544456,18.729859641638473,18.210241248048366,15.991520640166762,15.20631417816819,15.635613174373928,16.259933304193588,16.906781828821572,17.881266530126148,17.81383934571249,1.0,1.0,1.0,1.0,1.0,1.0,1.0,1.0,1.0,1.0
22.25,2.0,15.887304667831357,15.090748993491662,16.217197744110962,17.184620016160334,15.372105350976081,17.087930426216232,17.251948121576397,17.762140679820348,17.948142638097895,18.99179698793938,1.0,1.0,1.0,1.0,1.0,1.0,1.0,1.0,1.0,1.0
22.5,3.0,16.461861119155778,17.100177939989045,15.59619217924584,14.650500548095023,14.875620725910265,16.66982322359977,15.961952963090045,15.714006957583933,14.445904650833294,15.459982842631364,1.0,1.0,1.0,1.0,1.0,1.0,1.0,1.0,1.0,1.0
22.75,4.0,17.471730744776444,17.013173796766253,16.063863971343547,16.054154050752622,14.739280663570627,15.263485299264957,16.667429351279736,17.05593765856614,18.321779177565354,18.39645312940823,1.0,1.0,1.0,1.0,1.0,1.0,1.0,1.0,1.0,1.0
23.0,1.0,19.53275452363684,19.513082902743886,17.564780581146923,16.279965378660425,15.856721725119987,16.542543741314326,17.737745635215,17.249551766060144,17.699758795439035,17.303530811653037,1.0,1.0,1.0,1.0,1.0,1.0,1.0,1.0,1.0,1.0
23.25,2.0,0.0,0.0,0.0,0.0,0.0,0.0,0.0,0.0,0.0,0.0,0.0,0.0,0.0,0.0,0.0,0.0,0.0,0.0,0.0,0.0
23.5,3.0,16.04199810384294,16.757891803380968,15.053281257671202,14.441983009257138,14.579452892323548,14.986590692917346,14.719827709871938,13.790840868996414,13.394497985954555,14.638754404594374,1.0,1.0,1.0,1.0,1.0,1.0,1.0,1.0,1.0,1.0
23.75,4.0,18.001663880645506,16.55582625930834,15.633516649552606,16.764850769811115,15.42749966920784,16.465952444278063,17.83684600751961,19.0285112875589,20.373265610768268,20.44824811206335,1.0,1.0,1.0,1.0,1.0,1.0,1.0,1.0,1.0,1.0
24.0,1.0,20.26416523513513,18.985250630261902,16.72271859944275,15.588974019751026,16.39997088022206,17.31952043607854,17.799658986474473,18.854217272541828,18.146550749631036,18.644208617161322,1.0,1.0,1.0,1.0,1.0,1.0,1.0,1.0,1.0,1.0
24.25,2.0,17.26651844808236,16.317066578220754,16.54649854523423,17.908975604444105,18.342105184861214,19.111314357553216,18.94405556274238,19.039403693848165,18.570830361261184,18.351912044282138,1.0,1.0,1.0,1.0,1.0,1.0,1.0,1.0,1.0,1.0
24.5,3.0,0.0,0.0,0.0,0.0,0.0,0.0,0.0,0.0,0.0,0.0,0.0,0.0,0.0,0.0,0.0,0.0,0.0,0.0,0.0,0.0
24.75,4.0,17.31947852159623,16.635144249057827,16.968059176037514,16.742560238627142,16.307052432814427,18.428698099959195,20.050795870763856,20.613137265697542,21.277542774029605,20.820185426065414,1.0,1.0,1.0,1.0,1.0,1.0,1.0,1.0,1.0,1.0
25.0,1.0,18.662631125939768,17.4790696780767,15.961420165877017,16.232766634767795,16.70016167905028,17.507170762138497,18.420226136202157,19.49538007087236,18.84076435570873,19.24672092301426,1.0,1.0,1.0,1.0,1.0,1.0,1.0,1.0,1.0,1.0
25.25,2.0,0.0,0.0,0.0,0.0,0.0,0.0,0.0,0.0,0.0,0.0,0.0,0.0,0.0,0.0,0.0,0.0,0.0,0.0,0.0,0.0
25.5,3.0,15.45870297743701,16.857257427165784,16.609077543152054,16.5108213243272,15.797884327562095,15.573839366203766,16.25672792779027,15.543652827843983,15.100996178656178,15.37419433714086,1.0,1.0,1.0,1.0,1.0,1.0,1.0,1.0,1.0,1.0
25.75,4.0,17.42058632560927,17.28986680148012,16.1965835810453,16.837383948831256,19.027498423750608,20.822433676044128,21.031292011704355,20.992929968157863,20.65920046636759,20.727585858294535,1.0,1.0,1.0,1.0,1.0,1.0,1.0,1.0,1.0,1.0
26.0,1.0,0.0,0.0,0.0,0.0,0.0,0.0,0.0,0.0,0.0,0.0,0.0,0.0,0.0,0.0,0.0,0.0,0.0,0.0,0.0,0.0
26.25,2.0,0.0,0.0,0.0,0.0,0.0,0.0,0.0,0.0,0.0,0.0,0.0,0.0,0.0,0.0,0.0,0.0,0.0,0.0,0.0,0.0
26.5,3.0,16.936129415574875,18.01652865058458,16.563631530406266,16.015085391138463,14.823289281337857,15.448314934321264,15.72500394272075,15.347845996554407,15.8008109058719,15.970581796890169,1.0,1.0,1.0,1.0,1.0,1.0,1.0,1.0,1.0,1.0
26.75,4.0,0.0,0.0,0.0,0.0,0.0,0.0,0.0,0.0,0.0,0.0,0.0,0.0,0.0,0.0,0.0,0.0,0.0,0.0,0.0,0.0
27.0,1.0,16.547191969302585,17.11348311190939,16.422605423959105,15.378610517090515,17.905677207834863,18.883507862728127,20.290335187136474,19.889771991087226,19.99226210123681,19.601851255557527,1.0,1.0,1.0,1.0,1.0,1.0,1.0,1.0,1.0,1.0
27.25,2.0,16.815648512292935,16.67286464844248,16.536115585319315,18.431078955182883,17.89675292363059,18.05899676649831,16.95962352841321,17.03750078139431,16.85108783666702,17.22454370997539,1.0,1.0,1.0,1.0,1.0,1.0,1.0,1.0,1.0,1.0
27.5,3.0,0.0,0.0,0.0,0.0,0.0,0.0,0.0,0.0,0.0,0.0,0.0,0.0,0.0,0.0,0.0,0.0,0.0,0.0,0.0,0.0
27.75,4.0,16.944642364732356,15.426807595523377,15.39746044776574,17.82692401579243,20.26235461293944,20.696244624232076,21.08654364961413,20.78295331703317,19.942167055704573,19.779835074917532,1.0,1.0,1.0,1.0,1.0,1.0,1.0,1.0,1.0,1.0
28.0,1.0,17.68066353494924,17.93942154728102,15.731454898323731,16.420771291351627,19.17230666903532,19.595525065200018,20.326964216577558,19.54229960969897,19.494604485590543,19.719445803060463,1.0,1.0,1.0,1.0,1.0,1.0,1.0,1.0,1.0,1.0
28.25,2.0,0.0,0.0,0.0,0.0,0.0,0.0,0.0,0.0,0.0,0.0,0.0,0.0,0.0,0.0,0.0,0.0,0.0,0.0,0.0,0.0
28.5,3.0,18.689058846898348,17.123532256883298,17.139890156296754,16.724699215892333,17.364198501154487,17.970967742371084,18.958637781074884,19.336415246411768,18.977631841319525,19.021173509251774,1.0,1.0,1.0,1.0,1.0,1.0,1.0,1.0,1.0,1.0
28.75,4.0,16.126774178623446,14.621631408084678,15.643477315541999,17.309262253792916,19.807676373167954,19.870307975461827,19.960891203859813,19.787953156337288,19.020232346479574,20.289706143004075,1.0,1.0,1.0,1.0,1.0,1.0,1.0,1.0,1.0,1.0
29.0,1.0,0.0,0.0,0.0,0.0,0.0,0.0,0.0,0.0,0.0,0.0,0.0,0.0,0.0,0.0,0.0,0.0,0.0,0.0,0.0,0.0
29.25,2.0,16.15308685911686,14.994255594288774,15.153612378006677,17.04283460491202,16.34631084989226,17.16090047248558,18.092334685961745,18.366607181964802,18.958065264639494,19.208196516693764,1.0,1.0,1.0,1.0,1.0,1.0,1.0,1.0,1.0,1.0
29.5,3.0,0.0,0.0,0.0,0.0,0.0,0.0,0.0,0.0,0.0,0.0,0.0,0.0,0.0,0.0,0.0,0.0,0.0,0.0,0.0,0.0
29.75,4.0,0.0,0.0,0.0,0.0,0.0,0.0,0.0,0.0,0.0,0.0,0.0,0.0,0.0,0.0,0.0,0.0,0.0,0.0,0.0,0.0
30.0,1.0,18.14816711870604,18.43708929865582,17.746008633189852,18.689314177007162,18.356185736944877,19.487154446200115,19.411901635360692,19.639857866767255,20.476000057963727,20.601629589594598,1.0,1.0,1.0,1.0,1.0,1.0,1.0,1.0,1.0,1.0
30.25,2.0,16.396653748312115,15.28390304058427,16.834396981843277,17.61888842207259,17.425188339285672,17.930075616885887,18.97429806891614,19.391758660039763,19.842359898781357,20.22194912991102,1.0,1.0,1.0,1.0,1.0,1.0,1.0,1.0,1.0,1.0
30.5,3.0,19.22951517411677,17.46177399831795,17.29603288500706,17.09840395407827,18.6390290364305,20.24152557888651,21.015287431013554,20.58781983145099,20.331439436119794,20.65850949006658,1.0,1.0,1.0,1.0,1.0,1.0,1.0,1.0,1.0,1.0
30.75,4.0,17.192995572277578,15.48758448272197,16.82614015480509,19.776440706934995,19.6820115796305,19.719203595769255,20.828401795586554,20.402193701935445,20.539104824734014,21.96429203257691,1.0,1.0,1.0,1.0,1.0,1.0,1.0,1.0,1.0,1.0
31.0,1.0,18.419164003427852,18.295965215566522,18.101972537005995,19.339710274073735,19.018104944766645,19.97291002134359,20.3014603358049,19.584233273395824,20.148179396580822,19.757652403512516,1.0,1.0,1.0,1.0,1.0,1.0,1.0,1.0,1.0,1.0
31.25,2.0,0.0,0.0,0.0,0.0,0.0,0.0,0.0,0.0,0.0,0.0,0.0,0.0,0.0,0.0,0.0,0.0,0.0,0.0,0.0,0.0
31.5,3.0,19.560859262790242,16.87442272034317,16.727626148078205,17.618419712024426,19.803866926272207,20.78000967416186,21.65989756247997,20.479778649676632,20.305872207396312,20.01217041021841,1.0,1.0,1.0,1.0,1.0,1.0,1.0,1.0,1.0,1.0
31.75,4.0,17.33170479279494,15.123273075566889,17.882291699832003,20.272607782889136,20.659569355124276,20.702309079939337,22.256297131765823,21.65950385587871,21.908901701519675,22.88882834991095,1.0,1.0,1.0,1.0,1.0,1.0,1.0,1.0,1.0,1.0
32.0,1.0,18.239251797437834,17.601901054751192,18.3150139409644,18.69751925353292,18.379293036385242,19.037844346996838,18.99020932717939,18.601426069185436,19.70623454312355,19.462318052257015,1.0,1.0,1.0,1.0,1.0,1.0,1.0,1.0,1.0,1.0
32.25,2.0,17.084850220555904,17.36168071257826,16.85491097222916,18.3035869636816,19.273678640927077,19.766931739324477,21.048351696367877,20.040280049390045,19.931474901679127,19.093732360655213,1.0,1.0,1.0,1.0,1.0,1.0,1.0,1.0,1.0,1.0
32.5,3.0,0.0,0.0,0.0,0.0,0.0,0.0,0.0,0.0,0.0,0.0,0.0,0.0,0.0,0.0,0.0,0.0,0.0,0.0,0.0,0.0
32.75,4.0,17.367583807589572,15.461691835996179,18.97231383793949,19.33966383735839,20.989822852991974,21.636815549688365,23.530479671054266,22.538799763143935,22.683281128083546,22.920840012625334,1.0,1.0,1.0,1.0,1.0,1.0,1.0,1.0,1.0,1.0
33.0,1.0,18.037050755069103,17.857463716142334,17.764101474021835,17.924717715936062,16.842764876796657,17.688874851861367,17.530866495833457,18.140430431282226,18.760283506159837,19.314118333682572,1.0,1.0,1.0,1.0,1.0,1.0,1.0,1.0,1.0,1.0
33.25,2.0,0.0,0.0,0.0,0.0,0.0,0.0,0.0,0.0,0.0,0.0,0.0,0.0,0.0,0.0,0.0,0.0,0.0,0.0,0.0,0.0
33.5,3.0,16.644266469617378,15.417798455222496,17.532789385497214,18.95245887420744,20.488606024586083,21.201246345571732,21.141090772651985,21.21717712752109,20.373902291535593,20.24306787596494,1.0,1.0,1.0,1.0,1.0,1.0,1.0,1.0,1.0,1.0
33.75,4.0,16.84171273431211,16.62053385502405,18.12603748494572,17.893347273000526,20.156747705105015,21.598691818224097,23.000655318755832,21.720380387967563,22.34164354575335,21.963903308440248,1.0,1.0,1.0,1.0,1.0,1.0,1.0,1.0,1.0,1.0
34.0,1.0,0.0,0.0,0.0,0.0,0.0,0.0,0.0,0.0,0.0,0.0,0.0,0.0,0.0,0.0,0.0,0.0,0.0,0.0,0.0,0.0
34.25,2.0,18.07670275837451,18.83096701923908,18.37671850844536,18.67229734036088,17.930239731626894,19.324391424143563,19.13610438951608,19.310378115700235,17.75565458399364,17.02245857370298,1.0,1.0,1.0,1.0,1.0,1.0,1.0,1.0,1.0,1.0
34.5,3.0,16.146893178952883,16.94411999019731,18.61658183073813,19.27478546912283,20.44462141408355,21.822148482732977,21.929869263855373,21.778704923928046,21.43664008476659,20.852547138912737,1.0,1.0,1.0,1.0,1.0,1.0,1.0,1.0,1.0,1.0
34.75,4.0,0.0,0.0,0.0,0.0,0.0,0.0,0.0,0.0,0.0,0.0,0.0,0.0,0.0,0.0,0.0,0.0,0.0,0.0,0.0,0.0
35.0,1.0,17.648306967417398,17.89783946440704,17.216069365102165,17.947671167723655,16.98293832847117,17.885438271639337,19.00578293999646,18.186974559468503,18.318324692555404,18.096098382409348,1.0,1.0,1.0,1.0,1.0,1.0,1.0,1.0,1.0,1.0
35.25,2.0,18.12684964088195,19.763892681313845,19.686366825223118,19.38357593132898,17.828109056961566,17.495427133802714,17.401346851863273,16.86432655971564,16.351817162843897,15.983517305174216,1.0,1.0,1.0,1.0,1.0,1.0,1.0,1.0,1.0,1.0
35.5,3.0,0.0,0.0,0.0,0.0,0.0,0.0,0.0,0.0,0.0,0.0,0.0,0.0,0.0,0.0,0.0,0.0,0.0,0.0,0.0,0.0
35.75,4.0,17.356441296794085,17.097916611362802,16.66945820582896,18.825795654364697,19.373206963541435,20.340698683397335,20.597679101329756,21.034556760720303,21.073304269776045,21.169337396081108,1.0,1.0,1.0,1.0,1.0,1.0,1.0,1.0,1.0,1.0
36.0,1.0,17.59345665295047,18.48105125382474,18.113180764317544,18.055906094860067,16.55735946423635,16.73573955376601,17.325951326692255,17.37540990896764,17.62413492105315,18.4907769778258,1.0,1.0,1.0,1.0,1.0,1.0,1.0,1.0,1.0,1.0
36.25,2.0,0.0,0.0,0.0,0.0,0.0,0.0,0.0,0.0,0.0,0.0,0.0,0.0,0.0,0.0,0.0,0.0,0.0,0.0,0.0,0.0
36.5,3.0,16.887455110237685,18.685028376394875,20.610712679332924,22.261756523354258,21.505508212870005,21.251473245382996,20.63074354587406,20.099933835241597,19.872087758620104,19.65360204502052,1.0,1.0,1.0,1.0,1.0,1.0,1.0,1.0,1.0,1.0
36.75,4.0,16.29012353987159,15.349311632649245,15.838392633257513,17.724416418918533,18.738781626028658,20.329018393678023,20.44004789540113,20.41590090400833,20.133692141894205,20.252173700052833,1.0,1.0,1.0,1.0,1.0,1.0,1.0,1.0,1.0,1.0
37.0,1.0,17.55755094565957,18.68432354331065,18.39994558392026,17.987064914233095,16.367308681889504,17.033180531944577,17.628611107577438,17.586583445687705,17.75171287852699,17.809886403424517,1.0,1.0,1.0,1.0,1.0,1.0,1.0,1.0,1.0,1.0
37.25,2.0,17.117436133295797,19.520575662855524,19.728385424887218,19.531975708864866,17.55101183154696,16.55724598676463,16.164674365463707,16.214298445939082,16.66708599417122,16.849972800141522,1.0,1.0,1.0,1.0,1.0,1.0,1.0,1.0,1.0,1.0
37.5,3.0,0.0,0.0,0.0,0.0,0.0,0.0,0.0,0.0,0.0,0.0,0.0,0.0,0.0,0.0,0.0,0.0,0.0,0.0,0.0,0.0
37.75,4.0,16.30140093084929,15.131449317351173,15.219814536038898,16.99619795534509,18.461381088330217,18.972813611242767,19.597015488305242,18.59867842284324,17.810464542952005,17.36711927159882,1.0,1.0,1.0,1.0,1.0,1.0,1.0,1.0,1.0,1.0
38.0,1.0,17.4373756128829,18.237768951798298,17.28735197542512,16.79132228439547,17.15112444873612,18.00602640060836,18.646164489800654,18.50690684072566,18.726170003600604,18.93575159517123,1.0,1.0,1.0,1.0,1.0,1.0,1.0,1.0,1.0,1.0
38.25,2.0,16.874227893438988,19.60356289139963,18.899978876354837,18.622485231219226,16.05190271962407,15.883752553054025,15.242192012073613,15.40058951923896,15.607442383534062,16.9701020525363,1.0,1.0,1.0,1.0,1.0,1.0,1.0,1.0,1.0,1.0
38.5,3.0,17.643449778304877,18.085418059219723,18.222366811455643,18.15706187462564,18.1386166729218,18.748984630944715,18.929404743178594,17.511638606106214,17.645090945233548,16.305250825640933,1.0,1.0,1.0,1.0,1.0,1.0,1.0,1.0,1.0,1.0
38.75,4.0,15.654302029781508,15.58534579221649,15.21889272835936,16.37395236752169,18.022542436302118,17.209355455341246,18.034051508178475,17.33624499235276,16.75974803911841,16.73749052634542,1.0,1.0,1.0,1.0,1.0,1.0,1.0,1.0,1.0,1.0
39.0,1.0,0.0,0.0,0.0,0.0,0.0,0.0,0.0,0.0,0.0,0.0,0.0,0.0,0.0,0.0,0.0,0.0,0.0,0.0,0.0,0.0
39.25,2.0,0.0,0.0,0.0,0.0,0.0,0.0,0.0,0.0,0.0,0.0,0.0,0.0,0.0,0.0,0.0,0.0,0.0,0.0,0.0,0.0
39.5,3.0,16.300794906389807,17.36004473590062,17.228600449900952,16.48774807922064,16.932538771622905,17.09606082279761,16.70837499200483,16.423277542922012,15.078460813900717,14.171684294847221,1.0,1.0,1.0,1.0,1.0,1.0,1.0,1.0,1.0,1.0
39.75,4.0,14.728062878450514,15.717853196887576,15.322272855596795,16.62644852827969,17.785513756724008,17.33103963352661,18.058621576799194,17.546607976547815,17.062196110526006,17.102067545573597,1.0,1.0,1.0,1.0,1.0,1.0,1.0,1.0,1.0,1.0
40.0,1.0,15.293754341630791,16.797160357457123,18.594339947571406,17.575230868488443,16.81671215657695,18.097861664591164,18.145956354330036,18.65228944350554,17.78914081971474,17.81630599660857,1.0,1.0,1.0,1.0,1.0,1.0,1.0,1.0,1.0,1.0
40.25,2.0,16.84691449759009,19.206762599917194,18.188050898393517,17.471459704164328,15.773168529245183,15.752211595312879,15.391475564158467,16.015498545372097,16.903878426116655,16.036065535342257,1.0,1.0,1.0,1.0,1.0,1.0,1.0,1.0,1.0,1.0
40.5,3.0,0.0,0.0,0.0,0.0,0.0,0.0,0.0,0.0,0.0,0.0,0.0,0.0,0.0,0.0,0.0,0.0,0.0,0.0,0.0,0.0
40.75,4.0,15.377241819984677,16.108350060603232,16.584050125317265,16.284723424636287,17.8595338206578,17.507319666051828,18.016789794480292,17.04873225358153,17.13099146244573,18.210170339794843,1.0,1.0,1.0,1.0,1.0,1.0,1.0,1.0,1.0,1.0
41.0,1.0,15.97254944049334,17.518993305904303,19.087659974633514,18.655250821893855,17.77529711793087,18.881378987447047,17.966694577222288,17.53758981759874,17.153115128430702,17.407350777102163,1.0,1.0,1.0,1.0,1.0,1.0,1.0,1.0,1.0,1.0
41.25,2.0,0.0,0.0,0.0,0.0,0.0,0.0,0.0,0.0,0.0,0.0,0.0,0.0,0.0,0.0,0.0,0.0,0.0,0.0,0.0,0.0
41.5,3.0,14.954635325836817,15.839358773742159,15.618835933257646,14.793277621623119,14.742917831512228,14.57294315255301,14.761917150839158,14.692255478937362,14.365612277641635,14.065599770366104,1.0,1.0,1.0,1.0,1.0,1.0,1.0,1.0,1.0,1.0
41.75,4.0,15.09178152504783,17.17704062269122,15.577739249551362,14.952902141556999,17.06455780868282,16.98006550940957,17.967220733201273,17.739788465084033,17.11258518891704,17.867300719489325,1.0,1.0,1.0,1.0,1.0,1.0,1.0,1.0,1.0,1.0
42.0,1.0,0.0,0.0,0.0,0.0,0.0,0.0,0.0,0.0,0.0,0.0,0.0,0.0,0.0,0.0,0.0,0.0,0.0,0.0,0.0,0.0
42.25,2.0,17.054913592687342,17.83973331238831,15.857783127466972,16.389063045204942,15.464700037946537,14.80669847696014,16.06203189701594,15.257964857888533,15.242511229730422,15.26881957213222,1.0,1.0,1.0,1.0,1.0,1.0,1.0,1.0,1.0,1.0
42.5,3.0,14.411855505002418,15.886869808523059,15.124543163662635,15.365030568701298,14.62101717279936,14.975584379199828,14.747996183216465,14.881363529729885,14.913499964364766,14.708914290934066,1.0,1.0,1.0,1.0,1.0,1.0,1.0,1.0,1.0,1.0
42.75,4.0,0.0,0.0,0.0,0.0,0.0,0.0,0.0,0.0,0.0,0.0,0.0,0.0,0.0,0.0,0.0,0.0,0.0,0.0,0.0,0.0
43.0,1.0,16.843735338956304,18.002033342451973,19.42903749082071,19.956329394762836,15.837584044050733,15.996566471691938,14.677548886982374,15.42625914138499,15.548999210704306,15.849472196812895,1.0,1.0,1.0,1.0,1.0,1.0,1.0,1.0,1.0,1.0
43.25,2.0,16.106357398518696,15.524845365641436,15.039761101546903,15.884783956429784,14.567775768140256,13.850083123218825,14.953036350161952,15.377011840750683,15.549744462542035,16.012023281511063,1.0,1.0,1.0,1.0,1.0,1.0,1.0,1.0,1.0,1.0
43.5,3.0,0.0,0.0,0.0,0.0,0.0,0.0,0.0,0.0,0.0,0.0,0.0,0.0,0.0,0.0,0.0,0.0,0.0,0.0,0.0,0.0
43.75,4.0,16.481490488508584,15.904442734835357,14.112881959633238,14.76184197696859,15.284782022519915,15.573364574805328,16.634521378288532,15.94876370711149,15.559296501674307,17.03716285007022,1.0,1.0,1.0,1.0,1.0,1.0,1.0,1.0,1.0,1.0
44.0,1.0,16.894244816305296,18.930742992678507,19.537761047812644,17.790649384897634,14.932357719376938,15.364997679837884,15.202149177724394,14.77467661811123,14.752195944253124,14.738938855651629,1.0,1.0,1.0,1.0,1.0,1.0,1.0,1.0,1.0,1.0
44.25,2.0,0.0,0.0,0.0,0.0,0.0,0.0,0.0,0.0,0.0,0.0,0.0,0.0,0.0,0.0,0.0,0.0,0.0,0.0,0.0,0.0
44.5,3.0,16.090058699973653,15.847951734780356,15.919008614573906,16.040858336016196,15.25855132522367,15.46696106662276,13.948117306080714,14.594422375051469,14.116462143042979,14.400791125061657,1.0,1.0,1.0,1.0,1.0,1.0,1.0,1.0,1.0,1.0
44.75,4.0,14.783285237041396,14.606028234616522,15.057125028178207,15.564208595891778,15.35393295218493,15.345332866178513,15.392831064038358,15.622471568409969,15.41838590623503,15.932570879284318,1.0,1.0,1.0,1.0,1.0,1.0,1.0,1.0,1.0,1.0
45.0,1.0,18.455000237573024,18.949527608432977,17.771828884680566,15.263198720899641,13.792047175940974,13.9789977693403,13.718160428664957,13.449388068587375,13.965521827693465,13.49521787081035,1.0,1.0,1.0,1.0,1.0,1.0,1.0,1.0,1.0,1.0
45.25,2.0,14.107501827398576,13.981730327482794,14.15111938761953,13.740306769304986,13.177418389843805,12.711539849538035,13.89450225019776,14.249517400793462,15.101468378666787,14.817679900425105,1.0,1.0,1.0,1.0,1.0,1.0,1.0,1.0,1.0,1.0
45.5,3.0,0.0,0.0,0.0,0.0,0.0,0.0,0.0,0.0,0.0,0.0,0.0,0.0,0.0,0.0,0.0,0.0,0.0,0.0,0.0,0.0
45.75,4.0,14.611615000488802,14.517322308718613,15.298918268754793,15.841682457090421,15.499949223999877,15.619429998601445,15.758889660521897,15.663554768666987,16.000125341903342,16.30085921087522,1.0,1.0,1.0,1.0,1.0,1.0,1.0,1.0,1.0,1.0
46.0,1.0,18.944019209795673,18.423293536029878,16.808070317569058,14.839022023496987,12.592634039449361,13.302790016491837,13.565749078577811,13.175292054958804,13.747651730227137,13.21683833729201,1.0,1.0,1.0,1.0,1.0,1.0,1.0,1.0,1.0,1.0
46.25,2.0,13.088307441925243,13.87353502598526,13.98862435211356,14.594284339936875,13.641656121120377,12.965922183719918,14.44974460534753,14.576599125523433,16.379056387048596,16.742867142689978,1.0,1.0,1.0,1.0,1.0,1.0,1.0,1.0,1.0,1.0
46.5,3.0,16.50827245242332,16.02497830601449,16.03847488497599,18.378271948915064,17.581016242599638,17.150962555187164,15.149413336519082,14.930556348391706,14.90525634161236,14.824318052255874,1.0,1.0,1.0,1.0,1.0,1.0,1.0,1.0,1.0,1.0
46.75,4.0,15.220907109461226,15.371715295639962,15.41080001006555,14.954270282518126,14.724065003500439,14.785667249895821,14.770799043626761,14.378088407610047,14.68927319356393,16.47817799620795,1.0,1.0,1.0,1.0,1.0,1.0,1.0,1.0,1.0,1.0
47.0,1.0,0.0,0.0,0.0,0.0,0.0,0.0,0.0,0.0,0.0,0.0,0.0,0.0,0.0,0.0,0.0,0.0,0.0,0.0,0.0,0.0
47.25,2.0,0.0,0.0,0.0,0.0,0.0,0.0,0.0,0.0,0.0,0.0,0.0,0.0,0.0,0.0,0.0,0.0,0.0,0.0,0.0,0.0
47.5,3.0,15.809281778408927,16.628940091252392,16.03149840127544,17.929759792710236,15.89510069128137,15.568157869398801,14.565432873215382,14.777933959599011,14.046533259294126,14.136821875926541,1.0,1.0,1.0,1.0,1.0,1.0,1.0,1.0,1.0,1.0
47.75,4.0,0.0,0.0,0.0,0.0,0.0,0.0,0.0,0.0,0.0,0.0,0.0,0.0,0.0,0.0,0.0,0.0,0.0,0.0,0.0,0.0
48.0,1.0,16.35323396992974,16.75992774934876,17.817684255075278,16.330289284372274,15.688889263359373,15.288324502044118,15.603415243890062,14.250861578304699,15.772722661605064,14.76259403793519,1.0,1.0,1.0,1.0,1.0,1.0,1.0,1.0,1.0,1.0
48.25,2.0,14.396552130086004,16.096850206016686,15.849103665081229,16.341146218646987,14.910618257241724,15.76734628948938,16.077996185298655,15.723341986366265,16.013528423422866,15.713953024389047,1.0,1.0,1.0,1.0,1.0,1.0,1.0,1.0,1.0,1.0
48.5,3.0,0.0,0.0,0.0,0.0,0.0,0.0,0.0,0.0,0.0,0.0,0.0,0.0,0.0,0.0,0.0,0.0,0.0,0.0,0.0,0.0
48.75,4.0,14.212653670886437,14.373054815249457,14.754526753423738,15.472474229098676,14.404116817220416,14.457032449640103,14.231312357571875,14.135375778117643,16.00460233680405,17.018734724718044,1.0,1.0,1.0,1.0,1.0,1.0,1.0,1.0,1.0,1.0
49.0,1.0,16.632319719900888,18.467533116275384,17.8895123353724,15.830372745340743,14.903906740690392,13.96240956264712,14.461619949438612,14.809054685774319,15.520957198034086,14.77662056851426,1.0,1.0,1.0,1.0,1.0,1.0,1.0,1.0,1.0,1.0
49.25,2.0,0.0,0.0,0.0,0.0,0.0,0.0,0.0,0.0,0.0,0.0,0.0,0.0,0.0,0.0,0.0,0.0,0.0,0.0,0.0,0.0
49.5,3.0,15.38708884985681,17.563884924356227,16.110034344666662,17.313039364227546,14.74710121943159,14.70822043948538,14.809402302374668,16.505459729904256,16.7600827633151,16.15778089865459,1.0,1.0,1.0,1.0,1.0,1.0,1.0,1.0,1.0,1.0
49.75,4.0,14.080861888036155,14.429008223778421,15.408779223433847,15.450530138841588,14.676680815103618,14.936587057774302,14.918395549037568,15.201136922122359,17.429513636402177,19.16783346640297,1.0,1.0,1.0,1.0,1.0,1.0,1.0,1.0,1.0,1.0
50.0,1.0,0.0,0.0,0.0,0.0,0.0,0.0,0.0,0.0,0.0,0.0,0.0,0.0,0.0,0.0,0.0,0.0,0.0,0.0,0.0,0.0
50.25,2.0,16.062269373348595,14.977517730195503,14.278602561868825,16.249154902890066,17.231945087045762,17.76533282279554,18.114962970344283,16.837101081574826,17.254139447489568,16.503247599882414,1.0,1.0,1.0,1.0,1.0,1.0,1.0,1.0,1.0,1.0
50.5,3.0,0.0,0.0,0.0,0.0,0.0,0.0,0.0,0.0,0.0,0.0,0.0,0.0,0.0,0.0,0.0,0.0,0.0,0.0,0.0,0.0
50.75,4.0,0.0,0.0,0.0,0.0,0.0,0.0,0.0,0.0,0.0,0.0,0.0,0.0,0.0,0.0,0.0,0.0,0.0,0.0,0.0,0.0
51.0,1.0,15.378068214080082,17.594305519874606,15.522057679012274,13.886369005881084,12.972391898775797,12.88747831233438,13.143190878102693,13.720957638142542,14.561102356810288,14.542448216126104,1.0,1.0,1.0,1.0,1.0,1.0,1.0,1.0,1.0,1.0
51.25,2.0,14.535875016265642,13.759859880341468,14.657026909463344,16.388713313666646,18.342476824968795,18.980302973039304,18.85309714699075,17.627852407455336,17.89567722839753,16.78401131963001,1.0,1.0,1.0,1.0,1.0,1.0,1.0,1.0,1.0,1.0
51.5,3.0,0.0,0.0,0.0,0.0,0.0,0.0,0.0,0.0,0.0,0.0,0.0,0.0,0.0,0.0,0.0,0.0,0.0,0.0,0.0,0.0
51.75,4.0,13.704041347636958,13.061520726783959,13.231269367069903,12.549072760681756,14.887905883325514,16.084922232608413,17.139484300238376,18.68420161279378,19.885354884804865,21.82431887670291,1.0,1.0,1.0,1.0,1.0,1.0,1.0,1.0,1.0,1.0
52.0,1.0,14.89030239685341,16.66638745110114,15.23805684628767,13.752386777109086,13.206874980051117,12.723889961024998,13.003417334063156,13.561580972503108,14.327881391074342,15.310977067254287,1.0,1.0,1.0,1.0,1.0,1.0,1.0,1.0,1.0,1.0
52.25,2.0,0.0,0.0,0.0,0.0,0.0,0.0,0.0,0.0,0.0,0.0,0.0,0.0,0.0,0.0,0.0,0.0,0.0,0.0,0.0,0.0
52.5,3.0,13.037074599270735,13.411703564437138,13.651394405832765,14.42106307688117,15.255025967011719,15.843163748789783,15.246269244652732,15.145284643317074,15.203636833881134,16.42048545122239,1.0,1.0,1.0,1.0,1.0,1.0,1.0,1.0,1.0,1.0
52.75,4.0,13.450999642662476,13.31394806990881,12.950014217256093,13.667361478242384,16.17100383192507,17.079345166161282,17.792871315130032,19.108717050812437,19.34415474368695,20.94618104304801,1.0,1.0,1.0,1.0,1.0,1.0,1.0,1.0,1.0,1.0
53.0,1.0,14.417924175876319,15.864457643001646,14.781975647450695,14.448656164686408,12.967205191014285,13.453077745852177,13.413520238035384,13.646755448066422,14.468925441950997,15.239849482800468,1.0,1.0,1.0,1.0,1.0,1.0,1.0,1.0,1.0,1.0
53.25,2.0,14.183738136494629,13.613825184746327,14.434807013775453,17.43218460231393,19.589524130344323,18.50042010902384,18.188378474979153,17.065761987638457,16.280444016242715,15.555201498873531,1.0,1.0,1.0,1.0,1.0,1.0,1.0,1.0,1.0,1.0
53.5,3.0,0.0,0.0,0.0,0.0,0.0,0.0,0.0,0.0,0.0,0.0,0.0,0.0,0.0,0.0,0.0,0.0,0.0,0.0,0.0,0.0
53.75,4.0,13.336992191914675,13.857279371201038,13.532802544438029,14.45764981990644,17.7287558114525,17.47995236295745,17.981150273719503,19.90595560759066,19.993370461303762,20.728941853796744,1.0,1.0,1.0,1.0,1.0,1.0,1.0,1.0,1.0,1.0
54.0,1.0,13.261078208814729,14.660541779816516,14.913588833677851,14.113387643185154,12.949941810061603,14.04525442530633,13.153840546232342,13.87215960842213,15.883765471306912,16.447304122671323,1.0,1.0,1.0,1.0,1.0,1.0,1.0,1.0,1.0,1.0
54.25,2.0,0.0,0.0,0.0,0.0,0.0,0.0,0.0,0.0,0.0,0.0,0.0,0.0,0.0,0.0,0.0,0.0,0.0,0.0,0.0,0.0
54.5,3.0,12.722797253835294,13.505011785182013,15.169956903681234,16.87068977452586,16.10412316827873,17.018299912448928,17.15734592829906,18.085012304129204,18.45745204317687,18.857403215925174,1.0,1.0,1.0,1.0,1.0,1.0,1.0,1.0,1.0,1.0
54.75,4.0,13.306131795102567,13.554815614959882,13.163936570907895,15.085097357799645,16.395486556199707,16.82045223709775,18.235121995190422,19.089658848027,19.68800937045253,19.408479135049,1.0,1.0,1.0,1.0,1.0,1.0,1.0,1.0,1.0,1.0
55.0,1.0,0.0,0.0,0.0,0.0,0.0,0.0,0.0,0.0,0.0,0.0,0.0,0.0,0.0,0.0,0.0,0.0,0.0,0.0,0.0,0.0
55.25,2.0,0.0,0.0,0.0,0.0,0.0,0.0,0.0,0.0,0.0,0.0,0.0,0.0,0.0,0.0,0.0,0.0,0.0,0.0,0.0,0.0
55.5,3.0,14.037726944982339,14.450765830375026,16.68679138347627,17.571597289184794,17.111543991132837,17.509349752531744,17.288004075025047,18.26243619612624,18.37961867360178,19.043492564484648,1.0,1.0,1.0,1.0,1.0,1.0,1.0,1.0,1.0,1.0
55.75,4.0,0.0,0.0,0.0,0.0,0.0,0.0,0.0,0.0,0.0,0.0,0.0,0.0,0.0,0.0,0.0,0.0,0.0,0.0,0.0,0.0
56.0,1.0,11.962539585670937,13.90273798946026,14.512639237829912,13.328097937776722,13.94276786895257,15.91201301525122,16.019201896504153,17.29426800564379,18.208042196822344,18.70011242786621,1.0,1.0,1.0,1.0,1.0,1.0,1.0,1.0,1.0,1.0
56.25,2.0,14.84517006212221,15.28785510444084,16.523720664568156,17.516014171301535,16.803064126256285,15.840213829044025,15.970586797681415,16.626542959875046,16.1914048547939,16.26365798577187,1.0,1.0,1.0,1.0,1.0,1.0,1.0,1.0,1.0,1.0
56.5,3.0,0.0,0.0,0.0,0.0,0.0,0.0,0.0,0.0,0.0,0.0,0.0,0.0,0.0,0.0,0.0,0.0,0.0,0.0,0.0,0.0
56.75,4.0,13.414967233347884,14.432688572799794,15.55519048053581,16.66491225483061,16.97641399812944,17.475219618402825,16.688403910144164,17.127040229833923,17.129044221160324,17.904392933237443,1.0,1.0,1.0,1.0,1.0,1.0,1.0,1.0,1.0,1.0
57.0,1.0,13.669842433427055,14.773718067586966,14.274940341969254,13.81138592553399,15.545573968978514,16.954435052530368,16.561268102370043,16.648270173016332,17.25789477584781,17.50113851221746,1.0,1.0,1.0,1.0,1.0,1.0,1.0,1.0,1.0,1.0
57.25,2.0,0.0,0.0,0.0,0.0,0.0,0.0,0.0,0.0,0.0,0.0,0.0,0.0,0.0,0.0,0.0,0.0,0.0,0.0,0.0,0.0
57.5,3.0,14.70411475649093,16.15554657864838,17.019075108547376,17.232912734097997,16.48683217497656,17.068883204068374,18.16786909637663,19.226106059895503,18.201850451280468,17.999576204038945,1.0,1.0,1.0,1.0,1.0,1.0,1.0,1.0,1.0,1.0
57.75,4.0,14.565836832160128,15.641542390363973,15.721111197843157,16.519064446217637,17.027430191198007,17.78151065685635,16.54432359963677,17.280777028758678,18.161634183170168,18.1544582723689,1.0,1.0,1.0,1.0,1.0,1.0,1.0,1.0,1.0,1.0
58.0,1.0,0.0,0.0,0.0,0.0,0.0,0.0,0.0,0.0,0.0,0.0,0.0,0.0,0.0,0.0,0.0,0.0,0.0,0.0,0.0,0.0
58.25,2.0,15.738173808401406,15.613882826779273,15.343991681479284,16.350238506059394,17.46106816022588,16.407560268332755,14.904803149425623,16.43190534422437,15.20711288041799,15.396638469762438,1.0,1.0,1.0,1.0,1.0,1.0,1.0,1.0,1.0,1.0
58.5,3.0,0.0,0.0,0.0,0.0,0.0,0.0,0.0,0.0,0.0,0.0,0.0,0.0,0.0,0.0,0.0,0.0,0.0,0.0,0.0,0.0
58.75,4.0,0.0,0.0,0.0,0.0,0.0,0.0,0.0,0.0,0.0,0.0,0.0,0.0,0.0,0.0,0.0,0.0,0.0,0.0,0.0,0.0
59.0,1.0,13.069773877588165,13.301642805437963,14.2975762859484,15.558260373704014,16.273256751109066,16.414873744199685,16.529681665884134,16.884358720588146,18.203078032975792,17.564718309297877,1.0,1.0,1.0,1.0,1.0,1.0,1.0,1.0,1.0,1.0
59.25,2.0,15.383290771188934,15.213469875987288,14.625791444243873,14.84172451704251,16.437337823056932,15.494894241323893,14.559442446364251,14.608453580747785,15.192026758919118,15.163016816614832,1.0,1.0,1.0,1.0,1.0,1.0,1.0,1.0,1.0,1.0
59.5,3.0,0.0,0.0,0.0,0.0,0.0,0.0,0.0,0.0,0.0,0.0,0.0,0.0,0.0,0.0,0.0,0.0,0.0,0.0,0.0,0.0
59.75,4.0,14.845232327707604,15.134753457454886,15.924333926435358,17.55196137804677,17.33887350061758,18.038202484740925,18.232093302672148,18.957042505072824,18.477114514083357,17.121579008470395,1.0,1.0,1.0,1.0,1.0,1.0,1.0,1.0,1.0,1.0
60.0,1.0,13.102674652115974,12.771058199820015,14.478210366346337,15.950725297827908,16.670245863096515,16.379034205573618,15.517855276356107,16.10300632379513,16.79908727494116,15.018738826098744,1.0,1.0,1.0,1.0,1.0,1.0,1.0,1.0,1.0,1.0
60.25,2.0,0.0,0.0,0.0,0.0,0.0,0.0,0.0,0.0,0.0,0.0,0.0,0.0,0.0,0.0,0.0,0.0,0.0,0.0,0.0,0.0
60.5,3.0,16.88895191880476,17.920716495089962,20.038697777227842,19.622363780203592,18.801895158508714,19.158798583256537,19.69911519801876,18.2530207423046,15.869766318154705,14.831554203923009,1.0,1.0,1.0,1.0,1.0,1.0,1.0,1.0,1.0,1.0
60.75,4.0,15.6117482669325,15.751003657975447,15.099717662103986,16.767215688045944,17.363127837368793,17.91208348645296,18.355326338944337,19.128852683035547,18.745235237570924,17.842825174420675,1.0,1.0,1.0,1.0,1.0,1.0,1.0,1.0,1.0,1.0
61.0,1.0,13.302790749309105,13.36949303223381,15.267630072775058,15.052608202003428,15.79105812679001,15.417779387559074,14.082710992489911,14.755802741111745,15.5069580464404,14.52630961008402,1.0,1.0,1.0,1.0,1.0,1.0,1.0,1.0,1.0,1.0
61.25,2.0,14.08074091312486,12.849687195644897,14.370454791653565,15.918219553456765,15.918779750216755,15.51290984901557,15.481439585182017,16.128947013267286,15.781840404588428,15.70723922937272,1.0,1.0,1.0,1.0,1.0,1.0,1.0,1.0,1.0,1.0
61.5,3.0,0.0,0.0,0.0,0.0,0.0,0.0,0.0,0.0,0.0,0.0,0.0,0.0,0.0,0.0,0.0,0.0,0.0,0.0,0.0,0.0
61.75,4.0,14.448888071225714,15.589958443727438,15.740641995506412,16.72554060811832,16.671211062974383,17.969511757498026,18.614453833060946,18.69697285388463,19.19711059273889,19.029264984650816,1.0,1.0,1.0,1.0,1.0,1.0,1.0,1.0,1.0,1.0
62.0,1.0,13.963003781755706,14.962984388676444,15.46916989242302,16.06734655916221,16.101042109436037,15.299060420162126,14.533634200984558,14.101514272076074,14.397431736121451,13.817563971139863,1.0,1.0,1.0,1.0,1.0,1.0,1.0,1.0,1.0,1.0
62.25,2.0,0.0,0.0,0.0,0.0,0.0,0.0,0.0,0.0,0.0,0.0,0.0,0.0,0.0,0.0,0.0,0.0,0.0,0.0,0.0,0.0
62.5,3.0,19.106767208627712,20.282747121653767,19.54678676475909,18.19007305643402,16.851090822149022,16.716809808058322,16.056287128024863,16.211381085114088,14.415836505167343,14.507700740862951,1.0,1.0,1.0,1.0,1.0,1.0,1.0,1.0,1.0,1.0
62.75,4.0,15.943631501234972,17.256024723561197,16.9260816301474,17.01456361692359,16.874132399595755,18.171733313214446,18.736980862088508,18.799744465058595,18.420917678761644,17.80415400332308,1.0,1.0,1.0,1.0,1.0,1.0,1.0,1.0,1.0,1.0
63.0,1.0,0.0,0.0,0.0,0.0,0.0,0.0,0.0,0.0,0.0,0.0,0.0,0.0,0.0,0.0,0.0,0.0,0.0,0.0,0.0,0.0
63.25,2.0,0.0,0.0,0.0,0.0,0.0,0.0,0.0,0.0,0.0,0.0,0.0,0.0,0.0,0.0,0.0,0.0,0.0,0.0,0.0,0.0
63.5,3.0,18.668325232093082,19.03084817672981,18.36009095889541,16.971177661490017,15.222421033925418,14.877822576639073,13.569968694731857,13.727759007923602,12.264616289770858,12.127638453155393,1.0,1.0,1.0,1.0,1.0,1.0,1.0,1.0,1.0,1.0
63.75,4.0,0.0,0.0,0.0,0.0,0.0,0.0,0.0,0.0,0.0,0.0,0.0,0.0,0.0,0.0,0.0,0.0,0.0,0.0,0.0,0.0
64.0,1.0,15.256735416964123,15.510355346275714,16.011645449311565,14.684866381039749,14.769945036939184,13.385680848265618,13.071158345389618,13.55628257159351,13.870334373387577,13.95217374663018,1.0,1.0,1.0,1.0,1.0,1.0,1.0,1.0,1.0,1.0
64.25,2.0,14.076785956467774,15.82425154913488,16.368280821838187,16.113076632817826,15.806652668858106,15.481994126590273,15.386557576269423,15.635364092865169,15.660640777733667,15.480112903389262,1.0,1.0,1.0,1.0,1.0,1.0,1.0,1.0,1.0,1.0
64.5,3.0,0.0,0.0,0.0,0.0,0.0,0.0,0.0,0.0,0.0,0.0,0.0,0.0,0.0,0.0,0.0,0.0,0.0,0.0,0.0,0.0
64.75,4.0,18.955842103753138,18.172462341687403,17.57576612799725,17.39973771108286,17.531000391532462,17.902546587899465,17.502851336033498,16.66907625470254,17.06249584331501,16.49740027551826,1.0,1.0,1.0,1.0,1.0,1.0,1.0,1.0,1.0,1.0
65.0,1.0,16.510659005880758,16.264248639252134,15.261723171625835,14.788818132675836,14.038990939173638,14.325599653332503,14.381226186932878,14.641943999036942,15.512238256674236,14.419601237387614,1.0,1.0,1.0,1.0,1.0,1.0,1.0,1.0,1.0,1.0
65.25,2.0,0.0,0.0,0.0,0.0,0.0,0.0,0.0,0.0,0.0,0.0,0.0,0.0,0.0,0.0,0.0,0.0,0.0,0.0,0.0,0.0
65.5,3.0,17.76421966890674,16.70963975218035,16.941341974903505,16.352653538546203,15.038917387670237,14.087099267139068,12.693838151766558,11.782296976705611,11.232191350961932,12.27449054551855,1.0,1.0,1.0,1.0,1.0,1.0,1.0,1.0,1.0,1.0
65.75,4.0,18.526157305478513,18.856921818444427,17.546165174344466,17.231959064451214,15.666493042276908,16.850497704086475,16.646881518634732,16.535022225450014,17.567008342176617,17.092732202966047,1.0,1.0,1.0,1.0,1.0,1.0,1.0,1.0,1.0,1.0
66.0,1.0,0.0,0.0,0.0,0.0,0.0,0.0,0.0,0.0,0.0,0.0,0.0,0.0,0.0,0.0,0.0,0.0,0.0,0.0,0.0,0.0
66.25,2.0,18.61716190352782,20.027046616154134,19.032786194441943,17.117204239031924,16.09668801597038,15.419905218574996,15.26060152626402,14.683670168559596,14.635383813713512,14.769246980766605,1.0,1.0,1.0,1.0,1.0,1.0,1.0,1.0,1.0,1.0
66.5,3.0,0.0,0.0,0.0,0.0,0.0,0.0,0.0,0.0,0.0,0.0,0.0,0.0,0.0,0.0,0.0,0.0,0.0,0.0,0.0,0.0
66.75,4.0,0.0,0.0,0.0,0.0,0.0,0.0,0.0,0.0,0.0,0.0,0.0,0.0,0.0,0.0,0.0,0.0,0.0,0.0,0.0,0.0
67.0,1.0,17.18119347829833,15.693251442309045,16.033507615329153,14.764988996318776,15.430346467287446,16.33792911950356,16.348663294093985,16.467221951244134,17.317720200902954,16.073618287354353,1.0,1.0,1.0,1.0,1.0,1.0,1.0,1.0,1.0,1.0
67.25,2.0,19.972639800990674,19.445667008496905,17.436441403282277,17.116610514188363,16.022874061242103,15.420444115775027,15.163392176174032,14.83438928130941,13.840279592554278,14.376955346124197,1.0,1.0,1.0,1.0,1.0,1.0,1.0,1.0,1.0,1.0
67.5,3.0,16.717235626451163,15.414385179285778,15.277369272927356,15.846530188698493,15.882345620708646,14.760053331888571,12.724733121872568,13.14304756161307,12.64216304591663,12.73369348636412,1.0,1.0,1.0,1.0,1.0,1.0,1.0,1.0,1.0,1.0
67.75,4.0,19.23319890533903,17.633147230044187,16.525693191700416,16.51087428253933,17.20299204526768,17.49550575438828,18.543930460478936,17.5381360554203,18.838562488226103,17.782684986801094,1.0,1.0,1.0,1.0,1.0,1.0,1.0,1.0,1.0,1.0
68.0,1.0,17.35126353213818,17.695649593628065,17.873430695797513,17.1793744966872,16.972634412521607,17.472868538139995,17.295417873994538,17.758698075324116,18.033848053283695,16.668011197560972,1.0,1.0,1.0,1.0,1.0,1.0,1.0,1.0,1.0,1.0
68.25,2.0,0.0,0.0,0.0,0.0,0.0,0.0,0.0,0.0,0.0,0.0,0.0,0.0,0.0,0.0,0.0,0.0,0.0,0.0,0.0,0.0
68.5,3.0,15.723750595448275,14.994142457109456,14.856537253664854,15.455683577599183,15.007139074775383,14.094859689178612,12.416971275038843,12.492939285404546,12.1733172396934,12.886929265254262,1.0,1.0,1.0,1.0,1.0,1.0,1.0,1.0,1.0,1.0
68.75,4.0,18.2019450888909,17.19764894170516,17.437392842408222,16.75074862575833,16.762028310744117,17.885930215201196,17.867240622995453,18.10814995595296,18.084234354347775,15.86069132539423,1.0,1.0,1.0,1.0,1.0,1.0,1.0,1.0,1.0,1.0
69.0,1.0,18.32861281015043,18.966519259830488,17.255774268871463,17.24486239123658,17.40093720093108,18.043087202756496,17.672473372525,17.478966055178084,17.52972891655145,15.85263558472737,1.0,1.0,1.0,1.0,1.0,1.0,1.0,1.0,1.0,1.0
69.25,2.0,19.418077368997913,18.16449731425354,15.74814888243231,14.409132313659848,13.860878141186781,14.204502028446615,14.265804031137172,12.99630112902419,12.737873449953947,13.383895931396806,1.0,1.0,1.0,1.0,1.0,1.0,1.0,1.0,1.0,1.0
69.5,3.0,0.0,0.0,0.0,0.0,0.0,0.0,0.0,0.0,0.0,0.0,0.0,0.0,0.0,0.0,0.0,0.0,0.0,0.0,0.0,0.0
69.75,4.0,17.71660299446961,17.287361345272675,16.839478432160846,15.463712862596239,15.623423097865993,16.57297821121067,16.624828877082518,16.196926950986107,16.75097336514607,15.33348996560688,1.0,1.0,1.0,1.0,1.0,1.0,1.0,1.0,1.0,1.0
70.0,1.0,16.8974590302318,18.577482934090238,17.209794525845304,16.016036504694824,16.502960431332802,17.756612149361096,17.772457947731954,17.223306943034572,16.995591662541543,15.351804259867475,1.0,1.0,1.0,1.0,1.0,1.0,1.0,1.0,1.0,1.0
70.25,2.0,0.0,0.0,0.0,0.0,0.0,0.0,0.0,0.0,0.0,0.0,0.0,0.0,0.0,0.0,0.0,0.0,0.0,0.0,0.0,0.0
70.5,3.0,14.401078103217742,14.364438632896563,15.345303042597948,16.172833014120993,12.633040454836312,11.83199983504017,13.072312801256965,13.274580499759544,13.423851771626689,13.829459641717143,1.0,1.0,1.0,1.0,1.0,1.0,1.0,1.0,1.0,1.0
70.75,4.0,17.923792190983963,17.65760734491985,16.85854815874166,15.236478799282967,14.631041847016988,15.008421404681414,14.947060719206906,14.403665087594474,15.569290802870645,14.699315695031144,1.0,1.0,1.0,1.0,1.0,1.0,1.0,1.0,1.0,1.0
71.0,1.0,0.0,0.0,0.0,0.0,0.0,0.0,0.0,0.0,0.0,0.0,0.0,0.0,0.0,0.0,0.0,0.0,0.0,0.0,0.0,0.0
71.25,2.0,16.98762841430491,15.955892210295389,15.21327012519814,14.388043243122127,13.23786699359038,14.247493861550268,14.409801923294035,13.635792463522584,13.24319872884239,13.668490826993512,1.0,1.0,1.0,1.0,1.0,1.0,1.0,1.0,1.0,1.0
71.5,3.0,14.26944560731619,14.920033949490204,15.379968272368064,14.985500440035485,13.551611188420349,12.690112799134038,13.432321010088055,12.581962365226492,12.89720611977136,13.678808249454287,1.0,1.0,1.0,1.0,1.0,1.0,1.0,1.0,1.0,1.0
71.75,4.0,0.0,0.0,0.0,0.0,0.0,0.0,0.0,0.0,0.0,0.0,0.0,0.0,0.0,0.0,0.0,0.0,0.0,0.0,0.0,0.0
72.0,1.0,17.219727885805316,17.39716939120292,16.826767756856572,17.104039508112496,15.855454412797709,15.198443991370228,14.614169889069059,14.917875205509965,15.510084815252974,14.776597432238448,1.0,1.0,1.0,1.0,1.0,1.0,1.0,1.0,1.0,1.0
72.25,2.0,15.866386564703092,14.829117526244737,15.888460513932637,14.826282140966477,12.266087218935949,13.377931894060238,13.298708936605285,13.28069553061784,13.55475958358834,14.224817303054774,1.0,1.0,1.0,1.0,1.0,1.0,1.0,1.0,1.0,1.0
72.5,3.0,0.0,0.0,0.0,0.0,0.0,0.0,0.0,0.0,0.0,0.0,0.0,0.0,0.0,0.0,0.0,0.0,0.0,0.0,0.0,0.0
72.75,4.0,16.52979902131247,16.747334181172867,15.178991356155263,13.969712305663013,13.742031569306098,13.914294528759786,12.723307698199191,12.594343487565467,13.246933372441916,12.529959168385037,1.0,1.0,1.0,1.0,1.0,1.0,1.0,1.0,1.0,1.0
73.0,1.0,16.314677861584578,15.505617119805901,15.202566883787561,15.756118857058427,14.01951751409335,14.384122204648815,14.554898645254168,15.347722806639704,15.694038707883589,15.104367990596838,1.0,1.0,1.0,1.0,1.0,1.0,1.0,1.0,1.0,1.0
73.25,2.0,0.0,0.0,0.0,0.0,0.0,0.0,0.0,0.0,0.0,0.0,0.0,0.0,0.0,0.0,0.0,0.0,0.0,0.0,0.0,0.0
73.5,3.0,15.50845731424315,14.703066755322942,14.74784999931834,14.251209508419478,12.86280636173702,12.632138760020805,13.166788392160319,13.247450832581352,13.985831448501154,14.962277282779741,1.0,1.0,1.0,1.0,1.0,1.0,1.0,1.0,1.0,1.0
73.75,4.0,17.096048164138928,16.970177827629815,14.723183078492687,13.63233376858869,13.508907253959352,14.048781340780332,13.086680653223766,12.864225579333882,13.361831114667929,13.449219859644268,1.0,1.0,1.0,1.0,1.0,1.0,1.0,1.0,1.0,1.0
74.0,1.0,15.39967485483023,14.432133738454503,14.925504062323679,15.298872461777037,14.232499247989258,15.322880346464437,15.42945168286606,15.695545403845093,15.98251659184637,15.08211972239944,1.0,1.0,1.0,1.0,1.0,1.0,1.0,1.0,1.0,1.0
74.25,2.0,14.79764148298997,15.150041117333926,13.852385438047065,12.80470357578289,13.391977278850948,14.6894339293884,14.64434780347631,14.251636272611465,14.970861463581738,15.45049539895633,1.0,1.0,1.0,1.0,1.0,1.0,1.0,1.0,1.0,1.0
74.5,3.0,0.0,0.0,0.0,0.0,0.0,0.0,0.0,0.0,0.0,0.0,0.0,0.0,0.0,0.0,0.0,0.0,0.0,0.0,0.0,0.0
74.75,4.0,0.0,0.0,0.0,0.0,0.0,0.0,0.0,0.0,0.0,0.0,0.0,0.0,0.0,0.0,0.0,0.0,0.0,0.0,0.0,0.0
75.0,1.0,15.267437080977073,14.5338750407304,13.583234160018112,13.403481797978099,14.340662607303248,16.065640579768406,15.643981892139825,15.666325276985544,15.666925534097563,15.913910309732536,1.0,1.0,1.0,1.0,1.0,1.0,1.0,1.0,1.0,1.0
75.25,2.0,14.492634299495807,15.594120834754511,14.512246590052285,13.438348611517734,15.62158696790382,16.183409294447976,16.169137022534134,15.257683768746128,15.612824840608834,15.337455574141465,1.0,1.0,1.0,1.0,1.0,1.0,1.0,1.0,1.0,1.0
75.5,3.0,14.077118699696365,14.740297483166744,13.613784449658038,14.634071600261809,13.814692686682925,14.437433500651622,14.386903982575078,14.271252677054292,14.538254545773846,14.205917967775836,1.0,1.0,1.0,1.0,1.0,1.0,1.0,1.0,1.0,1.0
75.75,4.0,16.559736168798132,14.250227115860598,12.272261427564551,13.423990935796066,13.642800344101152,14.66707960925431,13.208118703448408,13.063400984709403,13.92196065016931,14.18240035676712,1.0,1.0,1.0,1.0,1.0,1.0,1.0,1.0,1.0,1.0
76.0,1.0,15.019135287071343,14.51299950457191,13.488392872983237,13.411401914815123,15.329151755536538,15.996335360620533,16.721029425175946,16.05809173808744,16.358647214402026,16.69411327406549,1.0,1.0,1.0,1.0,1.0,1.0,1.0,1.0,1.0,1.0
76.25,2.0,0.0,0.0,0.0,0.0,0.0,0.0,0.0,0.0,0.0,0.0,0.0,0.0,0.0,0.0,0.0,0.0,0.0,0.0,0.0,0.0
76.5,3.0,14.293240151832302,14.79459150732852,13.561603350866708,15.453194606389218,14.822445480922937,14.673272339863333,14.75545592979746,14.858791307245154,15.145540353269933,14.405033483938528,1.0,1.0,1.0,1.0,1.0,1.0,1.0,1.0,1.0,1.0
76.75,4.0,14.507719442235272,12.628171101640932,11.39771835334998,13.242054687415461,14.290284633531328,14.678062831516902,13.360336497301649,13.986111693625201,15.187360719137292,15.648178363378964,1.0,1.0,1.0,1.0,1.0,1.0,1.0,1.0,1.0,1.0
77.0,1.0,14.401275314667414,15.001089370323898,14.497721911842165,13.576629955321783,14.965456855069409,16.248243412740567,16.26961567466336,17.086912804367337,16.755442385622786,16.73450286691668,1.0,1.0,1.0,1.0,1.0,1.0,1.0,1.0,1.0,1.0
77.25,2.0,13.726927252961833,13.903665941909837,14.136252188503894,14.44389787095137,16.73944866305967,16.17700355458712,15.533286014960307,15.259889690222687,15.313627216524836,16.27329949890993,1.0,1.0,1.0,1.0,1.0,1.0,1.0,1.0,1.0,1.0
77.5,3.0,0.0,0.0,0.0,0.0,0.0,0.0,0.0,0.0,0.0,0.0,0.0,0.0,0.0,0.0,0.0,0.0,0.0,0.0,0.0,0.0
77.75,4.0,12.928402239521827,12.639458797111718,11.869649171357201,12.620138082274181,13.527529571114352,14.346095652314771,13.72522441513905,14.122411760081192,15.343445242331121,15.156923766283525,1.0,1.0,1.0,1.0,1.0,1.0,1.0,1.0,1.0,1.0
78.0,1.0,13.832275161398059,14.498827824449226,14.354466505597257,13.191190702802981,14.32837027015536,15.299402803379705,15.700874342998288,15.624666058002726,17.648255590229788,16.766279826785095,1.0,1.0,1.0,1.0,1.0,1.0,1.0,1.0,1.0,1.0
78.25,2.0,0.0,0.0,0.0,0.0,0.0,0.0,0.0,0.0,0.0,0.0,0.0,0.0,0.0,0.0,0.0,0.0,0.0,0.0,0.0,0.0
78.5,3.0,14.771431841278865,14.832427456517676,14.155131315092989,13.79964760242551,13.549071582406771,14.852998066702746,15.291299089992371,15.405791429900649,14.588409162952498,14.497804114710483,1.0,1.0,1.0,1.0,1.0,1.0,1.0,1.0,1.0,1.0
78.75,4.0,13.005732460637631,12.913393915017663,11.732841762915214,12.779278543308475,14.308317053712406,14.990038733180867,14.356430877655011,14.45346213463885,15.411255786936502,15.613372339874438,1.0,1.0,1.0,1.0,1.0,1.0,1.0,1.0,1.0,1.0
79.0,1.0,0.0,0.0,0.0,0.0,0.0,0.0,0.0,0.0,0.0,0.0,0.0,0.0,0.0,0.0,0.0,0.0,0.0,0.0,0.0,0.0
79.25,2.0,13.573654279057331,13.252044187261784,15.174764026532333,16.01932789461762,15.449857192255815,15.165796503895374,15.120333318607972,15.534184661840168,15.001433642976558,15.873680016454829,1.0,1.0,1.0,1.0,1.0,1.0,1.0,1.0,1.0,1.0
79.5,3.0,15.33414883846013,16.03452835111439,15.168764750782358,15.626838153348576,15.161199810416456,15.739459287280436,15.62922128988101,15.552727751093107,14.060294395708143,14.859222518252365,1.0,1.0,1.0,1.0,1.0,1.0,1.0,1.0,1.0,1.0
79.75,4.0,0.0,0.0,0.0,0.0,0.0,0.0,0.0,0.0,0.0,0.0,0.0,0.0,0.0,0.0,0.0,0.0,0.0,0.0,0.0,0.0
80.0,1.0,14.54902368394375,13.444515775090084,13.893408610088816,15.22492533796781,15.474485961587895,15.659555809461354,17.13454361802651,16.46670951026212,16.94741750439036,16.719724977025596,1.0,1.0,1.0,1.0,1.0,1.0,1.0,1.0,1.0,1.0
80.25,2.0,14.112274011327026,14.153964824280063,15.465599291836151,16.587548397094235,15.035258956264691,15.974327738197832,17.0856593163619,16.183711354920412,16.645312534148065,16.539483309680676,1.0,1.0,1.0,1.0,1.0,1.0,1.0,1.0,1.0,1.0
80.5,3.0,0.0,0.0,0.0,0.0,0.0,0.0,0.0,0.0,0.0,0.0,0.0,0.0,0.0,0.0,0.0,0.0,0.0,0.0,0.0,0.0
80.75,4.0,13.403730354254323,11.420762382583034,12.704111604540744,13.22786141320564,13.521948240271161,14.258996843814984,13.566790761653042,14.015109284379575,15.335335083891916,15.214919926330552,1.0,1.0,1.0,1.0,1.0,1.0,1.0,1.0,1.0,1.0
81.0,1.0,13.362454556011299,13.053440096363076,13.79756064077594,14.377455871876988,15.495472290423129,16.105005990696544,17.808544976785786,17.843338293942878,18.22961489759168,17.296397437164863,1.0,1.0,1.0,1.0,1.0,1.0,1.0,1.0,1.0,1.0
81.25,2.0,0.0,0.0,0.0,0.0,0.0,0.0,0.0,0.0,0.0,0.0,0.0,0.0,0.0,0.0,0.0,0.0,0.0,0.0,0.0,0.0
81.5,3.0,14.441851359791277,16.21788774478334,16.927863766796218,17.014416396309322,16.4024856035033,17.199686752412756,16.451295866797476,15.360669713041625,14.365240111194446,14.69566679129575,1.0,1.0,1.0,1.0,1.0,1.0,1.0,1.0,1.0,1.0
81.75,4.0,13.054016453682092,10.487262852708353,12.838496133569457,13.13682259376901,13.446606302382722,13.966652083883336,14.203532620172817,14.74098317259035,15.392293154671048,15.460381452696012,1.0,1.0,1.0,1.0,1.0,1.0,1.0,1.0,1.0,1.0
82.0,1.0,14.694888348226932,13.30945852348207,12.823585793214484,14.712052519787996,16.176666357496213,16.34607648664852,17.856258108426175,17.238044763921344,18.02513440231436,17.133673421610833,1.0,1.0,1.0,1.0,1.0,1.0,1.0,1.0,1.0,1.0
82.25,2.0,14.114359711453762,14.722193701053115,15.384467788490854,15.266279533221688,16.404856389454363,16.966218716223622,17.793384956003404,17.057201577299377,16.57273712543048,15.901173901966038,1.0,1.0,1.0,1.0,1.0,1.0,1.0,1.0,1.0,1.0
82.5,3.0,0.0,0.0,0.0,0.0,0.0,0.0,0.0,0.0,0.0,0.0,0.0,0.0,0.0,0.0,0.0,0.0,0.0,0.0,0.0,0.0
82.75,4.0,12.232517647562936,10.84861147574851,14.109487768653894,15.380830775784277,14.254836701829316,15.446352163066955,15.116586352951451,15.781947692002195,16.335266069857877,16.790038554887456,1.0,1.0,1.0,1.0,1.0,1.0,1.0,1.0,1.0,1.0
83.0,1.0,12.271604038293313,12.86665464475957,14.636489331330795,16.46892677512412,16.129945109885693,16.772250832191638,17.786017613611886,17.459738647452912,18.5029773857999,17.929737934219304,1.0,1.0,1.0,1.0,1.0,1.0,1.0,1.0,1.0,1.0
83.25,2.0,14.707307866603164,14.194468448713161,15.531893869229702,16.57815261829774,16.415012308399778,16.830760673357688,17.867525770148497,16.77371498650169,15.75701845931257,15.274967110949776,1.0,1.0,1.0,1.0,1.0,1.0,1.0,1.0,1.0,1.0
83.5,3.0,14.133322946830503,16.779698866172655,17.47902508897234,16.33008389788734,14.676602999524821,15.952866110958137,14.9738685081311,15.6984089974997,15.949355582906287,15.782837444143793,1.0,1.0,1.0,1.0,1.0,1.0,1.0,1.0,1.0,1.0
83.75,4.0,11.515375651016187,12.089629979146038,15.599670007278721,15.637737650966098,15.321111981464739,16.60172884417891,16.34661717284462,16.263760321633118,16.69883602941194,16.427993810233396,1.0,1.0,1.0,1.0,1.0,1.0,1.0,1.0,1.0,1.0
84.0,1.0,0.0,0.0,0.0,0.0,0.0,0.0,0.0,0.0,0.0,0.0,0.0,0.0,0.0,0.0,0.0,0.0,0.0,0.0,0.0,0.0
84.25,2.0,0.0,0.0,0.0,0.0,0.0,0.0,0.0,0.0,0.0,0.0,0.0,0.0,0.0,0.0,0.0,0.0,0.0,0.0,0.0,0.0
84.5,3.0,14.57395705051433,17.36756173109008,17.508611303136025,15.642536978888408,15.29055637764046,15.91270524029616,15.450120425474081,15.339843578757844,16.848303883227576,16.307376374072586,1.0,1.0,1.0,1.0,1.0,1.0,1.0,1.0,1.0,1.0
84.75,4.0,0.0,0.0,0.0,0.0,0.0,0.0,0.0,0.0,0.0,0.0,0.0,0.0,0.0,0.0,0.0,0.0,0.0,0.0,0.0,0.0
85.0,1.0,13.303972063208862,13.604735973332287,14.666594918519069,16.87876316625634,17.716269562833904,17.382605573929897,18.98269026497484,18.439581331431132,18.61145194847834,17.954535519521542,1.0,1.0,1.0,1.0,1.0,1.0,1.0,1.0,1.0,1.0
85.25,2.0,17.022539063241464,15.457938626245614,16.244761217466284,16.126059469997646,16.609835689135,15.304871730700183,15.515148062821897,14.439748968563862,13.262428691839533,13.546247191914595,1.0,1.0,1.0,1.0,1.0,1.0,1.0,1.0,1.0,1.0
85.5,3.0,0.0,0.0,0.0,0.0,0.0,0.0,0.0,0.0,0.0,0.0,0.0,0.0,0.0,0.0,0.0,0.0,0.0,0.0,0.0,0.0
85.75,4.0,12.770111155167058,13.29811361428669,15.126326458142303,16.255524347223822,17.253637826215623,17.765425269454713,18.742420431725993,18.740389026012604,18.82401808798923,18.653802126991568,1.0,1.0,1.0,1.0,1.0,1.0,1.0,1.0,1.0,1.0
86.0,1.0,13.41361421914541,13.246576831244875,14.355475732159045,17.41811854865219,16.85010749648758,18.167019528544092,18.82457819195555,18.530900906320863,19.427633780459274,17.965018010023485,1.0,1.0,1.0,1.0,1.0,1.0,1.0,1.0,1.0,1.0
86.25,2.0,0.0,0.0,0.0,0.0,0.0,0.0,0.0,0.0,0.0,0.0,0.0,0.0,0.0,0.0,0.0,0.0,0.0,0.0,0.0,0.0
86.5,3.0,16.117358049832127,17.24736182770479,15.850953152411691,14.787168880618262,16.04120985437924,16.28684064415093,17.470122317191542,17.138048671746823,16.8727146346364,16.191660759424245,1.0,1.0,1.0,1.0,1.0,1.0,1.0,1.0,1.0,1.0
86.75,4.0,13.131777016191727,14.476701036470006,16.329939776751548,16.535905237396886,17.623190619950105,18.34344021168808,19.50220205107552,19.48123967363797,18.140922463226286,17.171422069744054,1.0,1.0,1.0,1.0,1.0,1.0,1.0,1.0,1.0,1.0
87.0,1.0,0.0,0.0,0.0,0.0,0.0,0.0,0.0,0.0,0.0,0.0,0.0,0.0,0.0,0.0,0.0,0.0,0.0,0.0,0.0,0.0
87.25,2.0,17.470416651441564,14.653961936181034,14.848568760304106,14.0724370413631,14.654302221542656,13.632946223251848,13.254478027235736,13.059860729647543,12.803270609487551,13.406544137271174,1.0,1.0,1.0,1.0,1.0,1.0,1.0,1.0,1.0,1.0
87.5,3.0,0.0,0.0,0.0,0.0,0.0,0.0,0.0,0.0,0.0,0.0,0.0,0.0,0.0,0.0,0.0,0.0,0.0,0.0,0.0,0.0
87.75,4.0,0.0,0.0,0.0,0.0,0.0,0.0,0.0,0.0,0.0,0.0,0.0,0.0,0.0,0.0,0.0,0.0,0.0,0.0,0.0,0.0
88.0,1.0,14.268203685543629,14.976287251253318,17.07022782275669,17.807179826745994,18.272315325784586,18.919360281881907,18.634817103185632,17.138307032143675,16.814327176820193,17.456716628133016,1.0,1.0,1.0,1.0,1.0,1.0,1.0,1.0,1.0,1.0
88.25,2.0,16.19410853828626,14.489873453192654,14.933469871011203,13.753207998775837,12.982324090513549,12.091307502660653,12.042690862996206,12.272446073192503,12.440466222410747,13.719538089142816,1.0,1.0,1.0,1.0,1.0,1.0,1.0,1.0,1.0,1.0
88.5,3.0,0.0,0.0,0.0,0.0,0.0,0.0,0.0,0.0,0.0,0.0,0.0,0.0,0.0,0.0,0.0,0.0,0.0,0.0,0.0,0.0
88.75,4.0,15.951892896937304,16.828679406496498,16.16716951766941,17.680047847455914,18.544994699240295,18.079660896670568,17.966065949825598,18.208762777896997,18.166196390867555,16.783168933010515,1.0,1.0,1.0,1.0,1.0,1.0,1.0,1.0,1.0,1.0
89.0,1.0,14.32981423463416,15.250166613065288,17.6710545830655,18.050068265854136,18.6838659466065,17.439342188144987,17.0120420367687,17.575302559002953,17.169329611546832,18.23930003799906,1.0,1.0,1.0,1.0,1.0,1.0,1.0,1.0,1.0,1.0
89.25,2.0,0.0,0.0,0.0,0.0,0.0,0.0,0.0,0.0,0.0,0.0,0.0,0.0,0.0,0.0,0.0,0.0,0.0,0.0,0.0,0.0
89.5,3.0,17.052662879489894,17.347211959336796,17.565406617148085,17.830605844235173,17.174900486392634,15.728572361461872,16.103276025376218,15.95410577128719,17.521189400416795,18.178012452218283,1.0,1.0,1.0,1.0,1.0,1.0,1.0,1.0,1.0,1.0
89.75,4.0,16.853252617832993,15.410940449746338,16.41087201139802,17.8840557778219,18.733151152587595,18.233870938656523,17.74145030003127,17.704005663195275,17.392999901775212,17.331232991697945,1.0,1.0,1.0,1.0,1.0,1.0,1.0,1.0,1.0,1.0
90.0,1.0,16.95036388024957,16.352125202222513,17.196787202557736,16.237897165350958,16.24167872681528,15.63441069360043,16.20540668750781,16.50147016731486,16.71404981473752,17.46197153928002,1.0,1.0,1.0,1.0,1.0,1.0,1.0,1.0,1.0,1.0
90.25,2.0,16.309937666902076,15.781189233945277,14.982400838907132,13.106813031812996,12.515477029310262,13.692266788404938,13.423332447443876,13.969458016112144,13.917721067370435,14.709200690186323,1.0,1.0,1.0,1.0,1.0,1.0,1.0,1.0,1.0,1.0
90.5,3.0,0.0,0.0,0.0,0.0,0.0,0.0,0.0,0.0,0.0,0.0,0.0,0.0,0.0,0.0,0.0,0.0,0.0,0.0,0.0,0.0
90.75,4.0,16.043465089577627,16.68617800590392,17.946483303159983,18.14274155414517,17.77235624539163,17.744016019408313,17.29129351886854,17.95076842448918,18.84409261081209,17.69791308229866,1.0,1.0,1.0,1.0,1.0,1.0,1.0,1.0,1.0,1.0
91.0,1.0,15.782057211018111,15.471649931780728,16.886153047308273,15.107868405184211,16.008551055989614,16.291263668419827,15.824315799941,17.052602639303483,16.863355076201483,17.99471349888611,1.0,1.0,1.0,1.0,1.0,1.0,1.0,1.0,1.0,1.0
91.25,2.0,16.513676224799678,15.189620664573528,13.616018413811311,12.687519663250505,12.745968594159008,13.542429698703149,13.23576053427801,13.234856044927195,13.480850398376296,13.997856192570767,1.0,1.0,1.0,1.0,1.0,1.0,1.0,1.0,1.0,1.0
91.5,3.0,17.500269141049074,19.337291914704334,19.136405049836824,16.366662191113722,17.86301298568254,17.36012075905446,18.537202404540217,19.201956418120194,20.535196117008866,20.66378813670691,1.0,1.0,1.0,1.0,1.0,1.0,1.0,1.0,1.0,1.0
91.75,4.0,16.8509959755105,18.453214126407573,17.982260329260342,17.24261611781695,17.090638058147913,16.923512854521665,16.88519288336926,17.979931368535993,18.628942098559524,19.065973550131776,1.0,1.0,1.0,1.0,1.0,1.0,1.0,1.0,1.0,1.0
92.0,1.0,0.0,0.0,0.0,0.0,0.0,0.0,0.0,0.0,0.0,0.0,0.0,0.0,0.0,0.0,0.0,0.0,0.0,0.0,0.0,0.0
92.25,2.0,0.0,0.0,0.0,0.0,0.0,0.0,0.0,0.0,0.0,0.0,0.0,0.0,0.0,0.0,0.0,0.0,0.0,0.0,0.0,0.0
92.5,3.0,18.60123027742328,20.11624814365173,18.48429568406108,18.17021022257843,19.76157804851786,19.22611933815636,20.190781862174443,19.69905165111209,20.046466701305512,19.582068918778436,1.0,1.0,1.0,1.0,1.0,1.0,1.0,1.0,1.0,1.0
92.75,4.0,0.0,0.0,0.0,0.0,0.0,0.0,0.0,0.0,0.0,0.0,0.0,0.0,0.0,0.0,0.0,0.0,0.0,0.0,0.0,0.0
93.0,1.0,15.313174900686585,14.215413003674126,15.467257243574865,14.707680660920618,15.823944356424484,16.289574853738834,15.87371000113005,17.407276739091092,17.521945616084352,17.89470042824908,1.0,1.0,1.0,1.0,1.0,1.0,1.0,1.0,1.0,1.0
93.25,2.0,15.488235138427166,14.921252960407685,14.828654598802377,14.77579654735497,15.391806297107893,14.720051965966642,15.286043199568143,15.539324068444788,15.212637461864865,15.166199820401015,1.0,1.0,1.0,1.0,1.0,1.0,1.0,1.0,1.0,1.0
93.5,3.0,0.0,0.0,0.0,0.0,0.0,0.0,0.0,0.0,0.0,0.0,0.0,0.0,0.0,0.0,0.0,0.0,0.0,0.0,0.0,0.0
93.75,4.0,17.013985486615987,18.733175343913377,16.909372331528967,17.215950532427847,18.135371009385924,17.790182838992312,17.2789072184759,18.431523023117435,18.690434365388523,19.31880617266952,1.0,1.0,1.0,1.0,1.0,1.0,1.0,1.0,1.0,1.0
94.0,1.0,16.29426530743528,15.047489458234162,15.3191496628863,15.20489584362477,15.844236418354864,16.937438583939322,16.694899040000255,17.240343740162672,17.0587384315769,17.59909942439701,1.0,1.0,1.0,1.0,1.0,1.0,1.0,1.0,1.0,1.0
94.25,2.0,0.0,0.0,0.0,0.0,0.0,0.0,0.0,0.0,0.0,0.0,0.0,0.0,0.0,0.0,0.0,0.0,0.0,0.0,0.0,0.0
94.5,3.0,18.888632536610697,19.409882026178714,19.79483304430232,19.550557896744902,18.109223536697186,18.32322564873017,19.096389957312248,18.361289415440858,18.64263962824803,18.22016853503077,1.0,1.0,1.0,1.0,1.0,1.0,1.0,1.0,1.0,1.0
94.75,4.0,17.270833053054545,18.478865046506037,16.13765287577398,17.909439152771736,19.006968644658926,19.277500813861188,18.826429285651404,19.917497581426133,20.403897931806757,20.334958713475,1.0,1.0,1.0,1.0,1.0,1.0,1.0,1.0,1.0,1.0
95.0,1.0,0.0,0.0,0.0,0.0,0.0,0.0,0.0,0.0,0.0,0.0,0.0,0.0,0.0,0.0,0.0,0.0,0.0,0.0,0.0,0.0
95.25,2.0,15.257953183953317,13.583126317038182,14.463334377704822,16.14273541891867,17.86834298225101,17.008787612942037,16.890538047676458,15.952552894575954,15.663817121442207,16.243302332509632,1.0,1.0,1.0,1.0,1.0,1.0,1.0,1.0,1.0,1.0
95.5,3.0,0.0,0.0,0.0,0.0,0.0,0.0,0.0,0.0,0.0,0.0,0.0,0.0,0.0,0.0,0.0,0.0,0.0,0.0,0.0,0.0
95.75,4.0,0.0,0.0,0.0,0.0,0.0,0.0,0.0,0.0,0.0,0.0,0.0,0.0,0.0,0.0,0.0,0.0,0.0,0.0,0.0,0.0
96.0,1.0,14.987931818365194,15.199396143466986,15.938855923025192,16.494400904749572,17.8313879177203,18.679561155425823,18.302390763853438,18.430216034926058,18.944825849007064,19.332359774014797,1.0,1.0,1.0,1.0,1.0,1.0,1.0,1.0,1.0,1.0
96.25,2.0,15.21764899072309,14.479497398457122,17.74738411083004,17.948207218121066,17.11513849764396,17.325451114700588,17.600546686190565,17.176623969902103,16.960199195561547,16.499688143995424,1.0,1.0,1.0,1.0,1.0,1.0,1.0,1.0,1.0,1.0
96.5,3.0,0.0,0.0,0.0,0.0,0.0,0.0,0.0,0.0,0.0,0.0,0.0,0.0,0.0,0.0,0.0,0.0,0.0,0.0,0.0,0.0
96.75,4.0,17.675843987398128,20.1085293159239,20.101419534232917,20.577141647166684,19.58703422419652,20.761634468673105,20.795233429897102,21.487373279725713,21.59092367124338,20.087294024867116,1.0,1.0,1.0,1.0,1.0,1.0,1.0,1.0,1.0,1.0
97.0,1.0,14.721044195961158,15.931611316259314,16.18391435177514,16.726536532774,16.989432111945202,17.813020306392183,18.50616527815753,18.78201662896818,19.480673321975445,18.257599647038724,1.0,1.0,1.0,1.0,1.0,1.0,1.0,1.0,1.0,1.0
97.25,2.0,0.0,0.0,0.0,0.0,0.0,0.0,0.0,0.0,0.0,0.0,0.0,0.0,0.0,0.0,0.0,0.0,0.0,0.0,0.0,0.0
97.5,3.0,20.30094355899751,20.131445593743894,20.436041092731706,19.197726404582667,19.756477234148985,19.564037434003378,20.000896231688497,19.30627937052151,18.05068070941189,17.052588469090956,1.0,1.0,1.0,1.0,1.0,1.0,1.0,1.0,1.0,1.0
97.75,4.0,18.1405935994116,20.89679786761619,20.57479934947621,21.35624658741306,20.497326950971342,20.397379348473404,20.35028748048629,20.442954827792576,19.911123711052785,19.03510379538993,1.0,1.0,1.0,1.0,1.0,1.0,1.0,1.0,1.0,1.0
98.0,1.0,16.497985857135006,16.673196672988013,17.387257172463546,17.155915111700292,17.00463644227806,18.771868511490034,19.077836609295048,19.184525092732883,19.54059384997901,18.643600691788972,1.0,1.0,1.0,1.0,1.0,1.0,1.0,1.0,1.0,1.0
98.25,2.0,17.2329003828747,17.129476394277745,18.492809429253278,18.18016334595104,17.694495040825153,17.30989310993833,17.504453971741157,17.555815849062064,16.35969744836836,14.915840350846768,1.0,1.0,1.0,1.0,1.0,1.0,1.0,1.0,1.0,1.0
98.5,3.0,0.0,0.0,0.0,0.0,0.0,0.0,0.0,0.0,0.0,0.0,0.0,0.0,0.0,0.0,0.0,0.0,0.0,0.0,0.0,0.0
98.75,4.0,19.420676091769746,20.51341195201957,20.73192057285743,20.907707777360187,19.872431151190213,20.42022677796756,19.773932869602586,20.29524435304593,19.506484388118967,18.407371265514822,1.0,1.0,1.0,1.0,1.0,1.0,1.0,1.0,1.0,1.0
99.0,1.0,17.156331698218665,17.260351763454214,18.388126660900962,18.52101952504713,18.503729878540128,19.975201809255942,20.08860992646218,19.73040989908524,20.65415408742683,19.99219384891574,1.0,1.0,1.0,1.0,1.0,1.0,1.0,1.0,1.0,1.0
99.25,2.0,0.0,0.0,0.0,0.0,0.0,0.0,0.0,0.0,0.0,0.0,0.0,0.0,0.0,0.0,0.0,0.0,0.0,0.0,0.0,0.0
99.5,3.0,20.061319316039157,19.70017844357393,21.09226645887504,21.62468913053886,19.41033070273909,18.070669278578514,18.982308022051267,17.228335685839053,17.16044798853089,16.566423565676352,1.0,1.0,1.0,1.0,1.0,1.0,1.0,1.0,1.0,1.0
99.75,4.0,18.992645751845465,21.013107699169044,19.6875483129464,21.07853058788758,20.224633387740095,21.15678416714915,19.697523887398688,19.42128627028621,18.378578939184212,16.874345168685455,1.0,1.0,1.0,1.0,1.0,1.0,1.0,1.0,1.0,1.0
100.0,1.0,0.0,0.0,0.0,0.0,0.0,0.0,0.0,0.0,0.0,0.0,0.0,0.0,0.0,0.0,0.0,0.0,0.0,0.0,0.0,0.0
100.25,2.0,0.0,0.0,0.0,0.0,0.0,0.0,0.0,0.0,0.0,0.0,0.0,0.0,0.0,0.0,0.0,0.0,0.0,0.0,0.0,0.0
100.5,3.0,19.011725637042783,20.31004402379313,21.448847151092107,21.249756463723976,18.99704879164881,17.07197349679016,17.953010406492115,17.410063773957678,18.10966787697719,18.306011806590988,1.0,1.0,1.0,1.0,1.0,1.0,1.0,1.0,1.0,1.0
100.75,4.0,0.0,0.0,0.0,0.0,0.0,0.0,0.0,0.0,0.0,0.0,0.0,0.0,0.0,0.0,0.0,0.0,0.0,0.0,0.0,0.0
101.0,1.0,18.509244068878708,20.06249916292744,21.09063481830717,20.471670988436973,19.873208822400084,20.46811803274563,20.027729760684462,20.39697410213157,20.89261663731831,20.967824602806548,1.0,1.0,1.0,1.0,1.0,1.0,1.0,1.0,1.0,1.0
101.25,2.0,17.2729674617174,18.83838190177135,19.798265071571834,19.74012697525291,17.67747230980464,17.227989438148605,16.41496330036,16.80254727239589,16.435614186230335,15.989656309824225,1.0,1.0,1.0,1.0,1.0,1.0,1.0,1.0,1.0,1.0
101.5,3.0,0.0,0.0,0.0,0.0,0.0,0.0,0.0,0.0,0.0,0.0,0.0,0.0,0.0,0.0,0.0,0.0,0.0,0.0,0.0,0.0
101.75,4.0,19.634223072105684,20.216474231874606,19.934949070743574,20.698968640713634,19.48518075913624,18.87575024711216,17.45494400241205,18.417882624546277,18.167979382723622,16.677045162347405,1.0,1.0,1.0,1.0,1.0,1.0,1.0,1.0,1.0,1.0
102.0,1.0,20.155287416685898,19.27764812363816,19.737776493263294,20.565678155693618,20.087084316084823,21.12523605930629,20.30226901011001,21.11292105838999,20.825852170078,20.408982881632003,1.0,1.0,1.0,1.0,1.0,1.0,1.0,1.0,1.0,1.0
102.25,2.0,0.0,0.0,0.0,0.0,0.0,0.0,0.0,0.0,0.0,0.0,0.0,0.0,0.0,0.0,0.0,0.0,0.0,0.0,0.0,0.0
102.5,3.0,18.998487067394198,20.171569537171628,20.80989668435884,18.952254595944485,18.062542211003706,17.664538427245667,17.805761989931217,19.252161929157232,19.254860632791647,20.0943091433523,1.0,1.0,1.0,1.0,1.0,1.0,1.0,1.0,1.0,1.0
102.75,4.0,19.317086940906375,18.49661675067498,18.05846944069803,19.31757509670933,17.546267036123258,17.11161472409264,16.38920954977621,16.750806297009053,17.632365569808382,17.266868231724164,1.0,1.0,1.0,1.0,1.0,1.0,1.0,1.0,1.0,1.0
103.0,1.0,0.0,0.0,0.0,0.0,0.0,0.0,0.0,0.0,0.0,0.0,0.0,0.0,0.0,0.0,0.0,0.0,0.0,0.0,0.0,0.0
103.25,2.0,21.878938294513933,19.85517266794963,18.734828574517497,18.06199767392277,16.85177916722639,16.104686850317304,15.341100527761846,16.1498072253019,15.928905321618462,15.048574625219388,1.0,1.0,1.0,1.0,1.0,1.0,1.0,1.0,1.0,1.0
103.5,3.0,0.0,0.0,0.0,0.0,0.0,0.0,0.0,0.0,0.0,0.0,0.0,0.0,0.0,0.0,0.0,0.0,0.0,0.0,0.0,0.0
103.75,4.0,0.0,0.0,0.0,0.0,0.0,0.0,0.0,0.0,0.0,0.0,0.0,0.0,0.0,0.0,0.0,0.0,0.0,0.0,0.0,0.0
104.0,1.0,21.51434323370273,20.292908220430274,19.124620925521153,19.246261128355762,19.24598066550767,19.91686618721973,19.146873595481598,18.38420841751232,18.689690088343305,17.986288584973888,1.0,1.0,1.0,1.0,1.0,1.0,1.0,1.0,1.0,1.0
104.25,2.0,20.169517699096456,19.190801181169597,18.835316388690995,17.06916300874462,16.668698772164134,16.314328554789896,15.86063812756909,15.926114601885102,15.478471288736845,14.841903518030298,1.0,1.0,1.0,1.0,1.0,1.0,1.0,1.0,1.0,1.0
104.5,3.0,0.0,0.0,0.0,0.0,0.0,0.0,0.0,0.0,0.0,0.0,0.0,0.0,0.0,0.0,0.0,0.0,0.0,0.0,0.0,0.0
104.75,4.0,17.307287171263717,14.707494349444836,15.549559980163588,15.421606514894286,16.680921183299336,15.972893330488013,15.790838722462151,16.64196371164394,18.571263606378526,17.81644114144277,1.0,1.0,1.0,1.0,1.0,1.0,1.0,1.0,1.0,1.0
105.0,1.0,20.917408492324952,19.614658162496212,18.71742357825504,19.781160155061116,19.156688772918873,18.692759689562603,18.283724044231327,17.526174512909684,18.403613904949275,18.53984063640951,1.0,1.0,1.0,1.0,1.0,1.0,1.0,1.0,1.0,1.0
105.25,2.0,0.0,0.0,0.0,0.0,0.0,0.0,0.0,0.0,0.0,0.0,0.0,0.0,0.0,0.0,0.0,0.0,0.0,0.0,0.0,0.0
105.5,3.0,18.906552689457524,18.202385051275698,18.587788284068935,18.238075630176322,18.528305365695243,17.790903488692752,16.243499294873477,15.378893825330524,15.514835143284262,15.278587093269442,1.0,1.0,1.0,1.0,1.0,1.0,1.0,1.0,1.0,1.0
105.75,4.0,18.14191756275964,15.94909335133405,15.300070753721998,15.636248566179649,16.119451354407186,17.0864554754952,16.88622373049965,17.87887818302675,18.895761460918973,17.400062450672664,1.0,1.0,1.0,1.0,1.0,1.0,1.0,1.0,1.0,1.0
106.0,1.0,19.925005580346877,19.503590588686723,18.966465590010767,19.817328218440554,18.606108224762497,18.684996249561294,17.716825038473186,17.499665355767306,18.50792177054756,19.574617313585097,1.0,1.0,1.0,1.0,1.0,1.0,1.0,1.0,1.0,1.0
106.25,2.0,17.59954398032004,18.707652409492916,18.088212425744935,16.83128212656727,17.3231586999931,17.05031702785923,16.741655181701717,17.05928111237797,15.880963962110698,15.83998045869459,1.0,1.0,1.0,1.0,1.0,1.0,1.0,1.0,1.0,1.0
106.5,3.0,0.0,0.0,0.0,0.0,0.0,0.0,0.0,0.0,0.0,0.0,0.0,0.0,0.0,0.0,0.0,0.0,0.0,0.0,0.0,0.0
106.75,4.0,17.856540650423536,15.582894891884399,14.947222400344545,15.611030815624051,17.6173836523016,18.646759151247803,17.875053271874002,18.41780358692038,19.183286815721207,17.32575712757351,1.0,1.0,1.0,1.0,1.0,1.0,1.0,1.0,1.0,1.0
107.0,1.0,19.64079886854116,18.62181586359582,19.265761975406793,21.057712450440253,19.462974896184694,18.16774802617123,16.998430244308295,16.728823489356806,17.434433546057978,18.96290247531846,1.0,1.0,1.0,1.0,1.0,1.0,1.0,1.0,1.0,1.0
107.25,2.0,0.0,0.0,0.0,0.0,0.0,0.0,0.0,0.0,0.0,0.0,0.0,0.0,0.0,0.0,0.0,0.0,0.0,0.0,0.0,0.0
107.5,3.0,16.712816497916087,17.842381030283704,17.56135232703369,16.7794960570924,16.836472286169396,16.567244475189835,16.661634756195408,16.382998293455167,16.539085519865782,16.581768674189405,1.0,1.0,1.0,1.0,1.0,1.0,1.0,1.0,1.0,1.0
107.75,4.0,15.751312355320243,14.688970378543345,14.285274674036147,16.046453426790944,16.653332732955235,16.900410378310514,17.213785334659992,17.837031157382015,18.117040710541488,16.443511896541196,1.0,1.0,1.0,1.0,1.0,1.0,1.0,1.0,1.0,1.0
108.0,1.0,0.0,0.0,0.0,0.0,0.0,0.0,0.0,0.0,0.0,0.0,0.0,0.0,0.0,0.0,0.0,0.0,0.0,0.0,0.0,0.0
108.25,2.0,0.0,0.0,0.0,0.0,0.0,0.0,0.0,0.0,0.0,0.0,0.0,0.0,0.0,0.0,0.0,0.0,0.0,0.0,0.0,0.0
108.5,3.0,16.6388137598603,18.40054799259394,18.25894788228103,17.271143159072555,16.844728555055223,16.97436094985192,16.7963777105132,16.00496349581387,15.819147671915792,16.754047155874336,1.0,1.0,1.0,1.0,1.0,1.0,1.0,1.0,1.0,1.0
108.75,4.0,0.0,0.0,0.0,0.0,0.0,0.0,0.0,0.0,0.0,0.0,0.0,0.0,0.0,0.0,0.0,0.0,0.0,0.0,0.0,0.0
109.0,1.0,18.584458343333008,18.993534016324826,19.41444548233665,18.41849953111535,17.677147760606235,18.217343833309005,18.487064522180155,18.577189277650255,18.862254237425418,19.07384282100413,1.0,1.0,1.0,1.0,1.0,1.0,1.0,1.0,1.0,1.0
109.25,2.0,13.96376897548788,14.738678491299584,16.756001637125703,17.078571814345857,14.989330527938655,14.702687598113684,15.459217924683841,16.61151498624975,16.23507163355377,16.24328958334941,1.0,1.0,1.0,1.0,1.0,1.0,1.0,1.0,1.0,1.0
109.5,3.0,0.0,0.0,0.0,0.0,0.0,0.0,0.0,0.0,0.0,0.0,0.0,0.0,0.0,0.0,0.0,0.0,0.0,0.0,0.0,0.0
109.75,4.0,16.199888748222627,16.17097850700319,15.896768234452464,15.901148546989972,15.799753111522149,15.463635029900361,17.105582587987417,18.24814865387565,18.104187800906587,17.697432681752012,1.0,1.0,1.0,1.0,1.0,1.0,1.0,1.0,1.0,1.0
110.0,1.0,18.323681613655975,18.625916584707753,17.52992981116886,16.660501146371708,17.58822571193814,18.41507141015245,18.87412845643505,18.66937889184779,18.821203606487295,19.83111145657492,1.0,1.0,1.0,1.0,1.0,1.0,1.0,1.0,1.0,1.0
110.25,2.0,0.0,0.0,0.0,0.0,0.0,0.0,0.0,0.0,0.0,0.0,0.0,0.0,0.0,0.0,0.0,0.0,0.0,0.0,0.0,0.0
110.5,3.0,16.3359040070398,17.189755063028176,16.856671509722396,16.938131216800844,16.878921722515756,16.69854180852696,15.258282689168304,15.948397421087122,16.709876895438295,17.525426722253744,1.0,1.0,1.0,1.0,1.0,1.0,1.0,1.0,1.0,1.0
110.75,4.0,16.040204836781154,17.30053568062192,16.929242015052512,16.85378816469215,16.578189240143093,16.077305598770796,18.14509978275684,18.164250522969986,19.072786750239977,17.46230577239636,1.0,1.0,1.0,1.0,1.0,1.0,1.0,1.0,1.0,1.0
111.0,1.0,0.0,0.0,0.0,0.0,0.0,0.0,0.0,0.0,0.0,0.0,0.0,0.0,0.0,0.0,0.0,0.0,0.0,0.0,0.0,0.0
111.25,2.0,15.201604394313708,17.145966710426453,16.475326181361154,15.439383985411267,16.15556481378256,14.68887847572092,14.868502803541245,15.188378327948673,15.390140696769294,15.905318701253455,1.0,1.0,1.0,1.0,1.0,1.0,1.0,1.0,1.0,1.0
111.5,3.0,0.0,0.0,0.0,0.0,0.0,0.0,0.0,0.0,0.0,0.0,0.0,0.0,0.0,0.0,0.0,0.0,0.0,0.0,0.0,0.0
111.75,4.0,0.0,0.0,0.0,0.0,0.0,0.0,0.0,0.0,0.0,0.0,0.0,0.0,0.0,0.0,0.0,0.0,0.0,0.0,0.0,0.0
112.0,1.0,16.63059299583148,16.90976663258549,16.313949202140446,15.825332380127081,17.83735990849624,18.99779745239449,19.810607618618928,19.607964106240054,19.38662322693403,19.694157403636694,1.0,1.0,1.0,1.0,1.0,1.0,1.0,1.0,1.0,1.0
112.25,2.0,16.798724144603757,17.596923673438756,17.2566495386741,17.00284165387952,16.421991331813317,14.12918948149631,13.863938203069925,14.430781664986338,15.660290463657303,16.361717246267343,1.0,1.0,1.0,1.0,1.0,1.0,1.0,1.0,1.0,1.0
112.5,3.0,17.09485971392924,18.40763512129458,17.38652712037485,17.371681310589093,16.939273596807343,17.870180412173646,17.419531647515708,17.88616310151677,18.844125076867346,18.667277855123196,1.0,1.0,1.0,1.0,1.0,1.0,1.0,1.0,1.0,1.0
112.75,4.0,16.70658272660782,18.582164152286122,17.44401171564268,16.303720679439703,16.960177819797828,16.524283461794166,17.88550564556106,17.461725837372377,18.123767918470584,17.17194594390435,1.0,1.0,1.0,1.0,1.0,1.0,1.0,1.0,1.0,1.0
113.0,1.0,16.138602198573892,15.974807373407435,16.466735064882865,18.03221212247947,18.178259394312338,18.747900831335084,20.384406214304757,19.755324055032887,19.698007620548136,20.13598948538526,1.0,1.0,1.0,1.0,1.0,1.0,1.0,1.0,1.0,1.0
113.25,2.0,0.0,0.0,0.0,0.0,0.0,0.0,0.0,0.0,0.0,0.0,0.0,0.0,0.0,0.0,0.0,0.0,0.0,0.0,0.0,0.0
113.5,3.0,17.44147274072578,17.568137897752184,16.880465538758973,16.858787803452202,16.118594534064137,17.76787769889922,17.59365622914788,17.506040677567007,18.45676676281982,17.566686950260323,1.0,1.0,1.0,1.0,1.0,1.0,1.0,1.0,1.0,1.0
113.75,4.0,18.208076740061482,18.334415039331603,17.07442013558162,15.82003125692172,16.458175486874826,16.536049447900893,17.389721640895782,17.060315146131185,17.485393319607567,17.347719249393556,1.0,1.0,1.0,1.0,1.0,1.0,1.0,1.0,1.0,1.0
114.0,1.0,16.950372755302034,16.549258544517638,16.90040231832164,17.16166388259204,18.35525378027079,18.227450806128974,20.224683305527574,20.85065026055548,20.63913103145377,20.89488540161171,1.0,1.0,1.0,1.0,1.0,1.0,1.0,1.0,1.0,1.0
114.25,2.0,14.998166441728186,17.735272714422848,18.490871411209685,17.30809400692829,14.451133255307031,14.56235585262112,15.256936441443829,15.288990140269679,16.219076839440902,15.514357849136054,1.0,1.0,1.0,1.0,1.0,1.0,1.0,1.0,1.0,1.0
114.5,3.0,0.0,0.0,0.0,0.0,0.0,0.0,0.0,0.0,0.0,0.0,0.0,0.0,0.0,0.0,0.0,0.0,0.0,0.0,0.0,0.0
114.75,4.0,18.83493881109647,17.651915968919074,16.94926945885162,16.271424867899654,16.08865619970607,17.132152351639103,17.7227411581283,16.759205864023688,16.482580840546966,17.236564434265723,1.0,1.0,1.0,1.0,1.0,1.0,1.0,1.0,1.0,1.0
115.0,1.0,17.014174613028853,16.830009679244384,17.02898936228911,17.428275850246255,18.65776546409342,19.595891631115855,21.72307013030736,22.5293638685975,21.789737280766243,21.85393143823295,1.0,1.0,1.0,1.0,1.0,1.0,1.0,1.0,1.0,1.0
115.25,2.0,0.0,0.0,0.0,0.0,0.0,0.0,0.0,0.0,0.0,0.0,0.0,0.0,0.0,0.0,0.0,0.0,0.0,0.0,0.0,0.0
115.5,3.0,17.47611640327587,17.66973482718331,17.122378822852685,18.52964463858345,17.766424301367714,18.459737715657752,17.83099574898079,17.908511260972418,17.871213959912303,18.352149254847955,1.0,1.0,1.0,1.0,1.0,1.0,1.0,1.0,1.0,1.0
115.75,4.0,18.61105312867679,17.716560827840905,17.447274808981284,16.742726354854067,17.499700488985493,18.31005084825072,18.205764854780327,17.707617899503592,17.86054594987987,18.12292821960526,1.0,1.0,1.0,1.0,1.0,1.0,1.0,1.0,1.0,1.0
116.0,1.0,0.0,0.0,0.0,0.0,0.0,0.0,0.0,0.0,0.0,0.0,0.0,0.0,0.0,0.0,0.0,0.0,0.0,0.0,0.0,0.0
116.25,2.0,16.768779852686833,19.218167738316232,18.14968532911687,16.389690308100107,14.222969929208162,14.538622571642493,15.84020321004763,16.16704094450268,17.171531933853664,18.289173831350897,1.0,1.0,1.0,1.0,1.0,1.0,1.0,1.0,1.0,1.0
116.5,3.0,16.567285358411457,16.446436304799775,18.2478860868266,18.114535950885696,18.04964905435017,17.54091399838373,18.089923944348126,17.55399299670346,18.341715490553373,18.611887964996953,1.0,1.0,1.0,1.0,1.0,1.0,1.0,1.0,1.0,1.0
116.75,4.0,0.0,0.0,0.0,0.0,0.0,0.0,0.0,0.0,0.0,0.0,0.0,0.0,0.0,0.0,0.0,0.0,0.0,0.0,0.0,0.0
117.0,1.0,17.74964739298183,18.258292457216022,18.413310755608816,20.523604817392414,21.212146861022585,20.19988453195804,22.014879096220277,22.2622675433609,21.563348697062665,21.667463838114006,1.0,1.0,1.0,1.0,1.0,1.0,1.0,1.0,1.0,1.0
117.25,2.0,16.937176475943286,17.540243856167592,18.65120900275836,16.20565337798904,15.084734620071396,15.62965526848911,17.649838323259896,17.571098194826064,18.12973722782476,17.737947365173785,1.0,1.0,1.0,1.0,1.0,1.0,1.0,1.0,1.0,1.0
117.5,3.0,0.0,0.0,0.0,0.0,0.0,0.0,0.0,0.0,0.0,0.0,0.0,0.0,0.0,0.0,0.0,0.0,0.0,0.0,0.0,0.0
117.75,4.0,19.551395842044215,18.589361716207417,16.611610641029227,17.279197030675693,19.6572836815254,19.177042257600476,18.949680536979027,19.04026573694854,17.568780828448663,16.813586111701746,1.0,1.0,1.0,1.0,1.0,1.0,1.0,1.0,1.0,1.0
118.0,1.0,18.356902500443642,18.579283837183517,19.952313001362906,20.166828416954743,20.66334184902067,19.897983374876627,21.312225474009963,21.880573213476037,20.22407350173397,19.803872440162635,1.0,1.0,1.0,1.0,1.0,1.0,1.0,1.0,1.0,1.0
118.25,2.0,0.0,0.0,0.0,0.0,0.0,0.0,0.0,0.0,0.0,0.0,0.0,0.0,0.0,0.0,0.0,0.0,0.0,0.0,0.0,0.0
118.5,3.0,16.532748643332372,16.581674729190865,18.532793835353143,19.395442502237294,17.090633977855312,17.135650520411247,17.60259713485613,17.59238494865938,18.07700089484896,17.87187830694069,1.0,1.0,1.0,1.0,1.0,1.0,1.0,1.0,1.0,1.0
118.75,4.0,18.59070046797244,18.209802353952206,17.258852639450055,17.959702422036468,19.306989325623228,18.3590648743274,18.200285594152096,17.42315605763363,16.571410093701704,16.690217548630518,1.0,1.0,1.0,1.0,1.0,1.0,1.0,1.0,1.0,1.0
119.0,1.0,19.616546909133604,20.325546542695736,20.506470366080137,18.56753822168613,19.277967317338263,18.912992874320643,19.668831186985546,19.42857192224939,18.805588403335808,19.35734840598089,1.0,1.0,1.0,1.0,1.0,1.0,1.0,1.0,1.0,1.0
119.25,2.0,16.736233823820058,17.048633139442156,16.502941202573826,15.960362584992803,17.362780042081422,17.212547400329942,16.80925333016884,16.796673504129505,16.43983423014721,15.905980096234028,1.0,1.0,1.0,1.0,1.0,1.0,1.0,1.0,1.0,1.0
119.5,3.0,0.0,0.0,0.0,0.0,0.0,0.0,0.0,0.0,0.0,0.0,0.0,0.0,0.0,0.0,0.0,0.0,0.0,0.0,0.0,0.0
119.75,4.0,0.0,0.0,0.0,0.0,0.0,0.0,0.0,0.0,0.0,0.0,0.0,0.0,0.0,0.0,0.0,0.0,0.0,0.0,0.0,0.0
120.0,1.0,19.82076956562442,21.619173788729444,19.733354848346863,18.369836184051483,17.851305625485278,18.23781266291272,18.743103927142705,18.08973808196215,17.415222939607098,18.45696888881973,1.0,1.0,1.0,1.0,1.0,1.0,1.0,1.0,1.0,1.0
120.25,2.0,16.100136505101585,17.47528164239402,18.378276603506475,16.238499273147077,17.357385573881377,15.832607934657801,15.868948896237786,16.057189431554676,16.113002248916352,16.51230999361465,1.0,1.0,1.0,1.0,1.0,1.0,1.0,1.0,1.0,1.0
120.5,3.0,17.615173580063047,16.43124793896266,17.61697935960337,17.555810263983908,17.194529860053375,16.523512606484882,17.083234771998818,15.426019090095629,15.654435302085213,16.01601103337491,1.0,1.0,1.0,1.0,1.0,1.0,1.0,1.0,1.0,1.0
120.75,4.0,17.85687198722258,16.78663090768304,16.971242129324846,17.702703730873242,15.967477329014846,15.861504976114375,15.399183308870336,15.254477749713168,15.651999260928545,15.652073609991074,1.0,1.0,1.0,1.0,1.0,1.0,1.0,1.0,1.0,1.0
121.0,1.0,0.0,0.0,0.0,0.0,0.0,0.0,0.0,0.0,0.0,0.0,0.0,0.0,0.0,0.0,0.0,0.0,0.0,0.0,0.0,0.0
121.25,2.0,0.0,0.0,0.0,0.0,0.0,0.0,0.0,0.0,0.0,0.0,0.0,0.0,0.0,0.0,0.0,0.0,0.0,0.0,0.0,0.0
121.5,3.0,16.35006460123823,16.137980265468805,17.570843145584135,17.64194363681,16.227051522811955,15.666578571204777,16.355681407000183,14.964681559374068,15.957418160273228,16.600299431723485,1.0,1.0,1.0,1.0,1.0,1.0,1.0,1.0,1.0,1.0
121.75,4.0,17.068273075459373,16.407979000603326,16.861165813126455,16.19282881576853,15.683207592075382,14.825610443018055,16.022273279610552,15.733939771162218,15.375367944986287,16.184848556764383,1.0,1.0,1.0,1.0,1.0,1.0,1.0,1.0,1.0,1.0
122.0,1.0,20.898271213037404,21.660716102255122,18.68209057550802,16.755140074714127,16.96221268841877,18.215680729621944,19.486280787709752,19.969490841191963,19.94735783062973,20.876881834396084,1.0,1.0,1.0,1.0,1.0,1.0,1.0,1.0,1.0,1.0
122.25,2.0,17.384026855114783,18.10103191589526,16.217770942498078,15.449926698827042,17.30811611630471,16.53823986027555,16.930141293863365,16.594978988106913,15.47660924472979,15.473028558625144,1.0,1.0,1.0,1.0,1.0,1.0,1.0,1.0,1.0,1.0
122.5,3.0,0.0,0.0,0.0,0.0,0.0,0.0,0.0,0.0,0.0,0.0,0.0,0.0,0.0,0.0,0.0,0.0,0.0,0.0,0.0,0.0
122.75,4.0,17.335619011215183,16.383168109091127,16.607638704328608,16.85837756707319,15.93654684167605,14.81830927068027,15.177254761705035,14.710985296029964,15.617230199536607,15.621897707901672,1.0,1.0,1.0,1.0,1.0,1.0,1.0,1.0,1.0,1.0
123.0,1.0,20.03088533964967,22.211222673796208,19.49556913877743,17.742845072404346,18.686605427272834,19.916268517061546,20.29764085491556,20.184706692321072,19.79290579805434,20.343567103234328,1.0,1.0,1.0,1.0,1.0,1.0,1.0,1.0,1.0,1.0
123.25,2.0,0.0,0.0,0.0,0.0,0.0,0.0,0.0,0.0,0.0,0.0,0.0,0.0,0.0,0.0,0.0,0.0,0.0,0.0,0.0,0.0
123.5,3.0,15.931476319767233,15.223465882436779,15.901005648351555,14.814242531869077,13.352744004160614,13.332141925743871,14.084785058515644,14.361364445031889,15.502593770595196,15.359866937789624,1.0,1.0,1.0,1.0,1.0,1.0,1.0,1.0,1.0,1.0
123.75,4.0,16.491126028460922,15.427182977006312,16.038413203297907,17.066373669723646,16.242867436119987,15.141181093736789,14.56553503926302,13.992248376236873,13.961920892770324,13.54060619947788,1.0,1.0,1.0,1.0,1.0,1.0,1.0,1.0,1.0,1.0
124.0,1.0,0.0,0.0,0.0,0.0,0.0,0.0,0.0,0.0,0.0,0.0,0.0,0.0,0.0,0.0,0.0,0.0,0.0,0.0,0.0,0.0
124.25,2.0,16.801627008962697,16.917056352427895,15.839326521749983,16.300876396909672,16.79591524285137,16.395081506163592,16.42453968031797,16.44827532353202,15.833516822325876,14.79364093763936,1.0,1.0,1.0,1.0,1.0,1.0,1.0,1.0,1.0,1.0
124.5,3.0,15.754547595361384,14.23979559187731,15.21406679307129,13.463361660195998,13.105598013405036,13.715710583148837,13.997793174292797,14.54133991510465,16.326146131227006,16.608464130105176,1.0,1.0,1.0,1.0,1.0,1.0,1.0,1.0,1.0,1.0
124.75,4.0,0.0,0.0,0.0,0.0,0.0,0.0,0.0,0.0,0.0,0.0,0.0,0.0,0.0,0.0,0.0,0.0,0.0,0.0,0.0,0.0
125.0,1.0,19.526829605471818,18.75736666714432,18.37789117748356,18.44008982623345,19.15405869614985,19.412060967110875,20.59422291698599,21.399487297512387,22.202318317123762,23.22069620115734,1.0,1.0,1.0,1.0,1.0,1.0,1.0,1.0,1.0,1.0
125.25,2.0,16.663147086233575,16.165791354515473,15.926115045281312,16.9942489315748,16.18171305896735,15.81274186717152,15.322374662431137,15.997211079311155,15.65360080830323,14.590355169531119,1.0,1.0,1.0,1.0,1.0,1.0,1.0,1.0,1.0,1.0
125.5,3.0,0.0,0.0,0.0,0.0,0.0,0.0,0.0,0.0,0.0,0.0,0.0,0.0,0.0,0.0,0.0,0.0,0.0,0.0,0.0,0.0
125.75,4.0,15.699992678080038,13.881233954075908,15.512206985114902,16.316186673024703,14.589483703448073,14.387714590849116,14.523545011416878,14.642645861661244,16.277075374701706,16.3797219880266,1.0,1.0,1.0,1.0,1.0,1.0,1.0,1.0,1.0,1.0
126.0,1.0,19.35722404065975,18.537333598100883,17.88376245673916,19.220040605695694,19.112488910084675,20.24712348418234,21.19472761872431,21.585462271012968,21.87564203304377,22.07364896705537,1.0,1.0,1.0,1.0,1.0,1.0,1.0,1.0,1.0,1.0
126.25,2.0,0.0,0.0,0.0,0.0,0.0,0.0,0.0,0.0,0.0,0.0,0.0,0.0,0.0,0.0,0.0,0.0,0.0,0.0,0.0,0.0
126.5,3.0,14.749027158390719,13.250013377307399,14.600147978324447,13.9777406159664,13.118365266834804,13.777730021831687,13.620346457455263,15.285369121013426,16.374581025911816,17.148062146190785,1.0,1.0,1.0,1.0,1.0,1.0,1.0,1.0,1.0,1.0
126.75,4.0,14.612756192388202,14.071147393586982,15.788625284594055,15.39168025771808,15.242021000441945,15.79061558355143,15.952368601631735,16.779962001262174,17.617205624886427,17.588965537580286,1.0,1.0,1.0,1.0,1.0,1.0,1.0,1.0,1.0,1.0
127.0,1.0,17.317832083204088,18.14264517058292,18.04267157713252,18.97929692474477,19.406043933164096,20.279320580558963,21.191615808261453,20.658274443071367,20.75064176144547,20.653161310374166,1.0,1.0,1.0,1.0,1.0,1.0,1.0,1.0,1.0,1.0
127.25,2.0,13.815484482353376,14.091983499317278,15.720391222440306,17.102331120475345,16.298476871002876,16.327115473538676,17.039204110677986,16.55935796607334,16.514544348614695,16.194947664856244,1.0,1.0,1.0,1.0,1.0,1.0,1.0,1.0,1.0,1.0
127.5,3.0,0.0,0.0,0.0,0.0,0.0,0.0,0.0,0.0,0.0,0.0,0.0,0.0,0.0,0.0,0.0,0.0,0.0,0.0,0.0,0.0
127.75,4.0,14.82329228583932,13.37762533310543,14.065712869548545,15.072566944931648,16.376717682204383,16.662791968005234,16.80848007695639,17.43958900606963,17.738388655868775,17.86199110063691,1.0,1.0,1.0,1.0,1.0,1.0,1.0,1.0,1.0,1.0
128.0,1.0,17.39749893915423,17.67764197235437,17.35533807003242,18.134203744988444,20.45706023013348,20.66357842948528,20.74029513391739,20.338931756789723,20.492269174326612,20.382292458203793,1.0,1.0,1.0,1.0,1.0,1.0,1.0,1.0,1.0,1.0
128.25,2.0,13.269865139511209,14.139735910996913,16.07034764026286,17.029198626671505,17.622730455684874,17.302915114304618,17.03618782534948,17.158618282860566,17.380126506163755,16.405354570603887,1.0,1.0,1.0,1.0,1.0,1.0,1.0,1.0,1.0,1.0
128.5,3.0,14.403383809380463,14.838585536812886,14.550239612805292,15.271526634824,14.804050269750936,15.666406885735007,15.289171372608815,15.970418182876845,15.905324176801042,14.972481164945831,1.0,1.0,1.0,1.0,1.0,1.0,1.0,1.0,1.0,1.0
128.75,4.0,14.385648736538075,12.960628527788899,13.994196866718184,16.267660957728577,17.856336078187812,17.591258883594662,17.06019376836465,17.080972709554196,17.52357652745495,18.07228983497753,1.0,1.0,1.0,1.0,1.0,1.0,1.0,1.0,1.0,1.0
129.0,1.0,0.0,0.0,0.0,0.0,0.0,0.0,0.0,0.0,0.0,0.0,0.0,0.0,0.0,0.0,0.0,0.0,0.0,0.0,0.0,0.0
129.25,2.0,0.0,0.0,0.0,0.0,0.0,0.0,0.0,0.0,0.0,0.0,0.0,0.0,0.0,0.0,0.0,0.0,0.0,0.0,0.0,0.0
129.5,3.0,15.835316111743737,15.721633983603393,16.343651291544408,16.559472660047053,14.985886805406313,15.677998516059164,15.070715014359221,15.745326819338503,16.514482941552256,16.030233027175615,1.0,1.0,1.0,1.0,1.0,1.0,1.0,1.0,1.0,1.0
129.75,4.0,0.0,0.0,0.0,0.0,0.0,0.0,0.0,0.0,0.0,0.0,0.0,0.0,0.0,0.0,0.0,0.0,0.0,0.0,0.0,0.0
130.0,1.0,18.17769043774988,20.136062238473368,20.851802025924712,20.254300799147035,19.304918008108885,19.795688588172588,19.919709359224125,21.327042664806598,21.380665022974327,21.011792802333193,1.0,1.0,1.0,1.0,1.0,1.0,1.0,1.0,1.0,1.0
130.25,2.0,13.920411204135897,15.899866188761832,17.039106311736486,17.169526046098973,17.005170468768693,17.181418128075613,17.260850394278336,17.070843092559482,16.936503699793654,16.439679054082653,1.0,1.0,1.0,1.0,1.0,1.0,1.0,1.0,1.0,1.0
130.5,3.0,0.0,0.0,0.0,0.0,0.0,0.0,0.0,0.0,0.0,0.0,0.0,0.0,0.0,0.0,0.0,0.0,0.0,0.0,0.0,0.0
130.75,4.0,15.27532792385299,16.365228573300822,17.66054880221416,18.628597013353655,18.226201987230816,17.54362603098469,17.082571010487015,17.430915515242926,17.853495325324555,17.624832575328927,1.0,1.0,1.0,1.0,1.0,1.0,1.0,1.0,1.0,1.0
131.0,1.0,19.987634232211427,20.969054145502586,20.114674534466147,19.425219379542874,18.900346431559246,19.755967409302947,20.02260245970049,21.14773496389516,20.532137098641186,19.60796523701717,1.0,1.0,1.0,1.0,1.0,1.0,1.0,1.0,1.0,1.0
131.25,2.0,0.0,0.0,0.0,0.0,0.0,0.0,0.0,0.0,0.0,0.0,0.0,0.0,0.0,0.0,0.0,0.0,0.0,0.0,0.0,0.0
131.5,3.0,16.720665233052593,17.120433390881278,16.260834537071176,16.781301371861918,16.63476257130158,18.173035629875148,18.33300603208088,19.0310873221049,17.89677474737633,16.78654521508448,1.0,1.0,1.0,1.0,1.0,1.0,1.0,1.0,1.0,1.0
131.75,4.0,17.243337878444155,18.251661782182317,17.90794911943703,17.697793305945243,16.9912207424386,16.75085348712473,16.12071434251369,17.554444152158265,17.604448809064664,17.391463104791715,1.0,1.0,1.0,1.0,1.0,1.0,1.0,1.0,1.0,1.0
132.0,1.0,0.0,0.0,0.0,0.0,0.0,0.0,0.0,0.0,0.0,0.0,0.0,0.0,0.0,0.0,0.0,0.0,0.0,0.0,0.0,0.0
132.25,2.0,17.593140809174596,17.54499193463153,17.59398572517836,16.02845247011939,15.781109433883648,16.233000107151895,16.65352247849751,15.80613269413646,16.48512475486305,16.145835164775278,1.0,1.0,1.0,1.0,1.0,1.0,1.0,1.0,1.0,1.0
132.5,3.0,0.0,0.0,0.0,0.0,0.0,0.0,0.0,0.0,0.0,0.0,0.0,0.0,0.0,0.0,0.0,0.0,0.0,0.0,0.0,0.0
132.75,4.0,0.0,0.0,0.0,0.0,0.0,0.0,0.0,0.0,0.0,0.0,0.0,0.0,0.0,0.0,0.0,0.0,0.0,0.0,0.0,0.0
133.0,1.0,20.784335744963787,20.460595355560987,20.001662639404767,19.224130863717324,19.79522491507436,20.231814480144795,19.241440388360466,18.784243000870127,17.81245844312884,17.262027159280752,1.0,1.0,1.0,1.0,1.0,1.0,1.0,1.0,1.0,1.0
133.25,2.0,17.43719079016515,18.309307080757673,17.11079598525962,15.118115691436849,15.943381672688341,16.205302750137143,15.600116213277426,15.63943078190143,16.205881412336097,16.678796771845807,1.0,1.0,1.0,1.0,1.0,1.0,1.0,1.0,1.0,1.0
133.5,3.0,0.0,0.0,0.0,0.0,0.0,0.0,0.0,0.0,0.0,0.0,0.0,0.0,0.0,0.0,0.0,0.0,0.0,0.0,0.0,0.0
133.75,4.0,18.4233958212294,18.237396716739806,17.011643629102945,17.502967900885686,18.29585867985371,18.40641533835601,17.424476272380566,19.568812829460285,19.183076326305827,18.75262997547731,1.0,1.0,1.0,1.0,1.0,1.0,1.0,1.0,1.0,1.0
134.0,1.0,22.316110378727984,21.530890480194973,19.33540790560103,19.0630267280799,20.017023635379232,19.858030463357107,18.7516402907508,18.83538313878673,18.775828187169346,18.57036751508377,1.0,1.0,1.0,1.0,1.0,1.0,1.0,1.0,1.0,1.0
134.25,2.0,0.0,0.0,0.0,0.0,0.0,0.0,0.0,0.0,0.0,0.0,0.0,0.0,0.0,0.0,0.0,0.0,0.0,0.0,0.0,0.0
134.5,3.0,18.661332636035716,19.188673086934372,17.82783919965691,19.254502896053992,19.650263986129044,19.42222351329939,18.242676215765847,18.22774034536868,17.48344883510737,17.094136504119177,1.0,1.0,1.0,1.0,1.0,1.0,1.0,1.0,1.0,1.0
134.75,4.0,17.987686681343547,17.562930279622506,17.73249928191986,18.127613362810262,18.797583971845867,19.278960563903517,18.561904748452985,20.554575217853227,20.442338444244097,20.02868457636498,1.0,1.0,1.0,1.0,1.0,1.0,1.0,1.0,1.0,1.0
135.0,1.0,21.249399496765278,20.127855382187295,18.229905150877038,17.885561613832646,19.041101141103983,19.453554682487162,19.114600404677464,19.666212207798235,18.989391732901744,18.9070754372456,1.0,1.0,1.0,1.0,1.0,1.0,1.0,1.0,1.0,1.0
135.25,2.0,17.387462121204454,16.503722822998512,15.203110731870067,16.13383964492547,16.086388747360484,16.869280962323533,16.410859550059026,16.626115112758754,15.980038798597342,16.51070050120578,1.0,1.0,1.0,1.0,1.0,1.0,1.0,1.0,1.0,1.0
135.5,3.0,0.0,0.0,0.0,0.0,0.0,0.0,0.0,0.0,0.0,0.0,0.0,0.0,0.0,0.0,0.0,0.0,0.0,0.0,0.0,0.0
135.75,4.0,17.558358036341858,18.029033434507006,18.040995204132045,18.67162428766068,18.828056296134715,19.551254492015822,19.167359065340833,20.59256923514851,21.36338098185886,20.38769118512922,1.0,1.0,1.0,1.0,1.0,1.0,1.0,1.0,1.0,1.0
136.0,1.0,20.848408881623875,19.918230965464137,18.590783829054846,17.803838085832897,17.69950053813806,18.528264972992734,18.47277868680207,19.343034356582223,19.260364478758532,19.055101563795677,1.0,1.0,1.0,1.0,1.0,1.0,1.0,1.0,1.0,1.0
136.25,2.0,0.0,0.0,0.0,0.0,0.0,0.0,0.0,0.0,0.0,0.0,0.0,0.0,0.0,0.0,0.0,0.0,0.0,0.0,0.0,0.0
136.5,3.0,18.030913799057203,18.041220726671185,17.85553927185392,16.036685856701123,17.59178019446272,18.60401720741558,18.146457259996954,19.789405542972464,19.172364153726182,18.06093961765731,1.0,1.0,1.0,1.0,1.0,1.0,1.0,1.0,1.0,1.0
136.75,4.0,17.660084860097918,18.368127875581163,18.86187756947574,19.16183588317167,19.244621697225814,19.420061974796553,19.180586574909057,20.475196720920614,21.402099043162046,21.101707057689843,1.0,1.0,1.0,1.0,1.0,1.0,1.0,1.0,1.0,1.0
137.0,1.0,0.0,0.0,0.0,0.0,0.0,0.0,0.0,0.0,0.0,0.0,0.0,0.0,0.0,0.0,0.0,0.0,0.0,0.0,0.0,0.0
137.25,2.0,0.0,0.0,0.0,0.0,0.0,0.0,0.0,0.0,0.0,0.0,0.0,0.0,0.0,0.0,0.0,0.0,0.0,0.0,0.0,0.0
137.5,3.0,16.4419621797565,17.020278988193414,16.29735508936335,15.538300534894244,17.019938270414315,18.587637948350988,18.090842425771307,17.967016579202156,17.93803174460575,17.14346561420187,1.0,1.0,1.0,1.0,1.0,1.0,1.0,1.0,1.0,1.0
137.75,4.0,0.0,0.0,0.0,0.0,0.0,0.0,0.0,0.0,0.0,0.0,0.0,0.0,0.0,0.0,0.0,0.0,0.0,0.0,0.0,0.0
138.0,1.0,19.33522005804035,17.507077551701723,17.2865244719578,17.359264463657134,17.101358714650356,19.447781232780763,18.325354590360853,18.92661254670679,18.55315117250048,17.84190236949961,1.0,1.0,1.0,1.0,1.0,1.0,1.0,1.0,1.0,1.0
138.25,2.0,15.483045728258167,16.070784563031946,16.773316906230203,14.863601865068505,14.776549790613027,16.013339915400948,14.993390799582327,14.082469155752179,13.99303478191655,14.818320324366503,1.0,1.0,1.0,1.0,1.0,1.0,1.0,1.0,1.0,1.0
138.5,3.0,0.0,0.0,0.0,0.0,0.0,0.0,0.0,0.0,0.0,0.0,0.0,0.0,0.0,0.0,0.0,0.0,0.0,0.0,0.0,0.0
138.75,4.0,18.946214082003795,19.378288766863836,18.990552832057435,19.43768973132194,20.17800284415132,19.585074299313707,20.02874706066958,20.021248171778755,20.936156198925364,20.292078072775237,1.0,1.0,1.0,1.0,1.0,1.0,1.0,1.0,1.0,1.0
139.0,1.0,19.175159954780362,17.980904968640754,17.8972896257875,17.911214457476024,18.7575419804379,19.72493982110528,18.936677918592167,18.631818035380004,18.492798592875044,18.31017388435216,1.0,1.0,1.0,1.0,1.0,1.0,1.0,1.0,1.0,1.0
139.25,2.0,0.0,0.0,0.0,0.0,0.0,0.0,0.0,0.0,0.0,0.0,0.0,0.0,0.0,0.0,0.0,0.0,0.0,0.0,0.0,0.0
139.5,3.0,16.28986710573681,17.69287755207249,16.874574380435604,16.24721667931519,16.51365903308495,17.321439157767717,16.771598109823387,14.879794774045653,15.022865495754447,14.763265477410384,1.0,1.0,1.0,1.0,1.0,1.0,1.0,1.0,1.0,1.0
139.75,4.0,19.157582220094568,18.906162724194207,17.958952966600087,18.853897555573184,19.56926036033571,19.391861465494394,19.29533503209966,18.45574825132531,18.48388619394586,18.4923933190335,1.0,1.0,1.0,1.0,1.0,1.0,1.0,1.0,1.0,1.0
140.0,1.0,0.0,0.0,0.0,0.0,0.0,0.0,0.0,0.0,0.0,0.0,0.0,0.0,0.0,0.0,0.0,0.0,0.0,0.0,0.0,0.0
140.25,2.0,17.339697454966124,14.801385572611839,15.393788532052277,17.031970821853708,16.725523474224836,16.79124667395979,15.575025120369336,14.630942376865821,13.617199477288374,13.85148842715322,1.0,1.0,1.0,1.0,1.0,1.0,1.0,1.0,1.0,1.0
140.5,3.0,0.0,0.0,0.0,0.0,0.0,0.0,0.0,0.0,0.0,0.0,0.0,0.0,0.0,0.0,0.0,0.0,0.0,0.0,0.0,0.0
140.75,4.0,0.0,0.0,0.0,0.0,0.0,0.0,0.0,0.0,0.0,0.0,0.0,0.0,0.0,0.0,0.0,0.0,0.0,0.0,0.0,0.0
141.0,1.0,18.660902662299232,17.805018941599844,18.267269512333126,17.57172551763462,18.991802486876985,18.915130650080158,19.849124757205207,19.201295319214648,18.493843132750996,18.372618787519542,1.0,1.0,1.0,1.0,1.0,1.0,1.0,1.0,1.0,1.0
141.25,2.0,16.753630759934744,14.901377663306654,16.731446666910234,17.408282364897968,18.15653267858883,17.872968538874467,16.38859043483611,16.193852337734324,15.479677723700636,14.521888328487945,1.0,1.0,1.0,1.0,1.0,1.0,1.0,1.0,1.0,1.0
141.5,3.0,0.0,0.0,0.0,0.0,0.0,0.0,0.0,0.0,0.0,0.0,0.0,0.0,0.0,0.0,0.0,0.0,0.0,0.0,0.0,0.0
141.75,4.0,17.788826380206256,17.573896919835096,17.923228324430898,18.234782946588748,19.456111529508043,18.488361494613912,18.556200943111424,17.649576920580614,17.507400564109226,17.467886176713595,1.0,1.0,1.0,1.0,1.0,1.0,1.0,1.0,1.0,1.0
142.0,1.0,18.34152676139141,17.42527121839641,17.751472814265032,17.64167287906545,19.014784482062307,18.36262894173375,18.408681289640665,18.20414518419965,17.302055251744495,17.404335200721157,1.0,1.0,1.0,1.0,1.0,1.0,1.0,1.0,1.0,1.0
142.25,2.0,0.0,0.0,0.0,0.0,0.0,0.0,0.0,0.0,0.0,0.0,0.0,0.0,0.0,0.0,0.0,0.0,0.0,0.0,0.0,0.0
142.5,3.0,17.47676889244807,17.483829514321368,16.642354951987596,15.394773102155199,14.587747142828098,15.046278143929895,14.987213910434425,15.313733506273863,17.107065526956426,17.250380343621373,1.0,1.0,1.0,1.0,1.0,1.0,1.0,1.0,1.0,1.0
142.75,4.0,17.56491715461542,17.49271482365461,18.08368076491979,18.23593529510087,19.09889423265329,17.96082407934091,17.342131571772637,16.321655525996366,17.46828445636694,17.53710907374933,1.0,1.0,1.0,1.0,1.0,1.0,1.0,1.0,1.0,1.0
143.0,1.0,17.518484445527573,17.05087049046971,17.966035930748596,18.595599923725658,18.42950800641414,18.04788261109052,17.922537987126116,17.46169940250723,16.305871624643455,15.800248968548662,1.0,1.0,1.0,1.0,1.0,1.0,1.0,1.0,1.0,1.0
143.25,2.0,17.002135593315113,17.48058302000297,19.390170359631703,20.017359867478188,18.820351920054904,18.204231352085518,17.70326454065328,16.43909849311826,15.133376378991642,15.176676511881299,1.0,1.0,1.0,1.0,1.0,1.0,1.0,1.0,1.0,1.0
143.5,3.0,0.0,0.0,0.0,0.0,0.0,0.0,0.0,0.0,0.0,0.0,0.0,0.0,0.0,0.0,0.0,0.0,0.0,0.0,0.0,0.0
143.75,4.0,17.130365227148697,17.56442210580051,18.93711779675938,19.1006674463236,18.833122892354183,17.855880879815537,17.298130265063737,17.159348534211293,18.125783247381495,18.39698405519703,1.0,1.0,1.0,1.0,1.0,1.0,1.0,1.0,1.0,1.0
144.0,1.0,16.46704991255011,16.621251041877105,18.536438862175718,18.516204553430462,18.52227621129777,18.434850806306805,17.09294510578309,16.38181333828987,15.009708948216163,14.004895738180352,1.0,1.0,1.0,1.0,1.0,1.0,1.0,1.0,1.0,1.0
144.25,2.0,0.0,0.0,0.0,0.0,0.0,0.0,0.0,0.0,0.0,0.0,0.0,0.0,0.0,0.0,0.0,0.0,0.0,0.0,0.0,0.0
144.5,3.0,16.305981621519802,16.648904170718556,14.374391769711156,13.48770100625506,13.710307764330683,14.968024297946595,15.249660866897877,15.85238207050281,17.22397031902339,16.70128073655134,1.0,1.0,1.0,1.0,1.0,1.0,1.0,1.0,1.0,1.0
144.75,4.0,17.94689358030394,17.814493169828825,19.074717894349238,19.125753231200395,17.77221138089266,17.78440356599482,17.211654605708844,17.273697237122942,18.61295008859128,18.305716130092463,1.0,1.0,1.0,1.0,1.0,1.0,1.0,1.0,1.0,1.0
145.0,1.0,0.0,0.0,0.0,0.0,0.0,0.0,0.0,0.0,0.0,0.0,0.0,0.0,0.0,0.0,0.0,0.0,0.0,0.0,0.0,0.0
145.25,2.0,0.0,0.0,0.0,0.0,0.0,0.0,0.0,0.0,0.0,0.0,0.0,0.0,0.0,0.0,0.0,0.0,0.0,0.0,0.0,0.0
145.5,3.0,14.157085007941323,15.658272297493767,13.411992745110021,12.494830642081624,13.80435179678663,15.505970491480452,16.141716163104572,15.361771100367541,15.809005975973488,15.396904134706798,1.0,1.0,1.0,1.0,1.0,1.0,1.0,1.0,1.0,1.0
145.75,4.0,0.0,0.0,0.0,0.0,0.0,0.0,0.0,0.0,0.0,0.0,0.0,0.0,0.0,0.0,0.0,0.0,0.0,0.0,0.0,0.0
146.0,1.0,16.65782831889662,17.847854803701736,17.37352480633956,17.196754925689984,17.63463546031006,17.590503552313393,16.612649891417096,15.731172593936003,14.6740860822215,14.147028461462154,1.0,1.0,1.0,1.0,1.0,1.0,1.0,1.0,1.0,1.0
146.25,2.0,18.680426560741903,19.850963623602084,20.287715689509675,19.24443965412675,17.810206124341757,16.77445504567784,16.937472473355754,16.744953439887958,16.859617495004926,17.486928518912784,1.0,1.0,1.0,1.0,1.0,1.0,1.0,1.0,1.0,1.0
146.5,3.0,0.0,0.0,0.0,0.0,0.0,0.0,0.0,0.0,0.0,0.0,0.0,0.0,0.0,0.0,0.0,0.0,0.0,0.0,0.0,0.0
146.75,4.0,17.37689943353924,17.466533419352444,18.912629525883787,17.917064947573838,17.579182360027463,17.395319116744723,17.31411979686947,18.00492125446569,19.228224395724993,18.59959286516824,1.0,1.0,1.0,1.0,1.0,1.0,1.0,1.0,1.0,1.0
147.0,1.0,17.82785043786862,18.990351604115624,17.010773711586754,17.084467644513055,17.366455370703104,16.90218650399088,15.507219043273903,15.196304476693603,14.796244727491954,15.040380108692304,1.0,1.0,1.0,1.0,1.0,1.0,1.0,1.0,1.0,1.0
147.25,2.0,0.0,0.0,0.0,0.0,0.0,0.0,0.0,0.0,0.0,0.0,0.0,0.0,0.0,0.0,0.0,0.0,0.0,0.0,0.0,0.0
147.5,3.0,15.339476983782827,13.18731845026262,14.58903406663086,14.027449204567512,15.154997137317128,16.58899770361648,16.593397313179672,15.29451844717112,15.141962277280014,14.784610149390153,1.0,1.0,1.0,1.0,1.0,1.0,1.0,1.0,1.0,1.0
147.75,4.0,18.30846748834317,18.57191763554758,18.79121207427975,18.62282812438515,18.347411515214816,17.573366745236637,17.417031496184233,17.780922708936934,17.86673942047065,17.709554401823375,1.0,1.0,1.0,1.0,1.0,1.0,1.0,1.0,1.0,1.0
148.0,1.0,0.0,0.0,0.0,0.0,0.0,0.0,0.0,0.0,0.0,0.0,0.0,0.0,0.0,0.0,0.0,0.0,0.0,0.0,0.0,0.0
148.25,2.0,16.117780155536405,17.756350476350914,18.123889871543643,17.261988140787032,16.518469738899505,16.580858305715694,17.274770571978507,17.562381212090624,18.079539616433582,18.216149994913465,1.0,1.0,1.0,1.0,1.0,1.0,1.0,1.0,1.0,1.0
148.5,3.0,0.0,0.0,0.0,0.0,0.0,0.0,0.0,0.0,0.0,0.0,0.0,0.0,0.0,0.0,0.0,0.0,0.0,0.0,0.0,0.0
148.75,4.0,0.0,0.0,0.0,0.0,0.0,0.0,0.0,0.0,0.0,0.0,0.0,0.0,0.0,0.0,0.0,0.0,0.0,0.0,0.0,0.0
149.0,1.0,18.290645884406104,16.917562791540405,16.49740256629884,17.689555087819645,18.358747986129117,17.687132827438326,18.393088253345315,16.991288784183794,16.59856508822445,15.82813575599734,1.0,1.0,1.0,1.0,1.0,1.0,1.0,1.0,1.0,1.0
149.25,2.0,16.938306719303878,17.209783298389638,17.008137875907767,16.703062063239294,17.066329307638604,17.046457149111422,18.044358015980038,18.50482407445608,18.305505328080855,18.577570361601165,1.0,1.0,1.0,1.0,1.0,1.0,1.0,1.0,1.0,1.0
149.5,3.0,13.111733188589422,13.917978509274825,15.350059768521165,15.165270018097942,15.355864284076215,15.438848068352756,15.982080603678899,15.505569355043692,15.163146460652396,14.927493927852863,1.0,1.0,1.0,1.0,1.0,1.0,1.0,1.0,1.0,1.0
149.75,4.0,16.89867959944291,17.76686031837487,18.587068167119657,17.91333929564991,16.564649460574213,16.327786169274525,16.35996001658706,17.260379367548975,17.239409124432107,18.638136222303256,1.0,1.0,1.0,1.0,1.0,1.0,1.0,1.0,1.0,1.0
150.0,1.0,16.997125366729584,17.258040336609604,17.089326063154257,18.16656310097767,18.514844768234784,16.937054138098876,17.373080794657096,15.80272711418137,15.033245925949496,14.824457853840016,1.0,1.0,1.0,1.0,1.0,1.0,1.0,1.0,1.0,1.0
150.25,2.0,0.0,0.0,0.0,0.0,0.0,0.0,0.0,0.0,0.0,0.0,0.0,0.0,0.0,0.0,0.0,0.0,0.0,0.0,0.0,0.0
150.5,3.0,12.822552385623284,14.04227722441566,14.875100645249747,15.335612950838167,15.647569496531348,14.915020143094342,14.685356584692608,14.691635327554485,14.455105679592,15.018444240221868,1.0,1.0,1.0,1.0,1.0,1.0,1.0,1.0,1.0,1.0
150.75,4.0,17.809908628687552,17.375224081317352,17.070058286247512,16.372663466950073,16.024091001527513,17.553950655916672,16.959552913364078,17.70072390497875,17.333716251955845,18.87976046443884,1.0,1.0,1.0,1.0,1.0,1.0,1.0,1.0,1.0,1.0
151.0,1.0,16.56731935187392,17.026798669657325,17.556173005167803,18.24466684283688,17.37476957337935,15.905610229626413,16.037780736458934,14.804729313057527,13.789812938670243,13.78018893418973,1.0,1.0,1.0,1.0,1.0,1.0,1.0,1.0,1.0,1.0
151.25,2.0,16.12120130236631,16.316806579669937,14.655329508126684,14.479928371387546,16.3245003927156,16.4902643287344,17.757417777233055,17.491342091706024,16.519665094547168,16.19533752307347,1.0,1.0,1.0,1.0,1.0,1.0,1.0,1.0,1.0,1.0
151.5,3.0,0.0,0.0,0.0,0.0,0.0,0.0,0.0,0.0,0.0,0.0,0.0,0.0,0.0,0.0,0.0,0.0,0.0,0.0,0.0,0.0
151.75,4.0,17.885003104662495,17.385665753614745,16.660604605787473,16.83854200440956,18.08092823838765,19.79573198130159,18.79807247486834,18.858266780455494,18.63312808229557,19.244212165639027,1.0,1.0,1.0,1.0,1.0,1.0,1.0,1.0,1.0,1.0
152.0,1.0,15.808688085113694,16.412186584654247,17.538607236813824,16.04097950126848,15.960363384303617,15.56056017851239,14.698247567499273,14.04493694894513,12.905089491106358,12.381387202775114,1.0,1.0,1.0,1.0,1.0,1.0,1.0,1.0,1.0,1.0
152.25,2.0,0.0,0.0,0.0,0.0,0.0,0.0,0.0,0.0,0.0,0.0,0.0,0.0,0.0,0.0,0.0,0.0,0.0,0.0,0.0,0.0
152.5,3.0,13.637075593042113,13.846119801615023,14.276293267773568,15.64927982058458,15.515960123565005,15.17093254749727,15.821705651094902,13.923070736277223,14.398365265250176,14.598864072420847,1.0,1.0,1.0,1.0,1.0,1.0,1.0,1.0,1.0,1.0
152.75,4.0,17.3835477293594,17.45568561946289,16.832356173274018,17.71788241324625,19.156120817440186,19.674644119847173,19.83409684263422,19.386185929162078,18.577380486356,18.423532609199818,1.0,1.0,1.0,1.0,1.0,1.0,1.0,1.0,1.0,1.0
153.0,1.0,0.0,0.0,0.0,0.0,0.0,0.0,0.0,0.0,0.0,0.0,0.0,0.0,0.0,0.0,0.0,0.0,0.0,0.0,0.0,0.0
153.25,2.0,0.0,0.0,0.0,0.0,0.0,0.0,0.0,0.0,0.0,0.0,0.0,0.0,0.0,0.0,0.0,0.0,0.0,0.0,0.0,0.0
153.5,3.0,12.951764121288177,13.534130139834819,14.77302697471654,15.956351513187279,15.431743743861594,15.036657244047701,15.426426805696284,13.846102714300013,14.38111619290659,14.965157455072962,1.0,1.0,1.0,1.0,1.0,1.0,1.0,1.0,1.0,1.0
153.75,4.0,0.0,0.0,0.0,0.0,0.0,0.0,0.0,0.0,0.0,0.0,0.0,0.0,0.0,0.0,0.0,0.0,0.0,0.0,0.0,0.0
154.0,1.0,15.751012932990106,17.45169692252957,17.697724603762648,17.024560672614207,16.29227183788588,15.677441199757956,14.271297745925114,14.272166374591038,12.80543001058222,13.278418471968738,1.0,1.0,1.0,1.0,1.0,1.0,1.0,1.0,1.0,1.0
154.25,2.0,14.724120340419113,14.238466614679444,13.903809580097487,16.195149593660048,16.497025335188823,15.136091149714092,13.541369186778715,13.519109542964296,13.307555003774512,13.625865597894107,1.0,1.0,1.0,1.0,1.0,1.0,1.0,1.0,1.0,1.0
154.5,3.0,0.0,0.0,0.0,0.0,0.0,0.0,0.0,0.0,0.0,0.0,0.0,0.0,0.0,0.0,0.0,0.0,0.0,0.0,0.0,0.0
154.75,4.0,17.021775170712868,17.774926989217583,17.26702433268081,18.350778008692174,19.45756957901612,19.377002816529583,19.32902745970466,18.809942349178083,17.46015256025619,17.963770612550906,1.0,1.0,1.0,1.0,1.0,1.0,1.0,1.0,1.0,1.0
155.0,1.0,16.78457209845555,18.425235029387547,18.67886585614033,17.336170549188488,16.320254228601343,15.896862875514724,14.240395195413463,13.588525099930715,12.01334820341464,11.30662637841524,1.0,1.0,1.0,1.0,1.0,1.0,1.0,1.0,1.0,1.0
155.25,2.0,0.0,0.0,0.0,0.0,0.0,0.0,0.0,0.0,0.0,0.0,0.0,0.0,0.0,0.0,0.0,0.0,0.0,0.0,0.0,0.0
155.5,3.0,13.750424170653407,14.603651779046201,15.898739914943103,15.54565805453725,16.29997207596449,15.94714865933642,16.15939716373317,15.726782060798454,15.608028884763696,16.170919825941613,1.0,1.0,1.0,1.0,1.0,1.0,1.0,1.0,1.0,1.0
155.75,4.0,17.69252730318196,18.001582545973974,18.20310119869637,18.73119577024681,18.70172171126011,18.720778846012408,19.218845427786064,18.11688499581312,17.87303719393868,18.553944444972515,1.0,1.0,1.0,1.0,1.0,1.0,1.0,1.0,1.0,1.0
156.0,1.0,0.0,0.0,0.0,0.0,0.0,0.0,0.0,0.0,0.0,0.0,0.0,0.0,0.0,0.0,0.0,0.0,0.0,0.0,0.0,0.0
156.25,2.0,12.241976985465755,14.392301166723017,13.134593292797101,13.639036868259776,12.439506184896565,12.035222232179722,12.146253485292707,13.334214434889615,12.991060046267716,14.336835023224666,1.0,1.0,1.0,1.0,1.0,1.0,1.0,1.0,1.0,1.0
156.5,3.0,0.0,0.0,0.0,0.0,0.0,0.0,0.0,0.0,0.0,0.0,0.0,0.0,0.0,0.0,0.0,0.0,0.0,0.0,0.0,0.0
156.75,4.0,0.0,0.0,0.0,0.0,0.0,0.0,0.0,0.0,0.0,0.0,0.0,0.0,0.0,0.0,0.0,0.0,0.0,0.0,0.0,0.0
157.0,1.0,19.19372611784844,20.000569905796596,19.378296622051394,17.023497853419183,15.014713852291852,14.902491858530096,13.256943018783296,13.333371657940162,12.801686435716771,13.889900478128725,1.0,1.0,1.0,1.0,1.0,1.0,1.0,1.0,1.0,1.0
157.25,2.0,13.765537281301409,13.656339816566271,12.00965227137807,12.700549650505723,12.317636732375298,11.162530646319675,12.10916556421455,12.75549992949614,12.602080206326947,13.669166188435524,1.0,1.0,1.0,1.0,1.0,1.0,1.0,1.0,1.0,1.0
157.5,3.0,15.522000613388073,15.183154650958643,15.124275114997001,15.623202552693419,17.335846621996282,16.99634868013105,17.831923425775415,17.486573544542317,18.316061062195427,18.59305156047483,1.0,1.0,1.0,1.0,1.0,1.0,1.0,1.0,1.0,1.0
157.75,4.0,17.982101383889045,19.16392492079449,17.726007295078833,16.926391905306897,17.516151675421927,18.068400913389613,17.471101397649765,17.62738086285694,17.480692677783207,18.166900168636438,1.0,1.0,1.0,1.0,1.0,1.0,1.0,1.0,1.0,1.0
158.0,1.0,19.49729214945728,19.44541827451992,18.671673978434114,16.29657662685852,16.09941288681331,15.955772235030725,15.26835993286848,15.019489422059007,14.862703710288985,15.047542133859716,1.0,1.0,1.0,1.0,1.0,1.0,1.0,1.0,1.0,1.0
158.25,2.0,0.0,0.0,0.0,0.0,0.0,0.0,0.0,0.0,0.0,0.0,0.0,0.0,0.0,0.0,0.0,0.0,0.0,0.0,0.0,0.0
158.5,3.0,15.315805881468085,14.623779845241202,15.614502381825606,17.141326239329434,17.587624953406397,17.81620305782036,17.621824542064463,18.485433629158663,18.6461250345268,17.948587137174382,1.0,1.0,1.0,1.0,1.0,1.0,1.0,1.0,1.0,1.0
158.75,4.0,18.972372086672465,19.412630606465903,17.1690667571123,16.984076988250855,17.214765643817564,17.29055598414381,17.304681843904252,16.886785945322906,17.636631020865416,19.093669834099625,1.0,1.0,1.0,1.0,1.0,1.0,1.0,1.0,1.0,1.0
159.0,1.0,19.847205228085464,19.440294748531706,18.080103284428052,16.169579031027016,16.404602423449226,17.155947635518913,16.018245512158227,16.6026669283572,16.438370853154325,16.885219234537722,1.0,1.0,1.0,1.0,1.0,1.0,1.0,1.0,1.0,1.0
159.25,2.0,13.799721955547817,13.48623353007179,12.887799142607374,10.913239456519962,11.984921434575165,12.769204928953176,13.053293223907591,14.629124426438068,14.913473946476342,15.21054170292482,1.0,1.0,1.0,1.0,1.0,1.0,1.0,1.0,1.0,1.0
159.5,3.0,0.0,0.0,0.0,0.0,0.0,0.0,0.0,0.0,0.0,0.0,0.0,0.0,0.0,0.0,0.0,0.0,0.0,0.0,0.0,0.0
159.75,4.0,19.08029045991074,20.245040817461497,17.556203218948696,17.025492327055645,17.224151745907463,17.2129649253992,17.299552517723395,17.244946888594743,18.641256005813784,19.903152496042395,1.0,1.0,1.0,1.0,1.0,1.0,1.0,1.0,1.0,1.0
160.0,1.0,19.262349349837756,18.639202583452516,17.101495473387025,16.865789017891185,17.106775905918184,16.872278749686473,16.926950333084203,16.791244027002847,16.50132187101527,16.80266463146785,1.0,1.0,1.0,1.0,1.0,1.0,1.0,1.0,1.0,1.0
160.25,2.0,0.0,0.0,0.0,0.0,0.0,0.0,0.0,0.0,0.0,0.0,0.0,0.0,0.0,0.0,0.0,0.0,0.0,0.0,0.0,0.0
160.5,3.0,14.418323600717695,16.50594583735842,16.903026136661165,19.074527558258364,17.65524696426956,17.377184212150357,16.97100756058317,16.996989201916776,17.11728557234408,16.508150364187927,1.0,1.0,1.0,1.0,1.0,1.0,1.0,1.0,1.0,1.0
160.75,4.0,20.05471440434408,20.28789534904172,18.226657681715746,19.452036635818693,19.388718706637814,18.23387915450291,19.132158717191604,19.562556005318502,20.976622730392585,21.223435900840386,1.0,1.0,1.0,1.0,1.0,1.0,1.0,1.0,1.0,1.0
161.0,1.0,0.0,0.0,0.0,0.0,0.0,0.0,0.0,0.0,0.0,0.0,0.0,0.0,0.0,0.0,0.0,0.0,0.0,0.0,0.0,0.0
161.25,2.0,14.883691830026772,12.974770839947206,12.664289376847213,11.566065274712324,13.398980688781206,14.001308176918513,14.239103191340106,13.614344296653238,14.273926465271282,15.473992171960695,1.0,1.0,1.0,1.0,1.0,1.0,1.0,1.0,1.0,1.0
161.5,3.0,15.623807377699965,17.717205500871163,17.883472017138995,17.589561538722624,16.738198043605344,17.287242145629286,17.453380473426904,17.54007133884616,17.07010915243816,16.252989438576954,1.0,1.0,1.0,1.0,1.0,1.0,1.0,1.0,1.0,1.0
161.75,4.0,0.0,0.0,0.0,0.0,0.0,0.0,0.0,0.0,0.0,0.0,0.0,0.0,0.0,0.0,0.0,0.0,0.0,0.0,0.0,0.0
162.0,1.0,16.918749598397778,17.73412701121475,19.0560645647563,17.173210557070544,16.549335353469438,16.64175172806321,16.504748432796053,15.83124997916521,16.0894354794955,16.50534122405046,1.0,1.0,1.0,1.0,1.0,1.0,1.0,1.0,1.0,1.0
162.25,2.0,15.600188241934854,13.159344809091472,12.894488170295935,12.385053281734338,13.205505507022774,13.589752432385996,13.458742350465915,13.534874156421377,14.191754180990236,15.684634547400757,1.0,1.0,1.0,1.0,1.0,1.0,1.0,1.0,1.0,1.0
162.5,3.0,0.0,0.0,0.0,0.0,0.0,0.0,0.0,0.0,0.0,0.0,0.0,0.0,0.0,0.0,0.0,0.0,0.0,0.0,0.0,0.0
162.75,4.0,19.446197731925242,19.330032079452963,19.58055033279344,19.659187181480146,19.227242072771897,19.057286405030297,19.42862204138937,18.33811833017955,18.670354223654247,19.190654333731786,1.0,1.0,1.0,1.0,1.0,1.0,1.0,1.0,1.0,1.0
163.0,1.0,17.412623177517457,17.829700355594973,17.89489333157913,16.602482317670738,16.22327054126644,15.787371268189714,16.215257061794794,16.810705522072684,16.598239314633574,15.990153289545328,1.0,1.0,1.0,1.0,1.0,1.0,1.0,1.0,1.0,1.0
163.25,2.0,0.0,0.0,0.0,0.0,0.0,0.0,0.0,0.0,0.0,0.0,0.0,0.0,0.0,0.0,0.0,0.0,0.0,0.0,0.0,0.0
163.5,3.0,15.409912402736342,16.361702391608524,15.874239946298216,15.511359907840498,16.55014895474282,16.90734471234019,18.216383810239115,16.58966117846313,16.52605004214697,15.588908485523458,1.0,1.0,1.0,1.0,1.0,1.0,1.0,1.0,1.0,1.0
163.75,4.0,19.75554803918373,19.977489613168665,19.18237674904852,18.96482129108318,19.454945720582213,18.84468747195395,19.029035428248193,19.03720929282821,18.748924160554303,18.218933863780578,1.0,1.0,1.0,1.0,1.0,1.0,1.0,1.0,1.0,1.0
164.0,1.0,18.211633866380865,18.37051540614454,17.16616474686991,16.86326364303639,15.532147320919243,15.679599049717252,16.506081930977086,15.744108033427874,14.555713397283236,15.012459803556927,1.0,1.0,1.0,1.0,1.0,1.0,1.0,1.0,1.0,1.0
164.25,2.0,15.440444600250467,13.695809642094424,13.02788948655114,12.41934509699027,13.389953007490927,14.251327351446676,14.11998385715801,14.866385316588804,14.608713070428434,14.775804912055298,1.0,1.0,1.0,1.0,1.0,1.0,1.0,1.0,1.0,1.0
164.5,3.0,0.0,0.0,0.0,0.0,0.0,0.0,0.0,0.0,0.0,0.0,0.0,0.0,0.0,0.0,0.0,0.0,0.0,0.0,0.0,0.0
164.75,4.0,19.503996456187892,19.179255346980685,18.325477191258912,17.56723435819351,18.638025367252837,18.533834272410974,18.64959239696593,18.16023511078199,17.902299577677674,18.06333105085159,1.0,1.0,1.0,1.0,1.0,1.0,1.0,1.0,1.0,1.0
165.0,1.0,18.664618056244954,17.49821928100926,15.476036619998613,16.477585147270347,17.25514629213971,16.844042976645373,16.86186431546914,16.326215458779632,15.650514914259329,15.936445585322417,1.0,1.0,1.0,1.0,1.0,1.0,1.0,1.0,1.0,1.0
165.25,2.0,15.610827216824006,13.526062442715086,13.063268574272989,13.05705231126693,14.032164475153518,13.881485413281393,13.693505768728778,14.027200459931343,12.740682331769648,13.51810269870042,1.0,1.0,1.0,1.0,1.0,1.0,1.0,1.0,1.0,1.0
165.5,3.0,15.068077881959333,14.832393188439598,15.86937651640904,15.825672996679675,16.84084554640363,16.671219159775287,17.322058381748384,16.246907121492345,16.552460720043577,15.587420414620958,1.0,1.0,1.0,1.0,1.0,1.0,1.0,1.0,1.0,1.0
165.75,4.0,19.052443559617082,18.466939107800037,17.431258415921715,16.941158857646297,18.04590498560117,17.758696425902393,18.042310757710787,17.724608153724724,17.304526605696598,18.221613509498898,1.0,1.0,1.0,1.0,1.0,1.0,1.0,1.0,1.0,1.0
166.0,1.0,0.0,0.0,0.0,0.0,0.0,0.0,0.0,0.0,0.0,0.0,0.0,0.0,0.0,0.0,0.0,0.0,0.0,0.0,0.0,0.0
166.25,2.0,0.0,0.0,0.0,0.0,0.0,0.0,0.0,0.0,0.0,0.0,0.0,0.0,0.0,0.0,0.0,0.0,0.0,0.0,0.0,0.0
166.5,3.0,14.452235821920747,13.759814803057361,15.829832645571033,16.824138567115828,16.765474520367125,15.240785847756577,16.767905393501866,15.307318437713525,15.296070123454935,14.961633377040894,1.0,1.0,1.0,1.0,1.0,1.0,1.0,1.0,1.0,1.0
166.75,4.0,0.0,0.0,0.0,0.0,0.0,0.0,0.0,0.0,0.0,0.0,0.0,0.0,0.0,0.0,0.0,0.0,0.0,0.0,0.0,0.0
167.0,1.0,17.674846580988312,15.225917780705197,15.048778081105437,15.382357617282077,16.16016942673985,15.859984913145722,16.27563611107777,16.17062901028439,15.411620889748322,15.931049204183465,1.0,1.0,1.0,1.0,1.0,1.0,1.0,1.0,1.0,1.0
167.25,2.0,13.976503106971673,13.37959188614606,13.207052713342954,13.824871714958725,12.513476840517766,13.115943195572886,13.324780514363455,13.718263775522846,13.023035901089512,13.224434936587237,1.0,1.0,1.0,1.0,1.0,1.0,1.0,1.0,1.0,1.0
167.5,3.0,0.0,0.0,0.0,0.0,0.0,0.0,0.0,0.0,0.0,0.0,0.0,0.0,0.0,0.0,0.0,0.0,0.0,0.0,0.0,0.0
167.75,4.0,18.048559760304855,17.211828550398053,14.6228389837096,16.034767439625966,17.87194547203987,18.465686414419654,18.764259996233363,18.121172599624234,17.743881572417063,16.894420775467236,1.0,1.0,1.0,1.0,1.0,1.0,1.0,1.0,1.0,1.0
168.0,1.0,17.195578223668143,15.45521181803729,14.512022316402632,15.574055499732543,15.546620239382701,15.462699552048155,15.587963368561034,15.049561006663872,14.333099300491652,14.397029762018809,1.0,1.0,1.0,1.0,1.0,1.0,1.0,1.0,1.0,1.0
168.25,2.0,0.0,0.0,0.0,0.0,0.0,0.0,0.0,0.0,0.0,0.0,0.0,0.0,0.0,0.0,0.0,0.0,0.0,0.0,0.0,0.0
168.5,3.0,13.575604496667653,14.78437341867937,16.9729720899527,16.223937480312742,13.952624680489588,15.450452053403573,16.426432820695634,16.166766397976613,15.611551653318822,15.646455397606793,1.0,1.0,1.0,1.0,1.0,1.0,1.0,1.0,1.0,1.0
168.75,4.0,15.900915759707974,15.472792624181398,13.953280969980904,16.259676748668305,18.39685327225128,18.66895153701709,18.39040222095425,17.92234642380811,17.81137731280914,18.194766139306736,1.0,1.0,1.0,1.0,1.0,1.0,1.0,1.0,1.0,1.0
169.0,1.0,0.0,0.0,0.0,0.0,0.0,0.0,0.0,0.0,0.0,0.0,0.0,0.0,0.0,0.0,0.0,0.0,0.0,0.0,0.0,0.0
169.25,2.0,17.274598033568314,14.890011328213397,14.560022154333154,13.551226914111167,13.042573255389687,14.446900836046805,14.91302362093931,14.732645568729335,13.353918282298757,13.148231111515996,1.0,1.0,1.0,1.0,1.0,1.0,1.0,1.0,1.0,1.0
169.5,3.0,0.0,0.0,0.0,0.0,0.0,0.0,0.0,0.0,0.0,0.0,0.0,0.0,0.0,0.0,0.0,0.0,0.0,0.0,0.0,0.0
169.75,4.0,0.0,0.0,0.0,0.0,0.0,0.0,0.0,0.0,0.0,0.0,0.0,0.0,0.0,0.0,0.0,0.0,0.0,0.0,0.0,0.0
170.0,1.0,17.288584970691478,15.521259254840427,14.780291525662564,15.444800980108052,14.130339307403274,13.427964862097221,13.269099092464215,12.771257515922327,12.906524949665458,13.60290390964391,1.0,1.0,1.0,1.0,1.0,1.0,1.0,1.0,1.0,1.0
170.25,2.0,17.330547025895466,15.569200944193506,15.011984573675207,12.975123204736255,11.857899088700579,13.258305888556968,11.705664430550698,12.405150991241293,11.520806395618168,11.65311239228558,1.0,1.0,1.0,1.0,1.0,1.0,1.0,1.0,1.0,1.0
170.5,3.0,0.0,0.0,0.0,0.0,0.0,0.0,0.0,0.0,0.0,0.0,0.0,0.0,0.0,0.0,0.0,0.0,0.0,0.0,0.0,0.0
170.75,4.0,16.041773959704468,16.441915237128132,17.16024326017657,17.49321604686616,17.697051064711406,18.711639197713872,17.76712720021145,17.127685613852055,17.12399228660509,16.506493794168282,1.0,1.0,1.0,1.0,1.0,1.0,1.0,1.0,1.0,1.0
171.0,1.0,17.637227904510453,15.731933358276232,15.141085292170512,14.402408716363189,13.613421064902195,13.203227948257949,13.21183730661723,13.786669143856463,13.723697893275363,14.031537231762215,1.0,1.0,1.0,1.0,1.0,1.0,1.0,1.0,1.0,1.0
171.25,2.0,0.0,0.0,0.0,0.0,0.0,0.0,0.0,0.0,0.0,0.0,0.0,0.0,0.0,0.0,0.0,0.0,0.0,0.0,0.0,0.0
171.5,3.0,16.186920100766557,14.729174940899325,15.903336167154807,17.315360100744776,17.74093382858355,17.347563057407005,17.48550176291344,16.65164085490936,15.904408282217728,14.891224343906952,1.0,1.0,1.0,1.0,1.0,1.0,1.0,1.0,1.0,1.0
171.75,4.0,17.51291888108135,17.09571122325906,17.460031138556037,18.384159844340406,17.243936359140992,18.963354236865285,17.65230398561732,16.95096414146848,16.84071794755949,16.461141795346446,1.0,1.0,1.0,1.0,1.0,1.0,1.0,1.0,1.0,1.0
172.0,1.0,16.289331512864194,15.12555914105233,14.891428980759708,13.613292899988693,14.998188298600798,13.971299991899937,13.892454413469881,13.424803494743207,14.173614399689608,13.74644464132945,1.0,1.0,1.0,1.0,1.0,1.0,1.0,1.0,1.0,1.0
172.25,2.0,15.079670419213844,12.972874601741008,12.214435607728815,12.83598341142983,12.069077124623579,12.076770402360689,12.761243864979466,13.16127504231332,12.2433649926618,12.037394866090986,1.0,1.0,1.0,1.0,1.0,1.0,1.0,1.0,1.0,1.0
172.5,3.0,0.0,0.0,0.0,0.0,0.0,0.0,0.0,0.0,0.0,0.0,0.0,0.0,0.0,0.0,0.0,0.0,0.0,0.0,0.0,0.0
172.75,4.0,17.11951547822003,17.76906588307108,18.241122189108385,17.958616737918284,17.045524062426317,16.872586952167428,15.745412668291403,16.047844423411078,15.42674125222323,16.183509586007094,1.0,1.0,1.0,1.0,1.0,1.0,1.0,1.0,1.0,1.0
173.0,1.0,15.958272996407251,15.071538346377485,13.939645870888425,14.452522529537058,16.012745439581565,13.500180899953854,14.564927627578397,14.504181551623434,15.665735687244283,15.080505927252188,1.0,1.0,1.0,1.0,1.0,1.0,1.0,1.0,1.0,1.0
173.25,2.0,14.542170361776012,12.75023751234506,12.470273878605878,12.563201059627378,10.422568395028968,12.01917677069189,12.066680577102883,12.676435635382637,12.367336576805297,12.930468936046784,1.0,1.0,1.0,1.0,1.0,1.0,1.0,1.0,1.0,1.0
173.5,3.0,15.904360040266894,16.47865110805008,16.901727524715884,17.014001148595387,17.589189137807423,16.631603402649862,16.656855180526346,14.482229075512201,15.069467212484644,13.352678342654182,1.0,1.0,1.0,1.0,1.0,1.0,1.0,1.0,1.0,1.0
173.75,4.0,17.657878163146712,18.435922926056787,19.3631729006119,17.51699146572115,16.889158065049237,16.782430750463465,15.693393829142229,15.894402852131252,15.625629287162258,15.984555546568759,1.0,1.0,1.0,1.0,1.0,1.0,1.0,1.0,1.0,1.0
174.0,1.0,0.0,0.0,0.0,0.0,0.0,0.0,0.0,0.0,0.0,0.0,0.0,0.0,0.0,0.0,0.0,0.0,0.0,0.0,0.0,0.0
174.25,2.0,0.0,0.0,0.0,0.0,0.0,0.0,0.0,0.0,0.0,0.0,0.0,0.0,0.0,0.0,0.0,0.0,0.0,0.0,0.0,0.0
174.5,3.0,15.56210915181186,16.118406715446024,17.235629453271976,16.64652840955449,17.258120606618427,16.855578028141572,16.792751779251756,15.143562605314623,15.058870532925138,13.78192341190967,1.0,1.0,1.0,1.0,1.0,1.0,1.0,1.0,1.0,1.0
174.75,4.0,0.0,0.0,0.0,0.0,0.0,0.0,0.0,0.0,0.0,0.0,0.0,0.0,0.0,0.0,0.0,0.0,0.0,0.0,0.0,0.0
175.0,1.0,14.935873108404634,14.705474121933461,13.344826000113232,12.449872293030637,14.240565482989071,14.32899237488008,15.336487352596947,15.892165852764533,15.651963929809204,15.314899852490438,1.0,1.0,1.0,1.0,1.0,1.0,1.0,1.0,1.0,1.0
175.25,2.0,14.616057260069224,14.427335383298022,14.713451848251978,13.561966636208291,12.14657399231367,12.344936696423678,13.004045813919031,12.384683221062868,12.74297495358834,13.318565861958346,1.0,1.0,1.0,1.0,1.0,1.0,1.0,1.0,1.0,1.0
175.5,3.0,0.0,0.0,0.0,0.0,0.0,0.0,0.0,0.0,0.0,0.0,0.0,0.0,0.0,0.0,0.0,0.0,0.0,0.0,0.0,0.0
175.75,4.0,17.416614579947936,17.118598189428468,16.50959473307269,15.259593951743115,15.619114914629908,14.50073253186705,14.0256630771226,15.063673123461964,15.300226039858401,14.918669196646594,1.0,1.0,1.0,1.0,1.0,1.0,1.0,1.0,1.0,1.0
176.0,1.0,15.562504072838973,14.08730522969874,13.841043373755168,14.727764230015538,15.711520269794688,16.07786072271421,15.720903373582402,15.460944365516477,14.522493797940083,14.866976203193238,1.0,1.0,1.0,1.0,1.0,1.0,1.0,1.0,1.0,1.0
176.25,2.0,0.0,0.0,0.0,0.0,0.0,0.0,0.0,0.0,0.0,0.0,0.0,0.0,0.0,0.0,0.0,0.0,0.0,0.0,0.0,0.0
176.5,3.0,13.60622285270792,15.741154416475688,17.298517212338897,16.858091581207145,15.805908965176512,15.768089981066028,15.184179635167666,13.962171636693531,14.818783505647435,14.507813136684225,1.0,1.0,1.0,1.0,1.0,1.0,1.0,1.0,1.0,1.0
176.75,4.0,16.197266651041144,16.754304512317184,16.054888840225097,14.761122945288614,14.037598719076158,13.78485521484014,13.134451954419768,15.181089573923499,15.223357072345769,14.62728485768207,1.0,1.0,1.0,1.0,1.0,1.0,1.0,1.0,1.0,1.0
177.0,1.0,0.0,0.0,0.0,0.0,0.0,0.0,0.0,0.0,0.0,0.0,0.0,0.0,0.0,0.0,0.0,0.0,0.0,0.0,0.0,0.0
177.25,2.0,15.839439667410472,15.513979652861195,15.676728518709334,15.044065857793678,12.351223232817778,12.250404381780866,13.09362918707606,12.9068902035475,13.566567449539871,14.320205459379283,1.0,1.0,1.0,1.0,1.0,1.0,1.0,1.0,1.0,1.0
177.5,3.0,0.0,0.0,0.0,0.0,0.0,0.0,0.0,0.0,0.0,0.0,0.0,0.0,0.0,0.0,0.0,0.0,0.0,0.0,0.0,0.0
177.75,4.0,0.0,0.0,0.0,0.0,0.0,0.0,0.0,0.0,0.0,0.0,0.0,0.0,0.0,0.0,0.0,0.0,0.0,0.0,0.0,0.0
178.0,1.0,15.490039831271185,14.378561165354638,15.205691262819512,15.184141538426303,17.483815092582983,17.028989440108326,16.451479904661245,15.468245988031175,15.244734981356466,15.170954718955372,1.0,1.0,1.0,1.0,1.0,1.0,1.0,1.0,1.0,1.0
178.25,2.0,15.29395117359586,14.658849779747136,15.392501581723817,15.613411036042516,13.21926605821715,12.862559686928606,12.634041940915813,13.193270371768278,14.023441276448894,14.287637248982092,1.0,1.0,1.0,1.0,1.0,1.0,1.0,1.0,1.0,1.0
178.5,3.0,0.0,0.0,0.0,0.0,0.0,0.0,0.0,0.0,0.0,0.0,0.0,0.0,0.0,0.0,0.0,0.0,0.0,0.0,0.0,0.0
178.75,4.0,15.358131775696176,14.081422045276863,12.69907947495461,10.586688742914404,11.552978694526335,12.345239017149087,11.901632555880498,12.301526414806423,12.336532349301006,11.960024109445733,1.0,1.0,1.0,1.0,1.0,1.0,1.0,1.0,1.0,1.0
179.0,1.0,14.949893549694771,14.782256994232531,15.582042034091439,15.272347418362571,16.678158605488143,16.75647093503028,16.119140140426804,16.350805111817266,16.969067553176977,16.065834899740523,1.0,1.0,1.0,1.0,1.0,1.0,1.0,1.0,1.0,1.0
179.25,2.0,0.0,0.0,0.0,0.0,0.0,0.0,0.0,0.0,0.0,0.0,0.0,0.0,0.0,0.0,0.0,0.0,0.0,0.0,0.0,0.0
179.5,3.0,13.513796541644876,12.624851083340767,13.36587538049077,12.260033952964985,12.515054317092325,13.00280074564824,13.33906493034211,14.658868597456532,14.048339803221817,14.668784103870653,1.0,1.0,1.0,1.0,1.0,1.0,1.0,1.0,1.0,1.0
179.75,4.0,14.834489106465622,13.208213558751027,11.426445785959201,9.95480187293534,10.62130550820172,11.136207336917638,11.44349118126824,11.849817858142176,12.562952043839504,12.877277427387838,1.0,1.0,1.0,1.0,1.0,1.0,1.0,1.0,1.0,1.0
180.0,1.0,15.169715659388496,14.557834989277552,15.143477871797938,14.736087620736209,15.62173193866295,16.652239261310992,16.518868753343035,16.966187774545748,17.096461790085126,16.825684242972038,1.0,1.0,1.0,1.0,1.0,1.0,1.0,1.0,1.0,1.0
180.25,2.0,15.45493655575166,14.58023200565008,14.107283697203213,13.205931351880771,11.094363271642951,12.024598923714287,12.158669806522406,13.280799014008029,14.280802830926078,14.017709829243923,1.0,1.0,1.0,1.0,1.0,1.0,1.0,1.0,1.0,1.0
180.5,3.0,0.0,0.0,0.0,0.0,0.0,0.0,0.0,0.0,0.0,0.0,0.0,0.0,0.0,0.0,0.0,0.0,0.0,0.0,0.0,0.0
180.75,4.0,15.084961549862001,13.138157727289409,12.11930264781757,10.665872632124046,10.856759836707564,11.135091952312163,11.024622678904175,12.784634173265921,13.04438025587798,14.118826609977555,1.0,1.0,1.0,1.0,1.0,1.0,1.0,1.0,1.0,1.0
181.0,1.0,14.99981556519601,14.399460714916394,14.87706599869121,15.005156684734686,15.713223097344171,16.98735380094176,17.00328812171693,17.45503420299765,17.47189451316582,17.426906621047962,1.0,1.0,1.0,1.0,1.0,1.0,1.0,1.0,1.0,1.0
181.25,2.0,0.0,0.0,0.0,0.0,0.0,0.0,0.0,0.0,0.0,0.0,0.0,0.0,0.0,0.0,0.0,0.0,0.0,0.0,0.0,0.0
181.5,3.0,11.944276302818718,11.13446338050509,12.196010946027949,12.124073286380161,13.684582936663519,14.106295136315884,14.403063113771374,14.55268878258778,14.05796636022255,13.211231263026072,1.0,1.0,1.0,1.0,1.0,1.0,1.0,1.0,1.0,1.0
181.75,4.0,14.763377483010158,13.37663030288909,12.7174167968717,10.867247530325164,11.091281275950728,11.640588577516702,11.38605034476607,13.391819878448253,13.68163650251045,14.677518357350833,1.0,1.0,1.0,1.0,1.0,1.0,1.0,1.0,1.0,1.0
182.0,1.0,0.0,0.0,0.0,0.0,0.0,0.0,0.0,0.0,0.0,0.0,0.0,0.0,0.0,0.0,0.0,0.0,0.0,0.0,0.0,0.0
182.25,2.0,0.0,0.0,0.0,0.0,0.0,0.0,0.0,0.0,0.0,0.0,0.0,0.0,0.0,0.0,0.0,0.0,0.0,0.0,0.0,0.0
182.5,3.0,12.541367681152343,10.900619773332956,12.188415011840172,11.389239558667567,13.831961527858274,14.099902627749703,14.53314668279007,15.250581075345217,14.399388787840484,13.386526175241398,1.0,1.0,1.0,1.0,1.0,1.0,1.0,1.0,1.0,1.0
182.75,4.0,0.0,0.0,0.0,0.0,0.0,0.0,0.0,0.0,0.0,0.0,0.0,0.0,0.0,0.0,0.0,0.0,0.0,0.0,0.0,0.0
183.0,1.0,12.573095437103511,12.121903269724362,14.531560602889149,17.41004213754255,16.996102907381474,18.483194736682204,18.282421044363623,18.47476028755729,18.560586957459677,17.70662441387373,1.0,1.0,1.0,1.0,1.0,1.0,1.0,1.0,1.0,1.0
183.25,2.0,14.03450097513233,12.068645604075567,12.831301014338768,13.173304322575381,12.444614872012124,12.697728766256231,13.735306686516271,14.331324644765091,14.590975138564808,14.58742918016118,1.0,1.0,1.0,1.0,1.0,1.0,1.0,1.0,1.0,1.0
183.5,3.0,0.0,0.0,0.0,0.0,0.0,0.0,0.0,0.0,0.0,0.0,0.0,0.0,0.0,0.0,0.0,0.0,0.0,0.0,0.0,0.0
183.75,4.0,13.149114477577738,12.836780367590446,12.32575770615658,10.304785558097606,10.82949779803689,12.700791787903672,13.857188073393175,15.751335725714881,15.172361778989417,16.622465171563174,1.0,1.0,1.0,1.0,1.0,1.0,1.0,1.0,1.0,1.0
184.0,1.0,12.47388574226663,12.502980605508228,15.505955983510866,17.536746370491567,18.63083201152334,19.220568021470623,19.47527681455882,19.06300829722785,17.87142492064156,18.444817935098126,1.0,1.0,1.0,1.0,1.0,1.0,1.0,1.0,1.0,1.0
184.25,2.0,0.0,0.0,0.0,0.0,0.0,0.0,0.0,0.0,0.0,0.0,0.0,0.0,0.0,0.0,0.0,0.0,0.0,0.0,0.0,0.0
184.5,3.0,12.11931201191476,12.09191204111485,13.34327629252264,13.60860646134785,14.065101618898696,14.13185497745805,14.18347790358314,14.3624225660055,14.676989093631784,15.865851740253392,1.0,1.0,1.0,1.0,1.0,1.0,1.0,1.0,1.0,1.0
184.75,4.0,12.080102075969494,12.72166185835727,12.109633017109765,11.928627078215587,12.49424397068815,14.255230350678806,14.61192205991364,16.8573362065794,16.320204630891574,16.804890358115173,1.0,1.0,1.0,1.0,1.0,1.0,1.0,1.0,1.0,1.0
185.0,1.0,0.0,0.0,0.0,0.0,0.0,0.0,0.0,0.0,0.0,0.0,0.0,0.0,0.0,0.0,0.0,0.0,0.0,0.0,0.0,0.0
185.25,2.0,12.911708081964706,13.201488563084915,14.091899109013067,14.233738018502484,14.512459728651175,16.004136189443166,16.126015342814867,15.129093580540614,15.324990919047648,15.55953170374609,1.0,1.0,1.0,1.0,1.0,1.0,1.0,1.0,1.0,1.0
185.5,3.0,0.0,0.0,0.0,0.0,0.0,0.0,0.0,0.0,0.0,0.0,0.0,0.0,0.0,0.0,0.0,0.0,0.0,0.0,0.0,0.0
185.75,4.0,0.0,0.0,0.0,0.0,0.0,0.0,0.0,0.0,0.0,0.0,0.0,0.0,0.0,0.0,0.0,0.0,0.0,0.0,0.0,0.0
186.0,1.0,12.719480453493093,14.153615278631708,17.845874710264006,18.639742700948588,18.93357383852417,18.503842202139833,18.521999234766238,18.81478505460865,18.74279352093321,19.578394181634565,1.0,1.0,1.0,1.0,1.0,1.0,1.0,1.0,1.0,1.0
186.25,2.0,13.423163602806182,14.047577025737644,14.71031755365361,15.505291846595195,16.45342946312687,16.638867448943643,15.923441239666573,16.22870439747105,17.427816373851456,18.332453795352023,1.0,1.0,1.0,1.0,1.0,1.0,1.0,1.0,1.0,1.0
186.5,3.0,0.0,0.0,0.0,0.0,0.0,0.0,0.0,0.0,0.0,0.0,0.0,0.0,0.0,0.0,0.0,0.0,0.0,0.0,0.0,0.0
186.75,4.0,12.883834364889276,13.46699968100844,13.481090240137199,13.592075676025916,14.34614918072723,15.3027815398912,15.662766287415009,16.394124644823947,16.98363151389529,17.70430124377326,1.0,1.0,1.0,1.0,1.0,1.0,1.0,1.0,1.0,1.0
187.0,1.0,15.191826390829315,16.929192422937337,19.152637734688582,18.49016299678724,17.66100139564923,18.16111838128166,18.366052345130083,19.851958730768093,18.56196609302534,19.404155841095132,1.0,1.0,1.0,1.0,1.0,1.0,1.0,1.0,1.0,1.0
187.25,2.0,0.0,0.0,0.0,0.0,0.0,0.0,0.0,0.0,0.0,0.0,0.0,0.0,0.0,0.0,0.0,0.0,0.0,0.0,0.0,0.0
187.5,3.0,13.695100984515534,15.379265995481212,16.281583249030408,14.862964457595588,15.117702123514645,15.878076241463285,16.088677991562754,15.935340773361878,15.793410676038294,15.772112817502805,1.0,1.0,1.0,1.0,1.0,1.0,1.0,1.0,1.0,1.0
187.75,4.0,13.35666284897675,13.151062687990146,13.146848603502292,14.970626280949796,15.184085402821388,16.574276878054757,16.35771436495071,17.124229870958743,17.78737661518547,18.672920510528396,1.0,1.0,1.0,1.0,1.0,1.0,1.0,1.0,1.0,1.0
188.0,1.0,16.262276956456986,17.172009978127782,20.055675676242984,19.241841674087723,17.511705924469503,18.106073522290657,18.483915922967157,20.633966460190138,19.58793552207169,19.581910679168427,1.0,1.0,1.0,1.0,1.0,1.0,1.0,1.0,1.0,1.0
188.25,2.0,14.192955856318957,13.503137110165127,15.52122132579003,17.31384549134568,18.005144666792887,18.490295055631204,17.773310684517227,17.731075262327646,17.49414399029147,18.722508211513045,1.0,1.0,1.0,1.0,1.0,1.0,1.0,1.0,1.0,1.0
188.5,3.0,0.0,0.0,0.0,0.0,0.0,0.0,0.0,0.0,0.0,0.0,0.0,0.0,0.0,0.0,0.0,0.0,0.0,0.0,0.0,0.0
188.75,4.0,13.477608578925603,13.918698775136683,13.150431607507036,15.046767022406646,16.276072000861785,16.988861353727547,16.93851664613275,17.591380020210394,18.90830369538364,20.091841983239156,1.0,1.0,1.0,1.0,1.0,1.0,1.0,1.0,1.0,1.0
189.0,1.0,15.985590757381132,18.19840374049318,20.890613038461094,19.646015689261713,18.697463423911287,18.755209850649788,19.333189529763757,20.543652779895737,20.2082425938204,19.885453949805502,1.0,1.0,1.0,1.0,1.0,1.0,1.0,1.0,1.0,1.0
189.25,2.0,0.0,0.0,0.0,0.0,0.0,0.0,0.0,0.0,0.0,0.0,0.0,0.0,0.0,0.0,0.0,0.0,0.0,0.0,0.0,0.0
189.5,3.0,12.631740622486843,13.01783651165685,15.846297321679945,15.008840997871472,13.70908582122278,15.573964346863947,15.933385161144752,16.627098411594577,16.009683252174234,16.133207621024,1.0,1.0,1.0,1.0,1.0,1.0,1.0,1.0,1.0,1.0
189.75,4.0,13.088972207663142,13.326214813161776,12.968910566121075,15.470708326857038,16.752389453808544,18.12079418031613,18.48872501484698,19.497201580385415,20.443626819168973,21.439622461453496,1.0,1.0,1.0,1.0,1.0,1.0,1.0,1.0,1.0,1.0
190.0,1.0,0.0,0.0,0.0,0.0,0.0,0.0,0.0,0.0,0.0,0.0,0.0,0.0,0.0,0.0,0.0,0.0,0.0,0.0,0.0,0.0
190.25,2.0,0.0,0.0,0.0,0.0,0.0,0.0,0.0,0.0,0.0,0.0,0.0,0.0,0.0,0.0,0.0,0.0,0.0,0.0,0.0,0.0
190.5,3.0,12.406228479689256,13.067438836667746,14.771442158403735,14.506434159076592,13.895780881156817,15.58465582780861,15.64868163729153,16.358257848388043,15.851969807168851,14.272645962501635,1.0,1.0,1.0,1.0,1.0,1.0,1.0,1.0,1.0,1.0
190.75,4.0,0.0,0.0,0.0,0.0,0.0,0.0,0.0,0.0,0.0,0.0,0.0,0.0,0.0,0.0,0.0,0.0,0.0,0.0,0.0,0.0
191.0,1.0,18.252043823742312,19.14565980822189,20.00896376609449,18.803529610365366,20.559267198220486,19.876380890924352,19.571966966267922,19.667305793298638,19.987009794234634,19.853674452362984,1.0,1.0,1.0,1.0,1.0,1.0,1.0,1.0,1.0,1.0
191.25,2.0,16.06242328917521,16.51082313162285,17.187527801396797,17.888376594993897,19.137961543311917,19.30292620969543,19.889532067295118,19.57014379641915,19.281759503655493,18.14100687668769,1.0,1.0,1.0,1.0,1.0,1.0,1.0,1.0,1.0,1.0
191.5,3.0,0.0,0.0,0.0,0.0,0.0,0.0,0.0,0.0,0.0,0.0,0.0,0.0,0.0,0.0,0.0,0.0,0.0,0.0,0.0,0.0
191.75,4.0,14.281645364878823,16.262414924041558,16.516597035591683,17.550554920013088,18.86565958620588,19.645867145845617,20.132782711007266,20.747317930460817,20.027361281168744,19.710827764959223,1.0,1.0,1.0,1.0,1.0,1.0,1.0,1.0,1.0,1.0
192.0,1.0,18.798072377638466,19.21008837056798,19.33316988227248,18.79888030033136,20.76987250457931,20.936170845170395,19.86786722637541,20.373940962793355,19.54965487999203,20.381858474473226,1.0,1.0,1.0,1.0,1.0,1.0,1.0,1.0,1.0,1.0
192.25,2.0,0.0,0.0,0.0,0.0,0.0,0.0,0.0,0.0,0.0,0.0,0.0,0.0,0.0,0.0,0.0,0.0,0.0,0.0,0.0,0.0
192.5,3.0,14.109971587620118,13.957885348584613,15.97573343606836,15.98423038034468,14.741086371727551,14.615446714421095,13.829585873392032,14.539433306098411,13.949012682230416,13.508367147947181,1.0,1.0,1.0,1.0,1.0,1.0,1.0,1.0,1.0,1.0
192.75,4.0,15.4002281156421,16.874791934386188,16.959745586179935,19.287317514894493,18.59524435773602,18.579995540017364,19.014793639799183,19.591790798280236,19.679730121917128,19.747598578435714,1.0,1.0,1.0,1.0,1.0,1.0,1.0,1.0,1.0,1.0
193.0,1.0,0.0,0.0,0.0,0.0,0.0,0.0,0.0,0.0,0.0,0.0,0.0,0.0,0.0,0.0,0.0,0.0,0.0,0.0,0.0,0.0
193.25,2.0,15.099304534172967,15.008968165591869,18.035251661455003,19.360744076094203,19.358989600504753,18.141770242833687,18.140896107292665,18.161753886666585,18.064976606446866,17.619473734328295,1.0,1.0,1.0,1.0,1.0,1.0,1.0,1.0,1.0,1.0
193.5,3.0,0.0,0.0,0.0,0.0,0.0,0.0,0.0,0.0,0.0,0.0,0.0,0.0,0.0,0.0,0.0,0.0,0.0,0.0,0.0,0.0
193.75,4.0,0.0,0.0,0.0,0.0,0.0,0.0,0.0,0.0,0.0,0.0,0.0,0.0,0.0,0.0,0.0,0.0,0.0,0.0,0.0,0.0
194.0,1.0,17.721215531891723,18.943976047393758,20.11021831455935,21.201400372183294,22.638123990766374,22.543714143586396,22.04829618512964,22.014254377966118,20.718941029151413,20.68804181241058,1.0,1.0,1.0,1.0,1.0,1.0,1.0,1.0,1.0,1.0
194.25,2.0,15.855096962332546,16.7060517787729,18.964600013515845,18.912571261911264,19.321166188960937,18.83677491115808,19.133400360443154,18.658534622770063,17.37832831791359,16.029835908909007,1.0,1.0,1.0,1.0,1.0,1.0,1.0,1.0,1.0,1.0
194.5,3.0,14.182097795960798,16.036536330334606,17.496817613285145,16.221784320184263,15.749613965262325,16.284648608020067,16.138862427317964,15.991510934335354,15.10339559331252,15.214709596707406,1.0,1.0,1.0,1.0,1.0,1.0,1.0,1.0,1.0,1.0
194.75,4.0,15.992467540737051,16.846187761231334,19.14897759945129,20.004017652615236,20.131771273583677,19.003155797888777,19.691911233584417,20.20387910400399,21.205745541740303,22.160276692478803,1.0,1.0,1.0,1.0,1.0,1.0,1.0,1.0,1.0,1.0
195.0,1.0,16.956793377785168,19.85590352467095,22.014216252760683,21.682167256365737,22.20624495508858,21.750966273893273,20.38994432500688,20.70712944083776,19.635670678221263,19.522888229943863,1.0,1.0,1.0,1.0,1.0,1.0,1.0,1.0,1.0,1.0
195.25,2.0,0.0,0.0,0.0,0.0,0.0,0.0,0.0,0.0,0.0,0.0,0.0,0.0,0.0,0.0,0.0,0.0,0.0,0.0,0.0,0.0
195.5,3.0,14.821519144302584,15.963964107651,17.438314258116126,16.96238302991713,16.148969821120804,15.402271260846016,15.51055232986332,16.5152919244837,15.915581884312092,15.97290371370451,1.0,1.0,1.0,1.0,1.0,1.0,1.0,1.0,1.0,1.0
195.75,4.0,16.829661860539336,17.68956007352922,19.35632279408645,20.40827543988594,20.45921742272529,19.684464464536063,20.526803060805456,21.917599597206753,22.76329323068016,22.443524190752207,1.0,1.0,1.0,1.0,1.0,1.0,1.0,1.0,1.0,1.0
196.0,1.0,18.39708190088864,20.80817868351021,21.11287787714265,20.891878908689094,20.568637150182855,20.579477297137444,18.563069630015995,19.01136991812256,17.888022244899076,18.469838319969657,1.0,1.0,1.0,1.0,1.0,1.0,1.0,1.0,1.0,1.0
196.25,2.0,15.95717351233407,16.962679070550855,16.60123822026513,16.81565892436999,17.48873210378873,17.676566169514444,19.226076636614533,17.72861999993909,17.14561856228669,16.066408181534307,1.0,1.0,1.0,1.0,1.0,1.0,1.0,1.0,1.0,1.0
196.5,3.0,0.0,0.0,0.0,0.0,0.0,0.0,0.0,0.0,0.0,0.0,0.0,0.0,0.0,0.0,0.0,0.0,0.0,0.0,0.0,0.0
196.75,4.0,17.756446285294583,19.196519587971828,20.561084740123167,21.023752246120456,20.452055268758578,20.887945288546845,20.929733811290728,21.632782115694262,22.316630650252964,21.58003088611383,1.0,1.0,1.0,1.0,1.0,1.0,1.0,1.0,1.0,1.0
197.0,1.0,18.909085952038783,20.678191397697255,20.889743778571418,20.470219676148666,19.95368556210594,20.417373976158956,19.441046845796215,19.50812392556331,18.81607748034886,18.82578531294347,1.0,1.0,1.0,1.0,1.0,1.0,1.0,1.0,1.0,1.0
197.25,2.0,0.0,0.0,0.0,0.0,0.0,0.0,0.0,0.0,0.0,0.0,0.0,0.0,0.0,0.0,0.0,0.0,0.0,0.0,0.0,0.0
197.5,3.0,15.76401228349935,16.94315182919376,18.62625005284882,16.523986724761127,16.81193979620894,16.18227894631734,16.044502461373682,15.395577461063699,16.03693113752735,16.338548000199456,1.0,1.0,1.0,1.0,1.0,1.0,1.0,1.0,1.0,1.0
197.75,4.0,20.399211243181153,21.93264618958035,21.880867319256208,21.211815735646148,20.639582778756754,21.037658307709346,21.703890505046402,21.7819520085257,22.204576441503104,21.127540514645883,1.0,1.0,1.0,1.0,1.0,1.0,1.0,1.0,1.0,1.0
198.0,1.0,0.0,0.0,0.0,0.0,0.0,0.0,0.0,0.0,0.0,0.0,0.0,0.0,0.0,0.0,0.0,0.0,0.0,0.0,0.0,0.0
198.25,2.0,16.46739087904865,17.75576222074179,18.740876060472335,18.2032287007851,18.353868050939173,16.935589940552152,17.28410905703206,15.988340912241492,16.730734546033176,16.081324887778123,1.0,1.0,1.0,1.0,1.0,1.0,1.0,1.0,1.0,1.0
198.5,3.0,17.234758286483697,17.46527395544697,18.623135844810687,17.472410649252176,17.381893329358586,16.153357523637432,14.764440067688597,14.750309061694187,15.696267649327057,16.61242929902753,1.0,1.0,1.0,1.0,1.0,1.0,1.0,1.0,1.0,1.0
198.75,4.0,0.0,0.0,0.0,0.0,0.0,0.0,0.0,0.0,0.0,0.0,0.0,0.0,0.0,0.0,0.0,0.0,0.0,0.0,0.0,0.0
199.0,1.0,19.979662907932653,19.40959338133798,19.950173271903,21.200821082389986,20.224443981669218,20.39750314487607,18.96283786757164,18.45689079477901,18.357012116009997,19.775085504207343,1.0,1.0,1.0,1.0,1.0,1.0,1.0,1.0,1.0,1.0
199.25,2.0,17.370804814632653,17.88481581529581,19.499564671541883,17.696691407489546,16.30700582271657,16.51945835700554,16.854922817633685,17.103915833899812,17.63604812123591,16.482500758969277,1.0,1.0,1.0,1.0,1.0,1.0,1.0,1.0,1.0,1.0
199.5,3.0,0.0,0.0,0.0,0.0,0.0,0.0,0.0,0.0,0.0,0.0,0.0,0.0,0.0,0.0,0.0,0.0,0.0,0.0,0.0,0.0
199.75,4.0,21.924003964858922,21.60421130400794,20.340353497409726,19.693075505261156,20.499850984718652,20.136587550381435,20.29012773965572,20.769978384066018,21.15784915140159,21.287202487298405,1.0,1.0,1.0,1.0,1.0,1.0,1.0,1.0,1.0,1.0
200.0,1.0,19.742201755487514,19.068841628058937,19.053082220245038,20.717152445981693,19.708732534509085,20.85673143087768,19.593396111025907,20.07686695791918,19.50266986708749,20.52330615479498,1.0,1.0,1.0,1.0,1.0,1.0,1.0,1.0,1.0,1.0
200.25,2.0,0.0,0.0,0.0,0.0,0.0,0.0,0.0,0.0,0.0,0.0,0.0,0.0,0.0,0.0,0.0,0.0,0.0,0.0,0.0,0.0
200.5,3.0,19.256332527721607,18.50096531951363,17.569560069910292,16.724902365031276,16.291280202751913,16.358046021986077,16.284483825094927,16.647349352991363,17.598134291271588,16.886377975601253,1.0,1.0,1.0,1.0,1.0,1.0,1.0,1.0,1.0,1.0
200.75,4.0,22.266606728490437,20.81909956478915,19.589780121980837,18.939664168011486,18.610297796646968,18.847081484880945,19.27362617376023,19.354570163102316,19.292596182172204,19.535854474941267,1.0,1.0,1.0,1.0,1.0,1.0,1.0,1.0,1.0,1.0
201.0,1.0,19.330456303331655,17.958457793577416,18.13166304206321,20.804064177534656,20.287956304214937,20.946627923029347,20.65957145015961,20.883815001977325,19.559233505900842,20.248713369989055,1.0,1.0,1.0,1.0,1.0,1.0,1.0,1.0,1.0,1.0
201.25,2.0,17.973829722533278,18.151564180221214,19.52769770230558,18.1948260024543,17.158753426414272,16.852291993013665,17.725622195853106,17.135867817526233,17.793661086140748,17.029729444445522,1.0,1.0,1.0,1.0,1.0,1.0,1.0,1.0,1.0,1.0
201.5,3.0,0.0,0.0,0.0,0.0,0.0,0.0,0.0,0.0,0.0,0.0,0.0,0.0,0.0,0.0,0.0,0.0,0.0,0.0,0.0,0.0
201.75,4.0,0.0,0.0,0.0,0.0,0.0,0.0,0.0,0.0,0.0,0.0,0.0,0.0,0.0,0.0,0.0,0.0,0.0,0.0,0.0,0.0
202.0,1.0,18.387160884219124,17.466235134035998,18.277851376774162,20.142959654267205,19.018270365264534,19.317203300880628,18.839335558749696,18.85074199351719,18.629286642927713,19.520259741937355,1.0,1.0,1.0,1.0,1.0,1.0,1.0,1.0,1.0,1.0
202.25,2.0,18.254091170709607,18.934587633264204,18.15080384073589,16.593242017733186,16.379520903612548,15.938468864126872,17.511839602070236,16.477730055386132,17.546760259353736,17.00348249780247,1.0,1.0,1.0,1.0,1.0,1.0,1.0,1.0,1.0,1.0
202.5,3.0,19.066101532290574,19.11063876368377,17.956624902484158,16.53002085197463,15.473932414061736,16.620794406163697,15.875139536017175,16.609357351789612,15.946089547430097,15.831589569835366,1.0,1.0,1.0,1.0,1.0,1.0,1.0,1.0,1.0,1.0
202.75,4.0,21.45176160652746,20.595331899140728,19.290852978651728,19.69615802310592,19.423343613904724,19.139523982842302,20.08931951165459,20.54551050950672,21.366168256095264,22.365984933981135,1.0,1.0,1.0,1.0,1.0,1.0,1.0,1.0,1.0,1.0
203.0,1.0,0.0,0.0,0.0,0.0,0.0,0.0,0.0,0.0,0.0,0.0,0.0,0.0,0.0,0.0,0.0,0.0,0.0,0.0,0.0,0.0
203.25,2.0,0.0,0.0,0.0,0.0,0.0,0.0,0.0,0.0,0.0,0.0,0.0,0.0,0.0,0.0,0.0,0.0,0.0,0.0,0.0,0.0
203.5,3.0,19.692326380130726,20.18442801306237,18.386163856825107,16.97959586895201,17.109075825375026,16.455808256459463,15.942230975893068,15.140326937562792,15.912270267662294,15.91415916848394,1.0,1.0,1.0,1.0,1.0,1.0,1.0,1.0,1.0,1.0
203.75,4.0,20.1457520089015,18.990311570444277,19.140267398046692,19.92359869810153,19.94190647245037,20.04296651901377,21.521001431119128,21.495868301479288,21.619630598854314,22.679113680383733,1.0,1.0,1.0,1.0,1.0,1.0,1.0,1.0,1.0,1.0
204.0,1.0,17.445681797092167,18.959063685767635,18.705735358478627,18.67663913260673,17.127463109336468,19.68629875624936,19.591381212693666,19.686452696238007,18.71830584576981,18.25593047973482,1.0,1.0,1.0,1.0,1.0,1.0,1.0,1.0,1.0,1.0
204.25,2.0,18.062745859740055,17.588340029637067,16.28811387980191,15.965134161355708,16.0684801991076,15.755529127065182,16.408866576585417,15.875312317650518,16.32755681876911,15.824371180429457,1.0,1.0,1.0,1.0,1.0,1.0,1.0,1.0,1.0,1.0
204.5,3.0,0.0,0.0,0.0,0.0,0.0,0.0,0.0,0.0,0.0,0.0,0.0,0.0,0.0,0.0,0.0,0.0,0.0,0.0,0.0,0.0
204.75,4.0,18.470032467475363,18.77298478940264,18.727598399108654,20.143986554388327,21.248523477520894,21.369269306222147,23.12570840324182,23.097033885345763,23.621196387302884,23.700593898182348,1.0,1.0,1.0,1.0,1.0,1.0,1.0,1.0,1.0,1.0
205.0,1.0,19.20291088004482,19.626208872889084,18.512257408596344,18.604879154333542,19.77875031239989,21.187058346288545,20.17114192031833,19.106869885132877,18.228315555076104,18.726088918443445,1.0,1.0,1.0,1.0,1.0,1.0,1.0,1.0,1.0,1.0
205.25,2.0,0.0,0.0,0.0,0.0,0.0,0.0,0.0,0.0,0.0,0.0,0.0,0.0,0.0,0.0,0.0,0.0,0.0,0.0,0.0,0.0
205.5,3.0,21.57114235316139,20.06259995442921,18.008264545732025,16.934809057209247,16.042422251985307,15.6380684906896,15.333399025607507,14.409263705591796,14.956776836898044,15.625143984341834,1.0,1.0,1.0,1.0,1.0,1.0,1.0,1.0,1.0,1.0
205.75,4.0,18.34824614548326,19.790868090172715,19.09725937039744,20.858009179353076,22.16374114375621,22.276597408084903,23.13677278639423,23.327467827607567,23.01167387058408,23.300795688741903,1.0,1.0,1.0,1.0,1.0,1.0,1.0,1.0,1.0,1.0
206.0,1.0,0.0,0.0,0.0,0.0,0.0,0.0,0.0,0.0,0.0,0.0,0.0,0.0,0.0,0.0,0.0,0.0,0.0,0.0,0.0,0.0
206.25,2.0,16.901057236804863,15.74410110376829,15.726160954907769,15.437564476908717,15.371130615768744,14.761008778050583,16.41188941282091,15.81269600044812,16.891478143159745,15.655966506164244,1.0,1.0,1.0,1.0,1.0,1.0,1.0,1.0,1.0,1.0
206.5,3.0,21.09949802498018,19.570690533888488,17.932266221125833,16.190404845367947,15.72223981491065,15.963365172760197,15.609314669268947,15.385832239103934,15.759639886463122,15.676083667727063,1.0,1.0,1.0,1.0,1.0,1.0,1.0,1.0,1.0,1.0
206.75,4.0,0.0,0.0,0.0,0.0,0.0,0.0,0.0,0.0,0.0,0.0,0.0,0.0,0.0,0.0,0.0,0.0,0.0,0.0,0.0,0.0
207.0,1.0,18.467378700194356,17.80700464525652,18.770870500241845,20.18829741582057,20.170848373422338,19.902249697980352,18.761885357953812,17.719898756015432,18.480383868166076,19.44237724101576,1.0,1.0,1.0,1.0,1.0,1.0,1.0,1.0,1.0,1.0
207.25,2.0,15.420515639692507,14.657625929962622,15.514894694884195,14.83718682296742,16.00125313259066,15.658507102451356,16.339930309220442,16.62965463201963,17.133549842022337,16.276528574133838,1.0,1.0,1.0,1.0,1.0,1.0,1.0,1.0,1.0,1.0
207.5,3.0,0.0,0.0,0.0,0.0,0.0,0.0,0.0,0.0,0.0,0.0,0.0,0.0,0.0,0.0,0.0,0.0,0.0,0.0,0.0,0.0
207.75,4.0,19.04861935671747,20.177983053532042,20.197419875607196,21.53222698480117,22.308161008882283,21.881098005551234,21.9513177383036,20.63790039140287,20.0720287808513,18.691537837321697,1.0,1.0,1.0,1.0,1.0,1.0,1.0,1.0,1.0,1.0
208.0,1.0,17.404009791692292,17.98240499816051,19.04413274291112,20.547645998267818,18.9271910038538,18.967214349798816,18.91564407408303,18.299740876998662,18.920268445986572,19.023462759284964,1.0,1.0,1.0,1.0,1.0,1.0,1.0,1.0,1.0,1.0
208.25,2.0,0.0,0.0,0.0,0.0,0.0,0.0,0.0,0.0,0.0,0.0,0.0,0.0,0.0,0.0,0.0,0.0,0.0,0.0,0.0,0.0
208.5,3.0,19.661017130599504,18.783134882431053,16.018771379443614,16.17027886693528,17.895024347996138,18.17044821126921,17.00966559455454,16.12968081328595,17.000500298637018,16.588208759860613,1.0,1.0,1.0,1.0,1.0,1.0,1.0,1.0,1.0,1.0
208.75,4.0,19.07018863700377,20.568124721141736,22.193247219722654,22.853482532893537,21.228532610866708,20.373349356110943,19.74357173992579,18.277487032589654,20.020220048916265,20.359325480975812,1.0,1.0,1.0,1.0,1.0,1.0,1.0,1.0,1.0,1.0
209.0,1.0,18.177159391637552,18.07234204032531,20.20534909123211,19.90752095553535,18.88729632203794,18.12180091216275,18.5546341331056,17.953859517171395,17.83497954896499,17.875160961806312,1.0,1.0,1.0,1.0,1.0,1.0,1.0,1.0,1.0,1.0
209.25,2.0,15.354043482649644,15.609378558924845,16.322082785011112,17.402439366850633,17.24093715164751,16.10101091391731,16.60141854505717,15.498470534627382,15.659045891129923,15.330179620219711,1.0,1.0,1.0,1.0,1.0,1.0,1.0,1.0,1.0,1.0
209.5,3.0,0.0,0.0,0.0,0.0,0.0,0.0,0.0,0.0,0.0,0.0,0.0,0.0,0.0,0.0,0.0,0.0,0.0,0.0,0.0,0.0
209.75,4.0,20.920328540274152,21.923542892227346,23.034299922303255,22.66962770281394,20.755725998414064,20.021361663608864,19.65149287064281,19.249221842223214,20.49979790885911,20.656142099617455,1.0,1.0,1.0,1.0,1.0,1.0,1.0,1.0,1.0,1.0
210.0,1.0,19.10959237730218,19.980131484692325,18.904700212649132,18.47641468505654,17.01658083795203,17.05222304551555,17.346870625590263,16.669423188142904,16.904914005114833,16.984911589952617,1.0,1.0,1.0,1.0,1.0,1.0,1.0,1.0,1.0,1.0
210.25,2.0,16.654256264555528,17.546178820430722,16.231856041689216,17.325285599708646,17.930403945573264,17.231944037748647,17.557310878498495,16.089799849613513,15.35683816475929,15.767528919852191,1.0,1.0,1.0,1.0,1.0,1.0,1.0,1.0,1.0,1.0
210.5,3.0,18.20413897601277,16.218925291195216,15.954066402591637,16.71158616694857,16.45915171038776,17.011225635095872,17.181178714893566,15.785359108962695,15.376151871949563,13.799037887547954,1.0,1.0,1.0,1.0,1.0,1.0,1.0,1.0,1.0,1.0
210.75,4.0,22.09345545435864,22.474713439885864,22.18610248865826,21.627177739142372,20.84322379921429,20.340458627541466,20.289148014034488,19.615383177964684,20.155287919900438,20.218043784304776,1.0,1.0,1.0,1.0,1.0,1.0,1.0,1.0,1.0,1.0
211.0,1.0,0.0,0.0,0.0,0.0,0.0,0.0,0.0,0.0,0.0,0.0,0.0,0.0,0.0,0.0,0.0,0.0,0.0,0.0,0.0,0.0
211.25,2.0,0.0,0.0,0.0,0.0,0.0,0.0,0.0,0.0,0.0,0.0,0.0,0.0,0.0,0.0,0.0,0.0,0.0,0.0,0.0,0.0
211.5,3.0,17.79483636059228,17.37232360505425,16.178211068509327,16.123881003218596,15.993620691815268,16.815820811625606,16.937744542385854,15.4776378975735,14.542383292928749,14.04415756124131,1.0,1.0,1.0,1.0,1.0,1.0,1.0,1.0,1.0,1.0
211.75,4.0,0.0,0.0,0.0,0.0,0.0,0.0,0.0,0.0,0.0,0.0,0.0,0.0,0.0,0.0,0.0,0.0,0.0,0.0,0.0,0.0
212.0,1.0,18.228978836862932,16.621526925061094,15.307469780234022,14.539091527950799,14.995302444815305,14.49602145678513,15.116971690642886,15.455622686196746,16.063022488061147,15.692213086580173,1.0,1.0,1.0,1.0,1.0,1.0,1.0,1.0,1.0,1.0
212.25,2.0,17.817609607141957,16.521799504089973,16.166326087058867,17.07262168965337,16.820492985663023,16.729811116300237,15.389016906382114,14.216417406293072,13.97773962006241,14.633334432681098,1.0,1.0,1.0,1.0,1.0,1.0,1.0,1.0,1.0,1.0
212.5,3.0,0.0,0.0,0.0,0.0,0.0,0.0,0.0,0.0,0.0,0.0,0.0,0.0,0.0,0.0,0.0,0.0,0.0,0.0,0.0,0.0
212.75,4.0,21.82102617280603,22.08661120538261,22.01597076968948,19.51347922282511,19.075978264462247,19.909634204822478,19.520367036949406,19.034080572566303,20.183556087403506,21.179393467590472,1.0,1.0,1.0,1.0,1.0,1.0,1.0,1.0,1.0,1.0
213.0,1.0,16.687334250976125,15.798518032996476,15.479065087356227,16.08215903933183,13.994828687233749,14.899039591291055,15.6693561058507,15.071770866842252,15.805914332898114,15.949804768511147,1.0,1.0,1.0,1.0,1.0,1.0,1.0,1.0,1.0,1.0
213.25,2.0,0.0,0.0,0.0,0.0,0.0,0.0,0.0,0.0,0.0,0.0,0.0,0.0,0.0,0.0,0.0,0.0,0.0,0.0,0.0,0.0
213.5,3.0,18.28331414683421,18.25638893443693,17.202426822211393,14.924259653960167,14.750615841000291,14.882207963302749,14.54628960122194,14.113586269180399,14.0476549462373,15.151370798916586,1.0,1.0,1.0,1.0,1.0,1.0,1.0,1.0,1.0,1.0
213.75,4.0,21.61002345646743,22.389255815476986,20.11937027589979,18.90715844998694,19.3043423737193,20.04836045959553,20.729564026116417,20.946982917339408,21.429070644785874,21.674142025394673,1.0,1.0,1.0,1.0,1.0,1.0,1.0,1.0,1.0,1.0
214.0,1.0,0.0,0.0,0.0,0.0,0.0,0.0,0.0,0.0,0.0,0.0,0.0,0.0,0.0,0.0,0.0,0.0,0.0,0.0,0.0,0.0
214.25,2.0,16.373130912990632,16.689884295779063,15.267390802214742,15.197471346110882,14.927539569247516,14.89773488157838,14.014030704802959,14.130886491501338,13.333556460552323,15.080419342061923,1.0,1.0,1.0,1.0,1.0,1.0,1.0,1.0,1.0,1.0
214.5,3.0,0.0,0.0,0.0,0.0,0.0,0.0,0.0,0.0,0.0,0.0,0.0,0.0,0.0,0.0,0.0,0.0,0.0,0.0,0.0,0.0
214.75,4.0,0.0,0.0,0.0,0.0,0.0,0.0,0.0,0.0,0.0,0.0,0.0,0.0,0.0,0.0,0.0,0.0,0.0,0.0,0.0,0.0
215.0,1.0,16.977131848210227,17.165499346634924,17.464099365054036,17.27709839828091,15.32468233529578,15.737425001654465,15.383523449935906,16.328870238274522,16.975897038691283,17.658327692586237,1.0,1.0,1.0,1.0,1.0,1.0,1.0,1.0,1.0,1.0
215.25,2.0,15.98074304253026,16.259044938612355,15.410261702023211,13.463973549460174,14.236751886017213,13.28252060147519,13.87980796867708,12.955152713908213,12.120152363963802,14.202611946457678,1.0,1.0,1.0,1.0,1.0,1.0,1.0,1.0,1.0,1.0
215.5,3.0,0.0,0.0,0.0,0.0,0.0,0.0,0.0,0.0,0.0,0.0,0.0,0.0,0.0,0.0,0.0,0.0,0.0,0.0,0.0,0.0
215.75,4.0,20.443146952689222,21.30340721540301,19.376298891926638,19.019490268835938,19.456625488660723,20.15856790200496,20.709692907719802,19.469814556137084,20.711326863909424,21.340418520191477,1.0,1.0,1.0,1.0,1.0,1.0,1.0,1.0,1.0,1.0
216.0,1.0,17.98264515932168,18.0878839792057,16.986868675858297,16.124205946172808,15.626653192414373,16.503089563420303,17.073896906908576,17.495029465270992,16.791141291476883,17.292593503423568,1.0,1.0,1.0,1.0,1.0,1.0,1.0,1.0,1.0,1.0
216.25,2.0,0.0,0.0,0.0,0.0,0.0,0.0,0.0,0.0,0.0,0.0,0.0,0.0,0.0,0.0,0.0,0.0,0.0,0.0,0.0,0.0
216.5,3.0,18.74997493447992,16.830006255840587,15.49846859369593,15.105884137911273,14.492253200502704,15.725332627141016,16.56544672926189,16.894998375796487,15.75986546041105,16.88944689307321,1.0,1.0,1.0,1.0,1.0,1.0,1.0,1.0,1.0,1.0
216.75,4.0,20.449993060727834,19.724562837229634,18.917711157825714,19.213027360072825,19.283967378064247,19.32975760511129,20.478205758141716,20.42457954134528,21.605609496025874,22.22346761656219,1.0,1.0,1.0,1.0,1.0,1.0,1.0,1.0,1.0,1.0
217.0,1.0,17.690147549678887,17.015951630283585,15.790944569507369,15.604028021568915,16.014749983134255,16.13525992392775,17.174184539266204,16.507285085892516,17.031607970023277,17.432025932370617,1.0,1.0,1.0,1.0,1.0,1.0,1.0,1.0,1.0,1.0
217.25,2.0,16.3204030632349,16.342415586919653,13.907109829507261,12.131238323001797,13.998511792452737,13.360472487931233,13.42354319030451,12.244568943730066,12.041365592527288,13.38940986052641,1.0,1.0,1.0,1.0,1.0,1.0,1.0,1.0,1.0,1.0
217.5,3.0,0.0,0.0,0.0,0.0,0.0,0.0,0.0,0.0,0.0,0.0,0.0,0.0,0.0,0.0,0.0,0.0,0.0,0.0,0.0,0.0
217.75,4.0,20.36266269583092,19.813675629862324,19.13976829083814,19.472013800457063,18.579560808029704,19.39606902661345,21.385678086938814,20.741224384868527,21.091569107527988,21.633914131672025,1.0,1.0,1.0,1.0,1.0,1.0,1.0,1.0,1.0,1.0
218.0,1.0,16.74077827434176,15.402260445809619,14.27420814388561,15.425714040457487,16.09610065467807,15.30011675269608,15.555316526070651,15.561779050890499,16.11297411962415,17.213583913137974,1.0,1.0,1.0,1.0,1.0,1.0,1.0,1.0,1.0,1.0
218.25,2.0,0.0,0.0,0.0,0.0,0.0,0.0,0.0,0.0,0.0,0.0,0.0,0.0,0.0,0.0,0.0,0.0,0.0,0.0,0.0,0.0
218.5,3.0,16.70086250045293,14.729606265429334,14.313085159816588,13.536759455084589,16.619757438222326,16.734682979424477,17.40881923872608,16.792683076679136,15.153532431145566,15.45181626741096,1.0,1.0,1.0,1.0,1.0,1.0,1.0,1.0,1.0,1.0
218.75,4.0,20.847192246732156,19.933796384093778,19.929690629558852,19.839928829594378,20.2636347330177,20.19578139608653,21.817737416496385,20.460750415613926,20.921884970564932,20.285689708921026,1.0,1.0,1.0,1.0,1.0,1.0,1.0,1.0,1.0,1.0
219.0,1.0,0.0,0.0,0.0,0.0,0.0,0.0,0.0,0.0,0.0,0.0,0.0,0.0,0.0,0.0,0.0,0.0,0.0,0.0,0.0,0.0
219.25,2.0,0.0,0.0,0.0,0.0,0.0,0.0,0.0,0.0,0.0,0.0,0.0,0.0,0.0,0.0,0.0,0.0,0.0,0.0,0.0,0.0
219.5,3.0,15.672121811409655,14.01452135268635,14.412202072498571,15.103021161822541,17.88293187308198,17.387397900831257,18.05550113527698,16.921438056173034,16.779195350986953,16.923119721306975,1.0,1.0,1.0,1.0,1.0,1.0,1.0,1.0,1.0,1.0
219.75,4.0,0.0,0.0,0.0,0.0,0.0,0.0,0.0,0.0,0.0,0.0,0.0,0.0,0.0,0.0,0.0,0.0,0.0,0.0,0.0,0.0
220.0,1.0,14.997310424952769,15.272104732864031,15.749346626393333,15.540788359908955,14.912683166065667,15.342050478917253,15.188458191665857,14.662066756694035,15.495332039608979,15.815634635184256,1.0,1.0,1.0,1.0,1.0,1.0,1.0,1.0,1.0,1.0
220.25,2.0,13.808862402131778,13.009049824576865,11.342892005441572,12.62809250731026,14.095113002952726,14.866670140781045,14.407979802112308,13.567459595928247,13.645602771512078,14.280839828832239,1.0,1.0,1.0,1.0,1.0,1.0,1.0,1.0,1.0,1.0
220.5,3.0,0.0,0.0,0.0,0.0,0.0,0.0,0.0,0.0,0.0,0.0,0.0,0.0,0.0,0.0,0.0,0.0,0.0,0.0,0.0,0.0
220.75,4.0,19.06244866048598,18.639300860113128,19.39814060581146,20.0365942370123,19.11280103945683,19.566600242723883,20.087301233589812,17.804045137801655,17.514108990975714,17.14328816765336,1.0,1.0,1.0,1.0,1.0,1.0,1.0,1.0,1.0,1.0
221.0,1.0,15.767958146918868,15.56150984584803,16.00031732287482,16.113649357964963,15.210727586584197,14.781209349879555,15.139198783949212,15.667191940450481,16.005330479119287,16.534736447253753,1.0,1.0,1.0,1.0,1.0,1.0,1.0,1.0,1.0,1.0
221.25,2.0,0.0,0.0,0.0,0.0,0.0,0.0,0.0,0.0,0.0,0.0,0.0,0.0,0.0,0.0,0.0,0.0,0.0,0.0,0.0,0.0
221.5,3.0,15.799747962963865,14.074600974009783,15.148146285568355,15.71747732523291,15.856713162627928,15.883806785429815,16.32733055940225,16.04935188016254,16.65689758958009,17.20220448753856,1.0,1.0,1.0,1.0,1.0,1.0,1.0,1.0,1.0,1.0
221.75,4.0,18.59254649068781,17.8819064662279,18.74567443997087,18.22814054174388,18.512532544548296,17.980736247472482,17.52235818704356,16.054320946717777,16.007597686697853,16.21767139113074,1.0,1.0,1.0,1.0,1.0,1.0,1.0,1.0,1.0,1.0
222.0,1.0,0.0,0.0,0.0,0.0,0.0,0.0,0.0,0.0,0.0,0.0,0.0,0.0,0.0,0.0,0.0,0.0,0.0,0.0,0.0,0.0
222.25,2.0,15.49640420480043,14.31825824838901,14.108230606953247,13.409044140448533,14.46122748352033,13.72862201839383,13.588642810682448,13.064039350100085,14.067889870673373,14.067625218486961,1.0,1.0,1.0,1.0,1.0,1.0,1.0,1.0,1.0,1.0
222.5,3.0,0.0,0.0,0.0,0.0,0.0,0.0,0.0,0.0,0.0,0.0,0.0,0.0,0.0,0.0,0.0,0.0,0.0,0.0,0.0,0.0
222.75,4.0,0.0,0.0,0.0,0.0,0.0,0.0,0.0,0.0,0.0,0.0,0.0,0.0,0.0,0.0,0.0,0.0,0.0,0.0,0.0,0.0
223.0,1.0,15.16908259504469,15.613507552012521,16.453040237073115,15.879403022690555,14.878527737709902,15.393393731856984,17.328078112641627,17.623210675839328,17.480419446554734,16.929982765482816,1.0,1.0,1.0,1.0,1.0,1.0,1.0,1.0,1.0,1.0
223.25,2.0,15.978739987824639,13.938174444160094,12.919821778049373,13.555138559133885,14.029915046636862,12.986505790667323,12.78518425612752,13.241902823609829,14.661226645621875,15.19899307312578,1.0,1.0,1.0,1.0,1.0,1.0,1.0,1.0,1.0,1.0
223.5,3.0,0.0,0.0,0.0,0.0,0.0,0.0,0.0,0.0,0.0,0.0,0.0,0.0,0.0,0.0,0.0,0.0,0.0,0.0,0.0,0.0
223.75,4.0,16.147922097688163,15.931695532882962,17.157927702318357,16.825831868016525,16.05869105211097,16.604573483918085,16.46536648861983,16.378732311488168,16.511957752944426,16.3552663692857,1.0,1.0,1.0,1.0,1.0,1.0,1.0,1.0,1.0,1.0
224.0,1.0,16.493277820900317,17.012702693176607,16.501473447229262,15.931180181811317,16.447439883894706,17.44542915890917,18.45329802871779,17.809211088737047,16.272355546137273,15.090475824320432,1.0,1.0,1.0,1.0,1.0,1.0,1.0,1.0,1.0,1.0
224.25,2.0,0.0,0.0,0.0,0.0,0.0,0.0,0.0,0.0,0.0,0.0,0.0,0.0,0.0,0.0,0.0,0.0,0.0,0.0,0.0,0.0
224.5,3.0,15.89914411034101,15.130050395801192,14.955501215848303,15.580642983587248,15.696456870318393,15.274750786301375,16.4541129152154,15.294329340506675,16.593496038027038,16.93491596890706,1.0,1.0,1.0,1.0,1.0,1.0,1.0,1.0,1.0,1.0
224.75,4.0,17.198833739001845,16.02730538688386,17.382350327019168,16.545473833958958,14.620857648041367,14.918661116829343,15.184508497918008,15.825018717414014,16.5202469541981,17.321043350565034,1.0,1.0,1.0,1.0,1.0,1.0,1.0,1.0,1.0,1.0
225.0,1.0,16.227782155536918,17.101941451658345,16.00043441658259,16.193342753041527,17.381633080240867,17.641565281725285,16.450031146613657,15.930671092904335,14.0796325203785,14.423365033054768,1.0,1.0,1.0,1.0,1.0,1.0,1.0,1.0,1.0,1.0
225.25,2.0,14.173040596576222,15.40283395660948,14.912260169707467,13.985128987225014,14.465317159235212,14.408106420818324,14.946206331783058,14.516309435824473,14.208129239386096,13.336339771685408,1.0,1.0,1.0,1.0,1.0,1.0,1.0,1.0,1.0,1.0
225.5,3.0,0.0,0.0,0.0,0.0,0.0,0.0,0.0,0.0,0.0,0.0,0.0,0.0,0.0,0.0,0.0,0.0,0.0,0.0,0.0,0.0
225.75,4.0,17.235229456282294,17.457997083904804,17.439983291444772,16.49872579087669,15.077584592392085,16.295195437510625,16.584870216022438,17.10929434674027,17.735977877014935,18.451633565712854,1.0,1.0,1.0,1.0,1.0,1.0,1.0,1.0,1.0,1.0
226.0,1.0,15.926813988773793,16.61603717676508,16.74085112314629,16.33968820914266,16.60886492724696,16.617783846644308,15.059723494504665,15.006899004542685,13.817591670629296,13.952488372551223,1.0,1.0,1.0,1.0,1.0,1.0,1.0,1.0,1.0,1.0
226.25,2.0,0.0,0.0,0.0,0.0,0.0,0.0,0.0,0.0,0.0,0.0,0.0,0.0,0.0,0.0,0.0,0.0,0.0,0.0,0.0,0.0
226.5,3.0,16.20606754756403,14.89245162566919,15.91237007858789,15.664720035030923,16.823823610279977,16.823238464371233,16.812446731416635,16.55070719928095,18.065761083845878,18.951180731587584,1.0,1.0,1.0,1.0,1.0,1.0,1.0,1.0,1.0,1.0
226.75,4.0,16.965937327086667,17.532589352671238,17.38461449540436,16.47449953222946,15.829626503950097,16.774891718553747,16.963203014403206,17.68180447790753,19.252020006642432,19.901772720147356,1.0,1.0,1.0,1.0,1.0,1.0,1.0,1.0,1.0,1.0
227.0,1.0,0.0,0.0,0.0,0.0,0.0,0.0,0.0,0.0,0.0,0.0,0.0,0.0,0.0,0.0,0.0,0.0,0.0,0.0,0.0,0.0
227.25,2.0,0.0,0.0,0.0,0.0,0.0,0.0,0.0,0.0,0.0,0.0,0.0,0.0,0.0,0.0,0.0,0.0,0.0,0.0,0.0,0.0
227.5,3.0,15.851004672422258,16.538509891297235,16.76131298015494,16.104315657594384,16.850865090544463,15.73773001227425,16.513915278947266,16.522224107441424,17.239606806902522,19.610072905214807,1.0,1.0,1.0,1.0,1.0,1.0,1.0,1.0,1.0,1.0
227.75,4.0,0.0,0.0,0.0,0.0,0.0,0.0,0.0,0.0,0.0,0.0,0.0,0.0,0.0,0.0,0.0,0.0,0.0,0.0,0.0,0.0
228.0,1.0,15.915939422079934,15.221154039241881,17.170009071030485,15.99292106938345,15.241586474794564,14.713650943352759,14.106046924058118,14.868637582158078,14.989196407596078,15.454308649078872,1.0,1.0,1.0,1.0,1.0,1.0,1.0,1.0,1.0,1.0
228.25,2.0,15.771628543628225,15.025554441770051,16.16067686872632,16.866113096805606,16.518023423038386,15.680164530554471,16.143161376890973,16.25617505003354,15.747188916956826,14.226385748508076,1.0,1.0,1.0,1.0,1.0,1.0,1.0,1.0,1.0,1.0
228.5,3.0,0.0,0.0,0.0,0.0,0.0,0.0,0.0,0.0,0.0,0.0,0.0,0.0,0.0,0.0,0.0,0.0,0.0,0.0,0.0,0.0
228.75,4.0,17.947748842957157,17.177159906512355,18.896718255236284,18.459665500655426,17.0077196979177,18.580138106901142,20.177422871894002,20.49616216974953,19.52865936644299,20.454288857476797,1.0,1.0,1.0,1.0,1.0,1.0,1.0,1.0,1.0,1.0
229.0,1.0,15.876067307090434,16.692268876777195,18.006694061551894,16.25829179402096,14.953606836863184,15.268742984732503,15.654675677138261,15.377366881248163,14.653855114163543,14.626552431551586,1.0,1.0,1.0,1.0,1.0,1.0,1.0,1.0,1.0,1.0
229.25,2.0,0.0,0.0,0.0,0.0,0.0,0.0,0.0,0.0,0.0,0.0,0.0,0.0,0.0,0.0,0.0,0.0,0.0,0.0,0.0,0.0
229.5,3.0,18.52481349320112,17.53162496132417,18.69609623697808,17.042834770254817,16.096631323770968,15.359918625210817,15.360301329963091,15.831362628345877,17.550455347837563,19.718714431106115,1.0,1.0,1.0,1.0,1.0,1.0,1.0,1.0,1.0,1.0
229.75,4.0,17.63640029505012,16.67110663614834,18.26151387707612,19.24898380721533,17.36013809088051,17.983897594804684,19.119044553973318,19.1199380958531,18.88152298051686,19.23806500411239,1.0,1.0,1.0,1.0,1.0,1.0,1.0,1.0,1.0,1.0
230.0,1.0,0.0,0.0,0.0,0.0,0.0,0.0,0.0,0.0,0.0,0.0,0.0,0.0,0.0,0.0,0.0,0.0,0.0,0.0,0.0,0.0
230.25,2.0,16.096941125841052,16.12669468213568,15.210942007694943,15.336393971608357,14.323413536987049,14.570485524434838,14.229776914634297,15.302774439741768,15.072416881576753,14.838907173768986,1.0,1.0,1.0,1.0,1.0,1.0,1.0,1.0,1.0,1.0
230.5,3.0,0.0,0.0,0.0,0.0,0.0,0.0,0.0,0.0,0.0,0.0,0.0,0.0,0.0,0.0,0.0,0.0,0.0,0.0,0.0,0.0
230.75,4.0,0.0,0.0,0.0,0.0,0.0,0.0,0.0,0.0,0.0,0.0,0.0,0.0,0.0,0.0,0.0,0.0,0.0,0.0,0.0,0.0
231.0,1.0,17.89722088686188,17.00817977843401,15.947791588201312,15.830895512932997,16.582031877385162,18.003460416342598,17.007605442710226,16.62570198840929,16.64536469382632,17.088084372124012,1.0,1.0,1.0,1.0,1.0,1.0,1.0,1.0,1.0,1.0
231.25,2.0,15.650965273294304,17.588111151146993,16.225987519337796,14.514254106144076,14.78005961289986,14.846322892907155,14.86532001223481,14.784703372426549,15.174406365930366,14.1979664570199,1.0,1.0,1.0,1.0,1.0,1.0,1.0,1.0,1.0,1.0
231.5,3.0,17.033908277774803,14.663356504340657,15.41124529634151,14.454804496610006,16.116018908668345,17.028036697585662,17.27911173576014,18.059029662795425,18.622064118064884,20.301258200759897,1.0,1.0,1.0,1.0,1.0,1.0,1.0,1.0,1.0,1.0
231.75,4.0,17.54726443087667,17.499134901842545,18.308126695054465,18.33146308223688,17.32217622023662,15.65639964762481,16.727692926105906,16.964579838079224,17.21303344174788,18.4101952641031,1.0,1.0,1.0,1.0,1.0,1.0,1.0,1.0,1.0,1.0
232.0,1.0,17.462477910858034,16.075279691217357,15.994313913774109,16.88151446557533,17.56195673645654,18.010564476104857,17.077996249479444,16.587929193598534,16.410248750862845,17.529618472416082,1.0,1.0,1.0,1.0,1.0,1.0,1.0,1.0,1.0,1.0
232.25,2.0,0.0,0.0,0.0,0.0,0.0,0.0,0.0,0.0,0.0,0.0,0.0,0.0,0.0,0.0,0.0,0.0,0.0,0.0,0.0,0.0
232.5,3.0,15.866200456926665,14.559191873931843,15.132939533386867,15.487813229423715,16.89407298744877,16.83972822568982,17.515960891490362,17.97008738462711,18.64075520298162,20.087926664262216,1.0,1.0,1.0,1.0,1.0,1.0,1.0,1.0,1.0,1.0
232.75,4.0,17.400847747355968,16.73938464148925,17.87371838879926,18.144241797255763,16.94146854289518,16.265147091099603,16.95947468989799,18.21717833520316,18.795767449919218,19.900147614849285,1.0,1.0,1.0,1.0,1.0,1.0,1.0,1.0,1.0,1.0
233.0,1.0,16.575414507795315,14.474680756944204,15.160005823370447,16.905692111254023,17.031069550042794,16.519862866729646,17.166887310457113,16.83624211118368,16.414974080209102,17.353755928878133,1.0,1.0,1.0,1.0,1.0,1.0,1.0,1.0,1.0,1.0
233.25,2.0,15.684370458217126,16.197391894784772,14.526586836039,13.789262368610482,14.619828219688573,15.274713365076877,14.917152881937875,14.900322006417925,14.322355254308244,13.765954748912113,1.0,1.0,1.0,1.0,1.0,1.0,1.0,1.0,1.0,1.0
233.5,3.0,0.0,0.0,0.0,0.0,0.0,0.0,0.0,0.0,0.0,0.0,0.0,0.0,0.0,0.0,0.0,0.0,0.0,0.0,0.0,0.0
233.75,4.0,17.407912939460374,16.55732307738095,17.279237332380358,17.83337557677729,18.141579291221618,17.418312862040427,18.629277961733536,19.39950160759776,20.749939583115996,20.021257023377284,1.0,1.0,1.0,1.0,1.0,1.0,1.0,1.0,1.0,1.0
234.0,1.0,15.369365273418095,14.578569061026233,16.131756446680587,16.827807936566387,16.765301376722526,16.155780876698675,16.77021068211045,16.76722196272571,16.395989196427983,17.841155000151552,1.0,1.0,1.0,1.0,1.0,1.0,1.0,1.0,1.0,1.0
234.25,2.0,0.0,0.0,0.0,0.0,0.0,0.0,0.0,0.0,0.0,0.0,0.0,0.0,0.0,0.0,0.0,0.0,0.0,0.0,0.0,0.0
234.5,3.0,15.072574719647669,15.723306007460984,16.959196026534613,17.297525030662293,16.95537858240187,17.688472515061832,17.81497237403627,19.572898474870478,20.553261715383787,20.826443212941886,1.0,1.0,1.0,1.0,1.0,1.0,1.0,1.0,1.0,1.0
234.75,4.0,17.69635806021003,16.192121963949006,18.01895767735313,17.98573453871999,17.395061412144223,18.147759240969226,18.632968893570336,19.682269996185777,20.65584652777696,19.91047451935522,1.0,1.0,1.0,1.0,1.0,1.0,1.0,1.0,1.0,1.0
235.0,1.0,0.0,0.0,0.0,0.0,0.0,0.0,0.0,0.0,0.0,0.0,0.0,0.0,0.0,0.0,0.0,0.0,0.0,0.0,0.0,0.0
235.25,2.0,0.0,0.0,0.0,0.0,0.0,0.0,0.0,0.0,0.0,0.0,0.0,0.0,0.0,0.0,0.0,0.0,0.0,0.0,0.0,0.0
235.5,3.0,15.184629511667831,16.007993870145494,16.511380414535438,17.187776658039198,18.483752704002736,18.358149066143127,17.693535830766557,19.08102287602665,18.086353330313603,18.57531942899683,1.0,1.0,1.0,1.0,1.0,1.0,1.0,1.0,1.0,1.0
235.75,4.0,0.0,0.0,0.0,0.0,0.0,0.0,0.0,0.0,0.0,0.0,0.0,0.0,0.0,0.0,0.0,0.0,0.0,0.0,0.0,0.0
236.0,1.0,16.17454383146755,17.517537123859974,15.821877996505636,15.223782956115468,15.926215808180258,14.900326358994235,16.15741312409203,16.42975264157522,17.00736549959895,17.714505671999373,1.0,1.0,1.0,1.0,1.0,1.0,1.0,1.0,1.0,1.0
236.25,2.0,13.391779501237323,16.421024794197155,15.974559681707701,14.321806173519596,14.279228915109176,14.99445460049529,14.167359273933041,14.870391607848127,14.96069023900983,14.394664368791217,1.0,1.0,1.0,1.0,1.0,1.0,1.0,1.0,1.0,1.0
236.5,3.0,0.0,0.0,0.0,0.0,0.0,0.0,0.0,0.0,0.0,0.0,0.0,0.0,0.0,0.0,0.0,0.0,0.0,0.0,0.0,0.0
236.75,4.0,17.680487228904738,18.54184074056761,18.681581178936344,19.84225300542902,19.874904487777926,19.268597641370075,18.981597155441925,18.15208121866393,18.34046525007605,18.041071774619546,1.0,1.0,1.0,1.0,1.0,1.0,1.0,1.0,1.0,1.0
237.0,1.0,16.401961441099893,16.232756830961616,15.35448562395451,15.224064225508359,15.385076314095942,15.438214554719808,16.529127958908255,16.618613174088843,17.712762704417333,17.58767229318107,1.0,1.0,1.0,1.0,1.0,1.0,1.0,1.0,1.0,1.0
237.25,2.0,0.0,0.0,0.0,0.0,0.0,0.0,0.0,0.0,0.0,0.0,0.0,0.0,0.0,0.0,0.0,0.0,0.0,0.0,0.0,0.0
237.5,3.0,17.343071847285202,16.100973271429105,15.084594392137177,17.343031382057585,18.658608703686756,17.423894343547826,15.71018191577196,15.41930374302129,15.24305294317515,15.778380457808339,1.0,1.0,1.0,1.0,1.0,1.0,1.0,1.0,1.0,1.0
237.75,4.0,18.676120160775092,19.30439506696103,19.281905068097274,19.130786756391586,19.926041563553298,19.91052593340866,18.576601308221612,17.92274507620364,17.58389149609263,17.067470952477596,1.0,1.0,1.0,1.0,1.0,1.0,1.0,1.0,1.0,1.0
238.0,1.0,0.0,0.0,0.0,0.0,0.0,0.0,0.0,0.0,0.0,0.0,0.0,0.0,0.0,0.0,0.0,0.0,0.0,0.0,0.0,0.0
238.25,2.0,14.928044222024766,18.176017289132247,15.522046360358022,13.250114798142084,14.96722930601255,15.202021893851423,13.912761421760063,14.673046218732118,14.32408738278557,14.46530049232333,1.0,1.0,1.0,1.0,1.0,1.0,1.0,1.0,1.0,1.0
238.5,3.0,0.0,0.0,0.0,0.0,0.0,0.0,0.0,0.0,0.0,0.0,0.0,0.0,0.0,0.0,0.0,0.0,0.0,0.0,0.0,0.0
238.75,4.0,0.0,0.0,0.0,0.0,0.0,0.0,0.0,0.0,0.0,0.0,0.0,0.0,0.0,0.0,0.0,0.0,0.0,0.0,0.0,0.0
239.0,1.0,15.625534457503782,14.638824222830944,14.654634204852176,15.353274491613123,15.463105662523262,16.45446731487043,16.49818653037318,18.151878979087048,17.626126723370994,17.80236580995889,1.0,1.0,1.0,1.0,1.0,1.0,1.0,1.0,1.0,1.0
239.25,2.0,17.291318494360567,16.800844894444356,15.386079126074646,14.961293074050714,14.988735887121893,15.469356580568935,14.176861957637579,14.17616835536521,13.52857578339198,13.653909098910182,1.0,1.0,1.0,1.0,1.0,1.0,1.0,1.0,1.0,1.0
239.5,3.0,16.890898813958206,16.604302848504073,16.275965910228873,17.085023143078097,15.073341002564879,14.73470803405349,14.596797995815875,14.896228205231298,13.735603792153734,13.343664690372549,1.0,1.0,1.0,1.0,1.0,1.0,1.0,1.0,1.0,1.0
239.75,4.0,19.00194624592897,18.401441175566664,19.63422657241821,19.42898261318919,18.134475681480826,18.429290586088563,18.7367587702695,17.981297786075597,17.741610978664585,16.774604265430664,1.0,1.0,1.0,1.0,1.0,1.0,1.0,1.0,1.0,1.0
240.0,1.0,15.407071639390756,14.785256344724235,15.466082916223941,14.948663863040599,15.81203197819909,16.126815632311338,16.381103329929466,17.669271544719223,17.50828176728774,17.512669505469034,1.0,1.0,1.0,1.0,1.0,1.0,1.0,1.0,1.0,1.0
240.25,2.0,0.0,0.0,0.0,0.0,0.0,0.0,0.0,0.0,0.0,0.0,0.0,0.0,0.0,0.0,0.0,0.0,0.0,0.0,0.0,0.0
240.5,3.0,17.476555733249423,16.688681026392796,15.76506733318344,16.320782613699578,14.499124406344917,14.642716183953652,14.213744857987137,13.877374148334086,13.634724068650922,13.551336914691573,1.0,1.0,1.0,1.0,1.0,1.0,1.0,1.0,1.0,1.0
240.75,4.0,18.23220829922292,19.614480834648496,21.061980366989417,19.995638771571517,20.20292164960646,19.050444501461662,19.359161653818738,18.385481209580078,18.407564062151103,16.770675669519164,1.0,1.0,1.0,1.0,1.0,1.0,1.0,1.0,1.0,1.0
241.0,1.0,15.953309858024111,15.834055756835925,14.228810703790206,14.172078934046148,15.188968848093555,15.506723114530688,16.12397856968419,17.582516144643904,17.400867615743604,17.867340698800422,1.0,1.0,1.0,1.0,1.0,1.0,1.0,1.0,1.0,1.0
241.25,2.0,16.332256871870463,16.74349120789694,17.0685983411477,16.921430510446402,14.428103935239356,13.580655027602514,11.983797975586652,12.79969961667732,11.870813506027273,11.471324191920536,1.0,1.0,1.0,1.0,1.0,1.0,1.0,1.0,1.0,1.0
241.5,3.0,0.0,0.0,0.0,0.0,0.0,0.0,0.0,0.0,0.0,0.0,0.0,0.0,0.0,0.0,0.0,0.0,0.0,0.0,0.0,0.0
241.75,4.0,17.716380910932976,19.920587516325206,20.440869948354962,20.045288357786305,19.562705603315,18.765275467336544,19.840070687369952,18.905518068216715,18.686291694315074,17.462345328007927,1.0,1.0,1.0,1.0,1.0,1.0,1.0,1.0,1.0,1.0
242.0,1.0,15.410701915050328,16.46530094710294,14.747029202235929,14.185685053906262,14.107775221548582,14.538237768275886,15.764119988494473,17.30245611601485,17.425364853961586,18.469865313973322,1.0,1.0,1.0,1.0,1.0,1.0,1.0,1.0,1.0,1.0
242.25,2.0,0.0,0.0,0.0,0.0,0.0,0.0,0.0,0.0,0.0,0.0,0.0,0.0,0.0,0.0,0.0,0.0,0.0,0.0,0.0,0.0
242.5,3.0,15.311188003730527,15.26009325569899,14.830376594266925,15.642658749534457,14.462332666572564,13.86110261861565,12.391553827427142,12.622911548781985,12.216031514135349,12.756455444738261,1.0,1.0,1.0,1.0,1.0,1.0,1.0,1.0,1.0,1.0
242.75,4.0,18.190801358736266,20.036652120206504,20.47903993081278,19.17968065165981,17.64655385805621,17.655593489320832,18.395720302813366,17.585029359515815,18.05290536474848,17.501653926481723,1.0,1.0,1.0,1.0,1.0,1.0,1.0,1.0,1.0,1.0
243.0,1.0,0.0,0.0,0.0,0.0,0.0,0.0,0.0,0.0,0.0,0.0,0.0,0.0,0.0,0.0,0.0,0.0,0.0,0.0,0.0,0.0
243.25,2.0,15.906626887498204,15.70926361382664,15.214344069180532,15.42805221619375,14.485344575425227,14.999534821836866,13.710043677230084,13.20223223681421,12.270458433793184,11.878032506001071,1.0,1.0,1.0,1.0,1.0,1.0,1.0,1.0,1.0,1.0
243.5,3.0,15.159076388243713,15.395261176618616,14.987270892037747,15.399514623321139,14.188094558446446,13.786459769586333,12.945419002044902,13.48596001600141,12.14576403694785,13.05852575062897,1.0,1.0,1.0,1.0,1.0,1.0,1.0,1.0,1.0,1.0
243.75,4.0,0.0,0.0,0.0,0.0,0.0,0.0,0.0,0.0,0.0,0.0,0.0,0.0,0.0,0.0,0.0,0.0,0.0,0.0,0.0,0.0
244.0,1.0,16.425579026417466,17.613195534596294,15.603673175893789,14.84870419389202,14.175891454425951,15.816265340597315,17.084383681876037,17.98229253919484,18.210121315020626,18.892233937758462,1.0,1.0,1.0,1.0,1.0,1.0,1.0,1.0,1.0,1.0
244.25,2.0,15.206847830242797,14.177090432602393,15.708371079785586,16.802731919466037,15.141629095835214,15.710399677766892,13.868355038345502,14.00193856976512,13.254742175094536,11.724773088400898,1.0,1.0,1.0,1.0,1.0,1.0,1.0,1.0,1.0,1.0
244.5,3.0,0.0,0.0,0.0,0.0,0.0,0.0,0.0,0.0,0.0,0.0,0.0,0.0,0.0,0.0,0.0,0.0,0.0,0.0,0.0,0.0
244.75,4.0,19.28164325660883,20.314382811661158,20.13320472936625,19.566080076558546,18.14371353108711,17.74214899327601,17.61051374817673,18.016848666296937,19.2130613954126,19.18811529780177,1.0,1.0,1.0,1.0,1.0,1.0,1.0,1.0,1.0,1.0
245.0,1.0,16.237306765826435,18.04537738334925,17.00517577588683,15.838894107037037,16.123605732757277,17.84931359229104,19.599658382544245,18.482058599898348,18.57641911046742,19.17612827767446,1.0,1.0,1.0,1.0,1.0,1.0,1.0,1.0,1.0,1.0
245.25,2.0,0.0,0.0,0.0,0.0,0.0,0.0,0.0,0.0,0.0,0.0,0.0,0.0,0.0,0.0,0.0,0.0,0.0,0.0,0.0,0.0
245.5,3.0,15.891850147902066,15.154139445866376,14.11944062679421,14.121677679294956,12.552832654989855,13.318024890903638,12.154383963482257,12.73875978692187,12.382507112753538,12.830181251165593,1.0,1.0,1.0,1.0,1.0,1.0,1.0,1.0,1.0,1.0
245.75,4.0,20.410956100204725,19.482942277470915,19.6677133277893,19.77570508578886,17.62396100764004,16.718752410284104,17.912424445690576,18.81675677269912,19.6754965278525,19.518582411327245,1.0,1.0,1.0,1.0,1.0,1.0,1.0,1.0,1.0,1.0
246.0,1.0,17.827713369736234,19.236875603617076,17.607492428979526,17.240259992161178,18.614561692490756,19.056136182260573,19.33665362776791,18.76634117895866,18.022854396801765,18.856338103941578,1.0,1.0,1.0,1.0,1.0,1.0,1.0,1.0,1.0,1.0
246.25,2.0,14.501399014134357,15.365469244781943,15.395706155003658,15.44359685168685,15.671572119472895,15.195021430723832,13.474586619541865,12.547892958281711,11.621060569984648,10.110934265516587,1.0,1.0,1.0,1.0,1.0,1.0,1.0,1.0,1.0,1.0
246.5,3.0,0.0,0.0,0.0,0.0,0.0,0.0,0.0,0.0,0.0,0.0,0.0,0.0,0.0,0.0,0.0,0.0,0.0,0.0,0.0,0.0
246.75,4.0,19.350089774725543,18.44555935119754,18.260335089125523,18.246253419805537,16.50384325680751,16.792391489638526,18.059757400615833,18.443992021040422,20.519007645084802,19.34245850141377,1.0,1.0,1.0,1.0,1.0,1.0,1.0,1.0,1.0,1.0
247.0,1.0,17.71355897283847,18.881987488543658,17.68523908959627,18.728880205133585,18.99564170319002,18.311001226100263,19.15083499089504,18.412467786698166,17.971868875687214,19.12480947486034,1.0,1.0,1.0,1.0,1.0,1.0,1.0,1.0,1.0,1.0
247.25,2.0,15.135572869705834,16.43113152846185,16.364876021117748,15.692343119263423,14.53887168540418,13.529266695774973,12.641116226057699,11.998781612613158,10.864126379418739,10.02417959846433,1.0,1.0,1.0,1.0,1.0,1.0,1.0,1.0,1.0,1.0
247.5,3.0,14.755148354599944,15.005725858476689,13.732517166099468,14.753866439373756,14.088396513968059,11.96882139034448,10.599773308251498,11.333441266317893,10.68304154173332,11.423237871358877,1.0,1.0,1.0,1.0,1.0,1.0,1.0,1.0,1.0,1.0
247.75,4.0,18.673155738842887,17.61777023649468,17.897883043771788,18.46867334895086,16.747086251810728,18.049313104832905,18.463049346777865,19.065584841456825,19.272608760864287,19.45362064140325,1.0,1.0,1.0,1.0,1.0,1.0,1.0,1.0,1.0,1.0
248.0,1.0,0.0,0.0,0.0,0.0,0.0,0.0,0.0,0.0,0.0,0.0,0.0,0.0,0.0,0.0,0.0,0.0,0.0,0.0,0.0,0.0
248.25,2.0,0.0,0.0,0.0,0.0,0.0,0.0,0.0,0.0,0.0,0.0,0.0,0.0,0.0,0.0,0.0,0.0,0.0,0.0,0.0,0.0
248.5,3.0,14.913345558462977,14.81178641500443,13.673286272604443,15.369767663388531,12.920369931797712,12.075912121265203,11.10977554329628,10.551082754130585,10.88296409618745,11.039930587299382,1.0,1.0,1.0,1.0,1.0,1.0,1.0,1.0,1.0,1.0
248.75,4.0,17.168966272039345,17.830483593561404,18.714546199746998,19.37113699694597,18.989973832876185,19.152022114158928,19.460628822360846,18.78408429852495,18.92057924850333,18.164530843717365,1.0,1.0,1.0,1.0,1.0,1.0,1.0,1.0,1.0,1.0
249.0,1.0,16.12821369502263,17.600364945058473,18.397253953938428,19.696655335877214,18.84104238090808,18.66461750263766,18.656827711023414,18.757322538616283,17.993372032293674,19.083722074013004,1.0,1.0,1.0,1.0,1.0,1.0,1.0,1.0,1.0,1.0
249.25,2.0,15.68043115573841,15.811108966594695,14.87402906221891,14.77727062852094,12.535217491090012,11.961095028670423,11.19729182718022,11.574739001799395,11.133860028513944,11.35088142666897,1.0,1.0,1.0,1.0,1.0,1.0,1.0,1.0,1.0,1.0
249.5,3.0,0.0,0.0,0.0,0.0,0.0,0.0,0.0,0.0,0.0,0.0,0.0,0.0,0.0,0.0,0.0,0.0,0.0,0.0,0.0,0.0
249.75,4.0,17.07024228574151,18.427447971650636,18.30044963037683,18.773183487561454,19.16098638486158,19.272733501715447,19.247081663215624,18.35646625831086,17.952281852176228,17.131500701177035,1.0,1.0,1.0,1.0,1.0,1.0,1.0,1.0,1.0,1.0
250.0,1.0,16.0845065534803,19.039109767162003,19.208017077771377,20.465345475168114,19.79561975142832,18.695378072948603,19.138100980353695,18.30906853181469,18.716286133618716,19.048994052797873,1.0,1.0,1.0,1.0,1.0,1.0,1.0,1.0,1.0,1.0
250.25,2.0,0.0,0.0,0.0,0.0,0.0,0.0,0.0,0.0,0.0,0.0,0.0,0.0,0.0,0.0,0.0,0.0,0.0,0.0,0.0,0.0
250.5,3.0,14.675655575729376,14.626816220691984,13.467598874853412,14.49798771729931,12.619289614400579,12.352465394851857,10.545028378006373,10.923818087976349,10.699404749961442,11.30299135445742,1.0,1.0,1.0,1.0,1.0,1.0,1.0,1.0,1.0,1.0
250.75,4.0,17.94070385552423,18.091783313371206,17.76921614496529,17.872388515439916,18.730370873485025,18.947481734538027,18.48601089727402,17.569997601385957,17.143998957754317,17.015598013131047,1.0,1.0,1.0,1.0,1.0,1.0,1.0,1.0,1.0,1.0
251.0,1.0,0.0,0.0,0.0,0.0,0.0,0.0,0.0,0.0,0.0,0.0,0.0,0.0,0.0,0.0,0.0,0.0,0.0,0.0,0.0,0.0
251.25,2.0,15.818316122623633,16.168295284576715,13.038594490943293,12.405516123952468,12.684395532412404,13.144553874588148,12.42479003933112,11.82974406058927,12.722062511819187,12.659032146302444,1.0,1.0,1.0,1.0,1.0,1.0,1.0,1.0,1.0,1.0
251.5,3.0,13.824428672767901,15.536628830813523,14.046202879055032,14.435184437108115,12.330104475926824,12.179218422160845,11.324855702730606,11.48052052939824,12.196312683130571,12.54497046527125,1.0,1.0,1.0,1.0,1.0,1.0,1.0,1.0,1.0,1.0
251.75,4.0,0.0,0.0,0.0,0.0,0.0,0.0,0.0,0.0,0.0,0.0,0.0,0.0,0.0,0.0,0.0,0.0,0.0,0.0,0.0,0.0
252.0,1.0,18.040578627482876,19.539681733608294,19.532931344008798,19.84312570017115,18.650068458207087,17.731609385146108,18.630068586042576,18.343651843980297,17.9329282804513,18.154628057695852,1.0,1.0,1.0,1.0,1.0,1.0,1.0,1.0,1.0,1.0
252.25,2.0,15.212388282008174,15.281549965036806,12.622446099035862,12.982633990618009,13.251646584325108,13.642462630593085,12.362028865183472,12.95559451146211,12.290689499583827,12.384479511058082,1.0,1.0,1.0,1.0,1.0,1.0,1.0,1.0,1.0,1.0
252.5,3.0,0.0,0.0,0.0,0.0,0.0,0.0,0.0,0.0,0.0,0.0,0.0,0.0,0.0,0.0,0.0,0.0,0.0,0.0,0.0,0.0
252.75,4.0,18.013889058124253,18.25284755282632,18.0287379816759,18.619294498927033,17.86519897081605,17.020310832431857,17.357129245349626,16.844633668555492,17.169811409926382,17.81939019890373,1.0,1.0,1.0,1.0,1.0,1.0,1.0,1.0,1.0,1.0
253.0,1.0,19.07998250237026,19.726338774091914,19.513786794046847,18.915029284437555,18.532736240986164,17.638294745355644,17.211903767799598,17.660562374009643,17.424946708374087,17.70214193343664,1.0,1.0,1.0,1.0,1.0,1.0,1.0,1.0,1.0,1.0
253.25,2.0,0.0,0.0,0.0,0.0,0.0,0.0,0.0,0.0,0.0,0.0,0.0,0.0,0.0,0.0,0.0,0.0,0.0,0.0,0.0,0.0
253.5,3.0,12.914880020372621,13.081044329414338,13.766844928844336,13.792658692941602,12.893551890203174,13.422415410038829,12.924673885962799,12.879649894094737,12.894004515756352,13.415901680777019,1.0,1.0,1.0,1.0,1.0,1.0,1.0,1.0,1.0,1.0
253.75,4.0,17.872901203425982,18.555922857478397,17.503183439093487,17.372611267153257,17.86276510157015,16.098013511390583,17.116843832742234,17.04654475924607,17.961874312248288,17.54914199482265,1.0,1.0,1.0,1.0,1.0,1.0,1.0,1.0,1.0,1.0
254.0,1.0,19.529989352438818,19.983643366863628,18.663578334025836,17.265660791467642,16.795482542833952,16.72911282337335,16.9268682202027,16.816866012527356,17.353887258170513,17.751134884350854,1.0,1.0,1.0,1.0,1.0,1.0,1.0,1.0,1.0,1.0
254.25,2.0,16.110379760443404,14.340883508051137,13.03104709594545,13.830906882879175,14.559026274389671,14.553543385025964,12.530040881396845,12.76442351095597,11.899611214505747,13.629776426062213,1.0,1.0,1.0,1.0,1.0,1.0,1.0,1.0,1.0,1.0
254.5,3.0,0.0,0.0,0.0,0.0,0.0,0.0,0.0,0.0,0.0,0.0,0.0,0.0,0.0,0.0,0.0,0.0,0.0,0.0,0.0,0.0
254.75,4.0,18.279014312145918,19.538241807598002,17.400805100793747,16.73666919785433,16.39068053538164,15.974749759085586,16.891591892366495,16.85406224284295,18.25792851496278,17.388023018373804,1.0,1.0,1.0,1.0,1.0,1.0,1.0,1.0,1.0,1.0
255.0,1.0,19.512675523129882,18.43957407152272,17.09892215048281,15.69722224359425,15.931927707346642,16.507661481809148,17.599720919235626,17.994807548889032,17.137936118638873,17.17122225073979,1.0,1.0,1.0,1.0,1.0,1.0,1.0,1.0,1.0,1.0
255.25,2.0,15.787267930741574,14.761563986780086,13.195678790434087,14.20163382263949,15.61174074664064,14.32166726912969,12.491608392754628,13.51691160859222,12.433838473823805,14.92447182621411,1.0,1.0,1.0,1.0,1.0,1.0,1.0,1.0,1.0,1.0
255.5,3.0,13.09556832030204,11.452622488915338,12.660312648301806,14.684018945795936,14.214846442967549,14.160050875324293,13.689315891586304,12.707302353109029,13.22067824931171,12.554977506836364,1.0,1.0,1.0,1.0,1.0,1.0,1.0,1.0,1.0,1.0
255.75,4.0,17.87961438646728,19.45563231141158,16.817073852171422,16.642427330766676,16.715708921189485,16.042630812966575,15.875231746006534,16.656876147870847,16.29251295034925,16.006238341122966,1.0,1.0,1.0,1.0,1.0,1.0,1.0,1.0,1.0,1.0
256.0,1.0,0.0,0.0,0.0,0.0,0.0,0.0,0.0,0.0,0.0,0.0,0.0,0.0,0.0,0.0,0.0,0.0,0.0,0.0,0.0,0.0
256.25,2.0,0.0,0.0,0.0,0.0,0.0,0.0,0.0,0.0,0.0,0.0,0.0,0.0,0.0,0.0,0.0,0.0,0.0,0.0,0.0,0.0
256.5,3.0,12.042884638024365,10.74998802104591,12.86679365586769,15.120986804097711,14.499815303244155,14.742941296824332,13.113032268312228,12.338652581640401,12.935258741031735,12.501253533796062,1.0,1.0,1.0,1.0,1.0,1.0,1.0,1.0,1.0,1.0
256.75,4.0,0.0,0.0,0.0,0.0,0.0,0.0,0.0,0.0,0.0,0.0,0.0,0.0,0.0,0.0,0.0,0.0,0.0,0.0,0.0,0.0
257.0,1.0,16.154871317711894,15.727928463321952,16.235979073791718,17.69811615148261,17.119883436830893,16.495505241317186,16.81302273746338,16.725584933978134,16.778775799688177,17.22031674176777,1.0,1.0,1.0,1.0,1.0,1.0,1.0,1.0,1.0,1.0
257.25,2.0,16.663846639005975,14.832471675092856,13.448599102555555,13.0208837759027,11.137693343173249,12.281487065206402,13.000492887749251,14.44957825916592,15.208702057432058,14.907150640312766,1.0,1.0,1.0,1.0,1.0,1.0,1.0,1.0,1.0,1.0
257.5,3.0,0.0,0.0,0.0,0.0,0.0,0.0,0.0,0.0,0.0,0.0,0.0,0.0,0.0,0.0,0.0,0.0,0.0,0.0,0.0,0.0
257.75,4.0,18.909654361247583,18.8921356683542,18.152050036029852,17.84372120537086,16.35988585457909,16.633341018547373,16.45391062354494,17.11050917838292,17.2631987252228,17.300136684595888,1.0,1.0,1.0,1.0,1.0,1.0,1.0,1.0,1.0,1.0
258.0,1.0,15.208816956830807,16.409596005884207,17.028309697459523,16.393799761558597,16.71929287518518,16.984045739419628,17.623388717478868,17.839074337640678,17.82126925499271,17.70889552340317,1.0,1.0,1.0,1.0,1.0,1.0,1.0,1.0,1.0,1.0
258.25,2.0,0.0,0.0,0.0,0.0,0.0,0.0,0.0,0.0,0.0,0.0,0.0,0.0,0.0,0.0,0.0,0.0,0.0,0.0,0.0,0.0
258.5,3.0,13.394527435109339,14.105756616804209,14.518577968705616,13.37114876575235,13.381622319433264,13.093375054868122,12.617203221322601,12.277294514085698,13.041087237423904,12.630213077493888,1.0,1.0,1.0,1.0,1.0,1.0,1.0,1.0,1.0,1.0
258.75,4.0,19.053253115039514,17.63136667871009,16.964873662251733,16.603854547786746,16.46556931444051,16.207064042890092,16.58757720570226,16.991262233976915,18.3522824095389,18.286628210901902,1.0,1.0,1.0,1.0,1.0,1.0,1.0,1.0,1.0,1.0
259.0,1.0,0.0,0.0,0.0,0.0,0.0,0.0,0.0,0.0,0.0,0.0,0.0,0.0,0.0,0.0,0.0,0.0,0.0,0.0,0.0,0.0
259.25,2.0,15.023817898711828,14.509757984340414,13.152503012420635,12.578445763885654,13.678157109049378,14.041554556114733,13.414980463064913,14.194491131815928,14.505428168633927,15.277615247562006,1.0,1.0,1.0,1.0,1.0,1.0,1.0,1.0,1.0,1.0
259.5,3.0,0.0,0.0,0.0,0.0,0.0,0.0,0.0,0.0,0.0,0.0,0.0,0.0,0.0,0.0,0.0,0.0,0.0,0.0,0.0,0.0
259.75,4.0,0.0,0.0,0.0,0.0,0.0,0.0,0.0,0.0,0.0,0.0,0.0,0.0,0.0,0.0,0.0,0.0,0.0,0.0,0.0,0.0
260.0,1.0,16.8388666073197,15.713245834612977,14.370576502675313,15.386912256095968,17.625614252301425,17.925513289022255,19.00995535275878,18.766829839460303,18.016000610374526,18.259387913548334,1.0,1.0,1.0,1.0,1.0,1.0,1.0,1.0,1.0,1.0
260.25,2.0,14.448082289710065,14.217598455230414,12.921241270174528,12.240530200215385,13.398257090139872,14.879123380303236,14.060976450086981,14.983588713130146,15.480732652556283,15.855936738517588,1.0,1.0,1.0,1.0,1.0,1.0,1.0,1.0,1.0,1.0
260.5,3.0,0.0,0.0,0.0,0.0,0.0,0.0,0.0,0.0,0.0,0.0,0.0,0.0,0.0,0.0,0.0,0.0,0.0,0.0,0.0,0.0
260.75,4.0,18.198133798418596,16.153506008164392,16.3721401878902,15.994951523675192,15.750985365675723,15.848352640210999,16.653456459141783,17.839825865705844,18.67194297515346,19.20738395474096,1.0,1.0,1.0,1.0,1.0,1.0,1.0,1.0,1.0,1.0
261.0,1.0,16.026869910779702,15.25819218935979,15.223574586348358,17.308991707829325,17.468531455421186,18.6392669155931,18.893596538400963,19.546451890287155,19.61974111596039,19.59828139018712,1.0,1.0,1.0,1.0,1.0,1.0,1.0,1.0,1.0,1.0
261.25,2.0,0.0,0.0,0.0,0.0,0.0,0.0,0.0,0.0,0.0,0.0,0.0,0.0,0.0,0.0,0.0,0.0,0.0,0.0,0.0,0.0
261.5,3.0,12.860694652067933,12.01214236025954,13.067429128291208,13.221402725800417,12.366481576189631,12.160047895256955,12.151143068664148,13.433640111923932,14.406013396450046,15.00689740086848,1.0,1.0,1.0,1.0,1.0,1.0,1.0,1.0,1.0,1.0
261.75,4.0,16.82515362482337,16.024721790710576,15.882855938489548,16.03110243010168,15.965841188524601,16.420494915221234,16.99020321885787,18.066866570990854,18.374662432790686,19.3327513038445,1.0,1.0,1.0,1.0,1.0,1.0,1.0,1.0,1.0,1.0
262.0,1.0,15.288461561183142,15.458839219947254,16.121830287974937,17.887036305763917,17.528402499017105,19.159000499031254,19.00350008885183,19.68790001895122,19.68573449456271,19.79219329177681,1.0,1.0,1.0,1.0,1.0,1.0,1.0,1.0,1.0,1.0
262.25,2.0,13.570575846527413,12.40260129179076,13.832179422138907,15.217552698268793,15.693419869150276,16.38004950293895,15.339887840575798,15.267331391868364,16.55399722086699,17.01715822010683,1.0,1.0,1.0,1.0,1.0,1.0,1.0,1.0,1.0,1.0
262.5,3.0,0.0,0.0,0.0,0.0,0.0,0.0,0.0,0.0,0.0,0.0,0.0,0.0,0.0,0.0,0.0,0.0,0.0,0.0,0.0,0.0
262.75,4.0,15.83371904926524,16.438415023077564,17.09063927440265,17.11529494010149,17.02896181746319,17.217669418292775,17.470776422426148,18.905413472755207,19.483691201142054,20.495080403634795,1.0,1.0,1.0,1.0,1.0,1.0,1.0,1.0,1.0,1.0
263.0,1.0,15.00128933291084,14.825113739084774,16.139641763638707,18.225044610685547,16.88634223815011,18.660521714923167,19.113792253834497,19.562484969404565,19.576993998801562,19.559535353900642,1.0,1.0,1.0,1.0,1.0,1.0,1.0,1.0,1.0,1.0
263.25,2.0,0.0,0.0,0.0,0.0,0.0,0.0,0.0,0.0,0.0,0.0,0.0,0.0,0.0,0.0,0.0,0.0,0.0,0.0,0.0,0.0
263.5,3.0,13.203254688666773,13.096227012994536,12.916481596331082,12.204364384993008,14.7168429432453,14.67231588682442,14.320713734084954,14.359563988153777,15.421342788855764,15.694016086190553,1.0,1.0,1.0,1.0,1.0,1.0,1.0,1.0,1.0,1.0
263.75,4.0,16.331243437325266,16.146781787389575,16.709243726491007,16.601599177568087,17.475159211350718,19.03579220716092,19.103359369377944,20.83798536617405,20.936892812506425,19.79777100302152,1.0,1.0,1.0,1.0,1.0,1.0,1.0,1.0,1.0,1.0
264.0,1.0,0.0,0.0,0.0,0.0,0.0,0.0,0.0,0.0,0.0,0.0,0.0,0.0,0.0,0.0,0.0,0.0,0.0,0.0,0.0,0.0
264.25,2.0,0.0,0.0,0.0,0.0,0.0,0.0,0.0,0.0,0.0,0.0,0.0,0.0,0.0,0.0,0.0,0.0,0.0,0.0,0.0,0.0
264.5,3.0,13.349071098523858,13.984717042689422,14.244161169135033,14.058209469616768,15.289891230007177,15.660456833561712,15.567475595136528,16.52593577219926,17.28033749871419,17.755521185561502,1.0,1.0,1.0,1.0,1.0,1.0,1.0,1.0,1.0,1.0
264.75,4.0,0.0,0.0,0.0,0.0,0.0,0.0,0.0,0.0,0.0,0.0,0.0,0.0,0.0,0.0,0.0,0.0,0.0,0.0,0.0,0.0
265.0,1.0,15.833211586958445,17.4456808860564,16.97872457010613,18.206245876152344,19.965779044845323,20.130155712269627,20.81449044477303,20.21436734524416,20.609720676863496,19.90343613222246,1.0,1.0,1.0,1.0,1.0,1.0,1.0,1.0,1.0,1.0
265.25,2.0,11.544957970731419,11.209327072190886,11.98745378116444,15.059877452766907,15.65847749276385,15.389381907964028,14.84757295656235,14.710437394182133,15.260848946478028,15.469985517798666,1.0,1.0,1.0,1.0,1.0,1.0,1.0,1.0,1.0,1.0
265.5,3.0,0.0,0.0,0.0,0.0,0.0,0.0,0.0,0.0,0.0,0.0,0.0,0.0,0.0,0.0,0.0,0.0,0.0,0.0,0.0,0.0
265.75,4.0,17.67700520843777,16.68279094629848,17.82341322203984,19.18527285549766,20.795071567368502,19.47665441515633,19.85989661701983,19.28285029170721,19.549041934844208,19.545278435408914,1.0,1.0,1.0,1.0,1.0,1.0,1.0,1.0,1.0,1.0
266.0,1.0,15.854301625717948,17.630806754174692,16.96596518004511,18.748061265222645,20.98958424639486,21.21036223315132,20.81207930429689,20.005321457051505,21.089091300656506,19.602770487330666,1.0,1.0,1.0,1.0,1.0,1.0,1.0,1.0,1.0,1.0
266.25,2.0,0.0,0.0,0.0,0.0,0.0,0.0,0.0,0.0,0.0,0.0,0.0,0.0,0.0,0.0,0.0,0.0,0.0,0.0,0.0,0.0
266.5,3.0,14.728798933759267,15.681726857406874,16.150353804701084,17.615758095348383,18.84697098711254,18.839451664051406,17.795183452401247,16.92193264587112,16.788001263193053,17.36890208555471,1.0,1.0,1.0,1.0,1.0,1.0,1.0,1.0,1.0,1.0
266.75,4.0,17.295889364950803,17.817275826437513,18.77532280432813,19.968483845740963,20.551432386977133,19.323219455248594,19.88677762801772,19.555418266358895,19.378767072262736,18.936067137277096,1.0,1.0,1.0,1.0,1.0,1.0,1.0,1.0,1.0,1.0
267.0,1.0,0.0,0.0,0.0,0.0,0.0,0.0,0.0,0.0,0.0,0.0,0.0,0.0,0.0,0.0,0.0,0.0,0.0,0.0,0.0,0.0
267.25,2.0,12.292510744883849,13.563571703506797,14.58532036631285,17.044534006933382,17.678124705394485,18.272857796413902,17.555197707862405,16.51462793908345,16.623775323499554,15.597169401464965,1.0,1.0,1.0,1.0,1.0,1.0,1.0,1.0,1.0,1.0
267.5,3.0,0.0,0.0,0.0,0.0,0.0,0.0,0.0,0.0,0.0,0.0,0.0,0.0,0.0,0.0,0.0,0.0,0.0,0.0,0.0,0.0
267.75,4.0,0.0,0.0,0.0,0.0,0.0,0.0,0.0,0.0,0.0,0.0,0.0,0.0,0.0,0.0,0.0,0.0,0.0,0.0,0.0,0.0
268.0,1.0,17.60105709326093,18.622744942488822,19.5190575474797,19.892016488226705,20.320637695518375,20.383807350297836,19.74145429340588,19.044855363394444,19.673219121403832,20.040886288276848,1.0,1.0,1.0,1.0,1.0,1.0,1.0,1.0,1.0,1.0
268.25,2.0,14.981561483744755,16.297673401681504,16.134130516693368,18.67344351023656,17.788780542848436,17.18005259070773,16.414920577657426,16.04837890083523,16.810232213311423,16.653017410260894,1.0,1.0,1.0,1.0,1.0,1.0,1.0,1.0,1.0,1.0
268.5,3.0,0.0,0.0,0.0,0.0,0.0,0.0,0.0,0.0,0.0,0.0,0.0,0.0,0.0,0.0,0.0,0.0,0.0,0.0,0.0,0.0
268.75,4.0,18.862455940867992,20.41267322452806,20.98111890339255,19.878774507111057,18.803801154587553,17.665152516905202,17.513615867215112,18.742289795717358,18.802627404031078,19.265868291170896,1.0,1.0,1.0,1.0,1.0,1.0,1.0,1.0,1.0,1.0
269.0,1.0,18.77644852806353,19.590219509935395,19.866536016405146,20.676076006495666,21.029239878526862,20.398646577920882,20.68701521763609,20.827223569929263,21.499783614640307,19.975527563095888,1.0,1.0,1.0,1.0,1.0,1.0,1.0,1.0,1.0,1.0
269.25,2.0,0.0,0.0,0.0,0.0,0.0,0.0,0.0,0.0,0.0,0.0,0.0,0.0,0.0,0.0,0.0,0.0,0.0,0.0,0.0,0.0
269.5,3.0,15.026463533158886,16.06105084652123,16.815609005126337,17.595634415786545,18.190374948154574,17.252097201527103,16.3677930302554,15.48521526506887,16.512190791913635,15.703702697874263,1.0,1.0,1.0,1.0,1.0,1.0,1.0,1.0,1.0,1.0
269.75,4.0,19.582885348534568,19.59310300067897,19.917140590088742,20.890396973794537,20.473866029084043,19.792910488825456,20.163610315953125,20.713863800685978,19.895578699179268,19.275358991120726,1.0,1.0,1.0,1.0,1.0,1.0,1.0,1.0,1.0,1.0
270.0,1.0,19.79987386282848,20.048051573081626,19.804868910772438,20.36908322876531,21.605309090405754,20.291223254743528,20.564983220153316,19.240005448591557,19.678122972696016,19.070599136347965,1.0,1.0,1.0,1.0,1.0,1.0,1.0,1.0,1.0,1.0
270.25,2.0,16.131304149775854,17.440823948085225,16.333771347846525,16.356769951798693,15.777707033970648,16.753211697708643,17.306857450472283,17.75461504067588,17.217753764869865,16.312306198843338,1.0,1.0,1.0,1.0,1.0,1.0,1.0,1.0,1.0,1.0
270.5,3.0,0.0,0.0,0.0,0.0,0.0,0.0,0.0,0.0,0.0,0.0,0.0,0.0,0.0,0.0,0.0,0.0,0.0,0.0,0.0,0.0
270.75,4.0,19.862173075479628,18.146704765365325,19.522463054977415,21.013618982039947,21.124947207035504,20.66136565286602,20.267978035475988,19.60310186223583,19.002030698893584,19.293785054843447,1.0,1.0,1.0,1.0,1.0,1.0,1.0,1.0,1.0,1.0
271.0,1.0,19.435212704001728,19.075867814703795,18.36702745975984,19.07489008756981,22.200834944963358,20.635985667515396,20.704386875137992,20.424415182980514,20.61157084330705,18.851975954033502,1.0,1.0,1.0,1.0,1.0,1.0,1.0,1.0,1.0,1.0
271.25,2.0,0.0,0.0,0.0,0.0,0.0,0.0,0.0,0.0,0.0,0.0,0.0,0.0,0.0,0.0,0.0,0.0,0.0,0.0,0.0,0.0
271.5,3.0,14.808008599291249,15.600347293516874,17.20207142584887,18.715856752098937,17.70372900185801,15.988235683089888,16.654710705556294,15.859433816385666,16.86220428933545,15.430418445445161,1.0,1.0,1.0,1.0,1.0,1.0,1.0,1.0,1.0,1.0
271.75,4.0,18.729351584080216,17.90444303064955,20.777088205750943,20.781513031699113,21.15502529760638,19.98581762346603,19.187299582280787,18.607128345434184,18.475423827857682,18.658546437917213,1.0,1.0,1.0,1.0,1.0,1.0,1.0,1.0,1.0,1.0
272.0,1.0,0.0,0.0,0.0,0.0,0.0,0.0,0.0,0.0,0.0,0.0,0.0,0.0,0.0,0.0,0.0,0.0,0.0,0.0,0.0,0.0
272.25,2.0,0.0,0.0,0.0,0.0,0.0,0.0,0.0,0.0,0.0,0.0,0.0,0.0,0.0,0.0,0.0,0.0,0.0,0.0,0.0,0.0
272.5,3.0,16.98804241315859,16.077501072461484,16.807039461449193,17.949553478099265,16.34519225964097,15.73714873173293,16.631219435921096,16.15947409680722,17.18866122205268,16.03593061800428,1.0,1.0,1.0,1.0,1.0,1.0,1.0,1.0,1.0,1.0
272.75,4.0,0.0,0.0,0.0,0.0,0.0,0.0,0.0,0.0,0.0,0.0,0.0,0.0,0.0,0.0,0.0,0.0,0.0,0.0,0.0,0.0
273.0,1.0,18.540512143945598,19.478806243743392,18.584003401377963,19.563955514749054,22.003170653162393,20.963348334331286,20.332509918330533,19.375395699711714,18.11537704458421,16.53681676893715,1.0,1.0,1.0,1.0,1.0,1.0,1.0,1.0,1.0,1.0
273.25,2.0,19.003823309442023,16.125477525558615,15.648416897321368,17.415548014993927,15.980811546946518,16.931191885116128,16.6462111957432,17.359663250164775,15.81299757797993,15.13231281157677,1.0,1.0,1.0,1.0,1.0,1.0,1.0,1.0,1.0,1.0
273.5,3.0,0.0,0.0,0.0,0.0,0.0,0.0,0.0,0.0,0.0,0.0,0.0,0.0,0.0,0.0,0.0,0.0,0.0,0.0,0.0,0.0
273.75,4.0,18.08556043672847,19.438547391262976,20.832360953259595,20.174692346892673,19.06932016481245,18.253667497642457,18.214239105981964,18.576995647243468,18.557973729000395,19.346805836092923,1.0,1.0,1.0,1.0,1.0,1.0,1.0,1.0,1.0,1.0
274.0,1.0,18.923520686904034,20.380632047377883,19.43608313631103,18.695377245784975,22.039192901753992,20.230193746019044,20.136588469642163,18.649222529090792,17.440120791673053,16.244678714244248,1.0,1.0,1.0,1.0,1.0,1.0,1.0,1.0,1.0,1.0
274.25,2.0,0.0,0.0,0.0,0.0,0.0,0.0,0.0,0.0,0.0,0.0,0.0,0.0,0.0,0.0,0.0,0.0,0.0,0.0,0.0,0.0
274.5,3.0,18.505369592298024,17.538507430827764,17.49154294137138,18.809120434047536,18.021110328035206,16.974714059384894,16.653063274560974,15.963363491963161,16.04110320830698,15.588978777004588,1.0,1.0,1.0,1.0,1.0,1.0,1.0,1.0,1.0,1.0
274.75,4.0,19.05861699910175,19.65915603346098,20.273543136542216,18.440665808200727,18.418651149940498,17.846803029883556,18.361111434135886,19.05740611086327,19.09956251383088,19.758025723164188,1.0,1.0,1.0,1.0,1.0,1.0,1.0,1.0,1.0,1.0
275.0,1.0,0.0,0.0,0.0,0.0,0.0,0.0,0.0,0.0,0.0,0.0,0.0,0.0,0.0,0.0,0.0,0.0,0.0,0.0,0.0,0.0
275.25,2.0,18.532744442457002,17.498055062208874,16.30591417664933,17.036457104457117,16.748795734452894,17.262417046968892,17.11531598036017,17.078334694131065,15.153815143682555,14.350090042161954,1.0,1.0,1.0,1.0,1.0,1.0,1.0,1.0,1.0,1.0
275.5,3.0,0.0,0.0,0.0,0.0,0.0,0.0,0.0,0.0,0.0,0.0,0.0,0.0,0.0,0.0,0.0,0.0,0.0,0.0,0.0,0.0
275.75,4.0,0.0,0.0,0.0,0.0,0.0,0.0,0.0,0.0,0.0,0.0,0.0,0.0,0.0,0.0,0.0,0.0,0.0,0.0,0.0,0.0
276.0,1.0,18.452884962483733,18.320655071114032,19.43486408957904,18.436284332607862,19.46619737991466,18.46836896045024,18.153973797798816,16.029036306680187,15.245770181164135,13.52583828505594,1.0,1.0,1.0,1.0,1.0,1.0,1.0,1.0,1.0,1.0
276.25,2.0,18.061006065369803,17.269610938452885,17.720636928428146,18.87593603156601,17.720327017080763,17.224489995243324,17.43542825280324,17.111576370537836,15.847359051605352,15.126687871864835,1.0,1.0,1.0,1.0,1.0,1.0,1.0,1.0,1.0,1.0
276.5,3.0,18.065017779558545,17.390617401884242,19.081027523421135,19.576949777395175,17.437061342772342,17.292084551835796,17.715663952745874,17.133458435951763,17.248960719798674,16.427442360050854,1.0,1.0,1.0,1.0,1.0,1.0,1.0,1.0,1.0,1.0
276.75,4.0,21.0593876687241,19.54627032480311,17.764459926573135,16.180318990157872,17.4345556301928,17.149831068693768,19.155148220888986,20.886441328789147,21.77322935187924,23.242646420871985,1.0,1.0,1.0,1.0,1.0,1.0,1.0,1.0,1.0,1.0
277.0,1.0,17.71487138460453,18.172682282544148,19.51294269552373,19.230097976386613,19.28783415532586,17.901164700385934,17.071554089842603,15.022806361303592,14.392048767048776,13.111220865642338,1.0,1.0,1.0,1.0,1.0,1.0,1.0,1.0,1.0,1.0
277.25,2.0,0.0,0.0,0.0,0.0,0.0,0.0,0.0,0.0,0.0,0.0,0.0,0.0,0.0,0.0,0.0,0.0,0.0,0.0,0.0,0.0
277.5,3.0,18.15724322529158,17.447226949210656,16.710165737952345,17.506917137934977,16.122873649663564,15.944173316088783,16.66543906610497,17.070069577325718,16.863663019505154,16.066434477876694,1.0,1.0,1.0,1.0,1.0,1.0,1.0,1.0,1.0,1.0
277.75,4.0,19.635088911369216,17.497385430773726,16.52709678685791,17.19317944108127,18.510227534893787,19.366435984076702,20.962258248987748,22.56221334131013,21.542781245651557,21.352631770018743,1.0,1.0,1.0,1.0,1.0,1.0,1.0,1.0,1.0,1.0
278.0,1.0,18.585310996842395,17.744029176754545,19.08564136944982,18.168705388253027,16.82724889208459,15.188569166191607,14.601215615777264,13.833669430319699,13.6322044275357,13.663773340751744,1.0,1.0,1.0,1.0,1.0,1.0,1.0,1.0,1.0,1.0
278.25,2.0,17.78720226707055,18.112512350004735,17.876488768759955,17.817696401725687,17.85757269103611,17.742206729597875,17.378872590662144,16.07012988771409,15.224779563105262,14.62347790021278,1.0,1.0,1.0,1.0,1.0,1.0,1.0,1.0,1.0,1.0
278.5,3.0,0.0,0.0,0.0,0.0,0.0,0.0,0.0,0.0,0.0,0.0,0.0,0.0,0.0,0.0,0.0,0.0,0.0,0.0,0.0,0.0
278.75,4.0,19.150443088732846,16.775810660837088,18.04775996083685,18.380722878508216,19.422820595682754,19.482776036791826,19.93347456536293,21.324452139122663,21.502221644678354,21.807557308294435,1.0,1.0,1.0,1.0,1.0,1.0,1.0,1.0,1.0,1.0
279.0,1.0,18.592114154857942,17.99492056597842,18.1463424123381,15.828987453046302,14.751649644490795,13.507629540533152,13.60801010678379,13.118168277948445,14.249283710687,15.024281759940951,1.0,1.0,1.0,1.0,1.0,1.0,1.0,1.0,1.0,1.0
279.25,2.0,0.0,0.0,0.0,0.0,0.0,0.0,0.0,0.0,0.0,0.0,0.0,0.0,0.0,0.0,0.0,0.0,0.0,0.0,0.0,0.0
279.5,3.0,17.135581108181295,16.365360390857145,16.272759427576556,16.58766248306717,16.85230135847649,16.58953955847856,16.611024885957335,17.155273286658787,17.130340492453744,15.469480033675337,1.0,1.0,1.0,1.0,1.0,1.0,1.0,1.0,1.0,1.0
279.75,4.0,18.79459155670919,17.84315748584738,17.937679044645964,17.395517429966755,19.270228863346517,19.8744453163225,20.350831601244664,21.160431048716568,20.994986499150222,20.825896024923185,1.0,1.0,1.0,1.0,1.0,1.0,1.0,1.0,1.0,1.0
280.0,1.0,0.0,0.0,0.0,0.0,0.0,0.0,0.0,0.0,0.0,0.0,0.0,0.0,0.0,0.0,0.0,0.0,0.0,0.0,0.0,0.0
280.25,2.0,17.998667091268775,18.43374109083338,19.531690349784473,18.58319395003965,18.163481829833874,17.349235267705797,16.555497217425053,16.664085644259437,16.270014273182507,15.709057815507133,1.0,1.0,1.0,1.0,1.0,1.0,1.0,1.0,1.0,1.0
280.5,3.0,16.5834039847613,16.442090674340225,16.00104950850127,16.26141496814136,17.30329573462501,16.728943652382952,17.190599078108637,17.523277445162222,17.106803739878337,16.59588171241881,1.0,1.0,1.0,1.0,1.0,1.0,1.0,1.0,1.0,1.0
280.75,4.0,0.0,0.0,0.0,0.0,0.0,0.0,0.0,0.0,0.0,0.0,0.0,0.0,0.0,0.0,0.0,0.0,0.0,0.0,0.0,0.0
281.0,1.0,15.870175337716203,16.176284916056343,15.575345158453164,15.884211625428309,15.674433980725583,16.097181435320834,17.078428894667407,17.084737514989822,18.534805745031726,18.16959895329561,1.0,1.0,1.0,1.0,1.0,1.0,1.0,1.0,1.0,1.0
281.25,2.0,17.745913911733012,19.62411077856844,19.389523236530817,18.240540329472015,17.591885864630186,16.6377354452354,16.084550197456068,16.461653494339267,16.7355019888369,16.79555871390314,1.0,1.0,1.0,1.0,1.0,1.0,1.0,1.0,1.0,1.0
281.5,3.0,0.0,0.0,0.0,0.0,0.0,0.0,0.0,0.0,0.0,0.0,0.0,0.0,0.0,0.0,0.0,0.0,0.0,0.0,0.0,0.0
281.75,4.0,17.56563165147682,16.580344542920265,15.865099801066124,17.0747226936397,17.74836443780736,18.62967869742524,18.987254513079254,20.070844837898914,18.944898295881767,19.98677637886396,1.0,1.0,1.0,1.0,1.0,1.0,1.0,1.0,1.0,1.0
282.0,1.0,16.834337530708158,16.040908234990194,15.880693418161352,17.485375008098504,18.589908010487246,18.45003323821124,18.59866462637114,18.690979129997075,17.502261949703794,18.30455175883211,1.0,1.0,1.0,1.0,1.0,1.0,1.0,1.0,1.0,1.0
282.25,2.0,0.0,0.0,0.0,0.0,0.0,0.0,0.0,0.0,0.0,0.0,0.0,0.0,0.0,0.0,0.0,0.0,0.0,0.0,0.0,0.0
282.5,3.0,17.88984366690031,16.422561389032065,15.82790362909639,16.71468817791422,17.382769232322712,17.396798400790562,17.677008809995556,17.52503283338483,17.556404840486838,16.973942947757017,1.0,1.0,1.0,1.0,1.0,1.0,1.0,1.0,1.0,1.0
282.75,4.0,17.184178563140794,14.672956516005874,15.39657754604248,16.851019300675173,18.374220375254723,19.1035834397013,20.147808862557795,21.06134319467032,19.69448112306243,20.2245067429208,1.0,1.0,1.0,1.0,1.0,1.0,1.0,1.0,1.0,1.0
283.0,1.0,17.29421558286,15.862751132943202,17.057653147500076,18.14431964389477,18.001829202034482,17.710330393140428,17.59967184504999,18.140066722828355,16.503796881149,17.656732946042975,1.0,1.0,1.0,1.0,1.0,1.0,1.0,1.0,1.0,1.0
283.25,2.0,17.946843260830487,17.8910076084283,17.20826194589131,16.137262537856817,16.279102176176238,16.38634124683554,16.562603553274386,18.049798911623366,17.523079054213014,18.11744894343226,1.0,1.0,1.0,1.0,1.0,1.0,1.0,1.0,1.0,1.0
283.5,3.0,0.0,0.0,0.0,0.0,0.0,0.0,0.0,0.0,0.0,0.0,0.0,0.0,0.0,0.0,0.0,0.0,0.0,0.0,0.0,0.0
283.75,4.0,0.0,0.0,0.0,0.0,0.0,0.0,0.0,0.0,0.0,0.0,0.0,0.0,0.0,0.0,0.0,0.0,0.0,0.0,0.0,0.0
284.0,1.0,17.34782804212566,16.579438271890904,17.576006440587594,17.710538918840463,17.548737157917184,16.985749359172708,17.769925300418066,18.1654591068011,17.4370864656243,17.64730278139196,1.0,1.0,1.0,1.0,1.0,1.0,1.0,1.0,1.0,1.0
284.25,2.0,17.897523694574662,16.30185640956141,16.2271316799308,15.780633369120443,17.940440317935238,18.138889935273266,17.452250933280045,18.150758697272536,17.212749623196686,17.619277246504904,1.0,1.0,1.0,1.0,1.0,1.0,1.0,1.0,1.0,1.0
284.5,3.0,17.01009427938802,14.99847607661519,16.89175837028844,18.86491186207637,17.870948446836387,17.326460900612595,17.033998807894303,16.12966112171043,15.358079670803539,14.885929917037508,1.0,1.0,1.0,1.0,1.0,1.0,1.0,1.0,1.0,1.0
284.75,4.0,16.459720113907103,15.37631033550869,17.185865392591865,20.124739288354544,19.658229444467366,19.293053879960915,19.301012180727025,19.042336282945396,16.995495627854247,18.59790930260617,1.0,1.0,1.0,1.0,1.0,1.0,1.0,1.0,1.0,1.0
285.0,1.0,17.06593208892833,17.539818655349762,18.42597001239094,18.237274198299005,18.25582323655718,17.818563764484683,18.670605926159705,18.902860041245248,17.98320386507858,18.05430069255475,1.0,1.0,1.0,1.0,1.0,1.0,1.0,1.0,1.0,1.0
285.25,2.0,0.0,0.0,0.0,0.0,0.0,0.0,0.0,0.0,0.0,0.0,0.0,0.0,0.0,0.0,0.0,0.0,0.0,0.0,0.0,0.0
285.5,3.0,16.01327582447161,15.794580246688351,18.171125274935353,19.326747893246512,18.180351352195142,17.42038511295861,16.707122114235606,15.527292746668994,16.326498280463728,16.47876779243013,1.0,1.0,1.0,1.0,1.0,1.0,1.0,1.0,1.0,1.0
285.75,4.0,15.762927907695897,15.601230355445168,18.372292937435414,19.773979436297466,19.297679837229456,18.487992157472878,18.71474490390608,18.430322103975506,17.91544493492341,19.38192543163466,1.0,1.0,1.0,1.0,1.0,1.0,1.0,1.0,1.0,1.0
286.0,1.0,17.512072129789544,18.5249508389165,19.594783220524377,19.14854189509455,18.85276706025771,18.177096560762536,19.260106334011528,18.333070630347027,17.93534630004226,17.82009828649143,1.0,1.0,1.0,1.0,1.0,1.0,1.0,1.0,1.0,1.0
286.25,2.0,16.292051427281166,15.624036245841692,16.946132131674972,16.227186072340015,16.550030906399247,17.02598226858668,17.48761256865214,18.519257307844867,18.14295683368013,17.792350510535933,1.0,1.0,1.0,1.0,1.0,1.0,1.0,1.0,1.0,1.0
286.5,3.0,0.0,0.0,0.0,0.0,0.0,0.0,0.0,0.0,0.0,0.0,0.0,0.0,0.0,0.0,0.0,0.0,0.0,0.0,0.0,0.0
286.75,4.0,15.97807240629147,16.187315310558986,17.872281849055266,18.211100351920972,17.373763165718234,16.872744498744296,18.061602639989683,19.371414297290347,18.86166338873736,19.932155711093223,1.0,1.0,1.0,1.0,1.0,1.0,1.0,1.0,1.0,1.0
287.0,1.0,18.717558026076695,20.014288258137636,20.318337359417278,19.75553757588066,20.38031821884102,19.436649538420383,19.509277202289695,18.686322931288572,18.306303159984527,18.20201512247008,1.0,1.0,1.0,1.0,1.0,1.0,1.0,1.0,1.0,1.0
287.25,2.0,0.0,0.0,0.0,0.0,0.0,0.0,0.0,0.0,0.0,0.0,0.0,0.0,0.0,0.0,0.0,0.0,0.0,0.0,0.0,0.0
287.5,3.0,16.41505339505766,17.091674526321857,19.845678613050453,18.803682724567942,18.2024569560728,17.108276761995455,16.63594950089655,17.601863947574767,18.177175030937587,17.421202674630823,1.0,1.0,1.0,1.0,1.0,1.0,1.0,1.0,1.0,1.0
287.75,4.0,17.53866779509043,15.821537693665716,17.280452214055106,17.026896594795886,17.680725330651182,18.573678550279627,18.762767645240103,19.901805437355463,18.711793567061676,19.486985288266492,1.0,1.0,1.0,1.0,1.0,1.0,1.0,1.0,1.0,1.0
288.0,1.0,0.0,0.0,0.0,0.0,0.0,0.0,0.0,0.0,0.0,0.0,0.0,0.0,0.0,0.0,0.0,0.0,0.0,0.0,0.0,0.0
288.25,2.0,15.60507659974874,16.018765759934194,15.13570846912108,14.319967787231281,15.351373985490644,16.42236323932534,16.83673469288951,18.1794526438406,17.44622841829783,15.900124130107708,1.0,1.0,1.0,1.0,1.0,1.0,1.0,1.0,1.0,1.0
288.5,3.0,17.347702755245642,18.669444287846094,19.256704032653424,18.023957549722763,15.982062104096235,16.3310573005755,16.871657548280663,16.743262155029875,18.229107989214747,17.41157221855163,1.0,1.0,1.0,1.0,1.0,1.0,1.0,1.0,1.0,1.0
288.75,4.0,0.0,0.0,0.0,0.0,0.0,0.0,0.0,0.0,0.0,0.0,0.0,0.0,0.0,0.0,0.0,0.0,0.0,0.0,0.0,0.0
289.0,1.0,21.500043300350786,20.499913276909155,20.09052271973108,20.86284090858887,20.445217538464206,19.92971462767013,19.54833271357418,19.38442681949429,17.99256962892641,18.27117954130677,1.0,1.0,1.0,1.0,1.0,1.0,1.0,1.0,1.0,1.0
289.25,2.0,14.949092429900025,16.052895658142827,15.472567537613413,14.07179246117635,14.421384895302326,16.076307620260895,16.720833335315337,17.68221866152679,16.049343780665513,15.565783749175939,1.0,1.0,1.0,1.0,1.0,1.0,1.0,1.0,1.0,1.0
289.5,3.0,0.0,0.0,0.0,0.0,0.0,0.0,0.0,0.0,0.0,0.0,0.0,0.0,0.0,0.0,0.0,0.0,0.0,0.0,0.0,0.0
289.75,4.0,16.509919021954822,13.474880734507622,15.537973119918606,16.15121802486597,17.790569253971643,18.83006068051161,18.811855157526352,19.86772475773415,18.977089547358165,19.385334158006913,1.0,1.0,1.0,1.0,1.0,1.0,1.0,1.0,1.0,1.0
290.0,1.0,20.33525622894125,19.655338775454872,20.49133468409968,20.599846107495512,20.278498729965367,19.465891037520684,19.674217233266514,19.51850428418599,19.45710113473815,19.469828263475474,1.0,1.0,1.0,1.0,1.0,1.0,1.0,1.0,1.0,1.0
290.25,2.0,0.0,0.0,0.0,0.0,0.0,0.0,0.0,0.0,0.0,0.0,0.0,0.0,0.0,0.0,0.0,0.0,0.0,0.0,0.0,0.0
290.5,3.0,18.010547593535797,17.8750929672298,17.986953659989716,16.718672482287857,16.6701802250235,18.53122142103741,18.373495700695116,17.410593278518988,18.45999433142478,17.586202419555143,1.0,1.0,1.0,1.0,1.0,1.0,1.0,1.0,1.0,1.0
290.75,4.0,16.169609017923303,14.475803110867757,15.197495437254526,16.20656878429306,17.998017325761026,19.10219578928592,18.68736159403949,19.495473466787605,18.221039908576227,18.364210506816686,1.0,1.0,1.0,1.0,1.0,1.0,1.0,1.0,1.0,1.0
291.0,1.0,19.85007985199208,19.184565586940657,19.781786028798408,20.15238511514065,20.56814795462001,20.04606504244587,19.89859670420646,20.08251475903369,19.56821705507109,19.879564760130698,1.0,1.0,1.0,1.0,1.0,1.0,1.0,1.0,1.0,1.0
291.25,2.0,16.606037792403608,16.533343684881636,16.0080395995574,14.597248329333043,17.997887134988794,18.536870281878887,19.50557747456972,18.215728458274075,17.76714656571866,16.370227571031258,1.0,1.0,1.0,1.0,1.0,1.0,1.0,1.0,1.0,1.0
291.5,3.0,0.0,0.0,0.0,0.0,0.0,0.0,0.0,0.0,0.0,0.0,0.0,0.0,0.0,0.0,0.0,0.0,0.0,0.0,0.0,0.0
291.75,4.0,17.26351852967299,15.113904877778834,16.22056369009704,16.730606474012006,17.22835526633205,18.90011047300748,19.422820003215538,19.984859806882554,18.674749442310855,19.33666691301524,1.0,1.0,1.0,1.0,1.0,1.0,1.0,1.0,1.0,1.0
292.0,1.0,18.31450753216082,17.556959343092057,18.441712013807734,19.441882342112336,20.177096053224297,20.244205229493797,20.31421637283125,20.919303626016173,21.437675939893417,20.93746621481671,1.0,1.0,1.0,1.0,1.0,1.0,1.0,1.0,1.0,1.0
292.25,2.0,16.021250413930172,16.436242871783914,15.84060654980144,15.257504305955623,17.883311161886216,18.835471159024834,18.61313316078016,17.960174999723076,17.86093064167681,16.70899089372039,1.0,1.0,1.0,1.0,1.0,1.0,1.0,1.0,1.0,1.0
292.5,3.0,17.004647698714493,16.751015704382688,16.62646646997398,16.117637038937612,15.86395708059471,17.08753836990123,16.52152873093072,16.714587515432765,16.4896430697221,15.244841212192599,1.0,1.0,1.0,1.0,1.0,1.0,1.0,1.0,1.0,1.0
292.75,4.0,16.317531940904583,15.044885562276194,16.427588444508693,18.4138224104799,18.307690305792768,19.317254609604515,19.502892268781483,19.618308713201248,18.849734848586635,19.645488052978454,1.0,1.0,1.0,1.0,1.0,1.0,1.0,1.0,1.0,1.0
293.0,1.0,0.0,0.0,0.0,0.0,0.0,0.0,0.0,0.0,0.0,0.0,0.0,0.0,0.0,0.0,0.0,0.0,0.0,0.0,0.0,0.0
293.25,2.0,0.0,0.0,0.0,0.0,0.0,0.0,0.0,0.0,0.0,0.0,0.0,0.0,0.0,0.0,0.0,0.0,0.0,0.0,0.0,0.0
293.5,3.0,18.706125747154417,18.077654813174057,16.14078909226579,15.427947053117467,15.544573029037451,15.96926809627258,16.350730998479733,17.004332539357733,16.442146718993733,16.380878509470136,1.0,1.0,1.0,1.0,1.0,1.0,1.0,1.0,1.0,1.0
293.75,4.0,0.0,0.0,0.0,0.0,0.0,0.0,0.0,0.0,0.0,0.0,0.0,0.0,0.0,0.0,0.0,0.0,0.0,0.0,0.0,0.0
294.0,1.0,17.296040679648307,17.44213682815466,17.805168187868354,19.438795377154417,20.30389035480561,21.114688258629883,21.57620069619386,20.922517548099098,21.142058049840813,20.244840661025705,1.0,1.0,1.0,1.0,1.0,1.0,1.0,1.0,1.0,1.0
294.25,2.0,15.124692740164436,15.075420757595644,16.858279556617603,17.645920451503862,18.386382215614404,17.860131087396315,17.827666346385087,17.068998860365223,17.021953085187477,16.631811798183925,1.0,1.0,1.0,1.0,1.0,1.0,1.0,1.0,1.0,1.0
294.5,3.0,0.0,0.0,0.0,0.0,0.0,0.0,0.0,0.0,0.0,0.0,0.0,0.0,0.0,0.0,0.0,0.0,0.0,0.0,0.0,0.0
294.75,4.0,14.662816828805054,16.506071855048674,18.342673749847382,19.331314652887905,18.72556413029892,18.685372904625595,18.653675159768696,20.136869205609116,20.826344017532648,21.185217624476206,1.0,1.0,1.0,1.0,1.0,1.0,1.0,1.0,1.0,1.0
295.0,1.0,17.174040785354325,18.63464626919074,19.410697944267188,20.581962616661208,21.481691095489786,20.900753399645346,20.734644585678613,19.657316603025254,20.40076316464516,20.498195439954518,1.0,1.0,1.0,1.0,1.0,1.0,1.0,1.0,1.0,1.0
295.25,2.0,0.0,0.0,0.0,0.0,0.0,0.0,0.0,0.0,0.0,0.0,0.0,0.0,0.0,0.0,0.0,0.0,0.0,0.0,0.0,0.0
295.5,3.0,17.5156333248068,16.369167378448875,17.134239421146642,16.788230719949517,16.504274122465404,17.215959238693227,18.182516889452952,19.123693680817226,19.44974881242888,18.91219200212741,1.0,1.0,1.0,1.0,1.0,1.0,1.0,1.0,1.0,1.0
295.75,4.0,17.061544109821728,17.443697754755213,18.284164092067765,18.812513858091048,19.33898866473573,19.12452826055091,19.852080876773655,21.613663864349945,21.74817389559992,21.243064376543238,1.0,1.0,1.0,1.0,1.0,1.0,1.0,1.0,1.0,1.0
296.0,1.0,0.0,0.0,0.0,0.0,0.0,0.0,0.0,0.0,0.0,0.0,0.0,0.0,0.0,0.0,0.0,0.0,0.0,0.0,0.0,0.0
296.25,2.0,15.936685061665038,16.75966430514675,17.73978916127587,17.821735933440674,17.63178035624855,17.163212255308228,15.436503906882603,16.532334971609508,16.117073971126057,17.16245162747863,1.0,1.0,1.0,1.0,1.0,1.0,1.0,1.0,1.0,1.0
296.5,3.0,0.0,0.0,0.0,0.0,0.0,0.0,0.0,0.0,0.0,0.0,0.0,0.0,0.0,0.0,0.0,0.0,0.0,0.0,0.0,0.0
296.75,4.0,0.0,0.0,0.0,0.0,0.0,0.0,0.0,0.0,0.0,0.0,0.0,0.0,0.0,0.0,0.0,0.0,0.0,0.0,0.0,0.0
297.0,1.0,18.76319204795176,20.76410100799139,20.621107995753736,20.65976654054839,19.766467641970756,19.06727419581927,19.12861760101057,19.264331964828354,19.397179192599975,20.54233165211111,1.0,1.0,1.0,1.0,1.0,1.0,1.0,1.0,1.0,1.0
297.25,2.0,15.944610962016224,17.235966972500986,18.419107576140565,17.433835419023914,16.16826844047258,15.820847197224888,15.205853677829698,16.936511773427476,17.04706426316079,17.93878810513653,1.0,1.0,1.0,1.0,1.0,1.0,1.0,1.0,1.0,1.0
297.5,3.0,0.0,0.0,0.0,0.0,0.0,0.0,0.0,0.0,0.0,0.0,0.0,0.0,0.0,0.0,0.0,0.0,0.0,0.0,0.0,0.0
297.75,4.0,17.32457397605728,18.109699447468106,18.038053070798373,19.240067304969713,20.283838671850223,22.234313909173782,21.7651521526623,21.663670475876188,21.758001076878863,21.585456206851692,1.0,1.0,1.0,1.0,1.0,1.0,1.0,1.0,1.0,1.0
298.0,1.0,19.60164204740221,20.376728345705363,20.129998196088334,19.661316111774692,20.37589632178285,19.8068985856868,19.872682943979196,20.8125086003082,21.146243669882665,22.361223119037632,1.0,1.0,1.0,1.0,1.0,1.0,1.0,1.0,1.0,1.0
298.25,2.0,0.0,0.0,0.0,0.0,0.0,0.0,0.0,0.0,0.0,0.0,0.0,0.0,0.0,0.0,0.0,0.0,0.0,0.0,0.0,0.0
298.5,3.0,16.644311266303458,17.275837809370092,17.275450260729173,18.014113116690595,20.248924251685718,19.61144482276146,20.129267137883122,19.368114883575547,19.069418117156065,18.00297156173132,1.0,1.0,1.0,1.0,1.0,1.0,1.0,1.0,1.0,1.0
298.75,4.0,18.3762861648708,18.0253512626838,18.67495385234424,20.24934081871597,21.151574409272083,22.0233866507221,20.21706297632323,20.382725972767624,20.05371966728562,20.541720268263308,1.0,1.0,1.0,1.0,1.0,1.0,1.0,1.0,1.0,1.0
299.0,1.0,19.717330068152574,21.364435680335326,20.78734321854661,19.505880855551688,19.602526847339185,19.477094523165594,19.566324931553524,20.042385898711373,20.547666795392658,20.528928745827145,1.0,1.0,1.0,1.0,1.0,1.0,1.0,1.0,1.0,1.0
299.25,2.0,17.534743823820122,16.82622539660526,16.74507249333257,16.358799015042326,16.45044017587126,17.15536638373052,16.706053307127554,16.826970546580718,16.39716766615048,17.1572417116027,1.0,1.0,1.0,1.0,1.0,1.0,1.0,1.0,1.0,1.0
299.5,3.0,0.0,0.0,0.0,0.0,0.0,0.0,0.0,0.0,0.0,0.0,0.0,0.0,0.0,0.0,0.0,0.0,0.0,0.0,0.0,0.0
299.75,4.0,18.312996422888503,18.526241174414732,19.24802623209059,21.730149411128792,21.069579094684112,20.955123732128296,19.827741882885036,20.36830849830579,20.506906614808162,21.369347795680806,1.0,1.0,1.0,1.0,1.0,1.0,1.0,1.0,1.0,1.0
300.0,1.0,20.817387809494328,22.585212154319745,20.864518213682846,19.96734939434659,18.52337626014651,18.04247325640888,18.87786074312467,19.379796859084284,19.174902863316696,19.194893739344597,1.0,1.0,1.0,1.0,1.0,1.0,1.0,1.0,1.0,1.0
300.25,2.0,16.89577805559761,15.974890715668051,16.714170200486755,17.025567499134066,15.632827502177038,15.412148474182562,15.981753304084766,16.620983062814545,16.22142859340038,16.32396672544828,1.0,1.0,1.0,1.0,1.0,1.0,1.0,1.0,1.0,1.0
300.5,3.0,15.913962014354706,17.431007617419734,17.74888531101725,19.762182453150604,18.998284146065544,18.543554795127502,19.26787544019566,19.047907932474086,18.884838095426772,18.291503519581994,1.0,1.0,1.0,1.0,1.0,1.0,1.0,1.0,1.0,1.0
300.75,4.0,16.17036982516863,17.480170198092072,19.825249518627835,21.0611582142055,18.79960012894517,19.06909392924744,19.02293328872861,21.341774901105424,21.306192332593326,22.39701568548186,1.0,1.0,1.0,1.0,1.0,1.0,1.0,1.0,1.0,1.0
301.0,1.0,0.0,0.0,0.0,0.0,0.0,0.0,0.0,0.0,0.0,0.0,0.0,0.0,0.0,0.0,0.0,0.0,0.0,0.0,0.0,0.0
301.25,2.0,0.0,0.0,0.0,0.0,0.0,0.0,0.0,0.0,0.0,0.0,0.0,0.0,0.0,0.0,0.0,0.0,0.0,0.0,0.0,0.0
301.5,3.0,15.490741741601317,16.808305675540492,16.486768921025305,18.850717998427367,20.022276274480614,19.12873736448618,19.48512764868051,19.26294628711303,18.816760858888646,18.48130521104113,1.0,1.0,1.0,1.0,1.0,1.0,1.0,1.0,1.0,1.0
301.75,4.0,0.0,0.0,0.0,0.0,0.0,0.0,0.0,0.0,0.0,0.0,0.0,0.0,0.0,0.0,0.0,0.0,0.0,0.0,0.0,0.0
302.0,1.0,19.584190673022626,19.888691519308022,19.595821607283074,19.266387357408597,19.057624576848426,18.22474716314476,18.203178208622795,18.403304289482232,17.629577964926067,17.59421261341607,1.0,1.0,1.0,1.0,1.0,1.0,1.0,1.0,1.0,1.0
302.25,2.0,16.72816985830796,17.016283224291804,17.014537727883326,17.67243746856314,16.627154100763285,17.7639299937536,18.11168088982698,18.053369518613128,17.552879744301173,17.020556630999618,1.0,1.0,1.0,1.0,1.0,1.0,1.0,1.0,1.0,1.0
302.5,3.0,0.0,0.0,0.0,0.0,0.0,0.0,0.0,0.0,0.0,0.0,0.0,0.0,0.0,0.0,0.0,0.0,0.0,0.0,0.0,0.0
302.75,4.0,15.07217786285719,16.610380700834583,18.506489310204,19.551229188191122,18.983806702917573,19.68996640075986,19.82899659808382,21.000231804896167,21.723032466280436,23.152387066951455,1.0,1.0,1.0,1.0,1.0,1.0,1.0,1.0,1.0,1.0
303.0,1.0,19.73844402757058,19.92245082175882,19.72369685065085,19.220868185053064,18.657338784976744,18.0751815629817,18.968307438129518,18.39807945059438,17.96749026432401,18.057412238986466,1.0,1.0,1.0,1.0,1.0,1.0,1.0,1.0,1.0,1.0
303.25,2.0,0.0,0.0,0.0,0.0,0.0,0.0,0.0,0.0,0.0,0.0,0.0,0.0,0.0,0.0,0.0,0.0,0.0,0.0,0.0,0.0
303.5,3.0,16.8975151327733,15.839232823197538,16.61790189912764,19.9442102440162,19.920173521655343,18.569750526235918,18.15642022071561,18.535860811783007,17.91352114296459,18.76293887530839,1.0,1.0,1.0,1.0,1.0,1.0,1.0,1.0,1.0,1.0
303.75,4.0,15.746604595297283,17.29880413583174,18.84732749463809,19.186928486582133,18.407979484912573,20.35399845067166,21.406086886747175,22.02403617058299,22.338545883387443,23.017237144262786,1.0,1.0,1.0,1.0,1.0,1.0,1.0,1.0,1.0,1.0
304.0,1.0,0.0,0.0,0.0,0.0,0.0,0.0,0.0,0.0,0.0,0.0,0.0,0.0,0.0,0.0,0.0,0.0,0.0,0.0,0.0,0.0
304.25,2.0,16.07943491230763,18.064453967362205,18.335519306744303,17.98046654844897,16.097582884772248,17.057474438344563,17.31641882607405,17.924715578813586,17.638794886682856,18.303902142965583,1.0,1.0,1.0,1.0,1.0,1.0,1.0,1.0,1.0,1.0
304.5,3.0,0.0,0.0,0.0,0.0,0.0,0.0,0.0,0.0,0.0,0.0,0.0,0.0,0.0,0.0,0.0,0.0,0.0,0.0,0.0,0.0
304.75,4.0,0.0,0.0,0.0,0.0,0.0,0.0,0.0,0.0,0.0,0.0,0.0,0.0,0.0,0.0,0.0,0.0,0.0,0.0,0.0,0.0
305.0,1.0,18.5214522266724,17.759338427260694,18.374737752422284,17.55794759116846,18.631750961123636,17.584203737207332,17.459067512706106,16.662295595059135,17.27945795979038,18.844146198327365,1.0,1.0,1.0,1.0,1.0,1.0,1.0,1.0,1.0,1.0
305.25,2.0,16.480275292105773,17.556365660517578,17.462439317854628,16.930623317990506,15.842626676480128,17.512168271647155,18.012312169629432,18.834453271124126,18.924691184908436,19.39723754409626,1.0,1.0,1.0,1.0,1.0,1.0,1.0,1.0,1.0,1.0
305.5,3.0,0.0,0.0,0.0,0.0,0.0,0.0,0.0,0.0,0.0,0.0,0.0,0.0,0.0,0.0,0.0,0.0,0.0,0.0,0.0,0.0
305.75,4.0,17.17673904776018,18.46486234262942,19.37025049505011,19.174326287255642,18.348890731646243,18.926316726064787,19.99847773559161,20.721230361344478,20.61061676156396,21.697686481691985,1.0,1.0,1.0,1.0,1.0,1.0,1.0,1.0,1.0,1.0
306.0,1.0,17.192711560447137,17.409924054688272,18.580586762390453,19.444851291408956,18.735873354266058,18.22615240136317,17.90966635581012,18.037148338978586,18.198052019669984,19.096528644944232,1.0,1.0,1.0,1.0,1.0,1.0,1.0,1.0,1.0,1.0
306.25,2.0,0.0,0.0,0.0,0.0,0.0,0.0,0.0,0.0,0.0,0.0,0.0,0.0,0.0,0.0,0.0,0.0,0.0,0.0,0.0,0.0
306.5,3.0,17.714398643767634,17.279013962339306,18.977277772193908,18.45956759167368,17.441551587738672,19.183648581793598,20.144992723461318,20.75837781912589,20.770323760918696,20.39490996583577,1.0,1.0,1.0,1.0,1.0,1.0,1.0,1.0,1.0,1.0
306.75,4.0,16.930808425384154,19.128651341863613,19.813579321492796,18.516191626249466,19.015871568779033,19.492219890050983,20.27427750768426,21.000290666231823,21.771011153859362,22.911342667233686,1.0,1.0,1.0,1.0,1.0,1.0,1.0,1.0,1.0,1.0
307.0,1.0,17.730014754948964,18.080964148778936,19.87179309371989,19.153549069301647,18.39837343174981,18.09842714252961,17.812994522009294,17.847233723920294,17.848597647617428,19.374554635123836,1.0,1.0,1.0,1.0,1.0,1.0,1.0,1.0,1.0,1.0
307.25,2.0,15.819558616669013,15.95118683409845,16.808770876067765,17.413856092939508,17.25888935054197,18.06393802618194,17.49253250276191,17.572851816943576,16.09451738778358,15.274317607603578,1.0,1.0,1.0,1.0,1.0,1.0,1.0,1.0,1.0,1.0
307.5,3.0,0.0,0.0,0.0,0.0,0.0,0.0,0.0,0.0,0.0,0.0,0.0,0.0,0.0,0.0,0.0,0.0,0.0,0.0,0.0,0.0
307.75,4.0,18.557425695907995,19.660488028642266,19.356942252169922,19.005290837759105,19.44040341915007,21.107953811424306,22.283031232804298,23.401206859801306,22.214025041138875,22.498407128104407,1.0,1.0,1.0,1.0,1.0,1.0,1.0,1.0,1.0,1.0
308.0,1.0,19.257899577171997,19.5009530728916,19.78830288558115,18.88946886030219,18.666855779725832,18.64538805244738,17.82506035930078,18.291432997781946,18.243223793519576,18.26561796609251,1.0,1.0,1.0,1.0,1.0,1.0,1.0,1.0,1.0,1.0
308.25,2.0,0.0,0.0,0.0,0.0,0.0,0.0,0.0,0.0,0.0,0.0,0.0,0.0,0.0,0.0,0.0,0.0,0.0,0.0,0.0,0.0
308.5,3.0,19.187684893184528,18.68654257922841,19.179658285986,18.461581450884587,19.14671630790217,19.094120180475354,19.950619389954692,19.27786221359635,19.49413166773058,19.44997605894345,1.0,1.0,1.0,1.0,1.0,1.0,1.0,1.0,1.0,1.0
308.75,4.0,18.423216979111533,19.418016558370297,20.26092116950993,19.951516932520693,19.985246887333233,22.32844113398455,22.82316067115587,23.1811194827881,22.767466527708272,23.20794530658142,1.0,1.0,1.0,1.0,1.0,1.0,1.0,1.0,1.0,1.0
309.0,1.0,0.0,0.0,0.0,0.0,0.0,0.0,0.0,0.0,0.0,0.0,0.0,0.0,0.0,0.0,0.0,0.0,0.0,0.0,0.0,0.0
309.25,2.0,0.0,0.0,0.0,0.0,0.0,0.0,0.0,0.0,0.0,0.0,0.0,0.0,0.0,0.0,0.0,0.0,0.0,0.0,0.0,0.0
309.5,3.0,20.23481685035911,19.447125186812283,18.88670683227075,19.083296519963294,20.37285342297735,21.25815806885277,20.91504465883232,19.728371929192804,20.134325071499998,19.293611877623064,1.0,1.0,1.0,1.0,1.0,1.0,1.0,1.0,1.0,1.0
309.75,4.0,0.0,0.0,0.0,0.0,0.0,0.0,0.0,0.0,0.0,0.0,0.0,0.0,0.0,0.0,0.0,0.0,0.0,0.0,0.0,0.0
310.0,1.0,18.516898251783868,19.39311654579322,20.309794070674386,18.753574488797874,19.351393727133857,19.275147239440333,18.21768242110026,17.86087786950575,16.753611133202533,16.420581662585548,1.0,1.0,1.0,1.0,1.0,1.0,1.0,1.0,1.0,1.0
310.25,2.0,18.28157815651025,16.86339525340051,16.53393974552947,17.190432364784215,19.125372458681554,18.34220401177226,18.682129448883714,17.173159751217195,17.32251451393127,15.64983064411762,1.0,1.0,1.0,1.0,1.0,1.0,1.0,1.0,1.0,1.0
310.5,3.0,0.0,0.0,0.0,0.0,0.0,0.0,0.0,0.0,0.0,0.0,0.0,0.0,0.0,0.0,0.0,0.0,0.0,0.0,0.0,0.0
310.75,4.0,18.80605128004836,18.49368268424827,19.920387346522965,21.13880420022982,22.221944803033082,23.544183555411227,23.91636041467051,23.953098002008275,23.674725241039788,23.246227338735462,1.0,1.0,1.0,1.0,1.0,1.0,1.0,1.0,1.0,1.0
311.0,1.0,19.970504335659154,20.25938386399067,21.138273195975444,19.76032390997784,19.945993636293633,19.19987522121023,17.746044987222117,16.498949870274217,17.15471995818537,16.411452719518884,1.0,1.0,1.0,1.0,1.0,1.0,1.0,1.0,1.0,1.0
311.25,2.0,0.0,0.0,0.0,0.0,0.0,0.0,0.0,0.0,0.0,0.0,0.0,0.0,0.0,0.0,0.0,0.0,0.0,0.0,0.0,0.0
311.5,3.0,17.905183194064573,19.62216823543507,21.08524516442502,20.07037471644897,20.968126550747147,21.624767082963718,21.691444519429304,19.869541754014058,20.69856713025629,19.236612225200282,1.0,1.0,1.0,1.0,1.0,1.0,1.0,1.0,1.0,1.0
311.75,4.0,19.6718498267497,19.29558763907242,20.115158315108538,22.11917063141214,22.93949773780756,23.49423319517558,22.527642467132072,22.198411947871072,21.983727651394055,22.27068175101195,1.0,1.0,1.0,1.0,1.0,1.0,1.0,1.0,1.0,1.0
312.0,1.0,0.0,0.0,0.0,0.0,0.0,0.0,0.0,0.0,0.0,0.0,0.0,0.0,0.0,0.0,0.0,0.0,0.0,0.0,0.0,0.0
312.25,2.0,17.3960549746335,16.936656003802664,18.441680145858303,19.341652797119664,17.86978591617924,17.348639890441415,17.377325113515337,16.40432563499558,16.863993653390878,15.08049754789345,1.0,1.0,1.0,1.0,1.0,1.0,1.0,1.0,1.0,1.0
312.5,3.0,0.0,0.0,0.0,0.0,0.0,0.0,0.0,0.0,0.0,0.0,0.0,0.0,0.0,0.0,0.0,0.0,0.0,0.0,0.0,0.0
312.75,4.0,0.0,0.0,0.0,0.0,0.0,0.0,0.0,0.0,0.0,0.0,0.0,0.0,0.0,0.0,0.0,0.0,0.0,0.0,0.0,0.0
313.0,1.0,18.87584123857592,19.970479335605546,20.742326544902372,19.205801849856456,20.40913728342587,19.012047111639372,18.135925736099402,16.85949060492509,17.27069987361678,17.167782736699095,1.0,1.0,1.0,1.0,1.0,1.0,1.0,1.0,1.0,1.0
313.25,2.0,17.177161762957407,17.896867448944583,18.585615993216535,18.351150792319775,18.191518062981395,17.7795229344988,19.003243536203996,17.207138193132895,16.884448402824514,15.337576442520511,1.0,1.0,1.0,1.0,1.0,1.0,1.0,1.0,1.0,1.0
313.5,3.0,0.0,0.0,0.0,0.0,0.0,0.0,0.0,0.0,0.0,0.0,0.0,0.0,0.0,0.0,0.0,0.0,0.0,0.0,0.0,0.0
313.75,4.0,21.08683756413561,20.914204963737234,20.663596651998738,20.692097411552897,20.759083447124873,21.372808058611447,21.21922051980027,21.23437594390669,20.70800498268881,21.02561145602955,1.0,1.0,1.0,1.0,1.0,1.0,1.0,1.0,1.0,1.0
314.0,1.0,19.885050697983452,21.050714402795936,20.01068746015447,18.285087107356148,18.518202722613804,18.092732141662687,17.594705582203904,16.366423120197883,17.28090514884622,17.451758869243633,1.0,1.0,1.0,1.0,1.0,1.0,1.0,1.0,1.0,1.0
314.25,2.0,0.0,0.0,0.0,0.0,0.0,0.0,0.0,0.0,0.0,0.0,0.0,0.0,0.0,0.0,0.0,0.0,0.0,0.0,0.0,0.0
314.5,3.0,18.27920005819057,19.85970020316059,18.9459162990162,17.864519488691172,19.29092465324297,18.88004639090717,19.078283146245834,18.989388318174086,19.1923031392177,20.513505928103257,1.0,1.0,1.0,1.0,1.0,1.0,1.0,1.0,1.0,1.0
314.75,4.0,20.996809870066457,21.478218089704882,19.486927935352554,20.209664610321244,19.613741438047306,20.323120631672484,19.82027400065941,20.12679287838876,19.69819053013714,21.053224171658155,1.0,1.0,1.0,1.0,1.0,1.0,1.0,1.0,1.0,1.0
315.0,1.0,20.671869046102206,21.73682657660455,20.11205783183027,18.853588289901477,18.200747325501442,18.109123325973236,17.95127185798467,17.533769036012906,17.673103305172265,17.748608437697484,1.0,1.0,1.0,1.0,1.0,1.0,1.0,1.0,1.0,1.0
315.25,2.0,18.837667133520377,17.589607731282396,17.59785995234286,17.826739876801923,19.51588725347579,20.347371315915787,20.145696926704215,18.447246372387532,18.034720504651933,16.770268944192477,1.0,1.0,1.0,1.0,1.0,1.0,1.0,1.0,1.0,1.0
315.5,3.0,0.0,0.0,0.0,0.0,0.0,0.0,0.0,0.0,0.0,0.0,0.0,0.0,0.0,0.0,0.0,0.0,0.0,0.0,0.0,0.0
315.75,4.0,20.740540290215403,20.063571823061046,19.62264402346587,19.413938104229267,19.17263176394695,18.657212050271085,19.080993242902878,19.08868811619266,19.70174221313773,21.265645487644626,1.0,1.0,1.0,1.0,1.0,1.0,1.0,1.0,1.0,1.0
316.0,1.0,20.657183410351035,20.742700667551013,18.981735970797274,18.075618005836354,17.10225538070336,16.854023008384857,16.721235974769147,16.706454327657575,17.983436315718727,17.014886671989906,1.0,1.0,1.0,1.0,1.0,1.0,1.0,1.0,1.0,1.0
316.25,2.0,0.0,0.0,0.0,0.0,0.0,0.0,0.0,0.0,0.0,0.0,0.0,0.0,0.0,0.0,0.0,0.0,0.0,0.0,0.0,0.0
316.5,3.0,19.693653817926116,18.997531669167483,17.883851499014888,17.818260822187963,18.850270409768925,17.810728425985662,17.275946806971117,18.01897746564812,19.359253688509416,21.286820572603563,1.0,1.0,1.0,1.0,1.0,1.0,1.0,1.0,1.0,1.0
316.75,4.0,20.066931466626187,19.904987428741453,19.908320055608062,19.20840595499603,18.93275527208662,19.478218458545612,19.908477945138415,20.40985350114274,20.625579710104926,21.19238728924283,1.0,1.0,1.0,1.0,1.0,1.0,1.0,1.0,1.0,1.0
317.0,1.0,0.0,0.0,0.0,0.0,0.0,0.0,0.0,0.0,0.0,0.0,0.0,0.0,0.0,0.0,0.0,0.0,0.0,0.0,0.0,0.0
317.25,2.0,0.0,0.0,0.0,0.0,0.0,0.0,0.0,0.0,0.0,0.0,0.0,0.0,0.0,0.0,0.0,0.0,0.0,0.0,0.0,0.0
317.5,3.0,19.399862605850995,18.898204125246004,17.922474468666575,17.42086733718316,19.160019491457767,19.342201994913847,20.262911878302674,20.328305572718573,21.04963375493107,22.09809199070495,1.0,1.0,1.0,1.0,1.0,1.0,1.0,1.0,1.0,1.0
317.75,4.0,0.0,0.0,0.0,0.0,0.0,0.0,0.0,0.0,0.0,0.0,0.0,0.0,0.0,0.0,0.0,0.0,0.0,0.0,0.0,0.0
318.0,1.0,18.47223106049803,18.95715079292526,17.585242018116098,16.277479175934033,17.73727611507022,18.277813455165354,18.295443893415996,17.83482474426298,18.01690572342356,17.708279528701016,1.0,1.0,1.0,1.0,1.0,1.0,1.0,1.0,1.0,1.0
318.25,2.0,19.575932770523547,18.001412692887644,18.044609219105606,17.970960338060255,18.43650854769883,18.256676032831994,19.079353222482396,18.500992217471012,18.218384411660434,16.09959666975779,1.0,1.0,1.0,1.0,1.0,1.0,1.0,1.0,1.0,1.0
318.5,3.0,0.0,0.0,0.0,0.0,0.0,0.0,0.0,0.0,0.0,0.0,0.0,0.0,0.0,0.0,0.0,0.0,0.0,0.0,0.0,0.0
318.75,4.0,20.652255235738753,19.241603530032023,18.579159653719223,18.885266866484468,20.371262012229522,20.70618326258698,20.8714020899035,22.287481437334904,23.532871618077223,23.79978841917963,1.0,1.0,1.0,1.0,1.0,1.0,1.0,1.0,1.0,1.0
319.0,1.0,17.246711086917138,17.4474452043391,17.257631769546467,16.069454629250906,18.74812681048543,18.490075900067342,18.40016886555694,18.19745721983725,18.455853300959273,18.548489924729942,1.0,1.0,1.0,1.0,1.0,1.0,1.0,1.0,1.0,1.0
319.25,2.0,0.0,0.0,0.0,0.0,0.0,0.0,0.0,0.0,0.0,0.0,0.0,0.0,0.0,0.0,0.0,0.0,0.0,0.0,0.0,0.0
319.5,3.0,17.954745480963453,17.802135783306753,17.22512431515911,17.753886796079993,20.69672769548313,20.920691670135,21.514220668337597,21.325735039714914,20.96222741347529,20.148929357472365,1.0,1.0,1.0,1.0,1.0,1.0,1.0,1.0,1.0,1.0
319.75,4.0,20.019440392391058,18.47498116974429,18.8101282749306,20.32959342777981,20.545830484292562,20.49507893302322,21.387163715515353,21.685797918158798,22.902154357738546,22.434487912900092,1.0,1.0,1.0,1.0,1.0,1.0,1.0,1.0,1.0,1.0
320.0,1.0,0.0,0.0,0.0,0.0,0.0,0.0,0.0,0.0,0.0,0.0,0.0,0.0,0.0,0.0,0.0,0.0,0.0,0.0,0.0,0.0
320.25,2.0,17.07610087388434,17.582355875342312,19.05541262218115,19.486743581161722,19.66318553053975,19.241392104645314,18.718792693941236,18.397658000307914,18.0462197655321,17.138848740326655,1.0,1.0,1.0,1.0,1.0,1.0,1.0,1.0,1.0,1.0
320.5,3.0,0.0,0.0,0.0,0.0,0.0,0.0,0.0,0.0,0.0,0.0,0.0,0.0,0.0,0.0,0.0,0.0,0.0,0.0,0.0,0.0
320.75,4.0,0.0,0.0,0.0,0.0,0.0,0.0,0.0,0.0,0.0,0.0,0.0,0.0,0.0,0.0,0.0,0.0,0.0,0.0,0.0,0.0
321.0,1.0,17.788720507633432,16.83411958406935,16.91454122088039,17.138457282578493,18.375277444270658,18.292412201875663,18.014247674998657,18.367421111722475,17.325316520082822,17.58698092985433,1.0,1.0,1.0,1.0,1.0,1.0,1.0,1.0,1.0,1.0
321.25,2.0,17.460388177214057,18.896484568539066,21.25549291299904,20.492088431249492,19.201879730981684,18.771837127751148,19.800277965321566,18.820156105242177,19.37161797706141,17.52718267287414,1.0,1.0,1.0,1.0,1.0,1.0,1.0,1.0,1.0,1.0
321.5,3.0,18.24960427661645,19.631359751570436,19.53188770188637,20.110469142252143,21.27756284869782,21.20422302216084,20.02418676043086,20.295286945839027,19.307335360414996,18.69026792943921,1.0,1.0,1.0,1.0,1.0,1.0,1.0,1.0,1.0,1.0
321.75,4.0,19.4019215448501,19.072961487230252,18.467002649329576,20.600757383845394,20.692681855830877,21.164374922372414,21.017563076952904,21.051584587526897,21.44054840965892,22.064970018474625,1.0,1.0,1.0,1.0,1.0,1.0,1.0,1.0,1.0,1.0
322.0,1.0,16.58112998051349,17.512973942705795,17.672848859709415,17.570496445220744,17.527208481911085,17.25100202591983,17.767038942032947,17.91126941295277,16.875256993154707,17.7968165518939,1.0,1.0,1.0,1.0,1.0,1.0,1.0,1.0,1.0,1.0
322.25,2.0,0.0,0.0,0.0,0.0,0.0,0.0,0.0,0.0,0.0,0.0,0.0,0.0,0.0,0.0,0.0,0.0,0.0,0.0,0.0,0.0
322.5,3.0,17.688521342980824,17.994549259299163,18.951752082701265,20.22405342376489,20.89298318367724,20.601817976184073,18.92991176495293,19.436297261130008,18.51640535406707,17.85531927224243,1.0,1.0,1.0,1.0,1.0,1.0,1.0,1.0,1.0,1.0
322.75,4.0,17.952657961146233,19.147554402005284,19.125225522640093,21.32564634432756,21.520003079141443,21.726740106971985,21.17658679480419,20.773696313443715,20.811285741446337,21.671697224680187,1.0,1.0,1.0,1.0,1.0,1.0,1.0,1.0,1.0,1.0
323.0,1.0,17.540534249026308,17.980650955266917,18.331258512188676,17.747606481596424,17.51082724623431,17.320903578621312,18.389212402207068,18.606346258170277,17.676314937036597,17.77566598257457,1.0,1.0,1.0,1.0,1.0,1.0,1.0,1.0,1.0,1.0
323.25,2.0,20.824467267310062,22.571042676184273,20.33282591201853,18.742184046650088,18.07077949331397,17.56891418834102,18.98194554823663,18.81099538742303,19.425215848444008,16.9184114928127,1.0,1.0,1.0,1.0,1.0,1.0,1.0,1.0,1.0,1.0
323.5,3.0,0.0,0.0,0.0,0.0,0.0,0.0,0.0,0.0,0.0,0.0,0.0,0.0,0.0,0.0,0.0,0.0,0.0,0.0,0.0,0.0
323.75,4.0,18.510258121380307,20.28940172911527,20.44842073891297,21.59542388557837,21.129274859265003,21.946255271066068,21.350040820096705,21.181743298231453,21.070980662137345,21.12449910763753,1.0,1.0,1.0,1.0,1.0,1.0,1.0,1.0,1.0,1.0
324.0,1.0,17.566578988310763,17.654533687817807,18.038506283924125,17.75930392892984,17.519565753021485,17.531806574504614,17.6110952754351,17.673289747977496,17.353931545576746,17.104912672188618,1.0,1.0,1.0,1.0,1.0,1.0,1.0,1.0,1.0,1.0
324.25,2.0,0.0,0.0,0.0,0.0,0.0,0.0,0.0,0.0,0.0,0.0,0.0,0.0,0.0,0.0,0.0,0.0,0.0,0.0,0.0,0.0
324.5,3.0,17.617582635222576,19.030891824938415,19.191790667113303,18.664617081343987,19.105515591980147,17.97220831848746,18.027437136271597,17.821153440416612,17.837378748084465,17.4437291358311,1.0,1.0,1.0,1.0,1.0,1.0,1.0,1.0,1.0,1.0
324.75,4.0,19.897259274914475,20.723017315570974,20.910560381191267,21.65293419882824,21.536908638098463,22.049284627356894,21.323220189270945,21.526970013610594,20.85456699992384,21.52465805562643,1.0,1.0,1.0,1.0,1.0,1.0,1.0,1.0,1.0,1.0
325.0,1.0,0.0,0.0,0.0,0.0,0.0,0.0,0.0,0.0,0.0,0.0,0.0,0.0,0.0,0.0,0.0,0.0,0.0,0.0,0.0,0.0
325.25,2.0,20.138279461565425,20.90611625959777,20.255607568321267,19.288014702622032,20.697878516509135,20.178210624484098,19.53839314106873,20.173498267583934,19.755350111888117,18.37471430110614,1.0,1.0,1.0,1.0,1.0,1.0,1.0,1.0,1.0,1.0
325.5,3.0,18.343373307423526,21.03285344403458,20.94384529134621,19.111705858772872,19.256438059763735,18.73195489048527,18.19819992108216,17.862473266522798,17.455340624819176,16.970462713321144,1.0,1.0,1.0,1.0,1.0,1.0,1.0,1.0,1.0,1.0
325.75,4.0,0.0,0.0,0.0,0.0,0.0,0.0,0.0,0.0,0.0,0.0,0.0,0.0,0.0,0.0,0.0,0.0,0.0,0.0,0.0,0.0
326.0,1.0,18.326117679678383,19.664053548608866,18.6969139522235,18.260377144441325,18.491021075838713,18.210023529128687,17.88652180853321,17.098758680060925,17.7366077634169,17.914383258139875,1.0,1.0,1.0,1.0,1.0,1.0,1.0,1.0,1.0,1.0
326.25,2.0,19.354115081903092,20.79088128495818,20.98812455846964,20.284601008187693,20.87070697661705,19.755448941376237,18.897919143475594,18.817666492214943,18.984671982359334,16.979104434154706,1.0,1.0,1.0,1.0,1.0,1.0,1.0,1.0,1.0,1.0
326.5,3.0,0.0,0.0,0.0,0.0,0.0,0.0,0.0,0.0,0.0,0.0,0.0,0.0,0.0,0.0,0.0,0.0,0.0,0.0,0.0,0.0
326.75,4.0,18.572832286135206,20.514899689092644,21.44890748271385,21.45647971015062,21.386695081177503,21.707917603809435,21.758635890407614,19.970386817717415,19.008495596939305,18.377123428399695,1.0,1.0,1.0,1.0,1.0,1.0,1.0,1.0,1.0,1.0
327.0,1.0,18.66070951032828,19.373135731137623,18.74553011493179,18.278613568804786,18.256032372395946,17.976966399138732,17.930082842020024,17.0083244828712,18.283206968338952,18.037501469448774,1.0,1.0,1.0,1.0,1.0,1.0,1.0,1.0,1.0,1.0
327.25,2.0,0.0,0.0,0.0,0.0,0.0,0.0,0.0,0.0,0.0,0.0,0.0,0.0,0.0,0.0,0.0,0.0,0.0,0.0,0.0,0.0
327.5,3.0,20.46889592244434,22.181846766228965,19.612273906171065,19.604602214467818,19.43039740734785,18.287422262597527,19.314813624655137,18.238049077959577,17.51559132242045,15.693605249314738,1.0,1.0,1.0,1.0,1.0,1.0,1.0,1.0,1.0,1.0
327.75,4.0,19.278213145490056,21.492948429173854,22.338239596235947,22.138261094727923,22.0550352281312,21.929746697919704,20.92386675726093,20.32186357565244,18.45257345174278,17.494080584359644,1.0,1.0,1.0,1.0,1.0,1.0,1.0,1.0,1.0,1.0
328.0,1.0,18.206594808363008,20.64483143732847,20.227860698855558,18.818475204683367,17.827633705469633,17.71911561446445,17.8835175199278,17.438012565330475,18.719880172401304,19.42377656288899,1.0,1.0,1.0,1.0,1.0,1.0,1.0,1.0,1.0,1.0
328.25,2.0,20.594199931937787,20.45374407924264,19.77681866618063,18.12549933243769,17.985158795762104,17.325192413169063,18.282997032483372,18.44329872002811,17.618875617711442,15.821726489393665,1.0,1.0,1.0,1.0,1.0,1.0,1.0,1.0,1.0,1.0
328.5,3.0,0.0,0.0,0.0,0.0,0.0,0.0,0.0,0.0,0.0,0.0,0.0,0.0,0.0,0.0,0.0,0.0,0.0,0.0,0.0,0.0
328.75,4.0,0.0,0.0,0.0,0.0,0.0,0.0,0.0,0.0,0.0,0.0,0.0,0.0,0.0,0.0,0.0,0.0,0.0,0.0,0.0,0.0
329.0,1.0,17.438139676473067,20.381969657911036,19.702960357728216,19.12522795076115,18.195223614371958,18.29646703552022,18.144862876214685,18.632439339438935,20.115476991494816,20.782833445259737,1.0,1.0,1.0,1.0,1.0,1.0,1.0,1.0,1.0,1.0
329.25,2.0,20.65702489784506,20.58279196054539,19.915520550826148,17.269914374380612,17.619172483392127,18.115157064391642,18.506698666836954,18.431973062361447,17.29291311346145,14.769838534360215,1.0,1.0,1.0,1.0,1.0,1.0,1.0,1.0,1.0,1.0
329.5,3.0,20.827787549150163,20.36960121628364,19.190274366998867,20.257156852139765,18.68409105849043,17.36217310975183,16.259394933297187,15.033672339155844,14.502155446056252,13.923308518713062,1.0,1.0,1.0,1.0,1.0,1.0,1.0,1.0,1.0,1.0
329.75,4.0,19.994837425146656,20.839688113619232,22.411202142932236,21.69833261697596,20.969195486283994,20.256782214223723,18.713202035374046,17.83463776066163,16.79801898404497,16.96964305653848,1.0,1.0,1.0,1.0,1.0,1.0,1.0,1.0,1.0,1.0
330.0,1.0,0.0,0.0,0.0,0.0,0.0,0.0,0.0,0.0,0.0,0.0,0.0,0.0,0.0,0.0,0.0,0.0,0.0,0.0,0.0,0.0
330.25,2.0,0.0,0.0,0.0,0.0,0.0,0.0,0.0,0.0,0.0,0.0,0.0,0.0,0.0,0.0,0.0,0.0,0.0,0.0,0.0,0.0
330.5,3.0,19.794994603621834,19.81610792110001,17.56386898436361,18.532545703827644,17.020890978705825,14.932726054434921,14.723928738254708,14.10819003336733,15.271459381460735,15.785133028490657,1.0,1.0,1.0,1.0,1.0,1.0,1.0,1.0,1.0,1.0
330.75,4.0,19.93887983823689,19.79530640457728,20.940272935833143,21.06379908387964,20.883424855897484,19.963046182024666,19.697470476318763,18.730647540166093,17.444540937988638,17.588387727806527,1.0,1.0,1.0,1.0,1.0,1.0,1.0,1.0,1.0,1.0
331.0,1.0,18.388270773058032,17.792580088937964,19.24714226632778,18.560422734906457,18.182340859371248,19.358990651526813,19.542996612382385,19.97015789391591,20.983200286431444,20.855974624509468,1.0,1.0,1.0,1.0,1.0,1.0,1.0,1.0,1.0,1.0
331.25,2.0,18.500887308566774,18.603777956552015,17.531097236072004,17.427126250485003,17.061319028630347,17.26367535558918,17.64603049282307,17.726368011729512,16.374536135876774,15.883586193332311,1.0,1.0,1.0,1.0,1.0,1.0,1.0,1.0,1.0,1.0
331.5,3.0,0.0,0.0,0.0,0.0,0.0,0.0,0.0,0.0,0.0,0.0,0.0,0.0,0.0,0.0,0.0,0.0,0.0,0.0,0.0,0.0
331.75,4.0,20.462478542637005,19.985380334135705,21.028107022475954,21.3368005463445,20.70235638411117,20.377653887311908,19.156143374402752,19.322255830916387,17.681130886949823,16.83844271797754,1.0,1.0,1.0,1.0,1.0,1.0,1.0,1.0,1.0,1.0
332.0,1.0,18.54972159561396,18.207334382284245,18.318294181937276,17.891047742851896,19.137593679219787,20.228256070058336,21.049167457421493,20.545692664682573,21.15824800913079,20.76903401547547,1.0,1.0,1.0,1.0,1.0,1.0,1.0,1.0,1.0,1.0
332.25,2.0,0.0,0.0,0.0,0.0,0.0,0.0,0.0,0.0,0.0,0.0,0.0,0.0,0.0,0.0,0.0,0.0,0.0,0.0,0.0,0.0
332.5,3.0,19.78939117182631,19.727766551676098,17.299138667079504,16.250858554201752,15.360215082120643,15.008039311442491,17.500011898439105,18.742720777661074,18.831831482280123,19.330990066593884,1.0,1.0,1.0,1.0,1.0,1.0,1.0,1.0,1.0,1.0
332.75,4.0,19.40880979461008,20.951820964097845,22.255152147504806,22.24967807199203,20.619280028803853,19.828607860481657,18.957728561741384,18.221563451029585,16.297319939024245,17.04567685098854,1.0,1.0,1.0,1.0,1.0,1.0,1.0,1.0,1.0,1.0
333.0,1.0,0.0,0.0,0.0,0.0,0.0,0.0,0.0,0.0,0.0,0.0,0.0,0.0,0.0,0.0,0.0,0.0,0.0,0.0,0.0,0.0
333.25,2.0,17.009919755053943,16.798250043365474,16.06219735651462,16.19631257525536,16.091383611075383,16.981554203078417,16.485429537650734,17.03590762744027,17.011562365336633,17.266489304444324,1.0,1.0,1.0,1.0,1.0,1.0,1.0,1.0,1.0,1.0
333.5,3.0,19.18775713083795,18.71774144217313,17.17086297686326,16.42173571869065,16.75756285495684,16.53474645825877,18.324356746201406,19.996151769859512,19.576234362096027,19.879539105874215,1.0,1.0,1.0,1.0,1.0,1.0,1.0,1.0,1.0,1.0
333.75,4.0,0.0,0.0,0.0,0.0,0.0,0.0,0.0,0.0,0.0,0.0,0.0,0.0,0.0,0.0,0.0,0.0,0.0,0.0,0.0,0.0
334.0,1.0,19.791846144077336,19.01724551824193,18.847385787172733,20.544387502091116,20.867894145930794,21.152993353638596,21.24552515897671,20.84513259699783,20.870920007312403,20.47231147735472,1.0,1.0,1.0,1.0,1.0,1.0,1.0,1.0,1.0,1.0
334.25,2.0,18.163933865923493,17.101973440892063,16.180307253106683,17.00805073651154,15.969766402620655,16.71841686055405,16.208179559384597,17.047755569633626,17.755381994792938,18.173091144881525,1.0,1.0,1.0,1.0,1.0,1.0,1.0,1.0,1.0,1.0
334.5,3.0,0.0,0.0,0.0,0.0,0.0,0.0,0.0,0.0,0.0,0.0,0.0,0.0,0.0,0.0,0.0,0.0,0.0,0.0,0.0,0.0
334.75,4.0,20.39710818757855,21.780223609099725,22.588847408335873,21.09875025405999,18.70285814530817,17.95248899194189,16.681437587390064,16.138328217581495,16.31672803025912,16.363007942655198,1.0,1.0,1.0,1.0,1.0,1.0,1.0,1.0,1.0,1.0
335.0,1.0,19.813863279664716,18.885161007942646,19.489916914355828,21.14312076775109,22.72910726961815,21.308471297331153,20.9074830287839,20.389993336726455,19.925064184387804,19.122725858916095,1.0,1.0,1.0,1.0,1.0,1.0,1.0,1.0,1.0,1.0
335.25,2.0,0.0,0.0,0.0,0.0,0.0,0.0,0.0,0.0,0.0,0.0,0.0,0.0,0.0,0.0,0.0,0.0,0.0,0.0,0.0,0.0
335.5,3.0,17.264449042876983,18.209650132868223,17.222122587457086,17.842010230264204,18.690140338303582,17.37103888591135,16.981058878611623,17.397378844576494,17.879629631438824,18.191429819265558,1.0,1.0,1.0,1.0,1.0,1.0,1.0,1.0,1.0,1.0
335.75,4.0,20.43745129452188,21.776029024951296,21.48791117172133,19.852002785891894,18.33781733184144,17.26111993420072,16.449717500221368,16.43085489381313,16.65768805910773,16.38861287754865,1.0,1.0,1.0,1.0,1.0,1.0,1.0,1.0,1.0,1.0
336.0,1.0,20.316433909939395,19.808816416502435,20.17793821804695,21.49966114150322,22.58213134119512,20.554545305533967,20.060871487433253,19.836524916463585,19.873272380583145,19.786296866817,1.0,1.0,1.0,1.0,1.0,1.0,1.0,1.0,1.0,1.0
336.25,2.0,17.50432413605919,18.913484191500014,17.857634861727167,17.074797581134415,15.957145829486619,16.535886933576574,16.377397837273772,16.657981155566006,17.190629765094386,17.181282219033978,1.0,1.0,1.0,1.0,1.0,1.0,1.0,1.0,1.0,1.0
336.5,3.0,0.0,0.0,0.0,0.0,0.0,0.0,0.0,0.0,0.0,0.0,0.0,0.0,0.0,0.0,0.0,0.0,0.0,0.0,0.0,0.0
336.75,4.0,20.99569896954853,21.66546744285093,20.038671208590735,19.09459916090087,16.902126765593593,16.61017527341891,16.30701592885192,15.310475855881357,15.451167002773067,16.100104386132102,1.0,1.0,1.0,1.0,1.0,1.0,1.0,1.0,1.0,1.0
337.0,1.0,21.10831941948156,20.383368321102964,20.509129407792425,21.013467752947793,20.699390861142653,20.32747718986647,20.213991091915,20.25292164493654,19.385216997218407,19.24971398200998,1.0,1.0,1.0,1.0,1.0,1.0,1.0,1.0,1.0,1.0
337.25,2.0,18.468804539204474,17.34686435902866,16.600839687666852,16.422891709077177,15.805893873455837,16.75825606180389,15.790871450709842,16.759727892894958,16.663113476069256,17.185672591812374,1.0,1.0,1.0,1.0,1.0,1.0,1.0,1.0,1.0,1.0
337.5,3.0,18.948853876007384,19.568528481627485,17.170172154358887,18.148005169369874,18.774980507910776,17.338935446866593,17.155211281587622,16.893673946291045,17.416059444106494,16.99463707211874,1.0,1.0,1.0,1.0,1.0,1.0,1.0,1.0,1.0,1.0
337.75,4.0,21.6132467526864,20.852737159555172,20.0444183983326,19.489100055769455,15.545627809578589,15.950091812517321,14.898722386294333,15.486602032998153,15.189317022121006,15.8171710570314,1.0,1.0,1.0,1.0,1.0,1.0,1.0,1.0,1.0,1.0
338.0,1.0,0.0,0.0,0.0,0.0,0.0,0.0,0.0,0.0,0.0,0.0,0.0,0.0,0.0,0.0,0.0,0.0,0.0,0.0,0.0,0.0
338.25,2.0,0.0,0.0,0.0,0.0,0.0,0.0,0.0,0.0,0.0,0.0,0.0,0.0,0.0,0.0,0.0,0.0,0.0,0.0,0.0,0.0
338.5,3.0,19.255834752944104,18.862554265381473,17.075710844928455,18.353600154572536,18.765871046745303,17.954035408674212,17.96562358217064,17.432204584049593,17.375610252024586,17.28868299358673,1.0,1.0,1.0,1.0,1.0,1.0,1.0,1.0,1.0,1.0
338.75,4.0,0.0,0.0,0.0,0.0,0.0,0.0,0.0,0.0,0.0,0.0,0.0,0.0,0.0,0.0,0.0,0.0,0.0,0.0,0.0,0.0
339.0,1.0,22.303236739319967,19.91667175956633,18.915916798644545,19.449773444007175,20.387974980508048,18.978266399210913,18.28340191429669,17.72591842054293,17.02660768225679,16.686503746923968,1.0,1.0,1.0,1.0,1.0,1.0,1.0,1.0,1.0,1.0
339.25,2.0,17.527393294419838,17.84281810903545,18.154007433900777,18.332304555497625,17.10420422007475,18.07706376371146,17.582414020794843,16.78660763665594,16.655402796259857,16.905631675725818,1.0,1.0,1.0,1.0,1.0,1.0,1.0,1.0,1.0,1.0
339.5,3.0,0.0,0.0,0.0,0.0,0.0,0.0,0.0,0.0,0.0,0.0,0.0,0.0,0.0,0.0,0.0,0.0,0.0,0.0,0.0,0.0
339.75,4.0,20.20977837056252,20.537088440410447,19.278969309874654,17.285997073965078,13.617275130984822,14.001882571401755,15.013103640315606,15.389458405864985,14.973033135521545,15.923384867887048,1.0,1.0,1.0,1.0,1.0,1.0,1.0,1.0,1.0,1.0
340.0,1.0,22.074267528434646,18.99655489098989,19.170479916089885,19.717746909943237,19.971640259692688,18.713607230510604,17.2909547820683,16.24108320249624,15.904557148110342,16.001223185314107,1.0,1.0,1.0,1.0,1.0,1.0,1.0,1.0,1.0,1.0
340.25,2.0,0.0,0.0,0.0,0.0,0.0,0.0,0.0,0.0,0.0,0.0,0.0,0.0,0.0,0.0,0.0,0.0,0.0,0.0,0.0,0.0
340.5,3.0,19.197332380419393,18.293189477005463,17.360244750428713,16.592674834324203,17.73021790583206,17.026284019928536,17.184622418583185,15.76683867198866,15.312859470222032,15.310461982701382,1.0,1.0,1.0,1.0,1.0,1.0,1.0,1.0,1.0,1.0
340.75,4.0,20.640784171277428,21.24644853235304,18.340815859962703,16.468674935636745,14.846760141942765,15.434486925478101,15.976621226944541,15.93978323904798,15.166790588067801,16.83907094464537,1.0,1.0,1.0,1.0,1.0,1.0,1.0,1.0,1.0,1.0
341.0,1.0,0.0,0.0,0.0,0.0,0.0,0.0,0.0,0.0,0.0,0.0,0.0,0.0,0.0,0.0,0.0,0.0,0.0,0.0,0.0,0.0
341.25,2.0,20.185237887202593,19.745091941338153,18.48037593580869,18.22101154170411,18.1452361619954,16.968748810116583,18.878838411711552,18.617209211217176,19.003912723428215,19.172563087589072,1.0,1.0,1.0,1.0,1.0,1.0,1.0,1.0,1.0,1.0
341.5,3.0,0.0,0.0,0.0,0.0,0.0,0.0,0.0,0.0,0.0,0.0,0.0,0.0,0.0,0.0,0.0,0.0,0.0,0.0,0.0,0.0
341.75,4.0,0.0,0.0,0.0,0.0,0.0,0.0,0.0,0.0,0.0,0.0,0.0,0.0,0.0,0.0,0.0,0.0,0.0,0.0,0.0,0.0
342.0,1.0,22.019694850795236,18.95657296330462,18.841908125204352,18.90516984476106,16.787555808876487,16.00950062341093,14.762484214887703,15.31769937127366,16.176263797087024,16.700439434611617,1.0,1.0,1.0,1.0,1.0,1.0,1.0,1.0,1.0,1.0
342.25,2.0,21.216633847049174,19.896207674060772,19.190864696709188,18.624066728709998,18.433287028438,18.261937451139374,19.19336832883191,18.81977573392281,18.763988688957458,18.559927934194356,1.0,1.0,1.0,1.0,1.0,1.0,1.0,1.0,1.0,1.0
342.5,3.0,0.0,0.0,0.0,0.0,0.0,0.0,0.0,0.0,0.0,0.0,0.0,0.0,0.0,0.0,0.0,0.0,0.0,0.0,0.0,0.0
342.75,4.0,19.406114876520697,19.925462120173563,17.78392202338259,17.61711610590646,16.136975555354667,17.28358892480401,17.092925416052804,18.814038875173217,18.579291117790838,19.410402620068577,1.0,1.0,1.0,1.0,1.0,1.0,1.0,1.0,1.0,1.0
343.0,1.0,21.03971677260254,17.922899996892035,19.345335387907692,19.32905201116997,18.125750293545092,16.774468205335815,15.353964922411006,15.547557555438868,16.430135132749395,17.630784494609152,1.0,1.0,1.0,1.0,1.0,1.0,1.0,1.0,1.0,1.0
343.25,2.0,0.0,0.0,0.0,0.0,0.0,0.0,0.0,0.0,0.0,0.0,0.0,0.0,0.0,0.0,0.0,0.0,0.0,0.0,0.0,0.0
343.5,3.0,20.130888685283253,17.19046920906874,15.401724383693418,15.627687219444665,15.683889250609724,14.839681224646734,15.448077048367196,15.800509347965694,15.85062033263935,17.00630914735617,1.0,1.0,1.0,1.0,1.0,1.0,1.0,1.0,1.0,1.0
343.75,4.0,19.05437791580243,19.627417341791283,18.698608194010145,19.042419379397504,16.85986868744185,17.60733631715617,17.607760615656314,19.157448419387578,18.45109569710877,18.684412960266975,1.0,1.0,1.0,1.0,1.0,1.0,1.0,1.0,1.0,1.0
344.0,1.0,20.30372144752522,16.975627337948076,18.955035354526178,18.537650645095844,17.470035308709612,16.317439957851786,15.509415951933837,15.708111723207175,16.57401820309596,17.179207853556107,1.0,1.0,1.0,1.0,1.0,1.0,1.0,1.0,1.0,1.0
344.25,2.0,20.05395214116993,20.552757006448683,18.123659863853195,15.955944693686293,17.158766638829807,17.8637386462872,18.78150565067425,18.00921556193894,18.360744788837344,17.5929183709519,1.0,1.0,1.0,1.0,1.0,1.0,1.0,1.0,1.0,1.0
344.5,3.0,0.0,0.0,0.0,0.0,0.0,0.0,0.0,0.0,0.0,0.0,0.0,0.0,0.0,0.0,0.0,0.0,0.0,0.0,0.0,0.0
344.75,4.0,17.717629298106655,18.83143918616633,18.249286954360986,19.180445325825612,17.68820415519536,18.622954214215206,18.075801641215058,19.24559099317036,18.902923382282303,19.119712476076547,1.0,1.0,1.0,1.0,1.0,1.0,1.0,1.0,1.0,1.0
345.0,1.0,18.164240380111973,16.46493333818417,17.264380602094302,17.065500850918028,16.066225270208605,15.166860290811439,15.459607148857591,15.860411865070652,16.494472057135003,17.80972164053632,1.0,1.0,1.0,1.0,1.0,1.0,1.0,1.0,1.0,1.0
345.25,2.0,0.0,0.0,0.0,0.0,0.0,0.0,0.0,0.0,0.0,0.0,0.0,0.0,0.0,0.0,0.0,0.0,0.0,0.0,0.0,0.0
345.5,3.0,18.472358426831455,15.910270318169077,14.715928219857076,13.544105146555058,15.138660257067368,15.682264585684283,16.699956515281265,17.289454559653226,16.918892953783743,18.126693126685314,1.0,1.0,1.0,1.0,1.0,1.0,1.0,1.0,1.0,1.0
345.75,4.0,16.719256361017834,17.998863618353546,18.200056189780003,18.492032357352112,18.682681600151685,19.48789515820526,18.64206345166204,19.53399647173905,19.048009259927255,19.058739067988746,1.0,1.0,1.0,1.0,1.0,1.0,1.0,1.0,1.0,1.0
346.0,1.0,0.0,0.0,0.0,0.0,0.0,0.0,0.0,0.0,0.0,0.0,0.0,0.0,0.0,0.0,0.0,0.0,0.0,0.0,0.0,0.0
346.25,2.0,0.0,0.0,0.0,0.0,0.0,0.0,0.0,0.0,0.0,0.0,0.0,0.0,0.0,0.0,0.0,0.0,0.0,0.0,0.0,0.0
346.5,3.0,16.835115659047872,15.672844486055268,14.515875789943724,13.997428418041963,16.525406209236344,17.023126790045318,17.29429797716836,18.340450475615356,17.94851629117678,18.764195847722764,1.0,1.0,1.0,1.0,1.0,1.0,1.0,1.0,1.0,1.0
346.75,4.0,0.0,0.0,0.0,0.0,0.0,0.0,0.0,0.0,0.0,0.0,0.0,0.0,0.0,0.0,0.0,0.0,0.0,0.0,0.0,0.0
347.0,1.0,17.446120909252276,17.4237258983521,17.663594160401125,17.20609301948262,16.491095244352568,16.331271418264873,16.018848062975895,17.692421329115593,17.458897408392122,17.350274568737827,1.0,1.0,1.0,1.0,1.0,1.0,1.0,1.0,1.0,1.0
347.25,2.0,18.840727958249165,17.411958325950142,17.377224194391914,18.491028836048212,20.15509156079814,21.002462996466676,20.677566191533487,19.720312874267876,20.04228075116084,19.275026831354868,1.0,1.0,1.0,1.0,1.0,1.0,1.0,1.0,1.0,1.0
347.5,3.0,0.0,0.0,0.0,0.0,0.0,0.0,0.0,0.0,0.0,0.0,0.0,0.0,0.0,0.0,0.0,0.0,0.0,0.0,0.0,0.0
347.75,4.0,17.10734605907145,20.100148555564918,18.609529246290958,18.525483612780363,19.09899621195537,17.6689485042134,18.000615997345985,17.771726899774542,17.50334623547784,17.799185039617964,1.0,1.0,1.0,1.0,1.0,1.0,1.0,1.0,1.0,1.0
348.0,1.0,17.9883202019266,16.44278441971083,17.129549402349614,17.629599941238315,17.505696274330873,16.774826134908746,16.228374893757664,17.675271388173968,16.60005487893871,16.906560183531543,1.0,1.0,1.0,1.0,1.0,1.0,1.0,1.0,1.0,1.0
348.25,2.0,0.0,0.0,0.0,0.0,0.0,0.0,0.0,0.0,0.0,0.0,0.0,0.0,0.0,0.0,0.0,0.0,0.0,0.0,0.0,0.0
348.5,3.0,17.328169894298025,15.113673123018271,15.733644285953853,17.309458519662208,17.803004257926208,17.7230268794431,18.25158402283239,18.6348337451075,19.729601751808048,18.798948326946096,1.0,1.0,1.0,1.0,1.0,1.0,1.0,1.0,1.0,1.0
348.75,4.0,17.300001610612444,19.345848409944317,18.057658928115124,17.974338884086805,16.949234916634854,17.13700650458549,16.98890824372563,17.499325689852512,17.061325012026423,16.818288311244974,1.0,1.0,1.0,1.0,1.0,1.0,1.0,1.0,1.0,1.0
349.0,1.0,0.0,0.0,0.0,0.0,0.0,0.0,0.0,0.0,0.0,0.0,0.0,0.0,0.0,0.0,0.0,0.0,0.0,0.0,0.0,0.0
349.25,2.0,20.585977693980638,19.515465316819068,20.535763451136912,20.318428000214425,20.27681864190289,20.170974343860255,19.740500670843186,18.42924483473632,18.246429245603007,18.375521290100263,1.0,1.0,1.0,1.0,1.0,1.0,1.0,1.0,1.0,1.0
349.5,3.0,0.0,0.0,0.0,0.0,0.0,0.0,0.0,0.0,0.0,0.0,0.0,0.0,0.0,0.0,0.0,0.0,0.0,0.0,0.0,0.0
349.75,4.0,0.0,0.0,0.0,0.0,0.0,0.0,0.0,0.0,0.0,0.0,0.0,0.0,0.0,0.0,0.0,0.0,0.0,0.0,0.0,0.0
350.0,1.0,17.088802242037783,18.62762132678884,17.693527619399507,15.212752217780523,17.641023298886935,17.433049955419275,17.599469484812914,18.197558817323408,18.189865276610337,17.205958905860868,1.0,1.0,1.0,1.0,1.0,1.0,1.0,1.0,1.0,1.0
350.25,2.0,20.051679114780786,19.512447629335348,20.468180174105377,19.031835537737088,18.166768031091387,18.17262417302238,18.890414089233982,17.678133397517374,17.256062331657624,16.948788366255883,1.0,1.0,1.0,1.0,1.0,1.0,1.0,1.0,1.0,1.0
350.5,3.0,0.0,0.0,0.0,0.0,0.0,0.0,0.0,0.0,0.0,0.0,0.0,0.0,0.0,0.0,0.0,0.0,0.0,0.0,0.0,0.0
350.75,4.0,17.53895540605436,17.843136081620663,17.554594283798075,18.086366745012754,18.08272688553469,16.631295869231256,16.879850437150775,17.00161288204833,15.752507925138843,16.076285941248276,1.0,1.0,1.0,1.0,1.0,1.0,1.0,1.0,1.0,1.0
351.0,1.0,17.74122513912375,17.64787140761024,16.909157171837947,16.7638523937331,18.05163836502824,17.22881053801935,17.952990314114967,18.135402192906987,18.440434872124026,18.074647644624093,1.0,1.0,1.0,1.0,1.0,1.0,1.0,1.0,1.0,1.0
351.25,2.0,0.0,0.0,0.0,0.0,0.0,0.0,0.0,0.0,0.0,0.0,0.0,0.0,0.0,0.0,0.0,0.0,0.0,0.0,0.0,0.0
351.5,3.0,17.646277163036356,19.080628972767222,18.405816003725626,17.757997324467894,19.41561725046083,19.718823386183374,20.172167577022986,19.604188784332937,17.16004836098684,13.982985065570235,1.0,1.0,1.0,1.0,1.0,1.0,1.0,1.0,1.0,1.0
351.75,4.0,17.01068202111748,16.708390493807002,17.418702633131172,17.88862309544027,16.842092948227336,15.572925207484428,16.12364865783188,16.062362657255367,13.873160709362248,15.426343749513741,1.0,1.0,1.0,1.0,1.0,1.0,1.0,1.0,1.0,1.0
352.0,1.0,16.929065431652425,15.649663883431074,17.882594699932593,18.064733710457073,17.797477466218428,17.06867041408013,17.382483294632195,18.872500181120124,18.98348046468138,20.195350793158706,1.0,1.0,1.0,1.0,1.0,1.0,1.0,1.0,1.0,1.0
352.25,2.0,21.614755626569654,20.74441857024015,19.23991120491898,18.25008971096263,17.473905329347364,18.42237639257649,17.912432127501372,18.377057098061325,17.758225867107864,17.259257717630454,1.0,1.0,1.0,1.0,1.0,1.0,1.0,1.0,1.0,1.0
352.5,3.0,0.0,0.0,0.0,0.0,0.0,0.0,0.0,0.0,0.0,0.0,0.0,0.0,0.0,0.0,0.0,0.0,0.0,0.0,0.0,0.0
352.75,4.0,16.237959233412937,15.908897755728606,16.58505143537883,17.088188649245893,16.5330463847878,15.635525465097103,15.671733186897676,15.942954036454006,14.535411898283648,15.536839371387616,1.0,1.0,1.0,1.0,1.0,1.0,1.0,1.0,1.0,1.0
353.0,1.0,18.33618530950629,16.961275520144493,18.604055375818504,18.25684439064742,17.135059534804196,16.904948382398686,17.352288414265693,18.298220795000322,19.302329905250723,20.485111449874545,1.0,1.0,1.0,1.0,1.0,1.0,1.0,1.0,1.0,1.0
353.25,2.0,0.0,0.0,0.0,0.0,0.0,0.0,0.0,0.0,0.0,0.0,0.0,0.0,0.0,0.0,0.0,0.0,0.0,0.0,0.0,0.0
353.5,3.0,17.889025420359754,18.30252799541718,17.552861409139933,18.084671600736737,16.945686504905066,16.153644082680874,15.219386590585664,14.389199153084146,13.649840500627434,12.637591886208751,1.0,1.0,1.0,1.0,1.0,1.0,1.0,1.0,1.0,1.0
353.75,4.0,17.08195457594248,15.867453692489985,16.486460716507167,15.96728657040947,16.340186173526117,16.491722415946185,16.322783012022864,15.768282097055158,13.997434263588888,15.028438409046998,1.0,1.0,1.0,1.0,1.0,1.0,1.0,1.0,1.0,1.0
354.0,1.0,0.0,0.0,0.0,0.0,0.0,0.0,0.0,0.0,0.0,0.0,0.0,0.0,0.0,0.0,0.0,0.0,0.0,0.0,0.0,0.0
354.25,2.0,0.0,0.0,0.0,0.0,0.0,0.0,0.0,0.0,0.0,0.0,0.0,0.0,0.0,0.0,0.0,0.0,0.0,0.0,0.0,0.0
354.5,3.0,17.366563915390092,17.781811590846957,16.385144465278838,16.537446430044277,16.45403505622566,16.127300859711358,15.146983188459288,14.539886820075985,13.07232773247686,13.167790481804145,1.0,1.0,1.0,1.0,1.0,1.0,1.0,1.0,1.0,1.0
354.75,4.0,0.0,0.0,0.0,0.0,0.0,0.0,0.0,0.0,0.0,0.0,0.0,0.0,0.0,0.0,0.0,0.0,0.0,0.0,0.0,0.0
355.0,1.0,19.15220386774555,19.284379508218557,19.195678008911358,18.077207948296596,18.124148145867924,18.627784277495675,18.19229107727471,17.398559234367404,18.87247776644618,20.06731540042905,1.0,1.0,1.0,1.0,1.0,1.0,1.0,1.0,1.0,1.0
355.25,2.0,19.924465940148938,16.92990025900619,17.99953603731721,17.784119644072586,17.396647461071566,18.237559856037265,18.352577526309588,17.5712972546042,18.248591059275427,17.56576089028934,1.0,1.0,1.0,1.0,1.0,1.0,1.0,1.0,1.0,1.0
355.5,3.0,0.0,0.0,0.0,0.0,0.0,0.0,0.0,0.0,0.0,0.0,0.0,0.0,0.0,0.0,0.0,0.0,0.0,0.0,0.0,0.0
355.75,4.0,16.89777893201389,15.503206566013477,16.672117998072267,16.038594654527994,15.01747779280998,15.594525884579843,14.815714675304385,14.357085894923433,12.646302986950857,14.165576000460959,1.0,1.0,1.0,1.0,1.0,1.0,1.0,1.0,1.0,1.0
356.0,1.0,18.59350211375116,20.25995141401342,20.10711667728708,18.516217020714144,19.77439140201732,19.625449473238554,19.774074076881444,19.568702241719855,20.806460753273715,21.073050977197113,1.0,1.0,1.0,1.0,1.0,1.0,1.0,1.0,1.0,1.0
356.25,2.0,0.0,0.0,0.0,0.0,0.0,0.0,0.0,0.0,0.0,0.0,0.0,0.0,0.0,0.0,0.0,0.0,0.0,0.0,0.0,0.0
356.5,3.0,17.084694671393933,16.600206238397288,17.09301707853459,18.32311375806908,15.690099585801374,14.659919493760158,14.56327932888176,13.836418868650226,13.497957844268942,13.636590324615756,1.0,1.0,1.0,1.0,1.0,1.0,1.0,1.0,1.0,1.0
356.75,4.0,16.569007225770175,16.075673679906473,16.98015826229549,17.205422507499115,15.505465271220746,14.670437117191671,13.529581418861468,13.511224682601005,12.311013949754772,13.525596488323677,1.0,1.0,1.0,1.0,1.0,1.0,1.0,1.0,1.0,1.0
357.0,1.0,0.0,0.0,0.0,0.0,0.0,0.0,0.0,0.0,0.0,0.0,0.0,0.0,0.0,0.0,0.0,0.0,0.0,0.0,0.0,0.0
357.25,2.0,17.43390573121345,17.31776187100768,17.51074820623983,17.447592981408242,17.08579775261972,17.916427348891208,17.98802258349764,17.871556374373064,18.83494441052464,18.010266356106012,1.0,1.0,1.0,1.0,1.0,1.0,1.0,1.0,1.0,1.0
357.5,3.0,0.0,0.0,0.0,0.0,0.0,0.0,0.0,0.0,0.0,0.0,0.0,0.0,0.0,0.0,0.0,0.0,0.0,0.0,0.0,0.0
357.75,4.0,0.0,0.0,0.0,0.0,0.0,0.0,0.0,0.0,0.0,0.0,0.0,0.0,0.0,0.0,0.0,0.0,0.0,0.0,0.0,0.0
358.0,1.0,18.813433905365148,19.551904771602093,19.34653913090389,18.68839696068824,21.665135474410768,20.418492096784956,20.717121911118365,19.261713949733164,18.26271890152013,19.419280435205632,1.0,1.0,1.0,1.0,1.0,1.0,1.0,1.0,1.0,1.0
358.25,2.0,17.468719951514593,18.421016833669306,17.447675449147052,17.67114691735978,18.26186632292483,18.135230160703095,17.77162676445683,17.045209745463914,18.29710427254727,17.2731201697028,1.0,1.0,1.0,1.0,1.0,1.0,1.0,1.0,1.0,1.0
358.5,3.0,17.415769928144808,17.47873560450106,17.342609024169874,16.513381541918697,16.896227152396722,15.16388106590617,15.720557572813957,16.20165371650852,15.921166272482683,16.264898989102424,1.0,1.0,1.0,1.0,1.0,1.0,1.0,1.0,1.0,1.0
358.75,4.0,17.74761193142943,18.14129618800795,17.83514504775932,15.793968358888293,12.492607155296005,13.733199874275247,13.009894865937671,14.94297186746846,13.040845469817354,13.809896894034974,1.0,1.0,1.0,1.0,1.0,1.0,1.0,1.0,1.0,1.0
359.0,1.0,19.391619108486108,19.08017641534304,18.38522360245716,18.732047540704865,20.023655575020424,18.873470134793855,17.995519677217107,17.53044601601235,16.844678030390586,17.707537156288826,1.0,1.0,1.0,1.0,1.0,1.0,1.0,1.0,1.0,1.0
359.25,2.0,0.0,0.0,0.0,0.0,0.0,0.0,0.0,0.0,0.0,0.0,0.0,0.0,0.0,0.0,0.0,0.0,0.0,0.0,0.0,0.0
359.5,3.0,16.816045931555475,18.731377869390116,17.028350486555677,15.96251376243746,15.725366307480966,15.119729827280262,16.7195825774774,16.195972420930964,15.949783141579623,15.532851585855544,1.0,1.0,1.0,1.0,1.0,1.0,1.0,1.0,1.0,1.0
359.75,4.0,19.16433878422012,18.575029743285214,18.033092648162913,16.15489261406646,13.384575792187581,15.174959776851667,13.984983607418965,15.120323368688595,13.218538152269083,14.271697105011341,1.0,1.0,1.0,1.0,1.0,1.0,1.0,1.0,1.0,1.0
360.0,1.0,18.397472506679946,18.87669721108381,18.648922929794924,18.321480238861287,18.96060400820219,18.351967089636098,17.315304930603983,16.25521678828123,16.591260474246187,17.595232682395775,1.0,1.0,1.0,1.0,1.0,1.0,1.0,1.0,1.0,1.0
360.25,2.0,18.905550047645146,19.217202497712943,18.786540191883642,18.40840822836971,18.10179714899936,17.74702549900367,17.36824576279893,17.141773517377757,18.021848906885303,18.311831297202914,1.0,1.0,1.0,1.0,1.0,1.0,1.0,1.0,1.0,1.0
360.5,3.0,0.0,0.0,0.0,0.0,0.0,0.0,0.0,0.0,0.0,0.0,0.0,0.0,0.0,0.0,0.0,0.0,0.0,0.0,0.0,0.0
360.75,4.0,18.982676232375947,18.2906456776872,18.09083623764857,16.613975749055598,14.38217613798052,14.770988803678158,14.416338753734642,14.890086126795879,13.045960237440964,14.067423147768794,1.0,1.0,1.0,1.0,1.0,1.0,1.0,1.0,1.0,1.0
361.0,1.0,17.782595523539626,19.043290832926115,18.568442491278564,18.156658060338238,18.627000135238898,17.09404699891389,16.5396016468166,15.86766773513146,17.3840893332673,18.5776389636281,1.0,1.0,1.0,1.0,1.0,1.0,1.0,1.0,1.0,1.0
361.25,2.0,0.0,0.0,0.0,0.0,0.0,0.0,0.0,0.0,0.0,0.0,0.0,0.0,0.0,0.0,0.0,0.0,0.0,0.0,0.0,0.0
361.5,3.0,18.884263209422855,20.02603146130109,17.65408631209819,17.935253751227528,18.780916672383476,17.142729453119458,17.8183290577699,16.28937392755413,15.333450098555055,15.719130252960381,1.0,1.0,1.0,1.0,1.0,1.0,1.0,1.0,1.0,1.0
361.75,4.0,18.222574784669625,18.200201128683425,18.053722032411812,16.55202016710532,14.17629242814977,15.645085784194867,15.568573664641232,15.14484352683338,12.765824515926692,14.165760910022696,1.0,1.0,1.0,1.0,1.0,1.0,1.0,1.0,1.0,1.0
362.0,1.0,0.0,0.0,0.0,0.0,0.0,0.0,0.0,0.0,0.0,0.0,0.0,0.0,0.0,0.0,0.0,0.0,0.0,0.0,0.0,0.0
362.25,2.0,19.351421274405414,20.11906991175079,18.4130564835417,17.683171082673493,18.303804864729024,17.410338286741005,17.605117647026354,16.75722112006706,18.383705205027198,18.80367616699648,1.0,1.0,1.0,1.0,1.0,1.0,1.0,1.0,1.0,1.0
362.5,3.0,20.232753013992138,19.61681849268905,18.66944132845245,19.648286622415757,18.17305691581197,16.15098858525176,16.314397313632043,15.761645948998243,15.315248846371366,15.684962944360805,1.0,1.0,1.0,1.0,1.0,1.0,1.0,1.0,1.0,1.0
362.75,4.0,0.0,0.0,0.0,0.0,0.0,0.0,0.0,0.0,0.0,0.0,0.0,0.0,0.0,0.0,0.0,0.0,0.0,0.0,0.0,0.0
363.0,1.0,18.996155947965207,18.99110914042172,17.318067181268354,17.52480698358266,18.848169901501326,18.604966540101415,17.91919421355215,17.193364527343643,18.09790264833235,18.57395068846805,1.0,1.0,1.0,1.0,1.0,1.0,1.0,1.0,1.0,1.0
363.25,2.0,19.425877482596615,19.279228340489926,18.335842909151502,18.13352685665437,18.884403380471987,18.076661401003136,18.105524063841,17.83268319774027,18.36296953396885,17.945740055310104,1.0,1.0,1.0,1.0,1.0,1.0,1.0,1.0,1.0,1.0
363.5,3.0,0.0,0.0,0.0,0.0,0.0,0.0,0.0,0.0,0.0,0.0,0.0,0.0,0.0,0.0,0.0,0.0,0.0,0.0,0.0,0.0
363.75,4.0,17.926687454274205,17.019656292217256,16.112262422084594,16.03478771142643,15.105894678382663,15.28309991476018,14.94526074311314,13.476510365045316,12.194460240696097,13.947795307185094,1.0,1.0,1.0,1.0,1.0,1.0,1.0,1.0,1.0,1.0
364.0,1.0,18.73017520952617,17.96065400356068,16.920879586711674,19.098215196821233,17.892145112165018,17.183557126432817,16.90257679543107,17.421133268082777,18.26746045385541,18.837487704597873,1.0,1.0,1.0,1.0,1.0,1.0,1.0,1.0,1.0,1.0
364.25,2.0,0.0,0.0,0.0,0.0,0.0,0.0,0.0,0.0,0.0,0.0,0.0,0.0,0.0,0.0,0.0,0.0,0.0,0.0,0.0,0.0
364.5,3.0,19.259210510004394,19.06955115257599,19.27051792485986,19.248514607835254,17.34517429861869,16.778703494248294,16.162634363425404,16.527632191672698,16.65796306918436,16.221620792278667,1.0,1.0,1.0,1.0,1.0,1.0,1.0,1.0,1.0,1.0
364.75,4.0,17.90490949896688,17.694460518559946,17.451546920568504,17.171202446319466,16.143920977066912,16.833686113477967,16.169044860215166,15.028272967669555,13.452016247422783,13.931391412709365,1.0,1.0,1.0,1.0,1.0,1.0,1.0,1.0,1.0,1.0
365.0,1.0,0.0,0.0,0.0,0.0,0.0,0.0,0.0,0.0,0.0,0.0,0.0,0.0,0.0,0.0,0.0,0.0,0.0,0.0,0.0,0.0
365.25,2.0,19.819236841431124,18.02941635189961,17.037018617337466,16.711902035941765,17.188586649929338,17.616028303179522,17.33885458160155,16.465540064032524,16.266641811625004,16.701519523045683,1.0,1.0,1.0,1.0,1.0,1.0,1.0,1.0,1.0,1.0
365.5,3.0,0.0,0.0,0.0,0.0,0.0,0.0,0.0,0.0,0.0,0.0,0.0,0.0,0.0,0.0,0.0,0.0,0.0,0.0,0.0,0.0
365.75,4.0,0.0,0.0,0.0,0.0,0.0,0.0,0.0,0.0,0.0,0.0,0.0,0.0,0.0,0.0,0.0,0.0,0.0,0.0,0.0,0.0
366.0,1.0,19.54748204796878,18.38881652245584,17.465752632781275,17.41152654047885,17.003821878990337,17.261687118375562,18.051577884013692,19.158393331247524,18.91999485161128,19.587778807318173,1.0,1.0,1.0,1.0,1.0,1.0,1.0,1.0,1.0,1.0
366.25,2.0,20.1300997900025,18.05103379274048,17.298627013551197,16.984950670191836,17.49231218633668,16.546602170862663,16.771080407537212,15.851034907200425,16.001908117539955,16.37245598453433,1.0,1.0,1.0,1.0,1.0,1.0,1.0,1.0,1.0,1.0
366.5,3.0,18.0136975511941,18.308548642656017,18.691670019868923,17.956868599234493,18.469252868433102,17.597660869379574,17.96807209312502,17.590442692895646,17.343430360889382,17.09212569090034,1.0,1.0,1.0,1.0,1.0,1.0,1.0,1.0,1.0,1.0
366.75,4.0,19.192104248384883,18.14492720673976,17.426487900098063,16.571921971692447,16.30461000115989,15.26885651320482,15.329680562057083,14.386260922028784,12.892356251281022,14.325272593930025,1.0,1.0,1.0,1.0,1.0,1.0,1.0,1.0,1.0,1.0
367.0,1.0,19.600474218436975,18.194016922466567,16.87870851755259,16.65233957363127,18.133660569377025,17.51233400188564,18.886634291728196,18.98123916917454,19.262815108035632,19.581273282835756,1.0,1.0,1.0,1.0,1.0,1.0,1.0,1.0,1.0,1.0
367.25,2.0,0.0,0.0,0.0,0.0,0.0,0.0,0.0,0.0,0.0,0.0,0.0,0.0,0.0,0.0,0.0,0.0,0.0,0.0,0.0,0.0
367.5,3.0,18.06353339325203,18.2112995836888,18.378414249030687,18.845973757879445,17.743844506970685,17.35942874421581,17.27998991933134,17.00378539053394,16.81496331263562,16.913772344007256,1.0,1.0,1.0,1.0,1.0,1.0,1.0,1.0,1.0,1.0
367.75,4.0,18.753046122471876,16.85357992395398,16.615375758919274,16.086643354595026,15.981778494012081,15.181992803141437,14.60812000364716,13.858349203473855,13.29508703693993,14.459220408831928,1.0,1.0,1.0,1.0,1.0,1.0,1.0,1.0,1.0,1.0
368.0,1.0,19.432293128990295,18.33697261390431,16.757376233973293,17.536008670687767,19.33495611449844,17.59367673168988,18.761533567303424,19.79542710892797,19.886750318748287,19.547713991987383,1.0,1.0,1.0,1.0,1.0,1.0,1.0,1.0,1.0,1.0
368.25,2.0,19.98319553702349,18.63681895921979,17.950154446333734,17.18627637109516,17.114474635798274,16.350354865362306,16.642659687250283,16.1572533683269,16.62514062748482,16.560672556671044,1.0,1.0,1.0,1.0,1.0,1.0,1.0,1.0,1.0,1.0
368.5,3.0,0.0,0.0,0.0,0.0,0.0,0.0,0.0,0.0,0.0,0.0,0.0,0.0,0.0,0.0,0.0,0.0,0.0,0.0,0.0,0.0
368.75,4.0,16.977261171335517,16.482918599944288,16.73382037837606,15.475359125906886,14.503713188131835,15.12843856350975,14.65012917038609,14.172728570495302,15.370677068774468,15.734895939954681,1.0,1.0,1.0,1.0,1.0,1.0,1.0,1.0,1.0,1.0
369.0,1.0,18.329624349100268,18.285925620826823,17.77401116759258,19.386495371904015,18.408003360558514,17.71943776286085,18.409900104474417,18.786737726986058,18.78700583696972,19.202014156044843,1.0,1.0,1.0,1.0,1.0,1.0,1.0,1.0,1.0,1.0
369.25,2.0,0.0,0.0,0.0,0.0,0.0,0.0,0.0,0.0,0.0,0.0,0.0,0.0,0.0,0.0,0.0,0.0,0.0,0.0,0.0,0.0
369.5,3.0,18.63696480546895,18.580671316839556,18.65002887932106,19.287115056966382,17.881428931666278,17.902846663040457,18.10585690269136,18.637759190966936,18.57532592731423,18.099062346000153,1.0,1.0,1.0,1.0,1.0,1.0,1.0,1.0,1.0,1.0
369.75,4.0,16.724826687901107,16.239418833840883,16.802366062397237,15.712045185138404,15.368714229756097,15.18059381192149,15.609135235848925,15.244915678194324,15.869825354403568,17.167060548110847,1.0,1.0,1.0,1.0,1.0,1.0,1.0,1.0,1.0,1.0
370.0,1.0,0.0,0.0,0.0,0.0,0.0,0.0,0.0,0.0,0.0,0.0,0.0,0.0,0.0,0.0,0.0,0.0,0.0,0.0,0.0,0.0
370.25,2.0,21.29804091822907,19.827411994526,18.926011565211276,16.668651482829592,14.745244627804004,14.306211658206005,14.267299362788917,14.15175625549276,15.13586692289133,16.074162449629423,1.0,1.0,1.0,1.0,1.0,1.0,1.0,1.0,1.0,1.0
370.5,3.0,19.935051855795162,19.430322255205386,17.67670994382723,18.215482732963952,16.72466879384432,16.93026234812538,16.699888183284102,16.964018439349218,16.576612846114323,16.35788131328583,1.0,1.0,1.0,1.0,1.0,1.0,1.0,1.0,1.0,1.0
370.75,4.0,0.0,0.0,0.0,0.0,0.0,0.0,0.0,0.0,0.0,0.0,0.0,0.0,0.0,0.0,0.0,0.0,0.0,0.0,0.0,0.0
371.0,1.0,18.871795195264767,19.410445907645716,19.609122968524723,19.154119915003214,18.187101648254846,17.434413376205818,17.98433307541112,18.532414599262204,18.315119595792034,19.051503847076322,1.0,1.0,1.0,1.0,1.0,1.0,1.0,1.0,1.0,1.0
371.25,2.0,20.122025161569827,18.64884640632759,18.078436276347453,16.6160714757074,14.579942140111214,14.951410274112899,15.04611990139455,15.00578094371869,15.271258428035686,15.913537307069332,1.0,1.0,1.0,1.0,1.0,1.0,1.0,1.0,1.0,1.0
371.5,3.0,0.0,0.0,0.0,0.0,0.0,0.0,0.0,0.0,0.0,0.0,0.0,0.0,0.0,0.0,0.0,0.0,0.0,0.0,0.0,0.0
371.75,4.0,16.993423116419873,16.825285530501148,17.07885126383537,17.091887825756665,17.27558250598825,16.48030784809663,16.02526659122275,16.475541443915123,16.34424286665788,17.469924040413172,1.0,1.0,1.0,1.0,1.0,1.0,1.0,1.0,1.0,1.0
372.0,1.0,19.30807544826648,20.220952452220004,19.328029836814764,19.20149906422567,19.13492681084251,18.659073963525174,19.46342639586343,18.953774257437644,18.743926922828734,19.449483646402,1.0,1.0,1.0,1.0,1.0,1.0,1.0,1.0,1.0,1.0
372.25,2.0,0.0,0.0,0.0,0.0,0.0,0.0,0.0,0.0,0.0,0.0,0.0,0.0,0.0,0.0,0.0,0.0,0.0,0.0,0.0,0.0
372.5,3.0,18.609653957124646,18.27074500068317,17.858005582757688,19.405221385449547,17.39095285041137,16.738581858779593,17.24077095480145,16.209734586479186,14.745105278266486,14.477707443342998,1.0,1.0,1.0,1.0,1.0,1.0,1.0,1.0,1.0,1.0
372.75,4.0,17.269547461105596,17.132682103626188,17.04739707163571,17.051576684735583,16.056805610230086,16.173680733624213,16.109785426515227,16.862500518814247,17.03551011414632,17.737623988776637,1.0,1.0,1.0,1.0,1.0,1.0,1.0,1.0,1.0,1.0
373.0,1.0,19.292844343068552,19.761532191959986,19.80148361507034,20.591944795201822,20.02181925958429,19.341907638481,19.560876337776108,20.49956712595525,20.212460043634042,20.0635413580008,1.0,1.0,1.0,1.0,1.0,1.0,1.0,1.0,1.0,1.0
373.25,2.0,17.34178519036684,17.60071266939062,16.967475533826345,16.70637906907627,16.08665193070826,16.55158492030759,16.774464518853687,16.669826983138066,15.884911440390326,15.39186880359071,1.0,1.0,1.0,1.0,1.0,1.0,1.0,1.0,1.0,1.0
373.5,3.0,0.0,0.0,0.0,0.0,0.0,0.0,0.0,0.0,0.0,0.0,0.0,0.0,0.0,0.0,0.0,0.0,0.0,0.0,0.0,0.0
373.75,4.0,17.312992180941524,17.187993009214484,16.623277137163928,17.83917286632243,16.581879583495734,17.32174203955063,17.95662171969132,18.425975420573984,17.93461671623339,18.695932836888307,1.0,1.0,1.0,1.0,1.0,1.0,1.0,1.0,1.0,1.0
374.0,1.0,19.72113948743318,19.694040245961464,20.07960612264385,20.2833463464329,20.876103776468042,19.810277501359586,20.09989954194438,21.572226178130453,22.319330488751508,21.722358933151725,1.0,1.0,1.0,1.0,1.0,1.0,1.0,1.0,1.0,1.0
374.25,2.0,17.84399498768832,18.068888989342067,16.56702530858094,17.69129049089616,17.379317352993976,16.762915102242193,16.840875961824988,16.286528805269032,15.712896818847463,14.925480283865253,1.0,1.0,1.0,1.0,1.0,1.0,1.0,1.0,1.0,1.0
374.5,3.0,19.093994231532772,18.801266128423016,18.528921104723192,17.990790066956702,16.668011595498573,16.19730292820218,16.060657943050135,14.404115594505699,14.243820500275328,13.276617665559147,1.0,1.0,1.0,1.0,1.0,1.0,1.0,1.0,1.0,1.0
374.75,4.0,17.62352998857671,16.94794144618336,16.728126772874266,17.855190604138414,17.393505886815237,18.565436653012135,19.56861533704727,19.494239809565002,18.117948538567415,17.897241073366086,1.0,1.0,1.0,1.0,1.0,1.0,1.0,1.0,1.0,1.0
375.0,1.0,0.0,0.0,0.0,0.0,0.0,0.0,0.0,0.0,0.0,0.0,0.0,0.0,0.0,0.0,0.0,0.0,0.0,0.0,0.0,0.0
375.25,2.0,0.0,0.0,0.0,0.0,0.0,0.0,0.0,0.0,0.0,0.0,0.0,0.0,0.0,0.0,0.0,0.0,0.0,0.0,0.0,0.0
375.5,3.0,19.217307471158218,18.261807168842356,17.283257449049238,16.77036688223168,16.64715415252173,15.883200459671226,15.533237751776179,14.10341310244956,13.888760975772751,12.68191394010186,1.0,1.0,1.0,1.0,1.0,1.0,1.0,1.0,1.0,1.0
375.75,4.0,0.0,0.0,0.0,0.0,0.0,0.0,0.0,0.0,0.0,0.0,0.0,0.0,0.0,0.0,0.0,0.0,0.0,0.0,0.0,0.0
376.0,1.0,19.62463424909355,19.574624543050813,19.910950591994126,19.842889715542093,18.980946196165917,19.34170422651868,20.696328054799977,21.238345247100366,21.448600298286607,21.12797277732892,1.0,1.0,1.0,1.0,1.0,1.0,1.0,1.0,1.0,1.0
376.25,2.0,18.38168402565233,18.327798038992395,19.43639806644761,18.422999307363977,16.963391576239776,15.747126387308022,15.333006797808517,14.551260174131103,14.682923793473714,13.671696704525845,1.0,1.0,1.0,1.0,1.0,1.0,1.0,1.0,1.0,1.0
376.5,3.0,0.0,0.0,0.0,0.0,0.0,0.0,0.0,0.0,0.0,0.0,0.0,0.0,0.0,0.0,0.0,0.0,0.0,0.0,0.0,0.0
376.75,4.0,18.340938445165374,18.077617866124637,18.83433869973232,18.57942617604013,17.41632772075934,17.516441718694413,17.100614265457853,17.080359805438132,16.185535369855526,16.955951573920835,1.0,1.0,1.0,1.0,1.0,1.0,1.0,1.0,1.0,1.0
377.0,1.0,19.422568592183133,19.322951560092886,20.39664622191195,19.356094840019118,18.25115982813451,18.994543000650243,19.990925053238264,19.746195216277442,19.86042568938486,20.42952802004036,1.0,1.0,1.0,1.0,1.0,1.0,1.0,1.0,1.0,1.0
377.25,2.0,0.0,0.0,0.0,0.0,0.0,0.0,0.0,0.0,0.0,0.0,0.0,0.0,0.0,0.0,0.0,0.0,0.0,0.0,0.0,0.0
377.5,3.0,18.504699677613065,16.840055133729535,17.095031586912313,16.28677718293088,13.44503619333113,14.162387454706538,13.862374828848852,13.30963437119106,13.746887136562565,12.897570295325222,1.0,1.0,1.0,1.0,1.0,1.0,1.0,1.0,1.0,1.0
377.75,4.0,19.432512927730166,19.181712557375835,18.833296346033563,18.786091440334413,17.818692578130474,16.91170586330379,16.19941439065269,15.591577871262052,14.567758035210051,15.716701850032187,1.0,1.0,1.0,1.0,1.0,1.0,1.0,1.0,1.0,1.0
378.0,1.0,0.0,0.0,0.0,0.0,0.0,0.0,0.0,0.0,0.0,0.0,0.0,0.0,0.0,0.0,0.0,0.0,0.0,0.0,0.0,0.0
378.25,2.0,20.124744144917337,19.599082993292768,16.97824394214124,17.188728708472485,16.39018386160996,15.173603808238706,13.79222648456189,13.63972942660069,12.805309520042881,12.732058297435284,1.0,1.0,1.0,1.0,1.0,1.0,1.0,1.0,1.0,1.0
378.5,3.0,0.0,0.0,0.0,0.0,0.0,0.0,0.0,0.0,0.0,0.0,0.0,0.0,0.0,0.0,0.0,0.0,0.0,0.0,0.0,0.0
378.75,4.0,0.0,0.0,0.0,0.0,0.0,0.0,0.0,0.0,0.0,0.0,0.0,0.0,0.0,0.0,0.0,0.0,0.0,0.0,0.0,0.0
379.0,1.0,19.59699521213066,19.674184144095353,18.80337983215628,17.911459576777315,17.982991272504055,17.816194317389247,18.681959813379933,18.714856687764016,19.33700797626044,18.306269496619816,1.0,1.0,1.0,1.0,1.0,1.0,1.0,1.0,1.0,1.0
379.25,2.0,19.99709443961798,17.89231328761591,15.48828393784749,15.713443362809324,15.162297462326192,13.808033221496107,13.561785509252449,12.760583402422483,13.300549778050401,13.875553809806915,1.0,1.0,1.0,1.0,1.0,1.0,1.0,1.0,1.0,1.0
379.5,3.0,0.0,0.0,0.0,0.0,0.0,0.0,0.0,0.0,0.0,0.0,0.0,0.0,0.0,0.0,0.0,0.0,0.0,0.0,0.0,0.0
379.75,4.0,19.091990363634636,18.219080519864264,18.829917012520387,17.312357888970034,14.478810708484907,13.411288512653064,13.682438569846719,13.931801748831312,13.55224088747747,15.190357461854738,1.0,1.0,1.0,1.0,1.0,1.0,1.0,1.0,1.0,1.0
380.0,1.0,19.77035097767574,19.00729053761456,19.733916017210788,18.300541197948803,16.383924531649143,16.69734604912877,17.455870378399066,17.260368030129396,18.10082984926325,17.665031925919767,1.0,1.0,1.0,1.0,1.0,1.0,1.0,1.0,1.0,1.0
380.25,2.0,0.0,0.0,0.0,0.0,0.0,0.0,0.0,0.0,0.0,0.0,0.0,0.0,0.0,0.0,0.0,0.0,0.0,0.0,0.0,0.0
380.5,3.0,19.089254769176332,14.159012541511595,14.72392619244153,14.196736311750296,12.332268855780244,12.149985073436193,12.472964287529967,11.845442392010444,12.928973722787147,12.868823071140595,1.0,1.0,1.0,1.0,1.0,1.0,1.0,1.0,1.0,1.0
380.75,4.0,18.344816028587857,16.98123813597332,17.25912275881076,16.149631558286682,14.956480958681341,14.671724354892692,15.083313354223485,15.0841466918894,15.501551651882682,15.83330615619261,1.0,1.0,1.0,1.0,1.0,1.0,1.0,1.0,1.0,1.0
381.0,1.0,20.464442932737676,19.81256434788974,19.870523362183985,16.815002846052945,16.74814195515185,17.952817013271122,18.58065711599786,17.648231908862414,17.62231718327839,15.845588669880993,1.0,1.0,1.0,1.0,1.0,1.0,1.0,1.0,1.0,1.0
381.25,2.0,17.475294746380772,16.279425234555315,14.49281278190634,14.106311398983326,14.40506542076935,14.520436819541617,14.866061134494572,14.141437221865905,14.916444924939958,15.439237282494851,1.0,1.0,1.0,1.0,1.0,1.0,1.0,1.0,1.0,1.0
381.5,3.0,0.0,0.0,0.0,0.0,0.0,0.0,0.0,0.0,0.0,0.0,0.0,0.0,0.0,0.0,0.0,0.0,0.0,0.0,0.0,0.0
381.75,4.0,16.366717828888728,15.933826371351142,16.010781949748047,15.996837183276332,15.866984363958293,15.702669212340332,15.713833060655213,16.16629724725639,15.937223506397947,16.539277872054225,1.0,1.0,1.0,1.0,1.0,1.0,1.0,1.0,1.0,1.0
382.0,1.0,20.57496235412121,19.118955044876788,18.87025779810598,17.63355685010821,19.860126906868825,19.364597392625868,18.74615113468357,17.49260965824421,17.40290761633967,16.06029536321543,1.0,1.0,1.0,1.0,1.0,1.0,1.0,1.0,1.0,1.0
382.25,2.0,16.209443479368424,16.95506536706169,15.450580764162948,14.588484017264372,14.623023377903285,14.974962679398976,15.276842056291416,15.075960106561118,16.47228746882984,15.926080757707215,1.0,1.0,1.0,1.0,1.0,1.0,1.0,1.0,1.0,1.0
382.5,3.0,14.357865960562728,12.34652247777451,12.090083972524695,11.140352613363419,11.639944450265407,12.520752645568628,13.077841477740108,12.651711715322316,13.002616083712077,13.98693274703907,1.0,1.0,1.0,1.0,1.0,1.0,1.0,1.0,1.0,1.0
382.75,4.0,17.64393618808514,16.698969787617063,16.099791522868184,15.817058909916511,16.375874421926603,16.451050460347293,16.203535661731298,16.640322308175076,17.441606592847343,18.258266007523993,1.0,1.0,1.0,1.0,1.0,1.0,1.0,1.0,1.0,1.0
383.0,1.0,0.0,0.0,0.0,0.0,0.0,0.0,0.0,0.0,0.0,0.0,0.0,0.0,0.0,0.0,0.0,0.0,0.0,0.0,0.0,0.0
383.25,2.0,0.0,0.0,0.0,0.0,0.0,0.0,0.0,0.0,0.0,0.0,0.0,0.0,0.0,0.0,0.0,0.0,0.0,0.0,0.0,0.0
383.5,3.0,14.549959389060124,14.432246236414427,12.119525166648115,11.980684219962063,13.885707949886243,13.411615955046246,13.668138092034477,12.771500210299138,14.350622213965346,15.254413147427215,1.0,1.0,1.0,1.0,1.0,1.0,1.0,1.0,1.0,1.0
383.75,4.0,0.0,0.0,0.0,0.0,0.0,0.0,0.0,0.0,0.0,0.0,0.0,0.0,0.0,0.0,0.0,0.0,0.0,0.0,0.0,0.0
384.0,1.0,19.507575910536694,18.031276685929765,18.927028319353592,20.006162472306013,19.626436556136333,17.18663730271082,17.41891735571164,15.85623739495533,16.139757472380108,15.040042296004518,1.0,1.0,1.0,1.0,1.0,1.0,1.0,1.0,1.0,1.0
384.25,2.0,16.622160419847308,16.722244613581303,15.228186692937982,16.24992069989077,14.205576189872755,14.52317548639007,15.066613117298692,15.760230158389575,16.713898861829424,17.19023428605738,1.0,1.0,1.0,1.0,1.0,1.0,1.0,1.0,1.0,1.0
384.5,3.0,0.0,0.0,0.0,0.0,0.0,0.0,0.0,0.0,0.0,0.0,0.0,0.0,0.0,0.0,0.0,0.0,0.0,0.0,0.0,0.0
384.75,4.0,16.0950449155719,16.690552793620128,18.231301068438103,19.925550778307596,17.90536538458982,17.6096955683652,18.03529934287996,18.756949006027636,18.48498166869775,19.65248998360806,1.0,1.0,1.0,1.0,1.0,1.0,1.0,1.0,1.0,1.0
385.0,1.0,19.559647290593198,18.188553026965675,18.902755307266464,19.211498707003834,18.22200691371364,16.34526679691389,16.39442103148351,15.213572317596949,16.35049444652234,16.319264732876338,1.0,1.0,1.0,1.0,1.0,1.0,1.0,1.0,1.0,1.0
385.25,2.0,0.0,0.0,0.0,0.0,0.0,0.0,0.0,0.0,0.0,0.0,0.0,0.0,0.0,0.0,0.0,0.0,0.0,0.0,0.0,0.0
385.5,3.0,14.500411867579441,13.522621286132393,14.211548283851691,15.047825519481778,13.361145896240574,13.913586139869889,15.31461358280897,15.478885068625262,16.21431506862513,16.833285912329,1.0,1.0,1.0,1.0,1.0,1.0,1.0,1.0,1.0,1.0
385.75,4.0,17.42453073944292,17.657528420572792,19.616508257985025,19.301644020368627,16.91785260861889,16.77249396978629,16.99378884183603,18.227168116231553,18.452989994763048,19.820692685129558,1.0,1.0,1.0,1.0,1.0,1.0,1.0,1.0,1.0,1.0
386.0,1.0,0.0,0.0,0.0,0.0,0.0,0.0,0.0,0.0,0.0,0.0,0.0,0.0,0.0,0.0,0.0,0.0,0.0,0.0,0.0,0.0
386.25,2.0,17.757030073555402,17.72854815345818,17.34030329775758,17.37280080006511,16.02286015495846,16.68060059138335,16.75129472510214,16.359610712823144,15.490679988816122,14.429999697480635,1.0,1.0,1.0,1.0,1.0,1.0,1.0,1.0,1.0,1.0
386.5,3.0,0.0,0.0,0.0,0.0,0.0,0.0,0.0,0.0,0.0,0.0,0.0,0.0,0.0,0.0,0.0,0.0,0.0,0.0,0.0,0.0
386.75,4.0,0.0,0.0,0.0,0.0,0.0,0.0,0.0,0.0,0.0,0.0,0.0,0.0,0.0,0.0,0.0,0.0,0.0,0.0,0.0,0.0
387.0,1.0,19.991209468262525,19.06621026785184,17.77960647496158,18.469099026246642,17.98027961737102,18.14227662548113,18.59545726226638,17.982332192934475,18.943197877253763,18.442807166410873,1.0,1.0,1.0,1.0,1.0,1.0,1.0,1.0,1.0,1.0
387.25,2.0,17.827707737289384,18.737828726113317,17.486210848185014,17.645199883089994,16.618777296916523,16.64295891921386,15.660130426072932,15.303437133779342,15.036168689576463,14.811218911435688,1.0,1.0,1.0,1.0,1.0,1.0,1.0,1.0,1.0,1.0
387.5,3.0,0.0,0.0,0.0,0.0,0.0,0.0,0.0,0.0,0.0,0.0,0.0,0.0,0.0,0.0,0.0,0.0,0.0,0.0,0.0,0.0
387.75,4.0,19.084130724476907,18.486020735021043,18.957009485145527,18.236105083804485,16.46948020848755,16.92380747865662,16.505187038134043,16.018409317365442,15.509672226532146,16.151519533750758,1.0,1.0,1.0,1.0,1.0,1.0,1.0,1.0,1.0,1.0
388.0,1.0,19.82893003555847,18.180504030301996,17.629382599748045,17.877854199461463,18.071600492334184,18.397414073596806,18.74233672755892,18.943491877128327,19.08193937998375,18.277402600485527,1.0,1.0,1.0,1.0,1.0,1.0,1.0,1.0,1.0,1.0
388.25,2.0,0.0,0.0,0.0,0.0,0.0,0.0,0.0,0.0,0.0,0.0,0.0,0.0,0.0,0.0,0.0,0.0,0.0,0.0,0.0,0.0
388.5,3.0,16.329081394836713,15.453586687205888,15.805156700499994,14.557096966370468,15.185735753370974,15.447184268372883,16.189972495140342,15.884994062421818,17.165550430757676,16.80942427748604,1.0,1.0,1.0,1.0,1.0,1.0,1.0,1.0,1.0,1.0
388.75,4.0,18.3332055877141,17.791542297597324,17.907672784051808,17.985870918669647,16.544347947295826,16.45933472809329,15.725747938909354,15.421077200439814,15.697416480225714,17.254654578762466,1.0,1.0,1.0,1.0,1.0,1.0,1.0,1.0,1.0,1.0
389.0,1.0,19.153327746875195,18.17908397491929,17.19366184848631,17.79187768274096,17.157594422969233,18.534882940565783,18.453896216132563,17.87594906196176,18.842340988188564,17.69733850283616,1.0,1.0,1.0,1.0,1.0,1.0,1.0,1.0,1.0,1.0
389.25,2.0,17.257825273398424,17.69277641622707,17.570146535484422,15.942009208025741,15.216437737902952,14.63404279730709,15.018083086801916,14.39261813254775,14.306006950929904,15.103844057004142,1.0,1.0,1.0,1.0,1.0,1.0,1.0,1.0,1.0,1.0
389.5,3.0,0.0,0.0,0.0,0.0,0.0,0.0,0.0,0.0,0.0,0.0,0.0,0.0,0.0,0.0,0.0,0.0,0.0,0.0,0.0,0.0
389.75,4.0,18.31347587689883,17.512403806860668,17.387700855236172,17.14276519873026,15.468568192714443,16.40543802495728,15.061284710486472,14.965285967984642,15.219364962294996,16.973691998943405,1.0,1.0,1.0,1.0,1.0,1.0,1.0,1.0,1.0,1.0
390.0,1.0,19.041276993944642,18.340089677742693,18.891376132271034,18.618445696346537,16.827255657384168,18.664833806495654,17.959855797754102,17.8122358576412,18.7735195317893,17.544578502869165,1.0,1.0,1.0,1.0,1.0,1.0,1.0,1.0,1.0,1.0
390.25,2.0,0.0,0.0,0.0,0.0,0.0,0.0,0.0,0.0,0.0,0.0,0.0,0.0,0.0,0.0,0.0,0.0,0.0,0.0,0.0,0.0
390.5,3.0,15.48005830928764,14.704081795009836,16.412092974755137,15.503726230143117,14.964600230290413,16.495355961264167,15.815854179844376,14.772435132870735,14.861421172972465,15.721332120980962,1.0,1.0,1.0,1.0,1.0,1.0,1.0,1.0,1.0,1.0
390.75,4.0,18.1282703322994,17.841542141339968,16.520198670302264,17.366100919476587,16.75844382560926,16.99185089817694,15.731495056018591,15.664151402301306,15.336184401928561,16.192332427797467,1.0,1.0,1.0,1.0,1.0,1.0,1.0,1.0,1.0,1.0
391.0,1.0,0.0,0.0,0.0,0.0,0.0,0.0,0.0,0.0,0.0,0.0,0.0,0.0,0.0,0.0,0.0,0.0,0.0,0.0,0.0,0.0
391.25,2.0,0.0,0.0,0.0,0.0,0.0,0.0,0.0,0.0,0.0,0.0,0.0,0.0,0.0,0.0,0.0,0.0,0.0,0.0,0.0,0.0
391.5,3.0,15.142045621770226,15.249551025261775,16.556953715728085,15.213011101624542,14.40926005953263,15.327464543125814,14.031503319219373,14.31205307253971,14.665470005458985,15.327803287919844,1.0,1.0,1.0,1.0,1.0,1.0,1.0,1.0,1.0,1.0
391.75,4.0,0.0,0.0,0.0,0.0,0.0,0.0,0.0,0.0,0.0,0.0,0.0,0.0,0.0,0.0,0.0,0.0,0.0,0.0,0.0,0.0
392.0,1.0,18.515375190254126,17.145460153673945,18.25640714869924,18.168813477132115,16.436508909983388,17.49686085753763,17.301514046734383,18.512225730973007,18.95582386360707,19.499810543844113,1.0,1.0,1.0,1.0,1.0,1.0,1.0,1.0,1.0,1.0
392.25,2.0,18.054539758779455,19.084944422522955,18.363201916788185,16.581980961419973,14.151180801763878,14.890852145096556,15.129594712869862,15.733586287377715,15.21924578528658,16.208567521266605,1.0,1.0,1.0,1.0,1.0,1.0,1.0,1.0,1.0,1.0
392.5,3.0,0.0,0.0,0.0,0.0,0.0,0.0,0.0,0.0,0.0,0.0,0.0,0.0,0.0,0.0,0.0,0.0,0.0,0.0,0.0,0.0
392.75,4.0,18.21855882674402,16.74108203956727,16.557273150654847,17.494174482278208,16.38775163088919,16.66729075966085,16.35510452823708,15.640940466205189,15.728475304508857,16.565590205588443,1.0,1.0,1.0,1.0,1.0,1.0,1.0,1.0,1.0,1.0
393.0,1.0,18.402613761468672,17.71342692799752,18.33073936992254,17.452267004671263,17.323841915433515,17.687119468068136,17.66383796359188,18.68485261234841,20.19930221941675,19.854486018751157,1.0,1.0,1.0,1.0,1.0,1.0,1.0,1.0,1.0,1.0
393.25,2.0,0.0,0.0,0.0,0.0,0.0,0.0,0.0,0.0,0.0,0.0,0.0,0.0,0.0,0.0,0.0,0.0,0.0,0.0,0.0,0.0
393.5,3.0,14.169700092762689,15.312605621271018,15.901816071103534,15.332641537411355,15.964748333867172,16.028314541110277,15.304198328068878,16.175751923269413,16.41560248810433,17.218903277391412,1.0,1.0,1.0,1.0,1.0,1.0,1.0,1.0,1.0,1.0
393.75,4.0,17.5766458870411,17.143976135556308,17.60517762997954,17.840349759939507,15.76922682958475,17.044455842254262,17.084810909443533,16.097993978522812,15.610922239808042,16.15095489390589,1.0,1.0,1.0,1.0,1.0,1.0,1.0,1.0,1.0,1.0
394.0,1.0,0.0,0.0,0.0,0.0,0.0,0.0,0.0,0.0,0.0,0.0,0.0,0.0,0.0,0.0,0.0,0.0,0.0,0.0,0.0,0.0
394.25,2.0,18.013019214818662,15.710378540850842,15.286632683742367,16.39574311850885,15.882190000198253,15.416103901696145,16.9383557190183,16.69022172931704,16.06835192789161,15.371968727449772,1.0,1.0,1.0,1.0,1.0,1.0,1.0,1.0,1.0,1.0
394.5,3.0,0.0,0.0,0.0,0.0,0.0,0.0,0.0,0.0,0.0,0.0,0.0,0.0,0.0,0.0,0.0,0.0,0.0,0.0,0.0,0.0
394.75,4.0,0.0,0.0,0.0,0.0,0.0,0.0,0.0,0.0,0.0,0.0,0.0,0.0,0.0,0.0,0.0,0.0,0.0,0.0,0.0,0.0
395.0,1.0,17.090677884495882,16.247716381473058,16.825761032867984,18.11638104703761,19.450356583757817,18.668081014731666,19.165761984597903,19.214943201877812,19.257404379402395,19.500332549732658,1.0,1.0,1.0,1.0,1.0,1.0,1.0,1.0,1.0,1.0
395.25,2.0,17.83477340658916,15.61404349308249,16.29822373844242,16.953548758763937,16.260492131817948,16.24982867333902,16.253625927551475,15.70179757343854,14.857853300926257,14.581295819795605,1.0,1.0,1.0,1.0,1.0,1.0,1.0,1.0,1.0,1.0
395.5,3.0,0.0,0.0,0.0,0.0,0.0,0.0,0.0,0.0,0.0,0.0,0.0,0.0,0.0,0.0,0.0,0.0,0.0,0.0,0.0,0.0
395.75,4.0,17.276807401137788,16.906340780740102,16.52733828996288,17.485316158417724,16.068178568331597,16.179286069802444,16.75020925047675,16.20298719442315,16.48517141055755,17.22916412025333,1.0,1.0,1.0,1.0,1.0,1.0,1.0,1.0,1.0,1.0
396.0,1.0,16.729723801645765,16.44850068400622,17.387169278509276,17.963458424843857,19.44224247410476,18.797725101620973,19.660915428626794,19.6314031997501,20.581036995008162,20.44248486409903,1.0,1.0,1.0,1.0,1.0,1.0,1.0,1.0,1.0,1.0
396.25,2.0,0.0,0.0,0.0,0.0,0.0,0.0,0.0,0.0,0.0,0.0,0.0,0.0,0.0,0.0,0.0,0.0,0.0,0.0,0.0,0.0
396.5,3.0,15.37728462329577,16.91255156231555,14.33916754543803,14.568408400602172,14.684693290297496,15.9497418908805,16.08805442063698,16.050875024103963,16.9782742365383,16.084697958974804,1.0,1.0,1.0,1.0,1.0,1.0,1.0,1.0,1.0,1.0
396.75,4.0,17.48239205077436,16.2016449242755,16.663194394547563,17.02968859069426,15.395383803481707,16.03244188759412,16.178622956757565,16.057451357579176,15.564778218974642,16.721464823550185,1.0,1.0,1.0,1.0,1.0,1.0,1.0,1.0,1.0,1.0
397.0,1.0,17.325102559116917,16.95340366854108,17.300340443914035,17.505267957656383,18.855190680031143,18.738978257219376,19.820657175345662,20.26570149054384,21.231490406223802,21.130909853982132,1.0,1.0,1.0,1.0,1.0,1.0,1.0,1.0,1.0,1.0
397.25,2.0,17.4019118181591,17.42619222718639,18.416060260678194,19.273524624783736,17.346967688022513,17.11783060846025,16.396555397496563,15.40835550012387,13.962518677742686,14.7361861625295,1.0,1.0,1.0,1.0,1.0,1.0,1.0,1.0,1.0,1.0
397.5,3.0,0.0,0.0,0.0,0.0,0.0,0.0,0.0,0.0,0.0,0.0,0.0,0.0,0.0,0.0,0.0,0.0,0.0,0.0,0.0,0.0
397.75,4.0,15.755796786327325,16.942662811606876,17.78064964731838,17.39707197382654,15.133164665938448,15.624099960312886,16.233408162808782,16.924195766207067,17.80173709843357,19.129583469112895,1.0,1.0,1.0,1.0,1.0,1.0,1.0,1.0,1.0,1.0
398.0,1.0,18.06803480886571,17.739684960462732,17.075751363258693,17.046929629995038,18.3735526848639,17.913901603689865,18.690215629029698,18.707422651071823,19.438292904491053,20.426865355262972,1.0,1.0,1.0,1.0,1.0,1.0,1.0,1.0,1.0,1.0
398.25,2.0,0.0,0.0,0.0,0.0,0.0,0.0,0.0,0.0,0.0,0.0,0.0,0.0,0.0,0.0,0.0,0.0,0.0,0.0,0.0,0.0
398.5,3.0,15.651131108567657,16.73382873258673,15.799725169730376,16.36949696694309,15.291190102139828,16.25712713789991,15.53107663695795,16.853697358788764,18.03604445861573,17.750823925155228,1.0,1.0,1.0,1.0,1.0,1.0,1.0,1.0,1.0,1.0
398.75,4.0,16.089817025366838,17.871128919790316,16.407230627894513,17.034415898636045,15.612949187762567,17.37045532773399,18.414083348919192,18.10097868984948,18.797573734651323,19.077278605698574,1.0,1.0,1.0,1.0,1.0,1.0,1.0,1.0,1.0,1.0
399.0,1.0,0.0,0.0,0.0,0.0,0.0,0.0,0.0,0.0,0.0,0.0,0.0,0.0,0.0,0.0,0.0,0.0,0.0,0.0,0.0,0.0
399.25,2.0,0.0,0.0,0.0,0.0,0.0,0.0,0.0,0.0,0.0,0.0,0.0,0.0,0.0,0.0,0.0,0.0,0.0,0.0,0.0,0.0
399.5,3.0,16.266808778880883,16.727935375458312,15.938291264230488,16.236055790168262,14.287693081188019,14.790160100859158,14.550379404136663,15.836299756126136,17.561023059468173,17.267820153390762,1.0,1.0,1.0,1.0,1.0,1.0,1.0,1.0,1.0,1.0
399.75,4.0,0.0,0.0,0.0,0.0,0.0,0.0,0.0,0.0,0.0,0.0,0.0,0.0,0.0,0.0,0.0,0.0,0.0,0.0,0.0,0.0
400.0,1.0,16.189702928522095,15.788868895437519,16.258184810113857,16.696869892860363,18.47068643363991,19.268809100690753,18.683317615620226,19.225464527530455,19.729035763806667,19.74279623967526,1.0,1.0,1.0,1.0,1.0,1.0,1.0,1.0,1.0,1.0
400.25,2.0,18.554871168823738,16.68090541447889,17.313682048912145,16.574939306704373,14.895015543232525,13.94011046764073,12.85202192884893,12.675985384852197,12.546351286002285,13.132301610900937,1.0,1.0,1.0,1.0,1.0,1.0,1.0,1.0,1.0,1.0
400.5,3.0,0.0,0.0,0.0,0.0,0.0,0.0,0.0,0.0,0.0,0.0,0.0,0.0,0.0,0.0,0.0,0.0,0.0,0.0,0.0,0.0
400.75,4.0,17.59240223646921,17.847492851985503,16.92884411180636,17.77009972154182,19.397742173427233,18.87575713044895,19.145884395970775,18.910949302566397,18.82898666181294,19.36255233466982,1.0,1.0,1.0,1.0,1.0,1.0,1.0,1.0,1.0,1.0
401.0,1.0,16.86491299468252,16.582589783164753,15.969076220141671,16.24413342353161,17.567335517769116,18.812323005489823,18.853857105721364,19.062254363628043,18.63803999992353,19.17932072357241,1.0,1.0,1.0,1.0,1.0,1.0,1.0,1.0,1.0,1.0
401.25,2.0,0.0,0.0,0.0,0.0,0.0,0.0,0.0,0.0,0.0,0.0,0.0,0.0,0.0,0.0,0.0,0.0,0.0,0.0,0.0,0.0
401.5,3.0,18.164616882446175,19.136246701923852,17.91135954294104,17.413893913594922,15.274603572479453,17.183155672953045,18.18869951478206,19.305309420102528,19.58183609148158,19.261769838619816,1.0,1.0,1.0,1.0,1.0,1.0,1.0,1.0,1.0,1.0
401.75,4.0,17.945869776645512,18.865621667306055,17.609581378709038,18.081230682970457,18.95632498888082,18.69033974622386,19.039058928734157,17.654939381890593,17.70901080167871,18.569846417642548,1.0,1.0,1.0,1.0,1.0,1.0,1.0,1.0,1.0,1.0
402.0,1.0,0.0,0.0,0.0,0.0,0.0,0.0,0.0,0.0,0.0,0.0,0.0,0.0,0.0,0.0,0.0,0.0,0.0,0.0,0.0,0.0
402.25,2.0,16.350505225272716,15.882512677879639,16.09896487455655,15.167695293070928,15.519798277567782,13.893220852205097,13.529810213216788,14.112346575415595,14.94021876834848,15.981307835428098,1.0,1.0,1.0,1.0,1.0,1.0,1.0,1.0,1.0,1.0
402.5,3.0,0.0,0.0,0.0,0.0,0.0,0.0,0.0,0.0,0.0,0.0,0.0,0.0,0.0,0.0,0.0,0.0,0.0,0.0,0.0,0.0
402.75,4.0,0.0,0.0,0.0,0.0,0.0,0.0,0.0,0.0,0.0,0.0,0.0,0.0,0.0,0.0,0.0,0.0,0.0,0.0,0.0,0.0
403.0,1.0,17.35368606175567,18.210593442110135,18.4663864834396,19.722177335728663,20.91048843280152,20.817133711676767,18.550435614013153,19.26856638449415,18.502318659564516,19.160085225653145,1.0,1.0,1.0,1.0,1.0,1.0,1.0,1.0,1.0,1.0
403.25,2.0,16.16188425532613,15.20268788070287,14.638142948362802,15.401634015264284,15.526453650406205,14.718262313227736,14.494291716716644,15.029462745905802,15.178167207648354,15.599220749265983,1.0,1.0,1.0,1.0,1.0,1.0,1.0,1.0,1.0,1.0
403.5,3.0,20.154709929143152,19.75652765463958,20.961718858986075,19.689477762823834,18.539901939747278,20.007488609595633,19.387985403224835,20.821187246746284,21.19691475004166,20.988747635128195,1.0,1.0,1.0,1.0,1.0,1.0,1.0,1.0,1.0,1.0
403.75,4.0,16.412042429694242,17.84402076085618,17.17037524080138,17.968577359720936,18.278363099785526,18.72301256138489,19.324479312620074,19.073957311611565,19.903231230972136,21.469794718051094,1.0,1.0,1.0,1.0,1.0,1.0,1.0,1.0,1.0,1.0
404.0,1.0,17.528039909916853,17.590298058184306,19.485973453123798,19.93907948755955,21.471380251934416,21.1481315738602,18.425739919404563,19.28451875291891,18.97629376213943,19.828671616309897,1.0,1.0,1.0,1.0,1.0,1.0,1.0,1.0,1.0,1.0
404.25,2.0,0.0,0.0,0.0,0.0,0.0,0.0,0.0,0.0,0.0,0.0,0.0,0.0,0.0,0.0,0.0,0.0,0.0,0.0,0.0,0.0
404.5,3.0,20.95080815782977,18.990963415636752,20.35251802244003,18.87399732562505,19.549668223950587,20.076633979751843,19.387129489827387,20.56747902960986,20.350819755323833,21.08180906542309,1.0,1.0,1.0,1.0,1.0,1.0,1.0,1.0,1.0,1.0
404.75,4.0,17.69392700080513,18.052901132401797,17.28778421122655,17.80379298239572,17.67058730481524,19.366294523354963,19.607593317583763,20.705189719151292,20.828673452430586,20.716342040839358,1.0,1.0,1.0,1.0,1.0,1.0,1.0,1.0,1.0,1.0
405.0,1.0,18.047592306455428,19.14331355252754,21.613088884692754,22.11131620149024,20.739140982267944,20.995072342709665,19.330878695710506,20.18610993625427,20.76165094420007,21.73681349020894,1.0,1.0,1.0,1.0,1.0,1.0,1.0,1.0,1.0,1.0
405.25,2.0,15.052882606337084,15.357023127941124,16.39012598725602,18.896269164810963,17.35744992363908,15.456845010439828,15.879090260599448,15.709376112486053,16.306023606011756,16.504869703983967,1.0,1.0,1.0,1.0,1.0,1.0,1.0,1.0,1.0,1.0
405.5,3.0,0.0,0.0,0.0,0.0,0.0,0.0,0.0,0.0,0.0,0.0,0.0,0.0,0.0,0.0,0.0,0.0,0.0,0.0,0.0,0.0
405.75,4.0,17.66252191775291,17.86611330077188,17.49874770451554,18.963156694163306,19.436111581296814,21.052473662582297,21.39208057373876,21.091393537776632,20.53369082286342,20.566073948825355,1.0,1.0,1.0,1.0,1.0,1.0,1.0,1.0,1.0,1.0
406.0,1.0,19.06702868876398,20.998797200072733,21.94194541305235,22.219344556506652,20.292319329819243,20.418418981272776,19.027377244309132,20.119701710305257,19.70156036767389,19.929178347815,1.0,1.0,1.0,1.0,1.0,1.0,1.0,1.0,1.0,1.0
406.25,2.0,0.0,0.0,0.0,0.0,0.0,0.0,0.0,0.0,0.0,0.0,0.0,0.0,0.0,0.0,0.0,0.0,0.0,0.0,0.0,0.0
406.5,3.0,18.60744661089115,17.22381995990345,18.476863164497214,19.922992503866116,19.095099964322273,19.443050327488177,18.616134483987167,19.654587746481063,18.58087662414865,19.350910909162813,1.0,1.0,1.0,1.0,1.0,1.0,1.0,1.0,1.0,1.0
406.75,4.0,16.871006614276663,18.610713865594597,18.991257574448134,20.05668616919485,20.303223842993926,21.51721631321836,20.641441050857495,20.566697641640417,19.706439638395988,20.849325806621806,1.0,1.0,1.0,1.0,1.0,1.0,1.0,1.0,1.0,1.0
407.0,1.0,0.0,0.0,0.0,0.0,0.0,0.0,0.0,0.0,0.0,0.0,0.0,0.0,0.0,0.0,0.0,0.0,0.0,0.0,0.0,0.0
407.25,2.0,15.417467852536323,16.386411916247503,18.29711223734792,19.394572530041252,16.98532493324782,15.696873395989194,16.497833141444367,16.356302432013834,16.114528894393963,16.41099544100327,1.0,1.0,1.0,1.0,1.0,1.0,1.0,1.0,1.0,1.0
407.5,3.0,17.693445420969788,17.568769087191967,18.392929208327647,19.946399913870824,19.853841351648178,19.440058915749134,18.65633499858599,18.825523606555002,18.85936847702623,19.10975864480536,1.0,1.0,1.0,1.0,1.0,1.0,1.0,1.0,1.0,1.0
407.75,4.0,0.0,0.0,0.0,0.0,0.0,0.0,0.0,0.0,0.0,0.0,0.0,0.0,0.0,0.0,0.0,0.0,0.0,0.0,0.0,0.0
408.0,1.0,19.967092306905393,22.505577418840602,21.366458979381996,20.13694886478109,19.983362071600848,20.463034712077082,19.70751356689964,20.147700855121208,20.082050698866052,20.127418164682368,1.0,1.0,1.0,1.0,1.0,1.0,1.0,1.0,1.0,1.0
408.25,2.0,16.566229588393945,17.345423235256245,18.718462388077985,18.51750249176393,15.884116762819817,16.184468282522186,17.051004703059814,16.338264952142197,16.355523621474624,17.187630384218807,1.0,1.0,1.0,1.0,1.0,1.0,1.0,1.0,1.0,1.0
408.5,3.0,0.0,0.0,0.0,0.0,0.0,0.0,0.0,0.0,0.0,0.0,0.0,0.0,0.0,0.0,0.0,0.0,0.0,0.0,0.0,0.0
408.75,4.0,18.4723478921992,21.41208349386874,21.821267250383684,20.805827619638457,19.18639632384163,20.243412818029366,20.54410428976689,19.191694540271147,19.528140809362405,19.10531700596906,1.0,1.0,1.0,1.0,1.0,1.0,1.0,1.0,1.0,1.0
409.0,1.0,20.45755888484753,22.23458480542766,21.28783889502044,20.894909996072574,19.811587177518394,20.160648999218434,19.19638516491049,19.58643427177918,19.238244210955823,19.480669260310737,1.0,1.0,1.0,1.0,1.0,1.0,1.0,1.0,1.0,1.0
409.25,2.0,0.0,0.0,0.0,0.0,0.0,0.0,0.0,0.0,0.0,0.0,0.0,0.0,0.0,0.0,0.0,0.0,0.0,0.0,0.0,0.0
409.5,3.0,17.763638825683504,19.81013219450984,20.395761305998636,19.374671295821358,18.917455491181542,18.611344247949614,18.05804803762423,18.86338824774345,19.619749252262405,18.21144057546863,1.0,1.0,1.0,1.0,1.0,1.0,1.0,1.0,1.0,1.0
409.75,4.0,19.169415552142002,20.90260342302261,21.68771775381724,19.951650343178052,18.30421210271257,19.357821182425525,18.642868182137093,18.32321073398923,18.35557417164831,18.314479677875116,1.0,1.0,1.0,1.0,1.0,1.0,1.0,1.0,1.0,1.0
410.0,1.0,20.754549021740544,22.180912977467976,21.266516119901326,20.510508282231065,20.542200438459428,20.119222390746828,19.504075699563938,18.735017083786463,17.926354696029637,18.073747857936674,1.0,1.0,1.0,1.0,1.0,1.0,1.0,1.0,1.0,1.0
410.25,2.0,18.47435509354181,18.49687798467906,17.63483860471798,17.17652160716912,15.32871121229837,15.726764929851784,15.72952895494245,16.100808826639213,16.274444730919498,16.86483045611353,1.0,1.0,1.0,1.0,1.0,1.0,1.0,1.0,1.0,1.0
410.5,3.0,0.0,0.0,0.0,0.0,0.0,0.0,0.0,0.0,0.0,0.0,0.0,0.0,0.0,0.0,0.0,0.0,0.0,0.0,0.0,0.0
410.75,4.0,0.0,0.0,0.0,0.0,0.0,0.0,0.0,0.0,0.0,0.0,0.0,0.0,0.0,0.0,0.0,0.0,0.0,0.0,0.0,0.0
411.0,1.0,20.691518798390188,22.688620130799883,20.532649970609633,20.29551688203958,20.092955443716694,19.596038704679746,18.396747709479847,17.83871793999828,17.921670044723466,16.50446140855919,1.0,1.0,1.0,1.0,1.0,1.0,1.0,1.0,1.0,1.0
411.25,2.0,17.770825378793916,16.89534206898447,16.72811757088802,16.38791631082927,15.27671718100657,15.550387950100955,16.382508112843368,17.009638569804842,16.75908701591027,18.291254765747006,1.0,1.0,1.0,1.0,1.0,1.0,1.0,1.0,1.0,1.0
411.5,3.0,19.170494903516794,21.02510311225278,19.869600357703973,18.585555627265315,16.93821606645828,17.110796703800084,16.35920450781841,17.42860578799902,18.36083110063491,17.829303995879926,1.0,1.0,1.0,1.0,1.0,1.0,1.0,1.0,1.0,1.0
411.75,4.0,22.021450062036685,23.615790193668932,21.743592558358078,19.05466309545939,19.219978671632724,18.684652269088556,18.249813352540325,18.479282123240697,19.337171755615998,20.137871903212666,1.0,1.0,1.0,1.0,1.0,1.0,1.0,1.0,1.0,1.0
412.0,1.0,0.0,0.0,0.0,0.0,0.0,0.0,0.0,0.0,0.0,0.0,0.0,0.0,0.0,0.0,0.0,0.0,0.0,0.0,0.0,0.0
412.25,2.0,0.0,0.0,0.0,0.0,0.0,0.0,0.0,0.0,0.0,0.0,0.0,0.0,0.0,0.0,0.0,0.0,0.0,0.0,0.0,0.0
412.5,3.0,19.29475814485679,20.286604238208426,19.576517359706664,18.73876226916577,16.533550749964444,17.648359881290688,17.526757520516913,17.819746392934874,18.218289046513025,17.50994503888194,1.0,1.0,1.0,1.0,1.0,1.0,1.0,1.0,1.0,1.0
412.75,4.0,22.501682867598742,23.81581297458373,21.3068078443564,19.115607854750124,18.37748058225681,18.471601170314784,18.050990825713065,19.116360080209056,20.59954605304013,20.134560169719098,1.0,1.0,1.0,1.0,1.0,1.0,1.0,1.0,1.0,1.0
413.0,1.0,19.00838127043131,20.510542141349433,19.84781204010203,18.584882830923853,19.556797633823418,19.135299980667686,17.42287211041104,16.774539729460578,16.585839186488734,16.607306439049374,1.0,1.0,1.0,1.0,1.0,1.0,1.0,1.0,1.0,1.0
413.25,2.0,16.14405517643722,14.817819884922764,16.599160055173165,17.48351708660157,16.555949241867374,18.333269515743943,19.179738161465142,19.56676616281236,19.60935890586937,19.390676251882425,1.0,1.0,1.0,1.0,1.0,1.0,1.0,1.0,1.0,1.0
413.5,3.0,0.0,0.0,0.0,0.0,0.0,0.0,0.0,0.0,0.0,0.0,0.0,0.0,0.0,0.0,0.0,0.0,0.0,0.0,0.0,0.0
413.75,4.0,23.454232156267498,23.511191602279915,21.15122998055541,20.289208506251466,19.524460558388697,19.0073882730438,19.264187938329457,19.76510924215385,20.111366071890256,20.0282991919891,1.0,1.0,1.0,1.0,1.0,1.0,1.0,1.0,1.0,1.0
414.0,1.0,20.782835178812395,21.12958035827619,20.236888571965714,18.511881262372295,19.29995747948824,18.08361187325003,17.133875565078686,17.137191772421676,17.139232102022834,17.71426573757606,1.0,1.0,1.0,1.0,1.0,1.0,1.0,1.0,1.0,1.0
414.25,2.0,0.0,0.0,0.0,0.0,0.0,0.0,0.0,0.0,0.0,0.0,0.0,0.0,0.0,0.0,0.0,0.0,0.0,0.0,0.0,0.0
414.5,3.0,21.415734704865073,20.54334252465239,19.230753790532923,19.00678403009452,17.323553693470743,18.067476377107653,17.705396622211104,18.94600277511752,18.067396689583827,18.198922315228728,1.0,1.0,1.0,1.0,1.0,1.0,1.0,1.0,1.0,1.0
414.75,4.0,23.690142642829887,23.097558047373255,20.611911518201882,19.638702654515665,19.53063484958328,19.88629524304442,20.431558955860773,20.839387683386864,20.659972560881354,19.940922939160572,1.0,1.0,1.0,1.0,1.0,1.0,1.0,1.0,1.0,1.0
415.0,1.0,0.0,0.0,0.0,0.0,0.0,0.0,0.0,0.0,0.0,0.0,0.0,0.0,0.0,0.0,0.0,0.0,0.0,0.0,0.0,0.0
415.25,2.0,17.20625853314461,17.504095178918107,18.164919149411727,19.150927905848032,18.978224472947545,19.963151118611517,20.078498516916397,18.739215977696524,18.652931796647955,18.403497207808854,1.0,1.0,1.0,1.0,1.0,1.0,1.0,1.0,1.0,1.0
415.5,3.0,20.885965808243068,20.561924711052605,20.336669419067693,18.520325197617147,15.812556259298303,16.55935499455574,17.15293710425842,18.522812703590688,18.891174216347082,18.282571951334283,1.0,1.0,1.0,1.0,1.0,1.0,1.0,1.0,1.0,1.0
415.75,4.0,0.0,0.0,0.0,0.0,0.0,0.0,0.0,0.0,0.0,0.0,0.0,0.0,0.0,0.0,0.0,0.0,0.0,0.0,0.0,0.0
416.0,1.0,20.10453336611138,20.507642729662216,20.80093075673742,19.418478942698734,17.949630432614683,17.279187614088013,18.29016880320864,18.54070590374773,17.909280089026385,18.479265301792328,1.0,1.0,1.0,1.0,1.0,1.0,1.0,1.0,1.0,1.0
416.25,2.0,17.44411772195898,17.073145247427938,17.822965169732626,18.615457314126143,19.18655947850211,19.67569766228583,20.55504639937007,19.200491534247934,18.934637641569505,18.057788661509974,1.0,1.0,1.0,1.0,1.0,1.0,1.0,1.0,1.0,1.0
416.5,3.0,0.0,0.0,0.0,0.0,0.0,0.0,0.0,0.0,0.0,0.0,0.0,0.0,0.0,0.0,0.0,0.0,0.0,0.0,0.0,0.0
416.75,4.0,21.144965439397414,19.501063029759003,18.152663772813295,18.68926960618027,18.051412474321907,18.467446860812878,17.842758920275028,17.949744847064398,19.006621465871298,18.332618395694535,1.0,1.0,1.0,1.0,1.0,1.0,1.0,1.0,1.0,1.0
417.0,1.0,20.331234559165257,20.498259510117965,20.75140789028457,18.77885798733795,18.234078216360242,17.153990255128903,17.755935503516284,18.473473582887586,17.331377965462643,18.613412752929342,1.0,1.0,1.0,1.0,1.0,1.0,1.0,1.0,1.0,1.0
417.25,2.0,0.0,0.0,0.0,0.0,0.0,0.0,0.0,0.0,0.0,0.0,0.0,0.0,0.0,0.0,0.0,0.0,0.0,0.0,0.0,0.0
417.5,3.0,21.174007400585925,19.99971113930618,18.12589160343943,16.73792743653022,16.232040570205893,16.655844855271074,17.188382013002215,17.361399213953696,17.123772515184996,15.563714903377555,1.0,1.0,1.0,1.0,1.0,1.0,1.0,1.0,1.0,1.0
417.75,4.0,19.978148577431238,18.45165254175221,17.424781302569873,17.796054493002213,17.738286845640182,17.937029725947074,18.38084402012805,17.84609956538479,18.963956806226978,18.152407941592678,1.0,1.0,1.0,1.0,1.0,1.0,1.0,1.0,1.0,1.0
418.0,1.0,20.314703843877318,20.119053432339385,20.222069777299517,20.345458918613897,17.48265933356504,16.341286618272342,16.90818137507146,17.13096114323996,18.04907486261047,19.16879503335402,1.0,1.0,1.0,1.0,1.0,1.0,1.0,1.0,1.0,1.0
418.25,2.0,18.30187249504483,17.732467924927487,18.712058253914964,19.237798503586394,20.411584955395142,20.20643768942315,17.92231330780084,16.204182831107243,16.801581470556716,16.826248122035558,1.0,1.0,1.0,1.0,1.0,1.0,1.0,1.0,1.0,1.0
418.5,3.0,0.0,0.0,0.0,0.0,0.0,0.0,0.0,0.0,0.0,0.0,0.0,0.0,0.0,0.0,0.0,0.0,0.0,0.0,0.0,0.0
418.75,4.0,18.516378195343904,16.789472834265386,15.558606309401137,17.1587483464986,18.207951731824664,17.6652159215845,18.29283839972031,17.41254121764618,18.13205728607867,18.205398707963898,1.0,1.0,1.0,1.0,1.0,1.0,1.0,1.0,1.0,1.0
419.0,1.0,19.56037358556216,19.357565273752922,20.41930125943653,18.21743445247555,16.12221004619356,16.45973989857074,17.349133682816586,17.909971182790315,18.606569858252747,19.33407118819996,1.0,1.0,1.0,1.0,1.0,1.0,1.0,1.0,1.0,1.0
419.25,2.0,18.897586965253723,17.909302851429782,18.58724748239339,20.14341748034687,19.05731443749961,19.22784577675465,18.79767187709648,16.780423406972094,17.824864099863465,17.649117020994808,1.0,1.0,1.0,1.0,1.0,1.0,1.0,1.0,1.0,1.0
419.5,3.0,18.262749411712498,17.399901114214448,15.793902595966989,17.219988881423482,17.14580161339896,16.31810992203814,15.151050129279493,14.637522651879376,14.322222127232907,13.32543898165283,1.0,1.0,1.0,1.0,1.0,1.0,1.0,1.0,1.0,1.0
419.75,4.0,15.752385144529748,16.005471155931893,15.45590219705084,17.687159379158004,18.258094962220554,18.14329772212775,19.21401042385297,19.10035604079823,19.66816850747216,20.2397418309381,1.0,1.0,1.0,1.0,1.0,1.0,1.0,1.0,1.0,1.0
420.0,1.0,0.0,0.0,0.0,0.0,0.0,0.0,0.0,0.0,0.0,0.0,0.0,0.0,0.0,0.0,0.0,0.0,0.0,0.0,0.0,0.0
420.25,2.0,0.0,0.0,0.0,0.0,0.0,0.0,0.0,0.0,0.0,0.0,0.0,0.0,0.0,0.0,0.0,0.0,0.0,0.0,0.0,0.0
420.5,3.0,16.67415752797524,18.221262660670835,17.033115092181223,18.116145596291332,16.52036100748289,15.555092882322768,14.378473250156473,13.551850995434709,14.00589519302385,13.475730312724817,1.0,1.0,1.0,1.0,1.0,1.0,1.0,1.0,1.0,1.0
420.75,4.0,0.0,0.0,0.0,0.0,0.0,0.0,0.0,0.0,0.0,0.0,0.0,0.0,0.0,0.0,0.0,0.0,0.0,0.0,0.0,0.0
421.0,1.0,18.141826075876494,18.151587345484,17.87272211865556,18.317627455499245,16.926294229400963,18.435262194268898,18.829207881685278,20.143243735728703,20.314579583209383,19.4598715764667,1.0,1.0,1.0,1.0,1.0,1.0,1.0,1.0,1.0,1.0
421.25,2.0,15.78789213191115,17.15777726006012,17.659479175520943,18.0978882557489,19.21933892060233,20.59582086969028,19.89899739898279,18.575478392790124,18.06521807974313,17.717089929554458,1.0,1.0,1.0,1.0,1.0,1.0,1.0,1.0,1.0,1.0
421.5,3.0,0.0,0.0,0.0,0.0,0.0,0.0,0.0,0.0,0.0,0.0,0.0,0.0,0.0,0.0,0.0,0.0,0.0,0.0,0.0,0.0
421.75,4.0,15.039090641075255,14.67841560056123,15.006354796498687,16.92026751303735,19.557908599195788,19.775514689272914,19.792122924938017,19.91733533337919,20.385150201357046,19.924279438585458,1.0,1.0,1.0,1.0,1.0,1.0,1.0,1.0,1.0,1.0
422.0,1.0,18.329386603651685,17.698044599304325,18.14519567466599,18.045264329391028,17.662230774261715,19.160314254611134,19.380064311996403,20.036887148594957,19.915270153692713,19.771602220765992,1.0,1.0,1.0,1.0,1.0,1.0,1.0,1.0,1.0,1.0
422.25,2.0,0.0,0.0,0.0,0.0,0.0,0.0,0.0,0.0,0.0,0.0,0.0,0.0,0.0,0.0,0.0,0.0,0.0,0.0,0.0,0.0
422.5,3.0,15.563196064675035,16.41107671642914,16.02430265999926,17.14032336132025,17.393678749666343,16.203334437186854,15.721609557397933,15.198636391706318,16.567197181801472,15.68073105009879,1.0,1.0,1.0,1.0,1.0,1.0,1.0,1.0,1.0,1.0
422.75,4.0,15.807345651673586,14.908018656264288,15.856017370470495,18.22859861465236,20.470079985705226,19.206946363600046,20.264252474158578,20.205093344482453,20.94599049291566,19.758210377133608,1.0,1.0,1.0,1.0,1.0,1.0,1.0,1.0,1.0,1.0
423.0,1.0,0.0,0.0,0.0,0.0,0.0,0.0,0.0,0.0,0.0,0.0,0.0,0.0,0.0,0.0,0.0,0.0,0.0,0.0,0.0,0.0
423.25,2.0,17.045714709821787,17.061175751042754,18.979381958671766,19.925391198892143,17.05588696161906,17.68765986672208,18.204004557582934,17.82022819701268,18.5266544533273,17.170682289895325,1.0,1.0,1.0,1.0,1.0,1.0,1.0,1.0,1.0,1.0
423.5,3.0,0.0,0.0,0.0,0.0,0.0,0.0,0.0,0.0,0.0,0.0,0.0,0.0,0.0,0.0,0.0,0.0,0.0,0.0,0.0,0.0
423.75,4.0,0.0,0.0,0.0,0.0,0.0,0.0,0.0,0.0,0.0,0.0,0.0,0.0,0.0,0.0,0.0,0.0,0.0,0.0,0.0,0.0
424.0,1.0,18.054030079151747,18.35181009504671,17.49897946640163,18.39697339382299,19.502734860073005,20.283054334453066,21.716511051258912,21.9131358661126,21.37200424762666,22.138126720152496,1.0,1.0,1.0,1.0,1.0,1.0,1.0,1.0,1.0,1.0
424.25,2.0,16.85303258889501,17.471302045786434,18.86943647810084,20.137763058105673,17.60527253967061,18.69957044759921,18.282257973030834,17.690382356750547,18.08783564230878,17.538439623923992,1.0,1.0,1.0,1.0,1.0,1.0,1.0,1.0,1.0,1.0
424.5,3.0,0.0,0.0,0.0,0.0,0.0,0.0,0.0,0.0,0.0,0.0,0.0,0.0,0.0,0.0,0.0,0.0,0.0,0.0,0.0,0.0
424.75,4.0,15.703548496074196,17.454130249368074,18.321014269222744,18.629314737126965,18.546906393060517,17.540682716577937,18.88004642280573,20.184987674268072,21.420640053707682,20.667844498796363,1.0,1.0,1.0,1.0,1.0,1.0,1.0,1.0,1.0,1.0
425.0,1.0,16.80878648113112,17.236123769895187,18.232471702217126,20.259568191197342,19.8289955167438,20.68047544205195,21.36455629227519,22.05107542884385,21.726010065933963,21.989903898940675,1.0,1.0,1.0,1.0,1.0,1.0,1.0,1.0,1.0,1.0
425.25,2.0,0.0,0.0,0.0,0.0,0.0,0.0,0.0,0.0,0.0,0.0,0.0,0.0,0.0,0.0,0.0,0.0,0.0,0.0,0.0,0.0
425.5,3.0,17.686132493590062,17.48674917328266,15.681391160262784,15.805751730880411,17.724476776394948,18.21981836169583,17.793588632535222,17.570412086930276,17.725595315562686,17.4087945266267,1.0,1.0,1.0,1.0,1.0,1.0,1.0,1.0,1.0,1.0
425.75,4.0,16.628693109147168,18.998457318437765,19.597092373923434,19.11500882547216,18.372886479437106,18.321506821517676,20.067112963077516,21.057871256279174,22.594904325200982,21.773824788574135,1.0,1.0,1.0,1.0,1.0,1.0,1.0,1.0,1.0,1.0
426.0,1.0,16.229431473231536,17.933738491696694,19.94058457550807,20.307561885291683,19.965396559468726,21.011773634418297,20.781444845472794,21.308165193456958,21.478062537359165,21.5022462266388,1.0,1.0,1.0,1.0,1.0,1.0,1.0,1.0,1.0,1.0
426.25,2.0,18.543023261763757,18.867118934715872,18.890241869214524,17.24707724440455,15.286244501187658,16.4511976163905,14.961728668594949,15.601162368934183,16.037261339555563,16.71844192811247,1.0,1.0,1.0,1.0,1.0,1.0,1.0,1.0,1.0,1.0
426.5,3.0,0.0,0.0,0.0,0.0,0.0,0.0,0.0,0.0,0.0,0.0,0.0,0.0,0.0,0.0,0.0,0.0,0.0,0.0,0.0,0.0
426.75,4.0,17.841564832613553,19.442027822718618,19.7985565729305,19.82386615411696,19.100844074961007,19.73257201336212,21.34597767209358,22.181417344728235,22.803547518619045,22.021700276016563,1.0,1.0,1.0,1.0,1.0,1.0,1.0,1.0,1.0,1.0
427.0,1.0,18.058771409034307,18.649319443767894,19.99964912584335,20.366909800289207,20.250849646403385,21.88577582727811,22.230169877749404,22.942691271058244,23.06175685429247,24.03974545124228,1.0,1.0,1.0,1.0,1.0,1.0,1.0,1.0,1.0,1.0
427.25,2.0,0.0,0.0,0.0,0.0,0.0,0.0,0.0,0.0,0.0,0.0,0.0,0.0,0.0,0.0,0.0,0.0,0.0,0.0,0.0,0.0
427.5,3.0,18.47104273763743,17.403044093013875,17.73867966151047,18.407978625997465,17.904573290244713,17.852703878747118,17.65532411654342,18.27900952420017,19.5439571757577,19.09011400247622,1.0,1.0,1.0,1.0,1.0,1.0,1.0,1.0,1.0,1.0
427.75,4.0,18.79916406911739,18.84285313252251,19.54534096570974,19.907376057832632,20.559284441535574,20.553559927042347,21.037550660131462,22.108093526806545,22.39237539966256,22.628542692799197,1.0,1.0,1.0,1.0,1.0,1.0,1.0,1.0,1.0,1.0
428.0,1.0,0.0,0.0,0.0,0.0,0.0,0.0,0.0,0.0,0.0,0.0,0.0,0.0,0.0,0.0,0.0,0.0,0.0,0.0,0.0,0.0
428.25,2.0,0.0,0.0,0.0,0.0,0.0,0.0,0.0,0.0,0.0,0.0,0.0,0.0,0.0,0.0,0.0,0.0,0.0,0.0,0.0,0.0
428.5,3.0,18.172874919767157,18.275652593487294,19.034821333168054,18.609767578409965,17.53220519592481,18.72138232833629,19.243809170189895,19.512698492023134,20.34835615091945,19.970251765499693,1.0,1.0,1.0,1.0,1.0,1.0,1.0,1.0,1.0,1.0
428.75,4.0,0.0,0.0,0.0,0.0,0.0,0.0,0.0,0.0,0.0,0.0,0.0,0.0,0.0,0.0,0.0,0.0,0.0,0.0,0.0,0.0
429.0,1.0,18.54416015361847,19.792250658919883,21.253284118829608,22.617476247292476,23.063995295209324,23.13411644072458,23.39961527999021,23.14306050108918,23.776463922844947,23.809441432375017,1.0,1.0,1.0,1.0,1.0,1.0,1.0,1.0,1.0,1.0
429.25,2.0,19.61942832629761,18.285494342840813,17.598420008659403,16.621340349074977,17.23817525445476,17.35897753371251,16.57276220924738,17.392310216421826,16.941874673760555,17.88784688826176,1.0,1.0,1.0,1.0,1.0,1.0,1.0,1.0,1.0,1.0
429.5,3.0,0.0,0.0,0.0,0.0,0.0,0.0,0.0,0.0,0.0,0.0,0.0,0.0,0.0,0.0,0.0,0.0,0.0,0.0,0.0,0.0
429.75,4.0,19.94165207739345,18.349027614173004,19.49687689050944,20.32047266385346,21.93473275474063,22.14305218559061,22.609166327719727,22.571081663935416,22.97180551172893,22.379204650340835,1.0,1.0,1.0,1.0,1.0,1.0,1.0,1.0,1.0,1.0
430.0,1.0,19.201544487974612,19.97291458739038,22.031134131881473,22.908884874966525,22.73583640232259,24.317379371189208,24.44126718472415,24.216187048469237,25.077745779138105,25.164912301872114,1.0,1.0,1.0,1.0,1.0,1.0,1.0,1.0,1.0,1.0
430.25,2.0,0.0,0.0,0.0,0.0,0.0,0.0,0.0,0.0,0.0,0.0,0.0,0.0,0.0,0.0,0.0,0.0,0.0,0.0,0.0,0.0
430.5,3.0,21.03666727592379,19.641986683551828,19.15689169749365,17.904201547602334,19.321838019494795,20.82095472899795,21.088453682655636,21.756278516260654,21.859608132906068,21.1227306629299,1.0,1.0,1.0,1.0,1.0,1.0,1.0,1.0,1.0,1.0
430.75,4.0,19.646259450741294,19.81383209685525,21.8660268426245,22.258224437668492,23.587853118306843,23.913108058503294,23.009361744822755,21.549075543820795,21.720969412504267,20.80478762186064,1.0,1.0,1.0,1.0,1.0,1.0,1.0,1.0,1.0,1.0
431.0,1.0,0.0,0.0,0.0,0.0,0.0,0.0,0.0,0.0,0.0,0.0,0.0,0.0,0.0,0.0,0.0,0.0,0.0,0.0,0.0,0.0
431.25,2.0,21.30289304562975,19.763276544693657,18.83347483765683,19.00113874216719,18.2313078744727,17.863293336225087,17.764149976015336,17.067022678147822,17.847714044679872,18.544165946045755,1.0,1.0,1.0,1.0,1.0,1.0,1.0,1.0,1.0,1.0
431.5,3.0,0.0,0.0,0.0,0.0,0.0,0.0,0.0,0.0,0.0,0.0,0.0,0.0,0.0,0.0,0.0,0.0,0.0,0.0,0.0,0.0
431.75,4.0,0.0,0.0,0.0,0.0,0.0,0.0,0.0,0.0,0.0,0.0,0.0,0.0,0.0,0.0,0.0,0.0,0.0,0.0,0.0,0.0
432.0,1.0,19.990656621218346,22.569480695048078,22.9633822068352,22.41412520461614,23.953566566775393,25.076816765023082,24.69132799838033,23.722045293315755,22.91737609952081,22.59425668929332,1.0,1.0,1.0,1.0,1.0,1.0,1.0,1.0,1.0,1.0
432.25,2.0,20.692101512459473,19.378308503484913,19.408426085069664,20.147287430366102,18.71727775454332,18.33893071023598,17.86306980757804,18.238509063448113,19.079950653790824,18.474629027044898,1.0,1.0,1.0,1.0,1.0,1.0,1.0,1.0,1.0,1.0
432.5,3.0,0.0,0.0,0.0,0.0,0.0,0.0,0.0,0.0,0.0,0.0,0.0,0.0,0.0,0.0,0.0,0.0,0.0,0.0,0.0,0.0
432.75,4.0,21.04486336394211,22.25025888575216,25.101701613938978,25.20370288872843,24.62629516767627,23.962338882921255,22.507765100990046,21.42605933890073,21.26550243827659,20.889299638534006,1.0,1.0,1.0,1.0,1.0,1.0,1.0,1.0,1.0,1.0
433.0,1.0,21.4352785947852,22.775785302876788,22.649000427274014,22.638972606662303,23.911782133347558,24.21619187091005,23.961232421556453,21.91771653736952,22.040690594737335,21.58171496189328,1.0,1.0,1.0,1.0,1.0,1.0,1.0,1.0,1.0,1.0
433.25,2.0,0.0,0.0,0.0,0.0,0.0,0.0,0.0,0.0,0.0,0.0,0.0,0.0,0.0,0.0,0.0,0.0,0.0,0.0,0.0,0.0
433.5,3.0,19.281784890827993,18.88004823110827,18.87243955962972,20.008519839513315,22.378333674350117,21.261433861035115,20.561195325381988,19.26794110050602,19.39871561551558,18.76760277764068,1.0,1.0,1.0,1.0,1.0,1.0,1.0,1.0,1.0,1.0
433.75,4.0,23.059771364071064,23.89077477666607,25.38235537127856,24.377283016101998,22.66011085298101,22.58011558053351,21.775403625015553,20.824410134268298,21.135242061370214,21.227666691030954,1.0,1.0,1.0,1.0,1.0,1.0,1.0,1.0,1.0,1.0
434.0,1.0,22.02785103563523,22.82238819989076,21.991230499526495,23.14158906468539,24.260221655997654,23.1697327726499,23.03123717615983,21.013697801947124,21.335900688982342,21.264654851680714,1.0,1.0,1.0,1.0,1.0,1.0,1.0,1.0,1.0,1.0
434.25,2.0,20.60031035406209,19.584129131652066,20.389139953043678,20.687111227934682,20.337116231438074,19.11645197079258,18.87151203338635,17.51210391696889,17.63112989694556,18.060689573939992,1.0,1.0,1.0,1.0,1.0,1.0,1.0,1.0,1.0,1.0
434.5,3.0,0.0,0.0,0.0,0.0,0.0,0.0,0.0,0.0,0.0,0.0,0.0,0.0,0.0,0.0,0.0,0.0,0.0,0.0,0.0,0.0
434.75,4.0,24.00014607224512,23.62866304832407,24.1287658200802,23.26323407021935,22.59504515214521,22.431970011730193,22.10854075133596,21.164214152158827,22.273891041299354,22.482404548555362,1.0,1.0,1.0,1.0,1.0,1.0,1.0,1.0,1.0,1.0
435.0,1.0,21.19932278283089,22.75526117851064,22.195633303796352,23.508643269381786,22.9583149098435,21.94033379115489,22.063545077308014,21.31000249467903,21.590074123071176,21.19143197312949,1.0,1.0,1.0,1.0,1.0,1.0,1.0,1.0,1.0,1.0
435.25,2.0,0.0,0.0,0.0,0.0,0.0,0.0,0.0,0.0,0.0,0.0,0.0,0.0,0.0,0.0,0.0,0.0,0.0,0.0,0.0,0.0
435.5,3.0,19.432115003515307,19.175333557658966,21.32296666120206,21.189561946695097,21.45285477896849,20.59335569294233,20.530460258972365,18.04909335233019,18.263157670532816,19.328988289941876,1.0,1.0,1.0,1.0,1.0,1.0,1.0,1.0,1.0,1.0
435.75,4.0,23.487335310094497,22.789934065106806,24.160116211732085,23.780114254710277,22.969340399567102,22.781880415682526,22.03745568433347,21.646297115019635,21.30805889815264,21.806779564599314,1.0,1.0,1.0,1.0,1.0,1.0,1.0,1.0,1.0,1.0
436.0,1.0,0.0,0.0,0.0,0.0,0.0,0.0,0.0,0.0,0.0,0.0,0.0,0.0,0.0,0.0,0.0,0.0,0.0,0.0,0.0,0.0
436.25,2.0,0.0,0.0,0.0,0.0,0.0,0.0,0.0,0.0,0.0,0.0,0.0,0.0,0.0,0.0,0.0,0.0,0.0,0.0,0.0,0.0
436.5,3.0,19.60385803519795,19.827911088482058,20.651261357033768,20.506335866173625,21.373128791483804,20.23216989013407,20.14934010366807,19.541943330917412,21.1244018637271,20.752796817678878,1.0,1.0,1.0,1.0,1.0,1.0,1.0,1.0,1.0,1.0
436.75,4.0,0.0,0.0,0.0,0.0,0.0,0.0,0.0,0.0,0.0,0.0,0.0,0.0,0.0,0.0,0.0,0.0,0.0,0.0,0.0,0.0
437.0,1.0,20.279652226950407,20.158892680046318,20.84302752091205,20.550213248515803,20.610518054773138,20.879838049153882,21.049302549070887,20.40684470439964,19.46434075012522,19.5460562528817,1.0,1.0,1.0,1.0,1.0,1.0,1.0,1.0,1.0,1.0
437.25,2.0,21.022555115732484,20.488335817963993,19.82435213742935,19.54440607082754,19.339376307367868,17.63528597503975,16.552751686639915,15.9462363237595,17.53065601069477,18.172174926586415,1.0,1.0,1.0,1.0,1.0,1.0,1.0,1.0,1.0,1.0
437.5,3.0,0.0,0.0,0.0,0.0,0.0,0.0,0.0,0.0,0.0,0.0,0.0,0.0,0.0,0.0,0.0,0.0,0.0,0.0,0.0,0.0
437.75,4.0,23.232434264992758,22.331389826735517,22.78310699869038,22.09491318049167,20.82326989236373,22.105328665677852,22.03080305534741,22.51744493914666,23.196960950246073,22.318041984379043,1.0,1.0,1.0,1.0,1.0,1.0,1.0,1.0,1.0,1.0
438.0,1.0,19.509486278384276,20.094357769544928,19.949001551288752,21.449372405845278,21.79136175005385,21.78387007699912,20.296086980198837,20.587145961535427,20.88172186612403,20.21573515858628,1.0,1.0,1.0,1.0,1.0,1.0,1.0,1.0,1.0,1.0
438.25,2.0,0.0,0.0,0.0,0.0,0.0,0.0,0.0,0.0,0.0,0.0,0.0,0.0,0.0,0.0,0.0,0.0,0.0,0.0,0.0,0.0
438.5,3.0,20.496573046251164,19.744083548108666,20.907649489549485,22.955015533330723,23.445631652385078,23.359441945182816,22.808481787947137,20.017382042734642,20.713810189587775,19.41165897479871,1.0,1.0,1.0,1.0,1.0,1.0,1.0,1.0,1.0,1.0
438.75,4.0,23.03348093165877,21.422233482719786,21.676473714802302,21.469701713987593,21.57899193856827,22.311566991577273,22.178394363651964,21.639131807620906,21.585893505657964,20.594420544925185,1.0,1.0,1.0,1.0,1.0,1.0,1.0,1.0,1.0,1.0
439.0,1.0,0.0,0.0,0.0,0.0,0.0,0.0,0.0,0.0,0.0,0.0,0.0,0.0,0.0,0.0,0.0,0.0,0.0,0.0,0.0,0.0
439.25,2.0,20.709256889903305,19.917370140653052,18.33175496015468,17.784821179969658,18.13109943327064,17.592326615266835,17.987274284894784,18.012135993891636,18.121788517622477,18.363481321889893,1.0,1.0,1.0,1.0,1.0,1.0,1.0,1.0,1.0,1.0
439.5,3.0,0.0,0.0,0.0,0.0,0.0,0.0,0.0,0.0,0.0,0.0,0.0,0.0,0.0,0.0,0.0,0.0,0.0,0.0,0.0,0.0
439.75,4.0,0.0,0.0,0.0,0.0,0.0,0.0,0.0,0.0,0.0,0.0,0.0,0.0,0.0,0.0,0.0,0.0,0.0,0.0,0.0,0.0
440.0,1.0,18.99229980155671,18.93269468187146,19.747782008192406,21.096390874764484,20.721211954383502,20.36257584039959,20.70805480028789,21.855176948082878,21.812459464548713,22.17560835165786,1.0,1.0,1.0,1.0,1.0,1.0,1.0,1.0,1.0,1.0
440.25,2.0,19.68940904461833,17.835631510265095,17.61441099232612,17.3666547367175,16.936135084989683,17.60345938357384,17.387401838557697,16.850874413978012,15.633656795512195,16.33511721809213,1.0,1.0,1.0,1.0,1.0,1.0,1.0,1.0,1.0,1.0
440.5,3.0,19.952274587437056,21.945012291465577,22.734291946948172,23.188318575422933,22.502874019317385,22.49522485455141,22.68472348691546,20.26820908977856,18.739367852857335,17.43355304718581,1.0,1.0,1.0,1.0,1.0,1.0,1.0,1.0,1.0,1.0
440.75,4.0,22.308652989682667,22.620963086027327,22.332631605292388,21.454287780438353,22.541222914383294,22.113671238443057,21.591161809409932,20.822546443776016,20.48935579380471,20.236484459307864,1.0,1.0,1.0,1.0,1.0,1.0,1.0,1.0,1.0,1.0
441.0,1.0,17.96640748720979,18.119732752649753,19.778032522291216,20.49628394200286,19.615544889154727,20.34762181926083,21.145514193211188,22.514208883422842,22.493752194091016,22.46688969905498,1.0,1.0,1.0,1.0,1.0,1.0,1.0,1.0,1.0,1.0
441.25,2.0,0.0,0.0,0.0,0.0,0.0,0.0,0.0,0.0,0.0,0.0,0.0,0.0,0.0,0.0,0.0,0.0,0.0,0.0,0.0,0.0
441.5,3.0,20.844094091939688,22.425923357331563,21.444174945998512,22.140837756843016,21.8617080538796,20.9611969659744,20.05920580300847,18.413432494337048,17.21371686125323,15.941922803716627,1.0,1.0,1.0,1.0,1.0,1.0,1.0,1.0,1.0,1.0
441.75,4.0,21.997847405974355,22.643036278120547,21.122369673382465,20.802456086650555,22.493243003995794,21.984237372851872,21.878412069669345,22.387159901406363,21.522819723011125,20.944507358300832,1.0,1.0,1.0,1.0,1.0,1.0,1.0,1.0,1.0,1.0
442.0,1.0,18.676630800592243,18.8455926648052,20.112821203385852,20.927082680181762,21.80337334560895,22.10096807819761,22.568618630675665,23.201157161706174,22.487180534914597,22.279550250366995,1.0,1.0,1.0,1.0,1.0,1.0,1.0,1.0,1.0,1.0
442.25,2.0,17.85741185809944,18.137130495317418,18.21532757345479,16.69283753177187,15.520515060509105,16.732289142759583,16.689358936470104,16.59551384717971,16.066549335992423,16.135502206873042,1.0,1.0,1.0,1.0,1.0,1.0,1.0,1.0,1.0,1.0
442.5,3.0,0.0,0.0,0.0,0.0,0.0,0.0,0.0,0.0,0.0,0.0,0.0,0.0,0.0,0.0,0.0,0.0,0.0,0.0,0.0,0.0
442.75,4.0,22.125272523100254,22.50480601826575,21.093449169902982,21.621171953999962,23.01945647748862,22.170821372212433,20.514888442994398,20.868453238597272,20.899043795417878,20.35542550063909,1.0,1.0,1.0,1.0,1.0,1.0,1.0,1.0,1.0,1.0
443.0,1.0,18.996675611894492,19.109310731111634,19.6478011503399,20.849301666409062,23.596765699519338,23.297431052772826,22.90103045133395,23.62337424309727,22.975932835771605,22.335077768352683,1.0,1.0,1.0,1.0,1.0,1.0,1.0,1.0,1.0,1.0
443.25,2.0,0.0,0.0,0.0,0.0,0.0,0.0,0.0,0.0,0.0,0.0,0.0,0.0,0.0,0.0,0.0,0.0,0.0,0.0,0.0,0.0
443.5,3.0,21.533507592471995,18.80368842285638,18.02333291834166,18.588281382754378,17.875702445627343,17.933448632012034,18.65094593900555,18.724656880985904,17.137978184397348,15.505249039355059,1.0,1.0,1.0,1.0,1.0,1.0,1.0,1.0,1.0,1.0
443.75,4.0,21.64504671135673,22.272903606733234,22.15978026209634,21.25481791874177,22.39978158659368,21.654569946459574,20.864297153895794,21.17869867430905,20.917060924540117,19.98574395828292,1.0,1.0,1.0,1.0,1.0,1.0,1.0,1.0,1.0,1.0
444.0,1.0,0.0,0.0,0.0,0.0,0.0,0.0,0.0,0.0,0.0,0.0,0.0,0.0,0.0,0.0,0.0,0.0,0.0,0.0,0.0,0.0
444.25,2.0,0.0,0.0,0.0,0.0,0.0,0.0,0.0,0.0,0.0,0.0,0.0,0.0,0.0,0.0,0.0,0.0,0.0,0.0,0.0,0.0
444.5,3.0,19.05912761232587,17.945895163961925,16.923904133059743,16.981448635054075,17.66265407028311,17.719109102675304,18.777418121143587,17.06818096577692,15.889975645147212,14.727069176314348,1.0,1.0,1.0,1.0,1.0,1.0,1.0,1.0,1.0,1.0
444.75,4.0,0.0,0.0,0.0,0.0,0.0,0.0,0.0,0.0,0.0,0.0,0.0,0.0,0.0,0.0,0.0,0.0,0.0,0.0,0.0,0.0
445.0,1.0,19.21577255771514,19.561816880150598,21.961240301021473,23.522433258588535,23.290363933329623,22.077017205739384,21.95891949675101,20.890872198225576,20.513292464390716,19.778051990058508,1.0,1.0,1.0,1.0,1.0,1.0,1.0,1.0,1.0,1.0
445.25,2.0,18.690039628965692,17.71774215902313,18.170032418534042,16.90887418747944,17.054843864744484,16.71149145602624,16.58715095794473,16.24527424784935,16.651530936438718,16.52558608105863,1.0,1.0,1.0,1.0,1.0,1.0,1.0,1.0,1.0,1.0
445.5,3.0,0.0,0.0,0.0,0.0,0.0,0.0,0.0,0.0,0.0,0.0,0.0,0.0,0.0,0.0,0.0,0.0,0.0,0.0,0.0,0.0
445.75,4.0,20.917325675526524,22.383587153745903,22.24151400071403,22.64085318165835,24.466803233691135,24.48671715714061,23.291482153834853,22.92677069177757,21.96493852730273,20.71607835000473,1.0,1.0,1.0,1.0,1.0,1.0,1.0,1.0,1.0,1.0
446.0,1.0,20.455101548500547,21.40336972279472,23.37824538515317,24.847662210436273,22.461816085073174,21.235844617489665,20.84293988860213,20.914927782758035,20.47620426211949,20.137890399429786,1.0,1.0,1.0,1.0,1.0,1.0,1.0,1.0,1.0,1.0
446.25,2.0,0.0,0.0,0.0,0.0,0.0,0.0,0.0,0.0,0.0,0.0,0.0,0.0,0.0,0.0,0.0,0.0,0.0,0.0,0.0,0.0
446.5,3.0,17.237179933009678,16.083528174005394,14.607051151167544,16.019693525413153,18.668741440154204,19.23715863327527,19.99770064994988,18.413218523732787,16.108803636988668,16.547012276421032,1.0,1.0,1.0,1.0,1.0,1.0,1.0,1.0,1.0,1.0
446.75,4.0,20.604940822993196,21.121728861130766,21.694508956289514,22.10231591970247,24.92497025026159,24.2235120845836,23.409295403093342,22.50124149583889,22.015856768686188,22.20955619288462,1.0,1.0,1.0,1.0,1.0,1.0,1.0,1.0,1.0,1.0
447.0,1.0,0.0,0.0,0.0,0.0,0.0,0.0,0.0,0.0,0.0,0.0,0.0,0.0,0.0,0.0,0.0,0.0,0.0,0.0,0.0,0.0
447.25,2.0,18.54780346143002,16.28411868177645,16.404675507135053,16.658318403995544,15.735429876923126,16.93976227436014,16.96037645650689,17.631589925337547,17.10733803744677,16.51923108947639,1.0,1.0,1.0,1.0,1.0,1.0,1.0,1.0,1.0,1.0
447.5,3.0,0.0,0.0,0.0,0.0,0.0,0.0,0.0,0.0,0.0,0.0,0.0,0.0,0.0,0.0,0.0,0.0,0.0,0.0,0.0,0.0
447.75,4.0,0.0,0.0,0.0,0.0,0.0,0.0,0.0,0.0,0.0,0.0,0.0,0.0,0.0,0.0,0.0,0.0,0.0,0.0,0.0,0.0
448.0,1.0,21.354729849877646,22.149120508016384,23.430743930545635,23.542894026300004,20.99295556349625,19.791587046232767,19.97741978255819,20.301014098276344,20.157979198594663,20.120372067981535,1.0,1.0,1.0,1.0,1.0,1.0,1.0,1.0,1.0,1.0
448.25,2.0,17.863714232679047,16.902949776252523,17.355824085505187,16.52865705254355,16.886460821707544,16.4086303495795,16.236777087523844,16.314420618049645,16.6182415155983,15.2557889784336,1.0,1.0,1.0,1.0,1.0,1.0,1.0,1.0,1.0,1.0
448.5,3.0,16.67269264187868,16.77707549481956,16.308339004589698,17.945876028667456,18.303216628027453,19.28391346224645,18.522393640298965,18.470376341008823,17.935452517115905,18.812396419783866,1.0,1.0,1.0,1.0,1.0,1.0,1.0,1.0,1.0,1.0
448.75,4.0,20.993894220931647,22.05144158885173,23.69865993833488,23.662802839026497,26.709605303343654,25.304413004484346,25.21840744631157,23.37168444515576,22.377165289238533,21.229720502776654,1.0,1.0,1.0,1.0,1.0,1.0,1.0,1.0,1.0,1.0
449.0,1.0,21.596755701082206,22.958691685994904,22.743433869809884,21.72044823008889,19.947568887931958,19.199295871091405,20.426096583937618,21.3921628022359,21.32562683079262,20.429688875895685,1.0,1.0,1.0,1.0,1.0,1.0,1.0,1.0,1.0,1.0
449.25,2.0,0.0,0.0,0.0,0.0,0.0,0.0,0.0,0.0,0.0,0.0,0.0,0.0,0.0,0.0,0.0,0.0,0.0,0.0,0.0,0.0
449.5,3.0,16.6352435516153,17.993262851735878,18.32087802348234,18.697524564344715,19.081780980237884,19.297066480557355,19.675139269574792,19.471185986181574,19.552035585363306,19.244839118009818,1.0,1.0,1.0,1.0,1.0,1.0,1.0,1.0,1.0,1.0
449.75,4.0,22.585760028590233,23.97198354442563,24.899148616093353,24.75797938631358,27.676661707863353,25.291135938473797,24.491857907498648,22.99401415317061,22.0471803881713,20.501915749939464,1.0,1.0,1.0,1.0,1.0,1.0,1.0,1.0,1.0,1.0
450.0,1.0,21.69415535124536,22.01827473609421,20.701555124219865,20.23740127794188,20.076728139773657,19.728292487067613,21.072349564324373,20.67905664990054,21.018031600892662,20.13637863457081,1.0,1.0,1.0,1.0,1.0,1.0,1.0,1.0,1.0,1.0
450.25,2.0,16.430197722353363,16.457422843650807,16.783816691179553,16.632718578561573,15.273122384411536,14.598009762092282,15.813837516085163,15.602914206188371,16.777594441885896,15.914625483859195,1.0,1.0,1.0,1.0,1.0,1.0,1.0,1.0,1.0,1.0
450.5,3.0,0.0,0.0,0.0,0.0,0.0,0.0,0.0,0.0,0.0,0.0,0.0,0.0,0.0,0.0,0.0,0.0,0.0,0.0,0.0,0.0
450.75,4.0,24.737386086584248,24.024289584272292,25.301464026997927,24.56795332615417,26.496283746963528,23.60667408142236,22.554651385411045,21.270424175749344,21.132326372867848,19.78803896440674,1.0,1.0,1.0,1.0,1.0,1.0,1.0,1.0,1.0,1.0
451.0,1.0,20.26386436795151,20.55556122308921,19.730306277105772,19.939523032543075,21.336711559115987,20.723785587864608,21.405696856949668,20.70449420302255,21.70137780042352,20.62912675406804,1.0,1.0,1.0,1.0,1.0,1.0,1.0,1.0,1.0,1.0
451.25,2.0,0.0,0.0,0.0,0.0,0.0,0.0,0.0,0.0,0.0,0.0,0.0,0.0,0.0,0.0,0.0,0.0,0.0,0.0,0.0,0.0
451.5,3.0,19.703881849301574,20.398424203350547,20.270592037083514,20.957983011800405,19.191408624538678,20.1831820054512,18.857967225714315,18.775516225649188,18.753685028020293,18.48807238035018,1.0,1.0,1.0,1.0,1.0,1.0,1.0,1.0,1.0,1.0
451.75,4.0,24.33531025603952,24.157218307012958,24.411319022514753,23.707045068311082,25.239298364658477,22.72077175984767,22.115018599300154,20.963595226276873,20.432684287563834,18.493772506450544,1.0,1.0,1.0,1.0,1.0,1.0,1.0,1.0,1.0,1.0
452.0,1.0,0.0,0.0,0.0,0.0,0.0,0.0,0.0,0.0,0.0,0.0,0.0,0.0,0.0,0.0,0.0,0.0,0.0,0.0,0.0,0.0
452.25,2.0,18.18976779549916,17.83709733911862,17.484658828261274,16.389179647103802,15.69158973452538,17.18539530628418,17.3139132385489,17.783871918901013,18.16325478525285,17.118321013190485,1.0,1.0,1.0,1.0,1.0,1.0,1.0,1.0,1.0,1.0
452.5,3.0,21.385998152360962,22.416755518978032,21.363666456424973,21.39104934593179,18.78014967132895,18.920918055128464,17.514371382319503,17.947194533030455,17.73711431343979,17.63361671251265,1.0,1.0,1.0,1.0,1.0,1.0,1.0,1.0,1.0,1.0
452.75,4.0,0.0,0.0,0.0,0.0,0.0,0.0,0.0,0.0,0.0,0.0,0.0,0.0,0.0,0.0,0.0,0.0,0.0,0.0,0.0,0.0
453.0,1.0,20.225005579446375,19.58082379336327,21.432364613719418,22.445099572594348,21.743695265101728,21.20243626591798,21.82693410101457,21.308440283015692,21.47833716929227,20.884836301397144,1.0,1.0,1.0,1.0,1.0,1.0,1.0,1.0,1.0,1.0
453.25,2.0,18.44253420392091,18.28184231784598,18.085793726540743,16.173080688662427,16.170306167875342,17.265509870138214,17.55054736268644,17.27262125866369,17.089930646351547,16.956884743279666,1.0,1.0,1.0,1.0,1.0,1.0,1.0,1.0,1.0,1.0
453.5,3.0,0.0,0.0,0.0,0.0,0.0,0.0,0.0,0.0,0.0,0.0,0.0,0.0,0.0,0.0,0.0,0.0,0.0,0.0,0.0,0.0
453.75,4.0,22.70932102493548,23.3665915916343,21.834301475189456,21.715553114984544,23.386664855861486,21.58134334704587,20.380569561304092,18.995097086083256,18.7402062754379,17.38910138570006,1.0,1.0,1.0,1.0,1.0,1.0,1.0,1.0,1.0,1.0
454.0,1.0,20.60772081368317,21.247559937228115,22.486090045208673,21.58903777510611,21.1183698665446,21.266944155806677,21.05200768859049,20.584819615188692,20.565832160795864,20.447934987085194,1.0,1.0,1.0,1.0,1.0,1.0,1.0,1.0,1.0,1.0
454.25,2.0,0.0,0.0,0.0,0.0,0.0,0.0,0.0,0.0,0.0,0.0,0.0,0.0,0.0,0.0,0.0,0.0,0.0,0.0,0.0,0.0
454.5,3.0,20.89792806082299,20.38925564768074,21.19007753640305,19.935827760865422,18.886356617873563,18.9952267163312,18.006546322143063,17.70520371168986,15.99240793903246,15.849636788689626,1.0,1.0,1.0,1.0,1.0,1.0,1.0,1.0,1.0,1.0
454.75,4.0,22.315893879481305,22.76206483819837,22.699080522305238,22.10226905667859,21.63217767012397,20.416410553907298,19.168169227529248,18.23760977528288,17.015304712762934,17.124497929283926,1.0,1.0,1.0,1.0,1.0,1.0,1.0,1.0,1.0,1.0
455.0,1.0,22.367794302362583,22.582370910149884,22.677362752565443,21.313251155534967,21.640522213011856,22.565594001046737,20.86829395624512,20.31661894953304,20.316397874283428,21.041923922948726,1.0,1.0,1.0,1.0,1.0,1.0,1.0,1.0,1.0,1.0
455.25,2.0,18.847869812371133,17.89317995585092,18.47449397340938,18.01848602722208,17.65960374919843,18.077794150781703,16.802394132856534,15.740077884964986,16.33828605098453,16.630681588523377,1.0,1.0,1.0,1.0,1.0,1.0,1.0,1.0,1.0,1.0
455.5,3.0,0.0,0.0,0.0,0.0,0.0,0.0,0.0,0.0,0.0,0.0,0.0,0.0,0.0,0.0,0.0,0.0,0.0,0.0,0.0,0.0
455.75,4.0,22.326238178472487,22.71715373603519,22.398350765714678,21.615933869832546,22.40545128447947,20.52209777211675,20.057977060696505,18.718842306079594,18.63059691263143,17.730901167059066,1.0,1.0,1.0,1.0,1.0,1.0,1.0,1.0,1.0,1.0
456.0,1.0,21.90801721356425,22.31477188754622,21.69780906043294,20.958135323650406,22.36152315314995,22.737432335636548,21.710705947576635,20.649691711799885,20.35362838513085,19.742252292076866,1.0,1.0,1.0,1.0,1.0,1.0,1.0,1.0,1.0,1.0
456.25,2.0,18.41467399746129,17.961797563662593,18.557030559216894,18.363566519156652,18.288331573830302,17.47798847467272,17.166645314570104,16.346505728981615,17.779277667557427,17.06713714298454,1.0,1.0,1.0,1.0,1.0,1.0,1.0,1.0,1.0,1.0
456.5,3.0,21.5034159552775,19.1334542771235,19.107363768190034,19.479685788265776,17.812913365821316,16.761502348770854,16.239560999314204,16.05150733956225,15.265026822045865,15.8742283322316,1.0,1.0,1.0,1.0,1.0,1.0,1.0,1.0,1.0,1.0
456.75,4.0,22.553374366487855,22.698984639893272,22.22796765864384,21.729472439405008,22.89429034843131,21.04630652678178,20.365912936210886,19.639670539564765,18.88734601116373,18.332966421289957,1.0,1.0,1.0,1.0,1.0,1.0,1.0,1.0,1.0,1.0
457.0,1.0,0.0,0.0,0.0,0.0,0.0,0.0,0.0,0.0,0.0,0.0,0.0,0.0,0.0,0.0,0.0,0.0,0.0,0.0,0.0,0.0
457.25,2.0,0.0,0.0,0.0,0.0,0.0,0.0,0.0,0.0,0.0,0.0,0.0,0.0,0.0,0.0,0.0,0.0,0.0,0.0,0.0,0.0
457.5,3.0,20.807484318037112,19.672317176172847,20.421245523749683,20.17554924572592,18.85990633881796,17.859418495386862,17.40332692205682,17.424608965103918,17.319798425603032,18.15399181375472,1.0,1.0,1.0,1.0,1.0,1.0,1.0,1.0,1.0,1.0
457.75,4.0,23.867563295575298,22.902235411840344,22.508498560689794,21.987706348266716,21.991028629096746,20.859518970109363,20.927230250690982,19.714479109489154,19.253251284692958,18.44395545044094,1.0,1.0,1.0,1.0,1.0,1.0,1.0,1.0,1.0,1.0
458.0,1.0,21.686065765212966,20.318819092769093,19.90120404224649,20.46697568142913,21.15778426095764,20.740356743092377,20.471613484170124,20.445885777085714,19.62018627880883,19.252408745746663,1.0,1.0,1.0,1.0,1.0,1.0,1.0,1.0,1.0,1.0
458.25,2.0,19.113373748156736,17.581793264947503,17.982520473654976,19.302327466883575,19.82872065819104,18.575144494862666,18.655471604221106,18.886331714220127,18.455495413332276,18.361083929628464,1.0,1.0,1.0,1.0,1.0,1.0,1.0,1.0,1.0,1.0
458.5,3.0,0.0,0.0,0.0,0.0,0.0,0.0,0.0,0.0,0.0,0.0,0.0,0.0,0.0,0.0,0.0,0.0,0.0,0.0,0.0,0.0
458.75,4.0,23.02145028317752,22.35936333203338,22.15883238970809,20.914940618359648,22.930295987224746,21.851548821400012,21.21644832899188,20.234679316005817,19.16324188781603,17.917716512582192,1.0,1.0,1.0,1.0,1.0,1.0,1.0,1.0,1.0,1.0
459.0,1.0,21.368378974257535,19.275463533373124,20.334250677752415,20.408886354310262,20.634553146578348,20.42690032049306,20.23560431980844,20.082718270069712,19.832160668499263,19.559901289658843,1.0,1.0,1.0,1.0,1.0,1.0,1.0,1.0,1.0,1.0
459.25,2.0,0.0,0.0,0.0,0.0,0.0,0.0,0.0,0.0,0.0,0.0,0.0,0.0,0.0,0.0,0.0,0.0,0.0,0.0,0.0,0.0
459.5,3.0,20.860044661776897,20.939979778411054,21.663833214187385,21.39006337539089,19.21175460076271,18.7009943867457,18.577735863863822,17.729723080313267,18.1863968417877,18.537208500335993,1.0,1.0,1.0,1.0,1.0,1.0,1.0,1.0,1.0,1.0
459.75,4.0,21.96478452495542,21.693213685847613,21.53969873234431,19.548000707723176,21.574468494889313,20.482676952130035,19.245290447181333,17.631105610102654,17.62259043129991,17.59761855305964,1.0,1.0,1.0,1.0,1.0,1.0,1.0,1.0,1.0,1.0
460.0,1.0,0.0,0.0,0.0,0.0,0.0,0.0,0.0,0.0,0.0,0.0,0.0,0.0,0.0,0.0,0.0,0.0,0.0,0.0,0.0,0.0
460.25,2.0,20.210224072881267,18.777505122331068,18.93743281948866,19.727072663555965,19.28538773630719,18.854973422753513,17.850004808738312,18.303043517193853,18.45242709616313,18.780011359154877,1.0,1.0,1.0,1.0,1.0,1.0,1.0,1.0,1.0,1.0
460.5,3.0,20.154726124841773,21.119976459662265,22.324514174700617,20.61070478929133,19.218818593583723,18.064132249466162,17.486345933910982,16.9826527675745,17.396258899060467,17.651898860103103,1.0,1.0,1.0,1.0,1.0,1.0,1.0,1.0,1.0,1.0
460.75,4.0,0.0,0.0,0.0,0.0,0.0,0.0,0.0,0.0,0.0,0.0,0.0,0.0,0.0,0.0,0.0,0.0,0.0,0.0,0.0,0.0
461.0,1.0,21.11714955455394,20.257315513328816,20.697968318569416,19.85604291503231,20.031266917385093,19.72080907872389,20.190039886527703,20.516741039809414,18.822305589022445,19.315090264970493,1.0,1.0,1.0,1.0,1.0,1.0,1.0,1.0,1.0,1.0
461.25,2.0,18.64623237810499,18.91058014713548,19.59276944229252,19.947965582764834,18.458610834638673,18.073807223441168,17.521740232171965,18.382570226832087,17.741612043278327,18.222556873694085,1.0,1.0,1.0,1.0,1.0,1.0,1.0,1.0,1.0,1.0
461.5,3.0,0.0,0.0,0.0,0.0,0.0,0.0,0.0,0.0,0.0,0.0,0.0,0.0,0.0,0.0,0.0,0.0,0.0,0.0,0.0,0.0
461.75,4.0,22.8621425930484,22.200022978745988,21.726410321740847,19.4267494556686,20.393524376090276,19.191364634017564,18.536796362675254,18.428402754934698,18.241635129899297,17.770170656511077,1.0,1.0,1.0,1.0,1.0,1.0,1.0,1.0,1.0,1.0
462.0,1.0,20.629437465258732,19.7485808427402,20.618646075141726,19.871430512868027,20.588385355293664,19.70538207360393,19.678289267052577,19.999364345595307,19.488749117567554,19.317168846639333,1.0,1.0,1.0,1.0,1.0,1.0,1.0,1.0,1.0,1.0
462.25,2.0,0.0,0.0,0.0,0.0,0.0,0.0,0.0,0.0,0.0,0.0,0.0,0.0,0.0,0.0,0.0,0.0,0.0,0.0,0.0,0.0
462.5,3.0,21.64737279345961,21.847240022957727,22.507959438095998,20.90064727731739,19.612291550872577,18.2295641124655,16.52407204301896,15.444449319472833,14.42969243647648,15.805505273347459,1.0,1.0,1.0,1.0,1.0,1.0,1.0,1.0,1.0,1.0
462.75,4.0,23.24612591125544,21.374961008836,21.10356780410188,18.6464653250563,18.826118979486818,18.49127912725461,18.061655231503288,18.45221472349261,18.842223706090408,18.631008377781193,1.0,1.0,1.0,1.0,1.0,1.0,1.0,1.0,1.0,1.0
463.0,1.0,21.02800154006207,19.996525563950616,20.921585376221433,19.76204455006389,20.13591495185549,19.50289237757287,19.46176844097687,18.814833216655437,17.950767244937477,17.901322303033172,1.0,1.0,1.0,1.0,1.0,1.0,1.0,1.0,1.0,1.0
463.25,2.0,18.741254988329935,20.251516701591555,20.77425663260358,20.685291960704287,20.141161105244848,20.95496870741411,20.087704906304023,19.45399930056483,17.456012969323186,17.276242281596335,1.0,1.0,1.0,1.0,1.0,1.0,1.0,1.0,1.0,1.0
463.5,3.0,0.0,0.0,0.0,0.0,0.0,0.0,0.0,0.0,0.0,0.0,0.0,0.0,0.0,0.0,0.0,0.0,0.0,0.0,0.0,0.0
463.75,4.0,22.100661485061973,20.43427391083915,19.510669897511303,17.98810975392807,17.97661118346755,18.343377532288986,18.468639241904114,18.327913394772082,18.25148921191649,17.812748926917568,1.0,1.0,1.0,1.0,1.0,1.0,1.0,1.0,1.0,1.0
464.0,1.0,20.616674757532227,20.537114654670663,19.735202120781167,19.241690281674646,19.984370928689547,19.01150165417294,19.290096842926367,18.381594630327722,18.17624531862032,19.166289556299944,1.0,1.0,1.0,1.0,1.0,1.0,1.0,1.0,1.0,1.0
464.25,2.0,19.308089959010548,20.549401395989,20.872755347765086,20.686186912128036,19.773222022689772,19.760715488287765,19.23206901393658,18.871489850016786,17.51424447181093,18.784708475171296,1.0,1.0,1.0,1.0,1.0,1.0,1.0,1.0,1.0,1.0
464.5,3.0,22.873096185400897,21.934163671311698,21.08024617123194,19.70825237089559,17.03923966523189,15.619973683796024,13.95240879352069,13.172855456525314,13.693495875986924,14.8849862427292,1.0,1.0,1.0,1.0,1.0,1.0,1.0,1.0,1.0,1.0
464.75,4.0,19.97236017286163,18.99689114857991,18.274198342554893,16.869811440283645,17.406469280005894,18.13044927360355,19.197876173392682,19.23393234026317,19.14445466138247,19.53448170709248,1.0,1.0,1.0,1.0,1.0,1.0,1.0,1.0,1.0,1.0
465.0,1.0,0.0,0.0,0.0,0.0,0.0,0.0,0.0,0.0,0.0,0.0,0.0,0.0,0.0,0.0,0.0,0.0,0.0,0.0,0.0,0.0
465.25,2.0,0.0,0.0,0.0,0.0,0.0,0.0,0.0,0.0,0.0,0.0,0.0,0.0,0.0,0.0,0.0,0.0,0.0,0.0,0.0,0.0
465.5,3.0,23.88985665676033,22.133029957818206,20.380789249682607,18.662327651166613,15.34472105740042,14.220208630821435,13.124324816004792,13.824459524688534,13.740022867468594,14.724134500159323,1.0,1.0,1.0,1.0,1.0,1.0,1.0,1.0,1.0,1.0
465.75,4.0,0.0,0.0,0.0,0.0,0.0,0.0,0.0,0.0,0.0,0.0,0.0,0.0,0.0,0.0,0.0,0.0,0.0,0.0,0.0,0.0
466.0,1.0,19.648587128778445,19.435847322941353,19.021602789082035,17.69639712431554,19.603155160878224,18.938666328898567,19.56827206244532,18.506173216719162,19.004011492483247,19.305015779910025,1.0,1.0,1.0,1.0,1.0,1.0,1.0,1.0,1.0,1.0
466.25,2.0,19.410114646149644,20.834427633245003,19.7897152898676,18.35333795319961,19.079160546117294,18.735782191934728,19.181402327462532,18.451705194939912,18.048321582293884,19.019003796021288,1.0,1.0,1.0,1.0,1.0,1.0,1.0,1.0,1.0,1.0
466.5,3.0,0.0,0.0,0.0,0.0,0.0,0.0,0.0,0.0,0.0,0.0,0.0,0.0,0.0,0.0,0.0,0.0,0.0,0.0,0.0,0.0
466.75,4.0,19.710525046413757,19.272109001165727,19.03272510324716,18.343648376330616,18.266015630118446,18.28508757570774,18.166049110621575,18.000814859078268,18.17767383102276,18.869796656356094,1.0,1.0,1.0,1.0,1.0,1.0,1.0,1.0,1.0,1.0
467.0,1.0,19.06305512064108,18.354285277640837,18.763386197082944,18.318746572782743,19.693346381846922,18.362281823915435,18.694478763835246,18.663375421615306,20.100672749889462,20.839212872973743,1.0,1.0,1.0,1.0,1.0,1.0,1.0,1.0,1.0,1.0
467.25,2.0,0.0,0.0,0.0,0.0,0.0,0.0,0.0,0.0,0.0,0.0,0.0,0.0,0.0,0.0,0.0,0.0,0.0,0.0,0.0,0.0
467.5,3.0,21.49566312728666,20.748148956750995,18.36575486986834,16.914181572828525,12.975743990889061,11.683977844251247,11.897071699979136,11.90553691134718,12.13881553661854,13.487252052165296,1.0,1.0,1.0,1.0,1.0,1.0,1.0,1.0,1.0,1.0
467.75,4.0,20.521050800483557,20.036625666041928,19.63322565800422,17.873127473171806,18.19691690005348,17.885116951263495,18.232000837043984,18.29056276925111,18.586884415519506,18.456776950553962,1.0,1.0,1.0,1.0,1.0,1.0,1.0,1.0,1.0,1.0
468.0,1.0,0.0,0.0,0.0,0.0,0.0,0.0,0.0,0.0,0.0,0.0,0.0,0.0,0.0,0.0,0.0,0.0,0.0,0.0,0.0,0.0
468.25,2.0,18.77222128398928,18.98246283290651,19.073031071683854,17.783062604107798,18.169423537230024,16.744885115033053,16.79424957471779,18.145349704467232,18.57927049686796,20.22124677761606,1.0,1.0,1.0,1.0,1.0,1.0,1.0,1.0,1.0,1.0
468.5,3.0,0.0,0.0,0.0,0.0,0.0,0.0,0.0,0.0,0.0,0.0,0.0,0.0,0.0,0.0,0.0,0.0,0.0,0.0,0.0,0.0
468.75,4.0,0.0,0.0,0.0,0.0,0.0,0.0,0.0,0.0,0.0,0.0,0.0,0.0,0.0,0.0,0.0,0.0,0.0,0.0,0.0,0.0
469.0,1.0,17.535991965180283,17.50487630211887,20.34265860064732,19.320231522430404,17.80038727055473,18.54604052013555,19.549526132440672,20.437813055449517,21.984866185984185,20.665549590262657,1.0,1.0,1.0,1.0,1.0,1.0,1.0,1.0,1.0,1.0
469.25,2.0,17.76259705875253,19.463855559708772,18.105984215032755,17.212010400367774,17.554840328752757,17.469326581947524,17.367997588268036,19.534351661359047,19.64163706386166,20.69325362538714,1.0,1.0,1.0,1.0,1.0,1.0,1.0,1.0,1.0,1.0
469.5,3.0,0.0,0.0,0.0,0.0,0.0,0.0,0.0,0.0,0.0,0.0,0.0,0.0,0.0,0.0,0.0,0.0,0.0,0.0,0.0,0.0
469.75,4.0,20.210427696913328,19.429214038323618,19.57891449909549,18.41418205371154,18.93649958522487,18.805533533066917,18.8476377721268,19.064449723373695,18.477433635993144,18.23377668140537,1.0,1.0,1.0,1.0,1.0,1.0,1.0,1.0,1.0,1.0
470.0,1.0,17.07991885758655,17.84842565311551,19.308345715399085,18.922973213323207,17.355895188681924,18.99904989376607,20.57070083113953,21.110550036146837,22.973964961390287,21.282465417378337,1.0,1.0,1.0,1.0,1.0,1.0,1.0,1.0,1.0,1.0
470.25,2.0,0.0,0.0,0.0,0.0,0.0,0.0,0.0,0.0,0.0,0.0,0.0,0.0,0.0,0.0,0.0,0.0,0.0,0.0,0.0,0.0
470.5,3.0,16.38397971972201,19.553702117595403,17.3325190623374,16.39744305101963,14.31919881867936,14.072156908796373,14.41500376115878,15.109945920703918,14.326432208383185,15.137868476623646,1.0,1.0,1.0,1.0,1.0,1.0,1.0,1.0,1.0,1.0
470.75,4.0,20.487184701127546,19.706177155417333,19.77362749956087,18.49469513543393,18.567636440462135,18.284011831172908,17.81356114112424,19.149844065602544,18.58024910400266,19.046488042259757,1.0,1.0,1.0,1.0,1.0,1.0,1.0,1.0,1.0,1.0
471.0,1.0,16.231873887899148,17.23340546294989,18.93365999735767,18.824312994178353,18.900377935111216,20.567261582745,20.893783010428052,21.88459719256466,22.860861222648982,21.306474973350564,1.0,1.0,1.0,1.0,1.0,1.0,1.0,1.0,1.0,1.0
471.25,2.0,17.836626264682856,17.74701251455537,17.826538709477404,18.183446190887246,18.056632985228294,18.383735288731636,18.701098471470022,19.01928074913016,18.28810124711011,19.329561719571814,1.0,1.0,1.0,1.0,1.0,1.0,1.0,1.0,1.0,1.0
471.5,3.0,0.0,0.0,0.0,0.0,0.0,0.0,0.0,0.0,0.0,0.0,0.0,0.0,0.0,0.0,0.0,0.0,0.0,0.0,0.0,0.0
471.75,4.0,20.238578688855775,20.204911893571662,19.58238475059672,18.639101478454464,18.763832502333802,18.79762540185173,18.561635690985863,19.976679538509607,19.578456903960756,19.106922516237656,1.0,1.0,1.0,1.0,1.0,1.0,1.0,1.0,1.0,1.0
472.0,1.0,17.377287858512492,18.61905080185488,19.914451737046626,20.17551728844929,19.539620236393354,20.43943278849945,21.122311195192886,21.782478958536114,22.025026888591405,20.485925017140268,1.0,1.0,1.0,1.0,1.0,1.0,1.0,1.0,1.0,1.0
472.25,2.0,0.0,0.0,0.0,0.0,0.0,0.0,0.0,0.0,0.0,0.0,0.0,0.0,0.0,0.0,0.0,0.0,0.0,0.0,0.0,0.0
472.5,3.0,19.31231440678588,19.554249006099504,17.538614701324807,15.536457160202527,13.06016925603174,13.344031951613825,14.778496650261712,14.35262616919252,14.243554965419698,14.097242548014433,1.0,1.0,1.0,1.0,1.0,1.0,1.0,1.0,1.0,1.0
472.75,4.0,20.840849145457792,21.106943116322114,20.153583033480523,19.618748227550487,19.396741375867922,20.409789425823387,19.89731260458824,19.512511717326202,18.67023753375614,17.899029176245136,1.0,1.0,1.0,1.0,1.0,1.0,1.0,1.0,1.0,1.0
473.0,1.0,0.0,0.0,0.0,0.0,0.0,0.0,0.0,0.0,0.0,0.0,0.0,0.0,0.0,0.0,0.0,0.0,0.0,0.0,0.0,0.0
473.25,2.0,0.0,0.0,0.0,0.0,0.0,0.0,0.0,0.0,0.0,0.0,0.0,0.0,0.0,0.0,0.0,0.0,0.0,0.0,0.0,0.0
473.5,3.0,20.43074330095202,20.130031397963194,17.15075483796487,14.124489527038047,13.2672462067404,13.344699998874894,14.38400252608713,13.927297809059246,14.317707238191316,15.144863830704287,1.0,1.0,1.0,1.0,1.0,1.0,1.0,1.0,1.0,1.0
473.75,4.0,0.0,0.0,0.0,0.0,0.0,0.0,0.0,0.0,0.0,0.0,0.0,0.0,0.0,0.0,0.0,0.0,0.0,0.0,0.0,0.0
474.0,1.0,17.699600960436534,18.582982032991765,20.169321920406404,19.681011739081892,18.721244564929112,19.111616513618685,20.18214411491002,19.994279591998996,19.943162633518504,20.63389373934583,1.0,1.0,1.0,1.0,1.0,1.0,1.0,1.0,1.0,1.0
474.25,2.0,19.472840064259337,20.496156818744293,19.8171982105788,18.506997897407526,19.01695916836725,19.304241442515075,17.37666505867091,17.846137501940056,18.204053658689045,18.92518726241128,1.0,1.0,1.0,1.0,1.0,1.0,1.0,1.0,1.0,1.0
474.5,3.0,0.0,0.0,0.0,0.0,0.0,0.0,0.0,0.0,0.0,0.0,0.0,0.0,0.0,0.0,0.0,0.0,0.0,0.0,0.0,0.0
474.75,4.0,19.28537391985062,19.32191750975728,19.13798884739056,18.516852649403926,21.132420325839856,20.442473490157433,18.934636918015,17.788103597458917,16.72845942555126,15.595973490139599,1.0,1.0,1.0,1.0,1.0,1.0,1.0,1.0,1.0,1.0
475.0,1.0,18.555993205117254,19.646683775691585,20.18355114519582,19.04109397202397,19.591099178326804,19.755657469333595,20.370892032621214,20.431237819119254,21.411367324872106,21.04234471505011,1.0,1.0,1.0,1.0,1.0,1.0,1.0,1.0,1.0,1.0
475.25,2.0,0.0,0.0,0.0,0.0,0.0,0.0,0.0,0.0,0.0,0.0,0.0,0.0,0.0,0.0,0.0,0.0,0.0,0.0,0.0,0.0
475.5,3.0,20.473991790296893,17.331782404478908,16.280918424846742,14.240139002960879,14.812671261442143,14.548379901371566,14.63785467110882,14.499586671394063,14.197356074471806,14.913264818787377,1.0,1.0,1.0,1.0,1.0,1.0,1.0,1.0,1.0,1.0
475.75,4.0,20.132742437482424,19.19420900529462,18.899056976439695,19.585447281164974,21.76281599719604,20.1324866511096,18.111801045968786,18.193732268707205,15.987418444492949,15.178516296185888,1.0,1.0,1.0,1.0,1.0,1.0,1.0,1.0,1.0,1.0
476.0,1.0,0.0,0.0,0.0,0.0,0.0,0.0,0.0,0.0,0.0,0.0,0.0,0.0,0.0,0.0,0.0,0.0,0.0,0.0,0.0,0.0
476.25,2.0,21.059644686188534,21.48074581402394,18.774939022780057,15.56824777820788,17.679730322814923,18.222927210802666,18.112468181495046,17.11400302648314,16.96863152731628,16.873961689873298,1.0,1.0,1.0,1.0,1.0,1.0,1.0,1.0,1.0,1.0
476.5,3.0,0.0,0.0,0.0,0.0,0.0,0.0,0.0,0.0,0.0,0.0,0.0,0.0,0.0,0.0,0.0,0.0,0.0,0.0,0.0,0.0
476.75,4.0,0.0,0.0,0.0,0.0,0.0,0.0,0.0,0.0,0.0,0.0,0.0,0.0,0.0,0.0,0.0,0.0,0.0,0.0,0.0,0.0
477.0,1.0,19.271258250244646,19.23325841466851,19.40498241661246,18.983975971350073,18.815505862051705,19.44818257886746,19.534275892886132,20.082979778607925,19.729914015024764,20.61843391215061,1.0,1.0,1.0,1.0,1.0,1.0,1.0,1.0,1.0,1.0
477.25,2.0,20.859554523274955,20.3334376570917,18.473168671990937,16.69887124222491,19.726853847779033,19.65952522459354,18.724551327881432,17.29026082540245,17.56980837734489,17.029093556074095,1.0,1.0,1.0,1.0,1.0,1.0,1.0,1.0,1.0,1.0
477.5,3.0,0.0,0.0,0.0,0.0,0.0,0.0,0.0,0.0,0.0,0.0,0.0,0.0,0.0,0.0,0.0,0.0,0.0,0.0,0.0,0.0
477.75,4.0,18.454283278986768,19.632798988234974,20.12820586584596,18.258658847782534,18.457347444768708,17.262324919554903,16.14972351204775,16.87303042277427,16.276964208941095,16.65507230546198,1.0,1.0,1.0,1.0,1.0,1.0,1.0,1.0,1.0,1.0
478.0,1.0,19.050144534293338,19.543207488742837,20.196484306037473,18.640348724523744,17.91485840811187,18.71636938135197,18.614998375630808,20.003569954830255,20.042380164231748,20.110938693590644,1.0,1.0,1.0,1.0,1.0,1.0,1.0,1.0,1.0,1.0
478.25,2.0,0.0,0.0,0.0,0.0,0.0,0.0,0.0,0.0,0.0,0.0,0.0,0.0,0.0,0.0,0.0,0.0,0.0,0.0,0.0,0.0
478.5,3.0,16.232474658663914,17.52198441392894,16.651632413009974,14.0985235552243,14.503761681395797,14.601951482159597,16.19773155219617,15.50451243758912,14.839159983920267,15.807741726300144,1.0,1.0,1.0,1.0,1.0,1.0,1.0,1.0,1.0,1.0
478.75,4.0,19.29879784361245,19.492151349106425,19.488546998165734,16.759915077798002,17.9898814513891,17.615676400988907,16.401841059844262,17.975269455152727,16.61241566063008,16.747284544322746,1.0,1.0,1.0,1.0,1.0,1.0,1.0,1.0,1.0,1.0
479.0,1.0,18.588147907951658,20.274636376175025,19.661711171857387,16.74189071398702,17.085775970573316,19.36089514070564,19.056893013279485,19.60139028064856,19.318695553768322,19.644596541806024,1.0,1.0,1.0,1.0,1.0,1.0,1.0,1.0,1.0,1.0
479.25,2.0,19.732474714162684,19.293274791365544,17.81378665732759,17.56967975402709,17.955616457445522,16.84280178735578,16.785999251958213,17.271972045765516,17.04432045648619,18.07301191850048,1.0,1.0,1.0,1.0,1.0,1.0,1.0,1.0,1.0,1.0
479.5,3.0,0.0,0.0,0.0,0.0,0.0,0.0,0.0,0.0,0.0,0.0,0.0,0.0,0.0,0.0,0.0,0.0,0.0,0.0,0.0,0.0
479.75,4.0,19.99127893519617,20.139478838602283,18.252104113284307,16.031846575816264,16.97679197096671,16.240363655432095,16.257991874270775,16.858953294829032,15.751913801625168,15.605169273052693,1.0,1.0,1.0,1.0,1.0,1.0,1.0,1.0,1.0,1.0
480.0,1.0,18.16158581580041,20.09373264874999,18.629779374679906,16.893521303417334,17.278318485421284,18.810391462967377,18.46627935068142,20.147619689530902,18.88194429297968,19.27752132865431,1.0,1.0,1.0,1.0,1.0,1.0,1.0,1.0,1.0,1.0
480.25,2.0,0.0,0.0,0.0,0.0,0.0,0.0,0.0,0.0,0.0,0.0,0.0,0.0,0.0,0.0,0.0,0.0,0.0,0.0,0.0,0.0
480.5,3.0,17.12776332419911,17.680303352310634,15.792969670899163,14.640335441540415,14.4338558736689,14.381854135762413,15.03566846865134,14.424040159325829,14.742302955379634,16.582806664839648,1.0,1.0,1.0,1.0,1.0,1.0,1.0,1.0,1.0,1.0
480.75,4.0,19.708160553711355,19.76482166306127,16.32729423284271,15.574122475454871,18.024399782408988,17.364826825508427,16.41179885387912,16.276556116531797,14.956394084910968,14.935593735905956,1.0,1.0,1.0,1.0,1.0,1.0,1.0,1.0,1.0,1.0
481.0,1.0,0.0,0.0,0.0,0.0,0.0,0.0,0.0,0.0,0.0,0.0,0.0,0.0,0.0,0.0,0.0,0.0,0.0,0.0,0.0,0.0
481.25,2.0,0.0,0.0,0.0,0.0,0.0,0.0,0.0,0.0,0.0,0.0,0.0,0.0,0.0,0.0,0.0,0.0,0.0,0.0,0.0,0.0
481.5,3.0,14.49191925807524,16.26456514771095,15.013544725364136,13.956633626188786,14.225141882684659,14.353602136225145,14.339957897169667,14.91589166686064,15.736859379801357,17.414839907631336,1.0,1.0,1.0,1.0,1.0,1.0,1.0,1.0,1.0,1.0
481.75,4.0,0.0,0.0,0.0,0.0,0.0,0.0,0.0,0.0,0.0,0.0,0.0,0.0,0.0,0.0,0.0,0.0,0.0,0.0,0.0,0.0
482.0,1.0,18.942621373298042,17.420242887886673,15.943548172150335,16.608748968019054,16.4453430672482,17.90489252528773,18.399245718015003,19.796267606786575,19.55492061201875,18.718700906386676,1.0,1.0,1.0,1.0,1.0,1.0,1.0,1.0,1.0,1.0
482.25,2.0,15.758081659371493,17.397249163379048,18.75881010691193,17.80769243451128,16.46656529602964,16.429821645454386,16.102648316208764,16.27639572898211,15.781105713008218,16.458742653353962,1.0,1.0,1.0,1.0,1.0,1.0,1.0,1.0,1.0,1.0
482.5,3.0,0.0,0.0,0.0,0.0,0.0,0.0,0.0,0.0,0.0,0.0,0.0,0.0,0.0,0.0,0.0,0.0,0.0,0.0,0.0,0.0
482.75,4.0,18.45236136075814,17.102244249814657,15.128231463510783,15.836217707467592,17.155125781186975,15.402613678909523,15.550571022543107,15.444143574416792,15.120099091407878,15.2728033969864,1.0,1.0,1.0,1.0,1.0,1.0,1.0,1.0,1.0,1.0
483.0,1.0,18.04426761516429,16.470813234552,15.54380500829956,16.068154628306473,16.67174085416598,17.443365522070412,17.899092085686494,18.59306258290625,17.813529804781755,18.07135514430863,1.0,1.0,1.0,1.0,1.0,1.0,1.0,1.0,1.0,1.0
483.25,2.0,0.0,0.0,0.0,0.0,0.0,0.0,0.0,0.0,0.0,0.0,0.0,0.0,0.0,0.0,0.0,0.0,0.0,0.0,0.0,0.0
483.5,3.0,15.64490606083978,15.642239757183514,15.044784925869003,15.376436005455124,14.241068252346716,14.644656867809342,14.904100665613546,15.356781434161265,15.423733717063618,15.769911807761298,1.0,1.0,1.0,1.0,1.0,1.0,1.0,1.0,1.0,1.0
483.75,4.0,17.97472005303466,16.98000086791908,16.255439326951603,15.593257886261787,15.32399630233286,15.403137436638042,15.26056233785165,15.274557643703695,15.377863962393713,14.995475392328485,1.0,1.0,1.0,1.0,1.0,1.0,1.0,1.0,1.0,1.0
484.0,1.0,0.0,0.0,0.0,0.0,0.0,0.0,0.0,0.0,0.0,0.0,0.0,0.0,0.0,0.0,0.0,0.0,0.0,0.0,0.0,0.0
484.25,2.0,16.075544726007514,16.12706086707432,17.48921922979085,18.193150870842302,17.58554687840546,16.96967948221695,15.844910721776754,16.868464616018905,17.219947853809398,17.895993319742928,1.0,1.0,1.0,1.0,1.0,1.0,1.0,1.0,1.0,1.0
484.5,3.0,0.0,0.0,0.0,0.0,0.0,0.0,0.0,0.0,0.0,0.0,0.0,0.0,0.0,0.0,0.0,0.0,0.0,0.0,0.0,0.0
484.75,4.0,0.0,0.0,0.0,0.0,0.0,0.0,0.0,0.0,0.0,0.0,0.0,0.0,0.0,0.0,0.0,0.0,0.0,0.0,0.0,0.0
485.0,1.0,15.885058759846782,14.502995637519039,13.608784662235767,14.717454716672073,15.225914778980421,15.347081215072539,15.571260374948618,16.747716982036938,17.419637731819254,19.034653713112643,1.0,1.0,1.0,1.0,1.0,1.0,1.0,1.0,1.0,1.0
485.25,2.0,16.205396645751943,16.52812599154654,17.124769018800556,16.88242786319631,18.0374941626689,18.170221875153263,17.937715764120757,18.026081369750372,18.503461816012948,18.76647223836132,1.0,1.0,1.0,1.0,1.0,1.0,1.0,1.0,1.0,1.0
485.5,3.0,17.929727071834545,16.40857470221348,16.30725824531226,13.677949322746954,13.920606358717542,14.682039691901196,15.53904205214646,16.54536890147295,15.287022430982871,14.893280947544609,1.0,1.0,1.0,1.0,1.0,1.0,1.0,1.0,1.0,1.0
485.75,4.0,16.94303283827012,16.044626644834924,14.517923959278741,15.408505852817253,16.603875383577677,16.810135328077852,15.497793686660227,14.900857348715752,14.66719266470455,14.88686716608006,1.0,1.0,1.0,1.0,1.0,1.0,1.0,1.0,1.0,1.0
486.0,1.0,15.127949044439928,14.149267171663046,14.717287703121599,14.864660356841503,15.160270322324578,14.794569889778021,16.64844260972618,18.31078103203206,19.53012533640931,20.7222373136838,1.0,1.0,1.0,1.0,1.0,1.0,1.0,1.0,1.0,1.0
486.25,2.0,0.0,0.0,0.0,0.0,0.0,0.0,0.0,0.0,0.0,0.0,0.0,0.0,0.0,0.0,0.0,0.0,0.0,0.0,0.0,0.0
486.5,3.0,18.251460510621275,15.937587591968267,14.937880463884174,13.661761808959008,15.667401997879185,15.592785033789225,15.115661056068452,15.637276092934373,15.009321578435745,15.224865478542318,1.0,1.0,1.0,1.0,1.0,1.0,1.0,1.0,1.0,1.0
486.75,4.0,17.554881958410135,15.925275892152678,14.225210683350472,14.963752686006993,16.803415908726915,15.819677955261264,15.521616352657492,15.649091561626122,15.475444136701089,15.358238119110299,1.0,1.0,1.0,1.0,1.0,1.0,1.0,1.0,1.0,1.0
487.0,1.0,15.085086169505246,13.804938330027477,14.783665895577215,15.10148924288351,15.549890308344795,16.14228095179402,18.90213946114986,20.39863914604167,21.52945713837036,21.33398324647644,1.0,1.0,1.0,1.0,1.0,1.0,1.0,1.0,1.0,1.0
487.25,2.0,17.082455590011115,15.847176563419174,14.54284016647086,17.058104925745173,18.99149395185539,17.80480844189975,18.447055759206865,18.91516238759042,18.66175417123749,19.50897625114323,1.0,1.0,1.0,1.0,1.0,1.0,1.0,1.0,1.0,1.0
487.5,3.0,0.0,0.0,0.0,0.0,0.0,0.0,0.0,0.0,0.0,0.0,0.0,0.0,0.0,0.0,0.0,0.0,0.0,0.0,0.0,0.0
487.75,4.0,18.026554407501564,17.560802455819445,13.83565249246966,14.436316684753793,16.684292161736593,15.487972091134317,15.995573029907007,16.1549610103104,16.33985318285009,16.40174247357875,1.0,1.0,1.0,1.0,1.0,1.0,1.0,1.0,1.0,1.0
488.0,1.0,13.628733452864076,13.194242636076035,15.051162411317163,16.65898910368778,17.775156277097164,18.70578561860986,20.633048729324415,21.50760451664524,22.415110804496706,22.159771827391587,1.0,1.0,1.0,1.0,1.0,1.0,1.0,1.0,1.0,1.0
488.25,2.0,0.0,0.0,0.0,0.0,0.0,0.0,0.0,0.0,0.0,0.0,0.0,0.0,0.0,0.0,0.0,0.0,0.0,0.0,0.0,0.0
488.5,3.0,16.309249873421564,14.16174578949455,14.671536755357948,13.885534777444757,13.961766070480476,14.514079559082628,13.785245849671156,14.385966849636885,13.448310928513276,14.48736592704586,1.0,1.0,1.0,1.0,1.0,1.0,1.0,1.0,1.0,1.0
488.75,4.0,18.547083613787123,17.271196956131803,13.927896827369109,15.207635501684653,16.609885256942274,15.595324591304326,16.805697198123422,16.240346888284158,17.163832472946968,17.045518368460954,1.0,1.0,1.0,1.0,1.0,1.0,1.0,1.0,1.0,1.0
489.0,1.0,0.0,0.0,0.0,0.0,0.0,0.0,0.0,0.0,0.0,0.0,0.0,0.0,0.0,0.0,0.0,0.0,0.0,0.0,0.0,0.0
489.25,2.0,19.283078632867465,17.091820767439895,15.982192568193973,16.104197482391633,18.570282223071057,17.255538459688076,17.241165434356425,18.265590934815695,18.850864474768123,19.63555010818093,1.0,1.0,1.0,1.0,1.0,1.0,1.0,1.0,1.0,1.0
489.5,3.0,16.803093210062084,15.167214595888641,14.202032878339693,12.973255692171213,14.190260892880941,14.32837997747312,13.97892429277974,14.515712055380723,14.839409029450463,15.080527796309394,1.0,1.0,1.0,1.0,1.0,1.0,1.0,1.0,1.0,1.0
489.75,4.0,0.0,0.0,0.0,0.0,0.0,0.0,0.0,0.0,0.0,0.0,0.0,0.0,0.0,0.0,0.0,0.0,0.0,0.0,0.0,0.0
490.0,1.0,14.281054243663084,14.788367299896624,15.233615177156869,16.252732461761333,18.589320696172546,18.26535104362965,20.03938358157295,20.40564571965182,19.82551470389588,19.63324143707805,1.0,1.0,1.0,1.0,1.0,1.0,1.0,1.0,1.0,1.0
490.25,2.0,18.421473463738167,15.790931039826578,16.112164119365435,17.29902732700995,18.92645326487081,17.50183974453946,17.555544244477034,18.26903612411518,18.188340150026963,19.065996632671624,1.0,1.0,1.0,1.0,1.0,1.0,1.0,1.0,1.0,1.0
490.5,3.0,0.0,0.0,0.0,0.0,0.0,0.0,0.0,0.0,0.0,0.0,0.0,0.0,0.0,0.0,0.0,0.0,0.0,0.0,0.0,0.0
490.75,4.0,17.2774354441601,17.333532720962538,15.105615263967133,15.521849084268933,18.71757610593513,16.586627695095466,17.15894210677951,15.535631520251078,16.787388187396434,17.32073659677836,1.0,1.0,1.0,1.0,1.0,1.0,1.0,1.0,1.0,1.0
491.0,1.0,14.896482041889108,14.991540852423388,15.106691145159127,16.28776941788787,18.199622334465893,17.008822808980348,18.12785470973947,18.880617056170138,19.39069980968563,19.0323136647291,1.0,1.0,1.0,1.0,1.0,1.0,1.0,1.0,1.0,1.0
491.25,2.0,0.0,0.0,0.0,0.0,0.0,0.0,0.0,0.0,0.0,0.0,0.0,0.0,0.0,0.0,0.0,0.0,0.0,0.0,0.0,0.0
491.5,3.0,16.001041682320086,14.597631847414297,13.141498049895308,13.180698596155487,14.190585730598025,14.615291768512083,14.008986525375281,14.987400704802017,14.42250828404945,14.326067853487993,1.0,1.0,1.0,1.0,1.0,1.0,1.0,1.0,1.0,1.0
491.75,4.0,18.151646537382845,16.61202563842865,15.48772003276508,16.080267182987416,18.83080502761082,16.879340094176,17.214531853270596,16.309424215432724,16.38618721640449,17.06766786133306,1.0,1.0,1.0,1.0,1.0,1.0,1.0,1.0,1.0,1.0
492.0,1.0,15.892470829529206,15.793653227869404,16.246098812347466,17.28359706544,18.609334929080717,17.895256346630486,19.26713573297792,19.22998918716839,19.581435496534453,18.741456454508654,1.0,1.0,1.0,1.0,1.0,1.0,1.0,1.0,1.0,1.0
492.25,2.0,15.902301371742576,17.231841141108806,18.01992128392312,19.149891481596075,19.027717211580807,16.94318825126539,17.344059117568307,18.36712261596499,18.902847427533572,20.025484886755727,1.0,1.0,1.0,1.0,1.0,1.0,1.0,1.0,1.0,1.0
492.5,3.0,0.0,0.0,0.0,0.0,0.0,0.0,0.0,0.0,0.0,0.0,0.0,0.0,0.0,0.0,0.0,0.0,0.0,0.0,0.0,0.0
492.75,4.0,0.0,0.0,0.0,0.0,0.0,0.0,0.0,0.0,0.0,0.0,0.0,0.0,0.0,0.0,0.0,0.0,0.0,0.0,0.0,0.0
493.0,1.0,15.969310165259056,15.807676142626384,17.24784773032586,18.32640331042801,17.588599510484272,16.77716069014927,18.33031180334957,18.6035356440333,19.48391103253931,18.817194098396794,1.0,1.0,1.0,1.0,1.0,1.0,1.0,1.0,1.0,1.0
493.25,2.0,16.38919354483838,19.41486647827001,19.81217919386371,20.452994263255643,19.08269496648757,17.444027659381007,17.664283132308,17.07763670918473,17.641371213639996,17.901251282005056,1.0,1.0,1.0,1.0,1.0,1.0,1.0,1.0,1.0,1.0
493.5,3.0,15.05251209607158,12.578605754721078,12.183754907329345,15.13080176088522,14.4589270909807,14.306581958163418,13.576858603318612,14.752829247803241,13.61664859461048,13.126952815508918,1.0,1.0,1.0,1.0,1.0,1.0,1.0,1.0,1.0,1.0
493.75,4.0,17.114231433374854,16.72349780567809,15.48183894591122,15.184135027672811,17.925521582859393,17.25169646051638,17.16268453217607,15.712890980324325,16.108016658794345,15.98161263771657,1.0,1.0,1.0,1.0,1.0,1.0,1.0,1.0,1.0,1.0
494.0,1.0,16.352014400271518,16.41135544043659,16.28705654280008,16.55969472398318,17.69959518861346,18.35459607525484,18.90356364935571,18.384236496379174,18.647151733431066,18.776453777967212,1.0,1.0,1.0,1.0,1.0,1.0,1.0,1.0,1.0,1.0
494.25,2.0,0.0,0.0,0.0,0.0,0.0,0.0,0.0,0.0,0.0,0.0,0.0,0.0,0.0,0.0,0.0,0.0,0.0,0.0,0.0,0.0
494.5,3.0,14.20950696718477,12.181269249508794,12.892829278076151,14.228119437055923,13.54156584896257,14.15376022053253,14.290291681560689,14.613975269667053,13.456665860951533,13.667516683870378,1.0,1.0,1.0,1.0,1.0,1.0,1.0,1.0,1.0,1.0
494.75,4.0,16.839449415241393,16.466190878324525,13.717657868580343,15.087631262544765,17.438580083390914,17.246090033611885,16.492095072511926,15.609550564582452,16.025014180858772,16.280373164558057,1.0,1.0,1.0,1.0,1.0,1.0,1.0,1.0,1.0,1.0
495.0,1.0,15.933103359001086,17.158544196082207,16.70403001128701,17.291231841316517,18.536151640936353,18.32592766063467,18.70545083518683,18.506593534564512,18.390265500821815,17.862770266198325,1.0,1.0,1.0,1.0,1.0,1.0,1.0,1.0,1.0,1.0
495.25,2.0,17.128314367101645,19.773468720591314,19.591559954768215,19.846643943254588,19.286407470668113,17.74469312244729,17.02701213536178,15.966374783932277,15.891756666171576,14.97111686407292,1.0,1.0,1.0,1.0,1.0,1.0,1.0,1.0,1.0,1.0
495.5,3.0,0.0,0.0,0.0,0.0,0.0,0.0,0.0,0.0,0.0,0.0,0.0,0.0,0.0,0.0,0.0,0.0,0.0,0.0,0.0,0.0
495.75,4.0,16.513215324960825,15.576214499271455,13.454095588244929,15.56205406540819,17.064776699007417,16.380528612960493,15.609047838625557,14.538274494395404,14.019375166183318,13.626474286074883,1.0,1.0,1.0,1.0,1.0,1.0,1.0,1.0,1.0,1.0
496.0,1.0,17.130867049801534,18.21901089202997,17.568023983543284,17.71323996627241,17.07311027873453,17.65082169769479,18.333910292676844,18.28803032206383,18.106043231015928,18.212357673681915,1.0,1.0,1.0,1.0,1.0,1.0,1.0,1.0,1.0,1.0
496.25,2.0,0.0,0.0,0.0,0.0,0.0,0.0,0.0,0.0,0.0,0.0,0.0,0.0,0.0,0.0,0.0,0.0,0.0,0.0,0.0,0.0
496.5,3.0,16.209948847648352,14.231438418598016,14.252836341911932,13.443865503372583,14.104295397969297,16.062585902858793,16.097307780665055,17.252012391301296,16.776306195892058,16.56505460254314,1.0,1.0,1.0,1.0,1.0,1.0,1.0,1.0,1.0,1.0
496.75,4.0,15.877637213699984,14.989944743073107,14.282913150303623,16.081352194639738,17.100492170026378,16.20150984621587,15.782959698152746,15.153695522879197,15.430976526118478,15.212593065575875,1.0,1.0,1.0,1.0,1.0,1.0,1.0,1.0,1.0,1.0
497.0,1.0,0.0,0.0,0.0,0.0,0.0,0.0,0.0,0.0,0.0,0.0,0.0,0.0,0.0,0.0,0.0,0.0,0.0,0.0,0.0,0.0
497.25,2.0,18.39259676964137,18.410092873967272,18.734382193214355,18.856034295191243,18.462841091163202,16.596409836311462,16.116498090175853,15.738221591067758,15.758613632204545,15.54051375473718,1.0,1.0,1.0,1.0,1.0,1.0,1.0,1.0,1.0,1.0
497.5,3.0,17.25794682345674,15.296461658602867,13.260291714557365,13.498629921380548,15.565749226810114,17.315441010661235,17.71367559881099,17.807111728579326,17.78818332837304,17.38968577501173,1.0,1.0,1.0,1.0,1.0,1.0,1.0,1.0,1.0,1.0
497.75,4.0,0.0,0.0,0.0,0.0,0.0,0.0,0.0,0.0,0.0,0.0,0.0,0.0,0.0,0.0,0.0,0.0,0.0,0.0,0.0,0.0
498.0,1.0,20.01154890904899,19.51937731759057,16.772794457347945,16.374125833755546,16.744112345066757,16.885240975115902,17.754129155846364,18.088249866630292,17.24742301474745,18.098844139181626,1.0,1.0,1.0,1.0,1.0,1.0,1.0,1.0,1.0,1.0
498.25,2.0,17.91465487391319,19.542472397230025,19.174795047634795,16.982644929791935,17.663252649282505,16.333316928302114,16.29434549478174,16.449790133230294,16.796497978796474,16.512159621789728,1.0,1.0,1.0,1.0,1.0,1.0,1.0,1.0,1.0,1.0
498.5,3.0,0.0,0.0,0.0,0.0,0.0,0.0,0.0,0.0,0.0,0.0,0.0,0.0,0.0,0.0,0.0,0.0,0.0,0.0,0.0,0.0
498.75,4.0,16.04552738576916,15.93788608587577,14.68626963915473,15.43483433122268,16.876343784852125,16.64173745516,15.57938971642184,14.465306071067497,14.322207590996994,13.915003256172591,1.0,1.0,1.0,1.0,1.0,1.0,1.0,1.0,1.0,1.0
499.0,1.0,19.30914160506871,18.333111983621937,16.25669832470123,15.891130605140875,16.30800360605796,16.39587923718137,17.53132460917918,17.119704745252857,16.99115425281703,18.649134789484954,1.0,1.0,1.0,1.0,1.0,1.0,1.0,1.0,1.0,1.0
499.25,2.0,0.0,0.0,0.0,0.0,0.0,0.0,0.0,0.0,0.0,0.0,0.0,0.0,0.0,0.0,0.0,0.0,0.0,0.0,0.0,0.0
499.5,3.0,15.928702102926179,13.970828200530162,15.7832405563951,17.78044132129905,18.605833870715454,19.649357744494647,19.45786164589294,19.42189309265238,18.520322770823654,16.11371746886997,1.0,1.0,1.0,1.0,1.0,1.0,1.0,1.0,1.0,1.0
499.75,4.0,16.20175171353155,16.446477316032905,15.072478998947904,16.26673411659197,17.619364894039386,16.83531433436367,15.101815539753096,15.081976508071165,14.131734592176091,14.948332116044302,1.0,1.0,1.0,1.0,1.0,1.0,1.0,1.0,1.0,1.0
500.0,1.0,18.386515232786582,17.854808018536705,15.917478062184493,16.14477161214131,17.157179503092163,17.099371158789996,17.300264890351258,17.489270350165725,17.451960363597518,18.75788284515354,1.0,1.0,1.0,1.0,1.0,1.0,1.0,1.0,1.0,1.0
500.25,2.0,19.540090762484716,19.860747909460642,17.338050069767114,16.528097728559942,19.377247900540375,17.354919920673986,17.31867187472896,16.22112667778742,16.10829959534413,16.472530848977005,1.0,1.0,1.0,1.0,1.0,1.0,1.0,1.0,1.0,1.0
500.5,3.0,0.0,0.0,0.0,0.0,0.0,0.0,0.0,0.0,0.0,0.0,0.0,0.0,0.0,0.0,0.0,0.0,0.0,0.0,0.0,0.0
500.75,4.0,16.02398952991767,15.370649195543818,15.610801257206251,16.097552167845564,17.167317826020152,17.03012459919762,15.784876390666838,15.487253920694371,14.414245133352308,14.896828212891457,1.0,1.0,1.0,1.0,1.0,1.0,1.0,1.0,1.0,1.0
501.0,1.0,17.29151861814166,16.06706517135687,15.440685818299013,16.237691097401285,15.51857070878594,16.04916126982553,16.86696339582093,18.736674017051314,18.018063600712708,18.877604022220957,1.0,1.0,1.0,1.0,1.0,1.0,1.0,1.0,1.0,1.0
501.25,2.0,18.738318031875266,18.93697091442395,18.208105238951763,16.9913891436105,18.594237803690095,17.549158763739317,17.509004547068663,17.157492136479046,18.777633931321503,18.840714452751605,1.0,1.0,1.0,1.0,1.0,1.0,1.0,1.0,1.0,1.0
501.5,3.0,15.024485875102892,15.00448240678423,17.754565455036143,19.681309741531745,19.53231279366238,18.636237262026704,18.627167621204954,17.19524106982706,16.307144429489433,15.744136530395592,1.0,1.0,1.0,1.0,1.0,1.0,1.0,1.0,1.0,1.0
501.75,4.0,16.340350008929025,15.064103594518109,16.269588354209144,16.238662160384976,17.20673305055146,17.056395713397677,15.870490128238997,14.863216427495042,14.954748490836854,15.779486021076398,1.0,1.0,1.0,1.0,1.0,1.0,1.0,1.0,1.0,1.0
502.0,1.0,0.0,0.0,0.0,0.0,0.0,0.0,0.0,0.0,0.0,0.0,0.0,0.0,0.0,0.0,0.0,0.0,0.0,0.0,0.0,0.0
502.25,2.0,0.0,0.0,0.0,0.0,0.0,0.0,0.0,0.0,0.0,0.0,0.0,0.0,0.0,0.0,0.0,0.0,0.0,0.0,0.0,0.0
502.5,3.0,15.365467161863041,15.624992444997506,17.021059429596917,18.238779501840526,19.129963802974,17.68568329199834,17.89165651615392,16.80949114431096,15.566213199123029,14.273582730038779,1.0,1.0,1.0,1.0,1.0,1.0,1.0,1.0,1.0,1.0
502.75,4.0,0.0,0.0,0.0,0.0,0.0,0.0,0.0,0.0,0.0,0.0,0.0,0.0,0.0,0.0,0.0,0.0,0.0,0.0,0.0,0.0
503.0,1.0,15.004359789295481,15.005903001206914,14.06964286952447,14.73033286108304,16.433343398554968,17.820216864958194,18.48376398510412,20.121142464645118,19.205526422990417,20.184677439817435,1.0,1.0,1.0,1.0,1.0,1.0,1.0,1.0,1.0,1.0
503.25,2.0,17.19580128221557,18.473368361937172,17.966129680819332,17.326509826597693,18.92769248225057,18.542044406190243,19.901463581767164,20.732193693324913,21.37774619385529,21.145710070262474,1.0,1.0,1.0,1.0,1.0,1.0,1.0,1.0,1.0,1.0
503.5,3.0,0.0,0.0,0.0,0.0,0.0,0.0,0.0,0.0,0.0,0.0,0.0,0.0,0.0,0.0,0.0,0.0,0.0,0.0,0.0,0.0
503.75,4.0,16.367316555706285,17.210716626107406,18.10197066178422,15.912960449510983,17.65033932222491,17.59784278944475,17.434104781913753,17.351181970490188,17.7466327860765,17.707233008490622,1.0,1.0,1.0,1.0,1.0,1.0,1.0,1.0,1.0,1.0
504.0,1.0,13.764681164784209,14.238848822965958,13.980440112484724,15.713562364890898,17.323511685446395,18.470474652471857,19.87559631822676,20.862944965622212,21.0523737276634,21.564192725848024,1.0,1.0,1.0,1.0,1.0,1.0,1.0,1.0,1.0,1.0
504.25,2.0,0.0,0.0,0.0,0.0,0.0,0.0,0.0,0.0,0.0,0.0,0.0,0.0,0.0,0.0,0.0,0.0,0.0,0.0,0.0,0.0
504.5,3.0,14.874457839559225,15.62393223444577,16.17696513307876,16.061148513505216,16.792942106430004,15.537811544356199,15.71940611684105,14.803746834343206,13.281494279543683,12.434002346807796,1.0,1.0,1.0,1.0,1.0,1.0,1.0,1.0,1.0,1.0
504.75,4.0,15.911272667799722,17.044525301385658,18.425417029345915,17.026875586827163,17.710753565660543,18.47981582857021,18.2856437300081,18.74133732085033,18.84773520795161,18.63704233806111,1.0,1.0,1.0,1.0,1.0,1.0,1.0,1.0,1.0,1.0
505.0,1.0,0.0,0.0,0.0,0.0,0.0,0.0,0.0,0.0,0.0,0.0,0.0,0.0,0.0,0.0,0.0,0.0,0.0,0.0,0.0,0.0
505.25,2.0,15.00900325679084,17.661975798216265,19.74734532757756,18.138014876655966,19.174086466390598,18.898703721068983,18.859824765347277,20.726932977011806,20.35441625940827,20.71677305243126,1.0,1.0,1.0,1.0,1.0,1.0,1.0,1.0,1.0,1.0
505.5,3.0,0.0,0.0,0.0,0.0,0.0,0.0,0.0,0.0,0.0,0.0,0.0,0.0,0.0,0.0,0.0,0.0,0.0,0.0,0.0,0.0
505.75,4.0,0.0,0.0,0.0,0.0,0.0,0.0,0.0,0.0,0.0,0.0,0.0,0.0,0.0,0.0,0.0,0.0,0.0,0.0,0.0,0.0
506.0,1.0,13.322444972622366,13.917724950792195,15.846444077166566,17.703924677460968,20.070705714528362,20.160608289668605,21.320671225778828,21.451817391834048,21.045863056120993,21.375587707822895,1.0,1.0,1.0,1.0,1.0,1.0,1.0,1.0,1.0,1.0
506.25,2.0,16.064069657990647,18.450394257044685,19.70971951442428,18.8277880362129,19.662735238382695,18.82010619901819,19.70571508381398,20.69305935941851,20.78015711958478,20.387726033269683,1.0,1.0,1.0,1.0,1.0,1.0,1.0,1.0,1.0,1.0
506.5,3.0,0.0,0.0,0.0,0.0,0.0,0.0,0.0,0.0,0.0,0.0,0.0,0.0,0.0,0.0,0.0,0.0,0.0,0.0,0.0,0.0
506.75,4.0,15.268459624808722,15.737203200240444,18.602784123295987,17.721086919037628,17.7389547810207,18.887903716842,18.177772261007984,18.544991481341505,17.25205526470585,16.772651482415622,1.0,1.0,1.0,1.0,1.0,1.0,1.0,1.0,1.0,1.0
507.0,1.0,12.992479967045622,14.302765403082306,16.447755081415163,18.229265792902712,20.848067235359512,19.931734257662793,20.791241094905093,21.026205987893903,21.203874575898595,20.899808003426692,1.0,1.0,1.0,1.0,1.0,1.0,1.0,1.0,1.0,1.0
507.25,2.0,0.0,0.0,0.0,0.0,0.0,0.0,0.0,0.0,0.0,0.0,0.0,0.0,0.0,0.0,0.0,0.0,0.0,0.0,0.0,0.0
507.5,3.0,16.646214275067624,14.793912931909164,14.931693387548314,13.565571406461181,14.85338284238577,13.772091802447116,13.445387815811614,12.753315007423382,11.58090029224653,10.017610622352375,1.0,1.0,1.0,1.0,1.0,1.0,1.0,1.0,1.0,1.0
507.75,4.0,14.384281925943066,15.827338658722745,18.05881216089164,17.940668494262844,18.29969841032891,18.387095338829663,17.736608850079147,17.804099082333785,17.03134308814403,16.43722507482252,1.0,1.0,1.0,1.0,1.0,1.0,1.0,1.0,1.0,1.0
508.0,1.0,12.49013960746465,14.907638759073286,16.503035383659697,17.682565130241777,20.348989734024865,19.23586685627582,19.952940430729424,19.146484909040037,19.08634294371094,18.45870203915563,1.0,1.0,1.0,1.0,1.0,1.0,1.0,1.0,1.0,1.0
508.25,2.0,15.641891316524477,17.26904637402418,17.825822781920657,17.226217082969423,18.73699153996103,18.250591561265416,18.09033833744495,18.81156951583482,17.064988299130075,18.03714182851945,1.0,1.0,1.0,1.0,1.0,1.0,1.0,1.0,1.0,1.0
508.5,3.0,0.0,0.0,0.0,0.0,0.0,0.0,0.0,0.0,0.0,0.0,0.0,0.0,0.0,0.0,0.0,0.0,0.0,0.0,0.0,0.0
508.75,4.0,14.551334889520684,14.545369676104727,16.00099538322307,17.052953614057547,18.179710838779595,18.15717368508711,17.206180690222446,17.27024952683038,16.67918936397055,16.04622354385646,1.0,1.0,1.0,1.0,1.0,1.0,1.0,1.0,1.0,1.0
509.0,1.0,14.093621190282951,15.65236735921158,16.778969741234306,19.2621572903414,20.55977252028623,20.396461850529075,20.273856555400087,19.304590366478557,19.199328739721818,18.619570824394366,1.0,1.0,1.0,1.0,1.0,1.0,1.0,1.0,1.0,1.0
509.25,2.0,0.0,0.0,0.0,0.0,0.0,0.0,0.0,0.0,0.0,0.0,0.0,0.0,0.0,0.0,0.0,0.0,0.0,0.0,0.0,0.0
509.5,3.0,15.347054793797327,14.633467540350399,14.402658064832483,12.44403536710315,14.224467575716133,12.964338614703502,12.088690814592393,10.354243500891156,10.198638759419508,9.651518257078196,1.0,1.0,1.0,1.0,1.0,1.0,1.0,1.0,1.0,1.0
509.75,4.0,13.596553584558587,13.672498581000045,15.961898712769647,16.25477474728214,17.57241373289739,17.93277015651502,17.999059066851164,17.13389770737355,16.88568697093629,16.23779773392115,1.0,1.0,1.0,1.0,1.0,1.0,1.0,1.0,1.0,1.0
510.0,1.0,0.0,0.0,0.0,0.0,0.0,0.0,0.0,0.0,0.0,0.0,0.0,0.0,0.0,0.0,0.0,0.0,0.0,0.0,0.0,0.0
510.25,2.0,0.0,0.0,0.0,0.0,0.0,0.0,0.0,0.0,0.0,0.0,0.0,0.0,0.0,0.0,0.0,0.0,0.0,0.0,0.0,0.0
510.5,3.0,15.481841405797883,14.759352714359931,14.647658572265152,13.518642663559435,13.082006686853926,13.40208062034753,11.99328393103557,12.21069636791081,11.201677485348796,11.357608765098828,1.0,1.0,1.0,1.0,1.0,1.0,1.0,1.0,1.0,1.0
510.75,4.0,0.0,0.0,0.0,0.0,0.0,0.0,0.0,0.0,0.0,0.0,0.0,0.0,0.0,0.0,0.0,0.0,0.0,0.0,0.0,0.0
511.0,1.0,16.284458789230186,17.374286200951193,19.15821151759606,21.14949890238836,19.96081909804213,19.57432695252591,19.26257809509594,19.380821416932058,20.313444701116335,19.861138184437014,1.0,1.0,1.0,1.0,1.0,1.0,1.0,1.0,1.0,1.0
511.25,2.0,18.110517687968663,18.539335693962844,18.57743321892234,18.00029651110937,18.114441431099156,18.075820040723677,18.849822792658163,19.5135249928457,19.838396478789125,22.126602222134313,1.0,1.0,1.0,1.0,1.0,1.0,1.0,1.0,1.0,1.0
511.5,3.0,0.0,0.0,0.0,0.0,0.0,0.0,0.0,0.0,0.0,0.0,0.0,0.0,0.0,0.0,0.0,0.0,0.0,0.0,0.0,0.0
511.75,4.0,12.888249601468308,13.385005748413413,15.73720995800302,16.54937978173571,17.673807481079443,16.32696113674811,17.19434665381765,17.216050829368083,16.39976870102085,15.54511109480815,1.0,1.0,1.0,1.0,1.0,1.0,1.0,1.0,1.0,1.0
512.0,1.0,17.092803325350527,18.875988431334562,20.363402795568266,20.646466163859554,20.22239480561155,20.37673216895278,20.017584123147355,20.33084430608381,20.500218737949673,19.304232088414416,1.0,1.0,1.0,1.0,1.0,1.0,1.0,1.0,1.0,1.0
512.25,2.0,0.0,0.0,0.0,0.0,0.0,0.0,0.0,0.0,0.0,0.0,0.0,0.0,0.0,0.0,0.0,0.0,0.0,0.0,0.0,0.0
512.5,3.0,16.004361256079903,15.192551716505006,16.27475126517615,13.776188209825499,13.662832007330158,13.339781303647378,12.95852882269077,12.656938651470988,11.624959898681674,12.612224251917588,1.0,1.0,1.0,1.0,1.0,1.0,1.0,1.0,1.0,1.0
512.75,4.0,12.863454256419168,14.157827740928514,15.923625072610644,15.239422562601819,17.122054009369126,16.31768499516543,16.388755000887947,16.625412952809178,15.55700707535591,15.086536794663806,1.0,1.0,1.0,1.0,1.0,1.0,1.0,1.0,1.0,1.0
513.0,1.0,0.0,0.0,0.0,0.0,0.0,0.0,0.0,0.0,0.0,0.0,0.0,0.0,0.0,0.0,0.0,0.0,0.0,0.0,0.0,0.0
513.25,2.0,18.608854201081474,18.82820689317474,17.412481884313348,17.901265056966043,19.22198347135623,19.751726455221096,21.173552856011817,21.916454724686652,22.485614846728602,21.969479492587542,1.0,1.0,1.0,1.0,1.0,1.0,1.0,1.0,1.0,1.0
513.5,3.0,0.0,0.0,0.0,0.0,0.0,0.0,0.0,0.0,0.0,0.0,0.0,0.0,0.0,0.0,0.0,0.0,0.0,0.0,0.0,0.0
513.75,4.0,0.0,0.0,0.0,0.0,0.0,0.0,0.0,0.0,0.0,0.0,0.0,0.0,0.0,0.0,0.0,0.0,0.0,0.0,0.0,0.0
514.0,1.0,18.62614586529233,20.2004680309736,19.507899129936735,20.530495188725492,20.723559720852194,20.005508858962088,19.585264541267698,20.10442794338491,20.847792991570888,20.78660561514642,1.0,1.0,1.0,1.0,1.0,1.0,1.0,1.0,1.0,1.0
514.25,2.0,17.133243623293083,16.831493135743692,17.449184136241417,19.78157907830954,20.480684685959456,21.180074435458238,22.327391224257685,22.312584057439175,22.04641773678611,20.186442032045814,1.0,1.0,1.0,1.0,1.0,1.0,1.0,1.0,1.0,1.0
514.5,3.0,0.0,0.0,0.0,0.0,0.0,0.0,0.0,0.0,0.0,0.0,0.0,0.0,0.0,0.0,0.0,0.0,0.0,0.0,0.0,0.0
514.75,4.0,13.360975310523653,14.519874764287529,14.902805903055306,14.259802785240954,16.373243881769003,15.145507957350336,15.440601544038177,14.99140644550975,14.331095146711032,13.894969002433049,1.0,1.0,1.0,1.0,1.0,1.0,1.0,1.0,1.0,1.0
515.0,1.0,19.331067679973273,19.84473214967903,18.91272133686609,20.474722051734975,21.013933815813886,20.22431558724841,19.759526795548986,20.269543226946933,20.935793488450237,20.42867780415534,1.0,1.0,1.0,1.0,1.0,1.0,1.0,1.0,1.0,1.0
515.25,2.0,0.0,0.0,0.0,0.0,0.0,0.0,0.0,0.0,0.0,0.0,0.0,0.0,0.0,0.0,0.0,0.0,0.0,0.0,0.0,0.0
515.5,3.0,17.794405681368975,16.103492427442287,14.797178417328485,14.057424132310889,14.174706160036463,13.865415365870703,14.26032638103263,13.758639683243294,13.65333224998253,14.643232257515349,1.0,1.0,1.0,1.0,1.0,1.0,1.0,1.0,1.0,1.0
515.75,4.0,13.298716467645107,13.425531132672077,13.927661095420465,14.530981772624669,15.389370023825748,13.819287866498836,13.79572373586162,14.264988890072036,14.150111174219816,13.596653435702734,1.0,1.0,1.0,1.0,1.0,1.0,1.0,1.0,1.0,1.0
516.0,1.0,19.116461979151016,19.71885212289215,19.332389773018672,20.857369076784924,21.39882550329248,20.605025322112315,20.245071907258815,19.38409906415812,19.782550014122346,19.20703973751605,1.0,1.0,1.0,1.0,1.0,1.0,1.0,1.0,1.0,1.0
516.25,2.0,17.410223656170103,17.52093188292389,20.122195793484092,21.522598461626778,22.26038213925905,21.640613909534597,22.253893168669194,21.63556627350719,21.95347494751262,22.009256550719275,1.0,1.0,1.0,1.0,1.0,1.0,1.0,1.0,1.0,1.0
516.5,3.0,0.0,0.0,0.0,0.0,0.0,0.0,0.0,0.0,0.0,0.0,0.0,0.0,0.0,0.0,0.0,0.0,0.0,0.0,0.0,0.0
516.75,4.0,13.934536223274472,12.983185298931371,13.743176525945392,13.86613446365772,14.359150605671957,13.88173318531532,14.510429337638504,14.81047311793518,15.2191757145031,14.839169526012396,1.0,1.0,1.0,1.0,1.0,1.0,1.0,1.0,1.0,1.0
517.0,1.0,19.570730756190187,19.25476332693683,19.893659138374257,21.053571124014155,21.13807036444607,19.649577618233526,19.222163203818887,18.12475297466104,17.49343415085275,17.182155755792042,1.0,1.0,1.0,1.0,1.0,1.0,1.0,1.0,1.0,1.0
517.25,2.0,0.0,0.0,0.0,0.0,0.0,0.0,0.0,0.0,0.0,0.0,0.0,0.0,0.0,0.0,0.0,0.0,0.0,0.0,0.0,0.0
517.5,3.0,18.057013374449735,15.947233429822532,14.57232129723726,14.996662049314903,15.376194526944147,15.053637542827774,15.69551835772357,16.02349312133515,16.343052171576694,18.1075183748478,1.0,1.0,1.0,1.0,1.0,1.0,1.0,1.0,1.0,1.0
517.75,4.0,13.8615733097009,12.682705030263028,14.299839093453233,13.145949584403107,15.47355230965827,14.758570946127218,16.2608137894859,15.59009377518764,16.273785328352897,16.31390580368402,1.0,1.0,1.0,1.0,1.0,1.0,1.0,1.0,1.0,1.0
518.0,1.0,0.0,0.0,0.0,0.0,0.0,0.0,0.0,0.0,0.0,0.0,0.0,0.0,0.0,0.0,0.0,0.0,0.0,0.0,0.0,0.0
518.25,2.0,0.0,0.0,0.0,0.0,0.0,0.0,0.0,0.0,0.0,0.0,0.0,0.0,0.0,0.0,0.0,0.0,0.0,0.0,0.0,0.0
518.5,3.0,18.605455836781076,15.447240824369166,15.151886079817194,14.577878916012585,16.02771773047969,15.54388484597493,16.160742323066017,16.53075183050607,17.25533750305855,18.043470870192973,1.0,1.0,1.0,1.0,1.0,1.0,1.0,1.0,1.0,1.0
518.75,4.0,0.0,0.0,0.0,0.0,0.0,0.0,0.0,0.0,0.0,0.0,0.0,0.0,0.0,0.0,0.0,0.0,0.0,0.0,0.0,0.0
519.0,1.0,19.11362965755177,19.231822437675746,19.787186851284194,20.8357494822332,19.06573281514118,17.672890315436117,16.962971361314548,17.153633561064378,17.367178815139088,17.61261971056717,1.0,1.0,1.0,1.0,1.0,1.0,1.0,1.0,1.0,1.0
519.25,2.0,19.366541589285966,20.127109172735675,22.455920493258755,22.474702769313375,21.872282808758275,23.202036949955282,24.016004622099988,23.533238366865156,22.772766644534663,22.042639508485898,1.0,1.0,1.0,1.0,1.0,1.0,1.0,1.0,1.0,1.0
519.5,3.0,0.0,0.0,0.0,0.0,0.0,0.0,0.0,0.0,0.0,0.0,0.0,0.0,0.0,0.0,0.0,0.0,0.0,0.0,0.0,0.0
519.75,4.0,15.054662964578094,15.2176786980546,14.9364886846051,13.743436812806582,16.20857644378766,15.91362253684114,17.160558581613603,16.371740413721124,16.399539500019298,16.494870049053137,1.0,1.0,1.0,1.0,1.0,1.0,1.0,1.0,1.0,1.0
520.0,1.0,18.828324696194578,18.451316139426893,19.17571304857287,19.437411299247557,16.434188169345923,16.261289675679834,16.275556860949624,16.3681244287958,17.29245249153343,17.907584464096615,1.0,1.0,1.0,1.0,1.0,1.0,1.0,1.0,1.0,1.0
520.25,2.0,0.0,0.0,0.0,0.0,0.0,0.0,0.0,0.0,0.0,0.0,0.0,0.0,0.0,0.0,0.0,0.0,0.0,0.0,0.0,0.0
520.5,3.0,18.275804056999398,17.10503604431635,16.600754285778464,15.262220478010757,16.033008484138563,16.2645610793283,15.843536550525654,15.416424642418198,15.581963490158511,15.977825818542987,1.0,1.0,1.0,1.0,1.0,1.0,1.0,1.0,1.0,1.0
520.75,4.0,14.487328215083224,16.073417004334168,15.461086473902725,15.225353340097678,17.469198653107085,16.587821455746074,16.905067715176713,16.62445966725313,15.735271314930836,15.715350610927752,1.0,1.0,1.0,1.0,1.0,1.0,1.0,1.0,1.0,1.0
521.0,1.0,0.0,0.0,0.0,0.0,0.0,0.0,0.0,0.0,0.0,0.0,0.0,0.0,0.0,0.0,0.0,0.0,0.0,0.0,0.0,0.0
521.25,2.0,19.742852286317362,21.270197150027492,21.401169132172118,21.312414225712956,24.056083628517648,22.9935703206955,22.595629059700915,20.927405610351638,21.27247369203925,20.96913211297879,1.0,1.0,1.0,1.0,1.0,1.0,1.0,1.0,1.0,1.0
521.5,3.0,0.0,0.0,0.0,0.0,0.0,0.0,0.0,0.0,0.0,0.0,0.0,0.0,0.0,0.0,0.0,0.0,0.0,0.0,0.0,0.0
521.75,4.0,0.0,0.0,0.0,0.0,0.0,0.0,0.0,0.0,0.0,0.0,0.0,0.0,0.0,0.0,0.0,0.0,0.0,0.0,0.0,0.0
522.0,1.0,16.12171716884072,16.09959263583932,17.706317703196436,18.745837341864025,17.806246481605342,18.094841802816823,17.83256302071173,17.802141743371383,18.368693716020744,18.882832506601222,1.0,1.0,1.0,1.0,1.0,1.0,1.0,1.0,1.0,1.0
522.25,2.0,22.059906513068256,22.1386772374065,21.81783204965258,21.8909809604025,22.931489869334587,21.53348547274761,20.450529298337624,19.992248308831268,20.530237281258522,20.997846576121177,1.0,1.0,1.0,1.0,1.0,1.0,1.0,1.0,1.0,1.0
522.5,3.0,0.0,0.0,0.0,0.0,0.0,0.0,0.0,0.0,0.0,0.0,0.0,0.0,0.0,0.0,0.0,0.0,0.0,0.0,0.0,0.0
522.75,4.0,16.33301971322223,16.078710243419764,17.088258206429956,17.106356695111813,16.50184579323476,16.13991695785914,16.13584515320809,17.248752673125086,17.276508483753815,16.400954847046947,1.0,1.0,1.0,1.0,1.0,1.0,1.0,1.0,1.0,1.0
523.0,1.0,16.81384712016942,16.909614005760126,16.77144526284511,17.800474179886905,16.58582787682493,17.101863781077796,17.695525224403013,17.661058489441174,18.789845091156717,19.16484500962131,1.0,1.0,1.0,1.0,1.0,1.0,1.0,1.0,1.0,1.0
523.25,2.0,0.0,0.0,0.0,0.0,0.0,0.0,0.0,0.0,0.0,0.0,0.0,0.0,0.0,0.0,0.0,0.0,0.0,0.0,0.0,0.0
523.5,3.0,18.612540099079865,16.57316772522525,16.375131265660155,15.071541226443424,14.813084673622043,14.6808028953023,14.539645802109705,15.76957139828669,14.67379556259775,13.611880303745973,1.0,1.0,1.0,1.0,1.0,1.0,1.0,1.0,1.0,1.0
523.75,4.0,15.884896076826225,15.386802214775416,16.220334969988148,17.024758018555403,15.993188290044026,16.703378700544047,16.725105419335893,17.40277788559727,17.41487522674952,16.360918950466047,1.0,1.0,1.0,1.0,1.0,1.0,1.0,1.0,1.0,1.0
524.0,1.0,17.627209514286644,17.39896041606924,16.782147415452382,17.70776465296113,17.745971079715705,17.561951823069048,18.71996396656164,18.1757091970119,19.799370856920692,20.174926535524403,1.0,1.0,1.0,1.0,1.0,1.0,1.0,1.0,1.0,1.0
524.25,2.0,21.982670821312727,23.089677911101106,22.215470641070297,21.662744190087725,21.360384657769522,20.667675917325887,20.68621784056203,20.0269594882009,21.40206189475025,20.637530164605064,1.0,1.0,1.0,1.0,1.0,1.0,1.0,1.0,1.0,1.0
524.5,3.0,0.0,0.0,0.0,0.0,0.0,0.0,0.0,0.0,0.0,0.0,0.0,0.0,0.0,0.0,0.0,0.0,0.0,0.0,0.0,0.0
524.75,4.0,15.685313600457482,15.73275825863107,16.21687733047234,16.1645465002617,15.46806689319667,15.668391156210493,15.86095781905804,16.840502891764213,17.181118807977043,16.30245579372218,1.0,1.0,1.0,1.0,1.0,1.0,1.0,1.0,1.0,1.0
525.0,1.0,17.747977724649083,17.822533535471003,17.055740420902747,16.417614737645174,17.86044540435346,17.347391291805035,19.252878617187804,18.559921164475526,20.867927306287967,20.477136163405767,1.0,1.0,1.0,1.0,1.0,1.0,1.0,1.0,1.0,1.0
525.25,2.0,0.0,0.0,0.0,0.0,0.0,0.0,0.0,0.0,0.0,0.0,0.0,0.0,0.0,0.0,0.0,0.0,0.0,0.0,0.0,0.0
525.5,3.0,17.8916077785862,15.809788551183193,14.862226044042053,12.806829556310477,13.698556637148457,13.539506448256482,13.696689103755128,13.288689548345397,13.229532044890648,13.462734639598434,1.0,1.0,1.0,1.0,1.0,1.0,1.0,1.0,1.0,1.0
525.75,4.0,16.126585976440055,16.110021254634677,17.004402996201865,15.651940186080715,15.12234676886178,15.139541723831835,15.855885086365959,16.51137272998918,17.255361090593365,16.56806366261899,1.0,1.0,1.0,1.0,1.0,1.0,1.0,1.0,1.0,1.0
526.0,1.0,0.0,0.0,0.0,0.0,0.0,0.0,0.0,0.0,0.0,0.0,0.0,0.0,0.0,0.0,0.0,0.0,0.0,0.0,0.0,0.0
526.25,2.0,0.0,0.0,0.0,0.0,0.0,0.0,0.0,0.0,0.0,0.0,0.0,0.0,0.0,0.0,0.0,0.0,0.0,0.0,0.0,0.0
526.5,3.0,17.453854768927336,16.355953492605718,14.940916491485448,13.49197726394066,14.522412246840194,14.709208708279709,14.485687765570223,13.957414168859207,13.486361192443072,13.465203554175297,1.0,1.0,1.0,1.0,1.0,1.0,1.0,1.0,1.0,1.0
526.75,4.0,0.0,0.0,0.0,0.0,0.0,0.0,0.0,0.0,0.0,0.0,0.0,0.0,0.0,0.0,0.0,0.0,0.0,0.0,0.0,0.0
527.0,1.0,17.47386774661886,16.568219903593818,17.22232275658901,18.451234444027712,18.76399680527118,18.08122208067242,18.63520568725102,18.400887879410632,20.53475189806131,19.905217796126323,1.0,1.0,1.0,1.0,1.0,1.0,1.0,1.0,1.0,1.0
527.25,2.0,21.297949756684172,21.253813432650297,20.986668232896452,22.096588588301824,20.91616381739257,21.432601712593645,20.38233827587791,19.691174025120784,19.450228235209515,18.476691660843937,1.0,1.0,1.0,1.0,1.0,1.0,1.0,1.0,1.0,1.0
527.5,3.0,0.0,0.0,0.0,0.0,0.0,0.0,0.0,0.0,0.0,0.0,0.0,0.0,0.0,0.0,0.0,0.0,0.0,0.0,0.0,0.0
527.75,4.0,17.898302584496975,17.709512536208102,17.145782833399114,16.11947547555739,14.92512559645035,15.280322071592458,16.40542962793709,18.005465192578335,18.921203156907584,17.988010963797688,1.0,1.0,1.0,1.0,1.0,1.0,1.0,1.0,1.0,1.0
528.0,1.0,17.21259435615798,17.852031106203647,18.249492720846053,19.34621171777394,19.47867491962959,19.657446907814645,19.038922046709075,18.168899262522057,19.29556353801173,18.55371627234837,1.0,1.0,1.0,1.0,1.0,1.0,1.0,1.0,1.0,1.0
528.25,2.0,0.0,0.0,0.0,0.0,0.0,0.0,0.0,0.0,0.0,0.0,0.0,0.0,0.0,0.0,0.0,0.0,0.0,0.0,0.0,0.0
528.5,3.0,19.033838264704954,18.24333330765133,17.175587500549437,16.203073159878095,14.438329115262295,14.603845986882417,13.705127154364865,13.2398504143716,12.441908695651088,12.736036523473768,1.0,1.0,1.0,1.0,1.0,1.0,1.0,1.0,1.0,1.0
528.75,4.0,18.186761858217174,17.91220161484448,17.06306750678952,15.986662205549097,16.562183267298362,16.479067909056837,17.340230823985625,17.53405168596422,18.079445259553612,16.987695152756114,1.0,1.0,1.0,1.0,1.0,1.0,1.0,1.0,1.0,1.0
529.0,1.0,0.0,0.0,0.0,0.0,0.0,0.0,0.0,0.0,0.0,0.0,0.0,0.0,0.0,0.0,0.0,0.0,0.0,0.0,0.0,0.0
529.25,2.0,20.670984859799944,20.840123179755956,20.17687719369175,20.02062492298694,20.93282491088406,22.321222950258075,21.860108883735226,21.06738954578366,20.820563558706507,19.52994448715325,1.0,1.0,1.0,1.0,1.0,1.0,1.0,1.0,1.0,1.0
529.5,3.0,0.0,0.0,0.0,0.0,0.0,0.0,0.0,0.0,0.0,0.0,0.0,0.0,0.0,0.0,0.0,0.0,0.0,0.0,0.0,0.0
529.75,4.0,0.0,0.0,0.0,0.0,0.0,0.0,0.0,0.0,0.0,0.0,0.0,0.0,0.0,0.0,0.0,0.0,0.0,0.0,0.0,0.0
530.0,1.0,18.68117115302533,18.965998945994766,18.441298896838703,19.806288803074008,19.425668726835962,18.304899614477105,17.655222654430474,16.647620396214023,16.726300610417766,16.8243919184488,1.0,1.0,1.0,1.0,1.0,1.0,1.0,1.0,1.0,1.0
530.25,2.0,21.739625122664794,21.201758243354213,19.300008053928988,19.591326561027838,21.617256469999738,21.922827221420903,20.885994865490016,21.269973857975252,19.97393027312548,19.031313733023968,1.0,1.0,1.0,1.0,1.0,1.0,1.0,1.0,1.0,1.0
530.5,3.0,17.83221171467421,16.95359260252463,17.563164534257098,16.599047008611283,15.672176844325605,15.793945206455788,14.688359813823052,14.475934229178025,14.07497628086566,14.864921398687263,1.0,1.0,1.0,1.0,1.0,1.0,1.0,1.0,1.0,1.0
530.75,4.0,17.855061054637098,18.07062741229226,18.342247557551364,17.66171119144396,17.689000703028388,18.02278429844025,17.88076553183009,17.70184161711583,17.454918796385922,16.7099154620324,1.0,1.0,1.0,1.0,1.0,1.0,1.0,1.0,1.0,1.0
531.0,1.0,19.290445892058585,18.31699895003081,18.360060343484676,19.77084849323014,19.569324285823598,18.04203304693107,16.289991646831666,16.39598526244642,15.96408149005393,16.321611293084473,1.0,1.0,1.0,1.0,1.0,1.0,1.0,1.0,1.0,1.0
531.25,2.0,0.0,0.0,0.0,0.0,0.0,0.0,0.0,0.0,0.0,0.0,0.0,0.0,0.0,0.0,0.0,0.0,0.0,0.0,0.0,0.0
531.5,3.0,17.18335040110428,16.643522686320317,17.0906102189838,17.07869689848237,16.21337502529289,16.03992778004979,15.005510265749379,15.17098425807737,15.461352178071225,15.306464589596404,1.0,1.0,1.0,1.0,1.0,1.0,1.0,1.0,1.0,1.0
531.75,4.0,17.556755996619263,17.914859696580454,18.392798087087222,17.5915033563995,17.6877601855874,17.654659430662825,17.22645538249073,17.45064235079131,17.138841493147133,16.227349877050706,1.0,1.0,1.0,1.0,1.0,1.0,1.0,1.0,1.0,1.0
532.0,1.0,18.51499555388923,18.17786377950388,17.10160305493264,18.36848423063897,19.255542827347707,17.44657613266532,16.53631457799167,15.676158422199297,16.12148167341828,16.102143863297663,1.0,1.0,1.0,1.0,1.0,1.0,1.0,1.0,1.0,1.0
532.25,2.0,19.789392952942798,19.807364455632293,21.092583494517026,21.62347791010148,19.846614591556264,19.250600672367508,19.236004262379307,20.084310164080325,19.604156671958847,19.955274069745204,1.0,1.0,1.0,1.0,1.0,1.0,1.0,1.0,1.0,1.0
532.5,3.0,0.0,0.0,0.0,0.0,0.0,0.0,0.0,0.0,0.0,0.0,0.0,0.0,0.0,0.0,0.0,0.0,0.0,0.0,0.0,0.0
532.75,4.0,18.472120086223672,18.05360493482808,18.034446497615075,17.21336887232196,17.085456280918432,17.15082687578841,16.351793840798155,17.22478991622295,17.89943078724254,17.289957422860027,1.0,1.0,1.0,1.0,1.0,1.0,1.0,1.0,1.0,1.0
533.0,1.0,18.217331453261874,16.77028200617853,16.040601947820136,17.146331940278447,18.05674990061819,16.94240563606045,16.925344494508632,16.984932699043984,16.965046976261426,16.0834466706924,1.0,1.0,1.0,1.0,1.0,1.0,1.0,1.0,1.0,1.0
533.25,2.0,0.0,0.0,0.0,0.0,0.0,0.0,0.0,0.0,0.0,0.0,0.0,0.0,0.0,0.0,0.0,0.0,0.0,0.0,0.0,0.0
533.5,3.0,17.954257994136213,19.939009060109957,19.51695698236286,18.761954193259555,17.225586460792826,17.066502255273164,16.509800781610988,17.092744577061765,17.004274970654187,15.832558012445475,1.0,1.0,1.0,1.0,1.0,1.0,1.0,1.0,1.0,1.0
533.75,4.0,18.26934340348743,17.752503626782257,17.616141040507202,17.39631401624613,16.603038871233032,16.301726840521855,17.006920136320513,17.65324019841186,17.96925627239118,16.95757933147287,1.0,1.0,1.0,1.0,1.0,1.0,1.0,1.0,1.0,1.0
534.0,1.0,0.0,0.0,0.0,0.0,0.0,0.0,0.0,0.0,0.0,0.0,0.0,0.0,0.0,0.0,0.0,0.0,0.0,0.0,0.0,0.0
534.25,2.0,20.956354924495255,21.033492521568107,20.161714675301916,19.370137333019876,20.06736867353008,19.533190618099358,18.925302279783498,20.646478648097673,21.057978401815397,20.929310131857466,1.0,1.0,1.0,1.0,1.0,1.0,1.0,1.0,1.0,1.0
534.5,3.0,19.229338766073962,20.503637182840176,19.12060067653561,17.813844566696886,15.700761114246841,16.553261148359002,16.50909277463136,17.12115753436988,16.471624297898583,16.74808185240659,1.0,1.0,1.0,1.0,1.0,1.0,1.0,1.0,1.0,1.0
534.75,4.0,0.0,0.0,0.0,0.0,0.0,0.0,0.0,0.0,0.0,0.0,0.0,0.0,0.0,0.0,0.0,0.0,0.0,0.0,0.0,0.0
535.0,1.0,16.42199112986945,15.720639490818087,15.2066590202833,16.62003520159475,18.252818335009625,17.199156776535272,17.729366562798212,16.62070809763006,17.978425251632505,17.338322901482346,1.0,1.0,1.0,1.0,1.0,1.0,1.0,1.0,1.0,1.0
535.25,2.0,20.275709361407788,20.629277926012318,20.04009830677229,19.4935562730826,20.807419955289543,19.9254913425707,19.433127295079455,21.520505082256623,21.00082356892014,20.577056035211456,1.0,1.0,1.0,1.0,1.0,1.0,1.0,1.0,1.0,1.0
535.5,3.0,0.0,0.0,0.0,0.0,0.0,0.0,0.0,0.0,0.0,0.0,0.0,0.0,0.0,0.0,0.0,0.0,0.0,0.0,0.0,0.0
535.75,4.0,18.542134101334444,18.249732065761023,18.97461413502424,16.74884381267807,15.928654077515622,15.828649362087852,16.91695905064658,17.44469857974266,16.993952331524277,17.391788984122694,1.0,1.0,1.0,1.0,1.0,1.0,1.0,1.0,1.0,1.0
536.0,1.0,16.528141907316563,15.69556084631006,15.638564960089914,16.811595298108585,17.933231187315346,17.472995689119415,18.205498339256142,17.533550703144428,19.141469673936545,17.86881845814389,1.0,1.0,1.0,1.0,1.0,1.0,1.0,1.0,1.0,1.0
536.25,2.0,0.0,0.0,0.0,0.0,0.0,0.0,0.0,0.0,0.0,0.0,0.0,0.0,0.0,0.0,0.0,0.0,0.0,0.0,0.0,0.0
536.5,3.0,18.762436265935868,17.314040819579454,15.916129058196624,17.506558128995586,17.03400217442107,17.102544849268444,15.708618264012092,16.195526115149768,16.084775205209322,15.71264715700586,1.0,1.0,1.0,1.0,1.0,1.0,1.0,1.0,1.0,1.0
536.75,4.0,19.228311058108854,17.41038725657007,16.56691035785454,16.028473953396666,16.364495400847154,15.828753220234331,16.559918870694275,16.93809643550218,16.981785844543165,17.4297873891418,1.0,1.0,1.0,1.0,1.0,1.0,1.0,1.0,1.0,1.0
537.0,1.0,16.09532660742886,15.834092170134648,16.237856167484573,16.62334641324255,18.08515929238375,18.104946989423013,18.615869164818957,18.52141286816046,19.532077644718022,18.76996519143514,1.0,1.0,1.0,1.0,1.0,1.0,1.0,1.0,1.0,1.0
537.25,2.0,18.19050058532045,19.617524806629863,19.496232356086484,18.628123705498062,19.932749519198158,20.005254377430344,20.830093016291944,21.411484584038103,20.245108672195652,19.644173382852117,1.0,1.0,1.0,1.0,1.0,1.0,1.0,1.0,1.0,1.0
537.5,3.0,0.0,0.0,0.0,0.0,0.0,0.0,0.0,0.0,0.0,0.0,0.0,0.0,0.0,0.0,0.0,0.0,0.0,0.0,0.0,0.0
537.75,4.0,17.66064129313505,16.22570433894385,16.583212054250534,17.036212335130912,17.07962018817188,16.989554111957872,16.639538971079997,17.72803409010363,17.28623196198921,17.376185932319117,1.0,1.0,1.0,1.0,1.0,1.0,1.0,1.0,1.0,1.0
538.0,1.0,17.08486194351544,15.84312021669053,15.599122937654087,17.342491484826994,17.867076506685464,18.17379460304847,18.10359150147039,18.124581112999532,19.234267835453178,18.446110007529892,1.0,1.0,1.0,1.0,1.0,1.0,1.0,1.0,1.0,1.0
538.25,2.0,18.17626448578266,20.627032559690438,19.644025441772857,19.09756690934715,19.79233807736158,20.116238969093,20.80439945707034,21.130803545496338,20.129849899274937,19.46263649482334,1.0,1.0,1.0,1.0,1.0,1.0,1.0,1.0,1.0,1.0
538.5,3.0,16.20007157731609,16.368318351026225,16.334073482456635,17.13861329079472,16.26964739001782,17.256054108977025,15.599631120944455,16.70085407309703,16.960861230274578,15.911676548706197,1.0,1.0,1.0,1.0,1.0,1.0,1.0,1.0,1.0,1.0
538.75,4.0,17.650704074654477,16.02367941510441,17.366315064840204,17.047446583277438,16.47368682704116,16.629350825430407,16.046562514380927,17.331141893023986,17.27529289969788,16.281666107550997,1.0,1.0,1.0,1.0,1.0,1.0,1.0,1.0,1.0,1.0
539.0,1.0,0.0,0.0,0.0,0.0,0.0,0.0,0.0,0.0,0.0,0.0,0.0,0.0,0.0,0.0,0.0,0.0,0.0,0.0,0.0,0.0
539.25,2.0,0.0,0.0,0.0,0.0,0.0,0.0,0.0,0.0,0.0,0.0,0.0,0.0,0.0,0.0,0.0,0.0,0.0,0.0,0.0,0.0
539.5,3.0,16.0055405622576,15.87708073898529,15.593006005748126,16.211955705952743,15.670114784131973,16.98849773172168,15.967056068126023,17.250589510242698,16.925211476966126,15.533154950876591,1.0,1.0,1.0,1.0,1.0,1.0,1.0,1.0,1.0,1.0
539.75,4.0,16.69343220874506,16.801931360417527,17.842334977471683,17.17751246855709,17.20707668735493,16.99127086167568,16.638692473991135,16.790518997442504,16.542230835970088,15.756989193554269,1.0,1.0,1.0,1.0,1.0,1.0,1.0,1.0,1.0,1.0
540.0,1.0,14.870345724888134,14.561575721269767,16.41717466115351,18.500793028172247,20.10037198972586,20.2002164233037,19.634495672537142,18.959627957546033,18.923334198461806,17.14829330893295,1.0,1.0,1.0,1.0,1.0,1.0,1.0,1.0,1.0,1.0
540.25,2.0,19.421862784934728,20.326616760006555,19.46296180093368,20.223914920272364,19.53127878223019,18.25732699872097,19.205842819120107,19.744534977325234,19.38503989236107,19.634636770316035,1.0,1.0,1.0,1.0,1.0,1.0,1.0,1.0,1.0,1.0
540.5,3.0,0.0,0.0,0.0,0.0,0.0,0.0,0.0,0.0,0.0,0.0,0.0,0.0,0.0,0.0,0.0,0.0,0.0,0.0,0.0,0.0
540.75,4.0,16.253979486330056,17.10722232745786,17.26425323111122,17.224956555088887,19.029695671673807,18.42719415084755,18.066852256569412,17.46651825328437,16.76803646718234,15.911937425068354,1.0,1.0,1.0,1.0,1.0,1.0,1.0,1.0,1.0,1.0
541.0,1.0,15.6737676300251,16.670407329016214,18.117799736836076,19.131357910169367,20.44806420494097,20.009577320576447,19.189630558927675,17.821339885276714,18.471111766065043,17.169759497178656,1.0,1.0,1.0,1.0,1.0,1.0,1.0,1.0,1.0,1.0
541.25,2.0,0.0,0.0,0.0,0.0,0.0,0.0,0.0,0.0,0.0,0.0,0.0,0.0,0.0,0.0,0.0,0.0,0.0,0.0,0.0,0.0
541.5,3.0,15.738911818443047,17.152172390436178,17.27455827400352,17.171434440903184,16.467359166591656,16.184063449333365,15.693480545071143,15.9863838414972,16.041092538005202,14.875802248425597,1.0,1.0,1.0,1.0,1.0,1.0,1.0,1.0,1.0,1.0
541.75,4.0,16.637221803749735,17.452865648480913,17.58961384126416,19.03275523648341,20.01807613525572,18.80387909517278,18.79794528082134,18.182172024006064,17.42654337930303,17.289498916357655,1.0,1.0,1.0,1.0,1.0,1.0,1.0,1.0,1.0,1.0
542.0,1.0,0.0,0.0,0.0,0.0,0.0,0.0,0.0,0.0,0.0,0.0,0.0,0.0,0.0,0.0,0.0,0.0,0.0,0.0,0.0,0.0
542.25,2.0,18.740882313730808,19.894082211836526,19.48468472181189,19.195811069870963,19.398903420842903,19.308086264770612,19.105192441528114,20.318965706001386,20.116691599662364,20.401010972836684,1.0,1.0,1.0,1.0,1.0,1.0,1.0,1.0,1.0,1.0
542.5,3.0,17.40169073169673,17.94897401699655,17.543611381786885,17.073998336164358,16.970040286994497,16.40784184167642,14.781150239251174,15.97348590895848,16.094086996691075,16.57226752461003,1.0,1.0,1.0,1.0,1.0,1.0,1.0,1.0,1.0,1.0
542.75,4.0,0.0,0.0,0.0,0.0,0.0,0.0,0.0,0.0,0.0,0.0,0.0,0.0,0.0,0.0,0.0,0.0,0.0,0.0,0.0,0.0
543.0,1.0,15.869671248386336,17.170919832478475,18.23364157184465,20.38350895895232,20.376264553409513,20.61831305450864,19.140749149894344,18.18149054961642,18.2004733816261,17.310454174408235,1.0,1.0,1.0,1.0,1.0,1.0,1.0,1.0,1.0,1.0
543.25,2.0,18.45128570869427,19.5699269845083,19.321726437392396,19.373539622911878,19.68023590439667,19.939304404795706,18.60013703217493,18.933101178713386,19.424950399103437,19.279672256020223,1.0,1.0,1.0,1.0,1.0,1.0,1.0,1.0,1.0,1.0
543.5,3.0,0.0,0.0,0.0,0.0,0.0,0.0,0.0,0.0,0.0,0.0,0.0,0.0,0.0,0.0,0.0,0.0,0.0,0.0,0.0,0.0
543.75,4.0,16.93245808232595,18.20019033567284,18.60571288599484,20.731123152297016,19.726776157033886,18.113486697684504,18.62855549166313,18.31555868822762,18.45683528821598,18.520949129449434,1.0,1.0,1.0,1.0,1.0,1.0,1.0,1.0,1.0,1.0
544.0,1.0,17.18063461889862,18.89746627751813,18.914625400697307,21.596770049082163,21.460452525635574,20.88491674811279,19.580243977409225,18.63194592717798,17.718242650056467,16.417738160965907,1.0,1.0,1.0,1.0,1.0,1.0,1.0,1.0,1.0,1.0
544.25,2.0,0.0,0.0,0.0,0.0,0.0,0.0,0.0,0.0,0.0,0.0,0.0,0.0,0.0,0.0,0.0,0.0,0.0,0.0,0.0,0.0
544.5,3.0,18.46642894639278,18.61718957967689,18.230702094202584,17.98520804118383,18.284473992411307,17.704102183599577,16.643033318078416,17.043858533056202,17.245984198529836,16.769765553964056,1.0,1.0,1.0,1.0,1.0,1.0,1.0,1.0,1.0,1.0
544.75,4.0,18.152061989040668,18.141267474903707,19.27218659353363,20.843660235199195,19.179947731244635,18.131234764956318,19.31445930061627,19.158400413848348,19.041662264330533,18.61983452059547,1.0,1.0,1.0,1.0,1.0,1.0,1.0,1.0,1.0,1.0
545.0,1.0,17.825166547525136,20.35243900384099,20.073792005992956,22.924330513967444,21.390758482013645,19.922003247403172,18.446762253285815,17.625576838822294,17.0793999940027,16.214816712432,1.0,1.0,1.0,1.0,1.0,1.0,1.0,1.0,1.0,1.0
545.25,2.0,19.268555140860645,19.04833268606452,19.12040494398701,18.5780374846994,19.000038674419045,18.402030979225618,18.442691342219142,17.81150859651559,17.561452364664106,17.206191163964636,1.0,1.0,1.0,1.0,1.0,1.0,1.0,1.0,1.0,1.0
545.5,3.0,0.0,0.0,0.0,0.0,0.0,0.0,0.0,0.0,0.0,0.0,0.0,0.0,0.0,0.0,0.0,0.0,0.0,0.0,0.0,0.0
545.75,4.0,16.844916971451013,17.70308413022741,20.3400214279539,21.30358365654596,19.860572527561903,19.512165820540798,19.92106676224477,20.183283301156326,18.84175206490737,17.661191498898845,1.0,1.0,1.0,1.0,1.0,1.0,1.0,1.0,1.0,1.0
546.0,1.0,19.195722584482255,20.756610683402446,20.71636056627279,22.297025856013956,20.666403394056598,19.354282363958426,18.522791090728873,16.11110561878361,15.993836972245248,15.76143599755435,1.0,1.0,1.0,1.0,1.0,1.0,1.0,1.0,1.0,1.0
546.25,2.0,19.7915799001664,19.180396012151224,19.923927318934517,18.57484907771926,18.913645786601002,18.976473628736695,18.872557147121395,18.280263898513414,18.525750827275985,18.489438805077853,1.0,1.0,1.0,1.0,1.0,1.0,1.0,1.0,1.0,1.0
546.5,3.0,19.478121052603314,19.88761128003365,17.67785481447729,16.945598465105146,18.641208518080578,17.381520794860272,17.02701530409179,17.715553039895433,17.171536099212314,16.00414674507166,1.0,1.0,1.0,1.0,1.0,1.0,1.0,1.0,1.0,1.0
546.75,4.0,16.488823985710404,18.246487640524855,20.339069889685256,20.757964559267965,17.844733898267894,18.54439068780156,18.073463328639477,18.46145540084843,17.727358800827016,16.362584164583772,1.0,1.0,1.0,1.0,1.0,1.0,1.0,1.0,1.0,1.0
547.0,1.0,0.0,0.0,0.0,0.0,0.0,0.0,0.0,0.0,0.0,0.0,0.0,0.0,0.0,0.0,0.0,0.0,0.0,0.0,0.0,0.0
547.25,2.0,0.0,0.0,0.0,0.0,0.0,0.0,0.0,0.0,0.0,0.0,0.0,0.0,0.0,0.0,0.0,0.0,0.0,0.0,0.0,0.0
547.5,3.0,18.4288162399476,18.054795083177147,16.188096656906712,16.337375338641042,18.550470978096918,16.983168981422207,15.94532140413646,17.36707214622169,16.35013204368745,16.70100686755466,1.0,1.0,1.0,1.0,1.0,1.0,1.0,1.0,1.0,1.0
547.75,4.0,0.0,0.0,0.0,0.0,0.0,0.0,0.0,0.0,0.0,0.0,0.0,0.0,0.0,0.0,0.0,0.0,0.0,0.0,0.0,0.0
548.0,1.0,20.520342491989624,21.976476855230967,20.494602739755265,20.158577616056007,20.088819679856037,18.25088295456991,17.31822170373504,15.922237008035532,17.087401404357493,16.733815754432946,1.0,1.0,1.0,1.0,1.0,1.0,1.0,1.0,1.0,1.0
548.25,2.0,20.455761420017254,21.27669731312376,21.76593654317888,19.93395964511087,18.67680050264195,18.442980775713913,18.186710233395704,18.19503213456654,18.376095501176085,17.30759852815859,1.0,1.0,1.0,1.0,1.0,1.0,1.0,1.0,1.0,1.0
548.5,3.0,0.0,0.0,0.0,0.0,0.0,0.0,0.0,0.0,0.0,0.0,0.0,0.0,0.0,0.0,0.0,0.0,0.0,0.0,0.0,0.0
548.75,4.0,15.971421897463687,19.33253794236281,20.057077928382927,18.183101479635727,16.247978069529758,16.256841109360895,15.735508331968736,15.446817970431997,14.275456852399332,14.292670810784527,1.0,1.0,1.0,1.0,1.0,1.0,1.0,1.0,1.0,1.0
549.0,1.0,20.196496388614584,21.580582639190187,19.986203671671642,19.79304254440133,18.690267335798673,17.919843861571138,17.132634474978286,16.21372953959873,16.136781286526308,15.185451717038678,1.0,1.0,1.0,1.0,1.0,1.0,1.0,1.0,1.0,1.0
549.25,2.0,0.0,0.0,0.0,0.0,0.0,0.0,0.0,0.0,0.0,0.0,0.0,0.0,0.0,0.0,0.0,0.0,0.0,0.0,0.0,0.0
549.5,3.0,17.025067569687074,16.103461989488082,15.846297589985657,16.819239705941946,15.570278048064084,15.229458214711206,16.479132690594827,18.272026439549897,18.084107886749056,17.6536205165335,1.0,1.0,1.0,1.0,1.0,1.0,1.0,1.0,1.0,1.0
549.75,4.0,15.623584158719932,18.844673307746223,18.49353009591744,18.14833848929022,16.1603344004169,15.082948703796923,14.806796244708242,13.957738380531671,13.901731309734076,15.129478644248524,1.0,1.0,1.0,1.0,1.0,1.0,1.0,1.0,1.0,1.0
550.0,1.0,0.0,0.0,0.0,0.0,0.0,0.0,0.0,0.0,0.0,0.0,0.0,0.0,0.0,0.0,0.0,0.0,0.0,0.0,0.0,0.0
550.25,2.0,22.170787311153056,20.963934168652827,19.88001419847345,18.53638169039556,18.033263498603542,16.845740392307473,16.60547794251159,17.20159824420082,17.01863638823148,16.62903722469699,1.0,1.0,1.0,1.0,1.0,1.0,1.0,1.0,1.0,1.0
550.5,3.0,0.0,0.0,0.0,0.0,0.0,0.0,0.0,0.0,0.0,0.0,0.0,0.0,0.0,0.0,0.0,0.0,0.0,0.0,0.0,0.0
550.75,4.0,0.0,0.0,0.0,0.0,0.0,0.0,0.0,0.0,0.0,0.0,0.0,0.0,0.0,0.0,0.0,0.0,0.0,0.0,0.0,0.0
551.0,1.0,18.366953743746926,19.703271085192355,18.411084040797444,18.51437458529783,18.149658049690423,16.82248749634346,15.735948042526525,16.260673992181964,16.342908276187657,16.246344242189483,1.0,1.0,1.0,1.0,1.0,1.0,1.0,1.0,1.0,1.0
551.25,2.0,21.515229281035033,19.930285021698097,19.03013774119543,18.088682416035212,17.829895512457504,15.469755760954861,16.337661893711434,16.26665552640895,17.000586733123882,16.86995179791676,1.0,1.0,1.0,1.0,1.0,1.0,1.0,1.0,1.0,1.0
551.5,3.0,0.0,0.0,0.0,0.0,0.0,0.0,0.0,0.0,0.0,0.0,0.0,0.0,0.0,0.0,0.0,0.0,0.0,0.0,0.0,0.0
551.75,4.0,17.131863471608614,17.67700984154252,18.213586969533566,16.850343133346858,14.335974303759354,14.762019662737115,13.962706937337797,14.110529108468853,14.592269030734355,14.164443664388711,1.0,1.0,1.0,1.0,1.0,1.0,1.0,1.0,1.0,1.0
552.0,1.0,18.526744712648597,20.554036172503846,18.955616253608763,18.260657627540155,16.846657739460564,16.972576697475265,17.165717168118654,17.87416092414915,17.400537848470652,17.668497433763488,1.0,1.0,1.0,1.0,1.0,1.0,1.0,1.0,1.0,1.0
552.25,2.0,0.0,0.0,0.0,0.0,0.0,0.0,0.0,0.0,0.0,0.0,0.0,0.0,0.0,0.0,0.0,0.0,0.0,0.0,0.0,0.0
552.5,3.0,18.711825211633546,18.494750473031875,15.983921214076354,15.051515710814508,15.13215978615278,15.772840780068288,17.009365634968642,16.973265340751063,15.915305952481097,15.661179820565588,1.0,1.0,1.0,1.0,1.0,1.0,1.0,1.0,1.0,1.0
552.75,4.0,17.41292919992013,17.18800232538888,17.795783052360807,15.840910142952124,14.888721468977833,14.811262379239855,14.327077585408421,14.015932553115743,13.861083534482693,14.00352193876704,1.0,1.0,1.0,1.0,1.0,1.0,1.0,1.0,1.0,1.0
553.0,1.0,19.17869074930924,20.151132199541202,18.44782270140027,17.64299596995072,17.43853812031742,18.077674816682347,18.529781649313634,19.584427207376997,18.253834003950605,18.9619019722367,1.0,1.0,1.0,1.0,1.0,1.0,1.0,1.0,1.0,1.0
553.25,2.0,18.814537277205282,17.48432814334093,17.330005889778935,17.40008475413496,18.132032346390915,16.062194732483025,17.542461946994422,17.058515976150087,17.16991189942891,17.731650223500306,1.0,1.0,1.0,1.0,1.0,1.0,1.0,1.0,1.0,1.0
553.5,3.0,0.0,0.0,0.0,0.0,0.0,0.0,0.0,0.0,0.0,0.0,0.0,0.0,0.0,0.0,0.0,0.0,0.0,0.0,0.0,0.0
553.75,4.0,18.271590733351864,16.617646096557483,17.17700661896792,15.720902348070718,14.89218470805954,14.821708951692615,14.57119867265153,13.372001166846196,13.753101046591588,13.646047749017216,1.0,1.0,1.0,1.0,1.0,1.0,1.0,1.0,1.0,1.0
554.0,1.0,18.697378812983168,18.318542680337043,18.63307418615031,18.262925559814125,17.893440300103553,19.148862164542315,19.180200508972597,19.177178486574572,18.78502506766357,18.742664980991137,1.0,1.0,1.0,1.0,1.0,1.0,1.0,1.0,1.0,1.0
554.25,2.0,0.0,0.0,0.0,0.0,0.0,0.0,0.0,0.0,0.0,0.0,0.0,0.0,0.0,0.0,0.0,0.0,0.0,0.0,0.0,0.0
554.5,3.0,18.083743110905008,17.952921646658773,16.433582318391775,14.264121251400743,15.008716600912349,15.810593310522954,17.22432831359711,17.42746120145686,17.06189354937911,16.19197233144887,1.0,1.0,1.0,1.0,1.0,1.0,1.0,1.0,1.0,1.0
554.75,4.0,17.72279251435702,16.275432231887546,16.494350915045054,16.10294812468818,14.480100428572284,14.10164869949485,13.92767245385582,13.032750661234715,13.774998706403968,14.354076346055844,1.0,1.0,1.0,1.0,1.0,1.0,1.0,1.0,1.0,1.0
555.0,1.0,0.0,0.0,0.0,0.0,0.0,0.0,0.0,0.0,0.0,0.0,0.0,0.0,0.0,0.0,0.0,0.0,0.0,0.0,0.0,0.0
555.25,2.0,0.0,0.0,0.0,0.0,0.0,0.0,0.0,0.0,0.0,0.0,0.0,0.0,0.0,0.0,0.0,0.0,0.0,0.0,0.0,0.0
555.5,3.0,17.026778484163813,17.818884451548644,15.184943735471945,13.202779507838725,16.35961830247448,16.682699902621277,17.792488060081602,17.334454122478025,16.82924851988262,16.610273054480775,1.0,1.0,1.0,1.0,1.0,1.0,1.0,1.0,1.0,1.0
555.75,4.0,0.0,0.0,0.0,0.0,0.0,0.0,0.0,0.0,0.0,0.0,0.0,0.0,0.0,0.0,0.0,0.0,0.0,0.0,0.0,0.0
556.0,1.0,17.464533304727137,18.294530887487834,19.38344824726902,19.60218548421166,19.10455862332157,18.460047495782522,17.61607126110895,17.73807792473638,18.011724172608396,17.32534878052861,1.0,1.0,1.0,1.0,1.0,1.0,1.0,1.0,1.0,1.0
556.25,2.0,16.110940954535284,14.630524454196388,15.913512541820475,16.33371754246821,15.86062975583899,15.081582085900255,15.861724156609284,14.811425146254784,14.471732627237637,14.814224620970037,1.0,1.0,1.0,1.0,1.0,1.0,1.0,1.0,1.0,1.0
556.5,3.0,0.0,0.0,0.0,0.0,0.0,0.0,0.0,0.0,0.0,0.0,0.0,0.0,0.0,0.0,0.0,0.0,0.0,0.0,0.0,0.0
556.75,4.0,15.562595280315154,15.888183855314459,16.944210159388902,14.730363859533385,14.06960850715976,13.077724198652774,12.24353860184843,12.452291773947401,13.162867453685857,13.39897830189617,1.0,1.0,1.0,1.0,1.0,1.0,1.0,1.0,1.0,1.0
557.0,1.0,17.452801093951436,18.65777447935044,18.816552340034416,18.194520920358894,17.92865005181879,18.154545517454462,17.12670590265305,17.37919567038398,16.37472787786032,15.946139533526402,1.0,1.0,1.0,1.0,1.0,1.0,1.0,1.0,1.0,1.0
557.25,2.0,0.0,0.0,0.0,0.0,0.0,0.0,0.0,0.0,0.0,0.0,0.0,0.0,0.0,0.0,0.0,0.0,0.0,0.0,0.0,0.0
557.5,3.0,16.31518314245828,16.594114025220403,14.444001233233827,14.441595674273225,17.253872623371485,17.002018912855213,17.35370845392761,17.787948629596034,17.209358307016032,17.198200162323772,1.0,1.0,1.0,1.0,1.0,1.0,1.0,1.0,1.0,1.0
557.75,4.0,15.06935203953419,16.689634899159806,16.756388319660303,13.966904620108716,12.692466436901617,12.300402328170515,12.981108003330087,12.868131707980178,14.08782878578386,13.288609349967139,1.0,1.0,1.0,1.0,1.0,1.0,1.0,1.0,1.0,1.0
558.0,1.0,0.0,0.0,0.0,0.0,0.0,0.0,0.0,0.0,0.0,0.0,0.0,0.0,0.0,0.0,0.0,0.0,0.0,0.0,0.0,0.0
558.25,2.0,16.5764626661607,17.086120660983767,17.240528078271776,16.857891673698752,15.32662782561561,14.43002810834628,14.41974943100356,13.683838120841335,13.457894157607743,14.128390073146198,1.0,1.0,1.0,1.0,1.0,1.0,1.0,1.0,1.0,1.0
558.5,3.0,0.0,0.0,0.0,0.0,0.0,0.0,0.0,0.0,0.0,0.0,0.0,0.0,0.0,0.0,0.0,0.0,0.0,0.0,0.0,0.0
558.75,4.0,0.0,0.0,0.0,0.0,0.0,0.0,0.0,0.0,0.0,0.0,0.0,0.0,0.0,0.0,0.0,0.0,0.0,0.0,0.0,0.0
559.0,1.0,17.78055071351358,16.743877821027752,16.962901167443068,16.91981654913759,16.92123926367097,16.403046310762974,15.427422817507988,15.001207783707397,14.861921704842487,14.779013274378244,1.0,1.0,1.0,1.0,1.0,1.0,1.0,1.0,1.0,1.0
559.25,2.0,15.624573716907832,16.30313527944684,16.066071536339987,16.238854298510585,15.30854743416707,14.900046737135122,15.927541217891283,15.508167947991016,14.477265982828301,15.167914125431848,1.0,1.0,1.0,1.0,1.0,1.0,1.0,1.0,1.0,1.0
559.5,3.0,0.0,0.0,0.0,0.0,0.0,0.0,0.0,0.0,0.0,0.0,0.0,0.0,0.0,0.0,0.0,0.0,0.0,0.0,0.0,0.0
559.75,4.0,16.071143125961346,18.105809146462164,17.81501631539074,15.383845471145307,13.499047373910043,13.135428743427779,14.197945534101779,13.095147167217808,13.973230553465948,12.941704406428425,1.0,1.0,1.0,1.0,1.0,1.0,1.0,1.0,1.0,1.0
560.0,1.0,16.942710483785078,16.785002379079913,16.441414395348946,16.289428935518984,15.635949639953907,13.662793963562878,12.965866766291851,12.219369052565803,12.457637283671813,12.937897692885072,1.0,1.0,1.0,1.0,1.0,1.0,1.0,1.0,1.0,1.0
560.25,2.0,0.0,0.0,0.0,0.0,0.0,0.0,0.0,0.0,0.0,0.0,0.0,0.0,0.0,0.0,0.0,0.0,0.0,0.0,0.0,0.0
560.5,3.0,16.090341405420123,15.315218036272142,15.9649770827317,17.77103891044398,19.12738113684092,18.49622494850535,18.199899918739586,18.26791916400403,16.925901122923143,17.609273142402998,1.0,1.0,1.0,1.0,1.0,1.0,1.0,1.0,1.0,1.0
560.75,4.0,16.509737134943148,17.956033950946843,16.87284780133739,15.20470556022008,13.578769626262385,13.35408086176074,13.658101338344,12.115322572320206,13.815759435449818,13.819552461873382,1.0,1.0,1.0,1.0,1.0,1.0,1.0,1.0,1.0,1.0
561.0,1.0,16.90808142799392,17.41027982349249,16.83099695798316,16.28776875027109,14.070616509512599,12.393151030869474,11.84964950000126,12.298502240504394,13.994779154023389,13.820404876726949,1.0,1.0,1.0,1.0,1.0,1.0,1.0,1.0,1.0,1.0
561.25,2.0,18.503492154417835,16.872279128647197,15.404458659734601,14.90024135517589,15.0156156146925,15.570216159641479,15.744060271487825,15.110696845465203,15.088148500716104,14.989963952351008,1.0,1.0,1.0,1.0,1.0,1.0,1.0,1.0,1.0,1.0
561.5,3.0,0.0,0.0,0.0,0.0,0.0,0.0,0.0,0.0,0.0,0.0,0.0,0.0,0.0,0.0,0.0,0.0,0.0,0.0,0.0,0.0
561.75,4.0,16.375790300733836,16.71587337553866,16.32830085750834,15.065486989610262,14.673334202494223,13.874852011441805,13.543650141184052,13.145395841854116,14.953857174088284,14.777899280465164,1.0,1.0,1.0,1.0,1.0,1.0,1.0,1.0,1.0,1.0
562.0,1.0,18.517252425982264,17.217366263525104,17.15646029089568,15.175741616795639,12.240009537306383,11.148031227595078,11.575518295857556,12.051188684638886,12.60034248390976,12.493143954180173,1.0,1.0,1.0,1.0,1.0,1.0,1.0,1.0,1.0,1.0
562.25,2.0,0.0,0.0,0.0,0.0,0.0,0.0,0.0,0.0,0.0,0.0,0.0,0.0,0.0,0.0,0.0,0.0,0.0,0.0,0.0,0.0
562.5,3.0,17.241905888873912,18.286298659440497,16.83168156538589,16.559415941995685,18.99966003935536,19.303481915510247,19.3058150213919,18.978201165031308,18.490813871017302,18.558947222866728,1.0,1.0,1.0,1.0,1.0,1.0,1.0,1.0,1.0,1.0
562.75,4.0,16.150025960541658,16.8598369871458,17.104011598978992,15.027059465322495,14.481573968749458,14.367426011373396,14.578749336448471,14.244364337534314,15.211072083559635,15.329584248988072,1.0,1.0,1.0,1.0,1.0,1.0,1.0,1.0,1.0,1.0
563.0,1.0,0.0,0.0,0.0,0.0,0.0,0.0,0.0,0.0,0.0,0.0,0.0,0.0,0.0,0.0,0.0,0.0,0.0,0.0,0.0,0.0
563.25,2.0,0.0,0.0,0.0,0.0,0.0,0.0,0.0,0.0,0.0,0.0,0.0,0.0,0.0,0.0,0.0,0.0,0.0,0.0,0.0,0.0
563.5,3.0,17.21687287184919,17.596723633419074,16.396650584676923,17.53808999272501,19.996991319683293,20.134193059832853,20.454445343698104,19.407692398277202,18.876019425709302,17.389032252462858,1.0,1.0,1.0,1.0,1.0,1.0,1.0,1.0,1.0,1.0
563.75,4.0,0.0,0.0,0.0,0.0,0.0,0.0,0.0,0.0,0.0,0.0,0.0,0.0,0.0,0.0,0.0,0.0,0.0,0.0,0.0,0.0
564.0,1.0,18.664769862538297,15.729610857794977,14.878700310271217,12.244644243911738,11.348090568713959,11.47634389095166,11.888857654057261,12.702147827463778,13.006241613882475,14.209992989857446,1.0,1.0,1.0,1.0,1.0,1.0,1.0,1.0,1.0,1.0
564.25,2.0,15.023291712740377,14.951722524719035,15.25494793931527,15.634523577543046,14.056494824040259,13.902867570581869,14.297862266475242,14.936542076674801,13.926335384407219,13.69838868442094,1.0,1.0,1.0,1.0,1.0,1.0,1.0,1.0,1.0,1.0
564.5,3.0,0.0,0.0,0.0,0.0,0.0,0.0,0.0,0.0,0.0,0.0,0.0,0.0,0.0,0.0,0.0,0.0,0.0,0.0,0.0,0.0
564.75,4.0,14.492286563580064,15.860171051416987,14.701615844336768,14.441529639633123,14.542843353548491,15.730470586871164,15.678249193679193,15.196555149039575,16.597237218251724,15.305962530223328,1.0,1.0,1.0,1.0,1.0,1.0,1.0,1.0,1.0,1.0
565.0,1.0,16.60843571244067,14.548213060332813,14.366108337297666,13.587770664971234,12.427392701285072,12.952804886466616,13.406063887717126,13.341336843177139,13.138016047300985,14.696739797198067,1.0,1.0,1.0,1.0,1.0,1.0,1.0,1.0,1.0,1.0
565.25,2.0,0.0,0.0,0.0,0.0,0.0,0.0,0.0,0.0,0.0,0.0,0.0,0.0,0.0,0.0,0.0,0.0,0.0,0.0,0.0,0.0
565.5,3.0,16.607193132350986,16.027667409309952,15.253739540227835,16.554142498552405,17.22949415468248,17.630237275026285,17.39949855343964,17.122482716748323,16.046297649601858,15.13793275261574,1.0,1.0,1.0,1.0,1.0,1.0,1.0,1.0,1.0,1.0
565.75,4.0,13.957043163099765,15.952518234827801,13.611649018210597,12.955895596734466,14.845001039875081,15.956215921063862,16.437377765843397,16.535907985537275,16.947284256529514,15.973939695496124,1.0,1.0,1.0,1.0,1.0,1.0,1.0,1.0,1.0,1.0
566.0,1.0,0.0,0.0,0.0,0.0,0.0,0.0,0.0,0.0,0.0,0.0,0.0,0.0,0.0,0.0,0.0,0.0,0.0,0.0,0.0,0.0
566.25,2.0,13.826105741422282,13.844885947406214,14.205268810149901,14.15728011999833,14.1742759949723,14.879881202727889,15.412154617225099,15.406359402320945,14.30081246221449,12.616965420334973,1.0,1.0,1.0,1.0,1.0,1.0,1.0,1.0,1.0,1.0
566.5,3.0,0.0,0.0,0.0,0.0,0.0,0.0,0.0,0.0,0.0,0.0,0.0,0.0,0.0,0.0,0.0,0.0,0.0,0.0,0.0,0.0
566.75,4.0,0.0,0.0,0.0,0.0,0.0,0.0,0.0,0.0,0.0,0.0,0.0,0.0,0.0,0.0,0.0,0.0,0.0,0.0,0.0,0.0
567.0,1.0,15.277005093049718,14.53488180193496,12.774118154279893,12.104417917197647,12.744247344496022,13.699149059243261,14.417486661341563,14.840871941920078,14.632464793125585,15.33782357455231,1.0,1.0,1.0,1.0,1.0,1.0,1.0,1.0,1.0,1.0
567.25,2.0,13.919852823219431,14.257783244580638,14.279677074476014,13.158811426386078,14.440129782687341,15.875078299543565,16.423660014963207,14.73610927027612,13.453516464726725,12.212873427320906,1.0,1.0,1.0,1.0,1.0,1.0,1.0,1.0,1.0,1.0
567.5,3.0,14.597664327381814,16.68361724187983,17.586447061191443,16.567687002167094,15.217967796460448,13.890493207566527,13.22105082098001,13.45003537791199,13.855775483507013,13.829666364578888,1.0,1.0,1.0,1.0,1.0,1.0,1.0,1.0,1.0,1.0
567.75,4.0,14.4719587709862,15.387442244994366,13.169220717624592,14.244046972599033,15.73017549430407,16.192229449566092,17.881598871024835,17.033867382115616,18.060091137330385,17.557851629296373,1.0,1.0,1.0,1.0,1.0,1.0,1.0,1.0,1.0,1.0
568.0,1.0,15.67384453505598,12.866378050284466,12.790343472870543,12.48523430009784,13.394442173654244,13.789600683467038,14.044190587982865,15.63386398349909,15.349504439288888,16.151983332459125,1.0,1.0,1.0,1.0,1.0,1.0,1.0,1.0,1.0,1.0
568.25,2.0,0.0,0.0,0.0,0.0,0.0,0.0,0.0,0.0,0.0,0.0,0.0,0.0,0.0,0.0,0.0,0.0,0.0,0.0,0.0,0.0
568.5,3.0,15.66901097878139,17.863951052977068,17.622908698077133,16.584847582596836,14.572878657365163,14.490462167927484,14.32961732185383,14.234044504476186,14.301210711765524,13.54368853569096,1.0,1.0,1.0,1.0,1.0,1.0,1.0,1.0,1.0,1.0
568.75,4.0,14.649219586736612,15.645870760496509,14.090043510196653,14.641438586297058,16.344024868575293,17.46218137184814,19.41833466044882,18.664676010891057,18.82434467357823,19.15478730557515,1.0,1.0,1.0,1.0,1.0,1.0,1.0,1.0,1.0,1.0
569.0,1.0,12.849371300281897,11.262886376422056,11.507871909231268,12.797529613570058,13.806826562552494,14.369940579829409,15.83496195251496,15.94157837175203,16.433625167860335,17.273920231448887,1.0,1.0,1.0,1.0,1.0,1.0,1.0,1.0,1.0,1.0
569.25,2.0,14.315347097220432,13.53124083662244,13.475972237424088,14.300381101471533,15.272533964197546,15.906093099526835,15.575577413053946,14.887840546222595,14.086110633495679,12.725362717056724,1.0,1.0,1.0,1.0,1.0,1.0,1.0,1.0,1.0,1.0
569.5,3.0,0.0,0.0,0.0,0.0,0.0,0.0,0.0,0.0,0.0,0.0,0.0,0.0,0.0,0.0,0.0,0.0,0.0,0.0,0.0,0.0
569.75,4.0,15.484311985849997,16.068708283969183,15.095224710294435,15.916854324046735,17.371208226976535,17.602303667347236,19.88367386011798,18.459921081917642,19.16339081372435,19.109715568745287,1.0,1.0,1.0,1.0,1.0,1.0,1.0,1.0,1.0,1.0
570.0,1.0,12.220888393359553,10.637986122660953,11.929650314716334,13.43471719597467,14.347009354224834,14.473001651320347,15.353617744652134,16.535062454391777,16.93709539424445,17.79203469055572,1.0,1.0,1.0,1.0,1.0,1.0,1.0,1.0,1.0,1.0
570.25,2.0,0.0,0.0,0.0,0.0,0.0,0.0,0.0,0.0,0.0,0.0,0.0,0.0,0.0,0.0,0.0,0.0,0.0,0.0,0.0,0.0
570.5,3.0,15.314714531569505,16.492024177774343,15.991138815666035,13.810732969940712,14.227323612803623,15.620020681424206,16.368702195846563,15.797533428714484,15.48114618791191,14.954966984284091,1.0,1.0,1.0,1.0,1.0,1.0,1.0,1.0,1.0,1.0
570.75,4.0,16.645016153605862,15.469211702081022,16.343459249888557,16.243967325647763,18.018319618338047,18.006370710287303,19.53778016957459,18.171166289790218,19.065984517493636,18.894478635130394,1.0,1.0,1.0,1.0,1.0,1.0,1.0,1.0,1.0,1.0
571.0,1.0,0.0,0.0,0.0,0.0,0.0,0.0,0.0,0.0,0.0,0.0,0.0,0.0,0.0,0.0,0.0,0.0,0.0,0.0,0.0,0.0
571.25,2.0,14.951899251512305,15.006667054245272,15.800800145000691,15.386939672160375,13.139634796067044,13.487030057688699,12.478800665914601,12.555681520498256,12.451507195603257,12.78568808800993,1.0,1.0,1.0,1.0,1.0,1.0,1.0,1.0,1.0,1.0
571.5,3.0,15.96417168112694,15.110371455925486,14.542929908787338,13.926794718318474,14.93448629001078,15.562970059147775,15.733656118050549,15.683809848577646,14.7005737356431,14.357253783767794,1.0,1.0,1.0,1.0,1.0,1.0,1.0,1.0,1.0,1.0
571.75,4.0,0.0,0.0,0.0,0.0,0.0,0.0,0.0,0.0,0.0,0.0,0.0,0.0,0.0,0.0,0.0,0.0,0.0,0.0,0.0,0.0
572.0,1.0,13.920400622837155,13.218337272269299,15.304701834800312,13.414406136120528,12.638876415995464,13.034588407009599,12.382933048313618,13.95295122542504,14.910858693933847,16.593106095567514,1.0,1.0,1.0,1.0,1.0,1.0,1.0,1.0,1.0,1.0
572.25,2.0,15.616528852799771,15.580003657598063,15.297865929029088,13.867211736388867,12.424402407114814,11.907827616220734,12.153348251192693,13.206449902208561,13.34769739693844,12.294935085537276,1.0,1.0,1.0,1.0,1.0,1.0,1.0,1.0,1.0,1.0
572.5,3.0,0.0,0.0,0.0,0.0,0.0,0.0,0.0,0.0,0.0,0.0,0.0,0.0,0.0,0.0,0.0,0.0,0.0,0.0,0.0,0.0
572.75,4.0,15.89901900484768,16.602273306624344,16.98921601126438,16.274748033037095,17.33774696913801,18.45928103188216,19.359421340196217,19.595639400612914,19.405838182188482,18.774073039211643,1.0,1.0,1.0,1.0,1.0,1.0,1.0,1.0,1.0,1.0
573.0,1.0,16.03120445797591,15.199741939957104,14.089924810704545,12.21645401096994,12.225909535293146,13.255987343329027,12.968859935149213,14.09012698270937,14.934702730744009,15.619487275082829,1.0,1.0,1.0,1.0,1.0,1.0,1.0,1.0,1.0,1.0
573.25,2.0,0.0,0.0,0.0,0.0,0.0,0.0,0.0,0.0,0.0,0.0,0.0,0.0,0.0,0.0,0.0,0.0,0.0,0.0,0.0,0.0
573.5,3.0,16.250159486980245,13.568581255880945,13.227992308578065,13.183604578761074,14.654372874913285,14.961883577544562,15.085065929945639,15.327085001490422,15.166194586229045,14.27981189641546,1.0,1.0,1.0,1.0,1.0,1.0,1.0,1.0,1.0,1.0
573.75,4.0,15.529503513668548,17.263871988409118,17.39188544629399,16.18140247597172,17.109655760012366,17.87152528410882,18.71372483177742,19.097697402664448,19.245618115010625,19.688171446609548,1.0,1.0,1.0,1.0,1.0,1.0,1.0,1.0,1.0,1.0
574.0,1.0,16.12338150520113,14.09519124927787,12.709413946436266,12.72249771461879,13.208593424919295,13.462519631692238,13.267030901852296,15.060654505643207,15.410481819440871,16.146253282205592,1.0,1.0,1.0,1.0,1.0,1.0,1.0,1.0,1.0,1.0
574.25,2.0,15.045104328522042,13.856268383564597,12.907681271846933,12.806124251715085,10.604811052285328,10.594936569473205,10.412404432492156,10.747148482156195,10.72544737727827,10.732406206310596,1.0,1.0,1.0,1.0,1.0,1.0,1.0,1.0,1.0,1.0
574.5,3.0,0.0,0.0,0.0,0.0,0.0,0.0,0.0,0.0,0.0,0.0,0.0,0.0,0.0,0.0,0.0,0.0,0.0,0.0,0.0,0.0
574.75,4.0,0.0,0.0,0.0,0.0,0.0,0.0,0.0,0.0,0.0,0.0,0.0,0.0,0.0,0.0,0.0,0.0,0.0,0.0,0.0,0.0
575.0,1.0,15.522537991913321,12.00742046366162,11.55564705892648,12.4382881169646,13.126032792096145,14.308999183504785,14.006382699015713,15.589556904260965,16.104325893609584,16.042729974971323,1.0,1.0,1.0,1.0,1.0,1.0,1.0,1.0,1.0,1.0
575.25,2.0,15.016560636070402,13.78112394472386,12.711512122894147,11.261115603748365,9.54216412884235,10.672216124997254,10.922328669959176,11.111079410458231,10.904469289026416,10.25642463411941,1.0,1.0,1.0,1.0,1.0,1.0,1.0,1.0,1.0,1.0
575.5,3.0,16.98301859030615,15.346268063071562,14.537601882654704,13.059471908407442,13.603097306057926,13.557670800006052,14.202353243102012,15.00281507740787,15.449614472460093,15.193429122280168,1.0,1.0,1.0,1.0,1.0,1.0,1.0,1.0,1.0,1.0
575.75,4.0,16.548935679258364,16.85303521703038,16.855833338660258,17.375689319748194,17.55140487398415,18.575342725563683,19.213775176729015,20.18014837660468,19.16558219881524,20.224742678285224,1.0,1.0,1.0,1.0,1.0,1.0,1.0,1.0,1.0,1.0
576.0,1.0,13.365886195996724,10.651993829971,10.638261168442126,12.572500413931266,12.867462612438041,14.6131665395168,15.00383201363729,16.00748237048932,16.272771083461333,15.467141059759761,1.0,1.0,1.0,1.0,1.0,1.0,1.0,1.0,1.0,1.0
576.25,2.0,0.0,0.0,0.0,0.0,0.0,0.0,0.0,0.0,0.0,0.0,0.0,0.0,0.0,0.0,0.0,0.0,0.0,0.0,0.0,0.0
576.5,3.0,16.97824609286033,15.525802324206023,15.525297511560021,14.711514715248544,14.623668455119951,13.959562546333013,15.09370465002001,15.709291355089295,15.616314305573374,15.336411935980163,1.0,1.0,1.0,1.0,1.0,1.0,1.0,1.0,1.0,1.0
576.75,4.0,16.036564815766496,16.024467612406553,17.337956326783022,18.972104233613717,18.36387362909719,18.778390014762206,19.45325603390617,20.87178574501117,19.931200893956547,20.06949999532571,1.0,1.0,1.0,1.0,1.0,1.0,1.0,1.0,1.0,1.0
577.0,1.0,13.16639894577011,11.736952642498878,11.53075947992307,13.534525346241296,14.466540970499176,15.816463345089465,15.926500305566185,16.263776590370686,15.647544075062422,13.99543211511408,1.0,1.0,1.0,1.0,1.0,1.0,1.0,1.0,1.0,1.0
577.25,2.0,14.190165012037564,12.104013717710934,10.595534601873968,8.68803519033556,9.31895998379395,10.159506486222767,11.013944970750993,10.997809950325255,11.46571334355191,11.646338063279108,1.0,1.0,1.0,1.0,1.0,1.0,1.0,1.0,1.0,1.0
577.5,3.0,0.0,0.0,0.0,0.0,0.0,0.0,0.0,0.0,0.0,0.0,0.0,0.0,0.0,0.0,0.0,0.0,0.0,0.0,0.0,0.0
577.75,4.0,15.641343045503968,16.872845599384636,18.63949633843646,19.515607778267604,18.674968303848257,19.4203214298931,19.878065018269865,21.654421562804348,19.86796734024728,19.881212064395076,1.0,1.0,1.0,1.0,1.0,1.0,1.0,1.0,1.0,1.0
578.0,1.0,13.851661069450264,13.530272281760608,13.225372338122591,14.597770624375467,14.882810939959805,15.060015491839115,14.990396265675114,15.56644221531439,15.963360738327946,14.716467466836223,1.0,1.0,1.0,1.0,1.0,1.0,1.0,1.0,1.0,1.0
578.25,2.0,0.0,0.0,0.0,0.0,0.0,0.0,0.0,0.0,0.0,0.0,0.0,0.0,0.0,0.0,0.0,0.0,0.0,0.0,0.0,0.0
578.5,3.0,16.275375508955673,16.029881919448222,17.22555675379232,15.435582167133834,15.129493741944776,15.22895267741287,15.922145297638632,16.895490836431588,16.54721164786994,15.397683340408635,1.0,1.0,1.0,1.0,1.0,1.0,1.0,1.0,1.0,1.0
578.75,4.0,16.107419909592373,17.632376478722797,20.093018069338342,19.831489127152484,19.03652276697124,19.215354752026535,19.16263941249595,20.420627432422545,19.903368321468967,19.14137493538372,1.0,1.0,1.0,1.0,1.0,1.0,1.0,1.0,1.0,1.0
579.0,1.0,0.0,0.0,0.0,0.0,0.0,0.0,0.0,0.0,0.0,0.0,0.0,0.0,0.0,0.0,0.0,0.0,0.0,0.0,0.0,0.0
579.25,2.0,14.526464490977121,12.167609853152408,8.98060525724498,10.15956259309331,12.071201897264176,11.380229010624875,11.897385456560905,12.057492850881689,13.12932748770746,12.987187007925314,1.0,1.0,1.0,1.0,1.0,1.0,1.0,1.0,1.0,1.0
579.5,3.0,16.598195530349763,16.446711130610428,17.191079842838977,16.057652903904923,15.056392663593483,15.938386529161988,15.916146214080207,17.743271870841426,16.494675479513873,15.308189898643956,1.0,1.0,1.0,1.0,1.0,1.0,1.0,1.0,1.0,1.0
579.75,4.0,0.0,0.0,0.0,0.0,0.0,0.0,0.0,0.0,0.0,0.0,0.0,0.0,0.0,0.0,0.0,0.0,0.0,0.0,0.0,0.0
580.0,1.0,14.340520712968676,15.01334801311401,14.463503792816548,15.18805490064558,13.95937401756942,14.253113109222754,14.955974917923262,15.289138089897811,14.879192055126312,15.247931273508557,1.0,1.0,1.0,1.0,1.0,1.0,1.0,1.0,1.0,1.0
580.25,2.0,15.044137164862928,11.83272754448752,9.516304834441344,10.733041055716319,12.326035809366054,12.63939008745555,13.824916031309208,14.027319449192014,14.560112613827277,13.649285902262775,1.0,1.0,1.0,1.0,1.0,1.0,1.0,1.0,1.0,1.0
580.5,3.0,0.0,0.0,0.0,0.0,0.0,0.0,0.0,0.0,0.0,0.0,0.0,0.0,0.0,0.0,0.0,0.0,0.0,0.0,0.0,0.0
580.75,4.0,16.679872000497564,17.435318590751084,18.611592402316326,18.546544959161594,17.36435875069529,17.541627763265613,16.858507604080117,16.986496682656355,17.571248508909566,17.613711569323304,1.0,1.0,1.0,1.0,1.0,1.0,1.0,1.0,1.0,1.0
581.0,1.0,14.895610518662286,14.825683575169853,14.312431564749458,14.43474112467979,14.137596269795916,14.23789244605611,13.492483880194799,14.127283110726173,13.887674974345808,14.84984654660157,1.0,1.0,1.0,1.0,1.0,1.0,1.0,1.0,1.0,1.0
581.25,2.0,0.0,0.0,0.0,0.0,0.0,0.0,0.0,0.0,0.0,0.0,0.0,0.0,0.0,0.0,0.0,0.0,0.0,0.0,0.0,0.0
581.5,3.0,15.844236931068135,17.224885756422296,15.73418801728545,15.674748308144169,16.215744110442152,16.28789990931778,16.103315873165815,17.16441210043664,16.641158188144253,16.471964437690872,1.0,1.0,1.0,1.0,1.0,1.0,1.0,1.0,1.0,1.0
581.75,4.0,16.21534596976109,16.74980944658626,17.583743994715316,17.987941166960457,17.930059270434654,17.027752285920936,17.613355632857306,17.465654142917302,17.941357487160516,18.778121426008383,1.0,1.0,1.0,1.0,1.0,1.0,1.0,1.0,1.0,1.0
582.0,1.0,12.928064341002116,13.676967247301087,13.821844089054837,13.595684250872035,13.467172596777715,14.422352799850822,14.252032622609748,15.321428225519814,15.310466320068718,15.0765142119195,1.0,1.0,1.0,1.0,1.0,1.0,1.0,1.0,1.0,1.0
582.25,2.0,13.937203517075774,12.415136191970458,12.886807719135048,13.558353478031616,15.207484504339963,15.721964590900985,16.10252219193571,16.677977930066806,16.33879988841599,14.835405164064644,1.0,1.0,1.0,1.0,1.0,1.0,1.0,1.0,1.0,1.0
582.5,3.0,0.0,0.0,0.0,0.0,0.0,0.0,0.0,0.0,0.0,0.0,0.0,0.0,0.0,0.0,0.0,0.0,0.0,0.0,0.0,0.0
582.75,4.0,15.748480348618536,16.02266836450128,17.180219311558577,17.420281646466165,17.072370944233715,16.93280586524112,17.594395160917607,17.75888079301259,18.258957281008104,18.873903880082995,1.0,1.0,1.0,1.0,1.0,1.0,1.0,1.0,1.0,1.0
583.0,1.0,12.675371184007814,12.957158438421827,13.264019241255705,13.645391008224923,14.640424896846168,13.808165066632444,14.61499293728386,14.007629389898666,14.237242905916718,14.4004975771072,1.0,1.0,1.0,1.0,1.0,1.0,1.0,1.0,1.0,1.0
583.25,2.0,13.647869240881207,13.019658237350518,13.754963776737611,14.44725104312292,15.33015238657761,15.905369009163943,15.938884725330045,16.639353301500954,15.944339011800237,14.110422025933191,1.0,1.0,1.0,1.0,1.0,1.0,1.0,1.0,1.0,1.0
583.5,3.0,16.53320917807543,16.749804872465777,16.901797895546597,17.850646593556302,17.009919630621425,17.45408061774135,18.529827358475202,18.85622719955565,18.47533179862255,18.31793855489186,1.0,1.0,1.0,1.0,1.0,1.0,1.0,1.0,1.0,1.0
583.75,4.0,16.29944922962106,16.229930229573693,17.063966132948554,17.53933046082313,17.37135567707187,18.382741972778003,18.63504238564174,18.95790127788169,19.180372765588526,19.586995000601824,1.0,1.0,1.0,1.0,1.0,1.0,1.0,1.0,1.0,1.0
584.0,1.0,0.0,0.0,0.0,0.0,0.0,0.0,0.0,0.0,0.0,0.0,0.0,0.0,0.0,0.0,0.0,0.0,0.0,0.0,0.0,0.0
584.25,2.0,0.0,0.0,0.0,0.0,0.0,0.0,0.0,0.0,0.0,0.0,0.0,0.0,0.0,0.0,0.0,0.0,0.0,0.0,0.0,0.0
584.5,3.0,15.987712517032051,16.333551904900254,16.451063777539904,16.824715349421023,19.60926628956131,19.139684946824467,19.723304999730516,19.558098104055027,19.280607351196437,18.862557496727444,1.0,1.0,1.0,1.0,1.0,1.0,1.0,1.0,1.0,1.0
584.75,4.0,0.0,0.0,0.0,0.0,0.0,0.0,0.0,0.0,0.0,0.0,0.0,0.0,0.0,0.0,0.0,0.0,0.0,0.0,0.0,0.0
585.0,1.0,11.416891755891783,12.416592015826117,12.527428477714256,13.535271019084014,15.630483953615702,15.49847303425041,14.986928655006833,15.75000720582771,14.823511742399711,15.22510193432096,1.0,1.0,1.0,1.0,1.0,1.0,1.0,1.0,1.0,1.0
585.25,2.0,11.572341410338893,12.004639961495172,13.307064400546189,13.956111756863482,14.73033127996184,14.38488378516399,14.156104606929205,15.035921868309117,14.700853863661422,13.385994464530174,1.0,1.0,1.0,1.0,1.0,1.0,1.0,1.0,1.0,1.0
585.5,3.0,0.0,0.0,0.0,0.0,0.0,0.0,0.0,0.0,0.0,0.0,0.0,0.0,0.0,0.0,0.0,0.0,0.0,0.0,0.0,0.0
585.75,4.0,14.84940187331676,15.003757396115013,17.21261074812203,18.218927203220595,18.538078213998364,18.093745750545892,19.05907019824361,19.598390946482045,19.732572972787896,19.2321042292045,1.0,1.0,1.0,1.0,1.0,1.0,1.0,1.0,1.0,1.0
586.0,1.0,11.447041920685058,11.950158135057018,12.942136287089651,14.21278462606029,15.488906300015527,15.067338486273204,15.423004687933947,15.493974024517401,15.196815049218447,15.483732489057367,1.0,1.0,1.0,1.0,1.0,1.0,1.0,1.0,1.0,1.0
586.25,2.0,0.0,0.0,0.0,0.0,0.0,0.0,0.0,0.0,0.0,0.0,0.0,0.0,0.0,0.0,0.0,0.0,0.0,0.0,0.0,0.0
586.5,3.0,14.983915226960784,14.337644932077225,13.94538785818001,16.940489647313914,19.912343624701805,19.048388657630372,19.224812450677444,18.045645567053093,16.703172775715053,16.592566108834948,1.0,1.0,1.0,1.0,1.0,1.0,1.0,1.0,1.0,1.0
586.75,4.0,14.448758199577009,15.00936453970083,18.36225342795483,18.65995088286589,18.580505182191242,18.964487305632236,19.915195407679455,20.018624897684518,19.216533305482628,19.470956042539733,1.0,1.0,1.0,1.0,1.0,1.0,1.0,1.0,1.0,1.0
587.0,1.0,0.0,0.0,0.0,0.0,0.0,0.0,0.0,0.0,0.0,0.0,0.0,0.0,0.0,0.0,0.0,0.0,0.0,0.0,0.0,0.0
587.25,2.0,13.215341957429798,13.21577592859657,13.392537501383622,13.85857287666133,14.03854404442725,14.320072937363443,13.588266734892542,14.337544693852722,14.506681679680275,12.799084492828646,1.0,1.0,1.0,1.0,1.0,1.0,1.0,1.0,1.0,1.0
587.5,3.0,0.0,0.0,0.0,0.0,0.0,0.0,0.0,0.0,0.0,0.0,0.0,0.0,0.0,0.0,0.0,0.0,0.0,0.0,0.0,0.0
587.75,4.0,0.0,0.0,0.0,0.0,0.0,0.0,0.0,0.0,0.0,0.0,0.0,0.0,0.0,0.0,0.0,0.0,0.0,0.0,0.0,0.0
588.0,1.0,10.73023151608318,11.589555645218304,12.961201026972047,14.329362624421144,14.76645006699356,14.828418202576271,14.949745236782944,16.11751719327879,16.530012284966894,17.26407708133245,1.0,1.0,1.0,1.0,1.0,1.0,1.0,1.0,1.0,1.0
588.25,2.0,12.155086561211403,12.980748383497149,13.651139277580473,14.505630236306274,13.836861090434686,15.106249063956913,13.91332547919962,13.667138419311144,13.865553602803292,12.396623294499872,1.0,1.0,1.0,1.0,1.0,1.0,1.0,1.0,1.0,1.0
588.5,3.0,0.0,0.0,0.0,0.0,0.0,0.0,0.0,0.0,0.0,0.0,0.0,0.0,0.0,0.0,0.0,0.0,0.0,0.0,0.0,0.0
588.75,4.0,14.409679594594829,16.262450570668303,17.57778394060719,16.00238959803528,17.045786793500284,17.072578312257313,18.096623462907637,18.17255462697421,17.967972890258405,17.04157900509745,1.0,1.0,1.0,1.0,1.0,1.0,1.0,1.0,1.0,1.0
589.0,1.0,11.11191883482769,13.021878825897875,13.912161342663554,13.901586485112837,15.133606824324268,16.024049524093655,15.721983720056869,15.306281155185323,15.319878204487262,16.053976733096107,1.0,1.0,1.0,1.0,1.0,1.0,1.0,1.0,1.0,1.0
589.25,2.0,0.0,0.0,0.0,0.0,0.0,0.0,0.0,0.0,0.0,0.0,0.0,0.0,0.0,0.0,0.0,0.0,0.0,0.0,0.0,0.0
589.5,3.0,14.570343581206181,14.617226181031961,13.934923746864447,13.880819511126568,13.052319779602664,12.672365623093736,12.858964964721942,13.51191359367279,14.706774145144426,16.059053289891086,1.0,1.0,1.0,1.0,1.0,1.0,1.0,1.0,1.0,1.0
589.75,4.0,15.725577283591567,17.51449144212028,17.52719356779319,16.628470558330744,17.122641907198638,17.02469326611882,18.00315286768584,17.70803801419749,18.088160317700194,17.236111537339337,1.0,1.0,1.0,1.0,1.0,1.0,1.0,1.0,1.0,1.0
590.0,1.0,11.942731404013026,14.415115467791331,13.73538976293147,14.490918658796941,14.501548689416735,15.110358220364537,15.343213186317637,15.228179305652299,15.432491165036618,16.18639039927764,1.0,1.0,1.0,1.0,1.0,1.0,1.0,1.0,1.0,1.0
590.25,2.0,11.681290164901526,14.407397982912544,15.080363059048056,13.610216291406568,13.129218480204463,12.74665901657624,12.468060189590004,12.699961110401295,13.215757644021354,12.232415973357714,1.0,1.0,1.0,1.0,1.0,1.0,1.0,1.0,1.0,1.0
590.5,3.0,0.0,0.0,0.0,0.0,0.0,0.0,0.0,0.0,0.0,0.0,0.0,0.0,0.0,0.0,0.0,0.0,0.0,0.0,0.0,0.0
590.75,4.0,16.128694955529866,17.268775951789504,16.755896213456847,15.841991986297849,16.376477252292663,16.259677176203347,17.497529961924744,17.102977741245997,17.35387139147092,17.183543620582856,1.0,1.0,1.0,1.0,1.0,1.0,1.0,1.0,1.0,1.0
591.0,1.0,12.936120504376216,15.201280833526525,14.082921269973962,14.634342889613793,13.609839237365787,15.334634649930068,15.916145926231872,16.418295814019036,17.02030418689253,16.988364052468807,1.0,1.0,1.0,1.0,1.0,1.0,1.0,1.0,1.0,1.0
591.25,2.0,12.98437244822534,15.07597880568466,14.132304479553925,12.953536651114455,12.948996985276017,13.69781143312022,12.692351579233282,13.778359115789955,14.45494028648382,13.673128664479258,1.0,1.0,1.0,1.0,1.0,1.0,1.0,1.0,1.0,1.0
591.5,3.0,15.685372891904182,14.470051420383605,12.870168011934718,13.916424741339902,15.078911623544487,15.301700730419368,16.353061355008368,16.7568532875633,17.261933888159003,17.821194623413547,1.0,1.0,1.0,1.0,1.0,1.0,1.0,1.0,1.0,1.0
591.75,4.0,15.196987629281468,16.343989062715945,15.464402701843177,13.832603385260024,16.84162114190226,16.37231818860904,17.196234495313266,16.562604844288362,16.81596525821707,16.503591716290146,1.0,1.0,1.0,1.0,1.0,1.0,1.0,1.0,1.0,1.0
592.0,1.0,0.0,0.0,0.0,0.0,0.0,0.0,0.0,0.0,0.0,0.0,0.0,0.0,0.0,0.0,0.0,0.0,0.0,0.0,0.0,0.0
592.25,2.0,0.0,0.0,0.0,0.0,0.0,0.0,0.0,0.0,0.0,0.0,0.0,0.0,0.0,0.0,0.0,0.0,0.0,0.0,0.0,0.0
592.5,3.0,14.356165081369353,14.100903724521045,12.897287564948039,14.533177896310173,15.661192084248583,16.146381467342117,16.46586923799063,16.472054499892327,17.6338925787956,18.047745034919643,1.0,1.0,1.0,1.0,1.0,1.0,1.0,1.0,1.0,1.0
592.75,4.0,0.0,0.0,0.0,0.0,0.0,0.0,0.0,0.0,0.0,0.0,0.0,0.0,0.0,0.0,0.0,0.0,0.0,0.0,0.0,0.0
593.0,1.0,15.978261092262393,16.308593527524643,15.822140373022556,15.038431372794896,14.923566852254163,17.375803882094452,16.77232719906806,17.584781466938498,16.311966934364065,15.903181751201414,1.0,1.0,1.0,1.0,1.0,1.0,1.0,1.0,1.0,1.0
593.25,2.0,14.527166996215655,15.526647236379054,14.004961831813507,13.211035886714496,11.71231229260999,12.798946991087545,13.35997794587214,14.116648507026436,14.251074004637195,14.310162171585022,1.0,1.0,1.0,1.0,1.0,1.0,1.0,1.0,1.0,1.0
593.5,3.0,0.0,0.0,0.0,0.0,0.0,0.0,0.0,0.0,0.0,0.0,0.0,0.0,0.0,0.0,0.0,0.0,0.0,0.0,0.0,0.0
593.75,4.0,14.004436716865916,14.87773498577837,14.91087881652568,14.84025591028418,17.00345339125671,17.453617838773216,17.729698648003943,17.666065049113303,17.107536660116445,17.618973204426908,1.0,1.0,1.0,1.0,1.0,1.0,1.0,1.0,1.0,1.0
594.0,1.0,17.30965277757115,17.586516264848353,14.97696472719039,15.158721576835822,15.549642555607996,16.660405374414175,16.119290273778677,16.952833166632505,16.236569980701002,16.878680489270888,1.0,1.0,1.0,1.0,1.0,1.0,1.0,1.0,1.0,1.0
594.25,2.0,0.0,0.0,0.0,0.0,0.0,0.0,0.0,0.0,0.0,0.0,0.0,0.0,0.0,0.0,0.0,0.0,0.0,0.0,0.0,0.0
594.5,3.0,12.902153442034797,12.378990372917123,13.214916839783722,15.2478673022737,17.007446889242978,17.481098821231008,18.797391320264822,18.736696716328858,19.1451770262761,18.547699074776396,1.0,1.0,1.0,1.0,1.0,1.0,1.0,1.0,1.0,1.0
594.75,4.0,13.868886093584615,16.1418851225591,16.211576171349694,16.72294300088715,18.621542913761594,18.27984607014065,18.417464144659622,18.105940494232463,18.469954079445078,18.550575076325682,1.0,1.0,1.0,1.0,1.0,1.0,1.0,1.0,1.0,1.0
595.0,1.0,0.0,0.0,0.0,0.0,0.0,0.0,0.0,0.0,0.0,0.0,0.0,0.0,0.0,0.0,0.0,0.0,0.0,0.0,0.0,0.0
595.25,2.0,16.584931173461904,17.197298868897043,15.347908179014636,15.05441166358605,16.824943449964877,17.964386072409724,19.07075828596549,17.524387572137897,16.932543199682737,16.244165848603853,1.0,1.0,1.0,1.0,1.0,1.0,1.0,1.0,1.0,1.0
595.5,3.0,0.0,0.0,0.0,0.0,0.0,0.0,0.0,0.0,0.0,0.0,0.0,0.0,0.0,0.0,0.0,0.0,0.0,0.0,0.0,0.0
595.75,4.0,0.0,0.0,0.0,0.0,0.0,0.0,0.0,0.0,0.0,0.0,0.0,0.0,0.0,0.0,0.0,0.0,0.0,0.0,0.0,0.0
596.0,1.0,14.017912011976868,14.843501451717081,13.804907881443093,15.127173686720557,16.216997553248852,17.724438313448484,18.269164889046497,19.131120446786536,18.895470746807682,18.81757650809298,1.0,1.0,1.0,1.0,1.0,1.0,1.0,1.0,1.0,1.0
596.25,2.0,17.30234180350464,16.899277069070624,15.008300759789835,15.25086384431952,17.30224708336936,18.18712946842685,18.52070284663652,17.584152291420914,17.65505533929262,16.26679714144268,1.0,1.0,1.0,1.0,1.0,1.0,1.0,1.0,1.0,1.0
596.5,3.0,0.0,0.0,0.0,0.0,0.0,0.0,0.0,0.0,0.0,0.0,0.0,0.0,0.0,0.0,0.0,0.0,0.0,0.0,0.0,0.0
596.75,4.0,15.728363482506778,17.27348677807625,17.064093072767893,17.955179625484362,19.299292776039565,19.194798286149975,19.746783948760648,19.036344807675352,18.87375140469332,20.532143035007586,1.0,1.0,1.0,1.0,1.0,1.0,1.0,1.0,1.0,1.0
597.0,1.0,14.587149638858728,14.699781998865001,14.359849243220964,16.291273918312292,17.21018733654029,17.777320945280003,18.865684526214146,18.871404098680976,19.10189085587149,19.080671291748995,1.0,1.0,1.0,1.0,1.0,1.0,1.0,1.0,1.0,1.0
597.25,2.0,0.0,0.0,0.0,0.0,0.0,0.0,0.0,0.0,0.0,0.0,0.0,0.0,0.0,0.0,0.0,0.0,0.0,0.0,0.0,0.0
597.5,3.0,15.422174266843408,14.357322136191868,14.693354743669559,16.72043341145176,17.541291489649723,16.65605578428157,17.49363961474011,17.45500075802637,16.968355299593917,17.807878533392298,1.0,1.0,1.0,1.0,1.0,1.0,1.0,1.0,1.0,1.0
597.75,4.0,15.274537317554088,16.917012197901606,17.503230570266943,17.167141238699532,19.916885621323004,20.133509474065345,20.577413720014288,19.877749335218805,19.373663662466353,19.850719390220906,1.0,1.0,1.0,1.0,1.0,1.0,1.0,1.0,1.0,1.0
598.0,1.0,15.05840408015203,14.95826866867019,15.203204709957754,16.05287770345702,17.526674676702665,18.557359863831735,19.038981945938936,19.080100008393277,17.624744578605526,17.60613318668361,1.0,1.0,1.0,1.0,1.0,1.0,1.0,1.0,1.0,1.0
598.25,2.0,15.93486780997824,14.930816976431567,16.114102988373027,18.141172181387052,18.027495561658686,16.904785723397136,15.679123376805626,14.16383473929104,15.151431571489537,14.68402525929769,1.0,1.0,1.0,1.0,1.0,1.0,1.0,1.0,1.0,1.0
598.5,3.0,0.0,0.0,0.0,0.0,0.0,0.0,0.0,0.0,0.0,0.0,0.0,0.0,0.0,0.0,0.0,0.0,0.0,0.0,0.0,0.0
598.75,4.0,16.233704730877857,16.340932638586768,16.92069389599708,18.228847414280494,20.81868713944324,21.095453338412433,20.660448864059976,20.137948851006854,18.20164125430437,18.75693602693706,1.0,1.0,1.0,1.0,1.0,1.0,1.0,1.0,1.0,1.0
599.0,1.0,16.162782356126524,15.77548156693063,15.701347375035358,17.29992809229159,18.12381201883247,18.39922872134248,18.400870721871588,17.28766131048606,16.751396946882963,17.347030476271996,1.0,1.0,1.0,1.0,1.0,1.0,1.0,1.0,1.0,1.0
599.25,2.0,0.0,0.0,0.0,0.0,0.0,0.0,0.0,0.0,0.0,0.0,0.0,0.0,0.0,0.0,0.0,0.0,0.0,0.0,0.0,0.0
599.5,3.0,15.97760776711996,14.982207592631898,15.66859275221744,16.688251727301097,15.851791339808866,15.432671195024444,15.695759150526563,16.98805539682557,17.38026260134009,17.134984312475424,1.0,1.0,1.0,1.0,1.0,1.0,1.0,1.0,1.0,1.0
599.75,4.0,17.425925500812813,15.775105306798494,17.354517540985643,18.08437685952425,19.597412355896047,19.628082392690946,20.462489250214563,19.722868525637253,18.600083902326638,19.415510742496487,1.0,1.0,1.0,1.0,1.0,1.0,1.0,1.0,1.0,1.0
600.0,1.0,0.0,0.0,0.0,0.0,0.0,0.0,0.0,0.0,0.0,0.0,0.0,0.0,0.0,0.0,0.0,0.0,0.0,0.0,0.0,0.0
600.25,2.0,0.0,0.0,0.0,0.0,0.0,0.0,0.0,0.0,0.0,0.0,0.0,0.0,0.0,0.0,0.0,0.0,0.0,0.0,0.0,0.0
600.5,3.0,16.669450522492273,16.31000700299573,15.945633631719422,16.472389892875213,15.849170407237134,15.732208562444397,16.147811398659318,16.149008703303352,16.29646863718783,15.728527865060457,1.0,1.0,1.0,1.0,1.0,1.0,1.0,1.0,1.0,1.0
600.75,4.0,0.0,0.0,0.0,0.0,0.0,0.0,0.0,0.0,0.0,0.0,0.0,0.0,0.0,0.0,0.0,0.0,0.0,0.0,0.0,0.0
601.0,1.0,16.05007086779349,17.541840839907817,17.24487733310493,19.038513911820935,18.459825230268315,19.80358099766659,18.70026403443656,18.789239524183174,18.093386162402453,18.276683518641033,1.0,1.0,1.0,1.0,1.0,1.0,1.0,1.0,1.0,1.0
601.25,2.0,16.738467490589798,16.628311982500847,16.26382072224505,13.828133075477494,14.063793982576433,14.518629109863362,14.832557839653463,14.98887394683486,15.07272570554561,14.819943951856931,1.0,1.0,1.0,1.0,1.0,1.0,1.0,1.0,1.0,1.0
601.5,3.0,0.0,0.0,0.0,0.0,0.0,0.0,0.0,0.0,0.0,0.0,0.0,0.0,0.0,0.0,0.0,0.0,0.0,0.0,0.0,0.0
601.75,4.0,17.903849918741617,18.396179000266233,19.11004984348378,20.352173148605207,20.01412678376933,19.075856746516305,20.69066624689449,19.787303416607372,19.290208083158802,18.529794719977232,1.0,1.0,1.0,1.0,1.0,1.0,1.0,1.0,1.0,1.0
602.0,1.0,17.559789618807454,18.241959908639387,17.73652732441844,18.687868647419606,19.481888634506987,19.966705268024878,19.349976966897927,18.945718442845298,18.047469024643284,18.430662426421733,1.0,1.0,1.0,1.0,1.0,1.0,1.0,1.0,1.0,1.0
602.25,2.0,0.0,0.0,0.0,0.0,0.0,0.0,0.0,0.0,0.0,0.0,0.0,0.0,0.0,0.0,0.0,0.0,0.0,0.0,0.0,0.0
602.5,3.0,18.546680217315433,16.95244283622251,17.20092944766,17.356923791581554,16.95631145752197,16.66062982070824,16.497294502811968,15.863594543912775,15.144556052533165,14.794668457382242,1.0,1.0,1.0,1.0,1.0,1.0,1.0,1.0,1.0,1.0
602.75,4.0,18.23573752789326,17.761130265999697,18.63177205015579,20.150413678329038,20.699686739146195,20.344955315923542,20.628060156537686,20.393959458078896,18.27267231012182,18.960008598084148,1.0,1.0,1.0,1.0,1.0,1.0,1.0,1.0,1.0,1.0
603.0,1.0,0.0,0.0,0.0,0.0,0.0,0.0,0.0,0.0,0.0,0.0,0.0,0.0,0.0,0.0,0.0,0.0,0.0,0.0,0.0,0.0
603.25,2.0,17.035397705118527,16.46148116901335,14.989531963955834,14.75576989470549,14.498425943841042,14.629695673163663,15.07570562314906,14.856597857390106,14.559062247658595,15.058383140708857,1.0,1.0,1.0,1.0,1.0,1.0,1.0,1.0,1.0,1.0
603.5,3.0,0.0,0.0,0.0,0.0,0.0,0.0,0.0,0.0,0.0,0.0,0.0,0.0,0.0,0.0,0.0,0.0,0.0,0.0,0.0,0.0
603.75,4.0,0.0,0.0,0.0,0.0,0.0,0.0,0.0,0.0,0.0,0.0,0.0,0.0,0.0,0.0,0.0,0.0,0.0,0.0,0.0,0.0
604.0,1.0,18.59154284117281,19.372312841768988,19.508842901801188,19.893504983278916,19.870042095490945,20.18760860631642,19.601808466132262,20.09944369242642,18.300583863571735,18.119113613195044,1.0,1.0,1.0,1.0,1.0,1.0,1.0,1.0,1.0,1.0
604.25,2.0,16.22130542355793,15.630168859585762,15.158690175568688,14.874150653358836,14.906901745976025,14.526201873765386,14.807903931111,14.338932739870225,14.556784578527445,15.305870875701451,1.0,1.0,1.0,1.0,1.0,1.0,1.0,1.0,1.0,1.0
604.5,3.0,0.0,0.0,0.0,0.0,0.0,0.0,0.0,0.0,0.0,0.0,0.0,0.0,0.0,0.0,0.0,0.0,0.0,0.0,0.0,0.0
604.75,4.0,17.963457809661936,18.48315831442267,20.53792059299608,21.009177035690737,22.395981538659147,21.529654465071552,22.130639444583323,20.036770408865305,18.732872835299847,19.169005476876446,1.0,1.0,1.0,1.0,1.0,1.0,1.0,1.0,1.0,1.0
605.0,1.0,17.8992658877064,20.162142043332796,19.444596539112563,19.081517829141596,20.163761137398097,20.534006653631028,20.243344490030353,19.268180974080195,18.2904822655893,18.85289977894559,1.0,1.0,1.0,1.0,1.0,1.0,1.0,1.0,1.0,1.0
605.25,2.0,0.0,0.0,0.0,0.0,0.0,0.0,0.0,0.0,0.0,0.0,0.0,0.0,0.0,0.0,0.0,0.0,0.0,0.0,0.0,0.0
605.5,3.0,18.568899771205945,17.874041423548746,17.072207375730613,15.945037447371398,15.510970243859669,15.048853184805656,15.292099748538417,14.773136662594117,14.820178155342873,15.423486496485026,1.0,1.0,1.0,1.0,1.0,1.0,1.0,1.0,1.0,1.0
605.75,4.0,18.835839553227096,18.910152538516055,19.877494289916896,20.43207414420458,22.207543771182397,20.997478038794966,21.053306625977054,19.19808735380465,19.039792694057944,18.343922651806377,1.0,1.0,1.0,1.0,1.0,1.0,1.0,1.0,1.0,1.0
606.0,1.0,18.49522856912097,21.1425680376745,18.195270355287533,18.6382460041831,21.145450493023315,20.916498821201436,20.315247860971702,20.02279118415707,19.789499432992713,19.430329583040248,1.0,1.0,1.0,1.0,1.0,1.0,1.0,1.0,1.0,1.0
606.25,2.0,15.299119968923078,15.3030540218074,15.17022851998196,14.935891801262716,15.685855043675227,16.070922263838842,16.18950390514285,15.307620065308196,16.039476167817853,15.641125065538887,1.0,1.0,1.0,1.0,1.0,1.0,1.0,1.0,1.0,1.0
606.5,3.0,0.0,0.0,0.0,0.0,0.0,0.0,0.0,0.0,0.0,0.0,0.0,0.0,0.0,0.0,0.0,0.0,0.0,0.0,0.0,0.0
606.75,4.0,18.565640791572072,19.89050103381136,18.937598249927554,19.612609851829127,21.595465692669432,20.47254972073739,20.07230670229976,18.599045304089085,17.768979720180553,17.291193325765892,1.0,1.0,1.0,1.0,1.0,1.0,1.0,1.0,1.0,1.0
607.0,1.0,18.24189385965503,19.512514379641228,18.20104896698386,19.927480585904494,21.667580828362937,20.81671230535458,20.394254591640916,19.32421330372029,18.4315482912274,18.27649985118391,1.0,1.0,1.0,1.0,1.0,1.0,1.0,1.0,1.0,1.0
607.25,2.0,0.0,0.0,0.0,0.0,0.0,0.0,0.0,0.0,0.0,0.0,0.0,0.0,0.0,0.0,0.0,0.0,0.0,0.0,0.0,0.0
607.5,3.0,16.23918816649041,16.131185134775205,16.10520310816213,15.031844135210754,15.515254562469478,14.490635940517132,13.377748224856338,12.865624998598133,14.310531581012711,15.959447330177486,1.0,1.0,1.0,1.0,1.0,1.0,1.0,1.0,1.0,1.0
607.75,4.0,18.282772880678685,18.614443939153073,19.08333520263513,20.129823716179573,20.21244567647628,19.75437663899117,18.791724127391333,17.732102073648093,16.80224144377325,15.7848263836412,1.0,1.0,1.0,1.0,1.0,1.0,1.0,1.0,1.0,1.0
608.0,1.0,0.0,0.0,0.0,0.0,0.0,0.0,0.0,0.0,0.0,0.0,0.0,0.0,0.0,0.0,0.0,0.0,0.0,0.0,0.0,0.0
608.25,2.0,0.0,0.0,0.0,0.0,0.0,0.0,0.0,0.0,0.0,0.0,0.0,0.0,0.0,0.0,0.0,0.0,0.0,0.0,0.0,0.0
608.5,3.0,16.178563049060568,14.881530238767263,15.723552640053226,15.012221717803206,15.660057445187865,13.9699074688419,12.57057568405093,13.846602209118139,15.200483479503415,16.242636134630626,1.0,1.0,1.0,1.0,1.0,1.0,1.0,1.0,1.0,1.0
608.75,4.0,0.0,0.0,0.0,0.0,0.0,0.0,0.0,0.0,0.0,0.0,0.0,0.0,0.0,0.0,0.0,0.0,0.0,0.0,0.0,0.0
609.0,1.0,18.33662856606965,18.147782049054296,19.041869015366718,19.776230527169787,21.518678507743395,18.97632125416654,19.614103289464303,19.641809904704978,19.369555928172787,19.440470750372672,1.0,1.0,1.0,1.0,1.0,1.0,1.0,1.0,1.0,1.0
609.25,2.0,14.693281648232816,13.2760383881782,13.501044196376858,15.504906214406919,14.392563410395299,13.791215228378107,13.862566424683514,13.03062986951754,12.42661355257725,13.433526329372443,1.0,1.0,1.0,1.0,1.0,1.0,1.0,1.0,1.0,1.0
609.5,3.0,0.0,0.0,0.0,0.0,0.0,0.0,0.0,0.0,0.0,0.0,0.0,0.0,0.0,0.0,0.0,0.0,0.0,0.0,0.0,0.0
609.75,4.0,17.587665030176648,17.55782041637828,19.0588463701161,21.026105567139403,19.09734180892022,16.898589729387226,16.472055259093615,16.53753393818264,16.746918617009232,16.534625942535982,1.0,1.0,1.0,1.0,1.0,1.0,1.0,1.0,1.0,1.0
610.0,1.0,18.699950251461157,18.124619327506736,18.987452494103916,19.537428663813976,20.45103521639649,18.546819357914327,20.22768211385455,20.563480346654433,20.0069100205181,19.621930444418084,1.0,1.0,1.0,1.0,1.0,1.0,1.0,1.0,1.0,1.0
610.25,2.0,0.0,0.0,0.0,0.0,0.0,0.0,0.0,0.0,0.0,0.0,0.0,0.0,0.0,0.0,0.0,0.0,0.0,0.0,0.0,0.0
610.5,3.0,15.887885885921913,14.150442559391573,14.784213724589534,13.358484866023725,14.401916877058266,14.439497950094498,14.068699438753985,14.366935929541528,15.269940005043933,15.726703316221293,1.0,1.0,1.0,1.0,1.0,1.0,1.0,1.0,1.0,1.0
610.75,4.0,17.489454729854323,18.069514369664986,19.217339199037035,19.105938593181552,16.673806736538964,16.026990495485258,15.943505631107168,15.564885249443046,16.037443704176578,15.50226645588284,1.0,1.0,1.0,1.0,1.0,1.0,1.0,1.0,1.0,1.0
611.0,1.0,0.0,0.0,0.0,0.0,0.0,0.0,0.0,0.0,0.0,0.0,0.0,0.0,0.0,0.0,0.0,0.0,0.0,0.0,0.0,0.0
611.25,2.0,13.407986342062586,13.44241529879266,14.518414412712845,15.489992594414256,14.272621101064471,14.422033932543929,13.15150950431671,13.518272492957493,13.405356315639327,14.080337072301173,1.0,1.0,1.0,1.0,1.0,1.0,1.0,1.0,1.0,1.0
611.5,3.0,0.0,0.0,0.0,0.0,0.0,0.0,0.0,0.0,0.0,0.0,0.0,0.0,0.0,0.0,0.0,0.0,0.0,0.0,0.0,0.0
611.75,4.0,0.0,0.0,0.0,0.0,0.0,0.0,0.0,0.0,0.0,0.0,0.0,0.0,0.0,0.0,0.0,0.0,0.0,0.0,0.0,0.0
612.0,1.0,18.822156146646222,17.213361871320938,18.218120874422794,19.1963005787934,19.933101582375382,18.965080309718655,20.268442967355412,19.92911392133356,18.87306193437165,18.037812404362082,1.0,1.0,1.0,1.0,1.0,1.0,1.0,1.0,1.0,1.0
612.25,2.0,14.047827227580107,13.797809068596335,14.86205056859179,14.067037549645775,13.391183743051824,13.529764294313214,13.163172695428846,13.302743274032888,14.346825595654607,15.273273769270164,1.0,1.0,1.0,1.0,1.0,1.0,1.0,1.0,1.0,1.0
612.5,3.0,15.431252304381474,15.24952479777871,15.149225296499592,14.155990002771416,14.160310837227364,14.202010202573113,15.137326483083983,15.221893660855955,15.532870998482863,15.37434821542829,1.0,1.0,1.0,1.0,1.0,1.0,1.0,1.0,1.0,1.0
612.75,4.0,18.697599136975253,17.68990292913342,16.82528096792877,16.448209850990423,14.939712281367639,15.281459393749818,16.000541623696943,15.997109905566502,17.084222971409392,17.21900064575003,1.0,1.0,1.0,1.0,1.0,1.0,1.0,1.0,1.0,1.0
613.0,1.0,16.729955320052834,16.632165514840086,18.7791409354238,19.132118375224138,18.269670910202816,18.570430383269574,19.472961364819522,19.376225618476457,18.864582180199214,17.40639457295505,1.0,1.0,1.0,1.0,1.0,1.0,1.0,1.0,1.0,1.0
613.25,2.0,0.0,0.0,0.0,0.0,0.0,0.0,0.0,0.0,0.0,0.0,0.0,0.0,0.0,0.0,0.0,0.0,0.0,0.0,0.0,0.0
613.5,3.0,16.007162515292762,15.776393754391593,15.201364279379451,13.785975981931493,15.685698038290262,15.914704689498196,16.4135278820222,16.123337288094966,15.77444841106345,15.563546352149658,1.0,1.0,1.0,1.0,1.0,1.0,1.0,1.0,1.0,1.0
613.75,4.0,17.755211348921126,16.008206912754325,15.233470154763403,16.032172945328377,14.54963310467497,15.129326500979666,15.536441516036192,16.07734723618687,17.41482205632642,17.21371860072763,1.0,1.0,1.0,1.0,1.0,1.0,1.0,1.0,1.0,1.0
614.0,1.0,17.239117566680058,17.736596603808916,18.613689301750178,19.074369251571085,17.952494771103666,17.80999012659298,18.446798085239713,18.519667144857575,16.673237590608046,16.287093830396202,1.0,1.0,1.0,1.0,1.0,1.0,1.0,1.0,1.0,1.0
614.25,2.0,15.639688377698494,14.547430640355268,14.212505770024176,13.687877360502679,15.19188570102825,15.240137672790171,15.469410312170405,15.788608525955457,16.484577874112162,17.466780623634165,1.0,1.0,1.0,1.0,1.0,1.0,1.0,1.0,1.0,1.0
614.5,3.0,0.0,0.0,0.0,0.0,0.0,0.0,0.0,0.0,0.0,0.0,0.0,0.0,0.0,0.0,0.0,0.0,0.0,0.0,0.0,0.0
614.75,4.0,16.876240748391258,15.700623954339127,14.851229734051413,16.44602980751889,15.066040368377317,15.67464711526178,15.643471383712043,16.138457992856036,16.566043712096157,16.37393287118743,1.0,1.0,1.0,1.0,1.0,1.0,1.0,1.0,1.0,1.0
615.0,1.0,17.65714198109503,18.636114808562702,20.1272135259258,18.55827390203183,17.197195770533007,16.914708501062556,16.99853592620139,17.575522780635414,16.26971389712117,16.43937577693456,1.0,1.0,1.0,1.0,1.0,1.0,1.0,1.0,1.0,1.0
615.25,2.0,0.0,0.0,0.0,0.0,0.0,0.0,0.0,0.0,0.0,0.0,0.0,0.0,0.0,0.0,0.0,0.0,0.0,0.0,0.0,0.0
615.5,3.0,16.94559862729858,16.73852380782745,16.688160627458306,15.158069655371046,15.745467195819902,15.604013112244079,15.381886292916441,16.267779381089674,15.294067820236252,15.403725569461542,1.0,1.0,1.0,1.0,1.0,1.0,1.0,1.0,1.0,1.0
615.75,4.0,15.846516131176768,15.695811050237422,15.56493935741507,17.13003628627801,17.16166206723635,18.46032079089995,17.757800693954405,17.183983694841917,16.8435853745137,15.888533970464604,1.0,1.0,1.0,1.0,1.0,1.0,1.0,1.0,1.0,1.0
616.0,1.0,0.0,0.0,0.0,0.0,0.0,0.0,0.0,0.0,0.0,0.0,0.0,0.0,0.0,0.0,0.0,0.0,0.0,0.0,0.0,0.0
616.25,2.0,14.347717866029845,12.797879612484833,13.251188077196018,14.289532442846626,14.924882560269698,15.92265508240133,16.018439516202086,16.8818604975379,17.143241161064598,16.729701608207957,1.0,1.0,1.0,1.0,1.0,1.0,1.0,1.0,1.0,1.0
616.5,3.0,17.51883969148724,17.001121014926852,16.249824105688766,15.296666218958233,14.69059091029597,14.451394271382465,14.363899247531101,14.780050428436377,14.897683218895148,15.124961784368393,1.0,1.0,1.0,1.0,1.0,1.0,1.0,1.0,1.0,1.0
616.75,4.0,0.0,0.0,0.0,0.0,0.0,0.0,0.0,0.0,0.0,0.0,0.0,0.0,0.0,0.0,0.0,0.0,0.0,0.0,0.0,0.0
617.0,1.0,17.54925559685845,16.454990033504075,17.75145759634937,18.300690555389927,16.414837243931746,16.723643762904203,16.573513366972968,16.70811799178502,16.36132673495479,15.704804285051457,1.0,1.0,1.0,1.0,1.0,1.0,1.0,1.0,1.0,1.0
617.25,2.0,14.92498960434926,11.568352677371015,12.778175114717769,13.722578687321192,14.555626007517134,15.797172454994337,15.768237809544585,15.89183210191277,16.466500067046034,16.95014791971606,1.0,1.0,1.0,1.0,1.0,1.0,1.0,1.0,1.0,1.0
617.5,3.0,0.0,0.0,0.0,0.0,0.0,0.0,0.0,0.0,0.0,0.0,0.0,0.0,0.0,0.0,0.0,0.0,0.0,0.0,0.0,0.0
617.75,4.0,16.086959478321546,16.15734443322456,17.32090703161264,18.163566268055302,18.207520288896447,18.77690706486839,18.31387263632553,17.637247077354473,16.953219992246076,16.30131477265649,1.0,1.0,1.0,1.0,1.0,1.0,1.0,1.0,1.0,1.0
618.0,1.0,17.841721535300714,16.618672508211624,17.13483123156859,17.622050020693834,16.519662748474506,16.40070755941544,16.98367218976007,15.630171788877092,14.164846930331471,14.391123946825765,1.0,1.0,1.0,1.0,1.0,1.0,1.0,1.0,1.0,1.0
618.25,2.0,0.0,0.0,0.0,0.0,0.0,0.0,0.0,0.0,0.0,0.0,0.0,0.0,0.0,0.0,0.0,0.0,0.0,0.0,0.0,0.0
618.5,3.0,16.388240724037125,16.54919438345766,16.654673044514634,15.689062394708365,14.704465125544749,14.96745115746299,16.063260047233367,15.189203822695058,14.971741208577521,14.97798917380548,1.0,1.0,1.0,1.0,1.0,1.0,1.0,1.0,1.0,1.0
618.75,4.0,14.904710414987987,14.928027788108494,17.10654951320176,16.818318728889288,17.60405162208071,17.127246837342735,16.759877524910443,15.766564542791299,14.775877057223132,15.446874447154023,1.0,1.0,1.0,1.0,1.0,1.0,1.0,1.0,1.0,1.0
619.0,1.0,17.089920342685048,17.336463832003304,17.142092194530786,16.146028849612733,16.746214107577885,16.407003733054662,16.453148178944595,15.86796529955775,15.191685714044723,15.402593468108567,1.0,1.0,1.0,1.0,1.0,1.0,1.0,1.0,1.0,1.0
619.25,2.0,12.668662088183833,12.613307301103431,14.437829762957493,15.071601087038077,15.481071698780466,15.775177944130602,15.690012069664617,16.129829807645766,16.19867619640614,17.21277896179915,1.0,1.0,1.0,1.0,1.0,1.0,1.0,1.0,1.0,1.0
619.5,3.0,0.0,0.0,0.0,0.0,0.0,0.0,0.0,0.0,0.0,0.0,0.0,0.0,0.0,0.0,0.0,0.0,0.0,0.0,0.0,0.0
619.75,4.0,0.0,0.0,0.0,0.0,0.0,0.0,0.0,0.0,0.0,0.0,0.0,0.0,0.0,0.0,0.0,0.0,0.0,0.0,0.0,0.0
620.0,1.0,18.440258111586214,18.59857620975489,16.93047077268972,16.085287218934717,14.489615242201342,15.477172536836086,15.948390553783845,16.20014241275558,15.823178996864476,16.367644731544647,1.0,1.0,1.0,1.0,1.0,1.0,1.0,1.0,1.0,1.0
620.25,2.0,12.378519179348078,13.825828050073621,15.674296338869945,15.664419523794013,14.278100881219485,15.81888698899338,16.026676611647524,16.923621951556814,17.20818506468618,18.27645455339401,1.0,1.0,1.0,1.0,1.0,1.0,1.0,1.0,1.0,1.0
620.5,3.0,16.26188833600118,16.75916276409434,14.543023651436089,13.495973090245068,14.519170895822468,15.91635799227917,17.540025957077138,16.89856405473607,15.616593322424848,15.630464192425446,1.0,1.0,1.0,1.0,1.0,1.0,1.0,1.0,1.0,1.0
620.75,4.0,17.325569168192633,17.144080325727764,16.605352592926067,16.167868598255634,16.034934143520424,14.882194451588466,15.411443118329185,14.9413646116723,15.714680168747554,16.306503519549597,1.0,1.0,1.0,1.0,1.0,1.0,1.0,1.0,1.0,1.0
621.0,1.0,0.0,0.0,0.0,0.0,0.0,0.0,0.0,0.0,0.0,0.0,0.0,0.0,0.0,0.0,0.0,0.0,0.0,0.0,0.0,0.0
621.25,2.0,0.0,0.0,0.0,0.0,0.0,0.0,0.0,0.0,0.0,0.0,0.0,0.0,0.0,0.0,0.0,0.0,0.0,0.0,0.0,0.0
621.5,3.0,15.988979814713993,16.82733503258231,14.513463588244981,13.920881535287464,13.902076329669933,15.93567580609763,16.950279559621894,17.03410900610594,15.699555320630544,15.562879053070942,1.0,1.0,1.0,1.0,1.0,1.0,1.0,1.0,1.0,1.0
621.75,4.0,17.419383639439534,17.456133309255637,16.209435556004212,16.11983696242076,14.922221469351108,14.275041130136412,15.10470855235977,15.870735409216048,17.704890915518995,18.28741849260188,1.0,1.0,1.0,1.0,1.0,1.0,1.0,1.0,1.0,1.0
622.0,1.0,19.000097357641035,19.134826432337356,18.510013462707352,15.949932500694551,15.420134391871374,16.030516915010782,16.514503305043398,17.392290177679687,18.030375428019173,17.345333736775924,1.0,1.0,1.0,1.0,1.0,1.0,1.0,1.0,1.0,1.0
622.25,2.0,16.19657155601314,15.629160164439071,16.672793565944527,17.34740067987288,15.608302771516186,17.72496789029857,17.36256932587719,17.875595235297865,17.974386923966303,18.862165205764914,1.0,1.0,1.0,1.0,1.0,1.0,1.0,1.0,1.0,1.0
622.5,3.0,0.0,0.0,0.0,0.0,0.0,0.0,0.0,0.0,0.0,0.0,0.0,0.0,0.0,0.0,0.0,0.0,0.0,0.0,0.0,0.0
622.75,4.0,17.15535281770691,17.215221590181233,15.480738739714424,16.05118971954076,14.862128147008622,15.39397198420509,17.04760137084808,17.717273336317746,18.672357480123463,18.791061332331026,1.0,1.0,1.0,1.0,1.0,1.0,1.0,1.0,1.0,1.0
623.0,1.0,19.791233995437082,18.962680586000637,17.65171932267627,15.684880684175337,15.623887815786759,17.108468681829,17.94278175824911,17.712073948873552,17.97543184789236,17.771707190719194,1.0,1.0,1.0,1.0,1.0,1.0,1.0,1.0,1.0,1.0
623.25,2.0,0.0,0.0,0.0,0.0,0.0,0.0,0.0,0.0,0.0,0.0,0.0,0.0,0.0,0.0,0.0,0.0,0.0,0.0,0.0,0.0
623.5,3.0,16.116495194976647,16.30084762591412,14.323572800879463,13.996863591325399,14.851661961167608,14.64807340568701,14.451585897621575,14.082748846700389,13.490224822936508,15.139684907548373,1.0,1.0,1.0,1.0,1.0,1.0,1.0,1.0,1.0,1.0
623.75,4.0,18.068565254109295,16.525787197422616,15.872090765726334,17.204062170209834,15.60062052116165,16.350231118650722,18.571114541586716,19.730432588063543,21.05009040122075,20.953399825804212,1.0,1.0,1.0,1.0,1.0,1.0,1.0,1.0,1.0,1.0
624.0,1.0,0.0,0.0,0.0,0.0,0.0,0.0,0.0,0.0,0.0,0.0,0.0,0.0,0.0,0.0,0.0,0.0,0.0,0.0,0.0,0.0
624.25,2.0,16.796893225456063,16.761486150142513,16.69258320756429,18.169680297290242,18.432551375367836,19.40810472788406,18.994869638942454,19.255464869426525,18.209463782884143,17.92091270011966,1.0,1.0,1.0,1.0,1.0,1.0,1.0,1.0,1.0,1.0
624.5,3.0,14.771807174201843,15.568439366603618,15.351929937641279,15.733419346051688,15.833661060381251,15.623820238822315,15.291018177964107,14.975340873644177,14.853022406628137,15.710959950219143,1.0,1.0,1.0,1.0,1.0,1.0,1.0,1.0,1.0,1.0
624.75,4.0,0.0,0.0,0.0,0.0,0.0,0.0,0.0,0.0,0.0,0.0,0.0,0.0,0.0,0.0,0.0,0.0,0.0,0.0,0.0,0.0
625.0,1.0,18.90148804647046,17.396451985698512,15.888336467895675,16.2470647405108,17.00379892265904,18.021380080471463,18.674144250084776,19.385201735692604,18.751211126154296,19.290751172527298,1.0,1.0,1.0,1.0,1.0,1.0,1.0,1.0,1.0,1.0
625.25,2.0,15.834767827645127,17.216492317443063,17.2438932030798,18.251230884885626,18.444710081447266,19.71218714136752,19.539786766258487,18.869849856671205,17.724268387338494,17.38260148212049,1.0,1.0,1.0,1.0,1.0,1.0,1.0,1.0,1.0,1.0
625.5,3.0,0.0,0.0,0.0,0.0,0.0,0.0,0.0,0.0,0.0,0.0,0.0,0.0,0.0,0.0,0.0,0.0,0.0,0.0,0.0,0.0
625.75,4.0,17.65669218933611,17.15987460919571,16.424800542078604,17.187030546683868,18.82604190034045,20.828552307773357,20.485523423770992,20.839990555468212,20.5163057711241,21.03673877538489,1.0,1.0,1.0,1.0,1.0,1.0,1.0,1.0,1.0,1.0
626.0,1.0,17.295633139923254,16.935851257186606,16.118265962480955,16.039023751998663,17.57053104286189,18.329096422433405,19.1964075186194,19.731692022980134,19.7840201216696,19.569451390287032,1.0,1.0,1.0,1.0,1.0,1.0,1.0,1.0,1.0,1.0
626.25,2.0,0.0,0.0,0.0,0.0,0.0,0.0,0.0,0.0,0.0,0.0,0.0,0.0,0.0,0.0,0.0,0.0,0.0,0.0,0.0,0.0
626.5,3.0,16.738896799560052,17.92239646697363,16.468590133972995,15.808742613666618,14.367425000965078,15.006514372175365,15.936315023371671,15.674948437292993,15.924514742998515,16.33236746648183,1.0,1.0,1.0,1.0,1.0,1.0,1.0,1.0,1.0,1.0
626.75,4.0,16.896853717677264,16.277964035718057,16.17261885471529,17.050744117772084,19.28943680993316,20.994157588068013,21.37021580763135,21.04326421448618,20.7168012382335,20.87451244719696,1.0,1.0,1.0,1.0,1.0,1.0,1.0,1.0,1.0,1.0
627.0,1.0,16.289866339235754,17.05993811320096,16.192368798834266,15.754989469339716,18.346151510794723,19.540664866656503,20.52424221974955,20.013107010938654,19.8974049694471,19.7472721978955,1.0,1.0,1.0,1.0,1.0,1.0,1.0,1.0,1.0,1.0
627.25,2.0,17.207558455978596,16.228499474442675,16.862040656900405,18.21719495022147,17.135436986814277,17.915036047619648,16.883907295200338,16.35510353391046,16.955142014090637,16.72237100448285,1.0,1.0,1.0,1.0,1.0,1.0,1.0,1.0,1.0,1.0
627.5,3.0,0.0,0.0,0.0,0.0,0.0,0.0,0.0,0.0,0.0,0.0,0.0,0.0,0.0,0.0,0.0,0.0,0.0,0.0,0.0,0.0
627.75,4.0,16.740798534180446,15.053565721029218,15.232875568000539,17.349757207281417,20.458558272220436,20.248896711693078,21.339916283322964,20.69858950001025,19.669285864166604,19.426552255488588,1.0,1.0,1.0,1.0,1.0,1.0,1.0,1.0,1.0,1.0
628.0,1.0,18.22001324400768,17.628168685990303,15.782627005945024,16.782356675804476,19.244776213002673,19.78358353731581,20.166017573358726,19.210930045042726,19.497754783662682,19.883723331508683,1.0,1.0,1.0,1.0,1.0,1.0,1.0,1.0,1.0,1.0
628.25,2.0,16.101444106665344,14.929673918255842,15.788258580287293,17.55256629658891,15.936581959819717,16.727187546851518,17.2178326962311,17.396798444864835,18.687546602011654,18.55581125639867,1.0,1.0,1.0,1.0,1.0,1.0,1.0,1.0,1.0,1.0
628.5,3.0,18.645275422498962,17.359719921339394,17.263366013030037,17.77267052263838,17.28589012764692,18.556676792510043,18.884834370472678,19.561034403959187,18.929934299887655,19.290502690865846,1.0,1.0,1.0,1.0,1.0,1.0,1.0,1.0,1.0,1.0
628.75,4.0,15.359168379104474,14.859410366982477,15.473937553866216,17.590527384450997,20.040654386396685,20.272008791425968,19.995398802408868,19.971651866453012,19.084739552995103,20.295966265069456,1.0,1.0,1.0,1.0,1.0,1.0,1.0,1.0,1.0,1.0
629.0,1.0,0.0,0.0,0.0,0.0,0.0,0.0,0.0,0.0,0.0,0.0,0.0,0.0,0.0,0.0,0.0,0.0,0.0,0.0,0.0,0.0
629.25,2.0,0.0,0.0,0.0,0.0,0.0,0.0,0.0,0.0,0.0,0.0,0.0,0.0,0.0,0.0,0.0,0.0,0.0,0.0,0.0,0.0
629.5,3.0,18.90834431192349,17.376321141279636,17.837383908389505,17.848925279523847,18.655239492088715,19.26556004136918,20.070846422291165,20.09133657492773,20.032047561255606,20.328173444351393,1.0,1.0,1.0,1.0,1.0,1.0,1.0,1.0,1.0,1.0
629.75,4.0,0.0,0.0,0.0,0.0,0.0,0.0,0.0,0.0,0.0,0.0,0.0,0.0,0.0,0.0,0.0,0.0,0.0,0.0,0.0,0.0
630.0,1.0,18.845652588731774,18.27599938379809,17.75442652654802,18.57688803757428,18.64220361149003,19.45801890698158,19.585267856897204,19.49427953954711,20.43082977554921,20.610044915011386,1.0,1.0,1.0,1.0,1.0,1.0,1.0,1.0,1.0,1.0
630.25,2.0,16.26752763661593,15.495159557850444,16.840458973559922,17.845972737208943,17.14867458187255,17.735810355317344,18.858327526585207,19.802334260087164,19.40637991351339,19.783577705437065,1.0,1.0,1.0,1.0,1.0,1.0,1.0,1.0,1.0,1.0
630.5,3.0,0.0,0.0,0.0,0.0,0.0,0.0,0.0,0.0,0.0,0.0,0.0,0.0,0.0,0.0,0.0,0.0,0.0,0.0,0.0,0.0
630.75,4.0,17.404789148774125,15.35149503436214,17.20977025346317,20.132268534150352,20.155780833881213,20.0957938570631,21.371840270115353,20.860268144932622,20.608937737953553,22.045355622851957,1.0,1.0,1.0,1.0,1.0,1.0,1.0,1.0,1.0,1.0
631.0,1.0,18.36468744465837,18.401665884360124,18.116634276406618,19.394891972824983,19.056732124753978,20.210951441710186,20.251089990713165,19.324745828436004,19.741787799346618,19.649233992869483,1.0,1.0,1.0,1.0,1.0,1.0,1.0,1.0,1.0,1.0
631.25,2.0,0.0,0.0,0.0,0.0,0.0,0.0,0.0,0.0,0.0,0.0,0.0,0.0,0.0,0.0,0.0,0.0,0.0,0.0,0.0,0.0
631.5,3.0,19.613941013966944,16.455409003804686,16.683108663248117,17.68847620749729,19.6384936976722,20.468431716187755,21.21087405655769,20.395585956050983,20.09747120479055,20.17382997107153,1.0,1.0,1.0,1.0,1.0,1.0,1.0,1.0,1.0,1.0
631.75,4.0,17.759255546370795,15.375097409085797,18.33887776297657,19.765413203693527,21.08693543744604,20.538602675201183,22.788222545365574,21.74915835145442,21.78160992516354,23.198354105922185,1.0,1.0,1.0,1.0,1.0,1.0,1.0,1.0,1.0,1.0
632.0,1.0,0.0,0.0,0.0,0.0,0.0,0.0,0.0,0.0,0.0,0.0,0.0,0.0,0.0,0.0,0.0,0.0,0.0,0.0,0.0,0.0
632.25,2.0,17.8151109019273,17.884627431648614,16.818480710683012,18.160309244010875,19.009919743884925,19.926088577875046,20.924146688047543,19.77695174944,19.63806803696251,18.898427942332415,1.0,1.0,1.0,1.0,1.0,1.0,1.0,1.0,1.0,1.0
632.5,3.0,0.0,0.0,0.0,0.0,0.0,0.0,0.0,0.0,0.0,0.0,0.0,0.0,0.0,0.0,0.0,0.0,0.0,0.0,0.0,0.0
632.75,4.0,0.0,0.0,0.0,0.0,0.0,0.0,0.0,0.0,0.0,0.0,0.0,0.0,0.0,0.0,0.0,0.0,0.0,0.0,0.0,0.0
633.0,1.0,18.340194856620545,18.19878793141028,18.476928957381173,18.345932066394287,16.856233197562183,17.97880441416816,17.633721621719598,18.061345947494342,18.419127961971505,19.16266083391682,1.0,1.0,1.0,1.0,1.0,1.0,1.0,1.0,1.0,1.0
633.25,2.0,18.908674381874427,18.232421786598092,17.233259609075404,17.850501258530954,18.098522971003856,19.551077526456762,20.513391715431567,20.210801911613895,18.74044485356278,17.570514111138063,1.0,1.0,1.0,1.0,1.0,1.0,1.0,1.0,1.0,1.0
633.5,3.0,0.0,0.0,0.0,0.0,0.0,0.0,0.0,0.0,0.0,0.0,0.0,0.0,0.0,0.0,0.0,0.0,0.0,0.0,0.0,0.0
633.75,4.0,16.63540592578942,16.747419069916845,17.597500958351183,18.085016602140616,20.556204460207148,21.464724001819025,22.794335876715866,21.946632194656022,21.599514595689204,21.83893491537125,1.0,1.0,1.0,1.0,1.0,1.0,1.0,1.0,1.0,1.0
634.0,1.0,17.94683440638531,17.950612117003306,17.704215035532027,17.70428466809802,16.85702960544783,17.25097268561064,17.395317513556268,17.722581524575364,18.146451323529913,18.73719188631324,1.0,1.0,1.0,1.0,1.0,1.0,1.0,1.0,1.0,1.0
634.25,2.0,0.0,0.0,0.0,0.0,0.0,0.0,0.0,0.0,0.0,0.0,0.0,0.0,0.0,0.0,0.0,0.0,0.0,0.0,0.0,0.0
634.5,3.0,16.678918654074003,16.96258332819133,18.651604372475774,19.38751696204096,21.1994476050243,21.779967154949723,21.918052735082757,22.135543800016006,21.342123550910948,20.95556538802608,1.0,1.0,1.0,1.0,1.0,1.0,1.0,1.0,1.0,1.0
634.75,4.0,17.521552041782936,17.52505259868261,17.29726782486746,18.742691022702665,19.941241329323972,21.12505926805595,21.644532618117232,21.891926755300343,21.060192850752102,20.847077894833088,1.0,1.0,1.0,1.0,1.0,1.0,1.0,1.0,1.0,1.0
635.0,1.0,17.798023239213077,18.265332601086683,17.369269472133862,18.041316843448584,16.841659718134245,17.98701788211355,18.102790900566834,18.085778640140745,17.9006836664949,18.057905432722684,1.0,1.0,1.0,1.0,1.0,1.0,1.0,1.0,1.0,1.0
635.25,2.0,18.22072092591604,20.058391289684256,19.79935320241656,19.27599229256837,17.66546786672698,17.720820638618967,17.223608157304337,16.2419991342804,15.922404543290629,15.526103724628229,1.0,1.0,1.0,1.0,1.0,1.0,1.0,1.0,1.0,1.0
635.5,3.0,0.0,0.0,0.0,0.0,0.0,0.0,0.0,0.0,0.0,0.0,0.0,0.0,0.0,0.0,0.0,0.0,0.0,0.0,0.0,0.0
635.75,4.0,17.128119746709825,16.684110617181684,16.497427432214565,18.95148650134638,18.965393305430634,19.879239200791556,20.457854235909018,20.795795709039112,20.99827954868973,21.33135727162823,1.0,1.0,1.0,1.0,1.0,1.0,1.0,1.0,1.0,1.0
636.0,1.0,17.560929725982295,18.37640689204809,18.350695344780117,17.82122467062944,16.3974704502421,16.92691232202306,17.429661399376435,17.317142030196777,17.57838949392827,18.577026424902805,1.0,1.0,1.0,1.0,1.0,1.0,1.0,1.0,1.0,1.0
636.25,2.0,0.0,0.0,0.0,0.0,0.0,0.0,0.0,0.0,0.0,0.0,0.0,0.0,0.0,0.0,0.0,0.0,0.0,0.0,0.0,0.0
636.5,3.0,17.043578805028833,18.488245690341408,20.880340541515643,21.791551301813463,20.613870412528765,20.94080869117884,19.950661453780565,19.512761513599532,19.83916040237306,19.993738757282102,1.0,1.0,1.0,1.0,1.0,1.0,1.0,1.0,1.0,1.0
636.75,4.0,15.993838061975055,14.999586253320938,15.51378273351184,17.360423742920915,18.81800419871925,19.74788060157927,20.645353093329522,19.71348638600392,20.499522771951412,19.831248485708944,1.0,1.0,1.0,1.0,1.0,1.0,1.0,1.0,1.0,1.0
637.0,1.0,0.0,0.0,0.0,0.0,0.0,0.0,0.0,0.0,0.0,0.0,0.0,0.0,0.0,0.0,0.0,0.0,0.0,0.0,0.0,0.0
637.25,2.0,0.0,0.0,0.0,0.0,0.0,0.0,0.0,0.0,0.0,0.0,0.0,0.0,0.0,0.0,0.0,0.0,0.0,0.0,0.0,0.0
637.5,3.0,17.533960894612015,18.25347132800202,19.676446909584644,20.118973646905744,18.168168265392982,18.859749315234566,18.490809165392545,18.603934908518482,18.522955690295493,18.078936098013795,1.0,1.0,1.0,1.0,1.0,1.0,1.0,1.0,1.0,1.0
637.75,4.0,0.0,0.0,0.0,0.0,0.0,0.0,0.0,0.0,0.0,0.0,0.0,0.0,0.0,0.0,0.0,0.0,0.0,0.0,0.0,0.0
638.0,1.0,17.285057978972336,17.73442390495569,17.073405486148705,16.8671775100684,17.010507119764505,18.161866573637777,18.405531236059037,18.477034838471766,19.0097878610449,19.046265086785432,1.0,1.0,1.0,1.0,1.0,1.0,1.0,1.0,1.0,1.0
638.25,2.0,17.345276197744855,19.335772025309197,19.084933674583358,18.239218580677104,16.316763166513194,15.295635685985621,14.967706869999047,15.036224526949061,15.292474581884784,16.58557484244919,1.0,1.0,1.0,1.0,1.0,1.0,1.0,1.0,1.0,1.0
638.5,3.0,0.0,0.0,0.0,0.0,0.0,0.0,0.0,0.0,0.0,0.0,0.0,0.0,0.0,0.0,0.0,0.0,0.0,0.0,0.0,0.0
638.75,4.0,15.467339158648121,15.45114224376554,14.927932770467798,16.19256911355594,17.621312626277152,17.477523427351795,18.107989423392965,17.181559909420532,16.685914824780365,17.01467789003222,1.0,1.0,1.0,1.0,1.0,1.0,1.0,1.0,1.0,1.0
639.0,1.0,16.163389261568504,16.330062086806517,17.229056904603503,17.621517952509805,16.722100495321843,18.341569072853012,18.373922389109914,18.841716051001836,19.05825614967583,19.193051390754135,1.0,1.0,1.0,1.0,1.0,1.0,1.0,1.0,1.0,1.0
639.25,2.0,0.0,0.0,0.0,0.0,0.0,0.0,0.0,0.0,0.0,0.0,0.0,0.0,0.0,0.0,0.0,0.0,0.0,0.0,0.0,0.0
639.5,3.0,16.833671336333573,17.08742541868953,16.830474559757832,16.511058897556723,16.43793156973031,16.326264955266925,16.24915907364237,15.795592552292167,14.354036913110264,13.703283448065221,1.0,1.0,1.0,1.0,1.0,1.0,1.0,1.0,1.0,1.0
639.75,4.0,15.141518108560708,15.609462765049555,15.347471011395605,16.802539516065682,18.03418062550278,17.467707213307683,18.071521657296493,17.111600973378042,16.600086127173746,17.118246247118968,1.0,1.0,1.0,1.0,1.0,1.0,1.0,1.0,1.0,1.0
640.0,1.0,0.0,0.0,0.0,0.0,0.0,0.0,0.0,0.0,0.0,0.0,0.0,0.0,0.0,0.0,0.0,0.0,0.0,0.0,0.0,0.0
640.25,2.0,17.1204225834233,18.90827240117917,18.90842371425886,17.411225997621624,15.712344576069045,15.488002236063446,15.956249472557948,16.067368198948746,16.421994432341815,15.763839176683726,1.0,1.0,1.0,1.0,1.0,1.0,1.0,1.0,1.0,1.0
640.5,3.0,0.0,0.0,0.0,0.0,0.0,0.0,0.0,0.0,0.0,0.0,0.0,0.0,0.0,0.0,0.0,0.0,0.0,0.0,0.0,0.0
640.75,4.0,0.0,0.0,0.0,0.0,0.0,0.0,0.0,0.0,0.0,0.0,0.0,0.0,0.0,0.0,0.0,0.0,0.0,0.0,0.0,0.0
641.0,1.0,16.235431583373625,17.703764291584992,18.723413196952023,18.656153360440587,18.08782466786747,18.42964446454655,17.716546835272048,17.272779130336744,16.577721716353356,16.669610759364154,1.0,1.0,1.0,1.0,1.0,1.0,1.0,1.0,1.0,1.0
641.25,2.0,16.76392987302225,19.309511933424567,17.59636047376698,16.8768996151894,16.006001906559373,15.349276331120084,15.879651882892816,16.13405651224665,15.80661462012757,14.850221812000195,1.0,1.0,1.0,1.0,1.0,1.0,1.0,1.0,1.0,1.0
641.5,3.0,0.0,0.0,0.0,0.0,0.0,0.0,0.0,0.0,0.0,0.0,0.0,0.0,0.0,0.0,0.0,0.0,0.0,0.0,0.0,0.0
641.75,4.0,15.22741912278224,17.036746867947432,15.635122741863837,14.985850759528459,16.511361377490505,17.02577472635916,17.30559737934206,17.386300415940322,16.49755530096884,17.630396243318614,1.0,1.0,1.0,1.0,1.0,1.0,1.0,1.0,1.0,1.0
642.0,1.0,17.54606926272661,18.197200648779308,18.3645079828634,19.459934578785266,16.35809947226802,16.325324968016446,15.14416546603858,14.976637806623437,14.500714928871123,15.445457888905997,1.0,1.0,1.0,1.0,1.0,1.0,1.0,1.0,1.0,1.0
642.25,2.0,0.0,0.0,0.0,0.0,0.0,0.0,0.0,0.0,0.0,0.0,0.0,0.0,0.0,0.0,0.0,0.0,0.0,0.0,0.0,0.0
642.5,3.0,14.640949090337491,15.644679536550235,15.368378399576645,15.557379588109093,14.845889443544278,14.994082192581546,15.162435427926548,15.290620454679898,15.481789413378829,14.535484078541952,1.0,1.0,1.0,1.0,1.0,1.0,1.0,1.0,1.0,1.0
642.75,4.0,16.80656794583725,17.043752770060223,15.124474715724176,14.891917491983705,15.718692049128185,15.66185664944094,17.34474999461324,16.6425364498104,16.800471821117736,17.562321415679136,1.0,1.0,1.0,1.0,1.0,1.0,1.0,1.0,1.0,1.0
643.0,1.0,16.74600191701942,18.002799114533254,19.76171587309258,19.527306710309006,15.827073129755867,15.607914199943627,14.328635443561714,15.267180276504927,15.571706527935898,15.872603715467884,1.0,1.0,1.0,1.0,1.0,1.0,1.0,1.0,1.0,1.0
643.25,2.0,15.502686518356015,15.274701614613535,14.986401045818452,15.433511894783107,14.608946372265935,13.655894110960308,14.061968319130544,15.247750288761448,15.720587763246684,15.650130573435382,1.0,1.0,1.0,1.0,1.0,1.0,1.0,1.0,1.0,1.0
643.5,3.0,0.0,0.0,0.0,0.0,0.0,0.0,0.0,0.0,0.0,0.0,0.0,0.0,0.0,0.0,0.0,0.0,0.0,0.0,0.0,0.0
643.75,4.0,15.35468931127315,15.8004994331295,14.182343961170274,15.085468954687808,15.468239495656738,15.900706444947925,16.122233008139155,15.509071688700367,15.51980937935174,16.757749240781198,1.0,1.0,1.0,1.0,1.0,1.0,1.0,1.0,1.0,1.0
644.0,1.0,17.568821825191225,19.44957567884426,19.51081365138071,17.038683159851285,14.599745009263108,15.546907974604329,14.810553471887593,14.492422921406844,14.904871966088264,14.290443937229664,1.0,1.0,1.0,1.0,1.0,1.0,1.0,1.0,1.0,1.0
644.25,2.0,0.0,0.0,0.0,0.0,0.0,0.0,0.0,0.0,0.0,0.0,0.0,0.0,0.0,0.0,0.0,0.0,0.0,0.0,0.0,0.0
644.5,3.0,16.19852348473216,15.848505177073315,15.753620268970257,15.860906384699504,15.347630486932616,15.368335971006939,14.083232611022874,14.85488468813272,13.995309992806568,14.512556004363097,1.0,1.0,1.0,1.0,1.0,1.0,1.0,1.0,1.0,1.0
644.75,4.0,14.79581211751271,14.488822216257098,15.597567626771552,15.675783534896157,15.551125638947914,15.272421034762266,15.730422237932837,15.793594585772011,15.66446972874473,16.09104012498693,1.0,1.0,1.0,1.0,1.0,1.0,1.0,1.0,1.0,1.0
645.0,1.0,0.0,0.0,0.0,0.0,0.0,0.0,0.0,0.0,0.0,0.0,0.0,0.0,0.0,0.0,0.0,0.0,0.0,0.0,0.0,0.0
645.25,2.0,0.0,0.0,0.0,0.0,0.0,0.0,0.0,0.0,0.0,0.0,0.0,0.0,0.0,0.0,0.0,0.0,0.0,0.0,0.0,0.0
645.5,3.0,16.49771530096111,16.448713602646862,16.569108812594237,17.515389332631052,16.34762408102294,16.29030031859656,15.269494191728294,15.24672134852254,14.650063023434162,15.174889857614648,1.0,1.0,1.0,1.0,1.0,1.0,1.0,1.0,1.0,1.0
645.75,4.0,0.0,0.0,0.0,0.0,0.0,0.0,0.0,0.0,0.0,0.0,0.0,0.0,0.0,0.0,0.0,0.0,0.0,0.0,0.0,0.0
646.0,1.0,18.47470168480354,18.031324110376,16.97242608302107,14.998429939515106,12.467575550109304,13.333358695664538,13.555752970129234,13.551914778323217,14.236867006831261,13.487939431836072,1.0,1.0,1.0,1.0,1.0,1.0,1.0,1.0,1.0,1.0
646.25,2.0,13.225234449514385,13.962503531818605,13.812478434028307,14.838422726654656,14.141293834948957,13.447592773423551,14.939773559487518,15.809494270609298,17.129402914550234,16.73475524848995,1.0,1.0,1.0,1.0,1.0,1.0,1.0,1.0,1.0,1.0
646.5,3.0,0.0,0.0,0.0,0.0,0.0,0.0,0.0,0.0,0.0,0.0,0.0,0.0,0.0,0.0,0.0,0.0,0.0,0.0,0.0,0.0
646.75,4.0,15.322804009539809,15.432310148133471,14.874557820083668,15.246528447404446,14.692192597491871,14.986392879645052,14.864392648401084,13.972883531416638,14.675709812076212,16.59512595507782,1.0,1.0,1.0,1.0,1.0,1.0,1.0,1.0,1.0,1.0
647.0,1.0,17.47647053916486,16.773852410801627,16.67414886085107,15.817747258067286,14.500680923070382,14.337333870293808,14.768976887919484,14.007192794384808,15.184207147821779,14.438532309605824,1.0,1.0,1.0,1.0,1.0,1.0,1.0,1.0,1.0,1.0
647.25,2.0,0.0,0.0,0.0,0.0,0.0,0.0,0.0,0.0,0.0,0.0,0.0,0.0,0.0,0.0,0.0,0.0,0.0,0.0,0.0,0.0
647.5,3.0,15.825165463074546,16.657806843388915,15.960380070585058,18.042542740994143,15.690314555826404,15.250009310241799,13.999864376959787,13.919441848819483,13.81540387912731,13.83649683720116,1.0,1.0,1.0,1.0,1.0,1.0,1.0,1.0,1.0,1.0
647.75,4.0,15.56244905646231,15.551564677381165,14.308532887703349,15.511472998502198,15.216455221116403,14.911241953035272,14.51593290258733,14.068166532220808,14.743525052478706,16.363017148222458,1.0,1.0,1.0,1.0,1.0,1.0,1.0,1.0,1.0,1.0
648.0,1.0,0.0,0.0,0.0,0.0,0.0,0.0,0.0,0.0,0.0,0.0,0.0,0.0,0.0,0.0,0.0,0.0,0.0,0.0,0.0,0.0
648.25,2.0,15.164237985316271,16.274030123971137,15.667920234210035,15.837675839063516,14.956852325950626,16.075873746348773,16.185630818666557,15.843616082804644,16.375002536137387,15.837669608757377,1.0,1.0,1.0,1.0,1.0,1.0,1.0,1.0,1.0,1.0
648.5,3.0,0.0,0.0,0.0,0.0,0.0,0.0,0.0,0.0,0.0,0.0,0.0,0.0,0.0,0.0,0.0,0.0,0.0,0.0,0.0,0.0
648.75,4.0,0.0,0.0,0.0,0.0,0.0,0.0,0.0,0.0,0.0,0.0,0.0,0.0,0.0,0.0,0.0,0.0,0.0,0.0,0.0,0.0
649.0,1.0,17.07771387565715,18.296383237600534,17.746925331227832,15.36453216869677,14.184780539197524,13.989180794116562,14.272949742121543,14.833859289882932,15.035080535301367,14.22334672853921,1.0,1.0,1.0,1.0,1.0,1.0,1.0,1.0,1.0,1.0
649.25,2.0,16.51683725694841,16.113413337440694,13.488900091752297,14.946790639819733,16.41614134828021,16.833517702215598,17.750021213725795,16.52828814439365,17.48230470379463,16.024479743449835,1.0,1.0,1.0,1.0,1.0,1.0,1.0,1.0,1.0,1.0
649.5,3.0,15.857354818962387,16.50656523077924,16.089515262898004,17.168418694825302,14.576564176346498,14.862641626422544,14.885539989077792,17.195769676218223,17.359897451516492,17.02342546562486,1.0,1.0,1.0,1.0,1.0,1.0,1.0,1.0,1.0,1.0
649.75,4.0,14.060841783925733,14.342405108193343,15.321116114443502,14.98967425798551,14.696548388698458,14.473479726999225,15.40822371317983,16.210140285209608,17.717548377667992,19.66674687115516,1.0,1.0,1.0,1.0,1.0,1.0,1.0,1.0,1.0,1.0
650.0,1.0,15.932241683000356,17.97373523779766,16.140981464973887,13.828755110704826,12.804810607496409,12.821904686026672,13.508123672970353,14.032491197098427,15.322806634460298,14.64979447242441,1.0,1.0,1.0,1.0,1.0,1.0,1.0,1.0,1.0,1.0
650.25,2.0,0.0,0.0,0.0,0.0,0.0,0.0,0.0,0.0,0.0,0.0,0.0,0.0,0.0,0.0,0.0,0.0,0.0,0.0,0.0,0.0
650.5,3.0,14.504909329943537,15.72233760903847,15.2535991821655,15.902661548053507,15.559933797303275,16.93060009032252,16.039638179912945,16.51074911486375,16.071092170145295,15.833413540578903,1.0,1.0,1.0,1.0,1.0,1.0,1.0,1.0,1.0,1.0
650.75,4.0,13.835991873268213,13.761469309298935,13.81311769640288,12.821499267751765,13.883818469980769,15.431122826862104,16.98813256633912,18.55539716032479,19.468628636995803,21.223833719561814,1.0,1.0,1.0,1.0,1.0,1.0,1.0,1.0,1.0,1.0
651.0,1.0,15.500163431645035,16.584816349164694,15.323950390340764,13.612207007853357,13.160303332640954,12.536851328487966,12.634045900831804,13.937220317959776,14.131662480148998,14.681082505954842,1.0,1.0,1.0,1.0,1.0,1.0,1.0,1.0,1.0,1.0
651.25,2.0,14.319599063587965,14.114356734535765,14.440539942302422,16.566316909689874,18.94792598497156,18.704380669113537,18.99923169763405,17.077762274557664,17.74210837657044,17.022833885424653,1.0,1.0,1.0,1.0,1.0,1.0,1.0,1.0,1.0,1.0
651.5,3.0,0.0,0.0,0.0,0.0,0.0,0.0,0.0,0.0,0.0,0.0,0.0,0.0,0.0,0.0,0.0,0.0,0.0,0.0,0.0,0.0
651.75,4.0,13.725829334532813,13.170091826233868,13.174858939846555,12.868824845588872,15.25868173468522,16.53780301283302,17.401330202644264,18.847759458906783,20.03934189571075,21.53933364844645,1.0,1.0,1.0,1.0,1.0,1.0,1.0,1.0,1.0,1.0
652.0,1.0,15.028857723348505,16.34115080929796,15.121183048082047,13.871227363446776,12.762399888599221,12.640320036369275,12.735635497281958,13.400287342338409,14.54702163508192,15.926905624525514,1.0,1.0,1.0,1.0,1.0,1.0,1.0,1.0,1.0,1.0
652.25,2.0,0.0,0.0,0.0,0.0,0.0,0.0,0.0,0.0,0.0,0.0,0.0,0.0,0.0,0.0,0.0,0.0,0.0,0.0,0.0,0.0
652.5,3.0,12.967839331298558,13.172743050920669,13.703981910680161,15.0870130078849,15.490096244212847,15.73463868202236,15.39225691160856,15.431132675941146,15.38691985654907,17.121833891473358,1.0,1.0,1.0,1.0,1.0,1.0,1.0,1.0,1.0,1.0
652.75,4.0,14.135593867085397,13.528684529884417,13.298973594851986,14.048785904404188,17.28513429200891,17.215696677383132,18.204334257823536,19.229472995885438,20.139184813909317,21.22547898663214,1.0,1.0,1.0,1.0,1.0,1.0,1.0,1.0,1.0,1.0
653.0,1.0,0.0,0.0,0.0,0.0,0.0,0.0,0.0,0.0,0.0,0.0,0.0,0.0,0.0,0.0,0.0,0.0,0.0,0.0,0.0,0.0
653.25,2.0,0.0,0.0,0.0,0.0,0.0,0.0,0.0,0.0,0.0,0.0,0.0,0.0,0.0,0.0,0.0,0.0,0.0,0.0,0.0,0.0
653.5,3.0,11.934945561663929,13.431119741843606,15.149455868140608,17.440092608891135,15.486555778047887,16.120652687245432,16.084958832478723,16.53962857533558,17.549612747541207,17.950245102694275,1.0,1.0,1.0,1.0,1.0,1.0,1.0,1.0,1.0,1.0
653.75,4.0,0.0,0.0,0.0,0.0,0.0,0.0,0.0,0.0,0.0,0.0,0.0,0.0,0.0,0.0,0.0,0.0,0.0,0.0,0.0,0.0
654.0,1.0,12.800843790346159,14.18614716053586,14.645577341591606,13.848823319502353,12.605198450298168,13.94157796015688,13.28498541103977,14.691979005088255,16.238118238297194,16.82116251902187,1.0,1.0,1.0,1.0,1.0,1.0,1.0,1.0,1.0,1.0
654.25,2.0,14.242475413807865,14.72054445103356,16.73334674233918,18.0839672547268,18.127794657538512,16.67550580078401,16.12257478906392,16.128061074194818,15.722658349210093,14.93863270748006,1.0,1.0,1.0,1.0,1.0,1.0,1.0,1.0,1.0,1.0
654.5,3.0,0.0,0.0,0.0,0.0,0.0,0.0,0.0,0.0,0.0,0.0,0.0,0.0,0.0,0.0,0.0,0.0,0.0,0.0,0.0,0.0
654.75,4.0,12.870047413260249,13.228796627294331,13.935869764400955,15.464470738371682,16.592789319334685,17.186626947932048,18.316572462408967,18.99865369844913,19.40302335233299,19.35288509738981,1.0,1.0,1.0,1.0,1.0,1.0,1.0,1.0,1.0,1.0
655.0,1.0,12.241316209815466,13.430102083816202,14.346352588566125,12.957314624797755,12.51083539829387,14.644996141915698,14.76731673210753,16.39182015445563,17.7531051666391,18.103295224226,1.0,1.0,1.0,1.0,1.0,1.0,1.0,1.0,1.0,1.0
655.25,2.0,0.0,0.0,0.0,0.0,0.0,0.0,0.0,0.0,0.0,0.0,0.0,0.0,0.0,0.0,0.0,0.0,0.0,0.0,0.0,0.0
655.5,3.0,14.515105937069846,15.004148168765603,16.800695159635676,17.921451434077795,17.164150290168667,17.554299966227024,17.638412160443657,18.052465395405246,18.38947597338302,18.774480874028807,1.0,1.0,1.0,1.0,1.0,1.0,1.0,1.0,1.0,1.0
655.75,4.0,12.455345142692874,13.770926876665483,15.370818216623194,16.72890301427382,17.392276341409964,17.650544252454093,17.915668841606728,17.88746322416911,17.99105854280061,18.599067247899523,1.0,1.0,1.0,1.0,1.0,1.0,1.0,1.0,1.0,1.0
656.0,1.0,0.0,0.0,0.0,0.0,0.0,0.0,0.0,0.0,0.0,0.0,0.0,0.0,0.0,0.0,0.0,0.0,0.0,0.0,0.0,0.0
656.25,2.0,15.12043587152855,15.383845747368639,16.7685560288485,17.891454091018606,17.080615090630832,15.81429643707101,16.299974419637508,16.747161463524492,16.526704896716033,16.61024693047881,1.0,1.0,1.0,1.0,1.0,1.0,1.0,1.0,1.0,1.0
656.5,3.0,0.0,0.0,0.0,0.0,0.0,0.0,0.0,0.0,0.0,0.0,0.0,0.0,0.0,0.0,0.0,0.0,0.0,0.0,0.0,0.0
656.75,4.0,0.0,0.0,0.0,0.0,0.0,0.0,0.0,0.0,0.0,0.0,0.0,0.0,0.0,0.0,0.0,0.0,0.0,0.0,0.0,0.0
657.0,1.0,14.127274848178544,14.835118915439901,14.034873067244,13.623916671922844,15.938869516861445,16.846357498962558,16.483681036139245,16.88912186973578,17.514009036469645,17.431413711374553,1.0,1.0,1.0,1.0,1.0,1.0,1.0,1.0,1.0,1.0
657.25,2.0,15.305005277130645,15.818791848244201,16.86990348832123,17.26881363691647,16.924074940554704,16.02617672681566,15.745203965710138,16.606170037297243,15.951472502386883,16.39003202822251,1.0,1.0,1.0,1.0,1.0,1.0,1.0,1.0,1.0,1.0
657.5,3.0,14.934716735223954,16.035705093446456,17.457250249622295,17.570956281281873,17.26206422069988,18.033444638133155,18.21797803165012,19.154037327811665,18.01769662477688,18.19635804317503,1.0,1.0,1.0,1.0,1.0,1.0,1.0,1.0,1.0,1.0
657.75,4.0,15.10251616179885,15.756232110003307,15.180994254055998,16.96963469088627,17.174631790057305,17.918625793862788,16.804230944763777,17.802113278369287,18.89625663415323,18.243027175866196,1.0,1.0,1.0,1.0,1.0,1.0,1.0,1.0,1.0,1.0
658.0,1.0,14.836387992754288,13.731647693297404,14.698635587083444,15.529941992454876,16.432474166552097,16.260935592652103,16.044938671714327,16.24834407919038,18.3238747092042,18.179732089339822,1.0,1.0,1.0,1.0,1.0,1.0,1.0,1.0,1.0,1.0
658.25,2.0,0.0,0.0,0.0,0.0,0.0,0.0,0.0,0.0,0.0,0.0,0.0,0.0,0.0,0.0,0.0,0.0,0.0,0.0,0.0,0.0
658.5,3.0,14.846764353902564,16.49248232575057,18.800761170851874,18.680778411444532,18.79240080273222,19.543746213786445,18.922003585747774,19.219472947103217,17.02404627487364,16.2428622754802,1.0,1.0,1.0,1.0,1.0,1.0,1.0,1.0,1.0,1.0
658.75,4.0,15.565946526370785,15.315515299487931,15.823697041499921,16.71135106662442,16.555923968397025,17.402138403020242,17.713448309875275,18.017224757148654,18.10253462109122,18.045458564233975,1.0,1.0,1.0,1.0,1.0,1.0,1.0,1.0,1.0,1.0
659.0,1.0,13.259163688090819,12.666374130696287,14.84499995044343,15.957934104844503,16.799982149127302,16.185196036212577,16.485295064054366,17.034070084958145,17.928713259641068,16.789445060609722,1.0,1.0,1.0,1.0,1.0,1.0,1.0,1.0,1.0,1.0
659.25,2.0,14.955459804571035,15.224897788969242,15.029912120402338,14.934348736066717,16.39451114644936,15.69496085227305,14.854635997156619,14.951791781709238,15.764493797562782,14.848578293996196,1.0,1.0,1.0,1.0,1.0,1.0,1.0,1.0,1.0,1.0
659.5,3.0,0.0,0.0,0.0,0.0,0.0,0.0,0.0,0.0,0.0,0.0,0.0,0.0,0.0,0.0,0.0,0.0,0.0,0.0,0.0,0.0
659.75,4.0,14.780863003869863,15.626649856367225,15.76056133833516,17.88912187566141,17.321234468221718,18.10815891372472,18.71771367567968,19.25809264466561,18.28642381921325,17.113880986528923,1.0,1.0,1.0,1.0,1.0,1.0,1.0,1.0,1.0,1.0
